ISO-10303-21;
HEADER;
FILE_DESCRIPTION (( 'STEP AP214' ),
    '1' );
FILE_NAME('Body_Mounting_Bracket.step','2026-09-10T00:00:00',('RIVERDOG'),(''),'SOLIDWORKS STEP exporter','SOLIDWORKS','');
FILE_SCHEMA (( 'AUTOMOTIVE_DESIGN' ));
ENDSEC;

DATA;
#1 = PRESENTATION_LAYER_ASSIGNMENT (  '', '', ( #1304 ) ) ;
#2 =( NAMED_UNIT ( * ) SI_UNIT ( $, .STERADIAN. ) SOLID_ANGLE_UNIT ( ) );
#3 = PRESENTATION_STYLE_ASSIGNMENT (( #1118 ) ) ;
#4 = VECTOR ( 'NONE', #682, 1000.000000000000000 ) ;
#5 = ORIENTED_EDGE ( 'NONE', *, *, #1133, .T. ) ;
#6 = PRESENTATION_LAYER_ASSIGNMENT (  '', '', ( #2122 ) ) ;
#7 = ORIENTED_EDGE ( 'NONE', *, *, #402, .F. ) ;
#8 = EDGE_CURVE ( 'NONE', #787, #1756, #2920, .T. ) ;
#9 = CARTESIAN_POINT ( 'NONE',  ( -61.69999999999998863, -271.1999999999999886, 20.80000000000000071 ) ) ;
#10 = CARTESIAN_POINT ( 'NONE',  ( -61.69999999999998863, -302.7500000000000000, 23.80000000000000071 ) ) ;
#11 =( NAMED_UNIT ( * ) SI_UNIT ( $, .STERADIAN. ) SOLID_ANGLE_UNIT ( ) );
#12 =( NAMED_UNIT ( * ) PLANE_ANGLE_UNIT ( ) SI_UNIT ( $, .RADIAN. ) );
#13 = FACE_OUTER_BOUND ( 'NONE', #1173, .T. ) ;
#14 =( GEOMETRIC_REPRESENTATION_CONTEXT ( 3 ) GLOBAL_UNCERTAINTY_ASSIGNED_CONTEXT ( ( #1791 ) ) GLOBAL_UNIT_ASSIGNED_CONTEXT ( ( #566, #1533, #2 ) ) REPRESENTATION_CONTEXT ( 'NONE', 'WORKASPACE' ) );
#15 = AXIS2_PLACEMENT_3D ( 'NONE', #3272, #3057, #2482 ) ;
#16 = DIRECTION ( 'NONE',  ( -0.000000000000000000, 1.000000000000000000, -0.000000000000000000 ) ) ;
#17 = ORIENTED_EDGE ( 'NONE', *, *, #2470, .T. ) ;
#18 =( NAMED_UNIT ( * ) PLANE_ANGLE_UNIT ( ) SI_UNIT ( $, .RADIAN. ) );
#19 = PRESENTATION_STYLE_ASSIGNMENT (( #2345 ) ) ;
#20 = PRESENTATION_LAYER_ASSIGNMENT (  '', '', ( #1061 ) ) ;
#21 = AXIS2_PLACEMENT_3D ( 'NONE', #2464, #2729, #391 ) ;
#22 = VERTEX_POINT ( 'NONE', #2087 ) ;
#23 =( NAMED_UNIT ( * ) PLANE_ANGLE_UNIT ( ) SI_UNIT ( $, .RADIAN. ) );
#24 = PRODUCT_DEFINITION ( 'UNKNOWN', '', #2937, #67 ) ;
#25 = FACE_BOUND ( 'NONE', #2692, .T. ) ;
#26 = ORIENTED_EDGE ( 'NONE', *, *, #1506, .F. ) ;
#27 =( LENGTH_UNIT ( ) NAMED_UNIT ( * ) SI_UNIT ( .MILLI., .METRE. ) );
#28 = COLOUR_RGB ( '',0.1019607843137254888, 0.1019607843137254888, 0.1019607843137254888 ) ;
#29 = EDGE_CURVE ( 'NONE', #2550, #2643, #1315, .T. ) ;
#30 = DIRECTION ( 'NONE',  ( -1.000000000000000000, 0.000000000000000000, 0.000000000000000000 ) ) ;
#31 = VERTEX_POINT ( 'NONE', #2913 ) ;
#32 = FACE_OUTER_BOUND ( 'NONE', #2054, .T. ) ;
#33 =( LENGTH_UNIT ( ) NAMED_UNIT ( * ) SI_UNIT ( .MILLI., .METRE. ) );
#34 = ORIENTED_EDGE ( 'NONE', *, *, #1914, .T. ) ;
#35 = SURFACE_STYLE_USAGE ( .BOTH. , #2341 ) ;
#36 = UNCERTAINTY_MEASURE_WITH_UNIT (LENGTH_MEASURE( 1.000000000000000082E-05 ), #1902, 'distance_accuracy_value', 'NONE');
#37 = FILL_AREA_STYLE_COLOUR ( '', #2892 ) ;
#38 = FILL_AREA_STYLE_COLOUR ( '', #2836 ) ;
#39 = LINE ( 'NONE', #2348, #1789 ) ;
#40 = ORIENTED_EDGE ( 'NONE', *, *, #1948, .T. ) ;
#41 = EDGE_LOOP ( 'NONE', ( #2121 ) ) ;
#42 = LINE ( 'NONE', #2611, #1781 ) ;
#43 = FACE_OUTER_BOUND ( 'NONE', #618, .T. ) ;
#44 = CARTESIAN_POINT ( 'NONE',  ( -8.849999999999988987, -283.7903702822979426, 23.80000000000000071 ) ) ;
#45 = EDGE_CURVE ( 'NONE', #2272, #2550, #1601, .T. ) ;
#46 = STYLED_ITEM ( 'NONE', ( #1538 ), #3319 ) ;
#47 = AXIS2_PLACEMENT_3D ( 'NONE', #1176, #2251, #2439 ) ;
#48 = DIRECTION ( 'NONE',  ( 0.000000000000000000, -1.000000000000000000, 1.334402673828312846E-16 ) ) ;
#49 = VERTEX_POINT ( 'NONE', #849 ) ;
#50 = FILL_AREA_STYLE_COLOUR ( '', #1237 ) ;
#51 = EDGE_CURVE ( 'NONE', #1329, #976, #2886, .T. ) ;
#52 = CARTESIAN_POINT ( 'NONE',  ( -69.45000000000000284, -273.9500000000000455, 27.29999999999999716 ) ) ;
#53 = PRESENTATION_LAYER_ASSIGNMENT (  '', '', ( #1502 ) ) ;
#54 = ORIENTED_EDGE ( 'NONE', *, *, #475, .T. ) ;
#55 = CARTESIAN_POINT ( 'NONE',  ( -23.89999999999999858, -223.2099999999999795, 18.69999999999997442 ) ) ;
#56 = CARTESIAN_POINT ( 'NONE',  ( -3.799999999999994493, -224.2100000000000080, -1.400000000000022782 ) ) ;
#57 = ORIENTED_EDGE ( 'NONE', *, *, #1320, .T. ) ;
#58 = ORIENTED_EDGE ( 'NONE', *, *, #1399, .T. ) ;
#59 = PRESENTATION_STYLE_ASSIGNMENT (( #1857 ) ) ;
#60 = SURFACE_SIDE_STYLE ('',( #1373 ) ) ;
#61 = CARTESIAN_POINT ( 'NONE',  ( -11.27499999999998614, -283.7903702822979426, 19.80000000000000071 ) ) ;
#62 =( NAMED_UNIT ( * ) PLANE_ANGLE_UNIT ( ) SI_UNIT ( $, .RADIAN. ) );
#63 = DIRECTION ( 'NONE',  ( 0.000000000000000000, 0.000000000000000000, -1.000000000000000000 ) ) ;
#64 = SURFACE_STYLE_FILL_AREA ( #843 ) ;
#65 = ORIENTED_EDGE ( 'NONE', *, *, #2988, .T. ) ;
#66 = MECHANICAL_DESIGN_GEOMETRIC_PRESENTATION_REPRESENTATION (  '', ( #2779 ), #14 ) ;
#67 = PRODUCT_DEFINITION_CONTEXT ( 'detailed design', #545, 'design' ) ;
#68 = SURFACE_STYLE_FILL_AREA ( #2427 ) ;
#69 = VECTOR ( 'NONE', #1063, 1000.000000000000000 ) ;
#70 = EDGE_CURVE ( 'NONE', #723, #3367, #295, .T. ) ;
#71 = UNCERTAINTY_MEASURE_WITH_UNIT (LENGTH_MEASURE( 1.000000000000000082E-05 ), #238, 'distance_accuracy_value', 'NONE');
#72 = PRESENTATION_STYLE_ASSIGNMENT (( #2400 ) ) ;
#73 = FACE_OUTER_BOUND ( 'NONE', #415, .T. ) ;
#74 = FILL_AREA_STYLE_COLOUR ( '', #2694 ) ;
#75 = EDGE_LOOP ( 'NONE', ( #1071, #531, #426, #1587, #2446, #2518, #1543, #957, #2305, #58, #1712, #1344 ) ) ;
#76 = ORIENTED_EDGE ( 'NONE', *, *, #2835, .F. ) ;
#77 = DIRECTION ( 'NONE',  ( 0.000000000000000000, 1.000000000000000000, 0.000000000000000000 ) ) ;
#78 = PRESENTATION_STYLE_ASSIGNMENT (( #3186 ) ) ;
#79 = PRESENTATION_LAYER_ASSIGNMENT (  '', '', ( #1690 ) ) ;
#80 = CARTESIAN_POINT ( 'NONE',  ( -48.10000000000005116, -268.5000000000000000, 19.49999999999682032 ) ) ;
#81 = CARTESIAN_POINT ( 'NONE',  ( -13.84999999999999076, -283.7903702822979426, 19.80000000000000071 ) ) ;
#82 = DIRECTION ( 'NONE',  ( 0.000000000000000000, 1.000000000000000000, 2.115516434118057709E-16 ) ) ;
#83 = VECTOR ( 'NONE', #1535, 1000.000000000000000 ) ;
#84 = ORIENTED_EDGE ( 'NONE', *, *, #387, .F. ) ;
#85 = CARTESIAN_POINT ( 'NONE',  ( -13.84999999999999076, -283.7903702822979426, -3.299999999999997158 ) ) ;
#86 = DIRECTION ( 'NONE',  ( -1.000000000000000000, 0.000000000000000000, -0.000000000000000000 ) ) ;
#87 = ADVANCED_FACE ( 'NONE', ( #1366 ), #314, .F. ) ;
#88 = SURFACE_STYLE_FILL_AREA ( #2727 ) ;
#89 = DIRECTION ( 'NONE',  ( 0.000000000000000000, 0.000000000000000000, -1.000000000000000000 ) ) ;
#90 = EDGE_LOOP ( 'NONE', ( #2084 ) ) ;
#91 = ORIENTED_EDGE ( 'NONE', *, *, #387, .T. ) ;
#92 = FILL_AREA_STYLE ('',( #671 ) ) ;
#93 = CARTESIAN_POINT ( 'NONE',  ( -16.42499999999999361, -283.7903702822979426, -3.299999999999997158 ) ) ;
#94 = CARTESIAN_POINT ( 'NONE',  ( -61.69999999999998863, -302.7500000000000000, -7.299999999999998934 ) ) ;
#95 = PRESENTATION_STYLE_ASSIGNMENT (( #1842 ) ) ;
#96 = FACE_OUTER_BOUND ( 'NONE', #447, .T. ) ;
#97 = ORIENTED_EDGE ( 'NONE', *, *, #2814, .T. ) ;
#98 = CARTESIAN_POINT ( 'NONE',  ( -13.85000000000023057, -248.2149660633792507, 18.69999999999997442 ) ) ;
#99 = STYLED_ITEM ( 'NONE', ( #595 ), #2393 ) ;
#100 = PRESENTATION_LAYER_ASSIGNMENT (  '', '', ( #532 ) ) ;
#101 = DIRECTION ( 'NONE',  ( -0.000000000000000000, -0.000000000000000000, 1.000000000000000000 ) ) ;
#102 = LINE ( 'NONE', #1395, #1716 ) ;
#103 =( GEOMETRIC_REPRESENTATION_CONTEXT ( 3 ) GLOBAL_UNCERTAINTY_ASSIGNED_CONTEXT ( ( #1824 ) ) GLOBAL_UNIT_ASSIGNED_CONTEXT ( ( #1783, #1279, #518 ) ) REPRESENTATION_CONTEXT ( 'NONE', 'WORKASPACE' ) );
#104 = DIRECTION ( 'NONE',  ( 0.000000000000000000, 0.000000000000000000, 1.000000000000000000 ) ) ;
#105 = AXIS2_PLACEMENT_3D ( 'NONE', #2846, #1869, #1311 ) ;
#106 = ORIENTED_EDGE ( 'NONE', *, *, #2514, .T. ) ;
#107 = EDGE_CURVE ( 'NONE', #1641, #1441, #2222, .T. ) ;
#108 = AXIS2_PLACEMENT_3D ( 'NONE', #1714, #381, #2986 ) ;
#109 = PLANE ( 'NONE',  #1364 ) ;
#110 = CARTESIAN_POINT ( 'NONE',  ( 48.99999999999999289, -273.9500000000000455, -4.299999999999995381 ) ) ;
#111 = EDGE_CURVE ( 'NONE', #2408, #2408, #2901, .T. ) ;
#112 = DIRECTION ( 'NONE',  ( 0.000000000000000000, 0.000000000000000000, 1.000000000000000000 ) ) ;
#113 = CARTESIAN_POINT ( 'NONE',  ( -45.69999999999998863, -305.5000000000000000, 0.000000000000000000 ) ) ;
#114 =( LENGTH_UNIT ( ) NAMED_UNIT ( * ) SI_UNIT ( .MILLI., .METRE. ) );
#115 = DIRECTION ( 'NONE',  ( 0.000000000000000000, 0.000000000000000000, -1.000000000000000000 ) ) ;
#116 = DIRECTION ( 'NONE',  ( 1.000000000000000000, 0.000000000000000000, 0.000000000000000000 ) ) ;
#117 = COLOUR_RGB ( '',0.1019607843137254888, 0.1019607843137254888, 0.1019607843137254888 ) ;
#118 = DIRECTION ( 'NONE',  ( -0.000000000000000000, -1.000000000000000000, -0.000000000000000000 ) ) ;
#119 = EDGE_CURVE ( 'NONE', #2757, #1132, #669, .T. ) ;
#120 = SURFACE_STYLE_FILL_AREA ( #1434 ) ;
#121 = CARTESIAN_POINT ( 'NONE',  ( 41.74999999999999289, -302.7500000000000000, 23.80000000000000071 ) ) ;
#122 = FILL_AREA_STYLE ('',( #908 ) ) ;
#123 = EDGE_CURVE ( 'NONE', #2241, #976, #1672, .T. ) ;
#124 = VECTOR ( 'NONE', #2088, 1000.000000000000000 ) ;
#125 = FACE_OUTER_BOUND ( 'NONE', #2851, .T. ) ;
#126 = DIRECTION ( 'NONE',  ( -1.000000000000000000, -0.000000000000000000, -0.000000000000000000 ) ) ;
#127 = SURFACE_STYLE_FILL_AREA ( #399 ) ;
#128 = SURFACE_STYLE_USAGE ( .BOTH. , #1129 ) ;
#129 = CARTESIAN_POINT ( 'NONE',  ( 23.00000000000000000, -271.1999999999999886, 20.80000000000000071 ) ) ;
#130 = ORIENTED_EDGE ( 'NONE', *, *, #2858, .T. ) ;
#131 =( NAMED_UNIT ( * ) PLANE_ANGLE_UNIT ( ) SI_UNIT ( $, .RADIAN. ) );
#132 = FILL_AREA_STYLE ('',( #1204 ) ) ;
#133 = DIRECTION ( 'NONE',  ( 0.000000000000000000, 0.000000000000000000, -1.000000000000000000 ) ) ;
#134 = PLANE ( 'NONE',  #2883 ) ;
#135 = DIRECTION ( 'NONE',  ( 0.000000000000000000, -0.000000000000000000, -1.000000000000000000 ) ) ;
#136 = EDGE_CURVE ( 'NONE', #2659, #2741, #1622, .T. ) ;
#137 = SURFACE_STYLE_USAGE ( .BOTH. , #3023 ) ;
#138 = CARTESIAN_POINT ( 'NONE',  ( -13.84999999999999076, -283.7903702822979426, 19.80000000000000071 ) ) ;
#139 = DIRECTION ( 'NONE',  ( 0.000000000000000000, 0.000000000000000000, -1.000000000000000000 ) ) ;
#140 = LINE ( 'NONE', #422, #1188 ) ;
#141 =( GEOMETRIC_REPRESENTATION_CONTEXT ( 3 ) GLOBAL_UNCERTAINTY_ASSIGNED_CONTEXT ( ( #2755 ) ) GLOBAL_UNIT_ASSIGNED_CONTEXT ( ( #482, #2614, #2564 ) ) REPRESENTATION_CONTEXT ( 'NONE', 'WORKASPACE' ) );
#142 = STYLED_ITEM ( 'NONE', ( #501 ), #2261 ) ;
#143 = CIRCLE ( 'NONE', #2048, 1.000000000000001332 ) ;
#144 = ORIENTED_EDGE ( 'NONE', *, *, #439, .F. ) ;
#145 = FILL_AREA_STYLE ('',( #414 ) ) ;
#146 = COLOUR_RGB ( '',0.1019607843137254888, 0.1019607843137254888, 0.1019607843137254888 ) ;
#147 = SURFACE_STYLE_FILL_AREA ( #903 ) ;
#148 = EDGE_LOOP ( 'NONE', ( #719 ) ) ;
#149 = COLOUR_RGB ( '',0.1019607843137254888, 0.1019607843137254888, 0.1019607843137254888 ) ;
#150 = VECTOR ( 'NONE', #1034, 1000.000000000000000 ) ;
#151 = PRESENTATION_STYLE_ASSIGNMENT (( #893 ) ) ;
#152 = DIRECTION ( 'NONE',  ( 0.000000000000000000, 1.000000000000000000, 1.224646799147353947E-16 ) ) ;
#153 = COLOUR_RGB ( '',0.1019607843137254888, 0.1019607843137254888, 0.1019607843137254888 ) ;
#154 = VECTOR ( 'NONE', #2113, 1000.000000000000000 ) ;
#155 = SURFACE_STYLE_FILL_AREA ( #965 ) ;
#156 = CARTESIAN_POINT ( 'NONE',  ( -13.84999999999999076, -283.7903702822979426, -7.299999999999998934 ) ) ;
#157 = MECHANICAL_DESIGN_GEOMETRIC_PRESENTATION_REPRESENTATION (  '', ( #2064 ), #276 ) ;
#158 = EDGE_LOOP ( 'NONE', ( #2810, #844, #665, #1749 ) ) ;
#159 = STYLED_ITEM ( 'NONE', ( #2395 ), #2013 ) ;
#160 = ORIENTED_EDGE ( 'NONE', *, *, #3042, .T. ) ;
#161 = UNCERTAINTY_MEASURE_WITH_UNIT (LENGTH_MEASURE( 1.000000000000000082E-05 ), #2742, 'distance_accuracy_value', 'NONE');
#162 = ADVANCED_FACE ( 'NONE', ( #640, #1383 ), #911, .F. ) ;
#163 = ORIENTED_EDGE ( 'NONE', *, *, #255, .T. ) ;
#164 = VECTOR ( 'NONE', #1240, 1000.000000000000000 ) ;
#165 = EDGE_CURVE ( 'NONE', #386, #938, #1420, .T. ) ;
#166 = CARTESIAN_POINT ( 'NONE',  ( 0.000000000000000000, -262.0000000000000000, 0.000000000000000000 ) ) ;
#167 = ORIENTED_EDGE ( 'NONE', *, *, #1270, .T. ) ;
#168 = SURFACE_SIDE_STYLE ('',( #147 ) ) ;
#169 = ORIENTED_EDGE ( 'NONE', *, *, #1424, .T. ) ;
#170 = AXIS2_PLACEMENT_3D ( 'NONE', #2925, #3220, #1389 ) ;
#171 = CARTESIAN_POINT ( 'NONE',  ( 34.00000000000000000, -305.5000000000000000, -4.299999999999998934 ) ) ;
#172 = FILL_AREA_STYLE_COLOUR ( '', #2601 ) ;
#173 = CARTESIAN_POINT ( 'NONE',  ( 33.99999999999999289, -302.7500000000000000, -7.299999999999997158 ) ) ;
#174 = DIRECTION ( 'NONE',  ( 2.409338161078898687E-16, 1.000000000000000000, 0.000000000000000000 ) ) ;
#175 = VERTEX_POINT ( 'NONE', #2044 ) ;
#176 = EDGE_LOOP ( 'NONE', ( #2320 ) ) ;
#177 =( LENGTH_UNIT ( ) NAMED_UNIT ( * ) SI_UNIT ( .MILLI., .METRE. ) );
#178 = VERTEX_POINT ( 'NONE', #1593 ) ;
#179 = DIRECTION ( 'NONE',  ( 1.000000000000000000, -0.000000000000000000, -0.000000000000000000 ) ) ;
#180 =( GEOMETRIC_REPRESENTATION_CONTEXT ( 3 ) GLOBAL_UNCERTAINTY_ASSIGNED_CONTEXT ( ( #995 ) ) GLOBAL_UNIT_ASSIGNED_CONTEXT ( ( #1993, #3082, #971 ) ) REPRESENTATION_CONTEXT ( 'NONE', 'WORKASPACE' ) );
#181 = EDGE_CURVE ( 'NONE', #3071, #2279, #2855, .T. ) ;
#182 = DIRECTION ( 'NONE',  ( 0.000000000000000000, 1.000000000000000000, 0.000000000000000000 ) ) ;
#183 = ORIENTED_EDGE ( 'NONE', *, *, #1797, .T. ) ;
#184 = DIRECTION ( 'NONE',  ( 0.000000000000000000, -1.000000000000000000, 0.000000000000000000 ) ) ;
#185 = ORIENTED_EDGE ( 'NONE', *, *, #2328, .T. ) ;
#186 = EDGE_CURVE ( 'NONE', #2339, #723, #2407, .T. ) ;
#187 = CARTESIAN_POINT ( 'NONE',  ( -76.69999999999998863, -273.9500000000000455, -7.299999999999997158 ) ) ;
#188 = CARTESIAN_POINT ( 'NONE',  ( -45.69999999999998863, -307.0000000000000000, 0.000000000000000000 ) ) ;
#189 = DIRECTION ( 'NONE',  ( -1.000000000000000000, -0.000000000000000000, -0.000000000000000000 ) ) ;
#190 = SURFACE_STYLE_USAGE ( .BOTH. , #1159 ) ;
#191 = CARTESIAN_POINT ( 'NONE',  ( 34.00000000000000000, -271.1999999999999886, 20.80000000000000071 ) ) ;
#192 = CARTESIAN_POINT ( 'NONE',  ( -61.69999999999998863, -271.1999999999999886, -4.299999999999994493 ) ) ;
#193 = CARTESIAN_POINT ( 'NONE',  ( -48.10000000000005116, -268.5000000000000000, -2.000000000003177902 ) ) ;
#194 = EDGE_LOOP ( 'NONE', ( #3218, #569, #1499, #1503 ) ) ;
#195 = ORIENTED_EDGE ( 'NONE', *, *, #444, .F. ) ;
#196 = CARTESIAN_POINT ( 'NONE',  ( 10.15000000000000568, -268.5000000000000000, -7.299999999999969624 ) ) ;
#197 = UNCERTAINTY_MEASURE_WITH_UNIT (LENGTH_MEASURE( 1.000000000000000082E-05 ), #1483, 'distance_accuracy_value', 'NONE');
#198 = DIRECTION ( 'NONE',  ( 0.000000000000000000, 1.000000000000000000, -9.011550524554843201E-17 ) ) ;
#199 =( NAMED_UNIT ( * ) SI_UNIT ( $, .STERADIAN. ) SOLID_ANGLE_UNIT ( ) );
#200 = VECTOR ( 'NONE', #2292, 1000.000000000000000 ) ;
#201 = DIRECTION ( 'NONE',  ( 0.000000000000000000, 0.000000000000000000, -1.000000000000000000 ) ) ;
#202 = ORIENTED_EDGE ( 'NONE', *, *, #1896, .F. ) ;
#203 = ADVANCED_FACE ( 'NONE', ( #783, #2095, #287 ), #515, .T. ) ;
#204 = LINE ( 'NONE', #1255, #363 ) ;
#205 = VERTEX_POINT ( 'NONE', #2059 ) ;
#206 = FILL_AREA_STYLE_COLOUR ( '', #1575 ) ;
#207 = STYLED_ITEM ( 'NONE', ( #2627 ), #734 ) ;
#208 = AXIS2_PLACEMENT_3D ( 'NONE', #1394, #1126, #86 ) ;
#209 =( NAMED_UNIT ( * ) PLANE_ANGLE_UNIT ( ) SI_UNIT ( $, .RADIAN. ) );
#210 = CARTESIAN_POINT ( 'NONE',  ( -23.89999999999999858, -224.2100000000000080, -1.400000000000022782 ) ) ;
#211 = EDGE_CURVE ( 'NONE', #1641, #1079, #2093, .T. ) ;
#212 = PLANE ( 'NONE',  #2459 ) ;
#213 = AXIS2_PLACEMENT_3D ( 'NONE', #2965, #629, #1609 ) ;
#214 = SURFACE_STYLE_FILL_AREA ( #1037 ) ;
#215 = SURFACE_STYLE_USAGE ( .BOTH. , #2542 ) ;
#216 = LINE ( 'NONE', #3327, #695 ) ;
#217 = VECTOR ( 'NONE', #3008, 1000.000000000000000 ) ;
#218 = VERTEX_POINT ( 'NONE', #267 ) ;
#219 = DIRECTION ( 'NONE',  ( 0.000000000000000000, 0.000000000000000000, 1.000000000000000000 ) ) ;
#220 = VECTOR ( 'NONE', #902, 1000.000000000000000 ) ;
#221 = MECHANICAL_DESIGN_GEOMETRIC_PRESENTATION_REPRESENTATION (  '', ( #159 ), #888 ) ;
#222 = CARTESIAN_POINT ( 'NONE',  ( 48.99999999999999289, -273.9500000000000455, 20.80000000000000071 ) ) ;
#223 = CIRCLE ( 'NONE', #1196, 2.549999999999996714 ) ;
#224 = FILL_AREA_STYLE_COLOUR ( '', #1044 ) ;
#225 = FACE_OUTER_BOUND ( 'NONE', #1754, .T. ) ;
#226 = ORIENTED_EDGE ( 'NONE', *, *, #3002, .T. ) ;
#227 = DIRECTION ( 'NONE',  ( -0.000000000000000000, -1.000000000000000000, 5.042800802258162337E-17 ) ) ;
#228 = VERTEX_POINT ( 'NONE', #1798 ) ;
#229 = ORIENTED_EDGE ( 'NONE', *, *, #242, .T. ) ;
#230 = PRESENTATION_LAYER_ASSIGNMENT (  '', '', ( #996 ) ) ;
#231 = LINE ( 'NONE', #2306, #1631 ) ;
#232 = FACE_OUTER_BOUND ( 'NONE', #1229, .T. ) ;
#233 = VECTOR ( 'NONE', #3310, 1000.000000000000000 ) ;
#234 =( LENGTH_UNIT ( ) NAMED_UNIT ( * ) SI_UNIT ( .MILLI., .METRE. ) );
#235 = SURFACE_STYLE_USAGE ( .BOTH. , #636 ) ;
#236 = AXIS2_PLACEMENT_3D ( 'NONE', #3125, #3055, #2560 ) ;
#237 = ADVANCED_FACE ( 'NONE', ( #2894, #780 ), #760, .F. ) ;
#238 =( LENGTH_UNIT ( ) NAMED_UNIT ( * ) SI_UNIT ( .MILLI., .METRE. ) );
#239 = SURFACE_SIDE_STYLE ('',( #767 ) ) ;
#240 = ORIENTED_EDGE ( 'NONE', *, *, #1114, .F. ) ;
#241 = CARTESIAN_POINT ( 'NONE',  ( 48.99999999999999289, -302.7500000000000000, -7.299999999999997158 ) ) ;
#242 = EDGE_CURVE ( 'NONE', #2241, #2792, #2562, .T. ) ;
#243 = FACE_OUTER_BOUND ( 'NONE', #194, .T. ) ;
#244 = DIRECTION ( 'NONE',  ( -1.000000000000000000, 0.000000000000000000, -0.000000000000000000 ) ) ;
#245 = ORIENTED_EDGE ( 'NONE', *, *, #2267, .T. ) ;
#246 = VECTOR ( 'NONE', #1152, 1000.000000000000000 ) ;
#247 = ORIENTED_EDGE ( 'NONE', *, *, #1980, .T. ) ;
#248 = ORIENTED_EDGE ( 'NONE', *, *, #1848, .F. ) ;
#249 = DIRECTION ( 'NONE',  ( 0.000000000000000000, 1.000000000000000000, 0.000000000000000000 ) ) ;
#250 = LINE ( 'NONE', #450, #150 ) ;
#251 =( LENGTH_UNIT ( ) NAMED_UNIT ( * ) SI_UNIT ( .MILLI., .METRE. ) );
#252 =( LENGTH_UNIT ( ) NAMED_UNIT ( * ) SI_UNIT ( .MILLI., .METRE. ) );
#253 =( NAMED_UNIT ( * ) SI_UNIT ( $, .STERADIAN. ) SOLID_ANGLE_UNIT ( ) );
#254 = PRESENTATION_STYLE_ASSIGNMENT (( #3326 ) ) ;
#255 = EDGE_CURVE ( 'NONE', #178, #2905, #2501, .T. ) ;
#256 = ORIENTED_EDGE ( 'NONE', *, *, #2536, .T. ) ;
#257 = ADVANCED_FACE ( 'NONE', ( #984 ), #742, .T. ) ;
#258 = FILL_AREA_STYLE ('',( #38 ) ) ;
#259 = FACE_BOUND ( 'NONE', #148, .T. ) ;
#260 = DIRECTION ( 'NONE',  ( 0.000000000000000000, -1.000000000000000000, 1.206764157201257045E-16 ) ) ;
#261 = EDGE_LOOP ( 'NONE', ( #1049 ) ) ;
#262 = ORIENTED_EDGE ( 'NONE', *, *, #2903, .T. ) ;
#263 = SURFACE_STYLE_FILL_AREA ( #798 ) ;
#264 = CARTESIAN_POINT ( 'NONE',  ( 0.000000000000000000, -262.0000000000000000, 23.79999999999997584 ) ) ;
#265 = VECTOR ( 'NONE', #288, 1000.000000000000000 ) ;
#266 = AXIS2_PLACEMENT_3D ( 'NONE', #2271, #16, #1541 ) ;
#267 = CARTESIAN_POINT ( 'NONE',  ( 33.99999999999999289, -302.7500000000000000, -4.299999999999998934 ) ) ;
#268 = CARTESIAN_POINT ( 'NONE',  ( -69.44999999999998863, -273.9500000000000455, 23.79999999999999716 ) ) ;
#269 =( NAMED_UNIT ( * ) PLANE_ANGLE_UNIT ( ) SI_UNIT ( $, .RADIAN. ) );
#270 =( GEOMETRIC_REPRESENTATION_CONTEXT ( 3 ) GLOBAL_UNCERTAINTY_ASSIGNED_CONTEXT ( ( #1158 ) ) GLOBAL_UNIT_ASSIGNED_CONTEXT ( ( #1973, #2484, #1679 ) ) REPRESENTATION_CONTEXT ( 'NONE', 'WORKASPACE' ) );
#271 = SURFACE_SIDE_STYLE ('',( #2597 ) ) ;
#272 = DIRECTION ( 'NONE',  ( 0.000000000000000000, 1.000000000000000000, 0.000000000000000000 ) ) ;
#273 = DIRECTION ( 'NONE',  ( -2.409338161078898687E-16, 1.000000000000000000, 0.000000000000000000 ) ) ;
#274 = VERTEX_POINT ( 'NONE', #2231 ) ;
#275 = FACE_OUTER_BOUND ( 'NONE', #2273, .T. ) ;
#276 =( GEOMETRIC_REPRESENTATION_CONTEXT ( 3 ) GLOBAL_UNCERTAINTY_ASSIGNED_CONTEXT ( ( #313 ) ) GLOBAL_UNIT_ASSIGNED_CONTEXT ( ( #177, #1766, #1987 ) ) REPRESENTATION_CONTEXT ( 'NONE', 'WORKASPACE' ) );
#277 = UNCERTAINTY_MEASURE_WITH_UNIT (LENGTH_MEASURE( 1.000000000000000082E-05 ), #896, 'distance_accuracy_value', 'NONE');
#278 = MECHANICAL_DESIGN_GEOMETRIC_PRESENTATION_REPRESENTATION (  '', ( #922 ), #3162 ) ;
#279 =( NAMED_UNIT ( * ) SI_UNIT ( $, .STERADIAN. ) SOLID_ANGLE_UNIT ( ) );
#280 = EDGE_CURVE ( 'NONE', #3134, #2279, #2250, .T. ) ;
#281 = VECTOR ( 'NONE', #2919, 1000.000000000000000 ) ;
#282 = ORIENTED_EDGE ( 'NONE', *, *, #317, .F. ) ;
#283 = FACE_OUTER_BOUND ( 'NONE', #2600, .T. ) ;
#284 = AXIS2_PLACEMENT_3D ( 'NONE', #311, #3210, #581 ) ;
#285 = ORIENTED_EDGE ( 'NONE', *, *, #848, .T. ) ;
#286 = FILL_AREA_STYLE_COLOUR ( '', #3225 ) ;
#287 = FACE_OUTER_BOUND ( 'NONE', #336, .T. ) ;
#288 = DIRECTION ( 'NONE',  ( -1.000000000000000000, 0.000000000000000000, 0.000000000000000000 ) ) ;
#289 = VECTOR ( 'NONE', #2080, 1000.000000000000000 ) ;
#290 =( GEOMETRIC_REPRESENTATION_CONTEXT ( 3 ) GLOBAL_UNCERTAINTY_ASSIGNED_CONTEXT ( ( #2278 ) ) GLOBAL_UNIT_ASSIGNED_CONTEXT ( ( #3215, #1906, #1730 ) ) REPRESENTATION_CONTEXT ( 'NONE', 'WORKASPACE' ) );
#291 = DIRECTION ( 'NONE',  ( 0.000000000000000000, 0.000000000000000000, -1.000000000000000000 ) ) ;
#292 = EDGE_LOOP ( 'NONE', ( #1997, #2317, #2878, #1480 ) ) ;
#293 = MECHANICAL_DESIGN_GEOMETRIC_PRESENTATION_REPRESENTATION (  '', ( #897 ), #724 ) ;
#294 = SURFACE_STYLE_USAGE ( .BOTH. , #1546 ) ;
#295 = LINE ( 'NONE', #2364, #493 ) ;
#296 = DIRECTION ( 'NONE',  ( 1.000000000000000000, 0.000000000000000000, 0.000000000000000000 ) ) ;
#297 = DIRECTION ( 'NONE',  ( 0.000000000000000000, 1.000000000000000000, 1.224646799147353947E-16 ) ) ;
#298 = EDGE_LOOP ( 'NONE', ( #1882, #1249, #2890, #1094 ) ) ;
#299 = EDGE_CURVE ( 'NONE', #2508, #1700, #676, .T. ) ;
#300 = ORIENTED_EDGE ( 'NONE', *, *, #2713, .T. ) ;
#301 = STYLED_ITEM ( 'NONE', ( #3 ), #2923 ) ;
#302 = FACE_OUTER_BOUND ( 'NONE', #3079, .T. ) ;
#303 =( LENGTH_UNIT ( ) NAMED_UNIT ( * ) SI_UNIT ( .MILLI., .METRE. ) );
#304 = SURFACE_SIDE_STYLE ('',( #2630 ) ) ;
#305 = CARTESIAN_POINT ( 'NONE',  ( 24.20000000000005613, -305.5000000000000000, -3.000000000003240519 ) ) ;
#306 = EDGE_CURVE ( 'NONE', #1467, #1613, #2520, .T. ) ;
#307 = CARTESIAN_POINT ( 'NONE',  ( 48.99999999999999289, -273.9500000000000455, -4.299999999999995381 ) ) ;
#308 = ORIENTED_EDGE ( 'NONE', *, *, #2454, .F. ) ;
#309 = CARTESIAN_POINT ( 'NONE',  ( 34.00000000000000000, -305.5000000000000000, 1.836982698128994970E-16 ) ) ;
#310 = UNCERTAINTY_MEASURE_WITH_UNIT (LENGTH_MEASURE( 1.000000000000000082E-05 ), #2120, 'distance_accuracy_value', 'NONE');
#311 = CARTESIAN_POINT ( 'NONE',  ( -13.84999999999999076, -283.7903702822979426, -3.299999999999998934 ) ) ;
#312 =( NAMED_UNIT ( * ) PLANE_ANGLE_UNIT ( ) SI_UNIT ( $, .RADIAN. ) );
#313 = UNCERTAINTY_MEASURE_WITH_UNIT (LENGTH_MEASURE( 1.000000000000000082E-05 ), #177, 'distance_accuracy_value', 'NONE');
#314 = PLANE ( 'NONE',  #934 ) ;
#315 = CARTESIAN_POINT ( 'NONE',  ( -61.69999999999998863, -273.9500000000000455, 23.79999999999999716 ) ) ;
#316 = LINE ( 'NONE', #56, #2516 ) ;
#317 = EDGE_CURVE ( 'NONE', #1552, #1219, #947, .T. ) ;
#318 = DIRECTION ( 'NONE',  ( 0.000000000000000000, 0.000000000000000000, -1.000000000000000000 ) ) ;
#319 = CARTESIAN_POINT ( 'NONE',  ( -61.69999999999998863, -302.7500000000000000, 23.79999999999999716 ) ) ;
#320 =( LENGTH_UNIT ( ) NAMED_UNIT ( * ) SI_UNIT ( .MILLI., .METRE. ) );
#321 =( NAMED_UNIT ( * ) PLANE_ANGLE_UNIT ( ) SI_UNIT ( $, .RADIAN. ) );
#322 = DIRECTION ( 'NONE',  ( 0.000000000000000000, 1.000000000000000000, 1.057758217059028854E-16 ) ) ;
#323 = SURFACE_STYLE_FILL_AREA ( #1595 ) ;
#324 = COLOUR_RGB ( '',0.1019607843137254888, 0.1019607843137254888, 0.1019607843137254888 ) ;
#325 = EDGE_CURVE ( 'NONE', #2964, #2964, #2502, .T. ) ;
#326 =( LENGTH_UNIT ( ) NAMED_UNIT ( * ) SI_UNIT ( .MILLI., .METRE. ) );
#327 = DIRECTION ( 'NONE',  ( -1.000000000000000000, 0.000000000000000000, 0.000000000000000000 ) ) ;
#328 = MECHANICAL_DESIGN_GEOMETRIC_PRESENTATION_REPRESENTATION (  '', ( #818 ), #103 ) ;
#329 = ORIENTED_EDGE ( 'NONE', *, *, #1424, .F. ) ;
#330 = FILL_AREA_STYLE ('',( #1109 ) ) ;
#331 = CARTESIAN_POINT ( 'NONE',  ( 10.15000000000000568, -262.0000000000000000, 23.79999999999997584 ) ) ;
#332 = PRESENTATION_STYLE_ASSIGNMENT (( #294 ) ) ;
#333 = PRESENTATION_LAYER_ASSIGNMENT (  '', '', ( #879 ) ) ;
#334 = DIRECTION ( 'NONE',  ( 0.000000000000000000, 1.000000000000000000, 9.773090005503140331E-17 ) ) ;
#335 =( GEOMETRIC_REPRESENTATION_CONTEXT ( 3 ) GLOBAL_UNCERTAINTY_ASSIGNED_CONTEXT ( ( #3253 ) ) GLOBAL_UNIT_ASSIGNED_CONTEXT ( ( #631, #2438, #741 ) ) REPRESENTATION_CONTEXT ( 'NONE', 'WORKASPACE' ) );
#336 = EDGE_LOOP ( 'NONE', ( #805, #468, #1768, #3368 ) ) ;
#337 = CARTESIAN_POINT ( 'NONE',  ( 18.00000000000000000, -307.0000000000000000, 16.50000000000000000 ) ) ;
#338 = ORIENTED_EDGE ( 'NONE', *, *, #570, .T. ) ;
#339 = EDGE_LOOP ( 'NONE', ( #578 ) ) ;
#340 = AXIS2_PLACEMENT_3D ( 'NONE', #2816, #2798, #514 ) ;
#341 =( GEOMETRIC_REPRESENTATION_CONTEXT ( 3 ) GLOBAL_UNCERTAINTY_ASSIGNED_CONTEXT ( ( #2179 ) ) GLOBAL_UNIT_ASSIGNED_CONTEXT ( ( #1437, #2951, #1633 ) ) REPRESENTATION_CONTEXT ( 'NONE', 'WORKASPACE' ) );
#342 = FACE_BOUND ( 'NONE', #339, .T. ) ;
#343 = FILL_AREA_STYLE ('',( #1134 ) ) ;
#344 = AXIS2_PLACEMENT_3D ( 'NONE', #3153, #3314, #3334 ) ;
#345 = VERTEX_POINT ( 'NONE', #1402 ) ;
#346 = FACE_OUTER_BOUND ( 'NONE', #3287, .T. ) ;
#347 = SURFACE_STYLE_USAGE ( .BOTH. , #1107 ) ;
#348 = ORIENTED_EDGE ( 'NONE', *, *, #325, .T. ) ;
#349 = SURFACE_SIDE_STYLE ('',( #1325 ) ) ;
#350 = EDGE_CURVE ( 'NONE', #607, #1561, #3020, .T. ) ;
#351 = MECHANICAL_DESIGN_GEOMETRIC_PRESENTATION_REPRESENTATION (  '', ( #1375 ), #1377 ) ;
#352 =( NAMED_UNIT ( * ) PLANE_ANGLE_UNIT ( ) SI_UNIT ( $, .RADIAN. ) );
#353 = STYLED_ITEM ( 'NONE', ( #2399 ), #637 ) ;
#354 = EDGE_CURVE ( 'NONE', #22, #607, #1223, .T. ) ;
#355 = DIRECTION ( 'NONE',  ( 0.000000000000000000, 0.000000000000000000, -1.000000000000000000 ) ) ;
#356 = AXIS2_PLACEMENT_3D ( 'NONE', #2115, #610, #1892 ) ;
#357 = ORIENTED_EDGE ( 'NONE', *, *, #280, .F. ) ;
#358 = AXIS2_PLACEMENT_3D ( 'NONE', #1122, #2152, #590 ) ;
#359 = CARTESIAN_POINT ( 'NONE',  ( -8.849999999999988987, -283.7903702822979426, 19.80000000000000071 ) ) ;
#360 =( NAMED_UNIT ( * ) SI_UNIT ( $, .STERADIAN. ) SOLID_ANGLE_UNIT ( ) );
#361 = SURFACE_SIDE_STYLE ('',( #2689 ) ) ;
#362 =( LENGTH_UNIT ( ) NAMED_UNIT ( * ) SI_UNIT ( .MILLI., .METRE. ) );
#363 = VECTOR ( 'NONE', #2811, 1000.000000000000000 ) ;
#364 = VERTEX_POINT ( 'NONE', #2681 ) ;
#365 = ADVANCED_FACE ( 'NONE', ( #967 ), #453, .F. ) ;
#366 = DIRECTION ( 'NONE',  ( -0.000000000000000000, 0.000000000000000000, -1.000000000000000000 ) ) ;
#367 =( NAMED_UNIT ( * ) SI_UNIT ( $, .STERADIAN. ) SOLID_ANGLE_UNIT ( ) );
#368 = CARTESIAN_POINT ( 'NONE',  ( 48.99999999999999289, -302.7500000000000000, 23.79999999999999716 ) ) ;
#369 = DIRECTION ( 'NONE',  ( 1.000000000000000000, 0.000000000000000000, 0.000000000000000000 ) ) ;
#370 = EDGE_LOOP ( 'NONE', ( #2263 ) ) ;
#371 = EDGE_LOOP ( 'NONE', ( #1141, #523, #1103, #460 ) ) ;
#372 =( NAMED_UNIT ( * ) SI_UNIT ( $, .STERADIAN. ) SOLID_ANGLE_UNIT ( ) );
#373 =( NAMED_UNIT ( * ) PLANE_ANGLE_UNIT ( ) SI_UNIT ( $, .RADIAN. ) );
#374 = CARTESIAN_POINT ( 'NONE',  ( -13.85000000000023057, -248.2149660633792507, 14.49999999999997335 ) ) ;
#375 =( NAMED_UNIT ( * ) PLANE_ANGLE_UNIT ( ) SI_UNIT ( $, .RADIAN. ) );
#376 = DIRECTION ( 'NONE',  ( 1.000000000000000000, 0.000000000000000000, 0.000000000000000000 ) ) ;
#377 = FILL_AREA_STYLE ('',( #600 ) ) ;
#378 = COLOUR_RGB ( '',0.1019607843137254888, 0.1019607843137254888, 0.1019607843137254888 ) ;
#379 = CARTESIAN_POINT ( 'NONE',  ( -50.69999999999999574, -272.6999999999999886, 20.80000000000000071 ) ) ;
#380 = DIRECTION ( 'NONE',  ( 0.000000000000000000, -1.000000000000000000, 5.042800802258162337E-17 ) ) ;
#381 = DIRECTION ( 'NONE',  ( -0.000000000000000000, -0.000000000000000000, -1.000000000000000000 ) ) ;
#382 = MECHANICAL_DESIGN_GEOMETRIC_PRESENTATION_REPRESENTATION (  '', ( #2714 ), #699 ) ;
#383 = DIRECTION ( 'NONE',  ( -1.000000000000000000, 0.000000000000000000, 0.000000000000000000 ) ) ;
#384 = PRESENTATION_STYLE_ASSIGNMENT (( #3045 ) ) ;
#385 = SURFACE_SIDE_STYLE ('',( #3001 ) ) ;
#386 = VERTEX_POINT ( 'NONE', #1161 ) ;
#387 = EDGE_CURVE ( 'NONE', #442, #2701, #2198, .T. ) ;
#388 = PRESENTATION_LAYER_ASSIGNMENT (  '', '', ( #885 ) ) ;
#389 = SURFACE_SIDE_STYLE ('',( #1656 ) ) ;
#390 = COLOUR_RGB ( '',0.1019607843137254888, 0.1019607843137254888, 0.1019607843137254888 ) ;
#391 = DIRECTION ( 'NONE',  ( 0.000000000000000000, 0.000000000000000000, -1.000000000000000000 ) ) ;
#392 = MECHANICAL_DESIGN_GEOMETRIC_PRESENTATION_REPRESENTATION (  '', ( #2122 ), #1847 ) ;
#393 = DIRECTION ( 'NONE',  ( -1.000000000000000000, 0.000000000000000000, 0.000000000000000000 ) ) ;
#394 = PLANE ( 'NONE',  #1846 ) ;
#395 = VECTOR ( 'NONE', #1974, 1000.000000000000000 ) ;
#396 = SURFACE_STYLE_USAGE ( .BOTH. , #2722 ) ;
#397 = FACE_OUTER_BOUND ( 'NONE', #1549, .T. ) ;
#398 = VECTOR ( 'NONE', #605, 1000.000000000000000 ) ;
#399 = FILL_AREA_STYLE ('',( #2184 ) ) ;
#400 =( GEOMETRIC_REPRESENTATION_CONTEXT ( 3 ) GLOBAL_UNCERTAINTY_ASSIGNED_CONTEXT ( ( #3178 ) ) GLOBAL_UNIT_ASSIGNED_CONTEXT ( ( #303, #1859, #11 ) ) REPRESENTATION_CONTEXT ( 'NONE', 'WORKASPACE' ) );
#401 = FILL_AREA_STYLE_COLOUR ( '', #3252 ) ;
#402 = EDGE_CURVE ( 'NONE', #1079, #442, #2989, .T. ) ;
#403 = CARTESIAN_POINT ( 'NONE',  ( -50.69999999999999574, -272.6999999999999886, -4.299999999999995381 ) ) ;
#404 = VECTOR ( 'NONE', #179, 1000.000000000000000 ) ;
#405 = PRESENTATION_LAYER_ASSIGNMENT (  '', '', ( #1466 ) ) ;
#406 = PRESENTATION_STYLE_ASSIGNMENT (( #1661 ) ) ;
#407 = SURFACE_STYLE_FILL_AREA ( #2732 ) ;
#408 = DIRECTION ( 'NONE',  ( -1.186688945009009831E-16, -0.000000000000000000, -1.000000000000000000 ) ) ;
#409 = VECTOR ( 'NONE', #3104, 1000.000000000000000 ) ;
#410 = PRESENTATION_STYLE_ASSIGNMENT (( #1984 ) ) ;
#411 = ORIENTED_EDGE ( 'NONE', *, *, #1285, .F. ) ;
#412 =( NAMED_UNIT ( * ) SI_UNIT ( $, .STERADIAN. ) SOLID_ANGLE_UNIT ( ) );
#413 =( LENGTH_UNIT ( ) NAMED_UNIT ( * ) SI_UNIT ( .MILLI., .METRE. ) );
#414 = FILL_AREA_STYLE_COLOUR ( '', #657 ) ;
#415 = EDGE_LOOP ( 'NONE', ( #1963, #2640, #474, #2908 ) ) ;
#416 = SURFACE_STYLE_FILL_AREA ( #2744 ) ;
#417 =( NAMED_UNIT ( * ) SI_UNIT ( $, .STERADIAN. ) SOLID_ANGLE_UNIT ( ) );
#418 = FILL_AREA_STYLE_COLOUR ( '', #3036 ) ;
#419 =( NAMED_UNIT ( * ) PLANE_ANGLE_UNIT ( ) SI_UNIT ( $, .RADIAN. ) );
#420 = CARTESIAN_POINT ( 'NONE',  ( 34.00000000000000000, -270.0000000000000000, -4.299999999999995381 ) ) ;
#421 = EDGE_LOOP ( 'NONE', ( #1033 ) ) ;
#422 = CARTESIAN_POINT ( 'NONE',  ( -61.69999999999998863, -307.0000000000000000, 16.50000000000000000 ) ) ;
#423 = AXIS2_PLACEMENT_3D ( 'NONE', #2949, #1898, #2651 ) ;
#424 = LINE ( 'NONE', #2258, #404 ) ;
#425 = AXIS2_PLACEMENT_3D ( 'NONE', #2720, #692, #710 ) ;
#426 = ORIENTED_EDGE ( 'NONE', *, *, #3042, .F. ) ;
#427 =( NAMED_UNIT ( * ) SI_UNIT ( $, .STERADIAN. ) SOLID_ANGLE_UNIT ( ) );
#428 = PLANE ( 'NONE',  #2418 ) ;
#429 = ORIENTED_EDGE ( 'NONE', *, *, #2947, .T. ) ;
#430 =( GEOMETRIC_REPRESENTATION_CONTEXT ( 3 ) GLOBAL_UNCERTAINTY_ASSIGNED_CONTEXT ( ( #2904 ) ) GLOBAL_UNIT_ASSIGNED_CONTEXT ( ( #2583, #1230, #1460 ) ) REPRESENTATION_CONTEXT ( 'NONE', 'WORKASPACE' ) );
#431 = AXIS2_PLACEMENT_3D ( 'NONE', #2234, #408, #895 ) ;
#432 = CARTESIAN_POINT ( 'NONE',  ( -17.00000000000004974, -217.3099999999999739, 11.80000000000002913 ) ) ;
#433 =( LENGTH_UNIT ( ) NAMED_UNIT ( * ) SI_UNIT ( .MILLI., .METRE. ) );
#434 = AXIS2_PLACEMENT_3D ( 'NONE', #2352, #1121, #1053 ) ;
#435 = CARTESIAN_POINT ( 'NONE',  ( 41.74999999999999289, -302.7500000000000000, 20.80000000000000071 ) ) ;
#436 = AXIS2_PLACEMENT_3D ( 'NONE', #3212, #2696, #334 ) ;
#437 = DIRECTION ( 'NONE',  ( -1.000000000000000000, 0.000000000000000000, 0.000000000000000000 ) ) ;
#438 =( GEOMETRIC_REPRESENTATION_CONTEXT ( 3 ) GLOBAL_UNCERTAINTY_ASSIGNED_CONTEXT ( ( #2506 ) ) GLOBAL_UNIT_ASSIGNED_CONTEXT ( ( #2220, #1430, #412 ) ) REPRESENTATION_CONTEXT ( 'NONE', 'WORKASPACE' ) );
#439 = EDGE_CURVE ( 'NONE', #1467, #1330, #2585, .T. ) ;
#440 = EDGE_LOOP ( 'NONE', ( #3199 ) ) ;
#441 = MECHANICAL_DESIGN_GEOMETRIC_PRESENTATION_REPRESENTATION (  '', ( #548 ), #1100 ) ;
#442 = VERTEX_POINT ( 'NONE', #2887 ) ;
#443 = VECTOR ( 'NONE', #1101, 1000.000000000000000 ) ;
#444 = EDGE_CURVE ( 'NONE', #2792, #1552, #3141, .T. ) ;
#445 = AXIS2_PLACEMENT_3D ( 'NONE', #1089, #496, #1523 ) ;
#446 = PRESENTATION_STYLE_ASSIGNMENT (( #2017 ) ) ;
#447 = EDGE_LOOP ( 'NONE', ( #1501, #2347, #1082, #674 ) ) ;
#448 = DIRECTION ( 'NONE',  ( 0.000000000000000000, 0.000000000000000000, 1.000000000000000000 ) ) ;
#449 = ORIENTED_EDGE ( 'NONE', *, *, #3242, .F. ) ;
#450 = CARTESIAN_POINT ( 'NONE',  ( -61.69999999999998863, -273.9500000000000455, -7.299999999999997158 ) ) ;
#451 = LINE ( 'NONE', #1780, #3012 ) ;
#452 = COLOUR_RGB ( '',0.1019607843137254888, 0.1019607843137254888, 0.1019607843137254888 ) ;
#453 = PLANE ( 'NONE',  #2070 ) ;
#454 = VERTEX_POINT ( 'NONE', #551 ) ;
#455 = ORIENTED_EDGE ( 'NONE', *, *, #1819, .T. ) ;
#456 = EDGE_LOOP ( 'NONE', ( #2509, #2787, #1040, #2425 ) ) ;
#457 = EDGE_CURVE ( 'NONE', #1487, #454, #1117, .T. ) ;
#458 = SURFACE_STYLE_FILL_AREA ( #2791 ) ;
#459 =( GEOMETRIC_REPRESENTATION_CONTEXT ( 3 ) GLOBAL_UNCERTAINTY_ASSIGNED_CONTEXT ( ( #1064 ) ) GLOBAL_UNIT_ASSIGNED_CONTEXT ( ( #1976, #3311, #199 ) ) REPRESENTATION_CONTEXT ( 'NONE', 'WORKASPACE' ) );
#460 = ORIENTED_EDGE ( 'NONE', *, *, #29, .T. ) ;
#461 = FILL_AREA_STYLE_COLOUR ( '', #2144 ) ;
#462 = ORIENTED_EDGE ( 'NONE', *, *, #181, .F. ) ;
#463 = ORIENTED_EDGE ( 'NONE', *, *, #2078, .T. ) ;
#464 = SURFACE_STYLE_FILL_AREA ( #2249 ) ;
#465 = DIRECTION ( 'NONE',  ( 0.000000000000000000, 0.000000000000000000, 1.000000000000000000 ) ) ;
#466 = LINE ( 'NONE', #2268, #2354 ) ;
#467 = DIRECTION ( 'NONE',  ( -0.000000000000000000, 1.000000000000000000, -0.000000000000000000 ) ) ;
#468 = ORIENTED_EDGE ( 'NONE', *, *, #354, .F. ) ;
#469 = UNCERTAINTY_MEASURE_WITH_UNIT (LENGTH_MEASURE( 1.000000000000000082E-05 ), #827, 'distance_accuracy_value', 'NONE');
#470 = DIRECTION ( 'NONE',  ( -1.000000000000000000, 0.000000000000000000, 0.000000000000000000 ) ) ;
#471 = SURFACE_STYLE_FILL_AREA ( #2103 ) ;
#472 =( NAMED_UNIT ( * ) SI_UNIT ( $, .STERADIAN. ) SOLID_ANGLE_UNIT ( ) );
#473 = AXIS2_PLACEMENT_3D ( 'NONE', #2436, #673, #1450 ) ;
#474 = ORIENTED_EDGE ( 'NONE', *, *, #2708, .T. ) ;
#475 = EDGE_CURVE ( 'NONE', #1880, #1880, #842, .T. ) ;
#476 = EDGE_LOOP ( 'NONE', ( #811 ) ) ;
#477 = DIRECTION ( 'NONE',  ( 0.000000000000000000, 0.000000000000000000, 1.000000000000000000 ) ) ;
#478 = AXIS2_PLACEMENT_3D ( 'NONE', #1471, #3274, #3011 ) ;
#479 = CARTESIAN_POINT ( 'NONE',  ( -61.69999999999998863, -305.5000000000000000, 1.836970198721030427E-16 ) ) ;
#480 = CARTESIAN_POINT ( 'NONE',  ( 34.00000000000000000, -273.9500000000000455, -7.299999999999998934 ) ) ;
#481 = MECHANICAL_DESIGN_GEOMETRIC_PRESENTATION_REPRESENTATION (  '', ( #1186 ), #1300 ) ;
#482 =( LENGTH_UNIT ( ) NAMED_UNIT ( * ) SI_UNIT ( .MILLI., .METRE. ) );
#483 = EDGE_CURVE ( 'NONE', #2028, #797, #1874, .T. ) ;
#484 = FILL_AREA_STYLE ('',( #2821 ) ) ;
#485 = AXIS2_PLACEMENT_3D ( 'NONE', #374, #112, #1707 ) ;
#486 =( NAMED_UNIT ( * ) PLANE_ANGLE_UNIT ( ) SI_UNIT ( $, .RADIAN. ) );
#487 = FILL_AREA_STYLE ('',( #3094 ) ) ;
#488 = ORIENTED_EDGE ( 'NONE', *, *, #2296, .T. ) ;
#489 = EDGE_LOOP ( 'NONE', ( #3349 ) ) ;
#490 = VECTOR ( 'NONE', #1252, 1000.000000000000000 ) ;
#491 = CARTESIAN_POINT ( 'NONE',  ( 20.40000000000005542, -268.5000000000000000, -2.000000000003177902 ) ) ;
#492 = ORIENTED_EDGE ( 'NONE', *, *, #107, .T. ) ;
#493 = VECTOR ( 'NONE', #864, 1000.000000000000000 ) ;
#494 = EDGE_CURVE ( 'NONE', #2909, #1016, #865, .T. ) ;
#495 = CARTESIAN_POINT ( 'NONE',  ( 24.20000000000005613, -309.5000000000000000, -2.000000000003238743 ) ) ;
#496 = DIRECTION ( 'NONE',  ( -0.000000000000000000, 1.000000000000000000, -0.000000000000000000 ) ) ;
#497 = PRESENTATION_STYLE_ASSIGNMENT (( #743 ) ) ;
#498 = DIRECTION ( 'NONE',  ( 0.000000000000000000, -0.000000000000000000, -1.000000000000000000 ) ) ;
#499 = DIRECTION ( 'NONE',  ( 2.409338161078898687E-16, -1.000000000000000000, 0.000000000000000000 ) ) ;
#500 = ADVANCED_FACE ( 'NONE', ( #73 ), #585, .F. ) ;
#501 = PRESENTATION_STYLE_ASSIGNMENT (( #2840 ) ) ;
#502 = ORIENTED_EDGE ( 'NONE', *, *, #111, .F. ) ;
#503 = SURFACE_SIDE_STYLE ('',( #3097 ) ) ;
#504 = ORIENTED_EDGE ( 'NONE', *, *, #2765, .T. ) ;
#505 = UNCERTAINTY_MEASURE_WITH_UNIT (LENGTH_MEASURE( 1.000000000000000082E-05 ), #1802, 'distance_accuracy_value', 'NONE');
#506 = UNCERTAINTY_MEASURE_WITH_UNIT (LENGTH_MEASURE( 1.000000000000000082E-05 ), #33, 'distance_accuracy_value', 'NONE');
#507 = SURFACE_STYLE_USAGE ( .BOTH. , #2552 ) ;
#508 = CARTESIAN_POINT ( 'NONE',  ( 34.00000000000000000, -305.5000000000000000, 16.50000000000000000 ) ) ;
#509 = CARTESIAN_POINT ( 'NONE',  ( -4.800000000000008704, -223.2099999999999795, -1.400000000000022782 ) ) ;
#510 = CIRCLE ( 'NONE', #2857, 0.9999999999999974465 ) ;
#511 = DIRECTION ( 'NONE',  ( 0.000000000000000000, 0.000000000000000000, 1.000000000000000000 ) ) ;
#512 = ORIENTED_EDGE ( 'NONE', *, *, #1488, .T. ) ;
#513 = FACE_OUTER_BOUND ( 'NONE', #2491, .T. ) ;
#514 = DIRECTION ( 'NONE',  ( -1.000000000000000000, 0.000000000000000000, 0.000000000000000000 ) ) ;
#515 = PLANE ( 'NONE',  #1567 ) ;
#516 = DIRECTION ( 'NONE',  ( 0.000000000000000000, 9.773090005503140331E-17, -1.000000000000000000 ) ) ;
#517 = SURFACE_STYLE_USAGE ( .BOTH. , #2063 ) ;
#518 =( NAMED_UNIT ( * ) SI_UNIT ( $, .STERADIAN. ) SOLID_ANGLE_UNIT ( ) );
#519 = CARTESIAN_POINT ( 'NONE',  ( -4.800000000000008704, -223.2099999999999795, 17.69999999999996021 ) ) ;
#520 = FILL_AREA_STYLE ('',( #2313 ) ) ;
#521 = ORIENTED_EDGE ( 'NONE', *, *, #51, .F. ) ;
#522 = EDGE_CURVE ( 'NONE', #3026, #3103, #39, .T. ) ;
#523 = ORIENTED_EDGE ( 'NONE', *, *, #1073, .T. ) ;
#524 = DIRECTION ( 'NONE',  ( 0.000000000000000000, -5.042800802258161104E-17, 1.000000000000000000 ) ) ;
#525 = EDGE_LOOP ( 'NONE', ( #2402 ) ) ;
#526 =( GEOMETRIC_REPRESENTATION_CONTEXT ( 3 ) GLOBAL_UNCERTAINTY_ASSIGNED_CONTEXT ( ( #1990 ) ) GLOBAL_UNIT_ASSIGNED_CONTEXT ( ( #1210, #1638, #367 ) ) REPRESENTATION_CONTEXT ( 'NONE', 'WORKASPACE' ) );
#527 = MECHANICAL_DESIGN_GEOMETRIC_PRESENTATION_REPRESENTATION (  '', ( #99 ), #1888 ) ;
#528 = VERTEX_POINT ( 'NONE', #2365 ) ;
#529 = DIRECTION ( 'NONE',  ( 0.000000000000000000, 0.000000000000000000, 1.000000000000000000 ) ) ;
#530 = SURFACE_STYLE_USAGE ( .BOTH. , #2870 ) ;
#531 = ORIENTED_EDGE ( 'NONE', *, *, #634, .T. ) ;
#532 = STYLED_ITEM ( 'NONE', ( #3305 ), #2433 ) ;
#533 = CIRCLE ( 'NONE', #2434, 2.575000000000004174 ) ;
#534 = LINE ( 'NONE', #191, #2823 ) ;
#535 = UNCERTAINTY_MEASURE_WITH_UNIT (LENGTH_MEASURE( 1.000000000000000082E-05 ), #1510, 'distance_accuracy_value', 'NONE');
#536 = PRESENTATION_STYLE_ASSIGNMENT (( #2875 ) ) ;
#537 = PRESENTATION_LAYER_ASSIGNMENT (  '', '', ( #2716 ) ) ;
#538 = EDGE_LOOP ( 'NONE', ( #1018, #737, #488, #3063 ) ) ;
#539 = MECHANICAL_DESIGN_GEOMETRIC_PRESENTATION_REPRESENTATION (  '', ( #705 ), #1668 ) ;
#540 = AXIS2_PLACEMENT_3D ( 'NONE', #1881, #2615, #819 ) ;
#541 = UNCERTAINTY_MEASURE_WITH_UNIT (LENGTH_MEASURE( 1.000000000000000082E-05 ), #2117, 'distance_accuracy_value', 'NONE');
#542 = UNCERTAINTY_MEASURE_WITH_UNIT (LENGTH_MEASURE( 1.000000000000000082E-05 ), #252, 'distance_accuracy_value', 'NONE');
#543 = EDGE_CURVE ( 'NONE', #1862, #1862, #777, .T. ) ;
#544 = LINE ( 'NONE', #3195, #1207 ) ;
#545 = APPLICATION_CONTEXT ( 'automotive_design' ) ;
#546 =( GEOMETRIC_REPRESENTATION_CONTEXT ( 3 ) GLOBAL_UNCERTAINTY_ASSIGNED_CONTEXT ( ( #2102 ) ) GLOBAL_UNIT_ASSIGNED_CONTEXT ( ( #2367, #643, #3016 ) ) REPRESENTATION_CONTEXT ( 'NONE', 'WORKASPACE' ) );
#547 = FACE_OUTER_BOUND ( 'NONE', #3106, .T. ) ;
#548 = STYLED_ITEM ( 'NONE', ( #1232 ), #1930 ) ;
#549 = ADVANCED_FACE ( 'NONE', ( #259, #1291 ), #2524, .F. ) ;
#550 = ORIENTED_EDGE ( 'NONE', *, *, #1168, .T. ) ;
#551 = CARTESIAN_POINT ( 'NONE',  ( -4.800000000000008704, -223.2099999999999795, -0.4000000000000080158 ) ) ;
#552 = EDGE_LOOP ( 'NONE', ( #2089, #2537, #167, #2847 ) ) ;
#553 = ORIENTED_EDGE ( 'NONE', *, *, #1332, .T. ) ;
#554 = SURFACE_STYLE_FILL_AREA ( #813 ) ;
#555 = DIRECTION ( 'NONE',  ( -0.5773502691896231775, 0.5773502691896310601, -0.5773502691896231775 ) ) ;
#556 = LINE ( 'NONE', #1333, #1324 ) ;
#557 =( LENGTH_UNIT ( ) NAMED_UNIT ( * ) SI_UNIT ( .MILLI., .METRE. ) );
#558 = CARTESIAN_POINT ( 'NONE',  ( -51.90000000000004832, -309.5000000000000000, -3.000000000003236966 ) ) ;
#559 = CARTESIAN_POINT ( 'NONE',  ( -61.69999999999998863, -273.9500000000000455, 23.79999999999999716 ) ) ;
#560 = VECTOR ( 'NONE', #3290, 1000.000000000000000 ) ;
#561 =( LENGTH_UNIT ( ) NAMED_UNIT ( * ) SI_UNIT ( .MILLI., .METRE. ) );
#562 = SURFACE_STYLE_USAGE ( .BOTH. , #1338 ) ;
#563 = ORIENTED_EDGE ( 'NONE', *, *, #2356, .T. ) ;
#564 =( NAMED_UNIT ( * ) PLANE_ANGLE_UNIT ( ) SI_UNIT ( $, .RADIAN. ) );
#565 = DIRECTION ( 'NONE',  ( 0.000000000000000000, 0.7071067811865425767, -0.7071067811865524577 ) ) ;
#566 =( LENGTH_UNIT ( ) NAMED_UNIT ( * ) SI_UNIT ( .MILLI., .METRE. ) );
#567 = DIRECTION ( 'NONE',  ( 1.000000000000000000, 0.000000000000000000, -0.000000000000000000 ) ) ;
#568 = ORIENTED_EDGE ( 'NONE', *, *, #8, .T. ) ;
#569 = ORIENTED_EDGE ( 'NONE', *, *, #3151, .F. ) ;
#570 = EDGE_CURVE ( 'NONE', #1441, #1961, #2270, .T. ) ;
#571 = PRESENTATION_LAYER_ASSIGNMENT (  '', '', ( #795 ) ) ;
#572 = DIRECTION ( 'NONE',  ( -1.000000000000000000, 0.000000000000000000, 0.000000000000000000 ) ) ;
#573 =( NAMED_UNIT ( * ) SI_UNIT ( $, .STERADIAN. ) SOLID_ANGLE_UNIT ( ) );
#574 = CARTESIAN_POINT ( 'NONE',  ( 24.20000000000005613, -309.5000000000000000, -3.000000000003240519 ) ) ;
#575 = FILL_AREA_STYLE_COLOUR ( '', #923 ) ;
#576 =( LENGTH_UNIT ( ) NAMED_UNIT ( * ) SI_UNIT ( .MILLI., .METRE. ) );
#577 = PRESENTATION_STYLE_ASSIGNMENT (( #562 ) ) ;
#578 = ORIENTED_EDGE ( 'NONE', *, *, #782, .F. ) ;
#579 = PRESENTATION_STYLE_ASSIGNMENT (( #35 ) ) ;
#580 = UNCERTAINTY_MEASURE_WITH_UNIT (LENGTH_MEASURE( 1.000000000000000082E-05 ), #320, 'distance_accuracy_value', 'NONE');
#581 = DIRECTION ( 'NONE',  ( -1.000000000000000000, 0.000000000000000000, 0.000000000000000000 ) ) ;
#582 = FACE_BOUND ( 'NONE', #176, .T. ) ;
#583 = UNCERTAINTY_MEASURE_WITH_UNIT (LENGTH_MEASURE( 1.000000000000000082E-05 ), #1981, 'distance_accuracy_value', 'NONE');
#584 = ORIENTED_EDGE ( 'NONE', *, *, #1948, .F. ) ;
#585 = PLANE ( 'NONE',  #3112 ) ;
#586 =( LENGTH_UNIT ( ) NAMED_UNIT ( * ) SI_UNIT ( .MILLI., .METRE. ) );
#587 = EDGE_LOOP ( 'NONE', ( #1120, #2021, #106, #2237 ) ) ;
#588 = EDGE_LOOP ( 'NONE', ( #696 ) ) ;
#589 = EDGE_CURVE ( 'NONE', #1553, #2279, #663, .T. ) ;
#590 = DIRECTION ( 'NONE',  ( 1.000000000000000000, 0.000000000000000000, -0.000000000000000000 ) ) ;
#591 = FILL_AREA_STYLE ('',( #2595 ) ) ;
#592 = VERTEX_POINT ( 'NONE', #1893 ) ;
#593 = CARTESIAN_POINT ( 'NONE',  ( -45.69999999999998863, -305.5000000000000000, 1.836970198721030427E-16 ) ) ;
#594 = EDGE_CURVE ( 'NONE', #938, #1854, #2773, .T. ) ;
#595 = PRESENTATION_STYLE_ASSIGNMENT (( #1356 ) ) ;
#596 =( GEOMETRIC_REPRESENTATION_CONTEXT ( 3 ) GLOBAL_UNCERTAINTY_ASSIGNED_CONTEXT ( ( #1360 ) ) GLOBAL_UNIT_ASSIGNED_CONTEXT ( ( #740, #1238, #1740 ) ) REPRESENTATION_CONTEXT ( 'NONE', 'WORKASPACE' ) );
#597 = ORIENTED_EDGE ( 'NONE', *, *, #1114, .T. ) ;
#598 =( GEOMETRIC_REPRESENTATION_CONTEXT ( 3 ) GLOBAL_UNCERTAINTY_ASSIGNED_CONTEXT ( ( #2620 ) ) GLOBAL_UNIT_ASSIGNED_CONTEXT ( ( #915, #3286, #1953 ) ) REPRESENTATION_CONTEXT ( 'NONE', 'WORKASPACE' ) );
#599 = CARTESIAN_POINT ( 'NONE',  ( 34.00000000000000000, -271.1999999999999886, 20.80000000000000071 ) ) ;
#600 = FILL_AREA_STYLE_COLOUR ( '', #2952 ) ;
#601 = DIRECTION ( 'NONE',  ( 0.000000000000000000, 5.042800802258162337E-17, 1.000000000000000000 ) ) ;
#602 = PRESENTATION_LAYER_ASSIGNMENT (  '', '', ( #2064 ) ) ;
#603 = STYLED_ITEM ( 'NONE', ( #1708 ), #2449 ) ;
#604 = AXIS2_PLACEMENT_3D ( 'NONE', #759, #3089, #3303 ) ;
#605 = DIRECTION ( 'NONE',  ( 1.000000000000000000, 0.000000000000000000, 0.000000000000000000 ) ) ;
#606 = FACE_OUTER_BOUND ( 'NONE', #3051, .T. ) ;
#607 = VERTEX_POINT ( 'NONE', #2571 ) ;
#608 = STYLED_ITEM ( 'NONE', ( #1128 ), #1202 ) ;
#609 = VECTOR ( 'NONE', #3028, 1000.000000000000000 ) ;
#610 = DIRECTION ( 'NONE',  ( -0.000000000000000000, 1.000000000000000000, -5.042800802258162337E-17 ) ) ;
#611 = AXIS2_PLACEMENT_3D ( 'NONE', #3241, #1909, #886 ) ;
#612 =( NAMED_UNIT ( * ) SI_UNIT ( $, .STERADIAN. ) SOLID_ANGLE_UNIT ( ) );
#613 = SURFACE_STYLE_USAGE ( .BOTH. , #2171 ) ;
#614 = ADVANCED_FACE ( 'NONE', ( #2276, #243 ), #735, .F. ) ;
#615 = FACE_OUTER_BOUND ( 'NONE', #3315, .T. ) ;
#616 = MECHANICAL_DESIGN_GEOMETRIC_PRESENTATION_REPRESENTATION (  '', ( #2678 ), #1250 ) ;
#617 = SURFACE_SIDE_STYLE ('',( #1513 ) ) ;
#618 = EDGE_LOOP ( 'NONE', ( #1748, #3338, #1886, #1739, #1220, #793, #952, #1978, #2494, #1085, #2324, #755, #1458, #512, #2575, #1935 ) ) ;
#619 = FILL_AREA_STYLE ('',( #2721 ) ) ;
#620 = MECHANICAL_DESIGN_GEOMETRIC_PRESENTATION_REPRESENTATION (  '', ( #2190 ), #1958 ) ;
#621 = ADVANCED_FACE ( 'NONE', ( #43, #342 ), #2664, .F. ) ;
#622 = LINE ( 'NONE', #52, #1621 ) ;
#623 = PRESENTATION_LAYER_ASSIGNMENT (  '', '', ( #2135 ) ) ;
#624 = SURFACE_STYLE_FILL_AREA ( #2936 ) ;
#625 =( NAMED_UNIT ( * ) PLANE_ANGLE_UNIT ( ) SI_UNIT ( $, .RADIAN. ) );
#626 = AXIS2_PLACEMENT_3D ( 'NONE', #2125, #1341, #1081 ) ;
#627 = LINE ( 'NONE', #110, #246 ) ;
#628 = CARTESIAN_POINT ( 'NONE',  ( -51.90000000000004832, -305.5000000000000000, -3.000000000003240519 ) ) ;
#629 = DIRECTION ( 'NONE',  ( 1.726093010922195961E-16, 0.000000000000000000, 1.000000000000000000 ) ) ;
#630 = VECTOR ( 'NONE', #524, 1000.000000000000000 ) ;
#631 =( LENGTH_UNIT ( ) NAMED_UNIT ( * ) SI_UNIT ( .MILLI., .METRE. ) );
#632 = SURFACE_STYLE_USAGE ( .BOTH. , #617 ) ;
#633 = VECTOR ( 'NONE', #470, 1000.000000000000000 ) ;
#634 = EDGE_CURVE ( 'NONE', #1854, #2569, #1591, .T. ) ;
#635 = FILL_AREA_STYLE_COLOUR ( '', #2183 ) ;
#636 = SURFACE_SIDE_STYLE ('',( #1381 ) ) ;
#637 = ADVANCED_FACE ( 'NONE', ( #1792, #225 ), #3364, .T. ) ;
#638 = CARTESIAN_POINT ( 'NONE',  ( -61.69999999999998863, -305.5000000000000000, 16.50000000000000000 ) ) ;
#639 = SURFACE_STYLE_USAGE ( .BOTH. , #1947 ) ;
#640 = FACE_BOUND ( 'NONE', #918, .T. ) ;
#641 = DIRECTION ( 'NONE',  ( 0.000000000000000000, 1.000000000000000000, 0.000000000000000000 ) ) ;
#642 = ORIENTED_EDGE ( 'NONE', *, *, #354, .T. ) ;
#643 =( NAMED_UNIT ( * ) PLANE_ANGLE_UNIT ( ) SI_UNIT ( $, .RADIAN. ) );
#644 = SURFACE_SIDE_STYLE ('',( #3005 ) ) ;
#645 =( NAMED_UNIT ( * ) SI_UNIT ( $, .STERADIAN. ) SOLID_ANGLE_UNIT ( ) );
#646 = FACE_OUTER_BOUND ( 'NONE', #1318, .T. ) ;
#647 = SURFACE_STYLE_USAGE ( .BOTH. , #2733 ) ;
#648 = FACE_OUTER_BOUND ( 'NONE', #2867, .T. ) ;
#649 = VECTOR ( 'NONE', #327, 1000.000000000000000 ) ;
#650 = FILL_AREA_STYLE ('',( #3259 ) ) ;
#651 = LINE ( 'NONE', #2529, #977 ) ;
#652 = COLOUR_RGB ( '',0.1019607843137254888, 0.1019607843137254888, 0.1019607843137254888 ) ;
#653 = EDGE_CURVE ( 'NONE', #2686, #2686, #2235, .T. ) ;
#654 = VERTEX_POINT ( 'NONE', #1059 ) ;
#655 = STYLED_ITEM ( 'NONE', ( #536 ), #1588 ) ;
#656 = LINE ( 'NONE', #1872, #3043 ) ;
#657 = COLOUR_RGB ( '',0.1019607843137254888, 0.1019607843137254888, 0.1019607843137254888 ) ;
#658 = FILL_AREA_STYLE_COLOUR ( '', #1719 ) ;
#659 = PRESENTATION_STYLE_ASSIGNMENT (( #3022 ) ) ;
#660 = SURFACE_STYLE_FILL_AREA ( #3292 ) ;
#661 = PRESENTATION_STYLE_ASSIGNMENT (( #3293 ) ) ;
#662 = MECHANICAL_DESIGN_GEOMETRIC_PRESENTATION_REPRESENTATION (  '', ( #1625 ), #2498 ) ;
#663 = LINE ( 'NONE', #1788, #233 ) ;
#664 =( NAMED_UNIT ( * ) SI_UNIT ( $, .STERADIAN. ) SOLID_ANGLE_UNIT ( ) );
#665 = ORIENTED_EDGE ( 'NONE', *, *, #3279, .F. ) ;
#666 = VECTOR ( 'NONE', #383, 1000.000000000000000 ) ;
#667 = CARTESIAN_POINT ( 'NONE',  ( -45.69999999999998863, -305.5000000000000000, -4.299999999999998934 ) ) ;
#668 = VECTOR ( 'NONE', #1695, 1000.000000000000000 ) ;
#669 = LINE ( 'NONE', #2161, #2229 ) ;
#670 = SURFACE_STYLE_FILL_AREA ( #1949 ) ;
#671 = FILL_AREA_STYLE_COLOUR ( '', #990 ) ;
#672 = DIRECTION ( 'NONE',  ( -1.000000000000000000, 0.000000000000000000, -0.000000000000000000 ) ) ;
#673 = DIRECTION ( 'NONE',  ( 0.000000000000000000, 0.000000000000000000, 1.000000000000000000 ) ) ;
#674 = ORIENTED_EDGE ( 'NONE', *, *, #2242, .F. ) ;
#675 = ADVANCED_FACE ( 'NONE', ( #1139 ), #3088, .F. ) ;
#676 = LINE ( 'NONE', #1469, #2621 ) ;
#677 = FACE_BOUND ( 'NONE', #2150, .T. ) ;
#678 = MECHANICAL_DESIGN_GEOMETRIC_PRESENTATION_REPRESENTATION (  '', ( #3243 ), #1969 ) ;
#679 = DIRECTION ( 'NONE',  ( 0.000000000000000000, 0.000000000000000000, 1.000000000000000000 ) ) ;
#680 = DIRECTION ( 'NONE',  ( 0.000000000000000000, -1.000000000000000000, 0.000000000000000000 ) ) ;
#681 = ORIENTED_EDGE ( 'NONE', *, *, #457, .F. ) ;
#682 = DIRECTION ( 'NONE',  ( 0.000000000000000000, 1.000000000000000000, -9.011550524554843201E-17 ) ) ;
#683 = DIRECTION ( 'NONE',  ( 0.000000000000000000, 0.000000000000000000, 1.000000000000000000 ) ) ;
#684 = ORIENTED_EDGE ( 'NONE', *, *, #892, .T. ) ;
#685 = LINE ( 'NONE', #2715, #220 ) ;
#686 = PLANE ( 'NONE',  #3072 ) ;
#687 = ORIENTED_EDGE ( 'NONE', *, *, #3017, .F. ) ;
#688 = EDGE_CURVE ( 'NONE', #2909, #2228, #980, .T. ) ;
#689 = CARTESIAN_POINT ( 'NONE',  ( -76.69999999999998863, -302.7500000000000000, -7.299999999999997158 ) ) ;
#690 = CARTESIAN_POINT ( 'NONE',  ( 18.00000000000000000, -272.6999999999999886, 0.000000000000000000 ) ) ;
#691 = FILL_AREA_STYLE_COLOUR ( '', #3219 ) ;
#692 = DIRECTION ( 'NONE',  ( 0.000000000000000000, 0.000000000000000000, 1.000000000000000000 ) ) ;
#693 = PLANE ( 'NONE',  #1046 ) ;
#694 = ORIENTED_EDGE ( 'NONE', *, *, #803, .T. ) ;
#695 = VECTOR ( 'NONE', #2010, 1000.000000000000000 ) ;
#696 = ORIENTED_EDGE ( 'NONE', *, *, #1647, .F. ) ;
#697 = CARTESIAN_POINT ( 'NONE',  ( -76.69999999999998863, -302.7500000000000000, -7.299999999999997158 ) ) ;
#698 = SURFACE_SIDE_STYLE ('',( #458 ) ) ;
#699 =( GEOMETRIC_REPRESENTATION_CONTEXT ( 3 ) GLOBAL_UNCERTAINTY_ASSIGNED_CONTEXT ( ( #505 ) ) GLOBAL_UNIT_ASSIGNED_CONTEXT ( ( #1802, #3342, #1491 ) ) REPRESENTATION_CONTEXT ( 'NONE', 'WORKASPACE' ) );
#700 = ORIENTED_EDGE ( 'NONE', *, *, #1676, .T. ) ;
#701 = CARTESIAN_POINT ( 'NONE',  ( 18.00000000000000000, -305.5000000000000000, 1.836970198721030427E-16 ) ) ;
#702 = ORIENTED_EDGE ( 'NONE', *, *, #909, .T. ) ;
#703 = CARTESIAN_POINT ( 'NONE',  ( 24.20000000000005613, -305.5000000000000000, 18.49999999999676348 ) ) ;
#704 = ORIENTED_EDGE ( 'NONE', *, *, #892, .F. ) ;
#705 = STYLED_ITEM ( 'NONE', ( #3235 ), #1337 ) ;
#706 = VECTOR ( 'NONE', #2374, 1000.000000000000000 ) ;
#707 = AXIS2_PLACEMENT_3D ( 'NONE', #1579, #48, #1895 ) ;
#708 =( LENGTH_UNIT ( ) NAMED_UNIT ( * ) SI_UNIT ( .MILLI., .METRE. ) );
#709 = CARTESIAN_POINT ( 'NONE',  ( -50.69999999999999574, -272.6999999999999886, -4.299999999999995381 ) ) ;
#710 = DIRECTION ( 'NONE',  ( 1.000000000000000000, 0.000000000000000000, 0.000000000000000000 ) ) ;
#711 = SURFACE_STYLE_FILL_AREA ( #2566 ) ;
#712 = EDGE_CURVE ( 'NONE', #3335, #2508, #231, .T. ) ;
#713 = PRESENTATION_LAYER_ASSIGNMENT (  '', '', ( #3168 ) ) ;
#714 = PRESENTATION_STYLE_ASSIGNMENT (( #137 ) ) ;
#715 =( LENGTH_UNIT ( ) NAMED_UNIT ( * ) SI_UNIT ( .MILLI., .METRE. ) );
#716 = ORIENTED_EDGE ( 'NONE', *, *, #522, .T. ) ;
#717 = DIRECTION ( 'NONE',  ( 1.000000000000000000, 0.000000000000000000, 0.000000000000000000 ) ) ;
#718 = ADVANCED_FACE ( 'NONE', ( #513 ), #2576, .F. ) ;
#719 = ORIENTED_EDGE ( 'NONE', *, *, #828, .T. ) ;
#720 = STYLED_ITEM ( 'NONE', ( #3214 ), #162 ) ;
#721 = SURFACE_STYLE_USAGE ( .BOTH. , #997 ) ;
#722 = CARTESIAN_POINT ( 'NONE',  ( 34.00000000000000000, -305.5000000000000000, 16.50000000000000000 ) ) ;
#723 = VERTEX_POINT ( 'NONE', #3369 ) ;
#724 =( GEOMETRIC_REPRESENTATION_CONTEXT ( 3 ) GLOBAL_UNCERTAINTY_ASSIGNED_CONTEXT ( ( #2473 ) ) GLOBAL_UNIT_ASSIGNED_CONTEXT ( ( #1718, #2387, #1088 ) ) REPRESENTATION_CONTEXT ( 'NONE', 'WORKASPACE' ) );
#725 = FILL_AREA_STYLE ('',( #3092 ) ) ;
#726 = CARTESIAN_POINT ( 'NONE',  ( -51.90000000000004832, -305.5000000000000000, -2.000000000003239187 ) ) ;
#727 = VECTOR ( 'NONE', #1921, 1000.000000000000000 ) ;
#728 = SURFACE_SIDE_STYLE ('',( #1511 ) ) ;
#729 = ADVANCED_FACE ( 'NONE', ( #1295 ), #2022, .T. ) ;
#730 = CARTESIAN_POINT ( 'NONE',  ( -76.69999999999998863, -273.9500000000000455, -7.299999999999997158 ) ) ;
#731 = ORIENTED_EDGE ( 'NONE', *, *, #1877, .F. ) ;
#732 = ORIENTED_EDGE ( 'NONE', *, *, #2743, .F. ) ;
#733 = ORIENTED_EDGE ( 'NONE', *, *, #3017, .T. ) ;
#734 = ADVANCED_FACE ( 'NONE', ( #2891 ), #2091, .T. ) ;
#735 = PLANE ( 'NONE',  #170 ) ;
#736 = SURFACE_STYLE_USAGE ( .BOTH. , #698 ) ;
#737 = ORIENTED_EDGE ( 'NONE', *, *, #1753, .T. ) ;
#738 = LINE ( 'NONE', #1017, #1531 ) ;
#739 = EDGE_LOOP ( 'NONE', ( #2530, #40, #1975, #3124 ) ) ;
#740 =( LENGTH_UNIT ( ) NAMED_UNIT ( * ) SI_UNIT ( .MILLI., .METRE. ) );
#741 =( NAMED_UNIT ( * ) SI_UNIT ( $, .STERADIAN. ) SOLID_ANGLE_UNIT ( ) );
#742 = PLANE ( 'NONE',  #15 ) ;
#743 = SURFACE_STYLE_USAGE ( .BOTH. , #2336 ) ;
#744 = FACE_OUTER_BOUND ( 'NONE', #955, .T. ) ;
#745 = CARTESIAN_POINT ( 'NONE',  ( 18.00000000000000000, -305.5000000000000000, -4.299999999999998934 ) ) ;
#746 = CARTESIAN_POINT ( 'NONE',  ( 34.00000000000000000, -273.9500000000000455, 20.80000000000000071 ) ) ;
#747 = EDGE_LOOP ( 'NONE', ( #2281 ) ) ;
#748 = FACE_OUTER_BOUND ( 'NONE', #3377, .T. ) ;
#749 = EDGE_CURVE ( 'NONE', #3204, #3204, #751, .T. ) ;
#750 = COLOUR_RGB ( '',0.1019607843137254888, 0.1019607843137254888, 0.1019607843137254888 ) ;
#751 = CIRCLE ( 'NONE', #478, 0.9999999999999974465 ) ;
#752 = DIRECTION ( 'NONE',  ( -1.000000000000000000, 0.000000000000000000, 0.000000000000000000 ) ) ;
#753 = ORIENTED_EDGE ( 'NONE', *, *, #444, .T. ) ;
#754 = DIRECTION ( 'NONE',  ( 0.000000000000000000, 1.000000000000000000, 0.000000000000000000 ) ) ;
#755 = ORIENTED_EDGE ( 'NONE', *, *, #8, .F. ) ;
#756 = ADVANCED_FACE ( 'NONE', ( #949, #2202, #677 ), #2469, .T. ) ;
#757 = SURFACE_STYLE_USAGE ( .BOTH. , #3355 ) ;
#758 = VECTOR ( 'NONE', #1884, 1000.000000000000000 ) ;
#759 = CARTESIAN_POINT ( 'NONE',  ( -13.85000000000023057, -248.2149660633792507, -1.400000000000022782 ) ) ;
#760 = CYLINDRICAL_SURFACE ( 'NONE', #445, 1.000000000000001554 ) ;
#761 = COLOUR_RGB ( '',0.1019607843137254888, 0.1019607843137254888, 0.1019607843137254888 ) ;
#762 = LINE ( 'NONE', #1022, #265 ) ;
#763 = DIRECTION ( 'NONE',  ( -0.000000000000000000, 1.000000000000000000, -0.000000000000000000 ) ) ;
#764 = CIRCLE ( 'NONE', #485, 2.550000000000021139 ) ;
#765 = PLANE ( 'NONE',  #1900 ) ;
#766 = FILL_AREA_STYLE_COLOUR ( '', #2623 ) ;
#767 = SURFACE_STYLE_FILL_AREA ( #520 ) ;
#768 = ORIENTED_EDGE ( 'NONE', *, *, #749, .T. ) ;
#769 = PRESENTATION_STYLE_ASSIGNMENT (( #2047 ) ) ;
#770 = VECTOR ( 'NONE', #1372, 1000.000000000000000 ) ;
#771 = MECHANICAL_DESIGN_GEOMETRIC_PRESENTATION_REPRESENTATION (  '', ( #928 ), #2676 ) ;
#772 = PRESENTATION_LAYER_ASSIGNMENT (  '', '', ( #720 ) ) ;
#773 = ORIENTED_EDGE ( 'NONE', *, *, #1263, .T. ) ;
#774 = CARTESIAN_POINT ( 'NONE',  ( -61.69999999999998863, -307.0000000000000000, 0.000000000000000000 ) ) ;
#775 = VERTEX_POINT ( 'NONE', #1941 ) ;
#776 = ORIENTED_EDGE ( 'NONE', *, *, #1239, .F. ) ;
#777 = CIRCLE ( 'NONE', #2679, 1.000000000000000888 ) ;
#778 = FILL_AREA_STYLE ('',( #3109 ) ) ;
#779 = PRESENTATION_STYLE_ASSIGNMENT (( #1004 ) ) ;
#780 = FACE_OUTER_BOUND ( 'NONE', #2260, .T. ) ;
#781 = STYLED_ITEM ( 'NONE', ( #2981 ), #675 ) ;
#782 = EDGE_CURVE ( 'NONE', #2169, #2169, #1831, .T. ) ;
#783 = FACE_BOUND ( 'NONE', #1193, .T. ) ;
#784 = CARTESIAN_POINT ( 'NONE',  ( 48.99999999999999289, -273.9500000000000455, -7.299999999999997158 ) ) ;
#785 = EDGE_CURVE ( 'NONE', #859, #2605, #2764, .T. ) ;
#786 = CARTESIAN_POINT ( 'NONE',  ( -61.69999999999998863, -271.1999999999999886, 20.80000000000000071 ) ) ;
#787 = VERTEX_POINT ( 'NONE', #121 ) ;
#788 = STYLED_ITEM ( 'NONE', ( #332 ), #3131 ) ;
#789 = FACE_OUTER_BOUND ( 'NONE', #875, .T. ) ;
#790 = UNCERTAINTY_MEASURE_WITH_UNIT (LENGTH_MEASURE( 1.000000000000000082E-05 ), #3085, 'distance_accuracy_value', 'NONE');
#791 = PLANE ( 'NONE',  #105 ) ;
#792 = UNCERTAINTY_MEASURE_WITH_UNIT (LENGTH_MEASURE( 1.000000000000000082E-05 ), #899, 'distance_accuracy_value', 'NONE');
#793 = ORIENTED_EDGE ( 'NONE', *, *, #1411, .F. ) ;
#794 = SURFACE_SIDE_STYLE ('',( #2073 ) ) ;
#795 = STYLED_ITEM ( 'NONE', ( #2148 ), #2929 ) ;
#796 = CARTESIAN_POINT ( 'NONE',  ( -13.84999999999999076, -283.7903702822979426, 19.80000000000000071 ) ) ;
#797 = VERTEX_POINT ( 'NONE', #3244 ) ;
#798 = FILL_AREA_STYLE ('',( #206 ) ) ;
#799 = SURFACE_STYLE_FILL_AREA ( #1878 ) ;
#800 = CARTESIAN_POINT ( 'NONE',  ( -76.69999999999998863, -302.7500000000000000, -7.299999999999997158 ) ) ;
#801 = FILL_AREA_STYLE ('',( #1761 ) ) ;
#802 = FACE_OUTER_BOUND ( 'NONE', #3032, .T. ) ;
#803 = EDGE_CURVE ( 'NONE', #797, #2659, #1455, .T. ) ;
#804 = FILL_AREA_STYLE_COLOUR ( '', #390 ) ;
#805 = ORIENTED_EDGE ( 'NONE', *, *, #350, .F. ) ;
#806 = CARTESIAN_POINT ( 'NONE',  ( 18.00000000000000000, -307.0000000000000000, 0.000000000000000000 ) ) ;
#807 = EDGE_CURVE ( 'NONE', #654, #1042, #2217, .T. ) ;
#808 = SURFACE_STYLE_FILL_AREA ( #3139 ) ;
#809 = ORIENTED_EDGE ( 'NONE', *, *, #2536, .F. ) ;
#810 = CARTESIAN_POINT ( 'NONE',  ( 48.99999999999999289, -302.7500000000000000, -7.299999999999997158 ) ) ;
#811 = ORIENTED_EDGE ( 'NONE', *, *, #2650, .F. ) ;
#812 = ORIENTED_EDGE ( 'NONE', *, *, #325, .F. ) ;
#813 = FILL_AREA_STYLE ('',( #1835 ) ) ;
#814 = CARTESIAN_POINT ( 'NONE',  ( -51.90000000000004832, -298.5000000000000000, -2.000000000003240075 ) ) ;
#815 = DIRECTION ( 'NONE',  ( 0.000000000000000000, -5.042800802258161104E-17, 1.000000000000000000 ) ) ;
#816 = SURFACE_STYLE_USAGE ( .BOTH. , #60 ) ;
#817 = VERTEX_POINT ( 'NONE', #1838 ) ;
#818 = STYLED_ITEM ( 'NONE', ( #2269 ), #866 ) ;
#819 = DIRECTION ( 'NONE',  ( 0.000000000000000000, -0.000000000000000000, 1.000000000000000000 ) ) ;
#820 =( NAMED_UNIT ( * ) PLANE_ANGLE_UNIT ( ) SI_UNIT ( $, .RADIAN. ) );
#821 = ADVANCED_FACE ( 'NONE', ( #1211 ), #2253, .F. ) ;
#822 = ORIENTED_EDGE ( 'NONE', *, *, #2808, .T. ) ;
#823 = SURFACE_STYLE_USAGE ( .BOTH. , #349 ) ;
#824 = UNCERTAINTY_MEASURE_WITH_UNIT (LENGTH_MEASURE( 1.000000000000000082E-05 ), #362, 'distance_accuracy_value', 'NONE');
#825 =( GEOMETRIC_REPRESENTATION_CONTEXT ( 3 ) GLOBAL_UNCERTAINTY_ASSIGNED_CONTEXT ( ( #1651 ) ) GLOBAL_UNIT_ASSIGNED_CONTEXT ( ( #576, #1078, #2409 ) ) REPRESENTATION_CONTEXT ( 'NONE', 'WORKASPACE' ) );
#826 = CARTESIAN_POINT ( 'NONE',  ( -61.69999999999998863, -305.5000000000000000, -4.299999999999998934 ) ) ;
#827 =( LENGTH_UNIT ( ) NAMED_UNIT ( * ) SI_UNIT ( .MILLI., .METRE. ) );
#828 = EDGE_CURVE ( 'NONE', #2389, #2389, #1767, .T. ) ;
#829 = STYLED_ITEM ( 'NONE', ( #1321 ), #1871 ) ;
#830 = SURFACE_SIDE_STYLE ('',( #2954 ) ) ;
#831 =( GEOMETRIC_REPRESENTATION_CONTEXT ( 3 ) GLOBAL_UNCERTAINTY_ASSIGNED_CONTEXT ( ( #535 ) ) GLOBAL_UNIT_ASSIGNED_CONTEXT ( ( #1510, #1784, #253 ) ) REPRESENTATION_CONTEXT ( 'NONE', 'WORKASPACE' ) );
#832 = SURFACE_SIDE_STYLE ('',( #3160 ) ) ;
#833 = DIRECTION ( 'NONE',  ( 0.000000000000000000, 0.000000000000000000, 1.000000000000000000 ) ) ;
#834 = ORIENTED_EDGE ( 'NONE', *, *, #1819, .F. ) ;
#835 = AXIS2_PLACEMENT_3D ( 'NONE', #3044, #680, #3024 ) ;
#836 = ORIENTED_EDGE ( 'NONE', *, *, #2641, .T. ) ;
#837 = SURFACE_STYLE_FILL_AREA ( #3166 ) ;
#838 =( NAMED_UNIT ( * ) PLANE_ANGLE_UNIT ( ) SI_UNIT ( $, .RADIAN. ) );
#839 = PRESENTATION_STYLE_ASSIGNMENT (( #2871 ) ) ;
#840 = CARTESIAN_POINT ( 'NONE',  ( -48.10000000000005116, -268.5000000000000000, -1.000000000003179901 ) ) ;
#841 =( LENGTH_UNIT ( ) NAMED_UNIT ( * ) SI_UNIT ( .MILLI., .METRE. ) );
#842 = CIRCLE ( 'NONE', #2730, 1.000000000000000888 ) ;
#843 = FILL_AREA_STYLE ('',( #1596 ) ) ;
#844 = ORIENTED_EDGE ( 'NONE', *, *, #589, .F. ) ;
#845 = AXIS2_PLACEMENT_3D ( 'NONE', #166, #1635, #2784 ) ;
#846 = FILL_AREA_STYLE_COLOUR ( '', #153 ) ;
#847 = AXIS2_PLACEMENT_3D ( 'NONE', #3013, #900, #683 ) ;
#848 = EDGE_CURVE ( 'NONE', #2392, #2045, #534, .T. ) ;
#849 = CARTESIAN_POINT ( 'NONE',  ( 34.00000000000000000, -307.0000000000000000, 16.50000000000000000 ) ) ;
#850 = DIRECTION ( 'NONE',  ( 0.000000000000000000, -1.000000000000000000, 0.000000000000000000 ) ) ;
#851 = FACE_OUTER_BOUND ( 'NONE', #2479, .T. ) ;
#852 = EDGE_LOOP ( 'NONE', ( #704 ) ) ;
#853 = EDGE_CURVE ( 'NONE', #49, #2861, #2856, .T. ) ;
#854 = CARTESIAN_POINT ( 'NONE',  ( 33.99999999999999289, -302.7500000000000000, 23.80000000000000071 ) ) ;
#855 = CARTESIAN_POINT ( 'NONE',  ( 20.40000000000005542, -272.6999999999999886, -3.000000000003179679 ) ) ;
#856 = DIRECTION ( 'NONE',  ( 1.000000000000000000, 0.000000000000000000, 0.000000000000000000 ) ) ;
#857 = PRESENTATION_STYLE_ASSIGNMENT (( #347 ) ) ;
#858 = FILL_AREA_STYLE_COLOUR ( '', #1604 ) ;
#859 = VERTEX_POINT ( 'NONE', #1557 ) ;
#860 =( NAMED_UNIT ( * ) SI_UNIT ( $, .STERADIAN. ) SOLID_ANGLE_UNIT ( ) );
#861 = PRESENTATION_STYLE_ASSIGNMENT (( #2105 ) ) ;
#862 = FILL_AREA_STYLE ('',( #846 ) ) ;
#863 =( NAMED_UNIT ( * ) PLANE_ANGLE_UNIT ( ) SI_UNIT ( $, .RADIAN. ) );
#864 = DIRECTION ( 'NONE',  ( 0.000000000000000000, 1.000000000000000000, -9.011550524554843201E-17 ) ) ;
#865 = LINE ( 'NONE', #315, #2842 ) ;
#866 = ADVANCED_FACE ( 'NONE', ( #2310, #802 ), #3322, .F. ) ;
#867 =( NAMED_UNIT ( * ) PLANE_ANGLE_UNIT ( ) SI_UNIT ( $, .RADIAN. ) );
#868 =( NAMED_UNIT ( * ) SI_UNIT ( $, .STERADIAN. ) SOLID_ANGLE_UNIT ( ) );
#869 = CARTESIAN_POINT ( 'NONE',  ( 24.20000000000005613, -298.5000000000000000, 18.49999999999676348 ) ) ;
#870 = DIRECTION ( 'NONE',  ( 1.000000000000000000, 0.000000000000000000, 0.000000000000000000 ) ) ;
#871 = MECHANICAL_DESIGN_GEOMETRIC_PRESENTATION_REPRESENTATION (  '', ( #142 ), #2935 ) ;
#872 = CARTESIAN_POINT ( 'NONE',  ( -3.799999999999994493, -224.2100000000000080, 18.69999999999997442 ) ) ;
#873 = PLANE ( 'NONE',  #47 ) ;
#874 = PRESENTATION_LAYER_ASSIGNMENT (  '', '', ( #2379 ) ) ;
#875 = EDGE_LOOP ( 'NONE', ( #550 ) ) ;
#876 = CARTESIAN_POINT ( 'NONE',  ( -61.69999999999998863, -307.0000000000000000, 16.50000000000000000 ) ) ;
#877 = CARTESIAN_POINT ( 'NONE',  ( -69.44999999999998863, -302.7500000000000000, 27.29999999999999716 ) ) ;
#878 = PLANE ( 'NONE',  #1137 ) ;
#879 = STYLED_ITEM ( 'NONE', ( #769 ), #1385 ) ;
#880 = PRESENTATION_LAYER_ASSIGNMENT (  '', '', ( #2766 ) ) ;
#881 = VECTOR ( 'NONE', #1540, 1000.000000000000000 ) ;
#882 =( GEOMETRIC_REPRESENTATION_CONTEXT ( 3 ) GLOBAL_UNCERTAINTY_ASSIGNED_CONTEXT ( ( #1029 ) ) GLOBAL_UNIT_ASSIGNED_CONTEXT ( ( #2134, #867, #1590 ) ) REPRESENTATION_CONTEXT ( 'NONE', 'WORKASPACE' ) );
#883 = LINE ( 'NONE', #2976, #1866 ) ;
#884 = ORIENTED_EDGE ( 'NONE', *, *, #2356, .F. ) ;
#885 = STYLED_ITEM ( 'NONE', ( #3077 ), #1438 ) ;
#886 = DIRECTION ( 'NONE',  ( 0.000000000000000000, 0.000000000000000000, 1.000000000000000000 ) ) ;
#887 = LINE ( 'NONE', #2717, #1584 ) ;
#888 =( GEOMETRIC_REPRESENTATION_CONTEXT ( 3 ) GLOBAL_UNCERTAINTY_ASSIGNED_CONTEXT ( ( #3381 ) ) GLOBAL_UNIT_ASSIGNED_CONTEXT ( ( #114, #352, #2706 ) ) REPRESENTATION_CONTEXT ( 'NONE', 'WORKASPACE' ) );
#889 = VERTEX_POINT ( 'NONE', #1645 ) ;
#890 = LINE ( 'NONE', #2914, #2111 ) ;
#891 = STYLED_ITEM ( 'NONE', ( #1945 ), #2205 ) ;
#892 = EDGE_CURVE ( 'NONE', #3190, #3190, #143, .T. ) ;
#893 = SURFACE_STYLE_USAGE ( .BOTH. , #3229 ) ;
#894 = VECTOR ( 'NONE', #3181, 1000.000000000000000 ) ;
#895 = DIRECTION ( 'NONE',  ( -1.000000000000000000, 0.000000000000000000, 8.420987747460214397E-17 ) ) ;
#896 =( LENGTH_UNIT ( ) NAMED_UNIT ( * ) SI_UNIT ( .MILLI., .METRE. ) );
#897 = STYLED_ITEM ( 'NONE', ( #1272 ), #614 ) ;
#898 = PLANE ( 'NONE',  #1494 ) ;
#899 =( LENGTH_UNIT ( ) NAMED_UNIT ( * ) SI_UNIT ( .MILLI., .METRE. ) );
#900 = DIRECTION ( 'NONE',  ( 1.000000000000000000, 0.000000000000000000, -0.000000000000000000 ) ) ;
#901 = COLOUR_RGB ( '',0.1019607843137254888, 0.1019607843137254888, 0.1019607843137254888 ) ;
#902 = DIRECTION ( 'NONE',  ( 0.000000000000000000, -1.000000000000000000, 0.000000000000000000 ) ) ;
#903 = FILL_AREA_STYLE ('',( #2477 ) ) ;
#904 = VECTOR ( 'NONE', #2534, 1000.000000000000000 ) ;
#905 = SURFACE_STYLE_USAGE ( .BOTH. , #1209 ) ;
#906 = AXIS2_PLACEMENT_3D ( 'NONE', #3067, #1752, #1497 ) ;
#907 = DIRECTION ( 'NONE',  ( 0.000000000000000000, 0.000000000000000000, 1.000000000000000000 ) ) ;
#908 = FILL_AREA_STYLE_COLOUR ( '', #2224 ) ;
#909 = EDGE_CURVE ( 'NONE', #1390, #1390, #533, .T. ) ;
#910 = SURFACE_STYLE_FILL_AREA ( #2492 ) ;
#911 = PLANE ( 'NONE',  #2447 ) ;
#912 = CARTESIAN_POINT ( 'NONE',  ( 34.00000000000000000, -307.0000000000000000, 0.000000000000000000 ) ) ;
#913 =( NAMED_UNIT ( * ) SI_UNIT ( $, .STERADIAN. ) SOLID_ANGLE_UNIT ( ) );
#914 = CARTESIAN_POINT ( 'NONE',  ( 10.15000000000000568, -268.5000000000000000, -7.299999999999997158 ) ) ;
#915 =( LENGTH_UNIT ( ) NAMED_UNIT ( * ) SI_UNIT ( .MILLI., .METRE. ) );
#916 = PLANE ( 'NONE',  #1615 ) ;
#917 = PLANE ( 'NONE',  #1382 ) ;
#918 = EDGE_LOOP ( 'NONE', ( #1776 ) ) ;
#919 = DIRECTION ( 'NONE',  ( 0.000000000000000000, 1.000000000000000000, 0.000000000000000000 ) ) ;
#920 = AXIS2_PLACEMENT_3D ( 'NONE', #2873, #3359, #2802 ) ;
#921 = EDGE_CURVE ( 'NONE', #218, #1641, #2006, .T. ) ;
#922 = STYLED_ITEM ( 'NONE', ( #406 ), #1606 ) ;
#923 = COLOUR_RGB ( '',0.1019607843137254888, 0.1019607843137254888, 0.1019607843137254888 ) ;
#924 = FACE_OUTER_BOUND ( 'NONE', #158, .T. ) ;
#925 = CARTESIAN_POINT ( 'NONE',  ( 24.20000000000005613, -305.5000000000000000, 17.49999999999675993 ) ) ;
#926 = ORIENTED_EDGE ( 'NONE', *, *, #589, .T. ) ;
#927 = MECHANICAL_DESIGN_GEOMETRIC_PRESENTATION_REPRESENTATION (  '', ( #1304 ), #3331 ) ;
#928 = STYLED_ITEM ( 'NONE', ( #446 ), #1968 ) ;
#929 =( NAMED_UNIT ( * ) PLANE_ANGLE_UNIT ( ) SI_UNIT ( $, .RADIAN. ) );
#930 = FILL_AREA_STYLE ('',( #1426 ) ) ;
#931 = DIRECTION ( 'NONE',  ( 0.000000000000000000, 0.7071067811865425767, 0.7071067811865524577 ) ) ;
#932 = PRESENTATION_STYLE_ASSIGNMENT (( #2204 ) ) ;
#933 = VECTOR ( 'NONE', #1197, 1000.000000000000000 ) ;
#934 = AXIS2_PLACEMENT_3D ( 'NONE', #368, #2474, #355 ) ;
#935 = PRESENTATION_STYLE_ASSIGNMENT (( #639 ) ) ;
#936 = VECTOR ( 'NONE', #1476, 1000.000000000000000 ) ;
#937 = DIRECTION ( 'NONE',  ( 0.000000000000000000, 0.000000000000000000, 1.000000000000000000 ) ) ;
#938 = VERTEX_POINT ( 'NONE', #2288 ) ;
#939 = ADVANCED_FACE ( 'NONE', ( #3058, #744 ), #2580, .F. ) ;
#940 = FACE_OUTER_BOUND ( 'NONE', #2813, .T. ) ;
#941 = ORIENTED_EDGE ( 'NONE', *, *, #848, .F. ) ;
#942 = APPLICATION_PROTOCOL_DEFINITION ( 'draft international standard', 'automotive_design', 1998, #545 ) ;
#943 = ORIENTED_EDGE ( 'NONE', *, *, #2770, .T. ) ;
#944 =( NAMED_UNIT ( * ) PLANE_ANGLE_UNIT ( ) SI_UNIT ( $, .RADIAN. ) );
#945 = VECTOR ( 'NONE', #189, 1000.000000000000000 ) ;
#946 =( NAMED_UNIT ( * ) SI_UNIT ( $, .STERADIAN. ) SOLID_ANGLE_UNIT ( ) );
#947 = LINE ( 'NONE', #188, #164 ) ;
#948 =( NAMED_UNIT ( * ) SI_UNIT ( $, .STERADIAN. ) SOLID_ANGLE_UNIT ( ) );
#949 = FACE_OUTER_BOUND ( 'NONE', #1233, .T. ) ;
#950 = VECTOR ( 'NONE', #2794, 1000.000000000000000 ) ;
#951 = DIRECTION ( 'NONE',  ( -1.000000000000000000, 0.000000000000000000, 0.000000000000000000 ) ) ;
#952 = ORIENTED_EDGE ( 'NONE', *, *, #2510, .T. ) ;
#953 = LINE ( 'NONE', #1198, #1991 ) ;
#954 = CYLINDRICAL_SURFACE ( 'NONE', #626, 1.000000000000001332 ) ;
#955 = EDGE_LOOP ( 'NONE', ( #3121 ) ) ;
#956 = LINE ( 'NONE', #1977, #2225 ) ;
#957 = ORIENTED_EDGE ( 'NONE', *, *, #2947, .F. ) ;
#958 = EDGE_CURVE ( 'NONE', #178, #1700, #2154, .T. ) ;
#959 = ORIENTED_EDGE ( 'NONE', *, *, #1652, .F. ) ;
#960 = SURFACE_STYLE_USAGE ( .BOTH. , #2023 ) ;
#961 = DIRECTION ( 'NONE',  ( 0.000000000000000000, 0.000000000000000000, 1.000000000000000000 ) ) ;
#962 = EDGE_CURVE ( 'NONE', #592, #592, #1665, .T. ) ;
#963 = CARTESIAN_POINT ( 'NONE',  ( 34.00000000000000000, -309.5000000000000000, 23.80000000000000071 ) ) ;
#964 = FILL_AREA_STYLE ('',( #3306 ) ) ;
#965 = FILL_AREA_STYLE ('',( #1169 ) ) ;
#966 = FACE_OUTER_BOUND ( 'NONE', #552, .T. ) ;
#967 = FACE_OUTER_BOUND ( 'NONE', #2778, .T. ) ;
#968 = ORIENTED_EDGE ( 'NONE', *, *, #483, .T. ) ;
#969 = VERTEX_POINT ( 'NONE', #94 ) ;
#970 = CARTESIAN_POINT ( 'NONE',  ( -61.69999999999998863, -307.0000000000000000, 23.80000000000000071 ) ) ;
#971 =( NAMED_UNIT ( * ) SI_UNIT ( $, .STERADIAN. ) SOLID_ANGLE_UNIT ( ) );
#972 = VECTOR ( 'NONE', #1762, 1000.000000000000000 ) ;
#973 = DIRECTION ( 'NONE',  ( 0.000000000000000000, 0.000000000000000000, 1.000000000000000000 ) ) ;
#974 = ORIENTED_EDGE ( 'NONE', *, *, #1354, .F. ) ;
#975 = DIRECTION ( 'NONE',  ( 0.000000000000000000, 0.000000000000000000, -1.000000000000000000 ) ) ;
#976 = VERTEX_POINT ( 'NONE', #593 ) ;
#977 = VECTOR ( 'NONE', #2274, 1000.000000000000000 ) ;
#978 = COLOUR_RGB ( '',0.1019607843137254888, 0.1019607843137254888, 0.1019607843137254888 ) ;
#979 = ORIENTED_EDGE ( 'NONE', *, *, #1691, .F. ) ;
#980 = LINE ( 'NONE', #1052, #1860 ) ;
#981 = EDGE_CURVE ( 'NONE', #49, #2959, #890, .T. ) ;
#982 = AXIS2_PLACEMENT_3D ( 'NONE', #3132, #2098, #1336 ) ;
#983 = DIRECTION ( 'NONE',  ( 0.000000000000000000, -1.000000000000000000, 0.000000000000000000 ) ) ;
#984 = FACE_OUTER_BOUND ( 'NONE', #3086, .T. ) ;
#985 = AXIS2_PLACEMENT_3D ( 'NONE', #2307, #2003, #2519 ) ;
#986 = FACE_OUTER_BOUND ( 'NONE', #1119, .T. ) ;
#987 = DIRECTION ( 'NONE',  ( 0.000000000000000000, 0.000000000000000000, -1.000000000000000000 ) ) ;
#988 = COLOUR_RGB ( '',0.1019607843137254888, 0.1019607843137254888, 0.1019607843137254888 ) ;
#989 = ADVANCED_FACE ( 'NONE', ( #346 ), #2649, .T. ) ;
#990 = COLOUR_RGB ( '',0.1019607843137254888, 0.1019607843137254888, 0.1019607843137254888 ) ;
#991 = CARTESIAN_POINT ( 'NONE',  ( 18.00000000000000000, -305.5000000000000000, 0.000000000000000000 ) ) ;
#992 = PLANE ( 'NONE',  #2495 ) ;
#993 = EDGE_LOOP ( 'NONE', ( #2974 ) ) ;
#994 = CARTESIAN_POINT ( 'NONE',  ( 41.74999999999998579, -273.9500000000000455, 23.79999999999999716 ) ) ;
#995 = UNCERTAINTY_MEASURE_WITH_UNIT (LENGTH_MEASURE( 1.000000000000000082E-05 ), #1993, 'distance_accuracy_value', 'NONE');
#996 = STYLED_ITEM ( 'NONE', ( #3372 ), #237 ) ;
#997 = SURFACE_SIDE_STYLE ('',( #2807 ) ) ;
#998 = CARTESIAN_POINT ( 'NONE',  ( -76.69999999999998863, -302.7500000000000000, 20.80000000000000071 ) ) ;
#999 = ORIENTED_EDGE ( 'NONE', *, *, #803, .F. ) ;
#1000 = SURFACE_STYLE_USAGE ( .BOTH. , #1464 ) ;
#1001 = ORIENTED_EDGE ( 'NONE', *, *, #255, .F. ) ;
#1002 = PRESENTATION_LAYER_ASSIGNMENT (  '', '', ( #897 ) ) ;
#1003 = ORIENTED_EDGE ( 'NONE', *, *, #1691, .T. ) ;
#1004 = SURFACE_STYLE_USAGE ( .BOTH. , #1222 ) ;
#1005 =( NAMED_UNIT ( * ) SI_UNIT ( $, .STERADIAN. ) SOLID_ANGLE_UNIT ( ) );
#1006 = PRESENTATION_LAYER_ASSIGNMENT (  '', '', ( #1917 ) ) ;
#1007 = SURFACE_STYLE_USAGE ( .BOTH. , #1280 ) ;
#1008 = FACE_OUTER_BOUND ( 'NONE', #2940, .T. ) ;
#1009 = EDGE_CURVE ( 'NONE', #22, #364, #1092, .T. ) ;
#1010 = VERTEX_POINT ( 'NONE', #2897 ) ;
#1011 = LINE ( 'NONE', #196, #2275 ) ;
#1012 = PRESENTATION_LAYER_ASSIGNMENT (  '', '', ( #301 ) ) ;
#1013 = CARTESIAN_POINT ( 'NONE',  ( 34.00000000000000000, -305.5000000000000000, 1.836970198721030427E-16 ) ) ;
#1014 = FILL_AREA_STYLE ('',( #2774 ) ) ;
#1015 = FACE_OUTER_BOUND ( 'NONE', #2020, .T. ) ;
#1016 = VERTEX_POINT ( 'NONE', #559 ) ;
#1017 = CARTESIAN_POINT ( 'NONE',  ( 34.00000000000000000, -305.5000000000000000, 16.50000000000000000 ) ) ;
#1018 = ORIENTED_EDGE ( 'NONE', *, *, #1359, .T. ) ;
#1019 = ORIENTED_EDGE ( 'NONE', *, *, #211, .T. ) ;
#1020 = FILL_AREA_STYLE ('',( #2834 ) ) ;
#1021 = DIRECTION ( 'NONE',  ( 0.000000000000000000, 0.000000000000000000, -1.000000000000000000 ) ) ;
#1022 = CARTESIAN_POINT ( 'NONE',  ( -23.89999999999999858, -223.2099999999999795, -0.4000000000000080158 ) ) ;
#1023 = DIRECTION ( 'NONE',  ( -1.000000000000000000, 0.000000000000000000, 0.000000000000000000 ) ) ;
#1024 = LINE ( 'NONE', #1729, #881 ) ;
#1025 = LINE ( 'NONE', #1560, #2376 ) ;
#1026 = ORIENTED_EDGE ( 'NONE', *, *, #1506, .T. ) ;
#1027 = CARTESIAN_POINT ( 'NONE',  ( -50.69999999999999574, -272.6999999999999886, -4.299999999999995381 ) ) ;
#1028 = EDGE_LOOP ( 'NONE', ( #2767, #2527, #3183, #1256 ) ) ;
#1029 = UNCERTAINTY_MEASURE_WITH_UNIT (LENGTH_MEASURE( 1.000000000000000082E-05 ), #2134, 'distance_accuracy_value', 'NONE');
#1030 = VECTOR ( 'NONE', #174, 1000.000000000000000 ) ;
#1031 = ORIENTED_EDGE ( 'NONE', *, *, #2370, .T. ) ;
#1032 = EDGE_LOOP ( 'NONE', ( #2090 ) ) ;
#1033 = ORIENTED_EDGE ( 'NONE', *, *, #2097, .F. ) ;
#1034 = DIRECTION ( 'NONE',  ( 0.000000000000000000, 0.000000000000000000, 1.000000000000000000 ) ) ;
#1035 = FILL_AREA_STYLE_COLOUR ( '', #901 ) ;
#1036 = AXIS2_PLACEMENT_3D ( 'NONE', #599, #1614, #2675 ) ;
#1037 = FILL_AREA_STYLE ('',( #1743 ) ) ;
#1038 = AXIS2_PLACEMENT_3D ( 'NONE', #495, #1537, #3037 ) ;
#1039 =( NAMED_UNIT ( * ) SI_UNIT ( $, .STERADIAN. ) SOLID_ANGLE_UNIT ( ) );
#1040 = ORIENTED_EDGE ( 'NONE', *, *, #1823, .T. ) ;
#1041 = COLOUR_RGB ( '',0.1019607843137254888, 0.1019607843137254888, 0.1019607843137254888 ) ;
#1042 = VERTEX_POINT ( 'NONE', #307 ) ;
#1043 = VECTOR ( 'NONE', #3027, 1000.000000000000000 ) ;
#1044 = COLOUR_RGB ( '',0.1019607843137254888, 0.1019607843137254888, 0.1019607843137254888 ) ;
#1045 =( NAMED_UNIT ( * ) PLANE_ANGLE_UNIT ( ) SI_UNIT ( $, .RADIAN. ) );
#1046 = AXIS2_PLACEMENT_3D ( 'NONE', #1213, #2785, #2457 ) ;
#1047 = FILL_AREA_STYLE_COLOUR ( '', #1459 ) ;
#1048 =( NAMED_UNIT ( * ) PLANE_ANGLE_UNIT ( ) SI_UNIT ( $, .RADIAN. ) );
#1049 = ORIENTED_EDGE ( 'NONE', *, *, #1676, .F. ) ;
#1050 = ADVANCED_FACE ( 'NONE', ( #1335, #2369 ), #2555, .F. ) ;
#1051 = COLOUR_RGB ( '',0.1019607843137254888, 0.1019607843137254888, 0.1019607843137254888 ) ;
#1052 = CARTESIAN_POINT ( 'NONE',  ( -61.69999999999998863, -305.5000000000000000, 20.80000000000000071 ) ) ;
#1053 = DIRECTION ( 'NONE',  ( 1.000000000000000000, 0.000000000000000000, -0.000000000000000000 ) ) ;
#1054 =( GEOMETRIC_REPRESENTATION_CONTEXT ( 3 ) GLOBAL_UNCERTAINTY_ASSIGNED_CONTEXT ( ( #3309 ) ) GLOBAL_UNIT_ASSIGNED_CONTEXT ( ( #2639, #863, #3237 ) ) REPRESENTATION_CONTEXT ( 'NONE', 'WORKASPACE' ) );
#1055 =( NAMED_UNIT ( * ) SI_UNIT ( $, .STERADIAN. ) SOLID_ANGLE_UNIT ( ) );
#1056 = DIRECTION ( 'NONE',  ( 0.000000000000000000, -1.000000000000000000, 0.000000000000000000 ) ) ;
#1057 = SURFACE_SIDE_STYLE ('',( #214 ) ) ;
#1058 = FILL_AREA_STYLE_COLOUR ( '', #1453 ) ;
#1059 = CARTESIAN_POINT ( 'NONE',  ( 48.99999999999999289, -273.9500000000000455, -7.299999999999997158 ) ) ;
#1060 = ORIENTED_EDGE ( 'NONE', *, *, #1189, .F. ) ;
#1061 = STYLED_ITEM ( 'NONE', ( #3255 ), #2983 ) ;
#1062 = VECTOR ( 'NONE', #1090, 1000.000000000000000 ) ;
#1063 = DIRECTION ( 'NONE',  ( 0.000000000000000000, -1.000000000000000000, -1.224646799147353700E-16 ) ) ;
#1064 = UNCERTAINTY_MEASURE_WITH_UNIT (LENGTH_MEASURE( 1.000000000000000082E-05 ), #1976, 'distance_accuracy_value', 'NONE');
#1065 =( NAMED_UNIT ( * ) PLANE_ANGLE_UNIT ( ) SI_UNIT ( $, .RADIAN. ) );
#1066 = FACE_OUTER_BOUND ( 'NONE', #1258, .T. ) ;
#1067 = ORIENTED_EDGE ( 'NONE', *, *, #2903, .F. ) ;
#1068 = CARTESIAN_POINT ( 'NONE',  ( 20.40000000000005542, -268.5000000000000000, 18.49999999999682387 ) ) ;
#1069 = STYLED_ITEM ( 'NONE', ( #1481 ), #3126 ) ;
#1070 = CARTESIAN_POINT ( 'NONE',  ( -76.69999999999998863, -273.9500000000000455, -4.299999999999995381 ) ) ;
#1071 = ORIENTED_EDGE ( 'NONE', *, *, #594, .T. ) ;
#1072 = EDGE_LOOP ( 'NONE', ( #3198, #2796, #1342, #3268 ) ) ;
#1073 = EDGE_CURVE ( 'NONE', #1330, #2331, #1664, .T. ) ;
#1074 = FACE_OUTER_BOUND ( 'NONE', #1774, .T. ) ;
#1075 = VERTEX_POINT ( 'NONE', #2648 ) ;
#1076 =( NAMED_UNIT ( * ) SI_UNIT ( $, .STERADIAN. ) SOLID_ANGLE_UNIT ( ) );
#1077 = EDGE_CURVE ( 'NONE', #775, #1219, #1559, .T. ) ;
#1078 =( NAMED_UNIT ( * ) PLANE_ANGLE_UNIT ( ) SI_UNIT ( $, .RADIAN. ) );
#1079 = VERTEX_POINT ( 'NONE', #309 ) ;
#1080 =( LENGTH_UNIT ( ) NAMED_UNIT ( * ) SI_UNIT ( .MILLI., .METRE. ) );
#1081 = DIRECTION ( 'NONE',  ( 0.000000000000000000, 0.000000000000000000, -1.000000000000000000 ) ) ;
#1082 = ORIENTED_EDGE ( 'NONE', *, *, #785, .T. ) ;
#1083 = CARTESIAN_POINT ( 'NONE',  ( 24.20000000000005613, -309.5000000000000000, 18.49999999999676348 ) ) ;
#1084 =( NAMED_UNIT ( * ) SI_UNIT ( $, .STERADIAN. ) SOLID_ANGLE_UNIT ( ) );
#1085 = ORIENTED_EDGE ( 'NONE', *, *, #165, .F. ) ;
#1086 = LINE ( 'NONE', #2335, #2221 ) ;
#1087 =( GEOMETRIC_REPRESENTATION_CONTEXT ( 3 ) GLOBAL_UNCERTAINTY_ASSIGNED_CONTEXT ( ( #542 ) ) GLOBAL_UNIT_ASSIGNED_CONTEXT ( ( #252, #2801, #612 ) ) REPRESENTATION_CONTEXT ( 'NONE', 'WORKASPACE' ) );
#1088 =( NAMED_UNIT ( * ) SI_UNIT ( $, .STERADIAN. ) SOLID_ANGLE_UNIT ( ) );
#1089 = CARTESIAN_POINT ( 'NONE',  ( 20.40000000000005542, -278.5000000000000000, -2.000000000003177902 ) ) ;
#1090 = DIRECTION ( 'NONE',  ( 0.000000000000000000, -1.000000000000000000, 0.000000000000000000 ) ) ;
#1091 = CARTESIAN_POINT ( 'NONE',  ( -18.84999999999999076, -283.7903702822979426, -3.299999999999998934 ) ) ;
#1092 = LINE ( 'NONE', #1839, #3159 ) ;
#1093 = ADVANCED_FACE ( 'NONE', ( #1598 ), #3172, .T. ) ;
#1094 = ORIENTED_EDGE ( 'NONE', *, *, #3348, .F. ) ;
#1095 = ADVANCED_FACE ( 'NONE', ( #275 ), #1883, .F. ) ;
#1096 = UNCERTAINTY_MEASURE_WITH_UNIT (LENGTH_MEASURE( 1.000000000000000082E-05 ), #3320, 'distance_accuracy_value', 'NONE');
#1097 = PLANE ( 'NONE',  #1725 ) ;
#1098 = CIRCLE ( 'NONE', #340, 5.000000000000000888 ) ;
#1099 = EDGE_CURVE ( 'NONE', #1954, #1378, #2413, .T. ) ;
#1100 =( GEOMETRIC_REPRESENTATION_CONTEXT ( 3 ) GLOBAL_UNCERTAINTY_ASSIGNED_CONTEXT ( ( #3100 ) ) GLOBAL_UNIT_ASSIGNED_CONTEXT ( ( #2829, #2259, #1519 ) ) REPRESENTATION_CONTEXT ( 'NONE', 'WORKASPACE' ) );
#1101 = DIRECTION ( 'NONE',  ( -1.000000000000000000, 0.000000000000000000, 0.000000000000000000 ) ) ;
#1102 = SURFACE_SIDE_STYLE ('',( #1368 ) ) ;
#1103 = ORIENTED_EDGE ( 'NONE', *, *, #1983, .T. ) ;
#1104 = VERTEX_POINT ( 'NONE', #3224 ) ;
#1105 = MECHANICAL_DESIGN_GEOMETRIC_PRESENTATION_REPRESENTATION (  '', ( #996 ), #400 ) ;
#1106 = PRESENTATION_LAYER_ASSIGNMENT (  '', '', ( #2190 ) ) ;
#1107 = SURFACE_SIDE_STYLE ('',( #64 ) ) ;
#1108 = ORIENTED_EDGE ( 'NONE', *, *, #1288, .F. ) ;
#1109 = FILL_AREA_STYLE_COLOUR ( '', #149 ) ;
#1110 = EDGE_CURVE ( 'NONE', #1608, #1608, #1444, .T. ) ;
#1111 = CARTESIAN_POINT ( 'NONE',  ( -22.89999999999998437, -223.2099999999999795, 0.000000000000000000 ) ) ;
#1112 = CARTESIAN_POINT ( 'NONE',  ( -45.69999999999998863, -305.5000000000000000, 20.80000000000000071 ) ) ;
#1113 = COLOUR_RGB ( '',0.1019607843137254888, 0.1019607843137254888, 0.1019607843137254888 ) ;
#1114 = EDGE_CURVE ( 'NONE', #2701, #1961, #3135, .T. ) ;
#1115 = LINE ( 'NONE', #3165, #2884 ) ;
#1116 = ORIENTED_EDGE ( 'NONE', *, *, #853, .T. ) ;
#1117 = LINE ( 'NONE', #509, #1157 ) ;
#1118 = SURFACE_STYLE_USAGE ( .BOTH. , #1102 ) ;
#1119 = EDGE_LOOP ( 'NONE', ( #76 ) ) ;
#1120 = ORIENTED_EDGE ( 'NONE', *, *, #1399, .F. ) ;
#1121 = DIRECTION ( 'NONE',  ( 0.000000000000000000, 0.000000000000000000, 1.000000000000000000 ) ) ;
#1122 = CARTESIAN_POINT ( 'NONE',  ( -23.89999999999999858, -223.2099999999999795, -1.400000000000022782 ) ) ;
#1123 = VERTEX_POINT ( 'NONE', #2668 ) ;
#1124 = DIRECTION ( 'NONE',  ( -0.000000000000000000, -0.000000000000000000, 1.000000000000000000 ) ) ;
#1125 = ORIENTED_EDGE ( 'NONE', *, *, #2170, .T. ) ;
#1126 = DIRECTION ( 'NONE',  ( 0.000000000000000000, 0.000000000000000000, -1.000000000000000000 ) ) ;
#1127 =( NAMED_UNIT ( * ) SI_UNIT ( $, .STERADIAN. ) SOLID_ANGLE_UNIT ( ) );
#1128 = PRESENTATION_STYLE_ASSIGNMENT (( #2086 ) ) ;
#1129 = SURFACE_SIDE_STYLE ('',( #88 ) ) ;
#1130 = CARTESIAN_POINT ( 'NONE',  ( -61.69999999999998863, -307.0000000000000000, 0.000000000000000000 ) ) ;
#1131 = ORIENTED_EDGE ( 'NONE', *, *, #107, .F. ) ;
#1132 = VERTEX_POINT ( 'NONE', #1195 ) ;
#1133 = EDGE_CURVE ( 'NONE', #1334, #1334, #1894, .T. ) ;
#1134 = FILL_AREA_STYLE_COLOUR ( '', #2077 ) ;
#1135 = CARTESIAN_POINT ( 'NONE',  ( -48.10000000000005116, -272.6999999999999886, -3.000000000003176126 ) ) ;
#1136 = FILL_AREA_STYLE ('',( #2945 ) ) ;
#1137 = AXIS2_PLACEMENT_3D ( 'NONE', #3039, #1667, #1903 ) ;
#1138 = DIRECTION ( 'NONE',  ( 0.000000000000000000, -1.000000000000000000, 0.000000000000000000 ) ) ;
#1139 = FACE_OUTER_BOUND ( 'NONE', #2244, .T. ) ;
#1140 = SURFACE_STYLE_FILL_AREA ( #2372 ) ;
#1141 = ORIENTED_EDGE ( 'NONE', *, *, #1777, .T. ) ;
#1142 = DIRECTION ( 'NONE',  ( -0.000000000000000000, -1.000000000000000000, -9.773090005503139098E-17 ) ) ;
#1143 = CARTESIAN_POINT ( 'NONE',  ( 23.00000000000000000, -271.1999999999999886, 20.80000000000000071 ) ) ;
#1144 = LINE ( 'NONE', #2252, #1826 ) ;
#1145 = VECTOR ( 'NONE', #1269, 1000.000000000000000 ) ;
#1146 = DIRECTION ( 'NONE',  ( -0.000000000000000000, -1.000000000000000000, -9.773090005503139098E-17 ) ) ;
#1147 = STYLED_ITEM ( 'NONE', ( #95 ), #1547 ) ;
#1148 = SURFACE_STYLE_USAGE ( .BOTH. , #1934 ) ;
#1149 = PRESENTATION_LAYER_ASSIGNMENT (  '', '', ( #608 ) ) ;
#1150 = CARTESIAN_POINT ( 'NONE',  ( -50.69999999999999574, -272.6999999999999886, -4.299999999999995381 ) ) ;
#1151 = ADVANCED_FACE ( 'NONE', ( #648 ), #394, .F. ) ;
#1152 = DIRECTION ( 'NONE',  ( 0.000000000000000000, -1.000000000000000000, 0.000000000000000000 ) ) ;
#1153 = SHAPE_DEFINITION_REPRESENTATION ( #3278, #1733 ) ;
#1154 = ADVANCED_FACE ( 'NONE', ( #1178, #3245 ), #2218, .T. ) ;
#1155 = DIRECTION ( 'NONE',  ( -1.000000000000000000, 0.000000000000000000, 0.000000000000000000 ) ) ;
#1156 = DIRECTION ( 'NONE',  ( 0.000000000000000000, 0.000000000000000000, 1.000000000000000000 ) ) ;
#1157 = VECTOR ( 'NONE', #1367, 1000.000000000000000 ) ;
#1158 = UNCERTAINTY_MEASURE_WITH_UNIT (LENGTH_MEASURE( 1.000000000000000082E-05 ), #1973, 'distance_accuracy_value', 'NONE');
#1159 = SURFACE_SIDE_STYLE ('',( #624 ) ) ;
#1160 = UNCERTAINTY_MEASURE_WITH_UNIT (LENGTH_MEASURE( 1.000000000000000082E-05 ), #715, 'distance_accuracy_value', 'NONE');
#1161 = CARTESIAN_POINT ( 'NONE',  ( 34.00000000000000000, -309.5000000000000000, 23.80000000000000071 ) ) ;
#1162 = CARTESIAN_POINT ( 'NONE',  ( -61.69999999999998863, -305.5000000000000000, -4.299999999999998934 ) ) ;
#1163 = CIRCLE ( 'NONE', #21, 1.000000000000000888 ) ;
#1164 = VECTOR ( 'NONE', #754, 1000.000000000000000 ) ;
#1165 = CARTESIAN_POINT ( 'NONE',  ( -76.69999999999998863, -302.7500000000000000, 23.79999999999999716 ) ) ;
#1166 = PRESENTATION_STYLE_ASSIGNMENT (( #647 ) ) ;
#1167 = SURFACE_STYLE_FILL_AREA ( #122 ) ;
#1168 = EDGE_CURVE ( 'NONE', #1104, #1104, #3227, .T. ) ;
#1169 = FILL_AREA_STYLE_COLOUR ( '', #1911 ) ;
#1170 = CYLINDRICAL_SURFACE ( 'NONE', #266, 1.000000000000000888 ) ;
#1171 = DIRECTION ( 'NONE',  ( 1.000000000000000000, 0.000000000000000000, 0.000000000000000000 ) ) ;
#1172 = PLANE ( 'NONE',  #847 ) ;
#1173 = EDGE_LOOP ( 'NONE', ( #54 ) ) ;
#1174 = SURFACE_SIDE_STYLE ('',( #3207 ) ) ;
#1175 = PRESENTATION_STYLE_ASSIGNMENT (( #2819 ) ) ;
#1176 = CARTESIAN_POINT ( 'NONE',  ( 34.00000000000000000, -307.0000000000000000, 16.50000000000000000 ) ) ;
#1177 = DIRECTION ( 'NONE',  ( 0.000000000000000000, 1.000000000000000000, 0.000000000000000000 ) ) ;
#1178 = FACE_OUTER_BOUND ( 'NONE', #1201, .T. ) ;
#1179 = MECHANICAL_DESIGN_GEOMETRIC_PRESENTATION_REPRESENTATION (  '', ( #46 ), #141 ) ;
#1180 = STYLED_ITEM ( 'NONE', ( #659 ), #2419 ) ;
#1181 = SURFACE_SIDE_STYLE ('',( #2507 ) ) ;
#1182 = VECTOR ( 'NONE', #322, 1000.000000000000000 ) ;
#1183 = EDGE_CURVE ( 'NONE', #2825, #1339, #2485, .T. ) ;
#1184 = ORIENTED_EDGE ( 'NONE', *, *, #2145, .F. ) ;
#1185 = CARTESIAN_POINT ( 'NONE',  ( 34.00000000000000000, -307.0000000000000000, 0.000000000000000000 ) ) ;
#1186 = STYLED_ITEM ( 'NONE', ( #3226 ), #989 ) ;
#1187 = STYLED_ITEM ( 'NONE', ( #861 ), #3175 ) ;
#1188 = VECTOR ( 'NONE', #919, 1000.000000000000000 ) ;
#1189 = EDGE_CURVE ( 'NONE', #2107, #3134, #2177, .T. ) ;
#1190 = VERTEX_POINT ( 'NONE', #2193 ) ;
#1191 = VECTOR ( 'NONE', #1785, 1000.000000000000000 ) ;
#1192 = PRESENTATION_STYLE_ASSIGNMENT (( #2740 ) ) ;
#1193 = EDGE_LOOP ( 'NONE', ( #502 ) ) ;
#1194 = DIRECTION ( 'NONE',  ( -0.000000000000000000, -0.000000000000000000, -1.000000000000000000 ) ) ;
#1195 = CARTESIAN_POINT ( 'NONE',  ( 18.00000000000000000, -305.5000000000000000, 20.80000000000000071 ) ) ;
#1196 = AXIS2_PLACEMENT_3D ( 'NONE', #1699, #2751, #437 ) ;
#1197 = DIRECTION ( 'NONE',  ( 0.000000000000000000, -0.000000000000000000, -1.000000000000000000 ) ) ;
#1198 = CARTESIAN_POINT ( 'NONE',  ( -76.69999999999998863, -273.9500000000000455, -4.299999999999995381 ) ) ;
#1199 = ADVANCED_FACE ( 'NONE', ( #1927 ), #2982, .T. ) ;
#1200 = PRESENTATION_LAYER_ASSIGNMENT (  '', '', ( #781 ) ) ;
#1201 = EDGE_LOOP ( 'NONE', ( #2528, #3171, #2176, #1807, #1386, #2582, #3074, #262, #1986, #1889, #1721, #3143, #1724, #2186, #1283, #308 ) ) ;
#1202 = ADVANCED_FACE ( 'NONE', ( #1066 ), #2397, .F. ) ;
#1203 = PLANE ( 'NONE',  #2832 ) ;
#1204 = FILL_AREA_STYLE_COLOUR ( '', #452 ) ;
#1205 = MECHANICAL_DESIGN_GEOMETRIC_PRESENTATION_REPRESENTATION (  '', ( #788 ), #2142 ) ;
#1206 = ORIENTED_EDGE ( 'NONE', *, *, #2242, .T. ) ;
#1207 = VECTOR ( 'NONE', #2396, 1000.000000000000000 ) ;
#1208 = FILL_AREA_STYLE_COLOUR ( '', #2609 ) ;
#1209 = SURFACE_SIDE_STYLE ('',( #1662 ) ) ;
#1210 =( LENGTH_UNIT ( ) NAMED_UNIT ( * ) SI_UNIT ( .MILLI., .METRE. ) );
#1211 = FACE_OUTER_BOUND ( 'NONE', #2662, .T. ) ;
#1212 = MECHANICAL_DESIGN_GEOMETRIC_PRESENTATION_REPRESENTATION (  '', ( #795 ), #1640 ) ;
#1213 = CARTESIAN_POINT ( 'NONE',  ( -61.69999999999998863, -307.0000000000000000, 16.50000000000000000 ) ) ;
#1214 = ORIENTED_EDGE ( 'NONE', *, *, #3068, .T. ) ;
#1215 = EDGE_LOOP ( 'NONE', ( #1445, #2315, #1795, #455 ) ) ;
#1216 = SURFACE_STYLE_FILL_AREA ( #2513 ) ;
#1217 = EDGE_CURVE ( 'NONE', #787, #859, #3138, .T. ) ;
#1218 = SURFACE_SIDE_STYLE ('',( #471 ) ) ;
#1219 = VERTEX_POINT ( 'NONE', #2882 ) ;
#1220 = ORIENTED_EDGE ( 'NONE', *, *, #2328, .F. ) ;
#1221 = ADVANCED_FACE ( 'NONE', ( #2363, #547 ), #2377, .F. ) ;
#1222 = SURFACE_SIDE_STYLE ('',( #2852 ) ) ;
#1223 = LINE ( 'NONE', #2266, #2404 ) ;
#1224 = CARTESIAN_POINT ( 'NONE',  ( 34.00000000000000000, -305.5000000000000000, -4.299999999999998934 ) ) ;
#1225 = CARTESIAN_POINT ( 'NONE',  ( 23.00000000000000000, -272.6999999999999886, -4.299999999999995381 ) ) ;
#1226 = DIRECTION ( 'NONE',  ( 1.000000000000000000, 0.000000000000000000, 0.000000000000000000 ) ) ;
#1227 = ORIENTED_EDGE ( 'NONE', *, *, #45, .T. ) ;
#1228 =( GEOMETRIC_REPRESENTATION_CONTEXT ( 3 ) GLOBAL_UNCERTAINTY_ASSIGNED_CONTEXT ( ( #3174 ) ) GLOBAL_UNIT_ASSIGNED_CONTEXT ( ( #1960, #1806, #2323 ) ) REPRESENTATION_CONTEXT ( 'NONE', 'WORKASPACE' ) );
#1229 = EDGE_LOOP ( 'NONE', ( #2626 ) ) ;
#1230 =( NAMED_UNIT ( * ) PLANE_ANGLE_UNIT ( ) SI_UNIT ( $, .RADIAN. ) );
#1231 = MECHANICAL_DESIGN_GEOMETRIC_PRESENTATION_REPRESENTATION (  '', ( #3318 ), #2763 ) ;
#1232 = PRESENTATION_STYLE_ASSIGNMENT (( #1447 ) ) ;
#1233 = EDGE_LOOP ( 'NONE', ( #2351, #3096, #2591, #3047 ) ) ;
#1234 = CARTESIAN_POINT ( 'NONE',  ( -37.85000000000000142, -268.5000000000000000, 23.79999999999997584 ) ) ;
#1235 = VERTEX_POINT ( 'NONE', #1962 ) ;
#1236 = MECHANICAL_DESIGN_GEOMETRIC_PRESENTATION_REPRESENTATION (  '', ( #879 ), #430 ) ;
#1237 = COLOUR_RGB ( '',0.1019607843137254888, 0.1019607843137254888, 0.1019607843137254888 ) ;
#1238 =( NAMED_UNIT ( * ) PLANE_ANGLE_UNIT ( ) SI_UNIT ( $, .RADIAN. ) );
#1239 = EDGE_CURVE ( 'NONE', #2905, #1339, #953, .T. ) ;
#1240 = DIRECTION ( 'NONE',  ( 0.000000000000000000, 0.000000000000000000, 1.000000000000000000 ) ) ;
#1241 =( NAMED_UNIT ( * ) SI_UNIT ( $, .STERADIAN. ) SOLID_ANGLE_UNIT ( ) );
#1242 = CARTESIAN_POINT ( 'NONE',  ( 0.000000000000000000, -309.5000000000000000, 0.000000000000000000 ) ) ;
#1243 = STYLED_ITEM ( 'NONE', ( #2728 ), #1912 ) ;
#1244 = FACE_OUTER_BOUND ( 'NONE', #1706, .T. ) ;
#1245 = LINE ( 'NONE', #1821, #1287 ) ;
#1246 = ORIENTED_EDGE ( 'NONE', *, *, #350, .T. ) ;
#1247 = PRESENTATION_LAYER_ASSIGNMENT (  '', '', ( #1625 ) ) ;
#1248 = DIRECTION ( 'NONE',  ( 1.000000000000000000, 0.000000000000000000, 0.000000000000000000 ) ) ;
#1249 = ORIENTED_EDGE ( 'NONE', *, *, #2969, .F. ) ;
#1250 =( GEOMETRIC_REPRESENTATION_CONTEXT ( 3 ) GLOBAL_UNCERTAINTY_ASSIGNED_CONTEXT ( ( #2378 ) ) GLOBAL_UNIT_ASSIGNED_CONTEXT ( ( #557, #321, #573 ) ) REPRESENTATION_CONTEXT ( 'NONE', 'WORKASPACE' ) );
#1251 = MECHANICAL_DESIGN_GEOMETRIC_PRESENTATION_REPRESENTATION (  '', ( #2451 ), #3340 ) ;
#1252 = DIRECTION ( 'NONE',  ( 1.000000000000000000, 0.000000000000000000, 0.000000000000000000 ) ) ;
#1253 = FILL_AREA_STYLE_COLOUR ( '', #2452 ) ;
#1254 = ORIENTED_EDGE ( 'NONE', *, *, #3180, .T. ) ;
#1255 = CARTESIAN_POINT ( 'NONE',  ( -46.69999999999998863, -268.5000000000000000, 23.79999999999999716 ) ) ;
#1256 = ORIENTED_EDGE ( 'NONE', *, *, #2602, .T. ) ;
#1257 = COLOUR_RGB ( '',0.1019607843137254888, 0.1019607843137254888, 0.1019607843137254888 ) ;
#1258 = EDGE_LOOP ( 'NONE', ( #1125, #2758, #642, #2359, #1131, #1268, #1486, #1908, #226, #2149 ) ) ;
#1259 =( NAMED_UNIT ( * ) SI_UNIT ( $, .STERADIAN. ) SOLID_ANGLE_UNIT ( ) );
#1260 = PLANE ( 'NONE',  #985 ) ;
#1261 = FACE_BOUND ( 'NONE', #3353, .T. ) ;
#1262 = DIRECTION ( 'NONE',  ( 0.000000000000000000, 1.000000000000000000, 0.000000000000000000 ) ) ;
#1263 = EDGE_CURVE ( 'NONE', #2339, #2392, #2209, .T. ) ;
#1264 = STYLED_ITEM ( 'NONE', ( #3029 ), #3083 ) ;
#1265 = MECHANICAL_DESIGN_GEOMETRIC_PRESENTATION_REPRESENTATION (  '', ( #2736 ), #3295 ) ;
#1266 = DIRECTION ( 'NONE',  ( 0.000000000000000000, -1.000000000000000000, 0.000000000000000000 ) ) ;
#1267 = CARTESIAN_POINT ( 'NONE',  ( 23.00000000000000000, -271.1999999999999886, -4.299999999999995381 ) ) ;
#1268 = ORIENTED_EDGE ( 'NONE', *, *, #921, .F. ) ;
#1269 = DIRECTION ( 'NONE',  ( -0.000000000000000000, 0.000000000000000000, -1.000000000000000000 ) ) ;
#1270 = EDGE_CURVE ( 'NONE', #775, #2384, #140, .T. ) ;
#1271 = AXIS2_PLACEMENT_3D ( 'NONE', #1317, #2383, #297 ) ;
#1272 = PRESENTATION_STYLE_ASSIGNMENT (( #507 ) ) ;
#1273 = LINE ( 'NONE', #1769, #1421 ) ;
#1274 = FILL_AREA_STYLE ('',( #461 ) ) ;
#1275 = ORIENTED_EDGE ( 'NONE', *, *, #570, .F. ) ;
#1276 = VERTEX_POINT ( 'NONE', #697 ) ;
#1277 = DIRECTION ( 'NONE',  ( 0.000000000000000000, 0.000000000000000000, -1.000000000000000000 ) ) ;
#1278 = CARTESIAN_POINT ( 'NONE',  ( 34.00000000000000000, -271.1999999999999886, 20.80000000000000071 ) ) ;
#1279 =( NAMED_UNIT ( * ) PLANE_ANGLE_UNIT ( ) SI_UNIT ( $, .RADIAN. ) );
#1280 = SURFACE_SIDE_STYLE ('',( #3345 ) ) ;
#1281 = ORIENTED_EDGE ( 'NONE', *, *, #2314, .F. ) ;
#1282 = CARTESIAN_POINT ( 'NONE',  ( -13.85000000000023057, -248.2149660633792507, 14.49999999999997335 ) ) ;
#1283 = ORIENTED_EDGE ( 'NONE', *, *, #299, .F. ) ;
#1284 = UNCERTAINTY_MEASURE_WITH_UNIT (LENGTH_MEASURE( 1.000000000000000082E-05 ), #1678, 'distance_accuracy_value', 'NONE');
#1285 = EDGE_CURVE ( 'NONE', #442, #49, #1685, .T. ) ;
#1286 = FILL_AREA_STYLE_COLOUR ( '', #1988 ) ;
#1287 = VECTOR ( 'NONE', #2876, 1000.000000000000000 ) ;
#1288 = EDGE_CURVE ( 'NONE', #386, #1756, #1442, .T. ) ;
#1289 = COLOUR_RGB ( '',0.1019607843137254888, 0.1019607843137254888, 0.1019607843137254888 ) ;
#1290 = ORIENTED_EDGE ( 'NONE', *, *, #2007, .T. ) ;
#1291 = FACE_OUTER_BOUND ( 'NONE', #1477, .T. ) ;
#1292 =( NAMED_UNIT ( * ) PLANE_ANGLE_UNIT ( ) SI_UNIT ( $, .RADIAN. ) );
#1293 = ORIENTED_EDGE ( 'NONE', *, *, #280, .T. ) ;
#1294 = VERTEX_POINT ( 'NONE', #1701 ) ;
#1295 = FACE_OUTER_BOUND ( 'NONE', #3308, .T. ) ;
#1296 = CARTESIAN_POINT ( 'NONE',  ( -50.69999999999999574, -271.1999999999999886, 20.80000000000000071 ) ) ;
#1297 = SURFACE_STYLE_USAGE ( .BOTH. , #2322 ) ;
#1298 = COLOUR_RGB ( '',0.1019607843137254888, 0.1019607843137254888, 0.1019607843137254888 ) ;
#1299 = DIRECTION ( 'NONE',  ( -1.000000000000000000, 0.000000000000000000, 0.000000000000000000 ) ) ;
#1300 =( GEOMETRIC_REPRESENTATION_CONTEXT ( 3 ) GLOBAL_UNCERTAINTY_ASSIGNED_CONTEXT ( ( #3247 ) ) GLOBAL_UNIT_ASSIGNED_CONTEXT ( ( #841, #62, #1076 ) ) REPRESENTATION_CONTEXT ( 'NONE', 'WORKASPACE' ) );
#1301 = DIRECTION ( 'NONE',  ( 0.000000000000000000, -0.000000000000000000, -1.000000000000000000 ) ) ;
#1302 = SURFACE_STYLE_USAGE ( .BOTH. , #1057 ) ;
#1303 = COLOUR_RGB ( '',0.1019607843137254888, 0.1019607843137254888, 0.1019607843137254888 ) ;
#1304 = STYLED_ITEM ( 'NONE', ( #3356 ), #1735 ) ;
#1305 = FILL_AREA_STYLE_COLOUR ( '', #761 ) ;
#1306 = DIRECTION ( 'NONE',  ( 1.000000000000000000, 0.000000000000000000, 0.000000000000000000 ) ) ;
#1307 = CARTESIAN_POINT ( 'NONE',  ( -3.799999999999994493, -224.2100000000000080, -1.400000000000022782 ) ) ;
#1308 = EDGE_LOOP ( 'NONE', ( #2422 ) ) ;
#1309 = MECHANICAL_DESIGN_GEOMETRIC_PRESENTATION_REPRESENTATION (  '', ( #1243 ), #1950 ) ;
#1310 = AXIS2_PLACEMENT_3D ( 'NONE', #1282, #3080, #717 ) ;
#1311 = DIRECTION ( 'NONE',  ( -1.000000000000000000, 0.000000000000000000, -0.000000000000000000 ) ) ;
#1312 = EDGE_CURVE ( 'NONE', #2472, #1235, #2753, .T. ) ;
#1313 = VECTOR ( 'NONE', #1226, 1000.000000000000000 ) ;
#1314 = AXIS2_PLACEMENT_3D ( 'NONE', #3280, #2197, #3000 ) ;
#1315 = LINE ( 'NONE', #3140, #1517 ) ;
#1316 = CARTESIAN_POINT ( 'NONE',  ( 48.99999999999999289, -307.0000000000000000, 0.000000000000000000 ) ) ;
#1317 = CARTESIAN_POINT ( 'NONE',  ( 34.00000000000000000, -305.5000000000000000, 1.836970198721030427E-16 ) ) ;
#1318 = EDGE_LOOP ( 'NONE', ( #700 ) ) ;
#1319 = EDGE_LOOP ( 'NONE', ( #2321 ) ) ;
#1320 = EDGE_CURVE ( 'NONE', #228, #1487, #102, .T. ) ;
#1321 = PRESENTATION_STYLE_ASSIGNMENT (( #530 ) ) ;
#1322 = CARTESIAN_POINT ( 'NONE',  ( -61.69999999999998863, -305.5000000000000000, 16.50000000000000000 ) ) ;
#1323 = ORIENTED_EDGE ( 'NONE', *, *, #2750, .F. ) ;
#1324 = VECTOR ( 'NONE', #30, 1000.000000000000000 ) ;
#1325 = SURFACE_STYLE_FILL_AREA ( #1563 ) ;
#1326 =( LENGTH_UNIT ( ) NAMED_UNIT ( * ) SI_UNIT ( .MILLI., .METRE. ) );
#1327 = CARTESIAN_POINT ( 'NONE',  ( 41.74999999999999289, -302.7500000000000000, 27.29999999999999716 ) ) ;
#1328 = AXIS2_PLACEMENT_3D ( 'NONE', #703, #227, #975 ) ;
#1329 = VERTEX_POINT ( 'NONE', #667 ) ;
#1330 = VERTEX_POINT ( 'NONE', #2429 ) ;
#1331 = FACE_OUTER_BOUND ( 'NONE', #489, .T. ) ;
#1332 = EDGE_CURVE ( 'NONE', #1294, #3062, #2196, .T. ) ;
#1333 = CARTESIAN_POINT ( 'NONE',  ( 48.99999999999999289, -273.9500000000000455, -7.299999999999997158 ) ) ;
#1334 = VERTEX_POINT ( 'NONE', #2944 ) ;
#1335 = FACE_BOUND ( 'NONE', #261, .T. ) ;
#1336 = DIRECTION ( 'NONE',  ( 0.000000000000000000, 1.000000000000000000, 1.224646799147353947E-16 ) ) ;
#1337 = MANIFOLD_SOLID_BREP ( 'Boss-Extrude7', #2127 ) ;
#1338 = SURFACE_SIDE_STYLE ('',( #2899 ) ) ;
#1339 = VERTEX_POINT ( 'NONE', #2788 ) ;
#1340 =( NAMED_UNIT ( * ) SI_UNIT ( $, .STERADIAN. ) SOLID_ANGLE_UNIT ( ) );
#1341 = DIRECTION ( 'NONE',  ( 0.000000000000000000, -1.000000000000000000, 1.334402673828312846E-16 ) ) ;
#1342 = ORIENTED_EDGE ( 'NONE', *, *, #1610, .F. ) ;
#1343 = DIRECTION ( 'NONE',  ( -0.000000000000000000, -1.000000000000000000, -0.000000000000000000 ) ) ;
#1344 = ORIENTED_EDGE ( 'NONE', *, *, #3221, .F. ) ;
#1345 = COLOUR_RGB ( '',0.1019607843137254888, 0.1019607843137254888, 0.1019607843137254888 ) ;
#1346 = MECHANICAL_DESIGN_GEOMETRIC_PRESENTATION_REPRESENTATION (  '', ( #3090 ), #2104 ) ;
#1347 = PRESENTATION_LAYER_ASSIGNMENT (  '', '', ( #818 ) ) ;
#1348 = LINE ( 'NONE', #2942, #2061 ) ;
#1349 = DIRECTION ( 'NONE',  ( 0.000000000000000000, 0.000000000000000000, -1.000000000000000000 ) ) ;
#1350 =( NAMED_UNIT ( * ) PLANE_ANGLE_UNIT ( ) SI_UNIT ( $, .RADIAN. ) );
#1351 = CARTESIAN_POINT ( 'NONE',  ( 24.20000000000005613, -309.5000000000000000, 17.49999999999675993 ) ) ;
#1352 = COLOUR_RGB ( '',0.1019607843137254888, 0.1019607843137254888, 0.1019607843137254888 ) ;
#1353 = SURFACE_SIDE_STYLE ('',( #323 ) ) ;
#1354 = EDGE_CURVE ( 'NONE', #1756, #2922, #651, .T. ) ;
#1355 = COLOUR_RGB ( '',0.1019607843137254888, 0.1019607843137254888, 0.1019607843137254888 ) ;
#1356 = SURFACE_STYLE_USAGE ( .BOTH. , #3231 ) ;
#1357 = VERTEX_POINT ( 'NONE', #2843 ) ;
#1358 = STYLED_ITEM ( 'NONE', ( #2653 ), #1093 ) ;
#1359 = EDGE_CURVE ( 'NONE', #2711, #205, #1011, .T. ) ;
#1360 = UNCERTAINTY_MEASURE_WITH_UNIT (LENGTH_MEASURE( 1.000000000000000082E-05 ), #740, 'distance_accuracy_value', 'NONE');
#1361 = UNCERTAINTY_MEASURE_WITH_UNIT (LENGTH_MEASURE( 1.000000000000000082E-05 ), #2189, 'distance_accuracy_value', 'NONE');
#1362 = DIRECTION ( 'NONE',  ( 0.000000000000000000, 5.042800802258162337E-17, 1.000000000000000000 ) ) ;
#1363 = MECHANICAL_DESIGN_GEOMETRIC_PRESENTATION_REPRESENTATION (  '', ( #2181 ), #2946 ) ;
#1364 = AXIS2_PLACEMENT_3D ( 'NONE', #1150, #2775, #201 ) ;
#1365 = SURFACE_SIDE_STYLE ('',( #808 ) ) ;
#1366 = FACE_OUTER_BOUND ( 'NONE', #2403, .T. ) ;
#1367 = DIRECTION ( 'NONE',  ( 0.000000000000000000, 0.000000000000000000, -1.000000000000000000 ) ) ;
#1368 = SURFACE_STYLE_FILL_AREA ( #2349 ) ;
#1369 = ORIENTED_EDGE ( 'NONE', *, *, #3221, .T. ) ;
#1370 = VECTOR ( 'NONE', #951, 1000.000000000000000 ) ;
#1371 = PRESENTATION_LAYER_ASSIGNMENT (  '', '', ( #2678 ) ) ;
#1372 = DIRECTION ( 'NONE',  ( 0.000000000000000000, 0.000000000000000000, -1.000000000000000000 ) ) ;
#1373 = SURFACE_STYLE_FILL_AREA ( #343 ) ;
#1374 = CARTESIAN_POINT ( 'NONE',  ( 34.00000000000000000, -268.5000000000000000, 23.79999999999999716 ) ) ;
#1375 = STYLED_ITEM ( 'NONE', ( #3197 ), #500 ) ;
#1376 =( NAMED_UNIT ( * ) PLANE_ANGLE_UNIT ( ) SI_UNIT ( $, .RADIAN. ) );
#1377 =( GEOMETRIC_REPRESENTATION_CONTEXT ( 3 ) GLOBAL_UNCERTAINTY_ASSIGNED_CONTEXT ( ( #1650 ) ) GLOBAL_UNIT_ASSIGNED_CONTEXT ( ( #1833, #23, #3161 ) ) REPRESENTATION_CONTEXT ( 'NONE', 'WORKASPACE' ) );
#1378 = VERTEX_POINT ( 'NONE', #1027 ) ;
#1379 = CARTESIAN_POINT ( 'NONE',  ( -50.69999999999999574, -272.6999999999999886, -4.299999999999995381 ) ) ;
#1380 = DIRECTION ( 'NONE',  ( -0.7071067811865524577, 0.7071067811865425767, 0.000000000000000000 ) ) ;
#1381 = SURFACE_STYLE_FILL_AREA ( #2677 ) ;
#1382 = AXIS2_PLACEMENT_3D ( 'NONE', #2781, #516, #2060 ) ;
#1383 = FACE_OUTER_BOUND ( 'NONE', #1410, .T. ) ;
#1384 = LINE ( 'NONE', #2421, #1465 ) ;
#1385 = ADVANCED_FACE ( 'NONE', ( #2806, #789 ), #2029, .F. ) ;
#1386 = ORIENTED_EDGE ( 'NONE', *, *, #1877, .T. ) ;
#1387 = VERTEX_POINT ( 'NONE', #994 ) ;
#1388 = MECHANICAL_DESIGN_GEOMETRIC_PRESENTATION_REPRESENTATION (  '', ( #301 ), #3248 ) ;
#1389 = DIRECTION ( 'NONE',  ( 0.000000000000000000, -5.042800802258162337E-17, -1.000000000000000000 ) ) ;
#1390 = VERTEX_POINT ( 'NONE', #61 ) ;
#1391 = CARTESIAN_POINT ( 'NONE',  ( 34.00000000000000000, -271.1999999999999886, 20.80000000000000071 ) ) ;
#1392 = VERTEX_POINT ( 'NONE', #241 ) ;
#1393 = CYLINDRICAL_SURFACE ( 'NONE', #284, 5.000000000000000888 ) ;
#1394 = CARTESIAN_POINT ( 'NONE',  ( -13.85000000000023057, -248.2149660633792507, 2.799999999999978062 ) ) ;
#1395 = CARTESIAN_POINT ( 'NONE',  ( -3.799999999999994493, -223.2099999999999795, 17.69999999999996021 ) ) ;
#1396 = ADVANCED_FACE ( 'NONE', ( #3118 ), #2548, .F. ) ;
#1397 = LINE ( 'NONE', #129, #3066 ) ;
#1398 = EDGE_LOOP ( 'NONE', ( #2700 ) ) ;
#1399 = EDGE_CURVE ( 'NONE', #1294, #969, #1515, .T. ) ;
#1400 = SURFACE_STYLE_USAGE ( .BOTH. , #644 ) ;
#1401 = PRESENTATION_LAYER_ASSIGNMENT (  '', '', ( #99 ) ) ;
#1402 = CARTESIAN_POINT ( 'NONE',  ( -18.84999999999999076, -283.7903702822979426, -7.299999999999998934 ) ) ;
#1403 = COLOUR_RGB ( '',0.1019607843137254888, 0.1019607843137254888, 0.1019607843137254888 ) ;
#1404 = SURFACE_SIDE_STYLE ('',( #1583 ) ) ;
#1405 =( GEOMETRIC_REPRESENTATION_CONTEXT ( 3 ) GLOBAL_UNCERTAINTY_ASSIGNED_CONTEXT ( ( #71 ) ) GLOBAL_UNIT_ASSIGNED_CONTEXT ( ( #238, #486, #2803 ) ) REPRESENTATION_CONTEXT ( 'NONE', 'WORKASPACE' ) );
#1406 = MECHANICAL_DESIGN_GEOMETRIC_PRESENTATION_REPRESENTATION (  '', ( #2885 ), #341 ) ;
#1407 =( NAMED_UNIT ( * ) PLANE_ANGLE_UNIT ( ) SI_UNIT ( $, .RADIAN. ) );
#1408 =( GEOMETRIC_REPRESENTATION_CONTEXT ( 3 ) GLOBAL_UNCERTAINTY_ASSIGNED_CONTEXT ( ( #2658 ) ) GLOBAL_UNIT_ASSIGNED_CONTEXT ( ( #326, #3206, #3191 ) ) REPRESENTATION_CONTEXT ( 'NONE', 'WORKASPACE' ) );
#1409 = DIRECTION ( 'NONE',  ( 1.000000000000000000, 0.000000000000000000, -0.000000000000000000 ) ) ;
#1410 = EDGE_LOOP ( 'NONE', ( #1060, #2301, #2535, #1478 ) ) ;
#1411 = EDGE_CURVE ( 'NONE', #2559, #1016, #2030, .T. ) ;
#1412 = COLOUR_RGB ( '',0.1019607843137254888, 0.1019607843137254888, 0.1019607843137254888 ) ;
#1413 = DIRECTION ( 'NONE',  ( -1.000000000000000000, 0.000000000000000000, 0.000000000000000000 ) ) ;
#1414 = APPLICATION_PROTOCOL_DEFINITION ( 'draft international standard', 'automotive_design', 1998, #3113 ) ;
#1415 = EDGE_CURVE ( 'NONE', #1580, #1854, #656, .T. ) ;
#1416 = VECTOR ( 'NONE', #1556, 1000.000000000000000 ) ;
#1417 =( NAMED_UNIT ( * ) PLANE_ANGLE_UNIT ( ) SI_UNIT ( $, .RADIAN. ) );
#1418 = UNCERTAINTY_MEASURE_WITH_UNIT (LENGTH_MEASURE( 1.000000000000000082E-05 ), #1544, 'distance_accuracy_value', 'NONE');
#1419 = CARTESIAN_POINT ( 'NONE',  ( -61.69999999999998863, -271.1999999999999886, 20.80000000000000071 ) ) ;
#1420 = LINE ( 'NONE', #2461, #2068 ) ;
#1421 = VECTOR ( 'NONE', #3333, 1000.000000000000000 ) ;
#1422 = DIRECTION ( 'NONE',  ( 1.000000000000000000, 0.000000000000000000, 0.000000000000000000 ) ) ;
#1423 = STYLED_ITEM ( 'NONE', ( #1192 ), #2699 ) ;
#1424 = EDGE_CURVE ( 'NONE', #1613, #2331, #1115, .T. ) ;
#1425 = DIRECTION ( 'NONE',  ( 0.000000000000000000, -0.000000000000000000, 1.000000000000000000 ) ) ;
#1426 = FILL_AREA_STYLE_COLOUR ( '', #2655 ) ;
#1427 = SURFACE_SIDE_STYLE ('',( #1680 ) ) ;
#1428 =( LENGTH_UNIT ( ) NAMED_UNIT ( * ) SI_UNIT ( .MILLI., .METRE. ) );
#1429 =( LENGTH_UNIT ( ) NAMED_UNIT ( * ) SI_UNIT ( .MILLI., .METRE. ) );
#1430 =( NAMED_UNIT ( * ) PLANE_ANGLE_UNIT ( ) SI_UNIT ( $, .RADIAN. ) );
#1431 = FILL_AREA_STYLE_COLOUR ( '', #28 ) ;
#1432 = DIRECTION ( 'NONE',  ( -1.000000000000000000, 0.000000000000000000, 0.000000000000000000 ) ) ;
#1433 = ORIENTED_EDGE ( 'NONE', *, *, #3302, .T. ) ;
#1434 = FILL_AREA_STYLE ('',( #658 ) ) ;
#1435 = SURFACE_STYLE_USAGE ( .BOTH. , #2746 ) ;
#1436 = PRESENTATION_STYLE_ASSIGNMENT (( #3041 ) ) ;
#1437 =( LENGTH_UNIT ( ) NAMED_UNIT ( * ) SI_UNIT ( .MILLI., .METRE. ) );
#1438 = ADVANCED_FACE ( 'NONE', ( #2210 ), #992, .F. ) ;
#1439 = MECHANICAL_DESIGN_GEOMETRIC_PRESENTATION_REPRESENTATION (  '', ( #1663 ), #596 ) ;
#1440 = DIRECTION ( 'NONE',  ( 0.000000000000000000, 1.000000000000000000, 0.000000000000000000 ) ) ;
#1441 = VERTEX_POINT ( 'NONE', #745 ) ;
#1442 = LINE ( 'NONE', #3297, #4 ) ;
#1443 = UNCERTAINTY_MEASURE_WITH_UNIT (LENGTH_MEASURE( 1.000000000000000082E-05 ), #2637, 'distance_accuracy_value', 'NONE');
#1444 = CIRCLE ( 'NONE', #3324, 2.575000000000004174 ) ;
#1445 = ORIENTED_EDGE ( 'NONE', *, *, #1099, .T. ) ;
#1446 = STYLED_ITEM ( 'NONE', ( #779 ), #1696 ) ;
#1447 = SURFACE_STYLE_USAGE ( .BOTH. , #1218 ) ;
#1448 = FACE_OUTER_BOUND ( 'NONE', #2900, .T. ) ;
#1449 = AXIS2_PLACEMENT_3D ( 'NONE', #98, #2440, #1698 ) ;
#1450 = DIRECTION ( 'NONE',  ( 1.000000000000000000, 0.000000000000000000, 0.000000000000000000 ) ) ;
#1451 = ORIENTED_EDGE ( 'NONE', *, *, #1914, .F. ) ;
#1452 = PRESENTATION_LAYER_ASSIGNMENT (  '', '', ( #1446 ) ) ;
#1453 = COLOUR_RGB ( '',0.1019607843137254888, 0.1019607843137254888, 0.1019607843137254888 ) ;
#1454 = LINE ( 'NONE', #2500, #1558 ) ;
#1455 = LINE ( 'NONE', #2192, #2326 ) ;
#1456 = VECTOR ( 'NONE', #1928, 1000.000000000000114 ) ;
#1457 = LINE ( 'NONE', #3294, #1370 ) ;
#1458 = ORIENTED_EDGE ( 'NONE', *, *, #1634, .F. ) ;
#1459 = COLOUR_RGB ( '',0.1019607843137254888, 0.1019607843137254888, 0.1019607843137254888 ) ;
#1460 =( NAMED_UNIT ( * ) SI_UNIT ( $, .STERADIAN. ) SOLID_ANGLE_UNIT ( ) );
#1461 = MECHANICAL_DESIGN_GEOMETRIC_PRESENTATION_REPRESENTATION (  '', ( #2135 ), #1913 ) ;
#1462 = ADVANCED_FACE ( 'NONE', ( #2544, #1244 ), #765, .F. ) ;
#1463 = DIRECTION ( 'NONE',  ( -1.000000000000000000, 0.000000000000000000, 0.000000000000000000 ) ) ;
#1464 = SURFACE_SIDE_STYLE ('',( #1737 ) ) ;
#1465 = VECTOR ( 'NONE', #2462, 1000.000000000000000 ) ;
#1466 = STYLED_ITEM ( 'NONE', ( #497 ), #2567 ) ;
#1467 = VERTEX_POINT ( 'NONE', #2783 ) ;
#1468 =( NAMED_UNIT ( * ) SI_UNIT ( $, .STERADIAN. ) SOLID_ANGLE_UNIT ( ) );
#1469 = CARTESIAN_POINT ( 'NONE',  ( -61.69999999999998863, -268.5000000000000000, -7.299999999999998934 ) ) ;
#1470 = DIRECTION ( 'NONE',  ( -1.000000000000000000, 0.000000000000000000, 0.000000000000000000 ) ) ;
#1471 = CARTESIAN_POINT ( 'NONE',  ( -48.10000000000005116, -268.5000000000000000, 18.49999999999682387 ) ) ;
#1472 =( GEOMETRIC_REPRESENTATION_CONTEXT ( 3 ) GLOBAL_UNCERTAINTY_ASSIGNED_CONTEXT ( ( #1545 ) ) GLOBAL_UNIT_ASSIGNED_CONTEXT ( ( #2245, #373, #2226 ) ) REPRESENTATION_CONTEXT ( 'NONE', 'WORKASPACE' ) );
#1473 = CARTESIAN_POINT ( 'NONE',  ( -22.89999999999998437, -223.2099999999999795, -0.4000000000000080158 ) ) ;
#1474 = PRESENTATION_LAYER_ASSIGNMENT (  '', '', ( #1069 ) ) ;
#1475 = CARTESIAN_POINT ( 'NONE',  ( -3.200000000000021494, -224.8100000000000023, -1.999999999999996669 ) ) ;
#1476 = DIRECTION ( 'NONE',  ( -1.000000000000000000, 0.000000000000000000, 0.000000000000000000 ) ) ;
#1477 = EDGE_LOOP ( 'NONE', ( #338, #884, #2475, #492 ) ) ;
#1478 = ORIENTED_EDGE ( 'NONE', *, *, #2790, .T. ) ;
#1479 = CARTESIAN_POINT ( 'NONE',  ( -61.69999999999998863, -305.5000000000000000, 20.80000000000000071 ) ) ;
#1480 = ORIENTED_EDGE ( 'NONE', *, *, #2007, .F. ) ;
#1481 = PRESENTATION_STYLE_ASSIGNMENT (( #736 ) ) ;
#1482 = EDGE_CURVE ( 'NONE', #1552, #976, #3360, .T. ) ;
#1483 =( LENGTH_UNIT ( ) NAMED_UNIT ( * ) SI_UNIT ( .MILLI., .METRE. ) );
#1484 = EDGE_LOOP ( 'NONE', ( #2318, #3332, #2131, #2490 ) ) ;
#1485 = CARTESIAN_POINT ( 'NONE',  ( 18.00000000000000000, -307.0000000000000000, 16.50000000000000000 ) ) ;
#1486 = ORIENTED_EDGE ( 'NONE', *, *, #2470, .F. ) ;
#1487 = VERTEX_POINT ( 'NONE', #519 ) ;
#1488 = EDGE_CURVE ( 'NONE', #1387, #723, #1024, .T. ) ;
#1489 = DIRECTION ( 'NONE',  ( 0.000000000000000000, -1.000000000000000000, 0.000000000000000000 ) ) ;
#1490 = DIRECTION ( 'NONE',  ( 2.409338161078898687E-16, -1.000000000000000000, 9.011550524554844434E-17 ) ) ;
#1491 =( NAMED_UNIT ( * ) SI_UNIT ( $, .STERADIAN. ) SOLID_ANGLE_UNIT ( ) );
#1492 =( NAMED_UNIT ( * ) SI_UNIT ( $, .STERADIAN. ) SOLID_ANGLE_UNIT ( ) );
#1493 = ORIENTED_EDGE ( 'NONE', *, *, #3302, .F. ) ;
#1494 = AXIS2_PLACEMENT_3D ( 'NONE', #1242, #1056, #498 ) ;
#1495 = ORIENTED_EDGE ( 'NONE', *, *, #1488, .F. ) ;
#1496 = PRESENTATION_LAYER_ASSIGNMENT (  '', '', ( #1180 ) ) ;
#1497 = DIRECTION ( 'NONE',  ( 0.000000000000000000, 0.000000000000000000, -1.000000000000000000 ) ) ;
#1498 = PRESENTATION_LAYER_ASSIGNMENT (  '', '', ( #207 ) ) ;
#1499 = ORIENTED_EDGE ( 'NONE', *, *, #3180, .F. ) ;
#1500 = CARTESIAN_POINT ( 'NONE',  ( -51.90000000000004832, -309.5000000000000000, -2.000000000003238743 ) ) ;
#1501 = ORIENTED_EDGE ( 'NONE', *, *, #1634, .T. ) ;
#1502 = STYLED_ITEM ( 'NONE', ( #151 ), #1670 ) ;
#1503 = ORIENTED_EDGE ( 'NONE', *, *, #2877, .T. ) ;
#1504 =( NAMED_UNIT ( * ) SI_UNIT ( $, .STERADIAN. ) SOLID_ANGLE_UNIT ( ) );
#1505 = FILL_AREA_STYLE_COLOUR ( '', #117 ) ;
#1506 = EDGE_CURVE ( 'NONE', #2825, #1954, #2041, .T. ) ;
#1507 = PRESENTATION_STYLE_ASSIGNMENT (( #2382 ) ) ;
#1508 =( NAMED_UNIT ( * ) SI_UNIT ( $, .STERADIAN. ) SOLID_ANGLE_UNIT ( ) );
#1509 = DIRECTION ( 'NONE',  ( 1.000000000000000000, 2.409338161078898687E-16, 0.000000000000000000 ) ) ;
#1510 =( LENGTH_UNIT ( ) NAMED_UNIT ( * ) SI_UNIT ( .MILLI., .METRE. ) );
#1511 = SURFACE_STYLE_FILL_AREA ( #3093 ) ;
#1512 = SURFACE_SIDE_STYLE ('',( #2962 ) ) ;
#1513 = SURFACE_STYLE_FILL_AREA ( #487 ) ;
#1514 = ORIENTED_EDGE ( 'NONE', *, *, #299, .T. ) ;
#1515 = LINE ( 'NONE', #2570, #1145 ) ;
#1516 = VERTEX_POINT ( 'NONE', #1473 ) ;
#1517 = VECTOR ( 'NONE', #2128, 1000.000000000000000 ) ;
#1518 = AXIS2_PLACEMENT_3D ( 'NONE', #2745, #3304, #1970 ) ;
#1519 =( NAMED_UNIT ( * ) SI_UNIT ( $, .STERADIAN. ) SOLID_ANGLE_UNIT ( ) );
#1520 = ORIENTED_EDGE ( 'NONE', *, *, #3107, .T. ) ;
#1521 = ORIENTED_EDGE ( 'NONE', *, *, #2267, .F. ) ;
#1522 = EDGE_LOOP ( 'NONE', ( #1979, #2304, #732, #959, #597, #1275, #300, #1246 ) ) ;
#1523 = DIRECTION ( 'NONE',  ( 0.000000000000000000, 0.000000000000000000, 1.000000000000000000 ) ) ;
#1524 = LINE ( 'NONE', #2286, #2412 ) ;
#1525 = SURFACE_STYLE_FILL_AREA ( #725 ) ;
#1526 = CARTESIAN_POINT ( 'NONE',  ( -13.84999999999999076, -283.7903702822979426, 19.80000000000000071 ) ) ;
#1527 = EDGE_CURVE ( 'NONE', #1219, #2107, #2839, .T. ) ;
#1528 =( LENGTH_UNIT ( ) NAMED_UNIT ( * ) SI_UNIT ( .MILLI., .METRE. ) );
#1529 = EDGE_LOOP ( 'NONE', ( #1003 ) ) ;
#1530 = ORIENTED_EDGE ( 'NONE', *, *, #70, .F. ) ;
#1531 = VECTOR ( 'NONE', #2035, 1000.000000000000000 ) ;
#1532 = PLANE ( 'NONE',  #208 ) ;
#1533 =( NAMED_UNIT ( * ) PLANE_ANGLE_UNIT ( ) SI_UNIT ( $, .RADIAN. ) );
#1534 = DIRECTION ( 'NONE',  ( 1.000000000000000000, 0.000000000000000000, 0.000000000000000000 ) ) ;
#1535 = DIRECTION ( 'NONE',  ( 0.000000000000000000, 0.000000000000000000, 1.000000000000000000 ) ) ;
#1536 = ORIENTED_EDGE ( 'NONE', *, *, #1710, .T. ) ;
#1537 = DIRECTION ( 'NONE',  ( 0.000000000000000000, -1.000000000000000000, 0.000000000000000000 ) ) ;
#1538 = PRESENTATION_STYLE_ASSIGNMENT (( #235 ) ) ;
#1539 = CARTESIAN_POINT ( 'NONE',  ( 34.00000000000000000, -270.0000000000000000, -4.299999999999995381 ) ) ;
#1540 = DIRECTION ( 'NONE',  ( -1.000000000000000000, 0.000000000000000000, 0.000000000000000000 ) ) ;
#1541 = DIRECTION ( 'NONE',  ( 0.000000000000000000, 0.000000000000000000, 1.000000000000000000 ) ) ;
#1542 = EDGE_CURVE ( 'NONE', #2212, #22, #2525, .T. ) ;
#1543 = ORIENTED_EDGE ( 'NONE', *, *, #242, .F. ) ;
#1544 =( LENGTH_UNIT ( ) NAMED_UNIT ( * ) SI_UNIT ( .MILLI., .METRE. ) );
#1545 = UNCERTAINTY_MEASURE_WITH_UNIT (LENGTH_MEASURE( 1.000000000000000082E-05 ), #2245, 'distance_accuracy_value', 'NONE');
#1546 = SURFACE_SIDE_STYLE ('',( #1216 ) ) ;
#1547 = ADVANCED_FACE ( 'NONE', ( #32 ), #2390, .F. ) ;
#1548 = VECTOR ( 'NONE', #1262, 1000.000000000000000 ) ;
#1549 = EDGE_LOOP ( 'NONE', ( #1369, #716, #1655, #2932 ) ) ;
#1550 = DIRECTION ( 'NONE',  ( 1.000000000000000000, 0.000000000000000000, 0.000000000000000000 ) ) ;
#1551 = MECHANICAL_DESIGN_GEOMETRIC_PRESENTATION_REPRESENTATION (  '', ( #2822 ), #1087 ) ;
#1552 = VERTEX_POINT ( 'NONE', #3170 ) ;
#1553 = VERTEX_POINT ( 'NONE', #2371 ) ;
#1554 = PRESENTATION_STYLE_ASSIGNMENT (( #2869 ) ) ;
#1555 = MECHANICAL_DESIGN_GEOMETRIC_PRESENTATION_REPRESENTATION (  '', ( #885 ), #1405 ) ;
#1556 = DIRECTION ( 'NONE',  ( 0.000000000000000000, 0.000000000000000000, 1.000000000000000000 ) ) ;
#1557 = CARTESIAN_POINT ( 'NONE',  ( 41.74999999999999289, -302.7500000000000000, 20.80000000000000071 ) ) ;
#1558 = VECTOR ( 'NONE', #1925, 1000.000000000000000 ) ;
#1559 = LINE ( 'NONE', #876, #706 ) ;
#1560 = CARTESIAN_POINT ( 'NONE',  ( -69.44999999999998863, -302.7500000000000000, 20.80000000000000071 ) ) ;
#1561 = VERTEX_POINT ( 'NONE', #2930 ) ;
#1562 = MECHANICAL_DESIGN_GEOMETRIC_PRESENTATION_REPRESENTATION (  '', ( #2772 ), #438 ) ;
#1563 = FILL_AREA_STYLE ('',( #50 ) ) ;
#1564 = SURFACE_SIDE_STYLE ('',( #3137 ) ) ;
#1565 = DIRECTION ( 'NONE',  ( 1.000000000000000000, 0.000000000000000000, 0.000000000000000000 ) ) ;
#1566 = ADVANCED_FACE ( 'NONE', ( #1820, #615 ), #2898, .F. ) ;
#1567 = AXIS2_PLACEMENT_3D ( 'NONE', #1815, #3128, #2593 ) ;
#1568 = CARTESIAN_POINT ( 'NONE',  ( -45.69999999999998863, -305.5000000000000000, 0.000000000000000000 ) ) ;
#1569 =( LENGTH_UNIT ( ) NAMED_UNIT ( * ) SI_UNIT ( .MILLI., .METRE. ) );
#1570 = VERTEX_POINT ( 'NONE', #872 ) ;
#1571 = ORIENTED_EDGE ( 'NONE', *, *, #1359, .F. ) ;
#1572 = VECTOR ( 'NONE', #465, 1000.000000000000000 ) ;
#1573 = SURFACE_SIDE_STYLE ('',( #554 ) ) ;
#1574 = FACE_OUTER_BOUND ( 'NONE', #3346, .T. ) ;
#1575 = COLOUR_RGB ( '',0.1019607843137254888, 0.1019607843137254888, 0.1019607843137254888 ) ;
#1576 = CARTESIAN_POINT ( 'NONE',  ( -76.69999999999998863, -302.7500000000000000, -4.299999999999995381 ) ) ;
#1577 = VERTEX_POINT ( 'NONE', #925 ) ;
#1578 = DIRECTION ( 'NONE',  ( 0.000000000000000000, 0.000000000000000000, 1.000000000000000000 ) ) ;
#1579 = CARTESIAN_POINT ( 'NONE',  ( -51.90000000000004832, -298.5000000000000000, 18.49999999999676348 ) ) ;
#1580 = VERTEX_POINT ( 'NONE', #2915 ) ;
#1581 = VECTOR ( 'NONE', #2540, 1000.000000000000000 ) ;
#1582 = DIRECTION ( 'NONE',  ( 0.000000000000000000, -1.000000000000000000, 0.000000000000000000 ) ) ;
#1583 = SURFACE_STYLE_FILL_AREA ( #377 ) ;
#1584 = VECTOR ( 'NONE', #1413, 1000.000000000000000 ) ;
#1585 = DIRECTION ( 'NONE',  ( 0.000000000000000000, 0.000000000000000000, 1.000000000000000000 ) ) ;
#1586 = LINE ( 'NONE', #2642, #630 ) ;
#1587 = ORIENTED_EDGE ( 'NONE', *, *, #3260, .F. ) ;
#1588 = ADVANCED_FACE ( 'NONE', ( #2424 ), #3149, .F. ) ;
#1589 = ORIENTED_EDGE ( 'NONE', *, *, #1980, .F. ) ;
#1590 =( NAMED_UNIT ( * ) SI_UNIT ( $, .STERADIAN. ) SOLID_ANGLE_UNIT ( ) );
#1591 = LINE ( 'NONE', #319, #2960 ) ;
#1592 = CARTESIAN_POINT ( 'NONE',  ( -3.799999999999994493, -262.0000000000000000, 18.69999999999997442 ) ) ;
#1593 = CARTESIAN_POINT ( 'NONE',  ( -76.69999999999998863, -273.9500000000000455, -7.299999999999997158 ) ) ;
#1594 = CARTESIAN_POINT ( 'NONE',  ( -51.90000000000004832, -305.5000000000000000, 17.49999999999675993 ) ) ;
#1595 = FILL_AREA_STYLE ('',( #575 ) ) ;
#1596 = FILL_AREA_STYLE_COLOUR ( '', #2178 ) ;
#1597 = ORIENTED_EDGE ( 'NONE', *, *, #981, .F. ) ;
#1598 = FACE_OUTER_BOUND ( 'NONE', #1522, .T. ) ;
#1599 = CARTESIAN_POINT ( 'NONE',  ( -61.69999999999998863, -268.5000000000000000, -7.299999999999998934 ) ) ;
#1600 = LINE ( 'NONE', #508, #1770 ) ;
#1601 = LINE ( 'NONE', #3196, #894 ) ;
#1602 = ORIENTED_EDGE ( 'NONE', *, *, #2765, .F. ) ;
#1603 = MECHANICAL_DESIGN_GEOMETRIC_PRESENTATION_REPRESENTATION (  '', ( #3312 ), #526 ) ;
#1604 = COLOUR_RGB ( '',0.1019607843137254888, 0.1019607843137254888, 0.1019607843137254888 ) ;
#1605 = PRESENTATION_LAYER_ASSIGNMENT (  '', '', ( #2714 ) ) ;
#1606 = ADVANCED_FACE ( 'NONE', ( #2760 ), #3019, .T. ) ;
#1607 = LINE ( 'NONE', #403, #2966 ) ;
#1608 = VERTEX_POINT ( 'NONE', #93 ) ;
#1609 = DIRECTION ( 'NONE',  ( 1.000000000000000000, 0.000000000000000000, 0.000000000000000000 ) ) ;
#1610 = EDGE_CURVE ( 'NONE', #228, #1467, #1955, .T. ) ;
#1611 = MECHANICAL_DESIGN_GEOMETRIC_PRESENTATION_REPRESENTATION (  '', ( #2663 ), #3379 ) ;
#1612 = AXIS2_PLACEMENT_3D ( 'NONE', #2933, #3193, #2360 ) ;
#1613 = VERTEX_POINT ( 'NONE', #2453 ) ;
#1614 = DIRECTION ( 'NONE',  ( 0.000000000000000000, 1.000000000000000000, 0.000000000000000000 ) ) ;
#1615 = AXIS2_PLACEMENT_3D ( 'NONE', #187, #983, #3056 ) ;
#1616 = LINE ( 'NONE', #877, #1850 ) ;
#1617 = AXIS2_PLACEMENT_3D ( 'NONE', #2638, #565, #1565 ) ;
#1618 = FILL_AREA_STYLE_COLOUR ( '', #750 ) ;
#1619 = MECHANICAL_DESIGN_GEOMETRIC_PRESENTATION_REPRESENTATION (  '', ( #1841 ), #882 ) ;
#1620 = MECHANICAL_DESIGN_GEOMETRIC_PRESENTATION_REPRESENTATION (  '', ( #2442 ), #831 ) ;
#1621 = VECTOR ( 'NONE', #366, 1000.000000000000000 ) ;
#1622 = LINE ( 'NONE', #3238, #3003 ) ;
#1623 = CARTESIAN_POINT ( 'NONE',  ( 33.99999999999999289, -302.7500000000000000, 20.80000000000000071 ) ) ;
#1624 = ORIENTED_EDGE ( 'NONE', *, *, #688, .F. ) ;
#1625 = STYLED_ITEM ( 'NONE', ( #410 ), #2188 ) ;
#1626 = DIRECTION ( 'NONE',  ( -1.000000000000000000, 0.000000000000000000, 1.726093010922195714E-16 ) ) ;
#1627 = DIRECTION ( 'NONE',  ( -1.000000000000000000, 0.000000000000000000, 0.000000000000000000 ) ) ;
#1628 = CARTESIAN_POINT ( 'NONE',  ( -45.69999999999998863, -307.0000000000000000, -4.299999999999998934 ) ) ;
#1629 = PRESENTATION_LAYER_ASSIGNMENT (  '', '', ( #3236 ) ) ;
#1630 = PRESENTATION_STYLE_ASSIGNMENT (( #2687 ) ) ;
#1631 = VECTOR ( 'NONE', #1277, 1000.000000000000000 ) ;
#1632 = ORIENTED_EDGE ( 'NONE', *, *, #2466, .F. ) ;
#1633 =( NAMED_UNIT ( * ) SI_UNIT ( $, .STERADIAN. ) SOLID_ANGLE_UNIT ( ) );
#1634 = EDGE_CURVE ( 'NONE', #1387, #787, #1454, .T. ) ;
#1635 = DIRECTION ( 'NONE',  ( 0.000000000000000000, 1.000000000000000000, -0.000000000000000000 ) ) ;
#1636 = LINE ( 'NONE', #826, #281 ) ;
#1637 = VECTOR ( 'NONE', #1299, 1000.000000000000000 ) ;
#1638 =( NAMED_UNIT ( * ) PLANE_ANGLE_UNIT ( ) SI_UNIT ( $, .RADIAN. ) );
#1639 = PRESENTATION_STYLE_ASSIGNMENT (( #1148 ) ) ;
#1640 =( GEOMETRIC_REPRESENTATION_CONTEXT ( 3 ) GLOBAL_UNCERTAINTY_ASSIGNED_CONTEXT ( ( #2069 ) ) GLOBAL_UNIT_ASSIGNED_CONTEXT ( ( #586, #2682, #1084 ) ) REPRESENTATION_CONTEXT ( 'NONE', 'WORKASPACE' ) );
#1641 = VERTEX_POINT ( 'NONE', #171 ) ;
#1642 = ORIENTED_EDGE ( 'NONE', *, *, #958, .F. ) ;
#1643 = PRESENTATION_STYLE_ASSIGNMENT (( #1965 ) ) ;
#1644 = DIRECTION ( 'NONE',  ( -0.5773502691896231775, -0.5773502691896310601, -0.5773502691896231775 ) ) ;
#1645 = CARTESIAN_POINT ( 'NONE',  ( 20.40000000000005542, -268.5000000000000000, -1.000000000003176570 ) ) ;
#1646 = CARTESIAN_POINT ( 'NONE',  ( 48.99999999999999289, -302.7500000000000000, -7.299999999999997158 ) ) ;
#1647 = EDGE_CURVE ( 'NONE', #31, #31, #764, .T. ) ;
#1648 = SURFACE_STYLE_USAGE ( .BOTH. , #3176 ) ;
#1649 = LINE ( 'NONE', #2182, #1887 ) ;
#1650 = UNCERTAINTY_MEASURE_WITH_UNIT (LENGTH_MEASURE( 1.000000000000000082E-05 ), #1833, 'distance_accuracy_value', 'NONE');
#1651 = UNCERTAINTY_MEASURE_WITH_UNIT (LENGTH_MEASURE( 1.000000000000000082E-05 ), #576, 'distance_accuracy_value', 'NONE');
#1652 = EDGE_CURVE ( 'NONE', #2701, #2959, #2481, .T. ) ;
#1653 = SURFACE_STYLE_FILL_AREA ( #3328 ) ;
#1654 =( NAMED_UNIT ( * ) SI_UNIT ( $, .STERADIAN. ) SOLID_ANGLE_UNIT ( ) );
#1655 = ORIENTED_EDGE ( 'NONE', *, *, #3258, .T. ) ;
#1656 = SURFACE_STYLE_FILL_AREA ( #145 ) ;
#1657 = DIRECTION ( 'NONE',  ( -1.000000000000000000, 0.000000000000000000, 0.000000000000000000 ) ) ;
#1658 = STYLED_ITEM ( 'NONE', ( #1801 ), #3325 ) ;
#1659 = AXIS2_PLACEMENT_3D ( 'NONE', #2804, #3115, #1747 ) ;
#1660 = SURFACE_STYLE_USAGE ( .BOTH. , #1174 ) ;
#1661 = SURFACE_STYLE_USAGE ( .BOTH. , #3289 ) ;
#1662 = SURFACE_STYLE_FILL_AREA ( #2762 ) ;
#1663 = STYLED_ITEM ( 'NONE', ( #1554 ), #729 ) ;
#1664 = LINE ( 'NONE', #2206, #2719 ) ;
#1665 = CIRCLE ( 'NONE', #213, 2.575000000000004174 ) ;
#1666 = SURFACE_STYLE_FILL_AREA ( #650 ) ;
#1667 = DIRECTION ( 'NONE',  ( 0.000000000000000000, -1.000000000000000000, 0.000000000000000000 ) ) ;
#1668 =( GEOMETRIC_REPRESENTATION_CONTEXT ( 3 ) GLOBAL_UNCERTAINTY_ASSIGNED_CONTEXT ( ( #792 ) ) GLOBAL_UNIT_ASSIGNED_CONTEXT ( ( #899, #1407, #2316 ) ) REPRESENTATION_CONTEXT ( 'NONE', 'WORKASPACE' ) );
#1669 = SURFACE_STYLE_USAGE ( .BOTH. , #1931 ) ;
#1670 = ADVANCED_FACE ( 'NONE', ( #1939 ), #916, .F. ) ;
#1671 = AXIS2_PLACEMENT_3D ( 'NONE', #3271, #1677, #1425 ) ;
#1672 = LINE ( 'NONE', #3254, #398 ) ;
#1673 =( GEOMETRIC_REPRESENTATION_CONTEXT ( 3 ) GLOBAL_UNCERTAINTY_ASSIGNED_CONTEXT ( ( #2471 ) ) GLOBAL_UNIT_ASSIGNED_CONTEXT ( ( #2160, #2657, #3156 ) ) REPRESENTATION_CONTEXT ( 'NONE', 'WORKASPACE' ) );
#1674 = EDGE_CURVE ( 'NONE', #1700, #1339, #250, .T. ) ;
#1675 = CARTESIAN_POINT ( 'NONE',  ( -15.26666666666672434, -215.5766666666666254, 7.233333333333249016 ) ) ;
#1676 = EDGE_CURVE ( 'NONE', #1123, #1123, #2055, .T. ) ;
#1677 = DIRECTION ( 'NONE',  ( 0.7071067811865524577, 0.7071067811865425767, 0.000000000000000000 ) ) ;
#1678 =( LENGTH_UNIT ( ) NAMED_UNIT ( * ) SI_UNIT ( .MILLI., .METRE. ) );
#1679 =( NAMED_UNIT ( * ) SI_UNIT ( $, .STERADIAN. ) SOLID_ANGLE_UNIT ( ) );
#1680 = SURFACE_STYLE_FILL_AREA ( #619 ) ;
#1681 = VECTOR ( 'NONE', #2008, 1000.000000000000000 ) ;
#1682 = LINE ( 'NONE', #1419, #1313 ) ;
#1683 = MECHANICAL_DESIGN_GEOMETRIC_PRESENTATION_REPRESENTATION (  '', ( #781 ), #3117 ) ;
#1684 = ORIENTED_EDGE ( 'NONE', *, *, #3258, .F. ) ;
#1685 = LINE ( 'NONE', #1185, #3323 ) ;
#1686 = UNCERTAINTY_MEASURE_WITH_UNIT (LENGTH_MEASURE( 1.000000000000000082E-05 ), #1428, 'distance_accuracy_value', 'NONE');
#1687 = SURFACE_STYLE_USAGE ( .BOTH. , #385 ) ;
#1688 = EDGE_LOOP ( 'NONE', ( #91, #2866, #1597, #411 ) ) ;
#1689 = MECHANICAL_DESIGN_GEOMETRIC_PRESENTATION_REPRESENTATION (  '', ( #1264 ), #180 ) ;
#1690 = STYLED_ITEM ( 'NONE', ( #839 ), #2604 ) ;
#1691 = EDGE_CURVE ( 'NONE', #2116, #2116, #2489, .T. ) ;
#1692 = EDGE_LOOP ( 'NONE', ( #2366 ) ) ;
#1693 = COLOUR_RGB ( '',0.1019607843137254888, 0.1019607843137254888, 0.1019607843137254888 ) ;
#1694 = FILL_AREA_STYLE_COLOUR ( '', #2118 ) ;
#1695 = DIRECTION ( 'NONE',  ( 0.000000000000000000, 0.000000000000000000, -1.000000000000000000 ) ) ;
#1696 = ADVANCED_FACE ( 'NONE', ( #1758 ), #1260, .T. ) ;
#1697 = FACE_OUTER_BOUND ( 'NONE', #3035, .T. ) ;
#1698 = DIRECTION ( 'NONE',  ( 1.000000000000000000, 0.000000000000000000, 0.000000000000000000 ) ) ;
#1699 = CARTESIAN_POINT ( 'NONE',  ( -13.85000000000023057, -248.2149660633792507, 2.799999999999978062 ) ) ;
#1700 = VERTEX_POINT ( 'NONE', #2264 ) ;
#1701 = CARTESIAN_POINT ( 'NONE',  ( -61.69999999999998863, -302.7500000000000000, -4.299999999999998934 ) ) ;
#1702 = LINE ( 'NONE', #2756, #727 ) ;
#1703 = ORIENTED_EDGE ( 'NONE', *, *, #2164, .F. ) ;
#1704 = FILL_AREA_STYLE ('',( #2300 ) ) ;
#1705 = CARTESIAN_POINT ( 'NONE',  ( -23.89999999999999858, -223.2099999999999795, 18.69999999999997442 ) ) ;
#1706 = EDGE_LOOP ( 'NONE', ( #521, #1732, #429, #2841 ) ) ;
#1707 = DIRECTION ( 'NONE',  ( 1.000000000000000000, 0.000000000000000000, 0.000000000000000000 ) ) ;
#1708 = PRESENTATION_STYLE_ASSIGNMENT (( #1435 ) ) ;
#1709 = AXIS2_PLACEMENT_3D ( 'NONE', #2541, #2820, #1301 ) ;
#1710 = EDGE_CURVE ( 'NONE', #797, #274, #2577, .T. ) ;
#1711 = FILL_AREA_STYLE ('',( #2526 ) ) ;
#1712 = ORIENTED_EDGE ( 'NONE', *, *, #2050, .T. ) ;
#1713 = ORIENTED_EDGE ( 'NONE', *, *, #1183, .T. ) ;
#1714 = CARTESIAN_POINT ( 'NONE',  ( -13.84999999999999076, -283.7903702822979426, 29.70000000000000284 ) ) ;
#1715 = UNCERTAINTY_MEASURE_WITH_UNIT (LENGTH_MEASURE( 1.000000000000000082E-05 ), #2167, 'distance_accuracy_value', 'NONE');
#1716 = VECTOR ( 'NONE', #1171, 1000.000000000000000 ) ;
#1717 = PRESENTATION_LAYER_ASSIGNMENT (  '', '', ( #3270 ) ) ;
#1718 =( LENGTH_UNIT ( ) NAMED_UNIT ( * ) SI_UNIT ( .MILLI., .METRE. ) );
#1719 = COLOUR_RGB ( '',0.1019607843137254888, 0.1019607843137254888, 0.1019607843137254888 ) ;
#1720 = PRESENTATION_LAYER_ASSIGNMENT (  '', '', ( #829 ) ) ;
#1721 = ORIENTED_EDGE ( 'NONE', *, *, #2050, .F. ) ;
#1722 = LINE ( 'NONE', #2776, #2199 ) ;
#1723 = PRESENTATION_LAYER_ASSIGNMENT (  '', '', ( #2772 ) ) ;
#1724 = ORIENTED_EDGE ( 'NONE', *, *, #2314, .T. ) ;
#1725 = AXIS2_PLACEMENT_3D ( 'NONE', #1111, #1380, #2416 ) ;
#1726 = LINE ( 'NONE', #173, #2546 ) ;
#1727 = SURFACE_STYLE_FILL_AREA ( #964 ) ;
#1728 = MECHANICAL_DESIGN_GEOMETRIC_PRESENTATION_REPRESENTATION (  '', ( #720 ), #2187 ) ;
#1729 = CARTESIAN_POINT ( 'NONE',  ( 48.99999999999999289, -273.9500000000000455, 23.79999999999999716 ) ) ;
#1730 =( NAMED_UNIT ( * ) SI_UNIT ( $, .STERADIAN. ) SOLID_ANGLE_UNIT ( ) );
#1731 = EDGE_CURVE ( 'NONE', #2631, #2631, #1098, .T. ) ;
#1732 = ORIENTED_EDGE ( 'NONE', *, *, #2031, .F. ) ;
#1733 = ADVANCED_BREP_SHAPE_REPRESENTATION ( 'RD_SideBodyNewForAddition__Default__FB83B3229F2F', ( #1337, #473 ), #598 ) ;
#1734 = PRESENTATION_LAYER_ASSIGNMENT (  '', '', ( #353 ) ) ;
#1735 = ADVANCED_FACE ( 'NONE', ( #232 ), #2592, .T. ) ;
#1736 = ORIENTED_EDGE ( 'NONE', *, *, #2191, .T. ) ;
#1737 = SURFACE_STYLE_FILL_AREA ( #1274 ) ;
#1738 = EDGE_LOOP ( 'NONE', ( #2255 ) ) ;
#1739 = ORIENTED_EDGE ( 'NONE', *, *, #2863, .F. ) ;
#1740 =( NAMED_UNIT ( * ) SI_UNIT ( $, .STERADIAN. ) SOLID_ANGLE_UNIT ( ) );
#1741 = CARTESIAN_POINT ( 'NONE',  ( -37.85000000000000142, -38.50000000000000000, -7.299999999999997158 ) ) ;
#1742 = CARTESIAN_POINT ( 'NONE',  ( 23.96764253446177761, -268.5000000000000000, -7.299999999999998934 ) ) ;
#1743 = FILL_AREA_STYLE_COLOUR ( '', #1352 ) ;
#1744 = VECTOR ( 'NONE', #260, 1000.000000000000000 ) ;
#1745 =( NAMED_UNIT ( * ) PLANE_ANGLE_UNIT ( ) SI_UNIT ( $, .RADIAN. ) );
#1746 = COLOUR_RGB ( '',0.1019607843137254888, 0.1019607843137254888, 0.1019607843137254888 ) ;
#1747 = DIRECTION ( 'NONE',  ( 0.000000000000000000, 0.000000000000000000, -1.000000000000000000 ) ) ;
#1748 = ORIENTED_EDGE ( 'NONE', *, *, #3061, .F. ) ;
#1749 = ORIENTED_EDGE ( 'NONE', *, *, #2645, .T. ) ;
#1750 = DIRECTION ( 'NONE',  ( 0.000000000000000000, 0.000000000000000000, 1.000000000000000000 ) ) ;
#1751 = UNCERTAINTY_MEASURE_WITH_UNIT (LENGTH_MEASURE( 1.000000000000000082E-05 ), #2168, 'distance_accuracy_value', 'NONE');
#1752 = DIRECTION ( 'NONE',  ( 1.000000000000000000, 0.000000000000000000, 0.000000000000000000 ) ) ;
#1753 = EDGE_CURVE ( 'NONE', #205, #3367, #42, .T. ) ;
#1754 = EDGE_LOOP ( 'NONE', ( #968, #694, #183, #2768 ) ) ;
#1755 = CARTESIAN_POINT ( 'NONE',  ( 10.15000000000000568, -38.50000000000000000, -7.299999999999997158 ) ) ;
#1756 = VERTEX_POINT ( 'NONE', #854 ) ;
#1757 = ORIENTED_EDGE ( 'NONE', *, *, #1239, .T. ) ;
#1758 = FACE_OUTER_BOUND ( 'NONE', #2203, .T. ) ;
#1759 =( NAMED_UNIT ( * ) PLANE_ANGLE_UNIT ( ) SI_UNIT ( $, .RADIAN. ) );
#1760 = CARTESIAN_POINT ( 'NONE',  ( 34.00000000000000000, -307.0000000000000000, 0.000000000000000000 ) ) ;
#1761 = FILL_AREA_STYLE_COLOUR ( '', #1345 ) ;
#1762 = DIRECTION ( 'NONE',  ( 0.000000000000000000, -1.000000000000000000, -9.773090005503139098E-17 ) ) ;
#1763 = FACE_OUTER_BOUND ( 'NONE', #3123, .T. ) ;
#1764 = ORIENTED_EDGE ( 'NONE', *, *, #494, .T. ) ;
#1765 = AXIS2_PLACEMENT_3D ( 'NONE', #2967, #2358, #2156 ) ;
#1766 =( NAMED_UNIT ( * ) PLANE_ANGLE_UNIT ( ) SI_UNIT ( $, .RADIAN. ) );
#1767 = CIRCLE ( 'NONE', #920, 1.000000000000001332 ) ;
#1768 = ORIENTED_EDGE ( 'NONE', *, *, #1009, .T. ) ;
#1769 = CARTESIAN_POINT ( 'NONE',  ( -3.799999999999994493, -223.2099999999999795, 18.69999999999997442 ) ) ;
#1770 = VECTOR ( 'NONE', #1362, 1000.000000000000000 ) ;
#1771 = VECTOR ( 'NONE', #2998, 1000.000000000000000 ) ;
#1772 = CARTESIAN_POINT ( 'NONE',  ( -23.89999999999999858, -223.2099999999999795, -1.400000000000022782 ) ) ;
#1773 = DIRECTION ( 'NONE',  ( 0.000000000000000000, 0.000000000000000000, 1.000000000000000000 ) ) ;
#1774 = EDGE_LOOP ( 'NONE', ( #5 ) ) ;
#1775 = CARTESIAN_POINT ( 'NONE',  ( -48.10000000000005116, -272.6999999999999886, 18.49999999999682387 ) ) ;
#1776 = ORIENTED_EDGE ( 'NONE', *, *, #2641, .F. ) ;
#1777 = EDGE_CURVE ( 'NONE', #2643, #1330, #1086, .T. ) ;
#1778 = VECTOR ( 'NONE', #2859, 1000.000000000000000 ) ;
#1779 = PRESENTATION_STYLE_ASSIGNMENT (( #757 ) ) ;
#1780 = CARTESIAN_POINT ( 'NONE',  ( 48.99999999999999289, -273.9500000000000455, -7.299999999999997158 ) ) ;
#1781 = VECTOR ( 'NONE', #3201, 1000.000000000000000 ) ;
#1782 = SURFACE_SIDE_STYLE ('',( #1525 ) ) ;
#1783 =( LENGTH_UNIT ( ) NAMED_UNIT ( * ) SI_UNIT ( .MILLI., .METRE. ) );
#1784 =( NAMED_UNIT ( * ) PLANE_ANGLE_UNIT ( ) SI_UNIT ( $, .RADIAN. ) );
#1785 = DIRECTION ( 'NONE',  ( 1.000000000000000000, 0.000000000000000000, 0.000000000000000000 ) ) ;
#1786 = ORIENTED_EDGE ( 'NONE', *, *, #136, .F. ) ;
#1787 = UNCERTAINTY_MEASURE_WITH_UNIT (LENGTH_MEASURE( 1.000000000000000082E-05 ), #708, 'distance_accuracy_value', 'NONE');
#1788 = CARTESIAN_POINT ( 'NONE',  ( -50.69999999999999574, -272.6999999999999886, 20.80000000000000071 ) ) ;
#1789 = VECTOR ( 'NONE', #296, 1000.000000000000000 ) ;
#1790 = LINE ( 'NONE', #222, #633 ) ;
#1791 = UNCERTAINTY_MEASURE_WITH_UNIT (LENGTH_MEASURE( 1.000000000000000082E-05 ), #566, 'distance_accuracy_value', 'NONE');
#1792 = FACE_BOUND ( 'NONE', #371, .T. ) ;
#1793 = ORIENTED_EDGE ( 'NONE', *, *, #3068, .F. ) ;
#1794 = LINE ( 'NONE', #2280, #83 ) ;
#1795 = ORIENTED_EDGE ( 'NONE', *, *, #3230, .T. ) ;
#1796 = SURFACE_SIDE_STYLE ('',( #1813 ) ) ;
#1797 = EDGE_CURVE ( 'NONE', #2659, #2002, #1890, .T. ) ;
#1798 = CARTESIAN_POINT ( 'NONE',  ( -22.89999999999998437, -223.2099999999999795, 17.69999999999996021 ) ) ;
#1799 = CIRCLE ( 'NONE', #356, 1.000000000000000888 ) ;
#1800 = DIRECTION ( 'NONE',  ( 0.000000000000000000, 1.000000000000000000, 0.000000000000000000 ) ) ;
#1801 = PRESENTATION_STYLE_ASSIGNMENT (( #517 ) ) ;
#1802 =( LENGTH_UNIT ( ) NAMED_UNIT ( * ) SI_UNIT ( .MILLI., .METRE. ) );
#1803 =( GEOMETRIC_REPRESENTATION_CONTEXT ( 3 ) GLOBAL_UNCERTAINTY_ASSIGNED_CONTEXT ( ( #580 ) ) GLOBAL_UNIT_ASSIGNED_CONTEXT ( ( #320, #1350, #2895 ) ) REPRESENTATION_CONTEXT ( 'NONE', 'WORKASPACE' ) );
#1804 = ADVANCED_FACE ( 'NONE', ( #2386, #1574 ), #2092, .F. ) ;
#1805 = DIRECTION ( 'NONE',  ( 0.000000000000000000, 0.000000000000000000, 1.000000000000000000 ) ) ;
#1806 =( NAMED_UNIT ( * ) PLANE_ANGLE_UNIT ( ) SI_UNIT ( $, .RADIAN. ) );
#1807 = ORIENTED_EDGE ( 'NONE', *, *, #3081, .T. ) ;
#1808 = SURFACE_SIDE_STYLE ('',( #2012 ) ) ;
#1809 = ORIENTED_EDGE ( 'NONE', *, *, #1077, .T. ) ;
#1810 = SURFACE_STYLE_FILL_AREA ( #2888 ) ;
#1811 = ORIENTED_EDGE ( 'NONE', *, *, #1482, .T. ) ;
#1812 = VERTEX_POINT ( 'NONE', #1836 ) ;
#1813 = SURFACE_STYLE_FILL_AREA ( #778 ) ;
#1814 = LINE ( 'NONE', #3185, #2771 ) ;
#1815 = CARTESIAN_POINT ( 'NONE',  ( 23.00000000000000000, -272.6999999999999886, -4.299999999999995381 ) ) ;
#1816 =( NAMED_UNIT ( * ) PLANE_ANGLE_UNIT ( ) SI_UNIT ( $, .RADIAN. ) );
#1817 = SURFACE_STYLE_USAGE ( .BOTH. , #1782 ) ;
#1818 = CARTESIAN_POINT ( 'NONE',  ( -69.44999999999998863, -302.7500000000000000, 27.29999999999999716 ) ) ;
#1819 = EDGE_CURVE ( 'NONE', #1357, #1954, #2893, .T. ) ;
#1820 = FACE_OUTER_BOUND ( 'NONE', #2617, .T. ) ;
#1821 = CARTESIAN_POINT ( 'NONE',  ( -76.69999999999998863, -302.7500000000000000, -7.299999999999997158 ) ) ;
#1822 = ORIENTED_EDGE ( 'NONE', *, *, #2514, .F. ) ;
#1823 = EDGE_CURVE ( 'NONE', #1570, #1487, #1348, .T. ) ;
#1824 = UNCERTAINTY_MEASURE_WITH_UNIT (LENGTH_MEASURE( 1.000000000000000082E-05 ), #1783, 'distance_accuracy_value', 'NONE');
#1825 = UNCERTAINTY_MEASURE_WITH_UNIT (LENGTH_MEASURE( 1.000000000000000082E-05 ), #1326, 'distance_accuracy_value', 'NONE');
#1826 = VECTOR ( 'NONE', #601, 1000.000000000000000 ) ;
#1827 = PRESENTATION_LAYER_ASSIGNMENT (  '', '', ( #3313 ) ) ;
#1828 = FACE_OUTER_BOUND ( 'NONE', #1865, .T. ) ;
#1829 = DIRECTION ( 'NONE',  ( 0.000000000000000000, 0.000000000000000000, -1.000000000000000000 ) ) ;
#1830 = DIRECTION ( 'NONE',  ( 1.000000000000000000, 0.000000000000000000, -0.000000000000000000 ) ) ;
#1831 = CIRCLE ( 'NONE', #425, 5.000000000000000888 ) ;
#1832 = ORIENTED_EDGE ( 'NONE', *, *, #2881, .F. ) ;
#1833 =( LENGTH_UNIT ( ) NAMED_UNIT ( * ) SI_UNIT ( .MILLI., .METRE. ) );
#1834 = ORIENTED_EDGE ( 'NONE', *, *, #1217, .F. ) ;
#1835 = FILL_AREA_STYLE_COLOUR ( '', #652 ) ;
#1836 = CARTESIAN_POINT ( 'NONE',  ( -69.45000000000000284, -273.9500000000000455, 20.80000000000000071 ) ) ;
#1837 = COLOUR_RGB ( '',0.1019607843137254888, 0.1019607843137254888, 0.1019607843137254888 ) ;
#1838 = CARTESIAN_POINT ( 'NONE',  ( 20.40000000000005542, -272.6999999999999886, 17.49999999999682387 ) ) ;
#1839 = CARTESIAN_POINT ( 'NONE',  ( 23.00000000000000000, -272.6999999999999886, -4.299999999999995381 ) ) ;
#1840 = MECHANICAL_DESIGN_GEOMETRIC_PRESENTATION_REPRESENTATION (  '', ( #3046 ), #825 ) ;
#1841 = STYLED_ITEM ( 'NONE', ( #59 ), #1804 ) ;
#1842 = SURFACE_STYLE_USAGE ( .BOTH. , #2633 ) ;
#1843 = FILL_AREA_STYLE ('',( #2690 ) ) ;
#1844 =( NAMED_UNIT ( * ) PLANE_ANGLE_UNIT ( ) SI_UNIT ( $, .RADIAN. ) );
#1845 = ORIENTED_EDGE ( 'NONE', *, *, #712, .T. ) ;
#1846 = AXIS2_PLACEMENT_3D ( 'NONE', #1646, #2748, #135 ) ;
#1847 =( GEOMETRIC_REPRESENTATION_CONTEXT ( 3 ) GLOBAL_UNCERTAINTY_ASSIGNED_CONTEXT ( ( #3065 ) ) GLOBAL_UNIT_ASSIGNED_CONTEXT ( ( #2448, #2476, #913 ) ) REPRESENTATION_CONTEXT ( 'NONE', 'WORKASPACE' ) );
#1848 = EDGE_CURVE ( 'NONE', #364, #2045, #1814, .T. ) ;
#1849 = FACE_OUTER_BOUND ( 'NONE', #993, .T. ) ;
#1850 = VECTOR ( 'NONE', #1901, 1000.000000000000000 ) ;
#1851 = SURFACE_SIDE_STYLE ('',( #2362 ) ) ;
#1852 = DIRECTION ( 'NONE',  ( 0.000000000000000000, 0.000000000000000000, 1.000000000000000000 ) ) ;
#1853 =( NAMED_UNIT ( * ) SI_UNIT ( $, .STERADIAN. ) SOLID_ANGLE_UNIT ( ) );
#1854 = VERTEX_POINT ( 'NONE', #10 ) ;
#1855 = ORIENTED_EDGE ( 'NONE', *, *, #1527, .T. ) ;
#1856 = AXIS2_PLACEMENT_3D ( 'NONE', #1224, #1943, #2749 ) ;
#1857 = SURFACE_STYLE_USAGE ( .BOTH. , #2924 ) ;
#1858 =( NAMED_UNIT ( * ) SI_UNIT ( $, .STERADIAN. ) SOLID_ANGLE_UNIT ( ) );
#1859 =( NAMED_UNIT ( * ) PLANE_ANGLE_UNIT ( ) SI_UNIT ( $, .RADIAN. ) );
#1860 = VECTOR ( 'NONE', #2038, 1000.000000000000000 ) ;
#1861 = LINE ( 'NONE', #1576, #2789 ) ;
#1862 = VERTEX_POINT ( 'NONE', #2096 ) ;
#1863 = SURFACE_STYLE_FILL_AREA ( #2119 ) ;
#1864 =( NAMED_UNIT ( * ) PLANE_ANGLE_UNIT ( ) SI_UNIT ( $, .RADIAN. ) );
#1865 = EDGE_LOOP ( 'NONE', ( #2034 ) ) ;
#1866 = VECTOR ( 'NONE', #641, 1000.000000000000000 ) ;
#1867 = UNCERTAINTY_MEASURE_WITH_UNIT (LENGTH_MEASURE( 1.000000000000000082E-05 ), #234, 'distance_accuracy_value', 'NONE');
#1868 = DIRECTION ( 'NONE',  ( 1.000000000000000000, 0.000000000000000000, -1.186688945009009831E-16 ) ) ;
#1869 = DIRECTION ( 'NONE',  ( 0.000000000000000000, 0.000000000000000000, -1.000000000000000000 ) ) ;
#1870 = PRESENTATION_LAYER_ASSIGNMENT (  '', '', ( #2697 ) ) ;
#1871 = ADVANCED_FACE ( 'NONE', ( #302, #1331 ), #3127, .F. ) ;
#1872 = CARTESIAN_POINT ( 'NONE',  ( -76.69999999999998863, -302.7500000000000000, 23.79999999999999716 ) ) ;
#1873 = ORIENTED_EDGE ( 'NONE', *, *, #1312, .F. ) ;
#1874 = LINE ( 'NONE', #2906, #2780 ) ;
#1875 = PLANE ( 'NONE',  #1271 ) ;
#1876 = ORIENTED_EDGE ( 'NONE', *, *, #1848, .T. ) ;
#1877 = EDGE_CURVE ( 'NONE', #528, #2472, #685, .T. ) ;
#1878 = FILL_AREA_STYLE ('',( #286 ) ) ;
#1879 = PLANE ( 'NONE',  #358 ) ;
#1880 = VERTEX_POINT ( 'NONE', #1351 ) ;
#1881 = CARTESIAN_POINT ( 'NONE',  ( 0.000000000000000000, -223.2099999999999795, 0.000000000000000000 ) ) ;
#1882 = ORIENTED_EDGE ( 'NONE', *, *, #2191, .F. ) ;
#1883 = PLANE ( 'NONE',  #1036 ) ;
#1884 = DIRECTION ( 'NONE',  ( 0.000000000000000000, 1.000000000000000000, 0.000000000000000000 ) ) ;
#1885 = DIRECTION ( 'NONE',  ( 0.000000000000000000, 0.000000000000000000, -1.000000000000000000 ) ) ;
#1886 = ORIENTED_EDGE ( 'NONE', *, *, #136, .T. ) ;
#1887 = VECTOR ( 'NONE', #1470, 1000.000000000000000 ) ;
#1888 =( GEOMETRIC_REPRESENTATION_CONTEXT ( 3 ) GLOBAL_UNCERTAINTY_ASSIGNED_CONTEXT ( ( #506 ) ) GLOBAL_UNIT_ASSIGNED_CONTEXT ( ( #33, #820, #2672 ) ) REPRESENTATION_CONTEXT ( 'NONE', 'WORKASPACE' ) );
#1889 = ORIENTED_EDGE ( 'NONE', *, *, #522, .F. ) ;
#1890 = LINE ( 'NONE', #264, #154 ) ;
#1891 = ADVANCED_FACE ( 'NONE', ( #940, #2702 ), #1936, .F. ) ;
#1892 = DIRECTION ( 'NONE',  ( 0.000000000000000000, 0.000000000000000000, -1.000000000000000000 ) ) ;
#1893 = CARTESIAN_POINT ( 'NONE',  ( -11.27499999999998614, -283.7903702822979426, 18.69999999999997442 ) ) ;
#1894 = CIRCLE ( 'NONE', #431, 2.575000000000004174 ) ;
#1895 = DIRECTION ( 'NONE',  ( 0.000000000000000000, 0.000000000000000000, -1.000000000000000000 ) ) ;
#1896 = EDGE_CURVE ( 'NONE', #2056, #2922, #2992, .T. ) ;
#1897 = FILL_AREA_STYLE_COLOUR ( '', #1257 ) ;
#1898 = DIRECTION ( 'NONE',  ( 0.000000000000000000, 0.000000000000000000, 1.000000000000000000 ) ) ;
#1899 = ORIENTED_EDGE ( 'NONE', *, *, #2145, .T. ) ;
#1900 = AXIS2_PLACEMENT_3D ( 'NONE', #2312, #2581, #2065 ) ;
#1901 = DIRECTION ( 'NONE',  ( -0.000000000000000000, 0.000000000000000000, -1.000000000000000000 ) ) ;
#1902 =( LENGTH_UNIT ( ) NAMED_UNIT ( * ) SI_UNIT ( .MILLI., .METRE. ) );
#1903 = DIRECTION ( 'NONE',  ( 0.000000000000000000, 0.000000000000000000, 1.000000000000000000 ) ) ;
#1904 = VECTOR ( 'NONE', #3370, 1000.000000000000000 ) ;
#1905 = VECTOR ( 'NONE', #2213, 1000.000000000000000 ) ;
#1906 =( NAMED_UNIT ( * ) PLANE_ANGLE_UNIT ( ) SI_UNIT ( $, .RADIAN. ) );
#1907 = EDGE_LOOP ( 'NONE', ( #2831, #1642, #163, #1757 ) ) ;
#1908 = ORIENTED_EDGE ( 'NONE', *, *, #2708, .F. ) ;
#1909 = DIRECTION ( 'NONE',  ( -0.000000000000000000, 1.000000000000000000, -0.000000000000000000 ) ) ;
#1910 = DIRECTION ( 'NONE',  ( 0.000000000000000000, 0.000000000000000000, 1.000000000000000000 ) ) ;
#1911 = COLOUR_RGB ( '',0.1019607843137254888, 0.1019607843137254888, 0.1019607843137254888 ) ;
#1912 = ADVANCED_FACE ( 'NONE', ( #3266, #2961, #924 ), #109, .T. ) ;
#1913 =( GEOMETRIC_REPRESENTATION_CONTEXT ( 3 ) GLOBAL_UNCERTAINTY_ASSIGNED_CONTEXT ( ( #2342 ) ) GLOBAL_UNIT_ASSIGNED_CONTEXT ( ( #2833, #2333, #2538 ) ) REPRESENTATION_CONTEXT ( 'NONE', 'WORKASPACE' ) );
#1914 = EDGE_CURVE ( 'NONE', #2228, #2825, #956, .T. ) ;
#1915 = DIRECTION ( 'NONE',  ( 0.000000000000000000, 0.000000000000000000, 1.000000000000000000 ) ) ;
#1916 = SURFACE_STYLE_USAGE ( .BOTH. , #1404 ) ;
#1917 = STYLED_ITEM ( 'NONE', ( #1639 ), #2972 ) ;
#1918 = VECTOR ( 'NONE', #1644, 1000.000000000000114 ) ;
#1919 = EDGE_LOOP ( 'NONE', ( #2533, #504, #1214, #2075 ) ) ;
#1920 = DIRECTION ( 'NONE',  ( -0.000000000000000000, -1.000000000000000000, -0.000000000000000000 ) ) ;
#1921 = DIRECTION ( 'NONE',  ( 0.000000000000000000, -1.000000000000000000, 0.000000000000000000 ) ) ;
#1922 = PRESENTATION_LAYER_ASSIGNMENT (  '', '', ( #1423 ) ) ;
#1923 = SURFACE_STYLE_FILL_AREA ( #92 ) ;
#1924 = FACE_OUTER_BOUND ( 'NONE', #1215, .T. ) ;
#1925 = DIRECTION ( 'NONE',  ( -2.409338161078898687E-16, -1.000000000000000000, 9.011550524554844434E-17 ) ) ;
#1926 = DIRECTION ( 'NONE',  ( 0.000000000000000000, 0.000000000000000000, 1.000000000000000000 ) ) ;
#1927 = FACE_OUTER_BOUND ( 'NONE', #298, .T. ) ;
#1928 = DIRECTION ( 'NONE',  ( -0.5773502691896231775, 0.5773502691896310601, 0.5773502691896231775 ) ) ;
#1929 = FACE_BOUND ( 'NONE', #1319, .T. ) ;
#1930 = ADVANCED_FACE ( 'NONE', ( #1015 ), #2556, .T. ) ;
#1931 = SURFACE_SIDE_STYLE ('',( #127 ) ) ;
#1932 = UNCERTAINTY_MEASURE_WITH_UNIT (LENGTH_MEASURE( 1.000000000000000082E-05 ), #561, 'distance_accuracy_value', 'NONE');
#1933 = DIRECTION ( 'NONE',  ( -1.000000000000000000, 0.000000000000000000, 0.000000000000000000 ) ) ;
#1934 = SURFACE_SIDE_STYLE ('',( #670 ) ) ;
#1935 = ORIENTED_EDGE ( 'NONE', *, *, #1753, .F. ) ;
#1936 = CYLINDRICAL_SURFACE ( 'NONE', #2996, 2.575000000000004174 ) ;
#1937 = LINE ( 'NONE', #2573, #950 ) ;
#1938 = PRESENTATION_LAYER_ASSIGNMENT (  '', '', ( #142 ) ) ;
#1939 = FACE_OUTER_BOUND ( 'NONE', #1907, .T. ) ;
#1940 = AXIS2_PLACEMENT_3D ( 'NONE', #2782, #931, #393 ) ;
#1941 = CARTESIAN_POINT ( 'NONE',  ( -61.69999999999998863, -307.0000000000000000, 16.50000000000000000 ) ) ;
#1942 =( NAMED_UNIT ( * ) SI_UNIT ( $, .STERADIAN. ) SOLID_ANGLE_UNIT ( ) );
#1943 = DIRECTION ( 'NONE',  ( 0.000000000000000000, -1.000000000000000000, -5.042800802258161104E-17 ) ) ;
#1944 = PRESENTATION_LAYER_ASSIGNMENT (  '', '', ( #603 ) ) ;
#1945 = PRESENTATION_STYLE_ASSIGNMENT (( #396 ) ) ;
#1946 = MECHANICAL_DESIGN_GEOMETRIC_PRESENTATION_REPRESENTATION (  '', ( #1502 ), #335 ) ;
#1947 = SURFACE_SIDE_STYLE ('',( #910 ) ) ;
#1948 = EDGE_CURVE ( 'NONE', #1190, #2569, #2361, .T. ) ;
#1949 = FILL_AREA_STYLE ('',( #1431 ) ) ;
#1950 =( GEOMETRIC_REPRESENTATION_CONTEXT ( 3 ) GLOBAL_UNCERTAINTY_ASSIGNED_CONTEXT ( ( #1715 ) ) GLOBAL_UNIT_ASSIGNED_CONTEXT ( ( #2167, #131, #372 ) ) REPRESENTATION_CONTEXT ( 'NONE', 'WORKASPACE' ) );
#1951 = DIRECTION ( 'NONE',  ( -0.000000000000000000, -0.000000000000000000, -1.000000000000000000 ) ) ;
#1952 = CIRCLE ( 'NONE', #2777, 5.000000000000000888 ) ;
#1953 =( NAMED_UNIT ( * ) SI_UNIT ( $, .STERADIAN. ) SOLID_ANGLE_UNIT ( ) );
#1954 = VERTEX_POINT ( 'NONE', #2532 ) ;
#1955 = LINE ( 'NONE', #432, #2219 ) ;
#1956 = VECTOR ( 'NONE', #815, 1000.000000000000000 ) ;
#1957 =( LENGTH_UNIT ( ) NAMED_UNIT ( * ) SI_UNIT ( .MILLI., .METRE. ) );
#1958 =( GEOMETRIC_REPRESENTATION_CONTEXT ( 3 ) GLOBAL_UNCERTAINTY_ASSIGNED_CONTEXT ( ( #583 ) ) GLOBAL_UNIT_ASSIGNED_CONTEXT ( ( #1981, #1759, #1005 ) ) REPRESENTATION_CONTEXT ( 'NONE', 'WORKASPACE' ) );
#1959 =( NAMED_UNIT ( * ) PLANE_ANGLE_UNIT ( ) SI_UNIT ( $, .RADIAN. ) );
#1960 =( LENGTH_UNIT ( ) NAMED_UNIT ( * ) SI_UNIT ( .MILLI., .METRE. ) );
#1961 = VERTEX_POINT ( 'NONE', #701 ) ;
#1962 = CARTESIAN_POINT ( 'NONE',  ( 33.99999999999999289, -273.9500000000000455, -4.299999999999995381 ) ) ;
#1963 = ORIENTED_EDGE ( 'NONE', *, *, #2561, .T. ) ;
#1964 = MECHANICAL_DESIGN_GEOMETRIC_PRESENTATION_REPRESENTATION (  '', ( #1690 ), #1803 ) ;
#1965 = SURFACE_STYLE_USAGE ( .BOTH. , #389 ) ;
#1966 = CARTESIAN_POINT ( 'NONE',  ( -37.85000000000000142, -262.0000000000000000, 23.79999999999997584 ) ) ;
#1967 = ORIENTED_EDGE ( 'NONE', *, *, #688, .T. ) ;
#1968 = ADVANCED_FACE ( 'NONE', ( #3300 ), #1203, .F. ) ;
#1969 =( GEOMETRIC_REPRESENTATION_CONTEXT ( 3 ) GLOBAL_UNCERTAINTY_ASSIGNED_CONTEXT ( ( #1361 ) ) GLOBAL_UNIT_ASSIGNED_CONTEXT ( ( #2189, #3267, #3285 ) ) REPRESENTATION_CONTEXT ( 'NONE', 'WORKASPACE' ) );
#1970 = DIRECTION ( 'NONE',  ( 0.000000000000000000, 0.000000000000000000, -1.000000000000000000 ) ) ;
#1971 = DIRECTION ( 'NONE',  ( -0.000000000000000000, 1.000000000000000000, 0.000000000000000000 ) ) ;
#1972 = EDGE_CURVE ( 'NONE', #364, #1561, #2243, .T. ) ;
#1973 =( LENGTH_UNIT ( ) NAMED_UNIT ( * ) SI_UNIT ( .MILLI., .METRE. ) );
#1974 = DIRECTION ( 'NONE',  ( 0.000000000000000000, -1.000000000000000000, -9.773090005503139098E-17 ) ) ;
#1975 = ORIENTED_EDGE ( 'NONE', *, *, #634, .F. ) ;
#1976 =( LENGTH_UNIT ( ) NAMED_UNIT ( * ) SI_UNIT ( .MILLI., .METRE. ) );
#1977 = CARTESIAN_POINT ( 'NONE',  ( -61.69999999999998863, -271.1999999999999886, 20.80000000000000071 ) ) ;
#1978 = ORIENTED_EDGE ( 'NONE', *, *, #1415, .T. ) ;
#1979 = ORIENTED_EDGE ( 'NONE', *, *, #2370, .F. ) ;
#1980 = EDGE_CURVE ( 'NONE', #889, #889, #3228, .T. ) ;
#1981 =( LENGTH_UNIT ( ) NAMED_UNIT ( * ) SI_UNIT ( .MILLI., .METRE. ) );
#1982 = PRESENTATION_LAYER_ASSIGNMENT (  '', '', ( #3312 ) ) ;
#1983 = EDGE_CURVE ( 'NONE', #2331, #2550, #1996, .T. ) ;
#1984 = SURFACE_STYLE_USAGE ( .BOTH. , #1181 ) ;
#1985 = FILL_AREA_STYLE_COLOUR ( '', #1051 ) ;
#1986 = ORIENTED_EDGE ( 'NONE', *, *, #2622, .T. ) ;
#1987 =( NAMED_UNIT ( * ) SI_UNIT ( $, .STERADIAN. ) SOLID_ANGLE_UNIT ( ) );
#1988 = COLOUR_RGB ( '',0.1019607843137254888, 0.1019607843137254888, 0.1019607843137254888 ) ;
#1989 = ORIENTED_EDGE ( 'NONE', *, *, #1099, .F. ) ;
#1990 = UNCERTAINTY_MEASURE_WITH_UNIT (LENGTH_MEASURE( 1.000000000000000082E-05 ), #1210, 'distance_accuracy_value', 'NONE');
#1991 = VECTOR ( 'NONE', #116, 1000.000000000000000 ) ;
#1992 =( GEOMETRIC_REPRESENTATION_CONTEXT ( 3 ) GLOBAL_UNCERTAINTY_ASSIGNED_CONTEXT ( ( #1418 ) ) GLOBAL_UNIT_ASSIGNED_CONTEXT ( ( #1544, #2618, #2636 ) ) REPRESENTATION_CONTEXT ( 'NONE', 'WORKASPACE' ) );
#1993 =( LENGTH_UNIT ( ) NAMED_UNIT ( * ) SI_UNIT ( .MILLI., .METRE. ) );
#1994 = PRESENTATION_LAYER_ASSIGNMENT (  '', '', ( #922 ) ) ;
#1995 = MECHANICAL_DESIGN_GEOMETRIC_PRESENTATION_REPRESENTATION (  '', ( #1446 ), #2493 ) ;
#1996 = LINE ( 'NONE', #2809, #3108 ) ;
#1997 = ORIENTED_EDGE ( 'NONE', *, *, #1411, .T. ) ;
#1998 = LINE ( 'NONE', #1485, #1164 ) ;
#1999 = MECHANICAL_DESIGN_GEOMETRIC_PRESENTATION_REPRESENTATION (  '', ( #608 ), #1673 ) ;
#2000 = EDGE_LOOP ( 'NONE', ( #329, #3361, #1227, #2673 ) ) ;
#2001 = VECTOR ( 'NONE', #1463, 1000.000000000000000 ) ;
#2002 = VERTEX_POINT ( 'NONE', #331 ) ;
#2003 = DIRECTION ( 'NONE',  ( -1.000000000000000000, 0.000000000000000000, 0.000000000000000000 ) ) ;
#2004 =( NAMED_UNIT ( * ) PLANE_ANGLE_UNIT ( ) SI_UNIT ( $, .RADIAN. ) );
#2005 = PRESENTATION_STYLE_ASSIGNMENT (( #1817 ) ) ;
#2006 = LINE ( 'NONE', #1539, #972 ) ;
#2007 = EDGE_CURVE ( 'NONE', #2559, #1812, #622, .T. ) ;
#2008 = DIRECTION ( 'NONE',  ( 0.000000000000000000, 0.000000000000000000, 1.000000000000000000 ) ) ;
#2009 = COLOUR_RGB ( '',0.1019607843137254888, 0.1019607843137254888, 0.1019607843137254888 ) ;
#2010 = DIRECTION ( 'NONE',  ( 0.000000000000000000, 0.000000000000000000, -1.000000000000000000 ) ) ;
#2011 = ORIENTED_EDGE ( 'NONE', *, *, #1183, .F. ) ;
#2012 = SURFACE_STYLE_FILL_AREA ( #2325 ) ;
#2013 = ADVANCED_FACE ( 'NONE', ( #2143 ), #1097, .T. ) ;
#2014 = ORIENTED_EDGE ( 'NONE', *, *, #186, .T. ) ;
#2015 = AXIS2_PLACEMENT_3D ( 'NONE', #9, #249, #529 ) ;
#2016 = PLANE ( 'NONE',  #906 ) ;
#2017 = SURFACE_STYLE_USAGE ( .BOTH. , #3050 ) ;
#2018 = PLANE ( 'NONE',  #2248 ) ;
#2019 = VECTOR ( 'NONE', #2162, 1000.000000000000000 ) ;
#2020 = EDGE_LOOP ( 'NONE', ( #1293, #462, #2072, #2411, #2200, #2850, #1855, #2918 ) ) ;
#2021 = ORIENTED_EDGE ( 'NONE', *, *, #2584, .F. ) ;
#2022 = PLANE ( 'NONE',  #2991 ) ;
#2023 = SURFACE_SIDE_STYLE ('',( #464 ) ) ;
#2024 = PLANE ( 'NONE',  #1709 ) ;
#2025 = DIRECTION ( 'NONE',  ( 1.000000000000000000, 0.000000000000000000, 0.000000000000000000 ) ) ;
#2026 = PRESENTATION_STYLE_ASSIGNMENT (( #215 ) ) ;
#2027 = PRODUCT_RELATED_PRODUCT_CATEGORY ( 'part', '', ( #2257 ) ) ;
#2028 = VERTEX_POINT ( 'NONE', #2123 ) ;
#2029 = CYLINDRICAL_SURFACE ( 'NONE', #1310, 2.550000000000021139 ) ;
#2030 = LINE ( 'NONE', #2239, #609 ) ;
#2031 = EDGE_CURVE ( 'NONE', #3062, #1329, #1636, .T. ) ;
#2032 = FACE_OUTER_BOUND ( 'NONE', #1529, .T. ) ;
#2033 = ADVANCED_FACE ( 'NONE', ( #3194, #1849 ), #1393, .F. ) ;
#2034 = ORIENTED_EDGE ( 'NONE', *, *, #2097, .T. ) ;
#2035 = DIRECTION ( 'NONE',  ( -1.000000000000000000, 0.000000000000000000, 0.000000000000000000 ) ) ;
#2036 = ORIENTED_EDGE ( 'NONE', *, *, #2296, .F. ) ;
#2037 = ORIENTED_EDGE ( 'NONE', *, *, #653, .T. ) ;
#2038 = DIRECTION ( 'NONE',  ( 0.000000000000000000, 1.000000000000000000, 0.000000000000000000 ) ) ;
#2039 =( NAMED_UNIT ( * ) PLANE_ANGLE_UNIT ( ) SI_UNIT ( $, .RADIAN. ) );
#2040 = CARTESIAN_POINT ( 'NONE',  ( -61.69999999999998863, -268.5000000000000000, -7.299999999999997158 ) ) ;
#2041 = LINE ( 'NONE', #192, #1191 ) ;
#2042 = CARTESIAN_POINT ( 'NONE',  ( -61.69999999999998863, -305.5000000000000000, 1.836982698128994970E-16 ) ) ;
#2043 =( NAMED_UNIT ( * ) SI_UNIT ( $, .STERADIAN. ) SOLID_ANGLE_UNIT ( ) );
#2044 = CARTESIAN_POINT ( 'NONE',  ( -76.69999999999998863, -302.7500000000000000, -4.299999999999995381 ) ) ;
#2045 = VERTEX_POINT ( 'NONE', #1143 ) ;
#2046 = MECHANICAL_DESIGN_GEOMETRIC_PRESENTATION_REPRESENTATION (  '', ( #1658 ), #3211 ) ;
#2047 = SURFACE_STYLE_USAGE ( .BOTH. , #503 ) ;
#2048 = AXIS2_PLACEMENT_3D ( 'NONE', #726, #3375, #987 ) ;
#2049 = CARTESIAN_POINT ( 'NONE',  ( -45.69999999999998863, -272.6999999999999886, -4.299999999999995381 ) ) ;
#2050 = EDGE_CURVE ( 'NONE', #969, #3026, #2375, .T. ) ;
#2051 = VECTOR ( 'NONE', #1146, 1000.000000000000000 ) ;
#2052 = MECHANICAL_DESIGN_GEOMETRIC_PRESENTATION_REPRESENTATION (  '', ( #2766 ), #2486 ) ;
#2053 = CARTESIAN_POINT ( 'NONE',  ( -3.799999999999994493, -224.2100000000000080, 18.69999999999997442 ) ) ;
#2054 = EDGE_LOOP ( 'NONE', ( #1811, #3330, #229, #753 ) ) ;
#2055 = CIRCLE ( 'NONE', #604, 2.549999999999996714 ) ;
#2056 = VERTEX_POINT ( 'NONE', #2934 ) ;
#2057 = DIRECTION ( 'NONE',  ( -1.000000000000000000, 0.000000000000000000, 0.000000000000000000 ) ) ;
#2058 =( GEOMETRIC_REPRESENTATION_CONTEXT ( 3 ) GLOBAL_UNCERTAINTY_ASSIGNED_CONTEXT ( ( #2511 ) ) GLOBAL_UNIT_ASSIGNED_CONTEXT ( ( #251, #12, #1055 ) ) REPRESENTATION_CONTEXT ( 'NONE', 'WORKASPACE' ) );
#2059 = CARTESIAN_POINT ( 'NONE',  ( 10.15000000000000568, -268.5000000000000000, 23.79999999999997584 ) ) ;
#2060 = DIRECTION ( 'NONE',  ( 0.000000000000000000, 1.000000000000000000, 9.773090005503140331E-17 ) ) ;
#2061 = VECTOR ( 'NONE', #555, 1000.000000000000114 ) ;
#2062 = CARTESIAN_POINT ( 'NONE',  ( 33.99999999999999289, -273.9500000000000455, 23.79999999999999716 ) ) ;
#2063 = SURFACE_SIDE_STYLE ('',( #2287 ) ) ;
#2064 = STYLED_ITEM ( 'NONE', ( #2256 ), #1396 ) ;
#2065 = DIRECTION ( 'NONE',  ( 0.000000000000000000, 5.042800802258161104E-17, -1.000000000000000000 ) ) ;
#2066 =( NAMED_UNIT ( * ) PLANE_ANGLE_UNIT ( ) SI_UNIT ( $, .RADIAN. ) );
#2067 = ORIENTED_EDGE ( 'NONE', *, *, #962, .F. ) ;
#2068 = VECTOR ( 'NONE', #126, 1000.000000000000000 ) ;
#2069 = UNCERTAINTY_MEASURE_WITH_UNIT (LENGTH_MEASURE( 1.000000000000000082E-05 ), #586, 'distance_accuracy_value', 'NONE');
#2070 = AXIS2_PLACEMENT_3D ( 'NONE', #2698, #369, #2975 ) ;
#2071 = UNCERTAINTY_MEASURE_WITH_UNIT (LENGTH_MEASURE( 1.000000000000000082E-05 ), #2956, 'distance_accuracy_value', 'NONE');
#2072 = ORIENTED_EDGE ( 'NONE', *, *, #3382, .F. ) ;
#2073 = SURFACE_STYLE_FILL_AREA ( #2147 ) ;
#2074 = EDGE_CURVE ( 'NONE', #1580, #1190, #1616, .T. ) ;
#2075 = ORIENTED_EDGE ( 'NONE', *, *, #29, .F. ) ;
#2076 = ORIENTED_EDGE ( 'NONE', *, *, #2510, .F. ) ;
#2077 = COLOUR_RGB ( '',0.1019607843137254888, 0.1019607843137254888, 0.1019607843137254888 ) ;
#2078 = EDGE_CURVE ( 'NONE', #1010, #1235, #2236, .T. ) ;
#2079 = LINE ( 'NONE', #1742, #945 ) ;
#2080 = DIRECTION ( 'NONE',  ( 0.000000000000000000, 0.000000000000000000, 1.000000000000000000 ) ) ;
#2081 = CARTESIAN_POINT ( 'NONE',  ( -48.10000000000005116, -278.5000000000000000, 18.49999999999682387 ) ) ;
#2082 = PLANE ( 'NONE',  #1659 ) ;
#2083 = AXIS2_PLACEMENT_3D ( 'NONE', #796, #833, #567 ) ;
#2084 = ORIENTED_EDGE ( 'NONE', *, *, #1731, .F. ) ;
#2085 = AXIS2_PLACEMENT_3D ( 'NONE', #2277, #2572, #244 ) ;
#2086 = SURFACE_STYLE_USAGE ( .BOTH. , #830 ) ;
#2087 = CARTESIAN_POINT ( 'NONE',  ( 23.00000000000000000, -272.6999999999999886, -4.299999999999995381 ) ) ;
#2088 = DIRECTION ( 'NONE',  ( -1.000000000000000000, 0.000000000000000000, 0.000000000000000000 ) ) ;
#2089 = ORIENTED_EDGE ( 'NONE', *, *, #1527, .F. ) ;
#2090 = ORIENTED_EDGE ( 'NONE', *, *, #2770, .F. ) ;
#2091 = PLANE ( 'NONE',  #1940 ) ;
#2092 = CYLINDRICAL_SURFACE ( 'NONE', #2671, 1.000000000000001332 ) ;
#2093 = LINE ( 'NONE', #2308, #1956 ) ;
#2094 = LINE ( 'NONE', #3146, #1062 ) ;
#2095 = FACE_BOUND ( 'NONE', #476, .T. ) ;
#2096 = CARTESIAN_POINT ( 'NONE',  ( 20.40000000000005542, -268.5000000000000000, 19.49999999999682387 ) ) ;
#2097 = EDGE_CURVE ( 'NONE', #3169, #3169, #223, .T. ) ;
#2098 = DIRECTION ( 'NONE',  ( 0.000000000000000000, 1.224646799147353947E-16, -1.000000000000000000 ) ) ;
#2099 = CARTESIAN_POINT ( 'NONE',  ( 34.00000000000000000, -305.5000000000000000, 1.836970198721030427E-16 ) ) ;
#2100 = ORIENTED_EDGE ( 'NONE', *, *, #3348, .T. ) ;
#2101 = EDGE_CURVE ( 'NONE', #2137, #2137, #3110, .T. ) ;
#2102 = UNCERTAINTY_MEASURE_WITH_UNIT (LENGTH_MEASURE( 1.000000000000000082E-05 ), #2367, 'distance_accuracy_value', 'NONE');
#2103 = FILL_AREA_STYLE ('',( #224 ) ) ;
#2104 =( GEOMETRIC_REPRESENTATION_CONTEXT ( 3 ) GLOBAL_UNCERTAINTY_ASSIGNED_CONTEXT ( ( #824 ) ) GLOBAL_UNIT_ASSIGNED_CONTEXT ( ( #362, #2916, #2138 ) ) REPRESENTATION_CONTEXT ( 'NONE', 'WORKASPACE' ) );
#2105 = SURFACE_STYLE_USAGE ( .BOTH. , #1564 ) ;
#2106 = COLOUR_RGB ( '',0.1019607843137254888, 0.1019607843137254888, 0.1019607843137254888 ) ;
#2107 = VERTEX_POINT ( 'NONE', #2487 ) ;
#2108 = DIRECTION ( 'NONE',  ( 0.000000000000000000, 0.000000000000000000, -1.000000000000000000 ) ) ;
#2109 = VECTOR ( 'NONE', #2443, 1000.000000000000000 ) ;
#2110 = EDGE_LOOP ( 'NONE', ( #684 ) ) ;
#2111 = VECTOR ( 'NONE', #2669, 1000.000000000000000 ) ;
#2112 =( GEOMETRIC_REPRESENTATION_CONTEXT ( 3 ) GLOBAL_UNCERTAINTY_ASSIGNED_CONTEXT ( ( #1284 ) ) GLOBAL_UNIT_ASSIGNED_CONTEXT ( ( #1678, #3010, #3291 ) ) REPRESENTATION_CONTEXT ( 'NONE', 'WORKASPACE' ) );
#2113 = DIRECTION ( 'NONE',  ( 1.000000000000000000, -0.000000000000000000, 0.000000000000000000 ) ) ;
#2114 = PRESENTATION_LAYER_ASSIGNMENT (  '', '', ( #705 ) ) ;
#2115 = CARTESIAN_POINT ( 'NONE',  ( -51.90000000000004832, -305.5000000000000000, 18.49999999999676348 ) ) ;
#2116 = VERTEX_POINT ( 'NONE', #574 ) ;
#2117 =( LENGTH_UNIT ( ) NAMED_UNIT ( * ) SI_UNIT ( .MILLI., .METRE. ) );
#2118 = COLOUR_RGB ( '',0.1019607843137254888, 0.1019607843137254888, 0.1019607843137254888 ) ;
#2119 = FILL_AREA_STYLE ('',( #804 ) ) ;
#2120 =( LENGTH_UNIT ( ) NAMED_UNIT ( * ) SI_UNIT ( .MILLI., .METRE. ) );
#2121 = ORIENTED_EDGE ( 'NONE', *, *, #2151, .F. ) ;
#2122 = STYLED_ITEM ( 'NONE', ( #1643 ), #1891 ) ;
#2123 = CARTESIAN_POINT ( 'NONE',  ( 10.15000000000000568, -262.0000000000000000, -7.299999999999970512 ) ) ;
#2124 = CIRCLE ( 'NONE', #835, 1.000000000000004441 ) ;
#2125 = CARTESIAN_POINT ( 'NONE',  ( 24.20000000000005613, -298.5000000000000000, -2.000000000003240075 ) ) ;
#2126 = EDGE_CURVE ( 'NONE', #345, #345, #1952, .T. ) ;
#2127 = CLOSED_SHELL ( 'NONE', ( #3325, #2972, #1154, #621, #203, #1093, #2983, #3363, #3131, #257, #1438, #500, #1151, #1202, #675, #2350, #1095, #87, #2393, #2731, #549, #2923, #2567, #2415, #614, #729, #3083, #2929, #1221, #1891, #2033, #939, #756, #1912, #1930, #1696, #3246, #821, #2433, #2588, #1396, #1670, #2449, #718, #1588, #365, #1804, #1566, #2691, #162, #2188, #2261, #1547, #1462, #1871, #866, #2205, #237, #637, #3319, #989, #1050, #1968, #3175, #3126, #2699, #2604, #1199, #2013, #1606, #734, #2419, #3200, #1385, #1735 ) ) ;
#2128 = DIRECTION ( 'NONE',  ( 1.726093010922196454E-16, 0.000000000000000000, 1.000000000000000000 ) ) ;
#2129 = CARTESIAN_POINT ( 'NONE',  ( -61.69999999999998863, -307.0000000000000000, 0.000000000000000000 ) ) ;
#2130 = FILL_AREA_STYLE_COLOUR ( '', #2917 ) ;
#2131 = ORIENTED_EDGE ( 'NONE', *, *, #853, .F. ) ;
#2132 = ORIENTED_EDGE ( 'NONE', *, *, #2126, .F. ) ;
#2133 = VECTOR ( 'NONE', #198, 1000.000000000000000 ) ;
#2134 =( LENGTH_UNIT ( ) NAMED_UNIT ( * ) SI_UNIT ( .MILLI., .METRE. ) );
#2135 = STYLED_ITEM ( 'NONE', ( #1779 ), #718 ) ;
#2136 = PLANE ( 'NONE',  #3188 ) ;
#2137 = VERTEX_POINT ( 'NONE', #840 ) ;
#2138 =( NAMED_UNIT ( * ) SI_UNIT ( $, .STERADIAN. ) SOLID_ANGLE_UNIT ( ) );
#2139 = ORIENTED_EDGE ( 'NONE', *, *, #2645, .F. ) ;
#2140 =( GEOMETRIC_REPRESENTATION_CONTEXT ( 3 ) GLOBAL_UNCERTAINTY_ASSIGNED_CONTEXT ( ( #1867 ) ) GLOBAL_UNIT_ASSIGNED_CONTEXT ( ( #234, #2004, #1241 ) ) REPRESENTATION_CONTEXT ( 'NONE', 'WORKASPACE' ) );
#2141 = UNCERTAINTY_MEASURE_WITH_UNIT (LENGTH_MEASURE( 1.000000000000000082E-05 ), #27, 'distance_accuracy_value', 'NONE');
#2142 =( GEOMETRIC_REPRESENTATION_CONTEXT ( 3 ) GLOBAL_UNCERTAINTY_ASSIGNED_CONTEXT ( ( #1825 ) ) GLOBAL_UNIT_ASSIGNED_CONTEXT ( ( #1326, #1045, #2656 ) ) REPRESENTATION_CONTEXT ( 'NONE', 'WORKASPACE' ) );
#2143 = FACE_OUTER_BOUND ( 'NONE', #1072, .T. ) ;
#2144 = COLOUR_RGB ( '',0.1019607843137254888, 0.1019607843137254888, 0.1019607843137254888 ) ;
#2145 = EDGE_CURVE ( 'NONE', #2228, #1357, #1682, .T. ) ;
#2146 = CARTESIAN_POINT ( 'NONE',  ( 48.99999999999999289, -302.7500000000000000, 23.79999999999999716 ) ) ;
#2147 = FILL_AREA_STYLE ('',( #1047 ) ) ;
#2148 = PRESENTATION_STYLE_ASSIGNMENT (( #3142 ) ) ;
#2149 = ORIENTED_EDGE ( 'NONE', *, *, #2078, .F. ) ;
#2150 = EDGE_LOOP ( 'NONE', ( #3053 ) ) ;
#2151 = EDGE_CURVE ( 'NONE', #1075, #1075, #2124, .T. ) ;
#2152 = DIRECTION ( 'NONE',  ( 0.000000000000000000, 0.000000000000000000, 1.000000000000000000 ) ) ;
#2153 = DIRECTION ( 'NONE',  ( 0.000000000000000000, -1.000000000000000000, 1.334402673828312846E-16 ) ) ;
#2154 = LINE ( 'NONE', #3205, #2718 ) ;
#2155 = FILL_AREA_STYLE ('',( #1897 ) ) ;
#2156 = DIRECTION ( 'NONE',  ( -2.409338161078898687E-16, -1.000000000000000000, 0.000000000000000000 ) ) ;
#2157 = EDGE_LOOP ( 'NONE', ( #979 ) ) ;
#2158 = DIRECTION ( 'NONE',  ( -0.000000000000000000, -0.000000000000000000, 1.000000000000000000 ) ) ;
#2159 = LINE ( 'NONE', #2971, #2109 ) ;
#2160 =( LENGTH_UNIT ( ) NAMED_UNIT ( * ) SI_UNIT ( .MILLI., .METRE. ) );
#2161 = CARTESIAN_POINT ( 'NONE',  ( 18.00000000000000000, -305.5000000000000000, 0.000000000000000000 ) ) ;
#2162 = DIRECTION ( 'NONE',  ( 0.000000000000000000, 0.000000000000000000, 1.000000000000000000 ) ) ;
#2163 = ORIENTED_EDGE ( 'NONE', *, *, #2988, .F. ) ;
#2164 = EDGE_CURVE ( 'NONE', #2002, #2028, #3307, .T. ) ;
#2165 = VECTOR ( 'NONE', #2417, 1000.000000000000000 ) ;
#2166 = COLOUR_RGB ( '',0.1019607843137254888, 0.1019607843137254888, 0.1019607843137254888 ) ;
#2167 =( LENGTH_UNIT ( ) NAMED_UNIT ( * ) SI_UNIT ( .MILLI., .METRE. ) );
#2168 =( LENGTH_UNIT ( ) NAMED_UNIT ( * ) SI_UNIT ( .MILLI., .METRE. ) );
#2169 = VERTEX_POINT ( 'NONE', #44 ) ;
#2170 = EDGE_CURVE ( 'NONE', #1010, #2212, #1457, .T. ) ;
#2171 = SURFACE_SIDE_STYLE ('',( #2632 ) ) ;
#2172 = PRESENTATION_LAYER_ASSIGNMENT (  '', '', ( #1187 ) ) ;
#2173 = AXIS2_PLACEMENT_3D ( 'NONE', #1479, #219, #1248 ) ;
#2174 = MECHANICAL_DESIGN_GEOMETRIC_PRESENTATION_REPRESENTATION (  '', ( #1358 ), #1992 ) ;
#2175 = CARTESIAN_POINT ( 'NONE',  ( 18.00000000000000000, -307.0000000000000000, 0.000000000000000000 ) ) ;
#2176 = ORIENTED_EDGE ( 'NONE', *, *, #2750, .T. ) ;
#2177 = LINE ( 'NONE', #113, #3048 ) ;
#2178 = COLOUR_RGB ( '',0.1019607843137254888, 0.1019607843137254888, 0.1019607843137254888 ) ;
#2179 = UNCERTAINTY_MEASURE_WITH_UNIT (LENGTH_MEASURE( 1.000000000000000082E-05 ), #1437, 'distance_accuracy_value', 'NONE');
#2180 = PRESENTATION_STYLE_ASSIGNMENT (( #1648 ) ) ;
#2181 = STYLED_ITEM ( 'NONE', ( #932 ), #1154 ) ;
#2182 = CARTESIAN_POINT ( 'NONE',  ( 48.99999999999999289, -302.7500000000000000, 20.80000000000000071 ) ) ;
#2183 = COLOUR_RGB ( '',0.1019607843137254888, 0.1019607843137254888, 0.1019607843137254888 ) ;
#2184 = FILL_AREA_STYLE_COLOUR ( '', #1837 ) ;
#2185 = MECHANICAL_DESIGN_GEOMETRIC_PRESENTATION_REPRESENTATION (  '', ( #891 ), #1228 ) ;
#2186 = ORIENTED_EDGE ( 'NONE', *, *, #958, .T. ) ;
#2187 =( GEOMETRIC_REPRESENTATION_CONTEXT ( 3 ) GLOBAL_UNCERTAINTY_ASSIGNED_CONTEXT ( ( #2071 ) ) GLOBAL_UNIT_ASSIGNED_CONTEXT ( ( #2956, #625, #1127 ) ) REPRESENTATION_CONTEXT ( 'NONE', 'WORKASPACE' ) );
#2188 = ADVANCED_FACE ( 'NONE', ( #966 ), #693, .F. ) ;
#2189 =( LENGTH_UNIT ( ) NAMED_UNIT ( * ) SI_UNIT ( .MILLI., .METRE. ) );
#2190 = STYLED_ITEM ( 'NONE', ( #1175 ), #257 ) ;
#2191 = EDGE_CURVE ( 'NONE', #2272, #454, #3276, .T. ) ;
#2192 = CARTESIAN_POINT ( 'NONE',  ( -37.85000000000000142, -262.0000000000000000, 0.000000000000000000 ) ) ;
#2193 = CARTESIAN_POINT ( 'NONE',  ( -69.44999999999998863, -302.7500000000000000, 20.80000000000000071 ) ) ;
#2194 = MECHANICAL_DESIGN_GEOMETRIC_PRESENTATION_REPRESENTATION (  '', ( #1061 ), #2353 ) ;
#2195 = FACE_OUTER_BOUND ( 'NONE', #292, .T. ) ;
#2196 = LINE ( 'NONE', #3251, #2051 ) ;
#2197 = DIRECTION ( 'NONE',  ( 0.000000000000000000, -1.000000000000000000, 0.000000000000000000 ) ) ;
#2198 = LINE ( 'NONE', #912, #936 ) ;
#2199 = VECTOR ( 'NONE', #448, 1000.000000000000000 ) ;
#2200 = ORIENTED_EDGE ( 'NONE', *, *, #1482, .F. ) ;
#2201 =( NAMED_UNIT ( * ) PLANE_ANGLE_UNIT ( ) SI_UNIT ( $, .RADIAN. ) );
#2202 = FACE_BOUND ( 'NONE', #2868, .T. ) ;
#2203 = EDGE_LOOP ( 'NONE', ( #1624, #1764, #185, #1845, #1514, #2889, #2011, #1451 ) ) ;
#2204 = SURFACE_STYLE_USAGE ( .BOTH. , #3275 ) ;
#2205 = ADVANCED_FACE ( 'NONE', ( #2984, #125 ), #1170, .F. ) ;
#2206 = CARTESIAN_POINT ( 'NONE',  ( -23.89999999999999858, -262.0000000000000000, 0.000000000000000000 ) ) ;
#2207 =( NAMED_UNIT ( * ) SI_UNIT ( $, .STERADIAN. ) SOLID_ANGLE_UNIT ( ) );
#2208 =( NAMED_UNIT ( * ) PLANE_ANGLE_UNIT ( ) SI_UNIT ( $, .RADIAN. ) );
#2209 = LINE ( 'NONE', #2238, #1043 ) ;
#2210 = FACE_OUTER_BOUND ( 'NONE', #1028, .T. ) ;
#2211 = CARTESIAN_POINT ( 'NONE',  ( 10.15000000000000568, 0.000000000000000000, 0.000000000000000000 ) ) ;
#2212 = VERTEX_POINT ( 'NONE', #1267 ) ;
#2213 = DIRECTION ( 'NONE',  ( 0.000000000000000000, 1.000000000000000000, 0.000000000000000000 ) ) ;
#2214 = AXIS2_PLACEMENT_3D ( 'NONE', #1818, #1509, #499 ) ;
#2215 = PRESENTATION_LAYER_ASSIGNMENT (  '', '', ( #2822 ) ) ;
#2216 = FACE_OUTER_BOUND ( 'NONE', #421, .T. ) ;
#2217 = LINE ( 'NONE', #2504, #2759 ) ;
#2218 = PLANE ( 'NONE',  #2558 ) ;
#2219 = VECTOR ( 'NONE', #2467, 1000.000000000000114 ) ;
#2220 =( LENGTH_UNIT ( ) NAMED_UNIT ( * ) SI_UNIT ( .MILLI., .METRE. ) );
#2221 = VECTOR ( 'NONE', #1626, 1000.000000000000000 ) ;
#2222 = LINE ( 'NONE', #2938, #666 ) ;
#2223 = EDGE_LOOP ( 'NONE', ( #2499, #449, #3018, #1019, #3317, #2844, #1116, #1254, #3299, #974, #1108, #1684 ) ) ;
#2224 = COLOUR_RGB ( '',0.1019607843137254888, 0.1019607843137254888, 0.1019607843137254888 ) ;
#2225 = VECTOR ( 'NONE', #3031, 1000.000000000000000 ) ;
#2226 =( NAMED_UNIT ( * ) SI_UNIT ( $, .STERADIAN. ) SOLID_ANGLE_UNIT ( ) );
#2227 = VECTOR ( 'NONE', #2654, 1000.000000000000000 ) ;
#2228 = VERTEX_POINT ( 'NONE', #786 ) ;
#2229 = VECTOR ( 'NONE', #937, 1000.000000000000000 ) ;
#2230 = DIRECTION ( 'NONE',  ( 0.000000000000000000, 1.000000000000000000, 0.000000000000000000 ) ) ;
#2231 = CARTESIAN_POINT ( 'NONE',  ( -37.85000000000000142, -268.5000000000000000, -7.299999999999998934 ) ) ;
#2232 = VECTOR ( 'NONE', #1534, 1000.000000000000000 ) ;
#2233 = DIRECTION ( 'NONE',  ( 0.000000000000000000, -0.000000000000000000, 1.000000000000000000 ) ) ;
#2234 = CARTESIAN_POINT ( 'NONE',  ( -13.84999999999999076, -283.7903702822979426, -1.400000000000022782 ) ) ;
#2235 = CIRCLE ( 'NONE', #3343, 5.000000000000000888 ) ;
#2236 = LINE ( 'NONE', #420, #395 ) ;
#2237 = ORIENTED_EDGE ( 'NONE', *, *, #2289, .T. ) ;
#2238 = CARTESIAN_POINT ( 'NONE',  ( 34.00000000000000000, -305.5000000000000000, 20.80000000000000071 ) ) ;
#2239 = CARTESIAN_POINT ( 'NONE',  ( -76.69999999999998863, -273.9500000000000455, 23.79999999999999716 ) ) ;
#2240 = FILL_AREA_STYLE_COLOUR ( '', #2797 ) ;
#2241 = VERTEX_POINT ( 'NONE', #2042 ) ;
#2242 = EDGE_CURVE ( 'NONE', #1387, #2605, #2860, .T. ) ;
#2243 = LINE ( 'NONE', #3084, #2001 ) ;
#2244 = EDGE_LOOP ( 'NONE', ( #1495, #1206, #1520, #2014 ) ) ;
#2245 =( LENGTH_UNIT ( ) NAMED_UNIT ( * ) SI_UNIT ( .MILLI., .METRE. ) );
#2246 = VERTEX_POINT ( 'NONE', #2980 ) ;
#2247 = ORIENTED_EDGE ( 'NONE', *, *, #2170, .F. ) ;
#2248 = AXIS2_PLACEMENT_3D ( 'NONE', #2262, #2848, #511 ) ;
#2249 = FILL_AREA_STYLE ('',( #1208 ) ) ;
#2250 = LINE ( 'NONE', #3339, #560 ) ;
#2251 = DIRECTION ( 'NONE',  ( 0.000000000000000000, 0.000000000000000000, 1.000000000000000000 ) ) ;
#2252 = CARTESIAN_POINT ( 'NONE',  ( -61.69999999999998863, -305.5000000000000000, 16.50000000000000000 ) ) ;
#2253 = PLANE ( 'NONE',  #2214 ) ;
#2254 = DIRECTION ( 'NONE',  ( 0.000000000000000000, 0.000000000000000000, 1.000000000000000000 ) ) ;
#2255 = ORIENTED_EDGE ( 'NONE', *, *, #828, .F. ) ;
#2256 = PRESENTATION_STYLE_ASSIGNMENT (( #3064 ) ) ;
#2257 = PRODUCT ( 'RD_SideBodyNewForAddition__Default__FB83B3229F2F', 'RD_SideBodyNewForAddition__Default__FB83B3229F2F', '', ( #2465 ) ) ;
#2258 = CARTESIAN_POINT ( 'NONE',  ( -51.66764253446176980, -268.5000000000000000, -7.299999999999998934 ) ) ;
#2259 =( NAMED_UNIT ( * ) PLANE_ANGLE_UNIT ( ) SI_UNIT ( $, .RADIAN. ) );
#2260 = EDGE_LOOP ( 'NONE', ( #247 ) ) ;
#2261 = ADVANCED_FACE ( 'NONE', ( #1008 ), #2082, .F. ) ;
#2262 = CARTESIAN_POINT ( 'NONE',  ( 23.00000000000000000, -307.0000000000000000, 0.000000000000000000 ) ) ;
#2263 = ORIENTED_EDGE ( 'NONE', *, *, #543, .F. ) ;
#2264 = CARTESIAN_POINT ( 'NONE',  ( -61.69999999999998863, -273.9500000000000455, -7.299999999999998934 ) ) ;
#2265 =( GEOMETRIC_REPRESENTATION_CONTEXT ( 3 ) GLOBAL_UNCERTAINTY_ASSIGNED_CONTEXT ( ( #310 ) ) GLOBAL_UNIT_ASSIGNED_CONTEXT ( ( #2120, #1864, #948 ) ) REPRESENTATION_CONTEXT ( 'NONE', 'WORKASPACE' ) );
#2266 = CARTESIAN_POINT ( 'NONE',  ( 23.00000000000000000, -272.6999999999999886, -4.299999999999995381 ) ) ;
#2267 = EDGE_CURVE ( 'NONE', #1190, #1812, #1025, .T. ) ;
#2268 = CARTESIAN_POINT ( 'NONE',  ( -69.44999999999998863, -307.0000000000000000, 23.80000000000000071 ) ) ;
#2269 = PRESENTATION_STYLE_ASSIGNMENT (( #1302 ) ) ;
#2270 = LINE ( 'NONE', #991, #1681 ) ;
#2271 = CARTESIAN_POINT ( 'NONE',  ( 20.40000000000005542, -278.5000000000000000, 18.49999999999682387 ) ) ;
#2272 = VERTEX_POINT ( 'NONE', #1307 ) ;
#2273 = EDGE_LOOP ( 'NONE', ( #285, #733, #2247, #809 ) ) ;
#2274 = DIRECTION ( 'NONE',  ( 0.000000000000000000, 0.000000000000000000, -1.000000000000000000 ) ) ;
#2275 = VECTOR ( 'NONE', #1750, 1000.000000000000000 ) ;
#2276 = FACE_BOUND ( 'NONE', #2373, .T. ) ;
#2277 = CARTESIAN_POINT ( 'NONE',  ( -13.84999999999999076, -283.7903702822979426, -3.299999999999998934 ) ) ;
#2278 = UNCERTAINTY_MEASURE_WITH_UNIT (LENGTH_MEASURE( 1.000000000000000082E-05 ), #3215, 'distance_accuracy_value', 'NONE');
#2279 = VERTEX_POINT ( 'NONE', #3133 ) ;
#2280 = CARTESIAN_POINT ( 'NONE',  ( -22.89999999999998437, -223.2099999999999795, 18.69999999999997442 ) ) ;
#2281 = ORIENTED_EDGE ( 'NONE', *, *, #1133, .F. ) ;
#2282 = ORIENTED_EDGE ( 'NONE', *, *, #457, .T. ) ;
#2283 = AXIS2_PLACEMENT_3D ( 'NONE', #193, #1440, #2254 ) ;
#2284 = FILL_AREA_STYLE ('',( #2539 ) ) ;
#2285 = CARTESIAN_POINT ( 'NONE',  ( -76.69999999999998863, -273.9500000000000455, -7.299999999999997158 ) ) ;
#2286 = CARTESIAN_POINT ( 'NONE',  ( -61.69999999999998863, -305.5000000000000000, 16.50000000000000000 ) ) ;
#2287 = SURFACE_STYLE_FILL_AREA ( #801 ) ;
#2288 = CARTESIAN_POINT ( 'NONE',  ( -61.69999999999998863, -309.5000000000000000, 23.80000000000000071 ) ) ;
#2289 = EDGE_CURVE ( 'NONE', #1276, #969, #1245, .T. ) ;
#2290 = COLOUR_RGB ( '',0.1019607843137254888, 0.1019607843137254888, 0.1019607843137254888 ) ;
#2291 = FILL_AREA_STYLE ('',( #1305 ) ) ;
#2292 = DIRECTION ( 'NONE',  ( 0.000000000000000000, 1.000000000000000000, -9.011550524554843201E-17 ) ) ;
#2293 = EDGE_LOOP ( 'NONE', ( #2805, #160, #584, #245, #822, #1967, #1899, #3354, #926, #357 ) ) ;
#2294 = VECTOR ( 'NONE', #1343, 1000.000000000000000 ) ;
#2295 = FILL_AREA_STYLE_COLOUR ( '', #1298 ) ;
#2296 = EDGE_CURVE ( 'NONE', #3367, #528, #216, .T. ) ;
#2297 = MECHANICAL_DESIGN_GEOMETRIC_PRESENTATION_REPRESENTATION (  '', ( #353 ), #1054 ) ;
#2298 = FILL_AREA_STYLE_COLOUR ( '', #2346 ) ;
#2299 = FACE_OUTER_BOUND ( 'NONE', #1738, .T. ) ;
#2300 = FILL_AREA_STYLE_COLOUR ( '', #1412 ) ;
#2301 = ORIENTED_EDGE ( 'NONE', *, *, #2488, .F. ) ;
#2302 = AXIS2_PLACEMENT_3D ( 'NONE', #2211, #1409, #104 ) ;
#2303 = VECTOR ( 'NONE', #3341, 1000.000000000000000 ) ;
#2304 = ORIENTED_EDGE ( 'NONE', *, *, #119, .F. ) ;
#2305 = ORIENTED_EDGE ( 'NONE', *, *, #1332, .F. ) ;
#2306 = CARTESIAN_POINT ( 'NONE',  ( -61.69999999999998863, -268.5000000000000000, 22.29999999999999716 ) ) ;
#2307 = CARTESIAN_POINT ( 'NONE',  ( -61.69999999999998863, -307.0000000000000000, 0.000000000000000000 ) ) ;
#2308 = CARTESIAN_POINT ( 'NONE',  ( 34.00000000000000000, -305.5000000000000000, -4.299999999999998934 ) ) ;
#2309 = DIRECTION ( 'NONE',  ( 1.000000000000000000, 0.000000000000000000, 0.000000000000000000 ) ) ;
#2310 = FACE_OUTER_BOUND ( 'NONE', #2332, .T. ) ;
#2311 = CIRCLE ( 'NONE', #1328, 1.000000000000000888 ) ;
#2312 = CARTESIAN_POINT ( 'NONE',  ( -61.69999999999998863, -305.5000000000000000, -4.299999999999998934 ) ) ;
#2313 = FILL_AREA_STYLE_COLOUR ( '', #2166 ) ;
#2314 = EDGE_CURVE ( 'NONE', #1276, #178, #3060, .T. ) ;
#2315 = ORIENTED_EDGE ( 'NONE', *, *, #3279, .T. ) ;
#2316 =( NAMED_UNIT ( * ) SI_UNIT ( $, .STERADIAN. ) SOLID_ANGLE_UNIT ( ) );
#2317 = ORIENTED_EDGE ( 'NONE', *, *, #494, .F. ) ;
#2318 = ORIENTED_EDGE ( 'NONE', *, *, #2743, .T. ) ;
#2319 = LINE ( 'NONE', #1755, #1744 ) ;
#2320 = ORIENTED_EDGE ( 'NONE', *, *, #1168, .F. ) ;
#2321 = ORIENTED_EDGE ( 'NONE', *, *, #475, .F. ) ;
#2322 = SURFACE_SIDE_STYLE ('',( #2853 ) ) ;
#2323 =( NAMED_UNIT ( * ) SI_UNIT ( $, .STERADIAN. ) SOLID_ANGLE_UNIT ( ) );
#2324 = ORIENTED_EDGE ( 'NONE', *, *, #1288, .T. ) ;
#2325 = FILL_AREA_STYLE ('',( #3378 ) ) ;
#2326 = VECTOR ( 'NONE', #907, 1000.000000000000000 ) ;
#2327 = AXIS2_PLACEMENT_3D ( 'NONE', #869, #2153, #2928 ) ;
#2328 = EDGE_CURVE ( 'NONE', #1016, #3335, #2545, .T. ) ;
#2329 = PRESENTATION_LAYER_ASSIGNMENT (  '', '', ( #2885 ) ) ;
#2330 = LINE ( 'NONE', #810, #124 ) ;
#2331 = VERTEX_POINT ( 'NONE', #3078 ) ;
#2332 = EDGE_LOOP ( 'NONE', ( #2958 ) ) ;
#2333 =( NAMED_UNIT ( * ) PLANE_ANGLE_UNIT ( ) SI_UNIT ( $, .RADIAN. ) );
#2334 = VECTOR ( 'NONE', #1829, 1000.000000000000000 ) ;
#2335 = CARTESIAN_POINT ( 'NONE',  ( 3.227793930424502243E-15, -262.0000000000000000, 18.69999999999997442 ) ) ;
#2336 = SURFACE_SIDE_STYLE ('',( #2521 ) ) ;
#2337 = PRESENTATION_LAYER_ASSIGNMENT (  '', '', ( #1841 ) ) ;
#2338 = CYLINDRICAL_SURFACE ( 'NONE', #2327, 1.000000000000000888 ) ;
#2339 = VERTEX_POINT ( 'NONE', #746 ) ;
#2340 = COLOUR_RGB ( '',0.1019607843137254888, 0.1019607843137254888, 0.1019607843137254888 ) ;
#2341 = SURFACE_SIDE_STYLE ('',( #2879 ) ) ;
#2342 = UNCERTAINTY_MEASURE_WITH_UNIT (LENGTH_MEASURE( 1.000000000000000082E-05 ), #2833, 'distance_accuracy_value', 'NONE');
#2343 = UNCERTAINTY_MEASURE_WITH_UNIT (LENGTH_MEASURE( 1.000000000000000082E-05 ), #413, 'distance_accuracy_value', 'NONE');
#2344 = PRESENTATION_LAYER_ASSIGNMENT (  '', '', ( #2451 ) ) ;
#2345 = SURFACE_STYLE_USAGE ( .BOTH. , #1851 ) ;
#2346 = COLOUR_RGB ( '',0.1019607843137254888, 0.1019607843137254888, 0.1019607843137254888 ) ;
#2347 = ORIENTED_EDGE ( 'NONE', *, *, #1217, .T. ) ;
#2348 = CARTESIAN_POINT ( 'NONE',  ( -61.69999999999998863, -309.5000000000000000, -7.299999999999998934 ) ) ;
#2349 = FILL_AREA_STYLE ('',( #74 ) ) ;
#2350 = ADVANCED_FACE ( 'NONE', ( #1763 ), #2824, .F. ) ;
#2351 = ORIENTED_EDGE ( 'NONE', *, *, #2863, .T. ) ;
#2352 = CARTESIAN_POINT ( 'NONE',  ( -13.85000000000023057, -248.2149660633792507, 14.49999999999997335 ) ) ;
#2353 =( GEOMETRIC_REPRESENTATION_CONTEXT ( 3 ) GLOBAL_UNCERTAINTY_ASSIGNED_CONTEXT ( ( #2343 ) ) GLOBAL_UNIT_ASSIGNED_CONTEXT ( ( #413, #3239, #2738 ) ) REPRESENTATION_CONTEXT ( 'NONE', 'WORKASPACE' ) );
#2354 = VECTOR ( 'NONE', #1490, 1000.000000000000000 ) ;
#2355 = DIRECTION ( 'NONE',  ( 0.000000000000000000, 0.000000000000000000, 1.000000000000000000 ) ) ;
#2356 = EDGE_CURVE ( 'NONE', #1079, #1961, #2931, .T. ) ;
#2357 = FILL_AREA_STYLE ('',( #2948 ) ) ;
#2358 = DIRECTION ( 'NONE',  ( -1.000000000000000000, 2.409338161078898687E-16, 0.000000000000000000 ) ) ;
#2359 = ORIENTED_EDGE ( 'NONE', *, *, #2713, .F. ) ;
#2360 = DIRECTION ( 'NONE',  ( 0.000000000000000000, 0.000000000000000000, 1.000000000000000000 ) ) ;
#2361 = LINE ( 'NONE', #998, #490 ) ;
#2362 = SURFACE_STYLE_FILL_AREA ( #2587 ) ;
#2363 = FACE_OUTER_BOUND ( 'NONE', #747, .T. ) ;
#2364 = CARTESIAN_POINT ( 'NONE',  ( 34.00000000000000000, -307.0000000000000000, 23.80000000000000071 ) ) ;
#2365 = CARTESIAN_POINT ( 'NONE',  ( 34.00000000000000000, -268.5000000000000000, -7.299999999999997158 ) ) ;
#2366 = ORIENTED_EDGE ( 'NONE', *, *, #1731, .T. ) ;
#2367 =( LENGTH_UNIT ( ) NAMED_UNIT ( * ) SI_UNIT ( .MILLI., .METRE. ) );
#2368 = LINE ( 'NONE', #1628, #1182 ) ;
#2369 = FACE_OUTER_BOUND ( 'NONE', #2000, .T. ) ;
#2370 = EDGE_CURVE ( 'NONE', #1132, #1561, #2391, .T. ) ;
#2371 = CARTESIAN_POINT ( 'NONE',  ( -50.69999999999999574, -272.6999999999999886, 20.80000000000000071 ) ) ;
#2372 = FILL_AREA_STYLE ('',( #858 ) ) ;
#2373 = EDGE_LOOP ( 'NONE', ( #3192 ) ) ;
#2374 = DIRECTION ( 'NONE',  ( 1.000000000000000000, 0.000000000000000000, 0.000000000000000000 ) ) ;
#2375 = LINE ( 'NONE', #1599, #2227 ) ;
#2376 = VECTOR ( 'NONE', #273, 1000.000000000000000 ) ;
#2377 = CYLINDRICAL_SURFACE ( 'NONE', #108, 2.575000000000004174 ) ;
#2378 = UNCERTAINTY_MEASURE_WITH_UNIT (LENGTH_MEASURE( 1.000000000000000082E-05 ), #557, 'distance_accuracy_value', 'NONE');
#2379 = STYLED_ITEM ( 'NONE', ( #1436 ), #756 ) ;
#2380 = ORIENTED_EDGE ( 'NONE', *, *, #2695, .T. ) ;
#2381 = SURFACE_STYLE_USAGE ( .BOTH. , #794 ) ;
#2382 = SURFACE_STYLE_USAGE ( .BOTH. , #1353 ) ;
#2383 = DIRECTION ( 'NONE',  ( 0.000000000000000000, 1.224646799147353947E-16, -1.000000000000000000 ) ) ;
#2384 = VERTEX_POINT ( 'NONE', #1322 ) ;
#2385 = PRESENTATION_LAYER_ASSIGNMENT (  '', '', ( #3318 ) ) ;
#2386 = FACE_OUTER_BOUND ( 'NONE', #2110, .T. ) ;
#2387 =( NAMED_UNIT ( * ) PLANE_ANGLE_UNIT ( ) SI_UNIT ( $, .RADIAN. ) );
#2388 = DIRECTION ( 'NONE',  ( 0.000000000000000000, 0.000000000000000000, -1.000000000000000000 ) ) ;
#2389 = VERTEX_POINT ( 'NONE', #305 ) ;
#2390 = PLANE ( 'NONE',  #982 ) ;
#2391 = LINE ( 'NONE', #2705, #3262 ) ;
#2392 = VERTEX_POINT ( 'NONE', #1391 ) ;
#2393 = ADVANCED_FACE ( 'NONE', ( #96 ), #2410, .F. ) ;
#2394 = PRESENTATION_LAYER_ASSIGNMENT (  '', '', ( #928 ) ) ;
#2395 = PRESENTATION_STYLE_ASSIGNMENT (( #1916 ) ) ;
#2396 = DIRECTION ( 'NONE',  ( -1.000000000000000000, 0.000000000000000000, 0.000000000000000000 ) ) ;
#2397 = PLANE ( 'NONE',  #436 ) ;
#2398 = DIRECTION ( 'NONE',  ( 1.000000000000000000, 0.000000000000000000, 0.000000000000000000 ) ) ;
#2399 = PRESENTATION_STYLE_ASSIGNMENT (( #2865 ) ) ;
#2400 = SURFACE_STYLE_USAGE ( .BOTH. , #832 ) ;
#2401 = DIRECTION ( 'NONE',  ( 0.000000000000000000, 0.000000000000000000, -1.000000000000000000 ) ) ;
#2402 = ORIENTED_EDGE ( 'NONE', *, *, #2650, .T. ) ;
#2403 = EDGE_LOOP ( 'NONE', ( #1834, #568, #2795, #1493 ) ) ;
#2404 = VECTOR ( 'NONE', #1933, 1000.000000000000000 ) ;
#2405 = DIRECTION ( 'NONE',  ( 0.000000000000000000, -1.000000000000000000, 1.334402673828312846E-16 ) ) ;
#2406 = PRESENTATION_STYLE_ASSIGNMENT (( #816 ) ) ;
#2407 = LINE ( 'NONE', #2062, #1416 ) ;
#2408 = VERTEX_POINT ( 'NONE', #855 ) ;
#2409 =( NAMED_UNIT ( * ) SI_UNIT ( $, .STERADIAN. ) SOLID_ANGLE_UNIT ( ) );
#2410 = PLANE ( 'NONE',  #1765 ) ;
#2411 = ORIENTED_EDGE ( 'NONE', *, *, #51, .T. ) ;
#2412 = VECTOR ( 'NONE', #2309, 1000.000000000000000 ) ;
#2413 = LINE ( 'NONE', #1379, #2941 ) ;
#2414 = UNCERTAINTY_MEASURE_WITH_UNIT (LENGTH_MEASURE( 1.000000000000000082E-05 ), #1080, 'distance_accuracy_value', 'NONE');
#2415 = ADVANCED_FACE ( 'NONE', ( #2634 ), #873, .F. ) ;
#2416 = DIRECTION ( 'NONE',  ( 0.000000000000000000, 0.000000000000000000, -1.000000000000000000 ) ) ;
#2417 = DIRECTION ( 'NONE',  ( 0.000000000000000000, 0.000000000000000000, 1.000000000000000000 ) ) ;
#2418 = AXIS2_PLACEMENT_3D ( 'NONE', #2450, #1657, #1910 ) ;
#2419 = ADVANCED_FACE ( 'NONE', ( #2216, #646 ), #2468, .F. ) ;
#2420 = FILL_AREA_STYLE_COLOUR ( '', #2290 ) ;
#2421 = CARTESIAN_POINT ( 'NONE',  ( 48.99999999999999289, -273.9500000000000455, -4.299999999999995381 ) ) ;
#2422 = ORIENTED_EDGE ( 'NONE', *, *, #111, .T. ) ;
#2423 = CARTESIAN_POINT ( 'NONE',  ( -13.84999999999999076, -283.7903702822979426, 29.70000000000000284 ) ) ;
#2424 = FACE_OUTER_BOUND ( 'NONE', #587, .T. ) ;
#2425 = ORIENTED_EDGE ( 'NONE', *, *, #1320, .F. ) ;
#2426 = CARTESIAN_POINT ( 'NONE',  ( -61.69999999999998863, -270.0000000000000000, -4.299999999999995381 ) ) ;
#2427 = FILL_AREA_STYLE ('',( #635 ) ) ;
#2428 = LINE ( 'NONE', #379, #758 ) ;
#2429 = CARTESIAN_POINT ( 'NONE',  ( -23.89999999999999858, -262.0000000000000000, 18.69999999999997442 ) ) ;
#2430 = VECTOR ( 'NONE', #101, 1000.000000000000000 ) ;
#2431 = LINE ( 'NONE', #1130, #2019 ) ;
#2432 = EDGE_LOOP ( 'NONE', ( #812 ) ) ;
#2433 = ADVANCED_FACE ( 'NONE', ( #2503 ), #134, .F. ) ;
#2434 = AXIS2_PLACEMENT_3D ( 'NONE', #1526, #3076, #2025 ) ;
#2435 = PRESENTATION_STYLE_ASSIGNMENT (( #1400 ) ) ;
#2436 = CARTESIAN_POINT ( 'NONE',  ( 0.000000000000000000, 0.000000000000000000, 0.000000000000000000 ) ) ;
#2437 = MECHANICAL_DESIGN_GEOMETRIC_PRESENTATION_REPRESENTATION (  '', ( #2716 ), #3152 ) ;
#2438 =( NAMED_UNIT ( * ) PLANE_ANGLE_UNIT ( ) SI_UNIT ( $, .RADIAN. ) );
#2439 = DIRECTION ( 'NONE',  ( -1.000000000000000000, 0.000000000000000000, 0.000000000000000000 ) ) ;
#2440 = DIRECTION ( 'NONE',  ( 0.000000000000000000, 0.000000000000000000, 1.000000000000000000 ) ) ;
#2441 = MECHANICAL_DESIGN_GEOMETRIC_PRESENTATION_REPRESENTATION (  '', ( #1147 ), #1408 ) ;
#2442 = STYLED_ITEM ( 'NONE', ( #2026 ), #1199 ) ;
#2443 = DIRECTION ( 'NONE',  ( 0.000000000000000000, 0.000000000000000000, -1.000000000000000000 ) ) ;
#2444 = UNCERTAINTY_MEASURE_WITH_UNIT (LENGTH_MEASURE( 1.000000000000000082E-05 ), #2704, 'distance_accuracy_value', 'NONE');
#2445 = CARTESIAN_POINT ( 'NONE',  ( 10.15000000000000568, -227.8506180368631249, 23.79999999999997584 ) ) ;
#2446 = ORIENTED_EDGE ( 'NONE', *, *, #1270, .F. ) ;
#2447 = AXIS2_PLACEMENT_3D ( 'NONE', #638, #380, #2724 ) ;
#2448 =( LENGTH_UNIT ( ) NAMED_UNIT ( * ) SI_UNIT ( .MILLI., .METRE. ) );
#2449 = ADVANCED_FACE ( 'NONE', ( #1697 ), #917, .F. ) ;
#2450 = CARTESIAN_POINT ( 'NONE',  ( -50.69999999999999574, -307.0000000000000000, 0.000000000000000000 ) ) ;
#2451 = STYLED_ITEM ( 'NONE', ( #714 ), #549 ) ;
#2452 = COLOUR_RGB ( '',0.1019607843137254888, 0.1019607843137254888, 0.1019607843137254888 ) ;
#2453 = CARTESIAN_POINT ( 'NONE',  ( -23.89999999999999858, -224.2100000000000080, -1.400000000000022782 ) ) ;
#2454 = EDGE_CURVE ( 'NONE', #274, #2508, #2079, .T. ) ;
#2455 = CARTESIAN_POINT ( 'NONE',  ( -13.85000000000023057, -248.2149660633792507, 2.799999999999978062 ) ) ;
#2456 = CARTESIAN_POINT ( 'NONE',  ( 0.000000000000000000, -268.5000000000000000, 0.000000000000000000 ) ) ;
#2457 = DIRECTION ( 'NONE',  ( 1.000000000000000000, 0.000000000000000000, 0.000000000000000000 ) ) ;
#2458 = VECTOR ( 'NONE', #118, 1000.000000000000000 ) ;
#2459 = AXIS2_PLACEMENT_3D ( 'NONE', #1760, #2563, #2388 ) ;
#2460 = FACE_BOUND ( 'NONE', #2157, .T. ) ;
#2461 = CARTESIAN_POINT ( 'NONE',  ( -61.69999999999998863, -309.5000000000000000, 23.80000000000000071 ) ) ;
#2462 = DIRECTION ( 'NONE',  ( -1.000000000000000000, 0.000000000000000000, 0.000000000000000000 ) ) ;
#2463 =( GEOMETRIC_REPRESENTATION_CONTEXT ( 3 ) GLOBAL_UNCERTAINTY_ASSIGNED_CONTEXT ( ( #790 ) ) GLOBAL_UNIT_ASSIGNED_CONTEXT ( ( #3085, #1292, #472 ) ) REPRESENTATION_CONTEXT ( 'NONE', 'WORKASPACE' ) );
#2464 = CARTESIAN_POINT ( 'NONE',  ( 20.40000000000005542, -272.6999999999999886, 18.49999999999682387 ) ) ;
#2465 = PRODUCT_CONTEXT ( 'NONE', #3113, 'mechanical' ) ;
#2466 = EDGE_CURVE ( 'NONE', #3209, #1392, #3111, .T. ) ;
#2467 = DIRECTION ( 'NONE',  ( -0.5773502691896231775, -0.5773502691896310601, 0.5773502691896231775 ) ) ;
#2468 = CYLINDRICAL_SURFACE ( 'NONE', #3034, 2.549999999999996714 ) ;
#2469 = PLANE ( 'NONE',  #3213 ) ;
#2470 = EDGE_CURVE ( 'NONE', #3209, #218, #2800, .T. ) ;
#2471 = UNCERTAINTY_MEASURE_WITH_UNIT (LENGTH_MEASURE( 1.000000000000000082E-05 ), #2160, 'distance_accuracy_value', 'NONE');
#2472 = VERTEX_POINT ( 'NONE', #480 ) ;
#2473 = UNCERTAINTY_MEASURE_WITH_UNIT (LENGTH_MEASURE( 1.000000000000000082E-05 ), #1718, 'distance_accuracy_value', 'NONE');
#2474 = DIRECTION ( 'NONE',  ( 0.000000000000000000, 1.000000000000000000, 0.000000000000000000 ) ) ;
#2475 = ORIENTED_EDGE ( 'NONE', *, *, #211, .F. ) ;
#2476 =( NAMED_UNIT ( * ) PLANE_ANGLE_UNIT ( ) SI_UNIT ( $, .RADIAN. ) );
#2477 = FILL_AREA_STYLE_COLOUR ( '', #1693 ) ;
#2478 = PRESENTATION_LAYER_ASSIGNMENT (  '', '', ( #1658 ) ) ;
#2479 = EDGE_LOOP ( 'NONE', ( #240, #84, #7, #563 ) ) ;
#2480 =( GEOMETRIC_REPRESENTATION_CONTEXT ( 3 ) GLOBAL_UNCERTAINTY_ASSIGNED_CONTEXT ( ( #2141 ) ) GLOBAL_UNIT_ASSIGNED_CONTEXT ( ( #27, #1417, #2747 ) ) REPRESENTATION_CONTEXT ( 'NONE', 'WORKASPACE' ) );
#2481 = LINE ( 'NONE', #2175, #217 ) ;
#2482 = DIRECTION ( 'NONE',  ( 0.000000000000000000, 0.000000000000000000, 1.000000000000000000 ) ) ;
#2483 = MECHANICAL_DESIGN_GEOMETRIC_PRESENTATION_REPRESENTATION (  '', ( #1187 ), #3040 ) ;
#2484 =( NAMED_UNIT ( * ) PLANE_ANGLE_UNIT ( ) SI_UNIT ( $, .RADIAN. ) );
#2485 = LINE ( 'NONE', #2426, #2674 ) ;
#2486 =( GEOMETRIC_REPRESENTATION_CONTEXT ( 3 ) GLOBAL_UNCERTAINTY_ASSIGNED_CONTEXT ( ( #2414 ) ) GLOBAL_UNIT_ASSIGNED_CONTEXT ( ( #1080, #18, #860 ) ) REPRESENTATION_CONTEXT ( 'NONE', 'WORKASPACE' ) );
#2487 = CARTESIAN_POINT ( 'NONE',  ( -45.69999999999998863, -305.5000000000000000, 16.50000000000000000 ) ) ;
#2488 = EDGE_CURVE ( 'NONE', #2384, #2107, #1524, .T. ) ;
#2489 = CIRCLE ( 'NONE', #1038, 1.000000000000001776 ) ;
#2490 = ORIENTED_EDGE ( 'NONE', *, *, #981, .T. ) ;
#2491 = EDGE_LOOP ( 'NONE', ( #1184, #34, #1026, #834 ) ) ;
#2492 = FILL_AREA_STYLE ('',( #37 ) ) ;
#2493 =( GEOMETRIC_REPRESENTATION_CONTEXT ( 3 ) GLOBAL_UNCERTAINTY_ASSIGNED_CONTEXT ( ( #1096 ) ) GLOBAL_UNIT_ASSIGNED_CONTEXT ( ( #3320, #209, #1504 ) ) REPRESENTATION_CONTEXT ( 'NONE', 'WORKASPACE' ) );
#2494 = ORIENTED_EDGE ( 'NONE', *, *, #594, .F. ) ;
#2495 = AXIS2_PLACEMENT_3D ( 'NONE', #784, #1266, #1805 ) ;
#2496 = PRESENTATION_LAYER_ASSIGNMENT (  '', '', ( #548 ) ) ;
#2497 = CARTESIAN_POINT ( 'NONE',  ( 18.00000000000000000, -307.0000000000000000, 0.000000000000000000 ) ) ;
#2498 =( GEOMETRIC_REPRESENTATION_CONTEXT ( 3 ) GLOBAL_UNCERTAINTY_ASSIGNED_CONTEXT ( ( #3136 ) ) GLOBAL_UNIT_ASSIGNED_CONTEXT ( ( #1429, #2208, #664 ) ) REPRESENTATION_CONTEXT ( 'NONE', 'WORKASPACE' ) );
#2499 = ORIENTED_EDGE ( 'NONE', *, *, #2622, .F. ) ;
#2500 = CARTESIAN_POINT ( 'NONE',  ( 41.74999999999998579, -307.0000000000000000, 23.80000000000000071 ) ) ;
#2501 = LINE ( 'NONE', #2285, #1572 ) ;
#2502 = CIRCLE ( 'NONE', #1518, 0.9999999999999983347 ) ;
#2503 = FACE_OUTER_BOUND ( 'NONE', #739, .T. ) ;
#2504 = CARTESIAN_POINT ( 'NONE',  ( 48.99999999999999289, -273.9500000000000455, -7.299999999999997158 ) ) ;
#2505 = STYLED_ITEM ( 'NONE', ( #78 ), #621 ) ;
#2506 = UNCERTAINTY_MEASURE_WITH_UNIT (LENGTH_MEASURE( 1.000000000000000082E-05 ), #2220, 'distance_accuracy_value', 'NONE');
#2507 = SURFACE_STYLE_FILL_AREA ( #1711 ) ;
#2508 = VERTEX_POINT ( 'NONE', #2040 ) ;
#2509 = ORIENTED_EDGE ( 'NONE', *, *, #1610, .T. ) ;
#2510 = EDGE_CURVE ( 'NONE', #2559, #1580, #466, .T. ) ;
#2511 = UNCERTAINTY_MEASURE_WITH_UNIT (LENGTH_MEASURE( 1.000000000000000082E-05 ), #251, 'distance_accuracy_value', 'NONE');
#2512 = VECTOR ( 'NONE', #1021, 1000.000000000000000 ) ;
#2513 = FILL_AREA_STYLE ('',( #2240 ) ) ;
#2514 = EDGE_CURVE ( 'NONE', #175, #1276, #2594, .T. ) ;
#2515 = CARTESIAN_POINT ( 'NONE',  ( -3.799999999999994493, -223.2099999999999795, -1.400000000000022782 ) ) ;
#2516 = VECTOR ( 'NONE', #1550, 1000.000000000000000 ) ;
#2517 = LINE ( 'NONE', #2053, #2793 ) ;
#2518 = ORIENTED_EDGE ( 'NONE', *, *, #3021, .F. ) ;
#2519 = DIRECTION ( 'NONE',  ( 0.000000000000000000, 0.000000000000000000, 1.000000000000000000 ) ) ;
#2520 = LINE ( 'NONE', #210, #668 ) ;
#2521 = SURFACE_STYLE_FILL_AREA ( #2854 ) ;
#2522 = FILL_AREA_STYLE_COLOUR ( '', #3095 ) ;
#2523 = SURFACE_SIDE_STYLE ('',( #660 ) ) ;
#2524 = PLANE ( 'NONE',  #1856 ) ;
#2525 = LINE ( 'NONE', #1225, #3329 ) ;
#2526 = FILL_AREA_STYLE_COLOUR ( '', #2726 ) ;
#2527 = ORIENTED_EDGE ( 'NONE', *, *, #3002, .F. ) ;
#2528 = ORIENTED_EDGE ( 'NONE', *, *, #1710, .F. ) ;
#2529 = CARTESIAN_POINT ( 'NONE',  ( 33.99999999999999289, -302.7500000000000000, 23.79999999999999716 ) ) ;
#2530 = ORIENTED_EDGE ( 'NONE', *, *, #2074, .T. ) ;
#2531 = PLANE ( 'NONE',  #2085 ) ;
#2532 = CARTESIAN_POINT ( 'NONE',  ( -50.69999999999999574, -271.1999999999999886, -4.299999999999995381 ) ) ;
#2533 = ORIENTED_EDGE ( 'NONE', *, *, #45, .F. ) ;
#2534 = DIRECTION ( 'NONE',  ( 1.000000000000000000, 0.000000000000000000, 0.000000000000000000 ) ) ;
#2535 = ORIENTED_EDGE ( 'NONE', *, *, #3260, .T. ) ;
#2536 = EDGE_CURVE ( 'NONE', #2392, #1010, #2578, .T. ) ;
#2537 = ORIENTED_EDGE ( 'NONE', *, *, #1077, .F. ) ;
#2538 =( NAMED_UNIT ( * ) SI_UNIT ( $, .STERADIAN. ) SOLID_ANGLE_UNIT ( ) );
#2539 = FILL_AREA_STYLE_COLOUR ( '', #2943 ) ;
#2540 = DIRECTION ( 'NONE',  ( -0.000000000000000000, 0.000000000000000000, -1.000000000000000000 ) ) ;
#2541 = CARTESIAN_POINT ( 'NONE',  ( -51.66764253446176980, -268.5000000000000000, -7.299999999999998934 ) ) ;
#2542 = SURFACE_SIDE_STYLE ('',( #711 ) ) ;
#2543 = PRESENTATION_LAYER_ASSIGNMENT (  '', '', ( #1663 ) ) ;
#2544 = FACE_BOUND ( 'NONE', #852, .T. ) ;
#2545 = LINE ( 'NONE', #2568, #200 ) ;
#2546 = VECTOR ( 'NONE', #115, 1000.000000000000000 ) ;
#2547 = ORIENTED_EDGE ( 'NONE', *, *, #1542, .F. ) ;
#2548 = PLANE ( 'NONE',  #2173 ) ;
#2549 = PRESENTATION_LAYER_ASSIGNMENT (  '', '', ( #1186 ) ) ;
#2550 = VERTEX_POINT ( 'NONE', #3091 ) ;
#2551 = AXIS2_PLACEMENT_3D ( 'NONE', #689, #2230, #133 ) ;
#2552 = SURFACE_SIDE_STYLE ('',( #2845 ) ) ;
#2553 = CARTESIAN_POINT ( 'NONE',  ( 34.00000000000000000, -309.5000000000000000, -7.299999999999998934 ) ) ;
#2554 = PRESENTATION_LAYER_ASSIGNMENT (  '', '', ( #1147 ) ) ;
#2555 = PLANE ( 'NONE',  #2827 ) ;
#2556 = PLANE ( 'NONE',  #344 ) ;
#2557 = LINE ( 'NONE', #3052, #409 ) ;
#2558 = AXIS2_PLACEMENT_3D ( 'NONE', #2968, #2693, #376 ) ;
#2559 = VERTEX_POINT ( 'NONE', #268 ) ;
#2560 = DIRECTION ( 'NONE',  ( 0.000000000000000000, 0.000000000000000000, 1.000000000000000000 ) ) ;
#2561 = EDGE_CURVE ( 'NONE', #1392, #654, #451, .T. ) ;
#2562 = LINE ( 'NONE', #479, #3007 ) ;
#2563 = DIRECTION ( 'NONE',  ( 0.000000000000000000, -1.000000000000000000, 0.000000000000000000 ) ) ;
#2564 =( NAMED_UNIT ( * ) SI_UNIT ( $, .STERADIAN. ) SOLID_ANGLE_UNIT ( ) );
#2565 = CARTESIAN_POINT ( 'NONE',  ( 34.00000000000000000, -307.0000000000000000, 16.50000000000000000 ) ) ;
#2566 = FILL_AREA_STYLE ('',( #3059 ) ) ;
#2567 = ADVANCED_FACE ( 'NONE', ( #3373 ), #212, .F. ) ;
#2568 = CARTESIAN_POINT ( 'NONE',  ( -61.69999999999998863, -307.0000000000000000, 23.80000000000000071 ) ) ;
#2569 = VERTEX_POINT ( 'NONE', #2685 ) ;
#2570 = CARTESIAN_POINT ( 'NONE',  ( -61.69999999999998863, -302.7500000000000000, -7.299999999999997158 ) ) ;
#2571 = CARTESIAN_POINT ( 'NONE',  ( 18.00000000000000000, -272.6999999999999886, -4.299999999999995381 ) ) ;
#2572 = DIRECTION ( 'NONE',  ( 0.000000000000000000, 0.000000000000000000, -1.000000000000000000 ) ) ;
#2573 = CARTESIAN_POINT ( 'NONE',  ( 18.00000000000000000, -307.0000000000000000, -4.299999999999998934 ) ) ;
#2574 = EDGE_LOOP ( 'NONE', ( #2132 ) ) ;
#2575 = ORIENTED_EDGE ( 'NONE', *, *, #70, .T. ) ;
#2576 = PLANE ( 'NONE',  #2015 ) ;
#2577 = LINE ( 'NONE', #1741, #1904 ) ;
#2578 = LINE ( 'NONE', #1278, #2303 ) ;
#2579 = FACE_BOUND ( 'NONE', #370, .T. ) ;
#2580 = CYLINDRICAL_SURFACE ( 'NONE', #3155, 5.000000000000000888 ) ;
#2581 = DIRECTION ( 'NONE',  ( 0.000000000000000000, -1.000000000000000000, -5.042800802258161104E-17 ) ) ;
#2582 = ORIENTED_EDGE ( 'NONE', *, *, #2602, .F. ) ;
#2583 =( LENGTH_UNIT ( ) NAMED_UNIT ( * ) SI_UNIT ( .MILLI., .METRE. ) );
#2584 = EDGE_CURVE ( 'NONE', #175, #1294, #1861, .T. ) ;
#2585 = LINE ( 'NONE', #55, #2294 ) ;
#2586 = UNCERTAINTY_MEASURE_WITH_UNIT (LENGTH_MEASURE( 1.000000000000000082E-05 ), #433, 'distance_accuracy_value', 'NONE');
#2587 = FILL_AREA_STYLE ('',( #1286 ) ) ;
#2588 = ADVANCED_FACE ( 'NONE', ( #2912 ), #2136, .T. ) ;
#2589 = DIRECTION ( 'NONE',  ( 0.000000000000000000, 1.000000000000000000, 0.000000000000000000 ) ) ;
#2590 = PRESENTATION_STYLE_ASSIGNMENT (( #1000 ) ) ;
#2591 = ORIENTED_EDGE ( 'NONE', *, *, #2454, .T. ) ;
#2592 = PLANE ( 'NONE',  #434 ) ;
#2593 = DIRECTION ( 'NONE',  ( 0.000000000000000000, 0.000000000000000000, -1.000000000000000000 ) ) ;
#2594 = LINE ( 'NONE', #800, #1581 ) ;
#2595 = FILL_AREA_STYLE_COLOUR ( '', #2619 ) ;
#2596 =( LENGTH_UNIT ( ) NAMED_UNIT ( * ) SI_UNIT ( .MILLI., .METRE. ) );
#2597 = SURFACE_STYLE_FILL_AREA ( #484 ) ;
#2598 = COLOUR_RGB ( '',0.1019607843137254888, 0.1019607843137254888, 0.1019607843137254888 ) ;
#2599 = CARTESIAN_POINT ( 'NONE',  ( -45.69999999999998863, -307.0000000000000000, 16.50000000000000000 ) ) ;
#2600 = EDGE_LOOP ( 'NONE', ( #1323, #1703, #2683, #1571 ) ) ;
#2601 = COLOUR_RGB ( '',0.1019607843137254888, 0.1019607843137254888, 0.1019607843137254888 ) ;
#2602 = EDGE_CURVE ( 'NONE', #654, #2472, #556, .T. ) ;
#2603 = MECHANICAL_DESIGN_GEOMETRIC_PRESENTATION_REPRESENTATION (  '', ( #3270 ), #2994 ) ;
#2604 = ADVANCED_FACE ( 'NONE', ( #1074 ), #1879, .F. ) ;
#2605 = VERTEX_POINT ( 'NONE', #3203 ) ;
#2606 = DIRECTION ( 'NONE',  ( 0.000000000000000000, -1.000000000000000000, 0.000000000000000000 ) ) ;
#2607 = ORIENTED_EDGE ( 'NONE', *, *, #2584, .T. ) ;
#2608 = VERTEX_POINT ( 'NONE', #2666 ) ;
#2609 = COLOUR_RGB ( '',0.1019607843137254888, 0.1019607843137254888, 0.1019607843137254888 ) ;
#2610 = PRESENTATION_LAYER_ASSIGNMENT (  '', '', ( #2442 ) ) ;
#2611 = CARTESIAN_POINT ( 'NONE',  ( -51.66764253446176980, -268.5000000000000000, 23.80000000000000071 ) ) ;
#2612 = MECHANICAL_DESIGN_GEOMETRIC_PRESENTATION_REPRESENTATION (  '', ( #3168 ), #2999 ) ;
#2613 = SURFACE_SIDE_STYLE ('',( #2927 ) ) ;
#2614 =( NAMED_UNIT ( * ) PLANE_ANGLE_UNIT ( ) SI_UNIT ( $, .RADIAN. ) );
#2615 = DIRECTION ( 'NONE',  ( 0.000000000000000000, 1.000000000000000000, 0.000000000000000000 ) ) ;
#2616 = CARTESIAN_POINT ( 'NONE',  ( 41.75000000000000000, -273.9500000000000455, 27.29999999999999716 ) ) ;
#2617 = EDGE_LOOP ( 'NONE', ( #836 ) ) ;
#2618 =( NAMED_UNIT ( * ) PLANE_ANGLE_UNIT ( ) SI_UNIT ( $, .RADIAN. ) );
#2619 = COLOUR_RGB ( '',0.1019607843137254888, 0.1019607843137254888, 0.1019607843137254888 ) ;
#2620 = UNCERTAINTY_MEASURE_WITH_UNIT (LENGTH_MEASURE( 1.000000000000000082E-05 ), #915, 'distance_accuracy_value', 'NONE');
#2621 = VECTOR ( 'NONE', #1489, 1000.000000000000000 ) ;
#2622 = EDGE_CURVE ( 'NONE', #3362, #3103, #2094, .T. ) ;
#2623 = COLOUR_RGB ( '',0.1019607843137254888, 0.1019607843137254888, 0.1019607843137254888 ) ;
#2624 = DIRECTION ( 'NONE',  ( 0.000000000000000000, 0.000000000000000000, 1.000000000000000000 ) ) ;
#2625 = ORIENTED_EDGE ( 'NONE', *, *, #2031, .T. ) ;
#2626 = ORIENTED_EDGE ( 'NONE', *, *, #1647, .T. ) ;
#2627 = PRESENTATION_STYLE_ASSIGNMENT (( #3145 ) ) ;
#2628 = FILL_AREA_STYLE_COLOUR ( '', #1041 ) ;
#2629 =( LENGTH_UNIT ( ) NAMED_UNIT ( * ) SI_UNIT ( .MILLI., .METRE. ) );
#2630 = SURFACE_STYLE_FILL_AREA ( #3189 ) ;
#2631 = VERTEX_POINT ( 'NONE', #1091 ) ;
#2632 = SURFACE_STYLE_FILL_AREA ( #1136 ) ;
#2633 = SURFACE_SIDE_STYLE ('',( #1863 ) ) ;
#2634 = FACE_OUTER_BOUND ( 'NONE', #1484, .T. ) ;
#2635 = MECHANICAL_DESIGN_GEOMETRIC_PRESENTATION_REPRESENTATION (  '', ( #1423 ), #1472 ) ;
#2636 =( NAMED_UNIT ( * ) SI_UNIT ( $, .STERADIAN. ) SOLID_ANGLE_UNIT ( ) );
#2637 =( LENGTH_UNIT ( ) NAMED_UNIT ( * ) SI_UNIT ( .MILLI., .METRE. ) );
#2638 = CARTESIAN_POINT ( 'NONE',  ( 0.000000000000000000, -223.2099999999999795, -0.4000000000000080158 ) ) ;
#2639 =( LENGTH_UNIT ( ) NAMED_UNIT ( * ) SI_UNIT ( .MILLI., .METRE. ) );
#2640 = ORIENTED_EDGE ( 'NONE', *, *, #807, .T. ) ;
#2641 = EDGE_CURVE ( 'NONE', #3148, #3148, #1799, .T. ) ;
#2642 = CARTESIAN_POINT ( 'NONE',  ( -61.69999999999998863, -305.5000000000000000, -4.299999999999998934 ) ) ;
#2643 = VERTEX_POINT ( 'NONE', #1592 ) ;
#2644 = FILL_AREA_STYLE ('',( #766 ) ) ;
#2645 = EDGE_CURVE ( 'NONE', #1378, #3071, #1607, .T. ) ;
#2646 = FILL_AREA_STYLE_COLOUR ( '', #1113 ) ;
#2647 = SURFACE_STYLE_USAGE ( .BOTH. , #2613 ) ;
#2648 = CARTESIAN_POINT ( 'NONE',  ( -51.90000000000004832, -309.5000000000000000, 17.49999999999675637 ) ) ;
#2649 = PLANE ( 'NONE',  #540 ) ;
#2650 = EDGE_CURVE ( 'NONE', #817, #817, #1163, .T. ) ;
#2651 = DIRECTION ( 'NONE',  ( -1.000000000000000000, 0.000000000000000000, 0.000000000000000000 ) ) ;
#2652 = ORIENTED_EDGE ( 'NONE', *, *, #785, .F. ) ;
#2653 = PRESENTATION_STYLE_ASSIGNMENT (( #823 ) ) ;
#2654 = DIRECTION ( 'NONE',  ( 0.000000000000000000, -1.000000000000000000, 0.000000000000000000 ) ) ;
#2655 = COLOUR_RGB ( '',0.1019607843137254888, 0.1019607843137254888, 0.1019607843137254888 ) ;
#2656 =( NAMED_UNIT ( * ) SI_UNIT ( $, .STERADIAN. ) SOLID_ANGLE_UNIT ( ) );
#2657 =( NAMED_UNIT ( * ) PLANE_ANGLE_UNIT ( ) SI_UNIT ( $, .RADIAN. ) );
#2658 = UNCERTAINTY_MEASURE_WITH_UNIT (LENGTH_MEASURE( 1.000000000000000082E-05 ), #326, 'distance_accuracy_value', 'NONE');
#2659 = VERTEX_POINT ( 'NONE', #1966 ) ;
#2660 = DIRECTION ( 'NONE',  ( -1.000000000000000000, 0.000000000000000000, 0.000000000000000000 ) ) ;
#2661 = PLANE ( 'NONE',  #2302 ) ;
#2662 = EDGE_LOOP ( 'NONE', ( #2076, #1290, #1521, #3301 ) ) ;
#2663 = STYLED_ITEM ( 'NONE', ( #254 ), #1462 ) ;
#2664 = PLANE ( 'NONE',  #3179 ) ;
#2665 = VECTOR ( 'NONE', #272, 1000.000000000000000 ) ;
#2666 = CARTESIAN_POINT ( 'NONE',  ( -61.69999999999998863, -305.5000000000000000, 20.80000000000000071 ) ) ;
#2667 = CARTESIAN_POINT ( 'NONE',  ( -45.69999999999998863, -272.6999999999999886, 0.000000000000000000 ) ) ;
#2668 = CARTESIAN_POINT ( 'NONE',  ( -16.40000000000022595, -248.2149660633792507, -1.400000000000022782 ) ) ;
#2669 = DIRECTION ( 'NONE',  ( -1.000000000000000000, 0.000000000000000000, 0.000000000000000000 ) ) ;
#2670 = EDGE_CURVE ( 'NONE', #1516, #1613, #2979, .T. ) ;
#2671 = AXIS2_PLACEMENT_3D ( 'NONE', #814, #2405, #318 ) ;
#2672 =( NAMED_UNIT ( * ) SI_UNIT ( $, .STERADIAN. ) SOLID_ANGLE_UNIT ( ) );
#2673 = ORIENTED_EDGE ( 'NONE', *, *, #1983, .F. ) ;
#2674 = VECTOR ( 'NONE', #1142, 1000.000000000000000 ) ;
#2675 = DIRECTION ( 'NONE',  ( 0.000000000000000000, 0.000000000000000000, 1.000000000000000000 ) ) ;
#2676 =( GEOMETRIC_REPRESENTATION_CONTEXT ( 3 ) GLOBAL_UNCERTAINTY_ASSIGNED_CONTEXT ( ( #197 ) ) GLOBAL_UNIT_ASSIGNED_CONTEXT ( ( #1483, #3070, #427 ) ) REPRESENTATION_CONTEXT ( 'NONE', 'WORKASPACE' ) );
#2677 = FILL_AREA_STYLE ('',( #1618 ) ) ;
#2678 = STYLED_ITEM ( 'NONE', ( #3147 ), #203 ) ;
#2679 = AXIS2_PLACEMENT_3D ( 'NONE', #1068, #2589, #1852 ) ;
#2680 = DIRECTION ( 'NONE',  ( -0.000000000000000000, -1.000000000000000000, -0.000000000000000000 ) ) ;
#2681 = CARTESIAN_POINT ( 'NONE',  ( 23.00000000000000000, -272.6999999999999886, 20.80000000000000071 ) ) ;
#2682 =( NAMED_UNIT ( * ) PLANE_ANGLE_UNIT ( ) SI_UNIT ( $, .RADIAN. ) );
#2683 = ORIENTED_EDGE ( 'NONE', *, *, #3061, .T. ) ;
#2684 = PRESENTATION_LAYER_ASSIGNMENT (  '', '', ( #2505 ) ) ;
#2685 = CARTESIAN_POINT ( 'NONE',  ( -61.69999999999998863, -302.7500000000000000, 20.80000000000000071 ) ) ;
#2686 = VERTEX_POINT ( 'NONE', #359 ) ;
#2687 = SURFACE_STYLE_USAGE ( .BOTH. , #271 ) ;
#2688 = PRESENTATION_LAYER_ASSIGNMENT (  '', '', ( #788 ) ) ;
#2689 = SURFACE_STYLE_FILL_AREA ( #2357 ) ;
#2690 = FILL_AREA_STYLE_COLOUR ( '', #324 ) ;
#2691 = ADVANCED_FACE ( 'NONE', ( #1924 ), #428, .T. ) ;
#2692 = EDGE_LOOP ( 'NONE', ( #702 ) ) ;
#2693 = DIRECTION ( 'NONE',  ( 0.000000000000000000, 0.000000000000000000, -1.000000000000000000 ) ) ;
#2694 = COLOUR_RGB ( '',0.1019607843137254888, 0.1019607843137254888, 0.1019607843137254888 ) ;
#2695 = EDGE_CURVE ( 'NONE', #1570, #1467, #887, .T. ) ;
#2696 = DIRECTION ( 'NONE',  ( 0.000000000000000000, 9.773090005503140331E-17, -1.000000000000000000 ) ) ;
#2697 = STYLED_ITEM ( 'NONE', ( #2590 ), #2731 ) ;
#2698 = CARTESIAN_POINT ( 'NONE',  ( -76.69999999999998863, -307.0000000000000000, 0.000000000000000000 ) ) ;
#2699 = ADVANCED_FACE ( 'NONE', ( #1448 ), #686, .F. ) ;
#2700 = ORIENTED_EDGE ( 'NONE', *, *, #653, .F. ) ;
#2701 = VERTEX_POINT ( 'NONE', #2497 ) ;
#2702 = FACE_OUTER_BOUND ( 'NONE', #440, .T. ) ;
#2703 = CARTESIAN_POINT ( 'NONE',  ( -16.40000000000022595, -248.2149660633792507, 2.799999999999978062 ) ) ;
#2704 =( LENGTH_UNIT ( ) NAMED_UNIT ( * ) SI_UNIT ( .MILLI., .METRE. ) );
#2705 = CARTESIAN_POINT ( 'NONE',  ( 18.00000000000000000, -307.0000000000000000, 20.80000000000000071 ) ) ;
#2706 =( NAMED_UNIT ( * ) SI_UNIT ( $, .STERADIAN. ) SOLID_ANGLE_UNIT ( ) );
#2707 =( NAMED_UNIT ( * ) SI_UNIT ( $, .STERADIAN. ) SOLID_ANGLE_UNIT ( ) );
#2708 = EDGE_CURVE ( 'NONE', #1042, #3209, #627, .T. ) ;
#2709 = SURFACE_SIDE_STYLE ('',( #1653 ) ) ;
#2710 = LINE ( 'NONE', #2445, #2458 ) ;
#2711 = VERTEX_POINT ( 'NONE', #914 ) ;
#2712 = MECHANICAL_DESIGN_GEOMETRIC_PRESENTATION_REPRESENTATION (  '', ( #1180 ), #3376 ) ;
#2713 = EDGE_CURVE ( 'NONE', #1441, #607, #1937, .T. ) ;
#2714 = STYLED_ITEM ( 'NONE', ( #1166 ), #821 ) ;
#2715 = CARTESIAN_POINT ( 'NONE',  ( 34.00000000000000000, -268.5000000000000000, -7.299999999999998934 ) ) ;
#2716 = STYLED_ITEM ( 'NONE', ( #19 ), #3200 ) ;
#2717 = CARTESIAN_POINT ( 'NONE',  ( -23.89999999999999858, -224.2100000000000080, 18.69999999999997442 ) ) ;
#2718 = VECTOR ( 'NONE', #870, 1000.000000000000000 ) ;
#2719 = VECTOR ( 'NONE', #63, 1000.000000000000000 ) ;
#2720 = CARTESIAN_POINT ( 'NONE',  ( -13.84999999999999076, -283.7903702822979426, 23.80000000000000071 ) ) ;
#2721 = FILL_AREA_STYLE_COLOUR ( '', #978 ) ;
#2722 = SURFACE_SIDE_STYLE ('',( #1666 ) ) ;
#2723 = LINE ( 'NONE', #963, #2430 ) ;
#2724 = DIRECTION ( 'NONE',  ( -0.000000000000000000, -5.042800802258162337E-17, -1.000000000000000000 ) ) ;
#2725 = PRESENTATION_LAYER_ASSIGNMENT (  '', '', ( #159 ) ) ;
#2726 = COLOUR_RGB ( '',0.1019607843137254888, 0.1019607843137254888, 0.1019607843137254888 ) ;
#2727 = FILL_AREA_STYLE ('',( #2420 ) ) ;
#2728 = PRESENTATION_STYLE_ASSIGNMENT (( #3004 ) ) ;
#2729 = DIRECTION ( 'NONE',  ( 0.000000000000000000, -1.000000000000000000, 0.000000000000000000 ) ) ;
#2730 = AXIS2_PLACEMENT_3D ( 'NONE', #1083, #850, #2108 ) ;
#2731 = ADVANCED_FACE ( 'NONE', ( #2830 ), #2018, .T. ) ;
#2732 = FILL_AREA_STYLE ('',( #691 ) ) ;
#2733 = SURFACE_SIDE_STYLE ('',( #1727 ) ) ;
#2734 = DIRECTION ( 'NONE',  ( -1.000000000000000000, 0.000000000000000000, 0.000000000000000000 ) ) ;
#2735 = COLOUR_RGB ( '',0.1019607843137254888, 0.1019607843137254888, 0.1019607843137254888 ) ;
#2736 = STYLED_ITEM ( 'NONE', ( #2406 ), #2588 ) ;
#2737 = DIRECTION ( 'NONE',  ( 0.000000000000000000, 0.000000000000000000, 1.000000000000000000 ) ) ;
#2738 =( NAMED_UNIT ( * ) SI_UNIT ( $, .STERADIAN. ) SOLID_ANGLE_UNIT ( ) );
#2739 = AXIS2_PLACEMENT_3D ( 'NONE', #1500, #184, #3352 ) ;
#2740 = SURFACE_STYLE_USAGE ( .BOTH. , #168 ) ;
#2741 = VERTEX_POINT ( 'NONE', #1234 ) ;
#2742 =( LENGTH_UNIT ( ) NAMED_UNIT ( * ) SI_UNIT ( .MILLI., .METRE. ) );
#2743 = EDGE_CURVE ( 'NONE', #2959, #2757, #1998, .T. ) ;
#2744 = FILL_AREA_STYLE ('',( #1694 ) ) ;
#2745 = CARTESIAN_POINT ( 'NONE',  ( -48.10000000000005116, -272.6999999999999886, -2.000000000003177902 ) ) ;
#2746 = SURFACE_SIDE_STYLE ('',( #407 ) ) ;
#2747 =( NAMED_UNIT ( * ) SI_UNIT ( $, .STERADIAN. ) SOLID_ANGLE_UNIT ( ) );
#2748 = DIRECTION ( 'NONE',  ( 0.000000000000000000, 1.000000000000000000, 0.000000000000000000 ) ) ;
#2749 = DIRECTION ( 'NONE',  ( 0.000000000000000000, 5.042800802258161104E-17, -1.000000000000000000 ) ) ;
#2750 = EDGE_CURVE ( 'NONE', #2028, #2711, #2319, .T. ) ;
#2751 = DIRECTION ( 'NONE',  ( 0.000000000000000000, 0.000000000000000000, -1.000000000000000000 ) ) ;
#2752 = ORIENTED_EDGE ( 'NONE', *, *, #1009, .F. ) ;
#2753 = LINE ( 'NONE', #2769, #1771 ) ;
#2754 = UNCERTAINTY_MEASURE_WITH_UNIT (LENGTH_MEASURE( 1.000000000000000082E-05 ), #2629, 'distance_accuracy_value', 'NONE');
#2755 = UNCERTAINTY_MEASURE_WITH_UNIT (LENGTH_MEASURE( 1.000000000000000082E-05 ), #482, 'distance_accuracy_value', 'NONE');
#2756 = CARTESIAN_POINT ( 'NONE',  ( -76.69999999999998863, -273.9500000000000455, -4.299999999999995381 ) ) ;
#2757 = VERTEX_POINT ( 'NONE', #3366 ) ;
#2758 = ORIENTED_EDGE ( 'NONE', *, *, #1542, .T. ) ;
#2759 = VECTOR ( 'NONE', #1926, 1000.000000000000000 ) ;
#2760 = FACE_OUTER_BOUND ( 'NONE', #2963, .T. ) ;
#2761 = FILL_AREA_STYLE ('',( #1505 ) ) ;
#2762 = FILL_AREA_STYLE ('',( #172 ) ) ;
#2763 =( GEOMETRIC_REPRESENTATION_CONTEXT ( 3 ) GLOBAL_UNCERTAINTY_ASSIGNED_CONTEXT ( ( #541 ) ) GLOBAL_UNIT_ASSIGNED_CONTEXT ( ( #2117, #1376, #360 ) ) REPRESENTATION_CONTEXT ( 'NONE', 'WORKASPACE' ) );
#2764 = LINE ( 'NONE', #435, #1030 ) ;
#2765 = EDGE_CURVE ( 'NONE', #2272, #1570, #2517, .T. ) ;
#2766 = STYLED_ITEM ( 'NONE', ( #579 ), #1095 ) ;
#2767 = ORIENTED_EDGE ( 'NONE', *, *, #1312, .T. ) ;
#2768 = ORIENTED_EDGE ( 'NONE', *, *, #2164, .T. ) ;
#2769 = CARTESIAN_POINT ( 'NONE',  ( 33.99999999999999289, -273.9500000000000455, -7.299999999999997158 ) ) ;
#2770 = EDGE_CURVE ( 'NONE', #2896, #2896, #3014, .T. ) ;
#2771 = VECTOR ( 'NONE', #77, 1000.000000000000000 ) ;
#2772 = STYLED_ITEM ( 'NONE', ( #935 ), #1221 ) ;
#2773 = LINE ( 'NONE', #970, #2133 ) ;
#2774 = FILL_AREA_STYLE_COLOUR ( '', #2735 ) ;
#2775 = DIRECTION ( 'NONE',  ( 0.000000000000000000, -1.000000000000000000, 0.000000000000000000 ) ) ;
#2776 = CARTESIAN_POINT ( 'NONE',  ( -37.85000000000000142, -268.5000000000000000, -7.299999999999969624 ) ) ;
#2777 = AXIS2_PLACEMENT_3D ( 'NONE', #156, #139, #2734 ) ;
#2778 = EDGE_LOOP ( 'NONE', ( #1281, #1822, #2163, #1001 ) ) ;
#2779 = STYLED_ITEM ( 'NONE', ( #72 ), #87 ) ;
#2780 = VECTOR ( 'NONE', #3122, 1000.000000000000000 ) ;
#2781 = CARTESIAN_POINT ( 'NONE',  ( -61.69999999999998863, -270.0000000000000000, -4.299999999999995381 ) ) ;
#2782 = CARTESIAN_POINT ( 'NONE',  ( 0.000000000000000000, -223.2099999999999795, 17.69999999999996021 ) ) ;
#2783 = CARTESIAN_POINT ( 'NONE',  ( -23.89999999999999858, -224.2100000000000080, 18.69999999999997442 ) ) ;
#2784 = DIRECTION ( 'NONE',  ( 0.000000000000000000, 0.000000000000000000, 1.000000000000000000 ) ) ;
#2785 = DIRECTION ( 'NONE',  ( 0.000000000000000000, 0.000000000000000000, 1.000000000000000000 ) ) ;
#2786 = ORIENTED_EDGE ( 'NONE', *, *, #1972, .F. ) ;
#2787 = ORIENTED_EDGE ( 'NONE', *, *, #2695, .F. ) ;
#2788 = CARTESIAN_POINT ( 'NONE',  ( -61.69999999999998863, -273.9500000000000455, -4.299999999999995381 ) ) ;
#2789 = VECTOR ( 'NONE', #2926, 1000.000000000000000 ) ;
#2790 = EDGE_CURVE ( 'NONE', #2608, #3134, #2557, .T. ) ;
#2791 = FILL_AREA_STYLE ('',( #3102 ) ) ;
#2792 = VERTEX_POINT ( 'NONE', #774 ) ;
#2793 = VECTOR ( 'NONE', #3316, 1000.000000000000000 ) ;
#2794 = DIRECTION ( 'NONE',  ( 0.000000000000000000, 1.000000000000000000, 1.057758217059028854E-16 ) ) ;
#2795 = ORIENTED_EDGE ( 'NONE', *, *, #1354, .T. ) ;
#2796 = ORIENTED_EDGE ( 'NONE', *, *, #306, .F. ) ;
#2797 = COLOUR_RGB ( '',0.1019607843137254888, 0.1019607843137254888, 0.1019607843137254888 ) ;
#2798 = DIRECTION ( 'NONE',  ( 0.000000000000000000, 0.000000000000000000, -1.000000000000000000 ) ) ;
#2799 = DIRECTION ( 'NONE',  ( -0.000000000000000000, -1.000000000000000000, -1.224646799147353700E-16 ) ) ;
#2800 = LINE ( 'NONE', #3129, #1637 ) ;
#2801 =( NAMED_UNIT ( * ) PLANE_ANGLE_UNIT ( ) SI_UNIT ( $, .RADIAN. ) );
#2802 = DIRECTION ( 'NONE',  ( 0.000000000000000000, 0.000000000000000000, -1.000000000000000000 ) ) ;
#2803 =( NAMED_UNIT ( * ) SI_UNIT ( $, .STERADIAN. ) SOLID_ANGLE_UNIT ( ) );
#2804 = CARTESIAN_POINT ( 'NONE',  ( -61.69999999999998863, -307.0000000000000000, 0.000000000000000000 ) ) ;
#2805 = ORIENTED_EDGE ( 'NONE', *, *, #2790, .F. ) ;
#2806 = FACE_OUTER_BOUND ( 'NONE', #588, .T. ) ;
#2807 = SURFACE_STYLE_FILL_AREA ( #1014 ) ;
#2808 = EDGE_CURVE ( 'NONE', #1812, #2909, #3033, .T. ) ;
#2809 = CARTESIAN_POINT ( 'NONE',  ( -1.661364523012643888E-16, -262.0000000000000000, -1.400000000000025668 ) ) ;
#2810 = ORIENTED_EDGE ( 'NONE', *, *, #181, .T. ) ;
#2811 = DIRECTION ( 'NONE',  ( 1.000000000000000000, 0.000000000000000000, 0.000000000000000000 ) ) ;
#2812 = ORIENTED_EDGE ( 'NONE', *, *, #439, .T. ) ;
#2813 = EDGE_LOOP ( 'NONE', ( #2067 ) ) ;
#2814 = EDGE_CURVE ( 'NONE', #1516, #228, #1794, .T. ) ;
#2815 = CARTESIAN_POINT ( 'NONE',  ( -37.85000000000000142, 0.000000000000000000, 0.000000000000000000 ) ) ;
#2816 = CARTESIAN_POINT ( 'NONE',  ( -13.84999999999999076, -283.7903702822979426, -3.299999999999998934 ) ) ;
#2817 = PRESENTATION_LAYER_ASSIGNMENT (  '', '', ( #46 ) ) ;
#2818 = PRESENTATION_LAYER_ASSIGNMENT (  '', '', ( #3090 ) ) ;
#2819 = SURFACE_STYLE_USAGE ( .BOTH. , #3075 ) ;
#2820 = DIRECTION ( 'NONE',  ( 0.000000000000000000, -1.000000000000000000, 0.000000000000000000 ) ) ;
#2821 = FILL_AREA_STYLE_COLOUR ( '', #1403 ) ;
#2822 = STYLED_ITEM ( 'NONE', ( #2005 ), #3363 ) ;
#2823 = VECTOR ( 'NONE', #1023, 1000.000000000000000 ) ;
#2824 = PLANE ( 'NONE',  #423 ) ;
#2825 = VERTEX_POINT ( 'NONE', #3073 ) ;
#2826 = UNCERTAINTY_MEASURE_WITH_UNIT (LENGTH_MEASURE( 1.000000000000000082E-05 ), #2596, 'distance_accuracy_value', 'NONE');
#2827 = AXIS2_PLACEMENT_3D ( 'NONE', #1772, #1915, #1830 ) ;
#2828 = FACE_BOUND ( 'NONE', #3087, .T. ) ;
#2829 =( LENGTH_UNIT ( ) NAMED_UNIT ( * ) SI_UNIT ( .MILLI., .METRE. ) );
#2830 = FACE_OUTER_BOUND ( 'NONE', #3296, .T. ) ;
#2831 = ORIENTED_EDGE ( 'NONE', *, *, #1674, .F. ) ;
#2832 = AXIS2_PLACEMENT_3D ( 'NONE', #2515, #752, #1773 ) ;
#2833 =( LENGTH_UNIT ( ) NAMED_UNIT ( * ) SI_UNIT ( .MILLI., .METRE. ) );
#2834 = FILL_AREA_STYLE_COLOUR ( '', #2009 ) ;
#2835 = EDGE_CURVE ( 'NONE', #1577, #1577, #2311, .T. ) ;
#2836 = COLOUR_RGB ( '',0.1019607843137254888, 0.1019607843137254888, 0.1019607843137254888 ) ;
#2837 = DIRECTION ( 'NONE',  ( 0.000000000000000000, 0.000000000000000000, 1.000000000000000000 ) ) ;
#2838 = VECTOR ( 'NONE', #961, 1000.000000000000000 ) ;
#2839 = LINE ( 'NONE', #2599, #2665 ) ;
#2840 = SURFACE_STYLE_USAGE ( .BOTH. , #239 ) ;
#2841 = ORIENTED_EDGE ( 'NONE', *, *, #123, .T. ) ;
#2842 = VECTOR ( 'NONE', #1585, 1000.000000000000000 ) ;
#2843 = CARTESIAN_POINT ( 'NONE',  ( -50.69999999999999574, -271.1999999999999886, 20.80000000000000071 ) ) ;
#2844 = ORIENTED_EDGE ( 'NONE', *, *, #1285, .T. ) ;
#2845 = SURFACE_STYLE_FILL_AREA ( #3298 ) ;
#2846 = CARTESIAN_POINT ( 'NONE',  ( -23.89999999999999858, -223.2099999999999795, 18.69999999999997442 ) ) ;
#2847 = ORIENTED_EDGE ( 'NONE', *, *, #2488, .T. ) ;
#2848 = DIRECTION ( 'NONE',  ( 1.000000000000000000, 0.000000000000000000, -0.000000000000000000 ) ) ;
#2849 = MECHANICAL_DESIGN_GEOMETRIC_PRESENTATION_REPRESENTATION (  '', ( #1466 ), #2140 ) ;
#2850 = ORIENTED_EDGE ( 'NONE', *, *, #317, .T. ) ;
#2851 = EDGE_LOOP ( 'NONE', ( #3030 ) ) ;
#2852 = SURFACE_STYLE_FILL_AREA ( #2284 ) ;
#2853 = SURFACE_STYLE_FILL_AREA ( #1020 ) ;
#2854 = FILL_AREA_STYLE ('',( #1035 ) ) ;
#2855 = LINE ( 'NONE', #2667, #289 ) ;
#2856 = LINE ( 'NONE', #2565, #1548 ) ;
#2857 = AXIS2_PLACEMENT_3D ( 'NONE', #1775, #2606, #2401 ) ;
#2858 = EDGE_CURVE ( 'NONE', #274, #2741, #1722, .T. ) ;
#2859 = DIRECTION ( 'NONE',  ( 0.000000000000000000, 1.000000000000000000, 1.224646799147353947E-16 ) ) ;
#2860 = LINE ( 'NONE', #2616, #2874 ) ;
#2861 = VERTEX_POINT ( 'NONE', #722 ) ;
#2862 = DIRECTION ( 'NONE',  ( -1.000000000000000000, 0.000000000000000000, 0.000000000000000000 ) ) ;
#2863 = EDGE_CURVE ( 'NONE', #3335, #2741, #204, .T. ) ;
#2864 = UNCERTAINTY_MEASURE_WITH_UNIT (LENGTH_MEASURE( 1.000000000000000082E-05 ), #2957, 'distance_accuracy_value', 'NONE');
#2865 = SURFACE_STYLE_USAGE ( .BOTH. , #1365 ) ;
#2866 = ORIENTED_EDGE ( 'NONE', *, *, #1652, .T. ) ;
#2867 = EDGE_LOOP ( 'NONE', ( #3144, #1067, #1632, #17 ) ) ;
#2868 = EDGE_LOOP ( 'NONE', ( #3217 ) ) ;
#2869 = SURFACE_STYLE_USAGE ( .BOTH. , #1796 ) ;
#2870 = SURFACE_SIDE_STYLE ('',( #799 ) ) ;
#2871 = SURFACE_STYLE_USAGE ( .BOTH. , #304 ) ;
#2872 = CARTESIAN_POINT ( 'NONE',  ( 34.00000000000000000, -302.7500000000000000, -7.299999999999998934 ) ) ;
#2873 = CARTESIAN_POINT ( 'NONE',  ( 24.20000000000005613, -305.5000000000000000, -2.000000000003239187 ) ) ;
#2874 = VECTOR ( 'NONE', #291, 1000.000000000000000 ) ;
#2875 = SURFACE_STYLE_USAGE ( .BOTH. , #361 ) ;
#2876 = DIRECTION ( 'NONE',  ( 1.000000000000000000, 0.000000000000000000, 0.000000000000000000 ) ) ;
#2877 = EDGE_CURVE ( 'NONE', #2861, #2757, #738, .T. ) ;
#2878 = ORIENTED_EDGE ( 'NONE', *, *, #2808, .F. ) ;
#2879 = SURFACE_STYLE_FILL_AREA ( #330 ) ;
#2880 = AXIS2_PLACEMENT_3D ( 'NONE', #2081, #763, #2837 ) ;
#2881 = EDGE_CURVE ( 'NONE', #2246, #2246, #510, .T. ) ;
#2882 = CARTESIAN_POINT ( 'NONE',  ( -45.69999999999998863, -307.0000000000000000, 16.50000000000000000 ) ) ;
#2883 = AXIS2_PLACEMENT_3D ( 'NONE', #1165, #1971, #3257 ) ;
#2884 = VECTOR ( 'NONE', #1920, 1000.000000000000000 ) ;
#2885 = STYLED_ITEM ( 'NONE', ( #661 ), #1151 ) ;
#2886 = LINE ( 'NONE', #1568, #3173 ) ;
#2887 = CARTESIAN_POINT ( 'NONE',  ( 34.00000000000000000, -307.0000000000000000, 0.000000000000000000 ) ) ;
#2888 = FILL_AREA_STYLE ('',( #2130 ) ) ;
#2889 = ORIENTED_EDGE ( 'NONE', *, *, #1674, .T. ) ;
#2890 = ORIENTED_EDGE ( 'NONE', *, *, #2670, .F. ) ;
#2891 = FACE_OUTER_BOUND ( 'NONE', #456, .T. ) ;
#2892 = COLOUR_RGB ( '',0.1019607843137254888, 0.1019607843137254888, 0.1019607843137254888 ) ;
#2893 = LINE ( 'NONE', #1296, #770 ) ;
#2894 = FACE_OUTER_BOUND ( 'NONE', #1308, .T. ) ;
#2895 =( NAMED_UNIT ( * ) SI_UNIT ( $, .STERADIAN. ) SOLID_ANGLE_UNIT ( ) );
#2896 = VERTEX_POINT ( 'NONE', #558 ) ;
#2897 = CARTESIAN_POINT ( 'NONE',  ( 34.00000000000000000, -271.1999999999999886, -4.299999999999995381 ) ) ;
#2898 = CYLINDRICAL_SURFACE ( 'NONE', #707, 1.000000000000000888 ) ;
#2899 = SURFACE_STYLE_FILL_AREA ( #1843 ) ;
#2900 = EDGE_LOOP ( 'NONE', ( #3184 ) ) ;
#2901 = CIRCLE ( 'NONE', #1314, 1.000000000000001776 ) ;
#2902 = UNCERTAINTY_MEASURE_WITH_UNIT (LENGTH_MEASURE( 1.000000000000000082E-05 ), #1528, 'distance_accuracy_value', 'NONE');
#2903 = EDGE_CURVE ( 'NONE', #1392, #3362, #2330, .T. ) ;
#2904 = UNCERTAINTY_MEASURE_WITH_UNIT (LENGTH_MEASURE( 1.000000000000000082E-05 ), #2583, 'distance_accuracy_value', 'NONE');
#2905 = VERTEX_POINT ( 'NONE', #1070 ) ;
#2906 = CARTESIAN_POINT ( 'NONE',  ( 0.000000000000000000, -262.0000000000000000, -7.299999999999998934 ) ) ;
#2907 = SURFACE_SIDE_STYLE ('',( #1810 ) ) ;
#2908 = ORIENTED_EDGE ( 'NONE', *, *, #2466, .T. ) ;
#2909 = VERTEX_POINT ( 'NONE', #3182 ) ;
#2910 = MECHANICAL_DESIGN_GEOMETRIC_PRESENTATION_REPRESENTATION (  '', ( #1917 ), #2973 ) ;
#2911 = PRESENTATION_LAYER_ASSIGNMENT (  '', '', ( #2736 ) ) ;
#2912 = FACE_OUTER_BOUND ( 'NONE', #75, .T. ) ;
#2913 = CARTESIAN_POINT ( 'NONE',  ( -11.30000000000020854, -248.2149660633792507, 14.49999999999997335 ) ) ;
#2914 = CARTESIAN_POINT ( 'NONE',  ( 34.00000000000000000, -307.0000000000000000, 16.50000000000000000 ) ) ;
#2915 = CARTESIAN_POINT ( 'NONE',  ( -69.44999999999998863, -302.7500000000000000, 23.80000000000000071 ) ) ;
#2916 =( NAMED_UNIT ( * ) PLANE_ANGLE_UNIT ( ) SI_UNIT ( $, .RADIAN. ) );
#2917 = COLOUR_RGB ( '',0.1019607843137254888, 0.1019607843137254888, 0.1019607843137254888 ) ;
#2918 = ORIENTED_EDGE ( 'NONE', *, *, #1189, .T. ) ;
#2919 = DIRECTION ( 'NONE',  ( 1.000000000000000000, 0.000000000000000000, 0.000000000000000000 ) ) ;
#2920 = LINE ( 'NONE', #2146, #443 ) ;
#2921 = PLANE ( 'NONE',  #2083 ) ;
#2922 = VERTEX_POINT ( 'NONE', #1623 ) ;
#2923 = ADVANCED_FACE ( 'NONE', ( #851 ), #1875, .F. ) ;
#2924 = SURFACE_SIDE_STYLE ('',( #837 ) ) ;
#2925 = CARTESIAN_POINT ( 'NONE',  ( 34.00000000000000000, -305.5000000000000000, 16.50000000000000000 ) ) ;
#2926 = DIRECTION ( 'NONE',  ( 1.000000000000000000, 0.000000000000000000, 0.000000000000000000 ) ) ;
#2927 = SURFACE_STYLE_FILL_AREA ( #591 ) ;
#2928 = DIRECTION ( 'NONE',  ( 0.000000000000000000, 0.000000000000000000, -1.000000000000000000 ) ) ;
#2929 = ADVANCED_FACE ( 'NONE', ( #606, #25 ), #2921, .T. ) ;
#2930 = CARTESIAN_POINT ( 'NONE',  ( 18.00000000000000000, -272.6999999999999886, 20.80000000000000426 ) ) ;
#2931 = LINE ( 'NONE', #2099, #649 ) ;
#2932 = ORIENTED_EDGE ( 'NONE', *, *, #165, .T. ) ;
#2933 = CARTESIAN_POINT ( 'NONE',  ( 18.00000000000000000, -307.0000000000000000, 0.000000000000000000 ) ) ;
#2934 = CARTESIAN_POINT ( 'NONE',  ( 34.00000000000000000, -305.5000000000000000, 20.80000000000000071 ) ) ;
#2935 =( GEOMETRIC_REPRESENTATION_CONTEXT ( 3 ) GLOBAL_UNCERTAINTY_ASSIGNED_CONTEXT ( ( #2902 ) ) GLOBAL_UNIT_ASSIGNED_CONTEXT ( ( #1528, #2066, #1039 ) ) REPRESENTATION_CONTEXT ( 'NONE', 'WORKASPACE' ) );
#2936 = FILL_AREA_STYLE ('',( #2522 ) ) ;
#2937 = PRODUCT_DEFINITION_FORMATION_WITH_SPECIFIED_SOURCE ( 'ANY', '', #2257, .NOT_KNOWN. ) ;
#2938 = CARTESIAN_POINT ( 'NONE',  ( 34.00000000000000000, -305.5000000000000000, -4.299999999999998934 ) ) ;
#2939 = ORIENTED_EDGE ( 'NONE', *, *, #1110, .F. ) ;
#2940 = EDGE_LOOP ( 'NONE', ( #195, #3337, #1809, #282 ) ) ;
#2941 = VECTOR ( 'NONE', #1582, 1000.000000000000000 ) ;
#2942 = CARTESIAN_POINT ( 'NONE',  ( -10.69999999999994245, -217.3099999999999739, 11.80000000000002913 ) ) ;
#2943 = COLOUR_RGB ( '',0.1019607843137254888, 0.1019607843137254888, 0.1019607843137254888 ) ;
#2944 = CARTESIAN_POINT ( 'NONE',  ( -16.42499999999999361, -283.7903702822979426, -1.400000000000022560 ) ) ;
#2945 = FILL_AREA_STYLE_COLOUR ( '', #1355 ) ;
#2946 =( GEOMETRIC_REPRESENTATION_CONTEXT ( 3 ) GLOBAL_UNCERTAINTY_ASSIGNED_CONTEXT ( ( #3344 ) ) GLOBAL_UNIT_ASSIGNED_CONTEXT ( ( #1957, #419, #1942 ) ) REPRESENTATION_CONTEXT ( 'NONE', 'WORKASPACE' ) );
#2947 = EDGE_CURVE ( 'NONE', #3062, #2241, #1586, .T. ) ;
#2948 = FILL_AREA_STYLE_COLOUR ( '', #1303 ) ;
#2949 = CARTESIAN_POINT ( 'NONE',  ( 34.00000000000000000, -305.5000000000000000, 20.80000000000000071 ) ) ;
#2950 = ORIENTED_EDGE ( 'NONE', *, *, #306, .T. ) ;
#2951 =( NAMED_UNIT ( * ) PLANE_ANGLE_UNIT ( ) SI_UNIT ( $, .RADIAN. ) );
#2952 = COLOUR_RGB ( '',0.1019607843137254888, 0.1019607843137254888, 0.1019607843137254888 ) ;
#2953 = LINE ( 'NONE', #709, #2165 ) ;
#2954 = SURFACE_STYLE_FILL_AREA ( #862 ) ;
#2955 = PRESENTATION_LAYER_ASSIGNMENT (  '', '', ( #1375 ) ) ;
#2956 =( LENGTH_UNIT ( ) NAMED_UNIT ( * ) SI_UNIT ( .MILLI., .METRE. ) );
#2957 =( LENGTH_UNIT ( ) NAMED_UNIT ( * ) SI_UNIT ( .MILLI., .METRE. ) );
#2958 = ORIENTED_EDGE ( 'NONE', *, *, #2881, .T. ) ;
#2959 = VERTEX_POINT ( 'NONE', #337 ) ;
#2960 = VECTOR ( 'NONE', #1349, 1000.000000000000000 ) ;
#2961 = FACE_BOUND ( 'NONE', #2432, .T. ) ;
#2962 = SURFACE_STYLE_FILL_AREA ( #2644 ) ;
#2963 = EDGE_LOOP ( 'NONE', ( #1736, #681, #3163, #1602 ) ) ;
#2964 = VERTEX_POINT ( 'NONE', #1135 ) ;
#2965 = CARTESIAN_POINT ( 'NONE',  ( -13.84999999999999076, -283.7903702822979426, 18.69999999999997442 ) ) ;
#2966 = VECTOR ( 'NONE', #1422, 1000.000000000000000 ) ;
#2967 = CARTESIAN_POINT ( 'NONE',  ( 41.74999999999999289, -302.7500000000000000, 27.29999999999999716 ) ) ;
#2968 = CARTESIAN_POINT ( 'NONE',  ( 19.00000000000000000, -38.50000000000000000, -7.299999999999998934 ) ) ;
#2969 = EDGE_CURVE ( 'NONE', #1613, #2272, #316, .T. ) ;
#2970 = MECHANICAL_DESIGN_GEOMETRIC_PRESENTATION_REPRESENTATION (  '', ( #2697 ), #2463 ) ;
#2971 = CARTESIAN_POINT ( 'NONE',  ( -61.69999999999998863, -309.5000000000000000, 23.80000000000000071 ) ) ;
#2972 = ADVANCED_FACE ( 'NONE', ( #283 ), #2661, .T. ) ;
#2973 =( GEOMETRIC_REPRESENTATION_CONTEXT ( 3 ) GLOBAL_UNCERTAINTY_ASSIGNED_CONTEXT ( ( #2864 ) ) GLOBAL_UNIT_ASSIGNED_CONTEXT ( ( #2957, #2990, #1654 ) ) REPRESENTATION_CONTEXT ( 'NONE', 'WORKASPACE' ) );
#2974 = ORIENTED_EDGE ( 'NONE', *, *, #2126, .T. ) ;
#2975 = DIRECTION ( 'NONE',  ( 0.000000000000000000, 0.000000000000000000, -1.000000000000000000 ) ) ;
#2976 = CARTESIAN_POINT ( 'NONE',  ( -61.69999999999998863, -305.5000000000000000, 20.80000000000000071 ) ) ;
#2977 = ORIENTED_EDGE ( 'NONE', *, *, #1073, .F. ) ;
#2978 = SURFACE_SIDE_STYLE ('',( #1923 ) ) ;
#2979 = LINE ( 'NONE', #1675, #1918 ) ;
#2980 = CARTESIAN_POINT ( 'NONE',  ( -48.10000000000005116, -272.6999999999999886, 17.49999999999682743 ) ) ;
#2981 = PRESENTATION_STYLE_ASSIGNMENT (( #1660 ) ) ;
#2982 = PLANE ( 'NONE',  #1617 ) ;
#2983 = ADVANCED_FACE ( 'NONE', ( #3263 ), #1172, .T. ) ;
#2984 = FACE_OUTER_BOUND ( 'NONE', #525, .T. ) ;
#2985 = CARTESIAN_POINT ( 'NONE',  ( 48.99999999999999289, -302.7500000000000000, -4.299999999999995381 ) ) ;
#2986 = DIRECTION ( 'NONE',  ( -1.000000000000000000, 0.000000000000000000, 0.000000000000000000 ) ) ;
#2987 = VECTOR ( 'NONE', #467, 1000.000000000000000 ) ;
#2988 = EDGE_CURVE ( 'NONE', #2905, #175, #1702, .T. ) ;
#2989 = LINE ( 'NONE', #1013, #69 ) ;
#2990 =( NAMED_UNIT ( * ) PLANE_ANGLE_UNIT ( ) SI_UNIT ( $, .RADIAN. ) );
#2991 = AXIS2_PLACEMENT_3D ( 'NONE', #2815, #2057, #477 ) ;
#2992 = LINE ( 'NONE', #3284, #1905 ) ;
#2993 =( GEOMETRIC_REPRESENTATION_CONTEXT ( 3 ) GLOBAL_UNCERTAINTY_ASSIGNED_CONTEXT ( ( #1932 ) ) GLOBAL_UNIT_ASSIGNED_CONTEXT ( ( #561, #929, #645 ) ) REPRESENTATION_CONTEXT ( 'NONE', 'WORKASPACE' ) );
#2994 =( GEOMETRIC_REPRESENTATION_CONTEXT ( 3 ) GLOBAL_UNCERTAINTY_ASSIGNED_CONTEXT ( ( #36 ) ) GLOBAL_UNIT_ASSIGNED_CONTEXT ( ( #1902, #1844, #2043 ) ) REPRESENTATION_CONTEXT ( 'NONE', 'WORKASPACE' ) );
#2995 = MECHANICAL_DESIGN_GEOMETRIC_PRESENTATION_REPRESENTATION (  '', ( #603 ), #2058 ) ;
#2996 = AXIS2_PLACEMENT_3D ( 'NONE', #2423, #1951, #1432 ) ;
#2997 = ORIENTED_EDGE ( 'NONE', *, *, #1263, .F. ) ;
#2998 = DIRECTION ( 'NONE',  ( 0.000000000000000000, 0.000000000000000000, 1.000000000000000000 ) ) ;
#2999 =( GEOMETRIC_REPRESENTATION_CONTEXT ( 3 ) GLOBAL_UNCERTAINTY_ASSIGNED_CONTEXT ( ( #277 ) ) GLOBAL_UNIT_ASSIGNED_CONTEXT ( ( #896, #564, #1340 ) ) REPRESENTATION_CONTEXT ( 'NONE', 'WORKASPACE' ) );
#3000 = DIRECTION ( 'NONE',  ( 0.000000000000000000, 0.000000000000000000, -1.000000000000000000 ) ) ;
#3001 = SURFACE_STYLE_FILL_AREA ( #3281 ) ;
#3002 = EDGE_CURVE ( 'NONE', #1042, #1235, #1384, .T. ) ;
#3003 = VECTOR ( 'NONE', #2680, 1000.000000000000000 ) ;
#3004 = SURFACE_STYLE_USAGE ( .BOTH. , #2978 ) ;
#3005 = SURFACE_STYLE_FILL_AREA ( #132 ) ;
#3006 = ORIENTED_EDGE ( 'NONE', *, *, #3107, .F. ) ;
#3007 = VECTOR ( 'NONE', #2799, 1000.000000000000000 ) ;
#3008 = DIRECTION ( 'NONE',  ( 0.000000000000000000, 0.000000000000000000, 1.000000000000000000 ) ) ;
#3009 = SURFACE_STYLE_FILL_AREA ( #2761 ) ;
#3010 =( NAMED_UNIT ( * ) PLANE_ANGLE_UNIT ( ) SI_UNIT ( $, .RADIAN. ) );
#3011 = DIRECTION ( 'NONE',  ( 0.000000000000000000, 0.000000000000000000, 1.000000000000000000 ) ) ;
#3012 = VECTOR ( 'NONE', #1800, 1000.000000000000000 ) ;
#3013 = CARTESIAN_POINT ( 'NONE',  ( 34.00000000000000000, -307.0000000000000000, 0.000000000000000000 ) ) ;
#3014 = CIRCLE ( 'NONE', #2739, 0.9999999999999983347 ) ;
#3015 = ORIENTED_EDGE ( 'NONE', *, *, #186, .F. ) ;
#3016 =( NAMED_UNIT ( * ) SI_UNIT ( $, .STERADIAN. ) SOLID_ANGLE_UNIT ( ) );
#3017 = EDGE_CURVE ( 'NONE', #2045, #2212, #1397, .T. ) ;
#3018 = ORIENTED_EDGE ( 'NONE', *, *, #921, .T. ) ;
#3019 = PLANE ( 'NONE',  #1671 ) ;
#3020 = LINE ( 'NONE', #690, #2838 ) ;
#3021 = EDGE_CURVE ( 'NONE', #2792, #775, #2431, .T. ) ;
#3022 = SURFACE_STYLE_USAGE ( .BOTH. , #3273 ) ;
#3023 = SURFACE_SIDE_STYLE ('',( #155 ) ) ;
#3024 = DIRECTION ( 'NONE',  ( 0.000000000000000000, 0.000000000000000000, -1.000000000000000000 ) ) ;
#3025 = ORIENTED_EDGE ( 'NONE', *, *, #1777, .F. ) ;
#3026 = VERTEX_POINT ( 'NONE', #3216 ) ;
#3027 = DIRECTION ( 'NONE',  ( 0.000000000000000000, 1.000000000000000000, 0.000000000000000000 ) ) ;
#3028 = DIRECTION ( 'NONE',  ( 1.000000000000000000, 0.000000000000000000, 0.000000000000000000 ) ) ;
#3029 = PRESENTATION_STYLE_ASSIGNMENT (( #721 ) ) ;
#3030 = ORIENTED_EDGE ( 'NONE', *, *, #543, .T. ) ;
#3031 = DIRECTION ( 'NONE',  ( 0.000000000000000000, 0.000000000000000000, -1.000000000000000000 ) ) ;
#3032 = EDGE_LOOP ( 'NONE', ( #768 ) ) ;
#3033 = LINE ( 'NONE', #3336, #904 ) ;
#3034 = AXIS2_PLACEMENT_3D ( 'NONE', #2455, #1194, #1155 ) ;
#3035 = EDGE_LOOP ( 'NONE', ( #26, #1713, #776, #65, #2607, #553, #2625, #3054, #2139, #1989 ) ) ;
#3036 = COLOUR_RGB ( '',0.1019607843137254888, 0.1019607843137254888, 0.1019607843137254888 ) ;
#3037 = DIRECTION ( 'NONE',  ( 0.000000000000000000, 0.000000000000000000, -1.000000000000000000 ) ) ;
#3038 = SURFACE_STYLE_FILL_AREA ( #930 ) ;
#3039 = CARTESIAN_POINT ( 'NONE',  ( -76.69999999999998863, -273.9500000000000455, 23.79999999999999716 ) ) ;
#3040 =( GEOMETRIC_REPRESENTATION_CONTEXT ( 3 ) GLOBAL_UNCERTAINTY_ASSIGNED_CONTEXT ( ( #469 ) ) GLOBAL_UNIT_ASSIGNED_CONTEXT ( ( #827, #312, #279 ) ) REPRESENTATION_CONTEXT ( 'NONE', 'WORKASPACE' ) );
#3041 = SURFACE_STYLE_USAGE ( .BOTH. , #2523 ) ;
#3042 = EDGE_CURVE ( 'NONE', #2608, #2569, #883, .T. ) ;
#3043 = VECTOR ( 'NONE', #2398, 1000.000000000000000 ) ;
#3044 = CARTESIAN_POINT ( 'NONE',  ( -51.90000000000004832, -309.5000000000000000, 18.49999999999676348 ) ) ;
#3045 = SURFACE_STYLE_USAGE ( .BOTH. , #2709 ) ;
#3046 = STYLED_ITEM ( 'NONE', ( #857 ), #1566 ) ;
#3047 = ORIENTED_EDGE ( 'NONE', *, *, #712, .F. ) ;
#3048 = VECTOR ( 'NONE', #1156, 1000.000000000000000 ) ;
#3049 = PRESENTATION_LAYER_ASSIGNMENT (  '', '', ( #1243 ) ) ;
#3050 = SURFACE_SIDE_STYLE ('',( #3351 ) ) ;
#3051 = EDGE_LOOP ( 'NONE', ( #2037 ) ) ;
#3052 = CARTESIAN_POINT ( 'NONE',  ( -61.69999999999998863, -305.5000000000000000, 20.80000000000000071 ) ) ;
#3053 = ORIENTED_EDGE ( 'NONE', *, *, #2101, .F. ) ;
#3054 = ORIENTED_EDGE ( 'NONE', *, *, #3382, .T. ) ;
#3055 = DIRECTION ( 'NONE',  ( 0.000000000000000000, -1.000000000000000000, 0.000000000000000000 ) ) ;
#3056 = DIRECTION ( 'NONE',  ( 0.000000000000000000, 0.000000000000000000, 1.000000000000000000 ) ) ;
#3057 = DIRECTION ( 'NONE',  ( 1.000000000000000000, 0.000000000000000000, -0.000000000000000000 ) ) ;
#3058 = FACE_OUTER_BOUND ( 'NONE', #1398, .T. ) ;
#3059 = FILL_AREA_STYLE_COLOUR ( '', #988 ) ;
#3060 = LINE ( 'NONE', #730, #2987 ) ;
#3061 = EDGE_CURVE ( 'NONE', #2002, #205, #2710, .T. ) ;
#3062 = VERTEX_POINT ( 'NONE', #1162 ) ;
#3063 = ORIENTED_EDGE ( 'NONE', *, *, #3081, .F. ) ;
#3064 = SURFACE_STYLE_USAGE ( .BOTH. , #1808 ) ;
#3065 = UNCERTAINTY_MEASURE_WITH_UNIT (LENGTH_MEASURE( 1.000000000000000082E-05 ), #2448, 'distance_accuracy_value', 'NONE');
#3066 = VECTOR ( 'NONE', #89, 1000.000000000000000 ) ;
#3067 = CARTESIAN_POINT ( 'NONE',  ( -23.89999999999999858, -223.2099999999999795, -1.400000000000022782 ) ) ;
#3068 = EDGE_CURVE ( 'NONE', #1570, #2643, #1273, .T. ) ;
#3069 = PRESENTATION_LAYER_ASSIGNMENT (  '', '', ( #3243 ) ) ;
#3070 =( NAMED_UNIT ( * ) PLANE_ANGLE_UNIT ( ) SI_UNIT ( $, .RADIAN. ) );
#3071 = VERTEX_POINT ( 'NONE', #2049 ) ;
#3072 = AXIS2_PLACEMENT_3D ( 'NONE', #1705, #3256, #672 ) ;
#3073 = CARTESIAN_POINT ( 'NONE',  ( -61.69999999999998863, -271.1999999999999886, -4.299999999999995381 ) ) ;
#3074 = ORIENTED_EDGE ( 'NONE', *, *, #2561, .F. ) ;
#3075 = SURFACE_SIDE_STYLE ('',( #3009 ) ) ;
#3076 = DIRECTION ( 'NONE',  ( -0.000000000000000000, -0.000000000000000000, -1.000000000000000000 ) ) ;
#3077 = PRESENTATION_STYLE_ASSIGNMENT (( #1007 ) ) ;
#3078 = CARTESIAN_POINT ( 'NONE',  ( -23.89999999999999858, -262.0000000000000000, -1.400000000000022782 ) ) ;
#3079 = EDGE_LOOP ( 'NONE', ( #348 ) ) ;
#3080 = DIRECTION ( 'NONE',  ( -0.000000000000000000, -0.000000000000000000, 1.000000000000000000 ) ) ;
#3081 = EDGE_CURVE ( 'NONE', #2711, #528, #424, .T. ) ;
#3082 =( NAMED_UNIT ( * ) PLANE_ANGLE_UNIT ( ) SI_UNIT ( $, .RADIAN. ) );
#3083 = ADVANCED_FACE ( 'NONE', ( #3365, #2828 ), #2531, .T. ) ;
#3084 = CARTESIAN_POINT ( 'NONE',  ( 23.00000000000000000, -272.6999999999999886, 20.80000000000000071 ) ) ;
#3085 =( LENGTH_UNIT ( ) NAMED_UNIT ( * ) SI_UNIT ( .MILLI., .METRE. ) );
#3086 = EDGE_LOOP ( 'NONE', ( #463, #1873, #731, #2036, #1530, #3015, #773, #256 ) ) ;
#3087 = EDGE_LOOP ( 'NONE', ( #3150 ) ) ;
#3088 = PLANE ( 'NONE',  #236 ) ;
#3089 = DIRECTION ( 'NONE',  ( 0.000000000000000000, 0.000000000000000000, -1.000000000000000000 ) ) ;
#3090 = STYLED_ITEM ( 'NONE', ( #3208 ), #2350 ) ;
#3091 = CARTESIAN_POINT ( 'NONE',  ( -3.799999999999998046, -262.0000000000000000, -1.400000000000026112 ) ) ;
#3092 = FILL_AREA_STYLE_COLOUR ( '', #378 ) ;
#3093 = FILL_AREA_STYLE ('',( #1058 ) ) ;
#3094 = FILL_AREA_STYLE_COLOUR ( '', #2598 ) ;
#3095 = COLOUR_RGB ( '',0.1019607843137254888, 0.1019607843137254888, 0.1019607843137254888 ) ;
#3096 = ORIENTED_EDGE ( 'NONE', *, *, #2858, .F. ) ;
#3097 = SURFACE_STYLE_FILL_AREA ( #3347 ) ;
#3098 = PRESENTATION_LAYER_ASSIGNMENT (  '', '', ( #2663 ) ) ;
#3099 = PRESENTATION_LAYER_ASSIGNMENT (  '', '', ( #1358 ) ) ;
#3100 = UNCERTAINTY_MEASURE_WITH_UNIT (LENGTH_MEASURE( 1.000000000000000082E-05 ), #2829, 'distance_accuracy_value', 'NONE');
#3101 = PRESENTATION_LAYER_ASSIGNMENT (  '', '', ( #3046 ) ) ;
#3102 = FILL_AREA_STYLE_COLOUR ( '', #1746 ) ;
#3103 = VERTEX_POINT ( 'NONE', #2553 ) ;
#3104 = DIRECTION ( 'NONE',  ( 1.000000000000000000, 0.000000000000000000, 0.000000000000000000 ) ) ;
#3105 = PRESENTATION_LAYER_ASSIGNMENT (  '', '', ( #2181 ) ) ;
#3106 = EDGE_LOOP ( 'NONE', ( #2939 ) ) ;
#3107 = EDGE_CURVE ( 'NONE', #2605, #2339, #1790, .T. ) ;
#3108 = VECTOR ( 'NONE', #1868, 1000.000000000000000 ) ;
#3109 = FILL_AREA_STYLE_COLOUR ( '', #2106 ) ;
#3110 = CIRCLE ( 'NONE', #2283, 0.9999999999999981126 ) ;
#3111 = LINE ( 'NONE', #3357, #2512 ) ;
#3112 = AXIS2_PLACEMENT_3D ( 'NONE', #1316, #2660, #1885 ) ;
#3113 = APPLICATION_CONTEXT ( 'automotive_design' ) ;
#3114 = CARTESIAN_POINT ( 'NONE',  ( -45.69999999999998863, -307.0000000000000000, 0.000000000000000000 ) ) ;
#3115 = DIRECTION ( 'NONE',  ( 0.000000000000000000, -1.000000000000000000, 0.000000000000000000 ) ) ;
#3116 = EDGE_LOOP ( 'NONE', ( #1793, #2380, #2812, #3025 ) ) ;
#3117 =( GEOMETRIC_REPRESENTATION_CONTEXT ( 3 ) GLOBAL_UNCERTAINTY_ASSIGNED_CONTEXT ( ( #161 ) ) GLOBAL_UNIT_ASSIGNED_CONTEXT ( ( #2742, #944, #1259 ) ) REPRESENTATION_CONTEXT ( 'NONE', 'WORKASPACE' ) );
#3118 = FACE_OUTER_BOUND ( 'NONE', #2293, .T. ) ;
#3119 = FILL_AREA_STYLE_COLOUR ( '', #146 ) ;
#3120 = MECHANICAL_DESIGN_GEOMETRIC_PRESENTATION_REPRESENTATION (  '', ( #1069 ), #459 ) ;
#3121 = ORIENTED_EDGE ( 'NONE', *, *, #782, .T. ) ;
#3122 = DIRECTION ( 'NONE',  ( -1.000000000000000000, 0.000000000000000000, 0.000000000000000000 ) ) ;
#3123 = EDGE_LOOP ( 'NONE', ( #3282, #1031, #2786, #1876, #941, #2997, #3006, #2652, #1433, #202 ) ) ;
#3124 = ORIENTED_EDGE ( 'NONE', *, *, #1415, .F. ) ;
#3125 = CARTESIAN_POINT ( 'NONE',  ( 48.99999999999999289, -273.9500000000000455, 23.79999999999999716 ) ) ;
#3126 = ADVANCED_FACE ( 'NONE', ( #748 ), #2016, .F. ) ;
#3127 = CYLINDRICAL_SURFACE ( 'NONE', #611, 0.9999999999999981126 ) ;
#3128 = DIRECTION ( 'NONE',  ( 0.000000000000000000, -1.000000000000000000, 0.000000000000000000 ) ) ;
#3129 = CARTESIAN_POINT ( 'NONE',  ( 48.99999999999999289, -302.7500000000000000, -4.299999999999995381 ) ) ;
#3130 = FACE_OUTER_BOUND ( 'NONE', #538, .T. ) ;
#3131 = ADVANCED_FACE ( 'NONE', ( #2299, #2032 ), #954, .F. ) ;
#3132 = CARTESIAN_POINT ( 'NONE',  ( -61.69999999999998863, -305.5000000000000000, 1.836970198721030427E-16 ) ) ;
#3133 = CARTESIAN_POINT ( 'NONE',  ( -45.69999999999998863, -272.6999999999999886, 20.80000000000000426 ) ) ;
#3134 = VERTEX_POINT ( 'NONE', #1112 ) ;
#3135 = LINE ( 'NONE', #806, #3380 ) ;
#3136 = UNCERTAINTY_MEASURE_WITH_UNIT (LENGTH_MEASURE( 1.000000000000000082E-05 ), #1429, 'distance_accuracy_value', 'NONE');
#3137 = SURFACE_STYLE_FILL_AREA ( #3154 ) ;
#3138 = LINE ( 'NONE', #1327, #2334 ) ;
#3139 = FILL_AREA_STYLE ('',( #1253 ) ) ;
#3140 = CARTESIAN_POINT ( 'NONE',  ( -3.799999999999997602, -262.0000000000000000, 6.559153441504342431E-16 ) ) ;
#3141 = LINE ( 'NONE', #2129, #2232 ) ;
#3142 = SURFACE_STYLE_USAGE ( .BOTH. , #2907 ) ;
#3143 = ORIENTED_EDGE ( 'NONE', *, *, #2289, .F. ) ;
#3144 = ORIENTED_EDGE ( 'NONE', *, *, #3242, .T. ) ;
#3145 = SURFACE_STYLE_USAGE ( .BOTH. , #1573 ) ;
#3146 = CARTESIAN_POINT ( 'NONE',  ( 34.00000000000000000, -268.5000000000000000, -7.299999999999998934 ) ) ;
#3147 = PRESENTATION_STYLE_ASSIGNMENT (( #2647 ) ) ;
#3148 = VERTEX_POINT ( 'NONE', #1594 ) ;
#3149 = PLANE ( 'NONE',  #2551 ) ;
#3150 = ORIENTED_EDGE ( 'NONE', *, *, #1110, .T. ) ;
#3151 = EDGE_CURVE ( 'NONE', #2056, #1132, #544, .T. ) ;
#3152 =( GEOMETRIC_REPRESENTATION_CONTEXT ( 3 ) GLOBAL_UNCERTAINTY_ASSIGNED_CONTEXT ( ( #1443 ) ) GLOBAL_UNIT_ASSIGNED_CONTEXT ( ( #2637, #1065, #2707 ) ) REPRESENTATION_CONTEXT ( 'NONE', 'WORKASPACE' ) );
#3153 = CARTESIAN_POINT ( 'NONE',  ( -45.69999999999998863, -307.0000000000000000, 0.000000000000000000 ) ) ;
#3154 = FILL_AREA_STYLE ('',( #3119 ) ) ;
#3155 = AXIS2_PLACEMENT_3D ( 'NONE', #81, #1124, #856 ) ;
#3156 =( NAMED_UNIT ( * ) SI_UNIT ( $, .STERADIAN. ) SOLID_ANGLE_UNIT ( ) );
#3157 = MECHANICAL_DESIGN_GEOMETRIC_PRESENTATION_REPRESENTATION (  '', ( #532 ), #2112 ) ;
#3158 = COLOUR_RGB ( '',0.1019607843137254888, 0.1019607843137254888, 0.1019607843137254888 ) ;
#3159 = VECTOR ( 'NONE', #1578, 1000.000000000000000 ) ;
#3160 = SURFACE_STYLE_FILL_AREA ( #258 ) ;
#3161 =( NAMED_UNIT ( * ) SI_UNIT ( $, .STERADIAN. ) SOLID_ANGLE_UNIT ( ) );
#3162 =( GEOMETRIC_REPRESENTATION_CONTEXT ( 3 ) GLOBAL_UNCERTAINTY_ASSIGNED_CONTEXT ( ( #2444 ) ) GLOBAL_UNIT_ASSIGNED_CONTEXT ( ( #2704, #2201, #946 ) ) REPRESENTATION_CONTEXT ( 'NONE', 'WORKASPACE' ) );
#3163 = ORIENTED_EDGE ( 'NONE', *, *, #1823, .F. ) ;
#3164 = MECHANICAL_DESIGN_GEOMETRIC_PRESENTATION_REPRESENTATION (  '', ( #829 ), #546 ) ;
#3165 = CARTESIAN_POINT ( 'NONE',  ( -23.89999999999999858, -223.2099999999999795, -1.400000000000022782 ) ) ;
#3166 = FILL_AREA_STYLE ('',( #2628 ) ) ;
#3167 = DIRECTION ( 'NONE',  ( -0.000000000000000000, 0.000000000000000000, -1.000000000000000000 ) ) ;
#3168 = STYLED_ITEM ( 'NONE', ( #2180 ), #2033 ) ;
#3169 = VERTEX_POINT ( 'NONE', #2703 ) ;
#3170 = CARTESIAN_POINT ( 'NONE',  ( -45.69999999999998863, -307.0000000000000000, 0.000000000000000000 ) ) ;
#3171 = ORIENTED_EDGE ( 'NONE', *, *, #483, .F. ) ;
#3172 = PLANE ( 'NONE',  #1612 ) ;
#3173 = VECTOR ( 'NONE', #2624, 1000.000000000000000 ) ;
#3174 = UNCERTAINTY_MEASURE_WITH_UNIT (LENGTH_MEASURE( 1.000000000000000082E-05 ), #1960, 'distance_accuracy_value', 'NONE');
#3175 = ADVANCED_FACE ( 'NONE', ( #582, #3177 ), #791, .F. ) ;
#3176 = SURFACE_SIDE_STYLE ('',( #68 ) ) ;
#3177 = FACE_OUTER_BOUND ( 'NONE', #3116, .T. ) ;
#3178 = UNCERTAINTY_MEASURE_WITH_UNIT (LENGTH_MEASURE( 1.000000000000000082E-05 ), #303, 'distance_accuracy_value', 'NONE');
#3179 = AXIS2_PLACEMENT_3D ( 'NONE', #3202, #3167, #572 ) ;
#3180 = EDGE_CURVE ( 'NONE', #2861, #2056, #1600, .T. ) ;
#3181 = DIRECTION ( 'NONE',  ( -0.000000000000000000, -1.000000000000000000, -0.000000000000000000 ) ) ;
#3182 = CARTESIAN_POINT ( 'NONE',  ( -61.69999999999998863, -273.9500000000000455, 20.80000000000000071 ) ) ;
#3183 = ORIENTED_EDGE ( 'NONE', *, *, #807, .F. ) ;
#3184 = ORIENTED_EDGE ( 'NONE', *, *, #962, .T. ) ;
#3185 = CARTESIAN_POINT ( 'NONE',  ( 23.00000000000000000, -272.6999999999999886, 20.80000000000000071 ) ) ;
#3186 = SURFACE_STYLE_USAGE ( .BOTH. , #1512 ) ;
#3187 = PRESENTATION_LAYER_ASSIGNMENT (  '', '', ( #1264 ) ) ;
#3188 = AXIS2_PLACEMENT_3D ( 'NONE', #3223, #1627, #2355 ) ;
#3189 = FILL_AREA_STYLE ('',( #2646 ) ) ;
#3190 = VERTEX_POINT ( 'NONE', #628 ) ;
#3191 =( NAMED_UNIT ( * ) SI_UNIT ( $, .STERADIAN. ) SOLID_ANGLE_UNIT ( ) );
#3192 = ORIENTED_EDGE ( 'NONE', *, *, #2835, .T. ) ;
#3193 = DIRECTION ( 'NONE',  ( 1.000000000000000000, 0.000000000000000000, -0.000000000000000000 ) ) ;
#3194 = FACE_OUTER_BOUND ( 'NONE', #90, .T. ) ;
#3195 = CARTESIAN_POINT ( 'NONE',  ( 34.00000000000000000, -305.5000000000000000, 20.80000000000000071 ) ) ;
#3196 = CARTESIAN_POINT ( 'NONE',  ( -3.799999999999994493, -223.2099999999999795, -1.400000000000022782 ) ) ;
#3197 = PRESENTATION_STYLE_ASSIGNMENT (( #2381 ) ) ;
#3198 = ORIENTED_EDGE ( 'NONE', *, *, #2670, .T. ) ;
#3199 = ORIENTED_EDGE ( 'NONE', *, *, #909, .F. ) ;
#3200 = ADVANCED_FACE ( 'NONE', ( #1828 ), #1532, .T. ) ;
#3201 = DIRECTION ( 'NONE',  ( 1.000000000000000000, -0.000000000000000000, -0.000000000000000000 ) ) ;
#3202 = CARTESIAN_POINT ( 'NONE',  ( -51.66764253446176980, -268.5000000000000000, 23.80000000000000071 ) ) ;
#3203 = CARTESIAN_POINT ( 'NONE',  ( 41.75000000000000000, -273.9500000000000455, 20.80000000000000071 ) ) ;
#3204 = VERTEX_POINT ( 'NONE', #80 ) ;
#3205 = CARTESIAN_POINT ( 'NONE',  ( -76.69999999999998863, -273.9500000000000455, -7.299999999999997158 ) ) ;
#3206 =( NAMED_UNIT ( * ) PLANE_ANGLE_UNIT ( ) SI_UNIT ( $, .RADIAN. ) );
#3207 = SURFACE_STYLE_FILL_AREA ( #2155 ) ;
#3208 = PRESENTATION_STYLE_ASSIGNMENT (( #632 ) ) ;
#3209 = VERTEX_POINT ( 'NONE', #2985 ) ;
#3210 = DIRECTION ( 'NONE',  ( -0.000000000000000000, -0.000000000000000000, -1.000000000000000000 ) ) ;
#3211 =( GEOMETRIC_REPRESENTATION_CONTEXT ( 3 ) GLOBAL_UNCERTAINTY_ASSIGNED_CONTEXT ( ( #2826 ) ) GLOBAL_UNIT_ASSIGNED_CONTEXT ( ( #2596, #269, #1508 ) ) REPRESENTATION_CONTEXT ( 'NONE', 'WORKASPACE' ) );
#3212 = CARTESIAN_POINT ( 'NONE',  ( 34.00000000000000000, -270.0000000000000000, -4.299999999999995381 ) ) ;
#3213 = AXIS2_PLACEMENT_3D ( 'NONE', #2456, #1177, #2233 ) ;
#3214 = PRESENTATION_STYLE_ASSIGNMENT (( #128 ) ) ;
#3215 =( LENGTH_UNIT ( ) NAMED_UNIT ( * ) SI_UNIT ( .MILLI., .METRE. ) );
#3216 = CARTESIAN_POINT ( 'NONE',  ( -61.69999999999998863, -309.5000000000000000, -7.299999999999998934 ) ) ;
#3217 = ORIENTED_EDGE ( 'NONE', *, *, #749, .F. ) ;
#3218 = ORIENTED_EDGE ( 'NONE', *, *, #119, .T. ) ;
#3219 = COLOUR_RGB ( '',0.1019607843137254888, 0.1019607843137254888, 0.1019607843137254888 ) ;
#3220 = DIRECTION ( 'NONE',  ( 0.000000000000000000, -1.000000000000000000, 5.042800802258162337E-17 ) ) ;
#3221 = EDGE_CURVE ( 'NONE', #938, #3026, #2159, .T. ) ;
#3222 = PRESENTATION_LAYER_ASSIGNMENT (  '', '', ( #655 ) ) ;
#3223 = CARTESIAN_POINT ( 'NONE',  ( -61.69999999999998863, -307.0000000000000000, 0.000000000000000000 ) ) ;
#3224 = CARTESIAN_POINT ( 'NONE',  ( -11.30000000000020854, -248.2149660633792507, 18.69999999999997442 ) ) ;
#3225 = COLOUR_RGB ( '',0.1019607843137254888, 0.1019607843137254888, 0.1019607843137254888 ) ;
#3226 = PRESENTATION_STYLE_ASSIGNMENT (( #613 ) ) ;
#3227 = CIRCLE ( 'NONE', #1449, 2.550000000000021139 ) ;
#3228 = CIRCLE ( 'NONE', #3277, 1.000000000000001554 ) ;
#3229 = SURFACE_SIDE_STYLE ('',( #416 ) ) ;
#3230 = EDGE_CURVE ( 'NONE', #1553, #1357, #2428, .T. ) ;
#3231 = SURFACE_SIDE_STYLE ('',( #1140 ) ) ;
#3232 = PRESENTATION_LAYER_ASSIGNMENT (  '', '', ( #891 ) ) ;
#3233 = FACE_BOUND ( 'NONE', #1032, .T. ) ;
#3234 = PRESENTATION_LAYER_ASSIGNMENT (  '', '', ( #2779 ) ) ;
#3235 = PRESENTATION_STYLE_ASSIGNMENT (( #1669 ) ) ;
#3236 = STYLED_ITEM ( 'NONE', ( #384 ), #365 ) ;
#3237 =( NAMED_UNIT ( * ) SI_UNIT ( $, .STERADIAN. ) SOLID_ANGLE_UNIT ( ) );
#3238 = CARTESIAN_POINT ( 'NONE',  ( -37.85000000000000142, -227.8506180368631249, 23.79999999999997584 ) ) ;
#3239 =( NAMED_UNIT ( * ) PLANE_ANGLE_UNIT ( ) SI_UNIT ( $, .RADIAN. ) );
#3240 =( GEOMETRIC_REPRESENTATION_CONTEXT ( 3 ) GLOBAL_UNCERTAINTY_ASSIGNED_CONTEXT ( ( #2754 ) ) GLOBAL_UNIT_ASSIGNED_CONTEXT ( ( #2629, #838, #1858 ) ) REPRESENTATION_CONTEXT ( 'NONE', 'WORKASPACE' ) );
#3241 = CARTESIAN_POINT ( 'NONE',  ( -48.10000000000005116, -278.5000000000000000, -2.000000000003177902 ) ) ;
#3242 = EDGE_CURVE ( 'NONE', #218, #3362, #1726, .T. ) ;
#3243 = STYLED_ITEM ( 'NONE', ( #2435 ), #2691 ) ;
#3244 = CARTESIAN_POINT ( 'NONE',  ( -37.85000000000000142, -262.0000000000000000, -7.299999999999970512 ) ) ;
#3245 = FACE_BOUND ( 'NONE', #2574, .T. ) ;
#3246 = ADVANCED_FACE ( 'NONE', ( #2195 ), #878, .F. ) ;
#3247 = UNCERTAINTY_MEASURE_WITH_UNIT (LENGTH_MEASURE( 1.000000000000000082E-05 ), #841, 'distance_accuracy_value', 'NONE');
#3248 =( GEOMETRIC_REPRESENTATION_CONTEXT ( 3 ) GLOBAL_UNCERTAINTY_ASSIGNED_CONTEXT ( ( #3350 ) ) GLOBAL_UNIT_ASSIGNED_CONTEXT ( ( #1569, #1048, #1853 ) ) REPRESENTATION_CONTEXT ( 'NONE', 'WORKASPACE' ) );
#3249 = CARTESIAN_POINT ( 'NONE',  ( 10.15000000000000568, -262.0000000000000000, 0.000000000000000000 ) ) ;
#3250 = PRESENTATION_STYLE_ASSIGNMENT (( #190 ) ) ;
#3251 = CARTESIAN_POINT ( 'NONE',  ( -61.69999999999998863, -270.0000000000000000, -4.299999999999995381 ) ) ;
#3252 = COLOUR_RGB ( '',0.1019607843137254888, 0.1019607843137254888, 0.1019607843137254888 ) ;
#3253 = UNCERTAINTY_MEASURE_WITH_UNIT (LENGTH_MEASURE( 1.000000000000000082E-05 ), #631, 'distance_accuracy_value', 'NONE');
#3254 = CARTESIAN_POINT ( 'NONE',  ( -61.69999999999998863, -305.5000000000000000, 1.836970198721030427E-16 ) ) ;
#3255 = PRESENTATION_STYLE_ASSIGNMENT (( #1687 ) ) ;
#3256 = DIRECTION ( 'NONE',  ( 0.000000000000000000, 0.000000000000000000, -1.000000000000000000 ) ) ;
#3257 = DIRECTION ( 'NONE',  ( 0.000000000000000000, 0.000000000000000000, -1.000000000000000000 ) ) ;
#3258 = EDGE_CURVE ( 'NONE', #3103, #386, #2723, .T. ) ;
#3259 = FILL_AREA_STYLE_COLOUR ( '', #2340 ) ;
#3260 = EDGE_CURVE ( 'NONE', #2384, #2608, #1144, .T. ) ;
#3261 = EDGE_LOOP ( 'NONE', ( #1832 ) ) ;
#3262 = VECTOR ( 'NONE', #82, 1000.000000000000000 ) ;
#3263 = FACE_OUTER_BOUND ( 'NONE', #2223, .T. ) ;
#3264 = MECHANICAL_DESIGN_GEOMETRIC_PRESENTATION_REPRESENTATION (  '', ( #2379 ), #270 ) ;
#3265 = ORIENTED_EDGE ( 'NONE', *, *, #2151, .T. ) ;
#3266 = FACE_BOUND ( 'NONE', #3261, .T. ) ;
#3267 =( NAMED_UNIT ( * ) PLANE_ANGLE_UNIT ( ) SI_UNIT ( $, .RADIAN. ) );
#3268 = ORIENTED_EDGE ( 'NONE', *, *, #2814, .F. ) ;
#3269 = MECHANICAL_DESIGN_GEOMETRIC_PRESENTATION_REPRESENTATION (  '', ( #655 ), #2993 ) ;
#3270 = STYLED_ITEM ( 'NONE', ( #1507 ), #1050 ) ;
#3271 = CARTESIAN_POINT ( 'NONE',  ( -4.800000000000008704, -223.2099999999999795, 0.000000000000000000 ) ) ;
#3272 = CARTESIAN_POINT ( 'NONE',  ( 34.00000000000000000, -307.0000000000000000, 0.000000000000000000 ) ) ;
#3273 = SURFACE_SIDE_STYLE ('',( #3038 ) ) ;
#3274 = DIRECTION ( 'NONE',  ( 0.000000000000000000, 1.000000000000000000, 0.000000000000000000 ) ) ;
#3275 = SURFACE_SIDE_STYLE ('',( #1167 ) ) ;
#3276 = LINE ( 'NONE', #1475, #1456 ) ;
#3277 = AXIS2_PLACEMENT_3D ( 'NONE', #491, #182, #973 ) ;
#3278 = PRODUCT_DEFINITION_SHAPE ( 'NONE', 'NONE',  #24 ) ;
#3279 = EDGE_CURVE ( 'NONE', #1378, #1553, #2953, .T. ) ;
#3280 = CARTESIAN_POINT ( 'NONE',  ( 20.40000000000005542, -272.6999999999999886, -2.000000000003177902 ) ) ;
#3281 = FILL_AREA_STYLE ('',( #401 ) ) ;
#3282 = ORIENTED_EDGE ( 'NONE', *, *, #3151, .T. ) ;
#3283 = MECHANICAL_DESIGN_GEOMETRIC_PRESENTATION_REPRESENTATION (  '', ( #3236 ), #290 ) ;
#3284 = CARTESIAN_POINT ( 'NONE',  ( 34.00000000000000000, -305.5000000000000000, 20.80000000000000071 ) ) ;
#3285 =( NAMED_UNIT ( * ) SI_UNIT ( $, .STERADIAN. ) SOLID_ANGLE_UNIT ( ) );
#3286 =( NAMED_UNIT ( * ) PLANE_ANGLE_UNIT ( ) SI_UNIT ( $, .RADIAN. ) );
#3287 = EDGE_LOOP ( 'NONE', ( #97, #57, #2282, #2100 ) ) ;
#3288 = MECHANICAL_DESIGN_GEOMETRIC_PRESENTATION_REPRESENTATION (  '', ( #2505 ), #3240 ) ;
#3289 = SURFACE_SIDE_STYLE ('',( #120 ) ) ;
#3290 = DIRECTION ( 'NONE',  ( 0.000000000000000000, 1.000000000000000000, 2.115516434118057709E-16 ) ) ;
#3291 =( NAMED_UNIT ( * ) SI_UNIT ( $, .STERADIAN. ) SOLID_ANGLE_UNIT ( ) );
#3292 = FILL_AREA_STYLE ('',( #418 ) ) ;
#3293 = SURFACE_STYLE_USAGE ( .BOTH. , #1427 ) ;
#3294 = CARTESIAN_POINT ( 'NONE',  ( 34.00000000000000000, -271.1999999999999886, -4.299999999999994493 ) ) ;
#3295 =( GEOMETRIC_REPRESENTATION_CONTEXT ( 3 ) GLOBAL_UNCERTAINTY_ASSIGNED_CONTEXT ( ( #1751 ) ) GLOBAL_UNIT_ASSIGNED_CONTEXT ( ( #2168, #1816, #868 ) ) REPRESENTATION_CONTEXT ( 'NONE', 'WORKASPACE' ) );
#3296 = EDGE_LOOP ( 'NONE', ( #2547, #687, #248, #2752 ) ) ;
#3297 = CARTESIAN_POINT ( 'NONE',  ( 34.00000000000000000, -307.0000000000000000, 23.80000000000000071 ) ) ;
#3298 = FILL_AREA_STYLE ('',( #2298 ) ) ;
#3299 = ORIENTED_EDGE ( 'NONE', *, *, #1896, .T. ) ;
#3300 = FACE_OUTER_BOUND ( 'NONE', #1919, .T. ) ;
#3301 = ORIENTED_EDGE ( 'NONE', *, *, #2074, .F. ) ;
#3302 = EDGE_CURVE ( 'NONE', #859, #2922, #1649, .T. ) ;
#3303 = DIRECTION ( 'NONE',  ( -1.000000000000000000, 0.000000000000000000, 0.000000000000000000 ) ) ;
#3304 = DIRECTION ( 'NONE',  ( 0.000000000000000000, -1.000000000000000000, 0.000000000000000000 ) ) ;
#3305 = PRESENTATION_STYLE_ASSIGNMENT (( #905 ) ) ;
#3306 = FILL_AREA_STYLE_COLOUR ( '', #1289 ) ;
#3307 = LINE ( 'NONE', #3249, #933 ) ;
#3308 = EDGE_LOOP ( 'NONE', ( #130, #1786, #999, #1536 ) ) ;
#3309 = UNCERTAINTY_MEASURE_WITH_UNIT (LENGTH_MEASURE( 1.000000000000000082E-05 ), #2639, 'distance_accuracy_value', 'NONE');
#3310 = DIRECTION ( 'NONE',  ( 1.000000000000000000, 0.000000000000000000, 0.000000000000000000 ) ) ;
#3311 =( NAMED_UNIT ( * ) PLANE_ANGLE_UNIT ( ) SI_UNIT ( $, .RADIAN. ) );
#3312 = STYLED_ITEM ( 'NONE', ( #3250 ), #3246 ) ;
#3313 = STYLED_ITEM ( 'NONE', ( #577 ), #2415 ) ;
#3314 = DIRECTION ( 'NONE',  ( -1.000000000000000000, 0.000000000000000000, 0.000000000000000000 ) ) ;
#3315 = EDGE_LOOP ( 'NONE', ( #3265 ) ) ;
#3316 = DIRECTION ( 'NONE',  ( 0.000000000000000000, -0.000000000000000000, 1.000000000000000000 ) ) ;
#3317 = ORIENTED_EDGE ( 'NONE', *, *, #402, .T. ) ;
#3318 = STYLED_ITEM ( 'NONE', ( #1630 ), #939 ) ;
#3319 = ADVANCED_FACE ( 'NONE', ( #1929, #3321, #397, #3233, #2460 ), #898, .T. ) ;
#3320 =( LENGTH_UNIT ( ) NAMED_UNIT ( * ) SI_UNIT ( .MILLI., .METRE. ) );
#3321 = FACE_BOUND ( 'NONE', #41, .T. ) ;
#3322 = CYLINDRICAL_SURFACE ( 'NONE', #2880, 0.9999999999999974465 ) ;
#3323 = VECTOR ( 'NONE', #2737, 1000.000000000000000 ) ;
#3324 = AXIS2_PLACEMENT_3D ( 'NONE', #85, #2158, #2862 ) ;
#3325 = ADVANCED_FACE ( 'NONE', ( #2579, #1261, #3130 ), #2024, .F. ) ;
#3326 = SURFACE_STYLE_USAGE ( .BOTH. , #728 ) ;
#3327 = CARTESIAN_POINT ( 'NONE',  ( 34.00000000000000000, -268.5000000000000000, 22.29999999999999716 ) ) ;
#3328 = FILL_AREA_STYLE ('',( #1985 ) ) ;
#3329 = VECTOR ( 'NONE', #1138, 1000.000000000000000 ) ;
#3330 = ORIENTED_EDGE ( 'NONE', *, *, #123, .F. ) ;
#3331 =( GEOMETRIC_REPRESENTATION_CONTEXT ( 3 ) GLOBAL_UNCERTAINTY_ASSIGNED_CONTEXT ( ( #1787 ) ) GLOBAL_UNIT_ASSIGNED_CONTEXT ( ( #708, #2039, #1468 ) ) REPRESENTATION_CONTEXT ( 'NONE', 'WORKASPACE' ) );
#3332 = ORIENTED_EDGE ( 'NONE', *, *, #2877, .F. ) ;
#3333 = DIRECTION ( 'NONE',  ( -0.000000000000000000, -1.000000000000000000, -0.000000000000000000 ) ) ;
#3334 = DIRECTION ( 'NONE',  ( 0.000000000000000000, 0.000000000000000000, 1.000000000000000000 ) ) ;
#3335 = VERTEX_POINT ( 'NONE', #3358 ) ;
#3336 = CARTESIAN_POINT ( 'NONE',  ( -76.69999999999998863, -273.9500000000000455, 20.80000000000000071 ) ) ;
#3337 = ORIENTED_EDGE ( 'NONE', *, *, #3021, .T. ) ;
#3338 = ORIENTED_EDGE ( 'NONE', *, *, #1797, .F. ) ;
#3339 = CARTESIAN_POINT ( 'NONE',  ( -45.69999999999998863, -307.0000000000000000, 20.80000000000000071 ) ) ;
#3340 =( GEOMETRIC_REPRESENTATION_CONTEXT ( 3 ) GLOBAL_UNCERTAINTY_ASSIGNED_CONTEXT ( ( #1686 ) ) GLOBAL_UNIT_ASSIGNED_CONTEXT ( ( #1428, #1959, #2207 ) ) REPRESENTATION_CONTEXT ( 'NONE', 'WORKASPACE' ) );
#3341 = DIRECTION ( 'NONE',  ( 0.000000000000000000, 0.000000000000000000, -1.000000000000000000 ) ) ;
#3342 =( NAMED_UNIT ( * ) PLANE_ANGLE_UNIT ( ) SI_UNIT ( $, .RADIAN. ) );
#3343 = AXIS2_PLACEMENT_3D ( 'NONE', #138, #679, #1306 ) ;
#3344 = UNCERTAINTY_MEASURE_WITH_UNIT (LENGTH_MEASURE( 1.000000000000000082E-05 ), #1957, 'distance_accuracy_value', 'NONE');
#3345 = SURFACE_STYLE_FILL_AREA ( #2291 ) ;
#3346 = EDGE_LOOP ( 'NONE', ( #943 ) ) ;
#3347 = FILL_AREA_STYLE ('',( #2295 ) ) ;
#3348 = EDGE_CURVE ( 'NONE', #454, #1516, #762, .T. ) ;
#3349 = ORIENTED_EDGE ( 'NONE', *, *, #2101, .T. ) ;
#3350 = UNCERTAINTY_MEASURE_WITH_UNIT (LENGTH_MEASURE( 1.000000000000000082E-05 ), #1569, 'distance_accuracy_value', 'NONE');
#3351 = SURFACE_STYLE_FILL_AREA ( #1704 ) ;
#3352 = DIRECTION ( 'NONE',  ( 0.000000000000000000, 0.000000000000000000, -1.000000000000000000 ) ) ;
#3353 = EDGE_LOOP ( 'NONE', ( #1589 ) ) ;
#3354 = ORIENTED_EDGE ( 'NONE', *, *, #3230, .F. ) ;
#3355 = SURFACE_SIDE_STYLE ('',( #263 ) ) ;
#3356 = PRESENTATION_STYLE_ASSIGNMENT (( #960 ) ) ;
#3357 = CARTESIAN_POINT ( 'NONE',  ( 48.99999999999999289, -302.7500000000000000, -7.299999999999997158 ) ) ;
#3358 = CARTESIAN_POINT ( 'NONE',  ( -61.69999999999998863, -268.5000000000000000, 23.79999999999999716 ) ) ;
#3359 = DIRECTION ( 'NONE',  ( -0.000000000000000000, -1.000000000000000000, -5.042800802258161104E-17 ) ) ;
#3360 = LINE ( 'NONE', #3114, #1778 ) ;
#3361 = ORIENTED_EDGE ( 'NONE', *, *, #2969, .T. ) ;
#3362 = VERTEX_POINT ( 'NONE', #2872 ) ;
#3363 = ADVANCED_FACE ( 'NONE', ( #986, #13 ), #2338, .F. ) ;
#3364 = PLANE ( 'NONE',  #845 ) ;
#3365 = FACE_OUTER_BOUND ( 'NONE', #1692, .T. ) ;
#3366 = CARTESIAN_POINT ( 'NONE',  ( 18.00000000000000000, -305.5000000000000000, 16.50000000000000000 ) ) ;
#3367 = VERTEX_POINT ( 'NONE', #1374 ) ;
#3368 = ORIENTED_EDGE ( 'NONE', *, *, #1972, .T. ) ;
#3369 = CARTESIAN_POINT ( 'NONE',  ( 34.00000000000000000, -273.9500000000000455, 23.79999999999999716 ) ) ;
#3370 = DIRECTION ( 'NONE',  ( 0.000000000000000000, -1.000000000000000000, 1.206764157201257045E-16 ) ) ;
#3371 = MECHANICAL_DESIGN_GEOMETRIC_PRESENTATION_REPRESENTATION (  '', ( #3313 ), #2265 ) ;
#3372 = PRESENTATION_STYLE_ASSIGNMENT (( #1297 ) ) ;
#3373 = FACE_OUTER_BOUND ( 'NONE', #1688, .T. ) ;
#3374 = MECHANICAL_DESIGN_GEOMETRIC_PRESENTATION_REPRESENTATION (  '', ( #207 ), #2480 ) ;
#3375 = DIRECTION ( 'NONE',  ( -0.000000000000000000, 1.000000000000000000, 5.042800802258161104E-17 ) ) ;
#3376 =( GEOMETRIC_REPRESENTATION_CONTEXT ( 3 ) GLOBAL_UNCERTAINTY_ASSIGNED_CONTEXT ( ( #2586 ) ) GLOBAL_UNIT_ASSIGNED_CONTEXT ( ( #433, #375, #417 ) ) REPRESENTATION_CONTEXT ( 'NONE', 'WORKASPACE' ) );
#3377 = EDGE_LOOP ( 'NONE', ( #144, #2950, #169, #2977 ) ) ;
#3378 = FILL_AREA_STYLE_COLOUR ( '', #3158 ) ;
#3379 =( GEOMETRIC_REPRESENTATION_CONTEXT ( 3 ) GLOBAL_UNCERTAINTY_ASSIGNED_CONTEXT ( ( #1160 ) ) GLOBAL_UNIT_ASSIGNED_CONTEXT ( ( #715, #1745, #1492 ) ) REPRESENTATION_CONTEXT ( 'NONE', 'WORKASPACE' ) );
#3380 = VECTOR ( 'NONE', #152, 1000.000000000000000 ) ;
#3381 = UNCERTAINTY_MEASURE_WITH_UNIT (LENGTH_MEASURE( 1.000000000000000082E-05 ), #114, 'distance_accuracy_value', 'NONE');
#3382 = EDGE_CURVE ( 'NONE', #1329, #3071, #2368, .T. ) ;
ENDSEC;
END-ISO-10303-21;
