ISO-10303-21;
HEADER;
FILE_DESCRIPTION (( 'STEP AP214' ),
    '1' );
FILE_NAME('Bottom_Shell.step','2026-09-10T00:00:00',('RIVERDOG'),(''),'SOLIDWORKS STEP exporter','SOLIDWORKS','');
FILE_SCHEMA (( 'AUTOMOTIVE_DESIGN' ));
ENDSEC;

DATA;
#1 = DIRECTION ( 'NONE',  ( 1.000000000000000000, -0.000000000000000000, 0.000000000000000000 ) ) ;
#2 = ORIENTED_EDGE ( 'NONE', *, *, #1432, .T. ) ;
#3 = LINE ( 'NONE', #962, #710 ) ;
#4 = FILL_AREA_STYLE ('',( #2551 ) ) ;
#5 = CARTESIAN_POINT ( 'NONE',  ( 0.000000000000000000, -57.28503393662091980, 34.70000000000000995 ) ) ;
#6 = CARTESIAN_POINT ( 'NONE',  ( 21.64999999999989910, 49.50000000000004263, 8.049999999999998934 ) ) ;
#7 =( NAMED_UNIT ( * ) PLANE_ANGLE_UNIT ( ) SI_UNIT ( $, .RADIAN. ) );
#8 = PRESENTATION_STYLE_ASSIGNMENT (( #1560 ) ) ;
#9 = CARTESIAN_POINT ( 'NONE',  ( 0.000000000000000000, 0.000000000000000000, 30.60000000000000853 ) ) ;
#10 = EDGE_CURVE ( 'NONE', #3167, #3820, #1369, .T. ) ;
#11 = SHAPE_DEFINITION_REPRESENTATION ( #1254, #1883 ) ;
#12 = CARTESIAN_POINT ( 'NONE',  ( -13.84999999999998366, -233.5000000000000568, -3.199999999999999734 ) ) ;
#13 = EDGE_CURVE ( 'NONE', #2574, #4049, #800, .T. ) ;
#14 = EDGE_CURVE ( 'NONE', #1147, #1147, #2602, .T. ) ;
#15 = CARTESIAN_POINT ( 'NONE',  ( -13.84999999999999076, -57.28503393662091980, 41.70000000000002416 ) ) ;
#16 = FACE_BOUND ( 'NONE', #461, .T. ) ;
#17 =( NAMED_UNIT ( * ) SI_UNIT ( $, .STERADIAN. ) SOLID_ANGLE_UNIT ( ) );
#18 = ORIENTED_EDGE ( 'NONE', *, *, #3537, .F. ) ;
#19 = ADVANCED_FACE ( 'NONE', ( #2489 ), #3761, .T. ) ;
#20 = DIRECTION ( 'NONE',  ( 0.000000000000000000, 1.000000000000000000, 0.000000000000000000 ) ) ;
#21 = EDGE_LOOP ( 'NONE', ( #802, #1041, #3675, #768 ) ) ;
#22 = PRESENTATION_LAYER_ASSIGNMENT (  '', '', ( #3882 ) ) ;
#23 =( LENGTH_UNIT ( ) NAMED_UNIT ( * ) SI_UNIT ( .MILLI., .METRE. ) );
#24 = VECTOR ( 'NONE', #1875, 1000.000000000000000 ) ;
#25 = SURFACE_STYLE_USAGE ( .BOTH. , #2595 ) ;
#26 = ORIENTED_EDGE ( 'NONE', *, *, #1096, .F. ) ;
#27 = FACE_OUTER_BOUND ( 'NONE', #1347, .T. ) ;
#28 = FACE_OUTER_BOUND ( 'NONE', #3625, .T. ) ;
#29 = SURFACE_STYLE_USAGE ( .BOTH. , #4101 ) ;
#30 = VECTOR ( 'NONE', #446, 1000.000000000000000 ) ;
#31 =( GEOMETRIC_REPRESENTATION_CONTEXT ( 3 ) GLOBAL_UNCERTAINTY_ASSIGNED_CONTEXT ( ( #1410 ) ) GLOBAL_UNIT_ASSIGNED_CONTEXT ( ( #865, #1862, #2747 ) ) REPRESENTATION_CONTEXT ( 'NONE', 'WORKASPACE' ) );
#32 = CARTESIAN_POINT ( 'NONE',  ( 41.14999999999989910, -57.28503393662097665, 32.05000000000007532 ) ) ;
#33 = FILL_AREA_STYLE_COLOUR ( '', #1436 ) ;
#34 = EDGE_LOOP ( 'NONE', ( #2047 ) ) ;
#35 = COLOUR_RGB ( '',0.5999999999999999778, 0.1607843137254901800, 0.7529411764705882248 ) ;
#36 = PLANE ( 'NONE',  #3579 ) ;
#37 = VECTOR ( 'NONE', #819, 1000.000000000000000 ) ;
#38 = SURFACE_SIDE_STYLE ('',( #3560 ) ) ;
#39 = PLANE ( 'NONE',  #4080 ) ;
#40 = ORIENTED_EDGE ( 'NONE', *, *, #1228, .F. ) ;
#41 = DIRECTION ( 'NONE',  ( -1.000000000000000000, 1.442373091798715516E-16, 0.000000000000000000 ) ) ;
#42 = VECTOR ( 'NONE', #3424, 1000.000000000000000 ) ;
#43 = ORIENTED_EDGE ( 'NONE', *, *, #398, .F. ) ;
#44 = CARTESIAN_POINT ( 'NONE',  ( -61.84999999999989484, -53.49999999999999289, 8.050000000000000711 ) ) ;
#45 = FACE_OUTER_BOUND ( 'NONE', #3591, .T. ) ;
#46 = MECHANICAL_DESIGN_GEOMETRIC_PRESENTATION_REPRESENTATION (  '', ( #3836 ), #4033 ) ;
#47 = EDGE_CURVE ( 'NONE', #263, #2720, #269, .T. ) ;
#48 = STYLED_ITEM ( 'NONE', ( #3644 ), #2658 ) ;
#49 = STYLED_ITEM ( 'NONE', ( #1386 ), #2152 ) ;
#50 = CARTESIAN_POINT ( 'NONE',  ( 1.199999999999999067, -82.28503393662093401, -2.299999999999996270 ) ) ;
#51 = CARTESIAN_POINT ( 'NONE',  ( 34.14999999999990621, -253.5000000000000000, 8.049999999999998934 ) ) ;
#52 = LINE ( 'NONE', #2519, #837 ) ;
#53 = AXIS2_PLACEMENT_3D ( 'NONE', #762, #139, #2601 ) ;
#54 = PRESENTATION_LAYER_ASSIGNMENT (  '', '', ( #2117 ) ) ;
#55 =( NAMED_UNIT ( * ) PLANE_ANGLE_UNIT ( ) SI_UNIT ( $, .RADIAN. ) );
#56 =( NAMED_UNIT ( * ) SI_UNIT ( $, .STERADIAN. ) SOLID_ANGLE_UNIT ( ) );
#57 = ORIENTED_EDGE ( 'NONE', *, *, #1901, .T. ) ;
#58 = EDGE_LOOP ( 'NONE', ( #203 ) ) ;
#59 = FILL_AREA_STYLE ('',( #1530 ) ) ;
#60 = FACE_OUTER_BOUND ( 'NONE', #130, .T. ) ;
#61 = DIRECTION ( 'NONE',  ( -0.000000000000000000, -2.231155596111649629E-16, 1.000000000000000000 ) ) ;
#62 = ORIENTED_EDGE ( 'NONE', *, *, #3175, .F. ) ;
#63 = PLANE ( 'NONE',  #3121 ) ;
#64 = CARTESIAN_POINT ( 'NONE',  ( -3.800000000000001155, -82.28503393662093401, -37.81245647272603350 ) ) ;
#65 = LINE ( 'NONE', #1240, #1519 ) ;
#66 = CARTESIAN_POINT ( 'NONE',  ( -49.34999999999989484, -249.7149660633790802, 8.050000000000000711 ) ) ;
#67 = EDGE_CURVE ( 'NONE', #2875, #263, #3462, .T. ) ;
#68 = DIRECTION ( 'NONE',  ( -0.000000000000000000, -0.000000000000000000, 1.000000000000000000 ) ) ;
#69 = UNCERTAINTY_MEASURE_WITH_UNIT (LENGTH_MEASURE( 1.000000000000000082E-05 ), #3754, 'distance_accuracy_value', 'NONE');
#70 = LINE ( 'NONE', #1948, #3756 ) ;
#71 = ADVANCED_FACE ( 'NONE', ( #1835, #2978 ), #3350, .T. ) ;
#72 = DIRECTION ( 'NONE',  ( 0.000000000000000000, -1.000000000000000000, 0.000000000000000000 ) ) ;
#73 = SURFACE_SIDE_STYLE ('',( #1970 ) ) ;
#74 = SURFACE_SIDE_STYLE ('',( #1652 ) ) ;
#75 = FACE_OUTER_BOUND ( 'NONE', #3163, .T. ) ;
#76 = DIRECTION ( 'NONE',  ( 1.445602896647337931E-16, 1.000000000000000000, 0.000000000000000000 ) ) ;
#77 = ORIENTED_EDGE ( 'NONE', *, *, #1557, .F. ) ;
#78 = CARTESIAN_POINT ( 'NONE',  ( -28.90000000000000213, -249.7149660633790802, 3.856423727363824638E-15 ) ) ;
#79 = FILL_AREA_STYLE ('',( #432 ) ) ;
#80 = DIRECTION ( 'NONE',  ( -3.452186021844392414E-16, 0.000000000000000000, 1.000000000000000000 ) ) ;
#81 = ORIENTED_EDGE ( 'NONE', *, *, #2006, .F. ) ;
#82 = DIRECTION ( 'NONE',  ( -0.000000000000000000, -0.000000000000000000, 1.000000000000000000 ) ) ;
#83 = CARTESIAN_POINT ( 'NONE',  ( 44.14999999999990621, -234.5000000000000000, 21.55000000000004334 ) ) ;
#84 = DIRECTION ( 'NONE',  ( 0.000000000000000000, -1.000000000000000000, 0.000000000000000000 ) ) ;
#85 =( NAMED_UNIT ( * ) PLANE_ANGLE_UNIT ( ) SI_UNIT ( $, .RADIAN. ) );
#86 = ORIENTED_EDGE ( 'NONE', *, *, #1691, .F. ) ;
#87 = CARTESIAN_POINT ( 'NONE',  ( -71.84999999999989484, -53.50000000000000000, 8.050000000000000711 ) ) ;
#88 = DIRECTION ( 'NONE',  ( -0.000000000000000000, -1.000000000000000000, -0.000000000000000000 ) ) ;
#89 = EDGE_CURVE ( 'NONE', #2253, #1976, #2784, .T. ) ;
#90 = VECTOR ( 'NONE', #163, 1000.000000000000000 ) ;
#91 = DIRECTION ( 'NONE',  ( 0.000000000000000000, 1.000000000000000000, 0.000000000000000000 ) ) ;
#92 =( NAMED_UNIT ( * ) PLANE_ANGLE_UNIT ( ) SI_UNIT ( $, .RADIAN. ) );
#93 = EDGE_CURVE ( 'NONE', #2447, #2253, #3465, .T. ) ;
#94 = COLOUR_RGB ( '',0.5999999999999999778, 0.1607843137254901800, 0.7529411764705882248 ) ;
#95 = CARTESIAN_POINT ( 'NONE',  ( 0.000000000000000000, 0.000000000000000000, 39.80000000000000426 ) ) ;
#96 = PRESENTATION_STYLE_ASSIGNMENT (( #3518 ) ) ;
#97 = LINE ( 'NONE', #712, #1891 ) ;
#98 = STYLED_ITEM ( 'NONE', ( #2255 ), #995 ) ;
#99 = EDGE_LOOP ( 'NONE', ( #2328, #2528, #81, #2361 ) ) ;
#100 = ORIENTED_EDGE ( 'NONE', *, *, #221, .T. ) ;
#101 = DIRECTION ( 'NONE',  ( 1.000000000000000000, 0.000000000000000000, 0.000000000000000000 ) ) ;
#102 = AXIS2_PLACEMENT_3D ( 'NONE', #169, #3608, #129 ) ;
#103 = EDGE_LOOP ( 'NONE', ( #2759 ) ) ;
#104 = SURFACE_STYLE_FILL_AREA ( #417 ) ;
#105 = ORIENTED_EDGE ( 'NONE', *, *, #3508, .T. ) ;
#106 = STYLED_ITEM ( 'NONE', ( #708 ), #1584 ) ;
#107 = DIRECTION ( 'NONE',  ( 0.000000000000000000, 0.000000000000000000, -1.000000000000000000 ) ) ;
#108 = VECTOR ( 'NONE', #2985, 1000.000000000000000 ) ;
#109 = MECHANICAL_DESIGN_GEOMETRIC_PRESENTATION_REPRESENTATION (  '', ( #3178 ), #2773 ) ;
#110 = SURFACE_SIDE_STYLE ('',( #3260 ) ) ;
#111 = EDGE_CURVE ( 'NONE', #1220, #3615, #217, .T. ) ;
#112 = CARTESIAN_POINT ( 'NONE',  ( -23.89999999999996660, -249.7149660633790802, -7.299999999999998934 ) ) ;
#113 = AXIS2_PLACEMENT_3D ( 'NONE', #1136, #816, #859 ) ;
#114 = PRESENTATION_LAYER_ASSIGNMENT (  '', '', ( #1918 ) ) ;
#115 = CIRCLE ( 'NONE', #304, 3.182247019544436561 ) ;
#116 = ORIENTED_EDGE ( 'NONE', *, *, #3778, .F. ) ;
#117 = FILL_AREA_STYLE_COLOUR ( '', #1321 ) ;
#118 = SURFACE_SIDE_STYLE ('',( #3580 ) ) ;
#119 = ADVANCED_FACE ( 'NONE', ( #462 ), #3152, .F. ) ;
#120 = LINE ( 'NONE', #745, #423 ) ;
#121 = SURFACE_SIDE_STYLE ('',( #498 ) ) ;
#122 = MECHANICAL_DESIGN_GEOMETRIC_PRESENTATION_REPRESENTATION (  '', ( #3714 ), #3515 ) ;
#123 =( GEOMETRIC_REPRESENTATION_CONTEXT ( 3 ) GLOBAL_UNCERTAINTY_ASSIGNED_CONTEXT ( ( #3703 ) ) GLOBAL_UNIT_ASSIGNED_CONTEXT ( ( #2496, #3479, #3172 ) ) REPRESENTATION_CONTEXT ( 'NONE', 'WORKASPACE' ) );
#124 = ORIENTED_EDGE ( 'NONE', *, *, #2599, .F. ) ;
#125 = FILL_AREA_STYLE_COLOUR ( '', #2115 ) ;
#126 = COLOUR_RGB ( '',0.5999999999999999778, 0.1607843137254901800, 0.7529411764705882248 ) ;
#127 = CARTESIAN_POINT ( 'NONE',  ( -61.84999999999989484, -253.5000000000000000, 8.050000000000000711 ) ) ;
#128 = ORIENTED_EDGE ( 'NONE', *, *, #14, .F. ) ;
#129 = DIRECTION ( 'NONE',  ( -1.000000000000000000, 0.000000000000000000, 0.000000000000000000 ) ) ;
#130 = EDGE_LOOP ( 'NONE', ( #2318, #2628, #383, #1894 ) ) ;
#131 = VECTOR ( 'NONE', #3108, 1000.000000000000000 ) ;
#132 = DIRECTION ( 'NONE',  ( -1.000000000000000000, 0.000000000000000000, 0.000000000000000000 ) ) ;
#133 = LINE ( 'NONE', #2091, #30 ) ;
#134 = CARTESIAN_POINT ( 'NONE',  ( -51.84999999999993037, -123.2850339366209198, 14.60000000000000853 ) ) ;
#135 = LINE ( 'NONE', #1392, #1782 ) ;
#136 = PLANE ( 'NONE',  #959 ) ;
#137 = LINE ( 'NONE', #405, #3976 ) ;
#138 = VERTEX_POINT ( 'NONE', #1900 ) ;
#139 = DIRECTION ( 'NONE',  ( 0.000000000000000000, -1.000000000000000000, -2.231155596111649629E-16 ) ) ;
#140 = VERTEX_POINT ( 'NONE', #1555 ) ;
#141 = SURFACE_STYLE_FILL_AREA ( #707 ) ;
#142 = CARTESIAN_POINT ( 'NONE',  ( -68.84999999999993747, -249.7149660633791086, 34.70000000000000995 ) ) ;
#143 = PRESENTATION_STYLE_ASSIGNMENT (( #1764 ) ) ;
#144 = EDGE_CURVE ( 'NONE', #3673, #4106, #2170, .T. ) ;
#145 = ADVANCED_FACE ( 'NONE', ( #2228, #3171 ), #2811, .F. ) ;
#146 = VERTEX_POINT ( 'NONE', #301 ) ;
#147 = EDGE_LOOP ( 'NONE', ( #1701 ) ) ;
#148 = EDGE_CURVE ( 'NONE', #2548, #3389, #904, .T. ) ;
#149 = EDGE_LOOP ( 'NONE', ( #1942, #2613, #2696, #1364, #297 ) ) ;
#150 = SURFACE_SIDE_STYLE ('',( #3043 ) ) ;
#151 = ORIENTED_EDGE ( 'NONE', *, *, #1823, .T. ) ;
#152 = DIRECTION ( 'NONE',  ( 1.000000000000000000, 0.000000000000000000, 0.000000000000000000 ) ) ;
#153 = DIRECTION ( 'NONE',  ( -1.000000000000000000, 0.000000000000000000, 0.000000000000000000 ) ) ;
#154 = FILL_AREA_STYLE_COLOUR ( '', #436 ) ;
#155 =( LENGTH_UNIT ( ) NAMED_UNIT ( * ) SI_UNIT ( .MILLI., .METRE. ) );
#156 = ORIENTED_EDGE ( 'NONE', *, *, #365, .F. ) ;
#157 = ORIENTED_EDGE ( 'NONE', *, *, #1770, .T. ) ;
#158 = CARTESIAN_POINT ( 'NONE',  ( 34.14999999999990621, -57.28503393662091980, 13.80000000000000249 ) ) ;
#159 = LINE ( 'NONE', #1042, #1865 ) ;
#160 = COLOUR_RGB ( '',0.5999999999999999778, 0.1607843137254901800, 0.7529411764705882248 ) ;
#161 = DIRECTION ( 'NONE',  ( -1.000000000000000000, 0.000000000000000000, 0.000000000000000000 ) ) ;
#162 = CARTESIAN_POINT ( 'NONE',  ( -71.84999999999989484, -253.4999999999999432, -7.299999999999998934 ) ) ;
#163 = DIRECTION ( 'NONE',  ( 1.000000000000000000, 0.000000000000000000, 0.000000000000000000 ) ) ;
#164 = MECHANICAL_DESIGN_GEOMETRIC_PRESENTATION_REPRESENTATION (  '', ( #1550 ), #1015 ) ;
#165 = UNCERTAINTY_MEASURE_WITH_UNIT (LENGTH_MEASURE( 1.000000000000000082E-05 ), #2288, 'distance_accuracy_value', 'NONE');
#166 = ORIENTED_EDGE ( 'NONE', *, *, #602, .T. ) ;
#167 = CARTESIAN_POINT ( 'NONE',  ( 21.64999999999989910, -253.5000000000000000, 8.049999999999998934 ) ) ;
#168 = ORIENTED_EDGE ( 'NONE', *, *, #1180, .T. ) ;
#169 = CARTESIAN_POINT ( 'NONE',  ( -13.85000000000000142, -73.50000000000007105, -7.299999999999998934 ) ) ;
#170 = SURFACE_STYLE_FILL_AREA ( #1848 ) ;
#171 = EDGE_CURVE ( 'NONE', #891, #3645, #1400, .T. ) ;
#172 = VERTEX_POINT ( 'NONE', #2068 ) ;
#173 = VECTOR ( 'NONE', #395, 1000.000000000000000 ) ;
#174 = CARTESIAN_POINT ( 'NONE',  ( -5.849999999999926814, -207.2850339366208914, 34.60000000000000853 ) ) ;
#175 = PLANE ( 'NONE',  #2294 ) ;
#176 =( NAMED_UNIT ( * ) PLANE_ANGLE_UNIT ( ) SI_UNIT ( $, .RADIAN. ) );
#177 = PLANE ( 'NONE',  #629 ) ;
#178 = EDGE_CURVE ( 'NONE', #723, #2900, #2100, .T. ) ;
#179 = UNCERTAINTY_MEASURE_WITH_UNIT (LENGTH_MEASURE( 1.000000000000000082E-05 ), #2270, 'distance_accuracy_value', 'NONE');
#180 = ORIENTED_EDGE ( 'NONE', *, *, #3419, .F. ) ;
#181 = UNCERTAINTY_MEASURE_WITH_UNIT (LENGTH_MEASURE( 1.000000000000000082E-05 ), #1064, 'distance_accuracy_value', 'NONE');
#182 = DIRECTION ( 'NONE',  ( 0.000000000000000000, 2.231155596111649629E-16, -1.000000000000000000 ) ) ;
#183 = AXIS2_PLACEMENT_3D ( 'NONE', #3420, #2801, #248 ) ;
#184 =( GEOMETRIC_REPRESENTATION_CONTEXT ( 3 ) GLOBAL_UNCERTAINTY_ASSIGNED_CONTEXT ( ( #832 ) ) GLOBAL_UNIT_ASSIGNED_CONTEXT ( ( #1953, #911, #56 ) ) REPRESENTATION_CONTEXT ( 'NONE', 'WORKASPACE' ) );
#185 = CARTESIAN_POINT ( 'NONE',  ( -71.84999999999989484, -253.5000000000000000, 0.000000000000000000 ) ) ;
#186 = VECTOR ( 'NONE', #82, 1000.000000000000000 ) ;
#187 = CARTESIAN_POINT ( 'NONE',  ( 44.14999999999990621, -53.50000000000000000, -7.299999999999998934 ) ) ;
#188 = ORIENTED_EDGE ( 'NONE', *, *, #3932, .F. ) ;
#189 = DIRECTION ( 'NONE',  ( -0.000000000000000000, -1.000000000000000000, -0.000000000000000000 ) ) ;
#190 = CARTESIAN_POINT ( 'NONE',  ( -3.799999999999998046, 6.500000000000005329, 18.70000000000001350 ) ) ;
#191 = STYLED_ITEM ( 'NONE', ( #8 ), #3016 ) ;
#192 = VECTOR ( 'NONE', #2012, 1000.000000000000000 ) ;
#193 = AXIS2_PLACEMENT_3D ( 'NONE', #4041, #902, #3413 ) ;
#194 = EDGE_CURVE ( 'NONE', #2058, #359, #456, .T. ) ;
#195 = APPLICATION_CONTEXT ( 'automotive_design' ) ;
#196 = DIRECTION ( 'NONE',  ( 0.7071067811865496822, -0.000000000000000000, 0.7071067811865453523 ) ) ;
#197 = DIRECTION ( 'NONE',  ( -1.000000000000000000, 0.000000000000000000, 0.000000000000000000 ) ) ;
#198 = VECTOR ( 'NONE', #2933, 1000.000000000000000 ) ;
#199 = VECTOR ( 'NONE', #3146, 1000.000000000000000 ) ;
#200 = DIRECTION ( 'NONE',  ( 0.000000000000000000, 0.000000000000000000, -1.000000000000000000 ) ) ;
#201 = DIRECTION ( 'NONE',  ( -1.000000000000000000, -0.000000000000000000, -0.000000000000000000 ) ) ;
#202 = ORIENTED_EDGE ( 'NONE', *, *, #2408, .T. ) ;
#203 = ORIENTED_EDGE ( 'NONE', *, *, #516, .T. ) ;
#204 = CARTESIAN_POINT ( 'NONE',  ( -49.34999999999989484, 49.50000000000004263, 13.80000000000000249 ) ) ;
#205 = FILL_AREA_STYLE_COLOUR ( '', #894 ) ;
#206 = UNCERTAINTY_MEASURE_WITH_UNIT (LENGTH_MEASURE( 1.000000000000000082E-05 ), #3376, 'distance_accuracy_value', 'NONE');
#207 = ORIENTED_EDGE ( 'NONE', *, *, #1309, .F. ) ;
#208 = CARTESIAN_POINT ( 'NONE',  ( -3.800000000000035350, -57.28503393662091980, -7.299999999999998934 ) ) ;
#209 = DIRECTION ( 'NONE',  ( -1.000000000000000000, 0.000000000000000000, 0.000000000000000000 ) ) ;
#210 = PRESENTATION_STYLE_ASSIGNMENT (( #1554 ) ) ;
#211 = PRESENTATION_STYLE_ASSIGNMENT (( #2382 ) ) ;
#212 = SURFACE_SIDE_STYLE ('',( #3072 ) ) ;
#213 = UNCERTAINTY_MEASURE_WITH_UNIT (LENGTH_MEASURE( 1.000000000000000082E-05 ), #2719, 'distance_accuracy_value', 'NONE');
#214 = ORIENTED_EDGE ( 'NONE', *, *, #555, .T. ) ;
#215 = LINE ( 'NONE', #1193, #763 ) ;
#216 = EDGE_CURVE ( 'NONE', #3630, #1573, #2692, .T. ) ;
#217 = LINE ( 'NONE', #3736, #4010 ) ;
#218 = DIRECTION ( 'NONE',  ( 0.7071067811865455743, 0.000000000000000000, -0.7071067811865493491 ) ) ;
#219 = EDGE_LOOP ( 'NONE', ( #4039, #202, #26, #1323 ) ) ;
#220 = VECTOR ( 'NONE', #3913, 1000.000000000000000 ) ;
#221 = EDGE_CURVE ( 'NONE', #2717, #2717, #3481, .T. ) ;
#222 = ORIENTED_EDGE ( 'NONE', *, *, #2812, .T. ) ;
#223 = ORIENTED_EDGE ( 'NONE', *, *, #1742, .T. ) ;
#224 = PLANE ( 'NONE',  #572 ) ;
#225 = COLOUR_RGB ( '',0.5999999999999999778, 0.1607843137254901800, 0.7529411764705882248 ) ;
#226 = FILL_AREA_STYLE ('',( #1879 ) ) ;
#227 = DIRECTION ( 'NONE',  ( 0.000000000000000000, 0.000000000000000000, 1.000000000000000000 ) ) ;
#228 = COLOUR_RGB ( '',0.5999999999999999778, 0.1607843137254901800, 0.7529411764705882248 ) ;
#229 = DIRECTION ( 'NONE',  ( 1.000000000000000000, 0.000000000000000000, 0.000000000000000000 ) ) ;
#230 =( GEOMETRIC_REPRESENTATION_CONTEXT ( 3 ) GLOBAL_UNCERTAINTY_ASSIGNED_CONTEXT ( ( #2714 ) ) GLOBAL_UNIT_ASSIGNED_CONTEXT ( ( #2265, #1892, #1594 ) ) REPRESENTATION_CONTEXT ( 'NONE', 'WORKASPACE' ) );
#231 = EDGE_CURVE ( 'NONE', #2720, #440, #792, .T. ) ;
#232 = FILL_AREA_STYLE ('',( #2392 ) ) ;
#233 =( NAMED_UNIT ( * ) SI_UNIT ( $, .STERADIAN. ) SOLID_ANGLE_UNIT ( ) );
#234 = EDGE_LOOP ( 'NONE', ( #2660 ) ) ;
#235 = VECTOR ( 'NONE', #3522, 1000.000000000000000 ) ;
#236 = FACE_BOUND ( 'NONE', #3310, .T. ) ;
#237 = COLOUR_RGB ( '',0.5999999999999999778, 0.1607843137254901800, 0.7529411764705882248 ) ;
#238 = CARTESIAN_POINT ( 'NONE',  ( -13.85000000000000675, -249.7149660633790802, -1.399999999999991473 ) ) ;
#239 =( GEOMETRIC_REPRESENTATION_CONTEXT ( 3 ) GLOBAL_UNCERTAINTY_ASSIGNED_CONTEXT ( ( #2693 ) ) GLOBAL_UNIT_ASSIGNED_CONTEXT ( ( #1529, #254, #1233 ) ) REPRESENTATION_CONTEXT ( 'NONE', 'WORKASPACE' ) );
#240 = ORIENTED_EDGE ( 'NONE', *, *, #3880, .F. ) ;
#241 =( GEOMETRIC_REPRESENTATION_CONTEXT ( 3 ) GLOBAL_UNCERTAINTY_ASSIGNED_CONTEXT ( ( #1800 ) ) GLOBAL_UNIT_ASSIGNED_CONTEXT ( ( #1686, #2988, #2024 ) ) REPRESENTATION_CONTEXT ( 'NONE', 'WORKASPACE' ) );
#242 = CARTESIAN_POINT ( 'NONE',  ( 0.000000000000000000, -253.5000000000000000, 36.80000000000008953 ) ) ;
#243 = STYLED_ITEM ( 'NONE', ( #1609 ), #2278 ) ;
#244 = CARTESIAN_POINT ( 'NONE',  ( 41.14999999999987068, -250.5000000000001137, 39.80000000000000426 ) ) ;
#245 = FILL_AREA_STYLE ('',( #1162 ) ) ;
#246 = COLOUR_RGB ( '',0.5999999999999999778, 0.1607843137254901800, 0.7529411764705882248 ) ;
#247 = CARTESIAN_POINT ( 'NONE',  ( 1.661364523012600500E-16, -43.50000000000000000, -1.399999999999988809 ) ) ;
#248 = DIRECTION ( 'NONE',  ( 0.000000000000000000, 0.000000000000000000, 1.000000000000000000 ) ) ;
#249 = AXIS2_PLACEMENT_3D ( 'NONE', #95, #2944, #3929 ) ;
#250 = CARTESIAN_POINT ( 'NONE',  ( -9.149999999999925748, -207.2850339366208914, 34.60000000000000853 ) ) ;
#251 = PRESENTATION_STYLE_ASSIGNMENT (( #869 ) ) ;
#252 = DIRECTION ( 'NONE',  ( -0.000000000000000000, -0.000000000000000000, 1.000000000000000000 ) ) ;
#253 = ORIENTED_EDGE ( 'NONE', *, *, #4082, .T. ) ;
#254 =( NAMED_UNIT ( * ) PLANE_ANGLE_UNIT ( ) SI_UNIT ( $, .RADIAN. ) );
#255 = PLANE ( 'NONE',  #3521 ) ;
#256 = PRESENTATION_STYLE_ASSIGNMENT (( #3134 ) ) ;
#257 = LINE ( 'NONE', #3148, #1959 ) ;
#258 = EDGE_CURVE ( 'NONE', #1677, #586, #814, .T. ) ;
#259 = ORIENTED_EDGE ( 'NONE', *, *, #3405, .F. ) ;
#260 = LINE ( 'NONE', #3709, #1318 ) ;
#261 = PLANE ( 'NONE',  #2685 ) ;
#262 = ORIENTED_EDGE ( 'NONE', *, *, #2205, .T. ) ;
#263 = VERTEX_POINT ( 'NONE', #3035 ) ;
#264 = PRESENTATION_STYLE_ASSIGNMENT (( #949 ) ) ;
#265 = DIRECTION ( 'NONE',  ( -1.000000000000000000, 0.000000000000000000, -0.000000000000000000 ) ) ;
#266 =( NAMED_UNIT ( * ) SI_UNIT ( $, .STERADIAN. ) SOLID_ANGLE_UNIT ( ) );
#267 = DIRECTION ( 'NONE',  ( 0.000000000000000000, -0.000000000000000000, 1.000000000000000000 ) ) ;
#268 = ORIENTED_EDGE ( 'NONE', *, *, #587, .T. ) ;
#269 = LINE ( 'NONE', #2159, #1545 ) ;
#270 =( LENGTH_UNIT ( ) NAMED_UNIT ( * ) SI_UNIT ( .MILLI., .METRE. ) );
#271 = SURFACE_SIDE_STYLE ('',( #2542 ) ) ;
#272 = CARTESIAN_POINT ( 'NONE',  ( -68.84999999999990905, -57.28503393662091980, 131.3520992523448001 ) ) ;
#273 = DIRECTION ( 'NONE',  ( -0.000000000000000000, -0.000000000000000000, 1.000000000000000000 ) ) ;
#274 =( GEOMETRIC_REPRESENTATION_CONTEXT ( 3 ) GLOBAL_UNCERTAINTY_ASSIGNED_CONTEXT ( ( #1185 ) ) GLOBAL_UNIT_ASSIGNED_CONTEXT ( ( #2921, #352, #828 ) ) REPRESENTATION_CONTEXT ( 'NONE', 'WORKASPACE' ) );
#275 = ORIENTED_EDGE ( 'NONE', *, *, #2363, .T. ) ;
#276 = DIRECTION ( 'NONE',  ( 0.000000000000000000, -1.000000000000000000, 0.000000000000000000 ) ) ;
#277 = SURFACE_STYLE_FILL_AREA ( #226 ) ;
#278 = EDGE_CURVE ( 'NONE', #2253, #718, #3991, .T. ) ;
#279 = VERTEX_POINT ( 'NONE', #2411 ) ;
#280 = SURFACE_STYLE_USAGE ( .BOTH. , #1863 ) ;
#281 = COLOUR_RGB ( '',0.5999999999999999778, 0.1607843137254901800, 0.7529411764705882248 ) ;
#282 = MECHANICAL_DESIGN_GEOMETRIC_PRESENTATION_REPRESENTATION (  '', ( #1618 ), #1354 ) ;
#283 = EDGE_CURVE ( 'NONE', #397, #3358, #3604, .T. ) ;
#284 = DIRECTION ( 'NONE',  ( -1.000000000000000000, 0.000000000000000000, -3.452186021844392414E-16 ) ) ;
#285 = FILL_AREA_STYLE_COLOUR ( '', #2243 ) ;
#286 = PRESENTATION_LAYER_ASSIGNMENT (  '', '', ( #2360 ) ) ;
#287 = PLANE ( 'NONE',  #3702 ) ;
#288 =( NAMED_UNIT ( * ) PLANE_ANGLE_UNIT ( ) SI_UNIT ( $, .RADIAN. ) );
#289 = ORIENTED_EDGE ( 'NONE', *, *, #303, .T. ) ;
#290 = COLOUR_RGB ( '',0.5999999999999999778, 0.1607843137254901800, 0.7529411764705882248 ) ;
#291 = ORIENTED_EDGE ( 'NONE', *, *, #1853, .F. ) ;
#292 = VECTOR ( 'NONE', #3206, 1000.000000000000000 ) ;
#293 = DIRECTION ( 'NONE',  ( -0.7071067811865496822, -0.000000000000000000, -0.7071067811865453523 ) ) ;
#294 = DIRECTION ( 'NONE',  ( -1.000000000000000000, 0.000000000000000000, 0.000000000000000000 ) ) ;
#295 = AXIS2_PLACEMENT_3D ( 'NONE', #3770, #3581, #2655 ) ;
#296 = COLOUR_RGB ( '',0.5999999999999999778, 0.1607843137254901800, 0.7529411764705882248 ) ;
#297 = ORIENTED_EDGE ( 'NONE', *, *, #2357, .T. ) ;
#298 = ORIENTED_EDGE ( 'NONE', *, *, #1459, .F. ) ;
#299 = EDGE_LOOP ( 'NONE', ( #1830, #2055, #3070, #3042 ) ) ;
#300 =( LENGTH_UNIT ( ) NAMED_UNIT ( * ) SI_UNIT ( .MILLI., .METRE. ) );
#301 = CARTESIAN_POINT ( 'NONE',  ( 41.14999999999987779, -234.5000000000000000, 21.55000000000004334 ) ) ;
#302 = VECTOR ( 'NONE', #1508, 1000.000000000000000 ) ;
#303 = EDGE_CURVE ( 'NONE', #1746, #3742, #728, .T. ) ;
#304 = AXIS2_PLACEMENT_3D ( 'NONE', #907, #284, #306 ) ;
#305 = FACE_OUTER_BOUND ( 'NONE', #2398, .T. ) ;
#306 = DIRECTION ( 'NONE',  ( 0.000000000000000000, 0.000000000000000000, 1.000000000000000000 ) ) ;
#307 = DIRECTION ( 'NONE',  ( 1.186688945009009831E-16, 0.000000000000000000, -1.000000000000000000 ) ) ;
#308 = AXIS2_PLACEMENT_3D ( 'NONE', #956, #381, #2283 ) ;
#309 = PRESENTATION_LAYER_ASSIGNMENT (  '', '', ( #3442 ) ) ;
#310 = EDGE_CURVE ( 'NONE', #523, #917, #2013, .T. ) ;
#311 = EDGE_CURVE ( 'NONE', #1220, #2557, #968, .T. ) ;
#312 = AXIS2_PLACEMENT_3D ( 'NONE', #3873, #656, #2207 ) ;
#313 = VERTEX_POINT ( 'NONE', #1936 ) ;
#314 = DIRECTION ( 'NONE',  ( 1.000000000000000000, 0.000000000000000000, -1.334402673828312846E-16 ) ) ;
#315 = STYLED_ITEM ( 'NONE', ( #2103 ), #3785 ) ;
#316 = ORIENTED_EDGE ( 'NONE', *, *, #458, .T. ) ;
#317 = EDGE_CURVE ( 'NONE', #4049, #4056, #3544, .T. ) ;
#318 = VERTEX_POINT ( 'NONE', #2576 ) ;
#319 = AXIS2_PLACEMENT_3D ( 'NONE', #2369, #3642, #766 ) ;
#320 = ORIENTED_EDGE ( 'NONE', *, *, #4004, .T. ) ;
#321 = DIRECTION ( 'NONE',  ( 1.000000000000000000, 0.000000000000000000, -1.726093010922196207E-16 ) ) ;
#322 = SURFACE_STYLE_USAGE ( .BOTH. , #2284 ) ;
#323 = EDGE_LOOP ( 'NONE', ( #1236 ) ) ;
#324 = DIRECTION ( 'NONE',  ( -1.000000000000000000, 0.000000000000000000, 0.000000000000000000 ) ) ;
#325 = ORIENTED_EDGE ( 'NONE', *, *, #2105, .T. ) ;
#326 = SURFACE_SIDE_STYLE ('',( #3197 ) ) ;
#327 = DIRECTION ( 'NONE',  ( 1.000000000000000000, 0.000000000000000000, 1.334402673828312846E-16 ) ) ;
#328 = ORIENTED_EDGE ( 'NONE', *, *, #3859, .T. ) ;
#329 = DIRECTION ( 'NONE',  ( -0.000000000000000000, -2.231155596111649629E-16, 1.000000000000000000 ) ) ;
#330 = FACE_OUTER_BOUND ( 'NONE', #795, .T. ) ;
#331 = ORIENTED_EDGE ( 'NONE', *, *, #2940, .F. ) ;
#332 = CARTESIAN_POINT ( 'NONE',  ( -61.84999999999989484, -53.49999999999999289, 13.80000000000000071 ) ) ;
#333 =( LENGTH_UNIT ( ) NAMED_UNIT ( * ) SI_UNIT ( .MILLI., .METRE. ) );
#334 = SURFACE_STYLE_FILL_AREA ( #353 ) ;
#335 = DIRECTION ( 'NONE',  ( 1.000000000000000000, 0.000000000000000000, 0.000000000000000000 ) ) ;
#336 = LINE ( 'NONE', #3777, #2626 ) ;
#337 = EDGE_CURVE ( 'NONE', #790, #3899, #3857, .T. ) ;
#338 = UNCERTAINTY_MEASURE_WITH_UNIT (LENGTH_MEASURE( 1.000000000000000082E-05 ), #1108, 'distance_accuracy_value', 'NONE');
#339 = SURFACE_STYLE_USAGE ( .BOTH. , #2882 ) ;
#340 =( NAMED_UNIT ( * ) PLANE_ANGLE_UNIT ( ) SI_UNIT ( $, .RADIAN. ) );
#341 = FILL_AREA_STYLE ('',( #687 ) ) ;
#342 = VERTEX_POINT ( 'NONE', #1008 ) ;
#343 = PLANE ( 'NONE',  #2388 ) ;
#344 = CARTESIAN_POINT ( 'NONE',  ( 21.64999999999989910, -249.7149660633791086, 13.79999999999999893 ) ) ;
#345 = VECTOR ( 'NONE', #1598, 1000.000000000000114 ) ;
#346 = UNCERTAINTY_MEASURE_WITH_UNIT (LENGTH_MEASURE( 1.000000000000000082E-05 ), #1031, 'distance_accuracy_value', 'NONE');
#347 = CYLINDRICAL_SURFACE ( 'NONE', #3416, 2.549999999999998490 ) ;
#348 = MECHANICAL_DESIGN_GEOMETRIC_PRESENTATION_REPRESENTATION (  '', ( #3689 ), #874 ) ;
#349 = SURFACE_STYLE_FILL_AREA ( #3546 ) ;
#350 = ORIENTED_EDGE ( 'NONE', *, *, #1536, .F. ) ;
#351 = LINE ( 'NONE', #3901, #1313 ) ;
#352 =( NAMED_UNIT ( * ) PLANE_ANGLE_UNIT ( ) SI_UNIT ( $, .RADIAN. ) );
#353 = FILL_AREA_STYLE ('',( #3840 ) ) ;
#354 = VECTOR ( 'NONE', #3810, 1000.000000000000000 ) ;
#355 = DIRECTION ( 'NONE',  ( -0.7071067811865453523, -0.000000000000000000, 0.7071067811865496822 ) ) ;
#356 = ORIENTED_EDGE ( 'NONE', *, *, #2524, .T. ) ;
#357 = PRESENTATION_LAYER_ASSIGNMENT (  '', '', ( #98 ) ) ;
#358 = ADVANCED_FACE ( 'NONE', ( #3234, #2271 ), #1663, .T. ) ;
#359 = VERTEX_POINT ( 'NONE', #717 ) ;
#360 = DIRECTION ( 'NONE',  ( 0.000000000000000000, -1.000000000000000000, 0.000000000000000000 ) ) ;
#361 = PRESENTATION_LAYER_ASSIGNMENT (  '', '', ( #3031 ) ) ;
#362 =( NAMED_UNIT ( * ) PLANE_ANGLE_UNIT ( ) SI_UNIT ( $, .RADIAN. ) );
#363 = FILL_AREA_STYLE_COLOUR ( '', #3886 ) ;
#364 = EDGE_LOOP ( 'NONE', ( #350 ) ) ;
#365 = EDGE_CURVE ( 'NONE', #2900, #3906, #1680, .T. ) ;
#366 = SURFACE_STYLE_USAGE ( .BOTH. , #3230 ) ;
#367 = MECHANICAL_DESIGN_GEOMETRIC_PRESENTATION_REPRESENTATION (  '', ( #4092 ), #2307 ) ;
#368 = FILL_AREA_STYLE_COLOUR ( '', #2161 ) ;
#369 = VECTOR ( 'NONE', #521, 1000.000000000000000 ) ;
#370 =( LENGTH_UNIT ( ) NAMED_UNIT ( * ) SI_UNIT ( .MILLI., .METRE. ) );
#371 = LINE ( 'NONE', #2919, #1178 ) ;
#372 = CARTESIAN_POINT ( 'NONE',  ( -51.84999999999993037, -123.2850339366209198, 30.60000000000000853 ) ) ;
#373 = FILL_AREA_STYLE ('',( #2276 ) ) ;
#374 = CARTESIAN_POINT ( 'NONE',  ( -49.34999999999989484, -57.28503393662091980, 13.80000000000000249 ) ) ;
#375 = VECTOR ( 'NONE', #1990, 1000.000000000000000 ) ;
#376 = MECHANICAL_DESIGN_GEOMETRIC_PRESENTATION_REPRESENTATION (  '', ( #3050 ), #3505 ) ;
#377 =( LENGTH_UNIT ( ) NAMED_UNIT ( * ) SI_UNIT ( .MILLI., .METRE. ) );
#378 = MECHANICAL_DESIGN_GEOMETRIC_PRESENTATION_REPRESENTATION (  '', ( #706 ), #1245 ) ;
#379 = DIRECTION ( 'NONE',  ( 0.000000000000000000, 0.000000000000000000, 1.000000000000000000 ) ) ;
#380 = MECHANICAL_DESIGN_GEOMETRIC_PRESENTATION_REPRESENTATION (  '', ( #2326 ), #1932 ) ;
#381 = DIRECTION ( 'NONE',  ( -1.000000000000000000, 0.000000000000000000, -3.452186021844392414E-16 ) ) ;
#382 = CARTESIAN_POINT ( 'NONE',  ( 10.15000000000000568, -53.50000000000000711, 36.79999999999991189 ) ) ;
#383 = ORIENTED_EDGE ( 'NONE', *, *, #996, .T. ) ;
#384 =( LENGTH_UNIT ( ) NAMED_UNIT ( * ) SI_UNIT ( .MILLI., .METRE. ) );
#385 = CARTESIAN_POINT ( 'NONE',  ( 34.14999999999990621, -249.7149660633791086, 13.80000000000000249 ) ) ;
#386 = SURFACE_STYLE_USAGE ( .BOTH. , #3565 ) ;
#387 = EDGE_CURVE ( 'NONE', #3330, #654, #2230, .T. ) ;
#388 = FACE_OUTER_BOUND ( 'NONE', #2752, .T. ) ;
#389 = LINE ( 'NONE', #2327, #2572 ) ;
#390 = PLANE ( 'NONE',  #3843 ) ;
#391 = ORIENTED_EDGE ( 'NONE', *, *, #1749, .T. ) ;
#392 = FILL_AREA_STYLE ('',( #125 ) ) ;
#393 = VERTEX_POINT ( 'NONE', #3629 ) ;
#394 =( NAMED_UNIT ( * ) SI_UNIT ( $, .STERADIAN. ) SOLID_ANGLE_UNIT ( ) );
#395 = DIRECTION ( 'NONE',  ( 0.000000000000000000, -0.000000000000000000, 1.000000000000000000 ) ) ;
#396 = DIRECTION ( 'NONE',  ( 0.000000000000000000, 0.000000000000000000, -1.000000000000000000 ) ) ;
#397 = VERTEX_POINT ( 'NONE', #2046 ) ;
#398 = EDGE_CURVE ( 'NONE', #3982, #2813, #779, .T. ) ;
#399 = PRESENTATION_STYLE_ASSIGNMENT (( #2072 ) ) ;
#400 = CARTESIAN_POINT ( 'NONE',  ( -23.90000000000000924, -263.5000000000000000, 18.70000000000000995 ) ) ;
#401 = LINE ( 'NONE', #3294, #435 ) ;
#402 = SURFACE_STYLE_USAGE ( .BOTH. , #1014 ) ;
#403 = VECTOR ( 'NONE', #899, 1000.000000000000000 ) ;
#404 = ADVANCED_FACE ( 'NONE', ( #2085 ), #754, .F. ) ;
#405 = CARTESIAN_POINT ( 'NONE',  ( -49.34999999999989484, 49.50000000000004263, 8.050000000000000711 ) ) ;
#406 = ORIENTED_EDGE ( 'NONE', *, *, #2663, .F. ) ;
#407 =( NAMED_UNIT ( * ) SI_UNIT ( $, .STERADIAN. ) SOLID_ANGLE_UNIT ( ) );
#408 =( NAMED_UNIT ( * ) PLANE_ANGLE_UNIT ( ) SI_UNIT ( $, .RADIAN. ) );
#409 = CARTESIAN_POINT ( 'NONE',  ( 41.14999999999987068, 0.000000000000000000, 39.80000000000000426 ) ) ;
#410 = CARTESIAN_POINT ( 'NONE',  ( -37.85000000000000142, -263.5000000000000000, -24.20000000000001350 ) ) ;
#411 = PLANE ( 'NONE',  #308 ) ;
#412 = CARTESIAN_POINT ( 'NONE',  ( -71.84999999999989484, -53.50000000000000000, -7.299999999999998934 ) ) ;
#413 = EDGE_LOOP ( 'NONE', ( #2870, #4076, #3804, #3246 ) ) ;
#414 = FILL_AREA_STYLE ('',( #3265 ) ) ;
#415 = AXIS2_PLACEMENT_3D ( 'NONE', #1090, #1730, #3650 ) ;
#416 = EDGE_LOOP ( 'NONE', ( #128 ) ) ;
#417 = FILL_AREA_STYLE ('',( #778 ) ) ;
#418 = ORIENTED_EDGE ( 'NONE', *, *, #2003, .F. ) ;
#419 = AXIS2_PLACEMENT_3D ( 'NONE', #3784, #2202, #1255 ) ;
#420 = FACE_BOUND ( 'NONE', #2126, .T. ) ;
#421 = SURFACE_STYLE_USAGE ( .BOTH. , #1012 ) ;
#422 = FACE_OUTER_BOUND ( 'NONE', #416, .T. ) ;
#423 = VECTOR ( 'NONE', #3892, 1000.000000000000000 ) ;
#424 = DIRECTION ( 'NONE',  ( 1.000000000000000000, -0.000000000000000000, -0.000000000000000000 ) ) ;
#425 = ORIENTED_EDGE ( 'NONE', *, *, #1494, .F. ) ;
#426 = FILL_AREA_STYLE_COLOUR ( '', #2905 ) ;
#427 =( GEOMETRIC_REPRESENTATION_CONTEXT ( 3 ) GLOBAL_UNCERTAINTY_ASSIGNED_CONTEXT ( ( #1450 ) ) GLOBAL_UNIT_ASSIGNED_CONTEXT ( ( #1741, #4030, #3346 ) ) REPRESENTATION_CONTEXT ( 'NONE', 'WORKASPACE' ) );
#428 = EDGE_CURVE ( 'NONE', #1264, #3742, #1061, .T. ) ;
#429 = EDGE_CURVE ( 'NONE', #1842, #1746, #2791, .T. ) ;
#430 = STYLED_ITEM ( 'NONE', ( #3792 ), #2313 ) ;
#431 =( NAMED_UNIT ( * ) SI_UNIT ( $, .STERADIAN. ) SOLID_ANGLE_UNIT ( ) );
#432 = FILL_AREA_STYLE_COLOUR ( '', #2311 ) ;
#433 = EDGE_CURVE ( 'NONE', #1510, #718, #2461, .T. ) ;
#434 = DIRECTION ( 'NONE',  ( -1.000000000000000000, 0.000000000000000000, -1.387778780781445182E-16 ) ) ;
#435 = VECTOR ( 'NONE', #2298, 1000.000000000000000 ) ;
#436 = COLOUR_RGB ( '',0.5999999999999999778, 0.1607843137254901800, 0.7529411764705882248 ) ;
#437 = VERTEX_POINT ( 'NONE', #4062 ) ;
#438 = CARTESIAN_POINT ( 'NONE',  ( 1.199999999999999067, -82.28503393662093401, -37.81245647272603350 ) ) ;
#439 = VECTOR ( 'NONE', #3259, 1000.000000000000000 ) ;
#440 = VERTEX_POINT ( 'NONE', #3745 ) ;
#441 =( LENGTH_UNIT ( ) NAMED_UNIT ( * ) SI_UNIT ( .MILLI., .METRE. ) );
#442 = ORIENTED_EDGE ( 'NONE', *, *, #582, .F. ) ;
#443 = COLOUR_RGB ( '',0.5999999999999999778, 0.1607843137254901800, 0.7529411764705882248 ) ;
#444 = FACE_OUTER_BOUND ( 'NONE', #3496, .T. ) ;
#445 = COLOUR_RGB ( '',0.5999999999999999778, 0.1607843137254901800, 0.7529411764705882248 ) ;
#446 = DIRECTION ( 'NONE',  ( 0.000000000000000000, -1.000000000000000000, 0.000000000000000000 ) ) ;
#447 =( NAMED_UNIT ( * ) PLANE_ANGLE_UNIT ( ) SI_UNIT ( $, .RADIAN. ) );
#448 = SURFACE_STYLE_FILL_AREA ( #3027 ) ;
#449 = UNCERTAINTY_MEASURE_WITH_UNIT (LENGTH_MEASURE( 1.000000000000000082E-05 ), #3864, 'distance_accuracy_value', 'NONE');
#450 = LINE ( 'NONE', #1739, #1174 ) ;
#451 = EDGE_CURVE ( 'NONE', #1264, #2286, #1199, .T. ) ;
#452 = SURFACE_STYLE_USAGE ( .BOTH. , #1977 ) ;
#453 =( NAMED_UNIT ( * ) SI_UNIT ( $, .STERADIAN. ) SOLID_ANGLE_UNIT ( ) );
#454 =( LENGTH_UNIT ( ) NAMED_UNIT ( * ) SI_UNIT ( .MILLI., .METRE. ) );
#455 = EDGE_LOOP ( 'NONE', ( #214 ) ) ;
#456 = LINE ( 'NONE', #412, #4075 ) ;
#457 = SURFACE_SIDE_STYLE ('',( #794 ) ) ;
#458 = EDGE_CURVE ( 'NONE', #934, #1842, #4037, .T. ) ;
#459 = ORIENTED_EDGE ( 'NONE', *, *, #481, .F. ) ;
#460 = FACE_OUTER_BOUND ( 'NONE', #803, .T. ) ;
#461 = EDGE_LOOP ( 'NONE', ( #3338, #4029, #1937, #1896 ) ) ;
#462 = FACE_OUTER_BOUND ( 'NONE', #2312, .T. ) ;
#463 =( NAMED_UNIT ( * ) PLANE_ANGLE_UNIT ( ) SI_UNIT ( $, .RADIAN. ) );
#464 = SURFACE_STYLE_USAGE ( .BOTH. , #484 ) ;
#465 =( NAMED_UNIT ( * ) SI_UNIT ( $, .STERADIAN. ) SOLID_ANGLE_UNIT ( ) );
#466 = ORIENTED_EDGE ( 'NONE', *, *, #93, .F. ) ;
#467 = LINE ( 'NONE', #804, #3647 ) ;
#468 = VECTOR ( 'NONE', #1700, 1000.000000000000000 ) ;
#469 = CARTESIAN_POINT ( 'NONE',  ( 10.15000000000000568, -53.50000000000000711, -24.20000000000001350 ) ) ;
#470 = AXIS2_PLACEMENT_3D ( 'NONE', #3112, #877, #1811 ) ;
#471 = CARTESIAN_POINT ( 'NONE',  ( -49.34999999999989484, -57.28503393662091980, 0.000000000000000000 ) ) ;
#472 = FILL_AREA_STYLE ('',( #3345 ) ) ;
#473 = EDGE_CURVE ( 'NONE', #3722, #3722, #3751, .T. ) ;
#474 =( GEOMETRIC_REPRESENTATION_CONTEXT ( 3 ) GLOBAL_UNCERTAINTY_ASSIGNED_CONTEXT ( ( #3529 ) ) GLOBAL_UNIT_ASSIGNED_CONTEXT ( ( #3545, #3504, #2938 ) ) REPRESENTATION_CONTEXT ( 'NONE', 'WORKASPACE' ) );
#475 = UNCERTAINTY_MEASURE_WITH_UNIT (LENGTH_MEASURE( 1.000000000000000082E-05 ), #2857, 'distance_accuracy_value', 'NONE');
#476 = SURFACE_SIDE_STYLE ('',( #860 ) ) ;
#477 = CARTESIAN_POINT ( 'NONE',  ( 0.000000000000000000, -250.5000000000001137, 39.80000000000000426 ) ) ;
#478 = MECHANICAL_DESIGN_GEOMETRIC_PRESENTATION_REPRESENTATION (  '', ( #3096 ), #1283 ) ;
#479 = SURFACE_STYLE_USAGE ( .BOTH. , #1092 ) ;
#480 = EDGE_LOOP ( 'NONE', ( #2677 ) ) ;
#481 = EDGE_CURVE ( 'NONE', #1573, #1888, #3765, .T. ) ;
#482 = DIRECTION ( 'NONE',  ( -0.000000000000000000, -1.000000000000000000, -0.000000000000000000 ) ) ;
#483 = CARTESIAN_POINT ( 'NONE',  ( -23.90000000000000213, -263.5000000000000000, -1.399999999999991473 ) ) ;
#484 = SURFACE_SIDE_STYLE ('',( #1735 ) ) ;
#485 = VECTOR ( 'NONE', #209, 1000.000000000000000 ) ;
#486 = CARTESIAN_POINT ( 'NONE',  ( 21.64999999999989910, 49.50000000000004263, 8.049999999999998934 ) ) ;
#487 = EDGE_LOOP ( 'NONE', ( #1921 ) ) ;
#488 = AXIS2_PLACEMENT_3D ( 'NONE', #3897, #1346, #694 ) ;
#489 = UNCERTAINTY_MEASURE_WITH_UNIT (LENGTH_MEASURE( 1.000000000000000082E-05 ), #3856, 'distance_accuracy_value', 'NONE');
#490 = EDGE_LOOP ( 'NONE', ( #2700 ) ) ;
#491 = CARTESIAN_POINT ( 'NONE',  ( 10.15000000000000568, -263.5000000000000000, 26.80000000000001847 ) ) ;
#492 = AXIS2_PLACEMENT_3D ( 'NONE', #3881, #3614, #2962 ) ;
#493 = PRESENTATION_STYLE_ASSIGNMENT (( #807 ) ) ;
#494 =( GEOMETRIC_REPRESENTATION_CONTEXT ( 3 ) GLOBAL_UNCERTAINTY_ASSIGNED_CONTEXT ( ( #1415 ) ) GLOBAL_UNIT_ASSIGNED_CONTEXT ( ( #3081, #1171, #233 ) ) REPRESENTATION_CONTEXT ( 'NONE', 'WORKASPACE' ) );
#495 = PRESENTATION_STYLE_ASSIGNMENT (( #3965 ) ) ;
#496 = COLOUR_RGB ( '',0.5999999999999999778, 0.1607843137254901800, 0.7529411764705882248 ) ;
#497 = FACE_OUTER_BOUND ( 'NONE', #2203, .T. ) ;
#498 = SURFACE_STYLE_FILL_AREA ( #2067 ) ;
#499 = ORIENTED_EDGE ( 'NONE', *, *, #1153, .F. ) ;
#500 = FILL_AREA_STYLE_COLOUR ( '', #3154 ) ;
#501 = AXIS2_PLACEMENT_3D ( 'NONE', #3449, #3847, #559 ) ;
#502 =( NAMED_UNIT ( * ) SI_UNIT ( $, .STERADIAN. ) SOLID_ANGLE_UNIT ( ) );
#503 =( LENGTH_UNIT ( ) NAMED_UNIT ( * ) SI_UNIT ( .MILLI., .METRE. ) );
#504 = FILL_AREA_STYLE_COLOUR ( '', #2036 ) ;
#505 = VECTOR ( 'NONE', #1612, 1000.000000000000000 ) ;
#506 = MECHANICAL_DESIGN_GEOMETRIC_PRESENTATION_REPRESENTATION (  '', ( #2506 ), #2983 ) ;
#507 = VECTOR ( 'NONE', #91, 1000.000000000000000 ) ;
#508 = ORIENTED_EDGE ( 'NONE', *, *, #2710, .F. ) ;
#509 = FILL_AREA_STYLE_COLOUR ( '', #4102 ) ;
#510 = EDGE_CURVE ( 'NONE', #3389, #2981, #2166, .T. ) ;
#511 = FILL_AREA_STYLE_COLOUR ( '', #2612 ) ;
#512 = CARTESIAN_POINT ( 'NONE',  ( 10.15000000000000568, -263.5000000000000000, 0.000000000000000000 ) ) ;
#513 = DIRECTION ( 'NONE',  ( 0.000000000000000000, -0.7071067811865467956, 0.7071067811865483499 ) ) ;
#514 = FACE_OUTER_BOUND ( 'NONE', #3928, .T. ) ;
#515 =( GEOMETRIC_REPRESENTATION_CONTEXT ( 3 ) GLOBAL_UNCERTAINTY_ASSIGNED_CONTEXT ( ( #338 ) ) GLOBAL_UNIT_ASSIGNED_CONTEXT ( ( #1108, #3362, #3342 ) ) REPRESENTATION_CONTEXT ( 'NONE', 'WORKASPACE' ) );
#516 = EDGE_CURVE ( 'NONE', #2755, #2755, #1817, .T. ) ;
#517 = CARTESIAN_POINT ( 'NONE',  ( -49.34999999999989484, 49.50000000000004263, 13.80000000000000249 ) ) ;
#518 = SURFACE_SIDE_STYLE ('',( #3385 ) ) ;
#519 = FACE_OUTER_BOUND ( 'NONE', #1172, .T. ) ;
#520 = CARTESIAN_POINT ( 'NONE',  ( 0.1500000000000736855, -201.2850339366208914, 30.60000000000000853 ) ) ;
#521 = DIRECTION ( 'NONE',  ( 1.219727444046191502E-16, 1.000000000000000000, 0.000000000000000000 ) ) ;
#522 = VERTEX_POINT ( 'NONE', #543 ) ;
#523 = VERTEX_POINT ( 'NONE', #1218 ) ;
#524 = UNCERTAINTY_MEASURE_WITH_UNIT (LENGTH_MEASURE( 1.000000000000000082E-05 ), #2682, 'distance_accuracy_value', 'NONE');
#525 =( NAMED_UNIT ( * ) PLANE_ANGLE_UNIT ( ) SI_UNIT ( $, .RADIAN. ) );
#526 = LINE ( 'NONE', #2148, #2057 ) ;
#527 = SURFACE_SIDE_STYLE ('',( #903 ) ) ;
#528 = FACE_OUTER_BOUND ( 'NONE', #2822, .T. ) ;
#529 = EDGE_CURVE ( 'NONE', #2889, #1509, #585, .T. ) ;
#530 = ORIENTED_EDGE ( 'NONE', *, *, #2486, .F. ) ;
#531 = CARTESIAN_POINT ( 'NONE',  ( 34.14999999999990621, -53.50000000000000000, 8.049999999999998934 ) ) ;
#532 = EDGE_CURVE ( 'NONE', #279, #3830, #1179, .T. ) ;
#533 = SURFACE_STYLE_USAGE ( .BOTH. , #919 ) ;
#534 = DIRECTION ( 'NONE',  ( -0.000000000000000000, -0.000000000000000000, 1.000000000000000000 ) ) ;
#535 = FACE_OUTER_BOUND ( 'NONE', #3684, .T. ) ;
#536 = LINE ( 'NONE', #3741, #2241 ) ;
#537 = EDGE_LOOP ( 'NONE', ( #2783, #3868, #3974, #2991 ) ) ;
#538 = CARTESIAN_POINT ( 'NONE',  ( 1.200000000000002176, 0.000000000000000000, 34.70000000000000995 ) ) ;
#539 = PLANE ( 'NONE',  #501 ) ;
#540 = EDGE_LOOP ( 'NONE', ( #1069 ) ) ;
#541 = DIRECTION ( 'NONE',  ( -1.000000000000000000, 0.000000000000000000, 0.000000000000000000 ) ) ;
#542 =( LENGTH_UNIT ( ) NAMED_UNIT ( * ) SI_UNIT ( .MILLI., .METRE. ) );
#543 = CARTESIAN_POINT ( 'NONE',  ( 0.1500000000000719647, -213.2850339366208914, 30.60000000000000853 ) ) ;
#544 = CARTESIAN_POINT ( 'NONE',  ( 0.1500000000000736855, -201.2850339366208914, 14.60000000000000853 ) ) ;
#545 =( NAMED_UNIT ( * ) PLANE_ANGLE_UNIT ( ) SI_UNIT ( $, .RADIAN. ) );
#546 = AXIS2_PLACEMENT_3D ( 'NONE', #2193, #2131, #3437 ) ;
#547 = CARTESIAN_POINT ( 'NONE',  ( 34.14999999999990621, 49.50000000000004263, 13.80000000000000249 ) ) ;
#548 = CARTESIAN_POINT ( 'NONE',  ( 10.15000000000000568, -56.50000000000009237, 39.80000000000000426 ) ) ;
#549 = COLOUR_RGB ( '',0.5999999999999999778, 0.1607843137254901800, 0.7529411764705882248 ) ;
#550 = PLANE ( 'NONE',  #2451 ) ;
#551 = PRESENTATION_LAYER_ASSIGNMENT (  '', '', ( #2368 ) ) ;
#552 = EDGE_CURVE ( 'NONE', #2675, #3082, #3800, .T. ) ;
#553 = SURFACE_SIDE_STYLE ('',( #1803 ) ) ;
#554 = COLOUR_RGB ( '',0.5999999999999999778, 0.1607843137254901800, 0.7529411764705882248 ) ;
#555 = EDGE_CURVE ( 'NONE', #856, #856, #2748, .T. ) ;
#556 = EDGE_CURVE ( 'NONE', #1396, #440, #862, .T. ) ;
#557 = PRESENTATION_LAYER_ASSIGNMENT (  '', '', ( #4092 ) ) ;
#558 = ORIENTED_EDGE ( 'NONE', *, *, #817, .T. ) ;
#559 = DIRECTION ( 'NONE',  ( 0.000000000000000000, 0.000000000000000000, -1.000000000000000000 ) ) ;
#560 = PRESENTATION_LAYER_ASSIGNMENT (  '', '', ( #1503 ) ) ;
#561 = VECTOR ( 'NONE', #3970, 1000.000000000000000 ) ;
#562 = CARTESIAN_POINT ( 'NONE',  ( 20.10000000000001918, -67.28503393662093401, 8.650000000000002132 ) ) ;
#563 = FACE_OUTER_BOUND ( 'NONE', #3212, .T. ) ;
#564 = EDGE_CURVE ( 'NONE', #2433, #1481, #3087, .T. ) ;
#565 = STYLED_ITEM ( 'NONE', ( #2834 ), #3046 ) ;
#566 = CARTESIAN_POINT ( 'NONE',  ( -71.84999999999989484, -253.5000000000000000, 36.80000000000008953 ) ) ;
#567 = VECTOR ( 'NONE', #2633, 1000.000000000000000 ) ;
#568 = DIRECTION ( 'NONE',  ( -1.000000000000000000, 0.000000000000000000, 0.000000000000000000 ) ) ;
#569 = COLOUR_RGB ( '',0.5999999999999999778, 0.1607843137254901800, 0.7529411764705882248 ) ;
#570 = SURFACE_SIDE_STYLE ('',( #2194 ) ) ;
#571 = FILL_AREA_STYLE ('',( #3732 ) ) ;
#572 = AXIS2_PLACEMENT_3D ( 'NONE', #1472, #2746, #3749 ) ;
#573 = VECTOR ( 'NONE', #3452, 1000.000000000000000 ) ;
#574 = ORIENTED_EDGE ( 'NONE', *, *, #1975, .T. ) ;
#575 = FACE_OUTER_BOUND ( 'NONE', #1738, .T. ) ;
#576 = CARTESIAN_POINT ( 'NONE',  ( -68.84999999999992326, -249.7149660633790802, -7.299999999999998934 ) ) ;
#577 = FILL_AREA_STYLE ('',( #2157 ) ) ;
#578 = CARTESIAN_POINT ( 'NONE',  ( -17.22499999999998366, -233.5000000000000568, -7.299999999999998934 ) ) ;
#579 =( NAMED_UNIT ( * ) SI_UNIT ( $, .STERADIAN. ) SOLID_ANGLE_UNIT ( ) );
#580 = EDGE_LOOP ( 'NONE', ( #2432, #3627, #2925, #1771 ) ) ;
#581 = SURFACE_STYLE_FILL_AREA ( #1447 ) ;
#582 = EDGE_CURVE ( 'NONE', #3555, #3389, #3135, .T. ) ;
#583 = CARTESIAN_POINT ( 'NONE',  ( -3.800000000000035794, -38.50000000000000000, -7.299999999999998934 ) ) ;
#584 = CARTESIAN_POINT ( 'NONE',  ( 34.14999999999990621, 49.50000000000004263, 13.80000000000000249 ) ) ;
#585 = LINE ( 'NONE', #1858, #403 ) ;
#586 = VERTEX_POINT ( 'NONE', #1517 ) ;
#587 = EDGE_CURVE ( 'NONE', #3054, #2403, #257, .T. ) ;
#588 = SURFACE_STYLE_FILL_AREA ( #4077 ) ;
#589 = FACE_OUTER_BOUND ( 'NONE', #622, .T. ) ;
#590 = ORIENTED_EDGE ( 'NONE', *, *, #3735, .F. ) ;
#591 = PLANE ( 'NONE',  #644 ) ;
#592 = FACE_OUTER_BOUND ( 'NONE', #299, .T. ) ;
#593 = ORIENTED_EDGE ( 'NONE', *, *, #1331, .T. ) ;
#594 = FILL_AREA_STYLE ('',( #3460 ) ) ;
#595 =( NAMED_UNIT ( * ) SI_UNIT ( $, .STERADIAN. ) SOLID_ANGLE_UNIT ( ) );
#596 = FACE_OUTER_BOUND ( 'NONE', #413, .T. ) ;
#597 = FILL_AREA_STYLE_COLOUR ( '', #3907 ) ;
#598 = ORIENTED_EDGE ( 'NONE', *, *, #67, .T. ) ;
#599 =( LENGTH_UNIT ( ) NAMED_UNIT ( * ) SI_UNIT ( .MILLI., .METRE. ) );
#600 = DIRECTION ( 'NONE',  ( 0.000000000000000000, -1.000000000000000000, 0.000000000000000000 ) ) ;
#601 = DIRECTION ( 'NONE',  ( 1.000000000000000000, 0.000000000000000000, 0.000000000000000000 ) ) ;
#602 = EDGE_CURVE ( 'NONE', #777, #1981, #1893, .T. ) ;
#603 = DIRECTION ( 'NONE',  ( 1.000000000000000000, 0.000000000000000000, 0.000000000000000000 ) ) ;
#604 = ORIENTED_EDGE ( 'NONE', *, *, #473, .T. ) ;
#605 = ORIENTED_EDGE ( 'NONE', *, *, #1380, .T. ) ;
#606 = VERTEX_POINT ( 'NONE', #3871 ) ;
#607 =( LENGTH_UNIT ( ) NAMED_UNIT ( * ) SI_UNIT ( .MILLI., .METRE. ) );
#608 = VERTEX_POINT ( 'NONE', #382 ) ;
#609 = CARTESIAN_POINT ( 'NONE',  ( 44.14999999999990621, -205.5000000000000284, 21.55000000000004334 ) ) ;
#610 = DIRECTION ( 'NONE',  ( 1.000000000000000000, -0.000000000000000000, 0.000000000000000000 ) ) ;
#611 = MECHANICAL_DESIGN_GEOMETRIC_PRESENTATION_REPRESENTATION (  '', ( #3811 ), #3093 ) ;
#612 = ADVANCED_FACE ( 'NONE', ( #3519, #2634 ), #39, .F. ) ;
#613 = CIRCLE ( 'NONE', #3624, 2.550000000000000266 ) ;
#614 = LINE ( 'NONE', #1600, #3690 ) ;
#615 = PLANE ( 'NONE',  #4042 ) ;
#616 = SURFACE_STYLE_FILL_AREA ( #3483 ) ;
#617 =( LENGTH_UNIT ( ) NAMED_UNIT ( * ) SI_UNIT ( .MILLI., .METRE. ) );
#618 = VECTOR ( 'NONE', #20, 1000.000000000000000 ) ;
#619 =( NAMED_UNIT ( * ) SI_UNIT ( $, .STERADIAN. ) SOLID_ANGLE_UNIT ( ) );
#620 = FACE_OUTER_BOUND ( 'NONE', #2623, .T. ) ;
#621 = SURFACE_STYLE_USAGE ( .BOTH. , #1267 ) ;
#622 = EDGE_LOOP ( 'NONE', ( #3801, #3408, #2869, #3315 ) ) ;
#623 =( GEOMETRIC_REPRESENTATION_CONTEXT ( 3 ) GLOBAL_UNCERTAINTY_ASSIGNED_CONTEXT ( ( #786 ) ) GLOBAL_UNIT_ASSIGNED_CONTEXT ( ( #3602, #1382, #431 ) ) REPRESENTATION_CONTEXT ( 'NONE', 'WORKASPACE' ) );
#624 = PRODUCT_DEFINITION_CONTEXT ( 'detailed design', #3782, 'design' ) ;
#625 = SURFACE_STYLE_FILL_AREA ( #59 ) ;
#626 = STYLED_ITEM ( 'NONE', ( #493 ), #1843 ) ;
#627 = PRESENTATION_STYLE_ASSIGNMENT (( #3849 ) ) ;
#628 = CARTESIAN_POINT ( 'NONE',  ( -37.85000000000000142, -253.5000000000000000, -7.299999999999998934 ) ) ;
#629 = AXIS2_PLACEMENT_3D ( 'NONE', #2133, #4017, #3958 ) ;
#630 = ORIENTED_EDGE ( 'NONE', *, *, #1309, .T. ) ;
#631 = ORIENTED_EDGE ( 'NONE', *, *, #2972, .F. ) ;
#632 = CARTESIAN_POINT ( 'NONE',  ( -37.84999999999999432, -38.50000000000000000, -7.299999999999998934 ) ) ;
#633 = CYLINDRICAL_SURFACE ( 'NONE', #3896, 3.374999999999999556 ) ;
#634 = STYLED_ITEM ( 'NONE', ( #2625 ), #2831 ) ;
#635 = ORIENTED_EDGE ( 'NONE', *, *, #2883, .F. ) ;
#636 = PRESENTATION_LAYER_ASSIGNMENT (  '', '', ( #3245 ) ) ;
#637 = MECHANICAL_DESIGN_GEOMETRIC_PRESENTATION_REPRESENTATION (  '', ( #1918 ), #2565 ) ;
#638 = VECTOR ( 'NONE', #3141, 1000.000000000000000 ) ;
#639 = EDGE_CURVE ( 'NONE', #1095, #917, #1342, .T. ) ;
#640 =( NAMED_UNIT ( * ) SI_UNIT ( $, .STERADIAN. ) SOLID_ANGLE_UNIT ( ) );
#641 =( NAMED_UNIT ( * ) SI_UNIT ( $, .STERADIAN. ) SOLID_ANGLE_UNIT ( ) );
#642 = EDGE_LOOP ( 'NONE', ( #605 ) ) ;
#643 = PLANE ( 'NONE',  #1439 ) ;
#644 = AXIS2_PLACEMENT_3D ( 'NONE', #3138, #610, #1205 ) ;
#645 = EDGE_CURVE ( 'NONE', #3204, #3707, #987, .T. ) ;
#646 = MECHANICAL_DESIGN_GEOMETRIC_PRESENTATION_REPRESENTATION (  '', ( #2456 ), #1857 ) ;
#647 = EDGE_LOOP ( 'NONE', ( #702, #2229, #1131, #2571 ) ) ;
#648 = VERTEX_POINT ( 'NONE', #578 ) ;
#649 = STYLED_ITEM ( 'NONE', ( #2507 ), #3887 ) ;
#650 =( NAMED_UNIT ( * ) SI_UNIT ( $, .STERADIAN. ) SOLID_ANGLE_UNIT ( ) );
#651 = LINE ( 'NONE', #583, #2393 ) ;
#652 =( NAMED_UNIT ( * ) SI_UNIT ( $, .STERADIAN. ) SOLID_ANGLE_UNIT ( ) );
#653 = PRESENTATION_STYLE_ASSIGNMENT (( #1025 ) ) ;
#654 = VERTEX_POINT ( 'NONE', #628 ) ;
#655 = ORIENTED_EDGE ( 'NONE', *, *, #3687, .F. ) ;
#656 = DIRECTION ( 'NONE',  ( -2.775557561562890365E-16, 0.000000000000000000, 1.000000000000000000 ) ) ;
#657 = DIRECTION ( 'NONE',  ( -1.000000000000000000, 0.000000000000000000, 0.000000000000000000 ) ) ;
#658 = EDGE_LOOP ( 'NONE', ( #830, #508, #1173, #808, #558, #3889 ) ) ;
#659 = CARTESIAN_POINT ( 'NONE',  ( 21.64999999999989910, -249.7149660633791086, 8.049999999999998934 ) ) ;
#660 = ORIENTED_EDGE ( 'NONE', *, *, #278, .T. ) ;
#661 = SURFACE_SIDE_STYLE ('',( #1710 ) ) ;
#662 = DIRECTION ( 'NONE',  ( 0.000000000000000000, 0.000000000000000000, -1.000000000000000000 ) ) ;
#663 = ORIENTED_EDGE ( 'NONE', *, *, #1459, .T. ) ;
#664 = CARTESIAN_POINT ( 'NONE',  ( -23.90000000000000213, -43.50000000000000000, -8.250724592208097456E-15 ) ) ;
#665 = EDGE_CURVE ( 'NONE', #3615, #1467, #2569, .T. ) ;
#666 = VERTEX_POINT ( 'NONE', #3852 ) ;
#667 = DIRECTION ( 'NONE',  ( 0.000000000000000000, 0.000000000000000000, -1.000000000000000000 ) ) ;
#668 = CARTESIAN_POINT ( 'NONE',  ( -11.84999999999992859, -213.2850339366208914, 14.60000000000000853 ) ) ;
#669 = SURFACE_STYLE_FILL_AREA ( #689 ) ;
#670 = DIRECTION ( 'NONE',  ( 1.000000000000000000, -0.000000000000000000, 0.000000000000000000 ) ) ;
#671 = VERTEX_POINT ( 'NONE', #2249 ) ;
#672 = ORIENTED_EDGE ( 'NONE', *, *, #2867, .T. ) ;
#673 = SURFACE_STYLE_USAGE ( .BOTH. , #326 ) ;
#674 = LINE ( 'NONE', #2291, #1969 ) ;
#675 = FILL_AREA_STYLE_COLOUR ( '', #1955 ) ;
#676 = VECTOR ( 'NONE', #2279, 1000.000000000000000 ) ;
#677 = DIRECTION ( 'NONE',  ( -0.000000000000000000, -1.000000000000000000, -0.000000000000000000 ) ) ;
#678 = CARTESIAN_POINT ( 'NONE',  ( 21.64999999999989910, -253.5000000000000000, 8.049999999999998934 ) ) ;
#679 = LINE ( 'NONE', #2923, #2374 ) ;
#680 = ORIENTED_EDGE ( 'NONE', *, *, #365, .T. ) ;
#681 = STYLED_ITEM ( 'NONE', ( #1285 ), #1047 ) ;
#682 = ORIENTED_EDGE ( 'NONE', *, *, #171, .T. ) ;
#683 = CIRCLE ( 'NONE', #102, 3.374999999999999556 ) ;
#684 = VERTEX_POINT ( 'NONE', #2267 ) ;
#685 = EDGE_CURVE ( 'NONE', #895, #393, #3538, .T. ) ;
#686 = ORIENTED_EDGE ( 'NONE', *, *, #3661, .T. ) ;
#687 = FILL_AREA_STYLE_COLOUR ( '', #1907 ) ;
#688 = VECTOR ( 'NONE', #293, 1000.000000000000000 ) ;
#689 = FILL_AREA_STYLE ('',( #1941 ) ) ;
#690 = DIRECTION ( 'NONE',  ( 0.000000000000000000, 0.000000000000000000, 1.000000000000000000 ) ) ;
#691 = ORIENTED_EDGE ( 'NONE', *, *, #1000, .T. ) ;
#692 =( NAMED_UNIT ( * ) PLANE_ANGLE_UNIT ( ) SI_UNIT ( $, .RADIAN. ) );
#693 = DIRECTION ( 'NONE',  ( -0.5773502691896269523, 0.5773502691896233996, 0.5773502691896269523 ) ) ;
#694 = DIRECTION ( 'NONE',  ( 0.000000000000000000, 0.000000000000000000, 1.000000000000000000 ) ) ;
#695 = COLOUR_RGB ( '',0.5999999999999999778, 0.1607843137254901800, 0.7529411764705882248 ) ;
#696 = VECTOR ( 'NONE', #3987, 1000.000000000000000 ) ;
#697 = AXIS2_PLACEMENT_3D ( 'NONE', #1458, #4045, #3733 ) ;
#698 =( NAMED_UNIT ( * ) PLANE_ANGLE_UNIT ( ) SI_UNIT ( $, .RADIAN. ) );
#699 = CARTESIAN_POINT ( 'NONE',  ( 1.200000000000000178, -229.7149660633791086, -2.299999999999966516 ) ) ;
#700 = DIRECTION ( 'NONE',  ( 0.000000000000000000, 1.000000000000000000, 0.000000000000000000 ) ) ;
#701 =( GEOMETRIC_REPRESENTATION_CONTEXT ( 3 ) GLOBAL_UNCERTAINTY_ASSIGNED_CONTEXT ( ( #3367 ) ) GLOBAL_UNIT_ASSIGNED_CONTEXT ( ( #2582, #2647, #2596 ) ) REPRESENTATION_CONTEXT ( 'NONE', 'WORKASPACE' ) );
#702 = ORIENTED_EDGE ( 'NONE', *, *, #1934, .F. ) ;
#703 = PRESENTATION_STYLE_ASSIGNMENT (( #2622 ) ) ;
#704 =( GEOMETRIC_REPRESENTATION_CONTEXT ( 3 ) GLOBAL_UNCERTAINTY_ASSIGNED_CONTEXT ( ( #2751 ) ) GLOBAL_UNIT_ASSIGNED_CONTEXT ( ( #3646, #2099, #1111 ) ) REPRESENTATION_CONTEXT ( 'NONE', 'WORKASPACE' ) );
#705 = AXIS2_PLACEMENT_3D ( 'NONE', #3026, #1123, #2401 ) ;
#706 = STYLED_ITEM ( 'NONE', ( #1520 ), #3533 ) ;
#707 = FILL_AREA_STYLE ('',( #3012 ) ) ;
#708 = PRESENTATION_STYLE_ASSIGNMENT (( #3930 ) ) ;
#709 = CARTESIAN_POINT ( 'NONE',  ( -49.34999999999989484, -253.5000000000000000, 8.050000000000000711 ) ) ;
#710 = VECTOR ( 'NONE', #4095, 1000.000000000000000 ) ;
#711 = CARTESIAN_POINT ( 'NONE',  ( -61.84999999999989484, -253.5000000000000000, 13.80000000000000071 ) ) ;
#712 = CARTESIAN_POINT ( 'NONE',  ( -11.84999999999992859, -213.2850339366208914, 14.60000000000000853 ) ) ;
#713 = EDGE_CURVE ( 'NONE', #2010, #1394, #97, .T. ) ;
#714 = ORIENTED_EDGE ( 'NONE', *, *, #3401, .T. ) ;
#715 = MECHANICAL_DESIGN_GEOMETRIC_PRESENTATION_REPRESENTATION (  '', ( #2517 ), #1935 ) ;
#716 = CARTESIAN_POINT ( 'NONE',  ( -71.84999999999989484, -57.28503393662091980, 0.000000000000000000 ) ) ;
#717 = CARTESIAN_POINT ( 'NONE',  ( -37.85000000000000142, -53.50000000000000711, -7.299999999999998934 ) ) ;
#718 = VERTEX_POINT ( 'NONE', #1326 ) ;
#719 = ADVANCED_FACE ( 'NONE', ( #1958 ), #3208, .F. ) ;
#720 = CARTESIAN_POINT ( 'NONE',  ( 1.200000000000002176, -224.7149660633791086, -2.299999999999968736 ) ) ;
#721 = DIRECTION ( 'NONE',  ( -1.000000000000000000, 0.000000000000000000, 0.000000000000000000 ) ) ;
#722 = CARTESIAN_POINT ( 'NONE',  ( -68.84999999999983800, -250.5000000000001137, 39.80000000000000426 ) ) ;
#723 = VERTEX_POINT ( 'NONE', #2656 ) ;
#724 = LINE ( 'NONE', #78, #3199 ) ;
#725 = DIRECTION ( 'NONE',  ( 0.000000000000000000, 1.000000000000000000, 0.000000000000000000 ) ) ;
#726 = CARTESIAN_POINT ( 'NONE',  ( -51.84999999999993037, -123.2850339366209198, 30.60000000000000853 ) ) ;
#727 = CARTESIAN_POINT ( 'NONE',  ( -11.84999999999992859, -213.2850339366208914, 30.60000000000000853 ) ) ;
#728 = LINE ( 'NONE', #1468, #1144 ) ;
#729 = ORIENTED_EDGE ( 'NONE', *, *, #3402, .T. ) ;
#730 = DIRECTION ( 'NONE',  ( -0.000000000000000000, -1.000000000000000000, -0.000000000000000000 ) ) ;
#731 = DIRECTION ( 'NONE',  ( -0.000000000000000000, -0.000000000000000000, 1.000000000000000000 ) ) ;
#732 = VERTEX_POINT ( 'NONE', #1066 ) ;
#733 = MECHANICAL_DESIGN_GEOMETRIC_PRESENTATION_REPRESENTATION (  '', ( #1885 ), #739 ) ;
#734 = VERTEX_POINT ( 'NONE', #746 ) ;
#735 = CARTESIAN_POINT ( 'NONE',  ( 10.15000000000000568, -43.50000000000007105, -7.299999999999997158 ) ) ;
#736 = ADVANCED_FACE ( 'NONE', ( #1543, #620 ), #2861, .T. ) ;
#737 = EDGE_CURVE ( 'NONE', #734, #2433, #2725, .T. ) ;
#738 = CARTESIAN_POINT ( 'NONE',  ( -3.800000000000001155, -43.50000000000000000, -1.399999999999989253 ) ) ;
#739 =( GEOMETRIC_REPRESENTATION_CONTEXT ( 3 ) GLOBAL_UNCERTAINTY_ASSIGNED_CONTEXT ( ( #2769 ) ) GLOBAL_UNIT_ASSIGNED_CONTEXT ( ( #2737, #4089, #912 ) ) REPRESENTATION_CONTEXT ( 'NONE', 'WORKASPACE' ) );
#740 = DIRECTION ( 'NONE',  ( 0.000000000000000000, 0.000000000000000000, 1.000000000000000000 ) ) ;
#741 = DIRECTION ( 'NONE',  ( 0.000000000000000000, -0.000000000000000000, 1.000000000000000000 ) ) ;
#742 = CARTESIAN_POINT ( 'NONE',  ( 34.14999999999990621, -205.5000000000000284, 21.55000000000004334 ) ) ;
#743 = VECTOR ( 'NONE', #482, 1000.000000000000000 ) ;
#744 = CARTESIAN_POINT ( 'NONE',  ( -49.34999999999989484, -253.5000000000000000, 13.80000000000000249 ) ) ;
#745 = CARTESIAN_POINT ( 'NONE',  ( -23.90000000000000213, 6.500000000000005329, -1.399999999999991473 ) ) ;
#746 = CARTESIAN_POINT ( 'NONE',  ( -3.800000000000000266, -224.7149660633791086, -1.399999999999991473 ) ) ;
#747 = DIRECTION ( 'NONE',  ( 1.000000000000000000, -1.081779818849036513E-16, 0.000000000000000000 ) ) ;
#748 = CIRCLE ( 'NONE', #3099, 3.299999999999998934 ) ;
#749 = ORIENTED_EDGE ( 'NONE', *, *, #2838, .F. ) ;
#750 = CARTESIAN_POINT ( 'NONE',  ( 21.64999999999989910, 49.50000000000004263, 13.79999999999999893 ) ) ;
#751 = AXIS2_PLACEMENT_3D ( 'NONE', #584, #1156, #3705 ) ;
#752 = ORIENTED_EDGE ( 'NONE', *, *, #3325, .T. ) ;
#753 = FACE_OUTER_BOUND ( 'NONE', #2263, .T. ) ;
#754 = PLANE ( 'NONE',  #1414 ) ;
#755 = ORIENTED_EDGE ( 'NONE', *, *, #1770, .F. ) ;
#756 = MECHANICAL_DESIGN_GEOMETRIC_PRESENTATION_REPRESENTATION (  '', ( #3364 ), #1292 ) ;
#757 = PRESENTATION_LAYER_ASSIGNMENT (  '', '', ( #3034 ) ) ;
#758 = DIRECTION ( 'NONE',  ( -0.000000000000000000, -9.011550524554843201E-17, 1.000000000000000000 ) ) ;
#759 = SURFACE_SIDE_STYLE ('',( #2359 ) ) ;
#760 = ADVANCED_FACE ( 'NONE', ( #3069, #1471 ), #3978, .F. ) ;
#761 = ORIENTED_EDGE ( 'NONE', *, *, #4100, .T. ) ;
#762 = CARTESIAN_POINT ( 'NONE',  ( 44.14999999999990621, -53.50000000000000000, -1.193668243919732465E-14 ) ) ;
#763 = VECTOR ( 'NONE', #2449, 1000.000000000000000 ) ;
#764 = AXIS2_PLACEMENT_3D ( 'NONE', #2591, #1727, #3000 ) ;
#765 = EDGE_CURVE ( 'NONE', #3742, #2851, #133, .T. ) ;
#766 = DIRECTION ( 'NONE',  ( -0.000000000000000000, 0.000000000000000000, 1.000000000000000000 ) ) ;
#767 = FILL_AREA_STYLE ('',( #2034 ) ) ;
#768 = ORIENTED_EDGE ( 'NONE', *, *, #2890, .F. ) ;
#769 = SURFACE_STYLE_FILL_AREA ( #472 ) ;
#770 = MECHANICAL_DESIGN_GEOMETRIC_PRESENTATION_REPRESENTATION (  '', ( #3443 ), #3776 ) ;
#771 = CARTESIAN_POINT ( 'NONE',  ( 44.14999999999990621, -249.7149660633790802, 8.049999999999998934 ) ) ;
#772 = SURFACE_STYLE_USAGE ( .BOTH. , #2951 ) ;
#773 = MECHANICAL_DESIGN_GEOMETRIC_PRESENTATION_REPRESENTATION (  '', ( #315 ), #3058 ) ;
#774 = UNCERTAINTY_MEASURE_WITH_UNIT (LENGTH_MEASURE( 1.000000000000000082E-05 ), #1638, 'distance_accuracy_value', 'NONE');
#775 = ORIENTED_EDGE ( 'NONE', *, *, #1486, .F. ) ;
#776 = DIRECTION ( 'NONE',  ( 1.219727444046191502E-16, 1.000000000000000000, 0.000000000000000000 ) ) ;
#777 = VERTEX_POINT ( 'NONE', #3008 ) ;
#778 = FILL_AREA_STYLE_COLOUR ( '', #1019 ) ;
#779 = LINE ( 'NONE', #2980, #810 ) ;
#780 = ORIENTED_EDGE ( 'NONE', *, *, #1337, .T. ) ;
#781 = AXIS2_PLACEMENT_3D ( 'NONE', #1632, #360, #2908 ) ;
#782 = UNCERTAINTY_MEASURE_WITH_UNIT (LENGTH_MEASURE( 1.000000000000000082E-05 ), #300, 'distance_accuracy_value', 'NONE');
#783 = SURFACE_SIDE_STYLE ('',( #3655 ) ) ;
#784 = UNCERTAINTY_MEASURE_WITH_UNIT (LENGTH_MEASURE( 1.000000000000000082E-05 ), #333, 'distance_accuracy_value', 'NONE');
#785 = PRODUCT_DEFINITION ( 'UNKNOWN', '', #2195, #624 ) ;
#786 = UNCERTAINTY_MEASURE_WITH_UNIT (LENGTH_MEASURE( 1.000000000000000082E-05 ), #3602, 'distance_accuracy_value', 'NONE');
#787 = DIRECTION ( 'NONE',  ( -0.000000000000000000, 0.000000000000000000, 1.000000000000000000 ) ) ;
#788 = SURFACE_STYLE_FILL_AREA ( #232 ) ;
#789 = EDGE_CURVE ( 'NONE', #1294, #891, #1734, .T. ) ;
#790 = VERTEX_POINT ( 'NONE', #3957 ) ;
#791 = CARTESIAN_POINT ( 'NONE',  ( -13.85000000000000675, -249.7149660633790802, -7.299999999999998934 ) ) ;
#792 = LINE ( 'NONE', #1787, #3017 ) ;
#793 = EDGE_LOOP ( 'NONE', ( #3448, #1644, #2123, #1201 ) ) ;
#794 = SURFACE_STYLE_FILL_AREA ( #1195 ) ;
#795 = EDGE_LOOP ( 'NONE', ( #1572, #2552, #168, #1119 ) ) ;
#796 = VERTEX_POINT ( 'NONE', #1752 ) ;
#797 = ORIENTED_EDGE ( 'NONE', *, *, #89, .F. ) ;
#798 = FACE_BOUND ( 'NONE', #3524, .T. ) ;
#799 = LINE ( 'NONE', #512, #1107 ) ;
#800 = LINE ( 'NONE', #538, #2087 ) ;
#801 = AXIS2_PLACEMENT_3D ( 'NONE', #1511, #1850, #1213 ) ;
#802 = ORIENTED_EDGE ( 'NONE', *, *, #2006, .T. ) ;
#803 = EDGE_LOOP ( 'NONE', ( #1303 ) ) ;
#804 = CARTESIAN_POINT ( 'NONE',  ( 0.000000000000000000, -53.50000000000000711, 36.79999999999991189 ) ) ;
#805 = CARTESIAN_POINT ( 'NONE',  ( 44.14999999999990621, -253.5000000000000000, 0.000000000000000000 ) ) ;
#806 = VECTOR ( 'NONE', #1113, 1000.000000000000000 ) ;
#807 = SURFACE_STYLE_USAGE ( .BOTH. , #3679 ) ;
#808 = ORIENTED_EDGE ( 'NONE', *, *, #602, .F. ) ;
#809 = VERTEX_POINT ( 'NONE', #3406 ) ;
#810 = VECTOR ( 'NONE', #871, 1000.000000000000000 ) ;
#811 = FILL_AREA_STYLE ('',( #4028 ) ) ;
#812 =( NAMED_UNIT ( * ) SI_UNIT ( $, .STERADIAN. ) SOLID_ANGLE_UNIT ( ) );
#813 = ORIENTED_EDGE ( 'NONE', *, *, #3252, .T. ) ;
#814 = LINE ( 'NONE', #2348, #1479 ) ;
#815 = VECTOR ( 'NONE', #1413, 1000.000000000000000 ) ;
#816 = DIRECTION ( 'NONE',  ( 1.186688945009009831E-16, 0.000000000000000000, -1.000000000000000000 ) ) ;
#817 = EDGE_CURVE ( 'NONE', #777, #1007, #1099, .T. ) ;
#818 = UNCERTAINTY_MEASURE_WITH_UNIT (LENGTH_MEASURE( 1.000000000000000082E-05 ), #2796, 'distance_accuracy_value', 'NONE');
#819 = DIRECTION ( 'NONE',  ( -1.000000000000000000, -0.000000000000000000, -2.775557561562890365E-16 ) ) ;
#820 = CARTESIAN_POINT ( 'NONE',  ( -3.800000000000001155, 6.500000000000005329, -1.399999999999989253 ) ) ;
#821 = VECTOR ( 'NONE', #2273, 1000.000000000000000 ) ;
#822 = EDGE_CURVE ( 'NONE', #3906, #2433, #1433, .T. ) ;
#823 = STYLED_ITEM ( 'NONE', ( #1052 ), #1353 ) ;
#824 =( NAMED_UNIT ( * ) SI_UNIT ( $, .STERADIAN. ) SOLID_ANGLE_UNIT ( ) );
#825 = DIRECTION ( 'NONE',  ( 0.000000000000000000, 0.000000000000000000, -1.000000000000000000 ) ) ;
#826 = FACE_OUTER_BOUND ( 'NONE', #1631, .T. ) ;
#827 = PLANE ( 'NONE',  #3177 ) ;
#828 =( NAMED_UNIT ( * ) SI_UNIT ( $, .STERADIAN. ) SOLID_ANGLE_UNIT ( ) );
#829 = MECHANICAL_DESIGN_GEOMETRIC_PRESENTATION_REPRESENTATION (  '', ( #106 ), #623 ) ;
#830 = ORIENTED_EDGE ( 'NONE', *, *, #685, .F. ) ;
#831 = COLOUR_RGB ( '',0.5999999999999999778, 0.1607843137254901800, 0.7529411764705882248 ) ;
#832 = UNCERTAINTY_MEASURE_WITH_UNIT (LENGTH_MEASURE( 1.000000000000000082E-05 ), #1953, 'distance_accuracy_value', 'NONE');
#833 = ORIENTED_EDGE ( 'NONE', *, *, #398, .T. ) ;
#834 = DIRECTION ( 'NONE',  ( 1.000000000000000000, 0.000000000000000000, 1.186688945009009831E-16 ) ) ;
#835 = FILL_AREA_STYLE_COLOUR ( '', #695 ) ;
#836 = VECTOR ( 'NONE', #4000, 1000.000000000000000 ) ;
#837 = VECTOR ( 'NONE', #926, 1000.000000000000000 ) ;
#838 = MECHANICAL_DESIGN_GEOMETRIC_PRESENTATION_REPRESENTATION (  '', ( #2114 ), #184 ) ;
#839 = CARTESIAN_POINT ( 'NONE',  ( -16.40000000000000568, -249.7149660633790802, -1.399999999999991696 ) ) ;
#840 = PRESENTATION_LAYER_ASSIGNMENT (  '', '', ( #3908 ) ) ;
#841 = CARTESIAN_POINT ( 'NONE',  ( -23.90000000000000213, -43.50000000000000000, -1.399999999999991473 ) ) ;
#842 = PRESENTATION_LAYER_ASSIGNMENT (  '', '', ( #1104 ) ) ;
#843 =( GEOMETRIC_REPRESENTATION_CONTEXT ( 3 ) GLOBAL_UNCERTAINTY_ASSIGNED_CONTEXT ( ( #475 ) ) GLOBAL_UNIT_ASSIGNED_CONTEXT ( ( #2857, #7, #1558 ) ) REPRESENTATION_CONTEXT ( 'NONE', 'WORKASPACE' ) );
#844 = LINE ( 'NONE', #3688, #37 ) ;
#845 = CIRCLE ( 'NONE', #3191, 2.549999999999998490 ) ;
#846 = ADVANCED_FACE ( 'NONE', ( #826 ), #2109, .T. ) ;
#847 = VECTOR ( 'NONE', #276, 1000.000000000000000 ) ;
#848 = CARTESIAN_POINT ( 'NONE',  ( -23.90000000000000568, -57.28503393662091980, -7.299999999999998934 ) ) ;
#849 = UNCERTAINTY_MEASURE_WITH_UNIT (LENGTH_MEASURE( 1.000000000000000082E-05 ), #3999, 'distance_accuracy_value', 'NONE');
#850 =( LENGTH_UNIT ( ) NAMED_UNIT ( * ) SI_UNIT ( .MILLI., .METRE. ) );
#851 = ADVANCED_FACE ( 'NONE', ( #3238 ), #3834, .F. ) ;
#852 = PRESENTATION_LAYER_ASSIGNMENT (  '', '', ( #2326 ) ) ;
#853 = MECHANICAL_DESIGN_GEOMETRIC_PRESENTATION_REPRESENTATION (  '', ( #984 ), #3388 ) ;
#854 = DIRECTION ( 'NONE',  ( 1.000000000000000000, 0.000000000000000000, 1.387778780781445182E-16 ) ) ;
#855 = ORIENTED_EDGE ( 'NONE', *, *, #429, .F. ) ;
#856 = VERTEX_POINT ( 'NONE', #839 ) ;
#857 = LINE ( 'NONE', #187, #3511 ) ;
#858 = ORIENTED_EDGE ( 'NONE', *, *, #1486, .T. ) ;
#859 = DIRECTION ( 'NONE',  ( -1.000000000000000000, 0.000000000000000000, -1.186688945009009831E-16 ) ) ;
#860 = SURFACE_STYLE_FILL_AREA ( #3348 ) ;
#861 = FILL_AREA_STYLE ('',( #504 ) ) ;
#862 = LINE ( 'NONE', #1235, #935 ) ;
#863 = EDGE_LOOP ( 'NONE', ( #1786, #3489, #259, #77 ) ) ;
#864 = ORIENTED_EDGE ( 'NONE', *, *, #3537, .T. ) ;
#865 =( LENGTH_UNIT ( ) NAMED_UNIT ( * ) SI_UNIT ( .MILLI., .METRE. ) );
#866 = SURFACE_SIDE_STYLE ('',( #1191 ) ) ;
#867 = FILL_AREA_STYLE ('',( #2732 ) ) ;
#868 = VERTEX_POINT ( 'NONE', #1845 ) ;
#869 = SURFACE_STYLE_USAGE ( .BOTH. , #1211 ) ;
#870 = PLANE ( 'NONE',  #3370 ) ;
#871 = DIRECTION ( 'NONE',  ( 0.000000000000000000, 0.000000000000000000, 1.000000000000000000 ) ) ;
#872 = STYLED_ITEM ( 'NONE', ( #3137 ), #145 ) ;
#873 = PRESENTATION_STYLE_ASSIGNMENT (( #2738 ) ) ;
#874 =( GEOMETRIC_REPRESENTATION_CONTEXT ( 3 ) GLOBAL_UNCERTAINTY_ASSIGNED_CONTEXT ( ( #2442 ) ) GLOBAL_UNIT_ASSIGNED_CONTEXT ( ( #1999, #1919, #3194 ) ) REPRESENTATION_CONTEXT ( 'NONE', 'WORKASPACE' ) );
#875 = CARTESIAN_POINT ( 'NONE',  ( 10.14999999999999325, -253.5000000000000000, -24.20000000000001350 ) ) ;
#876 =( NAMED_UNIT ( * ) SI_UNIT ( $, .STERADIAN. ) SOLID_ANGLE_UNIT ( ) );
#877 = DIRECTION ( 'NONE',  ( 0.000000000000000000, 0.000000000000000000, -1.000000000000000000 ) ) ;
#878 = PRESENTATION_LAYER_ASSIGNMENT (  '', '', ( #1550 ) ) ;
#879 = FILL_AREA_STYLE ('',( #509 ) ) ;
#880 =( GEOMETRIC_REPRESENTATION_CONTEXT ( 3 ) GLOBAL_UNCERTAINTY_ASSIGNED_CONTEXT ( ( #346 ) ) GLOBAL_UNIT_ASSIGNED_CONTEXT ( ( #1031, #2320, #1683 ) ) REPRESENTATION_CONTEXT ( 'NONE', 'WORKASPACE' ) );
#881 = CARTESIAN_POINT ( 'NONE',  ( -71.84999999999989484, -53.50000000000000000, 13.79999999999999893 ) ) ;
#882 = DIRECTION ( 'NONE',  ( 0.000000000000000000, 0.000000000000000000, 1.000000000000000000 ) ) ;
#883 = ORIENTED_EDGE ( 'NONE', *, *, #2575, .T. ) ;
#884 = PLANE ( 'NONE',  #295 ) ;
#885 =( NAMED_UNIT ( * ) PLANE_ANGLE_UNIT ( ) SI_UNIT ( $, .RADIAN. ) );
#886 = EDGE_CURVE ( 'NONE', #2942, #3500, #614, .T. ) ;
#887 = DIRECTION ( 'NONE',  ( -1.000000000000000000, 0.000000000000000000, 0.000000000000000000 ) ) ;
#888 = CARTESIAN_POINT ( 'NONE',  ( -61.84999999999989484, -53.50000000000000000, -1.193668243919732465E-14 ) ) ;
#889 = VECTOR ( 'NONE', #88, 1000.000000000000000 ) ;
#890 = EDGE_CURVE ( 'NONE', #3167, #3724, #1947, .T. ) ;
#891 = VERTEX_POINT ( 'NONE', #659 ) ;
#892 = FILL_AREA_STYLE ('',( #3762 ) ) ;
#893 = AXIS2_PLACEMENT_3D ( 'NONE', #2841, #1870, #267 ) ;
#894 = COLOUR_RGB ( '',0.5999999999999999778, 0.1607843137254901800, 0.7529411764705882248 ) ;
#895 = VERTEX_POINT ( 'NONE', #3216 ) ;
#896 = CARTESIAN_POINT ( 'NONE',  ( -71.84999999999989484, -249.7149660633790802, -7.300000000000000711 ) ) ;
#897 = CARTESIAN_POINT ( 'NONE',  ( 41.14999999999989200, -57.28503393662091980, -7.299999999999998934 ) ) ;
#898 = MECHANICAL_DESIGN_GEOMETRIC_PRESENTATION_REPRESENTATION (  '', ( #634 ), #964 ) ;
#899 = DIRECTION ( 'NONE',  ( 1.081779818849036513E-16, 1.000000000000000000, 0.000000000000000000 ) ) ;
#900 = MECHANICAL_DESIGN_GEOMETRIC_PRESENTATION_REPRESENTATION (  '', ( #3710 ), #701 ) ;
#901 = PRESENTATION_LAYER_ASSIGNMENT (  '', '', ( #2568 ) ) ;
#902 = DIRECTION ( 'NONE',  ( -1.000000000000000000, 0.000000000000000000, -3.452186021844392414E-16 ) ) ;
#903 = SURFACE_STYLE_FILL_AREA ( #3375 ) ;
#904 = LINE ( 'NONE', #3458, #2605 ) ;
#905 = VECTOR ( 'NONE', #3572, 1000.000000000000000 ) ;
#906 = EDGE_LOOP ( 'NONE', ( #2885 ) ) ;
#907 = CARTESIAN_POINT ( 'NONE',  ( -23.89999999999999858, -67.28503393662093401, 8.650000000000007461 ) ) ;
#908 = PLANE ( 'NONE',  #3966 ) ;
#909 = STYLED_ITEM ( 'NONE', ( #3869 ), #4031 ) ;
#910 = EDGE_CURVE ( 'NONE', #2121, #2121, #613, .T. ) ;
#911 =( NAMED_UNIT ( * ) PLANE_ANGLE_UNIT ( ) SI_UNIT ( $, .RADIAN. ) );
#912 =( NAMED_UNIT ( * ) SI_UNIT ( $, .STERADIAN. ) SOLID_ANGLE_UNIT ( ) );
#913 = EDGE_CURVE ( 'NONE', #3021, #934, #3176, .T. ) ;
#914 =( LENGTH_UNIT ( ) NAMED_UNIT ( * ) SI_UNIT ( .MILLI., .METRE. ) );
#915 = SURFACE_STYLE_FILL_AREA ( #932 ) ;
#916 = CARTESIAN_POINT ( 'NONE',  ( 41.14999999999988489, -205.5000000000000284, -199.7533158412937553 ) ) ;
#917 = VERTEX_POINT ( 'NONE', #1988 ) ;
#918 = ORIENTED_EDGE ( 'NONE', *, *, #283, .F. ) ;
#919 = SURFACE_SIDE_STYLE ('',( #3600 ) ) ;
#920 = FILL_AREA_STYLE_COLOUR ( '', #2957 ) ;
#921 = SURFACE_STYLE_FILL_AREA ( #1796 ) ;
#922 = SURFACE_STYLE_USAGE ( .BOTH. , #2594 ) ;
#923 = ORIENTED_EDGE ( 'NONE', *, *, #231, .F. ) ;
#924 =( NAMED_UNIT ( * ) PLANE_ANGLE_UNIT ( ) SI_UNIT ( $, .RADIAN. ) );
#925 = DIRECTION ( 'NONE',  ( 0.000000000000000000, 0.000000000000000000, -1.000000000000000000 ) ) ;
#926 = DIRECTION ( 'NONE',  ( 0.000000000000000000, 1.000000000000000000, 0.000000000000000000 ) ) ;
#927 = VERTEX_POINT ( 'NONE', #1909 ) ;
#928 = EDGE_LOOP ( 'NONE', ( #3333, #2245, #3105, #4003, #4084, #749, #240, #289 ) ) ;
#929 = FILL_AREA_STYLE_COLOUR ( '', #1175 ) ;
#930 = CARTESIAN_POINT ( 'NONE',  ( -61.84999999999989484, -253.5000000000000000, 8.050000000000000711 ) ) ;
#931 = COLOUR_RGB ( '',0.5999999999999999778, 0.1607843137254901800, 0.7529411764705882248 ) ;
#932 = FILL_AREA_STYLE ('',( #1297 ) ) ;
#933 = ADVANCED_FACE ( 'NONE', ( #305, #1262 ), #347, .F. ) ;
#934 = VERTEX_POINT ( 'NONE', #1707 ) ;
#935 = VECTOR ( 'NONE', #3396, 1000.000000000000000 ) ;
#936 = ORIENTED_EDGE ( 'NONE', *, *, #3184, .T. ) ;
#937 = FILL_AREA_STYLE_COLOUR ( '', #3833 ) ;
#938 = VERTEX_POINT ( 'NONE', #1773 ) ;
#939 = EDGE_LOOP ( 'NONE', ( #1252 ) ) ;
#940 = FILL_AREA_STYLE_COLOUR ( '', #126 ) ;
#941 =( NAMED_UNIT ( * ) PLANE_ANGLE_UNIT ( ) SI_UNIT ( $, .RADIAN. ) );
#942 = STYLED_ITEM ( 'NONE', ( #946 ), #933 ) ;
#943 = DIRECTION ( 'NONE',  ( -0.000000000000000000, -1.000000000000000000, -0.000000000000000000 ) ) ;
#944 = ADVANCED_FACE ( 'NONE', ( #2615 ), #3900, .T. ) ;
#945 = AXIS2_PLACEMENT_3D ( 'NONE', #3270, #1709, #3336 ) ;
#946 = PRESENTATION_STYLE_ASSIGNMENT (( #3567 ) ) ;
#947 = CARTESIAN_POINT ( 'NONE',  ( -61.84999999999989484, 49.50000000000004263, 8.050000000000000711 ) ) ;
#948 = ORIENTED_EDGE ( 'NONE', *, *, #1957, .F. ) ;
#949 = SURFACE_STYLE_USAGE ( .BOTH. , #1524 ) ;
#950 = FACE_OUTER_BOUND ( 'NONE', #2873, .T. ) ;
#951 = PRESENTATION_STYLE_ASSIGNMENT (( #29 ) ) ;
#952 = CARTESIAN_POINT ( 'NONE',  ( -0.000000000000000000, -224.7149660633791086, 18.70000000000000995 ) ) ;
#953 = SURFACE_STYLE_FILL_AREA ( #2787 ) ;
#954 = ORIENTED_EDGE ( 'NONE', *, *, #1316, .F. ) ;
#955 = PRESENTATION_STYLE_ASSIGNMENT (( #2824 ) ) ;
#956 = CARTESIAN_POINT ( 'NONE',  ( -23.90000000000000924, 6.500000000000005329, 18.70000000000000995 ) ) ;
#957 = CARTESIAN_POINT ( 'NONE',  ( 10.15000000000000568, -43.50000000000000000, -9.705526843085674726E-15 ) ) ;
#958 = VECTOR ( 'NONE', #2522, 1000.000000000000000 ) ;
#959 = AXIS2_PLACEMENT_3D ( 'NONE', #2172, #1814, #2113 ) ;
#960 = ORIENTED_EDGE ( 'NONE', *, *, #1409, .F. ) ;
#961 = ORIENTED_EDGE ( 'NONE', *, *, #3956, .T. ) ;
#962 = CARTESIAN_POINT ( 'NONE',  ( 1.199999999999999067, -77.28503393662091980, -2.299999999999994937 ) ) ;
#963 = ADVANCED_FACE ( 'NONE', ( #444 ), #1732, .F. ) ;
#964 =( GEOMETRIC_REPRESENTATION_CONTEXT ( 3 ) GLOBAL_UNCERTAINTY_ASSIGNED_CONTEXT ( ( #3962 ) ) GLOBAL_UNIT_ASSIGNED_CONTEXT ( ( #2031, #92, #1416 ) ) REPRESENTATION_CONTEXT ( 'NONE', 'WORKASPACE' ) );
#965 = VERTEX_POINT ( 'NONE', #4069 ) ;
#966 = STYLED_ITEM ( 'NONE', ( #2564 ), #2254 ) ;
#967 = CARTESIAN_POINT ( 'NONE',  ( 1.199999999999998845, -77.28503393662091980, 1.601283208593974035E-16 ) ) ;
#968 = LINE ( 'NONE', #1946, #3809 ) ;
#969 = UNCERTAINTY_MEASURE_WITH_UNIT (LENGTH_MEASURE( 1.000000000000000082E-05 ), #2439, 'distance_accuracy_value', 'NONE');
#970 = CARTESIAN_POINT ( 'NONE',  ( -68.84999999999983800, 0.000000000000000000, 39.80000000000000426 ) ) ;
#971 = LINE ( 'NONE', #87, #821 ) ;
#972 = ORIENTED_EDGE ( 'NONE', *, *, #2200, .T. ) ;
#973 = ADVANCED_FACE ( 'NONE', ( #592 ), #3734, .F. ) ;
#974 = AXIS2_PLACEMENT_3D ( 'NONE', #3924, #1055, #2343 ) ;
#975 = CARTESIAN_POINT ( 'NONE',  ( -23.90000000000000213, -82.28503393662093401, -7.300000000000000711 ) ) ;
#976 = PRESENTATION_LAYER_ASSIGNMENT (  '', '', ( #3254 ) ) ;
#977 =( LENGTH_UNIT ( ) NAMED_UNIT ( * ) SI_UNIT ( .MILLI., .METRE. ) );
#978 = ORIENTED_EDGE ( 'NONE', *, *, #2624, .F. ) ;
#979 = VERTEX_POINT ( 'NONE', #2198 ) ;
#980 = LINE ( 'NONE', #952, #292 ) ;
#981 = LINE ( 'NONE', #4103, #3244 ) ;
#982 = PRESENTATION_LAYER_ASSIGNMENT (  '', '', ( #649 ) ) ;
#983 = EDGE_LOOP ( 'NONE', ( #331 ) ) ;
#984 = STYLED_ITEM ( 'NONE', ( #955 ), #3961 ) ;
#985 = ORIENTED_EDGE ( 'NONE', *, *, #433, .F. ) ;
#986 =( NAMED_UNIT ( * ) PLANE_ANGLE_UNIT ( ) SI_UNIT ( $, .RADIAN. ) );
#987 = LINE ( 'NONE', #1676, #2819 ) ;
#988 = ORIENTED_EDGE ( 'NONE', *, *, #3985, .T. ) ;
#989 = FILL_AREA_STYLE_COLOUR ( '', #831 ) ;
#990 = PRESENTATION_STYLE_ASSIGNMENT (( #673 ) ) ;
#991 = LINE ( 'NONE', #609, #1693 ) ;
#992 = CARTESIAN_POINT ( 'NONE',  ( -39.84999999999993037, -123.2850339366209198, 14.60000000000000853 ) ) ;
#993 = PLANE ( 'NONE',  #3164 ) ;
#994 = PLANE ( 'NONE',  #492 ) ;
#995 = ADVANCED_FACE ( 'NONE', ( #388 ), #993, .F. ) ;
#996 = EDGE_CURVE ( 'NONE', #938, #3649, #971, .T. ) ;
#997 = FILL_AREA_STYLE_COLOUR ( '', #2712 ) ;
#998 = FACE_OUTER_BOUND ( 'NONE', #647, .T. ) ;
#999 = ORIENTED_EDGE ( 'NONE', *, *, #2504, .F. ) ;
#1000 = EDGE_CURVE ( 'NONE', #2349, #3514, #70, .T. ) ;
#1001 = ORIENTED_EDGE ( 'NONE', *, *, #4008, .F. ) ;
#1002 = CARTESIAN_POINT ( 'NONE',  ( -3.800000000000001155, -82.28503393662093401, -1.399999999999989253 ) ) ;
#1003 =( NAMED_UNIT ( * ) PLANE_ANGLE_UNIT ( ) SI_UNIT ( $, .RADIAN. ) );
#1004 = ORIENTED_EDGE ( 'NONE', *, *, #2275, .T. ) ;
#1005 =( NAMED_UNIT ( * ) SI_UNIT ( $, .STERADIAN. ) SOLID_ANGLE_UNIT ( ) );
#1006 = DIRECTION ( 'NONE',  ( 1.000000000000000000, 0.000000000000000000, 0.000000000000000000 ) ) ;
#1007 = VERTEX_POINT ( 'NONE', #50 ) ;
#1008 = CARTESIAN_POINT ( 'NONE',  ( -11.84999999999992681, -201.2850339366208914, 34.70000000000000995 ) ) ;
#1009 = SURFACE_STYLE_FILL_AREA ( #1929 ) ;
#1010 = VECTOR ( 'NONE', #670, 1000.000000000000000 ) ;
#1011 = DIRECTION ( 'NONE',  ( -1.000000000000000000, 0.000000000000000000, -0.000000000000000000 ) ) ;
#1012 = SURFACE_SIDE_STYLE ('',( #1933 ) ) ;
#1013 = CARTESIAN_POINT ( 'NONE',  ( 1.199999999999996181, -57.28503393662091980, 34.70000000000000995 ) ) ;
#1014 = SURFACE_SIDE_STYLE ('',( #448 ) ) ;
#1015 =( GEOMETRIC_REPRESENTATION_CONTEXT ( 3 ) GLOBAL_UNCERTAINTY_ASSIGNED_CONTEXT ( ( #3235 ) ) GLOBAL_UNIT_ASSIGNED_CONTEXT ( ( #3921, #1390, #1075 ) ) REPRESENTATION_CONTEXT ( 'NONE', 'WORKASPACE' ) );
#1016 = FACE_BOUND ( 'NONE', #34, .T. ) ;
#1017 = EDGE_CURVE ( 'NONE', #4026, #4026, #1157, .T. ) ;
#1018 =( NAMED_UNIT ( * ) PLANE_ANGLE_UNIT ( ) SI_UNIT ( $, .RADIAN. ) );
#1019 = COLOUR_RGB ( '',0.5999999999999999778, 0.1607843137254901800, 0.7529411764705882248 ) ;
#1020 = ORIENTED_EDGE ( 'NONE', *, *, #3001, .T. ) ;
#1021 = CARTESIAN_POINT ( 'NONE',  ( 44.14999999999990621, -205.5000000000000284, 21.55000000000004334 ) ) ;
#1022 = EDGE_CURVE ( 'NONE', #2642, #146, #1263, .T. ) ;
#1023 = CARTESIAN_POINT ( 'NONE',  ( -3.800000000000001155, -224.7149660633791086, -37.81245647272603350 ) ) ;
#1024 = STYLED_ITEM ( 'NONE', ( #1810 ), #1515 ) ;
#1025 = SURFACE_STYLE_USAGE ( .BOTH. , #3893 ) ;
#1026 = ORIENTED_EDGE ( 'NONE', *, *, #3369, .T. ) ;
#1027 = VECTOR ( 'NONE', #2767, 1000.000000000000000 ) ;
#1028 = LINE ( 'NONE', #1452, #173 ) ;
#1029 = ORIENTED_EDGE ( 'NONE', *, *, #2652, .F. ) ;
#1030 =( GEOMETRIC_REPRESENTATION_CONTEXT ( 3 ) GLOBAL_UNCERTAINTY_ASSIGNED_CONTEXT ( ( #1790 ) ) GLOBAL_UNIT_ASSIGNED_CONTEXT ( ( #3721, #3142, #2818 ) ) REPRESENTATION_CONTEXT ( 'NONE', 'WORKASPACE' ) );
#1031 =( LENGTH_UNIT ( ) NAMED_UNIT ( * ) SI_UNIT ( .MILLI., .METRE. ) );
#1032 = STYLED_ITEM ( 'NONE', ( #3161 ), #2792 ) ;
#1033 = VECTOR ( 'NONE', #4024, 1000.000000000000000 ) ;
#1034 =( NAMED_UNIT ( * ) SI_UNIT ( $, .STERADIAN. ) SOLID_ANGLE_UNIT ( ) );
#1035 = CARTESIAN_POINT ( 'NONE',  ( -37.85000000000000142, -43.50000000000000000, -7.299999999999997158 ) ) ;
#1036 = FILL_AREA_STYLE_COLOUR ( '', #3366 ) ;
#1037 = AXIS2_PLACEMENT_3D ( 'NONE', #3720, #1525, #4051 ) ;
#1038 =( GEOMETRIC_REPRESENTATION_CONTEXT ( 3 ) GLOBAL_UNCERTAINTY_ASSIGNED_CONTEXT ( ( #3085 ) ) GLOBAL_UNIT_ASSIGNED_CONTEXT ( ( #2876, #924, #3774 ) ) REPRESENTATION_CONTEXT ( 'NONE', 'WORKASPACE' ) );
#1039 = LINE ( 'NONE', #4066, #3053 ) ;
#1040 = COLOUR_RGB ( '',0.5999999999999999778, 0.1607843137254901800, 0.7529411764705882248 ) ;
#1041 = ORIENTED_EDGE ( 'NONE', *, *, #311, .T. ) ;
#1042 = CARTESIAN_POINT ( 'NONE',  ( -11.84999999999992859, -213.2850339366208914, 30.60000000000000853 ) ) ;
#1043 = CARTESIAN_POINT ( 'NONE',  ( -37.85000000000000142, -53.50000000000000711, 36.79999999999991189 ) ) ;
#1044 = FILL_AREA_STYLE_COLOUR ( '', #569 ) ;
#1045 = DIRECTION ( 'NONE',  ( 0.5773502691896226224, -0.5773502691896267303, 0.5773502691896280625 ) ) ;
#1046 = ORIENTED_EDGE ( 'NONE', *, *, #93, .T. ) ;
#1047 = ADVANCED_FACE ( 'NONE', ( #330 ), #1989, .F. ) ;
#1048 = ADVANCED_FACE ( 'NONE', ( #2107 ), #175, .F. ) ;
#1049 = COLOUR_RGB ( '',0.5999999999999999778, 0.1607843137254901800, 0.7529411764705882248 ) ;
#1050 = CARTESIAN_POINT ( 'NONE',  ( 0.000000000000000000, -56.50000000000009237, 39.80000000000000426 ) ) ;
#1051 = ORIENTED_EDGE ( 'NONE', *, *, #3202, .T. ) ;
#1052 = PRESENTATION_STYLE_ASSIGNMENT (( #3020 ) ) ;
#1053 = ORIENTED_EDGE ( 'NONE', *, *, #1207, .F. ) ;
#1054 =( LENGTH_UNIT ( ) NAMED_UNIT ( * ) SI_UNIT ( .MILLI., .METRE. ) );
#1055 = DIRECTION ( 'NONE',  ( -0.000000000000000000, 0.000000000000000000, -1.000000000000000000 ) ) ;
#1056 = CARTESIAN_POINT ( 'NONE',  ( 10.15000000000000568, -253.5000000000000000, -7.299999999999998934 ) ) ;
#1057 =( NAMED_UNIT ( * ) SI_UNIT ( $, .STERADIAN. ) SOLID_ANGLE_UNIT ( ) );
#1058 = ORIENTED_EDGE ( 'NONE', *, *, #1017, .T. ) ;
#1059 = PRESENTATION_STYLE_ASSIGNMENT (( #2899 ) ) ;
#1060 = SURFACE_STYLE_FILL_AREA ( #3277 ) ;
#1061 = LINE ( 'NONE', #2992, #2539 ) ;
#1062 = FILL_AREA_STYLE_COLOUR ( '', #2497 ) ;
#1063 = CARTESIAN_POINT ( 'NONE',  ( -28.90000000000000213, -224.7149660633791086, 34.70000000000000995 ) ) ;
#1064 =( LENGTH_UNIT ( ) NAMED_UNIT ( * ) SI_UNIT ( .MILLI., .METRE. ) );
#1065 = DIRECTION ( 'NONE',  ( 0.000000000000000000, 0.000000000000000000, 1.000000000000000000 ) ) ;
#1066 = CARTESIAN_POINT ( 'NONE',  ( -51.84999999999993037, -111.2850339366209198, 34.70000000000000995 ) ) ;
#1067 = LINE ( 'NONE', #2999, #3049 ) ;
#1068 = DIRECTION ( 'NONE',  ( 0.000000000000000000, 0.000000000000000000, -1.000000000000000000 ) ) ;
#1069 = ORIENTED_EDGE ( 'NONE', *, *, #2404, .T. ) ;
#1070 = FILL_AREA_STYLE_COLOUR ( '', #246 ) ;
#1071 = ORIENTED_EDGE ( 'NONE', *, *, #1957, .T. ) ;
#1072 = LINE ( 'NONE', #477, #2299 ) ;
#1073 = EDGE_CURVE ( 'NONE', #3615, #3748, #1431, .T. ) ;
#1074 = ORIENTED_EDGE ( 'NONE', *, *, #2663, .T. ) ;
#1075 =( NAMED_UNIT ( * ) SI_UNIT ( $, .STERADIAN. ) SOLID_ANGLE_UNIT ( ) );
#1076 = SURFACE_STYLE_FILL_AREA ( #3977 ) ;
#1077 = STYLED_ITEM ( 'NONE', ( #1602 ), #71 ) ;
#1078 = LINE ( 'NONE', #727, #567 ) ;
#1079 = CARTESIAN_POINT ( 'NONE',  ( 1.199999999999999067, -82.28503393662093401, -37.81245647272603350 ) ) ;
#1080 = MECHANICAL_DESIGN_GEOMETRIC_PRESENTATION_REPRESENTATION (  '', ( #1148 ), #3022 ) ;
#1081 = CARTESIAN_POINT ( 'NONE',  ( 1.199999999999999734, -67.28503393662093401, 8.650000000000003908 ) ) ;
#1082 = UNCERTAINTY_MEASURE_WITH_UNIT (LENGTH_MEASURE( 1.000000000000000082E-05 ), #1231, 'distance_accuracy_value', 'NONE');
#1083 = ORIENTED_EDGE ( 'NONE', *, *, #3612, .T. ) ;
#1084 = PRESENTATION_LAYER_ASSIGNMENT (  '', '', ( #3096 ) ) ;
#1085 = DIRECTION ( 'NONE',  ( 0.000000000000000000, 1.000000000000000000, 0.000000000000000000 ) ) ;
#1086 = CARTESIAN_POINT ( 'NONE',  ( 44.14999999999990621, -234.5000000000000000, 21.55000000000004334 ) ) ;
#1087 = DIRECTION ( 'NONE',  ( -1.000000000000000000, 0.000000000000000000, 0.000000000000000000 ) ) ;
#1088 = VECTOR ( 'NONE', #3806, 1000.000000000000000 ) ;
#1089 = ORIENTED_EDGE ( 'NONE', *, *, #2179, .F. ) ;
#1090 = CARTESIAN_POINT ( 'NONE',  ( -13.85000000000000675, -249.7149660633790802, 41.70000000000002416 ) ) ;
#1091 = FILL_AREA_STYLE ('',( #3267 ) ) ;
#1092 = SURFACE_SIDE_STYLE ('',( #170 ) ) ;
#1093 = ORIENTED_EDGE ( 'NONE', *, *, #2158, .F. ) ;
#1094 = MECHANICAL_DESIGN_GEOMETRIC_PRESENTATION_REPRESENTATION (  '', ( #626 ), #2896 ) ;
#1095 = VERTEX_POINT ( 'NONE', #735 ) ;
#1096 = EDGE_CURVE ( 'NONE', #2642, #140, #2022, .T. ) ;
#1097 = FILL_AREA_STYLE ('',( #3953 ) ) ;
#1098 = FACE_OUTER_BOUND ( 'NONE', #2280, .T. ) ;
#1099 = LINE ( 'NONE', #3355, #1219 ) ;
#1100 = PRESENTATION_STYLE_ASSIGNMENT (( #1477 ) ) ;
#1101 = PRESENTATION_LAYER_ASSIGNMENT (  '', '', ( #1911 ) ) ;
#1102 =( GEOMETRIC_REPRESENTATION_CONTEXT ( 3 ) GLOBAL_UNCERTAINTY_ASSIGNED_CONTEXT ( ( #3382 ) ) GLOBAL_UNIT_ASSIGNED_CONTEXT ( ( #454, #3014, #1110 ) ) REPRESENTATION_CONTEXT ( 'NONE', 'WORKASPACE' ) );
#1103 =( GEOMETRIC_REPRESENTATION_CONTEXT ( 3 ) GLOBAL_UNCERTAINTY_ASSIGNED_CONTEXT ( ( #774 ) ) GLOBAL_UNIT_ASSIGNED_CONTEXT ( ( #1638, #692, #3327 ) ) REPRESENTATION_CONTEXT ( 'NONE', 'WORKASPACE' ) );
#1104 = STYLED_ITEM ( 'NONE', ( #3243 ), #2862 ) ;
#1105 = MECHANICAL_DESIGN_GEOMETRIC_PRESENTATION_REPRESENTATION (  '', ( #2117 ), #2840 ) ;
#1106 = STYLED_ITEM ( 'NONE', ( #1421 ), #3298 ) ;
#1107 = VECTOR ( 'NONE', #3356, 1000.000000000000000 ) ;
#1108 =( LENGTH_UNIT ( ) NAMED_UNIT ( * ) SI_UNIT ( .MILLI., .METRE. ) );
#1109 = LINE ( 'NONE', #1654, #2372 ) ;
#1110 =( NAMED_UNIT ( * ) SI_UNIT ( $, .STERADIAN. ) SOLID_ANGLE_UNIT ( ) );
#1111 =( NAMED_UNIT ( * ) SI_UNIT ( $, .STERADIAN. ) SOLID_ANGLE_UNIT ( ) );
#1112 = COLOUR_RGB ( '',0.5999999999999999778, 0.1607843137254901800, 0.7529411764705882248 ) ;
#1113 = DIRECTION ( 'NONE',  ( -1.000000000000000000, 0.000000000000000000, 0.000000000000000000 ) ) ;
#1114 = DIRECTION ( 'NONE',  ( 1.000000000000000000, -0.000000000000000000, 0.000000000000000000 ) ) ;
#1115 = VECTOR ( 'NONE', #4034, 1000.000000000000000 ) ;
#1116 = UNCERTAINTY_MEASURE_WITH_UNIT (LENGTH_MEASURE( 1.000000000000000082E-05 ), #1881, 'distance_accuracy_value', 'NONE');
#1117 = DIRECTION ( 'NONE',  ( -1.000000000000000000, -0.000000000000000000, 1.334402673828312846E-16 ) ) ;
#1118 = DIRECTION ( 'NONE',  ( 1.334402673828312846E-16, 0.000000000000000000, -1.000000000000000000 ) ) ;
#1119 = ORIENTED_EDGE ( 'NONE', *, *, #283, .T. ) ;
#1120 = PRESENTATION_LAYER_ASSIGNMENT (  '', '', ( #984 ) ) ;
#1121 = CARTESIAN_POINT ( 'NONE',  ( 0.1500000000000722145, -213.2850339366208914, 14.60000000000000853 ) ) ;
#1122 = CARTESIAN_POINT ( 'NONE',  ( 21.64999999999989910, -249.7149660633790802, 0.000000000000000000 ) ) ;
#1123 = DIRECTION ( 'NONE',  ( 0.000000000000000000, -1.000000000000000000, -0.000000000000000000 ) ) ;
#1124 = DIRECTION ( 'NONE',  ( 1.000000000000000000, -0.000000000000000000, -0.000000000000000000 ) ) ;
#1125 = UNCERTAINTY_MEASURE_WITH_UNIT (LENGTH_MEASURE( 1.000000000000000082E-05 ), #384, 'distance_accuracy_value', 'NONE');
#1126 = EDGE_LOOP ( 'NONE', ( #2531 ) ) ;
#1127 = FILL_AREA_STYLE ('',( #1501 ) ) ;
#1128 = ADVANCED_FACE ( 'NONE', ( #2726, #1138, #2049, #798, #420, #1098 ), #3998, .T. ) ;
#1129 = CARTESIAN_POINT ( 'NONE',  ( -16.39999999999999147, -57.28503393662091980, -7.299999999999998934 ) ) ;
#1130 = DIRECTION ( 'NONE',  ( -1.000000000000000000, 0.000000000000000000, 0.000000000000000000 ) ) ;
#1131 = ORIENTED_EDGE ( 'NONE', *, *, #3797, .F. ) ;
#1132 = ADVANCED_FACE ( 'NONE', ( #1372, #2646 ), #1412, .T. ) ;
#1133 = ORIENTED_EDGE ( 'NONE', *, *, #4038, .F. ) ;
#1134 = DIRECTION ( 'NONE',  ( -0.000000000000000000, -1.000000000000000000, -0.000000000000000000 ) ) ;
#1135 = ORIENTED_EDGE ( 'NONE', *, *, #3104, .T. ) ;
#1136 = CARTESIAN_POINT ( 'NONE',  ( -23.90000000000000213, 6.500000000000005329, -1.399999999999991473 ) ) ;
#1137 = FILL_AREA_STYLE_COLOUR ( '', #1789 ) ;
#1138 = FACE_BOUND ( 'NONE', #3827, .T. ) ;
#1139 = FACE_BOUND ( 'NONE', #3766, .T. ) ;
#1140 = LINE ( 'NONE', #2421, #1033 ) ;
#1141 = FACE_OUTER_BOUND ( 'NONE', #540, .T. ) ;
#1142 = ORIENTED_EDGE ( 'NONE', *, *, #2221, .T. ) ;
#1143 = CARTESIAN_POINT ( 'NONE',  ( -3.800000000000001155, -67.28503393662093401, 8.650000000000005684 ) ) ;
#1144 = VECTOR ( 'NONE', #1045, 999.9999999999998863 ) ;
#1145 = ADVANCED_FACE ( 'NONE', ( #1242 ), #1795, .F. ) ;
#1146 = VERTEX_POINT ( 'NONE', #4067 ) ;
#1147 = VERTEX_POINT ( 'NONE', #2160 ) ;
#1148 = STYLED_ITEM ( 'NONE', ( #3332 ), #404 ) ;
#1149 = LINE ( 'NONE', #3425, #696 ) ;
#1150 = ORIENTED_EDGE ( 'NONE', *, *, #317, .T. ) ;
#1151 = EDGE_LOOP ( 'NONE', ( #4107, #3672, #1890, #3280 ) ) ;
#1152 = STYLED_ITEM ( 'NONE', ( #399 ), #963 ) ;
#1153 = EDGE_CURVE ( 'NONE', #2454, #2454, #748, .T. ) ;
#1154 = UNCERTAINTY_MEASURE_WITH_UNIT (LENGTH_MEASURE( 1.000000000000000082E-05 ), #1836, 'distance_accuracy_value', 'NONE');
#1155 = LINE ( 'NONE', #875, #3592 ) ;
#1156 = DIRECTION ( 'NONE',  ( 1.000000000000000000, -0.000000000000000000, 0.000000000000000000 ) ) ;
#1157 = CIRCLE ( 'NONE', #3418, 2.550000000000000266 ) ;
#1158 = VECTOR ( 'NONE', #731, 1000.000000000000000 ) ;
#1159 = VERTEX_POINT ( 'NONE', #244 ) ;
#1160 = CARTESIAN_POINT ( 'NONE',  ( 1.200000000000002176, -224.7149660633791086, -37.81245647272603350 ) ) ;
#1161 = SURFACE_STYLE_USAGE ( .BOTH. , #212 ) ;
#1162 = FILL_AREA_STYLE_COLOUR ( '', #554 ) ;
#1163 = UNCERTAINTY_MEASURE_WITH_UNIT (LENGTH_MEASURE( 1.000000000000000082E-05 ), #3488, 'distance_accuracy_value', 'NONE');
#1164 = ORIENTED_EDGE ( 'NONE', *, *, #429, .T. ) ;
#1165 = DIRECTION ( 'NONE',  ( 0.000000000000000000, 1.000000000000000000, 0.000000000000000000 ) ) ;
#1166 = PRESENTATION_LAYER_ASSIGNMENT (  '', '', ( #48 ) ) ;
#1167 = MECHANICAL_DESIGN_GEOMETRIC_PRESENTATION_REPRESENTATION (  '', ( #3241 ), #2242 ) ;
#1168 = PRESENTATION_LAYER_ASSIGNMENT (  '', '', ( #634 ) ) ;
#1169 = CARTESIAN_POINT ( 'NONE',  ( -71.84999999999989484, -249.7149660633790802, 0.000000000000000000 ) ) ;
#1170 = PRESENTATION_LAYER_ASSIGNMENT (  '', '', ( #2176 ) ) ;
#1171 =( NAMED_UNIT ( * ) PLANE_ANGLE_UNIT ( ) SI_UNIT ( $, .RADIAN. ) );
#1172 = EDGE_LOOP ( 'NONE', ( #3214, #356, #1806, #459, #3813 ) ) ;
#1173 = ORIENTED_EDGE ( 'NONE', *, *, #1688, .T. ) ;
#1174 = VECTOR ( 'NONE', #3011, 1000.000000000000000 ) ;
#1175 = COLOUR_RGB ( '',0.5999999999999999778, 0.1607843137254901800, 0.7529411764705882248 ) ;
#1176 = LINE ( 'NONE', #3409, #3129 ) ;
#1177 = CYLINDRICAL_SURFACE ( 'NONE', #3427, 2.550000000000000266 ) ;
#1178 = VECTOR ( 'NONE', #3273, 1000.000000000000000 ) ;
#1179 = LINE ( 'NONE', #2527, #2355 ) ;
#1180 = EDGE_CURVE ( 'NONE', #2349, #397, #1203, .T. ) ;
#1181 = ADVANCED_FACE ( 'NONE', ( #2479, #589 ), #261, .F. ) ;
#1182 = PRESENTATION_LAYER_ASSIGNMENT (  '', '', ( #2785 ) ) ;
#1183 = ORIENTED_EDGE ( 'NONE', *, *, #258, .F. ) ;
#1184 = DIRECTION ( 'NONE',  ( -1.000000000000000000, 6.192700785811047051E-32, -2.775557561562890365E-16 ) ) ;
#1185 = UNCERTAINTY_MEASURE_WITH_UNIT (LENGTH_MEASURE( 1.000000000000000082E-05 ), #2921, 'distance_accuracy_value', 'NONE');
#1186 =( NAMED_UNIT ( * ) SI_UNIT ( $, .STERADIAN. ) SOLID_ANGLE_UNIT ( ) );
#1187 = PRESENTATION_STYLE_ASSIGNMENT (( #4043 ) ) ;
#1188 = COLOUR_RGB ( '',0.5999999999999999778, 0.1607843137254901800, 0.7529411764705882248 ) ;
#1189 = EDGE_CURVE ( 'NONE', #1537, #3990, #2208, .T. ) ;
#1190 = SURFACE_SIDE_STYLE ('',( #3139 ) ) ;
#1191 = SURFACE_STYLE_FILL_AREA ( #4048 ) ;
#1192 = ORIENTED_EDGE ( 'NONE', *, *, #3147, .F. ) ;
#1193 = CARTESIAN_POINT ( 'NONE',  ( -37.85000000000000142, -53.50000000000000711, -24.20000000000001350 ) ) ;
#1194 = VERTEX_POINT ( 'NONE', #3740 ) ;
#1195 = FILL_AREA_STYLE ('',( #1469 ) ) ;
#1196 = ORIENTED_EDGE ( 'NONE', *, *, #1816, .F. ) ;
#1197 =( NAMED_UNIT ( * ) PLANE_ANGLE_UNIT ( ) SI_UNIT ( $, .RADIAN. ) );
#1198 = PRESENTATION_STYLE_ASSIGNMENT (( #2743 ) ) ;
#1199 = LINE ( 'NONE', #3454, #2093 ) ;
#1200 = ORIENTED_EDGE ( 'NONE', *, *, #178, .F. ) ;
#1201 = ORIENTED_EDGE ( 'NONE', *, *, #67, .F. ) ;
#1202 = SURFACE_STYLE_USAGE ( .BOTH. , #2362 ) ;
#1203 = LINE ( 'NONE', #881, #1423 ) ;
#1204 = EDGE_CURVE ( 'NONE', #965, #2842, #3478, .T. ) ;
#1205 = DIRECTION ( 'NONE',  ( 0.000000000000000000, 0.000000000000000000, -1.000000000000000000 ) ) ;
#1206 = SURFACE_STYLE_USAGE ( .BOTH. , #866 ) ;
#1207 = EDGE_CURVE ( 'NONE', #3724, #1509, #2611, .T. ) ;
#1208 = ORIENTED_EDGE ( 'NONE', *, *, #3303, .T. ) ;
#1209 = CARTESIAN_POINT ( 'NONE',  ( 41.14999999999987779, -249.7149660633790802, 131.3520992523448001 ) ) ;
#1210 = CARTESIAN_POINT ( 'NONE',  ( -23.89999999999999858, -67.28503393662093401, 11.83224701954444313 ) ) ;
#1211 = SURFACE_SIDE_STYLE ('',( #2781 ) ) ;
#1212 = CARTESIAN_POINT ( 'NONE',  ( 21.64999999999989910, -57.28503393662091980, 8.049999999999998934 ) ) ;
#1213 = DIRECTION ( 'NONE',  ( -1.000000000000000000, 0.000000000000000000, 0.000000000000000000 ) ) ;
#1214 = DIRECTION ( 'NONE',  ( 1.000000000000000000, 0.000000000000000000, 2.775557561562890365E-16 ) ) ;
#1215 = AXIS2_PLACEMENT_3D ( 'NONE', #238, #3728, #2129 ) ;
#1216 = SURFACE_STYLE_USAGE ( .BOTH. , #476 ) ;
#1217 = DIRECTION ( 'NONE',  ( -1.000000000000000000, -0.000000000000000000, -0.000000000000000000 ) ) ;
#1218 = CARTESIAN_POINT ( 'NONE',  ( -37.85000000000000142, -43.50000000000000711, 26.79999999999987992 ) ) ;
#1219 = VECTOR ( 'NONE', #196, 1000.000000000000000 ) ;
#1220 = VERTEX_POINT ( 'NONE', #66 ) ;
#1221 = SURFACE_STYLE_FILL_AREA ( #4078 ) ;
#1222 = DIRECTION ( 'NONE',  ( -1.387778780781445182E-16, 0.000000000000000000, 1.000000000000000000 ) ) ;
#1223 = ORIENTED_EDGE ( 'NONE', *, *, #1096, .T. ) ;
#1224 = ORIENTED_EDGE ( 'NONE', *, *, #789, .T. ) ;
#1225 = LINE ( 'NONE', #1246, #3187 ) ;
#1226 = COLOUR_RGB ( '',0.5999999999999999778, 0.1607843137254901800, 0.7529411764705882248 ) ;
#1227 = DIRECTION ( 'NONE',  ( 0.000000000000000000, 0.000000000000000000, 1.000000000000000000 ) ) ;
#1228 = EDGE_CURVE ( 'NONE', #2900, #734, #1329, .T. ) ;
#1229 = AXIS2_PLACEMENT_3D ( 'NONE', #3188, #314, #2860 ) ;
#1230 = LINE ( 'NONE', #2503, #3109 ) ;
#1231 =( LENGTH_UNIT ( ) NAMED_UNIT ( * ) SI_UNIT ( .MILLI., .METRE. ) );
#1232 = ORIENTED_EDGE ( 'NONE', *, *, #178, .T. ) ;
#1233 =( NAMED_UNIT ( * ) SI_UNIT ( $, .STERADIAN. ) SOLID_ANGLE_UNIT ( ) );
#1234 = AXIS2_PLACEMENT_3D ( 'NONE', #2757, #2180, #1130 ) ;
#1235 = CARTESIAN_POINT ( 'NONE',  ( 21.64999999999989910, 49.50000000000004263, 13.79999999999999893 ) ) ;
#1236 = ORIENTED_EDGE ( 'NONE', *, *, #3499, .T. ) ;
#1237 = EDGE_LOOP ( 'NONE', ( #3685, #1964, #2351, #1461 ) ) ;
#1238 = VECTOR ( 'NONE', #3879, 1000.000000000000000 ) ;
#1239 = ORIENTED_EDGE ( 'NONE', *, *, #2624, .T. ) ;
#1240 = CARTESIAN_POINT ( 'NONE',  ( -28.90000000000000213, -224.7149660633791086, -37.81245647272603350 ) ) ;
#1241 = AXIS2_PLACEMENT_3D ( 'NONE', #1776, #2419, #197 ) ;
#1242 = FACE_OUTER_BOUND ( 'NONE', #793, .T. ) ;
#1243 = FACE_OUTER_BOUND ( 'NONE', #2136, .T. ) ;
#1244 = CARTESIAN_POINT ( 'NONE',  ( 0.000000000000000000, -263.5000000000000000, 0.000000000000000000 ) ) ;
#1245 =( GEOMETRIC_REPRESENTATION_CONTEXT ( 3 ) GLOBAL_UNCERTAINTY_ASSIGNED_CONTEXT ( ( #3010 ) ) GLOBAL_UNIT_ASSIGNED_CONTEXT ( ( #3456, #545, #3091 ) ) REPRESENTATION_CONTEXT ( 'NONE', 'WORKASPACE' ) );
#1246 = CARTESIAN_POINT ( 'NONE',  ( -28.90000000000000213, -249.7149660633790802, -2.299999999999994493 ) ) ;
#1247 =( NAMED_UNIT ( * ) PLANE_ANGLE_UNIT ( ) SI_UNIT ( $, .RADIAN. ) );
#1248 = DIRECTION ( 'NONE',  ( 0.000000000000000000, -1.000000000000000000, 0.000000000000000000 ) ) ;
#1249 = VECTOR ( 'NONE', #2689, 1000.000000000000000 ) ;
#1250 =( LENGTH_UNIT ( ) NAMED_UNIT ( * ) SI_UNIT ( .MILLI., .METRE. ) );
#1251 = ADVANCED_FACE ( 'NONE', ( #45, #3497 ), #633, .F. ) ;
#1252 = ORIENTED_EDGE ( 'NONE', *, *, #3480, .T. ) ;
#1253 = SURFACE_STYLE_USAGE ( .BOTH. , #2185 ) ;
#1254 = PRODUCT_DEFINITION_SHAPE ( 'NONE', 'NONE',  #785 ) ;
#1255 = DIRECTION ( 'NONE',  ( 0.000000000000000000, -1.000000000000000000, -2.392722035830078972E-16 ) ) ;
#1256 = DIRECTION ( 'NONE',  ( 0.000000000000000000, -0.000000000000000000, 1.000000000000000000 ) ) ;
#1257 = CARTESIAN_POINT ( 'NONE',  ( -28.90000000000000568, -82.28503393662093401, -2.299999999999966960 ) ) ;
#1258 = ORIENTED_EDGE ( 'NONE', *, *, #433, .T. ) ;
#1259 = ORIENTED_EDGE ( 'NONE', *, *, #3322, .F. ) ;
#1260 =( NAMED_UNIT ( * ) SI_UNIT ( $, .STERADIAN. ) SOLID_ANGLE_UNIT ( ) );
#1261 = LINE ( 'NONE', #632, #847 ) ;
#1262 = FACE_OUTER_BOUND ( 'NONE', #906, .T. ) ;
#1263 = LINE ( 'NONE', #1315, #2546 ) ;
#1264 = VERTEX_POINT ( 'NONE', #1927 ) ;
#1265 = PLANE ( 'NONE',  #1376 ) ;
#1266 = FILL_AREA_STYLE_COLOUR ( '', #2423 ) ;
#1267 = SURFACE_SIDE_STYLE ('',( #1588 ) ) ;
#1268 = EDGE_LOOP ( 'NONE', ( #2473 ) ) ;
#1269 = SURFACE_SIDE_STYLE ('',( #2865 ) ) ;
#1270 = EDGE_CURVE ( 'NONE', #3780, #3982, #991, .T. ) ;
#1271 = FILL_AREA_STYLE ('',( #3848 ) ) ;
#1272 = COLOUR_RGB ( '',0.5999999999999999778, 0.1607843137254901800, 0.7529411764705882248 ) ;
#1273 = CARTESIAN_POINT ( 'NONE',  ( 41.14999999999989910, -57.28503393662091980, 21.55000000000003979 ) ) ;
#1274 = CARTESIAN_POINT ( 'NONE',  ( -3.800000000000001155, -224.7149660633791086, -7.299999999999998934 ) ) ;
#1275 = CARTESIAN_POINT ( 'NONE',  ( -23.90000000000000924, 6.500000000000005329, 18.70000000000000995 ) ) ;
#1276 = STYLED_ITEM ( 'NONE', ( #2930 ), #612 ) ;
#1277 = ORIENTED_EDGE ( 'NONE', *, *, #1982, .F. ) ;
#1278 = EDGE_CURVE ( 'NONE', #2447, #3229, #1597, .T. ) ;
#1279 = CARTESIAN_POINT ( 'NONE',  ( -68.84999999999990905, -57.28503393662091980, -199.7533158412937553 ) ) ;
#1280 = CARTESIAN_POINT ( 'NONE',  ( 1.200000000000002176, -224.7149660633791086, -1.399999999999991473 ) ) ;
#1281 = ORIENTED_EDGE ( 'NONE', *, *, #2812, .F. ) ;
#1282 = DIRECTION ( 'NONE',  ( 1.000000000000000000, 0.000000000000000000, 0.000000000000000000 ) ) ;
#1283 =( GEOMETRIC_REPRESENTATION_CONTEXT ( 3 ) GLOBAL_UNCERTAINTY_ASSIGNED_CONTEXT ( ( #2701 ) ) GLOBAL_UNIT_ASSIGNED_CONTEXT ( ( #3045, #1733, #3691 ) ) REPRESENTATION_CONTEXT ( 'NONE', 'WORKASPACE' ) );
#1284 = DIRECTION ( 'NONE',  ( 0.7071067811865509034, 0.000000000000000000, -0.7071067811865442421 ) ) ;
#1285 = PRESENTATION_STYLE_ASSIGNMENT (( #25 ) ) ;
#1286 = DIRECTION ( 'NONE',  ( 0.000000000000000000, 0.000000000000000000, 1.000000000000000000 ) ) ;
#1287 = SURFACE_STYLE_USAGE ( .BOTH. , #3180 ) ;
#1288 =( NAMED_UNIT ( * ) SI_UNIT ( $, .STERADIAN. ) SOLID_ANGLE_UNIT ( ) );
#1289 = VECTOR ( 'NONE', #2076, 1000.000000000000000 ) ;
#1290 = FILL_AREA_STYLE ('',( #33 ) ) ;
#1291 = EDGE_LOOP ( 'NONE', ( #2018, #858, #3539, #2083 ) ) ;
#1292 =( GEOMETRIC_REPRESENTATION_CONTEXT ( 3 ) GLOBAL_UNCERTAINTY_ASSIGNED_CONTEXT ( ( #2039 ) ) GLOBAL_UNIT_ASSIGNED_CONTEXT ( ( #2407, #2178, #1761 ) ) REPRESENTATION_CONTEXT ( 'NONE', 'WORKASPACE' ) );
#1293 = CARTESIAN_POINT ( 'NONE',  ( 41.14999999999987068, 0.000000000000000000, 39.80000000000000426 ) ) ;
#1294 = VERTEX_POINT ( 'NONE', #344 ) ;
#1295 = DIRECTION ( 'NONE',  ( 0.000000000000000000, -1.000000000000000000, 0.000000000000000000 ) ) ;
#1296 = AXIS2_PLACEMENT_3D ( 'NONE', #9, #2859, #2559 ) ;
#1297 = FILL_AREA_STYLE_COLOUR ( '', #1559 ) ;
#1298 = SURFACE_STYLE_USAGE ( .BOTH. , #38 ) ;
#1299 = COLOUR_RGB ( '',0.5999999999999999778, 0.1607843137254901800, 0.7529411764705882248 ) ;
#1300 = COLOUR_RGB ( '',0.5999999999999999778, 0.1607843137254901800, 0.7529411764705882248 ) ;
#1301 = ORIENTED_EDGE ( 'NONE', *, *, #3226, .T. ) ;
#1302 = CYLINDRICAL_SURFACE ( 'NONE', #183, 2.550000000000000266 ) ;
#1303 = ORIENTED_EDGE ( 'NONE', *, *, #3131, .T. ) ;
#1304 = LINE ( 'NONE', #3542, #2457 ) ;
#1305 = DIRECTION ( 'NONE',  ( -0.000000000000000000, -0.000000000000000000, -1.000000000000000000 ) ) ;
#1306 = VECTOR ( 'NONE', #3885, 999.9999999999998863 ) ;
#1307 = COLOUR_RGB ( '',0.5999999999999999778, 0.1607843137254901800, 0.7529411764705882248 ) ;
#1308 = DIRECTION ( 'NONE',  ( -0.000000000000000000, -1.000000000000000000, -0.000000000000000000 ) ) ;
#1309 = EDGE_CURVE ( 'NONE', #342, #1394, #674, .T. ) ;
#1310 = EDGE_CURVE ( 'NONE', #2548, #895, #3255, .T. ) ;
#1311 = UNCERTAINTY_MEASURE_WITH_UNIT (LENGTH_MEASURE( 1.000000000000000082E-05 ), #370, 'distance_accuracy_value', 'NONE');
#1312 = AXIS2_PLACEMENT_3D ( 'NONE', #2344, #1374, #740 ) ;
#1313 = VECTOR ( 'NONE', #3861, 1000.000000000000000 ) ;
#1314 = SURFACE_STYLE_FILL_AREA ( #1649 ) ;
#1315 = CARTESIAN_POINT ( 'NONE',  ( 41.14999999999987779, -234.5000000000000284, -199.7533158412937553 ) ) ;
#1316 = EDGE_CURVE ( 'NONE', #1394, #3393, #2935, .T. ) ;
#1317 = PRESENTATION_STYLE_ASSIGNMENT (( #2618 ) ) ;
#1318 = VECTOR ( 'NONE', #2168, 1000.000000000000000 ) ;
#1319 = DIRECTION ( 'NONE',  ( 0.000000000000000000, -0.000000000000000000, -1.000000000000000000 ) ) ;
#1320 = DIRECTION ( 'NONE',  ( -1.000000000000000000, 0.000000000000000000, -0.000000000000000000 ) ) ;
#1321 = COLOUR_RGB ( '',0.5999999999999999778, 0.1607843137254901800, 0.7529411764705882248 ) ;
#1322 = ORIENTED_EDGE ( 'NONE', *, *, #1740, .F. ) ;
#1323 = ORIENTED_EDGE ( 'NONE', *, *, #1743, .F. ) ;
#1324 = LINE ( 'NONE', #4090, #199 ) ;
#1325 =( LENGTH_UNIT ( ) NAMED_UNIT ( * ) SI_UNIT ( .MILLI., .METRE. ) );
#1326 = CARTESIAN_POINT ( 'NONE',  ( -3.800000000000001155, -82.28503393662093401, 18.70000000000000995 ) ) ;
#1327 = DIRECTION ( 'NONE',  ( 1.000000000000000000, 0.000000000000000000, 2.775557561562890365E-16 ) ) ;
#1328 = LINE ( 'NONE', #1983, #4052 ) ;
#1329 = LINE ( 'NONE', #1280, #1828 ) ;
#1330 = SURFACE_SIDE_STYLE ('',( #2915 ) ) ;
#1331 = EDGE_CURVE ( 'NONE', #318, #1510, #1028, .T. ) ;
#1332 = CARTESIAN_POINT ( 'NONE',  ( -71.84999999999989484, 0.000000000000000000, 0.000000000000000000 ) ) ;
#1333 =( LENGTH_UNIT ( ) NAMED_UNIT ( * ) SI_UNIT ( .MILLI., .METRE. ) );
#1334 = PRESENTATION_STYLE_ASSIGNMENT (( #421 ) ) ;
#1335 = CARTESIAN_POINT ( 'NONE',  ( -61.84999999999989484, -253.5000000000000000, 13.80000000000000071 ) ) ;
#1336 = SURFACE_STYLE_USAGE ( .BOTH. , #518 ) ;
#1337 = EDGE_CURVE ( 'NONE', #2851, #1159, #1072, .T. ) ;
#1338 = EDGE_LOOP ( 'NONE', ( #883, #1716, #1029, #3975 ) ) ;
#1339 = SURFACE_STYLE_USAGE ( .BOTH. , #1996 ) ;
#1340 =( NAMED_UNIT ( * ) PLANE_ANGLE_UNIT ( ) SI_UNIT ( $, .RADIAN. ) );
#1341 = CARTESIAN_POINT ( 'NONE',  ( 19.00000000000000000, -263.5000000000000000, -7.299999999999998934 ) ) ;
#1342 = LINE ( 'NONE', #957, #2285 ) ;
#1343 = EDGE_LOOP ( 'NONE', ( #1223, #2653, #3196, #1973 ) ) ;
#1344 = FACE_OUTER_BOUND ( 'NONE', #3007, .T. ) ;
#1345 = CARTESIAN_POINT ( 'NONE',  ( 41.14999999999989910, -57.28503393662091980, 34.70000000000000995 ) ) ;
#1346 = DIRECTION ( 'NONE',  ( -1.000000000000000000, -0.000000000000000000, 1.334402673828312846E-16 ) ) ;
#1347 = EDGE_LOOP ( 'NONE', ( #574, #1592, #1445, #691 ) ) ;
#1348 = DIRECTION ( 'NONE',  ( 1.000000000000000000, 0.000000000000000000, 0.000000000000000000 ) ) ;
#1349 = VECTOR ( 'NONE', #2765, 1000.000000000000000 ) ;
#1350 = CARTESIAN_POINT ( 'NONE',  ( -3.800000000000001155, -239.7149660633791086, 8.650000000000005684 ) ) ;
#1351 = SURFACE_STYLE_USAGE ( .BOTH. , #661 ) ;
#1352 = CARTESIAN_POINT ( 'NONE',  ( -45.84999999999993037, -117.2850339366209340, 34.60000000000000853 ) ) ;
#1353 = ADVANCED_FACE ( 'NONE', ( #460, #753 ), #3290, .F. ) ;
#1354 =( GEOMETRIC_REPRESENTATION_CONTEXT ( 3 ) GLOBAL_UNCERTAINTY_ASSIGNED_CONTEXT ( ( #969 ) ) GLOBAL_UNIT_ASSIGNED_CONTEXT ( ( #2439, #2346, #1994 ) ) REPRESENTATION_CONTEXT ( 'NONE', 'WORKASPACE' ) );
#1355 = LINE ( 'NONE', #3905, #1379 ) ;
#1356 = ORIENTED_EDGE ( 'NONE', *, *, #3147, .T. ) ;
#1357 =( GEOMETRIC_REPRESENTATION_CONTEXT ( 3 ) GLOBAL_UNCERTAINTY_ASSIGNED_CONTEXT ( ( #1311 ) ) GLOBAL_UNIT_ASSIGNED_CONTEXT ( ( #370, #3217, #641 ) ) REPRESENTATION_CONTEXT ( 'NONE', 'WORKASPACE' ) );
#1358 = CARTESIAN_POINT ( 'NONE',  ( 10.14999999999999325, -263.5000000000000568, -7.299999999999969624 ) ) ;
#1359 = FACE_BOUND ( 'NONE', #364, .T. ) ;
#1360 = DIRECTION ( 'NONE',  ( 0.000000000000000000, -1.000000000000000000, 0.000000000000000000 ) ) ;
#1361 = PLANE ( 'NONE',  #3040 ) ;
#1362 = VECTOR ( 'NONE', #3662, 1000.000000000000000 ) ;
#1363 = DIRECTION ( 'NONE',  ( 0.000000000000000000, 0.000000000000000000, -1.000000000000000000 ) ) ;
#1364 = ORIENTED_EDGE ( 'NONE', *, *, #3111, .F. ) ;
#1365 = ORIENTED_EDGE ( 'NONE', *, *, #4100, .F. ) ;
#1366 =( NAMED_UNIT ( * ) SI_UNIT ( $, .STERADIAN. ) SOLID_ANGLE_UNIT ( ) );
#1367 = DIRECTION ( 'NONE',  ( -0.000000000000000000, -1.000000000000000000, -0.000000000000000000 ) ) ;
#1368 = STYLED_ITEM ( 'NONE', ( #1187 ), #2554 ) ;
#1369 = LINE ( 'NONE', #3920, #3878 ) ;
#1370 = PRESENTATION_LAYER_ASSIGNMENT (  '', '', ( #3178 ) ) ;
#1371 =( NAMED_UNIT ( * ) SI_UNIT ( $, .STERADIAN. ) SOLID_ANGLE_UNIT ( ) );
#1372 = FACE_BOUND ( 'NONE', #2514, .T. ) ;
#1373 = CARTESIAN_POINT ( 'NONE',  ( 0.000000000000000000, 0.000000000000000000, 34.70000000000000995 ) ) ;
#1374 = DIRECTION ( 'NONE',  ( -1.000000000000000000, 0.000000000000000000, 0.000000000000000000 ) ) ;
#1375 = SURFACE_STYLE_USAGE ( .BOTH. , #73 ) ;
#1376 = AXIS2_PLACEMENT_3D ( 'NONE', #2535, #925, #265 ) ;
#1377 = COLOUR_RGB ( '',0.5999999999999999778, 0.1607843137254901800, 0.7529411764705882248 ) ;
#1378 = COLOUR_RGB ( '',0.5999999999999999778, 0.1607843137254901800, 0.7529411764705882248 ) ;
#1379 = VECTOR ( 'NONE', #1627, 1000.000000000000000 ) ;
#1380 = EDGE_CURVE ( 'NONE', #809, #809, #683, .T. ) ;
#1381 = ORIENTED_EDGE ( 'NONE', *, *, #2003, .T. ) ;
#1382 =( NAMED_UNIT ( * ) PLANE_ANGLE_UNIT ( ) SI_UNIT ( $, .RADIAN. ) );
#1383 = FACE_OUTER_BOUND ( 'NONE', #1126, .T. ) ;
#1384 = PRESENTATION_LAYER_ASSIGNMENT (  '', '', ( #3321 ) ) ;
#1385 = ORIENTED_EDGE ( 'NONE', *, *, #1615, .F. ) ;
#1386 = PRESENTATION_STYLE_ASSIGNMENT (( #772 ) ) ;
#1387 = ADVANCED_FACE ( 'NONE', ( #1428, #2977 ), #2084, .T. ) ;
#1388 = ORIENTED_EDGE ( 'NONE', *, *, #1228, .T. ) ;
#1389 = ORIENTED_EDGE ( 'NONE', *, *, #3680, .F. ) ;
#1390 =( NAMED_UNIT ( * ) PLANE_ANGLE_UNIT ( ) SI_UNIT ( $, .RADIAN. ) );
#1391 = DIRECTION ( 'NONE',  ( 1.000000000000000000, -0.000000000000000000, 0.000000000000000000 ) ) ;
#1392 = CARTESIAN_POINT ( 'NONE',  ( -51.84999999999993037, 0.000000000000000000, 34.70000000000000995 ) ) ;
#1393 = DIRECTION ( 'NONE',  ( 1.362813340167057608E-16, 0.000000000000000000, -1.000000000000000000 ) ) ;
#1394 = VERTEX_POINT ( 'NONE', #3039 ) ;
#1395 = FILL_AREA_STYLE ('',( #1062 ) ) ;
#1396 = VERTEX_POINT ( 'NONE', #2724 ) ;
#1397 = ORIENTED_EDGE ( 'NONE', *, *, #14, .T. ) ;
#1398 = FILL_AREA_STYLE ('',( #2333 ) ) ;
#1399 = SURFACE_STYLE_FILL_AREA ( #79 ) ;
#1400 = LINE ( 'NONE', #771, #90 ) ;
#1401 = EDGE_CURVE ( 'NONE', #586, #342, #3919, .T. ) ;
#1402 = DIRECTION ( 'NONE',  ( 0.000000000000000000, 1.000000000000000000, 2.231155596111649629E-16 ) ) ;
#1403 = UNCERTAINTY_MEASURE_WITH_UNIT (LENGTH_MEASURE( 1.000000000000000082E-05 ), #155, 'distance_accuracy_value', 'NONE');
#1404 = CARTESIAN_POINT ( 'NONE',  ( 20.10000000000001918, -67.28503393662093401, 8.650000000000002132 ) ) ;
#1405 = ORIENTED_EDGE ( 'NONE', *, *, #310, .T. ) ;
#1406 = CARTESIAN_POINT ( 'NONE',  ( 0.000000000000000000, -213.2850339366208914, 34.70000000000000995 ) ) ;
#1407 = DIRECTION ( 'NONE',  ( 1.000000000000000000, 0.000000000000000000, 1.334402673828312846E-16 ) ) ;
#1408 = EDGE_LOOP ( 'NONE', ( #2147 ) ) ;
#1409 = EDGE_CURVE ( 'NONE', #2843, #3114, #1792, .T. ) ;
#1410 = UNCERTAINTY_MEASURE_WITH_UNIT (LENGTH_MEASURE( 1.000000000000000082E-05 ), #865, 'distance_accuracy_value', 'NONE');
#1411 = DIRECTION ( 'NONE',  ( -1.000000000000000000, 0.000000000000000000, -0.000000000000000000 ) ) ;
#1412 = PLANE ( 'NONE',  #546 ) ;
#1413 = DIRECTION ( 'NONE',  ( 0.000000000000000000, 0.000000000000000000, -1.000000000000000000 ) ) ;
#1414 = AXIS2_PLACEMENT_3D ( 'NONE', #2863, #2538, #76 ) ;
#1415 = UNCERTAINTY_MEASURE_WITH_UNIT (LENGTH_MEASURE( 1.000000000000000082E-05 ), #3081, 'distance_accuracy_value', 'NONE');
#1416 =( NAMED_UNIT ( * ) SI_UNIT ( $, .STERADIAN. ) SOLID_ANGLE_UNIT ( ) );
#1417 = VECTOR ( 'NONE', #1348, 1000.000000000000000 ) ;
#1418 = CARTESIAN_POINT ( 'NONE',  ( -11.84999999999992681, -201.2850339366208914, 14.60000000000000853 ) ) ;
#1419 =( NAMED_UNIT ( * ) PLANE_ANGLE_UNIT ( ) SI_UNIT ( $, .RADIAN. ) );
#1420 = ORIENTED_EDGE ( 'NONE', *, *, #194, .T. ) ;
#1421 = PRESENTATION_STYLE_ASSIGNMENT (( #3967 ) ) ;
#1422 = DIRECTION ( 'NONE',  ( 1.000000000000000000, -0.000000000000000000, -0.000000000000000000 ) ) ;
#1423 = VECTOR ( 'NONE', #3071, 1000.000000000000000 ) ;
#1424 = CARTESIAN_POINT ( 'NONE',  ( 34.14999999999990621, 49.50000000000004263, 13.80000000000000249 ) ) ;
#1425 = LINE ( 'NONE', #3971, #198 ) ;
#1426 = VECTOR ( 'NONE', #3764, 1000.000000000000000 ) ;
#1427 = ORIENTED_EDGE ( 'NONE', *, *, #2363, .F. ) ;
#1428 = FACE_BOUND ( 'NONE', #3019, .T. ) ;
#1429 = ORIENTED_EDGE ( 'NONE', *, *, #3559, .T. ) ;
#1430 =( GEOMETRIC_REPRESENTATION_CONTEXT ( 3 ) GLOBAL_UNCERTAINTY_ASSIGNED_CONTEXT ( ( #3948 ) ) GLOBAL_UNIT_ASSIGNED_CONTEXT ( ( #607, #3828, #1260 ) ) REPRESENTATION_CONTEXT ( 'NONE', 'WORKASPACE' ) );
#1431 = LINE ( 'NONE', #3632, #743 ) ;
#1432 = EDGE_CURVE ( 'NONE', #1095, #3083, #2492, .T. ) ;
#1433 = LINE ( 'NONE', #483, #2884 ) ;
#1434 =( NAMED_UNIT ( * ) SI_UNIT ( $, .STERADIAN. ) SOLID_ANGLE_UNIT ( ) );
#1435 = MECHANICAL_DESIGN_GEOMETRIC_PRESENTATION_REPRESENTATION (  '', ( #1911 ), #1030 ) ;
#1436 = COLOUR_RGB ( '',0.5999999999999999778, 0.1607843137254901800, 0.7529411764705882248 ) ;
#1437 = ORIENTED_EDGE ( 'NONE', *, *, #4082, .F. ) ;
#1438 = MECHANICAL_DESIGN_GEOMETRIC_PRESENTATION_REPRESENTATION (  '', ( #1104 ), #3578 ) ;
#1439 = AXIS2_PLACEMENT_3D ( 'NONE', #1373, #2258, #3530 ) ;
#1440 = MECHANICAL_DESIGN_GEOMETRIC_PRESENTATION_REPRESENTATION (  '', ( #1106 ), #704 ) ;
#1441 = VECTOR ( 'NONE', #2209, 1000.000000000000114 ) ;
#1442 = DIRECTION ( 'NONE',  ( 0.000000000000000000, 1.000000000000000000, -0.000000000000000000 ) ) ;
#1443 = LINE ( 'NONE', #4027, #42 ) ;
#1444 = SURFACE_STYLE_USAGE ( .BOTH. , #1526 ) ;
#1445 = ORIENTED_EDGE ( 'NONE', *, *, #2762, .T. ) ;
#1446 = DIRECTION ( 'NONE',  ( -1.000000000000000000, 0.000000000000000000, 0.000000000000000000 ) ) ;
#1447 = FILL_AREA_STYLE ('',( #500 ) ) ;
#1448 = PRESENTATION_STYLE_ASSIGNMENT (( #3701 ) ) ;
#1449 = COLOUR_RGB ( '',0.5999999999999999778, 0.1607843137254901800, 0.7529411764705882248 ) ;
#1450 = UNCERTAINTY_MEASURE_WITH_UNIT (LENGTH_MEASURE( 1.000000000000000082E-05 ), #1741, 'distance_accuracy_value', 'NONE');
#1451 = DIRECTION ( 'NONE',  ( -0.000000000000000000, -0.000000000000000000, 1.000000000000000000 ) ) ;
#1452 = CARTESIAN_POINT ( 'NONE',  ( -23.90000000000000924, -82.28503393662093401, -37.81245647272603350 ) ) ;
#1453 = COLOUR_RGB ( '',0.5999999999999999778, 0.1607843137254901800, 0.7529411764705882248 ) ;
#1454 = UNCERTAINTY_MEASURE_WITH_UNIT (LENGTH_MEASURE( 1.000000000000000082E-05 ), #3768, 'distance_accuracy_value', 'NONE');
#1455 = EDGE_LOOP ( 'NONE', ( #3264, #1859, #4007, #1083 ) ) ;
#1456 =( NAMED_UNIT ( * ) SI_UNIT ( $, .STERADIAN. ) SOLID_ANGLE_UNIT ( ) );
#1457 = LINE ( 'NONE', #2727, #836 ) ;
#1458 = CARTESIAN_POINT ( 'NONE',  ( -28.90000000000000213, -239.7149660633791086, 8.650000000000009237 ) ) ;
#1459 = EDGE_CURVE ( 'NONE', #437, #606, #3996, .T. ) ;
#1460 = UNCERTAINTY_MEASURE_WITH_UNIT (LENGTH_MEASURE( 1.000000000000000082E-05 ), #914, 'distance_accuracy_value', 'NONE');
#1461 = ORIENTED_EDGE ( 'NONE', *, *, #3202, .F. ) ;
#1462 = UNCERTAINTY_MEASURE_WITH_UNIT (LENGTH_MEASURE( 1.000000000000000082E-05 ), #2886, 'distance_accuracy_value', 'NONE');
#1463 = DIRECTION ( 'NONE',  ( -1.362813340167057608E-16, 0.000000000000000000, -1.000000000000000000 ) ) ;
#1464 = ADVANCED_FACE ( 'NONE', ( #563 ), #4035, .F. ) ;
#1465 = DIRECTION ( 'NONE',  ( -0.5773502691896235106, -0.5773502691896250649, -0.5773502691896288397 ) ) ;
#1466 = ORIENTED_EDGE ( 'NONE', *, *, #556, .F. ) ;
#1467 = VERTEX_POINT ( 'NONE', #2806 ) ;
#1468 = CARTESIAN_POINT ( 'NONE',  ( -45.90000000000014779, -79.44999999999994600, 62.74999999999991473 ) ) ;
#1469 = FILL_AREA_STYLE_COLOUR ( '', #496 ) ;
#1470 = SURFACE_STYLE_FILL_AREA ( #861 ) ;
#1471 = FACE_OUTER_BOUND ( 'NONE', #147, .T. ) ;
#1472 = CARTESIAN_POINT ( 'NONE',  ( 0.000000000000000000, -250.5000000000001137, 39.80000000000000426 ) ) ;
#1473 = UNCERTAINTY_MEASURE_WITH_UNIT (LENGTH_MEASURE( 1.000000000000000082E-05 ), #1595, 'distance_accuracy_value', 'NONE');
#1474 = SURFACE_SIDE_STYLE ('',( #277 ) ) ;
#1475 = CARTESIAN_POINT ( 'NONE',  ( 34.14999999999990621, -57.28503393662091980, 0.000000000000000000 ) ) ;
#1476 =( LENGTH_UNIT ( ) NAMED_UNIT ( * ) SI_UNIT ( .MILLI., .METRE. ) );
#1477 = SURFACE_STYLE_USAGE ( .BOTH. , #3937 ) ;
#1478 = PRESENTATION_LAYER_ASSIGNMENT (  '', '', ( #1885 ) ) ;
#1479 = VECTOR ( 'NONE', #1446, 1000.000000000000000 ) ;
#1480 = ORIENTED_EDGE ( 'NONE', *, *, #2101, .T. ) ;
#1481 = VERTEX_POINT ( 'NONE', #2416 ) ;
#1482 = EDGE_CURVE ( 'NONE', #1537, #3114, #4074, .T. ) ;
#1483 = CARTESIAN_POINT ( 'NONE',  ( -3.800000000000001155, -38.50000000000000000, -7.299999999999998934 ) ) ;
#1484 = VECTOR ( 'NONE', #3472, 1000.000000000000000 ) ;
#1485 = CARTESIAN_POINT ( 'NONE',  ( -17.22500000000000142, -73.50000000000007105, -3.199999999999999734 ) ) ;
#1486 = EDGE_CURVE ( 'NONE', #2403, #3204, #844, .T. ) ;
#1487 = ORIENTED_EDGE ( 'NONE', *, *, #3450, .F. ) ;
#1488 = MECHANICAL_DESIGN_GEOMETRIC_PRESENTATION_REPRESENTATION (  '', ( #2360 ), #1759 ) ;
#1489 = SURFACE_STYLE_FILL_AREA ( #2163 ) ;
#1490 = UNCERTAINTY_MEASURE_WITH_UNIT (LENGTH_MEASURE( 1.000000000000000082E-05 ), #3092, 'distance_accuracy_value', 'NONE');
#1491 = EDGE_LOOP ( 'NONE', ( #2425 ) ) ;
#1492 = LINE ( 'NONE', #2763, #1115 ) ;
#1493 = FACE_OUTER_BOUND ( 'NONE', #983, .T. ) ;
#1494 = EDGE_CURVE ( 'NONE', #2942, #263, #2789, .T. ) ;
#1495 = PRESENTATION_LAYER_ASSIGNMENT (  '', '', ( #3824 ) ) ;
#1496 = CARTESIAN_POINT ( 'NONE',  ( -71.84999999999989484, 0.000000000000000000, 36.79999999999991900 ) ) ;
#1497 = STYLED_ITEM ( 'NONE', ( #210 ), #1181 ) ;
#1498 = ORIENTED_EDGE ( 'NONE', *, *, #2762, .F. ) ;
#1499 = SURFACE_STYLE_FILL_AREA ( #2680 ) ;
#1500 = AXIS2_PLACEMENT_3D ( 'NONE', #1722, #1674, #725 ) ;
#1501 = FILL_AREA_STYLE_COLOUR ( '', #237 ) ;
#1502 = DIRECTION ( 'NONE',  ( -0.000000000000000000, -1.000000000000000000, -0.000000000000000000 ) ) ;
#1503 = STYLED_ITEM ( 'NONE', ( #3446 ), #2795 ) ;
#1504 = VECTOR ( 'NONE', #513, 999.9999999999998863 ) ;
#1505 = CIRCLE ( 'NONE', #1037, 2.550000000000000266 ) ;
#1506 = CARTESIAN_POINT ( 'NONE',  ( -9.149999999999925748, -207.2850339366208914, 30.60000000000000853 ) ) ;
#1507 = FILL_AREA_STYLE_COLOUR ( '', #3960 ) ;
#1508 = DIRECTION ( 'NONE',  ( 0.000000000000000000, -2.231155596111649629E-16, 1.000000000000000000 ) ) ;
#1509 = VERTEX_POINT ( 'NONE', #897 ) ;
#1510 = VERTEX_POINT ( 'NONE', #1874 ) ;
#1511 = CARTESIAN_POINT ( 'NONE',  ( -45.84999999999993037, -117.2850339366209340, 34.60000000000000853 ) ) ;
#1512 = VECTOR ( 'NONE', #721, 1000.000000000000000 ) ;
#1513 = MECHANICAL_DESIGN_GEOMETRIC_PRESENTATION_REPRESENTATION (  '', ( #3044 ), #2053 ) ;
#1514 = CARTESIAN_POINT ( 'NONE',  ( -49.34999999999989484, 49.50000000000004263, 13.80000000000000249 ) ) ;
#1515 = ADVANCED_FACE ( 'NONE', ( #2186, #1493 ), #1177, .F. ) ;
#1516 =( GEOMETRIC_REPRESENTATION_CONTEXT ( 3 ) GLOBAL_UNCERTAINTY_ASSIGNED_CONTEXT ( ( #1116 ) ) GLOBAL_UNIT_ASSIGNED_CONTEXT ( ( #1881, #1535, #3808 ) ) REPRESENTATION_CONTEXT ( 'NONE', 'WORKASPACE' ) );
#1517 = CARTESIAN_POINT ( 'NONE',  ( -11.84999999999992681, -201.2850339366208914, 30.60000000000000853 ) ) ;
#1518 = EDGE_CURVE ( 'NONE', #3820, #3802, #3248, .T. ) ;
#1519 = VECTOR ( 'NONE', #1897, 1000.000000000000000 ) ;
#1520 = PRESENTATION_STYLE_ASSIGNMENT (( #1202 ) ) ;
#1521 =( NAMED_UNIT ( * ) PLANE_ANGLE_UNIT ( ) SI_UNIT ( $, .RADIAN. ) );
#1522 =( NAMED_UNIT ( * ) PLANE_ANGLE_UNIT ( ) SI_UNIT ( $, .RADIAN. ) );
#1523 = VECTOR ( 'NONE', #776, 1000.000000000000000 ) ;
#1524 = SURFACE_SIDE_STYLE ('',( #1838 ) ) ;
#1525 = DIRECTION ( 'NONE',  ( 1.186688945009009831E-16, 0.000000000000000000, -1.000000000000000000 ) ) ;
#1526 = SURFACE_SIDE_STYLE ('',( #3127 ) ) ;
#1527 = CARTESIAN_POINT ( 'NONE',  ( -3.227793930424506582E-15, -43.50000000000000000, 18.70000000000001350 ) ) ;
#1528 = ORIENTED_EDGE ( 'NONE', *, *, #2937, .T. ) ;
#1529 =( LENGTH_UNIT ( ) NAMED_UNIT ( * ) SI_UNIT ( .MILLI., .METRE. ) );
#1530 = FILL_AREA_STYLE_COLOUR ( '', #443 ) ;
#1531 = ADVANCED_FACE ( 'NONE', ( #3799 ), #3470, .F. ) ;
#1532 = CARTESIAN_POINT ( 'NONE',  ( -3.799999999999998046, -263.5000000000000000, 18.70000000000001350 ) ) ;
#1533 = PLANE ( 'NONE',  #312 ) ;
#1534 =( LENGTH_UNIT ( ) NAMED_UNIT ( * ) SI_UNIT ( .MILLI., .METRE. ) );
#1535 =( NAMED_UNIT ( * ) PLANE_ANGLE_UNIT ( ) SI_UNIT ( $, .RADIAN. ) );
#1536 = EDGE_CURVE ( 'NONE', #2780, #2780, #4025, .T. ) ;
#1537 = VERTEX_POINT ( 'NONE', #2282 ) ;
#1538 = FILL_AREA_STYLE ('',( #1582 ) ) ;
#1539 = PLANE ( 'NONE',  #1312 ) ;
#1540 = CARTESIAN_POINT ( 'NONE',  ( 34.14999999999990621, 49.50000000000004263, 8.049999999999998934 ) ) ;
#1541 = PRESENTATION_STYLE_ASSIGNMENT (( #1869 ) ) ;
#1542 = CLOSED_SHELL ( 'NONE', ( #1048, #719, #404, #1662, #2386, #2390, #1952, #2481, #2342, #2792, #2862, #119, #933, #1515, #1251, #2658, #1906, #2603, #2254, #846, #2135, #1531, #4061, #2831, #2547, #2795, #1464, #2080, #3051, #2152, #1145, #3586, #3631, #995, #3272, #2231, #1047, #2313, #963, #2554, #973, #2020, #1882, #3758, #3839, #1777, #1353, #71, #2061, #3887, #2187, #358, #612, #1584, #4031, #3785, #145, #19, #3257, #3016, #1843, #3378, #3347, #1128, #3298, #2482, #2702, #1717, #4104, #1876, #2060, #736, #1181, #2520, #1387, #1132, #1938, #2994, #760, #944, #3073, #3046, #3752, #3533, #2278, #851, #2304, #3961, #1562, #2815 ) ) ;
#1543 = FACE_BOUND ( 'NONE', #2250, .T. ) ;
#1544 = CARTESIAN_POINT ( 'NONE',  ( 44.14999999999990621, -205.5000000000000284, 32.05000000000004690 ) ) ;
#1545 = VECTOR ( 'NONE', #887, 1000.000000000000000 ) ;
#1546 = ORIENTED_EDGE ( 'NONE', *, *, #3731, .F. ) ;
#1547 = SURFACE_STYLE_USAGE ( .BOTH. , #1269 ) ;
#1548 = AXIS2_PLACEMENT_3D ( 'NONE', #2476, #2188, #3431 ) ;
#1549 = CARTESIAN_POINT ( 'NONE',  ( -0.000000000000000000, -82.28503393662093401, 18.70000000000000995 ) ) ;
#1550 = STYLED_ITEM ( 'NONE', ( #2645 ), #944 ) ;
#1551 =( NAMED_UNIT ( * ) PLANE_ANGLE_UNIT ( ) SI_UNIT ( $, .RADIAN. ) );
#1552 = SURFACE_SIDE_STYLE ('',( #588 ) ) ;
#1553 = COLOUR_RGB ( '',0.5999999999999999778, 0.1607843137254901800, 0.7529411764705882248 ) ;
#1554 = SURFACE_STYLE_USAGE ( .BOTH. , #1474 ) ;
#1555 = CARTESIAN_POINT ( 'NONE',  ( 44.14999999999990621, -234.5000000000000000, 32.05000000000003979 ) ) ;
#1556 = MECHANICAL_DESIGN_GEOMETRIC_PRESENTATION_REPRESENTATION (  '', ( #1497 ), #3564 ) ;
#1557 = EDGE_CURVE ( 'NONE', #146, #2675, #1917, .T. ) ;
#1558 =( NAMED_UNIT ( * ) SI_UNIT ( $, .STERADIAN. ) SOLID_ANGLE_UNIT ( ) );
#1559 = COLOUR_RGB ( '',0.5999999999999999778, 0.1607843137254901800, 0.7529411764705882248 ) ;
#1560 = SURFACE_STYLE_USAGE ( .BOTH. , #3157 ) ;
#1561 = VECTOR ( 'NONE', #1951, 1000.000000000000000 ) ;
#1562 = ADVANCED_FACE ( 'NONE', ( #3517 ), #4091, .F. ) ;
#1563 = VERTEX_POINT ( 'NONE', #1210 ) ;
#1564 =( NAMED_UNIT ( * ) SI_UNIT ( $, .STERADIAN. ) SOLID_ANGLE_UNIT ( ) );
#1565 = PRESENTATION_LAYER_ASSIGNMENT (  '', '', ( #3241 ) ) ;
#1566 = VERTEX_POINT ( 'NONE', #2526 ) ;
#1567 = PRESENTATION_LAYER_ASSIGNMENT (  '', '', ( #1032 ) ) ;
#1568 =( NAMED_UNIT ( * ) SI_UNIT ( $, .STERADIAN. ) SOLID_ANGLE_UNIT ( ) );
#1569 = AXIS2_PLACEMENT_3D ( 'NONE', #3660, #787, #2715 ) ;
#1570 = DIRECTION ( 'NONE',  ( -0.000000000000000000, -0.000000000000000000, -1.000000000000000000 ) ) ;
#1571 = PRESENTATION_LAYER_ASSIGNMENT (  '', '', ( #243 ) ) ;
#1572 = ORIENTED_EDGE ( 'NONE', *, *, #3322, .T. ) ;
#1573 = VERTEX_POINT ( 'NONE', #142 ) ;
#1574 = CARTESIAN_POINT ( 'NONE',  ( 34.14999999999990621, -249.7149660633790802, 8.049999999999998934 ) ) ;
#1575 = COLOUR_RGB ( '',0.5999999999999999778, 0.1607843137254901800, 0.7529411764705882248 ) ;
#1576 = FILL_AREA_STYLE_COLOUR ( '', #2674 ) ;
#1577 = SURFACE_STYLE_FILL_AREA ( #571 ) ;
#1578 = SURFACE_STYLE_USAGE ( .BOTH. , #3237 ) ;
#1579 =( NAMED_UNIT ( * ) PLANE_ANGLE_UNIT ( ) SI_UNIT ( $, .RADIAN. ) );
#1580 = SURFACE_SIDE_STYLE ('',( #349 ) ) ;
#1581 = MECHANICAL_DESIGN_GEOMETRIC_PRESENTATION_REPRESENTATION (  '', ( #2257 ), #2852 ) ;
#1582 = FILL_AREA_STYLE_COLOUR ( '', #3374 ) ;
#1583 =( NAMED_UNIT ( * ) SI_UNIT ( $, .STERADIAN. ) SOLID_ANGLE_UNIT ( ) );
#1584 = ADVANCED_FACE ( 'NONE', ( #3891 ), #1696, .T. ) ;
#1585 = DIRECTION ( 'NONE',  ( 0.000000000000000000, -1.000000000000000000, 0.000000000000000000 ) ) ;
#1586 = AXIS2_PLACEMENT_3D ( 'NONE', #1169, #1442, #2733 ) ;
#1587 = CARTESIAN_POINT ( 'NONE',  ( -16.39999999999999147, -57.28503393662091980, -1.399999999999991696 ) ) ;
#1588 = SURFACE_STYLE_FILL_AREA ( #1607 ) ;
#1589 = EDGE_CURVE ( 'NONE', #2842, #732, #3343, .T. ) ;
#1590 = ORIENTED_EDGE ( 'NONE', *, *, #451, .F. ) ;
#1591 =( NAMED_UNIT ( * ) PLANE_ANGLE_UNIT ( ) SI_UNIT ( $, .RADIAN. ) );
#1592 = ORIENTED_EDGE ( 'NONE', *, *, #2754, .F. ) ;
#1593 = LINE ( 'NONE', #896, #3447 ) ;
#1594 =( NAMED_UNIT ( * ) SI_UNIT ( $, .STERADIAN. ) SOLID_ANGLE_UNIT ( ) );
#1595 =( LENGTH_UNIT ( ) NAMED_UNIT ( * ) SI_UNIT ( .MILLI., .METRE. ) );
#1596 = ORIENTED_EDGE ( 'NONE', *, *, #1189, .F. ) ;
#1597 = LINE ( 'NONE', #1899, #3952 ) ;
#1598 = DIRECTION ( 'NONE',  ( -0.7071067811865497932, 0.000000000000000000, 0.7071067811865453523 ) ) ;
#1599 = CARTESIAN_POINT ( 'NONE',  ( 10.15000000000000568, -43.50000000000000000, 26.79999999999987992 ) ) ;
#1600 = CARTESIAN_POINT ( 'NONE',  ( 34.14999999999990621, -53.50000000000000000, -1.193668243919732465E-14 ) ) ;
#1601 = ORIENTED_EDGE ( 'NONE', *, *, #2735, .T. ) ;
#1602 = PRESENTATION_STYLE_ASSIGNMENT (( #3744 ) ) ;
#1603 =( NAMED_UNIT ( * ) PLANE_ANGLE_UNIT ( ) SI_UNIT ( $, .RADIAN. ) );
#1604 = DIRECTION ( 'NONE',  ( 0.000000000000000000, 0.000000000000000000, -1.000000000000000000 ) ) ;
#1605 = EDGE_LOOP ( 'NONE', ( #3951, #2864, #775, #2371 ) ) ;
#1606 = DIRECTION ( 'NONE',  ( 0.000000000000000000, -1.000000000000000000, 0.000000000000000000 ) ) ;
#1607 = FILL_AREA_STYLE ('',( #597 ) ) ;
#1608 = ORIENTED_EDGE ( 'NONE', *, *, #1278, .T. ) ;
#1609 = PRESENTATION_STYLE_ASSIGNMENT (( #1547 ) ) ;
#1610 = EDGE_CURVE ( 'NONE', #3229, #318, #2670, .T. ) ;
#1611 = SURFACE_STYLE_USAGE ( .BOTH. , #1940 ) ;
#1612 = DIRECTION ( 'NONE',  ( 0.000000000000000000, 0.000000000000000000, -1.000000000000000000 ) ) ;
#1613 = SURFACE_STYLE_FILL_AREA ( #1657 ) ;
#1614 = VECTOR ( 'NONE', #1570, 1000.000000000000000 ) ;
#1615 = EDGE_CURVE ( 'NONE', #1159, #1264, #3621, .T. ) ;
#1616 = CARTESIAN_POINT ( 'NONE',  ( -51.84999999999993037, -111.2850339366209198, 30.60000000000000853 ) ) ;
#1617 = ORIENTED_EDGE ( 'NONE', *, *, #2731, .F. ) ;
#1618 = STYLED_ITEM ( 'NONE', ( #1198 ), #846 ) ;
#1619 = CARTESIAN_POINT ( 'NONE',  ( 0.000000000000000000, -224.7149660633791086, 34.70000000000000995 ) ) ;
#1620 = MECHANICAL_DESIGN_GEOMETRIC_PRESENTATION_REPRESENTATION (  '', ( #681 ), #3693 ) ;
#1621 = FILL_AREA_STYLE_COLOUR ( '', #1820 ) ;
#1622 =( NAMED_UNIT ( * ) SI_UNIT ( $, .STERADIAN. ) SOLID_ANGLE_UNIT ( ) );
#1623 = EDGE_LOOP ( 'NONE', ( #1053, #2745, #2881, #3855, #3354 ) ) ;
#1624 = CARTESIAN_POINT ( 'NONE',  ( 1.199999999999999734, -239.7149660633791086, 8.650000000000003908 ) ) ;
#1625 = CARTESIAN_POINT ( 'NONE',  ( -23.90000000000000213, 6.500000000000005329, -1.399999999999991473 ) ) ;
#1626 = PRESENTATION_STYLE_ASSIGNMENT (( #1336 ) ) ;
#1627 = DIRECTION ( 'NONE',  ( 1.000000000000000000, 0.000000000000000000, 0.000000000000000000 ) ) ;
#1628 = ORIENTED_EDGE ( 'NONE', *, *, #2357, .F. ) ;
#1629 = CARTESIAN_POINT ( 'NONE',  ( 34.14999999999990621, -249.7149660633790802, 0.000000000000000000 ) ) ;
#1630 = EDGE_LOOP ( 'NONE', ( #1466, #3190, #1142, #2017 ) ) ;
#1631 = EDGE_LOOP ( 'NONE', ( #1365, #1164, #655, #2305 ) ) ;
#1632 = CARTESIAN_POINT ( 'NONE',  ( 34.14999999999990621, -234.5000000000000000, 21.55000000000004334 ) ) ;
#1633 = LINE ( 'NONE', #1341, #2707 ) ;
#1634 = DIRECTION ( 'NONE',  ( 0.000000000000000000, 0.000000000000000000, -1.000000000000000000 ) ) ;
#1635 = VECTOR ( 'NONE', #1465, 999.9999999999998863 ) ;
#1636 =( GEOMETRIC_REPRESENTATION_CONTEXT ( 3 ) GLOBAL_UNCERTAINTY_ASSIGNED_CONTEXT ( ( #2375 ) ) GLOBAL_UNIT_ASSIGNED_CONTEXT ( ( #3562, #2912, #3287 ) ) REPRESENTATION_CONTEXT ( 'NONE', 'WORKASPACE' ) );
#1637 = ORIENTED_EDGE ( 'NONE', *, *, #2967, .T. ) ;
#1638 =( LENGTH_UNIT ( ) NAMED_UNIT ( * ) SI_UNIT ( .MILLI., .METRE. ) );
#1639 = PRESENTATION_STYLE_ASSIGNMENT (( #366 ) ) ;
#1640 = VERTEX_POINT ( 'NONE', #2308 ) ;
#1641 = DIRECTION ( 'NONE',  ( -0.000000000000000000, -2.231155596111649629E-16, 1.000000000000000000 ) ) ;
#1642 = DIRECTION ( 'NONE',  ( 1.334402673828312846E-16, 0.000000000000000000, -1.000000000000000000 ) ) ;
#1643 = AXIS2_PLACEMENT_3D ( 'NONE', #1625, #307, #1868 ) ;
#1644 = ORIENTED_EDGE ( 'NONE', *, *, #886, .F. ) ;
#1645 = PRESENTATION_LAYER_ASSIGNMENT (  '', '', ( #3772 ) ) ;
#1646 = EDGE_CURVE ( 'NONE', #2557, #1566, #2971, .T. ) ;
#1647 = AXIS2_PLACEMENT_3D ( 'NONE', #1352, #3903, #2358 ) ;
#1648 = VECTOR ( 'NONE', #1065, 1000.000000000000000 ) ;
#1649 = FILL_AREA_STYLE ('',( #1621 ) ) ;
#1650 = CARTESIAN_POINT ( 'NONE',  ( 41.14999999999988489, -205.5000000000000284, 32.05000000000005400 ) ) ;
#1651 = VECTOR ( 'NONE', #2130, 1000.000000000000000 ) ;
#1652 = SURFACE_STYLE_FILL_AREA ( #2008 ) ;
#1653 = DIRECTION ( 'NONE',  ( 0.000000000000000000, 0.000000000000000000, 1.000000000000000000 ) ) ;
#1654 = CARTESIAN_POINT ( 'NONE',  ( 34.14999999999990621, -205.5000000000000284, 32.05000000000004690 ) ) ;
#1655 = FILL_AREA_STYLE ('',( #1044 ) ) ;
#1656 = LINE ( 'NONE', #1274, #2452 ) ;
#1657 = FILL_AREA_STYLE ('',( #3826 ) ) ;
#1658 = ORIENTED_EDGE ( 'NONE', *, *, #2676, .F. ) ;
#1659 = SURFACE_STYLE_FILL_AREA ( #392 ) ;
#1660 = LINE ( 'NONE', #2934, #2830 ) ;
#1661 = CARTESIAN_POINT ( 'NONE',  ( -28.90000000000000924, 0.000000000000000000, 34.70000000000000995 ) ) ;
#1662 = ADVANCED_FACE ( 'NONE', ( #1997 ), #3013, .F. ) ;
#1663 = PLANE ( 'NONE',  #1887 ) ;
#1664 = CARTESIAN_POINT ( 'NONE',  ( -37.85000000000000142, -250.5000000000001137, 39.80000000000000426 ) ) ;
#1665 = DIRECTION ( 'NONE',  ( -1.000000000000000000, 0.000000000000000000, -0.000000000000000000 ) ) ;
#1666 = EDGE_CURVE ( 'NONE', #3082, #2813, #1109, .T. ) ;
#1667 = PRESENTATION_STYLE_ASSIGNMENT (( #1351 ) ) ;
#1668 = FILL_AREA_STYLE_COLOUR ( '', #2909 ) ;
#1669 = CARTESIAN_POINT ( 'NONE',  ( -39.84999999999993037, -123.2850339366209198, 30.60000000000000853 ) ) ;
#1670 = EDGE_LOOP ( 'NONE', ( #3747 ) ) ;
#1671 = FILL_AREA_STYLE_COLOUR ( '', #3182 ) ;
#1672 = VERTEX_POINT ( 'NONE', #1043 ) ;
#1673 = CARTESIAN_POINT ( 'NONE',  ( -23.90000000000000924, -263.5000000000000000, 18.70000000000000995 ) ) ;
#1674 = DIRECTION ( 'NONE',  ( -0.7071067811865453523, 0.000000000000000000, -0.7071067811865497932 ) ) ;
#1675 = FACE_OUTER_BOUND ( 'NONE', #4001, .T. ) ;
#1676 = CARTESIAN_POINT ( 'NONE',  ( 21.64999999999989910, -253.5000000000000000, 13.79999999999999893 ) ) ;
#1677 = VERTEX_POINT ( 'NONE', #520 ) ;
#1678 = AXIS2_PLACEMENT_3D ( 'NONE', #1244, #3256, #3666 ) ;
#1679 = PRESENTATION_STYLE_ASSIGNMENT (( #3003 ) ) ;
#1680 = LINE ( 'NONE', #2955, #2420 ) ;
#1681 = ORIENTED_EDGE ( 'NONE', *, *, #3111, .T. ) ;
#1682 = MECHANICAL_DESIGN_GEOMETRIC_PRESENTATION_REPRESENTATION (  '', ( #3882 ), #2212 ) ;
#1683 =( NAMED_UNIT ( * ) SI_UNIT ( $, .STERADIAN. ) SOLID_ANGLE_UNIT ( ) );
#1684 = VECTOR ( 'NONE', #690, 1000.000000000000000 ) ;
#1685 = DIRECTION ( 'NONE',  ( -1.219727444046191502E-16, -1.000000000000000000, 0.000000000000000000 ) ) ;
#1686 =( LENGTH_UNIT ( ) NAMED_UNIT ( * ) SI_UNIT ( .MILLI., .METRE. ) );
#1687 = COLOUR_RGB ( '',0.5999999999999999778, 0.1607843137254901800, 0.7529411764705882248 ) ;
#1688 = EDGE_CURVE ( 'NONE', #2981, #1981, #1804, .T. ) ;
#1689 = PRESENTATION_LAYER_ASSIGNMENT (  '', '', ( #3490 ) ) ;
#1690 = DIRECTION ( 'NONE',  ( 0.000000000000000000, 1.000000000000000000, -0.000000000000000000 ) ) ;
#1691 = EDGE_CURVE ( 'NONE', #2907, #3021, #1443, .T. ) ;
#1692 =( LENGTH_UNIT ( ) NAMED_UNIT ( * ) SI_UNIT ( .MILLI., .METRE. ) );
#1693 = VECTOR ( 'NONE', #1945, 1000.000000000000000 ) ;
#1694 = CARTESIAN_POINT ( 'NONE',  ( 34.14999999999990621, -205.5000000000000284, 21.55000000000004334 ) ) ;
#1695 = ORIENTED_EDGE ( 'NONE', *, *, #1615, .T. ) ;
#1696 = PLANE ( 'NONE',  #1500 ) ;
#1697 = CARTESIAN_POINT ( 'NONE',  ( 41.14999999999987779, -234.5000000000000000, 32.05000000000003979 ) ) ;
#1698 = VECTOR ( 'NONE', #161, 1000.000000000000000 ) ;
#1699 = DIRECTION ( 'NONE',  ( -1.000000000000000000, 0.000000000000000000, 0.000000000000000000 ) ) ;
#1700 = DIRECTION ( 'NONE',  ( 0.000000000000000000, 0.000000000000000000, -1.000000000000000000 ) ) ;
#1701 = ORIENTED_EDGE ( 'NONE', *, *, #1153, .T. ) ;
#1702 = FACE_OUTER_BOUND ( 'NONE', #1291, .T. ) ;
#1703 =( NAMED_UNIT ( * ) PLANE_ANGLE_UNIT ( ) SI_UNIT ( $, .RADIAN. ) );
#1704 = ORIENTED_EDGE ( 'NONE', *, *, #822, .T. ) ;
#1705 = FILL_AREA_STYLE ('',( #1747 ) ) ;
#1706 = EDGE_LOOP ( 'NONE', ( #3476, #3231, #3609, #1601, #2399, #3390, #86, #2975 ) ) ;
#1707 = CARTESIAN_POINT ( 'NONE',  ( -37.85000000000000142, -253.5000000000000000, 36.80000000000009663 ) ) ;
#1708 = VECTOR ( 'NONE', #3341, 1000.000000000000000 ) ;
#1709 = DIRECTION ( 'NONE',  ( -1.387778780781445182E-16, 0.000000000000000000, 1.000000000000000000 ) ) ;
#1710 = SURFACE_STYLE_FILL_AREA ( #2297 ) ;
#1711 = DIRECTION ( 'NONE',  ( 0.000000000000000000, 2.231155596111649629E-16, -1.000000000000000000 ) ) ;
#1712 = PRESENTATION_STYLE_ASSIGNMENT (( #402 ) ) ;
#1713 = MECHANICAL_DESIGN_GEOMETRIC_PRESENTATION_REPRESENTATION (  '', ( #430 ), #1038 ) ;
#1714 = CARTESIAN_POINT ( 'NONE',  ( -28.90000000000000568, -57.28503393662091980, -2.299999999999966960 ) ) ;
#1715 = AXIS2_PLACEMENT_3D ( 'NONE', #1726, #355, #2600 ) ;
#1716 = ORIENTED_EDGE ( 'NONE', *, *, #1331, .F. ) ;
#1717 = ADVANCED_FACE ( 'NONE', ( #2756, #535 ), #3102, .F. ) ;
#1718 = CARTESIAN_POINT ( 'NONE',  ( -3.800000000000000711, -43.50000000000000000, 6.559153441504347362E-16 ) ) ;
#1719 = AXIS2_PLACEMENT_3D ( 'NONE', #2494, #1833, #568 ) ;
#1720 = ORIENTED_EDGE ( 'NONE', *, *, #510, .F. ) ;
#1721 = DIRECTION ( 'NONE',  ( 1.334402673828312846E-16, 0.000000000000000000, 1.000000000000000000 ) ) ;
#1722 = CARTESIAN_POINT ( 'NONE',  ( -28.90000000000000213, -229.7149660633791086, -2.299999999999994937 ) ) ;
#1723 = EDGE_CURVE ( 'NONE', #4065, #723, #980, .T. ) ;
#1724 = CARTESIAN_POINT ( 'NONE',  ( 1.200000000000002176, -249.7149660633790802, 34.70000000000000995 ) ) ;
#1725 = VECTOR ( 'NONE', #3165, 1000.000000000000000 ) ;
#1726 = CARTESIAN_POINT ( 'NONE',  ( 1.199999999999999067, -77.28503393662091980, -2.299999999999994937 ) ) ;
#1727 = DIRECTION ( 'NONE',  ( 0.000000000000000000, 0.000000000000000000, -1.000000000000000000 ) ) ;
#1728 = AXIS2_PLACEMENT_3D ( 'NONE', #3205, #3817, #335 ) ;
#1729 = CARTESIAN_POINT ( 'NONE',  ( -61.84999999999989484, 49.50000000000004263, 13.80000000000000071 ) ) ;
#1730 = DIRECTION ( 'NONE',  ( -0.000000000000000000, -0.000000000000000000, -1.000000000000000000 ) ) ;
#1731 = ORIENTED_EDGE ( 'NONE', *, *, #2966, .F. ) ;
#1732 = PLANE ( 'NONE',  #2490 ) ;
#1733 =( NAMED_UNIT ( * ) PLANE_ANGLE_UNIT ( ) SI_UNIT ( $, .RADIAN. ) );
#1734 = LINE ( 'NONE', #1122, #815 ) ;
#1735 = SURFACE_STYLE_FILL_AREA ( #3656 ) ;
#1736 = PRESENTATION_STYLE_ASSIGNMENT (( #2324 ) ) ;
#1737 = ORIENTED_EDGE ( 'NONE', *, *, #3680, .T. ) ;
#1738 = EDGE_LOOP ( 'NONE', ( #1150, #2805, #1748, #2688, #2234, #2903, #3837, #1071, #3677, #262, #1681, #2078 ) ) ;
#1739 = CARTESIAN_POINT ( 'NONE',  ( 1.200000000000002176, -224.7149660633791086, -7.300000000000000711 ) ) ;
#1740 = EDGE_CURVE ( 'NONE', #3899, #1146, #1230, .T. ) ;
#1741 =( LENGTH_UNIT ( ) NAMED_UNIT ( * ) SI_UNIT ( .MILLI., .METRE. ) );
#1742 = EDGE_CURVE ( 'NONE', #2286, #3494, #336, .T. ) ;
#1743 = EDGE_CURVE ( 'NONE', #3082, #2642, #2878, .T. ) ;
#1744 = UNCERTAINTY_MEASURE_WITH_UNIT (LENGTH_MEASURE( 1.000000000000000082E-05 ), #270, 'distance_accuracy_value', 'NONE');
#1745 = DIRECTION ( 'NONE',  ( 0.000000000000000000, 0.000000000000000000, 1.000000000000000000 ) ) ;
#1746 = VERTEX_POINT ( 'NONE', #3464 ) ;
#1747 = FILL_AREA_STYLE_COLOUR ( '', #549 ) ;
#1748 = ORIENTED_EDGE ( 'NONE', *, *, #216, .T. ) ;
#1749 = EDGE_CURVE ( 'NONE', #1976, #2684, #3534, .T. ) ;
#1750 = LINE ( 'NONE', #544, #108 ) ;
#1751 = SURFACE_SIDE_STYLE ('',( #1076 ) ) ;
#1752 = CARTESIAN_POINT ( 'NONE',  ( -49.34999999999989484, -249.7149660633791086, 13.80000000000000249 ) ) ;
#1753 = VECTOR ( 'NONE', #1134, 1000.000000000000000 ) ;
#1754 = EDGE_LOOP ( 'NONE', ( #2604, #918, #1020, #2000 ) ) ;
#1755 = UNCERTAINTY_MEASURE_WITH_UNIT (LENGTH_MEASURE( 1.000000000000000082E-05 ), #3626, 'distance_accuracy_value', 'NONE');
#1756 = EDGE_LOOP ( 'NONE', ( #3698, #2224, #2657, #954 ) ) ;
#1757 = FACE_OUTER_BOUND ( 'NONE', #2694, .T. ) ;
#1758 = AXIS2_PLACEMENT_3D ( 'NONE', #1332, #2532, #2578 ) ;
#1759 =( GEOMETRIC_REPRESENTATION_CONTEXT ( 3 ) GLOBAL_UNCERTAINTY_ASSIGNED_CONTEXT ( ( #2272 ) ) GLOBAL_UNIT_ASSIGNED_CONTEXT ( ( #1054, #463, #3610 ) ) REPRESENTATION_CONTEXT ( 'NONE', 'WORKASPACE' ) );
#1760 = DIRECTION ( 'NONE',  ( -0.000000000000000000, -0.000000000000000000, 1.000000000000000000 ) ) ;
#1761 =( NAMED_UNIT ( * ) SI_UNIT ( $, .STERADIAN. ) SOLID_ANGLE_UNIT ( ) );
#1762 = CARTESIAN_POINT ( 'NONE',  ( 41.14999999999988489, -205.5000000000000284, 21.55000000000004334 ) ) ;
#1763 = ORIENTED_EDGE ( 'NONE', *, *, #3001, .F. ) ;
#1764 = SURFACE_STYLE_USAGE ( .BOTH. , #2973 ) ;
#1765 = DIRECTION ( 'NONE',  ( 0.000000000000000000, 0.000000000000000000, 1.000000000000000000 ) ) ;
#1766 = PRESENTATION_LAYER_ASSIGNMENT (  '', '', ( #823 ) ) ;
#1767 = CARTESIAN_POINT ( 'NONE',  ( -71.84999999999989484, -249.7149660633790802, -7.300000000000000711 ) ) ;
#1768 = MECHANICAL_DESIGN_GEOMETRIC_PRESENTATION_REPRESENTATION (  '', ( #3031 ), #230 ) ;
#1769 =( LENGTH_UNIT ( ) NAMED_UNIT ( * ) SI_UNIT ( .MILLI., .METRE. ) );
#1770 = EDGE_CURVE ( 'NONE', #3645, #1791, #3222, .T. ) ;
#1771 = ORIENTED_EDGE ( 'NONE', *, *, #564, .T. ) ;
#1772 = VECTOR ( 'NONE', #218, 1000.000000000000114 ) ;
#1773 = CARTESIAN_POINT ( 'NONE',  ( -49.34999999999989484, -53.50000000000000000, 8.050000000000000711 ) ) ;
#1774 = DIRECTION ( 'NONE',  ( -1.000000000000000000, 1.219727444046191502E-16, 0.000000000000000000 ) ) ;
#1775 = DIRECTION ( 'NONE',  ( 1.000000000000000000, 0.000000000000000000, 1.186688945009009831E-16 ) ) ;
#1776 = CARTESIAN_POINT ( 'NONE',  ( -45.84999999999993037, -117.2850339366209340, 30.60000000000000853 ) ) ;
#1777 = ADVANCED_FACE ( 'NONE', ( #1141, #514 ), #3074, .F. ) ;
#1778 = COLOUR_RGB ( '',0.5999999999999999778, 0.1607843137254901800, 0.7529411764705882248 ) ;
#1779 = CIRCLE ( 'NONE', #697, 2.550000000000000266 ) ;
#1780 = FILL_AREA_STYLE_COLOUR ( '', #2502 ) ;
#1781 = FACE_BOUND ( 'NONE', #2468, .T. ) ;
#1782 = VECTOR ( 'NONE', #2666, 1000.000000000000000 ) ;
#1783 = CARTESIAN_POINT ( 'NONE',  ( -51.84999999999993037, -123.2850339366209198, 14.60000000000000853 ) ) ;
#1784 = PLANE ( 'NONE',  #2836 ) ;
#1785 = VECTOR ( 'NONE', #1861, 1000.000000000000000 ) ;
#1786 = ORIENTED_EDGE ( 'NONE', *, *, #2659, .T. ) ;
#1787 = CARTESIAN_POINT ( 'NONE',  ( 21.64999999999989910, -57.28503393662091980, 0.000000000000000000 ) ) ;
#1788 = FACE_OUTER_BOUND ( 'NONE', #1754, .T. ) ;
#1789 = COLOUR_RGB ( '',0.5999999999999999778, 0.1607843137254901800, 0.7529411764705882248 ) ;
#1790 = UNCERTAINTY_MEASURE_WITH_UNIT (LENGTH_MEASURE( 1.000000000000000082E-05 ), #3721, 'distance_accuracy_value', 'NONE');
#1791 = VERTEX_POINT ( 'NONE', #385 ) ;
#1792 = LINE ( 'NONE', #2459, #2232 ) ;
#1793 = VECTOR ( 'NONE', #200, 1000.000000000000000 ) ;
#1794 = CARTESIAN_POINT ( 'NONE',  ( 44.14999999999990621, -253.5000000000000000, 36.80000000000008953 ) ) ;
#1795 = PLANE ( 'NONE',  #2892 ) ;
#1796 = FILL_AREA_STYLE ('',( #511 ) ) ;
#1797 = FILL_AREA_STYLE_COLOUR ( '', #1575 ) ;
#1798 = FACE_OUTER_BOUND ( 'NONE', #2144, .T. ) ;
#1799 = EDGE_CURVE ( 'NONE', #684, #138, #1660, .T. ) ;
#1800 = UNCERTAINTY_MEASURE_WITH_UNIT (LENGTH_MEASURE( 1.000000000000000082E-05 ), #1686, 'distance_accuracy_value', 'NONE');
#1801 = ORIENTED_EDGE ( 'NONE', *, *, #3405, .T. ) ;
#1802 = CARTESIAN_POINT ( 'NONE',  ( 10.15000000000000568, -38.50000000000000000, -7.299999999999998934 ) ) ;
#1803 = SURFACE_STYLE_FILL_AREA ( #867 ) ;
#1804 = LINE ( 'NONE', #3080, #1772 ) ;
#1805 = SURFACE_SIDE_STYLE ('',( #4054 ) ) ;
#1806 = ORIENTED_EDGE ( 'NONE', *, *, #3955, .F. ) ;
#1807 = ORIENTED_EDGE ( 'NONE', *, *, #3859, .F. ) ;
#1808 =( LENGTH_UNIT ( ) NAMED_UNIT ( * ) SI_UNIT ( .MILLI., .METRE. ) );
#1809 = CARTESIAN_POINT ( 'NONE',  ( 1.199999999999999067, -57.28503393662091980, -2.299999999999994937 ) ) ;
#1810 = PRESENTATION_STYLE_ASSIGNMENT (( #3394 ) ) ;
#1811 = DIRECTION ( 'NONE',  ( -1.000000000000000000, 0.000000000000000000, 0.000000000000000000 ) ) ;
#1812 = CARTESIAN_POINT ( 'NONE',  ( 1.200000000000000400, -249.7149660633790802, -1.200962406445481759E-16 ) ) ;
#1813 = SURFACE_STYLE_USAGE ( .BOTH. , #527 ) ;
#1814 = DIRECTION ( 'NONE',  ( -0.7071067811865497932, 0.000000000000000000, 0.7071067811865453523 ) ) ;
#1815 = LINE ( 'NONE', #1802, #4098 ) ;
#1816 = EDGE_CURVE ( 'NONE', #138, #2574, #2290, .T. ) ;
#1817 = CIRCLE ( 'NONE', #1548, 6.000000000000005329 ) ;
#1818 = PRESENTATION_STYLE_ASSIGNMENT (( #533 ) ) ;
#1819 = LINE ( 'NONE', #469, #2329 ) ;
#1820 = COLOUR_RGB ( '',0.5999999999999999778, 0.1607843137254901800, 0.7529411764705882248 ) ;
#1821 = PRESENTATION_STYLE_ASSIGNMENT (( #3032 ) ) ;
#1822 = ORIENTED_EDGE ( 'NONE', *, *, #3661, .F. ) ;
#1823 = EDGE_CURVE ( 'NONE', #1677, #1640, #1750, .T. ) ;
#1824 =( GEOMETRIC_REPRESENTATION_CONTEXT ( 3 ) GLOBAL_UNCERTAINTY_ASSIGNED_CONTEXT ( ( #69 ) ) GLOBAL_UNIT_ASSIGNED_CONTEXT ( ( #3754, #3773, #1622 ) ) REPRESENTATION_CONTEXT ( 'NONE', 'WORKASPACE' ) );
#1825 = FILL_AREA_STYLE_COLOUR ( '', #2775 ) ;
#1826 = LINE ( 'NONE', #3428, #131 ) ;
#1827 =( LENGTH_UNIT ( ) NAMED_UNIT ( * ) SI_UNIT ( .MILLI., .METRE. ) );
#1828 = VECTOR ( 'NONE', #1006, 1000.000000000000000 ) ;
#1829 = CARTESIAN_POINT ( 'NONE',  ( -23.90000000000000213, -57.28503393662091980, -7.299999999999998934 ) ) ;
#1830 = ORIENTED_EDGE ( 'NONE', *, *, #111, .T. ) ;
#1831 = ORIENTED_EDGE ( 'NONE', *, *, #148, .F. ) ;
#1832 = COLOUR_RGB ( '',0.5999999999999999778, 0.1607843137254901800, 0.7529411764705882248 ) ;
#1833 = DIRECTION ( 'NONE',  ( 0.000000000000000000, 0.000000000000000000, -1.000000000000000000 ) ) ;
#1834 = DIRECTION ( 'NONE',  ( 0.000000000000000000, 0.000000000000000000, -1.000000000000000000 ) ) ;
#1835 = FACE_BOUND ( 'NONE', #3033, .T. ) ;
#1836 =( LENGTH_UNIT ( ) NAMED_UNIT ( * ) SI_UNIT ( .MILLI., .METRE. ) );
#1837 = VECTOR ( 'NONE', #2097, 1000.000000000000000 ) ;
#1838 = SURFACE_STYLE_FILL_AREA ( #1538 ) ;
#1839 =( NAMED_UNIT ( * ) SI_UNIT ( $, .STERADIAN. ) SOLID_ANGLE_UNIT ( ) );
#1840 = VECTOR ( 'NONE', #252, 1000.000000000000000 ) ;
#1841 = COLOUR_RGB ( '',0.5999999999999999778, 0.1607843137254901800, 0.7529411764705882248 ) ;
#1842 = VERTEX_POINT ( 'NONE', #2330 ) ;
#1843 = ADVANCED_FACE ( 'NONE', ( #2716 ), #3599, .T. ) ;
#1844 = MECHANICAL_DESIGN_GEOMETRIC_PRESENTATION_REPRESENTATION (  '', ( #1985 ), #4040 ) ;
#1845 = CARTESIAN_POINT ( 'NONE',  ( -28.90000000000000213, -239.7149660633791086, 11.20000000000000817 ) ) ;
#1846 = MECHANICAL_DESIGN_GEOMETRIC_PRESENTATION_REPRESENTATION (  '', ( #3245 ), #427 ) ;
#1847 = FILL_AREA_STYLE ('',( #2162 ) ) ;
#1848 = FILL_AREA_STYLE ('',( #2472 ) ) ;
#1849 = EDGE_LOOP ( 'NONE', ( #105 ) ) ;
#1850 = DIRECTION ( 'NONE',  ( 0.000000000000000000, 0.000000000000000000, -1.000000000000000000 ) ) ;
#1851 = PRESENTATION_LAYER_ASSIGNMENT (  '', '', ( #4046 ) ) ;
#1852 = FACE_OUTER_BOUND ( 'NONE', #2856, .T. ) ;
#1853 = EDGE_CURVE ( 'NONE', #718, #3229, #2269, .T. ) ;
#1854 = ORIENTED_EDGE ( 'NONE', *, *, #1901, .F. ) ;
#1855 = PRESENTATION_STYLE_ASSIGNMENT (( #1216 ) ) ;
#1856 = CARTESIAN_POINT ( 'NONE',  ( 44.14999999999990621, -253.4999999999999432, -7.299999999999998934 ) ) ;
#1857 =( GEOMETRIC_REPRESENTATION_CONTEXT ( 3 ) GLOBAL_UNCERTAINTY_ASSIGNED_CONTEXT ( ( #179 ) ) GLOBAL_UNIT_ASSIGNED_CONTEXT ( ( #2270, #3477, #1005 ) ) REPRESENTATION_CONTEXT ( 'NONE', 'WORKASPACE' ) );
#1858 = CARTESIAN_POINT ( 'NONE',  ( 41.14999999999989910, -57.28503393662091980, -7.300000000000000711 ) ) ;
#1859 = ORIENTED_EDGE ( 'NONE', *, *, #2838, .T. ) ;
#1860 = ORIENTED_EDGE ( 'NONE', *, *, #639, .F. ) ;
#1861 = DIRECTION ( 'NONE',  ( -0.000000000000000000, -0.000000000000000000, 1.000000000000000000 ) ) ;
#1862 =( NAMED_UNIT ( * ) PLANE_ANGLE_UNIT ( ) SI_UNIT ( $, .RADIAN. ) );
#1863 = SURFACE_SIDE_STYLE ('',( #1577 ) ) ;
#1864 =( NAMED_UNIT ( * ) SI_UNIT ( $, .STERADIAN. ) SOLID_ANGLE_UNIT ( ) );
#1865 = VECTOR ( 'NONE', #2927, 1000.000000000000000 ) ;
#1866 = VERTEX_POINT ( 'NONE', #2225 ) ;
#1867 = SURFACE_STYLE_USAGE ( .BOTH. , #3838 ) ;
#1868 = DIRECTION ( 'NONE',  ( -1.000000000000000000, 0.000000000000000000, -1.186688945009009831E-16 ) ) ;
#1869 = SURFACE_STYLE_USAGE ( .BOTH. , #3421 ) ;
#1870 = DIRECTION ( 'NONE',  ( -0.000000000000000000, 1.000000000000000000, 0.000000000000000000 ) ) ;
#1871 = ORIENTED_EDGE ( 'NONE', *, *, #4038, .T. ) ;
#1872 = SURFACE_STYLE_USAGE ( .BOTH. , #2721 ) ;
#1873 = SURFACE_STYLE_FILL_AREA ( #4072 ) ;
#1874 = CARTESIAN_POINT ( 'NONE',  ( -23.90000000000000924, -82.28503393662093401, 18.70000000000000995 ) ) ;
#1875 = DIRECTION ( 'NONE',  ( 0.000000000000000000, 0.000000000000000000, 1.000000000000000000 ) ) ;
#1876 = ADVANCED_FACE ( 'NONE', ( #1943 ), #1895, .F. ) ;
#1877 = SURFACE_SIDE_STYLE ('',( #2549 ) ) ;
#1878 = ORIENTED_EDGE ( 'NONE', *, *, #1518, .F. ) ;
#1879 = FILL_AREA_STYLE_COLOUR ( '', #228 ) ;
#1880 = DIRECTION ( 'NONE',  ( 0.000000000000000000, 0.000000000000000000, -1.000000000000000000 ) ) ;
#1881 =( LENGTH_UNIT ( ) NAMED_UNIT ( * ) SI_UNIT ( .MILLI., .METRE. ) );
#1882 = ADVANCED_FACE ( 'NONE', ( #3854, #2530 ), #1302, .F. ) ;
#1883 = ADVANCED_BREP_SHAPE_REPRESENTATION ( 'RD_BottomNewMovedPowerSwitchNoUsb_Final__Default__0157F6A1EE4B', ( #3432, #1728 ), #3923 ) ;
#1884 = EDGE_LOOP ( 'NONE', ( #3474, #1208, #320, #1281 ) ) ;
#1885 = STYLED_ITEM ( 'NONE', ( #3992 ), #19 ) ;
#1886 = LINE ( 'NONE', #3866, #958 ) ;
#1887 = AXIS2_PLACEMENT_3D ( 'NONE', #2317, #396, #3590 ) ;
#1888 = VERTEX_POINT ( 'NONE', #576 ) ;
#1889 = DIRECTION ( 'NONE',  ( 0.000000000000000000, -1.000000000000000000, 0.000000000000000000 ) ) ;
#1890 = ORIENTED_EDGE ( 'NONE', *, *, #4068, .F. ) ;
#1891 = VECTOR ( 'NONE', #1979, 1000.000000000000000 ) ;
#1892 =( NAMED_UNIT ( * ) PLANE_ANGLE_UNIT ( ) SI_UNIT ( $, .RADIAN. ) );
#1893 = LINE ( 'NONE', #3166, #3485 ) ;
#1894 = ORIENTED_EDGE ( 'NONE', *, *, #2754, .T. ) ;
#1895 = PLANE ( 'NONE',  #2106 ) ;
#1896 = ORIENTED_EDGE ( 'NONE', *, *, #1743, .T. ) ;
#1897 = DIRECTION ( 'NONE',  ( -0.000000000000000000, -0.000000000000000000, 1.000000000000000000 ) ) ;
#1898 = MECHANICAL_DESIGN_GEOMETRIC_PRESENTATION_REPRESENTATION (  '', ( #3950 ), #1824 ) ;
#1899 = CARTESIAN_POINT ( 'NONE',  ( -3.800000000000001155, 6.500000000000005329, -1.399999999999989253 ) ) ;
#1900 = CARTESIAN_POINT ( 'NONE',  ( 1.200000000000000178, -249.7149660633790802, -2.299999999999966516 ) ) ;
#1901 = EDGE_CURVE ( 'NONE', #3645, #3054, #2138, .T. ) ;
#1902 = CARTESIAN_POINT ( 'NONE',  ( -28.90000000000000213, -249.7149660633790802, -2.299999999999994937 ) ) ;
#1903 = PRODUCT ( 'RD_BottomNewMovedPowerSwitchNoUsb_Final__Default__0157F6A1EE4B', 'RD_BottomNewMovedPowerSwitchNoUsb_Final__Default__0157F6A1EE4B', '', ( #3793 ) ) ;
#1904 =( GEOMETRIC_REPRESENTATION_CONTEXT ( 3 ) GLOBAL_UNCERTAINTY_ASSIGNED_CONTEXT ( ( #2417 ) ) GLOBAL_UNIT_ASSIGNED_CONTEXT ( ( #441, #3331, #1366 ) ) REPRESENTATION_CONTEXT ( 'NONE', 'WORKASPACE' ) );
#1905 = CARTESIAN_POINT ( 'NONE',  ( -13.84999999999999076, -57.28503393662091980, -7.299999999999998934 ) ) ;
#1906 = ADVANCED_FACE ( 'NONE', ( #2175 ), #2777, .F. ) ;
#1907 = COLOUR_RGB ( '',0.5999999999999999778, 0.1607843137254901800, 0.7529411764705882248 ) ;
#1908 = CARTESIAN_POINT ( 'NONE',  ( -61.84999999999989484, -57.28503393662091980, 0.000000000000000000 ) ) ;
#1909 = CARTESIAN_POINT ( 'NONE',  ( 1.199999999999999512, -239.7149660633791086, 6.100000000000003197 ) ) ;
#1910 = PLANE ( 'NONE',  #3641 ) ;
#1911 = STYLED_ITEM ( 'NONE', ( #3097 ), #1906 ) ;
#1912 = ORIENTED_EDGE ( 'NONE', *, *, #1482, .T. ) ;
#1913 = PRESENTATION_STYLE_ASSIGNMENT (( #3144 ) ) ;
#1914 = VECTOR ( 'NONE', #2431, 1000.000000000000000 ) ;
#1915 = ORIENTED_EDGE ( 'NONE', *, *, #1723, .T. ) ;
#1916 = LINE ( 'NONE', #3798, #2391 ) ;
#1917 = LINE ( 'NONE', #1273, #3361 ) ;
#1918 = STYLED_ITEM ( 'NONE', ( #3815 ), #3051 ) ;
#1919 =( NAMED_UNIT ( * ) PLANE_ANGLE_UNIT ( ) SI_UNIT ( $, .RADIAN. ) );
#1920 = COLOUR_RGB ( '',0.5999999999999999778, 0.1607843137254901800, 0.7529411764705882248 ) ;
#1921 = ORIENTED_EDGE ( 'NONE', *, *, #2404, .F. ) ;
#1922 = EDGE_LOOP ( 'NONE', ( #3694, #1239, #2167, #406 ) ) ;
#1923 = SURFACE_STYLE_USAGE ( .BOTH. , #1877 ) ;
#1924 = PRESENTATION_LAYER_ASSIGNMENT (  '', '', ( #3714 ) ) ;
#1925 = CARTESIAN_POINT ( 'NONE',  ( -28.90000000000000213, -249.7149660633790802, 34.70000000000000995 ) ) ;
#1926 = CIRCLE ( 'NONE', #974, 2.549999999999998490 ) ;
#1927 = CARTESIAN_POINT ( 'NONE',  ( 41.14999999999987068, -56.50000000000009237, 39.80000000000000426 ) ) ;
#1928 = ORIENTED_EDGE ( 'NONE', *, *, #3419, .T. ) ;
#1929 = FILL_AREA_STYLE ('',( #368 ) ) ;
#1930 = DIRECTION ( 'NONE',  ( 0.000000000000000000, 0.000000000000000000, -1.000000000000000000 ) ) ;
#1931 = ORIENTED_EDGE ( 'NONE', *, *, #3731, .T. ) ;
#1932 =( GEOMETRIC_REPRESENTATION_CONTEXT ( 3 ) GLOBAL_UNCERTAINTY_ASSIGNED_CONTEXT ( ( #2094 ) ) GLOBAL_UNIT_ASSIGNED_CONTEXT ( ( #3067, #525, #2145 ) ) REPRESENTATION_CONTEXT ( 'NONE', 'WORKASPACE' ) );
#1933 = SURFACE_STYLE_FILL_AREA ( #594 ) ;
#1934 = EDGE_CURVE ( 'NONE', #3494, #1537, #3057, .T. ) ;
#1935 =( GEOMETRIC_REPRESENTATION_CONTEXT ( 3 ) GLOBAL_UNCERTAINTY_ASSIGNED_CONTEXT ( ( #3795 ) ) GLOBAL_UNIT_ASSIGNED_CONTEXT ( ( #3261, #2033, #3943 ) ) REPRESENTATION_CONTEXT ( 'NONE', 'WORKASPACE' ) );
#1936 = CARTESIAN_POINT ( 'NONE',  ( -13.85000000000000675, -252.2649660633791200, 23.79999999999997939 ) ) ;
#1937 = ORIENTED_EDGE ( 'NONE', *, *, #552, .T. ) ;
#1938 = ADVANCED_FACE ( 'NONE', ( #1781, #4006 ), #2428, .F. ) ;
#1939 =( LENGTH_UNIT ( ) NAMED_UNIT ( * ) SI_UNIT ( .MILLI., .METRE. ) );
#1940 = SURFACE_SIDE_STYLE ('',( #915 ) ) ;
#1941 = FILL_AREA_STYLE_COLOUR ( '', #1040 ) ;
#1942 = ORIENTED_EDGE ( 'NONE', *, *, #2200, .F. ) ;
#1943 = FACE_OUTER_BOUND ( 'NONE', #2341, .T. ) ;
#1944 =( NAMED_UNIT ( * ) SI_UNIT ( $, .STERADIAN. ) SOLID_ANGLE_UNIT ( ) );
#1945 = DIRECTION ( 'NONE',  ( -0.000000000000000000, 1.000000000000000000, -0.000000000000000000 ) ) ;
#1946 = CARTESIAN_POINT ( 'NONE',  ( -49.34999999999989484, 49.50000000000004263, 8.050000000000000711 ) ) ;
#1947 = LINE ( 'NONE', #5, #1417 ) ;
#1948 = CARTESIAN_POINT ( 'NONE',  ( -61.84999999999989484, 49.50000000000004263, 13.80000000000000071 ) ) ;
#1949 = ORIENTED_EDGE ( 'NONE', *, *, #1207, .T. ) ;
#1950 = CARTESIAN_POINT ( 'NONE',  ( -11.84999999999992859, -213.2850339366208914, 30.60000000000000853 ) ) ;
#1951 = DIRECTION ( 'NONE',  ( 3.452186021844392414E-16, 0.000000000000000000, -1.000000000000000000 ) ) ;
#1952 = ADVANCED_FACE ( 'NONE', ( #596 ), #287, .F. ) ;
#1953 =( LENGTH_UNIT ( ) NAMED_UNIT ( * ) SI_UNIT ( .MILLI., .METRE. ) );
#1954 = ORIENTED_EDGE ( 'NONE', *, *, #231, .T. ) ;
#1955 = COLOUR_RGB ( '',0.5999999999999999778, 0.1607843137254901800, 0.7529411764705882248 ) ;
#1956 = DIRECTION ( 'NONE',  ( 1.000000000000000000, 0.000000000000000000, 0.000000000000000000 ) ) ;
#1957 = EDGE_CURVE ( 'NONE', #393, #3167, #52, .T. ) ;
#1958 = FACE_OUTER_BOUND ( 'NONE', #1756, .T. ) ;
#1959 = VECTOR ( 'NONE', #273, 1000.000000000000000 ) ;
#1960 = ORIENTED_EDGE ( 'NONE', *, *, #3956, .F. ) ;
#1961 = SURFACE_STYLE_FILL_AREA ( #3540 ) ;
#1962 = ORIENTED_EDGE ( 'NONE', *, *, #1073, .F. ) ;
#1963 = PRESENTATION_STYLE_ASSIGNMENT (( #3787 ) ) ;
#1964 = ORIENTED_EDGE ( 'NONE', *, *, #3078, .T. ) ;
#1965 = AXIS2_PLACEMENT_3D ( 'NONE', #970, #1284, #2556 ) ;
#1966 = FILL_AREA_STYLE ('',( #675 ) ) ;
#1967 = LINE ( 'NONE', #400, #2910 ) ;
#1968 = CYLINDRICAL_SURFACE ( 'NONE', #1647, 3.299999999999997158 ) ;
#1969 = VECTOR ( 'NONE', #1984, 1000.000000000000000 ) ;
#1970 = SURFACE_STYLE_FILL_AREA ( #373 ) ;
#1971 = LINE ( 'NONE', #2561, #905 ) ;
#1972 = SURFACE_STYLE_USAGE ( .BOTH. , #2009 ) ;
#1973 = ORIENTED_EDGE ( 'NONE', *, *, #1022, .F. ) ;
#1974 = PRESENTATION_LAYER_ASSIGNMENT (  '', '', ( #3174 ) ) ;
#1975 = EDGE_CURVE ( 'NONE', #3514, #279, #3484, .T. ) ;
#1976 = VERTEX_POINT ( 'NONE', #3548 ) ;
#1977 = SURFACE_SIDE_STYLE ('',( #2996 ) ) ;
#1978 = DIRECTION ( 'NONE',  ( -1.000000000000000000, 0.000000000000000000, 0.000000000000000000 ) ) ;
#1979 = DIRECTION ( 'NONE',  ( -0.000000000000000000, -0.000000000000000000, 1.000000000000000000 ) ) ;
#1980 = AXIS2_PLACEMENT_3D ( 'NONE', #1514, #1114, #3669 ) ;
#1981 = VERTEX_POINT ( 'NONE', #975 ) ;
#1982 = EDGE_CURVE ( 'NONE', #4056, #3630, #2260, .T. ) ;
#1983 = CARTESIAN_POINT ( 'NONE',  ( -71.84999999999989484, -53.50000000000000000, -1.193668243919732465E-14 ) ) ;
#1984 = DIRECTION ( 'NONE',  ( -1.445602896647337931E-16, -1.000000000000000000, 0.000000000000000000 ) ) ;
#1985 = STYLED_ITEM ( 'NONE', ( #3360 ), #2994 ) ;
#1986 = COLOUR_RGB ( '',0.5999999999999999778, 0.1607843137254901800, 0.7529411764705882248 ) ;
#1987 =( LENGTH_UNIT ( ) NAMED_UNIT ( * ) SI_UNIT ( .MILLI., .METRE. ) );
#1988 = CARTESIAN_POINT ( 'NONE',  ( 10.15000000000000568, -43.50000000000000711, 26.79999999999987992 ) ) ;
#1989 = PLANE ( 'NONE',  #945 ) ;
#1990 = DIRECTION ( 'NONE',  ( 0.000000000000000000, 1.000000000000000000, 0.000000000000000000 ) ) ;
#1991 = CIRCLE ( 'NONE', #193, 2.550000000000000266 ) ;
#1992 = LINE ( 'NONE', #3550, #439 ) ;
#1993 = ORIENTED_EDGE ( 'NONE', *, *, #3552, .T. ) ;
#1994 =( NAMED_UNIT ( * ) SI_UNIT ( $, .STERADIAN. ) SOLID_ANGLE_UNIT ( ) );
#1995 = VECTOR ( 'NONE', #3890, 1000.000000000000000 ) ;
#1996 = SURFACE_SIDE_STYLE ('',( #141 ) ) ;
#1997 = FACE_OUTER_BOUND ( 'NONE', #537, .T. ) ;
#1998 = LINE ( 'NONE', #1086, #2969 ) ;
#1999 =( LENGTH_UNIT ( ) NAMED_UNIT ( * ) SI_UNIT ( .MILLI., .METRE. ) );
#2000 = ORIENTED_EDGE ( 'NONE', *, *, #3353, .T. ) ;
#2001 = CARTESIAN_POINT ( 'NONE',  ( 0.1500000000000722145, -213.2850339366208914, 30.60000000000000853 ) ) ;
#2002 = PRESENTATION_STYLE_ASSIGNMENT (( #3312 ) ) ;
#2003 = EDGE_CURVE ( 'NONE', #606, #3555, #679, .T. ) ;
#2004 = EDGE_LOOP ( 'NONE', ( #1051, #1074, #3767, #3659 ) ) ;
#2005 = DIRECTION ( 'NONE',  ( 1.000000000000000000, 0.000000000000000000, 0.000000000000000000 ) ) ;
#2006 = EDGE_CURVE ( 'NONE', #796, #1220, #2583, .T. ) ;
#2007 = CARTESIAN_POINT ( 'NONE',  ( -13.85000000000000675, -249.7149660633790802, 23.79999999999997939 ) ) ;
#2008 = FILL_AREA_STYLE ('',( #997 ) ) ;
#2009 = SURFACE_SIDE_STYLE ('',( #1060 ) ) ;
#2010 = VERTEX_POINT ( 'NONE', #1950 ) ;
#2011 = DIRECTION ( 'NONE',  ( -1.000000000000000000, -0.000000000000000000, -1.726093010922195221E-16 ) ) ;
#2012 = DIRECTION ( 'NONE',  ( -0.000000000000000000, -1.000000000000000000, -0.000000000000000000 ) ) ;
#2013 = LINE ( 'NONE', #1599, #3746 ) ;
#2014 = EDGE_LOOP ( 'NONE', ( #2474, #855, #3664, #4094 ) ) ;
#2015 = MECHANICAL_DESIGN_GEOMETRIC_PRESENTATION_REPRESENTATION (  '', ( #872 ), #3278 ) ;
#2016 = FACE_OUTER_BOUND ( 'NONE', #928, .T. ) ;
#2017 = ORIENTED_EDGE ( 'NONE', *, *, #2275, .F. ) ;
#2018 = ORIENTED_EDGE ( 'NONE', *, *, #2027, .T. ) ;
#2019 = VECTOR ( 'NONE', #2825, 1000.000000000000000 ) ;
#2020 = ADVANCED_FACE ( 'NONE', ( #3862 ), #994, .F. ) ;
#2021 = MECHANICAL_DESIGN_GEOMETRIC_PRESENTATION_REPRESENTATION (  '', ( #942 ), #474 ) ;
#2022 = LINE ( 'NONE', #3674, #2026 ) ;
#2023 = FACE_OUTER_BOUND ( 'NONE', #2584, .T. ) ;
#2024 =( NAMED_UNIT ( * ) SI_UNIT ( $, .STERADIAN. ) SOLID_ANGLE_UNIT ( ) );
#2025 = FILL_AREA_STYLE ('',( #2073 ) ) ;
#2026 = VECTOR ( 'NONE', #2704, 1000.000000000000000 ) ;
#2027 = EDGE_CURVE ( 'NONE', #1791, #2403, #2598, .T. ) ;
#2028 =( NAMED_UNIT ( * ) PLANE_ANGLE_UNIT ( ) SI_UNIT ( $, .RADIAN. ) );
#2029 = EDGE_LOOP ( 'NONE', ( #530, #2691, #3794, #3617 ) ) ;
#2030 = VECTOR ( 'NONE', #2872, 1000.000000000000000 ) ;
#2031 =( LENGTH_UNIT ( ) NAMED_UNIT ( * ) SI_UNIT ( .MILLI., .METRE. ) );
#2032 = PRESENTATION_LAYER_ASSIGNMENT (  '', '', ( #3299 ) ) ;
#2033 =( NAMED_UNIT ( * ) PLANE_ANGLE_UNIT ( ) SI_UNIT ( $, .RADIAN. ) );
#2034 = FILL_AREA_STYLE_COLOUR ( '', #290 ) ;
#2035 =( NAMED_UNIT ( * ) SI_UNIT ( $, .STERADIAN. ) SOLID_ANGLE_UNIT ( ) );
#2036 = COLOUR_RGB ( '',0.5999999999999999778, 0.1607843137254901800, 0.7529411764705882248 ) ;
#2037 = LINE ( 'NONE', #3989, #2643 ) ;
#2038 = DIRECTION ( 'NONE',  ( 1.334402673828312846E-16, 0.000000000000000000, -1.000000000000000000 ) ) ;
#2039 = UNCERTAINTY_MEASURE_WITH_UNIT (LENGTH_MEASURE( 1.000000000000000082E-05 ), #2407, 'distance_accuracy_value', 'NONE');
#2040 = EDGE_LOOP ( 'NONE', ( #2808 ) ) ;
#2041 = DIRECTION ( 'NONE',  ( -2.775557561562890365E-16, 0.000000000000000000, 1.000000000000000000 ) ) ;
#2042 = PRESENTATION_LAYER_ASSIGNMENT (  '', '', ( #3569 ) ) ;
#2043 = SURFACE_SIDE_STYLE ('',( #2350 ) ) ;
#2044 = EDGE_LOOP ( 'NONE', ( #3739, #729, #4011, #2722 ) ) ;
#2045 =( LENGTH_UNIT ( ) NAMED_UNIT ( * ) SI_UNIT ( .MILLI., .METRE. ) );
#2046 = CARTESIAN_POINT ( 'NONE',  ( -49.34999999999989484, -53.49999999999999289, 13.80000000000000249 ) ) ;
#2047 = ORIENTED_EDGE ( 'NONE', *, *, #2883, .T. ) ;
#2048 =( GEOMETRIC_REPRESENTATION_CONTEXT ( 3 ) GLOBAL_UNCERTAINTY_ASSIGNED_CONTEXT ( ( #2387 ) ) GLOBAL_UNIT_ASSIGNED_CONTEXT ( ( #2196, #1603, #2174 ) ) REPRESENTATION_CONTEXT ( 'NONE', 'WORKASPACE' ) );
#2049 = FACE_BOUND ( 'NONE', #480, .T. ) ;
#2050 = PRESENTATION_STYLE_ASSIGNMENT (( #464 ) ) ;
#2051 = SURFACE_SIDE_STYLE ('',( #2939 ) ) ;
#2052 = VECTOR ( 'NONE', #3613, 1000.000000000000000 ) ;
#2053 =( GEOMETRIC_REPRESENTATION_CONTEXT ( 3 ) GLOBAL_UNCERTAINTY_ASSIGNED_CONTEXT ( ( #3994 ) ) GLOBAL_UNIT_ASSIGNED_CONTEXT ( ( #3568, #3293, #2617 ) ) REPRESENTATION_CONTEXT ( 'NONE', 'WORKASPACE' ) );
#2054 = ORIENTED_EDGE ( 'NONE', *, *, #2132, .F. ) ;
#2055 = ORIENTED_EDGE ( 'NONE', *, *, #1073, .T. ) ;
#2056 = UNCERTAINTY_MEASURE_WITH_UNIT (LENGTH_MEASURE( 1.000000000000000082E-05 ), #1325, 'distance_accuracy_value', 'NONE');
#2057 = VECTOR ( 'NONE', #1184, 1000.000000000000000 ) ;
#2058 = VERTEX_POINT ( 'NONE', #3009 ) ;
#2059 = PLANE ( 'NONE',  #53 ) ;
#2060 = ADVANCED_FACE ( 'NONE', ( #3635, #3926 ), #2383, .F. ) ;
#2061 = ADVANCED_FACE ( 'NONE', ( #3939 ), #136, .F. ) ;
#2062 = CARTESIAN_POINT ( 'NONE',  ( -3.800000000000001155, -224.7149660633791086, 18.70000000000000995 ) ) ;
#2063 = SURFACE_SIDE_STYLE ('',( #3262 ) ) ;
#2064 = DIRECTION ( 'NONE',  ( 1.000000000000000000, 0.000000000000000000, 0.000000000000000000 ) ) ;
#2065 = PRESENTATION_LAYER_ASSIGNMENT (  '', '', ( #2517 ) ) ;
#2066 = EDGE_CURVE ( 'NONE', #3802, #1509, #3379, .T. ) ;
#2067 = FILL_AREA_STYLE ('',( #2394 ) ) ;
#2068 = CARTESIAN_POINT ( 'NONE',  ( -61.84999999999989484, -253.5000000000000000, 13.80000000000000071 ) ) ;
#2069 = FACE_OUTER_BOUND ( 'NONE', #2040, .T. ) ;
#2070 = ORIENTED_EDGE ( 'NONE', *, *, #822, .F. ) ;
#2071 = EDGE_LOOP ( 'NONE', ( #3441, #2850, #3149, #3466 ) ) ;
#2072 = SURFACE_STYLE_USAGE ( .BOTH. , #783 ) ;
#2073 = FILL_AREA_STYLE_COLOUR ( '', #296 ) ;
#2074 = LINE ( 'NONE', #517, #3308 ) ;
#2075 = EDGE_CURVE ( 'NONE', #917, #608, #3713, .T. ) ;
#2076 = DIRECTION ( 'NONE',  ( -0.000000000000000000, -0.000000000000000000, 1.000000000000000000 ) ) ;
#2077 = SURFACE_STYLE_FILL_AREA ( #1655 ) ;
#2078 = ORIENTED_EDGE ( 'NONE', *, *, #13, .T. ) ;
#2079 = FACE_OUTER_BOUND ( 'NONE', #3063, .T. ) ;
#2080 = ADVANCED_FACE ( 'NONE', ( #1798 ), #2444, .F. ) ;
#2081 = UNCERTAINTY_MEASURE_WITH_UNIT (LENGTH_MEASURE( 1.000000000000000082E-05 ), #1808, 'distance_accuracy_value', 'NONE');
#2082 = CARTESIAN_POINT ( 'NONE',  ( 20.74658439628151996, -177.6927544108115740, 28.70000000000000995 ) ) ;
#2083 = ORIENTED_EDGE ( 'NONE', *, *, #3981, .F. ) ;
#2084 = PLANE ( 'NONE',  #2961 ) ;
#2085 = FACE_OUTER_BOUND ( 'NONE', #2786, .T. ) ;
#2086 = ORIENTED_EDGE ( 'NONE', *, *, #1316, .T. ) ;
#2087 = VECTOR ( 'NONE', #3107, 1000.000000000000000 ) ;
#2088 = ORIENTED_EDGE ( 'NONE', *, *, #3916, .T. ) ;
#2089 = DIRECTION ( 'NONE',  ( 0.000000000000000000, 0.000000000000000000, -1.000000000000000000 ) ) ;
#2090 = SURFACE_SIDE_STYLE ('',( #3954 ) ) ;
#2091 = CARTESIAN_POINT ( 'NONE',  ( -68.84999999999983800, 0.000000000000000000, 39.80000000000000426 ) ) ;
#2092 = FACE_OUTER_BOUND ( 'NONE', #2484, .T. ) ;
#2093 = VECTOR ( 'NONE', #2146, 1000.000000000000000 ) ;
#2094 = UNCERTAINTY_MEASURE_WITH_UNIT (LENGTH_MEASURE( 1.000000000000000082E-05 ), #3067, 'distance_accuracy_value', 'NONE');
#2095 = ORIENTED_EDGE ( 'NONE', *, *, #529, .T. ) ;
#2096 = CARTESIAN_POINT ( 'NONE',  ( -49.34999999999989484, -53.50000000000000000, -1.193668243919732465E-14 ) ) ;
#2097 = DIRECTION ( 'NONE',  ( 0.000000000000000000, 0.000000000000000000, -1.000000000000000000 ) ) ;
#2098 = CARTESIAN_POINT ( 'NONE',  ( 14.74658439628151463, -177.6927544108115740, 34.70000000000000995 ) ) ;
#2099 =( NAMED_UNIT ( * ) PLANE_ANGLE_UNIT ( ) SI_UNIT ( $, .RADIAN. ) );
#2100 = LINE ( 'NONE', #3326, #468 ) ;
#2101 = EDGE_CURVE ( 'NONE', #1194, #1194, #3041, .T. ) ;
#2102 = LINE ( 'NONE', #4057, #2445 ) ;
#2103 = PRESENTATION_STYLE_ASSIGNMENT (( #2475 ) ) ;
#2104 = SURFACE_STYLE_FILL_AREA ( #2128 ) ;
#2105 = EDGE_CURVE ( 'NONE', #868, #868, #1779, .T. ) ;
#2106 = AXIS2_PLACEMENT_3D ( 'NONE', #1279, #41, #3168 ) ;
#2107 = FACE_OUTER_BOUND ( 'NONE', #4088, .T. ) ;
#2108 = PRESENTATION_LAYER_ASSIGNMENT (  '', '', ( #3973 ) ) ;
#2109 = PLANE ( 'NONE',  #1758 ) ;
#2110 = FILL_AREA_STYLE ('',( #1797 ) ) ;
#2111 = AXIS2_PLACEMENT_3D ( 'NONE', #1079, #700, #741 ) ;
#2112 = FILL_AREA_STYLE ('',( #1266 ) ) ;
#2113 = DIRECTION ( 'NONE',  ( 0.000000000000000000, -1.000000000000000000, 0.000000000000000000 ) ) ;
#2114 = STYLED_ITEM ( 'NONE', ( #4087 ), #2815 ) ;
#2115 = COLOUR_RGB ( '',0.5999999999999999778, 0.1607843137254901800, 0.7529411764705882248 ) ;
#2116 = CARTESIAN_POINT ( 'NONE',  ( -28.90000000000000213, -249.7149660633790802, -2.299999999999994493 ) ) ;
#2117 = STYLED_ITEM ( 'NONE', ( #1913 ), #2304 ) ;
#2118 = FILL_AREA_STYLE ('',( #835 ) ) ;
#2119 = MECHANICAL_DESIGN_GEOMETRIC_PRESENTATION_REPRESENTATION (  '', ( #4046 ), #3380 ) ;
#2120 = PRESENTATION_LAYER_ASSIGNMENT (  '', '', ( #2644 ) ) ;
#2121 = VERTEX_POINT ( 'NONE', #1129 ) ;
#2122 = CARTESIAN_POINT ( 'NONE',  ( 0.1500000000000982492, -1.829591166070485582E-17, 34.70000000000000995 ) ) ;
#2123 = ORIENTED_EDGE ( 'NONE', *, *, #1494, .T. ) ;
#2124 = AXIS2_PLACEMENT_3D ( 'NONE', #2082, #2415, #3995 ) ;
#2125 = UNCERTAINTY_MEASURE_WITH_UNIT (LENGTH_MEASURE( 1.000000000000000082E-05 ), #2632, 'distance_accuracy_value', 'NONE');
#2126 = EDGE_LOOP ( 'NONE', ( #2995, #961, #166, #328, #418, #2740, #2377, #2832, #672, #1637, #972, #2095 ) ) ;
#2127 = FILL_AREA_STYLE ('',( #2458 ) ) ;
#2128 = FILL_AREA_STYLE ('',( #2764 ) ) ;
#2129 = DIRECTION ( 'NONE',  ( -1.000000000000000000, 0.000000000000000000, -8.503546450866706978E-17 ) ) ;
#2130 = DIRECTION ( 'NONE',  ( -1.000000000000000000, -0.000000000000000000, -0.000000000000000000 ) ) ;
#2131 = DIRECTION ( 'NONE',  ( 0.000000000000000000, 1.000000000000000000, -0.000000000000000000 ) ) ;
#2132 = EDGE_CURVE ( 'NONE', #891, #3707, #1140, .T. ) ;
#2133 = CARTESIAN_POINT ( 'NONE',  ( -39.84999999999993037, -123.2850339366209198, 14.60000000000000853 ) ) ;
#2134 = CARTESIAN_POINT ( 'NONE',  ( -28.90000000000000213, -67.28503393662093401, 8.650000000000009237 ) ) ;
#2135 = ADVANCED_FACE ( 'NONE', ( #3098, #3738 ), #908, .T. ) ;
#2136 = EDGE_LOOP ( 'NONE', ( #253, #223, #3697, #3605 ) ) ;
#2137 = PLANE ( 'NONE',  #1569 ) ;
#2138 = LINE ( 'NONE', #1540, #2766 ) ;
#2139 = ORIENTED_EDGE ( 'NONE', *, *, #2466, .F. ) ;
#2140 = FACE_BOUND ( 'NONE', #99, .T. ) ;
#2141 = ORIENTED_EDGE ( 'NONE', *, *, #564, .F. ) ;
#2142 = ORIENTED_EDGE ( 'NONE', *, *, #89, .T. ) ;
#2143 = FACE_OUTER_BOUND ( 'NONE', #3915, .T. ) ;
#2144 = EDGE_LOOP ( 'NONE', ( #3551, #3291, #1854, #2931 ) ) ;
#2145 =( NAMED_UNIT ( * ) SI_UNIT ( $, .STERADIAN. ) SOLID_ANGLE_UNIT ( ) );
#2146 = DIRECTION ( 'NONE',  ( 0.5773502691896261751, 0.5773502691896250649, -0.5773502691896261751 ) ) ;
#2147 = ORIENTED_EDGE ( 'NONE', *, *, #2179, .T. ) ;
#2148 = CARTESIAN_POINT ( 'NONE',  ( 44.14999999999989910, -53.50000000000000000, 13.80000000000000604 ) ) ;
#2149 = UNCERTAINTY_MEASURE_WITH_UNIT (LENGTH_MEASURE( 1.000000000000000082E-05 ), #1476, 'distance_accuracy_value', 'NONE');
#2150 = DIRECTION ( 'NONE',  ( 0.000000000000000000, 0.000000000000000000, -1.000000000000000000 ) ) ;
#2151 = PRESENTATION_STYLE_ASSIGNMENT (( #280 ) ) ;
#2152 = ADVANCED_FACE ( 'NONE', ( #1702 ), #63, .F. ) ;
#2153 = AXIS2_PLACEMENT_3D ( 'NONE', #3438, #882, #2829 ) ;
#2154 =( LENGTH_UNIT ( ) NAMED_UNIT ( * ) SI_UNIT ( .MILLI., .METRE. ) );
#2155 =( NAMED_UNIT ( * ) PLANE_ANGLE_UNIT ( ) SI_UNIT ( $, .RADIAN. ) );
#2156 = PRESENTATION_LAYER_ASSIGNMENT (  '', '', ( #3689 ) ) ;
#2157 = FILL_AREA_STYLE_COLOUR ( '', #1307 ) ;
#2158 = EDGE_CURVE ( 'NONE', #1007, #393, #3585, .T. ) ;
#2159 = CARTESIAN_POINT ( 'NONE',  ( 44.14999999999990621, -57.28503393662091980, 8.049999999999998934 ) ) ;
#2160 = CARTESIAN_POINT ( 'NONE',  ( -49.14999999999992752, -117.2850339366209340, 34.60000000000000853 ) ) ;
#2161 = COLOUR_RGB ( '',0.5999999999999999778, 0.1607843137254901800, 0.7529411764705882248 ) ;
#2162 = FILL_AREA_STYLE_COLOUR ( '', #1778 ) ;
#2163 = FILL_AREA_STYLE ('',( #205 ) ) ;
#2164 = CARTESIAN_POINT ( 'NONE',  ( -49.34999999999989484, -57.28503393662091980, 8.050000000000000711 ) ) ;
#2165 = STYLED_ITEM ( 'NONE', ( #2002 ), #1387 ) ;
#2166 = LINE ( 'NONE', #1257, #2607 ) ;
#2167 = ORIENTED_EDGE ( 'NONE', *, *, #337, .T. ) ;
#2168 = DIRECTION ( 'NONE',  ( -0.000000000000000000, -1.000000000000000000, -0.000000000000000000 ) ) ;
#2169 = PRESENTATION_STYLE_ASSIGNMENT (( #1813 ) ) ;
#2170 = LINE ( 'NONE', #3807, #345 ) ;
#2171 = FACE_BOUND ( 'NONE', #3822, .T. ) ;
#2172 = CARTESIAN_POINT ( 'NONE',  ( -3.800000000000001155, -38.50000000000000000, -7.299999999999998934 ) ) ;
#2173 =( GEOMETRIC_REPRESENTATION_CONTEXT ( 3 ) GLOBAL_UNCERTAINTY_ASSIGNED_CONTEXT ( ( #3670 ) ) GLOBAL_UNIT_ASSIGNED_CONTEXT ( ( #2237, #2197, #3203 ) ) REPRESENTATION_CONTEXT ( 'NONE', 'WORKASPACE' ) );
#2174 =( NAMED_UNIT ( * ) SI_UNIT ( $, .STERADIAN. ) SOLID_ANGLE_UNIT ( ) );
#2175 = FACE_OUTER_BOUND ( 'NONE', #2044, .T. ) ;
#2176 = STYLED_ITEM ( 'NONE', ( #2728 ), #2080 ) ;
#2177 = PRESENTATION_LAYER_ASSIGNMENT (  '', '', ( #430 ) ) ;
#2178 =( NAMED_UNIT ( * ) PLANE_ANGLE_UNIT ( ) SI_UNIT ( $, .RADIAN. ) );
#2179 = EDGE_CURVE ( 'NONE', #3126, #3126, #2380, .T. ) ;
#2180 = DIRECTION ( 'NONE',  ( -0.000000000000000000, -0.000000000000000000, -1.000000000000000000 ) ) ;
#2181 = EDGE_LOOP ( 'NONE', ( #1480 ) ) ;
#2182 = STYLED_ITEM ( 'NONE', ( #1317 ), #3073 ) ;
#2183 = COLOUR_RGB ( '',0.5999999999999999778, 0.1607843137254901800, 0.7529411764705882248 ) ;
#2184 = CARTESIAN_POINT ( 'NONE',  ( 44.14999999999990621, -53.50000000000000711, 36.79999999999991189 ) ) ;
#2185 = SURFACE_SIDE_STYLE ('',( #625 ) ) ;
#2186 = FACE_OUTER_BOUND ( 'NONE', #3005, .T. ) ;
#2187 = ADVANCED_FACE ( 'NONE', ( #2932, #1344 ), #3391, .F. ) ;
#2188 = DIRECTION ( 'NONE',  ( -0.000000000000000000, -0.000000000000000000, 1.000000000000000000 ) ) ;
#2189 = ORIENTED_EDGE ( 'NONE', *, *, #194, .F. ) ;
#2190 =( GEOMETRIC_REPRESENTATION_CONTEXT ( 3 ) GLOBAL_UNCERTAINTY_ASSIGNED_CONTEXT ( ( #1460 ) ) GLOBAL_UNIT_ASSIGNED_CONTEXT ( ( #914, #4109, #1568 ) ) REPRESENTATION_CONTEXT ( 'NONE', 'WORKASPACE' ) );
#2191 = ORIENTED_EDGE ( 'NONE', *, *, #1270, .F. ) ;
#2192 = DIRECTION ( 'NONE',  ( 1.000000000000000000, 0.000000000000000000, 1.334402673828312846E-16 ) ) ;
#2193 = CARTESIAN_POINT ( 'NONE',  ( -71.84999999999989484, -249.7149660633790802, 0.000000000000000000 ) ) ;
#2194 = SURFACE_STYLE_FILL_AREA ( #2854 ) ;
#2195 = PRODUCT_DEFINITION_FORMATION_WITH_SPECIFIED_SOURCE ( 'ANY', '', #1903, .NOT_KNOWN. ) ;
#2196 =( LENGTH_UNIT ( ) NAMED_UNIT ( * ) SI_UNIT ( .MILLI., .METRE. ) );
#2197 =( NAMED_UNIT ( * ) PLANE_ANGLE_UNIT ( ) SI_UNIT ( $, .RADIAN. ) );
#2198 = CARTESIAN_POINT ( 'NONE',  ( -3.800000000000001599, -67.28503393662093401, 5.467752980455568235 ) ) ;
#2199 = ORIENTED_EDGE ( 'NONE', *, *, #47, .F. ) ;
#2200 = EDGE_CURVE ( 'NONE', #684, #2889, #2412, .T. ) ;
#2201 = LINE ( 'NONE', #930, #573 ) ;
#2202 = DIRECTION ( 'NONE',  ( 0.000000000000000000, -2.392722035830078972E-16, 1.000000000000000000 ) ) ;
#2203 = EDGE_LOOP ( 'NONE', ( #1196, #1135, #1993, #3607 ) ) ;
#2204 = EDGE_LOOP ( 'NONE', ( #4064, #1528, #1437, #2637 ) ) ;
#2205 = EDGE_CURVE ( 'NONE', #3724, #1866, #2102, .T. ) ;
#2206 = PRESENTATION_STYLE_ASSIGNMENT (( #1923 ) ) ;
#2207 = DIRECTION ( 'NONE',  ( 1.000000000000000000, 0.000000000000000000, 2.775557561562890365E-16 ) ) ;
#2208 = LINE ( 'NONE', #3170, #618 ) ;
#2209 = DIRECTION ( 'NONE',  ( 0.7071067811865497932, -0.000000000000000000, -0.7071067811865453523 ) ) ;
#2210 = PRESENTATION_STYLE_ASSIGNMENT (( #922 ) ) ;
#2211 = FILL_AREA_STYLE_COLOUR ( '', #3708 ) ;
#2212 =( GEOMETRIC_REPRESENTATION_CONTEXT ( 3 ) GLOBAL_UNCERTAINTY_ASSIGNED_CONTEXT ( ( #849 ) ) GLOBAL_UNIT_ASSIGNED_CONTEXT ( ( #3999, #176, #3789 ) ) REPRESENTATION_CONTEXT ( 'NONE', 'WORKASPACE' ) );
#2213 = CARTESIAN_POINT ( 'NONE',  ( -16.40000000000000568, -249.7149660633790802, 18.70000000000000995 ) ) ;
#2214 = FACE_BOUND ( 'NONE', #1605, .T. ) ;
#2215 = VECTOR ( 'NONE', #1, 1000.000000000000000 ) ;
#2216 = VERTEX_POINT ( 'NONE', #2435 ) ;
#2217 = UNCERTAINTY_MEASURE_WITH_UNIT (LENGTH_MEASURE( 1.000000000000000082E-05 ), #1250, 'distance_accuracy_value', 'NONE');
#2218 = SURFACE_SIDE_STYLE ('',( #1873 ) ) ;
#2219 = PRESENTATION_LAYER_ASSIGNMENT (  '', '', ( #3811 ) ) ;
#2220 = CARTESIAN_POINT ( 'NONE',  ( 10.15000000000000568, -53.50000000000000711, -7.299999999999998934 ) ) ;
#2221 = EDGE_CURVE ( 'NONE', #3500, #2875, #3084, .T. ) ;
#2222 = CARTESIAN_POINT ( 'NONE',  ( 0.000000000000000000, -82.28503393662093401, 34.70000000000000995 ) ) ;
#2223 = PRESENTATION_LAYER_ASSIGNMENT (  '', '', ( #1152 ) ) ;
#2224 = ORIENTED_EDGE ( 'NONE', *, *, #3207, .T. ) ;
#2225 = CARTESIAN_POINT ( 'NONE',  ( 41.14999999999987779, -249.7149660633790802, 34.70000000000000995 ) ) ;
#2226 = PRESENTATION_LAYER_ASSIGNMENT (  '', '', ( #681 ) ) ;
#2227 =( NAMED_UNIT ( * ) SI_UNIT ( $, .STERADIAN. ) SOLID_ANGLE_UNIT ( ) );
#2228 = FACE_BOUND ( 'NONE', #3344, .T. ) ;
#2229 = ORIENTED_EDGE ( 'NONE', *, *, #3473, .T. ) ;
#2230 = LINE ( 'NONE', #3502, #2678 ) ;
#2231 = ADVANCED_FACE ( 'NONE', ( #1788 ), #3064, .F. ) ;
#2232 = VECTOR ( 'NONE', #3430, 1000.000000000000000 ) ;
#2233 = DIRECTION ( 'NONE',  ( -1.000000000000000000, 0.000000000000000000, 0.000000000000000000 ) ) ;
#2234 = ORIENTED_EDGE ( 'NONE', *, *, #2504, .T. ) ;
#2235 = FACE_BOUND ( 'NONE', #3397, .T. ) ;
#2236 = PRESENTATION_LAYER_ASSIGNMENT (  '', '', ( #2687 ) ) ;
#2237 =( LENGTH_UNIT ( ) NAMED_UNIT ( * ) SI_UNIT ( .MILLI., .METRE. ) );
#2238 =( GEOMETRIC_REPRESENTATION_CONTEXT ( 3 ) GLOBAL_UNCERTAINTY_ASSIGNED_CONTEXT ( ( #165 ) ) GLOBAL_UNIT_ASSIGNED_CONTEXT ( ( #2288, #1551, #266 ) ) REPRESENTATION_CONTEXT ( 'NONE', 'WORKASPACE' ) );
#2239 = VERTEX_POINT ( 'NONE', #3845 ) ;
#2240 = PLANE ( 'NONE',  #893 ) ;
#2241 = VECTOR ( 'NONE', #2488, 1000.000000000000000 ) ;
#2242 =( GEOMETRIC_REPRESENTATION_CONTEXT ( 3 ) GLOBAL_UNCERTAINTY_ASSIGNED_CONTEXT ( ( #1403 ) ) GLOBAL_UNIT_ASSIGNED_CONTEXT ( ( #155, #3275, #1057 ) ) REPRESENTATION_CONTEXT ( 'NONE', 'WORKASPACE' ) );
#2243 = COLOUR_RGB ( '',0.5999999999999999778, 0.1607843137254901800, 0.7529411764705882248 ) ;
#2244 = VECTOR ( 'NONE', #2396, 1000.000000000000000 ) ;
#2245 = ORIENTED_EDGE ( 'NONE', *, *, #451, .T. ) ;
#2246 = DIRECTION ( 'NONE',  ( 1.081779818849036513E-16, 1.000000000000000000, 0.000000000000000000 ) ) ;
#2247 = SURFACE_SIDE_STYLE ('',( #669 ) ) ;
#2248 = MECHANICAL_DESIGN_GEOMETRIC_PRESENTATION_REPRESENTATION (  '', ( #2568 ), #2319 ) ;
#2249 = CARTESIAN_POINT ( 'NONE',  ( 21.64999999999989910, -53.49999999999999289, 8.049999999999998934 ) ) ;
#2250 = EDGE_LOOP ( 'NONE', ( #3140 ) ) ;
#2251 =( NAMED_UNIT ( * ) PLANE_ANGLE_UNIT ( ) SI_UNIT ( $, .RADIAN. ) );
#2252 = PRESENTATION_LAYER_ASSIGNMENT (  '', '', ( #1368 ) ) ;
#2253 = VERTEX_POINT ( 'NONE', #3036 ) ;
#2254 = ADVANCED_FACE ( 'NONE', ( #3725, #2143 ), #539, .T. ) ;
#2255 = PRESENTATION_STYLE_ASSIGNMENT (( #2533 ) ) ;
#2256 = ORIENTED_EDGE ( 'NONE', *, *, #556, .T. ) ;
#2257 = STYLED_ITEM ( 'NONE', ( #2397 ), #3752 ) ;
#2258 = DIRECTION ( 'NONE',  ( 0.000000000000000000, 0.000000000000000000, -1.000000000000000000 ) ) ;
#2259 = SURFACE_STYLE_FILL_AREA ( #3219 ) ;
#2260 = LINE ( 'NONE', #3181, #3506 ) ;
#2261 = DIRECTION ( 'NONE',  ( -1.081779818849036513E-16, -1.000000000000000000, -2.392722035830078972E-16 ) ) ;
#2262 = DIRECTION ( 'NONE',  ( -0.000000000000000000, -1.000000000000000000, -0.000000000000000000 ) ) ;
#2263 = EDGE_LOOP ( 'NONE', ( #3210 ) ) ;
#2264 =( NAMED_UNIT ( * ) SI_UNIT ( $, .STERADIAN. ) SOLID_ANGLE_UNIT ( ) );
#2265 =( LENGTH_UNIT ( ) NAMED_UNIT ( * ) SI_UNIT ( .MILLI., .METRE. ) );
#2266 = FILL_AREA_STYLE ('',( #2948 ) ) ;
#2267 = CARTESIAN_POINT ( 'NONE',  ( -3.799999999999998046, -249.7149660633790802, -7.300000000000000711 ) ) ;
#2268 = ORIENTED_EDGE ( 'NONE', *, *, #337, .F. ) ;
#2269 = LINE ( 'NONE', #64, #235 ) ;
#2270 =( LENGTH_UNIT ( ) NAMED_UNIT ( * ) SI_UNIT ( .MILLI., .METRE. ) );
#2271 = FACE_BOUND ( 'NONE', #490, .T. ) ;
#2272 = UNCERTAINTY_MEASURE_WITH_UNIT (LENGTH_MEASURE( 1.000000000000000082E-05 ), #1054, 'distance_accuracy_value', 'NONE');
#2273 = DIRECTION ( 'NONE',  ( -1.000000000000000000, 0.000000000000000000, 0.000000000000000000 ) ) ;
#2274 = CARTESIAN_POINT ( 'NONE',  ( -3.800000000000001155, -263.5000000000000000, -1.399999999999989253 ) ) ;
#2275 = EDGE_CURVE ( 'NONE', #440, #2875, #3491, .T. ) ;
#2276 = FILL_AREA_STYLE_COLOUR ( '', #1300 ) ;
#2277 = CARTESIAN_POINT ( 'NONE',  ( -3.799999999999998046, 6.500000000000005329, 18.70000000000001350 ) ) ;
#2278 = ADVANCED_FACE ( 'NONE', ( #1852 ), #36, .F. ) ;
#2279 = DIRECTION ( 'NONE',  ( -1.000000000000000000, 0.000000000000000000, -1.726093010922194974E-16 ) ) ;
#2280 = EDGE_LOOP ( 'NONE', ( #3786, #3700, #631, #1617, #1596, #1912, #960, #1301, #3004, #4020, #2587, #1420 ) ) ;
#2281 = PRESENTATION_LAYER_ASSIGNMENT (  '', '', ( #3549 ) ) ;
#2282 = CARTESIAN_POINT ( 'NONE',  ( 44.14999999999990621, -253.4999999999999432, -7.299999999999998934 ) ) ;
#2283 = DIRECTION ( 'NONE',  ( -3.452186021844392414E-16, 0.000000000000000000, 1.000000000000000000 ) ) ;
#2284 = SURFACE_SIDE_STYLE ('',( #1613 ) ) ;
#2285 = VECTOR ( 'NONE', #61, 1000.000000000000000 ) ;
#2286 = VERTEX_POINT ( 'NONE', #2184 ) ;
#2287 = CARTESIAN_POINT ( 'NONE',  ( -71.84999999999989484, -53.50000000000000000, -1.193668243919732465E-14 ) ) ;
#2288 =( LENGTH_UNIT ( ) NAMED_UNIT ( * ) SI_UNIT ( .MILLI., .METRE. ) );
#2289 = CARTESIAN_POINT ( 'NONE',  ( 27.43333333333319146, -236.7833333333335020, 53.51666666666668704 ) ) ;
#2290 = LINE ( 'NONE', #1812, #1027 ) ;
#2291 = CARTESIAN_POINT ( 'NONE',  ( -11.84999999999989662, 1.713039432527080440E-15, 34.70000000000000995 ) ) ;
#2292 = PRESENTATION_LAYER_ASSIGNMENT (  '', '', ( #942 ) ) ;
#2293 = PRESENTATION_STYLE_ASSIGNMENT (( #3268 ) ) ;
#2294 = AXIS2_PLACEMENT_3D ( 'NONE', #1121, #1774, #1685 ) ;
#2295 = SURFACE_SIDE_STYLE ('',( #1314 ) ) ;
#2296 = DIRECTION ( 'NONE',  ( 1.000000000000000000, 0.000000000000000000, -1.726093010922196207E-16 ) ) ;
#2297 = FILL_AREA_STYLE ('',( #2321 ) ) ;
#2298 = DIRECTION ( 'NONE',  ( -0.000000000000000000, -0.000000000000000000, 1.000000000000000000 ) ) ;
#2299 = VECTOR ( 'NONE', #3935, 1000.000000000000000 ) ;
#2300 = AXIS2_PLACEMENT_3D ( 'NONE', #3823, #601, #667 ) ;
#2301 = DIRECTION ( 'NONE',  ( -1.726093010922196207E-16, 0.000000000000000000, -1.000000000000000000 ) ) ;
#2302 = EDGE_LOOP ( 'NONE', ( #1949, #2662, #1628, #3100 ) ) ;
#2303 = MECHANICAL_DESIGN_GEOMETRIC_PRESENTATION_REPRESENTATION (  '', ( #3569 ), #3763 ) ;
#2304 = ADVANCED_FACE ( 'NONE', ( #3130 ), #2541, .F. ) ;
#2305 = ORIENTED_EDGE ( 'NONE', *, *, #3911, .F. ) ;
#2306 = FACE_OUTER_BOUND ( 'NONE', #3894, .T. ) ;
#2307 =( GEOMETRIC_REPRESENTATION_CONTEXT ( 3 ) GLOBAL_UNCERTAINTY_ASSIGNED_CONTEXT ( ( #2739 ) ) GLOBAL_UNIT_ASSIGNED_CONTEXT ( ( #3320, #3297, #2345 ) ) REPRESENTATION_CONTEXT ( 'NONE', 'WORKASPACE' ) );
#2308 = CARTESIAN_POINT ( 'NONE',  ( 0.1500000000000736855, -201.2850339366208914, 34.70000000000000995 ) ) ;
#2309 = PRESENTATION_STYLE_ASSIGNMENT (( #2334 ) ) ;
#2310 =( NAMED_UNIT ( * ) SI_UNIT ( $, .STERADIAN. ) SOLID_ANGLE_UNIT ( ) );
#2311 = COLOUR_RGB ( '',0.5999999999999999778, 0.1607843137254901800, 0.7529411764705882248 ) ;
#2312 = EDGE_LOOP ( 'NONE', ( #2379 ) ) ;
#2313 = ADVANCED_FACE ( 'NONE', ( #27 ), #615, .F. ) ;
#2314 = SURFACE_STYLE_FILL_AREA ( #414 ) ;
#2315 = VECTOR ( 'NONE', #182, 1000.000000000000000 ) ;
#2316 = MECHANICAL_DESIGN_GEOMETRIC_PRESENTATION_REPRESENTATION (  '', ( #243 ), #2641 ) ;
#2317 = CARTESIAN_POINT ( 'NONE',  ( 0.000000000000000000, 0.000000000000000000, 18.70000000000000995 ) ) ;
#2318 = ORIENTED_EDGE ( 'NONE', *, *, #532, .T. ) ;
#2319 =( GEOMETRIC_REPRESENTATION_CONTEXT ( 3 ) GLOBAL_UNCERTAINTY_ASSIGNED_CONTEXT ( ( #4002 ) ) GLOBAL_UNIT_ASSIGNED_CONTEXT ( ( #3209, #362, #652 ) ) REPRESENTATION_CONTEXT ( 'NONE', 'WORKASPACE' ) );
#2320 =( NAMED_UNIT ( * ) PLANE_ANGLE_UNIT ( ) SI_UNIT ( $, .RADIAN. ) );
#2321 = FILL_AREA_STYLE_COLOUR ( '', #1986 ) ;
#2322 = LINE ( 'NONE', #699, #375 ) ;
#2323 = VECTOR ( 'NONE', #2964, 1000.000000000000000 ) ;
#2324 = SURFACE_STYLE_USAGE ( .BOTH. , #759 ) ;
#2325 = ORIENTED_EDGE ( 'NONE', *, *, #473, .F. ) ;
#2326 = STYLED_ITEM ( 'NONE', ( #1855 ), #3839 ) ;
#2327 = CARTESIAN_POINT ( 'NONE',  ( 34.14999999999990621, -205.5000000000000284, 21.55000000000004334 ) ) ;
#2328 = ORIENTED_EDGE ( 'NONE', *, *, #665, .F. ) ;
#2329 = VECTOR ( 'NONE', #1760, 1000.000000000000000 ) ;
#2330 = CARTESIAN_POINT ( 'NONE',  ( -71.84999999999989484, -253.5000000000000000, 36.80000000000008953 ) ) ;
#2331 = ORIENTED_EDGE ( 'NONE', *, *, #2408, .F. ) ;
#2332 = CARTESIAN_POINT ( 'NONE',  ( 1.200000000000002176, -224.7149660633791086, 34.70000000000000995 ) ) ;
#2333 = FILL_AREA_STYLE_COLOUR ( '', #1832 ) ;
#2334 = SURFACE_STYLE_USAGE ( .BOTH. , #3283 ) ;
#2335 = DIRECTION ( 'NONE',  ( -1.000000000000000000, 0.000000000000000000, -0.000000000000000000 ) ) ;
#2336 = EDGE_CURVE ( 'NONE', #1563, #1563, #115, .T. ) ;
#2337 = ORIENTED_EDGE ( 'NONE', *, *, #3078, .F. ) ;
#2338 = CYLINDRICAL_SURFACE ( 'NONE', #2124, 6.000000000000005329 ) ;
#2339 = EDGE_LOOP ( 'NONE', ( #18, #3351, #2256, #923 ) ) ;
#2340 = CARTESIAN_POINT ( 'NONE',  ( -11.84999999999992681, -201.2850339366208914, 14.60000000000000853 ) ) ;
#2341 = EDGE_LOOP ( 'NONE', ( #2713, #116, #298, #1001 ) ) ;
#2342 = ADVANCED_FACE ( 'NONE', ( #2558 ), #550, .F. ) ;
#2343 = DIRECTION ( 'NONE',  ( -1.000000000000000000, 0.000000000000000000, 0.000000000000000000 ) ) ;
#2344 = CARTESIAN_POINT ( 'NONE',  ( 21.64999999999989910, 49.50000000000004263, 13.79999999999999893 ) ) ;
#2345 =( NAMED_UNIT ( * ) SI_UNIT ( $, .STERADIAN. ) SOLID_ANGLE_UNIT ( ) );
#2346 =( NAMED_UNIT ( * ) PLANE_ANGLE_UNIT ( ) SI_UNIT ( $, .RADIAN. ) );
#2347 = FACE_OUTER_BOUND ( 'NONE', #1151, .T. ) ;
#2348 = CARTESIAN_POINT ( 'NONE',  ( -11.84999999999992681, -201.2850339366208914, 30.60000000000000853 ) ) ;
#2349 = VERTEX_POINT ( 'NONE', #332 ) ;
#2350 = SURFACE_STYLE_FILL_AREA ( #2695 ) ;
#2351 = ORIENTED_EDGE ( 'NONE', *, *, #4085, .T. ) ;
#2352 = SURFACE_SIDE_STYLE ('',( #104 ) ) ;
#2353 = DIRECTION ( 'NONE',  ( 1.000000000000000000, -0.000000000000000000, -0.000000000000000000 ) ) ;
#2354 = ORIENTED_EDGE ( 'NONE', *, *, #913, .T. ) ;
#2355 = VECTOR ( 'NONE', #603, 1000.000000000000000 ) ;
#2356 = DIRECTION ( 'NONE',  ( -0.000000000000000000, -0.000000000000000000, -1.000000000000000000 ) ) ;
#2357 = EDGE_CURVE ( 'NONE', #1866, #2889, #2816, .T. ) ;
#2358 = DIRECTION ( 'NONE',  ( -1.000000000000000000, 0.000000000000000000, 0.000000000000000000 ) ) ;
#2359 = SURFACE_STYLE_FILL_AREA ( #2025 ) ;
#2360 = STYLED_ITEM ( 'NONE', ( #2400 ), #1048 ) ;
#2361 = ORIENTED_EDGE ( 'NONE', *, *, #2920, .F. ) ;
#2362 = SURFACE_SIDE_STYLE ('',( #2768 ) ) ;
#2363 = EDGE_CURVE ( 'NONE', #4106, #2950, #1225, .T. ) ;
#2364 = VECTOR ( 'NONE', #3628, 1000.000000000000000 ) ;
#2365 = CARTESIAN_POINT ( 'NONE',  ( -13.85000000000000142, -73.50000000000007105, -3.199999999999999734 ) ) ;
#2366 = DIRECTION ( 'NONE',  ( 1.726093010922196207E-16, 0.000000000000000000, 1.000000000000000000 ) ) ;
#2367 =( NAMED_UNIT ( * ) PLANE_ANGLE_UNIT ( ) SI_UNIT ( $, .RADIAN. ) );
#2368 = STYLED_ITEM ( 'NONE', ( #3945 ), #1662 ) ;
#2369 = CARTESIAN_POINT ( 'NONE',  ( 10.15000000000000568, -43.50000000000007105, -24.20000000000001350 ) ) ;
#2370 = FACE_OUTER_BOUND ( 'NONE', #642, .T. ) ;
#2371 = ORIENTED_EDGE ( 'NONE', *, *, #587, .F. ) ;
#2372 = VECTOR ( 'NONE', #2631, 1000.000000000000000 ) ;
#2373 = FACE_OUTER_BOUND ( 'NONE', #2302, .T. ) ;
#2374 = VECTOR ( 'NONE', #2897, 1000.000000000000000 ) ;
#2375 = UNCERTAINTY_MEASURE_WITH_UNIT (LENGTH_MEASURE( 1.000000000000000082E-05 ), #3562, 'distance_accuracy_value', 'NONE');
#2376 = CARTESIAN_POINT ( 'NONE',  ( -68.84999999999983800, -56.50000000000009237, 39.80000000000000426 ) ) ;
#2377 = ORIENTED_EDGE ( 'NONE', *, *, #3955, .T. ) ;
#2378 = SURFACE_STYLE_FILL_AREA ( #1705 ) ;
#2379 = ORIENTED_EDGE ( 'NONE', *, *, #3131, .F. ) ;
#2380 = CIRCLE ( 'NONE', #764, 3.299999999999998934 ) ;
#2381 = COLOUR_RGB ( '',0.5999999999999999778, 0.1607843137254901800, 0.7529411764705882248 ) ;
#2382 = SURFACE_STYLE_USAGE ( .BOTH. , #2705 ) ;
#2383 = PLANE ( 'NONE',  #2111 ) ;
#2384 = COLOUR_RGB ( '',0.5999999999999999778, 0.1607843137254901800, 0.7529411764705882248 ) ;
#2385 = CIRCLE ( 'NONE', #3123, 2.550000000000000266 ) ;
#2386 = ADVANCED_FACE ( 'NONE', ( #2235, #3755, #3509, #575 ), #643, .T. ) ;
#2387 = UNCERTAINTY_MEASURE_WITH_UNIT (LENGTH_MEASURE( 1.000000000000000082E-05 ), #2196, 'distance_accuracy_value', 'NONE');
#2388 = AXIS2_PLACEMENT_3D ( 'NONE', #3805, #3831, #2891 ) ;
#2389 =( LENGTH_UNIT ( ) NAMED_UNIT ( * ) SI_UNIT ( .MILLI., .METRE. ) );
#2390 = ADVANCED_FACE ( 'NONE', ( #3877 ), #3611, .F. ) ;
#2391 = VECTOR ( 'NONE', #1295, 1000.000000000000000 ) ;
#2392 = FILL_AREA_STYLE_COLOUR ( '', #445 ) ;
#2393 = VECTOR ( 'NONE', #600, 1000.000000000000000 ) ;
#2394 = FILL_AREA_STYLE_COLOUR ( '', #2384 ) ;
#2395 = CARTESIAN_POINT ( 'NONE',  ( -13.85000000000000142, -73.50000000000007105, -3.199999999999999734 ) ) ;
#2396 = DIRECTION ( 'NONE',  ( 1.000000000000000000, -0.000000000000000000, -0.000000000000000000 ) ) ;
#2397 = PRESENTATION_STYLE_ASSIGNMENT (( #3606 ) ) ;
#2398 = EDGE_LOOP ( 'NONE', ( #752 ) ) ;
#2399 = ORIENTED_EDGE ( 'NONE', *, *, #458, .F. ) ;
#2400 = PRESENTATION_STYLE_ASSIGNMENT (( #3922 ) ) ;
#2401 = DIRECTION ( 'NONE',  ( 0.000000000000000000, 0.000000000000000000, -1.000000000000000000 ) ) ;
#2402 =( NAMED_UNIT ( * ) SI_UNIT ( $, .STERADIAN. ) SOLID_ANGLE_UNIT ( ) );
#2403 = VERTEX_POINT ( 'NONE', #2959 ) ;
#2404 = EDGE_CURVE ( 'NONE', #927, #927, #2385, .T. ) ;
#2405 = PLANE ( 'NONE',  #1643 ) ;
#2406 = CARTESIAN_POINT ( 'NONE',  ( -3.800000000000001599, -239.7149660633791086, 6.100000000000004974 ) ) ;
#2407 =( LENGTH_UNIT ( ) NAMED_UNIT ( * ) SI_UNIT ( .MILLI., .METRE. ) );
#2408 = EDGE_CURVE ( 'NONE', #2813, #140, #351, .T. ) ;
#2409 = LINE ( 'NONE', #471, #1914 ) ;
#2410 = VERTEX_POINT ( 'NONE', #720 ) ;
#2411 = CARTESIAN_POINT ( 'NONE',  ( -61.84999999999989484, -57.28503393662091980, 8.050000000000000711 ) ) ;
#2412 = LINE ( 'NONE', #1767, #2244 ) ;
#2413 = UNCERTAINTY_MEASURE_WITH_UNIT (LENGTH_MEASURE( 1.000000000000000082E-05 ), #1692, 'distance_accuracy_value', 'NONE');
#2414 = EDGE_LOOP ( 'NONE', ( #2894, #1487, #2540, #1427 ) ) ;
#2415 = DIRECTION ( 'NONE',  ( -0.000000000000000000, -0.000000000000000000, -1.000000000000000000 ) ) ;
#2416 = CARTESIAN_POINT ( 'NONE',  ( -3.799999999999998046, -263.5000000000000000, 18.70000000000001350 ) ) ;
#2417 = UNCERTAINTY_MEASURE_WITH_UNIT (LENGTH_MEASURE( 1.000000000000000082E-05 ), #441, 'distance_accuracy_value', 'NONE');
#2418 = CARTESIAN_POINT ( 'NONE',  ( 19.00000000000000000, -38.50000000000000000, -7.299999999999998934 ) ) ;
#2419 = DIRECTION ( 'NONE',  ( 0.000000000000000000, 0.000000000000000000, -1.000000000000000000 ) ) ;
#2420 = VECTOR ( 'NONE', #943, 1000.000000000000000 ) ;
#2421 = CARTESIAN_POINT ( 'NONE',  ( 21.64999999999989910, 49.50000000000004263, 8.049999999999998934 ) ) ;
#2422 = ORIENTED_EDGE ( 'NONE', *, *, #317, .F. ) ;
#2423 = COLOUR_RGB ( '',0.5999999999999999778, 0.1607843137254901800, 0.7529411764705882248 ) ;
#2424 = UNCERTAINTY_MEASURE_WITH_UNIT (LENGTH_MEASURE( 1.000000000000000082E-05 ), #2629, 'distance_accuracy_value', 'NONE');
#2425 = ORIENTED_EDGE ( 'NONE', *, *, #2105, .F. ) ;
#2426 = DIRECTION ( 'NONE',  ( 1.000000000000000000, 0.000000000000000000, -1.726093010922196207E-16 ) ) ;
#2427 =( GEOMETRIC_REPRESENTATION_CONTEXT ( 3 ) GLOBAL_UNCERTAINTY_ASSIGNED_CONTEXT ( ( #2553 ) ) GLOBAL_UNIT_ASSIGNED_CONTEXT ( ( #23, #1579, #640 ) ) REPRESENTATION_CONTEXT ( 'NONE', 'WORKASPACE' ) );
#2428 = PLANE ( 'NONE',  #1296 ) ;
#2429 = COLOUR_RGB ( '',0.5999999999999999778, 0.1607843137254901800, 0.7529411764705882248 ) ;
#2430 = LINE ( 'NONE', #1783, #2581 ) ;
#2431 = DIRECTION ( 'NONE',  ( 0.000000000000000000, 0.000000000000000000, 1.000000000000000000 ) ) ;
#2432 = ORIENTED_EDGE ( 'NONE', *, *, #3303, .F. ) ;
#2433 = VERTEX_POINT ( 'NONE', #2274 ) ;
#2434 =( GEOMETRIC_REPRESENTATION_CONTEXT ( 3 ) GLOBAL_UNCERTAINTY_ASSIGNED_CONTEXT ( ( #3334 ) ) GLOBAL_UNIT_ASSIGNED_CONTEXT ( ( #2045, #3589, #2661 ) ) REPRESENTATION_CONTEXT ( 'NONE', 'WORKASPACE' ) );
#2435 = CARTESIAN_POINT ( 'NONE',  ( 10.14999999999999325, -253.5000000000000000, 36.80000000000009663 ) ) ;
#2436 = EDGE_CURVE ( 'NONE', #3707, #3054, #3547, .T. ) ;
#2437 =( NAMED_UNIT ( * ) PLANE_ANGLE_UNIT ( ) SI_UNIT ( $, .RADIAN. ) );
#2438 =( GEOMETRIC_REPRESENTATION_CONTEXT ( 3 ) GLOBAL_UNCERTAINTY_ASSIGNED_CONTEXT ( ( #3089 ) ) GLOBAL_UNIT_ASSIGNED_CONTEXT ( ( #1827, #3086, #3068 ) ) REPRESENTATION_CONTEXT ( 'NONE', 'WORKASPACE' ) );
#2439 =( LENGTH_UNIT ( ) NAMED_UNIT ( * ) SI_UNIT ( .MILLI., .METRE. ) );
#2440 = PRESENTATION_LAYER_ASSIGNMENT (  '', '', ( #3364 ) ) ;
#2441 = DIRECTION ( 'NONE',  ( -0.000000000000000000, -0.000000000000000000, 1.000000000000000000 ) ) ;
#2442 = UNCERTAINTY_MEASURE_WITH_UNIT (LENGTH_MEASURE( 1.000000000000000082E-05 ), #1999, 'distance_accuracy_value', 'NONE');
#2443 = PRESENTATION_STYLE_ASSIGNMENT (( #1161 ) ) ;
#2444 = PLANE ( 'NONE',  #2699 ) ;
#2445 = VECTOR ( 'NONE', #3365, 1000.000000000000000 ) ;
#2446 = SURFACE_STYLE_FILL_AREA ( #245 ) ;
#2447 = VERTEX_POINT ( 'NONE', #738 ) ;
#2448 = EDGE_LOOP ( 'NONE', ( #593, #1258, #3949, #3972 ) ) ;
#2449 = DIRECTION ( 'NONE',  ( -0.000000000000000000, -0.000000000000000000, 1.000000000000000000 ) ) ;
#2450 = VECTOR ( 'NONE', #854, 1000.000000000000000 ) ;
#2451 = AXIS2_PLACEMENT_3D ( 'NONE', #2534, #4071, #3814 ) ;
#2452 = VECTOR ( 'NONE', #3870, 1000.000000000000114 ) ;
#2453 = PRESENTATION_LAYER_ASSIGNMENT (  '', '', ( #2506 ) ) ;
#2454 = VERTEX_POINT ( 'NONE', #1506 ) ;
#2455 = EDGE_LOOP ( 'NONE', ( #1089 ) ) ;
#2456 = STYLED_ITEM ( 'NONE', ( #990 ), #3631 ) ;
#2457 = VECTOR ( 'NONE', #1641, 1000.000000000000000 ) ;
#2458 = FILL_AREA_STYLE_COLOUR ( '', #1188 ) ;
#2459 = CARTESIAN_POINT ( 'NONE',  ( 10.14999999999999325, -38.50000000000000000, -7.299999999999998934 ) ) ;
#2460 = EDGE_CURVE ( 'NONE', #4093, #3906, #1967, .T. ) ;
#2461 = LINE ( 'NONE', #1549, #2215 ) ;
#2462 =( GEOMETRIC_REPRESENTATION_CONTEXT ( 3 ) GLOBAL_UNCERTAINTY_ASSIGNED_CONTEXT ( ( #2424 ) ) GLOBAL_UNIT_ASSIGNED_CONTEXT ( ( #2629, #408, #2654 ) ) REPRESENTATION_CONTEXT ( 'NONE', 'WORKASPACE' ) );
#2463 = LINE ( 'NONE', #3435, #1785 ) ;
#2464 = FILL_AREA_STYLE ('',( #3436 ) ) ;
#2465 = DIRECTION ( 'NONE',  ( 0.000000000000000000, -1.000000000000000000, -0.000000000000000000 ) ) ;
#2466 = EDGE_CURVE ( 'NONE', #3021, #3516, #371, .T. ) ;
#2467 = DIRECTION ( 'NONE',  ( 0.000000000000000000, 0.000000000000000000, 1.000000000000000000 ) ) ;
#2468 = EDGE_LOOP ( 'NONE', ( #3918 ) ) ;
#2469 = SURFACE_STYLE_USAGE ( .BOTH. , #3056 ) ;
#2470 = PLANE ( 'NONE',  #1586 ) ;
#2471 = CARTESIAN_POINT ( 'NONE',  ( -28.90000000000000924, -82.28503393662093401, -37.81245647272603350 ) ) ;
#2472 = FILL_AREA_STYLE_COLOUR ( '', #160 ) ;
#2473 = ORIENTED_EDGE ( 'NONE', *, *, #2101, .F. ) ;
#2474 = ORIENTED_EDGE ( 'NONE', *, *, #303, .F. ) ;
#2475 = SURFACE_STYLE_USAGE ( .BOTH. , #3726 ) ;
#2476 = CARTESIAN_POINT ( 'NONE',  ( 20.74658439628151996, -177.6927544108115740, 34.70000000000000995 ) ) ;
#2477 = EDGE_LOOP ( 'NONE', ( #3145, #3224, #3520, #3936 ) ) ;
#2478 = EDGE_CURVE ( 'NONE', #3186, #3186, #1926, .T. ) ;
#2479 = FACE_BOUND ( 'NONE', #1268, .T. ) ;
#2480 = CARTESIAN_POINT ( 'NONE',  ( -71.84999999999989484, -57.28503393662091980, -7.299999999999998934 ) ) ;
#2481 = ADVANCED_FACE ( 'NONE', ( #2023 ), #177, .F. ) ;
#2482 = ADVANCED_FACE ( 'NONE', ( #2092, #3979 ), #2706, .F. ) ;
#2483 = PRESENTATION_LAYER_ASSIGNMENT (  '', '', ( #872 ) ) ;
#2484 = EDGE_LOOP ( 'NONE', ( #2422, #3653, #813, #3719, #2593, #1737 ) ) ;
#2485 = DIRECTION ( 'NONE',  ( 0.000000000000000000, -1.000000000000000000, 0.000000000000000000 ) ) ;
#2486 = EDGE_CURVE ( 'NONE', #2907, #2843, #799, .T. ) ;
#2487 = APPLICATION_PROTOCOL_DEFINITION ( 'draft international standard', 'automotive_design', 1998, #195 ) ;
#2488 = DIRECTION ( 'NONE',  ( -0.000000000000000000, -1.000000000000000000, -0.000000000000000000 ) ) ;
#2489 = FACE_OUTER_BOUND ( 'NONE', #3066, .T. ) ;
#2490 = AXIS2_PLACEMENT_3D ( 'NONE', #3403, #1222, #3716 ) ;
#2491 = DIRECTION ( 'NONE',  ( -0.7071067811865475727, 0.000000000000000000, -0.7071067811865475727 ) ) ;
#2492 = LINE ( 'NONE', #4060, #485 ) ;
#2493 = DIRECTION ( 'NONE',  ( -1.000000000000000000, 0.000000000000000000, 0.000000000000000000 ) ) ;
#2494 = CARTESIAN_POINT ( 'NONE',  ( -13.84999999999998366, -233.5000000000000568, -7.299999999999998934 ) ) ;
#2495 = DIRECTION ( 'NONE',  ( 0.000000000000000000, -1.000000000000000000, 0.000000000000000000 ) ) ;
#2496 =( LENGTH_UNIT ( ) NAMED_UNIT ( * ) SI_UNIT ( .MILLI., .METRE. ) );
#2497 = COLOUR_RGB ( '',0.5999999999999999778, 0.1607843137254901800, 0.7529411764705882248 ) ;
#2498 = AXIS2_PLACEMENT_3D ( 'NONE', #3737, #3757, #1227 ) ;
#2499 = SURFACE_STYLE_FILL_AREA ( #3482 ) ;
#2500 = FILL_AREA_STYLE ('',( #1780 ) ) ;
#2501 = EDGE_CURVE ( 'NONE', #2239, #2239, #3904, .T. ) ;
#2502 = COLOUR_RGB ( '',0.5999999999999999778, 0.1607843137254901800, 0.7529411764705882248 ) ;
#2503 = CARTESIAN_POINT ( 'NONE',  ( -39.84999999999993037, 0.000000000000000000, 34.70000000000000995 ) ) ;
#2504 = EDGE_CURVE ( 'NONE', #437, #2548, #1457, .T. ) ;
#2505 = ORIENTED_EDGE ( 'NONE', *, *, #387, .T. ) ;
#2506 = STYLED_ITEM ( 'NONE', ( #1100 ), #2481 ) ;
#2507 = PRESENTATION_STYLE_ASSIGNMENT (( #1253 ) ) ;
#2508 = PRESENTATION_STYLE_ASSIGNMENT (( #1611 ) ) ;
#2509 =( GEOMETRIC_REPRESENTATION_CONTEXT ( 3 ) GLOBAL_UNCERTAINTY_ASSIGNED_CONTEXT ( ( #449 ) ) GLOBAL_UNIT_ASSIGNED_CONTEXT ( ( #3864, #2028, #3300 ) ) REPRESENTATION_CONTEXT ( 'NONE', 'WORKASPACE' ) );
#2510 = DIRECTION ( 'NONE',  ( -0.7071067811865455743, 0.000000000000000000, 0.7071067811865493491 ) ) ;
#2511 = ORIENTED_EDGE ( 'NONE', *, *, #552, .F. ) ;
#2512 = PRESENTATION_LAYER_ASSIGNMENT (  '', '', ( #315 ) ) ;
#2513 = ORIENTED_EDGE ( 'NONE', *, *, #1742, .F. ) ;
#2514 = EDGE_LOOP ( 'NONE', ( #3637, #1224, #682, #157 ) ) ;
#2515 = LINE ( 'NONE', #2289, #2917 ) ;
#2516 = LINE ( 'NONE', #1902, #1441 ) ;
#2517 = STYLED_ITEM ( 'NONE', ( #3305 ), #4061 ) ;
#2518 = FILL_AREA_STYLE_COLOUR ( '', #1920 ) ;
#2519 = CARTESIAN_POINT ( 'NONE',  ( 1.199999999999996181, 0.000000000000000000, 34.70000000000000995 ) ) ;
#2520 = ADVANCED_FACE ( 'NONE', ( #528, #1139 ), #827, .T. ) ;
#2521 = VERTEX_POINT ( 'NONE', #2820 ) ;
#2522 = DIRECTION ( 'NONE',  ( -1.000000000000000000, 0.000000000000000000, 0.000000000000000000 ) ) ;
#2523 = ORIENTED_EDGE ( 'NONE', *, *, #3880, .T. ) ;
#2524 = EDGE_CURVE ( 'NONE', #2950, #2826, #2516, .T. ) ;
#2525 = LINE ( 'NONE', #2847, #1725 ) ;
#2526 = CARTESIAN_POINT ( 'NONE',  ( -49.34999999999989484, -253.5000000000000000, 13.80000000000000249 ) ) ;
#2527 = CARTESIAN_POINT ( 'NONE',  ( -71.84999999999989484, -57.28503393662091980, 8.050000000000000711 ) ) ;
#2528 = ORIENTED_EDGE ( 'NONE', *, *, #111, .F. ) ;
#2529 = ORIENTED_EDGE ( 'NONE', *, *, #3325, .F. ) ;
#2530 = FACE_OUTER_BOUND ( 'NONE', #1670, .T. ) ;
#2531 = ORIENTED_EDGE ( 'NONE', *, *, #221, .F. ) ;
#2532 = DIRECTION ( 'NONE',  ( -1.000000000000000000, 0.000000000000000000, 0.000000000000000000 ) ) ;
#2533 = SURFACE_STYLE_USAGE ( .BOTH. , #1580 ) ;
#2534 = CARTESIAN_POINT ( 'NONE',  ( -51.84999999999993037, -123.2850339366209198, 14.60000000000000853 ) ) ;
#2535 = CARTESIAN_POINT ( 'NONE',  ( -45.84999999999993037, -117.2850339366209340, 34.60000000000000853 ) ) ;
#2536 = PRESENTATION_LAYER_ASSIGNMENT (  '', '', ( #1077 ) ) ;
#2537 =( NAMED_UNIT ( * ) PLANE_ANGLE_UNIT ( ) SI_UNIT ( $, .RADIAN. ) );
#2538 = DIRECTION ( 'NONE',  ( 1.000000000000000000, -1.445602896647337931E-16, 0.000000000000000000 ) ) ;
#2539 = VECTOR ( 'NONE', #2493, 1000.000000000000000 ) ;
#2540 = ORIENTED_EDGE ( 'NONE', *, *, #2524, .F. ) ;
#2541 = PLANE ( 'NONE',  #3910 ) ;
#2542 = SURFACE_STYLE_FILL_AREA ( #1271 ) ;
#2543 = CARTESIAN_POINT ( 'NONE',  ( 1.199999999999999067, -57.28503393662091980, -2.299999999999994937 ) ) ;
#2544 = FACE_OUTER_BOUND ( 'NONE', #1338, .T. ) ;
#2545 = DIRECTION ( 'NONE',  ( -1.000000000000000000, 0.000000000000000000, -3.452186021844392414E-16 ) ) ;
#2546 = VECTOR ( 'NONE', #3860, 1000.000000000000000 ) ;
#2547 = ADVANCED_FACE ( 'NONE', ( #2171, #1243 ), #591, .T. ) ;
#2548 = VERTEX_POINT ( 'NONE', #3459 ) ;
#2549 = SURFACE_STYLE_FILL_AREA ( #3872 ) ;
#2550 = VECTOR ( 'NONE', #84, 1000.000000000000000 ) ;
#2551 = FILL_AREA_STYLE_COLOUR ( '', #35 ) ;
#2552 = ORIENTED_EDGE ( 'NONE', *, *, #1000, .F. ) ;
#2553 = UNCERTAINTY_MEASURE_WITH_UNIT (LENGTH_MEASURE( 1.000000000000000082E-05 ), #23, 'distance_accuracy_value', 'NONE');
#2554 = ADVANCED_FACE ( 'NONE', ( #3415 ), #884, .F. ) ;
#2555 =( GEOMETRIC_REPRESENTATION_CONTEXT ( 3 ) GLOBAL_UNCERTAINTY_ASSIGNED_CONTEXT ( ( #1462 ) ) GLOBAL_UNIT_ASSIGNED_CONTEXT ( ( #2886, #986, #2589 ) ) REPRESENTATION_CONTEXT ( 'NONE', 'WORKASPACE' ) );
#2556 = DIRECTION ( 'NONE',  ( 0.000000000000000000, -1.000000000000000000, 0.000000000000000000 ) ) ;
#2557 = VERTEX_POINT ( 'NONE', #709 ) ;
#2558 = FACE_OUTER_BOUND ( 'NONE', #1922, .T. ) ;
#2559 = DIRECTION ( 'NONE',  ( 1.000000000000000000, 0.000000000000000000, 0.000000000000000000 ) ) ;
#2560 = VECTOR ( 'NONE', #2261, 1000.000000000000000 ) ;
#2561 = CARTESIAN_POINT ( 'NONE',  ( -37.85000000000000142, -253.5000000000000000, -24.20000000000001350 ) ) ;
#2562 = SURFACE_STYLE_FILL_AREA ( #1290 ) ;
#2563 = STYLED_ITEM ( 'NONE', ( #951 ), #1952 ) ;
#2564 = PRESENTATION_STYLE_ASSIGNMENT (( #339 ) ) ;
#2565 =( GEOMETRIC_REPRESENTATION_CONTEXT ( 3 ) GLOBAL_UNCERTAINTY_ASSIGNED_CONTEXT ( ( #784 ) ) GLOBAL_UNIT_ASSIGNED_CONTEXT ( ( #333, #3461, #595 ) ) REPRESENTATION_CONTEXT ( 'NONE', 'WORKASPACE' ) );
#2566 = AXIS2_PLACEMENT_3D ( 'NONE', #2134, #3400, #227 ) ;
#2567 = PLANE ( 'NONE',  #781 ) ;
#2568 = STYLED_ITEM ( 'NONE', ( #96 ), #3257 ) ;
#2569 = LINE ( 'NONE', #2949, #1684 ) ;
#2570 = AXIS2_PLACEMENT_3D ( 'NONE', #134, #1391, #107 ) ;
#2571 = ORIENTED_EDGE ( 'NONE', *, *, #1482, .F. ) ;
#2572 = VECTOR ( 'NONE', #424, 1000.000000000000000 ) ;
#2573 = ORIENTED_EDGE ( 'NONE', *, *, #789, .F. ) ;
#2574 = VERTEX_POINT ( 'NONE', #1724 ) ;
#2575 = EDGE_CURVE ( 'NONE', #1976, #1510, #2928, .T. ) ;
#2576 = CARTESIAN_POINT ( 'NONE',  ( -23.90000000000000924, -82.28503393662093401, -1.399999999999991473 ) ) ;
#2577 = VECTOR ( 'NONE', #730, 1000.000000000000000 ) ;
#2578 = DIRECTION ( 'NONE',  ( 0.000000000000000000, 0.000000000000000000, -1.000000000000000000 ) ) ;
#2579 = FILL_AREA_STYLE_COLOUR ( '', #3357 ) ;
#2580 = EDGE_CURVE ( 'NONE', #734, #4065, #2947, .T. ) ;
#2581 = VECTOR ( 'NONE', #534, 1000.000000000000000 ) ;
#2582 =( LENGTH_UNIT ( ) NAMED_UNIT ( * ) SI_UNIT ( .MILLI., .METRE. ) );
#2583 = LINE ( 'NONE', #3532, #3640 ) ;
#2584 = EDGE_LOOP ( 'NONE', ( #2268, #1928, #2718, #1322 ) ) ;
#2585 = DIRECTION ( 'NONE',  ( 0.000000000000000000, 1.000000000000000000, 0.000000000000000000 ) ) ;
#2586 = ORIENTED_EDGE ( 'NONE', *, *, #3426, .F. ) ;
#2587 = ORIENTED_EDGE ( 'NONE', *, *, #3911, .T. ) ;
#2588 = CARTESIAN_POINT ( 'NONE',  ( -39.84999999999993037, -123.2850339366209198, 34.70000000000000995 ) ) ;
#2589 =( NAMED_UNIT ( * ) SI_UNIT ( $, .STERADIAN. ) SOLID_ANGLE_UNIT ( ) );
#2590 = ORIENTED_EDGE ( 'NONE', *, *, #2575, .F. ) ;
#2591 = CARTESIAN_POINT ( 'NONE',  ( -5.849999999999926814, -207.2850339366208914, 34.60000000000000853 ) ) ;
#2592 = DIRECTION ( 'NONE',  ( 0.000000000000000000, -2.231155596111649629E-16, 1.000000000000000000 ) ) ;
#2593 = ORIENTED_EDGE ( 'NONE', *, *, #144, .T. ) ;
#2594 = SURFACE_SIDE_STYLE ('',( #1009 ) ) ;
#2595 = SURFACE_SIDE_STYLE ('',( #2616 ) ) ;
#2596 =( NAMED_UNIT ( * ) SI_UNIT ( $, .STERADIAN. ) SOLID_ANGLE_UNIT ( ) );
#2597 = CARTESIAN_POINT ( 'NONE',  ( -51.84999999999993037, -123.2850339366209198, 34.70000000000000995 ) ) ;
#2598 = LINE ( 'NONE', #2667, #889 ) ;
#2599 = EDGE_CURVE ( 'NONE', #140, #3780, #1998, .T. ) ;
#2600 = DIRECTION ( 'NONE',  ( -0.000000000000000000, 1.000000000000000000, 0.000000000000000000 ) ) ;
#2601 = DIRECTION ( 'NONE',  ( 0.000000000000000000, 2.231155596111649629E-16, -1.000000000000000000 ) ) ;
#2602 = CIRCLE ( 'NONE', #801, 3.299999999999997158 ) ;
#2603 = ADVANCED_FACE ( 'NONE', ( #1675 ), #1361, .F. ) ;
#2604 = ORIENTED_EDGE ( 'NONE', *, *, #2676, .T. ) ;
#2605 = VECTOR ( 'NONE', #2038, 1000.000000000000000 ) ;
#2606 = SURFACE_STYLE_FILL_AREA ( #3250 ) ;
#2607 = VECTOR ( 'NONE', #3410, 1000.000000000000000 ) ;
#2608 = ORIENTED_EDGE ( 'NONE', *, *, #278, .F. ) ;
#2609 = FACE_OUTER_BOUND ( 'NONE', #3875, .T. ) ;
#2610 = DIRECTION ( 'NONE',  ( 0.7071067811865453523, -0.000000000000000000, 0.7071067811865497932 ) ) ;
#2611 = LINE ( 'NONE', #3233, #1088 ) ;
#2612 = COLOUR_RGB ( '',0.5999999999999999778, 0.1607843137254901800, 0.7529411764705882248 ) ;
#2613 = ORIENTED_EDGE ( 'NONE', *, *, #1799, .T. ) ;
#2614 = AXIS2_PLACEMENT_3D ( 'NONE', #2418, #825, #152 ) ;
#2615 = FACE_OUTER_BOUND ( 'NONE', #1408, .T. ) ;
#2616 = SURFACE_STYLE_FILL_AREA ( #3593 ) ;
#2617 =( NAMED_UNIT ( * ) SI_UNIT ( $, .STERADIAN. ) SOLID_ANGLE_UNIT ( ) );
#2618 = SURFACE_STYLE_USAGE ( .BOTH. , #2051 ) ;
#2619 = PRESENTATION_LAYER_ASSIGNMENT (  '', '', ( #4021 ) ) ;
#2620 = PRESENTATION_STYLE_ASSIGNMENT (( #1375 ) ) ;
#2621 = PRESENTATION_LAYER_ASSIGNMENT (  '', '', ( #106 ) ) ;
#2622 = SURFACE_STYLE_USAGE ( .BOTH. , #74 ) ;
#2623 = EDGE_LOOP ( 'NONE', ( #1093, #686, #3541, #948 ) ) ;
#2624 = EDGE_CURVE ( 'NONE', #666, #790, #3931, .T. ) ;
#2625 = PRESENTATION_STYLE_ASSIGNMENT (( #3618 ) ) ;
#2626 = VECTOR ( 'NONE', #1606, 1000.000000000000000 ) ;
#2627 = PRESENTATION_LAYER_ASSIGNMENT (  '', '', ( #3050 ) ) ;
#2628 = ORIENTED_EDGE ( 'NONE', *, *, #3353, .F. ) ;
#2629 =( LENGTH_UNIT ( ) NAMED_UNIT ( * ) SI_UNIT ( .MILLI., .METRE. ) );
#2630 = PRESENTATION_LAYER_ASSIGNMENT (  '', '', ( #2563 ) ) ;
#2631 = DIRECTION ( 'NONE',  ( 1.000000000000000000, -0.000000000000000000, -0.000000000000000000 ) ) ;
#2632 =( LENGTH_UNIT ( ) NAMED_UNIT ( * ) SI_UNIT ( .MILLI., .METRE. ) );
#2633 = DIRECTION ( 'NONE',  ( 1.000000000000000000, 0.000000000000000000, 0.000000000000000000 ) ) ;
#2634 = FACE_OUTER_BOUND ( 'NONE', #3143, .T. ) ;
#2635 = PRESENTATION_LAYER_ASSIGNMENT (  '', '', ( #2114 ) ) ;
#2636 = MECHANICAL_DESIGN_GEOMETRIC_PRESENTATION_REPRESENTATION (  '', ( #2837 ), #3648 ) ;
#2637 = ORIENTED_EDGE ( 'NONE', *, *, #2731, .T. ) ;
#2638 = SURFACE_SIDE_STYLE ('',( #2314 ) ) ;
#2639 = ORIENTED_EDGE ( 'NONE', *, *, #2940, .T. ) ;
#2640 = DIRECTION ( 'NONE',  ( 0.000000000000000000, 0.000000000000000000, -1.000000000000000000 ) ) ;
#2641 =( GEOMETRIC_REPRESENTATION_CONTEXT ( 3 ) GLOBAL_UNCERTAINTY_ASSIGNED_CONTEXT ( ( #3328 ) ) GLOBAL_UNIT_ASSIGNED_CONTEXT ( ( #599, #3468, #2846 ) ) REPRESENTATION_CONTEXT ( 'NONE', 'WORKASPACE' ) );
#2642 = VERTEX_POINT ( 'NONE', #1697 ) ;
#2643 = VECTOR ( 'NONE', #434, 1000.000000000000000 ) ;
#2644 = STYLED_ITEM ( 'NONE', ( #2151 ), #2547 ) ;
#2645 = PRESENTATION_STYLE_ASSIGNMENT (( #3023 ) ) ;
#2646 = FACE_OUTER_BOUND ( 'NONE', #149, .T. ) ;
#2647 =( NAMED_UNIT ( * ) PLANE_ANGLE_UNIT ( ) SI_UNIT ( $, .RADIAN. ) );
#2648 =( GEOMETRIC_REPRESENTATION_CONTEXT ( 3 ) GLOBAL_UNCERTAINTY_ASSIGNED_CONTEXT ( ( #1125 ) ) GLOBAL_UNIT_ASSIGNED_CONTEXT ( ( #384, #3329, #394 ) ) REPRESENTATION_CONTEXT ( 'NONE', 'WORKASPACE' ) );
#2649 = DIRECTION ( 'NONE',  ( 1.000000000000000000, 0.000000000000000000, -1.726093010922196207E-16 ) ) ;
#2650 = SURFACE_SIDE_STYLE ('',( #2965 ) ) ;
#2651 = DIRECTION ( 'NONE',  ( -1.000000000000000000, 0.000000000000000000, 0.000000000000000000 ) ) ;
#2652 = EDGE_CURVE ( 'NONE', #2684, #318, #120, .T. ) ;
#2653 = ORIENTED_EDGE ( 'NONE', *, *, #2599, .T. ) ;
#2654 =( NAMED_UNIT ( * ) SI_UNIT ( $, .STERADIAN. ) SOLID_ANGLE_UNIT ( ) );
#2655 = DIRECTION ( 'NONE',  ( 0.000000000000000000, 0.000000000000000000, -1.000000000000000000 ) ) ;
#2656 = CARTESIAN_POINT ( 'NONE',  ( -23.90000000000000924, -224.7149660633791086, 18.70000000000000995 ) ) ;
#2657 = ORIENTED_EDGE ( 'NONE', *, *, #3175, .T. ) ;
#2658 = ADVANCED_FACE ( 'NONE', ( #1383, #2370 ), #3307, .F. ) ;
#2659 = EDGE_CURVE ( 'NONE', #146, #3780, #1149, .T. ) ;
#2660 = ORIENTED_EDGE ( 'NONE', *, *, #2336, .T. ) ;
#2661 =( NAMED_UNIT ( * ) SI_UNIT ( $, .STERADIAN. ) SOLID_ANGLE_UNIT ( ) );
#2662 = ORIENTED_EDGE ( 'NONE', *, *, #529, .F. ) ;
#2663 = EDGE_CURVE ( 'NONE', #3156, #3899, #3683, .T. ) ;
#2664 = DIRECTION ( 'NONE',  ( 0.000000000000000000, 0.000000000000000000, -1.000000000000000000 ) ) ;
#2665 = FILL_AREA_STYLE ('',( #3006 ) ) ;
#2666 = DIRECTION ( 'NONE',  ( 0.000000000000000000, -1.000000000000000000, 0.000000000000000000 ) ) ;
#2667 = CARTESIAN_POINT ( 'NONE',  ( 34.14999999999990621, 49.50000000000004263, 13.80000000000000249 ) ) ;
#2668 = ORIENTED_EDGE ( 'NONE', *, *, #3426, .T. ) ;
#2669 = LINE ( 'NONE', #1673, #3132 ) ;
#2670 = LINE ( 'NONE', #3282, #1698 ) ;
#2671 = SURFACE_SIDE_STYLE ('',( #1399 ) ) ;
#2672 =( NAMED_UNIT ( * ) PLANE_ANGLE_UNIT ( ) SI_UNIT ( $, .RADIAN. ) );
#2673 = DIRECTION ( 'NONE',  ( 0.000000000000000000, -2.231155596111649629E-16, 1.000000000000000000 ) ) ;
#2674 = COLOUR_RGB ( '',0.5999999999999999778, 0.1607843137254901800, 0.7529411764705882248 ) ;
#2675 = VERTEX_POINT ( 'NONE', #1762 ) ;
#2676 = EDGE_CURVE ( 'NONE', #3830, #3358, #2409, .T. ) ;
#2677 = ORIENTED_EDGE ( 'NONE', *, *, #910, .F. ) ;
#2678 = VECTOR ( 'NONE', #2353, 1000.000000000000000 ) ;
#2679 = FILL_AREA_STYLE_COLOUR ( '', #225 ) ;
#2680 = FILL_AREA_STYLE ('',( #3712 ) ) ;
#2681 = EDGE_CURVE ( 'NONE', #3393, #1640, #3699, .T. ) ;
#2682 =( LENGTH_UNIT ( ) NAMED_UNIT ( * ) SI_UNIT ( .MILLI., .METRE. ) );
#2683 = MECHANICAL_DESIGN_GEOMETRIC_PRESENTATION_REPRESENTATION (  '', ( #98 ), #1357 ) ;
#2684 = VERTEX_POINT ( 'NONE', #841 ) ;
#2685 = AXIS2_PLACEMENT_3D ( 'NONE', #3874, #327, #1642 ) ;
#2686 = LINE ( 'NONE', #3574, #1306 ) ;
#2687 = STYLED_ITEM ( 'NONE', ( #256 ), #1464 ) ;
#2688 = ORIENTED_EDGE ( 'NONE', *, *, #4008, .T. ) ;
#2689 = DIRECTION ( 'NONE',  ( 0.000000000000000000, -2.231155596111649629E-16, 1.000000000000000000 ) ) ;
#2690 = DIRECTION ( 'NONE',  ( 0.000000000000000000, -0.000000000000000000, -1.000000000000000000 ) ) ;
#2691 = ORIENTED_EDGE ( 'NONE', *, *, #1691, .T. ) ;
#2692 = LINE ( 'NONE', #3968, #806 ) ;
#2693 = UNCERTAINTY_MEASURE_WITH_UNIT (LENGTH_MEASURE( 1.000000000000000082E-05 ), #1529, 'distance_accuracy_value', 'NONE');
#2694 = EDGE_LOOP ( 'NONE', ( #3211, #1133, #1183, #590 ) ) ;
#2695 = FILL_AREA_STYLE ('',( #1070 ) ) ;
#2696 = ORIENTED_EDGE ( 'NONE', *, *, #1816, .T. ) ;
#2697 =( GEOMETRIC_REPRESENTATION_CONTEXT ( 3 ) GLOBAL_UNCERTAINTY_ASSIGNED_CONTEXT ( ( #1082 ) ) GLOBAL_UNIT_ASSIGNED_CONTEXT ( ( #1231, #288, #1564 ) ) REPRESENTATION_CONTEXT ( 'NONE', 'WORKASPACE' ) );
#2698 = ORIENTED_EDGE ( 'NONE', *, *, #665, .T. ) ;
#2699 = AXIS2_PLACEMENT_3D ( 'NONE', #486, #2774, #3048 ) ;
#2700 = ORIENTED_EDGE ( 'NONE', *, *, #2478, .F. ) ;
#2701 = UNCERTAINTY_MEASURE_WITH_UNIT (LENGTH_MEASURE( 1.000000000000000082E-05 ), #3045, 'distance_accuracy_value', 'NONE');
#2702 = ADVANCED_FACE ( 'NONE', ( #3387, #497 ), #1784, .T. ) ;
#2703 = PRESENTATION_LAYER_ASSIGNMENT (  '', '', ( #191 ) ) ;
#2704 = DIRECTION ( 'NONE',  ( 1.000000000000000000, -0.000000000000000000, -0.000000000000000000 ) ) ;
#2705 = SURFACE_SIDE_STYLE ('',( #3318 ) ) ;
#2706 = PLANE ( 'NONE',  #705 ) ;
#2707 = VECTOR ( 'NONE', #1699, 1000.000000000000000 ) ;
#2708 = MECHANICAL_DESIGN_GEOMETRIC_PRESENTATION_REPRESENTATION (  '', ( #2644 ), #123 ) ;
#2709 = EDGE_LOOP ( 'NONE', ( #3561, #1192, #3286, #188 ) ) ;
#2710 = EDGE_CURVE ( 'NONE', #2981, #895, #3062, .T. ) ;
#2711 = UNCERTAINTY_MEASURE_WITH_UNIT (LENGTH_MEASURE( 1.000000000000000082E-05 ), #2389, 'distance_accuracy_value', 'NONE');
#2712 = COLOUR_RGB ( '',0.5999999999999999778, 0.1607843137254901800, 0.7529411764705882248 ) ;
#2713 = ORIENTED_EDGE ( 'NONE', *, *, #481, .T. ) ;
#2714 = UNCERTAINTY_MEASURE_WITH_UNIT (LENGTH_MEASURE( 1.000000000000000082E-05 ), #2265, 'distance_accuracy_value', 'NONE');
#2715 = DIRECTION ( 'NONE',  ( 1.000000000000000000, 0.000000000000000000, 0.000000000000000000 ) ) ;
#2716 = FACE_OUTER_BOUND ( 'NONE', #2758, .T. ) ;
#2717 = VERTEX_POINT ( 'NONE', #1485 ) ;
#2718 = ORIENTED_EDGE ( 'NONE', *, *, #3577, .T. ) ;
#2719 =( LENGTH_UNIT ( ) NAMED_UNIT ( * ) SI_UNIT ( .MILLI., .METRE. ) );
#2720 = VERTEX_POINT ( 'NONE', #1212 ) ;
#2721 = SURFACE_SIDE_STYLE ('',( #581 ) ) ;
#2722 = ORIENTED_EDGE ( 'NONE', *, *, #1409, .T. ) ;
#2723 = FACE_OUTER_BOUND ( 'NONE', #939, .T. ) ;
#2724 = CARTESIAN_POINT ( 'NONE',  ( 21.64999999999989910, -53.49999999999999289, 13.79999999999999893 ) ) ;
#2725 = LINE ( 'NONE', #820, #3753 ) ;
#2726 = FACE_BOUND ( 'NONE', #103, .T. ) ;
#2727 = CARTESIAN_POINT ( 'NONE',  ( 0.000000000000000000, -57.28503393662091980, 34.70000000000000995 ) ) ;
#2728 = PRESENTATION_STYLE_ASSIGNMENT (( #3119 ) ) ;
#2729 = ORIENTED_EDGE ( 'NONE', *, *, #516, .F. ) ;
#2730 = CARTESIAN_POINT ( 'NONE',  ( 41.14999999999987779, -249.7149660633790802, -7.299999999999998934 ) ) ;
#2731 = EDGE_CURVE ( 'NONE', #3990, #3934, #857, .T. ) ;
#2732 = FILL_AREA_STYLE_COLOUR ( '', #3113 ) ;
#2733 = DIRECTION ( 'NONE',  ( 0.000000000000000000, 0.000000000000000000, 1.000000000000000000 ) ) ;
#2734 = DIRECTION ( 'NONE',  ( 1.000000000000000000, 0.000000000000000000, -1.000802005371234635E-16 ) ) ;
#2735 = EDGE_CURVE ( 'NONE', #2851, #1842, #3760, .T. ) ;
#2736 = ORIENTED_EDGE ( 'NONE', *, *, #996, .F. ) ;
#2737 =( LENGTH_UNIT ( ) NAMED_UNIT ( * ) SI_UNIT ( .MILLI., .METRE. ) );
#2738 = SURFACE_STYLE_USAGE ( .BOTH. , #2761 ) ;
#2739 = UNCERTAINTY_MEASURE_WITH_UNIT (LENGTH_MEASURE( 1.000000000000000082E-05 ), #3320, 'distance_accuracy_value', 'NONE');
#2740 = ORIENTED_EDGE ( 'NONE', *, *, #3778, .T. ) ;
#2741 = DIRECTION ( 'NONE',  ( 0.000000000000000000, 0.000000000000000000, 1.000000000000000000 ) ) ;
#2742 = SURFACE_SIDE_STYLE ('',( #1470 ) ) ;
#2743 = SURFACE_STYLE_USAGE ( .BOTH. , #3566 ) ;
#2744 = MECHANICAL_DESIGN_GEOMETRIC_PRESENTATION_REPRESENTATION (  '', ( #1077 ), #274 ) ;
#2745 = ORIENTED_EDGE ( 'NONE', *, *, #890, .F. ) ;
#2746 = DIRECTION ( 'NONE',  ( 0.000000000000000000, 0.7071067811865497932, -0.7071067811865452413 ) ) ;
#2747 =( NAMED_UNIT ( * ) SI_UNIT ( $, .STERADIAN. ) SOLID_ANGLE_UNIT ( ) );
#2748 = CIRCLE ( 'NONE', #1215, 2.549999999999998490 ) ;
#2749 = FILL_AREA_STYLE ('',( #3439 ) ) ;
#2750 = STYLED_ITEM ( 'NONE', ( #2210 ), #851 ) ;
#2751 = UNCERTAINTY_MEASURE_WITH_UNIT (LENGTH_MEASURE( 1.000000000000000082E-05 ), #3646, 'distance_accuracy_value', 'NONE');
#2752 = EDGE_LOOP ( 'NONE', ( #425, #2586, #864, #2199 ) ) ;
#2753 = FACE_BOUND ( 'NONE', #3988, .T. ) ;
#2754 = EDGE_CURVE ( 'NONE', #3649, #279, #536, .T. ) ;
#2755 = VERTEX_POINT ( 'NONE', #2098 ) ;
#2756 = FACE_BOUND ( 'NONE', #1491, .T. ) ;
#2757 = CARTESIAN_POINT ( 'NONE',  ( -13.85000000000000142, -73.50000000000007105, -3.199999999999999734 ) ) ;
#2758 = EDGE_LOOP ( 'NONE', ( #985, #2590, #797, #660 ) ) ;
#2759 = ORIENTED_EDGE ( 'NONE', *, *, #1380, .F. ) ;
#2760 = MECHANICAL_DESIGN_GEOMETRIC_PRESENTATION_REPRESENTATION (  '', ( #4021 ), #3295 ) ;
#2761 = SURFACE_SIDE_STYLE ('',( #1489 ) ) ;
#2762 = EDGE_CURVE ( 'NONE', #3649, #2349, #3103, .T. ) ;
#2763 = CARTESIAN_POINT ( 'NONE',  ( -23.90000000000000213, -57.28503393662091980, -7.299999999999998934 ) ) ;
#2764 = FILL_AREA_STYLE_COLOUR ( '', #1226 ) ;
#2765 = DIRECTION ( 'NONE',  ( 0.000000000000000000, 1.000000000000000000, 0.000000000000000000 ) ) ;
#2766 = VECTOR ( 'NONE', #1502, 1000.000000000000000 ) ;
#2767 = DIRECTION ( 'NONE',  ( 1.000802005371234511E-16, 0.000000000000000000, 1.000000000000000000 ) ) ;
#2768 = SURFACE_STYLE_FILL_AREA ( #879 ) ;
#2769 = UNCERTAINTY_MEASURE_WITH_UNIT (LENGTH_MEASURE( 1.000000000000000082E-05 ), #2737, 'distance_accuracy_value', 'NONE');
#2770 = SURFACE_SIDE_STYLE ('',( #1221 ) ) ;
#2771 = MECHANICAL_DESIGN_GEOMETRIC_PRESENTATION_REPRESENTATION (  '', ( #48 ), #1102 ) ;
#2772 = SURFACE_STYLE_FILL_AREA ( #3118 ) ;
#2773 =( GEOMETRIC_REPRESENTATION_CONTEXT ( 3 ) GLOBAL_UNCERTAINTY_ASSIGNED_CONTEXT ( ( #524 ) ) GLOBAL_UNIT_ASSIGNED_CONTEXT ( ( #2682, #3657, #465 ) ) REPRESENTATION_CONTEXT ( 'NONE', 'WORKASPACE' ) );
#2774 = DIRECTION ( 'NONE',  ( 0.000000000000000000, 0.000000000000000000, -1.000000000000000000 ) ) ;
#2775 = COLOUR_RGB ( '',0.5999999999999999778, 0.1607843137254901800, 0.7529411764705882248 ) ;
#2776 = DIRECTION ( 'NONE',  ( -0.000000000000000000, -1.000000000000000000, -0.000000000000000000 ) ) ;
#2777 = PLANE ( 'NONE',  #2498 ) ;
#2778 = AXIS2_PLACEMENT_3D ( 'NONE', #2277, #2649, #2301 ) ;
#2779 = MECHANICAL_DESIGN_GEOMETRIC_PRESENTATION_REPRESENTATION (  '', ( #1368 ), #1516 ) ;
#2780 = VERTEX_POINT ( 'NONE', #4053 ) ;
#2781 = SURFACE_STYLE_FILL_AREA ( #3061 ) ;
#2782 = FACE_OUTER_BOUND ( 'NONE', #3434, .T. ) ;
#2783 = ORIENTED_EDGE ( 'NONE', *, *, #1823, .F. ) ;
#2784 = LINE ( 'NONE', #1527, #676 ) ;
#2785 = STYLED_ITEM ( 'NONE', ( #1963 ), #3586 ) ;
#2786 = EDGE_LOOP ( 'NONE', ( #3059, #1871, #2809, #207 ) ) ;
#2787 = FILL_AREA_STYLE ('',( #1825 ) ) ;
#2788 = DIRECTION ( 'NONE',  ( -1.000000000000000000, -0.000000000000000000, 1.334402673828312846E-16 ) ) ;
#2789 = LINE ( 'NONE', #3110, #1426 ) ;
#2790 = SURFACE_SIDE_STYLE ('',( #3395 ) ) ;
#2791 = LINE ( 'NONE', #1496, #1349 ) ;
#2792 = ADVANCED_FACE ( 'NONE', ( #2782 ), #870, .T. ) ;
#2793 = EDGE_CURVE ( 'NONE', #1146, #732, #1886, .T. ) ;
#2794 = LINE ( 'NONE', #242, #1651 ) ;
#2795 = ADVANCED_FACE ( 'NONE', ( #2214, #998 ), #2240, .F. ) ;
#2796 =( LENGTH_UNIT ( ) NAMED_UNIT ( * ) SI_UNIT ( .MILLI., .METRE. ) );
#2797 = PRESENTATION_STYLE_ASSIGNMENT (( #1578 ) ) ;
#2798 = ORIENTED_EDGE ( 'NONE', *, *, #3706, .F. ) ;
#2799 = ORIENTED_EDGE ( 'NONE', *, *, #737, .F. ) ;
#2800 = CARTESIAN_POINT ( 'NONE',  ( -28.90000000000000924, -82.28503393662093401, -2.299999999999968736 ) ) ;
#2801 = DIRECTION ( 'NONE',  ( -1.000000000000000000, -0.000000000000000000, 1.334402673828312846E-16 ) ) ;
#2802 = SURFACE_STYLE_FILL_AREA ( #577 ) ;
#2803 = CARTESIAN_POINT ( 'NONE',  ( 1.200000000000000178, -67.28503393662093401, 5.467752980455566458 ) ) ;
#2804 = DIRECTION ( 'NONE',  ( 1.000000000000000000, 0.000000000000000000, 0.000000000000000000 ) ) ;
#2805 = ORIENTED_EDGE ( 'NONE', *, *, #1982, .T. ) ;
#2806 = CARTESIAN_POINT ( 'NONE',  ( -61.84999999999989484, -249.7149660633791086, 13.80000000000000071 ) ) ;
#2807 = CARTESIAN_POINT ( 'NONE',  ( -68.84999999999992326, -249.7149660633790802, 131.3520992523448001 ) ) ;
#2808 = ORIENTED_EDGE ( 'NONE', *, *, #2336, .F. ) ;
#2809 = ORIENTED_EDGE ( 'NONE', *, *, #713, .T. ) ;
#2810 = FILL_AREA_STYLE_COLOUR ( '', #3654 ) ;
#2811 = PLANE ( 'NONE',  #2945 ) ;
#2812 = EDGE_CURVE ( 'NONE', #723, #4093, #981, .T. ) ;
#2813 = VERTEX_POINT ( 'NONE', #1544 ) ;
#2814 =( NAMED_UNIT ( * ) PLANE_ANGLE_UNIT ( ) SI_UNIT ( $, .RADIAN. ) );
#2815 = ADVANCED_FACE ( 'NONE', ( #2879 ), #1910, .F. ) ;
#2816 = LINE ( 'NONE', #1209, #638 ) ;
#2817 = CARTESIAN_POINT ( 'NONE',  ( -37.85000000000000142, -263.5000000000000000, 26.80000000000001847 ) ) ;
#2818 =( NAMED_UNIT ( * ) SI_UNIT ( $, .STERADIAN. ) SOLID_ANGLE_UNIT ( ) );
#2819 = VECTOR ( 'NONE', #1634, 1000.000000000000000 ) ;
#2820 = CARTESIAN_POINT ( 'NONE',  ( -16.40000000000000568, -249.7149660633790802, -7.299999999999998934 ) ) ;
#2821 = SURFACE_SIDE_STYLE ('',( #2562 ) ) ;
#2822 = EDGE_LOOP ( 'NONE', ( #1831, #999, #663, #1381, #3846 ) ) ;
#2823 = CARTESIAN_POINT ( 'NONE',  ( 44.14999999999989910, -57.28503393662091980, 13.80000000000000604 ) ) ;
#2824 = SURFACE_STYLE_USAGE ( .BOTH. , #271 ) ;
#2825 = DIRECTION ( 'NONE',  ( -1.000000000000000000, -0.000000000000000000, -0.000000000000000000 ) ) ;
#2826 = VERTEX_POINT ( 'NONE', #112 ) ;
#2827 = AXIS2_PLACEMENT_3D ( 'NONE', #3558, #379, #1956 ) ;
#2828 = ORIENTED_EDGE ( 'NONE', *, *, #1204, .F. ) ;
#2829 = DIRECTION ( 'NONE',  ( 1.000000000000000000, 0.000000000000000000, -0.000000000000000000 ) ) ;
#2830 = VECTOR ( 'NONE', #2610, 1000.000000000000114 ) ;
#2831 = ADVANCED_FACE ( 'NONE', ( #2926, #3553 ), #2059, .F. ) ;
#2832 = ORIENTED_EDGE ( 'NONE', *, *, #3450, .T. ) ;
#2833 = CARTESIAN_POINT ( 'NONE',  ( -61.84999999999989484, 49.50000000000004263, 13.80000000000000071 ) ) ;
#2834 = PRESENTATION_STYLE_ASSIGNMENT (( #1287 ) ) ;
#2835 = CARTESIAN_POINT ( 'NONE',  ( -51.84999999999993037, -111.2850339366209198, 14.60000000000000853 ) ) ;
#2836 = AXIS2_PLACEMENT_3D ( 'NONE', #3723, #2734, #3363 ) ;
#2837 = STYLED_ITEM ( 'NONE', ( #1448 ), #2187 ) ;
#2838 = EDGE_CURVE ( 'NONE', #1672, #523, #2686, .T. ) ;
#2839 = PRESENTATION_LAYER_ASSIGNMENT (  '', '', ( #565 ) ) ;
#2840 =( GEOMETRIC_REPRESENTATION_CONTEXT ( 3 ) GLOBAL_UNCERTAINTY_ASSIGNED_CONTEXT ( ( #1744 ) ) GLOBAL_UNIT_ASSIGNED_CONTEXT ( ( #270, #1591, #650 ) ) REPRESENTATION_CONTEXT ( 'NONE', 'WORKASPACE' ) );
#2841 = CARTESIAN_POINT ( 'NONE',  ( 44.14999999999990621, -253.5000000000000000, 0.000000000000000000 ) ) ;
#2842 = VERTEX_POINT ( 'NONE', #3598 ) ;
#2843 = VERTEX_POINT ( 'NONE', #1358 ) ;
#2844 = COLOUR_RGB ( '',0.5999999999999999778, 0.1607843137254901800, 0.7529411764705882248 ) ;
#2845 = MECHANICAL_DESIGN_GEOMETRIC_PRESENTATION_REPRESENTATION (  '', ( #3973 ), #3381 ) ;
#2846 =( NAMED_UNIT ( * ) SI_UNIT ( $, .STERADIAN. ) SOLID_ANGLE_UNIT ( ) );
#2847 = CARTESIAN_POINT ( 'NONE',  ( -71.84999999999989484, 0.000000000000000000, -7.299999999999998934 ) ) ;
#2848 = SURFACE_SIDE_STYLE ('',( #3227 ) ) ;
#2849 = PRESENTATION_LAYER_ASSIGNMENT (  '', '', ( #3443 ) ) ;
#2850 = ORIENTED_EDGE ( 'NONE', *, *, #1610, .F. ) ;
#2851 = VERTEX_POINT ( 'NONE', #722 ) ;
#2852 =( GEOMETRIC_REPRESENTATION_CONTEXT ( 3 ) GLOBAL_UNCERTAINTY_ASSIGNED_CONTEXT ( ( #1755 ) ) GLOBAL_UNIT_ASSIGNED_CONTEXT ( ( #3626, #1703, #3311 ) ) REPRESENTATION_CONTEXT ( 'NONE', 'WORKASPACE' ) );
#2853 =( NAMED_UNIT ( * ) SI_UNIT ( $, .STERADIAN. ) SOLID_ANGLE_UNIT ( ) );
#2854 = FILL_AREA_STYLE ('',( #1576 ) ) ;
#2855 = FILL_AREA_STYLE_COLOUR ( '', #2183 ) ;
#2856 = EDGE_LOOP ( 'NONE', ( #2798, #2513, #1590, #1385 ) ) ;
#2857 =( LENGTH_UNIT ( ) NAMED_UNIT ( * ) SI_UNIT ( .MILLI., .METRE. ) );
#2858 = SURFACE_STYLE_USAGE ( .BOTH. , #3531 ) ;
#2859 = DIRECTION ( 'NONE',  ( -0.000000000000000000, 0.000000000000000000, 1.000000000000000000 ) ) ;
#2860 = DIRECTION ( 'NONE',  ( -1.334402673828312846E-16, 0.000000000000000000, -1.000000000000000000 ) ) ;
#2861 = PLANE ( 'NONE',  #2880 ) ;
#2862 = ADVANCED_FACE ( 'NONE', ( #75 ), #3301, .T. ) ;
#2863 = CARTESIAN_POINT ( 'NONE',  ( -11.84999999999992859, -213.2850339366208914, 14.60000000000000853 ) ) ;
#2864 = ORIENTED_EDGE ( 'NONE', *, *, #645, .F. ) ;
#2865 = SURFACE_STYLE_FILL_AREA ( #892 ) ;
#2866 = CARTESIAN_POINT ( 'NONE',  ( -23.90000000000000213, -263.5000000000000000, -1.399999999999991473 ) ) ;
#2867 = EDGE_CURVE ( 'NONE', #3673, #3232, #450, .T. ) ;
#2868 = EDGE_LOOP ( 'NONE', ( #1608, #291, #2608, #466 ) ) ;
#2869 = ORIENTED_EDGE ( 'NONE', *, *, #2710, .T. ) ;
#2870 = ORIENTED_EDGE ( 'NONE', *, *, #3577, .F. ) ;
#2871 = FACE_OUTER_BOUND ( 'NONE', #2339, .T. ) ;
#2872 = DIRECTION ( 'NONE',  ( -1.000000000000000000, 0.000000000000000000, 0.000000000000000000 ) ) ;
#2873 = EDGE_LOOP ( 'NONE', ( #1026, #3169, #2054, #2573 ) ) ;
#2874 = FILL_AREA_STYLE_COLOUR ( '', #3818 ) ;
#2875 = VERTEX_POINT ( 'NONE', #158 ) ;
#2876 =( LENGTH_UNIT ( ) NAMED_UNIT ( * ) SI_UNIT ( .MILLI., .METRE. ) );
#2877 = AXIS2_PLACEMENT_3D ( 'NONE', #3781, #3467, #1889 ) ;
#2878 = LINE ( 'NONE', #32, #2560 ) ;
#2879 = FACE_OUTER_BOUND ( 'NONE', #4070, .T. ) ;
#2880 = AXIS2_PLACEMENT_3D ( 'NONE', #967, #1407, #1118 ) ;
#2881 = ORIENTED_EDGE ( 'NONE', *, *, #10, .T. ) ;
#2882 = SURFACE_SIDE_STYLE ('',( #953 ) ) ;
#2883 = EDGE_CURVE ( 'NONE', #979, #979, #3440, .T. ) ;
#2884 = VECTOR ( 'NONE', #1775, 1000.000000000000000 ) ;
#2885 = ORIENTED_EDGE ( 'NONE', *, *, #555, .F. ) ;
#2886 =( LENGTH_UNIT ( ) NAMED_UNIT ( * ) SI_UNIT ( .MILLI., .METRE. ) );
#2887 = LINE ( 'NONE', #711, #505 ) ;
#2888 = COLOUR_RGB ( '',0.5999999999999999778, 0.1607843137254901800, 0.7529411764705882248 ) ;
#2889 = VERTEX_POINT ( 'NONE', #2730 ) ;
#2890 = EDGE_CURVE ( 'NONE', #796, #1566, #2074, .T. ) ;
#2891 = DIRECTION ( 'NONE',  ( 0.000000000000000000, 0.000000000000000000, 1.000000000000000000 ) ) ;
#2892 = AXIS2_PLACEMENT_3D ( 'NONE', #547, #3414, #3788 ) ;
#2893 =( NAMED_UNIT ( * ) PLANE_ANGLE_UNIT ( ) SI_UNIT ( $, .RADIAN. ) );
#2894 = ORIENTED_EDGE ( 'NONE', *, *, #144, .F. ) ;
#2895 = MECHANICAL_DESIGN_GEOMETRIC_PRESENTATION_REPRESENTATION (  '', ( #2368 ), #3902 ) ;
#2896 =( GEOMETRIC_REPRESENTATION_CONTEXT ( 3 ) GLOBAL_UNCERTAINTY_ASSIGNED_CONTEXT ( ( #2413 ) ) GLOBAL_UNIT_ASSIGNED_CONTEXT ( ( #1692, #2367, #1371 ) ) REPRESENTATION_CONTEXT ( 'NONE', 'WORKASPACE' ) );
#2897 = DIRECTION ( 'NONE',  ( 1.000000000000000000, -0.000000000000000000, -0.000000000000000000 ) ) ;
#2898 = COLOUR_RGB ( '',0.5999999999999999778, 0.1607843137254901800, 0.7529411764705882248 ) ;
#2899 = SURFACE_STYLE_USAGE ( .BOTH. , #3221 ) ;
#2900 = VERTEX_POINT ( 'NONE', #3695 ) ;
#2901 =( GEOMETRIC_REPRESENTATION_CONTEXT ( 3 ) GLOBAL_UNCERTAINTY_ASSIGNED_CONTEXT ( ( #1163 ) ) GLOBAL_UNIT_ASSIGNED_CONTEXT ( ( #3488, #3189, #579 ) ) REPRESENTATION_CONTEXT ( 'NONE', 'WORKASPACE' ) );
#2902 = PRESENTATION_LAYER_ASSIGNMENT (  '', '', ( #2837 ) ) ;
#2903 = ORIENTED_EDGE ( 'NONE', *, *, #1310, .T. ) ;
#2904 = DIRECTION ( 'NONE',  ( -0.000000000000000000, 0.000000000000000000, -1.000000000000000000 ) ) ;
#2905 = COLOUR_RGB ( '',0.5999999999999999778, 0.1607843137254901800, 0.7529411764705882248 ) ;
#2906 = MECHANICAL_DESIGN_GEOMETRIC_PRESENTATION_REPRESENTATION (  '', ( #3772 ), #843 ) ;
#2907 = VERTEX_POINT ( 'NONE', #491 ) ;
#2908 = DIRECTION ( 'NONE',  ( 0.000000000000000000, -0.000000000000000000, -1.000000000000000000 ) ) ;
#2909 = COLOUR_RGB ( '',0.5999999999999999778, 0.1607843137254901800, 0.7529411764705882248 ) ;
#2910 = VECTOR ( 'NONE', #3239, 1000.000000000000000 ) ;
#2911 = ORIENTED_EDGE ( 'NONE', *, *, #1666, .F. ) ;
#2912 =( NAMED_UNIT ( * ) PLANE_ANGLE_UNIT ( ) SI_UNIT ( $, .RADIAN. ) );
#2913 = PRESENTATION_LAYER_ASSIGNMENT (  '', '', ( #2456 ) ) ;
#2914 = CARTESIAN_POINT ( 'NONE',  ( -23.89999999999996660, -224.7149660633791086, -7.300000000000000711 ) ) ;
#2915 = SURFACE_STYLE_FILL_AREA ( #1966 ) ;
#2916 = EDGE_CURVE ( 'NONE', #2684, #2447, #4005, .T. ) ;
#2917 = VECTOR ( 'NONE', #693, 1000.000000000000114 ) ;
#2918 = PRESENTATION_LAYER_ASSIGNMENT (  '', '', ( #909 ) ) ;
#2919 = CARTESIAN_POINT ( 'NONE',  ( -37.85000000000000142, -263.5000000000000000, 0.000000000000000000 ) ) ;
#2920 = EDGE_CURVE ( 'NONE', #1467, #796, #4022, .T. ) ;
#2921 =( LENGTH_UNIT ( ) NAMED_UNIT ( * ) SI_UNIT ( .MILLI., .METRE. ) );
#2922 = FILL_AREA_STYLE ('',( #1668 ) ) ;
#2923 = CARTESIAN_POINT ( 'NONE',  ( -71.84999999999989484, -57.28503393662091980, -7.299999999999998934 ) ) ;
#2924 = PLANE ( 'NONE',  #2778 ) ;
#2925 = ORIENTED_EDGE ( 'NONE', *, *, #737, .T. ) ;
#2926 = FACE_BOUND ( 'NONE', #2993, .T. ) ;
#2927 = DIRECTION ( 'NONE',  ( -1.445602896647337931E-16, -1.000000000000000000, 0.000000000000000000 ) ) ;
#2928 = LINE ( 'NONE', #3663, #192 ) ;
#2929 =( NAMED_UNIT ( * ) PLANE_ANGLE_UNIT ( ) SI_UNIT ( $, .RADIAN. ) );
#2930 = PRESENTATION_STYLE_ASSIGNMENT (( #322 ) ) ;
#2931 = ORIENTED_EDGE ( 'NONE', *, *, #171, .F. ) ;
#2932 = FACE_BOUND ( 'NONE', #455, .T. ) ;
#2933 = DIRECTION ( 'NONE',  ( -1.442373091798715516E-16, -1.000000000000000000, 0.000000000000000000 ) ) ;
#2934 = CARTESIAN_POINT ( 'NONE',  ( -3.800000000000001155, -249.7149660633790802, -7.299999999999998934 ) ) ;
#2935 = LINE ( 'NONE', #1406, #2364 ) ;
#2936 =( NAMED_UNIT ( * ) SI_UNIT ( $, .STERADIAN. ) SOLID_ANGLE_UNIT ( ) );
#2937 = EDGE_CURVE ( 'NONE', #608, #2286, #467, .T. ) ;
#2938 =( NAMED_UNIT ( * ) SI_UNIT ( $, .STERADIAN. ) SOLID_ANGLE_UNIT ( ) );
#2939 = SURFACE_STYLE_FILL_AREA ( #2922 ) ;
#2940 = EDGE_CURVE ( 'NONE', #3445, #3445, #1505, .T. ) ;
#2941 = LINE ( 'NONE', #3883, #2323 ) ;
#2942 = VERTEX_POINT ( 'NONE', #531 ) ;
#2943 = FILL_AREA_STYLE ('',( #1671 ) ) ;
#2944 = DIRECTION ( 'NONE',  ( 0.000000000000000000, 0.000000000000000000, 1.000000000000000000 ) ) ;
#2945 = AXIS2_PLACEMENT_3D ( 'NONE', #4079, #2495, #1880 ) ;
#2946 = SURFACE_STYLE_USAGE ( .BOTH. , #2063 ) ;
#2947 = LINE ( 'NONE', #1023, #1648 ) ;
#2948 = FILL_AREA_STYLE_COLOUR ( '', #2844 ) ;
#2949 = CARTESIAN_POINT ( 'NONE',  ( -61.84999999999989484, -249.7149660633790802, 0.000000000000000000 ) ) ;
#2950 = VERTEX_POINT ( 'NONE', #2116 ) ;
#2951 = SURFACE_SIDE_STYLE ('',( #1659 ) ) ;
#2952 = CYLINDRICAL_SURFACE ( 'NONE', #3850, 3.182247019544436561 ) ;
#2953 = ORIENTED_EDGE ( 'NONE', *, *, #2916, .T. ) ;
#2954 = COLOUR_RGB ( '',0.5999999999999999778, 0.1607843137254901800, 0.7529411764705882248 ) ;
#2955 = CARTESIAN_POINT ( 'NONE',  ( -23.90000000000000213, 6.500000000000005329, -1.399999999999991473 ) ) ;
#2956 = ORIENTED_EDGE ( 'NONE', *, *, #2580, .T. ) ;
#2957 = COLOUR_RGB ( '',0.5999999999999999778, 0.1607843137254901800, 0.7529411764705882248 ) ;
#2958 = FILL_AREA_STYLE ('',( #2679 ) ) ;
#2959 = CARTESIAN_POINT ( 'NONE',  ( 34.14999999999990621, -253.5000000000000000, 13.80000000000000249 ) ) ;
#2960 = CARTESIAN_POINT ( 'NONE',  ( 21.64999999999989910, -53.50000000000000000, -1.193668243919732465E-14 ) ) ;
#2961 = AXIS2_PLACEMENT_3D ( 'NONE', #716, #3349, #2640 ) ;
#2962 = DIRECTION ( 'NONE',  ( 0.000000000000000000, 0.000000000000000000, 1.000000000000000000 ) ) ;
#2963 = MECHANICAL_DESIGN_GEOMETRIC_PRESENTATION_REPRESENTATION (  '', ( #2687 ), #2438 ) ;
#2964 = DIRECTION ( 'NONE',  ( -0.000000000000000000, -1.000000000000000000, -0.000000000000000000 ) ) ;
#2965 = SURFACE_STYLE_FILL_AREA ( #2943 ) ;
#2966 = EDGE_CURVE ( 'NONE', #359, #1672, #215, .T. ) ;
#2967 = EDGE_CURVE ( 'NONE', #3232, #684, #3384, .T. ) ;
#2968 = MECHANICAL_DESIGN_GEOMETRIC_PRESENTATION_REPRESENTATION (  '', ( #3034 ), #1430 ) ;
#2969 = VECTOR ( 'NONE', #2998, 1000.000000000000000 ) ;
#2970 = PLANE ( 'NONE',  #249 ) ;
#2971 = LINE ( 'NONE', #744, #1289 ) ;
#2972 = EDGE_CURVE ( 'NONE', #3934, #1095, #1815, .T. ) ;
#2973 = SURFACE_SIDE_STYLE ('',( #769 ) ) ;
#2974 = VECTOR ( 'NONE', #2804, 1000.000000000000000 ) ;
#2975 = ORIENTED_EDGE ( 'NONE', *, *, #3402, .F. ) ;
#2976 = LINE ( 'NONE', #1729, #2577 ) ;
#2977 = FACE_OUTER_BOUND ( 'NONE', #1623, .T. ) ;
#2978 = FACE_OUTER_BOUND ( 'NONE', #2029, .T. ) ;
#2979 = VECTOR ( 'NONE', #1214, 1000.000000000000000 ) ;
#2980 = CARTESIAN_POINT ( 'NONE',  ( 44.14999999999990621, -205.5000000000000284, 21.55000000000004334 ) ) ;
#2981 = VERTEX_POINT ( 'NONE', #2800 ) ;
#2982 = CARTESIAN_POINT ( 'NONE',  ( 0.000000000000000000, 0.000000000000000000, 18.70000000000000995 ) ) ;
#2983 =( GEOMETRIC_REPRESENTATION_CONTEXT ( 3 ) GLOBAL_UNCERTAINTY_ASSIGNED_CONTEXT ( ( #206 ) ) GLOBAL_UNIT_ASSIGNED_CONTEXT ( ( #3376, #447, #3337 ) ) REPRESENTATION_CONTEXT ( 'NONE', 'WORKASPACE' ) );
#2984 = CARTESIAN_POINT ( 'NONE',  ( -13.85000000000000675, -249.7149660633790802, 41.70000000000002416 ) ) ;
#2985 = DIRECTION ( 'NONE',  ( -0.000000000000000000, -0.000000000000000000, 1.000000000000000000 ) ) ;
#2986 = SURFACE_STYLE_USAGE ( .BOTH. , #2090 ) ;
#2987 = DIRECTION ( 'NONE',  ( -0.000000000000000000, -0.000000000000000000, -1.000000000000000000 ) ) ;
#2988 =( NAMED_UNIT ( * ) PLANE_ANGLE_UNIT ( ) SI_UNIT ( $, .RADIAN. ) );
#2989 = MECHANICAL_DESIGN_GEOMETRIC_PRESENTATION_REPRESENTATION (  '', ( #649 ), #2190 ) ;
#2990 = FACE_OUTER_BOUND ( 'NONE', #2868, .T. ) ;
#2991 = ORIENTED_EDGE ( 'NONE', *, *, #3863, .F. ) ;
#2992 = CARTESIAN_POINT ( 'NONE',  ( -37.85000000000000142, -56.50000000000009237, 39.80000000000000426 ) ) ;
#2993 = EDGE_LOOP ( 'NONE', ( #1429, #936, #2668, #3340 ) ) ;
#2994 = ADVANCED_FACE ( 'NONE', ( #2753, #1757 ), #2137, .F. ) ;
#2995 = ORIENTED_EDGE ( 'NONE', *, *, #2066, .F. ) ;
#2996 = SURFACE_STYLE_FILL_AREA ( #3557 ) ;
#2997 = CARTESIAN_POINT ( 'NONE',  ( -51.84999999999993037, -111.2850339366209198, 14.60000000000000853 ) ) ;
#2998 = DIRECTION ( 'NONE',  ( -0.000000000000000000, -0.000000000000000000, -1.000000000000000000 ) ) ;
#2999 = CARTESIAN_POINT ( 'NONE',  ( -3.799999999999998046, 6.500000000000005329, 18.70000000000001350 ) ) ;
#3000 = DIRECTION ( 'NONE',  ( -1.000000000000000000, 0.000000000000000000, 0.000000000000000000 ) ) ;
#3001 = EDGE_CURVE ( 'NONE', #397, #938, #3030, .T. ) ;
#3002 = UNCERTAINTY_MEASURE_WITH_UNIT (LENGTH_MEASURE( 1.000000000000000082E-05 ), #2154, 'distance_accuracy_value', 'NONE');
#3003 = SURFACE_STYLE_USAGE ( .BOTH. , #2043 ) ;
#3004 = ORIENTED_EDGE ( 'NONE', *, *, #3916, .F. ) ;
#3005 = EDGE_LOOP ( 'NONE', ( #3075 ) ) ;
#3006 = FILL_AREA_STYLE_COLOUR ( '', #2954 ) ;
#3007 = EDGE_LOOP ( 'NONE', ( #2799, #40, #680, #1704 ) ) ;
#3008 = CARTESIAN_POINT ( 'NONE',  ( -3.800000000000035794, -82.28503393662093401, -7.300000000000000711 ) ) ;
#3009 = CARTESIAN_POINT ( 'NONE',  ( -71.84999999999989484, -53.50000000000000000, -7.299999999999998934 ) ) ;
#3010 = UNCERTAINTY_MEASURE_WITH_UNIT (LENGTH_MEASURE( 1.000000000000000082E-05 ), #3456, 'distance_accuracy_value', 'NONE');
#3011 = DIRECTION ( 'NONE',  ( 1.000000000000000000, 0.000000000000000000, 0.000000000000000000 ) ) ;
#3012 = FILL_AREA_STYLE_COLOUR ( '', #1453 ) ;
#3013 = PLANE ( 'NONE',  #3240 ) ;
#3014 =( NAMED_UNIT ( * ) PLANE_ANGLE_UNIT ( ) SI_UNIT ( $, .RADIAN. ) );
#3015 = CARTESIAN_POINT ( 'NONE',  ( 41.14999999999989910, -57.28503393662091980, -199.7533158412937553 ) ) ;
#3016 = ADVANCED_FACE ( 'NONE', ( #3984, #3678 ), #2405, .F. ) ;
#3017 = VECTOR ( 'NONE', #1765, 1000.000000000000000 ) ;
#3018 = LINE ( 'NONE', #2001, #1523 ) ;
#3019 = EDGE_LOOP ( 'NONE', ( #3392, #1954, #1004, #598 ) ) ;
#3020 = SURFACE_STYLE_USAGE ( .BOTH. , #3266 ) ;
#3021 = VERTEX_POINT ( 'NONE', #2817 ) ;
#3022 =( GEOMETRIC_REPRESENTATION_CONTEXT ( 3 ) GLOBAL_UNCERTAINTY_ASSIGNED_CONTEXT ( ( #3116 ) ) GLOBAL_UNIT_ASSIGNED_CONTEXT ( ( #1769, #3128, #3162 ) ) REPRESENTATION_CONTEXT ( 'NONE', 'WORKASPACE' ) );
#3023 = SURFACE_STYLE_USAGE ( .BOTH. , #150 ) ;
#3024 = PRESENTATION_LAYER_ASSIGNMENT (  '', '', ( #2750 ) ) ;
#3025 = FILL_AREA_STYLE ('',( #3727 ) ) ;
#3026 = CARTESIAN_POINT ( 'NONE',  ( 1.200000000000002176, -224.7149660633791086, -37.81245647272603350 ) ) ;
#3027 = FILL_AREA_STYLE ('',( #1036 ) ) ;
#3028 = ORIENTED_EDGE ( 'NONE', *, *, #3508, .F. ) ;
#3029 = PRESENTATION_LAYER_ASSIGNMENT (  '', '', ( #2165 ) ) ;
#3030 = LINE ( 'NONE', #2096, #2315 ) ;
#3031 = STYLED_ITEM ( 'NONE', ( #627 ), #1531 ) ;
#3032 = SURFACE_STYLE_USAGE ( .BOTH. , #1805 ) ;
#3033 = EDGE_LOOP ( 'NONE', ( #3584, #3527, #2141, #2070 ) ) ;
#3034 = STYLED_ITEM ( 'NONE', ( #2206 ), #1876 ) ;
#3035 = CARTESIAN_POINT ( 'NONE',  ( 34.14999999999990621, -57.28503393662091980, 8.049999999999998934 ) ) ;
#3036 = CARTESIAN_POINT ( 'NONE',  ( -3.799999999999998046, -43.50000000000000000, 18.70000000000001350 ) ) ;
#3037 = PRESENTATION_LAYER_ASSIGNMENT (  '', '', ( #3836 ) ) ;
#3038 = UNCERTAINTY_MEASURE_WITH_UNIT (LENGTH_MEASURE( 1.000000000000000082E-05 ), #617, 'distance_accuracy_value', 'NONE');
#3039 = CARTESIAN_POINT ( 'NONE',  ( -11.84999999999992859, -213.2850339366208914, 34.70000000000000995 ) ) ;
#3040 = AXIS2_PLACEMENT_3D ( 'NONE', #410, #3622, #3603 ) ;
#3041 = CIRCLE ( 'NONE', #2566, 3.182247019544436561 ) ;
#3042 = ORIENTED_EDGE ( 'NONE', *, *, #311, .F. ) ;
#3043 = SURFACE_STYLE_FILL_AREA ( #2665 ) ;
#3044 = STYLED_ITEM ( 'NONE', ( #1667 ), #2390 ) ;
#3045 =( LENGTH_UNIT ( ) NAMED_UNIT ( * ) SI_UNIT ( .MILLI., .METRE. ) );
#3046 = ADVANCED_FACE ( 'NONE', ( #28 ), #1265, .T. ) ;
#3047 =( NAMED_UNIT ( * ) PLANE_ANGLE_UNIT ( ) SI_UNIT ( $, .RADIAN. ) );
#3048 = DIRECTION ( 'NONE',  ( -1.000000000000000000, 0.000000000000000000, -0.000000000000000000 ) ) ;
#3049 = VECTOR ( 'NONE', #189, 1000.000000000000000 ) ;
#3050 = STYLED_ITEM ( 'NONE', ( #2309 ), #2603 ) ;
#3051 = ADVANCED_FACE ( 'NONE', ( #950 ), #1539, .F. ) ;
#3052 = UNCERTAINTY_MEASURE_WITH_UNIT (LENGTH_MEASURE( 1.000000000000000082E-05 ), #1939, 'distance_accuracy_value', 'NONE');
#3053 = VECTOR ( 'NONE', #3941, 1000.000000000000000 ) ;
#3054 = VERTEX_POINT ( 'NONE', #51 ) ;
#3055 = UNCERTAINTY_MEASURE_WITH_UNIT (LENGTH_MEASURE( 1.000000000000000082E-05 ), #542, 'distance_accuracy_value', 'NONE');
#3056 = SURFACE_SIDE_STYLE ('',( #3404 ) ) ;
#3057 = LINE ( 'NONE', #805, #1837 ) ;
#3058 =( GEOMETRIC_REPRESENTATION_CONTEXT ( 3 ) GLOBAL_UNCERTAINTY_ASSIGNED_CONTEXT ( ( #3676 ) ) GLOBAL_UNIT_ASSIGNED_CONTEXT ( ( #503, #2437, #4013 ) ) REPRESENTATION_CONTEXT ( 'NONE', 'WORKASPACE' ) );
#3059 = ORIENTED_EDGE ( 'NONE', *, *, #1401, .F. ) ;
#3060 = CARTESIAN_POINT ( 'NONE',  ( 44.14999999999990621, -53.50000000000000000, -1.193668243919732465E-14 ) ) ;
#3061 = FILL_AREA_STYLE ('',( #1507 ) ) ;
#3062 = LINE ( 'NONE', #2471, #1840 ) ;
#3063 = EDGE_LOOP ( 'NONE', ( #3940, #1960, #1878, #1822 ) ) ;
#3064 = PLANE ( 'NONE',  #1980 ) ;
#3065 = ORIENTED_EDGE ( 'NONE', *, *, #765, .T. ) ;
#3066 = EDGE_LOOP ( 'NONE', ( #3596, #1720, #442, #1807 ) ) ;
#3067 =( LENGTH_UNIT ( ) NAMED_UNIT ( * ) SI_UNIT ( .MILLI., .METRE. ) );
#3068 =( NAMED_UNIT ( * ) SI_UNIT ( $, .STERADIAN. ) SOLID_ANGLE_UNIT ( ) );
#3069 = FACE_OUTER_BOUND ( 'NONE', #2455, .T. ) ;
#3070 = ORIENTED_EDGE ( 'NONE', *, *, #3932, .T. ) ;
#3071 = DIRECTION ( 'NONE',  ( 1.000000000000000000, -3.096350392905523526E-32, 1.387778780781445182E-16 ) ) ;
#3072 = SURFACE_STYLE_FILL_AREA ( #2110 ) ;
#3073 = ADVANCED_FACE ( 'NONE', ( #422, #3570 ), #1968, .F. ) ;
#3074 = CYLINDRICAL_SURFACE ( 'NONE', #488, 2.550000000000000266 ) ;
#3075 = ORIENTED_EDGE ( 'NONE', *, *, #910, .T. ) ;
#3076 = EDGE_LOOP ( 'NONE', ( #635 ) ) ;
#3077 = CARTESIAN_POINT ( 'NONE',  ( -71.84999999999989484, -249.7149660633790802, 13.79999999999999893 ) ) ;
#3078 = EDGE_CURVE ( 'NONE', #2842, #666, #3633, .T. ) ;
#3079 = CARTESIAN_POINT ( 'NONE',  ( -28.90000000000000213, -224.7149660633791086, -2.299999999999996270 ) ) ;
#3080 = CARTESIAN_POINT ( 'NONE',  ( -23.90000000000000213, -82.28503393662093401, -7.299999999999998934 ) ) ;
#3081 =( LENGTH_UNIT ( ) NAMED_UNIT ( * ) SI_UNIT ( .MILLI., .METRE. ) );
#3082 = VERTEX_POINT ( 'NONE', #1650 ) ;
#3083 = VERTEX_POINT ( 'NONE', #1035 ) ;
#3084 = LINE ( 'NONE', #1424, #561 ) ;
#3085 = UNCERTAINTY_MEASURE_WITH_UNIT (LENGTH_MEASURE( 1.000000000000000082E-05 ), #2876, 'distance_accuracy_value', 'NONE');
#3086 =( NAMED_UNIT ( * ) PLANE_ANGLE_UNIT ( ) SI_UNIT ( $, .RADIAN. ) );
#3087 = LINE ( 'NONE', #1532, #1484 ) ;
#3088 = VECTOR ( 'NONE', #68, 1000.000000000000000 ) ;
#3089 = UNCERTAINTY_MEASURE_WITH_UNIT (LENGTH_MEASURE( 1.000000000000000082E-05 ), #1827, 'distance_accuracy_value', 'NONE');
#3090 = ORIENTED_EDGE ( 'NONE', *, *, #2920, .T. ) ;
#3091 =( NAMED_UNIT ( * ) SI_UNIT ( $, .STERADIAN. ) SOLID_ANGLE_UNIT ( ) );
#3092 =( LENGTH_UNIT ( ) NAMED_UNIT ( * ) SI_UNIT ( .MILLI., .METRE. ) );
#3093 =( GEOMETRIC_REPRESENTATION_CONTEXT ( 3 ) GLOBAL_UNCERTAINTY_ASSIGNED_CONTEXT ( ( #4015 ) ) GLOBAL_UNIT_ASSIGNED_CONTEXT ( ( #3173, #4044, #1864 ) ) REPRESENTATION_CONTEXT ( 'NONE', 'WORKASPACE' ) );
#3094 =( GEOMETRIC_REPRESENTATION_CONTEXT ( 3 ) GLOBAL_UNCERTAINTY_ASSIGNED_CONTEXT ( ( #2149 ) ) GLOBAL_UNIT_ASSIGNED_CONTEXT ( ( #1476, #4016, #1456 ) ) REPRESENTATION_CONTEXT ( 'NONE', 'WORKASPACE' ) );
#3095 = FILL_AREA_STYLE_COLOUR ( '', #1553 ) ;
#3096 = STYLED_ITEM ( 'NONE', ( #3317 ), #1128 ) ;
#3097 = PRESENTATION_STYLE_ASSIGNMENT (( #4023 ) ) ;
#3098 = FACE_BOUND ( 'NONE', #3750, .T. ) ;
#3099 = AXIS2_PLACEMENT_3D ( 'NONE', #3457, #1834, #3117 ) ;
#3100 = ORIENTED_EDGE ( 'NONE', *, *, #2205, .F. ) ;
#3101 = LINE ( 'NONE', #185, #1793 ) ;
#3102 = PLANE ( 'NONE',  #1229 ) ;
#3103 = LINE ( 'NONE', #888, #302 ) ;
#3104 = EDGE_CURVE ( 'NONE', #138, #2410, #2322, .T. ) ;
#3105 = ORIENTED_EDGE ( 'NONE', *, *, #2937, .F. ) ;
#3106 = VECTOR ( 'NONE', #1085, 1000.000000000000000 ) ;
#3107 = DIRECTION ( 'NONE',  ( 0.000000000000000000, 1.000000000000000000, 0.000000000000000000 ) ) ;
#3108 = DIRECTION ( 'NONE',  ( 1.000000000000000000, -0.000000000000000000, 0.000000000000000000 ) ) ;
#3109 = VECTOR ( 'NONE', #2585, 1000.000000000000000 ) ;
#3110 = CARTESIAN_POINT ( 'NONE',  ( 34.14999999999990621, 49.50000000000004263, 8.049999999999998934 ) ) ;
#3111 = EDGE_CURVE ( 'NONE', #1866, #2574, #3595, .T. ) ;
#3112 = CARTESIAN_POINT ( 'NONE',  ( -13.84999999999998366, -233.5000000000000568, -3.199999999999999734 ) ) ;
#3113 = COLOUR_RGB ( '',0.5999999999999999778, 0.1607843137254901800, 0.7529411764705882248 ) ;
#3114 = VERTEX_POINT ( 'NONE', #1056 ) ;
#3115 = CARTESIAN_POINT ( 'NONE',  ( -61.84999999999989484, -57.28503393662091980, 13.80000000000000071 ) ) ;
#3116 = UNCERTAINTY_MEASURE_WITH_UNIT (LENGTH_MEASURE( 1.000000000000000082E-05 ), #1769, 'distance_accuracy_value', 'NONE');
#3117 = DIRECTION ( 'NONE',  ( -1.000000000000000000, 0.000000000000000000, 0.000000000000000000 ) ) ;
#3118 = FILL_AREA_STYLE ('',( #2855 ) ) ;
#3119 = SURFACE_STYLE_USAGE ( .BOTH. , #1190 ) ;
#3120 = AXIS2_PLACEMENT_3D ( 'NONE', #2365, #3639, #3323 ) ;
#3121 = AXIS2_PLACEMENT_3D ( 'NONE', #750, #2041, #1327 ) ;
#3122 = PRESENTATION_LAYER_ASSIGNMENT (  '', '', ( #2182 ) ) ;
#3123 = AXIS2_PLACEMENT_3D ( 'NONE', #1624, #3594, #3218 ) ;
#3124 = PLANE ( 'NONE',  #1715 ) ;
#3125 = AXIS2_PLACEMENT_3D ( 'NONE', #1081, #2192, #1393 ) ;
#3126 = VERTEX_POINT ( 'NONE', #250 ) ;
#3127 = SURFACE_STYLE_FILL_AREA ( #1847 ) ;
#3128 =( NAMED_UNIT ( * ) PLANE_ANGLE_UNIT ( ) SI_UNIT ( $, .RADIAN. ) );
#3129 = VECTOR ( 'NONE', #541, 1000.000000000000000 ) ;
#3130 = FACE_OUTER_BOUND ( 'NONE', #863, .T. ) ;
#3131 = EDGE_CURVE ( 'NONE', #313, #313, #3651, .T. ) ;
#3132 = VECTOR ( 'NONE', #2011, 1000.000000000000000 ) ;
#3133 = CYLINDRICAL_SURFACE ( 'NONE', #3980, 3.182247019544436561 ) ;
#3134 = SURFACE_STYLE_USAGE ( .BOTH. , #2742 ) ;
#3135 = LINE ( 'NONE', #1829, #3554 ) ;
#3136 = FACE_OUTER_BOUND ( 'NONE', #1630, .T. ) ;
#3137 = PRESENTATION_STYLE_ASSIGNMENT (( #3498 ) ) ;
#3138 = CARTESIAN_POINT ( 'NONE',  ( 44.14999999999990621, 0.000000000000000000, 0.000000000000000000 ) ) ;
#3139 = SURFACE_STYLE_FILL_AREA ( #2749 ) ;
#3140 = ORIENTED_EDGE ( 'NONE', *, *, #3480, .F. ) ;
#3141 = DIRECTION ( 'NONE',  ( -0.000000000000000000, -0.000000000000000000, -1.000000000000000000 ) ) ;
#3142 =( NAMED_UNIT ( * ) PLANE_ANGLE_UNIT ( ) SI_UNIT ( $, .RADIAN. ) );
#3143 = EDGE_LOOP ( 'NONE', ( #156, #1200, #222, #3263 ) ) ;
#3144 = SURFACE_STYLE_USAGE ( .BOTH. , #2218 ) ;
#3145 = ORIENTED_EDGE ( 'NONE', *, *, #3252, .F. ) ;
#3146 = DIRECTION ( 'NONE',  ( -1.000000000000000000, 0.000000000000000000, -2.775557561562890365E-16 ) ) ;
#3147 = EDGE_CURVE ( 'NONE', #1566, #172, #3274, .T. ) ;
#3148 = CARTESIAN_POINT ( 'NONE',  ( 34.14999999999990621, -253.5000000000000000, 13.80000000000000249 ) ) ;
#3149 = ORIENTED_EDGE ( 'NONE', *, *, #1278, .F. ) ;
#3150 = FACE_OUTER_BOUND ( 'NONE', #1706, .T. ) ;
#3151 = SURFACE_STYLE_USAGE ( .BOTH. , #2770 ) ;
#3152 = PLANE ( 'NONE',  #2153 ) ;
#3153 =( NAMED_UNIT ( * ) SI_UNIT ( $, .STERADIAN. ) SOLID_ANGLE_UNIT ( ) );
#3154 = COLOUR_RGB ( '',0.5999999999999999778, 0.1607843137254901800, 0.7529411764705882248 ) ;
#3155 = VECTOR ( 'NONE', #3215, 1000.000000000000000 ) ;
#3156 = VERTEX_POINT ( 'NONE', #2597 ) ;
#3157 = SURFACE_SIDE_STYLE ('',( #3510 ) ) ;
#3158 =( NAMED_UNIT ( * ) PLANE_ANGLE_UNIT ( ) SI_UNIT ( $, .RADIAN. ) );
#3159 = APPLICATION_PROTOCOL_DEFINITION ( 'draft international standard', 'automotive_design', 1998, #3782 ) ;
#3160 = PRESENTATION_LAYER_ASSIGNMENT (  '', '', ( #4081 ) ) ;
#3161 = PRESENTATION_STYLE_ASSIGNMENT (( #1444 ) ) ;
#3162 =( NAMED_UNIT ( * ) SI_UNIT ( $, .STERADIAN. ) SOLID_ANGLE_UNIT ( ) );
#3163 = EDGE_LOOP ( 'NONE', ( #100 ) ) ;
#3164 = AXIS2_PLACEMENT_3D ( 'NONE', #6, #3812, #1665 ) ;
#3165 = DIRECTION ( 'NONE',  ( 0.000000000000000000, 1.000000000000000000, 0.000000000000000000 ) ) ;
#3166 = CARTESIAN_POINT ( 'NONE',  ( 1.199999999999999067, -82.28503393662093401, -7.300000000000000711 ) ) ;
#3167 = VERTEX_POINT ( 'NONE', #1013 ) ;
#3168 = DIRECTION ( 'NONE',  ( -1.442373091798715516E-16, -1.000000000000000000, 0.000000000000000000 ) ) ;
#3169 = ORIENTED_EDGE ( 'NONE', *, *, #645, .T. ) ;
#3170 = CARTESIAN_POINT ( 'NONE',  ( 44.14999999999990621, 0.000000000000000000, -7.299999999999998934 ) ) ;
#3171 = FACE_OUTER_BOUND ( 'NONE', #3507, .T. ) ;
#3172 =( NAMED_UNIT ( * ) SI_UNIT ( $, .STERADIAN. ) SOLID_ANGLE_UNIT ( ) );
#3173 =( LENGTH_UNIT ( ) NAMED_UNIT ( * ) SI_UNIT ( .MILLI., .METRE. ) );
#3174 = STYLED_ITEM ( 'NONE', ( #1639 ), #1882 ) ;
#3175 = EDGE_CURVE ( 'NONE', #522, #3393, #401, .T. ) ;
#3176 = LINE ( 'NONE', #1664, #354 ) ;
#3177 = AXIS2_PLACEMENT_3D ( 'NONE', #3791, #2465, #3501 ) ;
#3178 = STYLED_ITEM ( 'NONE', ( #1736 ), #2061 ) ;
#3179 = DIRECTION ( 'NONE',  ( -1.000000000000000000, 0.000000000000000000, 0.000000000000000000 ) ) ;
#3180 = SURFACE_SIDE_STYLE ('',( #2259 ) ) ;
#3181 = CARTESIAN_POINT ( 'NONE',  ( -28.90000000000000213, 0.000000000000000000, 34.70000000000000995 ) ) ;
#3182 = COLOUR_RGB ( '',0.5999999999999999778, 0.1607843137254901800, 0.7529411764705882248 ) ;
#3183 = MECHANICAL_DESIGN_GEOMETRIC_PRESENTATION_REPRESENTATION (  '', ( #49 ), #1103 ) ;
#3184 = EDGE_CURVE ( 'NONE', #1396, #671, #3319, .T. ) ;
#3185 =( GEOMETRIC_REPRESENTATION_CONTEXT ( 3 ) GLOBAL_UNCERTAINTY_ASSIGNED_CONTEXT ( ( #3638 ) ) GLOBAL_UNIT_ASSIGNED_CONTEXT ( ( #3775, #1247, #1583 ) ) REPRESENTATION_CONTEXT ( 'NONE', 'WORKASPACE' ) );
#3186 = VERTEX_POINT ( 'NONE', #2213 ) ;
#3187 = VECTOR ( 'NONE', #2485, 1000.000000000000000 ) ;
#3188 = CARTESIAN_POINT ( 'NONE',  ( -28.90000000000000213, -229.7149660633791086, 3.856423727363824638E-15 ) ) ;
#3189 =( NAMED_UNIT ( * ) PLANE_ANGLE_UNIT ( ) SI_UNIT ( $, .RADIAN. ) );
#3190 = ORIENTED_EDGE ( 'NONE', *, *, #3559, .F. ) ;
#3191 = AXIS2_PLACEMENT_3D ( 'NONE', #791, #3947, #1087 ) ;
#3192 = CARTESIAN_POINT ( 'NONE',  ( -3.799999999999998046, 6.500000000000005329, 18.70000000000001350 ) ) ;
#3193 = MECHANICAL_DESIGN_GEOMETRIC_PRESENTATION_REPRESENTATION (  '', ( #2785 ), #3316 ) ;
#3194 =( NAMED_UNIT ( * ) SI_UNIT ( $, .STERADIAN. ) SOLID_ANGLE_UNIT ( ) );
#3195 = ORIENTED_EDGE ( 'NONE', *, *, #3665, .T. ) ;
#3196 = ORIENTED_EDGE ( 'NONE', *, *, #2659, .F. ) ;
#3197 = SURFACE_STYLE_FILL_AREA ( #3525 ) ;
#3198 =( NAMED_UNIT ( * ) SI_UNIT ( $, .STERADIAN. ) SOLID_ANGLE_UNIT ( ) );
#3199 = VECTOR ( 'NONE', #1721, 1000.000000000000000 ) ;
#3200 = DIRECTION ( 'NONE',  ( -1.700709290173340163E-16, 0.000000000000000000, -1.000000000000000000 ) ) ;
#3201 = ORIENTED_EDGE ( 'NONE', *, *, #3401, .F. ) ;
#3202 = EDGE_CURVE ( 'NONE', #732, #3156, #135, .T. ) ;
#3203 =( NAMED_UNIT ( * ) SI_UNIT ( $, .STERADIAN. ) SOLID_ANGLE_UNIT ( ) );
#3204 = VERTEX_POINT ( 'NONE', #3938 ) ;
#3205 = CARTESIAN_POINT ( 'NONE',  ( 0.000000000000000000, 0.000000000000000000, 0.000000000000000000 ) ) ;
#3206 = DIRECTION ( 'NONE',  ( -1.000000000000000000, 0.000000000000000000, 0.000000000000000000 ) ) ;
#3207 = EDGE_CURVE ( 'NONE', #2010, #522, #1078, .T. ) ;
#3208 = PLANE ( 'NONE',  #3223 ) ;
#3209 =( LENGTH_UNIT ( ) NAMED_UNIT ( * ) SI_UNIT ( .MILLI., .METRE. ) );
#3210 = ORIENTED_EDGE ( 'NONE', *, *, #2478, .T. ) ;
#3211 = ORIENTED_EDGE ( 'NONE', *, *, #3207, .F. ) ;
#3212 = EDGE_LOOP ( 'NONE', ( #57, #268, #3573, #755 ) ) ;
#3213 = DIRECTION ( 'NONE',  ( -0.000000000000000000, -1.000000000000000000, -0.000000000000000000 ) ) ;
#3214 = ORIENTED_EDGE ( 'NONE', *, *, #3985, .F. ) ;
#3215 = DIRECTION ( 'NONE',  ( -1.000000000000000000, 0.000000000000000000, 0.000000000000000000 ) ) ;
#3216 = CARTESIAN_POINT ( 'NONE',  ( -28.90000000000000924, -82.28503393662093401, 34.70000000000000995 ) ) ;
#3217 =( NAMED_UNIT ( * ) PLANE_ANGLE_UNIT ( ) SI_UNIT ( $, .RADIAN. ) );
#3218 = DIRECTION ( 'NONE',  ( -8.503546450866700815E-17, 0.000000000000000000, -1.000000000000000000 ) ) ;
#3219 = FILL_AREA_STYLE ('',( #285 ) ) ;
#3220 = AXIS2_PLACEMENT_3D ( 'NONE', #2395, #1068, #3668 ) ;
#3221 = SURFACE_SIDE_STYLE ('',( #3276 ) ) ;
#3222 = LINE ( 'NONE', #1629, #3636 ) ;
#3223 = AXIS2_PLACEMENT_3D ( 'NONE', #668, #3471, #1256 ) ;
#3224 = ORIENTED_EDGE ( 'NONE', *, *, #3104, .F. ) ;
#3225 = MECHANICAL_DESIGN_GEOMETRIC_PRESENTATION_REPRESENTATION (  '', ( #4081 ), #3094 ) ;
#3226 = EDGE_CURVE ( 'NONE', #2843, #3516, #1633, .T. ) ;
#3227 = SURFACE_STYLE_FILL_AREA ( #341 ) ;
#3228 = PRESENTATION_LAYER_ASSIGNMENT (  '', '', ( #3950 ) ) ;
#3229 = VERTEX_POINT ( 'NONE', #1002 ) ;
#3230 = SURFACE_SIDE_STYLE ('',( #1961 ) ) ;
#3231 = ORIENTED_EDGE ( 'NONE', *, *, #3706, .T. ) ;
#3232 = VERTEX_POINT ( 'NONE', #3825 ) ;
#3233 = CARTESIAN_POINT ( 'NONE',  ( 41.14999999999989200, -57.28503393662091980, 131.3520992523448001 ) ) ;
#3234 = FACE_OUTER_BOUND ( 'NONE', #1884, .T. ) ;
#3235 = UNCERTAINTY_MEASURE_WITH_UNIT (LENGTH_MEASURE( 1.000000000000000082E-05 ), #3921, 'distance_accuracy_value', 'NONE');
#3236 = VECTOR ( 'NONE', #3368, 1000.000000000000000 ) ;
#3237 = SURFACE_SIDE_STYLE ('',( #2446 ) ) ;
#3238 = FACE_OUTER_BOUND ( 'NONE', #2014, .T. ) ;
#3239 = DIRECTION ( 'NONE',  ( 3.452186021844392414E-16, 0.000000000000000000, -1.000000000000000000 ) ) ;
#3240 = AXIS2_PLACEMENT_3D ( 'NONE', #1418, #1360, #2690 ) ;
#3241 = STYLED_ITEM ( 'NONE', ( #1712 ), #2060 ) ;
#3242 = CARTESIAN_POINT ( 'NONE',  ( 0.1500000000000722145, -213.2850339366208914, 34.70000000000000995 ) ) ;
#3243 = PRESENTATION_STYLE_ASSIGNMENT (( #1972 ) ) ;
#3244 = VECTOR ( 'NONE', #2262, 1000.000000000000000 ) ;
#3245 = STYLED_ITEM ( 'NONE', ( #873 ), #2231 ) ;
#3246 = ORIENTED_EDGE ( 'NONE', *, *, #2793, .F. ) ;
#3247 = CARTESIAN_POINT ( 'NONE',  ( 44.14999999999990621, -53.50000000000000000, -7.299999999999998934 ) ) ;
#3248 = LINE ( 'NONE', #2543, #688 ) ;
#3249 = PRESENTATION_LAYER_ASSIGNMENT (  '', '', ( #1106 ) ) ;
#3250 = FILL_AREA_STYLE ('',( #363 ) ) ;
#3251 = COLOUR_RGB ( '',0.5999999999999999778, 0.1607843137254901800, 0.7529411764705882248 ) ;
#3252 = EDGE_CURVE ( 'NONE', #2410, #3232, #1656, .T. ) ;
#3253 = ORIENTED_EDGE ( 'NONE', *, *, #2890, .T. ) ;
#3254 = STYLED_ITEM ( 'NONE', ( #703 ), #3378 ) ;
#3255 = LINE ( 'NONE', #1661, #2550 ) ;
#3256 = DIRECTION ( 'NONE',  ( 0.000000000000000000, -1.000000000000000000, 0.000000000000000000 ) ) ;
#3257 = ADVANCED_FACE ( 'NONE', ( #3582, #2544 ), #411, .F. ) ;
#3258 = MECHANICAL_DESIGN_GEOMETRIC_PRESENTATION_REPRESENTATION (  '', ( #3321 ), #2648 ) ;
#3259 = DIRECTION ( 'NONE',  ( -0.000000000000000000, -0.7071067811865452413, -0.7071067811865497932 ) ) ;
#3260 = SURFACE_STYLE_FILL_AREA ( #2112 ) ;
#3261 =( LENGTH_UNIT ( ) NAMED_UNIT ( * ) SI_UNIT ( .MILLI., .METRE. ) );
#3262 = SURFACE_STYLE_FILL_AREA ( #1398 ) ;
#3263 = ORIENTED_EDGE ( 'NONE', *, *, #2460, .T. ) ;
#3264 = ORIENTED_EDGE ( 'NONE', *, *, #2966, .T. ) ;
#3265 = FILL_AREA_STYLE_COLOUR ( '', #1449 ) ;
#3266 = SURFACE_SIDE_STYLE ('',( #2378 ) ) ;
#3267 = FILL_AREA_STYLE_COLOUR ( '', #931 ) ;
#3268 = SURFACE_STYLE_USAGE ( .BOTH. , #1330 ) ;
#3269 = ORIENTED_EDGE ( 'NONE', *, *, #1975, .F. ) ;
#3270 = CARTESIAN_POINT ( 'NONE',  ( -61.84999999999989484, 49.50000000000004263, 13.80000000000000071 ) ) ;
#3271 = EDGE_CURVE ( 'NONE', #172, #3748, #2887, .T. ) ;
#3272 = ADVANCED_FACE ( 'NONE', ( #60 ), #390, .F. ) ;
#3273 = DIRECTION ( 'NONE',  ( -0.000000000000000000, -0.000000000000000000, -1.000000000000000000 ) ) ;
#3274 = LINE ( 'NONE', #1335, #2052 ) ;
#3275 =( NAMED_UNIT ( * ) PLANE_ANGLE_UNIT ( ) SI_UNIT ( $, .RADIAN. ) );
#3276 = SURFACE_STYLE_FILL_AREA ( #3597 ) ;
#3277 = FILL_AREA_STYLE ('',( #426 ) ) ;
#3278 =( GEOMETRIC_REPRESENTATION_CONTEXT ( 3 ) GLOBAL_UNCERTAINTY_ASSIGNED_CONTEXT ( ( #3730 ) ) GLOBAL_UNIT_ASSIGNED_CONTEXT ( ( #1534, #941, #3198 ) ) REPRESENTATION_CONTEXT ( 'NONE', 'WORKASPACE' ) );
#3279 = SURFACE_STYLE_FILL_AREA ( #1395 ) ;
#3280 = ORIENTED_EDGE ( 'NONE', *, *, #2972, .T. ) ;
#3281 = MECHANICAL_DESIGN_GEOMETRIC_PRESENTATION_REPRESENTATION (  '', ( #1276 ), #3944 ) ;
#3282 = CARTESIAN_POINT ( 'NONE',  ( 1.199999999999999067, -82.28503393662093401, -1.399999999999991473 ) ) ;
#3283 = SURFACE_SIDE_STYLE ('',( #2077 ) ) ;
#3284 = CARTESIAN_POINT ( 'NONE',  ( -61.84999999999989484, 49.50000000000004263, 8.050000000000000711 ) ) ;
#3285 = AXIS2_PLACEMENT_3D ( 'NONE', #3692, #2987, #153 ) ;
#3286 = ORIENTED_EDGE ( 'NONE', *, *, #1646, .F. ) ;
#3287 =( NAMED_UNIT ( * ) SI_UNIT ( $, .STERADIAN. ) SOLID_ANGLE_UNIT ( ) );
#3288 = FACE_OUTER_BOUND ( 'NONE', #2181, .T. ) ;
#3289 = EDGE_LOOP ( 'NONE', ( #2698, #1931, #3475, #1962 ) ) ;
#3290 = CYLINDRICAL_SURFACE ( 'NONE', #415, 2.549999999999998490 ) ;
#3291 = ORIENTED_EDGE ( 'NONE', *, *, #2436, .T. ) ;
#3292 = FILL_AREA_STYLE_COLOUR ( '', #2429 ) ;
#3293 =( NAMED_UNIT ( * ) PLANE_ANGLE_UNIT ( ) SI_UNIT ( $, .RADIAN. ) );
#3294 = CARTESIAN_POINT ( 'NONE',  ( 0.1500000000000722145, -213.2850339366208914, 14.60000000000000853 ) ) ;
#3295 =( GEOMETRIC_REPRESENTATION_CONTEXT ( 3 ) GLOBAL_UNCERTAINTY_ASSIGNED_CONTEXT ( ( #782 ) ) GLOBAL_UNIT_ASSIGNED_CONTEXT ( ( #300, #3543, #2853 ) ) REPRESENTATION_CONTEXT ( 'NONE', 'WORKASPACE' ) );
#3296 = DIRECTION ( 'NONE',  ( 1.334402673828312846E-16, 0.000000000000000000, -1.000000000000000000 ) ) ;
#3297 =( NAMED_UNIT ( * ) PLANE_ANGLE_UNIT ( ) SI_UNIT ( $, .RADIAN. ) );
#3298 = ADVANCED_FACE ( 'NONE', ( #16, #2373 ), #3623, .F. ) ;
#3299 = STYLED_ITEM ( 'NONE', ( #2508 ), #1562 ) ;
#3300 =( NAMED_UNIT ( * ) SI_UNIT ( $, .STERADIAN. ) SOLID_ANGLE_UNIT ( ) );
#3301 = PLANE ( 'NONE',  #3120 ) ;
#3302 = PRESENTATION_LAYER_ASSIGNMENT (  '', '', ( #626 ) ) ;
#3303 = EDGE_CURVE ( 'NONE', #4065, #1481, #1067, .T. ) ;
#3304 = MECHANICAL_DESIGN_GEOMETRIC_PRESENTATION_REPRESENTATION (  '', ( #1032 ), #2901 ) ;
#3305 = PRESENTATION_STYLE_ASSIGNMENT (( #1339 ) ) ;
#3306 = VECTOR ( 'NONE', #1124, 1000.000000000000000 ) ;
#3307 = CYLINDRICAL_SURFACE ( 'NONE', #1234, 3.374999999999999556 ) ;
#3308 = VECTOR ( 'NONE', #2776, 1000.000000000000000 ) ;
#3309 = PRESENTATION_LAYER_ASSIGNMENT (  '', '', ( #966 ) ) ;
#3310 = EDGE_LOOP ( 'NONE', ( #1058 ) ) ;
#3311 =( NAMED_UNIT ( * ) SI_UNIT ( $, .STERADIAN. ) SOLID_ANGLE_UNIT ( ) );
#3312 = SURFACE_STYLE_USAGE ( .BOTH. , #2352 ) ;
#3313 = AXIS2_PLACEMENT_3D ( 'NONE', #3015, #747, #3667 ) ;
#3314 = PRESENTATION_LAYER_ASSIGNMENT (  '', '', ( #3044 ) ) ;
#3315 = ORIENTED_EDGE ( 'NONE', *, *, #1310, .F. ) ;
#3316 =( GEOMETRIC_REPRESENTATION_CONTEXT ( 3 ) GLOBAL_UNCERTAINTY_ASSIGNED_CONTEXT ( ( #489 ) ) GLOBAL_UNIT_ASSIGNED_CONTEXT ( ( #3856, #2251, #1944 ) ) REPRESENTATION_CONTEXT ( 'NONE', 'WORKASPACE' ) );
#3317 = PRESENTATION_STYLE_ASSIGNMENT (( #2986 ) ) ;
#3318 = SURFACE_STYLE_FILL_AREA ( #3025 ) ;
#3319 = LINE ( 'NONE', #2960, #3583 ) ;
#3320 =( LENGTH_UNIT ( ) NAMED_UNIT ( * ) SI_UNIT ( .MILLI., .METRE. ) );
#3321 = STYLED_ITEM ( 'NONE', ( #1679 ), #3758 ) ;
#3322 = EDGE_CURVE ( 'NONE', #3358, #3514, #2037, .T. ) ;
#3323 = DIRECTION ( 'NONE',  ( -1.000000000000000000, 0.000000000000000000, -0.000000000000000000 ) ) ;
#3324 = LINE ( 'NONE', #3601, #1995 ) ;
#3325 = EDGE_CURVE ( 'NONE', #2521, #2521, #845, .T. ) ;
#3326 = CARTESIAN_POINT ( 'NONE',  ( -23.90000000000000924, -224.7149660633791086, -37.81245647272603350 ) ) ;
#3327 =( NAMED_UNIT ( * ) SI_UNIT ( $, .STERADIAN. ) SOLID_ANGLE_UNIT ( ) );
#3328 = UNCERTAINTY_MEASURE_WITH_UNIT (LENGTH_MEASURE( 1.000000000000000082E-05 ), #599, 'distance_accuracy_value', 'NONE');
#3329 =( NAMED_UNIT ( * ) PLANE_ANGLE_UNIT ( ) SI_UNIT ( $, .RADIAN. ) );
#3330 = VERTEX_POINT ( 'NONE', #162 ) ;
#3331 =( NAMED_UNIT ( * ) PLANE_ANGLE_UNIT ( ) SI_UNIT ( $, .RADIAN. ) );
#3332 = PRESENTATION_STYLE_ASSIGNMENT (( #479 ) ) ;
#3333 = ORIENTED_EDGE ( 'NONE', *, *, #428, .F. ) ;
#3334 = UNCERTAINTY_MEASURE_WITH_UNIT (LENGTH_MEASURE( 1.000000000000000082E-05 ), #2045, 'distance_accuracy_value', 'NONE');
#3335 = DIRECTION ( 'NONE',  ( -1.000000000000000000, 0.000000000000000000, 0.000000000000000000 ) ) ;
#3336 = DIRECTION ( 'NONE',  ( 1.000000000000000000, 0.000000000000000000, 1.387778780781445182E-16 ) ) ;
#3337 =( NAMED_UNIT ( * ) SI_UNIT ( $, .STERADIAN. ) SOLID_ANGLE_UNIT ( ) );
#3338 = ORIENTED_EDGE ( 'NONE', *, *, #1022, .T. ) ;
#3339 = UNCERTAINTY_MEASURE_WITH_UNIT (LENGTH_MEASURE( 1.000000000000000082E-05 ), #977, 'distance_accuracy_value', 'NONE');
#3340 = ORIENTED_EDGE ( 'NONE', *, *, #886, .T. ) ;
#3341 = DIRECTION ( 'NONE',  ( 0.000000000000000000, -1.000000000000000000, 0.000000000000000000 ) ) ;
#3342 =( NAMED_UNIT ( * ) SI_UNIT ( $, .STERADIAN. ) SOLID_ANGLE_UNIT ( ) );
#3343 = LINE ( 'NONE', #2997, #1362 ) ;
#3344 = EDGE_LOOP ( 'NONE', ( #2142, #391, #2953, #1046 ) ) ;
#3345 = FILL_AREA_STYLE_COLOUR ( '', #1378 ) ;
#3346 =( NAMED_UNIT ( * ) SI_UNIT ( $, .STERADIAN. ) SOLID_ANGLE_UNIT ( ) );
#3347 = ADVANCED_FACE ( 'NONE', ( #2079 ), #3124, .F. ) ;
#3348 = FILL_AREA_STYLE ('',( #1137 ) ) ;
#3349 = DIRECTION ( 'NONE',  ( 0.000000000000000000, -1.000000000000000000, -0.000000000000000000 ) ) ;
#3350 = PLANE ( 'NONE',  #1678 ) ;
#3351 = ORIENTED_EDGE ( 'NONE', *, *, #3184, .F. ) ;
#3352 = PRESENTATION_LAYER_ASSIGNMENT (  '', '', ( #1276 ) ) ;
#3353 = EDGE_CURVE ( 'NONE', #938, #3830, #137, .T. ) ;
#3354 = ORIENTED_EDGE ( 'NONE', *, *, #2066, .T. ) ;
#3355 = CARTESIAN_POINT ( 'NONE',  ( 1.199999999999999067, -82.28503393662093401, -2.299999999999994937 ) ) ;
#3356 = DIRECTION ( 'NONE',  ( -0.000000000000000000, -0.000000000000000000, -1.000000000000000000 ) ) ;
#3357 = COLOUR_RGB ( '',0.5999999999999999778, 0.1607843137254901800, 0.7529411764705882248 ) ;
#3358 = VERTEX_POINT ( 'NONE', #374 ) ;
#3359 = MECHANICAL_DESIGN_GEOMETRIC_PRESENTATION_REPRESENTATION (  '', ( #3824 ), #3821 ) ;
#3360 = PRESENTATION_STYLE_ASSIGNMENT (( #2469 ) ) ;
#3361 = VECTOR ( 'NONE', #2246, 1000.000000000000000 ) ;
#3362 =( NAMED_UNIT ( * ) PLANE_ANGLE_UNIT ( ) SI_UNIT ( $, .RADIAN. ) );
#3363 = DIRECTION ( 'NONE',  ( -1.000802005371234635E-16, 0.000000000000000000, -1.000000000000000000 ) ) ;
#3364 = STYLED_ITEM ( 'NONE', ( #251 ), #1717 ) ;
#3365 = DIRECTION ( 'NONE',  ( -1.081779818849036267E-16, -1.000000000000000000, 0.000000000000000000 ) ) ;
#3366 = COLOUR_RGB ( '',0.5999999999999999778, 0.1607843137254901800, 0.7529411764705882248 ) ;
#3367 = UNCERTAINTY_MEASURE_WITH_UNIT (LENGTH_MEASURE( 1.000000000000000082E-05 ), #2582, 'distance_accuracy_value', 'NONE');
#3368 = DIRECTION ( 'NONE',  ( -0.000000000000000000, -0.000000000000000000, -1.000000000000000000 ) ) ;
#3369 = EDGE_CURVE ( 'NONE', #1294, #3204, #2941, .T. ) ;
#3370 = AXIS2_PLACEMENT_3D ( 'NONE', #12, #3819, #1320 ) ;
#3371 = MECHANICAL_DESIGN_GEOMETRIC_PRESENTATION_REPRESENTATION (  '', ( #2176 ), #3576 ) ;
#3372 = MECHANICAL_DESIGN_GEOMETRIC_PRESENTATION_REPRESENTATION (  '', ( #191 ), #2048 ) ;
#3373 = CARTESIAN_POINT ( 'NONE',  ( -37.85000000000000142, -263.5000000000000000, -7.299999999999969624 ) ) ;
#3374 = COLOUR_RGB ( '',0.5999999999999999778, 0.1607843137254901800, 0.7529411764705882248 ) ;
#3375 = FILL_AREA_STYLE ('',( #920 ) ) ;
#3376 =( LENGTH_UNIT ( ) NAMED_UNIT ( * ) SI_UNIT ( .MILLI., .METRE. ) );
#3377 = SURFACE_STYLE_USAGE ( .BOTH. , #110 ) ;
#3378 = ADVANCED_FACE ( 'NONE', ( #1016, #2990 ), #2924, .F. ) ;
#3379 = LINE ( 'NONE', #2480, #3306 ) ;
#3380 =( GEOMETRIC_REPRESENTATION_CONTEXT ( 3 ) GLOBAL_UNCERTAINTY_ASSIGNED_CONTEXT ( ( #2056 ) ) GLOBAL_UNIT_ASSIGNED_CONTEXT ( ( #1325, #2929, #2310 ) ) REPRESENTATION_CONTEXT ( 'NONE', 'WORKASPACE' ) );
#3381 =( GEOMETRIC_REPRESENTATION_CONTEXT ( 3 ) GLOBAL_UNCERTAINTY_ASSIGNED_CONTEXT ( ( #1490 ) ) GLOBAL_UNIT_ASSIGNED_CONTEXT ( ( #3092, #3047, #1434 ) ) REPRESENTATION_CONTEXT ( 'NONE', 'WORKASPACE' ) );
#3382 = UNCERTAINTY_MEASURE_WITH_UNIT (LENGTH_MEASURE( 1.000000000000000082E-05 ), #454, 'distance_accuracy_value', 'NONE');
#3383 = MECHANICAL_DESIGN_GEOMETRIC_PRESENTATION_REPRESENTATION (  '', ( #3254 ), #2509 ) ;
#3384 = LINE ( 'NONE', #1483, #1708 ) ;
#3385 = SURFACE_STYLE_FILL_AREA ( #2118 ) ;
#3386 = CARTESIAN_POINT ( 'NONE',  ( -23.90000000000000924, -263.5000000000000000, 18.70000000000000995 ) ) ;
#3387 = FACE_BOUND ( 'NONE', #487, .T. ) ;
#3388 =( GEOMETRIC_REPRESENTATION_CONTEXT ( 3 ) GLOBAL_UNCERTAINTY_ASSIGNED_CONTEXT ( ( #3052 ) ) GLOBAL_UNIT_ASSIGNED_CONTEXT ( ( #1939, #340, #2264 ) ) REPRESENTATION_CONTEXT ( 'NONE', 'WORKASPACE' ) );
#3389 = VERTEX_POINT ( 'NONE', #1714 ) ;
#3390 = ORIENTED_EDGE ( 'NONE', *, *, #913, .F. ) ;
#3391 = PLANE ( 'NONE',  #113 ) ;
#3392 = ORIENTED_EDGE ( 'NONE', *, *, #47, .T. ) ;
#3393 = VERTEX_POINT ( 'NONE', #3242 ) ;
#3394 = SURFACE_STYLE_USAGE ( .BOTH. , #3453 ) ;
#3395 = SURFACE_STYLE_FILL_AREA ( #1091 ) ;
#3396 = DIRECTION ( 'NONE',  ( -0.000000000000000000, -1.000000000000000000, -0.000000000000000000 ) ) ;
#3397 = EDGE_LOOP ( 'NONE', ( #630, #2086, #3933, #3704 ) ) ;
#3398 = UNCERTAINTY_MEASURE_WITH_UNIT (LENGTH_MEASURE( 1.000000000000000082E-05 ), #1987, 'distance_accuracy_value', 'NONE');
#3399 = PRESENTATION_STYLE_ASSIGNMENT (( #3151 ) ) ;
#3400 = DIRECTION ( 'NONE',  ( -1.000000000000000000, 0.000000000000000000, 1.334402673828312846E-16 ) ) ;
#3401 = EDGE_CURVE ( 'NONE', #654, #934, #1971, .T. ) ;
#3402 = EDGE_CURVE ( 'NONE', #2216, #2907, #1992, .T. ) ;
#3403 = CARTESIAN_POINT ( 'NONE',  ( -61.84999999999989484, 49.50000000000004263, 13.80000000000000071 ) ) ;
#3404 = SURFACE_STYLE_FILL_AREA ( #1127 ) ;
#3405 = EDGE_CURVE ( 'NONE', #2675, #3982, #389, .T. ) ;
#3406 = CARTESIAN_POINT ( 'NONE',  ( -17.22500000000000142, -73.50000000000007105, -7.299999999999998934 ) ) ;
#3407 = CARTESIAN_POINT ( 'NONE',  ( -45.90000000000007674, -227.5500000000002672, 62.74999999999997158 ) ) ;
#3408 = ORIENTED_EDGE ( 'NONE', *, *, #510, .T. ) ;
#3409 = CARTESIAN_POINT ( 'NONE',  ( 0.000000000000000000, -201.2850339366208914, 34.70000000000000995 ) ) ;
#3410 = DIRECTION ( 'NONE',  ( 0.000000000000000000, -1.000000000000000000, 0.000000000000000000 ) ) ;
#3411 = VECTOR ( 'NONE', #2150, 1000.000000000000000 ) ;
#3412 = ORIENTED_EDGE ( 'NONE', *, *, #532, .F. ) ;
#3413 = DIRECTION ( 'NONE',  ( 0.000000000000000000, 0.000000000000000000, 1.000000000000000000 ) ) ;
#3414 = DIRECTION ( 'NONE',  ( 1.000000000000000000, -0.000000000000000000, 0.000000000000000000 ) ) ;
#3415 = FACE_OUTER_BOUND ( 'NONE', #21, .T. ) ;
#3416 = AXIS2_PLACEMENT_3D ( 'NONE', #2984, #2356, #132 ) ;
#3417 = PRESENTATION_STYLE_ASSIGNMENT (( #1206 ) ) ;
#3418 = AXIS2_PLACEMENT_3D ( 'NONE', #1350, #2296, #3200 ) ;
#3419 = EDGE_CURVE ( 'NONE', #790, #965, #3927, .T. ) ;
#3420 = CARTESIAN_POINT ( 'NONE',  ( 20.10000000000001918, -239.7149660633791086, 8.650000000000002132 ) ) ;
#3421 = SURFACE_SIDE_STYLE ('',( #2802 ) ) ;
#3422 = MECHANICAL_DESIGN_GEOMETRIC_PRESENTATION_REPRESENTATION (  '', ( #823 ), #2434 ) ;
#3423 = SURFACE_SIDE_STYLE ('',( #788 ) ) ;
#3424 = DIRECTION ( 'NONE',  ( -1.000000000000000000, 0.000000000000000000, 0.000000000000000000 ) ) ;
#3425 = CARTESIAN_POINT ( 'NONE',  ( 34.14999999999990621, -234.5000000000000000, 21.55000000000004334 ) ) ;
#3426 = EDGE_CURVE ( 'NONE', #671, #2942, #1355, .T. ) ;
#3427 = AXIS2_PLACEMENT_3D ( 'NONE', #15, #3493, #1978 ) ;
#3428 = CARTESIAN_POINT ( 'NONE',  ( -71.84999999999989484, -53.50000000000000711, 36.79999999999991189 ) ) ;
#3429 = AXIS2_PLACEMENT_3D ( 'NONE', #2982, #2664, #324 ) ;
#3430 = DIRECTION ( 'NONE',  ( 0.000000000000000000, 1.000000000000000000, 0.000000000000000000 ) ) ;
#3431 = DIRECTION ( 'NONE',  ( -1.000000000000000000, 0.000000000000000000, 0.000000000000000000 ) ) ;
#3432 = MANIFOLD_SOLID_BREP ( 'Boss-Extrude35', #1542 ) ;
#3433 = VECTOR ( 'NONE', #1604, 1000.000000000000000 ) ;
#3434 = EDGE_LOOP ( 'NONE', ( #604 ) ) ;
#3435 = CARTESIAN_POINT ( 'NONE',  ( -39.84999999999993037, -111.2850339366209198, 14.60000000000000853 ) ) ;
#3436 = FILL_AREA_STYLE_COLOUR ( '', #1272 ) ;
#3437 = DIRECTION ( 'NONE',  ( 0.000000000000000000, 0.000000000000000000, 1.000000000000000000 ) ) ;
#3438 = CARTESIAN_POINT ( 'NONE',  ( 0.000000000000000000, 0.000000000000000000, 23.80000000000000071 ) ) ;
#3439 = FILL_AREA_STYLE_COLOUR ( '', #1841 ) ;
#3440 = CIRCLE ( 'NONE', #3969, 3.182247019544436561 ) ;
#3441 = ORIENTED_EDGE ( 'NONE', *, *, #2652, .T. ) ;
#3442 = STYLED_ITEM ( 'NONE', ( #2443 ), #2520 ) ;
#3443 = STYLED_ITEM ( 'NONE', ( #1059 ), #3432 ) ;
#3444 = PRODUCT_RELATED_PRODUCT_CATEGORY ( 'part', '', ( #1903 ) ) ;
#3445 = VERTEX_POINT ( 'NONE', #1587 ) ;
#3446 = PRESENTATION_STYLE_ASSIGNMENT (( #621 ) ) ;
#3447 = VECTOR ( 'NONE', #3469, 1000.000000000000000 ) ;
#3448 = ORIENTED_EDGE ( 'NONE', *, *, #2221, .F. ) ;
#3449 = CARTESIAN_POINT ( 'NONE',  ( -71.84999999999989484, -253.5000000000000000, 0.000000000000000000 ) ) ;
#3450 = EDGE_CURVE ( 'NONE', #2826, #3673, #1039, .T. ) ;
#3451 = EDGE_LOOP ( 'NONE', ( #3790 ) ) ;
#3452 = DIRECTION ( 'NONE',  ( 1.000000000000000000, 0.000000000000000000, 0.000000000000000000 ) ) ;
#3453 = SURFACE_SIDE_STYLE ('',( #2104 ) ) ;
#3454 = CARTESIAN_POINT ( 'NONE',  ( 27.43333333333323765, -70.21666666666671119, 53.51666666666665151 ) ) ;
#3455 = EDGE_LOOP ( 'NONE', ( #2729 ) ) ;
#3456 =( LENGTH_UNIT ( ) NAMED_UNIT ( * ) SI_UNIT ( .MILLI., .METRE. ) );
#3457 = CARTESIAN_POINT ( 'NONE',  ( -5.849999999999926814, -207.2850339366208914, 30.60000000000000853 ) ) ;
#3458 = CARTESIAN_POINT ( 'NONE',  ( -28.90000000000000568, -57.28503393662091980, -3.856423727363825427E-15 ) ) ;
#3459 = CARTESIAN_POINT ( 'NONE',  ( -28.90000000000000924, -57.28503393662091980, 34.70000000000000995 ) ) ;
#3460 = FILL_AREA_STYLE_COLOUR ( '', #1377 ) ;
#3461 =( NAMED_UNIT ( * ) PLANE_ANGLE_UNIT ( ) SI_UNIT ( $, .RADIAN. ) );
#3462 = LINE ( 'NONE', #1475, #3411 ) ;
#3463 = VERTEX_POINT ( 'NONE', #3486 ) ;
#3464 = CARTESIAN_POINT ( 'NONE',  ( -71.84999999999989484, -53.50000000000000711, 36.79999999999991189 ) ) ;
#3465 = LINE ( 'NONE', #1718, #3942 ) ;
#3466 = ORIENTED_EDGE ( 'NONE', *, *, #2916, .F. ) ;
#3467 = DIRECTION ( 'NONE',  ( -0.7071067811865494601, -0.000000000000000000, -0.7071067811865455743 ) ) ;
#3468 =( NAMED_UNIT ( * ) PLANE_ANGLE_UNIT ( ) SI_UNIT ( $, .RADIAN. ) );
#3469 = DIRECTION ( 'NONE',  ( 1.000000000000000000, -0.000000000000000000, -0.000000000000000000 ) ) ;
#3470 = PLANE ( 'NONE',  #2300 ) ;
#3471 = DIRECTION ( 'NONE',  ( -0.000000000000000000, 1.000000000000000000, 0.000000000000000000 ) ) ;
#3472 = DIRECTION ( 'NONE',  ( 1.726093010922196207E-16, -0.000000000000000000, 1.000000000000000000 ) ) ;
#3473 = EDGE_CURVE ( 'NONE', #3494, #2216, #2794, .T. ) ;
#3474 = ORIENTED_EDGE ( 'NONE', *, *, #1723, .F. ) ;
#3475 = ORIENTED_EDGE ( 'NONE', *, *, #3271, .T. ) ;
#3476 = ORIENTED_EDGE ( 'NONE', *, *, #3473, .F. ) ;
#3477 =( NAMED_UNIT ( * ) PLANE_ANGLE_UNIT ( ) SI_UNIT ( $, .RADIAN. ) );
#3478 = LINE ( 'NONE', #1616, #2030 ) ;
#3479 =( NAMED_UNIT ( * ) PLANE_ANGLE_UNIT ( ) SI_UNIT ( $, .RADIAN. ) );
#3480 = EDGE_CURVE ( 'NONE', #3512, #3512, #3917, .T. ) ;
#3481 = CIRCLE ( 'NONE', #3220, 3.374999999999999556 ) ;
#3482 = FILL_AREA_STYLE ('',( #2518 ) ) ;
#3483 = FILL_AREA_STYLE ('',( #2211 ) ) ;
#3484 = LINE ( 'NONE', #1908, #3433 ) ;
#3485 = VECTOR ( 'NONE', #294, 1000.000000000000000 ) ;
#3486 = CARTESIAN_POINT ( 'NONE',  ( -23.89999999999999858, -239.7149660633791086, 11.20000000000000639 ) ) ;
#3487 = MECHANICAL_DESIGN_GEOMETRIC_PRESENTATION_REPRESENTATION (  '', ( #1152 ), #880 ) ;
#3488 =( LENGTH_UNIT ( ) NAMED_UNIT ( * ) SI_UNIT ( .MILLI., .METRE. ) );
#3489 = ORIENTED_EDGE ( 'NONE', *, *, #1270, .T. ) ;
#3490 = STYLED_ITEM ( 'NONE', ( #2169 ), #1132 ) ;
#3491 = LINE ( 'NONE', #2823, #2979 ) ;
#3492 = FACE_OUTER_BOUND ( 'NONE', #1343, .T. ) ;
#3493 = DIRECTION ( 'NONE',  ( -0.000000000000000000, -0.000000000000000000, -1.000000000000000000 ) ) ;
#3494 = VERTEX_POINT ( 'NONE', #1794 ) ;
#3495 =( GEOMETRIC_REPRESENTATION_CONTEXT ( 3 ) GLOBAL_UNCERTAINTY_ASSIGNED_CONTEXT ( ( #3055 ) ) GLOBAL_UNIT_ASSIGNED_CONTEXT ( ( #542, #1197, #876 ) ) REPRESENTATION_CONTEXT ( 'NONE', 'WORKASPACE' ) );
#3496 = EDGE_LOOP ( 'NONE', ( #3090, #3253, #1356, #1546 ) ) ;
#3497 = FACE_OUTER_BOUND ( 'NONE', #1849, .T. ) ;
#3498 = SURFACE_STYLE_USAGE ( .BOTH. , #570 ) ;
#3499 = EDGE_CURVE ( 'NONE', #3463, #3463, #1991, .T. ) ;
#3500 = VERTEX_POINT ( 'NONE', #4014 ) ;
#3501 = DIRECTION ( 'NONE',  ( 0.000000000000000000, 0.000000000000000000, -1.000000000000000000 ) ) ;
#3502 = CARTESIAN_POINT ( 'NONE',  ( -71.84999999999989484, -253.4999999999999432, -7.299999999999998934 ) ) ;
#3503 = MECHANICAL_DESIGN_GEOMETRIC_PRESENTATION_REPRESENTATION (  '', ( #3174 ), #2238 ) ;
#3504 =( NAMED_UNIT ( * ) PLANE_ANGLE_UNIT ( ) SI_UNIT ( $, .RADIAN. ) );
#3505 =( GEOMETRIC_REPRESENTATION_CONTEXT ( 3 ) GLOBAL_UNCERTAINTY_ASSIGNED_CONTEXT ( ( #2125 ) ) GLOBAL_UNIT_ASSIGNED_CONTEXT ( ( #2632, #1419, #2035 ) ) REPRESENTATION_CONTEXT ( 'NONE', 'WORKASPACE' ) );
#3506 = VECTOR ( 'NONE', #1585, 1000.000000000000000 ) ;
#3507 = EDGE_LOOP ( 'NONE', ( #3195, #1405, #1860, #2 ) ) ;
#3508 = EDGE_CURVE ( 'NONE', #648, #648, #3718, .T. ) ;
#3509 = FACE_BOUND ( 'NONE', #58, .T. ) ;
#3510 = SURFACE_STYLE_FILL_AREA ( #2500 ) ;
#3511 = VECTOR ( 'NONE', #201, 1000.000000000000000 ) ;
#3512 = VERTEX_POINT ( 'NONE', #2803 ) ;
#3513 = PRESENTATION_LAYER_ASSIGNMENT (  '', '', ( #3710 ) ) ;
#3514 = VERTEX_POINT ( 'NONE', #3115 ) ;
#3515 =( GEOMETRIC_REPRESENTATION_CONTEXT ( 3 ) GLOBAL_UNCERTAINTY_ASSIGNED_CONTEXT ( ( #213 ) ) GLOBAL_UNIT_ASSIGNED_CONTEXT ( ( #2719, #2672, #812 ) ) REPRESENTATION_CONTEXT ( 'NONE', 'WORKASPACE' ) );
#3516 = VERTEX_POINT ( 'NONE', #3373 ) ;
#3517 = FACE_OUTER_BOUND ( 'NONE', #219, .T. ) ;
#3518 = SURFACE_STYLE_USAGE ( .BOTH. , #2247 ) ;
#3519 = FACE_BOUND ( 'NONE', #323, .T. ) ;
#3520 = ORIENTED_EDGE ( 'NONE', *, *, #1799, .F. ) ;
#3521 = AXIS2_PLACEMENT_3D ( 'NONE', #3192, #321, #3783 ) ;
#3522 = DIRECTION ( 'NONE',  ( 0.000000000000000000, 0.000000000000000000, -1.000000000000000000 ) ) ;
#3523 = EDGE_LOOP ( 'NONE', ( #3803, #2523, #1731, #2189 ) ) ;
#3524 = EDGE_LOOP ( 'NONE', ( #2529 ) ) ;
#3525 = FILL_AREA_STYLE ('',( #940 ) ) ;
#3526 = CARTESIAN_POINT ( 'NONE',  ( -13.84999999999998366, -233.5000000000000568, -3.199999999999999734 ) ) ;
#3527 = ORIENTED_EDGE ( 'NONE', *, *, #4004, .F. ) ;
#3528 = PRESENTATION_LAYER_ASSIGNMENT (  '', '', ( #4108 ) ) ;
#3529 = UNCERTAINTY_MEASURE_WITH_UNIT (LENGTH_MEASURE( 1.000000000000000082E-05 ), #3545, 'distance_accuracy_value', 'NONE');
#3530 = DIRECTION ( 'NONE',  ( -1.000000000000000000, 0.000000000000000000, -0.000000000000000000 ) ) ;
#3531 = SURFACE_SIDE_STYLE ('',( #616 ) ) ;
#3532 = CARTESIAN_POINT ( 'NONE',  ( -49.34999999999989484, -249.7149660633790802, 0.000000000000000000 ) ) ;
#3533 = ADVANCED_FACE ( 'NONE', ( #3150 ), #224, .F. ) ;
#3534 = LINE ( 'NONE', #664, #1561 ) ;
#3535 = SURFACE_STYLE_USAGE ( .BOTH. , #2821 ) ;
#3536 = EDGE_LOOP ( 'NONE', ( #2828, #180, #978, #2337 ) ) ;
#3537 = EDGE_CURVE ( 'NONE', #671, #2720, #260, .T. ) ;
#3538 = LINE ( 'NONE', #2222, #1010 ) ;
#3539 = ORIENTED_EDGE ( 'NONE', *, *, #3369, .F. ) ;
#3540 = FILL_AREA_STYLE ('',( #989 ) ) ;
#3541 = ORIENTED_EDGE ( 'NONE', *, *, #10, .F. ) ;
#3542 = CARTESIAN_POINT ( 'NONE',  ( -37.85000000000000142, -43.50000000000000000, -9.705526843085674726E-15 ) ) ;
#3543 =( NAMED_UNIT ( * ) PLANE_ANGLE_UNIT ( ) SI_UNIT ( $, .RADIAN. ) );
#3544 = LINE ( 'NONE', #1619, #3155 ) ;
#3545 =( LENGTH_UNIT ( ) NAMED_UNIT ( * ) SI_UNIT ( .MILLI., .METRE. ) );
#3546 = FILL_AREA_STYLE ('',( #2579 ) ) ;
#3547 = LINE ( 'NONE', #678, #3652 ) ;
#3548 = CARTESIAN_POINT ( 'NONE',  ( -23.90000000000000924, -43.50000000000000000, 18.70000000000000995 ) ) ;
#3549 = STYLED_ITEM ( 'NONE', ( #2293 ), #358 ) ;
#3550 = CARTESIAN_POINT ( 'NONE',  ( 10.14999999999999325, -250.5000000000001137, 39.80000000000000426 ) ) ;
#3551 = ORIENTED_EDGE ( 'NONE', *, *, #2132, .T. ) ;
#3552 = EDGE_CURVE ( 'NONE', #2410, #4049, #3729, .T. ) ;
#3553 = FACE_OUTER_BOUND ( 'NONE', #2204, .T. ) ;
#3554 = VECTOR ( 'NONE', #2510, 1000.000000000000114 ) ;
#3555 = VERTEX_POINT ( 'NONE', #848 ) ;
#3556 = PRESENTATION_LAYER_ASSIGNMENT (  '', '', ( #1618 ) ) ;
#3557 = FILL_AREA_STYLE ('',( #117 ) ) ;
#3558 = CARTESIAN_POINT ( 'NONE',  ( 20.74658439628151996, -177.6927544108115740, 39.80000000000000426 ) ) ;
#3559 = EDGE_CURVE ( 'NONE', #3500, #1396, #526, .T. ) ;
#3560 = SURFACE_STYLE_FILL_AREA ( #2266 ) ;
#3561 = ORIENTED_EDGE ( 'NONE', *, *, #3271, .F. ) ;
#3562 =( LENGTH_UNIT ( ) NAMED_UNIT ( * ) SI_UNIT ( .MILLI., .METRE. ) );
#3563 = CARTESIAN_POINT ( 'NONE',  ( -61.84999999999989484, -249.7149660633791086, 8.050000000000000711 ) ) ;
#3564 =( GEOMETRIC_REPRESENTATION_CONTEXT ( 3 ) GLOBAL_UNCERTAINTY_ASSIGNED_CONTEXT ( ( #3997 ) ) GLOBAL_UNIT_ASSIGNED_CONTEXT ( ( #850, #2893, #2227 ) ) REPRESENTATION_CONTEXT ( 'NONE', 'WORKASPACE' ) );
#3565 = SURFACE_SIDE_STYLE ('',( #3898 ) ) ;
#3566 = SURFACE_SIDE_STYLE ('',( #921 ) ) ;
#3567 = SURFACE_STYLE_USAGE ( .BOTH. , #2295 ) ;
#3568 =( LENGTH_UNIT ( ) NAMED_UNIT ( * ) SI_UNIT ( .MILLI., .METRE. ) );
#3569 = STYLED_ITEM ( 'NONE', ( #2797 ), #1777 ) ;
#3570 = FACE_OUTER_BOUND ( 'NONE', #3451, .T. ) ;
#3571 = MECHANICAL_DESIGN_GEOMETRIC_PRESENTATION_REPRESENTATION (  '', ( #2563 ), #2173 ) ;
#3572 = DIRECTION ( 'NONE',  ( -0.000000000000000000, -0.000000000000000000, 1.000000000000000000 ) ) ;
#3573 = ORIENTED_EDGE ( 'NONE', *, *, #2027, .F. ) ;
#3574 = CARTESIAN_POINT ( 'NONE',  ( -37.85000000000000142, -56.50000000000009237, 39.80000000000000426 ) ) ;
#3575 = STYLED_ITEM ( 'NONE', ( #1821 ), #2702 ) ;
#3576 =( GEOMETRIC_REPRESENTATION_CONTEXT ( 3 ) GLOBAL_UNCERTAINTY_ASSIGNED_CONTEXT ( ( #818 ) ) GLOBAL_UNIT_ASSIGNED_CONTEXT ( ( #2796, #885, #2402 ) ) REPRESENTATION_CONTEXT ( 'NONE', 'WORKASPACE' ) );
#3577 = EDGE_CURVE ( 'NONE', #965, #1146, #2463, .T. ) ;
#3578 =( GEOMETRIC_REPRESENTATION_CONTEXT ( 3 ) GLOBAL_UNCERTAINTY_ASSIGNED_CONTEXT ( ( #3717 ) ) GLOBAL_UNIT_ASSIGNED_CONTEXT ( ( #377, #1018, #407 ) ) REPRESENTATION_CONTEXT ( 'NONE', 'WORKASPACE' ) );
#3579 = AXIS2_PLACEMENT_3D ( 'NONE', #1293, #2491, #3796 ) ;
#3580 = SURFACE_STYLE_FILL_AREA ( #767 ) ;
#3581 = DIRECTION ( 'NONE',  ( 1.000000000000000000, -0.000000000000000000, 0.000000000000000000 ) ) ;
#3582 = FACE_BOUND ( 'NONE', #234, .T. ) ;
#3583 = VECTOR ( 'NONE', #1711, 1000.000000000000000 ) ;
#3584 = ORIENTED_EDGE ( 'NONE', *, *, #2460, .F. ) ;
#3585 = LINE ( 'NONE', #438, #186 ) ;
#3586 = ADVANCED_FACE ( 'NONE', ( #3136 ), #1533, .F. ) ;
#3587 = VECTOR ( 'NONE', #2441, 1000.000000000000000 ) ;
#3588 = DIRECTION ( 'NONE',  ( -0.000000000000000000, 0.7071067811865483499, 0.7071067811865467956 ) ) ;
#3589 =( NAMED_UNIT ( * ) PLANE_ANGLE_UNIT ( ) SI_UNIT ( $, .RADIAN. ) );
#3590 = DIRECTION ( 'NONE',  ( -1.000000000000000000, 0.000000000000000000, 0.000000000000000000 ) ) ;
#3591 = EDGE_LOOP ( 'NONE', ( #2325 ) ) ;
#3592 = VECTOR ( 'NONE', #1451, 1000.000000000000000 ) ;
#3593 = FILL_AREA_STYLE ('',( #2874 ) ) ;
#3594 = DIRECTION ( 'NONE',  ( 1.000000000000000000, 0.000000000000000000, -1.000802005371234635E-16 ) ) ;
#3595 = LINE ( 'NONE', #3925, #1512 ) ;
#3596 = ORIENTED_EDGE ( 'NONE', *, *, #1688, .F. ) ;
#3597 = FILL_AREA_STYLE ('',( #3842 ) ) ;
#3598 = CARTESIAN_POINT ( 'NONE',  ( -51.84999999999993037, -111.2850339366209198, 30.60000000000000853 ) ) ;
#3599 = PLANE ( 'NONE',  #3429 ) ;
#3600 = SURFACE_STYLE_FILL_AREA ( #2464 ) ;
#3601 = CARTESIAN_POINT ( 'NONE',  ( -68.84999999999989484, 9.930738737034139724E-15, 34.70000000000000995 ) ) ;
#3602 =( LENGTH_UNIT ( ) NAMED_UNIT ( * ) SI_UNIT ( .MILLI., .METRE. ) );
#3603 = DIRECTION ( 'NONE',  ( 0.000000000000000000, 0.000000000000000000, -1.000000000000000000 ) ) ;
#3604 = LINE ( 'NONE', #204, #220 ) ;
#3605 = ORIENTED_EDGE ( 'NONE', *, *, #1189, .T. ) ;
#3606 = SURFACE_STYLE_USAGE ( .BOTH. , #2638 ) ;
#3607 = ORIENTED_EDGE ( 'NONE', *, *, #13, .F. ) ;
#3608 = DIRECTION ( 'NONE',  ( 0.000000000000000000, 0.000000000000000000, -1.000000000000000000 ) ) ;
#3609 = ORIENTED_EDGE ( 'NONE', *, *, #1337, .F. ) ;
#3610 =( NAMED_UNIT ( * ) SI_UNIT ( $, .STERADIAN. ) SOLID_ANGLE_UNIT ( ) );
#3611 = PLANE ( 'NONE',  #2570 ) ;
#3612 = EDGE_CURVE ( 'NONE', #3083, #359, #1261, .T. ) ;
#3613 = DIRECTION ( 'NONE',  ( -1.000000000000000000, -0.000000000000000000, -1.387778780781445182E-16 ) ) ;
#3614 = DIRECTION ( 'NONE',  ( -1.000000000000000000, 0.000000000000000000, 0.000000000000000000 ) ) ;
#3615 = VERTEX_POINT ( 'NONE', #3563 ) ;
#3616 = DIRECTION ( 'NONE',  ( -0.000000000000000000, -1.000000000000000000, -0.000000000000000000 ) ) ;
#3617 = ORIENTED_EDGE ( 'NONE', *, *, #3226, .F. ) ;
#3618 = SURFACE_STYLE_USAGE ( .BOTH. , #2650 ) ;
#3619 = MECHANICAL_DESIGN_GEOMETRIC_PRESENTATION_REPRESENTATION (  '', ( #3549 ), #3686 ) ;
#3620 = PLANE ( 'NONE',  #319 ) ;
#3621 = LINE ( 'NONE', #409, #3106 ) ;
#3622 = DIRECTION ( 'NONE',  ( 1.000000000000000000, -0.000000000000000000, 0.000000000000000000 ) ) ;
#3623 = PLANE ( 'NONE',  #3313 ) ;
#3624 = AXIS2_PLACEMENT_3D ( 'NONE', #1905, #3876, #2233 ) ;
#3625 = EDGE_LOOP ( 'NONE', ( #1397 ) ) ;
#3626 =( LENGTH_UNIT ( ) NAMED_UNIT ( * ) SI_UNIT ( .MILLI., .METRE. ) );
#3627 = ORIENTED_EDGE ( 'NONE', *, *, #2580, .F. ) ;
#3628 = DIRECTION ( 'NONE',  ( 1.000000000000000000, 0.000000000000000000, 0.000000000000000000 ) ) ;
#3629 = CARTESIAN_POINT ( 'NONE',  ( 1.199999999999996181, -82.28503393662093401, 34.70000000000000995 ) ) ;
#3630 = VERTEX_POINT ( 'NONE', #1925 ) ;
#3631 = ADVANCED_FACE ( 'NONE', ( #2871 ), #343, .F. ) ;
#3632 = CARTESIAN_POINT ( 'NONE',  ( -61.84999999999989484, 49.50000000000004263, 8.050000000000000711 ) ) ;
#3633 = LINE ( 'NONE', #372, #1238 ) ;
#3634 = PRESENTATION_LAYER_ASSIGNMENT (  '', '', ( #1024 ) ) ;
#3635 = FACE_OUTER_BOUND ( 'NONE', #658, .T. ) ;
#3636 = VECTOR ( 'NONE', #2467, 1000.000000000000000 ) ;
#3637 = ORIENTED_EDGE ( 'NONE', *, *, #3981, .T. ) ;
#3638 = UNCERTAINTY_MEASURE_WITH_UNIT (LENGTH_MEASURE( 1.000000000000000082E-05 ), #3775, 'distance_accuracy_value', 'NONE');
#3639 = DIRECTION ( 'NONE',  ( 0.000000000000000000, 0.000000000000000000, -1.000000000000000000 ) ) ;
#3640 = VECTOR ( 'NONE', #662, 1000.000000000000000 ) ;
#3641 = AXIS2_PLACEMENT_3D ( 'NONE', #742, #1690, #1653 ) ;
#3642 = DIRECTION ( 'NONE',  ( -1.000000000000000000, 0.000000000000000000, -0.000000000000000000 ) ) ;
#3643 = MECHANICAL_DESIGN_GEOMETRIC_PRESENTATION_REPRESENTATION (  '', ( #966 ), #239 ) ;
#3644 = PRESENTATION_STYLE_ASSIGNMENT (( #3946 ) ) ;
#3645 = VERTEX_POINT ( 'NONE', #1574 ) ;
#3646 =( LENGTH_UNIT ( ) NAMED_UNIT ( * ) SI_UNIT ( .MILLI., .METRE. ) );
#3647 = VECTOR ( 'NONE', #229, 1000.000000000000000 ) ;
#3648 =( GEOMETRIC_REPRESENTATION_CONTEXT ( 3 ) GLOBAL_UNCERTAINTY_ASSIGNED_CONTEXT ( ( #2081 ) ) GLOBAL_UNIT_ASSIGNED_CONTEXT ( ( #1808, #3993, #502 ) ) REPRESENTATION_CONTEXT ( 'NONE', 'WORKASPACE' ) );
#3649 = VERTEX_POINT ( 'NONE', #44 ) ;
#3650 = DIRECTION ( 'NONE',  ( -1.000000000000000000, 0.000000000000000000, 0.000000000000000000 ) ) ;
#3651 = CIRCLE ( 'NONE', #3912, 2.550000000000024691 ) ;
#3652 = VECTOR ( 'NONE', #2005, 1000.000000000000000 ) ;
#3653 = ORIENTED_EDGE ( 'NONE', *, *, #3552, .F. ) ;
#3654 = COLOUR_RGB ( '',0.5999999999999999778, 0.1607843137254901800, 0.7529411764705882248 ) ;
#3655 = SURFACE_STYLE_FILL_AREA ( #1097 ) ;
#3656 = FILL_AREA_STYLE ('',( #154 ) ) ;
#3657 =( NAMED_UNIT ( * ) PLANE_ANGLE_UNIT ( ) SI_UNIT ( $, .RADIAN. ) );
#3658 = MECHANICAL_DESIGN_GEOMETRIC_PRESENTATION_REPRESENTATION (  '', ( #909 ), #2462 ) ;
#3659 = ORIENTED_EDGE ( 'NONE', *, *, #2793, .T. ) ;
#3660 = CARTESIAN_POINT ( 'NONE',  ( 0.000000000000000000, 0.000000000000000000, 30.60000000000000853 ) ) ;
#3661 = EDGE_CURVE ( 'NONE', #1007, #3820, #3, .T. ) ;
#3662 = DIRECTION ( 'NONE',  ( -0.000000000000000000, -0.000000000000000000, 1.000000000000000000 ) ) ;
#3663 = CARTESIAN_POINT ( 'NONE',  ( -23.90000000000000924, 6.500000000000005329, 18.70000000000000995 ) ) ;
#3664 = ORIENTED_EDGE ( 'NONE', *, *, #2735, .F. ) ;
#3665 = EDGE_CURVE ( 'NONE', #3083, #523, #1304, .T. ) ;
#3666 = DIRECTION ( 'NONE',  ( 0.000000000000000000, 0.000000000000000000, -1.000000000000000000 ) ) ;
#3667 = DIRECTION ( 'NONE',  ( 1.081779818849036513E-16, 1.000000000000000000, 0.000000000000000000 ) ) ;
#3668 = DIRECTION ( 'NONE',  ( -1.000000000000000000, 0.000000000000000000, 0.000000000000000000 ) ) ;
#3669 = DIRECTION ( 'NONE',  ( 0.000000000000000000, 0.000000000000000000, -1.000000000000000000 ) ) ;
#3670 = UNCERTAINTY_MEASURE_WITH_UNIT (LENGTH_MEASURE( 1.000000000000000082E-05 ), #2237, 'distance_accuracy_value', 'NONE');
#3671 = PLANE ( 'NONE',  #3779 ) ;
#3672 = ORIENTED_EDGE ( 'NONE', *, *, #2075, .T. ) ;
#3673 = VERTEX_POINT ( 'NONE', #2914 ) ;
#3674 = CARTESIAN_POINT ( 'NONE',  ( 34.14999999999990621, -234.5000000000000000, 32.05000000000003979 ) ) ;
#3675 = ORIENTED_EDGE ( 'NONE', *, *, #1646, .T. ) ;
#3676 = UNCERTAINTY_MEASURE_WITH_UNIT (LENGTH_MEASURE( 1.000000000000000082E-05 ), #503, 'distance_accuracy_value', 'NONE');
#3677 = ORIENTED_EDGE ( 'NONE', *, *, #890, .T. ) ;
#3678 = FACE_OUTER_BOUND ( 'NONE', #2071, .T. ) ;
#3679 = SURFACE_SIDE_STYLE ('',( #3279 ) ) ;
#3680 = EDGE_CURVE ( 'NONE', #4106, #4056, #65, .T. ) ;
#3681 = EDGE_LOOP ( 'NONE', ( #325 ) ) ;
#3682 = LINE ( 'NONE', #3060, #1249 ) ;
#3683 = LINE ( 'NONE', #4009, #2974 ) ;
#3684 = EDGE_LOOP ( 'NONE', ( #1389, #275, #988, #1277 ) ) ;
#3685 = ORIENTED_EDGE ( 'NONE', *, *, #1589, .F. ) ;
#3686 =( GEOMETRIC_REPRESENTATION_CONTEXT ( 3 ) GLOBAL_UNCERTAINTY_ASSIGNED_CONTEXT ( ( #3398 ) ) GLOBAL_UNIT_ASSIGNED_CONTEXT ( ( #1987, #85, #2936 ) ) REPRESENTATION_CONTEXT ( 'NONE', 'WORKASPACE' ) );
#3687 = EDGE_CURVE ( 'NONE', #2058, #1746, #1328, .T. ) ;
#3688 = CARTESIAN_POINT ( 'NONE',  ( 21.64999999999989910, -253.5000000000000000, 13.79999999999999893 ) ) ;
#3689 = STYLED_ITEM ( 'NONE', ( #653 ), #719 ) ;
#3690 = VECTOR ( 'NONE', #329, 1000.000000000000000 ) ;
#3691 =( NAMED_UNIT ( * ) SI_UNIT ( $, .STERADIAN. ) SOLID_ANGLE_UNIT ( ) );
#3692 = CARTESIAN_POINT ( 'NONE',  ( -5.849999999999926814, -207.2850339366208914, 34.60000000000000853 ) ) ;
#3693 =( GEOMETRIC_REPRESENTATION_CONTEXT ( 3 ) GLOBAL_UNCERTAINTY_ASSIGNED_CONTEXT ( ( #3858 ) ) GLOBAL_UNIT_ASSIGNED_CONTEXT ( ( #1333, #698, #1034 ) ) REPRESENTATION_CONTEXT ( 'NONE', 'WORKASPACE' ) );
#3694 = ORIENTED_EDGE ( 'NONE', *, *, #4085, .F. ) ;
#3695 = CARTESIAN_POINT ( 'NONE',  ( -23.90000000000000924, -224.7149660633791086, -1.399999999999989253 ) ) ;
#3696 = MECHANICAL_DESIGN_GEOMETRIC_PRESENTATION_REPRESENTATION (  '', ( #1024 ), #3495 ) ;
#3697 = ORIENTED_EDGE ( 'NONE', *, *, #1934, .T. ) ;
#3698 = ORIENTED_EDGE ( 'NONE', *, *, #713, .F. ) ;
#3699 = LINE ( 'NONE', #2122, #369 ) ;
#3700 = ORIENTED_EDGE ( 'NONE', *, *, #1432, .F. ) ;
#3701 = SURFACE_STYLE_USAGE ( .BOTH. , #457 ) ;
#3702 = AXIS2_PLACEMENT_3D ( 'NONE', #2835, #1248, #1319 ) ;
#3703 = UNCERTAINTY_MEASURE_WITH_UNIT (LENGTH_MEASURE( 1.000000000000000082E-05 ), #2496, 'distance_accuracy_value', 'NONE');
#3704 = ORIENTED_EDGE ( 'NONE', *, *, #3863, .T. ) ;
#3705 = DIRECTION ( 'NONE',  ( 0.000000000000000000, 0.000000000000000000, -1.000000000000000000 ) ) ;
#3706 = EDGE_CURVE ( 'NONE', #3494, #1159, #2515, .T. ) ;
#3707 = VERTEX_POINT ( 'NONE', #167 ) ;
#3708 = COLOUR_RGB ( '',0.5999999999999999778, 0.1607843137254901800, 0.7529411764705882248 ) ;
#3709 = CARTESIAN_POINT ( 'NONE',  ( 21.64999999999989910, 49.50000000000004263, 8.049999999999998934 ) ) ;
#3710 = STYLED_ITEM ( 'NONE', ( #1334 ), #2386 ) ;
#3711 = FILL_AREA_STYLE_COLOUR ( '', #2888 ) ;
#3712 = FILL_AREA_STYLE_COLOUR ( '', #3251 ) ;
#3713 = LINE ( 'NONE', #548, #1504 ) ;
#3714 = STYLED_ITEM ( 'NONE', ( #143 ), #3347 ) ;
#3715 = MECHANICAL_DESIGN_GEOMETRIC_PRESENTATION_REPRESENTATION (  '', ( #3442 ), #3914 ) ;
#3716 = DIRECTION ( 'NONE',  ( 1.000000000000000000, 0.000000000000000000, 1.387778780781445182E-16 ) ) ;
#3717 = UNCERTAINTY_MEASURE_WITH_UNIT (LENGTH_MEASURE( 1.000000000000000082E-05 ), #377, 'distance_accuracy_value', 'NONE');
#3718 = CIRCLE ( 'NONE', #1719, 3.374999999999999556 ) ;
#3719 = ORIENTED_EDGE ( 'NONE', *, *, #2867, .F. ) ;
#3720 = CARTESIAN_POINT ( 'NONE',  ( -13.84999999999999076, -57.28503393662091980, -1.399999999999991473 ) ) ;
#3721 =( LENGTH_UNIT ( ) NAMED_UNIT ( * ) SI_UNIT ( .MILLI., .METRE. ) );
#3722 = VERTEX_POINT ( 'NONE', #3986 ) ;
#3723 = CARTESIAN_POINT ( 'NONE',  ( 1.200000000000000400, -229.7149660633791086, -1.200962406445481759E-16 ) ) ;
#3724 = VERTEX_POINT ( 'NONE', #1345 ) ;
#3725 = FACE_BOUND ( 'NONE', #2709, .T. ) ;
#3726 = SURFACE_SIDE_STYLE ('',( #4073 ) ) ;
#3727 = FILL_AREA_STYLE_COLOUR ( '', #1687 ) ;
#3728 = DIRECTION ( 'NONE',  ( 1.186688945009009831E-16, 0.000000000000000000, -1.000000000000000000 ) ) ;
#3729 = LINE ( 'NONE', #1160, #3587 ) ;
#3730 = UNCERTAINTY_MEASURE_WITH_UNIT (LENGTH_MEASURE( 1.000000000000000082E-05 ), #1534, 'distance_accuracy_value', 'NONE');
#3731 = EDGE_CURVE ( 'NONE', #1467, #172, #2976, .T. ) ;
#3732 = FILL_AREA_STYLE_COLOUR ( '', #4047 ) ;
#3733 = DIRECTION ( 'NONE',  ( 0.000000000000000000, 0.000000000000000000, 1.000000000000000000 ) ) ;
#3734 = PLANE ( 'NONE',  #4083 ) ;
#3735 = EDGE_CURVE ( 'NONE', #522, #1677, #3018, .T. ) ;
#3736 = CARTESIAN_POINT ( 'NONE',  ( -71.84999999999989484, -249.7149660633790802, 8.050000000000000711 ) ) ;
#3737 = CARTESIAN_POINT ( 'NONE',  ( 10.14999999999999325, -263.5000000000000568, -24.20000000000001350 ) ) ;
#3738 = FACE_OUTER_BOUND ( 'NONE', #3523, .T. ) ;
#3739 = ORIENTED_EDGE ( 'NONE', *, *, #3797, .T. ) ;
#3740 = CARTESIAN_POINT ( 'NONE',  ( -28.90000000000000213, -67.28503393662093401, 11.83224701954444491 ) ) ;
#3741 = CARTESIAN_POINT ( 'NONE',  ( -61.84999999999989484, 49.50000000000004263, 8.050000000000000711 ) ) ;
#3742 = VERTEX_POINT ( 'NONE', #2376 ) ;
#3743 = FACE_OUTER_BOUND ( 'NONE', #3076, .T. ) ;
#3744 = SURFACE_STYLE_USAGE ( .BOTH. , #2790 ) ;
#3745 = CARTESIAN_POINT ( 'NONE',  ( 21.64999999999989910, -57.28503393662091980, 13.79999999999999893 ) ) ;
#3746 = VECTOR ( 'NONE', #1282, 1000.000000000000000 ) ;
#3747 = ORIENTED_EDGE ( 'NONE', *, *, #3499, .F. ) ;
#3748 = VERTEX_POINT ( 'NONE', #127 ) ;
#3749 = DIRECTION ( 'NONE',  ( 1.000000000000000000, 0.000000000000000000, 0.000000000000000000 ) ) ;
#3750 = EDGE_LOOP ( 'NONE', ( #1498, #2736, #1763, #3963 ) ) ;
#3751 = CIRCLE ( 'NONE', #470, 3.374999999999999556 ) ;
#3752 = ADVANCED_FACE ( 'NONE', ( #2016 ), #3671, .T. ) ;
#3753 = VECTOR ( 'NONE', #1367, 1000.000000000000000 ) ;
#3754 =( LENGTH_UNIT ( ) NAMED_UNIT ( * ) SI_UNIT ( .MILLI., .METRE. ) );
#3755 = FACE_BOUND ( 'NONE', #2004, .T. ) ;
#3756 = VECTOR ( 'NONE', #677, 1000.000000000000000 ) ;
#3757 = DIRECTION ( 'NONE',  ( -1.000000000000000000, 0.000000000000000000, 0.000000000000000000 ) ) ;
#3758 = ADVANCED_FACE ( 'NONE', ( #3288, #2069 ), #2952, .F. ) ;
#3759 = PRESENTATION_LAYER_ASSIGNMENT (  '', '', ( #1497 ) ) ;
#3760 = LINE ( 'NONE', #3407, #1635 ) ;
#3761 = PLANE ( 'NONE',  #2877 ) ;
#3762 = FILL_AREA_STYLE_COLOUR ( '', #2381 ) ;
#3763 =( GEOMETRIC_REPRESENTATION_CONTEXT ( 3 ) GLOBAL_UNCERTAINTY_ASSIGNED_CONTEXT ( ( #3002 ) ) GLOBAL_UNIT_ASSIGNED_CONTEXT ( ( #2154, #2814, #4019 ) ) REPRESENTATION_CONTEXT ( 'NONE', 'WORKASPACE' ) );
#3764 = DIRECTION ( 'NONE',  ( -0.000000000000000000, -1.000000000000000000, -0.000000000000000000 ) ) ;
#3765 = LINE ( 'NONE', #2807, #1614 ) ;
#3766 = EDGE_LOOP ( 'NONE', ( #3269, #1259, #1658, #3412 ) ) ;
#3767 = ORIENTED_EDGE ( 'NONE', *, *, #1740, .T. ) ;
#3768 =( LENGTH_UNIT ( ) NAMED_UNIT ( * ) SI_UNIT ( .MILLI., .METRE. ) );
#3769 = MECHANICAL_DESIGN_GEOMETRIC_PRESENTATION_REPRESENTATION (  '', ( #3575 ), #494 ) ;
#3770 = CARTESIAN_POINT ( 'NONE',  ( -49.34999999999989484, 49.50000000000004263, 13.80000000000000249 ) ) ;
#3771 = MECHANICAL_DESIGN_GEOMETRIC_PRESENTATION_REPRESENTATION (  '', ( #3908 ), #1636 ) ;
#3772 = STYLED_ITEM ( 'NONE', ( #264 ), #2342 ) ;
#3773 =( NAMED_UNIT ( * ) PLANE_ANGLE_UNIT ( ) SI_UNIT ( $, .RADIAN. ) );
#3774 =( NAMED_UNIT ( * ) SI_UNIT ( $, .STERADIAN. ) SOLID_ANGLE_UNIT ( ) );
#3775 =( LENGTH_UNIT ( ) NAMED_UNIT ( * ) SI_UNIT ( .MILLI., .METRE. ) );
#3776 =( GEOMETRIC_REPRESENTATION_CONTEXT ( 3 ) GLOBAL_UNCERTAINTY_ASSIGNED_CONTEXT ( ( #3339 ) ) GLOBAL_UNIT_ASSIGNED_CONTEXT ( ( #977, #55, #824 ) ) REPRESENTATION_CONTEXT ( 'NONE', 'WORKASPACE' ) );
#3777 = CARTESIAN_POINT ( 'NONE',  ( 44.14999999999990621, 0.000000000000000000, 36.79999999999996874 ) ) ;
#3778 = EDGE_CURVE ( 'NONE', #606, #1888, #1425, .T. ) ;
#3779 = AXIS2_PLACEMENT_3D ( 'NONE', #1050, #3588, #101 ) ;
#3780 = VERTEX_POINT ( 'NONE', #83 ) ;
#3781 = CARTESIAN_POINT ( 'NONE',  ( -23.90000000000000213, -38.50000000000000000, -7.299999999999998934 ) ) ;
#3782 = APPLICATION_CONTEXT ( 'automotive_design' ) ;
#3783 = DIRECTION ( 'NONE',  ( -1.726093010922196207E-16, 0.000000000000000000, -1.000000000000000000 ) ) ;
#3784 = CARTESIAN_POINT ( 'NONE',  ( 34.14999999999990621, -205.5000000000000284, 32.05000000000004690 ) ) ;
#3785 = ADVANCED_FACE ( 'NONE', ( #2609, #3895 ), #2338, .F. ) ;
#3786 = ORIENTED_EDGE ( 'NONE', *, *, #3612, .F. ) ;
#3787 = SURFACE_STYLE_USAGE ( .BOTH. , #1552 ) ;
#3788 = DIRECTION ( 'NONE',  ( 0.000000000000000000, 0.000000000000000000, -1.000000000000000000 ) ) ;
#3789 =( NAMED_UNIT ( * ) SI_UNIT ( $, .STERADIAN. ) SOLID_ANGLE_UNIT ( ) );
#3790 = ORIENTED_EDGE ( 'NONE', *, *, #2501, .T. ) ;
#3791 = CARTESIAN_POINT ( 'NONE',  ( -71.84999999999989484, -57.28503393662091980, 0.000000000000000000 ) ) ;
#3792 = PRESENTATION_STYLE_ASSIGNMENT (( #1867 ) ) ;
#3793 = PRODUCT_CONTEXT ( 'NONE', #195, 'mechanical' ) ;
#3794 = ORIENTED_EDGE ( 'NONE', *, *, #2466, .T. ) ;
#3795 = UNCERTAINTY_MEASURE_WITH_UNIT (LENGTH_MEASURE( 1.000000000000000082E-05 ), #3261, 'distance_accuracy_value', 'NONE');
#3796 = DIRECTION ( 'NONE',  ( 0.000000000000000000, 1.000000000000000000, -0.000000000000000000 ) ) ;
#3797 = EDGE_CURVE ( 'NONE', #3114, #2216, #1155, .T. ) ;
#3798 = CARTESIAN_POINT ( 'NONE',  ( -37.84999999999999432, -38.50000000000000000, -7.299999999999998934 ) ) ;
#3799 = FACE_OUTER_BOUND ( 'NONE', #1455, .T. ) ;
#3800 = LINE ( 'NONE', #916, #24 ) ;
#3801 = ORIENTED_EDGE ( 'NONE', *, *, #148, .T. ) ;
#3802 = VERTEX_POINT ( 'NONE', #208 ) ;
#3803 = ORIENTED_EDGE ( 'NONE', *, *, #3687, .T. ) ;
#3804 = ORIENTED_EDGE ( 'NONE', *, *, #1589, .T. ) ;
#3805 = CARTESIAN_POINT ( 'NONE',  ( 21.64999999999989910, 49.50000000000004263, 13.79999999999999893 ) ) ;
#3806 = DIRECTION ( 'NONE',  ( -0.000000000000000000, -0.000000000000000000, -1.000000000000000000 ) ) ;
#3807 = CARTESIAN_POINT ( 'NONE',  ( -28.90000000000000213, -224.7149660633791086, -2.299999999999994937 ) ) ;
#3808 =( NAMED_UNIT ( * ) SI_UNIT ( $, .STERADIAN. ) SOLID_ANGLE_UNIT ( ) );
#3809 = VECTOR ( 'NONE', #1308, 1000.000000000000000 ) ;
#3810 = DIRECTION ( 'NONE',  ( -0.000000000000000000, 0.7071067811865452413, 0.7071067811865497932 ) ) ;
#3811 = STYLED_ITEM ( 'NONE', ( #3884 ), #736 ) ;
#3812 = DIRECTION ( 'NONE',  ( 0.000000000000000000, 0.000000000000000000, -1.000000000000000000 ) ) ;
#3813 = ORIENTED_EDGE ( 'NONE', *, *, #216, .F. ) ;
#3814 = DIRECTION ( 'NONE',  ( 0.000000000000000000, -0.000000000000000000, 1.000000000000000000 ) ) ;
#3815 = PRESENTATION_STYLE_ASSIGNMENT (( #2858 ) ) ;
#3816 = MECHANICAL_DESIGN_GEOMETRIC_PRESENTATION_REPRESENTATION (  '', ( #2750 ), #2427 ) ;
#3817 = DIRECTION ( 'NONE',  ( 0.000000000000000000, 0.000000000000000000, 1.000000000000000000 ) ) ;
#3818 = COLOUR_RGB ( '',0.5999999999999999778, 0.1607843137254901800, 0.7529411764705882248 ) ;
#3819 = DIRECTION ( 'NONE',  ( 0.000000000000000000, 0.000000000000000000, -1.000000000000000000 ) ) ;
#3820 = VERTEX_POINT ( 'NONE', #1809 ) ;
#3821 =( GEOMETRIC_REPRESENTATION_CONTEXT ( 3 ) GLOBAL_UNCERTAINTY_ASSIGNED_CONTEXT ( ( #1454 ) ) GLOBAL_UNIT_ASSIGNED_CONTEXT ( ( #3768, #1521, #1186 ) ) REPRESENTATION_CONTEXT ( 'NONE', 'WORKASPACE' ) );
#3822 = EDGE_LOOP ( 'NONE', ( #2191, #124, #2331, #43 ) ) ;
#3823 = CARTESIAN_POINT ( 'NONE',  ( -37.85000000000000142, -43.50000000000000000, -24.20000000000001350 ) ) ;
#3824 = STYLED_ITEM ( 'NONE', ( #3399 ), #1145 ) ;
#3825 = CARTESIAN_POINT ( 'NONE',  ( -3.800000000000001155, -224.7149660633791086, -7.300000000000000711 ) ) ;
#3826 = FILL_AREA_STYLE_COLOUR ( '', #281 ) ;
#3827 = EDGE_LOOP ( 'NONE', ( #3028 ) ) ;
#3828 =( NAMED_UNIT ( * ) PLANE_ANGLE_UNIT ( ) SI_UNIT ( $, .RADIAN. ) );
#3829 = MECHANICAL_DESIGN_GEOMETRIC_PRESENTATION_REPRESENTATION (  '', ( #3299 ), #2555 ) ;
#3830 = VERTEX_POINT ( 'NONE', #2164 ) ;
#3831 = DIRECTION ( 'NONE',  ( -1.000000000000000000, 0.000000000000000000, 0.000000000000000000 ) ) ;
#3832 = PRESENTATION_STYLE_ASSIGNMENT (( #386 ) ) ;
#3833 = COLOUR_RGB ( '',0.5999999999999999778, 0.1607843137254901800, 0.7529411764705882248 ) ;
#3834 = PLANE ( 'NONE',  #1965 ) ;
#3835 = MECHANICAL_DESIGN_GEOMETRIC_PRESENTATION_REPRESENTATION (  '', ( #1503 ), #2697 ) ;
#3836 = STYLED_ITEM ( 'NONE', ( #1626 ), #1938 ) ;
#3837 = ORIENTED_EDGE ( 'NONE', *, *, #685, .T. ) ;
#3838 = SURFACE_SIDE_STYLE ('',( #2499 ) ) ;
#3839 = ADVANCED_FACE ( 'NONE', ( #2723, #3743 ), #3133, .F. ) ;
#3840 = FILL_AREA_STYLE_COLOUR ( '', #2898 ) ;
#3841 = PRESENTATION_LAYER_ASSIGNMENT (  '', '', ( #1985 ) ) ;
#3842 = FILL_AREA_STYLE_COLOUR ( '', #1112 ) ;
#3843 = AXIS2_PLACEMENT_3D ( 'NONE', #3284, #1363, #2335 ) ;
#3844 = ORIENTED_EDGE ( 'NONE', *, *, #1536, .T. ) ;
#3845 = CARTESIAN_POINT ( 'NONE',  ( -49.14999999999992752, -117.2850339366209340, 30.60000000000000853 ) ) ;
#3846 = ORIENTED_EDGE ( 'NONE', *, *, #582, .T. ) ;
#3847 = DIRECTION ( 'NONE',  ( 0.000000000000000000, -1.000000000000000000, -0.000000000000000000 ) ) ;
#3848 = FILL_AREA_STYLE_COLOUR ( '', #1049 ) ;
#3849 = SURFACE_STYLE_USAGE ( .BOTH. , #2848 ) ;
#3850 = AXIS2_PLACEMENT_3D ( 'NONE', #1404, #1117, #1745 ) ;
#3851 = PRESENTATION_STYLE_ASSIGNMENT (( #1298 ) ) ;
#3852 = CARTESIAN_POINT ( 'NONE',  ( -51.84999999999993037, -123.2850339366209198, 30.60000000000000853 ) ) ;
#3853 = EDGE_LOOP ( 'NONE', ( #2639 ) ) ;
#3854 = FACE_OUTER_BOUND ( 'NONE', #3681, .T. ) ;
#3855 = ORIENTED_EDGE ( 'NONE', *, *, #1518, .T. ) ;
#3856 =( LENGTH_UNIT ( ) NAMED_UNIT ( * ) SI_UNIT ( .MILLI., .METRE. ) );
#3857 = LINE ( 'NONE', #992, #3088 ) ;
#3858 = UNCERTAINTY_MEASURE_WITH_UNIT (LENGTH_MEASURE( 1.000000000000000082E-05 ), #1333, 'distance_accuracy_value', 'NONE');
#3859 = EDGE_CURVE ( 'NONE', #1981, #3555, #1492, .T. ) ;
#3860 = DIRECTION ( 'NONE',  ( 0.000000000000000000, 0.000000000000000000, -1.000000000000000000 ) ) ;
#3861 = DIRECTION ( 'NONE',  ( 0.000000000000000000, -1.000000000000000000, -2.392722035830078972E-16 ) ) ;
#3862 = FACE_OUTER_BOUND ( 'NONE', #3289, .T. ) ;
#3863 = EDGE_CURVE ( 'NONE', #1640, #342, #1176, .T. ) ;
#3864 =( LENGTH_UNIT ( ) NAMED_UNIT ( * ) SI_UNIT ( .MILLI., .METRE. ) );
#3865 = ORIENTED_EDGE ( 'NONE', *, *, #1017, .F. ) ;
#3866 = CARTESIAN_POINT ( 'NONE',  ( 0.000000000000000000, -111.2850339366209198, 34.70000000000000995 ) ) ;
#3867 = ORIENTED_EDGE ( 'NONE', *, *, #428, .T. ) ;
#3868 = ORIENTED_EDGE ( 'NONE', *, *, #258, .T. ) ;
#3869 = PRESENTATION_STYLE_ASSIGNMENT (( #452 ) ) ;
#3870 = DIRECTION ( 'NONE',  ( -0.7071067811865453523, -0.000000000000000000, -0.7071067811865497932 ) ) ;
#3871 = CARTESIAN_POINT ( 'NONE',  ( -68.84999999999990905, -57.28503393662091980, -7.299999999999998934 ) ) ;
#3872 = FILL_AREA_STYLE ('',( #937 ) ) ;
#3873 = CARTESIAN_POINT ( 'NONE',  ( 21.64999999999989910, 49.50000000000004263, 13.79999999999999893 ) ) ;
#3874 = CARTESIAN_POINT ( 'NONE',  ( -28.90000000000000568, -77.28503393662091980, -3.856423727363825427E-15 ) ) ;
#3875 = EDGE_LOOP ( 'NONE', ( #3844 ) ) ;
#3876 = DIRECTION ( 'NONE',  ( 0.000000000000000000, 0.000000000000000000, -1.000000000000000000 ) ) ;
#3877 = FACE_OUTER_BOUND ( 'NONE', #1237, .T. ) ;
#3878 = VECTOR ( 'NONE', #3296, 1000.000000000000000 ) ;
#3879 = DIRECTION ( 'NONE',  ( 0.000000000000000000, -1.000000000000000000, 0.000000000000000000 ) ) ;
#3880 = EDGE_CURVE ( 'NONE', #1746, #1672, #1826, .T. ) ;
#3881 = CARTESIAN_POINT ( 'NONE',  ( -61.84999999999989484, 49.50000000000004263, 13.80000000000000071 ) ) ;
#3882 = STYLED_ITEM ( 'NONE', ( #1818 ), #119 ) ;
#3883 = CARTESIAN_POINT ( 'NONE',  ( 21.64999999999989910, 49.50000000000004263, 13.79999999999999893 ) ) ;
#3884 = PRESENTATION_STYLE_ASSIGNMENT (( #3377 ) ) ;
#3885 = DIRECTION ( 'NONE',  ( 0.000000000000000000, 0.7071067811865467956, -0.7071067811865483499 ) ) ;
#3886 = COLOUR_RGB ( '',0.5999999999999999778, 0.1607843137254901800, 0.7529411764705882248 ) ;
#3887 = ADVANCED_FACE ( 'NONE', ( #236, #4059 ), #255, .F. ) ;
#3888 = AXIS2_PLACEMENT_3D ( 'NONE', #174, #2089, #1411 ) ;
#3889 = ORIENTED_EDGE ( 'NONE', *, *, #2158, .T. ) ;
#3890 = DIRECTION ( 'NONE',  ( 1.442373091798715269E-16, 1.000000000000000000, 0.000000000000000000 ) ) ;
#3891 = FACE_OUTER_BOUND ( 'NONE', #2414, .T. ) ;
#3892 = DIRECTION ( 'NONE',  ( -0.000000000000000000, -1.000000000000000000, -0.000000000000000000 ) ) ;
#3893 = SURFACE_SIDE_STYLE ('',( #2606 ) ) ;
#3894 = EDGE_LOOP ( 'NONE', ( #780, #1695, #3867, #3065 ) ) ;
#3895 = FACE_OUTER_BOUND ( 'NONE', #3455, .T. ) ;
#3896 = AXIS2_PLACEMENT_3D ( 'NONE', #3526, #1305, #657 ) ;
#3897 = CARTESIAN_POINT ( 'NONE',  ( 20.10000000000001918, -239.7149660633791086, 8.650000000000002132 ) ) ;
#3898 = SURFACE_STYLE_FILL_AREA ( #4 ) ;
#3899 = VERTEX_POINT ( 'NONE', #2588 ) ;
#3900 = PLANE ( 'NONE',  #3888 ) ;
#3901 = CARTESIAN_POINT ( 'NONE',  ( 44.14999999999990621, -205.5000000000000284, 32.05000000000004690 ) ) ;
#3902 =( GEOMETRIC_REPRESENTATION_CONTEXT ( 3 ) GLOBAL_UNCERTAINTY_ASSIGNED_CONTEXT ( ( #181 ) ) GLOBAL_UNIT_ASSIGNED_CONTEXT ( ( #1064, #1340, #453 ) ) REPRESENTATION_CONTEXT ( 'NONE', 'WORKASPACE' ) );
#3903 = DIRECTION ( 'NONE',  ( -0.000000000000000000, -0.000000000000000000, -1.000000000000000000 ) ) ;
#3904 = CIRCLE ( 'NONE', #1241, 3.299999999999997158 ) ;
#3905 = CARTESIAN_POINT ( 'NONE',  ( 44.14999999999990621, -53.50000000000000000, 8.049999999999998934 ) ) ;
#3906 = VERTEX_POINT ( 'NONE', #2866 ) ;
#3907 = COLOUR_RGB ( '',0.5999999999999999778, 0.1607843137254901800, 0.7529411764705882248 ) ;
#3908 = STYLED_ITEM ( 'NONE', ( #1541 ), #2135 ) ;
#3909 = MECHANICAL_DESIGN_GEOMETRIC_PRESENTATION_REPRESENTATION (  '', ( #565 ), #3185 ) ;
#3910 = AXIS2_PLACEMENT_3D ( 'NONE', #1694, #2904, #2651 ) ;
#3911 = EDGE_CURVE ( 'NONE', #3330, #2058, #2525, .T. ) ;
#3912 = AXIS2_PLACEMENT_3D ( 'NONE', #2007, #758, #72 ) ;
#3913 = DIRECTION ( 'NONE',  ( -0.000000000000000000, -1.000000000000000000, -0.000000000000000000 ) ) ;
#3914 =( GEOMETRIC_REPRESENTATION_CONTEXT ( 3 ) GLOBAL_UNCERTAINTY_ASSIGNED_CONTEXT ( ( #1154 ) ) GLOBAL_UNIT_ASSIGNED_CONTEXT ( ( #1836, #1522, #3153 ) ) REPRESENTATION_CONTEXT ( 'NONE', 'WORKASPACE' ) );
#3915 = EDGE_LOOP ( 'NONE', ( #714, #316, #761, #2505 ) ) ;
#3916 = EDGE_CURVE ( 'NONE', #654, #3516, #1916, .T. ) ;
#3917 = CIRCLE ( 'NONE', #3125, 3.182247019544436561 ) ;
#3918 = ORIENTED_EDGE ( 'NONE', *, *, #2501, .F. ) ;
#3919 = LINE ( 'NONE', #2340, #1158 ) ;
#3920 = CARTESIAN_POINT ( 'NONE',  ( 1.199999999999998845, -57.28503393662091980, 1.601283208593974035E-16 ) ) ;
#3921 =( LENGTH_UNIT ( ) NAMED_UNIT ( * ) SI_UNIT ( .MILLI., .METRE. ) );
#3922 = SURFACE_STYLE_USAGE ( .BOTH. , #1751 ) ;
#3923 =( GEOMETRIC_REPRESENTATION_CONTEXT ( 3 ) GLOBAL_UNCERTAINTY_ASSIGNED_CONTEXT ( ( #2217 ) ) GLOBAL_UNIT_ASSIGNED_CONTEXT ( ( #1250, #2537, #619 ) ) REPRESENTATION_CONTEXT ( 'NONE', 'WORKASPACE' ) );
#3924 = CARTESIAN_POINT ( 'NONE',  ( -13.85000000000000675, -249.7149660633790802, 18.70000000000000995 ) ) ;
#3925 = CARTESIAN_POINT ( 'NONE',  ( 0.000000000000000000, -249.7149660633790802, 34.70000000000000995 ) ) ;
#3926 = FACE_BOUND ( 'NONE', #2448, .T. ) ;
#3927 = LINE ( 'NONE', #1669, #507 ) ;
#3928 = EDGE_LOOP ( 'NONE', ( #3865 ) ) ;
#3929 = DIRECTION ( 'NONE',  ( 1.000000000000000000, 0.000000000000000000, -0.000000000000000000 ) ) ;
#3930 = SURFACE_STYLE_USAGE ( .BOTH. , #118 ) ;
#3931 = LINE ( 'NONE', #726, #4032 ) ;
#3932 = EDGE_CURVE ( 'NONE', #3748, #2557, #2201, .T. ) ;
#3933 = ORIENTED_EDGE ( 'NONE', *, *, #2681, .T. ) ;
#3934 = VERTEX_POINT ( 'NONE', #2220 ) ;
#3935 = DIRECTION ( 'NONE',  ( 1.000000000000000000, 0.000000000000000000, 0.000000000000000000 ) ) ;
#3936 = ORIENTED_EDGE ( 'NONE', *, *, #2967, .F. ) ;
#3937 = SURFACE_SIDE_STYLE ('',( #1499 ) ) ;
#3938 = CARTESIAN_POINT ( 'NONE',  ( 21.64999999999989910, -253.5000000000000000, 13.79999999999999893 ) ) ;
#3939 = FACE_OUTER_BOUND ( 'NONE', #2477, .T. ) ;
#3940 = ORIENTED_EDGE ( 'NONE', *, *, #817, .F. ) ;
#3941 = DIRECTION ( 'NONE',  ( -0.000000000000000000, 1.000000000000000000, 0.000000000000000000 ) ) ;
#3942 = VECTOR ( 'NONE', #2366, 1000.000000000000000 ) ;
#3943 =( NAMED_UNIT ( * ) SI_UNIT ( $, .STERADIAN. ) SOLID_ANGLE_UNIT ( ) );
#3944 =( GEOMETRIC_REPRESENTATION_CONTEXT ( 3 ) GLOBAL_UNCERTAINTY_ASSIGNED_CONTEXT ( ( #1473 ) ) GLOBAL_UNIT_ASSIGNED_CONTEXT ( ( #1595, #1003, #17 ) ) REPRESENTATION_CONTEXT ( 'NONE', 'WORKASPACE' ) );
#3945 = PRESENTATION_STYLE_ASSIGNMENT (( #2946 ) ) ;
#3946 = SURFACE_STYLE_USAGE ( .BOTH. , #2671 ) ;
#3947 = DIRECTION ( 'NONE',  ( 0.000000000000000000, 0.000000000000000000, -1.000000000000000000 ) ) ;
#3948 = UNCERTAINTY_MEASURE_WITH_UNIT (LENGTH_MEASURE( 1.000000000000000082E-05 ), #607, 'distance_accuracy_value', 'NONE');
#3949 = ORIENTED_EDGE ( 'NONE', *, *, #1853, .T. ) ;
#3950 = STYLED_ITEM ( 'NONE', ( #3417 ), #973 ) ;
#3951 = ORIENTED_EDGE ( 'NONE', *, *, #2436, .F. ) ;
#3952 = VECTOR ( 'NONE', #3213, 1000.000000000000000 ) ;
#3953 = FILL_AREA_STYLE_COLOUR ( '', #94 ) ;
#3954 = SURFACE_STYLE_FILL_AREA ( #2958 ) ;
#3955 = EDGE_CURVE ( 'NONE', #1888, #2826, #1593, .T. ) ;
#3956 = EDGE_CURVE ( 'NONE', #3802, #777, #651, .T. ) ;
#3957 = CARTESIAN_POINT ( 'NONE',  ( -39.84999999999993037, -123.2850339366209198, 30.60000000000000853 ) ) ;
#3958 = DIRECTION ( 'NONE',  ( 0.000000000000000000, 0.000000000000000000, 1.000000000000000000 ) ) ;
#3959 = VECTOR ( 'NONE', #1217, 1000.000000000000000 ) ;
#3960 = COLOUR_RGB ( '',0.5999999999999999778, 0.1607843137254901800, 0.7529411764705882248 ) ;
#3961 = ADVANCED_FACE ( 'NONE', ( #3492 ), #2567, .F. ) ;
#3962 = UNCERTAINTY_MEASURE_WITH_UNIT (LENGTH_MEASURE( 1.000000000000000082E-05 ), #2031, 'distance_accuracy_value', 'NONE');
#3963 = ORIENTED_EDGE ( 'NONE', *, *, #1180, .F. ) ;
#3964 = PRESENTATION_LAYER_ASSIGNMENT (  '', '', ( #3575 ) ) ;
#3965 = SURFACE_STYLE_USAGE ( .BOTH. , #3423 ) ;
#3966 = AXIS2_PLACEMENT_3D ( 'NONE', #2287, #1402, #2673 ) ;
#3967 = SURFACE_STYLE_USAGE ( .BOTH. , #121 ) ;
#3968 = CARTESIAN_POINT ( 'NONE',  ( 0.000000000000000000, -249.7149660633790802, 34.70000000000000995 ) ) ;
#3969 = AXIS2_PLACEMENT_3D ( 'NONE', #1143, #2426, #1463 ) ;
#3970 = DIRECTION ( 'NONE',  ( -0.000000000000000000, -1.000000000000000000, -0.000000000000000000 ) ) ;
#3971 = CARTESIAN_POINT ( 'NONE',  ( -68.84999999999990905, -57.28503393662091980, -7.300000000000000711 ) ) ;
#3972 = ORIENTED_EDGE ( 'NONE', *, *, #1610, .T. ) ;
#3973 = STYLED_ITEM ( 'NONE', ( #2050 ), #2482 ) ;
#3974 = ORIENTED_EDGE ( 'NONE', *, *, #1401, .T. ) ;
#3975 = ORIENTED_EDGE ( 'NONE', *, *, #1749, .F. ) ;
#3976 = VECTOR ( 'NONE', #3616, 1000.000000000000000 ) ;
#3977 = FILL_AREA_STYLE ('',( #3292 ) ) ;
#3978 = CYLINDRICAL_SURFACE ( 'NONE', #3285, 3.299999999999998934 ) ;
#3979 = FACE_BOUND ( 'NONE', #4063, .T. ) ;
#3980 = AXIS2_PLACEMENT_3D ( 'NONE', #562, #2788, #2741 ) ;
#3981 = EDGE_CURVE ( 'NONE', #1791, #1294, #1324, .T. ) ;
#3982 = VERTEX_POINT ( 'NONE', #1021 ) ;
#3983 = ORIENTED_EDGE ( 'NONE', *, *, #3735, .T. ) ;
#3984 = FACE_BOUND ( 'NONE', #3853, .T. ) ;
#3985 = EDGE_CURVE ( 'NONE', #2950, #3630, #724, .T. ) ;
#3986 = CARTESIAN_POINT ( 'NONE',  ( -17.22499999999998366, -233.5000000000000568, -3.199999999999999734 ) ) ;
#3987 = DIRECTION ( 'NONE',  ( 1.000000000000000000, -0.000000000000000000, -0.000000000000000000 ) ) ;
#3988 = EDGE_LOOP ( 'NONE', ( #499 ) ) ;
#3989 = CARTESIAN_POINT ( 'NONE',  ( -71.84999999999989484, -57.28503393662091980, 13.79999999999999893 ) ) ;
#3990 = VERTEX_POINT ( 'NONE', #3247 ) ;
#3991 = LINE ( 'NONE', #190, #1753 ) ;
#3992 = PRESENTATION_STYLE_ASSIGNMENT (( #1872 ) ) ;
#3993 =( NAMED_UNIT ( * ) PLANE_ANGLE_UNIT ( ) SI_UNIT ( $, .RADIAN. ) );
#3994 = UNCERTAINTY_MEASURE_WITH_UNIT (LENGTH_MEASURE( 1.000000000000000082E-05 ), #3568, 'distance_accuracy_value', 'NONE');
#3995 = DIRECTION ( 'NONE',  ( -1.000000000000000000, 0.000000000000000000, 0.000000000000000000 ) ) ;
#3996 = LINE ( 'NONE', #272, #3236 ) ;
#3997 = UNCERTAINTY_MEASURE_WITH_UNIT (LENGTH_MEASURE( 1.000000000000000082E-05 ), #850, 'distance_accuracy_value', 'NONE');
#3998 = PLANE ( 'NONE',  #2614 ) ;
#3999 =( LENGTH_UNIT ( ) NAMED_UNIT ( * ) SI_UNIT ( .MILLI., .METRE. ) );
#4000 = DIRECTION ( 'NONE',  ( 1.000000000000000000, 0.000000000000000000, 0.000000000000000000 ) ) ;
#4001 = EDGE_LOOP ( 'NONE', ( #2139, #2354, #3201, #2088 ) ) ;
#4002 = UNCERTAINTY_MEASURE_WITH_UNIT (LENGTH_MEASURE( 1.000000000000000082E-05 ), #3209, 'distance_accuracy_value', 'NONE');
#4003 = ORIENTED_EDGE ( 'NONE', *, *, #2075, .F. ) ;
#4004 = EDGE_CURVE ( 'NONE', #1481, #4093, #2669, .T. ) ;
#4005 = LINE ( 'NONE', #247, #4036 ) ;
#4006 = FACE_OUTER_BOUND ( 'NONE', #3536, .T. ) ;
#4007 = ORIENTED_EDGE ( 'NONE', *, *, #3665, .F. ) ;
#4008 = EDGE_CURVE ( 'NONE', #1573, #437, #3324, .T. ) ;
#4009 = CARTESIAN_POINT ( 'NONE',  ( 0.000000000000000000, -123.2850339366209198, 34.70000000000000995 ) ) ;
#4010 = VECTOR ( 'NONE', #3335, 1000.000000000000000 ) ;
#4011 = ORIENTED_EDGE ( 'NONE', *, *, #2486, .T. ) ;
#4012 = PRESENTATION_LAYER_ASSIGNMENT (  '', '', ( #1148 ) ) ;
#4013 =( NAMED_UNIT ( * ) SI_UNIT ( $, .STERADIAN. ) SOLID_ANGLE_UNIT ( ) );
#4014 = CARTESIAN_POINT ( 'NONE',  ( 34.14999999999990621, -53.49999999999999289, 13.80000000000000249 ) ) ;
#4015 = UNCERTAINTY_MEASURE_WITH_UNIT (LENGTH_MEASURE( 1.000000000000000082E-05 ), #3173, 'distance_accuracy_value', 'NONE');
#4016 =( NAMED_UNIT ( * ) PLANE_ANGLE_UNIT ( ) SI_UNIT ( $, .RADIAN. ) );
#4017 = DIRECTION ( 'NONE',  ( -1.000000000000000000, 0.000000000000000000, 0.000000000000000000 ) ) ;
#4018 = MECHANICAL_DESIGN_GEOMETRIC_PRESENTATION_REPRESENTATION (  '', ( #3490 ), #31 ) ;
#4019 =( NAMED_UNIT ( * ) SI_UNIT ( $, .STERADIAN. ) SOLID_ANGLE_UNIT ( ) );
#4020 = ORIENTED_EDGE ( 'NONE', *, *, #387, .F. ) ;
#4021 = STYLED_ITEM ( 'NONE', ( #3832 ), #1251 ) ;
#4022 = LINE ( 'NONE', #3077, #2450 ) ;
#4023 = SURFACE_STYLE_USAGE ( .BOTH. , #553 ) ;
#4024 = DIRECTION ( 'NONE',  ( -0.000000000000000000, -1.000000000000000000, -0.000000000000000000 ) ) ;
#4025 = CIRCLE ( 'NONE', #2827, 6.000000000000005329 ) ;
#4026 = VERTEX_POINT ( 'NONE', #2406 ) ;
#4027 = CARTESIAN_POINT ( 'NONE',  ( 0.000000000000000000, -263.5000000000000000, 26.80000000000001847 ) ) ;
#4028 = FILL_AREA_STYLE_COLOUR ( '', #1299 ) ;
#4029 = ORIENTED_EDGE ( 'NONE', *, *, #1557, .T. ) ;
#4030 =( NAMED_UNIT ( * ) PLANE_ANGLE_UNIT ( ) SI_UNIT ( $, .RADIAN. ) );
#4031 = ADVANCED_FACE ( 'NONE', ( #1359, #2306 ), #2970, .T. ) ;
#4032 = VECTOR ( 'NONE', #2064, 1000.000000000000000 ) ;
#4033 =( GEOMETRIC_REPRESENTATION_CONTEXT ( 3 ) GLOBAL_UNCERTAINTY_ASSIGNED_CONTEXT ( ( #3038 ) ) GLOBAL_UNIT_ASSIGNED_CONTEXT ( ( #617, #3158, #1288 ) ) REPRESENTATION_CONTEXT ( 'NONE', 'WORKASPACE' ) );
#4034 = DIRECTION ( 'NONE',  ( -0.000000000000000000, 1.000000000000000000, 0.000000000000000000 ) ) ;
#4035 = PLANE ( 'NONE',  #751 ) ;
#4036 = VECTOR ( 'NONE', #834, 1000.000000000000000 ) ;
#4037 = LINE ( 'NONE', #566, #2019 ) ;
#4038 = EDGE_CURVE ( 'NONE', #586, #2010, #159, .T. ) ;
#4039 = ORIENTED_EDGE ( 'NONE', *, *, #1666, .T. ) ;
#4040 =( GEOMETRIC_REPRESENTATION_CONTEXT ( 3 ) GLOBAL_UNCERTAINTY_ASSIGNED_CONTEXT ( ( #2711 ) ) GLOBAL_UNIT_ASSIGNED_CONTEXT ( ( #2389, #2155, #1839 ) ) REPRESENTATION_CONTEXT ( 'NONE', 'WORKASPACE' ) );
#4041 = CARTESIAN_POINT ( 'NONE',  ( -23.89999999999999858, -239.7149660633791086, 8.650000000000007461 ) ) ;
#4042 = AXIS2_PLACEMENT_3D ( 'NONE', #2833, #3179, #1286 ) ;
#4043 = SURFACE_STYLE_USAGE ( .BOTH. , #4096 ) ;
#4044 =( NAMED_UNIT ( * ) PLANE_ANGLE_UNIT ( ) SI_UNIT ( $, .RADIAN. ) );
#4045 = DIRECTION ( 'NONE',  ( -1.000000000000000000, 0.000000000000000000, 1.334402673828312846E-16 ) ) ;
#4046 = STYLED_ITEM ( 'NONE', ( #3851 ), #3272 ) ;
#4047 = COLOUR_RGB ( '',0.5999999999999999778, 0.1607843137254901800, 0.7529411764705882248 ) ;
#4048 = FILL_AREA_STYLE ('',( #3095 ) ) ;
#4049 = VERTEX_POINT ( 'NONE', #2332 ) ;
#4050 = PRESENTATION_LAYER_ASSIGNMENT (  '', '', ( #706 ) ) ;
#4051 = DIRECTION ( 'NONE',  ( -1.000000000000000000, 0.000000000000000000, -8.503546450866700815E-17 ) ) ;
#4052 = VECTOR ( 'NONE', #2592, 1000.000000000000000 ) ;
#4053 = CARTESIAN_POINT ( 'NONE',  ( 26.74658439628152706, -177.6927544108115740, 39.80000000000000426 ) ) ;
#4054 = SURFACE_STYLE_FILL_AREA ( #811 ) ;
#4055 = MECHANICAL_DESIGN_GEOMETRIC_PRESENTATION_REPRESENTATION (  '', ( #4108 ), #515 ) ;
#4056 = VERTEX_POINT ( 'NONE', #1063 ) ;
#4057 = CARTESIAN_POINT ( 'NONE',  ( 41.14999999999990621, -4.451523954563774397E-15, 34.70000000000000995 ) ) ;
#4058 = ORIENTED_EDGE ( 'NONE', *, *, #2681, .F. ) ;
#4059 = FACE_OUTER_BOUND ( 'NONE', #580, .T. ) ;
#4060 = CARTESIAN_POINT ( 'NONE',  ( 19.00000000000000000, -43.50000000000000000, -7.299999999999998934 ) ) ;
#4061 = ADVANCED_FACE ( 'NONE', ( #2347 ), #3620, .F. ) ;
#4062 = CARTESIAN_POINT ( 'NONE',  ( -68.84999999999990905, -57.28503393662091980, 34.70000000000000995 ) ) ;
#4063 = EDGE_LOOP ( 'NONE', ( #2956, #1915, #1232, #1388 ) ) ;
#4064 = ORIENTED_EDGE ( 'NONE', *, *, #4068, .T. ) ;
#4065 = VERTEX_POINT ( 'NONE', #2062 ) ;
#4066 = CARTESIAN_POINT ( 'NONE',  ( -23.89999999999996660, -224.7149660633791086, -7.299999999999998934 ) ) ;
#4067 = CARTESIAN_POINT ( 'NONE',  ( -39.84999999999993037, -111.2850339366209198, 34.70000000000000995 ) ) ;
#4068 = EDGE_CURVE ( 'NONE', #3934, #608, #1819, .T. ) ;
#4069 = CARTESIAN_POINT ( 'NONE',  ( -39.84999999999993037, -111.2850339366209198, 30.60000000000000853 ) ) ;
#4070 = EDGE_LOOP ( 'NONE', ( #1801, #833, #2911, #2511 ) ) ;
#4071 = DIRECTION ( 'NONE',  ( -0.000000000000000000, 1.000000000000000000, 0.000000000000000000 ) ) ;
#4072 = FILL_AREA_STYLE ('',( #929 ) ) ;
#4073 = SURFACE_STYLE_FILL_AREA ( #2127 ) ;
#4074 = LINE ( 'NONE', #1856, #3959 ) ;
#4075 = VECTOR ( 'NONE', #1422, 1000.000000000000000 ) ;
#4076 = ORIENTED_EDGE ( 'NONE', *, *, #1204, .T. ) ;
#4077 = FILL_AREA_STYLE ('',( #2810 ) ) ;
#4078 = FILL_AREA_STYLE ('',( #3711 ) ) ;
#4079 = CARTESIAN_POINT ( 'NONE',  ( 0.000000000000000000, -43.50000000000000000, 0.000000000000000000 ) ) ;
#4080 = AXIS2_PLACEMENT_3D ( 'NONE', #1275, #2545, #80 ) ;
#4081 = STYLED_ITEM ( 'NONE', ( #211 ), #760 ) ;
#4082 = EDGE_CURVE ( 'NONE', #3990, #2286, #3682, .T. ) ;
#4083 = AXIS2_PLACEMENT_3D ( 'NONE', #947, #1930, #1011 ) ;
#4084 = ORIENTED_EDGE ( 'NONE', *, *, #310, .F. ) ;
#4085 = EDGE_CURVE ( 'NONE', #666, #3156, #2430, .T. ) ;
#4086 = MECHANICAL_DESIGN_GEOMETRIC_PRESENTATION_REPRESENTATION (  '', ( #2165 ), #1904 ) ;
#4087 = PRESENTATION_STYLE_ASSIGNMENT (( #3535 ) ) ;
#4088 = EDGE_LOOP ( 'NONE', ( #62, #3983, #151, #4058 ) ) ;
#4089 =( NAMED_UNIT ( * ) PLANE_ANGLE_UNIT ( ) SI_UNIT ( $, .RADIAN. ) );
#4090 = CARTESIAN_POINT ( 'NONE',  ( 44.14999999999989910, -249.7149660633790802, 13.80000000000000604 ) ) ;
#4091 = PLANE ( 'NONE',  #419 ) ;
#4092 = STYLED_ITEM ( 'NONE', ( #2620 ), #2020 ) ;
#4093 = VERTEX_POINT ( 'NONE', #3386 ) ;
#4094 = ORIENTED_EDGE ( 'NONE', *, *, #765, .F. ) ;
#4095 = DIRECTION ( 'NONE',  ( -0.000000000000000000, 1.000000000000000000, 0.000000000000000000 ) ) ;
#4096 = SURFACE_SIDE_STYLE ('',( #2772 ) ) ;
#4097 = PRESENTATION_LAYER_ASSIGNMENT (  '', '', ( #49 ) ) ;
#4098 = VECTOR ( 'NONE', #1165, 1000.000000000000000 ) ;
#4099 = MECHANICAL_DESIGN_GEOMETRIC_PRESENTATION_REPRESENTATION (  '', ( #2182 ), #241 ) ;
#4100 = EDGE_CURVE ( 'NONE', #1842, #3330, #3101, .T. ) ;
#4101 = SURFACE_SIDE_STYLE ('',( #334 ) ) ;
#4102 = COLOUR_RGB ( '',0.5999999999999999778, 0.1607843137254901800, 0.7529411764705882248 ) ;
#4103 = CARTESIAN_POINT ( 'NONE',  ( -23.90000000000000924, 6.500000000000005329, 18.70000000000000995 ) ) ;
#4104 = ADVANCED_FACE ( 'NONE', ( #519, #2140 ), #2470, .T. ) ;
#4105 = PRESENTATION_LAYER_ASSIGNMENT (  '', '', ( #2257 ) ) ;
#4106 = VERTEX_POINT ( 'NONE', #3079 ) ;
#4107 = ORIENTED_EDGE ( 'NONE', *, *, #639, .T. ) ;
#4108 = STYLED_ITEM ( 'NONE', ( #495 ), #4104 ) ;
#4109 =( NAMED_UNIT ( * ) PLANE_ANGLE_UNIT ( ) SI_UNIT ( $, .RADIAN. ) );
ENDSEC;
END-ISO-10303-21;
