ISO-10303-21;
HEADER;
FILE_DESCRIPTION (( 'STEP AP214' ),
    '1' );
FILE_NAME('Foot_Mirrored.step','2026-09-10T00:00:00',('RIVERDOG'),(''),'SOLIDWORKS STEP exporter','SOLIDWORKS','');
FILE_SCHEMA (( 'AUTOMOTIVE_DESIGN' ));
ENDSEC;

DATA;
#1 = SURFACE_SIDE_STYLE ('',( #1131 ) ) ;
#2 = ORIENTED_EDGE ( 'NONE', *, *, #437, .T. ) ;
#3 = EDGE_CURVE ( 'NONE', #166, #391, #881, .T. ) ;
#4 = DIRECTION ( 'NONE',  ( 0.000000000000000000, 0.000000000000000000, 1.000000000000000000 ) ) ;
#5 = CARTESIAN_POINT ( 'NONE',  ( 15.20000000000000462, -115.6644703810299291, 13.63561747335640817 ) ) ;
#6 = CARTESIAN_POINT ( 'NONE',  ( 29.99107105693087050, -90.68104744852246313, -13.65625522395150426 ) ) ;
#7 = FACE_OUTER_BOUND ( 'NONE', #1422, .T. ) ;
#8 = EDGE_LOOP ( 'NONE', ( #655, #1175 ) ) ;
#9 = DIRECTION ( 'NONE',  ( 0.000000000000000000, 1.000000000000000000, 0.000000000000000000 ) ) ;
#10 = EDGE_LOOP ( 'NONE', ( #1367, #934, #1403, #507 ) ) ;
#11 = CARTESIAN_POINT ( 'NONE',  ( 32.20000000000000284, -112.0000000000000000, -4.000000000000003553 ) ) ;
#12 = CARTESIAN_POINT ( 'NONE',  ( 32.20000000000000284, -103.2500000000000995, 3.999999999999991562 ) ) ;
#13 = FACE_OUTER_BOUND ( 'NONE', #239, .T. ) ;
#14 = FILL_AREA_STYLE_COLOUR ( '', #755 ) ;
#15 = ORIENTED_EDGE ( 'NONE', *, *, #570, .F. ) ;
#16 = AXIS2_PLACEMENT_3D ( 'NONE', #235, #557, #106 ) ;
#17 = DIRECTION ( 'NONE',  ( -0.000000000000000000, -1.000000000000000000, -0.000000000000000000 ) ) ;
#18 = EDGE_CURVE ( 'NONE', #1172, #1249, #1194, .T. ) ;
#19 = FACE_OUTER_BOUND ( 'NONE', #1331, .T. ) ;
#20 = CARTESIAN_POINT ( 'NONE',  ( 15.20000000000000462, -90.68104744852246313, -14.00000000000001954 ) ) ;
#21 = EDGE_CURVE ( 'NONE', #923, #1172, #299, .T. ) ;
#22 = ORIENTED_EDGE ( 'NONE', *, *, #510, .T. ) ;
#23 = VERTEX_POINT ( 'NONE', #1084 ) ;
#24 = FACE_OUTER_BOUND ( 'NONE', #448, .T. ) ;
#25 = DIRECTION ( 'NONE',  ( 0.000000000000000000, 0.000000000000000000, -1.000000000000000000 ) ) ;
#26 = CARTESIAN_POINT ( 'NONE',  ( 12.40626400715717814, -90.68104744852246313, -7.643981660404524980 ) ) ;
#27 =( BOUNDED_SURFACE ( )  B_SPLINE_SURFACE ( 2, 3, ( 
 ( #836, #720, #1167, #161, #611, #1057, #51, #802, #1246, #244, #168, #1201, #844, #1065, #1424, #423, #297, #760 ),
 ( #967, #943, #415, #516, #1290, #1406, #744, #618, #1206, #1397, #865, #1185, #1305, #1281, #643, #873, #625, #192 ),
 ( #1191, #199, #281, #1177, #531, #1089, #80, #1430, #859, #1315, #182, #634, #57, #1416, #289, #86, #754, #509 ) ),
 .UNSPECIFIED., .F., .F., .T. ) 
 B_SPLINE_SURFACE_WITH_KNOTS ( ( 3, 3 ),
 ( 4, 2, 2, 2, 2, 2, 2, 2, 4 ),
 ( 0.000000000000000000, 1.000000000000000000 ),
 ( 3.141592653589793116, 3.534291735288517255, 3.926990816987241395, 4.319689898685965090, 4.712388980384689674, 5.105088062083414258, 5.497787143782137953, 5.890486225480861648, 6.283185307179586232 ),
 .UNSPECIFIED. ) 
 GEOMETRIC_REPRESENTATION_ITEM ( )  RATIONAL_B_SPLINE_SURFACE ( (
 ( 1.000000000000000000, 1.000000000000000000, 1.000000000000000000, 1.000000000000000000, 1.000000000000000000, 1.000000000000000000, 1.000000000000000000, 1.000000000000000000, 1.000000000000000000, 1.000000000000000000, 1.000000000000000000, 1.000000000000000000, 1.000000000000000000, 1.000000000000000000, 1.000000000000000000, 1.000000000000000000, 1.000000000000000000, 1.000000000000000000),
 ( 0.7071067811865475727, 0.7071067811865475727, 0.7071067811865475727, 0.7071067811865475727, 0.7071067811865463515, 0.7071067811865463515, 0.7071067811865475727, 0.7071067811865475727, 0.7071067811865475727, 0.7071067811865475727, 0.7071067811865475727, 0.7071067811865475727, 0.7071067811865463515, 0.7071067811865463515, 0.7071067811865475727, 0.7071067811865475727, 0.7071067811865475727, 0.7071067811865475727),
 ( 1.000000000000000000, 1.000000000000000000, 1.000000000000000000, 1.000000000000000000, 1.000000000000000000, 1.000000000000000000, 1.000000000000000000, 1.000000000000000000, 1.000000000000000000, 1.000000000000000000, 1.000000000000000000, 1.000000000000000000, 1.000000000000000000, 1.000000000000000000, 1.000000000000000000, 1.000000000000000000, 1.000000000000000000, 1.000000000000000000) ) ) 
 REPRESENTATION_ITEM ( '' )  SURFACE ( )  );
#28 = LINE ( 'NONE', #266, #253 ) ;
#29 = EDGE_CURVE ( 'NONE', #1295, #1249, #1334, .T. ) ;
#30 = VERTEX_POINT ( 'NONE', #953 ) ;
#31 = CARTESIAN_POINT ( 'NONE',  ( 12.20000000000000462, -112.0000000000000000, 3.999999999999989786 ) ) ;
#32 = ORIENTED_EDGE ( 'NONE', *, *, #105, .T. ) ;
#33 = CARTESIAN_POINT ( 'NONE',  ( 15.20000000000000462, -99.63104744852246597, -14.00000000000001776 ) ) ;
#34 = DIRECTION ( 'NONE',  ( 1.000000000000000000, 0.000000000000000000, 0.000000000000000000 ) ) ;
#35 = DIRECTION ( 'NONE',  ( 0.000000000000000000, 0.000000000000000000, -1.000000000000000000 ) ) ;
#36 = CARTESIAN_POINT ( 'NONE',  ( 30.47019239704068383, -90.68104744852246313, 13.06288484752882795 ) ) ;
#37 =( BOUNDED_SURFACE ( )  B_SPLINE_SURFACE ( 2, 3, ( 
 ( #483, #906, #1141, #373, #357, #1376, #131, #261, #349, #240, #110, #562, #583, #1069, #841, #40, #946, #1293 ),
 ( #156, #629, #1181, #932, #718, #491, #171, #1061, #269, #1386, #293, #725, #622, #387, #956, #599, #832, #60 ),
 ( #54, #520, #149, #733, #710, #513, #277, #1054, #1164, #506, #1270, #964, #1157, #1412, #940, #406, #1046, #855 ) ),
 .UNSPECIFIED., .F., .F., .T. ) 
 B_SPLINE_SURFACE_WITH_KNOTS ( ( 3, 3 ),
 ( 4, 2, 2, 2, 2, 2, 2, 2, 4 ),
 ( 0.000000000000000000, 1.000000000000000000 ),
 ( 3.141592653589793116, 3.534291735288517255, 3.926990816987241395, 4.319689898685965090, 4.712388980384689674, 5.105088062083414258, 5.497787143782137953, 5.890486225480861648, 6.283185307179586232 ),
 .UNSPECIFIED. ) 
 GEOMETRIC_REPRESENTATION_ITEM ( )  RATIONAL_B_SPLINE_SURFACE ( (
 ( 1.000000000000000000, 1.000000000000000000, 1.000000000000000000, 1.000000000000000000, 1.000000000000000000, 1.000000000000000000, 1.000000000000000000, 1.000000000000000000, 1.000000000000000000, 1.000000000000000000, 1.000000000000000000, 1.000000000000000000, 1.000000000000000000, 1.000000000000000000, 1.000000000000000000, 1.000000000000000000, 1.000000000000000000, 1.000000000000000000),
 ( 0.7071067811865475727, 0.7071067811865475727, 0.7071067811865475727, 0.7071067811865475727, 0.7071067811865463515, 0.7071067811865463515, 0.7071067811865475727, 0.7071067811865475727, 0.7071067811865475727, 0.7071067811865475727, 0.7071067811865475727, 0.7071067811865475727, 0.7071067811865463515, 0.7071067811865463515, 0.7071067811865475727, 0.7071067811865475727, 0.7071067811865475727, 0.7071067811865475727),
 ( 1.000000000000000000, 1.000000000000000000, 1.000000000000000000, 1.000000000000000000, 1.000000000000000000, 1.000000000000000000, 1.000000000000000000, 1.000000000000000000, 1.000000000000000000, 1.000000000000000000, 1.000000000000000000, 1.000000000000000000, 1.000000000000000000, 1.000000000000000000, 1.000000000000000000, 1.000000000000000000, 1.000000000000000000, 1.000000000000000000) ) ) 
 REPRESENTATION_ITEM ( '' )  SURFACE ( )  );
#38 = VERTEX_POINT ( 'NONE', #1091 ) ;
#39 = FACE_OUTER_BOUND ( 'NONE', #691, .T. ) ;
#40 = CARTESIAN_POINT ( 'NONE',  ( 29.20000000000000284, -115.6644703986620186, 13.63561746605295255 ) ) ;
#41 = ORIENTED_EDGE ( 'NONE', *, *, #854, .T. ) ;
#42 = DIRECTION ( 'NONE',  ( -1.000000000000000000, 0.000000000000000000, -0.000000000000000000 ) ) ;
#43 = CIRCLE ( 'NONE', #16, 14.00000000000000000 ) ;
#44 = CARTESIAN_POINT ( 'NONE',  ( 29.20000000000000639, -99.63104744852246597, -14.00000000000001954 ) ) ;
#45 = VECTOR ( 'NONE', #1033, 1000.000000000000000 ) ;
#46 = ORIENTED_EDGE ( 'NONE', *, *, #635, .F. ) ;
#47 = CARTESIAN_POINT ( 'NONE',  ( 32.20000000000000284, -102.6310474485224660, 3.999999999999993339 ) ) ;
#48 = EDGE_LOOP ( 'NONE', ( #1395, #407 ) ) ;
#49 = EDGE_CURVE ( 'NONE', #694, #1127, #835, .T. ) ;
#50 = CARTESIAN_POINT ( 'NONE',  ( 17.20000000000000284, -112.0000000000000000, 0.000000000000000000 ) ) ;
#51 = CARTESIAN_POINT ( 'NONE',  ( 15.20000000000000462, -124.2330094442638710, 7.050665707558550821 ) ) ;
#52 = CARTESIAN_POINT ( 'NONE',  ( 29.58136361716125862, -90.68104744852244892, 13.99999999999999289 ) ) ;
#53 = ORIENTED_EDGE ( 'NONE', *, *, #439, .T. ) ;
#54 = CARTESIAN_POINT ( 'NONE',  ( 32.20000000000000284, -112.0000000000000000, -4.000000000000007105 ) ) ;
#55 = VERTEX_POINT ( 'NONE', #954 ) ;
#56 = CARTESIAN_POINT ( 'NONE',  ( 15.20000000000000462, -99.63104744852246597, 13.99999999999999112 ) ) ;
#57 = CARTESIAN_POINT ( 'NONE',  ( 12.20000000000000639, -115.1986673657359574, -2.458186883756203756 ) ) ;
#58 = LINE ( 'NONE', #1399, #870 ) ;
#59 = DIRECTION ( 'NONE',  ( -0.000000000000000000, -1.000000000000000000, -0.000000000000000000 ) ) ;
#60 = CARTESIAN_POINT ( 'NONE',  ( 32.20000000000000995, -111.9999999999999716, 13.99999999999999467 ) ) ;
#61 = VERTEX_POINT ( 'NONE', #614 ) ;
#62 = DIRECTION ( 'NONE',  ( -1.000000000000000000, 0.000000000000000000, 1.239088197126290570E-16 ) ) ;
#63 = CARTESIAN_POINT ( 'NONE',  ( 32.20000000000000284, -111.9999999999999858, 3.999999999999989786 ) ) ;
#64 = ADVANCED_FACE ( 'NONE', ( #39 ), #1060, .F. ) ;
#65 = CIRCLE ( 'NONE', #306, 11.24999999999999112 ) ;
#66 = FACE_OUTER_BOUND ( 'NONE', #591, .T. ) ;
#67 = EDGE_CURVE ( 'NONE', #996, #1189, #445, .T. ) ;
#68 = DIRECTION ( 'NONE',  ( 0.000000000000000000, 1.000000000000000000, 0.000000000000000000 ) ) ;
#69 = AXIS2_PLACEMENT_3D ( 'NONE', #1138, #473, #466 ) ;
#70 = CARTESIAN_POINT ( 'NONE',  ( 15.20000000000000462, -90.68104744852246313, -14.00000000000001954 ) ) ;
#71 = VERTEX_POINT ( 'NONE', #268 ) ;
#72 = CARTESIAN_POINT ( 'NONE',  ( 12.20000000000000639, -94.49999999999990052, -4.000000000000017764 ) ) ;
#73 = CARTESIAN_POINT ( 'NONE',  ( 29.20000000000000284, -112.0000000000000000, 13.99999999999999289 ) ) ;
#74 = CARTESIAN_POINT ( 'NONE',  ( 29.19999999999999929, -119.0506657251925873, -12.23300943695961962 ) ) ;
#75 = DIRECTION ( 'NONE',  ( 0.000000000000000000, 0.000000000000000000, -1.000000000000000000 ) ) ;
#76 = CARTESIAN_POINT ( 'NONE',  ( 31.02835139370293760, -90.68104744852246313, -12.04779279376420931 ) ) ;
#77 = ORIENTED_EDGE ( 'NONE', *, *, #1274, .F. ) ;
#78 =( BOUNDED_CURVE ( )  B_SPLINE_CURVE ( 2, ( #1051, #480, #44 ),
 .UNSPECIFIED., .F., .T. ) 
 B_SPLINE_CURVE_WITH_KNOTS ( ( 3, 3 ),
 ( 0.000000000000000000, 0.01095360046372428550 ),
 .UNSPECIFIED. ) 
 CURVE ( )  GEOMETRIC_REPRESENTATION_ITEM ( )  RATIONAL_B_SPLINE_CURVE ( ( 1.000000000000000000, 0.7071067811865475727, 1.000000000000000000 ) ) 
 REPRESENTATION_ITEM ( '' )  );
#79 = DIRECTION ( 'NONE',  ( 0.000000000000000000, 0.000000000000000000, -1.000000000000000000 ) ) ;
#80 = CARTESIAN_POINT ( 'NONE',  ( 12.20000000000000639, -115.4951455555020345, 2.014475916444609105 ) ) ;
#81 = DIRECTION ( 'NONE',  ( 1.000000000000000000, 0.000000000000000000, 0.000000000000000000 ) ) ;
#82 = DIRECTION ( 'NONE',  ( -1.000000000000000000, 0.000000000000000000, 0.000000000000000000 ) ) ;
#83 = DIRECTION ( 'NONE',  ( -1.000000000000000000, 0.000000000000000000, 0.000000000000000000 ) ) ;
#84 = EDGE_CURVE ( 'NONE', #543, #1227, #1026, .T. ) ;
#85 = ORIENTED_EDGE ( 'NONE', *, *, #935, .T. ) ;
#86 = CARTESIAN_POINT ( 'NONE',  ( 12.20000000000000639, -113.0469915424744158, -3.895890704586104647 ) ) ;
#87 = CARTESIAN_POINT ( 'NONE',  ( 32.20000000000000284, -102.6310474485224802, 14.00000000000899192 ) ) ;
#88 = VECTOR ( 'NONE', #1380, 1000.000000000000000 ) ;
#89 = CYLINDRICAL_SURFACE ( 'NONE', #1004, 6.999999999999999112 ) ;
#90 = AXIS2_PLACEMENT_3D ( 'NONE', #1280, #1166, #79 ) ;
#91 = B_SPLINE_CURVE_WITH_KNOTS ( 'NONE', 3,
 ( #852, #1082, #175, #1072 ),
 .UNSPECIFIED., .F., .F.,
 ( 4, 4 ),
 ( 0.000000000000000000, 0.4947581020591008683 ),
 .UNSPECIFIED. ) ;
#92 = STYLED_ITEM ( 'NONE', ( #459 ), #324 ) ;
#93 = ORIENTED_EDGE ( 'NONE', *, *, #1044, .T. ) ;
#94 = EDGE_CURVE ( 'NONE', #1268, #1037, #1068, .T. ) ;
#95 = CARTESIAN_POINT ( 'NONE',  ( 32.20000000000000284, -111.9999999999999858, 3.999999999999989786 ) ) ;
#96 = CARTESIAN_POINT ( 'NONE',  ( 32.20000000000000995, -85.75000000000000000, 13.99999999999999645 ) ) ;
#97 = CARTESIAN_POINT ( 'NONE',  ( 12.20000000000000284, -114.0203687621736890, -3.492811479439032585 ) ) ;
#98 = ORIENTED_EDGE ( 'NONE', *, *, #1388, .T. ) ;
#99 = CYLINDRICAL_SURFACE ( 'NONE', #558, 7.000000000000000000 ) ;
#100 = CARTESIAN_POINT ( 'NONE',  ( 15.20000000000000107, -125.9999999999999716, 1.832595714594012382 ) ) ;
#101 = DIRECTION ( 'NONE',  ( 0.000000000000000000, 1.000000000000000000, 0.000000000000000000 ) ) ;
#102 = EDGE_LOOP ( 'NONE', ( #1339, #1027, #750, #553 ) ) ;
#103 = FACE_OUTER_BOUND ( 'NONE', #275, .T. ) ;
#104 = CYLINDRICAL_SURFACE ( 'NONE', #535, 3.500000000000000000 ) ;
#105 = EDGE_CURVE ( 'NONE', #55, #530, #815, .T. ) ;
#106 = DIRECTION ( 'NONE',  ( 0.000000000000000000, 0.000000000000000000, 1.000000000000000000 ) ) ;
#107 = EDGE_CURVE ( 'NONE', #30, #1256, #270, .T. ) ;
#108 = VECTOR ( 'NONE', #1402, 1000.000000000000000 ) ;
#109 = ORIENTED_EDGE ( 'NONE', *, *, #907, .T. ) ;
#110 = CARTESIAN_POINT ( 'NONE',  ( 29.20000000000000284, -125.6356174660510305, 3.664470398666650031 ) ) ;
#111 = VECTOR ( 'NONE', #59, 1000.000000000000000 ) ;
#112 = ORIENTED_EDGE ( 'NONE', *, *, #856, .T. ) ;
#113 =( GEOMETRIC_REPRESENTATION_CONTEXT ( 3 ) GLOBAL_UNCERTAINTY_ASSIGNED_CONTEXT ( ( #1349 ) ) GLOBAL_UNIT_ASSIGNED_CONTEXT ( ( #1010, #332, #1352 ) ) REPRESENTATION_CONTEXT ( 'NONE', 'WORKASPACE' ) );
#114 = CARTESIAN_POINT ( 'NONE',  ( 32.20000000000000284, -115.2032183988307281, 2.453775466806444872 ) ) ;
#115 = CARTESIAN_POINT ( 'NONE',  ( 32.20000000000000284, -90.68104744852246313, -4.000000000000019540 ) ) ;
#116 = SURFACE_STYLE_FILL_AREA ( #676 ) ;
#117 = ORIENTED_EDGE ( 'NONE', *, *, #237, .F. ) ;
#118 = CARTESIAN_POINT ( 'NONE',  ( 34.39999999999999858, -102.6310474485224660, 9.199999999999995737 ) ) ;
#119 = CARTESIAN_POINT ( 'NONE',  ( 32.20000000000000284, -114.4537754667979499, -3.203218398834268843 ) ) ;
#120 = CARTESIAN_POINT ( 'NONE',  ( 15.20000000000000462, -112.0000000000000000, -14.00000000000000888 ) ) ;
#121 = CARTESIAN_POINT ( 'NONE',  ( 40.40000000000000568, -99.63104744852246597, -14.00000000000001599 ) ) ;
#122 = EDGE_LOOP ( 'NONE', ( #365, #589, #1126, #922 ) ) ;
#123 = ADVANCED_FACE ( 'NONE', ( #887 ), #963, .T. ) ;
#124 = ORIENTED_EDGE ( 'NONE', *, *, #1215, .T. ) ;
#125 = CARTESIAN_POINT ( 'NONE',  ( 12.20000000000000462, -103.7540316323483296, 3.999999999999987121 ) ) ;
#126 = CARTESIAN_POINT ( 'NONE',  ( 32.20000000000000995, -103.2499999999999432, -14.00000000000002487 ) ) ;
#127 = CARTESIAN_POINT ( 'NONE',  ( 14.01206451797509978, -90.68104744852246313, -13.18342552215059982 ) ) ;
#128 =( BOUNDED_SURFACE ( )  B_SPLINE_SURFACE ( 2, 3, ( 
 ( #193, #1213, #1431, #651 ),
 ( #1097, #1322, #1103, #96 ),
 ( #896, #12, #1350, #331 ) ),
 .UNSPECIFIED., .F., .F., .T. ) 
 B_SPLINE_SURFACE_WITH_KNOTS ( ( 3, 3 ),
 ( 4, 4 ),
 ( 0.000000000000000000, 1.000000000000000000 ),
 ( 0.01399999999999999856, 0.04025000000000000799 ),
 .UNSPECIFIED. ) 
 GEOMETRIC_REPRESENTATION_ITEM ( )  RATIONAL_B_SPLINE_SURFACE ( (
 ( 1.000000000000000000, 1.000000000000000000, 1.000000000000000000, 1.000000000000000000),
 ( 0.7071067811865475727, 0.7071067811865475727, 0.7071067811865475727, 0.7071067811865475727),
 ( 1.000000000000000000, 1.000000000000000000, 1.000000000000000000, 1.000000000000000000) ) ) 
 REPRESENTATION_ITEM ( '' )  SURFACE ( )  );
#129 = DIRECTION ( 'NONE',  ( -0.000000000000000000, -1.000000000000000000, -0.000000000000000000 ) ) ;
#130 = VERTEX_POINT ( 'NONE', #986 ) ;
#131 = CARTESIAN_POINT ( 'NONE',  ( 29.20000000000000284, -124.2330094442638710, -7.050665707558565032 ) ) ;
#132 = AXIS2_PLACEMENT_3D ( 'NONE', #1122, #465, #301 ) ;
#133 = VERTEX_POINT ( 'NONE', #738 ) ;
#134 = AXIS2_PLACEMENT_3D ( 'NONE', #485, #807, #469 ) ;
#135 = CARTESIAN_POINT ( 'NONE',  ( 27.20000000000000639, -112.0000000000000000, 11.24999999999998401 ) ) ;
#136 = EDGE_CURVE ( 'NONE', #597, #164, #532, .T. ) ;
#137 = FACE_OUTER_BOUND ( 'NONE', #894, .T. ) ;
#138 = CARTESIAN_POINT ( 'NONE',  ( 12.20000000000000639, -90.68104744852246313, -4.000000000000019540 ) ) ;
#139 = CARTESIAN_POINT ( 'NONE',  ( 10.00000000000000533, -90.68104744852246313, 9.199999999999992184 ) ) ;
#140 = ORIENTED_EDGE ( 'NONE', *, *, #1183, .T. ) ;
#141 = CARTESIAN_POINT ( 'NONE',  ( 14.10774595667681197, -90.68104744852247734, 13.31375282104942137 ) ) ;
#142 = ORIENTED_EDGE ( 'NONE', *, *, #1133, .F. ) ;
#143 = PLANE ( 'NONE',  #1310 ) ;
#144 = CARTESIAN_POINT ( 'NONE',  ( 32.20000000000000284, -103.2499999999999574, -4.000000000000022204 ) ) ;
#145 = PLANE ( 'NONE',  #1123 ) ;
#146 = SURFACE_STYLE_USAGE ( .BOTH. , #238 ) ;
#147 = ORIENTED_EDGE ( 'NONE', *, *, #1215, .F. ) ;
#148 = CARTESIAN_POINT ( 'NONE',  ( 12.48120934029176077, -90.68104744852246313, 8.234347829102924621 ) ) ;
#149 = CARTESIAN_POINT ( 'NONE',  ( 32.20000000000000284, -113.0469915424771870, -3.895890704586010500 ) ) ;
#150 = ORIENTED_EDGE ( 'NONE', *, *, #363, .T. ) ;
#151 = DIRECTION ( 'NONE',  ( 0.000000000000000000, 0.000000000000000000, -1.000000000000000000 ) ) ;
#152 = CARTESIAN_POINT ( 'NONE',  ( 12.38087740409894266, -90.68104744852246313, -7.421657470979212690 ) ) ;
#153 = ORIENTED_EDGE ( 'NONE', *, *, #901, .F. ) ;
#154 = ADVANCED_FACE ( 'NONE', ( #969 ), #89, .T. ) ;
#155 = CARTESIAN_POINT ( 'NONE',  ( 12.41282921240451742, -90.68104744852246313, 7.699417957275754176 ) ) ;
#156 = CARTESIAN_POINT ( 'NONE',  ( 32.20000000000000995, -112.0000000000000142, -14.00000000000000888 ) ) ;
#157 = VERTEX_POINT ( 'NONE', #763 ) ;
#158 = FACE_OUTER_BOUND ( 'NONE', #1360, .T. ) ;
#159 = VECTOR ( 'NONE', #383, 1000.000000000000000 ) ;
#160 = VECTOR ( 'NONE', #1184, 1000.000000000000000 ) ;
#161 = CARTESIAN_POINT ( 'NONE',  ( 15.20000000000000462, -119.0506657075522696, 12.23300944426647163 ) ) ;
#162 = VECTOR ( 'NONE', #82, 1000.000000000000000 ) ;
#163 = CARTESIAN_POINT ( 'NONE',  ( 30.38786649454241129, -90.68104744852246313, 13.18358913336554394 ) ) ;
#164 = VERTEX_POINT ( 'NONE', #639 ) ;
#165 = DIRECTION ( 'NONE',  ( 0.000000000000000000, -1.000000000000000000, -1.387778780781445676E-16 ) ) ;
#166 = VERTEX_POINT ( 'NONE', #1085 ) ;
#167 = DIRECTION ( 'NONE',  ( 0.000000000000000000, 1.000000000000000000, 0.000000000000000000 ) ) ;
#168 = CARTESIAN_POINT ( 'NONE',  ( 15.20000000000000462, -125.6356174660510305, -3.664470398666663797 ) ) ;
#169 = CARTESIAN_POINT ( 'NONE',  ( 29.20000000000000284, -112.0000000000000000, -14.00000000000000888 ) ) ;
#170 = ORIENTED_EDGE ( 'NONE', *, *, #762, .F. ) ;
#171 = CARTESIAN_POINT ( 'NONE',  ( 32.19999999998911022, -124.2330094442625779, -7.050665707557348227 ) ) ;
#172 = ORIENTED_EDGE ( 'NONE', *, *, #283, .F. ) ;
#173 = EDGE_CURVE ( 'NONE', #71, #302, #753, .T. ) ;
#174 = EDGE_CURVE ( 'NONE', #627, #231, #653, .T. ) ;
#175 = CARTESIAN_POINT ( 'NONE',  ( 32.20000000000000284, -103.7540316323483154, -4.000000000000017764 ) ) ;
#176 = LINE ( 'NONE', #866, #1021 ) ;
#177 = CARTESIAN_POINT ( 'NONE',  ( 29.20000000000000639, -99.63104744852249439, 13.99999999999999112 ) ) ;
#178 = EDGE_LOOP ( 'NONE', ( #701, #849, #259, #711, #493, #630, #1132, #1047 ) ) ;
#179 =( BOUNDED_CURVE ( )  B_SPLINE_CURVE ( 2, ( #1448, #227, #536 ),
 .UNSPECIFIED., .F., .T. ) 
 B_SPLINE_CURVE_WITH_KNOTS ( ( 3, 3 ),
 ( 0.000000000000000000, 1.000000000000000000 ),
 .UNSPECIFIED. ) 
 CURVE ( )  GEOMETRIC_REPRESENTATION_ITEM ( )  RATIONAL_B_SPLINE_CURVE ( ( 1.000000000000000000, 0.7071067811865475727, 1.000000000000000000 ) ) 
 REPRESENTATION_ITEM ( '' )  );
#180 = CARTESIAN_POINT ( 'NONE',  ( 15.20000000000000462, -102.6310474485224660, -14.00000000000001954 ) ) ;
#181 = VECTOR ( 'NONE', #730, 1000.000000000000000 ) ;
#182 = CARTESIAN_POINT ( 'NONE',  ( 12.20000000000000639, -115.8958907045846303, -1.046991542476050974 ) ) ;
#183 = EDGE_CURVE ( 'NONE', #475, #1189, #1370, .T. ) ;
#184 = VECTOR ( 'NONE', #494, 1000.000000000000000 ) ;
#185 = DIRECTION ( 'NONE',  ( 1.070816960479510131E-16, 0.000000000000000000, -1.000000000000000000 ) ) ;
#186 = CARTESIAN_POINT ( 'NONE',  ( 12.20000000000000639, -90.68104744852246313, 3.999999999999993339 ) ) ;
#187 = VECTOR ( 'NONE', #1076, 1000.000000000000000 ) ;
#188 = PLANE ( 'NONE',  #672 ) ;
#189 = VERTEX_POINT ( 'NONE', #867 ) ;
#190 = DIRECTION ( 'NONE',  ( -1.000000000000000000, 0.000000000000000000, -0.000000000000000000 ) ) ;
#191 =( BOUNDED_SURFACE ( )  B_SPLINE_SURFACE ( 2, 1, ( 
 ( #575, #216 ),
 ( #794, #1247 ),
 ( #580, #663 ) ),
 .UNSPECIFIED., .F., .F., .T. ) 
 B_SPLINE_SURFACE_WITH_KNOTS ( ( 3, 3 ),
 ( 2, 2 ),
 ( 0.000000000000000000, 1.000000000000000000 ),
 ( 0.000000000000000000, 1.000000000000000000 ),
 .UNSPECIFIED. ) 
 GEOMETRIC_REPRESENTATION_ITEM ( )  RATIONAL_B_SPLINE_SURFACE ( (
 ( 1.000000000000000000, 1.000000000000000000),
 ( 0.7071067811865475727, 0.7071067811865475727),
 ( 1.000000000000000000, 1.000000000000000000) ) ) 
 REPRESENTATION_ITEM ( '' )  SURFACE ( )  );
#192 = CARTESIAN_POINT ( 'NONE',  ( 12.20000000000000462, -111.9999999999999716, -14.00000000000000888 ) ) ;
#193 = CARTESIAN_POINT ( 'NONE',  ( 29.20000000000000639, -112.0000000000000000, 13.99999999999999112 ) ) ;
#194 = ADVANCED_FACE ( 'NONE', ( #209 ), #426, .F. ) ;
#195 = CARTESIAN_POINT ( 'NONE',  ( 17.00000000000000711, -102.6310474485224660, -9.200000000000017053 ) ) ;
#196 = CARTESIAN_POINT ( 'NONE',  ( 32.20000000000000284, -99.63104744852246597, 3.999999999999991562 ) ) ;
#197 = CARTESIAN_POINT ( 'NONE',  ( 12.20000000000000639, -85.75000000000000000, 3.999999999999994671 ) ) ;
#198 = VERTEX_POINT ( 'NONE', #757 ) ;
#199 = CARTESIAN_POINT ( 'NONE',  ( 12.20000000000000639, -112.5236931752464926, 3.999999999998176126 ) ) ;
#200 = B_SPLINE_CURVE_WITH_KNOTS ( 'NONE', 3,
 ( #810, #838, #928, #258, #369, #1161, #588, #1178, #1253, #1275, #1042, #721, #251, #1058, #1283, #36, #163, #488, #715, #1066, #699, #52, #707 ),
 .UNSPECIFIED., .F., .F.,
 ( 4, 1, 1, 1, 1, 1, 2, 2, 2, 1, 1, 1, 1, 2, 2, 4 ),
 ( 0.000000000000000000, 0.1250000000000028866, 0.1875000000000043854, 0.2187500000000049682, 0.2343750000000051625, 0.2421875000000052458, 0.2460937500000052458, 0.2500000000000052180, 0.5000000000000019984, 0.6250000000000002220, 0.6874999999999991118, 0.7187499999999982236, 0.7343749999999975575, 0.7421874999999975575, 0.7499999999999976685, 1.000000000000000000 ),
 .UNSPECIFIED. ) ;
#201 = CARTESIAN_POINT ( 'NONE',  ( 29.20000000000000639, -125.6356174733564188, 3.664470381029918400 ) ) ;
#202 = CARTESIAN_POINT ( 'NONE',  ( 17.20000000000000284, -112.0000000000000000, -6.938893903907228378E-15 ) ) ;
#203 = EDGE_CURVE ( 'NONE', #189, #440, #795, .T. ) ;
#204 = ORIENTED_EDGE ( 'NONE', *, *, #107, .F. ) ;
#205 = DIRECTION ( 'NONE',  ( -0.000000000000000000, -1.000000000000000000, -0.000000000000000000 ) ) ;
#206 = CARTESIAN_POINT ( 'NONE',  ( 22.20000000000000284, -106.6310474485224660, 3.500000000000000000 ) ) ;
#207 = AXIS2_PLACEMENT_3D ( 'NONE', #499, #1278, #165 ) ;
#208 = DIRECTION ( 'NONE',  ( 0.000000000000000000, 0.000000000000000000, -1.000000000000000000 ) ) ;
#209 = FACE_OUTER_BOUND ( 'NONE', #1235, .T. ) ;
#210 = EDGE_CURVE ( 'NONE', #157, #719, #882, .T. ) ;
#211 = AXIS2_PLACEMENT_3D ( 'NONE', #195, #646, #208 ) ;
#212 = ORIENTED_EDGE ( 'NONE', *, *, #1421, .T. ) ;
#213 = CARTESIAN_POINT ( 'NONE',  ( 12.20000000000000462, -102.6310474485224802, -14.00000000001201883 ) ) ;
#214 = LINE ( 'NONE', #1336, #751 ) ;
#215 = PRODUCT_DEFINITION_SHAPE ( 'NONE', 'NONE',  #478 ) ;
#216 = CARTESIAN_POINT ( 'NONE',  ( 32.20000000000000284, -90.68104744852246313, -4.000000000000019540 ) ) ;
#217 = EDGE_LOOP ( 'NONE', ( #1312, #140, #384, #484 ) ) ;
#218 = EDGE_CURVE ( 'NONE', #133, #1451, #592, .T. ) ;
#219 = DIRECTION ( 'NONE',  ( -0.000000000000000000, -1.000000000000000000, -0.000000000000000000 ) ) ;
#220 = EDGE_CURVE ( 'NONE', #1256, #1118, #276, .T. ) ;
#221 = PRODUCT_DEFINITION_CONTEXT ( 'detailed design', #1286, 'design' ) ;
#222 = CARTESIAN_POINT ( 'NONE',  ( 29.20000000000000639, -102.6310474485224660, 13.99999999999999289 ) ) ;
#223 = CARTESIAN_POINT ( 'NONE',  ( 17.00000000000000355, -102.6310474485224660, 16.19999999999999218 ) ) ;
#224 = FACE_OUTER_BOUND ( 'NONE', #732, .T. ) ;
#225 = ORIENTED_EDGE ( 'NONE', *, *, #218, .T. ) ;
#226 = DIRECTION ( 'NONE',  ( 1.000000000000000000, 0.000000000000000000, 0.000000000000000000 ) ) ;
#227 = CARTESIAN_POINT ( 'NONE',  ( 12.20000000000000462, -102.6310474485224802, 13.99999999999999467 ) ) ;
#228 = CARTESIAN_POINT ( 'NONE',  ( 15.20000000000000462, -102.6310474485224660, -14.00000000000001954 ) ) ;
#229 = CARTESIAN_POINT ( 'NONE',  ( 27.20000000000000639, -112.0000000000000000, 11.24999999999998401 ) ) ;
#230 = CARTESIAN_POINT ( 'NONE',  ( 29.20000000000000639, -103.7540316323483154, -14.00000000000001599 ) ) ;
#231 = VERTEX_POINT ( 'NONE', #768 ) ;
#232 = AXIS2_PLACEMENT_3D ( 'NONE', #449, #219, #1107 ) ;
#233 = CARTESIAN_POINT ( 'NONE',  ( 12.20000000000000462, -103.7540316323483296, -4.000000000000017764 ) ) ;
#234 = CARTESIAN_POINT ( 'NONE',  ( 15.20000000000000462, -119.0506657251925731, -12.23300943695963205 ) ) ;
#235 = CARTESIAN_POINT ( 'NONE',  ( 27.20000000000000284, -112.0000000000000000, -6.938893903907228378E-15 ) ) ;
#236 =( BOUNDED_SURFACE ( )  B_SPLINE_SURFACE ( 2, 3, ( 
 ( #574, #337, #785, #311 ),
 ( #876, #912, #1009, #758 ),
 ( #197, #1318, #318, #764 ) ),
 .UNSPECIFIED., .F., .F., .T. ) 
 B_SPLINE_SURFACE_WITH_KNOTS ( ( 3, 3 ),
 ( 4, 4 ),
 ( 0.000000000000000000, 1.000000000000000000 ),
 ( -0.04025000000000000799, -0.01399999999999999856 ),
 .UNSPECIFIED. ) 
 GEOMETRIC_REPRESENTATION_ITEM ( )  RATIONAL_B_SPLINE_SURFACE ( (
 ( 1.000000000000000000, 1.000000000000000000, 1.000000000000000000, 1.000000000000000000),
 ( 0.7071067811865475727, 0.7071067811865475727, 0.7071067811865475727, 0.7071067811865475727),
 ( 1.000000000000000000, 1.000000000000000000, 1.000000000000000000, 1.000000000000000000) ) ) 
 REPRESENTATION_ITEM ( '' )  SURFACE ( )  );
#237 = EDGE_CURVE ( 'NONE', #1453, #996, #1143, .T. ) ;
#238 = SURFACE_SIDE_STYLE ('',( #116 ) ) ;
#239 = EDGE_LOOP ( 'NONE', ( #1012, #988, #915, #765 ) ) ;
#240 = CARTESIAN_POINT ( 'NONE',  ( 29.20000000000000284, -126.0000000000000000, 1.832595695504522615 ) ) ;
#241 = ORIENTED_EDGE ( 'NONE', *, *, #1140, .F. ) ;
#242 = CARTESIAN_POINT ( 'NONE',  ( 17.00000000000000711, -102.6310474485224660, -16.20000000000001705 ) ) ;
#243 = DIRECTION ( 'NONE',  ( 1.000000000000000000, 0.000000000000000000, 0.000000000000000000 ) ) ;
#244 = CARTESIAN_POINT ( 'NONE',  ( 15.20000000000000462, -126.0000000000000000, -1.832595695504536604 ) ) ;
#245 = CARTESIAN_POINT ( 'NONE',  ( 12.20000000000000462, -112.0000000000000000, 3.999999999999989786 ) ) ;
#246 = VERTEX_POINT ( 'NONE', #669 ) ;
#247 = ORIENTED_EDGE ( 'NONE', *, *, #479, .T. ) ;
#248 = CARTESIAN_POINT ( 'NONE',  ( 22.20000000000000284, -106.6310474485224660, -3.500000000000000000 ) ) ;
#249 = PLANE ( 'NONE',  #442 ) ;
#250 = CARTESIAN_POINT ( 'NONE',  ( 13.46194357190659119, -90.68104744852246313, -12.20334247790745685 ) ) ;
#251 = CARTESIAN_POINT ( 'NONE',  ( 31.17478963773164935, -90.68104744852246313, 11.55942257799122430 ) ) ;
#252 = ORIENTED_EDGE ( 'NONE', *, *, #1063, .T. ) ;
#253 = VECTOR ( 'NONE', #504, 1000.000000000000000 ) ;
#254 = ORIENTED_EDGE ( 'NONE', *, *, #49, .F. ) ;
#255 = CARTESIAN_POINT ( 'NONE',  ( 32.20000000000000284, -114.0205318000004411, -3.492530216741925653 ) ) ;
#256 = CARTESIAN_POINT ( 'NONE',  ( 12.20000000000000639, -102.6310474485224660, 3.999999999999993339 ) ) ;
#257 = CARTESIAN_POINT ( 'NONE',  ( 14.45029469651763954, -90.68104744852244892, -13.76596100354264784 ) ) ;
#258 = CARTESIAN_POINT ( 'NONE',  ( 32.09687656718545412, -90.68104744852244892, 6.636768513690554983 ) ) ;
#259 = ORIENTED_EDGE ( 'NONE', *, *, #18, .T. ) ;
#260 = DIRECTION ( 'NONE',  ( -0.000000000000000000, -1.000000000000000000, -0.000000000000000000 ) ) ;
#261 = CARTESIAN_POINT ( 'NONE',  ( 29.20000000000000284, -125.6356174660521532, -3.664470398663987716 ) ) ;
#262 = ORIENTED_EDGE ( 'NONE', *, *, #470, .T. ) ;
#263 = CARTESIAN_POINT ( 'NONE',  ( 29.20000000000000284, -112.0000000000000000, -14.00000000000000888 ) ) ;
#264 = CARTESIAN_POINT ( 'NONE',  ( 12.35303956252798940, -90.68104744852246313, -7.161152810636640886 ) ) ;
#265 = EDGE_CURVE ( 'NONE', #582, #1162, #380, .T. ) ;
#266 = CARTESIAN_POINT ( 'NONE',  ( 22.20000000000000284, -106.6310474485224660, 3.500000000000000000 ) ) ;
#267 = ORIENTED_EDGE ( 'NONE', *, *, #741, .T. ) ;
#268 = CARTESIAN_POINT ( 'NONE',  ( 17.20000000000000284, -112.0000000000000000, -11.24999999999999822 ) ) ;
#269 = CARTESIAN_POINT ( 'NONE',  ( 32.20000000000000995, -126.0000000000000000, -1.832595695504493749 ) ) ;
#270 = B_SPLINE_CURVE_WITH_KNOTS ( 'NONE', 3,
 ( #748, #317, #1299, #1214 ),
 .UNSPECIFIED., .F., .F.,
 ( 4, 4 ),
 ( 0.000000000000000000, 0.5795947273492558782 ),
 .UNSPECIFIED. ) ;
#271 = EDGE_LOOP ( 'NONE', ( #1059, #816, #376, #796 ) ) ;
#272 = CARTESIAN_POINT ( 'NONE',  ( 34.39999999999999858, -102.6310474485224660, 16.19999999999999218 ) ) ;
#273 = FACE_OUTER_BOUND ( 'NONE', #1261, .T. ) ;
#274 =( NAMED_UNIT ( * ) PLANE_ANGLE_UNIT ( ) SI_UNIT ( $, .RADIAN. ) );
#275 = EDGE_LOOP ( 'NONE', ( #85, #883, #334, #1149 ) ) ;
#276 =( BOUNDED_CURVE ( )  B_SPLINE_CURVE ( 2, ( #322, #647, #1317 ),
 .UNSPECIFIED., .F., .F. ) 
 B_SPLINE_CURVE_WITH_KNOTS ( ( 3, 3 ),
 ( 0.000000000000000000, 0.01103812050271935769 ),
 .UNSPECIFIED. ) 
 CURVE ( )  GEOMETRIC_REPRESENTATION_ITEM ( )  RATIONAL_B_SPLINE_CURVE ( ( 1.000000000000000000, 0.7071067811865475727, 1.000000000000000000 ) ) 
 REPRESENTATION_ITEM ( '' )  );
#277 = CARTESIAN_POINT ( 'NONE',  ( 32.20000000000000284, -115.4951455555020345, -2.014475916444622872 ) ) ;
#278 = ORIENTED_EDGE ( 'NONE', *, *, #1255, .T. ) ;
#279 = DIRECTION ( 'NONE',  ( 1.000000000000000000, 0.000000000000000000, 0.000000000000000000 ) ) ;
#280 = AXIS2_PLACEMENT_3D ( 'NONE', #615, #1188, #399 ) ;
#281 = CARTESIAN_POINT ( 'NONE',  ( 12.20000000000000639, -113.0469915424771870, 3.895890704585996733 ) ) ;
#282 = CARTESIAN_POINT ( 'NONE',  ( 15.20000000000000462, -102.6310474485224660, 13.99999999999999289 ) ) ;
#283 = EDGE_CURVE ( 'NONE', #1249, #582, #1344, .T. ) ;
#284 = EDGE_LOOP ( 'NONE', ( #670, #740, #727, #500 ) ) ;
#285 = CARTESIAN_POINT ( 'NONE',  ( 29.20000000000000639, -103.7540316323483438, 13.99999999999998757 ) ) ;
#286 = ADVANCED_FACE ( 'NONE', ( #224 ), #559, .T. ) ;
#287 = VERTEX_POINT ( 'NONE', #1115 ) ;
#288 = CARTESIAN_POINT ( 'NONE',  ( -4.999999999999997335, -112.0000000000000000, -14.00000000000000888 ) ) ;
#289 = CARTESIAN_POINT ( 'NONE',  ( 12.20000000000000639, -114.0144759164463153, -3.495145555504199475 ) ) ;
#290 = CARTESIAN_POINT ( 'NONE',  ( 32.20000000000000284, -102.6310474485224660, 3.999999999999993339 ) ) ;
#291 = CARTESIAN_POINT ( 'NONE',  ( -4.999999999999997335, -112.0000000000000000, 13.99999999999999289 ) ) ;
#292 = CARTESIAN_POINT ( 'NONE',  ( 14.11790544185453555, -90.68104744852250576, 13.32690933147414825 ) ) ;
#293 = CARTESIAN_POINT ( 'NONE',  ( 32.20000000000000995, -125.6356174660534606, 3.664470398667424078 ) ) ;
#294 = VERTEX_POINT ( 'NONE', #1337 ) ;
#295 = ADVANCED_FACE ( 'NONE', ( #7 ), #191, .T. ) ;
#296 = DIRECTION ( 'NONE',  ( 1.000000000000000000, 0.000000000000000000, -2.478176394252581141E-16 ) ) ;
#297 = CARTESIAN_POINT ( 'NONE',  ( 15.20000000000000462, -113.8329261133687282, -14.00000000000001421 ) ) ;
#298 = DIRECTION ( 'NONE',  ( 0.000000000000000000, 1.000000000000000000, 0.000000000000000000 ) ) ;
#299 = LINE ( 'NONE', #747, #540 ) ;
#300 = CARTESIAN_POINT ( 'NONE',  ( 27.40000000000000924, -102.6310474485224660, -9.200000000000017053 ) ) ;
#301 = DIRECTION ( 'NONE',  ( 9.912705577010326536E-16, 0.000000000000000000, -1.000000000000000000 ) ) ;
#302 = VERTEX_POINT ( 'NONE', #1025 ) ;
#303 = CARTESIAN_POINT ( 'NONE',  ( 12.20000000000000462, -103.2499999999999432, -14.00000000003038103 ) ) ;
#304 = AXIS2_PLACEMENT_3D ( 'NONE', #975, #951, #315 ) ;
#305 = CARTESIAN_POINT ( 'NONE',  ( 32.20000000000000284, -99.63104744852246597, -36.00000000000000711 ) ) ;
#306 = AXIS2_PLACEMENT_3D ( 'NONE', #642, #729, #1200 ) ;
#307 = CARTESIAN_POINT ( 'NONE',  ( 12.20000000000000462, -111.9999999999999716, -14.00000000000000888 ) ) ;
#308 = ORIENTED_EDGE ( 'NONE', *, *, #1171, .F. ) ;
#309 = DIRECTION ( 'NONE',  ( -1.000000000000000000, -0.000000000000000000, -0.000000000000000000 ) ) ;
#310 = AXIS2_PLACEMENT_3D ( 'NONE', #1008, #464, #1342 ) ;
#311 = CARTESIAN_POINT ( 'NONE',  ( 15.20000000000000462, -111.9999999999999858, 13.99999999999999112 ) ) ;
#312 = ORIENTED_EDGE ( 'NONE', *, *, #962, .T. ) ;
#313 = CARTESIAN_POINT ( 'NONE',  ( 12.20000000000000639, -85.75000000000000000, -4.000000000000017764 ) ) ;
#314 = CARTESIAN_POINT ( 'NONE',  ( 27.40000000000000924, -90.68104744852246313, -16.20000000000001705 ) ) ;
#315 = DIRECTION ( 'NONE',  ( 0.000000000000000000, 0.000000000000000000, -1.000000000000000000 ) ) ;
#316 = EDGE_CURVE ( 'NONE', #302, #391, #1359, .T. ) ;
#317 = CARTESIAN_POINT ( 'NONE',  ( 15.20000000000000462, -107.8770158161741648, -14.00000000000001776 ) ) ;
#318 = CARTESIAN_POINT ( 'NONE',  ( 12.20000000000000639, -103.2499999999999574, 3.999999999999991562 ) ) ;
#319 = VERTEX_POINT ( 'NONE', #552 ) ;
#320 = CARTESIAN_POINT ( 'NONE',  ( 32.20000000000000284, -103.7540316323483154, 3.999999999999987121 ) ) ;
#321 = CARTESIAN_POINT ( 'NONE',  ( 29.19999999999999929, -124.2330094369596338, 7.050665725192586386 ) ) ;
#322 = CARTESIAN_POINT ( 'NONE',  ( 15.20000000000000462, -99.63104744852246597, -14.00000000000001776 ) ) ;
#323 = VERTEX_POINT ( 'NONE', #1005 ) ;
#324 = MANIFOLD_SOLID_BREP ( '<Test2>-<Cut-Extrude4>', #958 ) ;
#325 = CARTESIAN_POINT ( 'NONE',  ( 12.20000000000000462, -107.8770158161741648, -4.000000000000023093 ) ) ;
#326 = CARTESIAN_POINT ( 'NONE',  ( 15.20000000000000462, -125.9999999999999716, -1.832595714594084546 ) ) ;
#327 = CIRCLE ( 'NONE', #495, 3.500000000000000000 ) ;
#328 = EDGE_CURVE ( 'NONE', #1043, #198, #1414, .T. ) ;
#329 = ORIENTED_EDGE ( 'NONE', *, *, #1302, .F. ) ;
#330 = CARTESIAN_POINT ( 'NONE',  ( 32.20000000000000284, -116.0000987235178513, -0.5299361793589806302 ) ) ;
#331 = CARTESIAN_POINT ( 'NONE',  ( 32.20000000000000284, -85.75000000000000000, 3.999999999999994671 ) ) ;
#332 =( NAMED_UNIT ( * ) PLANE_ANGLE_UNIT ( ) SI_UNIT ( $, .RADIAN. ) );
#333 = ORIENTED_EDGE ( 'NONE', *, *, #1368, .T. ) ;
#334 = ORIENTED_EDGE ( 'NONE', *, *, #203, .T. ) ;
#335 = CARTESIAN_POINT ( 'NONE',  ( 32.20000000000000284, -115.9999012764821629, 0.5299361793589807412 ) ) ;
#336 = DIRECTION ( 'NONE',  ( 1.000000000000000000, 0.000000000000000000, -2.478176394252581141E-16 ) ) ;
#337 = CARTESIAN_POINT ( 'NONE',  ( 15.20000000000000462, -94.50000000000005684, 13.99999999999999289 ) ) ;
#338 = MANIFOLD_SOLID_BREP ( '<Test2>-<Boss-Extrude2>', #636 ) ;
#339 =( BOUNDED_SURFACE ( )  B_SPLINE_SURFACE ( 2, 3, ( 
 ( #920, #735, #1190, #966 ),
 ( #632, #303, #394, #1080 ),
 ( #1396, #942, #72, #313 ) ),
 .UNSPECIFIED., .F., .F., .F. ) 
 B_SPLINE_SURFACE_WITH_KNOTS ( ( 3, 3 ),
 ( 4, 4 ),
 ( 0.000000000000000000, 1.000000000000000000 ),
 ( 0.01399999999999999856, 0.04025000000000000799 ),
 .UNSPECIFIED. ) 
 GEOMETRIC_REPRESENTATION_ITEM ( )  RATIONAL_B_SPLINE_SURFACE ( (
 ( 1.000000000000000000, 1.000000000000000000, 1.000000000000000000, 1.000000000000000000),
 ( 0.7071067811865475727, 0.7071067811865475727, 0.7071067811865475727, 0.7071067811865475727),
 ( 1.000000000000000000, 1.000000000000000000, 1.000000000000000000, 1.000000000000000000) ) ) 
 REPRESENTATION_ITEM ( '' )  SURFACE ( )  );
#340 = ORIENTED_EDGE ( 'NONE', *, *, #174, .T. ) ;
#341 = DIRECTION ( 'NONE',  ( 0.000000000000000000, 0.000000000000000000, 1.000000000000000000 ) ) ;
#342 = EDGE_CURVE ( 'NONE', #294, #198, #775, .T. ) ;
#343 = FACE_OUTER_BOUND ( 'NONE', #608, .T. ) ;
#344 = CARTESIAN_POINT ( 'NONE',  ( 31.91884864503114727, -90.68104744852247734, -8.234030696834370389 ) ) ;
#345 = CARTESIAN_POINT ( 'NONE',  ( 12.20000000000000284, -116.0000987235178513, 0.5299361793589669745 ) ) ;
#346 = VECTOR ( 'NONE', #83, 1000.000000000000000 ) ;
#347 = ORIENTED_EDGE ( 'NONE', *, *, #1365, .T. ) ;
#348 = AXIS2_PLACEMENT_3D ( 'NONE', #401, #190, #850 ) ;
#349 = CARTESIAN_POINT ( 'NONE',  ( 29.20000000000000284, -126.0000000000000000, -1.832595695504491973 ) ) ;
#350 = AXIS2_PLACEMENT_3D ( 'NONE', #1309, #411, #861 ) ;
#351 = CARTESIAN_POINT ( 'NONE',  ( 32.20000000000000995, -102.6310474485224802, 14.00000000000899192 ) ) ;
#352 = CARTESIAN_POINT ( 'NONE',  ( 15.20000000000000639, -113.8325957145940635, 13.99999999999998934 ) ) ;
#353 = CARTESIAN_POINT ( 'NONE',  ( 27.20000000000000639, -112.0000000000000000, -6.938893903907228378E-15 ) ) ;
#354 = SURFACE_STYLE_USAGE ( .BOTH. , #1 ) ;
#355 = B_SPLINE_CURVE_WITH_KNOTS ( 'NONE', 3,
 ( #1327, #233, #325, #982 ),
 .UNSPECIFIED., .F., .F.,
 ( 4, 4 ),
 ( 0.5052418979408991317, 1.000000000000000000 ),
 .UNSPECIFIED. ) ;
#356 = ORIENTED_EDGE ( 'NONE', *, *, #1151, .T. ) ;
#357 = CARTESIAN_POINT ( 'NONE',  ( 29.20000000000000284, -120.6036540931470427, -11.19533578007630581 ) ) ;
#358 = CARTESIAN_POINT ( 'NONE',  ( 32.20000000000000995, -90.68104744852244892, 14.00000000000899192 ) ) ;
#359 = CARTESIAN_POINT ( 'NONE',  ( 32.20000000000000284, -111.9999999999999858, -4.000000000000022204 ) ) ;
#360 = PLANE ( 'NONE',  #1258 ) ;
#361 = EDGE_CURVE ( 'NONE', #23, #164, #200, .T. ) ;
#362 = DIRECTION ( 'NONE',  ( 1.000000000000000000, 0.000000000000000000, 0.000000000000000000 ) ) ;
#363 = EDGE_CURVE ( 'NONE', #597, #370, #1169, .T. ) ;
#364 = ORIENTED_EDGE ( 'NONE', *, *, #136, .T. ) ;
#365 = ORIENTED_EDGE ( 'NONE', *, *, #1044, .F. ) ;
#366 = CARTESIAN_POINT ( 'NONE',  ( 32.20000000000000995, -113.0409356589203327, -3.898506043348388239 ) ) ;
#367 = FACE_BOUND ( 'NONE', #787, .T. ) ;
#368 = CYLINDRICAL_SURFACE ( 'NONE', #490, 11.24999999999999112 ) ;
#369 = CARTESIAN_POINT ( 'NONE',  ( 32.04696043747201628, -90.68104744852246313, 7.161310386958098739 ) ) ;
#370 = VERTEX_POINT ( 'NONE', #282 ) ;
#371 = CARTESIAN_POINT ( 'NONE',  ( 13.37149713443323762, -90.68104744852246313, 12.04696436661359904 ) ) ;
#372 = VECTOR ( 'NONE', #938, 1000.000000000000000 ) ;
#373 = CARTESIAN_POINT ( 'NONE',  ( 29.20000000000000284, -119.0506657075522696, -12.23300944426648584 ) ) ;
#374 = EDGE_CURVE ( 'NONE', #780, #189, #612, .T. ) ;
#375 = VECTOR ( 'NONE', #279, 1000.000000000000000 ) ;
#376 = ORIENTED_EDGE ( 'NONE', *, *, #421, .F. ) ;
#377 = B_SPLINE_CURVE_WITH_KNOTS ( 'NONE', 3,
 ( #1449, #352, #5, #773, #550, #1328, #457, #784, #100, #326, #1129, #1002, #790, #1220, #234, #436, #1109, #120 ),
 .UNSPECIFIED., .F., .F.,
 ( 4, 2, 2, 2, 2, 2, 2, 2, 4 ),
 ( 0.000000000000000000, 0.1249999999999997780, 0.2499999999999995559, 0.3749999999999993339, 0.4999999999999994449, 0.6249999999999995559, 0.7499999999999996669, 0.8749999999999997780, 1.000000000000000000 ),
 .UNSPECIFIED. ) ;
#378 = EDGE_CURVE ( 'NONE', #923, #582, #1267, .T. ) ;
#379 = CARTESIAN_POINT ( 'NONE',  ( 32.20000000000000284, -112.0000000000000000, -4.000000000000003553 ) ) ;
#380 = CIRCLE ( 'NONE', #1285, 6.999999999999999112 ) ;
#381 = CARTESIAN_POINT ( 'NONE',  ( 32.20000000000000995, -85.75000000000000000, -14.00000000000001954 ) ) ;
#382 = CARTESIAN_POINT ( 'NONE',  ( 13.92967882632532195, -90.68104744852246313, -13.06257943992680026 ) ) ;
#383 = DIRECTION ( 'NONE',  ( 0.000000000000000000, 1.000000000000000000, 0.000000000000000000 ) ) ;
#384 = ORIENTED_EDGE ( 'NONE', *, *, #762, .T. ) ;
#385 = CARTESIAN_POINT ( 'NONE',  ( 14.40909102156799726, -90.68104744852246313, 13.65625522395148295 ) ) ;
#386 =( BOUNDED_SURFACE ( )  B_SPLINE_SURFACE ( 2, 1, ( 
 ( #936, #1030 ),
 ( #351, #358 ),
 ( #704, #817 ) ),
 .UNSPECIFIED., .F., .F., .T. ) 
 B_SPLINE_SURFACE_WITH_KNOTS ( ( 3, 3 ),
 ( 2, 2 ),
 ( 0.000000000000000000, 1.000000000000000000 ),
 ( 0.000000000000000000, 1.000000000000000000 ),
 .UNSPECIFIED. ) 
 GEOMETRIC_REPRESENTATION_ITEM ( )  RATIONAL_B_SPLINE_SURFACE ( (
 ( 1.000000000000000000, 1.000000000000000000),
 ( 0.7071067811865475727, 0.7071067811865475727),
 ( 1.000000000000000000, 1.000000000000000000) ) ) 
 REPRESENTATION_ITEM ( '' )  SURFACE ( )  );
#387 = CARTESIAN_POINT ( 'NONE',  ( 32.20000000000004547, -120.6036540931457353, 11.19533578007670371 ) ) ;
#388 = ORIENTED_EDGE ( 'NONE', *, *, #18, .F. ) ;
#389 = CARTESIAN_POINT ( 'NONE',  ( 12.20000000000000462, -99.63104744852246597, -36.00000000000000711 ) ) ;
#390 = DIRECTION ( 'NONE',  ( 1.000000000000000000, 0.000000000000000000, 0.000000000000000000 ) ) ;
#391 = VERTEX_POINT ( 'NONE', #829 ) ;
#392 = DIRECTION ( 'NONE',  ( 0.000000000000000000, 1.000000000000000000, 0.000000000000000000 ) ) ;
#393 = ORIENTED_EDGE ( 'NONE', *, *, #265, .T. ) ;
#394 = CARTESIAN_POINT ( 'NONE',  ( 12.20000000000000462, -94.50000000000007105, -14.00000000000001954 ) ) ;
#395 = CARTESIAN_POINT ( 'NONE',  ( 34.40000000000000568, -102.6310474485224660, -9.200000000000015277 ) ) ;
#396 = EDGE_CURVE ( 'NONE', #543, #61, #28, .T. ) ;
#397 = LINE ( 'NONE', #731, #422 ) ;
#398 = ORIENTED_EDGE ( 'NONE', *, *, #1151, .F. ) ;
#399 = DIRECTION ( 'NONE',  ( 0.000000000000000000, 0.000000000000000000, -1.000000000000000000 ) ) ;
#400 = EDGE_LOOP ( 'NONE', ( #1079, #1242, #1254, #46 ) ) ;
#401 = CARTESIAN_POINT ( 'NONE',  ( 88.99797974644665999, -112.0000000000000000, -6.938893903907228378E-15 ) ) ;
#402 = AXIS2_PLACEMENT_3D ( 'NONE', #556, #779, #1357 ) ;
#403 = VECTOR ( 'NONE', #584, 1000.000000000000000 ) ;
#404 = CARTESIAN_POINT ( 'NONE',  ( 15.20000000000000462, -102.6310474485224660, 13.99999999999999289 ) ) ;
#405 = EDGE_CURVE ( 'NONE', #497, #1043, #78, .T. ) ;
#406 = CARTESIAN_POINT ( 'NONE',  ( 32.20000000000000284, -113.0469915424744158, 3.895890704586090880 ) ) ;
#407 = ORIENTED_EDGE ( 'NONE', *, *, #980, .T. ) ;
#408 =( LENGTH_UNIT ( ) NAMED_UNIT ( * ) SI_UNIT ( .MILLI., .METRE. ) );
#409 = CARTESIAN_POINT ( 'NONE',  ( 29.20000000000000639, -99.63104744852246597, -14.00000000000001954 ) ) ;
#410 = DIRECTION ( 'NONE',  ( 0.000000000000000000, 1.000000000000000000, 0.000000000000000000 ) ) ;
#411 = DIRECTION ( 'NONE',  ( 1.000000000000000000, 0.000000000000000000, -0.000000000000000000 ) ) ;
#412 = DIRECTION ( 'NONE',  ( 0.000000000000000000, 0.000000000000000000, 1.000000000000000000 ) ) ;
#413 = EDGE_LOOP ( 'NONE', ( #877, #1241, #347, #1216 ) ) ;
#414 = LINE ( 'NONE', #420, #1000 ) ;
#415 = CARTESIAN_POINT ( 'NONE',  ( 12.20000000000046292, -115.6644703986701330, 13.63561746604878699 ) ) ;
#416 = CARTESIAN_POINT ( 'NONE',  ( 22.20000000000000284, -106.6310474485224660, 0.000000000000000000 ) ) ;
#417 = CARTESIAN_POINT ( 'NONE',  ( 15.20000000000000462, -103.7540316323483154, 13.99999999999998757 ) ) ;
#418 = LINE ( 'NONE', #223, #933 ) ;
#419 = ORIENTED_EDGE ( 'NONE', *, *, #803, .F. ) ;
#420 = CARTESIAN_POINT ( 'NONE',  ( 27.40000000000000924, -102.6310474485224660, -16.20000000000001705 ) ) ;
#421 = EDGE_CURVE ( 'NONE', #440, #157, #58, .T. ) ;
#422 = VECTOR ( 'NONE', #511, 1000.000000000000000 ) ;
#423 = CARTESIAN_POINT ( 'NONE',  ( 15.20000000000000462, -115.6644703986620186, -13.63561746605296676 ) ) ;
#424 = VECTOR ( 'NONE', #151, 1000.000000000000000 ) ;
#425 = CARTESIAN_POINT ( 'NONE',  ( 29.20000000000000284, -126.0000000000000000, -1.832595714594055236 ) ) ;
#426 = PLANE ( 'NONE',  #350 ) ;
#427 = CARTESIAN_POINT ( 'NONE',  ( 30.28210975300474317, -90.68104744852246313, -13.32690933147416779 ) ) ;
#428 = ORIENTED_EDGE ( 'NONE', *, *, #1133, .T. ) ;
#429 = DIRECTION ( 'NONE',  ( -1.000000000000000000, 0.000000000000000000, -0.000000000000000000 ) ) ;
#430 =( BOUNDED_SURFACE ( )  B_SPLINE_SURFACE ( 2, 1, ( 
 ( #577, #696 ),
 ( #1142, #1159 ),
 ( #1038, #593 ) ),
 .UNSPECIFIED., .F., .F., .T. ) 
 B_SPLINE_SURFACE_WITH_KNOTS ( ( 3, 3 ),
 ( 2, 2 ),
 ( 0.000000000000000000, 1.000000000000000000 ),
 ( 0.000000000000000000, 1.000000000000000000 ),
 .UNSPECIFIED. ) 
 GEOMETRIC_REPRESENTATION_ITEM ( )  RATIONAL_B_SPLINE_SURFACE ( (
 ( 1.000000000000000000, 1.000000000000000000),
 ( 0.7071067811865475727, 0.7071067811865475727),
 ( 1.000000000000000000, 1.000000000000000000) ) ) 
 REPRESENTATION_ITEM ( '' )  SURFACE ( )  );
#431 = UNCERTAINTY_MEASURE_WITH_UNIT (LENGTH_MEASURE( 1.000000000000000082E-05 ), #408, 'distance_accuracy_value', 'NONE');
#432 = DIRECTION ( 'NONE',  ( 0.000000000000000000, 1.000000000000000000, 0.000000000000000000 ) ) ;
#433 = CARTESIAN_POINT ( 'NONE',  ( 29.20000000000000639, -102.6310474485224660, 13.99999999999999289 ) ) ;
#434 = ORIENTED_EDGE ( 'NONE', *, *, #1202, .F. ) ;
#435 = CARTESIAN_POINT ( 'NONE',  ( 32.20000000000000284, -90.68104744852246313, -4.000000000000019540 ) ) ;
#436 = CARTESIAN_POINT ( 'NONE',  ( 15.20000000000000817, -115.6644703810299291, -13.63561747335644014 ) ) ;
#437 = EDGE_CURVE ( 'NONE', #1127, #839, #397, .T. ) ;
#438 = CARTESIAN_POINT ( 'NONE',  ( 12.20000000000000284, -115.8984071347363312, -1.041174319668862092 ) ) ;
#439 = EDGE_CURVE ( 'NONE', #198, #1447, #462, .T. ) ;
#440 = VERTEX_POINT ( 'NONE', #1408 ) ;
#441 = CARTESIAN_POINT ( 'NONE',  ( 32.20000000000000284, -115.4926291253539716, 2.020293139251843506 ) ) ;
#442 = AXIS2_PLACEMENT_3D ( 'NONE', #697, #1144, #578 ) ;
#443 = CARTESIAN_POINT ( 'NONE',  ( 32.20000000000000284, -102.6310474485224660, -4.000000000000019540 ) ) ;
#444 = CIRCLE ( 'NONE', #232, 6.999999999999999112 ) ;
#445 =( BOUNDED_CURVE ( )  B_SPLINE_CURVE ( 2, ( #31, #1401, #1180 ),
 .UNSPECIFIED., .F., .T. ) 
 B_SPLINE_CURVE_WITH_KNOTS ( ( 3, 3 ),
 ( 0.000000000000000000, 1.000000000000000000 ),
 .UNSPECIFIED. ) 
 CURVE ( )  GEOMETRIC_REPRESENTATION_ITEM ( )  RATIONAL_B_SPLINE_CURVE ( ( 1.000000000000000000, 0.7071067811865475727, 1.000000000000000000 ) ) 
 REPRESENTATION_ITEM ( '' )  );
#446 = FILL_AREA_STYLE ('',( #14 ) ) ;
#447 = AXIS2_PLACEMENT_3D ( 'NONE', #202, #309, #526 ) ;
#448 = EDGE_LOOP ( 'NONE', ( #204, #776, #576, #474 ) ) ;
#449 = CARTESIAN_POINT ( 'NONE',  ( 17.00000000000000355, -90.68104744852246313, 9.199999999999992184 ) ) ;
#450 = DIRECTION ( 'NONE',  ( -0.000000000000000000, -1.000000000000000000, -0.000000000000000000 ) ) ;
#451 = LINE ( 'NONE', #897, #1407 ) ;
#452 = CARTESIAN_POINT ( 'NONE',  ( 12.20000000000000284, -115.4928115426343140, 2.020368698959866816 ) ) ;
#453 = ORIENTED_EDGE ( 'NONE', *, *, #901, .T. ) ;
#454 = ADVANCED_FACE ( 'NONE', ( #1439 ), #761, .F. ) ;
#455 = PRODUCT_CONTEXT ( 'NONE', #960, 'mechanical' ) ;
#456 = DIRECTION ( 'NONE',  ( 0.000000000000000000, 0.000000000000000000, -1.000000000000000000 ) ) ;
#457 = CARTESIAN_POINT ( 'NONE',  ( 15.20000000000000284, -124.2330094369596196, 7.050665725192565958 ) ) ;
#458 = CARTESIAN_POINT ( 'NONE',  ( 31.84064469922082807, -90.68104744852246313, -8.770345441831997491 ) ) ;
#459 = PRESENTATION_STYLE_ASSIGNMENT (( #354 ) ) ;
#460 = ORIENTED_EDGE ( 'NONE', *, *, #962, .F. ) ;
#461 = FACE_OUTER_BOUND ( 'NONE', #1139, .T. ) ;
#462 = B_SPLINE_CURVE_WITH_KNOTS ( 'NONE', 3,
 ( #169, #874, #644, #74, #745, #756, #880, #1083, #425, #1207, #201, #321, #538, #1291, #626, #1306, #767, #1090 ),
 .UNSPECIFIED., .F., .F.,
 ( 4, 2, 2, 2, 2, 2, 2, 2, 4 ),
 ( 0.000000000000000000, 0.1250000000000000000, 0.2500000000000000000, 0.3750000000000000000, 0.5000000000000000000, 0.6250000000000000000, 0.7500000000000000000, 0.8750000000000000000, 1.000000000000000000 ),
 .UNSPECIFIED. ) ;
#463 = LINE ( 'NONE', #1371, #793 ) ;
#464 = DIRECTION ( 'NONE',  ( 0.000000000000000000, 1.000000000000000000, 0.000000000000000000 ) ) ;
#465 = DIRECTION ( 'NONE',  ( 0.000000000000000000, 1.000000000000000000, 0.000000000000000000 ) ) ;
#466 = DIRECTION ( 'NONE',  ( 0.000000000000000000, 0.000000000000000000, 1.000000000000000000 ) ) ;
#467 = CIRCLE ( 'NONE', #1217, 14.00000000000000000 ) ;
#468 = ORIENTED_EDGE ( 'NONE', *, *, #995, .T. ) ;
#469 = DIRECTION ( 'NONE',  ( 0.000000000000000000, 0.000000000000000000, 1.000000000000000000 ) ) ;
#470 = EDGE_CURVE ( 'NONE', #370, #55, #1074, .T. ) ;
#471 = PLANE ( 'NONE',  #1432 ) ;
#472 = CARTESIAN_POINT ( 'NONE',  ( 12.20000000000000639, -102.6310474485224660, -4.000000000000019540 ) ) ;
#473 = DIRECTION ( 'NONE',  ( -1.000000000000000000, 0.000000000000000000, -0.000000000000000000 ) ) ;
#474 = ORIENTED_EDGE ( 'NONE', *, *, #220, .F. ) ;
#475 = VERTEX_POINT ( 'NONE', #1425 ) ;
#476 = CARTESIAN_POINT ( 'NONE',  ( 32.20000000000000995, -111.9999999999999858, -14.00000000000002487 ) ) ;
#477 = CARTESIAN_POINT ( 'NONE',  ( 12.20000000000000639, -90.68104744852246313, 3.999999999999993339 ) ) ;
#478 = PRODUCT_DEFINITION ( 'UNKNOWN', '', #1170, #221 ) ;
#479 = EDGE_CURVE ( 'NONE', #600, #597, #1332, .T. ) ;
#480 = CARTESIAN_POINT ( 'NONE',  ( 32.20000000000000284, -99.63104744852246597, -14.00000000000002132 ) ) ;
#481 = ORIENTED_EDGE ( 'NONE', *, *, #837, .T. ) ;
#482 = EDGE_CURVE ( 'NONE', #319, #294, #176, .T. ) ;
#483 = CARTESIAN_POINT ( 'NONE',  ( 29.20000000000000284, -112.0000000000000000, -14.00000000000000711 ) ) ;
#484 = ORIENTED_EDGE ( 'NONE', *, *, #105, .F. ) ;
#485 = CARTESIAN_POINT ( 'NONE',  ( 17.20000000000000284, 0.000000000000000000, 0.000000000000000000 ) ) ;
#486 = CARTESIAN_POINT ( 'NONE',  ( 29.20000000000000639, -103.2499999999999574, -14.00000000000002132 ) ) ;
#487 = DIRECTION ( 'NONE',  ( -1.000000000000000000, 0.000000000000000000, 0.000000000000000000 ) ) ;
#488 = CARTESIAN_POINT ( 'NONE',  ( 30.35218010167793423, -90.68104744852246313, 13.23325905311065931 ) ) ;
#489 = EDGE_LOOP ( 'NONE', ( #1392, #641, #806, #1006 ) ) ;
#490 = AXIS2_PLACEMENT_3D ( 'NONE', #353, #487, #926 ) ;
#491 = CARTESIAN_POINT ( 'NONE',  ( 32.20000000000004547, -123.1953357800762916, -8.603654093147490300 ) ) ;
#492 = VECTOR ( 'NONE', #1088, 1000.000000000000000 ) ;
#493 = ORIENTED_EDGE ( 'NONE', *, *, #1041, .T. ) ;
#494 = DIRECTION ( 'NONE',  ( -3.771137991253925615E-16, 0.000000000000000000, 1.000000000000000000 ) ) ;
#495 = AXIS2_PLACEMENT_3D ( 'NONE', #917, #587, #35 ) ;
#496 = CARTESIAN_POINT ( 'NONE',  ( 10.00000000000000888, -102.6310474485224660, -16.20000000000001705 ) ) ;
#497 = VERTEX_POINT ( 'NONE', #524 ) ;
#498 = CARTESIAN_POINT ( 'NONE',  ( 12.20000000000000639, -90.68104744852246313, 5.271829584362389909 ) ) ;
#499 = CARTESIAN_POINT ( 'NONE',  ( 40.40000000000000568, -12.00000000000000000, 14.00000000000000000 ) ) ;
#500 = ORIENTED_EDGE ( 'NONE', *, *, #980, .F. ) ;
#501 = ADVANCED_FACE ( 'NONE', ( #66 ), #1417, .F. ) ;
#502 = LINE ( 'NONE', #1429, #1452 ) ;
#503 = FACE_OUTER_BOUND ( 'NONE', #1436, .T. ) ;
#504 = DIRECTION ( 'NONE',  ( 0.000000000000000000, 1.000000000000000000, 0.000000000000000000 ) ) ;
#505 = ORIENTED_EDGE ( 'NONE', *, *, #218, .F. ) ;
#506 = CARTESIAN_POINT ( 'NONE',  ( 32.20000000000000284, -116.0000000000000000, 0.5235987701441449094 ) ) ;
#507 = ORIENTED_EDGE ( 'NONE', *, *, #1304, .T. ) ;
#508 = CARTESIAN_POINT ( 'NONE',  ( 29.20000000000000284, -112.0000000000000000, 13.99999999999999289 ) ) ;
#509 = CARTESIAN_POINT ( 'NONE',  ( 12.20000000000000639, -111.9999999999999858, -4.000000000000007105 ) ) ;
#510 = EDGE_CURVE ( 'NONE', #1453, #30, #645, .T. ) ;
#511 = DIRECTION ( 'NONE',  ( 0.000000000000000000, 1.000000000000000000, 0.000000000000000000 ) ) ;
#512 = CARTESIAN_POINT ( 'NONE',  ( 15.20000000000000462, -90.68104744852246313, 13.99999999999999289 ) ) ;
#513 = CARTESIAN_POINT ( 'NONE',  ( 32.20000000000000284, -115.1986673657366111, -2.458186883756347196 ) ) ;
#514 = ORIENTED_EDGE ( 'NONE', *, *, #67, .F. ) ;
#515 = CARTESIAN_POINT ( 'NONE',  ( 12.20000000000000639, -99.63104744852248018, 3.999999999999991562 ) ) ;
#516 = CARTESIAN_POINT ( 'NONE',  ( 12.19999999999955342, -119.0506657075523833, 12.23300944426723547 ) ) ;
#517 = CARTESIAN_POINT ( 'NONE',  ( 12.20000000000000462, -111.9999999999999858, -4.000000000000003553 ) ) ;
#518 = DIRECTION ( 'NONE',  ( -1.000000000000000000, 0.000000000000000000, -0.000000000000000000 ) ) ;
#519 = CARTESIAN_POINT ( 'NONE',  ( 15.20000000000000462, -107.8770158161741506, 13.99999999999998579 ) ) ;
#520 = CARTESIAN_POINT ( 'NONE',  ( 32.20000000000000284, -112.5236931752464926, -3.999999999998189892 ) ) ;
#521 = ORIENTED_EDGE ( 'NONE', *, *, #1140, .T. ) ;
#522 = CYLINDRICAL_SURFACE ( 'NONE', #675, 7.000000000000000000 ) ;
#523 = LINE ( 'NONE', #305, #998 ) ;
#524 = CARTESIAN_POINT ( 'NONE',  ( 32.20000000000000284, -99.63104744852246597, -4.000000000000019540 ) ) ;
#525 = EDGE_CURVE ( 'NONE', #616, #944, #1298, .T. ) ;
#526 = DIRECTION ( 'NONE',  ( 0.000000000000000000, 0.000000000000000000, 1.000000000000000000 ) ) ;
#527 = CARTESIAN_POINT ( 'NONE',  ( 31.46780481848802324, -90.68104744852246313, -10.58270532091614236 ) ) ;
#528 = CARTESIAN_POINT ( 'NONE',  ( 32.20000000000000284, -102.6310474485224660, -4.000000000000019540 ) ) ;
#529 = ADVANCED_FACE ( 'NONE', ( #637 ), #853, .F. ) ;
#530 = VERTEX_POINT ( 'NONE', #657 ) ;
#531 = CARTESIAN_POINT ( 'NONE',  ( 12.20000000000000639, -114.4581868837557863, 3.198667365736029833 ) ) ;
#532 = LINE ( 'NONE', #433, #187 ) ;
#533 = DIRECTION ( 'NONE',  ( 0.000000000000000000, 1.000000000000000000, 1.734723475976807094E-16 ) ) ;
#534 = ORIENTED_EDGE ( 'NONE', *, *, #971, .F. ) ;
#535 = AXIS2_PLACEMENT_3D ( 'NONE', #989, #673, #1121 ) ;
#536 = CARTESIAN_POINT ( 'NONE',  ( 12.20000000000000639, -102.6310474485224660, 3.999999999999993339 ) ) ;
#537 = AXIS2_PLACEMENT_3D ( 'NONE', #1048, #17, #799 ) ;
#538 = CARTESIAN_POINT ( 'NONE',  ( 29.20000000000000639, -123.1953357935745430, 8.603654079648800135 ) ) ;
#539 =( BOUNDED_CURVE ( )  B_SPLINE_CURVE ( 2, ( #63, #1297, #73 ),
 .UNSPECIFIED., .F., .T. ) 
 B_SPLINE_CURVE_WITH_KNOTS ( ( 3, 3 ),
 ( 0.000000000000000000, 1.000000000000000000 ),
 .UNSPECIFIED. ) 
 CURVE ( )  GEOMETRIC_REPRESENTATION_ITEM ( )  RATIONAL_B_SPLINE_CURVE ( ( 1.000000000000000000, 0.7071067811865475727, 1.000000000000000000 ) ) 
 REPRESENTATION_ITEM ( '' )  );
#540 = VECTOR ( 'NONE', #1308, 1000.000000000000000 ) ;
#541 = ORIENTED_EDGE ( 'NONE', *, *, #396, .T. ) ;
#542 = CARTESIAN_POINT ( 'NONE',  ( 15.20000000000000462, -112.0000000000000000, 13.99999999999999289 ) ) ;
#543 = VERTEX_POINT ( 'NONE', #206 ) ;
#544 = ADVANCED_FACE ( 'NONE', ( #1186 ), #128, .T. ) ;
#545 = CARTESIAN_POINT ( 'NONE',  ( 32.20000000000000995, -113.0410986967470137, 3.898224780651252885 ) ) ;
#546 = CARTESIAN_POINT ( 'NONE',  ( 32.20000000000000284, -102.6310474485224802, -14.00000000000002132 ) ) ;
#547 = CARTESIAN_POINT ( 'NONE',  ( 12.20000000000000462, -114.4536358506616693, -3.203078782685915726 ) ) ;
#548 = EDGE_LOOP ( 'NONE', ( #170, #892, #825, #1233 ) ) ;
#549 = DIRECTION ( 'NONE',  ( 0.000000000000000000, 1.000000000000000000, 0.000000000000000000 ) ) ;
#550 = CARTESIAN_POINT ( 'NONE',  ( 15.20000000000000107, -120.6036540796488055, 11.19533579357450748 ) ) ;
#551 = ADVANCED_FACE ( 'NONE', ( #343 ), #662, .T. ) ;
#552 = CARTESIAN_POINT ( 'NONE',  ( 17.20000000000000284, -112.0000000000000000, -14.00000000000001243 ) ) ;
#553 = ORIENTED_EDGE ( 'NONE', *, *, #666, .T. ) ;
#554 = CARTESIAN_POINT ( 'NONE',  ( 12.20000000000000639, -99.63104744852248018, -4.000000000000018652 ) ) ;
#555 = VECTOR ( 'NONE', #1013, 1000.000000000000000 ) ;
#556 = CARTESIAN_POINT ( 'NONE',  ( 12.20000000000000639, -102.6310474485224660, 3.999999999999993339 ) ) ;
#557 = DIRECTION ( 'NONE',  ( -1.000000000000000000, -0.000000000000000000, -0.000000000000000000 ) ) ;
#558 = AXIS2_PLACEMENT_3D ( 'NONE', #789, #549, #884 ) ;
#559 = CYLINDRICAL_SURFACE ( 'NONE', #69, 14.00000000000000000 ) ;
#560 = AXIS2_PLACEMENT_3D ( 'NONE', #590, #260, #709 ) ;
#561 = ORIENTED_EDGE ( 'NONE', *, *, #220, .T. ) ;
#562 = CARTESIAN_POINT ( 'NONE',  ( 29.20000000000000284, -124.2330094442650079, 7.050665707555803685 ) ) ;
#563 = ORIENTED_EDGE ( 'NONE', *, *, #909, .F. ) ;
#564 = CARTESIAN_POINT ( 'NONE',  ( 32.20000000000000284, -115.2030787826944618, -2.453635850658118844 ) ) ;
#565 = CARTESIAN_POINT ( 'NONE',  ( 29.20000000000000639, -102.6310474485224660, -14.00000000000002309 ) ) ;
#566 = CARTESIAN_POINT ( 'NONE',  ( 30.25989578000641700, -90.68104744852249155, -13.35524999120157297 ) ) ;
#567 = CARTESIAN_POINT ( 'NONE',  ( 12.20000000000000284, -114.4537754667979499, 3.203218398834255076 ) ) ;
#568 = ORIENTED_EDGE ( 'NONE', *, *, #783, .T. ) ;
#569 = LINE ( 'NONE', #813, #555 ) ;
#570 = EDGE_CURVE ( 'NONE', #1127, #616, #911, .T. ) ;
#571 = CARTESIAN_POINT ( 'NONE',  ( 12.20000000000000462, -107.8770158161741506, 3.999999999999990674 ) ) ;
#572 = UNCERTAINTY_MEASURE_WITH_UNIT (LENGTH_MEASURE( 1.000000000000000082E-05 ), #821, 'distance_accuracy_value', 'NONE');
#573 = CARTESIAN_POINT ( 'NONE',  ( 29.20000000000000639, -102.6310474485224660, -14.00000000000002309 ) ) ;
#574 = CARTESIAN_POINT ( 'NONE',  ( 15.20000000000000462, -85.75000000000000000, 13.99999999999999467 ) ) ;
#575 = CARTESIAN_POINT ( 'NONE',  ( 32.20000000000000284, -102.6310474485224660, -4.000000000000019540 ) ) ;
#576 = ORIENTED_EDGE ( 'NONE', *, *, #1106, .F. ) ;
#577 = CARTESIAN_POINT ( 'NONE',  ( 12.20000000000000639, -102.6310474485224660, 3.999999999999993339 ) ) ;
#578 = DIRECTION ( 'NONE',  ( 0.000000000000000000, 0.000000000000000000, -1.000000000000000000 ) ) ;
#579 = DIRECTION ( 'NONE',  ( -1.000000000000000000, 0.000000000000000000, -1.070816960479510131E-16 ) ) ;
#580 = CARTESIAN_POINT ( 'NONE',  ( 29.20000000000000639, -102.6310474485224660, -14.00000000000002309 ) ) ;
#581 = AXIS2_PLACEMENT_3D ( 'NONE', #1455, #450, #1136 ) ;
#582 = VERTEX_POINT ( 'NONE', #1225 ) ;
#583 = CARTESIAN_POINT ( 'NONE',  ( 29.20000000000000284, -123.1953357800772011, 8.603654093146115400 ) ) ;
#584 = DIRECTION ( 'NONE',  ( -1.000000000000000000, 0.000000000000000000, 0.000000000000000000 ) ) ;
#585 = ADVANCED_FACE ( 'NONE', ( #903 ), #1237, .F. ) ;
#586 = PLANE ( 'NONE',  #979 ) ;
#587 = DIRECTION ( 'NONE',  ( -0.000000000000000000, -1.000000000000000000, -0.000000000000000000 ) ) ;
#588 = CARTESIAN_POINT ( 'NONE',  ( 32.00448373093703225, -90.68104744852246313, 7.551497777637225184 ) ) ;
#589 = ORIENTED_EDGE ( 'NONE', *, *, #1274, .T. ) ;
#590 = CARTESIAN_POINT ( 'NONE',  ( 22.20000000000000284, -106.6310474485224660, 0.000000000000000000 ) ) ;
#591 = EDGE_LOOP ( 'NONE', ( #716, #541, #308, #805 ) ) ;
#592 =( BOUNDED_CURVE ( )  B_SPLINE_CURVE ( 2, ( #1329, #1325, #196 ),
 .UNSPECIFIED., .F., .T. ) 
 B_SPLINE_CURVE_WITH_KNOTS ( ( 3, 3 ),
 ( 0.000000000000000000, 0.01103812050271871931 ),
 .UNSPECIFIED. ) 
 CURVE ( )  GEOMETRIC_REPRESENTATION_ITEM ( )  RATIONAL_B_SPLINE_CURVE ( ( 1.000000000000000000, 0.7071067811865475727, 1.000000000000000000 ) ) 
 REPRESENTATION_ITEM ( '' )  );
#593 = CARTESIAN_POINT ( 'NONE',  ( 15.20000000000000462, -90.68104744852243471, 13.99999999999999289 ) ) ;
#594 = FACE_BOUND ( 'NONE', #842, .T. ) ;
#595 = DIRECTION ( 'NONE',  ( 0.000000000000000000, 0.000000000000000000, -1.000000000000000000 ) ) ;
#596 = CARTESIAN_POINT ( 'NONE',  ( -4.999999999999997335, -112.0000000000000000, -14.00000000000000888 ) ) ;
#597 = VERTEX_POINT ( 'NONE', #222 ) ;
#598 = CARTESIAN_POINT ( 'NONE',  ( 12.42755949014319405, -90.68104744852246313, 7.820877853874549146 ) ) ;
#599 = CARTESIAN_POINT ( 'NONE',  ( 32.19999999999456008, -115.6644703986658698, 13.63561746605208036 ) ) ;
#600 = VERTEX_POINT ( 'NONE', #682 ) ;
#601 = FACE_OUTER_BOUND ( 'NONE', #217, .T. ) ;
#602 = LINE ( 'NONE', #472, #955 ) ;
#603 = CARTESIAN_POINT ( 'NONE',  ( 34.39999999999999858, -102.6310474485224660, 9.199999999999995737 ) ) ;
#604 = EDGE_CURVE ( 'NONE', #1189, #30, #377, .T. ) ;
#605 = ORIENTED_EDGE ( 'NONE', *, *, #183, .T. ) ;
#606 = VECTOR ( 'NONE', #992, 1000.000000000000000 ) ;
#607 = LINE ( 'NONE', #1394, #108 ) ;
#608 = EDGE_LOOP ( 'NONE', ( #1400, #623, #393, #98 ) ) ;
#609 = VECTOR ( 'NONE', #518, 1000.000000000000000 ) ;
#610 = CARTESIAN_POINT ( 'NONE',  ( 17.00000000000000711, -90.68104744852246313, -16.20000000000001705 ) ) ;
#611 = CARTESIAN_POINT ( 'NONE',  ( 15.20000000000000462, -120.6036540931470427, 11.19533578007629160 ) ) ;
#612 = LINE ( 'NONE', #603, #159 ) ;
#613 = ORIENTED_EDGE ( 'NONE', *, *, #136, .F. ) ;
#614 = CARTESIAN_POINT ( 'NONE',  ( 22.20000000000000284, -99.63104744852246597, 3.500000000000000000 ) ) ;
#615 = CARTESIAN_POINT ( 'NONE',  ( 17.00000000000000355, -102.6310474485224660, 9.199999999999992184 ) ) ;
#616 = VERTEX_POINT ( 'NONE', #573 ) ;
#617 = FACE_OUTER_BOUND ( 'NONE', #972, .T. ) ;
#618 = CARTESIAN_POINT ( 'NONE',  ( 12.19999999998865370, -125.6356174660534606, 3.664470398665188533 ) ) ;
#619 = PRESENTATION_STYLE_ASSIGNMENT (( #146 ) ) ;
#620 = ORIENTED_EDGE ( 'NONE', *, *, #1398, .T. ) ;
#621 = CARTESIAN_POINT ( 'NONE',  ( 12.20000000000000462, -102.6310474485224802, -14.00000000001201883 ) ) ;
#622 = CARTESIAN_POINT ( 'NONE',  ( 32.20000000000004547, -123.1953357800776558, 8.603654093146580806 ) ) ;
#623 = ORIENTED_EDGE ( 'NONE', *, *, #283, .T. ) ;
#624 = ADVANCED_FACE ( 'NONE', ( #667 ), #1016, .F. ) ;
#625 = CARTESIAN_POINT ( 'NONE',  ( 12.20000000000000462, -113.8329261133657582, -13.99999999999410250 ) ) ;
#626 = CARTESIAN_POINT ( 'NONE',  ( 29.20000000000000639, -119.0506657251926157, 12.23300943695960186 ) ) ;
#627 = VERTEX_POINT ( 'NONE', #1245 ) ;
#628 = CARTESIAN_POINT ( 'NONE',  ( 12.20000000000000462, -115.9999012764821629, -0.5299361793589946190 ) ) ;
#629 = CARTESIAN_POINT ( 'NONE',  ( 32.20000000000000995, -113.8329261133625039, -14.00000000000137135 ) ) ;
#630 = ORIENTED_EDGE ( 'NONE', *, *, #783, .F. ) ;
#631 =( GEOMETRIC_REPRESENTATION_CONTEXT ( 3 ) GLOBAL_UNCERTAINTY_ASSIGNED_CONTEXT ( ( #572 ) ) GLOBAL_UNIT_ASSIGNED_CONTEXT ( ( #821, #274, #1366 ) ) REPRESENTATION_CONTEXT ( 'NONE', 'WORKASPACE' ) );
#632 = CARTESIAN_POINT ( 'NONE',  ( 12.20000000000000462, -112.0000000000000142, -14.00000000000002487 ) ) ;
#633 = CIRCLE ( 'NONE', #537, 6.999999999999999112 ) ;
#634 = CARTESIAN_POINT ( 'NONE',  ( 12.20000000000000639, -115.4951455555056725, -2.014475916444668169 ) ) ;
#635 = EDGE_CURVE ( 'NONE', #839, #944, #214, .T. ) ;
#636 = CLOSED_SHELL ( 'NONE', ( #501, #1338, #1348, #286, #792, #1014, #814, #950, #918, #871, #1323, #64, #677, #544, #194, #1223, #529, #454, #1011, #638, #123 ) ) ;
#637 = FACE_OUTER_BOUND ( 'NONE', #489, .T. ) ;
#638 = ADVANCED_FACE ( 'NONE', ( #688 ), #104, .F. ) ;
#639 = CARTESIAN_POINT ( 'NONE',  ( 29.20000000000000639, -90.68104744852246313, 13.99999999999999112 ) ) ;
#640 = CARTESIAN_POINT ( 'NONE',  ( 29.67194478576820060, -90.68104744852247734, -13.91223537632806639 ) ) ;
#641 = ORIENTED_EDGE ( 'NONE', *, *, #1020, .T. ) ;
#642 = CARTESIAN_POINT ( 'NONE',  ( 27.20000000000000639, -112.0000000000000000, -6.938893903907228378E-15 ) ) ;
#643 = CARTESIAN_POINT ( 'NONE',  ( 12.19999999999591722, -119.0506657075566466, -12.23300944426394921 ) ) ;
#644 = CARTESIAN_POINT ( 'NONE',  ( 29.20000000000000639, -115.6644703810299575, -13.63561747335643126 ) ) ;
#645 =( BOUNDED_CURVE ( )  B_SPLINE_CURVE ( 2, ( #517, #307, #961 ),
 .UNSPECIFIED., .F., .F. ) 
 B_SPLINE_CURVE_WITH_KNOTS ( ( 3, 3 ),
 ( 0.000000000000000000, 1.000000000000000000 ),
 .UNSPECIFIED. ) 
 CURVE ( )  GEOMETRIC_REPRESENTATION_ITEM ( )  RATIONAL_B_SPLINE_CURVE ( ( 1.000000000000000000, 0.7071067811865475727, 1.000000000000000000 ) ) 
 REPRESENTATION_ITEM ( '' )  );
#646 = DIRECTION ( 'NONE',  ( 0.000000000000000000, 1.000000000000000000, 0.000000000000000000 ) ) ;
#647 = CARTESIAN_POINT ( 'NONE',  ( 12.20000000000000462, -99.63104744852242334, -14.00000000001201883 ) ) ;
#648 = PLANE ( 'NONE',  #1282 ) ;
#649 = ORIENTED_EDGE ( 'NONE', *, *, #741, .F. ) ;
#650 = DIRECTION ( 'NONE',  ( 0.000000000000000000, 0.000000000000000000, 1.000000000000000000 ) ) ;
#651 = CARTESIAN_POINT ( 'NONE',  ( 29.20000000000000639, -85.75000000000000000, 13.99999999999999467 ) ) ;
#652 = PRODUCT ( 'ML_MirrorTest2', 'ML_MirrorTest2', '', ( #455 ) ) ;
#653 = LINE ( 'NONE', #1419, #774 ) ;
#654 = EDGE_CURVE ( 'NONE', #1227, #543, #1050, .T. ) ;
#655 = ORIENTED_EDGE ( 'NONE', *, *, #654, .F. ) ;
#656 = VECTOR ( 'NONE', #1204, 1000.000000000000000 ) ;
#657 = CARTESIAN_POINT ( 'NONE',  ( 12.20000000000000639, -90.68104744852246313, 3.999999999999993339 ) ) ;
#658 = CARTESIAN_POINT ( 'NONE',  ( 27.40000000000000213, -90.68104744852246313, 9.199999999999992184 ) ) ;
#659 = EDGE_LOOP ( 'NONE', ( #1134, #899, #978, #1034, #947, #563 ) ) ;
#660 = EDGE_CURVE ( 'NONE', #616, #627, #686, .T. ) ;
#661 = CARTESIAN_POINT ( 'NONE',  ( 15.20000000000000462, -102.6310474485224660, -14.00000000000001954 ) ) ;
#662 = CYLINDRICAL_SURFACE ( 'NONE', #310, 6.999999999999999112 ) ;
#663 = CARTESIAN_POINT ( 'NONE',  ( 29.20000000000000639, -90.68104744852246313, -14.00000000000002309 ) ) ;
#664 = ORIENTED_EDGE ( 'NONE', *, *, #203, .F. ) ;
#665 = CARTESIAN_POINT ( 'NONE',  ( 15.20000000000000462, -102.6310474485224660, -14.00000000000001954 ) ) ;
#666 = EDGE_CURVE ( 'NONE', #919, #166, #1444, .T. ) ;
#667 = FACE_OUTER_BOUND ( 'NONE', #1428, .T. ) ;
#668 = CARTESIAN_POINT ( 'NONE',  ( 31.97245655936583475, -90.68104744852246313, -7.820790076193089746 ) ) ;
#669 = CARTESIAN_POINT ( 'NONE',  ( 22.20000000000000284, -99.63104744852246597, -3.500000000000000000 ) ) ;
#670 = ORIENTED_EDGE ( 'NONE', *, *, #396, .F. ) ;
#671 = PLANE ( 'NONE',  #700 ) ;
#672 = AXIS2_PLACEMENT_3D ( 'NONE', #819, #390, #595 ) ;
#673 = DIRECTION ( 'NONE',  ( 0.000000000000000000, 1.000000000000000000, 0.000000000000000000 ) ) ;
#674 = CARTESIAN_POINT ( 'NONE',  ( 10.00000000000000533, -90.68104744852246313, 9.199999999999993960 ) ) ;
#675 = AXIS2_PLACEMENT_3D ( 'NONE', #1176, #1423, #864 ) ;
#676 = FILL_AREA_STYLE ('',( #1232 ) ) ;
#677 = ADVANCED_FACE ( 'NONE', ( #890 ), #1382, .T. ) ;
#678 = MECHANICAL_DESIGN_GEOMETRIC_PRESENTATION_REPRESENTATION (  '', ( #914 ), #631 ) ;
#679 = EDGE_LOOP ( 'NONE', ( #863, #620, #1100, #999 ) ) ;
#680 = ORIENTED_EDGE ( 'NONE', *, *, #604, .F. ) ;
#681 = LINE ( 'NONE', #435, #822 ) ;
#682 = CARTESIAN_POINT ( 'NONE',  ( 32.20000000000000284, -102.6310474485224660, 3.999999999999993339 ) ) ;
#683 = CARTESIAN_POINT ( 'NONE',  ( 31.95506773506599174, -90.68104744852246313, -7.959585003253808466 ) ) ;
#684 = CARTESIAN_POINT ( 'NONE',  ( 12.20000000000000462, -115.8982247174559745, 1.041098759960853215 ) ) ;
#685 = EDGE_LOOP ( 'NONE', ( #568, #812, #124, #769 ) ) ;
#686 =( BOUNDED_CURVE ( )  B_SPLINE_CURVE ( 2, ( #565, #546, #443 ),
 .UNSPECIFIED., .F., .T. ) 
 B_SPLINE_CURVE_WITH_KNOTS ( ( 3, 3 ),
 ( 0.000000000000000000, 1.000000000000000000 ),
 .UNSPECIFIED. ) 
 CURVE ( )  GEOMETRIC_REPRESENTATION_ITEM ( )  RATIONAL_B_SPLINE_CURVE ( ( 1.000000000000000000, 0.7071067811865475727, 1.000000000000000000 ) ) 
 REPRESENTATION_ITEM ( '' )  );
#687 = LINE ( 'NONE', #135, #403 ) ;
#688 = FACE_OUTER_BOUND ( 'NONE', #284, .T. ) ;
#689 = CARTESIAN_POINT ( 'NONE',  ( 12.40825393915792851, -90.68104744852246313, -7.660894666002622699 ) ) ;
#690 = CARTESIAN_POINT ( 'NONE',  ( 10.00000000000000888, -102.6310474485224660, -9.200000000000017053 ) ) ;
#691 = EDGE_LOOP ( 'NONE', ( #857, #428, #1155, #93 ) ) ;
#692 = DIRECTION ( 'NONE',  ( 9.912705577010326536E-16, 0.000000000000000000, -1.000000000000000000 ) ) ;
#693 = EDGE_CURVE ( 'NONE', #130, #71, #925, .T. ) ;
#694 = VERTEX_POINT ( 'NONE', #705 ) ;
#695 = ADVANCED_FACE ( 'NONE', ( #367, #137 ), #249, .T. ) ;
#696 = CARTESIAN_POINT ( 'NONE',  ( 12.20000000000000639, -90.68104744852243471, 3.999999999999993339 ) ) ;
#697 = CARTESIAN_POINT ( 'NONE',  ( 27.40000000000000924, -90.68104744852246313, -9.200000000000017053 ) ) ;
#698 = CARTESIAN_POINT ( 'NONE',  ( 17.00000000000000355, -90.68104744852246313, 16.19999999999999218 ) ) ;
#699 = CARTESIAN_POINT ( 'NONE',  ( 29.94945832672314623, -90.68104744852246313, 13.76596100354232455 ) ) ;
#700 = AXIS2_PLACEMENT_3D ( 'NONE', #1236, #1438, #1341 ) ;
#701 = ORIENTED_EDGE ( 'NONE', *, *, #210, .T. ) ;
#702 = AXIS2_PLACEMENT_3D ( 'NONE', #658, #1099, #1203 ) ;
#703 = ORIENTED_EDGE ( 'NONE', *, *, #891, .F. ) ;
#704 = CARTESIAN_POINT ( 'NONE',  ( 32.20000000000000284, -102.6310474485224660, 3.999999999999993339 ) ) ;
#705 = CARTESIAN_POINT ( 'NONE',  ( 12.20000000000000639, -102.6310474485224660, -4.000000000000019540 ) ) ;
#706 = DIRECTION ( 'NONE',  ( 0.000000000000000000, 1.000000000000000000, 0.000000000000000000 ) ) ;
#707 = CARTESIAN_POINT ( 'NONE',  ( 29.20000000000000639, -90.68104744852246313, 13.99999999999999112 ) ) ;
#708 = ORIENTED_EDGE ( 'NONE', *, *, #1368, .F. ) ;
#709 = DIRECTION ( 'NONE',  ( 0.000000000000000000, 0.000000000000000000, -1.000000000000000000 ) ) ;
#710 = CARTESIAN_POINT ( 'NONE',  ( 32.20000000000000284, -114.4581868837557863, -3.198667365736043600 ) ) ;
#711 = ORIENTED_EDGE ( 'NONE', *, *, #29, .F. ) ;
#712 = LINE ( 'NONE', #389, #424 ) ;
#713 = CARTESIAN_POINT ( 'NONE',  ( 12.40194434208582663, -90.68104744852246313, -7.606983679587632885 ) ) ;
#714 = ADVANCED_FACE ( 'NONE', ( #594, #1022 ), #586, .F. ) ;
#715 = CARTESIAN_POINT ( 'NONE',  ( 30.32829942571883919, -90.68104744852247734, 13.26591444661391783 ) ) ;
#716 = ORIENTED_EDGE ( 'NONE', *, *, #654, .T. ) ;
#717 = CARTESIAN_POINT ( 'NONE',  ( 14.72827131889695629, -90.68104744852243471, 13.91223537632802909 ) ) ;
#718 = CARTESIAN_POINT ( 'NONE',  ( 32.20000000000004547, -120.6036540931470142, -11.19533578007585639 ) ) ;
#719 = VERTEX_POINT ( 'NONE', #1039 ) ;
#720 = CARTESIAN_POINT ( 'NONE',  ( 15.20000000000000462, -113.8329261133624044, 13.99999999999999289 ) ) ;
#721 = CARTESIAN_POINT ( 'NONE',  ( 31.61438175521564986, -90.68104744852246313, 10.09435827962514232 ) ) ;
#722 = ORIENTED_EDGE ( 'NONE', *, *, #1218, .F. ) ;
#723 = CARTESIAN_POINT ( 'NONE',  ( 15.20000000000000462, -102.6310474485224660, -14.00000000000001954 ) ) ;
#724 = VECTOR ( 'NONE', #432, 1000.000000000000000 ) ;
#725 = CARTESIAN_POINT ( 'NONE',  ( 32.20000000000000995, -124.2330094442625779, 7.050665707555030970 ) ) ;
#726 = VECTOR ( 'NONE', #456, 1000.000000000000000 ) ;
#727 = ORIENTED_EDGE ( 'NONE', *, *, #781, .T. ) ;
#728 = VECTOR ( 'NONE', #101, 1000.000000000000000 ) ;
#729 = DIRECTION ( 'NONE',  ( -1.000000000000000000, -0.000000000000000000, -0.000000000000000000 ) ) ;
#730 = DIRECTION ( 'NONE',  ( 1.000000000000000000, 0.000000000000000000, 0.000000000000000000 ) ) ;
#731 = CARTESIAN_POINT ( 'NONE',  ( 15.20000000000000462, -102.6310474485224660, -14.00000000000001954 ) ) ;
#732 = EDGE_LOOP ( 'NONE', ( #759, #53, #356, #703 ) ) ;
#733 = CARTESIAN_POINT ( 'NONE',  ( 32.20000000000000284, -114.0144759164435300, -3.495145555504301615 ) ) ;
#734 = VERTEX_POINT ( 'NONE', #256 ) ;
#735 = CARTESIAN_POINT ( 'NONE',  ( 15.20000000000000462, -103.2500000000000995, -14.00000000000002132 ) ) ;
#736 = CARTESIAN_POINT ( 'NONE',  ( 34.40000000000000568, -102.6310474485224660, -16.20000000000001705 ) ) ;
#737 = CARTESIAN_POINT ( 'NONE',  ( 29.20000000000000639, -102.6310474485224660, -14.00000000000002309 ) ) ;
#738 = CARTESIAN_POINT ( 'NONE',  ( 29.20000000000000639, -99.63104744852249439, 13.99999999999999112 ) ) ;
#739 = PLANE ( 'NONE',  #207 ) ;
#740 = ORIENTED_EDGE ( 'NONE', *, *, #84, .T. ) ;
#741 = EDGE_CURVE ( 'NONE', #475, #133, #827, .T. ) ;
#742 = FACE_BOUND ( 'NONE', #48, .T. ) ;
#743 = ADVANCED_FACE ( 'NONE', ( #19 ), #471, .F. ) ;
#744 = CARTESIAN_POINT ( 'NONE',  ( 12.20000000001136087, -124.2330094442625779, 7.050665707557335793 ) ) ;
#745 = CARTESIAN_POINT ( 'NONE',  ( 29.20000000000000284, -120.6036540796488339, -11.19533579357453057 ) ) ;
#746 =( BOUNDED_SURFACE ( )  B_SPLINE_SURFACE ( 2, 1, ( 
 ( #665, #1454 ),
 ( #213, #902 ),
 ( #1443, #991 ) ),
 .UNSPECIFIED., .F., .F., .T. ) 
 B_SPLINE_SURFACE_WITH_KNOTS ( ( 3, 3 ),
 ( 2, 2 ),
 ( 0.000000000000000000, 1.000000000000000000 ),
 ( 0.000000000000000000, 1.000000000000000000 ),
 .UNSPECIFIED. ) 
 GEOMETRIC_REPRESENTATION_ITEM ( )  RATIONAL_B_SPLINE_SURFACE ( (
 ( 1.000000000000000000, 1.000000000000000000),
 ( 0.7071067811865475727, 0.7071067811865475727),
 ( 1.000000000000000000, 1.000000000000000000) ) ) 
 REPRESENTATION_ITEM ( '' )  SURFACE ( )  );
#747 = CARTESIAN_POINT ( 'NONE',  ( 10.00000000000000533, -102.6310474485224660, 9.199999999999992184 ) ) ;
#748 = CARTESIAN_POINT ( 'NONE',  ( 15.20000000000000462, -112.0000000000000000, -14.00000000000000888 ) ) ;
#749 = CARTESIAN_POINT ( 'NONE',  ( 29.20000000000000639, -90.68104744852246313, -14.00000000000002309 ) ) ;
#750 = ORIENTED_EDGE ( 'NONE', *, *, #1320, .F. ) ;
#751 = VECTOR ( 'NONE', #243, 1000.000000000000000 ) ;
#752 = PLANE ( 'NONE',  #1355 ) ;
#753 = CIRCLE ( 'NONE', #447, 11.24999999999999112 ) ;
#754 = CARTESIAN_POINT ( 'NONE',  ( 12.20000000000000639, -112.5236931752485390, -3.999999999998189892 ) ) ;
#755 = COLOUR_RGB ( '',0.7921568627450980005, 0.8196078431372548767, 0.9333333333333333481 ) ;
#756 = CARTESIAN_POINT ( 'NONE',  ( 29.19999999999999929, -123.1953357935745146, -8.603654079648819675 ) ) ;
#757 = CARTESIAN_POINT ( 'NONE',  ( 29.20000000000000284, -112.0000000000000000, -14.00000000000000888 ) ) ;
#758 = CARTESIAN_POINT ( 'NONE',  ( 12.20000000000000462, -111.9999999999999858, 13.99999999999999112 ) ) ;
#759 = ORIENTED_EDGE ( 'NONE', *, *, #342, .T. ) ;
#760 = CARTESIAN_POINT ( 'NONE',  ( 15.20000000000000462, -111.9999999999999574, -14.00000000000000711 ) ) ;
#761 = PLANE ( 'NONE',  #1234 ) ;
#762 = EDGE_CURVE ( 'NONE', #734, #530, #1148, .T. ) ;
#763 = CARTESIAN_POINT ( 'NONE',  ( 27.40000000000000213, -102.6310474485224660, 16.19999999999999218 ) ) ;
#764 = CARTESIAN_POINT ( 'NONE',  ( 12.20000000000000639, -111.9999999999999858, 3.999999999999991562 ) ) ;
#765 = ORIENTED_EDGE ( 'NONE', *, *, #1445, .F. ) ;
#766 = CARTESIAN_POINT ( 'NONE',  ( 17.00000000000000711, -90.68104744852246313, -16.20000000000001705 ) ) ;
#767 = CARTESIAN_POINT ( 'NONE',  ( 29.20000000000000639, -113.8325957145940777, 13.99999999999999289 ) ) ;
#768 = CARTESIAN_POINT ( 'NONE',  ( 32.20000000000000284, -90.68104744852246313, -4.000000000000019540 ) ) ;
#769 = ORIENTED_EDGE ( 'NONE', *, *, #94, .T. ) ;
#770 =( NAMED_UNIT ( * ) SI_UNIT ( $, .STERADIAN. ) SOLID_ANGLE_UNIT ( ) );
#771 = CIRCLE ( 'NONE', #132, 7.000000000000000000 ) ;
#772 = CARTESIAN_POINT ( 'NONE',  ( 32.20000000000000284, -107.8770158161741648, 3.999999999999990674 ) ) ;
#773 = CARTESIAN_POINT ( 'NONE',  ( 15.20000000000000639, -119.0506657251926015, 12.23300943695959830 ) ) ;
#774 = VECTOR ( 'NONE', #1441, 1000.000000000000000 ) ;
#775 = LINE ( 'NONE', #596, #1168 ) ;
#776 = ORIENTED_EDGE ( 'NONE', *, *, #510, .F. ) ;
#777 = APPLICATION_PROTOCOL_DEFINITION ( 'draft international standard', 'automotive_design', 1998, #960 ) ;
#778 = CARTESIAN_POINT ( 'NONE',  ( 32.20000000000000284, -115.4928115426343140, -2.020368698959879694 ) ) ;
#779 = DIRECTION ( 'NONE',  ( -1.000000000000000000, 0.000000000000000000, 0.000000000000000000 ) ) ;
#780 = VERTEX_POINT ( 'NONE', #118 ) ;
#781 = EDGE_CURVE ( 'NONE', #1227, #246, #569, .T. ) ;
#782 = CARTESIAN_POINT ( 'NONE',  ( -4.999999999999997335, -112.0000000000000000, 13.99999999999999289 ) ) ;
#783 = EDGE_CURVE ( 'NONE', #1037, #287, #927, .T. ) ;
#784 = CARTESIAN_POINT ( 'NONE',  ( 15.20000000000000462, -125.6356174733564757, 3.664470381029893531 ) ) ;
#785 = CARTESIAN_POINT ( 'NONE',  ( 15.20000000000000462, -103.2499999999999574, 13.99999999999999289 ) ) ;
#786 = CARTESIAN_POINT ( 'NONE',  ( 29.20000000000000639, -107.8770158161741506, -14.00000000000001776 ) ) ;
#787 = EDGE_LOOP ( 'NONE', ( #312, #1067, #453, #521, #1374, #1070, #32, #468 ) ) ;
#788 = ADVANCED_BREP_SHAPE_REPRESENTATION ( 'ML_MirrorTest2', ( #324, #338, #1196 ), #1024 ) ;
#789 = CARTESIAN_POINT ( 'NONE',  ( 27.40000000000000213, -102.6310474485224660, 9.199999999999992184 ) ) ;
#790 = CARTESIAN_POINT ( 'NONE',  ( 15.20000000000000462, -123.1953357935745146, -8.603654079648833886 ) ) ;
#791 = DIRECTION ( 'NONE',  ( 0.000000000000000000, 1.000000000000000000, 0.000000000000000000 ) ) ;
#792 = ADVANCED_FACE ( 'NONE', ( #461 ), #37, .T. ) ;
#793 = VECTOR ( 'NONE', #42, 1000.000000000000000 ) ;
#794 = CARTESIAN_POINT ( 'NONE',  ( 32.20000000000000995, -102.6310474485224802, -14.00000000000002132 ) ) ;
#795 = CIRCLE ( 'NONE', #702, 6.999999999999999112 ) ;
#796 = ORIENTED_EDGE ( 'NONE', *, *, #885, .T. ) ;
#797 = DIRECTION ( 'NONE',  ( 0.000000000000000000, 1.000000000000000000, 0.000000000000000000 ) ) ;
#798 = ORIENTED_EDGE ( 'NONE', *, *, #174, .F. ) ;
#799 = DIRECTION ( 'NONE',  ( 0.000000000000000000, 0.000000000000000000, -1.000000000000000000 ) ) ;
#800 = EDGE_CURVE ( 'NONE', #1037, #780, #607, .T. ) ;
#801 = CARTESIAN_POINT ( 'NONE',  ( 29.20000000000000639, -102.6310474485224660, 13.99999999999999289 ) ) ;
#802 = CARTESIAN_POINT ( 'NONE',  ( 15.20000000000000462, -125.6356174660521532, 3.664470398663973949 ) ) ;
#803 = EDGE_CURVE ( 'NONE', #600, #23, #1174, .T. ) ;
#804 = CARTESIAN_POINT ( 'NONE',  ( 29.20000000000000639, -99.63104744852246597, -14.00000000000001954 ) ) ;
#805 = ORIENTED_EDGE ( 'NONE', *, *, #781, .F. ) ;
#806 = ORIENTED_EDGE ( 'NONE', *, *, #693, .T. ) ;
#807 = DIRECTION ( 'NONE',  ( 1.000000000000000000, 0.000000000000000000, -0.000000000000000000 ) ) ;
#808 = CARTESIAN_POINT ( 'NONE',  ( 29.20000000000000639, -111.9999999999999858, -14.00000000000002309 ) ) ;
#809 = DIRECTION ( 'NONE',  ( 1.070816960479510131E-16, 0.000000000000000000, -1.000000000000000000 ) ) ;
#810 = CARTESIAN_POINT ( 'NONE',  ( 32.20000000000000284, -90.68104744852246313, 3.999999999999993339 ) ) ;
#811 = B_SPLINE_CURVE_WITH_KNOTS ( 'NONE', 3,
 ( #1272, #571, #125, #1015 ),
 .UNSPECIFIED., .F., .F.,
 ( 4, 4 ),
 ( 0.000000000000000000, 0.4947581020591003131 ),
 .UNSPECIFIED. ) ;
#812 = ORIENTED_EDGE ( 'NONE', *, *, #1437, .T. ) ;
#813 = CARTESIAN_POINT ( 'NONE',  ( 22.20000000000000284, -106.6310474485224660, -3.500000000000000000 ) ) ;
#814 = ADVANCED_FACE ( 'NONE', ( #1300 ), #739, .T. ) ;
#815 = B_SPLINE_CURVE_WITH_KNOTS ( 'NONE', 3,
 ( #512, #1410, #717, #385, #1393, #1292, #1269, #292, #141, #1035, #371, #824, #1262, #1156, #148, #831, #598, #1045, #1163, #155, #1053, #498, #186 ),
 .UNSPECIFIED., .F., .F.,
 ( 4, 1, 1, 1, 1, 2, 2, 2, 1, 1, 1, 1, 1, 2, 2, 4 ),
 ( 0.000000000000000000, 0.1249999999999911182, 0.1874999999999859834, 0.2187499999999837352, 0.2343749999999831801, 0.2421874999999831524, 0.2499999999999831246, 0.4999999999999877875, 0.6249999999999900080, 0.6874999999999908962, 0.7187499999999912292, 0.7343749999999913403, 0.7421874999999915623, 0.7460937499999916733, 0.7499999999999918954, 1.000000000000000000 ),
 .UNSPECIFIED. ) ;
#816 = ORIENTED_EDGE ( 'NONE', *, *, #210, .F. ) ;
#817 = CARTESIAN_POINT ( 'NONE',  ( 32.20000000000000284, -90.68104744852246313, 3.999999999999993339 ) ) ;
#818 = DIRECTION ( 'NONE',  ( 0.000000000000000000, 1.000000000000000000, 0.000000000000000000 ) ) ;
#819 = CARTESIAN_POINT ( 'NONE',  ( 12.20000000000000462, -126.0000000000000000, -36.00000000000000711 ) ) ;
#820 = VECTOR ( 'NONE', #650, 1000.000000000000000 ) ;
#821 =( LENGTH_UNIT ( ) NAMED_UNIT ( * ) SI_UNIT ( .MILLI., .METRE. ) );
#822 = VECTOR ( 'NONE', #341, 1000.000000000000000 ) ;
#823 = EDGE_LOOP ( 'NONE', ( #1377, #1387, #278, #1440 ) ) ;
#824 = CARTESIAN_POINT ( 'NONE',  ( 12.93227091744393142, -90.68104744852246313, 10.58311953449140930 ) ) ;
#825 = ORIENTED_EDGE ( 'NONE', *, *, #971, .T. ) ;
#826 = CARTESIAN_POINT ( 'NONE',  ( 32.20000000000000284, -111.9999999999999858, -14.00000000000002487 ) ) ;
#827 = LINE ( 'NONE', #1265, #1101 ) ;
#828 = CARTESIAN_POINT ( 'NONE',  ( 14.08463528302678824, -90.68104744852244892, -13.28325557334930807 ) ) ;
#829 = CARTESIAN_POINT ( 'NONE',  ( 17.20000000000000284, -112.0000000000000000, 13.99999999999998934 ) ) ;
#830 = EDGE_LOOP ( 'NONE', ( #605, #722, #1319, #398, #41, #649 ) ) ;
#831 = CARTESIAN_POINT ( 'NONE',  ( 12.44496332849985087, -90.68104744852243471, 7.959754895540516628 ) ) ;
#832 = CARTESIAN_POINT ( 'NONE',  ( 32.20000000000000995, -113.8329261133657582, 13.99999999999408828 ) ) ;
#833 = ORIENTED_EDGE ( 'NONE', *, *, #21, .T. ) ;
#834 = LINE ( 'NONE', #1361, #184 ) ;
#835 =( BOUNDED_CURVE ( )  B_SPLINE_CURVE ( 2, ( #840, #621, #723 ),
 .UNSPECIFIED., .F., .T. ) 
 B_SPLINE_CURVE_WITH_KNOTS ( ( 3, 3 ),
 ( 0.000000000000000000, 1.000000000000000000 ),
 .UNSPECIFIED. ) 
 CURVE ( )  GEOMETRIC_REPRESENTATION_ITEM ( )  RATIONAL_B_SPLINE_CURVE ( ( 1.000000000000000000, 0.7071067811865475727, 1.000000000000000000 ) ) 
 REPRESENTATION_ITEM ( '' )  );
#836 = CARTESIAN_POINT ( 'NONE',  ( 15.20000000000000462, -112.0000000000000000, 13.99999999999999289 ) ) ;
#837 = EDGE_CURVE ( 'NONE', #1172, #719, #846, .T. ) ;
#838 = CARTESIAN_POINT ( 'NONE',  ( 32.20000000000000995, -90.68104744852246313, 4.635914792222911807 ) ) ;
#839 = VERTEX_POINT ( 'NONE', #70 ) ;
#840 = CARTESIAN_POINT ( 'NONE',  ( 12.20000000000000639, -102.6310474485224660, -4.000000000000019540 ) ) ;
#841 = CARTESIAN_POINT ( 'NONE',  ( 29.20000000000000284, -119.0506657075604835, 12.23300944426305747 ) ) ;
#842 = EDGE_LOOP ( 'NONE', ( #15, #254, #1263, #888, #957, #1353, #1116, #1105 ) ) ;
#843 = PLANE ( 'NONE',  #90 ) ;
#844 = CARTESIAN_POINT ( 'NONE',  ( 15.20000000000000462, -123.1953357800772011, -8.603654093146127835 ) ) ;
#845 = ORIENTED_EDGE ( 'NONE', *, *, #666, .F. ) ;
#846 = CIRCLE ( 'NONE', #280, 7.000000000000000000 ) ;
#847 = CARTESIAN_POINT ( 'NONE',  ( 17.20000000000000639, -112.0000000000000000, -6.938893903907228378E-15 ) ) ;
#848 = DIRECTION ( 'NONE',  ( 1.000000000000000000, 0.000000000000000000, -0.000000000000000000 ) ) ;
#849 = ORIENTED_EDGE ( 'NONE', *, *, #837, .F. ) ;
#850 = DIRECTION ( 'NONE',  ( 0.000000000000000000, 0.000000000000000000, 1.000000000000000000 ) ) ;
#851 = B_SPLINE_CURVE_WITH_KNOTS ( 'NONE', 3,
 ( #1287, #1420, #285, #177 ),
 .UNSPECIFIED., .F., .F.,
 ( 4, 4 ),
 ( 0.000000000000000000, 0.5795947273492546570 ),
 .UNSPECIFIED. ) ;
#852 = CARTESIAN_POINT ( 'NONE',  ( 32.20000000000000284, -112.0000000000000000, -4.000000000000003553 ) ) ;
#853 = PLANE ( 'NONE',  #304 ) ;
#854 = EDGE_CURVE ( 'NONE', #1447, #133, #851, .T. ) ;
#855 = CARTESIAN_POINT ( 'NONE',  ( 32.20000000000000284, -111.9999999999999858, 3.999999999999993339 ) ) ;
#856 = EDGE_CURVE ( 'NONE', #319, #391, #467, .T. ) ;
#857 = ORIENTED_EDGE ( 'NONE', *, *, #1073, .T. ) ;
#858 = LINE ( 'NONE', #288, #160 ) ;
#859 = CARTESIAN_POINT ( 'NONE',  ( 12.20000000000000639, -116.0000000000000000, 0.5235987701441320308 ) ) ;
#860 = DIRECTION ( 'NONE',  ( 0.000000000000000000, 0.000000000000000000, -1.000000000000000000 ) ) ;
#861 = DIRECTION ( 'NONE',  ( 0.000000000000000000, 0.000000000000000000, 1.000000000000000000 ) ) ;
#862 = FACE_OUTER_BOUND ( 'NONE', #659, .T. ) ;
#863 = ORIENTED_EDGE ( 'NONE', *, *, #856, .F. ) ;
#864 = DIRECTION ( 'NONE',  ( 0.000000000000000000, 0.000000000000000000, -1.000000000000000000 ) ) ;
#865 = CARTESIAN_POINT ( 'NONE',  ( 12.20000000000000462, -125.6356174660534606, -3.664470398667438733 ) ) ;
#866 = CARTESIAN_POINT ( 'NONE',  ( -4.999999999999997335, -112.0000000000000000, -14.00000000000000888 ) ) ;
#867 = CARTESIAN_POINT ( 'NONE',  ( 34.39999999999999858, -90.68104744852246313, 9.199999999999995737 ) ) ;
#868 = CARTESIAN_POINT ( 'NONE',  ( 32.12978830106244743, -90.68104744852246313, -6.498400321673190483 ) ) ;
#869 = EDGE_LOOP ( 'NONE', ( #534, #1222, #2, #460 ) ) ;
#870 = VECTOR ( 'NONE', #1146, 1000.000000000000000 ) ;
#871 = ADVANCED_FACE ( 'NONE', ( #862 ), #648, .T. ) ;
#872 = VECTOR ( 'NONE', #185, 1000.000000000000000 ) ;
#873 = CARTESIAN_POINT ( 'NONE',  ( 12.20000000000409202, -115.6644703986658698, -13.63561746605209457 ) ) ;
#874 = CARTESIAN_POINT ( 'NONE',  ( 29.20000000000000284, -113.8325957145940777, -14.00000000000000888 ) ) ;
#875 = CARTESIAN_POINT ( 'NONE',  ( 12.20000000000000462, -115.4926291253539716, -2.020293139251857273 ) ) ;
#876 = CARTESIAN_POINT ( 'NONE',  ( 12.20000000000000462, -85.75000000000000000, 13.99999999999999645 ) ) ;
#877 = ORIENTED_EDGE ( 'NONE', *, *, #1041, .F. ) ;
#878 =( NAMED_UNIT ( * ) PLANE_ANGLE_UNIT ( ) SI_UNIT ( $, .RADIAN. ) );
#879 = CARTESIAN_POINT ( 'NONE',  ( 32.20000000000000284, -112.5301747342139436, 3.999999999999990674 ) ) ;
#880 = CARTESIAN_POINT ( 'NONE',  ( 29.20000000000000284, -124.2330094369596196, -7.050665725192605926 ) ) ;
#881 = LINE ( 'NONE', #291, #609 ) ;
#882 = LINE ( 'NONE', #976, #162 ) ;
#883 = ORIENTED_EDGE ( 'NONE', *, *, #374, .T. ) ;
#884 = DIRECTION ( 'NONE',  ( 0.000000000000000000, 0.000000000000000000, -1.000000000000000000 ) ) ;
#885 = EDGE_CURVE ( 'NONE', #440, #990, #1210, .T. ) ;
#886 = CARTESIAN_POINT ( 'NONE',  ( 27.20000000000000639, -112.0000000000000000, 0.000000000000000000 ) ) ;
#887 = FACE_OUTER_BOUND ( 'NONE', #8, .T. ) ;
#888 = ORIENTED_EDGE ( 'NONE', *, *, #1183, .F. ) ;
#889 = CARTESIAN_POINT ( 'NONE',  ( 32.20000000000000284, -99.63104744852246597, 3.999999999999991562 ) ) ;
#890 = FACE_OUTER_BOUND ( 'NONE', #122, .T. ) ;
#891 = EDGE_CURVE ( 'NONE', #294, #166, #43, .T. ) ;
#892 = ORIENTED_EDGE ( 'NONE', *, *, #1081, .T. ) ;
#893 = EDGE_CURVE ( 'NONE', #719, #990, #418, .T. ) ;
#894 = EDGE_LOOP ( 'NONE', ( #147, #965, #1165, #1029, #1385, #1284, #664, #1098 ) ) ;
#895 = CARTESIAN_POINT ( 'NONE',  ( 32.20000000000000284, -114.4536358506616693, 3.203078782685902404 ) ) ;
#896 = CARTESIAN_POINT ( 'NONE',  ( 32.20000000000000284, -112.0000000000000000, 3.999999999999991562 ) ) ;
#897 = CARTESIAN_POINT ( 'NONE',  ( 32.20000000000000284, -102.6310474485224660, -4.000000000000019540 ) ) ;
#898 = CARTESIAN_POINT ( 'NONE',  ( 17.20000000000000284, -112.0000000000000000, 0.000000000000000000 ) ) ;
#899 = ORIENTED_EDGE ( 'NONE', *, *, #342, .F. ) ;
#900 = APPLICATION_PROTOCOL_DEFINITION ( 'draft international standard', 'automotive_design', 1998, #1286 ) ;
#901 = EDGE_CURVE ( 'NONE', #944, #231, #983, .T. ) ;
#902 = CARTESIAN_POINT ( 'NONE',  ( 12.20000000000000462, -90.68104744852244892, -14.00000000001201883 ) ) ;
#903 = FACE_OUTER_BOUND ( 'NONE', #548, .T. ) ;
#904 = CARTESIAN_POINT ( 'NONE',  ( 40.40000000000000568, -12.00000000000000000, -14.00000000000000000 ) ) ;
#905 = ORIENTED_EDGE ( 'NONE', *, *, #660, .T. ) ;
#906 = CARTESIAN_POINT ( 'NONE',  ( 29.20000000000000284, -113.8329261133624044, -14.00000000000000711 ) ) ;
#907 = EDGE_CURVE ( 'NONE', #627, #600, #451, .T. ) ;
#908 = FACE_OUTER_BOUND ( 'NONE', #679, .T. ) ;
#909 = EDGE_CURVE ( 'NONE', #1043, #1256, #1343, .T. ) ;
#910 = VECTOR ( 'NONE', #797, 1000.000000000000000 ) ;
#911 = LINE ( 'NONE', #228, #1117 ) ;
#912 = CARTESIAN_POINT ( 'NONE',  ( 12.20000000000000462, -94.50000000000005684, 13.99999999999999645 ) ) ;
#913 = CARTESIAN_POINT ( 'NONE',  ( 12.20000000000000462, -114.0205318000004411, 3.492530216741912330 ) ) ;
#914 = STYLED_ITEM ( 'NONE', ( #619 ), #338 ) ;
#915 = ORIENTED_EDGE ( 'NONE', *, *, #183, .F. ) ;
#916 = CARTESIAN_POINT ( 'NONE',  ( 29.20000000000000639, -94.50000000000005684, -14.00000000000001954 ) ) ;
#917 = CARTESIAN_POINT ( 'NONE',  ( 22.20000000000000284, -99.63104744852246597, 0.000000000000000000 ) ) ;
#918 = ADVANCED_FACE ( 'NONE', ( #13 ), #236, .T. ) ;
#919 = VERTEX_POINT ( 'NONE', #229 ) ;
#920 = CARTESIAN_POINT ( 'NONE',  ( 15.20000000000000462, -112.0000000000000000, -14.00000000000002309 ) ) ;
#921 = DIRECTION ( 'NONE',  ( 0.000000000000000000, 0.000000000000000000, -1.000000000000000000 ) ) ;
#922 = ORIENTED_EDGE ( 'NONE', *, *, #405, .F. ) ;
#923 = VERTEX_POINT ( 'NONE', #674 ) ;
#924 = CARTESIAN_POINT ( 'NONE',  ( 34.40000000000000568, -90.68104744852246313, -9.200000000000015277 ) ) ;
#925 = LINE ( 'NONE', #1362, #88 ) ;
#926 = DIRECTION ( 'NONE',  ( 0.000000000000000000, 0.000000000000000000, -1.000000000000000000 ) ) ;
#927 = CIRCLE ( 'NONE', #1193, 6.999999999999999112 ) ;
#928 = CARTESIAN_POINT ( 'NONE',  ( 32.17367061289841956, -90.68104744852246313, 5.572969273342778251 ) ) ;
#929 = EDGE_LOOP ( 'NONE', ( #481, #1087, #1345, #833 ) ) ;
#930 = CARTESIAN_POINT ( 'NONE',  ( 32.20000000000000284, -126.0000000000000000, -36.00000000000000711 ) ) ;
#931 = PRESENTATION_LAYER_ASSIGNMENT (  '', '', ( #92 ) ) ;
#932 = CARTESIAN_POINT ( 'NONE',  ( 32.20000000000000995, -119.0506657075523833, -12.23300944426724968 ) ) ;
#933 = VECTOR ( 'NONE', #791, 1000.000000000000000 ) ;
#934 = ORIENTED_EDGE ( 'NONE', *, *, #1106, .T. ) ;
#935 = EDGE_CURVE ( 'NONE', #157, #780, #771, .T. ) ;
#936 = CARTESIAN_POINT ( 'NONE',  ( 29.20000000000000639, -102.6310474485224660, 13.99999999999999289 ) ) ;
#937 = CARTESIAN_POINT ( 'NONE',  ( 12.78595464088953548, -90.68104744852246313, -10.09515607907925272 ) ) ;
#938 = DIRECTION ( 'NONE',  ( -1.000000000000000000, 0.000000000000000000, -1.239088197126290570E-16 ) ) ;
#939 = ORIENTED_EDGE ( 'NONE', *, *, #405, .T. ) ;
#940 = CARTESIAN_POINT ( 'NONE',  ( 32.20000000000000284, -114.0144759164463153, 3.495145555504185264 ) ) ;
#941 = ORIENTED_EDGE ( 'NONE', *, *, #1218, .T. ) ;
#942 = CARTESIAN_POINT ( 'NONE',  ( 12.20000000000000639, -103.2500000000000995, -4.000000000000022204 ) ) ;
#943 = CARTESIAN_POINT ( 'NONE',  ( 12.20000000000000462, -113.8329261133625039, 14.00000000000135891 ) ) ;
#944 = VERTEX_POINT ( 'NONE', #749 ) ;
#945 = DIRECTION ( 'NONE',  ( 0.000000000000000000, 0.000000000000000000, 1.000000000000000000 ) ) ;
#946 = CARTESIAN_POINT ( 'NONE',  ( 29.20000000000000284, -113.8329261133687282, 14.00000000000000000 ) ) ;
#947 = ORIENTED_EDGE ( 'NONE', *, *, #107, .T. ) ;
#948 = CARTESIAN_POINT ( 'NONE',  ( 32.20000000000000284, -99.63104744852246597, 3.999999999999991562 ) ) ;
#949 = LINE ( 'NONE', #974, #820 ) ;
#950 = ADVANCED_FACE ( 'NONE', ( #1197 ), #188, .F. ) ;
#951 = DIRECTION ( 'NONE',  ( 0.000000000000000000, 1.000000000000000000, 0.000000000000000000 ) ) ;
#952 = ADVANCED_FACE ( 'NONE', ( #1266 ), #145, .T. ) ;
#953 = CARTESIAN_POINT ( 'NONE',  ( 15.20000000000000462, -112.0000000000000000, -14.00000000000000888 ) ) ;
#954 = CARTESIAN_POINT ( 'NONE',  ( 15.20000000000000462, -90.68104744852246313, 13.99999999999999289 ) ) ;
#955 = VECTOR ( 'NONE', #706, 1000.000000000000000 ) ;
#956 = CARTESIAN_POINT ( 'NONE',  ( 32.20000000000545270, -119.0506657075566466, 12.23300944426393322 ) ) ;
#957 = ORIENTED_EDGE ( 'NONE', *, *, #363, .F. ) ;
#958 = CLOSED_SHELL ( 'NONE', ( #1108, #993, #952, #1229, #714, #295, #1330, #1094, #585, #1240, #624, #1208, #743, #1154, #1418, #154, #551, #695 ) ) ;
#959 = CARTESIAN_POINT ( 'NONE',  ( 17.00000000000000711, -102.6310474485224660, -16.20000000000001705 ) ) ;
#960 = APPLICATION_CONTEXT ( 'automotive_design' ) ;
#961 = CARTESIAN_POINT ( 'NONE',  ( 15.20000000000000462, -112.0000000000000000, -14.00000000000000888 ) ) ;
#962 = EDGE_CURVE ( 'NONE', #1276, #839, #1199, .T. ) ;
#963 = PLANE ( 'NONE',  #1435 ) ;
#964 = CARTESIAN_POINT ( 'NONE',  ( 32.20000000000000284, -115.4951455555056725, 2.014475916444654402 ) ) ;
#965 = ORIENTED_EDGE ( 'NONE', *, *, #1365, .F. ) ;
#966 = CARTESIAN_POINT ( 'NONE',  ( 15.20000000000000462, -85.75000000000000000, -14.00000000000001776 ) ) ;
#967 = CARTESIAN_POINT ( 'NONE',  ( 12.20000000000000462, -112.0000000000000142, 13.99999999999999467 ) ) ;
#968 = CARTESIAN_POINT ( 'NONE',  ( 29.20000000000000639, -102.6310474485224660, 13.99999999999999289 ) ) ;
#969 = FACE_OUTER_BOUND ( 'NONE', #685, .T. ) ;
#970 = CARTESIAN_POINT ( 'NONE',  ( 32.20000000000000284, -90.68104744852244892, -5.271417956466945220 ) ) ;
#971 = EDGE_CURVE ( 'NONE', #694, #1276, #602, .T. ) ;
#972 = EDGE_LOOP ( 'NONE', ( #939, #985, #561, #329, #1413, #267, #225, #1442 ) ) ;
#973 = DIRECTION ( 'NONE',  ( 0.000000000000000000, 0.000000000000000000, 1.000000000000000000 ) ) ;
#974 = CARTESIAN_POINT ( 'NONE',  ( 27.20000000000000639, -112.0000000000000000, 0.000000000000000000 ) ) ;
#975 = CARTESIAN_POINT ( 'NONE',  ( 27.20000000000000639, -112.0000000000000000, 0.000000000000000000 ) ) ;
#976 = CARTESIAN_POINT ( 'NONE',  ( 34.39999999999999858, -102.6310474485224660, 16.19999999999999218 ) ) ;
#977 = CARTESIAN_POINT ( 'NONE',  ( 29.20000000000000639, -90.68104744852246313, -14.00000000000002309 ) ) ;
#978 = ORIENTED_EDGE ( 'NONE', *, *, #482, .F. ) ;
#979 = AXIS2_PLACEMENT_3D ( 'NONE', #1031, #818, #25 ) ;
#980 = EDGE_CURVE ( 'NONE', #61, #246, #327, .T. ) ;
#981 = VECTOR ( 'NONE', #1450, 1000.000000000000000 ) ;
#982 = CARTESIAN_POINT ( 'NONE',  ( 12.20000000000000462, -111.9999999999999858, -4.000000000000003553 ) ) ;
#983 = B_SPLINE_CURVE_WITH_KNOTS ( 'NONE', 3,
 ( #977, #1231, #640, #6, #1238, #1434, #566, #427, #1114, #1017, #76, #527, #1351, #458, #344, #683, #668, #1130, #1003, #1456, #868, #970, #115 ),
 .UNSPECIFIED., .F., .F.,
 ( 4, 1, 1, 1, 1, 2, 2, 2, 1, 1, 1, 1, 1, 2, 2, 4 ),
 ( 0.000000000000000000, 0.1250000000000139055, 0.1875000000000200118, 0.2187500000000230926, 0.2343750000000254241, 0.2421875000000261458, 0.2500000000000268119, 0.5000000000000186517, 0.6250000000000148770, 0.6875000000000128786, 0.7187500000000118794, 0.7343750000000114353, 0.7421875000000113243, 0.7460937500000112133, 0.7500000000000109912, 1.000000000000000000 ),
 .UNSPECIFIED. ) ;
#984 = DIRECTION ( 'NONE',  ( 0.000000000000000000, 1.000000000000000000, 0.000000000000000000 ) ) ;
#985 = ORIENTED_EDGE ( 'NONE', *, *, #909, .T. ) ;
#986 = CARTESIAN_POINT ( 'NONE',  ( 27.20000000000000639, -112.0000000000000000, -11.24999999999999822 ) ) ;
#987 =( BOUNDED_CURVE ( )  B_SPLINE_CURVE ( 2, ( #1244, #826, #263 ),
 .UNSPECIFIED., .F., .F. ) 
 B_SPLINE_CURVE_WITH_KNOTS ( ( 3, 3 ),
 ( 0.000000000000000000, 1.000000000000000000 ),
 .UNSPECIFIED. ) 
 CURVE ( )  GEOMETRIC_REPRESENTATION_ITEM ( )  RATIONAL_B_SPLINE_CURVE ( ( 1.000000000000000000, 0.7071067811865475727, 1.000000000000000000 ) ) 
 REPRESENTATION_ITEM ( '' )  );
#988 = ORIENTED_EDGE ( 'NONE', *, *, #67, .T. ) ;
#989 = CARTESIAN_POINT ( 'NONE',  ( 22.20000000000000284, -106.6310474485224660, 0.000000000000000000 ) ) ;
#990 = VERTEX_POINT ( 'NONE', #698 ) ;
#991 = CARTESIAN_POINT ( 'NONE',  ( 12.20000000000000639, -90.68104744852246313, -4.000000000000019540 ) ) ;
#992 = DIRECTION ( 'NONE',  ( 0.000000000000000000, 0.000000000000000000, 1.000000000000000000 ) ) ;
#993 = ADVANCED_FACE ( 'NONE', ( #1032 ), #360, .T. ) ;
#994 = CARTESIAN_POINT ( 'NONE',  ( 12.20000000000000284, -113.0409356589203327, 3.898506043348374472 ) ) ;
#995 = EDGE_CURVE ( 'NONE', #530, #1276, #1358, .T. ) ;
#996 = VERTEX_POINT ( 'NONE', #1153 ) ;
#997 = CARTESIAN_POINT ( 'NONE',  ( 0.000000000000000000, 0.000000000000000000, 0.000000000000000000 ) ) ;
#998 = VECTOR ( 'NONE', #4, 1000.000000000000000 ) ;
#999 = ORIENTED_EDGE ( 'NONE', *, *, #316, .T. ) ;
#1000 = VECTOR ( 'NONE', #167, 1000.000000000000000 ) ;
#1001 = DIRECTION ( 'NONE',  ( 0.000000000000000000, 0.000000000000000000, -1.000000000000000000 ) ) ;
#1002 = CARTESIAN_POINT ( 'NONE',  ( 15.20000000000000462, -124.2330094369595770, -7.050665725192628130 ) ) ;
#1003 = CARTESIAN_POINT ( 'NONE',  ( 31.98458542786099912, -90.68104744852246313, -7.721014524373593702 ) ) ;
#1004 = AXIS2_PLACEMENT_3D ( 'NONE', #300, #1187, #75 ) ;
#1005 = CARTESIAN_POINT ( 'NONE',  ( 32.20000000000000284, -111.9999999999999858, 3.999999999999989786 ) ) ;
#1006 = ORIENTED_EDGE ( 'NONE', *, *, #1398, .F. ) ;
#1007 = LINE ( 'NONE', #1212, #726 ) ;
#1008 = CARTESIAN_POINT ( 'NONE',  ( 17.00000000000000711, -102.6310474485224660, -9.200000000000017053 ) ) ;
#1009 = CARTESIAN_POINT ( 'NONE',  ( 12.20000000000000462, -103.2499999999999432, 13.99999999999999112 ) ) ;
#1010 =( LENGTH_UNIT ( ) NAMED_UNIT ( * ) SI_UNIT ( .MILLI., .METRE. ) );
#1011 = ADVANCED_FACE ( 'NONE', ( #503 ), #368, .T. ) ;
#1012 = ORIENTED_EDGE ( 'NONE', *, *, #1304, .F. ) ;
#1013 = DIRECTION ( 'NONE',  ( 0.000000000000000000, 1.000000000000000000, 0.000000000000000000 ) ) ;
#1014 = ADVANCED_FACE ( 'NONE', ( #273 ), #27, .T. ) ;
#1015 = CARTESIAN_POINT ( 'NONE',  ( 12.20000000000000639, -99.63104744852248018, 3.999999999999991562 ) ) ;
#1016 = PLANE ( 'NONE',  #1378 ) ;
#1017 = CARTESIAN_POINT ( 'NONE',  ( 30.68958325639764695, -90.68104744852246313, -12.78925127755347546 ) ) ;
#1018 = VERTEX_POINT ( 'NONE', #314 ) ;
#1019 = FACE_OUTER_BOUND ( 'NONE', #1179, .T. ) ;
#1020 = EDGE_CURVE ( 'NONE', #294, #130, #949, .T. ) ;
#1021 = VECTOR ( 'NONE', #81, 1000.000000000000000 ) ;
#1022 = FACE_OUTER_BOUND ( 'NONE', #178, .T. ) ;
#1023 = CARTESIAN_POINT ( 'NONE',  ( 13.22504216421577894, -90.68104744852246313, -11.55902367826607424 ) ) ;
#1024 =( GEOMETRIC_REPRESENTATION_CONTEXT ( 3 ) GLOBAL_UNCERTAINTY_ASSIGNED_CONTEXT ( ( #431 ) ) GLOBAL_UNIT_ASSIGNED_CONTEXT ( ( #408, #878, #770 ) ) REPRESENTATION_CONTEXT ( 'NONE', 'WORKASPACE' ) );
#1025 = CARTESIAN_POINT ( 'NONE',  ( 17.20000000000000284, -112.0000000000000000, 11.24999999999998401 ) ) ;
#1026 = CIRCLE ( 'NONE', #560, 3.500000000000000000 ) ;
#1027 = ORIENTED_EDGE ( 'NONE', *, *, #316, .F. ) ;
#1028 = CARTESIAN_POINT ( 'NONE',  ( 12.20000000000000639, -102.6310474485224660, 3.999999999999993339 ) ) ;
#1029 = ORIENTED_EDGE ( 'NONE', *, *, #378, .F. ) ;
#1030 = CARTESIAN_POINT ( 'NONE',  ( 29.20000000000000639, -90.68104744852246313, 13.99999999999999289 ) ) ;
#1031 = CARTESIAN_POINT ( 'NONE',  ( 0.000000000000000000, -102.6310474485224660, 0.000000000000000000 ) ) ;
#1032 = FACE_OUTER_BOUND ( 'NONE', #413, .T. ) ;
#1033 = DIRECTION ( 'NONE',  ( 1.885568995626963301E-16, 0.000000000000000000, -1.000000000000000000 ) ) ;
#1034 = ORIENTED_EDGE ( 'NONE', *, *, #1421, .F. ) ;
#1035 = CARTESIAN_POINT ( 'NONE',  ( 13.71075313971702059, -90.68104744852246313, 12.79004907702055327 ) ) ;
#1036 = CARTESIAN_POINT ( 'NONE',  ( 27.40000000000000924, -102.6310474485224660, -9.200000000000017053 ) ) ;
#1037 = VERTEX_POINT ( 'NONE', #395 ) ;
#1038 = CARTESIAN_POINT ( 'NONE',  ( 15.20000000000000462, -102.6310474485224660, 13.99999999999999289 ) ) ;
#1039 = CARTESIAN_POINT ( 'NONE',  ( 17.00000000000000355, -102.6310474485224660, 16.19999999999999218 ) ) ;
#1040 = CARTESIAN_POINT ( 'NONE',  ( 12.56302918671935842, -90.68104744852246313, -8.964302591283193067 ) ) ;
#1041 = EDGE_CURVE ( 'NONE', #1295, #287, #1096, .T. ) ;
#1042 = CARTESIAN_POINT ( 'NONE',  ( 31.83681934140989611, -90.68104744852244892, 8.965131018438331267 ) ) ;
#1043 = VERTEX_POINT ( 'NONE', #409 ) ;
#1044 = EDGE_CURVE ( 'NONE', #1271, #497, #91, .T. ) ;
#1045 = CARTESIAN_POINT ( 'NONE',  ( 12.42025480960589690, -90.68104744852246313, 7.761020427113818343 ) ) ;
#1046 = CARTESIAN_POINT ( 'NONE',  ( 32.20000000000000284, -112.5236931752485390, 3.999999999998176126 ) ) ;
#1047 = ORIENTED_EDGE ( 'NONE', *, *, #935, .F. ) ;
#1048 = CARTESIAN_POINT ( 'NONE',  ( 27.40000000000000924, -90.68104744852246313, -9.200000000000017053 ) ) ;
#1049 = DIRECTION ( 'NONE',  ( 1.000000000000000000, 0.000000000000000000, 0.000000000000000000 ) ) ;
#1050 = CIRCLE ( 'NONE', #581, 3.500000000000000000 ) ;
#1051 = CARTESIAN_POINT ( 'NONE',  ( 32.20000000000000284, -99.63104744852246597, -4.000000000000019540 ) ) ;
#1052 = ORIENTED_EDGE ( 'NONE', *, *, #378, .T. ) ;
#1053 = CARTESIAN_POINT ( 'NONE',  ( 12.27021169893758135, -90.68104744852244892, 6.498811949568636059 ) ) ;
#1054 = CARTESIAN_POINT ( 'NONE',  ( 32.20000000000000284, -115.8958907045882682, -1.046991542476119585 ) ) ;
#1055 = ORIENTED_EDGE ( 'NONE', *, *, #693, .F. ) ;
#1056 = LINE ( 'NONE', #50, #1077 ) ;
#1057 = CARTESIAN_POINT ( 'NONE',  ( 15.20000000000000462, -123.1953357800763058, 8.603654093147010684 ) ) ;
#1058 = CARTESIAN_POINT ( 'NONE',  ( 30.93776208150140050, -90.68104744852246313, 12.20404055242746999 ) ) ;
#1059 = ORIENTED_EDGE ( 'NONE', *, *, #893, .F. ) ;
#1060 = PLANE ( 'NONE',  #1411 ) ;
#1061 = CARTESIAN_POINT ( 'NONE',  ( 32.20000000001090967, -125.6356174660534606, -3.664470398665201412 ) ) ;
#1062 = ORIENTED_EDGE ( 'NONE', *, *, #1320, .T. ) ;
#1063 = EDGE_CURVE ( 'NONE', #323, #1447, #539, .T. ) ;
#1064 = CARTESIAN_POINT ( 'NONE',  ( 12.20000000000000462, -99.63104744852246597, 13.99999999999999467 ) ) ;
#1065 = CARTESIAN_POINT ( 'NONE',  ( 15.20000000000000462, -120.6036540931461758, -11.19533578007716734 ) ) ;
#1066 = CARTESIAN_POINT ( 'NONE',  ( 30.31537243499695577, -90.68104744852244892, 13.28325557334837548 ) ) ;
#1067 = ORIENTED_EDGE ( 'NONE', *, *, #635, .T. ) ;
#1068 = LINE ( 'NONE', #1277, #111 ) ;
#1069 = CARTESIAN_POINT ( 'NONE',  ( 29.20000000000000284, -120.6036540931461758, 11.19533578007715313 ) ) ;
#1070 = ORIENTED_EDGE ( 'NONE', *, *, #1405, .T. ) ;
#1071 = FACE_OUTER_BOUND ( 'NONE', #929, .T. ) ;
#1072 = CARTESIAN_POINT ( 'NONE',  ( 32.20000000000000284, -99.63104744852246597, -4.000000000000019540 ) ) ;
#1073 = EDGE_CURVE ( 'NONE', #497, #1451, #523, .T. ) ;
#1074 = LINE ( 'NONE', #404, #724 ) ;
#1075 = AXIS2_PLACEMENT_3D ( 'NONE', #416, #984, #860 ) ;
#1076 = DIRECTION ( 'NONE',  ( 0.000000000000000000, 1.000000000000000000, 0.000000000000000000 ) ) ;
#1077 = VECTOR ( 'NONE', #973, 1000.000000000000000 ) ;
#1078 = DIRECTION ( 'NONE',  ( -1.000000000000000000, -0.000000000000000000, -0.000000000000000000 ) ) ;
#1079 = ORIENTED_EDGE ( 'NONE', *, *, #437, .F. ) ;
#1080 = CARTESIAN_POINT ( 'NONE',  ( 12.20000000000000462, -85.75000000000000000, -14.00000000000001954 ) ) ;
#1081 = EDGE_CURVE ( 'NONE', #734, #694, #1007, .T. ) ;
#1082 = CARTESIAN_POINT ( 'NONE',  ( 32.20000000000000284, -107.8770158161741506, -4.000000000000023093 ) ) ;
#1083 = CARTESIAN_POINT ( 'NONE',  ( 29.19999999999999929, -125.6356174733564188, -3.664470381029937940 ) ) ;
#1084 = CARTESIAN_POINT ( 'NONE',  ( 32.20000000000000284, -90.68104744852246313, 3.999999999999993339 ) ) ;
#1085 = CARTESIAN_POINT ( 'NONE',  ( 27.20000000000000639, -112.0000000000000000, 13.99999999999998934 ) ) ;
#1086 = CARTESIAN_POINT ( 'NONE',  ( 27.40000000000000213, -90.68104744852246313, 16.19999999999999218 ) ) ;
#1087 = ORIENTED_EDGE ( 'NONE', *, *, #893, .T. ) ;
#1088 = DIRECTION ( 'NONE',  ( -0.000000000000000000, -1.000000000000000000, -0.000000000000000000 ) ) ;
#1089 = CARTESIAN_POINT ( 'NONE',  ( 12.20000000000000639, -115.1986673657366111, 2.458186883756333430 ) ) ;
#1090 = CARTESIAN_POINT ( 'NONE',  ( 29.20000000000000284, -112.0000000000000000, 13.99999999999999289 ) ) ;
#1091 = CARTESIAN_POINT ( 'NONE',  ( 12.20000000000000639, -99.63104744852248018, 3.999999999999991562 ) ) ;
#1092 = CARTESIAN_POINT ( 'NONE',  ( 12.20000000000000284, -115.2032183988307281, -2.453775466806457750 ) ) ;
#1093 = DIRECTION ( 'NONE',  ( 0.000000000000000000, 1.734723475976807094E-16, -1.000000000000000000 ) ) ;
#1094 = ADVANCED_FACE ( 'NONE', ( #1219 ), #746, .T. ) ;
#1095 = ORIENTED_EDGE ( 'NONE', *, *, #891, .T. ) ;
#1096 = LINE ( 'NONE', #736, #181 ) ;
#1097 = CARTESIAN_POINT ( 'NONE',  ( 32.20000000000000995, -112.0000000000000142, 13.99999999999999112 ) ) ;
#1098 = ORIENTED_EDGE ( 'NONE', *, *, #1255, .F. ) ;
#1099 = DIRECTION ( 'NONE',  ( -0.000000000000000000, -1.000000000000000000, -0.000000000000000000 ) ) ;
#1100 = ORIENTED_EDGE ( 'NONE', *, *, #173, .T. ) ;
#1101 = VECTOR ( 'NONE', #34, 1000.000000000000000 ) ;
#1102 = CARTESIAN_POINT ( 'NONE',  ( 15.20000000000000462, -112.0000000000000000, 13.99999999999999289 ) ) ;
#1103 = CARTESIAN_POINT ( 'NONE',  ( 32.20000000000000995, -94.50000000000009948, 13.99999999999999645 ) ) ;
#1104 = CARTESIAN_POINT ( 'NONE',  ( 12.20000000000000639, -113.0410986967470137, -3.898224780651267540 ) ) ;
#1105 = ORIENTED_EDGE ( 'NONE', *, *, #660, .F. ) ;
#1106 = EDGE_CURVE ( 'NONE', #1118, #1453, #355, .T. ) ;
#1107 = DIRECTION ( 'NONE',  ( 0.000000000000000000, 0.000000000000000000, -1.000000000000000000 ) ) ;
#1108 = ADVANCED_FACE ( 'NONE', ( #1347 ), #671, .T. ) ;
#1109 = CARTESIAN_POINT ( 'NONE',  ( 15.20000000000000817, -113.8325957145940208, -14.00000000000001599 ) ) ;
#1110 = CARTESIAN_POINT ( 'NONE',  ( 12.20000000000000462, -115.2030787826944618, 2.453635850658105078 ) ) ;
#1111 = ORIENTED_EDGE ( 'NONE', *, *, #361, .F. ) ;
#1112 = CARTESIAN_POINT ( 'NONE',  ( 32.20000000000000284, -111.9999999999999858, 3.999999999999989786 ) ) ;
#1113 = DIRECTION ( 'NONE',  ( -1.239088197126290570E-16, 0.000000000000000000, 1.000000000000000000 ) ) ;
#1114 = CARTESIAN_POINT ( 'NONE',  ( 30.29224353094462430, -90.68104744852246313, -13.31377775228278892 ) ) ;
#1115 = CARTESIAN_POINT ( 'NONE',  ( 27.40000000000000924, -102.6310474485224660, -16.20000000000001705 ) ) ;
#1116 = ORIENTED_EDGE ( 'NONE', *, *, #907, .F. ) ;
#1117 = VECTOR ( 'NONE', #336, 1000.000000000000000 ) ;
#1118 = VERTEX_POINT ( 'NONE', #554 ) ;
#1119 = CIRCLE ( 'NONE', #1379, 3.500000000000000000 ) ;
#1120 = CARTESIAN_POINT ( 'NONE',  ( 32.20000000000000284, -114.0203687621736890, 3.492811479439018374 ) ) ;
#1121 = DIRECTION ( 'NONE',  ( 0.000000000000000000, 0.000000000000000000, -1.000000000000000000 ) ) ;
#1122 = CARTESIAN_POINT ( 'NONE',  ( 27.40000000000000213, -102.6310474485224660, 9.199999999999992184 ) ) ;
#1123 = AXIS2_PLACEMENT_3D ( 'NONE', #496, #579, #809 ) ;
#1124 = EDGE_CURVE ( 'NONE', #990, #923, #444, .T. ) ;
#1125 = CARTESIAN_POINT ( 'NONE',  ( 17.00000000000000711, -90.68104744852246313, -9.200000000000017053 ) ) ;
#1126 = ORIENTED_EDGE ( 'NONE', *, *, #328, .F. ) ;
#1127 = VERTEX_POINT ( 'NONE', #661 ) ;
#1128 = CARTESIAN_POINT ( 'NONE',  ( 10.00000000000000533, -102.6310474485224660, 9.199999999999992184 ) ) ;
#1129 = CARTESIAN_POINT ( 'NONE',  ( 15.20000000000000462, -125.6356174733564472, -3.664470381029959700 ) ) ;
#1130 = CARTESIAN_POINT ( 'NONE',  ( 31.97975447248342817, -90.68104744852244892, -7.760969661680544363 ) ) ;
#1131 = SURFACE_STYLE_FILL_AREA ( #446 ) ;
#1132 = ORIENTED_EDGE ( 'NONE', *, *, #800, .T. ) ;
#1133 = EDGE_CURVE ( 'NONE', #1451, #323, #1243, .T. ) ;
#1134 = ORIENTED_EDGE ( 'NONE', *, *, #328, .T. ) ;
#1135 = CARTESIAN_POINT ( 'NONE',  ( 32.20000000000000995, -112.5306910824335347, -4.000000000000002665 ) ) ;
#1136 = DIRECTION ( 'NONE',  ( 0.000000000000000000, 0.000000000000000000, -1.000000000000000000 ) ) ;
#1137 = CARTESIAN_POINT ( 'NONE',  ( 14.07167987803642539, -90.68104744852243471, -13.26586536325008225 ) ) ;
#1138 = CARTESIAN_POINT ( 'NONE',  ( 88.99797974644665999, -112.0000000000000000, -6.938893903907228378E-15 ) ) ;
#1139 = EDGE_LOOP ( 'NONE', ( #252, #1182, #77, #434 ) ) ;
#1140 = EDGE_CURVE ( 'NONE', #231, #23, #681, .T. ) ;
#1141 = CARTESIAN_POINT ( 'NONE',  ( 29.20000000000000284, -115.6644703986702609, -13.63561746604956504 ) ) ;
#1142 = CARTESIAN_POINT ( 'NONE',  ( 12.20000000000000462, -102.6310474485224802, 13.99999999999999467 ) ) ;
#1143 = B_SPLINE_CURVE_WITH_KNOTS ( 'NONE', 3,
 ( #1446, #1433, #1104, #97, #547, #1092, #875, #438, #628, #345, #684, #452, #1110, #567, #913, #994, #1226, #245 ),
 .UNSPECIFIED., .F., .F.,
 ( 4, 2, 2, 2, 2, 2, 2, 2, 4 ),
 ( 0.000000000000000000, 0.1250000000000000000, 0.2500000000000000000, 0.3750000000000000000, 0.5000000000000000000, 0.6250000000000000000, 0.7500000000000000000, 0.8750000000000000000, 1.000000000000000000 ),
 .UNSPECIFIED. ) ;
#1144 = DIRECTION ( 'NONE',  ( 0.000000000000000000, 1.000000000000000000, 0.000000000000000000 ) ) ;
#1145 = CARTESIAN_POINT ( 'NONE',  ( 12.22632938710159323, -90.68104744852246313, -5.572609098892328916 ) ) ;
#1146 = DIRECTION ( 'NONE',  ( -0.000000000000000000, -1.000000000000000000, -0.000000000000000000 ) ) ;
#1147 = ORIENTED_EDGE ( 'NONE', *, *, #21, .F. ) ;
#1148 = LINE ( 'NONE', #1028, #910 ) ;
#1149 = ORIENTED_EDGE ( 'NONE', *, *, #421, .T. ) ;
#1150 = DIRECTION ( 'NONE',  ( 0.000000000000000000, 0.000000000000000000, 1.000000000000000000 ) ) ;
#1151 = EDGE_CURVE ( 'NONE', #1447, #166, #1335, .T. ) ;
#1152 = CARTESIAN_POINT ( 'NONE',  ( 29.20000000000000639, -85.75000000000000000, -14.00000000000001776 ) ) ;
#1153 = CARTESIAN_POINT ( 'NONE',  ( 12.20000000000000462, -112.0000000000000000, 3.999999999999989786 ) ) ;
#1154 = ADVANCED_FACE ( 'NONE', ( #103 ), #99, .T. ) ;
#1155 = ORIENTED_EDGE ( 'NONE', *, *, #1202, .T. ) ;
#1156 = CARTESIAN_POINT ( 'NONE',  ( 12.55945470418983589, -90.68104744852246313, 8.770889097149543900 ) ) ;
#1157 = CARTESIAN_POINT ( 'NONE',  ( 32.20000000000000284, -115.1986673657359574, 2.458186883756189989 ) ) ;
#1158 = ORIENTED_EDGE ( 'NONE', *, *, #803, .T. ) ;
#1159 = CARTESIAN_POINT ( 'NONE',  ( 12.20000000000000462, -90.68104744852243471, 13.99999999999999467 ) ) ;
#1160 = CARTESIAN_POINT ( 'NONE',  ( 12.20000000000000817, -90.68104744852246313, -4.635708978251175338 ) ) ;
#1161 = CARTESIAN_POINT ( 'NONE',  ( 32.01912259590107368, -90.68104744852244892, 7.421741886865277138 ) ) ;
#1162 = VERTEX_POINT ( 'NONE', #766 ) ;
#1163 = CARTESIAN_POINT ( 'NONE',  ( 12.41541926865433432, -90.68104744852244892, 7.721040210469296561 ) ) ;
#1164 = CARTESIAN_POINT ( 'NONE',  ( 32.20000000000000284, -116.0000000000000000, -0.5235987701441459086 ) ) ;
#1165 = ORIENTED_EDGE ( 'NONE', *, *, #265, .F. ) ;
#1166 = DIRECTION ( 'NONE',  ( 0.000000000000000000, 1.000000000000000000, 0.000000000000000000 ) ) ;
#1167 = CARTESIAN_POINT ( 'NONE',  ( 15.20000000000000462, -115.6644703986702609, 13.63561746604955083 ) ) ;
#1168 = VECTOR ( 'NONE', #362, 1000.000000000000000 ) ;
#1169 = LINE ( 'NONE', #1383, #372 ) ;
#1170 = PRODUCT_DEFINITION_FORMATION_WITH_SPECIFIED_SOURCE ( 'ANY', '', #652, .NOT_KNOWN. ) ;
#1171 = EDGE_CURVE ( 'NONE', #246, #61, #1119, .T. ) ;
#1172 = VERTEX_POINT ( 'NONE', #1128 ) ;
#1173 = MECHANICAL_DESIGN_GEOMETRIC_PRESENTATION_REPRESENTATION (  '', ( #92 ), #113 ) ;
#1174 = LINE ( 'NONE', #47, #1307 ) ;
#1175 = ORIENTED_EDGE ( 'NONE', *, *, #84, .F. ) ;
#1176 = CARTESIAN_POINT ( 'NONE',  ( 17.00000000000000355, -102.6310474485224660, 9.199999999999992184 ) ) ;
#1177 = CARTESIAN_POINT ( 'NONE',  ( 12.20000000000000639, -114.0144759164435300, 3.495145555504287849 ) ) ;
#1178 = CARTESIAN_POINT ( 'NONE',  ( 31.99805565791419326, -90.68104744852246313, 7.607008903857700233 ) ) ;
#1179 = EDGE_LOOP ( 'NONE', ( #419, #247, #364, #1111 ) ) ;
#1180 = CARTESIAN_POINT ( 'NONE',  ( 15.20000000000000462, -112.0000000000000000, 13.99999999999999289 ) ) ;
#1181 = CARTESIAN_POINT ( 'NONE',  ( 32.20000000000000995, -115.6644703986701330, -13.63561746604880121 ) ) ;
#1182 = ORIENTED_EDGE ( 'NONE', *, *, #439, .F. ) ;
#1183 = EDGE_CURVE ( 'NONE', #370, #734, #179, .T. ) ;
#1184 = DIRECTION ( 'NONE',  ( 1.000000000000000000, 0.000000000000000000, 0.000000000000000000 ) ) ;
#1185 = CARTESIAN_POINT ( 'NONE',  ( 12.20000000000000462, -124.2330094442625779, -7.050665707555043404 ) ) ;
#1186 = FACE_OUTER_BOUND ( 'NONE', #1301, .T. ) ;
#1187 = DIRECTION ( 'NONE',  ( 0.000000000000000000, 1.000000000000000000, 0.000000000000000000 ) ) ;
#1188 = DIRECTION ( 'NONE',  ( 0.000000000000000000, 1.000000000000000000, 0.000000000000000000 ) ) ;
#1189 = VERTEX_POINT ( 'NONE', #1102 ) ;
#1190 = CARTESIAN_POINT ( 'NONE',  ( 15.20000000000000462, -94.49999999999990052, -14.00000000000001954 ) ) ;
#1191 = CARTESIAN_POINT ( 'NONE',  ( 12.20000000000000639, -112.0000000000000000, 3.999999999999993339 ) ) ;
#1192 = CARTESIAN_POINT ( 'NONE',  ( 27.20000000000000639, -112.0000000000000000, 0.000000000000000000 ) ) ;
#1193 = AXIS2_PLACEMENT_3D ( 'NONE', #1036, #9, #692 ) ;
#1194 = LINE ( 'NONE', #1324, #872 ) ;
#1195 = CARTESIAN_POINT ( 'NONE',  ( 22.20000000000000284, -106.6310474485224660, 0.000000000000000000 ) ) ;
#1196 = AXIS2_PLACEMENT_3D ( 'NONE', #997, #1340, #226 ) ;
#1197 = FACE_OUTER_BOUND ( 'NONE', #10, .T. ) ;
#1198 = ORIENTED_EDGE ( 'NONE', *, *, #854, .F. ) ;
#1199 = B_SPLINE_CURVE_WITH_KNOTS ( 'NONE', 3,
 ( #138, #1160, #1145, #1252, #264, #152, #1381, #713, #26, #689, #1040, #937, #1023, #250, #1273, #382, #127, #1363, #1137, #828, #257, #1260, #20 ),
 .UNSPECIFIED., .F., .F.,
 ( 4, 1, 1, 1, 1, 1, 2, 2, 2, 1, 1, 1, 1, 2, 2, 4 ),
 ( 0.000000000000000000, 0.1250000000000034694, 0.1875000000000052180, 0.2187500000000059952, 0.2343750000000063838, 0.2421875000000065781, 0.2460937500000066058, 0.2500000000000066058, 0.5000000000000045519, 0.6250000000000036637, 0.6875000000000033307, 0.7187500000000028866, 0.7343750000000027756, 0.7421875000000026645, 0.7500000000000024425, 1.000000000000000000 ),
 .UNSPECIFIED. ) ;
#1200 = DIRECTION ( 'NONE',  ( 0.000000000000000000, 0.000000000000000000, 1.000000000000000000 ) ) ;
#1201 = CARTESIAN_POINT ( 'NONE',  ( 15.20000000000000462, -124.2330094442650079, -7.050665707555817896 ) ) ;
#1202 = EDGE_CURVE ( 'NONE', #323, #1271, #1333, .T. ) ;
#1203 = DIRECTION ( 'NONE',  ( 0.000000000000000000, 0.000000000000000000, -1.000000000000000000 ) ) ;
#1204 = DIRECTION ( 'NONE',  ( -1.000000000000000000, 0.000000000000000000, 0.000000000000000000 ) ) ;
#1205 = ORIENTED_EDGE ( 'NONE', *, *, #1405, .F. ) ;
#1206 = CARTESIAN_POINT ( 'NONE',  ( 12.20000000000000462, -126.0000000000000000, 1.832595695504479982 ) ) ;
#1207 = CARTESIAN_POINT ( 'NONE',  ( 29.19999999999999929, -126.0000000000000000, 1.832595714594036140 ) ) ;
#1208 = ADVANCED_FACE ( 'NONE', ( #1019 ), #386, .T. ) ;
#1209 = DIRECTION ( 'NONE',  ( 0.000000000000000000, 0.000000000000000000, -1.000000000000000000 ) ) ;
#1210 = LINE ( 'NONE', #1086, #656 ) ;
#1211 = ORIENTED_EDGE ( 'NONE', *, *, #525, .F. ) ;
#1212 = CARTESIAN_POINT ( 'NONE',  ( 12.20000000000000639, -102.6310474485224660, 3.999999999999993339 ) ) ;
#1213 = CARTESIAN_POINT ( 'NONE',  ( 29.20000000000000639, -103.2500000000000995, 13.99999999999999289 ) ) ;
#1214 = CARTESIAN_POINT ( 'NONE',  ( 15.20000000000000462, -99.63104744852246597, -14.00000000000001776 ) ) ;
#1215 = EDGE_CURVE ( 'NONE', #1018, #1268, #633, .T. ) ;
#1216 = ORIENTED_EDGE ( 'NONE', *, *, #1437, .F. ) ;
#1217 = AXIS2_PLACEMENT_3D ( 'NONE', #847, #1078, #412 ) ;
#1218 = EDGE_CURVE ( 'NONE', #391, #1189, #463, .T. ) ;
#1219 = FACE_OUTER_BOUND ( 'NONE', #869, .T. ) ;
#1220 = CARTESIAN_POINT ( 'NONE',  ( 15.20000000000000107, -120.6036540796487628, -11.19533579357454656 ) ) ;
#1221 = DIRECTION ( 'NONE',  ( 0.000000000000000000, 0.000000000000000000, -1.000000000000000000 ) ) ;
#1222 = ORIENTED_EDGE ( 'NONE', *, *, #49, .T. ) ;
#1223 = ADVANCED_FACE ( 'NONE', ( #908 ), #1257, .T. ) ;
#1224 = CARTESIAN_POINT ( 'NONE',  ( 32.20000000000000284, -115.8984071347363312, 1.041174319668848547 ) ) ;
#1225 = CARTESIAN_POINT ( 'NONE',  ( 10.00000000000000888, -90.68104744852246313, -9.200000000000017053 ) ) ;
#1226 = CARTESIAN_POINT ( 'NONE',  ( 12.20000000000000639, -112.5306910824335347, 3.999999999999988898 ) ) ;
#1227 = VERTEX_POINT ( 'NONE', #248 ) ;
#1228 = CARTESIAN_POINT ( 'NONE',  ( 22.20000000000000284, -99.63104744852246597, 0.000000000000000000 ) ) ;
#1229 = ADVANCED_FACE ( 'NONE', ( #1356 ), #143, .T. ) ;
#1230 = DIRECTION ( 'NONE',  ( -1.000000000000000000, 0.000000000000000000, -1.239088197126290570E-16 ) ) ;
#1231 = CARTESIAN_POINT ( 'NONE',  ( 29.39080529696142818, -90.68104744852244892, -14.00000000000002132 ) ) ;
#1232 = FILL_AREA_STYLE_COLOUR ( '', #1311 ) ;
#1233 = ORIENTED_EDGE ( 'NONE', *, *, #995, .F. ) ;
#1234 = AXIS2_PLACEMENT_3D ( 'NONE', #1192, #410, #1316 ) ;
#1235 = EDGE_LOOP ( 'NONE', ( #1248, #1095, #845, #708 ) ) ;
#1236 = CARTESIAN_POINT ( 'NONE',  ( 34.40000000000000568, -102.6310474485224660, -16.20000000000001705 ) ) ;
#1237 = PLANE ( 'NONE',  #402 ) ;
#1238 = CARTESIAN_POINT ( 'NONE',  ( 30.14841674273424843, -90.68104744852247734, -13.48986812490674225 ) ) ;
#1239 = CARTESIAN_POINT ( 'NONE',  ( 29.20000000000000284, -112.0000000000000000, -14.00000000000000888 ) ) ;
#1240 = ADVANCED_FACE ( 'NONE', ( #601 ), #430, .T. ) ;
#1241 = ORIENTED_EDGE ( 'NONE', *, *, #1388, .F. ) ;
#1242 = ORIENTED_EDGE ( 'NONE', *, *, #570, .T. ) ;
#1243 = B_SPLINE_CURVE_WITH_KNOTS ( 'NONE', 3,
 ( #889, #320, #772, #1112 ),
 .UNSPECIFIED., .F., .F.,
 ( 4, 4 ),
 ( 0.5052418979408985766, 1.000000000000000000 ),
 .UNSPECIFIED. ) ;
#1244 = CARTESIAN_POINT ( 'NONE',  ( 32.20000000000000284, -112.0000000000000000, -4.000000000000003553 ) ) ;
#1245 = CARTESIAN_POINT ( 'NONE',  ( 32.20000000000000284, -102.6310474485224660, -4.000000000000019540 ) ) ;
#1246 = CARTESIAN_POINT ( 'NONE',  ( 15.20000000000000462, -126.0000000000000000, 1.832595695504477984 ) ) ;
#1247 = CARTESIAN_POINT ( 'NONE',  ( 32.20000000000000995, -90.68104744852244892, -14.00000000000002132 ) ) ;
#1248 = ORIENTED_EDGE ( 'NONE', *, *, #1020, .F. ) ;
#1249 = VERTEX_POINT ( 'NONE', #1250 ) ;
#1250 = CARTESIAN_POINT ( 'NONE',  ( 10.00000000000000888, -102.6310474485224660, -9.200000000000017053 ) ) ;
#1251 = CARTESIAN_POINT ( 'NONE',  ( 32.20000000000000284, -85.75000000000000000, -4.000000000000017764 ) ) ;
#1252 = CARTESIAN_POINT ( 'NONE',  ( 12.30312343281455689, -90.68104744852246313, -6.636498382853078581 ) ) ;
#1253 = CARTESIAN_POINT ( 'NONE',  ( 31.99373599284283642, -90.68104744852246313, 7.643994423281753825 ) ) ;
#1254 = ORIENTED_EDGE ( 'NONE', *, *, #525, .T. ) ;
#1255 = EDGE_CURVE ( 'NONE', #1268, #189, #834, .T. ) ;
#1256 = VERTEX_POINT ( 'NONE', #33 ) ;
#1257 = PLANE ( 'NONE',  #134 ) ;
#1258 = AXIS2_PLACEMENT_3D ( 'NONE', #1390, #1373, #1049 ) ;
#1259 = CARTESIAN_POINT ( 'NONE',  ( 32.20000000000000284, -94.50000000000005684, -4.000000000000017764 ) ) ;
#1260 = CARTESIAN_POINT ( 'NONE',  ( 14.81838940607951116, -90.68104744852246313, -14.00000000000001954 ) ) ;
#1261 = EDGE_LOOP ( 'NONE', ( #22, #680, #514, #117 ) ) ;
#1262 = CARTESIAN_POINT ( 'NONE',  ( 12.73895879324314606, -90.68104744852246313, 9.793393236930018730 ) ) ;
#1263 = ORIENTED_EDGE ( 'NONE', *, *, #1081, .F. ) ;
#1264 = DIRECTION ( 'NONE',  ( -1.000000000000000000, 0.000000000000000000, 0.000000000000000000 ) ) ;
#1265 = CARTESIAN_POINT ( 'NONE',  ( 40.40000000000000568, -99.63104744852246597, 13.99999999999998757 ) ) ;
#1266 = FACE_OUTER_BOUND ( 'NONE', #1279, .T. ) ;
#1267 = LINE ( 'NONE', #139, #45 ) ;
#1268 = VERTEX_POINT ( 'NONE', #924 ) ;
#1269 = CARTESIAN_POINT ( 'NONE',  ( 14.14013388614741729, -90.68104744852246313, 13.35524999120154632 ) ) ;
#1270 = CARTESIAN_POINT ( 'NONE',  ( 32.20000000000000284, -115.8958907045846303, 1.046991542476037207 ) ) ;
#1271 = VERTEX_POINT ( 'NONE', #379 ) ;
#1272 = CARTESIAN_POINT ( 'NONE',  ( 12.20000000000000462, -112.0000000000000000, 3.999999999999989786 ) ) ;
#1273 = CARTESIAN_POINT ( 'NONE',  ( 13.76870442809433825, -90.68104744852246313, -12.80172149423969152 ) ) ;
#1274 = EDGE_CURVE ( 'NONE', #1271, #198, #987, .T. ) ;
#1275 = CARTESIAN_POINT ( 'NONE',  ( 31.99174842759007475, -90.68104744852244892, 7.660881721827388802 ) ) ;
#1276 = VERTEX_POINT ( 'NONE', #1389 ) ;
#1277 = CARTESIAN_POINT ( 'NONE',  ( 34.40000000000000568, -102.6310474485224660, -9.200000000000015277 ) ) ;
#1278 = DIRECTION ( 'NONE',  ( 0.000000000000000000, -1.387778780781445676E-16, 1.000000000000000000 ) ) ;
#1279 = EDGE_LOOP ( 'NONE', ( #172, #388, #1147, #1052 ) ) ;
#1280 = CARTESIAN_POINT ( 'NONE',  ( 0.000000000000000000, -99.63104744852246597, 0.000000000000000000 ) ) ;
#1281 = CARTESIAN_POINT ( 'NONE',  ( 12.19999999999997442, -120.6036540931457353, -11.19533578007671615 ) ) ;
#1282 = AXIS2_PLACEMENT_3D ( 'NONE', #904, #1093, #533 ) ;
#1283 = CARTESIAN_POINT ( 'NONE',  ( 30.63107481196166759, -90.68104744852246313, 12.80224505012952463 ) ) ;
#1284 = ORIENTED_EDGE ( 'NONE', *, *, #885, .F. ) ;
#1285 = AXIS2_PLACEMENT_3D ( 'NONE', #1125, #129, #1221 ) ;
#1286 = APPLICATION_CONTEXT ( 'automotive_design' ) ;
#1287 = CARTESIAN_POINT ( 'NONE',  ( 29.20000000000000284, -112.0000000000000000, 13.99999999999999289 ) ) ;
#1288 = ORIENTED_EDGE ( 'NONE', *, *, #173, .F. ) ;
#1289 = FACE_OUTER_BOUND ( 'NONE', #400, .T. ) ;
#1290 = CARTESIAN_POINT ( 'NONE',  ( 12.19999999999997442, -120.6036540931470142, 11.19533578007584396 ) ) ;
#1291 = CARTESIAN_POINT ( 'NONE',  ( 29.19999999999999929, -120.6036540796488339, 11.19533579357451281 ) ) ;
#1292 = CARTESIAN_POINT ( 'NONE',  ( 14.17351542633947581, -90.68104744852246313, 13.39707531967021303 ) ) ;
#1293 = CARTESIAN_POINT ( 'NONE',  ( 29.20000000000000284, -111.9999999999999574, 13.99999999999999289 ) ) ;
#1294 = DIRECTION ( 'NONE',  ( 0.000000000000000000, 0.000000000000000000, 1.000000000000000000 ) ) ;
#1295 = VERTEX_POINT ( 'NONE', #242 ) ;
#1296 = CYLINDRICAL_SURFACE ( 'NONE', #348, 14.00000000000000000 ) ;
#1297 = CARTESIAN_POINT ( 'NONE',  ( 32.20000000000000284, -111.9999999999999716, 13.99999999999999467 ) ) ;
#1298 = LINE ( 'NONE', #737, #1354 ) ;
#1299 = CARTESIAN_POINT ( 'NONE',  ( 15.20000000000000462, -103.7540316323483154, -14.00000000000001599 ) ) ;
#1300 = FACE_OUTER_BOUND ( 'NONE', #830, .T. ) ;
#1301 = EDGE_LOOP ( 'NONE', ( #1198, #1369, #142, #505 ) ) ;
#1302 = EDGE_CURVE ( 'NONE', #38, #1118, #712, .T. ) ;
#1303 = LINE ( 'NONE', #959, #492 ) ;
#1304 = EDGE_CURVE ( 'NONE', #996, #38, #811, .T. ) ;
#1305 = CARTESIAN_POINT ( 'NONE',  ( 12.19999999999997442, -123.1953357800776558, -8.603654093146593240 ) ) ;
#1306 = CARTESIAN_POINT ( 'NONE',  ( 29.20000000000000284, -115.6644703810299006, 13.63561747335641172 ) ) ;
#1307 = VECTOR ( 'NONE', #392, 1000.000000000000000 ) ;
#1308 = DIRECTION ( 'NONE',  ( -0.000000000000000000, -1.000000000000000000, -0.000000000000000000 ) ) ;
#1309 = CARTESIAN_POINT ( 'NONE',  ( 27.20000000000000639, 0.000000000000000000, 0.000000000000000000 ) ) ;
#1310 = AXIS2_PLACEMENT_3D ( 'NONE', #272, #1150, #1264 ) ;
#1311 = COLOUR_RGB ( '',0.7921568627450980005, 0.8196078431372548767, 0.9333333333333333481 ) ;
#1312 = ORIENTED_EDGE ( 'NONE', *, *, #470, .F. ) ;
#1313 = VECTOR ( 'NONE', #921, 1000.000000000000000 ) ;
#1314 = DIRECTION ( 'NONE',  ( -2.478176394252581141E-16, 0.000000000000000000, -1.000000000000000000 ) ) ;
#1315 = CARTESIAN_POINT ( 'NONE',  ( 12.20000000000000639, -116.0000000000000000, -0.5235987701441587872 ) ) ;
#1316 = DIRECTION ( 'NONE',  ( 0.000000000000000000, 0.000000000000000000, -1.000000000000000000 ) ) ;
#1317 = CARTESIAN_POINT ( 'NONE',  ( 12.20000000000000639, -99.63104744852248018, -4.000000000000018652 ) ) ;
#1318 = CARTESIAN_POINT ( 'NONE',  ( 12.20000000000000639, -94.50000000000005684, 3.999999999999994671 ) ) ;
#1319 = ORIENTED_EDGE ( 'NONE', *, *, #3, .F. ) ;
#1320 = EDGE_CURVE ( 'NONE', #919, #302, #687, .T. ) ;
#1321 = CARTESIAN_POINT ( 'NONE',  ( 32.20000000000000284, -115.8982247174559745, -1.041098759960866982 ) ) ;
#1322 = CARTESIAN_POINT ( 'NONE',  ( 32.20000000000000995, -103.2499999999999289, 14.00000000002275868 ) ) ;
#1323 = ADVANCED_FACE ( 'NONE', ( #24 ), #339, .T. ) ;
#1324 = CARTESIAN_POINT ( 'NONE',  ( 10.00000000000000888, -102.6310474485224660, -16.20000000000001705 ) ) ;
#1325 = CARTESIAN_POINT ( 'NONE',  ( 32.20000000000000284, -99.63104744852242334, 14.00000000000899192 ) ) ;
#1326 = ORIENTED_EDGE ( 'NONE', *, *, #604, .T. ) ;
#1327 = CARTESIAN_POINT ( 'NONE',  ( 12.20000000000000639, -99.63104744852248018, -4.000000000000018652 ) ) ;
#1328 = CARTESIAN_POINT ( 'NONE',  ( 15.20000000000000462, -123.1953357935745288, 8.603654079648789477 ) ) ;
#1329 = CARTESIAN_POINT ( 'NONE',  ( 29.20000000000000639, -99.63104744852249439, 13.99999999999999112 ) ) ;
#1330 = ADVANCED_FACE ( 'NONE', ( #1289 ), #752, .F. ) ;
#1331 = EDGE_LOOP ( 'NONE', ( #798, #109, #1158, #241 ) ) ;
#1332 =( BOUNDED_CURVE ( )  B_SPLINE_CURVE ( 2, ( #290, #87, #968 ),
 .UNSPECIFIED., .F., .F. ) 
 B_SPLINE_CURVE_WITH_KNOTS ( ( 3, 3 ),
 ( 0.000000000000000000, 1.000000000000000000 ),
 .UNSPECIFIED. ) 
 CURVE ( )  GEOMETRIC_REPRESENTATION_ITEM ( )  RATIONAL_B_SPLINE_CURVE ( ( 1.000000000000000000, 0.7071067811865475727, 1.000000000000000000 ) ) 
 REPRESENTATION_ITEM ( '' )  );
#1333 = B_SPLINE_CURVE_WITH_KNOTS ( 'NONE', 3,
 ( #95, #879, #545, #1120, #895, #114, #441, #1224, #335, #330, #1321, #778, #564, #119, #255, #366, #1135, #11 ),
 .UNSPECIFIED., .F., .F.,
 ( 4, 2, 2, 2, 2, 2, 2, 2, 4 ),
 ( 0.000000000000000000, 0.1250000000000000000, 0.2500000000000000000, 0.3750000000000000000, 0.5000000000000000000, 0.6250000000000000000, 0.7500000000000000000, 0.8750000000000000000, 1.000000000000000000 ),
 .UNSPECIFIED. ) ;
#1334 = CIRCLE ( 'NONE', #211, 6.999999999999999112 ) ;
#1335 = LINE ( 'NONE', #782, #1409 ) ;
#1336 = CARTESIAN_POINT ( 'NONE',  ( 29.20000000000000639, -90.68104744852246313, -14.00000000000001954 ) ) ;
#1337 = CARTESIAN_POINT ( 'NONE',  ( 27.20000000000000995, -112.0000000000000000, -14.00000000000001243 ) ) ;
#1338 = ADVANCED_FACE ( 'NONE', ( #158 ), #1296, .T. ) ;
#1339 = ORIENTED_EDGE ( 'NONE', *, *, #3, .T. ) ;
#1340 = DIRECTION ( 'NONE',  ( 0.000000000000000000, 0.000000000000000000, 1.000000000000000000 ) ) ;
#1341 = DIRECTION ( 'NONE',  ( -2.141633920959020261E-16, 0.000000000000000000, 1.000000000000000000 ) ) ;
#1342 = DIRECTION ( 'NONE',  ( 0.000000000000000000, 0.000000000000000000, -1.000000000000000000 ) ) ;
#1343 = LINE ( 'NONE', #121, #346 ) ;
#1344 = LINE ( 'NONE', #690, #728 ) ;
#1345 = ORIENTED_EDGE ( 'NONE', *, *, #1124, .T. ) ;
#1346 = SHAPE_DEFINITION_REPRESENTATION ( #215, #788 ) ;
#1347 = FACE_OUTER_BOUND ( 'NONE', #823, .T. ) ;
#1348 = ADVANCED_FACE ( 'NONE', ( #742, #617 ), #843, .T. ) ;
#1349 = UNCERTAINTY_MEASURE_WITH_UNIT (LENGTH_MEASURE( 1.000000000000000082E-05 ), #1010, 'distance_accuracy_value', 'NONE');
#1350 = CARTESIAN_POINT ( 'NONE',  ( 32.20000000000000284, -94.49999999999990052, 3.999999999999994671 ) ) ;
#1351 = CARTESIAN_POINT ( 'NONE',  ( 31.66117374463775391, -90.68104744852244892, -9.792668363173280710 ) ) ;
#1352 =( NAMED_UNIT ( * ) SI_UNIT ( $, .STERADIAN. ) SOLID_ANGLE_UNIT ( ) );
#1353 = ORIENTED_EDGE ( 'NONE', *, *, #479, .F. ) ;
#1354 = VECTOR ( 'NONE', #298, 1000.000000000000000 ) ;
#1355 = AXIS2_PLACEMENT_3D ( 'NONE', #180, #1314, #296 ) ;
#1356 = FACE_OUTER_BOUND ( 'NONE', #271, .T. ) ;
#1357 = DIRECTION ( 'NONE',  ( 0.000000000000000000, 0.000000000000000000, -1.000000000000000000 ) ) ;
#1358 = LINE ( 'NONE', #477, #1313 ) ;
#1359 = LINE ( 'NONE', #898, #981 ) ;
#1360 = EDGE_LOOP ( 'NONE', ( #112, #941, #1326, #212 ) ) ;
#1361 = CARTESIAN_POINT ( 'NONE',  ( 34.40000000000000568, -90.68104744852246313, -9.200000000000015277 ) ) ;
#1362 = CARTESIAN_POINT ( 'NONE',  ( 27.20000000000000639, -112.0000000000000000, -11.24999999999999822 ) ) ;
#1363 = CARTESIAN_POINT ( 'NONE',  ( 14.04777949136806292, -90.68104744852246313, -13.23316322368514264 ) ) ;
#1364 = PRODUCT_RELATED_PRODUCT_CATEGORY ( 'part', '', ( #652 ) ) ;
#1365 = EDGE_CURVE ( 'NONE', #1162, #1018, #1415, .T. ) ;
#1366 =( NAMED_UNIT ( * ) SI_UNIT ( $, .STERADIAN. ) SOLID_ANGLE_UNIT ( ) );
#1367 = ORIENTED_EDGE ( 'NONE', *, *, #1302, .T. ) ;
#1368 = EDGE_CURVE ( 'NONE', #130, #919, #65, .T. ) ;
#1369 = ORIENTED_EDGE ( 'NONE', *, *, #1063, .F. ) ;
#1370 = B_SPLINE_CURVE_WITH_KNOTS ( 'NONE', 3,
 ( #1426, #417, #519, #542 ),
 .UNSPECIFIED., .F., .F.,
 ( 4, 4 ),
 ( 0.4204052726507533921, 1.000000000000000000 ),
 .UNSPECIFIED. ) ;
#1371 = CARTESIAN_POINT ( 'NONE',  ( -4.999999999999997335, -112.0000000000000000, 13.99999999999999289 ) ) ;
#1372 = CARTESIAN_POINT ( 'NONE',  ( 32.20000000000000995, -94.50000000000005684, -14.00000000000001954 ) ) ;
#1373 = DIRECTION ( 'NONE',  ( 0.000000000000000000, 0.000000000000000000, -1.000000000000000000 ) ) ;
#1374 = ORIENTED_EDGE ( 'NONE', *, *, #361, .T. ) ;
#1375 = DIRECTION ( 'NONE',  ( -1.000000000000000000, 0.000000000000000000, 0.000000000000000000 ) ) ;
#1376 = CARTESIAN_POINT ( 'NONE',  ( 29.20000000000000284, -123.1953357800763058, -8.603654093147024895 ) ) ;
#1377 = ORIENTED_EDGE ( 'NONE', *, *, #800, .F. ) ;
#1378 = AXIS2_PLACEMENT_3D ( 'NONE', #801, #1113, #1230 ) ;
#1379 = AXIS2_PLACEMENT_3D ( 'NONE', #1228, #205, #1001 ) ;
#1380 = DIRECTION ( 'NONE',  ( -1.000000000000000000, 0.000000000000000000, 0.000000000000000000 ) ) ;
#1381 = CARTESIAN_POINT ( 'NONE',  ( 12.39551626906297699, -90.68104744852247734, -7.551454162763205247 ) ) ;
#1382 =( BOUNDED_SURFACE ( )  B_SPLINE_SURFACE ( 2, 3, ( 
 ( #1152, #916, #486, #808 ),
 ( #381, #1372, #126, #476 ),
 ( #1251, #1259, #144, #359 ) ),
 .UNSPECIFIED., .F., .F., .T. ) 
 B_SPLINE_SURFACE_WITH_KNOTS ( ( 3, 3 ),
 ( 4, 4 ),
 ( 0.000000000000000000, 1.000000000000000000 ),
 ( -0.04025000000000000799, -0.01399999999999999856 ),
 .UNSPECIFIED. ) 
 GEOMETRIC_REPRESENTATION_ITEM ( )  RATIONAL_B_SPLINE_SURFACE ( (
 ( 1.000000000000000000, 1.000000000000000000, 1.000000000000000000, 1.000000000000000000),
 ( 0.7071067811865475727, 0.7071067811865475727, 0.7071067811865475727, 0.7071067811865475727),
 ( 1.000000000000000000, 1.000000000000000000, 1.000000000000000000, 1.000000000000000000) ) ) 
 REPRESENTATION_ITEM ( '' )  SURFACE ( )  );
#1383 = CARTESIAN_POINT ( 'NONE',  ( 29.20000000000000639, -102.6310474485224660, 13.99999999999999289 ) ) ;
#1384 = PRESENTATION_LAYER_ASSIGNMENT (  '', '', ( #914 ) ) ;
#1385 = ORIENTED_EDGE ( 'NONE', *, *, #1124, .F. ) ;
#1386 = CARTESIAN_POINT ( 'NONE',  ( 32.20000000000000995, -126.0000000000000000, 1.832595695504524391 ) ) ;
#1387 = ORIENTED_EDGE ( 'NONE', *, *, #94, .F. ) ;
#1388 = EDGE_CURVE ( 'NONE', #1162, #1295, #1303, .T. ) ;
#1389 = CARTESIAN_POINT ( 'NONE',  ( 12.20000000000000639, -90.68104744852246313, -4.000000000000019540 ) ) ;
#1390 = CARTESIAN_POINT ( 'NONE',  ( 34.40000000000000568, -102.6310474485224660, -16.20000000000001705 ) ) ;
#1391 =( BOUNDED_CURVE ( )  B_SPLINE_CURVE ( 2, ( #515, #1064, #56 ),
 .UNSPECIFIED., .F., .T. ) 
 B_SPLINE_CURVE_WITH_KNOTS ( ( 3, 3 ),
 ( 0.000000000000000000, 0.01095360046372428377 ),
 .UNSPECIFIED. ) 
 CURVE ( )  GEOMETRIC_REPRESENTATION_ITEM ( )  RATIONAL_B_SPLINE_CURVE ( ( 1.000000000000000000, 0.7071067811865475727, 1.000000000000000000 ) ) 
 REPRESENTATION_ITEM ( '' )  );
#1392 = ORIENTED_EDGE ( 'NONE', *, *, #482, .T. ) ;
#1393 = CARTESIAN_POINT ( 'NONE',  ( 14.25167780305677212, -90.68104744852246313, 13.48986812490671028 ) ) ;
#1394 = CARTESIAN_POINT ( 'NONE',  ( 34.40000000000000568, -102.6310474485224660, -16.20000000000001705 ) ) ;
#1395 = ORIENTED_EDGE ( 'NONE', *, *, #1171, .T. ) ;
#1396 = CARTESIAN_POINT ( 'NONE',  ( 12.20000000000000639, -112.0000000000000000, -4.000000000000022204 ) ) ;
#1397 = CARTESIAN_POINT ( 'NONE',  ( 12.20000000000000462, -126.0000000000000000, -1.832595695504538380 ) ) ;
#1398 = EDGE_CURVE ( 'NONE', #319, #71, #1056, .T. ) ;
#1399 = CARTESIAN_POINT ( 'NONE',  ( 27.40000000000000213, -102.6310474485224660, 16.19999999999999218 ) ) ;
#1400 = ORIENTED_EDGE ( 'NONE', *, *, #29, .T. ) ;
#1401 = CARTESIAN_POINT ( 'NONE',  ( 12.20000000000000462, -111.9999999999999858, 13.99999999999999112 ) ) ;
#1402 = DIRECTION ( 'NONE',  ( -2.141633920959020261E-16, 0.000000000000000000, 1.000000000000000000 ) ) ;
#1403 = ORIENTED_EDGE ( 'NONE', *, *, #237, .T. ) ;
#1404 = CARTESIAN_POINT ( 'NONE',  ( 12.20000000000000462, -111.9999999999999858, -4.000000000000003553 ) ) ;
#1405 = EDGE_CURVE ( 'NONE', #164, #55, #502, .T. ) ;
#1406 = CARTESIAN_POINT ( 'NONE',  ( 12.19999999999997442, -123.1953357800762916, 8.603654093147474313 ) ) ;
#1407 = VECTOR ( 'NONE', #1427, 1000.000000000000000 ) ;
#1408 = CARTESIAN_POINT ( 'NONE',  ( 27.40000000000000213, -90.68104744852246313, 16.19999999999999218 ) ) ;
#1409 = VECTOR ( 'NONE', #429, 1000.000000000000000 ) ;
#1410 = CARTESIAN_POINT ( 'NONE',  ( 15.00931819141866619, -90.68104744852246313, 13.99999999999999822 ) ) ;
#1411 = AXIS2_PLACEMENT_3D ( 'NONE', #930, #1375, #945 ) ;
#1412 = CARTESIAN_POINT ( 'NONE',  ( 32.20000000000000284, -114.4581868837564258, 3.198667365736159951 ) ) ;
#1413 = ORIENTED_EDGE ( 'NONE', *, *, #1445, .T. ) ;
#1414 = B_SPLINE_CURVE_WITH_KNOTS ( 'NONE', 3,
 ( #804, #230, #786, #1239 ),
 .UNSPECIFIED., .F., .F.,
 ( 4, 4 ),
 ( 0.4204052726507518933, 1.000000000000000000 ),
 .UNSPECIFIED. ) ;
#1415 = LINE ( 'NONE', #610, #375 ) ;
#1416 = CARTESIAN_POINT ( 'NONE',  ( 12.20000000000000639, -114.4581868837564258, -3.198667365736173718 ) ) ;
#1417 = CYLINDRICAL_SURFACE ( 'NONE', #1075, 3.500000000000000000 ) ;
#1418 = ADVANCED_FACE ( 'NONE', ( #1071 ), #522, .T. ) ;
#1419 = CARTESIAN_POINT ( 'NONE',  ( 32.20000000000000284, -102.6310474485224660, -4.000000000000019540 ) ) ;
#1420 = CARTESIAN_POINT ( 'NONE',  ( 29.20000000000000639, -107.8770158161741648, 13.99999999999998579 ) ) ;
#1421 = EDGE_CURVE ( 'NONE', #30, #319, #858, .T. ) ;
#1422 = EDGE_LOOP ( 'NONE', ( #1211, #905, #340, #153 ) ) ;
#1423 = DIRECTION ( 'NONE',  ( 0.000000000000000000, 1.000000000000000000, 0.000000000000000000 ) ) ;
#1424 = CARTESIAN_POINT ( 'NONE',  ( 15.20000000000000462, -119.0506657075604835, -12.23300944426307169 ) ) ;
#1425 = CARTESIAN_POINT ( 'NONE',  ( 15.20000000000000462, -99.63104744852246597, 13.99999999999999112 ) ) ;
#1426 = CARTESIAN_POINT ( 'NONE',  ( 15.20000000000000462, -99.63104744852246597, 13.99999999999999112 ) ) ;
#1427 = DIRECTION ( 'NONE',  ( 0.000000000000000000, 0.000000000000000000, 1.000000000000000000 ) ) ;
#1428 = EDGE_LOOP ( 'NONE', ( #613, #150, #262, #1205 ) ) ;
#1429 = CARTESIAN_POINT ( 'NONE',  ( 29.20000000000000639, -90.68104744852246313, 13.99999999999999112 ) ) ;
#1430 = CARTESIAN_POINT ( 'NONE',  ( 12.20000000000000639, -115.8958907045882682, 1.046991542476105597 ) ) ;
#1431 = CARTESIAN_POINT ( 'NONE',  ( 29.20000000000000639, -94.49999999999990052, 13.99999999999999289 ) ) ;
#1432 = AXIS2_PLACEMENT_3D ( 'NONE', #528, #848, #1294 ) ;
#1433 = CARTESIAN_POINT ( 'NONE',  ( 12.20000000000000284, -112.5301747342139436, -4.000000000000003553 ) ) ;
#1434 = CARTESIAN_POINT ( 'NONE',  ( 30.22653522319143704, -90.68104744852246313, -13.39707531967023790 ) ) ;
#1435 = AXIS2_PLACEMENT_3D ( 'NONE', #1195, #68, #1209 ) ;
#1436 = EDGE_LOOP ( 'NONE', ( #1062, #1288, #1055, #333 ) ) ;
#1437 = EDGE_CURVE ( 'NONE', #287, #1018, #414, .T. ) ;
#1438 = DIRECTION ( 'NONE',  ( 1.000000000000000000, 0.000000000000000000, 2.141633920959020261E-16 ) ) ;
#1439 = FACE_OUTER_BOUND ( 'NONE', #102, .T. ) ;
#1440 = ORIENTED_EDGE ( 'NONE', *, *, #374, .F. ) ;
#1441 = DIRECTION ( 'NONE',  ( 0.000000000000000000, 1.000000000000000000, 0.000000000000000000 ) ) ;
#1442 = ORIENTED_EDGE ( 'NONE', *, *, #1073, .F. ) ;
#1443 = CARTESIAN_POINT ( 'NONE',  ( 12.20000000000000639, -102.6310474485224660, -4.000000000000019540 ) ) ;
#1444 = LINE ( 'NONE', #886, #606 ) ;
#1445 = EDGE_CURVE ( 'NONE', #38, #475, #1391, .T. ) ;
#1446 = CARTESIAN_POINT ( 'NONE',  ( 12.20000000000000462, -111.9999999999999858, -4.000000000000003553 ) ) ;
#1447 = VERTEX_POINT ( 'NONE', #508 ) ;
#1448 = CARTESIAN_POINT ( 'NONE',  ( 15.20000000000000462, -102.6310474485224660, 13.99999999999999289 ) ) ;
#1449 = CARTESIAN_POINT ( 'NONE',  ( 15.20000000000000462, -112.0000000000000000, 13.99999999999999289 ) ) ;
#1450 = DIRECTION ( 'NONE',  ( 0.000000000000000000, 0.000000000000000000, 1.000000000000000000 ) ) ;
#1451 = VERTEX_POINT ( 'NONE', #948 ) ;
#1452 = VECTOR ( 'NONE', #62, 1000.000000000000000 ) ;
#1453 = VERTEX_POINT ( 'NONE', #1404 ) ;
#1454 = CARTESIAN_POINT ( 'NONE',  ( 15.20000000000000462, -90.68104744852246313, -14.00000000000001954 ) ) ;
#1455 = CARTESIAN_POINT ( 'NONE',  ( 22.20000000000000284, -106.6310474485224660, 0.000000000000000000 ) ) ;
#1456 = CARTESIAN_POINT ( 'NONE',  ( 31.98717078759549892, -90.68104744852246313, -7.699424388961647381 ) ) ;
ENDSEC;
END-ISO-10303-21;
