ISO-10303-21;
HEADER;
FILE_DESCRIPTION (( 'STEP AP214' ),
    '1' );
FILE_NAME('Foot_Original.step','2026-09-10T00:00:00',('RIVERDOG'),(''),'SOLIDWORKS STEP exporter','SOLIDWORKS','');
FILE_SCHEMA (( 'AUTOMOTIVE_DESIGN' ));
ENDSEC;

DATA;
#1 = VERTEX_POINT ( 'NONE', #1017 ) ;
#2 = LINE ( 'NONE', #100, #856 ) ;
#3 = ADVANCED_FACE ( 'NONE', ( #932 ), #303, .F. ) ;
#4 = AXIS2_PLACEMENT_3D ( 'NONE', #203, #1392, #1093 ) ;
#5 = DIRECTION ( 'NONE',  ( -1.000000000000000000, 0.000000000000000000, 0.000000000000000000 ) ) ;
#6 = LINE ( 'NONE', #468, #382 ) ;
#7 = CARTESIAN_POINT ( 'NONE',  ( 29.20000000000000284, -126.0000000000000000, 1.832595695504491973 ) ) ;
#8 =( BOUNDED_CURVE ( )  B_SPLINE_CURVE ( 2, ( #316, #208, #983 ),
 .UNSPECIFIED., .F., .F. ) 
 B_SPLINE_CURVE_WITH_KNOTS ( ( 3, 3 ),
 ( 0.000000000000000000, 0.01095360046372428377 ),
 .UNSPECIFIED. ) 
 CURVE ( )  GEOMETRIC_REPRESENTATION_ITEM ( )  RATIONAL_B_SPLINE_CURVE ( ( 1.000000000000000000, 0.7071067811865475727, 1.000000000000000000 ) ) 
 REPRESENTATION_ITEM ( '' )  );
#9 = CYLINDRICAL_SURFACE ( 'NONE', #595, 6.999999999999999112 ) ;
#10 = VERTEX_POINT ( 'NONE', #246 ) ;
#11 = CARTESIAN_POINT ( 'NONE',  ( 31.17495783578442925, -102.6310474485224802, -11.55902367826416643 ) ) ;
#12 = EDGE_CURVE ( 'NONE', #1336, #1090, #1112, .T. ) ;
#13 = LINE ( 'NONE', #1120, #1286 ) ;
#14 = CARTESIAN_POINT ( 'NONE',  ( 32.20000000000000284, -114.4581868837564258, -3.198667365736159951 ) ) ;
#15 = ADVANCED_FACE ( 'NONE', ( #1028 ), #1235, .T. ) ;
#16 = ADVANCED_FACE ( 'NONE', ( #583, #706 ), #235, .T. ) ;
#17 = EDGE_LOOP ( 'NONE', ( #239, #1369, #1415, #903 ) ) ;
#18 =( BOUNDED_CURVE ( )  B_SPLINE_CURVE ( 2, ( #838, #300, #857 ),
 .UNSPECIFIED., .F., .F. ) 
 B_SPLINE_CURVE_WITH_KNOTS ( ( 3, 3 ),
 ( 0.000000000000000000, 1.000000000000000000 ),
 .UNSPECIFIED. ) 
 CURVE ( )  GEOMETRIC_REPRESENTATION_ITEM ( )  RATIONAL_B_SPLINE_CURVE ( ( 1.000000000000000000, 0.7071067811865475727, 1.000000000000000000 ) ) 
 REPRESENTATION_ITEM ( '' )  );
#19 = DIRECTION ( 'NONE',  ( 0.000000000000000000, 1.000000000000000000, 0.000000000000000000 ) ) ;
#20 = CARTESIAN_POINT ( 'NONE',  ( 30.47032117367483295, -102.6310474485224660, -13.06257943992529746 ) ) ;
#21 = DIRECTION ( 'NONE',  ( 0.000000000000000000, 1.000000000000000000, 0.000000000000000000 ) ) ;
#22 = CARTESIAN_POINT ( 'NONE',  ( 32.20000000000000284, -115.8958907045846303, -1.046991542476037207 ) ) ;
#23 = AXIS2_PLACEMENT_3D ( 'NONE', #1316, #5, #798 ) ;
#24 = ADVANCED_FACE ( 'NONE', ( #250 ), #576, .F. ) ;
#25 = VECTOR ( 'NONE', #629, 1000.000000000000000 ) ;
#26 = FACE_OUTER_BOUND ( 'NONE', #1051, .T. ) ;
#27 = CARTESIAN_POINT ( 'NONE',  ( 12.20000000000000639, -94.50000000000005684, -3.999999999999994671 ) ) ;
#28 = CARTESIAN_POINT ( 'NONE',  ( 32.20000000000545270, -119.0506657075566466, -12.23300944426393322 ) ) ;
#29 =( BOUNDED_SURFACE ( )  B_SPLINE_SURFACE ( 2, 3, ( 
 ( #155, #291, #755, #181 ),
 ( #1045, #640, #614, #43 ),
 ( #1071, #1381, #947, #1358 ) ),
 .UNSPECIFIED., .F., .F., .T. ) 
 B_SPLINE_SURFACE_WITH_KNOTS ( ( 3, 3 ),
 ( 4, 4 ),
 ( 0.000000000000000000, 1.000000000000000000 ),
 ( -0.04025000000000000799, -0.01399999999999999856 ),
 .UNSPECIFIED. ) 
 GEOMETRIC_REPRESENTATION_ITEM ( )  RATIONAL_B_SPLINE_SURFACE ( (
 ( 1.000000000000000000, 1.000000000000000000, 1.000000000000000000, 1.000000000000000000),
 ( 0.7071067811865475727, 0.7071067811865475727, 0.7071067811865475727, 0.7071067811865475727),
 ( 1.000000000000000000, 1.000000000000000000, 1.000000000000000000, 1.000000000000000000) ) ) 
 REPRESENTATION_ITEM ( '' )  SURFACE ( )  );
#30 = EDGE_CURVE ( 'NONE', #1364, #773, #373, .T. ) ;
#31 = CARTESIAN_POINT ( 'NONE',  ( 32.20000000000000284, -90.68104744852246313, 4.000000000000019540 ) ) ;
#32 = CARTESIAN_POINT ( 'NONE',  ( 15.20000000000000462, -111.9999999999999858, -13.99999999999999112 ) ) ;
#33 = CARTESIAN_POINT ( 'NONE',  ( 32.20000000000004547, -123.1953357800762916, 8.603654093147490300 ) ) ;
#34 = CARTESIAN_POINT ( 'NONE',  ( 29.20000000000000284, -103.7540316323483438, -13.99999999999999112 ) ) ;
#35 = DIRECTION ( 'NONE',  ( 1.070816960479510131E-16, -0.000000000000000000, 1.000000000000000000 ) ) ;
#36 = CARTESIAN_POINT ( 'NONE',  ( 27.40000000000000213, -90.68104744852246313, -16.19999999999999218 ) ) ;
#37 = EDGE_CURVE ( 'NONE', #928, #1151, #6, .T. ) ;
#38 = CARTESIAN_POINT ( 'NONE',  ( 12.20000000000000639, -102.6310474485224660, -3.999999999999993339 ) ) ;
#39 = CARTESIAN_POINT ( 'NONE',  ( 12.20000000000000639, -111.9999999999999858, 4.000000000000007105 ) ) ;
#40 = CARTESIAN_POINT ( 'NONE',  ( 32.20000000000000995, -112.0000000000000142, -13.99999999999999112 ) ) ;
#41 = CARTESIAN_POINT ( 'NONE',  ( 13.46194357190659474, -102.6310474485224802, 12.20334247790746041 ) ) ;
#42 = VECTOR ( 'NONE', #63, 1000.000000000000000 ) ;
#43 = CARTESIAN_POINT ( 'NONE',  ( 32.20000000000000995, -111.9999999999999858, 14.00000000000002487 ) ) ;
#44 = ORIENTED_EDGE ( 'NONE', *, *, #957, .T. ) ;
#45 = CIRCLE ( 'NONE', #1399, 11.24999999999999112 ) ;
#46 = CARTESIAN_POINT ( 'NONE',  ( 34.40000000000000568, -102.6310474485224660, 16.20000000000001705 ) ) ;
#47 = CARTESIAN_POINT ( 'NONE',  ( 12.20000000000000639, -99.63104744852248018, -3.999999999999991562 ) ) ;
#48 = CARTESIAN_POINT ( 'NONE',  ( 12.19999999998865370, -125.6356174660534606, -3.664470398665188533 ) ) ;
#49 = EDGE_LOOP ( 'NONE', ( #608, #1255, #1014, #435 ) ) ;
#50 = B_SPLINE_CURVE_WITH_KNOTS ( 'NONE', 3,
 ( #655, #1302, #981, #563, #449, #681, #972, #1387, #1401, #893, #426, #775, #331, #1197, #673, #869, #110, #574, #1008, #465, #347, #797, #1212 ),
 .UNSPECIFIED., .F., .F.,
 ( 4, 1, 1, 1, 1, 2, 2, 2, 1, 1, 1, 1, 1, 2, 2, 4 ),
 ( 0.000000000000000000, 0.1250000000000016098, 0.1875000000000013045, 0.2187500000000011380, 0.2343750000000008604, 0.2421875000000002220, 0.2499999999999996114, 0.5000000000000068834, 0.6250000000000103251, 0.6875000000000119904, 0.7187500000000127676, 0.7343750000000129896, 0.7421875000000132117, 0.7460937500000133227, 0.7500000000000133227, 1.000000000000000000 ),
 .UNSPECIFIED. ) ;
#51 = LINE ( 'NONE', #68, #534 ) ;
#52 = EDGE_CURVE ( 'NONE', #81, #168, #13, .T. ) ;
#53 = CARTESIAN_POINT ( 'NONE',  ( 29.20000000000000284, -123.1953357800772011, -8.603654093146115400 ) ) ;
#54 = ORIENTED_EDGE ( 'NONE', *, *, #399, .F. ) ;
#55 = CARTESIAN_POINT ( 'NONE',  ( 32.20000000000000284, -111.9999999999999858, -3.999999999999989786 ) ) ;
#56 = DIRECTION ( 'NONE',  ( 0.000000000000000000, 0.000000000000000000, -1.000000000000000000 ) ) ;
#57 = CARTESIAN_POINT ( 'NONE',  ( 12.20000000000000462, -126.0000000000000000, 1.832595695504538380 ) ) ;
#58 = ORIENTED_EDGE ( 'NONE', *, *, #697, .T. ) ;
#59 = CARTESIAN_POINT ( 'NONE',  ( 29.20000000000000639, -102.6310474485224660, 14.00000000000002309 ) ) ;
#60 = EDGE_CURVE ( 'NONE', #1070, #684, #355, .T. ) ;
#61 = CARTESIAN_POINT ( 'NONE',  ( 12.22632938710159678, -102.6310474485224660, 5.572609098892329804 ) ) ;
#62 = LINE ( 'NONE', #1246, #313 ) ;
#63 = DIRECTION ( 'NONE',  ( 0.000000000000000000, 0.000000000000000000, 1.000000000000000000 ) ) ;
#64 = DIRECTION ( 'NONE',  ( 0.000000000000000000, 1.000000000000000000, 0.000000000000000000 ) ) ;
#65 = DIRECTION ( 'NONE',  ( 0.000000000000000000, 0.000000000000000000, 1.000000000000000000 ) ) ;
#66 =( BOUNDED_CURVE ( )  B_SPLINE_CURVE ( 2, ( #1121, #1216, #1126 ),
 .UNSPECIFIED., .F., .F. ) 
 B_SPLINE_CURVE_WITH_KNOTS ( ( 3, 3 ),
 ( 0.000000000000000000, 0.01103812050271871931 ),
 .UNSPECIFIED. ) 
 CURVE ( )  GEOMETRIC_REPRESENTATION_ITEM ( )  RATIONAL_B_SPLINE_CURVE ( ( 1.000000000000000000, 0.7071067811865475727, 1.000000000000000000 ) ) 
 REPRESENTATION_ITEM ( '' )  );
#67 = ORIENTED_EDGE ( 'NONE', *, *, #1388, .F. ) ;
#68 = CARTESIAN_POINT ( 'NONE',  ( 40.40000000000000568, -99.63104744852246597, 14.00000000000001599 ) ) ;
#69 = CARTESIAN_POINT ( 'NONE',  ( 12.78595464088953548, -102.6310474485224660, 10.09515607907925272 ) ) ;
#70 = CARTESIAN_POINT ( 'NONE',  ( 12.27021169893757602, -102.6310474485224802, -6.498811949570488800 ) ) ;
#71 = PLANE ( 'NONE',  #309 ) ;
#72 = CARTESIAN_POINT ( 'NONE',  ( 12.20000000000000639, -115.4951455555056725, 2.014475916444668169 ) ) ;
#73 =( GEOMETRIC_REPRESENTATION_CONTEXT ( 3 ) GLOBAL_UNCERTAINTY_ASSIGNED_CONTEXT ( ( #875 ) ) GLOBAL_UNIT_ASSIGNED_CONTEXT ( ( #87, #219, #1109 ) ) REPRESENTATION_CONTEXT ( 'NONE', 'WORKASPACE' ) );
#74 = CARTESIAN_POINT ( 'NONE',  ( 27.20000000000000639, -112.0000000000000000, 6.938893903907228378E-15 ) ) ;
#75 = EDGE_CURVE ( 'NONE', #79, #867, #1247, .T. ) ;
#76 = LINE ( 'NONE', #1296, #1262 ) ;
#77 = CARTESIAN_POINT ( 'NONE',  ( 29.20000000000000639, -99.63104744852246597, 14.00000000000001954 ) ) ;
#78 = FACE_OUTER_BOUND ( 'NONE', #1412, .T. ) ;
#79 = VERTEX_POINT ( 'NONE', #1252 ) ;
#80 = FACE_OUTER_BOUND ( 'NONE', #664, .T. ) ;
#81 = VERTEX_POINT ( 'NONE', #968 ) ;
#82 = CARTESIAN_POINT ( 'NONE',  ( 29.20000000000000639, -90.68104744852246313, -13.99999999999999112 ) ) ;
#83 = CARTESIAN_POINT ( 'NONE',  ( 15.20000000000000462, -119.0506657075522696, -12.23300944426647163 ) ) ;
#84 = EDGE_LOOP ( 'NONE', ( #926, #310, #1088, #472, #425, #1218, #1348, #596 ) ) ;
#85 = CARTESIAN_POINT ( 'NONE',  ( 17.20000000000000284, 0.000000000000000000, 0.000000000000000000 ) ) ;
#86 = CARTESIAN_POINT ( 'NONE',  ( 12.20000000000000639, -114.4581868837557863, -3.198667365736029833 ) ) ;
#87 =( LENGTH_UNIT ( ) NAMED_UNIT ( * ) SI_UNIT ( .MILLI., .METRE. ) );
#88 = CARTESIAN_POINT ( 'NONE',  ( 27.20000000000000639, -112.0000000000000000, 11.24999999999999822 ) ) ;
#89 = DIRECTION ( 'NONE',  ( 0.000000000000000000, 0.000000000000000000, -1.000000000000000000 ) ) ;
#90 = EDGE_CURVE ( 'NONE', #669, #951, #1147, .T. ) ;
#91 = EDGE_LOOP ( 'NONE', ( #106, #905, #1056, #864 ) ) ;
#92 = EDGE_CURVE ( 'NONE', #895, #1284, #292, .T. ) ;
#93 = FACE_BOUND ( 'NONE', #1196, .T. ) ;
#94 = CIRCLE ( 'NONE', #119, 14.00000000000000000 ) ;
#95 = CARTESIAN_POINT ( 'NONE',  ( 22.20000000000000284, -106.6310474485224660, 0.000000000000000000 ) ) ;
#96 =( GEOMETRIC_REPRESENTATION_CONTEXT ( 3 ) GLOBAL_UNCERTAINTY_ASSIGNED_CONTEXT ( ( #1394 ) ) GLOBAL_UNIT_ASSIGNED_CONTEXT ( ( #500, #1350, #1124 ) ) REPRESENTATION_CONTEXT ( 'NONE', 'WORKASPACE' ) );
#97 = DIRECTION ( 'NONE',  ( 1.000000000000000000, -0.000000000000000000, 0.000000000000000000 ) ) ;
#98 = VERTEX_POINT ( 'NONE', #756 ) ;
#99 = LINE ( 'NONE', #88, #1179 ) ;
#100 = CARTESIAN_POINT ( 'NONE',  ( 27.40000000000000213, -102.6310474485224660, -16.19999999999999218 ) ) ;
#101 = ADVANCED_FACE ( 'NONE', ( #519 ), #1366, .T. ) ;
#102 = VERTEX_POINT ( 'NONE', #423 ) ;
#103 = EDGE_CURVE ( 'NONE', #177, #1070, #764, .T. ) ;
#104 = DIRECTION ( 'NONE',  ( 1.000000000000000000, -0.000000000000000000, 0.000000000000000000 ) ) ;
#105 = CARTESIAN_POINT ( 'NONE',  ( 27.20000000000000284, -112.0000000000000000, 6.938893903907228378E-15 ) ) ;
#106 = ORIENTED_EDGE ( 'NONE', *, *, #606, .F. ) ;
#107 = DIRECTION ( 'NONE',  ( 0.000000000000000000, 0.000000000000000000, 1.000000000000000000 ) ) ;
#108 = CARTESIAN_POINT ( 'NONE',  ( 15.20000000000000462, -112.0000000000000000, -13.99999999999999289 ) ) ;
#109 = ORIENTED_EDGE ( 'NONE', *, *, #982, .T. ) ;
#110 = CARTESIAN_POINT ( 'NONE',  ( 31.97244050985491270, -102.6310474485224660, 7.820877853881618158 ) ) ;
#111 = CARTESIAN_POINT ( 'NONE',  ( 15.20000000000000462, -99.63104744852246597, 14.00000000000001776 ) ) ;
#112 = ORIENTED_EDGE ( 'NONE', *, *, #327, .F. ) ;
#113 = CARTESIAN_POINT ( 'NONE',  ( 34.39999999999999858, -102.6310474485224660, -9.199999999999995737 ) ) ;
#114 = VERTEX_POINT ( 'NONE', #1073 ) ;
#115 = CARTESIAN_POINT ( 'NONE',  ( 32.20000000000004547, -123.1953357800776558, -8.603654093146580806 ) ) ;
#116 = EDGE_CURVE ( 'NONE', #1284, #599, #1050, .T. ) ;
#117 = ADVANCED_FACE ( 'NONE', ( #761 ), #774, .F. ) ;
#118 = ORIENTED_EDGE ( 'NONE', *, *, #217, .T. ) ;
#119 = AXIS2_PLACEMENT_3D ( 'NONE', #964, #147, #952 ) ;
#120 = PLANE ( 'NONE',  #1195 ) ;
#121 = STYLED_ITEM ( 'NONE', ( #846 ), #1226 ) ;
#122 = ORIENTED_EDGE ( 'NONE', *, *, #351, .F. ) ;
#123 = CARTESIAN_POINT ( 'NONE',  ( 32.20000000000000995, -119.0506657075523833, 12.23300944426724968 ) ) ;
#124 = ORIENTED_EDGE ( 'NONE', *, *, #227, .T. ) ;
#125 = DIRECTION ( 'NONE',  ( 1.000000000000000000, 0.000000000000000000, -2.141633920959020261E-16 ) ) ;
#126 = VERTEX_POINT ( 'NONE', #283 ) ;
#127 = CARTESIAN_POINT ( 'NONE',  ( 15.20000000000000462, -94.50000000000005684, -13.99999999999999289 ) ) ;
#128 = CARTESIAN_POINT ( 'NONE',  ( 29.20000000000000284, -125.6356174660510305, -3.664470398666650031 ) ) ;
#129 = CARTESIAN_POINT ( 'NONE',  ( 17.00000000000000355, -102.6310474485224660, -16.19999999999999218 ) ) ;
#130 = VERTEX_POINT ( 'NONE', #960 ) ;
#131 = DIRECTION ( 'NONE',  ( 1.000000000000000000, 0.000000000000000000, 2.478176394252581141E-16 ) ) ;
#132 = ORIENTED_EDGE ( 'NONE', *, *, #103, .F. ) ;
#133 = CARTESIAN_POINT ( 'NONE',  ( 29.20000000000000284, -115.6644703986702609, 13.63561746604956504 ) ) ;
#134 = DIRECTION ( 'NONE',  ( 0.000000000000000000, -1.387778780781445676E-16, -1.000000000000000000 ) ) ;
#135 = VECTOR ( 'NONE', #1012, 1000.000000000000000 ) ;
#136 = ORIENTED_EDGE ( 'NONE', *, *, #176, .T. ) ;
#137 = CARTESIAN_POINT ( 'NONE',  ( 29.20000000000000639, -102.6310474485224660, -13.99999999999999289 ) ) ;
#138 = EDGE_LOOP ( 'NONE', ( #820, #1110, #1227, #1329, #646, #767, #984, #1020 ) ) ;
#139 = CARTESIAN_POINT ( 'NONE',  ( 15.20000000000000462, -112.0000000000000000, 14.00000000000000888 ) ) ;
#140 = CARTESIAN_POINT ( 'NONE',  ( 30.32832012196361049, -102.6310474485224660, -13.26586536324907328 ) ) ;
#141 = EDGE_LOOP ( 'NONE', ( #444, #136, #549, #1185 ) ) ;
#142 = AXIS2_PLACEMENT_3D ( 'NONE', #949, #737, #1159 ) ;
#143 = DIRECTION ( 'NONE',  ( -0.000000000000000000, -1.000000000000000000, -0.000000000000000000 ) ) ;
#144 = CARTESIAN_POINT ( 'NONE',  ( 32.19999999998911022, -124.2330094442625779, 7.050665707557348227 ) ) ;
#145 = VECTOR ( 'NONE', #651, 1000.000000000000000 ) ;
#146 = EDGE_CURVE ( 'NONE', #1209, #307, #1158, .T. ) ;
#147 = DIRECTION ( 'NONE',  ( 1.000000000000000000, -0.000000000000000000, 0.000000000000000000 ) ) ;
#148 = CARTESIAN_POINT ( 'NONE',  ( 14.81838940607951116, -102.6310474485224660, 14.00000000000001954 ) ) ;
#149 = CARTESIAN_POINT ( 'NONE',  ( 32.20000000000000284, -112.0000000000000000, 4.000000000000003553 ) ) ;
#150 = CARTESIAN_POINT ( 'NONE',  ( 29.20000000000000639, -102.6310474485224660, 14.00000000000002309 ) ) ;
#151 = CARTESIAN_POINT ( 'NONE',  ( 12.20000000000000639, -99.63104744852248018, 4.000000000000018652 ) ) ;
#152 =( NAMED_UNIT ( * ) PLANE_ANGLE_UNIT ( ) SI_UNIT ( $, .RADIAN. ) );
#153 = CARTESIAN_POINT ( 'NONE',  ( 29.20000000000000284, -113.8329261133624044, 14.00000000000000711 ) ) ;
#154 = ORIENTED_EDGE ( 'NONE', *, *, #52, .T. ) ;
#155 = CARTESIAN_POINT ( 'NONE',  ( 29.20000000000000639, -85.75000000000000000, 14.00000000000001776 ) ) ;
#156 = EDGE_LOOP ( 'NONE', ( #1178, #230, #1076, #570 ) ) ;
#157 =( BOUNDED_SURFACE ( )  B_SPLINE_SURFACE ( 2, 1, ( 
 ( #1340, #792 ),
 ( #1207, #225 ),
 ( #682, #1108 ) ),
 .UNSPECIFIED., .F., .F., .T. ) 
 B_SPLINE_SURFACE_WITH_KNOTS ( ( 3, 3 ),
 ( 2, 2 ),
 ( 0.000000000000000000, 1.000000000000000000 ),
 ( 0.000000000000000000, 1.000000000000000000 ),
 .UNSPECIFIED. ) 
 GEOMETRIC_REPRESENTATION_ITEM ( )  RATIONAL_B_SPLINE_SURFACE ( (
 ( 1.000000000000000000, 1.000000000000000000),
 ( 0.7071067811865475727, 0.7071067811865475727),
 ( 1.000000000000000000, 1.000000000000000000) ) ) 
 REPRESENTATION_ITEM ( '' )  SURFACE ( )  );
#158 = DIRECTION ( 'NONE',  ( 0.000000000000000000, 0.000000000000000000, 1.000000000000000000 ) ) ;
#159 = CARTESIAN_POINT ( 'NONE',  ( 12.20000000000000639, -103.7540316323483296, -3.999999999999992450 ) ) ;
#160 = CARTESIAN_POINT ( 'NONE',  ( 15.20000000000000462, -126.0000000000000000, 1.832595695504536604 ) ) ;
#161 = DIRECTION ( 'NONE',  ( 0.000000000000000000, 0.000000000000000000, -1.000000000000000000 ) ) ;
#162 = CARTESIAN_POINT ( 'NONE',  ( 29.20000000000000284, -112.0000000000000000, -13.99999999999999289 ) ) ;
#163 = ORIENTED_EDGE ( 'NONE', *, *, #60, .T. ) ;
#164 = CARTESIAN_POINT ( 'NONE',  ( 29.20000000000000639, -103.7540316323483296, 14.00000000000002309 ) ) ;
#165 = CARTESIAN_POINT ( 'NONE',  ( 32.20000000000000284, -103.7540316323483438, -3.999999999999992450 ) ) ;
#166 = CARTESIAN_POINT ( 'NONE',  ( 12.20000000000000462, -112.0000000000000142, -13.99999999999999467 ) ) ;
#167 =( BOUNDED_SURFACE ( )  B_SPLINE_SURFACE ( 2, 1, ( 
 ( #902, #894 ),
 ( #332, #973 ),
 ( #788, #776 ) ),
 .UNSPECIFIED., .F., .F., .T. ) 
 B_SPLINE_SURFACE_WITH_KNOTS ( ( 3, 3 ),
 ( 2, 2 ),
 ( 0.000000000000000000, 1.000000000000000000 ),
 ( 0.000000000000000000, 1.000000000000000000 ),
 .UNSPECIFIED. ) 
 GEOMETRIC_REPRESENTATION_ITEM ( )  RATIONAL_B_SPLINE_SURFACE ( (
 ( 1.000000000000000000, 1.000000000000000000),
 ( 0.7071067811865475727, 0.7071067811865475727),
 ( 1.000000000000000000, 1.000000000000000000) ) ) 
 REPRESENTATION_ITEM ( '' )  SURFACE ( )  );
#168 = VERTEX_POINT ( 'NONE', #948 ) ;
#169 = SURFACE_STYLE_USAGE ( .BOTH. , #383 ) ;
#170 = CARTESIAN_POINT ( 'NONE',  ( 14.04777949136805759, -102.6310474485224518, 13.23316322368513731 ) ) ;
#171 = CARTESIAN_POINT ( 'NONE',  ( 12.20000000000000462, -111.9999999999999858, 4.000000000000003553 ) ) ;
#172 = CARTESIAN_POINT ( 'NONE',  ( 12.20000000000000462, -102.6310474485224660, -5.271829584364242649 ) ) ;
#173 = CARTESIAN_POINT ( 'NONE',  ( 29.20000000000000639, -102.6310474485224660, -13.99999999999999289 ) ) ;
#174 = LINE ( 'NONE', #1065, #1030 ) ;
#175 = CARTESIAN_POINT ( 'NONE',  ( 15.20000000000000462, -115.6644703986620186, 13.63561746605296676 ) ) ;
#176 = EDGE_CURVE ( 'NONE', #773, #461, #18, .T. ) ;
#177 = VERTEX_POINT ( 'NONE', #615 ) ;
#178 = EDGE_CURVE ( 'NONE', #102, #1, #502, .T. ) ;
#179 = CARTESIAN_POINT ( 'NONE',  ( 32.20000000000000284, -103.2500000000000995, -3.999999999999991562 ) ) ;
#180 = EDGE_LOOP ( 'NONE', ( #400, #1405, #1038, #956 ) ) ;
#181 = CARTESIAN_POINT ( 'NONE',  ( 29.20000000000000639, -111.9999999999999858, 14.00000000000002309 ) ) ;
#182 = CARTESIAN_POINT ( 'NONE',  ( 32.20000000000000284, -90.68104744852246313, 4.000000000000019540 ) ) ;
#183 = PLANE ( 'NONE',  #360 ) ;
#184 = CARTESIAN_POINT ( 'NONE',  ( 29.20000000000000284, -112.0000000000000000, -13.99999999999999289 ) ) ;
#185 = CARTESIAN_POINT ( 'NONE',  ( 27.20000000000000639, -112.0000000000000000, 0.000000000000000000 ) ) ;
#186 = CARTESIAN_POINT ( 'NONE',  ( 12.20000000000000639, -115.1986673657366111, -2.458186883756333430 ) ) ;
#187 = ORIENTED_EDGE ( 'NONE', *, *, #1243, .T. ) ;
#188 = ORIENTED_EDGE ( 'NONE', *, *, #659, .F. ) ;
#189 = CARTESIAN_POINT ( 'NONE',  ( 12.48120934029179807, -102.6310474485224660, -8.234347829102514282 ) ) ;
#190 = CARTESIAN_POINT ( 'NONE',  ( 12.20000000000000639, -112.5236931752464926, -3.999999999998176126 ) ) ;
#191 = CARTESIAN_POINT ( 'NONE',  ( 12.20000000000000639, -112.5236931752464926, -3.999999999998176126 ) ) ;
#192 = ORIENTED_EDGE ( 'NONE', *, *, #1031, .F. ) ;
#193 = B_SPLINE_CURVE_WITH_KNOTS ( 'NONE', 3,
 ( #380, #961, #1375, #828 ),
 .UNSPECIFIED., .F., .F.,
 ( 4, 4 ),
 ( 0.000000000000000000, 0.5795947273492544349 ),
 .UNSPECIFIED. ) ;
#194 = CARTESIAN_POINT ( 'NONE',  ( 15.20000000000000462, -126.0000000000000000, -1.832595695504477984 ) ) ;
#195 = AXIS2_PLACEMENT_3D ( 'NONE', #892, #884, #779 ) ;
#196 = B_SPLINE_CURVE_WITH_KNOTS ( 'NONE', 3,
 ( #1026, #238, #909, #370 ),
 .UNSPECIFIED., .F., .F.,
 ( 4, 4 ),
 ( 0.5052418979408999089, 1.000000000000000000 ),
 .UNSPECIFIED. ) ;
#197 = ORIENTED_EDGE ( 'NONE', *, *, #1373, .T. ) ;
#198 = LINE ( 'NONE', #322, #1327 ) ;
#199 = CARTESIAN_POINT ( 'NONE',  ( 32.20000000000000284, -114.0144759164435300, 3.495145555504301615 ) ) ;
#200 = ORIENTED_EDGE ( 'NONE', *, *, #282, .T. ) ;
#201 = DIRECTION ( 'NONE',  ( 0.000000000000000000, 0.000000000000000000, 1.000000000000000000 ) ) ;
#202 = EDGE_CURVE ( 'NONE', #612, #1386, #1374, .T. ) ;
#203 = CARTESIAN_POINT ( 'NONE',  ( 12.20000000000000462, -126.0000000000000000, 36.00000000000000711 ) ) ;
#204 = DIRECTION ( 'NONE',  ( 0.000000000000000000, 1.000000000000000000, 0.000000000000000000 ) ) ;
#205 = CARTESIAN_POINT ( 'NONE',  ( 12.20000000000000639, -115.1986673657366111, -2.458186883756333430 ) ) ;
#206 = ORIENTED_EDGE ( 'NONE', *, *, #52, .F. ) ;
#207 = CARTESIAN_POINT ( 'NONE',  ( 17.20000000000000284, -112.0000000000000000, 14.00000000000001243 ) ) ;
#208 = CARTESIAN_POINT ( 'NONE',  ( 12.20000000000000462, -99.63104744852246597, -13.99999999999999467 ) ) ;
#209 = B_SPLINE_CURVE_WITH_KNOTS ( 'NONE', 3,
 ( #55, #941, #427, #342, #667, #324, #218, #1085, #993, #876, #768, #1186, #1172, #781, #199, #1103, #1091, #551 ),
 .UNSPECIFIED., .F., .F.,
 ( 4, 2, 2, 2, 2, 2, 2, 2, 4 ),
 ( 0.000000000000000000, 0.1250000000000001388, 0.2500000000000000000, 0.3749999999999998335, 0.5000000000000000000, 0.6250000000000001110, 0.7500000000000000000, 0.8750000000000000000, 1.000000000000000000 ),
 .UNSPECIFIED. ) ;
#210 = CIRCLE ( 'NONE', #1027, 6.999999999999999112 ) ;
#211 = ORIENTED_EDGE ( 'NONE', *, *, #30, .F. ) ;
#212 = CARTESIAN_POINT ( 'NONE',  ( 15.20000000000000462, -113.8329261133624044, -13.99999999999999289 ) ) ;
#213 =( BOUNDED_SURFACE ( )  B_SPLINE_SURFACE ( 2, 3, ( 
 ( #691, #807, #133, #1230, #350, #801, #713, #369, #7, #1116, #128, #815, #1130, #933, #375, #823, #1035, #247 ),
 ( #707, #593, #586, #123, #1236, #33, #144, #578, #1111, #495, #584, #1029, #115, #1224, #28, #469, #1210, #491 ),
 ( #699, #911, #936, #1320, #916, #1344, #1013, #795, #236, #228, #22, #685, #1018, #14, #481, #476, #356, #923 ) ),
 .UNSPECIFIED., .F., .F., .F. ) 
 B_SPLINE_SURFACE_WITH_KNOTS ( ( 3, 3 ),
 ( 4, 2, 2, 2, 2, 2, 2, 2, 4 ),
 ( 0.000000000000000000, 1.000000000000000000 ),
 ( 3.141592653589793116, 3.534291735288517255, 3.926990816987241395, 4.319689898685965090, 4.712388980384689674, 5.105088062083414258, 5.497787143782137953, 5.890486225480861648, 6.283185307179586232 ),
 .UNSPECIFIED. ) 
 GEOMETRIC_REPRESENTATION_ITEM ( )  RATIONAL_B_SPLINE_SURFACE ( (
 ( 1.000000000000000000, 1.000000000000000000, 1.000000000000000000, 1.000000000000000000, 1.000000000000000000, 1.000000000000000000, 1.000000000000000000, 1.000000000000000000, 1.000000000000000000, 1.000000000000000000, 1.000000000000000000, 1.000000000000000000, 1.000000000000000000, 1.000000000000000000, 1.000000000000000000, 1.000000000000000000, 1.000000000000000000, 1.000000000000000000),
 ( 0.7071067811865475727, 0.7071067811865475727, 0.7071067811865475727, 0.7071067811865475727, 0.7071067811865463515, 0.7071067811865463515, 0.7071067811865475727, 0.7071067811865475727, 0.7071067811865475727, 0.7071067811865475727, 0.7071067811865475727, 0.7071067811865475727, 0.7071067811865463515, 0.7071067811865463515, 0.7071067811865475727, 0.7071067811865475727, 0.7071067811865475727, 0.7071067811865475727),
 ( 1.000000000000000000, 1.000000000000000000, 1.000000000000000000, 1.000000000000000000, 1.000000000000000000, 1.000000000000000000, 1.000000000000000000, 1.000000000000000000, 1.000000000000000000, 1.000000000000000000, 1.000000000000000000, 1.000000000000000000, 1.000000000000000000, 1.000000000000000000, 1.000000000000000000, 1.000000000000000000, 1.000000000000000000, 1.000000000000000000) ) ) 
 REPRESENTATION_ITEM ( '' )  SURFACE ( )  );
#214 = AXIS2_PLACEMENT_3D ( 'NONE', #406, #849, #528 ) ;
#215 = ORIENTED_EDGE ( 'NONE', *, *, #816, .F. ) ;
#216 = MECHANICAL_DESIGN_GEOMETRIC_PRESENTATION_REPRESENTATION (  '', ( #121 ), #96 ) ;
#217 = EDGE_CURVE ( 'NONE', #1336, #81, #274, .T. ) ;
#218 = CARTESIAN_POINT ( 'NONE',  ( 32.20000000000000284, -115.4951455555056725, -2.014475916444654402 ) ) ;
#219 =( NAMED_UNIT ( * ) PLANE_ANGLE_UNIT ( ) SI_UNIT ( $, .RADIAN. ) );
#220 = LINE ( 'NONE', #658, #240 ) ;
#221 = LINE ( 'NONE', #573, #944 ) ;
#222 = EDGE_CURVE ( 'NONE', #547, #1, #999, .T. ) ;
#223 = ORIENTED_EDGE ( 'NONE', *, *, #1268, .T. ) ;
#224 = DIRECTION ( 'NONE',  ( 0.000000000000000000, 0.000000000000000000, -1.000000000000000000 ) ) ;
#225 = CARTESIAN_POINT ( 'NONE',  ( 12.20000000000000462, -90.68104744852243471, -13.99999999999999467 ) ) ;
#226 = EDGE_LOOP ( 'NONE', ( #44, #963, #112, #759 ) ) ;
#227 = EDGE_CURVE ( 'NONE', #1307, #669, #917, .T. ) ;
#228 = CARTESIAN_POINT ( 'NONE',  ( 32.20000000000000284, -116.0000000000000000, -0.5235987701441449094 ) ) ;
#229 = B_SPLINE_CURVE_WITH_KNOTS ( 'NONE', 3,
 ( #1260, #165, #537, #1353 ),
 .UNSPECIFIED., .F., .F.,
 ( 4, 4 ),
 ( 0.5052418979408987987, 1.000000000000000000 ),
 .UNSPECIFIED. ) ;
#230 = ORIENTED_EDGE ( 'NONE', *, *, #496, .F. ) ;
#231 = CARTESIAN_POINT ( 'NONE',  ( 10.00000000000000533, -90.68104744852246313, -9.199999999999993960 ) ) ;
#232 = CARTESIAN_POINT ( 'NONE',  ( 32.20000000000000284, -102.6310474485224660, 4.000000000000019540 ) ) ;
#233 = ORIENTED_EDGE ( 'NONE', *, *, #1113, .T. ) ;
#234 = CARTESIAN_POINT ( 'NONE',  ( 32.20000000000000284, -102.6310474485224660, -3.999999999999993339 ) ) ;
#235 = PLANE ( 'NONE',  #714 ) ;
#236 = CARTESIAN_POINT ( 'NONE',  ( 32.20000000000000284, -116.0000000000000000, 0.5235987701441459086 ) ) ;
#237 = EDGE_CURVE ( 'NONE', #177, #1307, #209, .T. ) ;
#238 = CARTESIAN_POINT ( 'NONE',  ( 12.20000000000000639, -103.7540316323483722, 4.000000000000021316 ) ) ;
#239 = ORIENTED_EDGE ( 'NONE', *, *, #680, .T. ) ;
#240 = VECTOR ( 'NONE', #1304, 1000.000000000000000 ) ;
#241 = LINE ( 'NONE', #367, #787 ) ;
#242 = DIRECTION ( 'NONE',  ( -1.000000000000000000, -0.000000000000000000, 0.000000000000000000 ) ) ;
#243 = LINE ( 'NONE', #251, #286 ) ;
#244 = ORIENTED_EDGE ( 'NONE', *, *, #1345, .F. ) ;
#245 = FACE_OUTER_BOUND ( 'NONE', #853, .T. ) ;
#246 = CARTESIAN_POINT ( 'NONE',  ( 17.20000000000000284, -112.0000000000000000, 11.24999999999999822 ) ) ;
#247 = CARTESIAN_POINT ( 'NONE',  ( 29.20000000000000284, -111.9999999999999574, -13.99999999999999289 ) ) ;
#248 = DIRECTION ( 'NONE',  ( 0.000000000000000000, 0.000000000000000000, -1.000000000000000000 ) ) ;
#249 = CARTESIAN_POINT ( 'NONE',  ( 31.99174606084200789, -102.6310474485224518, -7.660894666002033837 ) ) ;
#250 = FACE_OUTER_BOUND ( 'NONE', #809, .T. ) ;
#251 = CARTESIAN_POINT ( 'NONE',  ( -4.999999999999997335, -112.0000000000000000, -13.99999999999999289 ) ) ;
#252 = ADVANCED_FACE ( 'NONE', ( #80 ), #167, .F. ) ;
#253 = VECTOR ( 'NONE', #242, 1000.000000000000000 ) ;
#254 = LINE ( 'NONE', #1347, #901 ) ;
#255 = VERTEX_POINT ( 'NONE', #1192 ) ;
#256 = DIRECTION ( 'NONE',  ( 0.000000000000000000, 0.000000000000000000, -1.000000000000000000 ) ) ;
#257 = AXIS2_PLACEMENT_3D ( 'NONE', #1143, #1379, #1036 ) ;
#258 = CARTESIAN_POINT ( 'NONE',  ( 12.20000000000000639, -103.2500000000000995, 4.000000000000022204 ) ) ;
#259 = DIRECTION ( 'NONE',  ( -1.000000000000000000, 0.000000000000000000, 0.000000000000000000 ) ) ;
#260 = AXIS2_PLACEMENT_3D ( 'NONE', #676, #890, #107 ) ;
#261 = CARTESIAN_POINT ( 'NONE',  ( 29.20000000000000639, -90.68104744852246313, 14.00000000000002309 ) ) ;
#262 = EDGE_CURVE ( 'NONE', #102, #684, #1150, .T. ) ;
#263 = CARTESIAN_POINT ( 'NONE',  ( 40.40000000000000568, -12.00000000000000000, 14.00000000000000000 ) ) ;
#264 = CARTESIAN_POINT ( 'NONE',  ( 15.20000000000000462, -102.6310474485224660, 14.00000000000001954 ) ) ;
#265 = ORIENTED_EDGE ( 'NONE', *, *, #982, .F. ) ;
#266 = DIRECTION ( 'NONE',  ( -0.000000000000000000, -1.000000000000000000, -0.000000000000000000 ) ) ;
#267 = DIRECTION ( 'NONE',  ( 0.000000000000000000, 1.000000000000000000, 0.000000000000000000 ) ) ;
#268 = CARTESIAN_POINT ( 'NONE',  ( 32.20000000000000995, -102.6310474485224802, -14.00000000000899192 ) ) ;
#269 = FACE_BOUND ( 'NONE', #657, .T. ) ;
#270 = PLANE ( 'NONE',  #1132 ) ;
#271 = CARTESIAN_POINT ( 'NONE',  ( 29.20000000000000284, -112.0000000000000000, 14.00000000000000888 ) ) ;
#272 = FILL_AREA_STYLE_COLOUR ( '', #366 ) ;
#273 = EDGE_CURVE ( 'NONE', #79, #114, #8, .T. ) ;
#274 = LINE ( 'NONE', #415, #359 ) ;
#275 = DIRECTION ( 'NONE',  ( -1.000000000000000000, 0.000000000000000000, -1.239088197126290570E-16 ) ) ;
#276 = EDGE_LOOP ( 'NONE', ( #436, #1092, #1267, #430 ) ) ;
#277 = B_SPLINE_CURVE_WITH_KNOTS ( 'NONE', 3,
 ( #605, #401, #34, #497 ),
 .UNSPECIFIED., .F., .F.,
 ( 4, 4 ),
 ( 0.000000000000000000, 0.5795947273492542129 ),
 .UNSPECIFIED. ) ;
#278 = CARTESIAN_POINT ( 'NONE',  ( -4.999999999999997335, -112.0000000000000000, -13.99999999999999289 ) ) ;
#279 = EDGE_LOOP ( 'NONE', ( #1010, #845, #1232, #206 ) ) ;
#280 = FACE_OUTER_BOUND ( 'NONE', #1165, .T. ) ;
#281 = EDGE_CURVE ( 'NONE', #10, #126, #1326, .T. ) ;
#282 = EDGE_CURVE ( 'NONE', #1214, #899, #543, .T. ) ;
#283 = CARTESIAN_POINT ( 'NONE',  ( 17.20000000000000284, -112.0000000000000000, -11.24999999999998401 ) ) ;
#284 = CARTESIAN_POINT ( 'NONE',  ( 12.20000000000000639, -102.6310474485224660, 4.000000000000019540 ) ) ;
#285 = CARTESIAN_POINT ( 'NONE',  ( 15.20000000000000462, -115.6644703986702609, -13.63561746604955083 ) ) ;
#286 = VECTOR ( 'NONE', #1339, 1000.000000000000000 ) ;
#287 = EDGE_CURVE ( 'NONE', #346, #1284, #304, .T. ) ;
#288 = CARTESIAN_POINT ( 'NONE',  ( 27.40000000000000213, -102.6310474485224660, -9.199999999999992184 ) ) ;
#289 = CARTESIAN_POINT ( 'NONE',  ( 12.56302918671935309, -102.6310474485224660, 8.964302591283191290 ) ) ;
#290 = VERTEX_POINT ( 'NONE', #1180 ) ;
#291 = CARTESIAN_POINT ( 'NONE',  ( 29.20000000000000639, -94.50000000000005684, 14.00000000000001954 ) ) ;
#292 = LINE ( 'NONE', #36, #647 ) ;
#293 = DIRECTION ( 'NONE',  ( -0.000000000000000000, 1.000000000000000000, -0.000000000000000000 ) ) ;
#294 = CARTESIAN_POINT ( 'NONE',  ( 12.20000000000000639, -116.0000000000000000, 0.5235987701441587872 ) ) ;
#295 = EDGE_CURVE ( 'NONE', #789, #102, #76, .T. ) ;
#296 = ORIENTED_EDGE ( 'NONE', *, *, #116, .F. ) ;
#297 = EDGE_CURVE ( 'NONE', #130, #684, #544, .T. ) ;
#298 = ORIENTED_EDGE ( 'NONE', *, *, #351, .T. ) ;
#299 = CARTESIAN_POINT ( 'NONE',  ( 14.10774595667684395, -102.6310474485224518, -13.31375282104949775 ) ) ;
#300 = CARTESIAN_POINT ( 'NONE',  ( 12.20000000000000462, -90.68104744852243471, -13.99999999999999467 ) ) ;
#301 = CARTESIAN_POINT ( 'NONE',  ( 15.20000000000000462, -119.0506657075604835, 12.23300944426307169 ) ) ;
#302 = VERTEX_POINT ( 'NONE', #111 ) ;
#303 =( BOUNDED_SURFACE ( )  B_SPLINE_SURFACE ( 2, 3, ( 
 ( #827, #480, #1034, #922 ),
 ( #1241, #1223, #1215, #712 ),
 ( #822, #258, #1319, #1229 ) ),
 .UNSPECIFIED., .F., .F., .T. ) 
 B_SPLINE_SURFACE_WITH_KNOTS ( ( 3, 3 ),
 ( 4, 4 ),
 ( 0.000000000000000000, 1.000000000000000000 ),
 ( 0.01399999999999999856, 0.04025000000000000799 ),
 .UNSPECIFIED. ) 
 GEOMETRIC_REPRESENTATION_ITEM ( )  RATIONAL_B_SPLINE_SURFACE ( (
 ( 1.000000000000000000, 1.000000000000000000, 1.000000000000000000, 1.000000000000000000),
 ( 0.7071067811865475727, 0.7071067811865475727, 0.7071067811865475727, 0.7071067811865475727),
 ( 1.000000000000000000, 1.000000000000000000, 1.000000000000000000, 1.000000000000000000) ) ) 
 REPRESENTATION_ITEM ( '' )  SURFACE ( )  );
#304 = LINE ( 'NONE', #650, #1094 ) ;
#305 = VERTEX_POINT ( 'NONE', #913 ) ;
#306 = CARTESIAN_POINT ( 'NONE',  ( 10.00000000000000888, -90.68104744852246313, 9.200000000000017053 ) ) ;
#307 = VERTEX_POINT ( 'NONE', #709 ) ;
#308 = FACE_OUTER_BOUND ( 'NONE', #352, .T. ) ;
#309 = AXIS2_PLACEMENT_3D ( 'NONE', #1074, #1367, #56 ) ;
#310 = ORIENTED_EDGE ( 'NONE', *, *, #1161, .T. ) ;
#311 =( BOUNDED_CURVE ( )  B_SPLINE_CURVE ( 2, ( #336, #790, #1203 ),
 .UNSPECIFIED., .F., .F. ) 
 B_SPLINE_CURVE_WITH_KNOTS ( ( 3, 3 ),
 ( 0.000000000000000000, 1.000000000000000000 ),
 .UNSPECIFIED. ) 
 CURVE ( )  GEOMETRIC_REPRESENTATION_ITEM ( )  RATIONAL_B_SPLINE_CURVE ( ( 1.000000000000000000, 0.7071067811865475727, 1.000000000000000000 ) ) 
 REPRESENTATION_ITEM ( '' )  );
#312 = ADVANCED_FACE ( 'NONE', ( #585 ), #1328, .T. ) ;
#313 = VECTOR ( 'NONE', #395, 1000.000000000000000 ) ;
#314 = ORIENTED_EDGE ( 'NONE', *, *, #408, .T. ) ;
#315 = PRODUCT_DEFINITION_CONTEXT ( 'detailed design', #1025, 'design' ) ;
#316 = CARTESIAN_POINT ( 'NONE',  ( 12.20000000000000639, -99.63104744852248018, -3.999999999999991562 ) ) ;
#317 = ORIENTED_EDGE ( 'NONE', *, *, #697, .F. ) ;
#318 = PLANE ( 'NONE',  #1402 ) ;
#319 = CARTESIAN_POINT ( 'NONE',  ( 17.00000000000000711, -102.6310474485224660, 16.20000000000001705 ) ) ;
#320 =( BOUNDED_CURVE ( )  B_SPLINE_CURVE ( 2, ( #485, #466, #1114 ),
 .UNSPECIFIED., .F., .F. ) 
 B_SPLINE_CURVE_WITH_KNOTS ( ( 3, 3 ),
 ( 0.000000000000000000, 1.000000000000000000 ),
 .UNSPECIFIED. ) 
 CURVE ( )  GEOMETRIC_REPRESENTATION_ITEM ( )  RATIONAL_B_SPLINE_CURVE ( ( 1.000000000000000000, 0.7071067811865475727, 1.000000000000000000 ) ) 
 REPRESENTATION_ITEM ( '' )  );
#321 = ORIENTED_EDGE ( 'NONE', *, *, #659, .T. ) ;
#322 = CARTESIAN_POINT ( 'NONE',  ( 10.00000000000000888, -102.6310474485224660, 9.200000000000017053 ) ) ;
#323 = DIRECTION ( 'NONE',  ( 1.000000000000000000, -0.000000000000000000, 0.000000000000000000 ) ) ;
#324 = CARTESIAN_POINT ( 'NONE',  ( 32.20000000000000284, -115.1986673657359574, -2.458186883756189989 ) ) ;
#325 = VERTEX_POINT ( 'NONE', #688 ) ;
#326 = PLANE ( 'NONE',  #260 ) ;
#327 = EDGE_CURVE ( 'NONE', #305, #1104, #1123, .T. ) ;
#328 = CARTESIAN_POINT ( 'NONE',  ( 15.20000000000000462, -124.2330094442650079, 7.050665707555817896 ) ) ;
#329 = ADVANCED_FACE ( 'NONE', ( #364 ), #1220, .F. ) ;
#330 = VERTEX_POINT ( 'NONE', #1032 ) ;
#331 = CARTESIAN_POINT ( 'NONE',  ( 31.66104120674106781, -102.6310474485225086, 9.793393236988221062 ) ) ;
#332 = CARTESIAN_POINT ( 'NONE',  ( 12.20000000000000462, -102.6310474485224802, 14.00000000001201883 ) ) ;
#333 = EDGE_LOOP ( 'NONE', ( #946, #1301, #470, #298 ) ) ;
#334 = CARTESIAN_POINT ( 'NONE',  ( 27.20000000000000639, -112.0000000000000000, -11.24999999999998401 ) ) ;
#335 = ORIENTED_EDGE ( 'NONE', *, *, #227, .F. ) ;
#336 = CARTESIAN_POINT ( 'NONE',  ( 12.20000000000000462, -112.0000000000000000, -3.999999999999989786 ) ) ;
#337 = CIRCLE ( 'NONE', #1129, 7.000000000000000000 ) ;
#338 = B_SPLINE_CURVE_WITH_KNOTS ( 'NONE', 3,
 ( #372, #600, #1222, #526, #735, #1146, #967, #1166, #299, #1351, #1258, #744, #1171, #1157, #189, #422, #649, #1078, #623, #509, #70, #172, #501 ),
 .UNSPECIFIED., .F., .F.,
 ( 4, 1, 1, 1, 1, 2, 2, 2, 1, 1, 1, 1, 1, 2, 2, 4 ),
 ( 0.000000000000000000, 0.1250000000000005274, 0.1875000000000006106, 0.2187500000000006661, 0.2343750000000007494, 0.2421875000000005274, 0.2500000000000002776, 0.4999999999999992784, 0.6249999999999986677, 0.6874999999999983347, 0.7187499999999983347, 0.7343749999999984457, 0.7421874999999982236, 0.7460937499999981126, 0.7499999999999980016, 1.000000000000000000 ),
 .UNSPECIFIED. ) ;
#339 = AXIS2_PLACEMENT_3D ( 'NONE', #263, #732, #717 ) ;
#340 = VERTEX_POINT ( 'NONE', #1019 ) ;
#341 = B_SPLINE_CURVE_WITH_KNOTS ( 'NONE', 3,
 ( #108, #212, #432, #83, #992, #569, #678, #1175, #194, #654, #1083, #328, #1295, #1413, #454, #1408, #986, #548 ),
 .UNSPECIFIED., .F., .F.,
 ( 4, 2, 2, 2, 2, 2, 2, 2, 4 ),
 ( 0.000000000000000000, 0.1250000000000000000, 0.2500000000000000000, 0.3749999999999998335, 0.5000000000000000000, 0.6250000000000001110, 0.7500000000000000000, 0.8749999999999998890, 1.000000000000000000 ),
 .UNSPECIFIED. ) ;
#342 = CARTESIAN_POINT ( 'NONE',  ( 32.20000000000000284, -114.0144759164463153, -3.495145555504185264 ) ) ;
#343 = CARTESIAN_POINT ( 'NONE',  ( 27.40000000000000924, -102.6310474485224660, 9.200000000000017053 ) ) ;
#344 = ORIENTED_EDGE ( 'NONE', *, *, #1096, .T. ) ;
#345 = DIRECTION ( 'NONE',  ( -1.000000000000000000, 0.000000000000000000, 1.239088197126290570E-16 ) ) ;
#346 = VERTEX_POINT ( 'NONE', #129 ) ;
#347 = CARTESIAN_POINT ( 'NONE',  ( 32.12978830106244743, -102.6310474485224802, 6.498811949647538277 ) ) ;
#348 = DIRECTION ( 'NONE',  ( 0.000000000000000000, 1.000000000000000000, 0.000000000000000000 ) ) ;
#349 = CARTESIAN_POINT ( 'NONE',  ( 12.20000000000000462, -103.2499999999999432, -13.99999999999999112 ) ) ;
#350 = CARTESIAN_POINT ( 'NONE',  ( 29.20000000000000284, -120.6036540931470427, 11.19533578007630581 ) ) ;
#351 = EDGE_CURVE ( 'NONE', #1214, #1205, #320, .T. ) ;
#352 = EDGE_LOOP ( 'NONE', ( #1006, #868, #211, #1022 ) ) ;
#353 = CARTESIAN_POINT ( 'NONE',  ( 17.00000000000000711, -90.68104744852246313, 9.200000000000017053 ) ) ;
#354 = CARTESIAN_POINT ( 'NONE',  ( 32.20000000000000284, -111.9999999999999858, 14.00000000000000888 ) ) ;
#355 = LINE ( 'NONE', #806, #253 ) ;
#356 = CARTESIAN_POINT ( 'NONE',  ( 32.20000000000000284, -112.5236931752485390, -3.999999999998176126 ) ) ;
#357 = CARTESIAN_POINT ( 'NONE',  ( 32.20000000000000284, -90.68104744852244892, 14.00000000000002132 ) ) ;
#358 = EDGE_CURVE ( 'NONE', #1067, #340, #210, .T. ) ;
#359 = VECTOR ( 'NONE', #1269, 1000.000000000000000 ) ;
#360 = AXIS2_PLACEMENT_3D ( 'NONE', #85, #323, #987 ) ;
#361 = EDGE_LOOP ( 'NONE', ( #565 ) ) ;
#362 = ORIENTED_EDGE ( 'NONE', *, *, #1086, .T. ) ;
#363 = PRESENTATION_LAYER_ASSIGNMENT (  '', '', ( #1378 ) ) ;
#364 = FACE_OUTER_BOUND ( 'NONE', #515, .T. ) ;
#365 = ORIENTED_EDGE ( 'NONE', *, *, #1096, .F. ) ;
#366 = COLOUR_RGB ( '',0.8941176470588234615, 0.8941176470588234615, 0.8941176470588234615 ) ;
#367 = CARTESIAN_POINT ( 'NONE',  ( -4.999999999999997335, -112.0000000000000000, 14.00000000000000888 ) ) ;
#368 = CARTESIAN_POINT ( 'NONE',  ( 12.20000000000000462, -85.75000000000000000, -13.99999999999999645 ) ) ;
#369 = CARTESIAN_POINT ( 'NONE',  ( 29.20000000000000284, -125.6356174660521532, 3.664470398663987716 ) ) ;
#370 = CARTESIAN_POINT ( 'NONE',  ( 12.20000000000000462, -111.9999999999999858, 4.000000000000003553 ) ) ;
#371 = ORIENTED_EDGE ( 'NONE', *, *, #414, .F. ) ;
#372 = CARTESIAN_POINT ( 'NONE',  ( 15.20000000000000462, -102.6310474485224660, -13.99999999999999289 ) ) ;
#373 = LINE ( 'NONE', #494, #135 ) ;
#374 = ADVANCED_FACE ( 'NONE', ( #812 ), #120, .F. ) ;
#375 = CARTESIAN_POINT ( 'NONE',  ( 29.20000000000000284, -119.0506657075604835, -12.23300944426305747 ) ) ;
#376 = ADVANCED_FACE ( 'NONE', ( #1213 ), #1054, .F. ) ;
#377 = DIRECTION ( 'NONE',  ( 1.000000000000000000, -0.000000000000000000, -0.000000000000000000 ) ) ;
#378 = ORIENTED_EDGE ( 'NONE', *, *, #763, .F. ) ;
#379 = EDGE_CURVE ( 'NONE', #867, #1214, #196, .T. ) ;
#380 = CARTESIAN_POINT ( 'NONE',  ( 15.20000000000000462, -112.0000000000000000, 14.00000000000000888 ) ) ;
#381 = PRODUCT_RELATED_PRODUCT_CATEGORY ( 'part', '', ( #824 ) ) ;
#382 = VECTOR ( 'NONE', #800, 1000.000000000000000 ) ;
#383 = SURFACE_SIDE_STYLE ('',( #842 ) ) ;
#384 = ADVANCED_FACE ( 'NONE', ( #245 ), #1118, .T. ) ;
#385 = CARTESIAN_POINT ( 'NONE',  ( 13.76870442809434003, -102.6310474485224944, 12.80172149423970396 ) ) ;
#386 = FILL_AREA_STYLE ('',( #272 ) ) ;
#387 = DIRECTION ( 'NONE',  ( 1.000000000000000000, 0.000000000000000000, 0.000000000000000000 ) ) ;
#388 = CARTESIAN_POINT ( 'NONE',  ( 32.20000000000000284, -107.8770158161741364, 4.000000000000022204 ) ) ;
#389 = CARTESIAN_POINT ( 'NONE',  ( 12.20000000000000639, -99.63104744852248018, 4.000000000000018652 ) ) ;
#390 = CARTESIAN_POINT ( 'NONE',  ( 12.20000000000000639, -115.4951455555020345, -2.014475916444609105 ) ) ;
#391 = ADVANCED_FACE ( 'NONE', ( #26 ), #9, .T. ) ;
#392 = ADVANCED_FACE ( 'NONE', ( #1321 ), #157, .F. ) ;
#393 = CARTESIAN_POINT ( 'NONE',  ( 34.39999999999999858, -102.6310474485224660, -16.19999999999999218 ) ) ;
#394 = ORIENTED_EDGE ( 'NONE', *, *, #562, .T. ) ;
#395 = DIRECTION ( 'NONE',  ( 0.000000000000000000, 1.000000000000000000, 0.000000000000000000 ) ) ;
#396 = DIRECTION ( 'NONE',  ( 0.000000000000000000, 1.000000000000000000, 0.000000000000000000 ) ) ;
#397 = CARTESIAN_POINT ( 'NONE',  ( 12.20000000000000462, -112.0000000000000000, -3.999999999999989786 ) ) ;
#398 = CARTESIAN_POINT ( 'NONE',  ( 15.20000000000000462, -123.1953357800763058, -8.603654093147010684 ) ) ;
#399 = EDGE_CURVE ( 'NONE', #928, #98, #730, .T. ) ;
#400 = ORIENTED_EDGE ( 'NONE', *, *, #287, .T. ) ;
#401 = CARTESIAN_POINT ( 'NONE',  ( 29.20000000000000284, -107.8770158161742074, -13.99999999999999112 ) ) ;
#402 = EDGE_CURVE ( 'NONE', #861, #1386, #254, .T. ) ;
#403 = CARTESIAN_POINT ( 'NONE',  ( 29.20000000000000639, -102.6310474485224660, -13.99999999999999289 ) ) ;
#404 = DIRECTION ( 'NONE',  ( 1.000000000000000000, 0.000000000000000000, 0.000000000000000000 ) ) ;
#405 = CARTESIAN_POINT ( 'NONE',  ( 32.20000000000000995, -90.68104744852244892, -14.00000000000899192 ) ) ;
#406 = CARTESIAN_POINT ( 'NONE',  ( 32.20000000000000284, -126.0000000000000000, 36.00000000000000711 ) ) ;
#407 = CARTESIAN_POINT ( 'NONE',  ( 12.20000000000000639, -112.0000000000000000, -3.999999999999993339 ) ) ;
#408 = EDGE_CURVE ( 'NONE', #305, #1364, #525, .T. ) ;
#409 = DIRECTION ( 'NONE',  ( -1.000000000000000000, -0.000000000000000000, 0.000000000000000000 ) ) ;
#410 = CARTESIAN_POINT ( 'NONE',  ( 29.20000000000000284, -120.6036540931461758, -11.19533578007715313 ) ) ;
#411 = ORIENTED_EDGE ( 'NONE', *, *, #711, .F. ) ;
#412 = SURFACE_SIDE_STYLE ('',( #1145 ) ) ;
#413 = LINE ( 'NONE', #959, #1202 ) ;
#414 = EDGE_CURVE ( 'NONE', #1, #1070, #624, .T. ) ;
#415 = CARTESIAN_POINT ( 'NONE',  ( 34.40000000000000568, -102.6310474485224660, 16.20000000000001705 ) ) ;
#416 = CARTESIAN_POINT ( 'NONE',  ( 12.20000000000000462, -124.2330094442625779, 7.050665707555043404 ) ) ;
#417 = EDGE_LOOP ( 'NONE', ( #67, #777, #1272, #769 ) ) ;
#418 = VECTOR ( 'NONE', #877, 1000.000000000000000 ) ;
#419 = PRESENTATION_LAYER_ASSIGNMENT (  '', '', ( #121 ) ) ;
#420 = CARTESIAN_POINT ( 'NONE',  ( 29.20000000000000639, -94.49999999999990052, -13.99999999999999289 ) ) ;
#421 = ORIENTED_EDGE ( 'NONE', *, *, #90, .T. ) ;
#422 = CARTESIAN_POINT ( 'NONE',  ( 12.44496332849987219, -102.6310474485224375, -7.959754895540300801 ) ) ;
#423 = CARTESIAN_POINT ( 'NONE',  ( 27.20000000000000995, -112.0000000000000000, 14.00000000000001243 ) ) ;
#424 = CARTESIAN_POINT ( 'NONE',  ( 12.20000000000000639, -113.0469915424744158, 3.895890704586104647 ) ) ;
#425 = ORIENTED_EDGE ( 'NONE', *, *, #116, .T. ) ;
#426 = CARTESIAN_POINT ( 'NONE',  ( 31.02850286558484783, -102.6310474485224802, 12.04696436654714020 ) ) ;
#427 = CARTESIAN_POINT ( 'NONE',  ( 32.20000000000000284, -113.0469915424744158, -3.895890704586090880 ) ) ;
#428 = DIRECTION ( 'NONE',  ( 0.000000000000000000, 1.000000000000000000, 0.000000000000000000 ) ) ;
#429 = ORIENTED_EDGE ( 'NONE', *, *, #202, .T. ) ;
#430 = ORIENTED_EDGE ( 'NONE', *, *, #1268, .F. ) ;
#431 = EDGE_CURVE ( 'NONE', #1151, #861, #782, .T. ) ;
#432 = CARTESIAN_POINT ( 'NONE',  ( 15.20000000000000462, -115.6644703986702609, -13.63561746604955083 ) ) ;
#433 = EDGE_CURVE ( 'NONE', #996, #1104, #1188, .T. ) ;
#434 = ORIENTED_EDGE ( 'NONE', *, *, #523, .T. ) ;
#435 = ORIENTED_EDGE ( 'NONE', *, *, #791, .F. ) ;
#436 = ORIENTED_EDGE ( 'NONE', *, *, #489, .T. ) ;
#437 = AXIS2_PLACEMENT_3D ( 'NONE', #1275, #1359, #158 ) ;
#438 = DIRECTION ( 'NONE',  ( 0.000000000000000000, 0.000000000000000000, -1.000000000000000000 ) ) ;
#439 = CARTESIAN_POINT ( 'NONE',  ( 22.20000000000000284, -99.63104744852246597, 3.500000000000000000 ) ) ;
#440 = DIRECTION ( 'NONE',  ( 0.000000000000000000, 1.000000000000000000, 0.000000000000000000 ) ) ;
#441 = CYLINDRICAL_SURFACE ( 'NONE', #195, 7.000000000000000000 ) ;
#442 = VECTOR ( 'NONE', #997, 1000.000000000000000 ) ;
#443 = CIRCLE ( 'NONE', #1290, 7.000000000000000000 ) ;
#444 = ORIENTED_EDGE ( 'NONE', *, *, #30, .T. ) ;
#445 = CARTESIAN_POINT ( 'NONE',  ( 29.20000000000000639, -99.63104744852246597, 14.00000000000001954 ) ) ;
#446 = CARTESIAN_POINT ( 'NONE',  ( 12.20000000000000639, -115.8958907045882682, -1.046991542476105597 ) ) ;
#447 = CARTESIAN_POINT ( 'NONE',  ( 34.40000000000000568, -90.68104744852246313, 9.200000000000015277 ) ) ;
#448 = DIRECTION ( 'NONE',  ( -0.000000000000000000, -1.000000000000000000, -0.000000000000000000 ) ) ;
#449 = CARTESIAN_POINT ( 'NONE',  ( 30.14832219694342186, -102.6310474485224660, 13.48986812490674758 ) ) ;
#450 = CARTESIAN_POINT ( 'NONE',  ( 12.20000000000000639, -116.0000000000000000, -0.5235987701441320308 ) ) ;
#451 = ORIENTED_EDGE ( 'NONE', *, *, #1161, .F. ) ;
#452 = SHAPE_DEFINITION_REPRESENTATION ( #604, #603 ) ;
#453 = EDGE_CURVE ( 'NONE', #789, #10, #572, .T. ) ;
#454 = CARTESIAN_POINT ( 'NONE',  ( 15.20000000000000462, -119.0506657075604835, 12.23300944426307169 ) ) ;
#455 = CARTESIAN_POINT ( 'NONE',  ( 12.20000000000000639, -115.1986673657359574, 2.458186883756203756 ) ) ;
#456 = CARTESIAN_POINT ( 'NONE',  ( 32.20000000000000284, -90.68104744852246313, 4.000000000000019540 ) ) ;
#457 = FACE_OUTER_BOUND ( 'NONE', #508, .T. ) ;
#458 = CARTESIAN_POINT ( 'NONE',  ( 29.20000000000000639, -90.68104744852246313, -13.99999999999999112 ) ) ;
#459 = EDGE_LOOP ( 'NONE', ( #704, #726, #971, #371 ) ) ;
#460 = DIRECTION ( 'NONE',  ( 0.000000000000000000, -0.000000000000000000, 1.000000000000000000 ) ) ;
#461 = VERTEX_POINT ( 'NONE', #558 ) ;
#462 = COLOUR_RGB ( '',0.8941176470588234615, 0.8941176470588234615, 0.8941176470588234615 ) ;
#463 = CIRCLE ( 'NONE', #1356, 6.999999999999999112 ) ;
#464 = ORIENTED_EDGE ( 'NONE', *, *, #222, .F. ) ;
#465 = CARTESIAN_POINT ( 'NONE',  ( 31.98717078759550603, -102.6310474485224660, 7.699417957274548918 ) ) ;
#466 = CARTESIAN_POINT ( 'NONE',  ( 12.20000000000000462, -111.9999999999999858, 14.00000000000002487 ) ) ;
#467 = ORIENTED_EDGE ( 'NONE', *, *, #297, .F. ) ;
#468 = CARTESIAN_POINT ( 'NONE',  ( 12.20000000000000639, -102.6310474485224660, 4.000000000000019540 ) ) ;
#469 = CARTESIAN_POINT ( 'NONE',  ( 32.19999999999456008, -115.6644703986658698, -13.63561746605208036 ) ) ;
#470 = ORIENTED_EDGE ( 'NONE', *, *, #379, .T. ) ;
#471 = CARTESIAN_POINT ( 'NONE',  ( 27.20000000000000639, 0.000000000000000000, 0.000000000000000000 ) ) ;
#472 = ORIENTED_EDGE ( 'NONE', *, *, #92, .T. ) ;
#473 = CARTESIAN_POINT ( 'NONE',  ( 30.63129557190592678, -102.6310474485224660, -12.80172149423775707 ) ) ;
#474 = CARTESIAN_POINT ( 'NONE',  ( 17.20000000000000284, -112.0000000000000000, 0.000000000000000000 ) ) ;
#475 = DIRECTION ( 'NONE',  ( 0.000000000000000000, 1.000000000000000000, 0.000000000000000000 ) ) ;
#476 = CARTESIAN_POINT ( 'NONE',  ( 32.20000000000000284, -113.0469915424744158, -3.895890704586090880 ) ) ;
#477 = DIRECTION ( 'NONE',  ( 1.000000000000000000, -0.000000000000000000, 0.000000000000000000 ) ) ;
#478 = ORIENTED_EDGE ( 'NONE', *, *, #37, .T. ) ;
#479 = CARTESIAN_POINT ( 'NONE',  ( 29.58161059392076098, -102.6310474485224518, -13.99999999999999289 ) ) ;
#480 = CARTESIAN_POINT ( 'NONE',  ( 15.20000000000000462, -103.2500000000000995, 14.00000000000002132 ) ) ;
#481 = CARTESIAN_POINT ( 'NONE',  ( 32.20000000000000284, -114.0144759164463153, -3.495145555504185264 ) ) ;
#482 = ORIENTED_EDGE ( 'NONE', *, *, #75, .T. ) ;
#483 = VERTEX_POINT ( 'NONE', #990 ) ;
#484 = AXIS2_PLACEMENT_3D ( 'NONE', #839, #1253, #626 ) ;
#485 = CARTESIAN_POINT ( 'NONE',  ( 12.20000000000000462, -111.9999999999999858, 4.000000000000003553 ) ) ;
#486 = ORIENTED_EDGE ( 'NONE', *, *, #262, .F. ) ;
#487 = PRODUCT_DEFINITION_FORMATION_WITH_SPECIFIED_SOURCE ( 'ANY', '', #824, .NOT_KNOWN. ) ;
#488 = CARTESIAN_POINT ( 'NONE',  ( 30.38793548202500361, -102.6310474485224660, -13.18342552214937413 ) ) ;
#489 = EDGE_CURVE ( 'NONE', #98, #861, #1407, .T. ) ;
#490 = DIRECTION ( 'NONE',  ( 0.000000000000000000, -0.000000000000000000, 1.000000000000000000 ) ) ;
#491 = CARTESIAN_POINT ( 'NONE',  ( 32.20000000000000995, -111.9999999999999716, -13.99999999999999467 ) ) ;
#492 = EDGE_LOOP ( 'NONE', ( #1331, #335, #1189, #1122 ) ) ;
#493 = PRODUCT_DEFINITION ( 'UNKNOWN', '', #487, #315 ) ;
#494 = CARTESIAN_POINT ( 'NONE',  ( 15.20000000000000462, -102.6310474485224660, -13.99999999999999289 ) ) ;
#495 = CARTESIAN_POINT ( 'NONE',  ( 32.20000000000000995, -126.0000000000000000, -1.832595695504524391 ) ) ;
#496 = EDGE_CURVE ( 'NONE', #1205, #789, #241, .T. ) ;
#497 = CARTESIAN_POINT ( 'NONE',  ( 29.20000000000000639, -99.63104744852249439, -13.99999999999999112 ) ) ;
#498 = CARTESIAN_POINT ( 'NONE',  ( 29.20000000000000284, -115.6644703986702609, 13.63561746604956504 ) ) ;
#499 = EDGE_LOOP ( 'NONE', ( #1156 ) ) ;
#500 =( LENGTH_UNIT ( ) NAMED_UNIT ( * ) SI_UNIT ( .MILLI., .METRE. ) );
#501 = CARTESIAN_POINT ( 'NONE',  ( 12.20000000000000639, -102.6310474485224660, -3.999999999999993339 ) ) ;
#502 = LINE ( 'NONE', #1041, #619 ) ;
#503 = CARTESIAN_POINT ( 'NONE',  ( 22.20000000000000284, -106.6310474485224660, 0.000000000000000000 ) ) ;
#504 = CARTESIAN_POINT ( 'NONE',  ( 15.20000000000000462, -119.0506657075522696, -12.23300944426647163 ) ) ;
#505 = ADVANCED_FACE ( 'NONE', ( #1234 ), #183, .T. ) ;
#506 = FILL_AREA_STYLE ('',( #620 ) ) ;
#507 = CARTESIAN_POINT ( 'NONE',  ( 29.20000000000000284, -126.0000000000000000, 1.832595695504491973 ) ) ;
#508 = EDGE_LOOP ( 'NONE', ( #233, #588, #1282, #265 ) ) ;
#509 = CARTESIAN_POINT ( 'NONE',  ( 12.41282921240451742, -102.6310474485224518, -7.699417957275726643 ) ) ;
#510 = AXIS2_PLACEMENT_3D ( 'NONE', #185, #616, #1048 ) ;
#511 = CARTESIAN_POINT ( 'NONE',  ( 32.20000000000000284, -111.9999999999999858, -13.99999999999999112 ) ) ;
#512 = DIRECTION ( 'NONE',  ( 0.000000000000000000, 0.000000000000000000, 1.000000000000000000 ) ) ;
#513 = CARTESIAN_POINT ( 'NONE',  ( 12.20000000000000462, -126.0000000000000000, -1.832595695504479982 ) ) ;
#514 = ADVANCED_FACE ( 'NONE', ( #1117 ), #1332, .T. ) ;
#515 = EDGE_LOOP ( 'NONE', ( #542, #394, #1277, #486 ) ) ;
#516 = DIRECTION ( 'NONE',  ( -1.000000000000000000, 0.000000000000000000, 0.000000000000000000 ) ) ;
#517 = CARTESIAN_POINT ( 'NONE',  ( 12.20000000000000639, -90.68104744852246313, 4.000000000000019540 ) ) ;
#518 = CARTESIAN_POINT ( 'NONE',  ( 15.20000000000000462, -102.6310474485224660, -13.99999999999999289 ) ) ;
#519 = FACE_OUTER_BOUND ( 'NONE', #912, .T. ) ;
#520 = CARTESIAN_POINT ( 'NONE',  ( 12.20000000000000639, -107.8770158161741506, -3.999999999999991562 ) ) ;
#521 = CARTESIAN_POINT ( 'NONE',  ( 12.19999999999997442, -123.1953357800762916, -8.603654093147474313 ) ) ;
#522 = ORIENTED_EDGE ( 'NONE', *, *, #217, .F. ) ;
#523 = EDGE_CURVE ( 'NONE', #114, #1341, #887, .T. ) ;
#524 = CARTESIAN_POINT ( 'NONE',  ( 29.20000000000000639, -85.75000000000000000, -13.99999999999999467 ) ) ;
#525 = LINE ( 'NONE', #403, #25 ) ;
#526 = CARTESIAN_POINT ( 'NONE',  ( 14.40909102156753363, -102.6310474485224802, -13.65625522395147762 ) ) ;
#527 = DIRECTION ( 'NONE',  ( 0.000000000000000000, 1.000000000000000000, 0.000000000000000000 ) ) ;
#528 = DIRECTION ( 'NONE',  ( 0.000000000000000000, 0.000000000000000000, -1.000000000000000000 ) ) ;
#529 = CARTESIAN_POINT ( 'NONE',  ( 12.20000000000000462, -111.9999999999999716, 14.00000000000000888 ) ) ;
#530 = DIRECTION ( 'NONE',  ( -1.000000000000000000, 0.000000000000000000, -0.000000000000000000 ) ) ;
#531 = CARTESIAN_POINT ( 'NONE',  ( 13.22504216421577716, -102.6310474485224802, 11.55902367826607424 ) ) ;
#532 = EDGE_CURVE ( 'NONE', #1386, #1393, #924, .T. ) ;
#533 = EDGE_LOOP ( 'NONE', ( #132, #1396, #1317, #1400 ) ) ;
#534 = VECTOR ( 'NONE', #516, 1000.000000000000000 ) ;
#535 = CARTESIAN_POINT ( 'NONE',  ( 17.00000000000000711, -102.6310474485224660, 16.20000000000001705 ) ) ;
#536 = CARTESIAN_POINT ( 'NONE',  ( 12.20000000000000462, -99.63104744852246597, 36.00000000000000711 ) ) ;
#537 = CARTESIAN_POINT ( 'NONE',  ( 32.20000000000000284, -107.8770158161742074, -3.999999999999991562 ) ) ;
#538 = CARTESIAN_POINT ( 'NONE',  ( 12.20000000000000639, -113.0469915424771870, -3.895890704585996733 ) ) ;
#539 = VECTOR ( 'NONE', #64, 1000.000000000000000 ) ;
#540 = ORIENTED_EDGE ( 'NONE', *, *, #648, .T. ) ;
#541 = ADVANCED_FACE ( 'NONE', ( #641 ), #808, .T. ) ;
#542 = ORIENTED_EDGE ( 'NONE', *, *, #791, .T. ) ;
#543 = B_SPLINE_CURVE_WITH_KNOTS ( 'NONE', 3,
 ( #662, #1198, #988, #1410, #555, #455, #1281, #1403, #1414, #450, #446, #1311, #205, #86, #888, #674, #190, #870 ),
 .UNSPECIFIED., .F., .F.,
 ( 4, 2, 2, 2, 2, 2, 2, 2, 4 ),
 ( 0.000000000000000000, 0.1250000000000001388, 0.2500000000000000000, 0.3749999999999998335, 0.5000000000000000000, 0.6250000000000001110, 0.7500000000000000000, 0.8750000000000000000, 1.000000000000000000 ),
 .UNSPECIFIED. ) ;
#544 = LINE ( 'NONE', #656, #666 ) ;
#545 = EDGE_CURVE ( 'NONE', #1002, #1002, #1052, .T. ) ;
#546 = CARTESIAN_POINT ( 'NONE',  ( 12.20000000000000639, -102.6310474485224660, -3.999999999999993339 ) ) ;
#547 = VERTEX_POINT ( 'NONE', #445 ) ;
#548 = CARTESIAN_POINT ( 'NONE',  ( 15.20000000000000462, -112.0000000000000000, 14.00000000000000888 ) ) ;
#549 = ORIENTED_EDGE ( 'NONE', *, *, #1113, .F. ) ;
#550 = UNCERTAINTY_MEASURE_WITH_UNIT (LENGTH_MEASURE( 1.000000000000000082E-05 ), #829, 'distance_accuracy_value', 'NONE');
#551 = CARTESIAN_POINT ( 'NONE',  ( 32.20000000000000284, -112.0000000000000000, 4.000000000000003553 ) ) ;
#552 = DIRECTION ( 'NONE',  ( -1.000000000000000000, 0.000000000000000000, 0.000000000000000000 ) ) ;
#553 = CARTESIAN_POINT ( 'NONE',  ( 17.20000000000000284, -112.0000000000000000, 0.000000000000000000 ) ) ;
#554 = AXIS2_PLACEMENT_3D ( 'NONE', #105, #571, #1097 ) ;
#555 = CARTESIAN_POINT ( 'NONE',  ( 12.20000000000000639, -114.4581868837564258, 3.198667365736173718 ) ) ;
#556 = PRODUCT_CONTEXT ( 'NONE', #639, 'mechanical' ) ;
#557 = DIRECTION ( 'NONE',  ( -0.000000000000000000, -1.000000000000000000, -0.000000000000000000 ) ) ;
#558 = CARTESIAN_POINT ( 'NONE',  ( 12.20000000000000639, -90.68104744852246313, -3.999999999999993339 ) ) ;
#559 = ORIENTED_EDGE ( 'NONE', *, *, #882, .F. ) ;
#560 = DIRECTION ( 'NONE',  ( 0.000000000000000000, 1.000000000000000000, 0.000000000000000000 ) ) ;
#561 = VECTOR ( 'NONE', #35, 1000.000000000000000 ) ;
#562 = EDGE_CURVE ( 'NONE', #1343, #130, #45, .T. ) ;
#563 = CARTESIAN_POINT ( 'NONE',  ( 29.99090897843233350, -102.6310474485224802, 13.65625522395150071 ) ) ;
#564 = DIRECTION ( 'NONE',  ( 0.000000000000000000, 0.000000000000000000, -1.000000000000000000 ) ) ;
#565 = ORIENTED_EDGE ( 'NONE', *, *, #1131, .T. ) ;
#566 = CARTESIAN_POINT ( 'NONE',  ( 22.20000000000000284, -106.6310474485224660, 3.500000000000000000 ) ) ;
#567 = LINE ( 'NONE', #546, #1079 ) ;
#568 = ORIENTED_EDGE ( 'NONE', *, *, #750, .T. ) ;
#569 = CARTESIAN_POINT ( 'NONE',  ( 15.20000000000000462, -123.1953357800763058, -8.603654093147010684 ) ) ;
#570 = ORIENTED_EDGE ( 'NONE', *, *, #844, .F. ) ;
#571 = DIRECTION ( 'NONE',  ( 1.000000000000000000, -0.000000000000000000, 0.000000000000000000 ) ) ;
#572 = LINE ( 'NONE', #474, #943 ) ;
#573 = CARTESIAN_POINT ( 'NONE',  ( 10.00000000000000533, -90.68104744852246313, -9.199999999999992184 ) ) ;
#574 = CARTESIAN_POINT ( 'NONE',  ( 31.97974519039301811, -102.6310474485224660, 7.761020427117922615 ) ) ;
#575 = CARTESIAN_POINT ( 'NONE',  ( 12.20000000000000639, -102.6310474485224660, 4.000000000000019540 ) ) ;
#576 =( BOUNDED_SURFACE ( )  B_SPLINE_SURFACE ( 2, 3, ( 
 ( #1125, #127, #720, #32 ),
 ( #368, #601, #349, #690 ),
 ( #814, #27, #1338, #1135 ) ),
 .UNSPECIFIED., .F., .F., .T. ) 
 B_SPLINE_SURFACE_WITH_KNOTS ( ( 3, 3 ),
 ( 4, 4 ),
 ( 0.000000000000000000, 1.000000000000000000 ),
 ( -0.04025000000000000799, -0.01399999999999999856 ),
 .UNSPECIFIED. ) 
 GEOMETRIC_REPRESENTATION_ITEM ( )  RATIONAL_B_SPLINE_SURFACE ( (
 ( 1.000000000000000000, 1.000000000000000000, 1.000000000000000000, 1.000000000000000000),
 ( 0.7071067811865475727, 0.7071067811865475727, 0.7071067811865475727, 0.7071067811865475727),
 ( 1.000000000000000000, 1.000000000000000000, 1.000000000000000000, 1.000000000000000000) ) ) 
 REPRESENTATION_ITEM ( '' )  SURFACE ( )  );
#577 = CARTESIAN_POINT ( 'NONE',  ( 17.00000000000000711, -102.6310474485224660, 9.200000000000017053 ) ) ;
#578 = CARTESIAN_POINT ( 'NONE',  ( 32.20000000001090967, -125.6356174660534606, 3.664470398665201412 ) ) ;
#579 = CIRCLE ( 'NONE', #1265, 3.500000000000000000 ) ;
#580 = ORIENTED_EDGE ( 'NONE', *, *, #587, .T. ) ;
#581 = CARTESIAN_POINT ( 'NONE',  ( 15.20000000000000462, -102.6310474485224660, 14.00000000000001954 ) ) ;
#582 = CARTESIAN_POINT ( 'NONE',  ( 32.04696043747201628, -102.6310474485224660, -7.161152810624520804 ) ) ;
#583 = FACE_BOUND ( 'NONE', #138, .T. ) ;
#584 = CARTESIAN_POINT ( 'NONE',  ( 32.20000000000000995, -125.6356174660534606, -3.664470398667424078 ) ) ;
#585 = FACE_OUTER_BOUND ( 'NONE', #417, .T. ) ;
#586 = CARTESIAN_POINT ( 'NONE',  ( 32.20000000000000995, -115.6644703986701330, 13.63561746604880121 ) ) ;
#587 = EDGE_CURVE ( 'NONE', #1090, #1067, #198, .T. ) ;
#588 = ORIENTED_EDGE ( 'NONE', *, *, #739, .T. ) ;
#589 = ORIENTED_EDGE ( 'NONE', *, *, #1211, .T. ) ;
#590 = CARTESIAN_POINT ( 'NONE',  ( 29.20000000000000284, -112.0000000000000000, 14.00000000000000888 ) ) ;
#591 = EDGE_CURVE ( 'NONE', #612, #325, #50, .T. ) ;
#592 = ORIENTED_EDGE ( 'NONE', *, *, #146, .T. ) ;
#593 = CARTESIAN_POINT ( 'NONE',  ( 32.20000000000000995, -113.8329261133625039, 14.00000000000137135 ) ) ;
#594 = AXIS2_PLACEMENT_3D ( 'NONE', #695, #125, #702 ) ;
#595 = AXIS2_PLACEMENT_3D ( 'NONE', #819, #348, #1233 ) ;
#596 = ORIENTED_EDGE ( 'NONE', *, *, #1280, .T. ) ;
#597 = VECTOR ( 'NONE', #1324, 1000.000000000000000 ) ;
#598 = DIRECTION ( 'NONE',  ( 1.000000000000000000, 0.000000000000000000, 2.478176394252581141E-16 ) ) ;
#599 = VERTEX_POINT ( 'NONE', #231 ) ;
#600 = CARTESIAN_POINT ( 'NONE',  ( 15.00931819141831447, -102.6310474485224660, -13.99999999999999467 ) ) ;
#601 = CARTESIAN_POINT ( 'NONE',  ( 12.20000000000000462, -94.50000000000005684, -13.99999999999999645 ) ) ;
#602 = FACE_OUTER_BOUND ( 'NONE', #533, .T. ) ;
#603 = ADVANCED_BREP_SHAPE_REPRESENTATION ( 'RD_Test2__Default__91BA86F9421B', ( #1226, #701, #1099 ), #73 ) ;
#604 = PRODUCT_DEFINITION_SHAPE ( 'NONE', 'NONE',  #493 ) ;
#605 = CARTESIAN_POINT ( 'NONE',  ( 29.20000000000000284, -112.0000000000000000, -13.99999999999999289 ) ) ;
#606 = EDGE_CURVE ( 'NONE', #330, #1209, #337, .T. ) ;
#607 = CARTESIAN_POINT ( 'NONE',  ( 29.20000000000000284, -125.6356174660510305, -3.664470398666650031 ) ) ;
#608 = ORIENTED_EDGE ( 'NONE', *, *, #295, .F. ) ;
#609 = CARTESIAN_POINT ( 'NONE',  ( 29.20000000000000639, -107.8770158161741506, 14.00000000000002309 ) ) ;
#610 = LINE ( 'NONE', #38, #418 ) ;
#611 = CARTESIAN_POINT ( 'NONE',  ( 32.20000000000000284, -94.49999999999990052, -3.999999999999994671 ) ) ;
#612 = VERTEX_POINT ( 'NONE', #59 ) ;
#613 = CARTESIAN_POINT ( 'NONE',  ( 12.20000000000000639, -102.6310474485224660, -3.999999999999993339 ) ) ;
#614 = CARTESIAN_POINT ( 'NONE',  ( 32.20000000000000995, -103.2499999999999432, 14.00000000000002487 ) ) ;
#615 = CARTESIAN_POINT ( 'NONE',  ( 32.20000000000000284, -111.9999999999999858, -3.999999999999989786 ) ) ;
#616 = DIRECTION ( 'NONE',  ( 0.000000000000000000, 1.000000000000000000, 0.000000000000000000 ) ) ;
#617 = CARTESIAN_POINT ( 'NONE',  ( 15.20000000000000462, -124.2330094442650079, 7.050665707555817896 ) ) ;
#618 = ORIENTED_EDGE ( 'NONE', *, *, #648, .F. ) ;
#619 = VECTOR ( 'NONE', #1140, 1000.000000000000000 ) ;
#620 = FILL_AREA_STYLE_COLOUR ( '', #462 ) ;
#621 = CARTESIAN_POINT ( 'NONE',  ( 12.39551626906297521, -102.6310474485224944, 7.551454162763204359 ) ) ;
#622 = ORIENTED_EDGE ( 'NONE', *, *, #763, .T. ) ;
#623 = CARTESIAN_POINT ( 'NONE',  ( 12.41541926865433787, -102.6310474485224660, -7.721040210469264586 ) ) ;
#624 = B_SPLINE_CURVE_WITH_KNOTS ( 'NONE', 3,
 ( #271, #153, #498, #718, #742, #939, #825, #830, #507, #1134, #607, #843, #53, #410, #1037, #1357, #752, #162 ),
 .UNSPECIFIED., .F., .F.,
 ( 4, 2, 2, 2, 2, 2, 2, 2, 4 ),
 ( 0.000000000000000000, 0.1250000000000000000, 0.2500000000000000000, 0.3749999999999998335, 0.5000000000000000000, 0.6250000000000001110, 0.7500000000000000000, 0.8749999999999998890, 1.000000000000000000 ),
 .UNSPECIFIED. ) ;
#625 = CARTESIAN_POINT ( 'NONE',  ( 32.20000000000000284, -99.63104744852246597, 4.000000000000019540 ) ) ;
#626 = DIRECTION ( 'NONE',  ( 1.070816960479510131E-16, 0.000000000000000000, 1.000000000000000000 ) ) ;
#627 = AXIS2_PLACEMENT_3D ( 'NONE', #770, #1182, #880 ) ;
#628 = CARTESIAN_POINT ( 'NONE',  ( 15.20000000000000462, -112.0000000000000000, -13.99999999999999289 ) ) ;
#629 = DIRECTION ( 'NONE',  ( -1.000000000000000000, 0.000000000000000000, 1.239088197126290570E-16 ) ) ;
#630 = ORIENTED_EDGE ( 'NONE', *, *, #1388, .T. ) ;
#631 = LINE ( 'NONE', #727, #1333 ) ;
#632 = CARTESIAN_POINT ( 'NONE',  ( 34.39999999999999858, -102.6310474485224660, -9.199999999999995737 ) ) ;
#633 = FACE_OUTER_BOUND ( 'NONE', #492, .T. ) ;
#634 = CARTESIAN_POINT ( 'NONE',  ( 12.20000000000000462, -113.8329261133625039, -14.00000000000135891 ) ) ;
#635 = ORIENTED_EDGE ( 'NONE', *, *, #747, .T. ) ;
#636 = PLANE ( 'NONE',  #652 ) ;
#637 = ADVANCED_FACE ( 'NONE', ( #751 ), #1062, .F. ) ;
#638 = CARTESIAN_POINT ( 'NONE',  ( 12.40194434208582841, -102.6310474485224802, 7.606983679587636438 ) ) ;
#639 = APPLICATION_CONTEXT ( 'automotive_design' ) ;
#640 = CARTESIAN_POINT ( 'NONE',  ( 32.20000000000000995, -94.50000000000005684, 14.00000000000001954 ) ) ;
#641 = FACE_OUTER_BOUND ( 'NONE', #459, .T. ) ;
#642 = CARTESIAN_POINT ( 'NONE',  ( 32.20000000000000284, -99.63104744852246597, 36.00000000000000711 ) ) ;
#643 = CARTESIAN_POINT ( 'NONE',  ( 32.20000000000000284, -102.6310474485224660, -3.999999999999993339 ) ) ;
#644 = CARTESIAN_POINT ( 'NONE',  ( 12.20000000000000639, -116.0000000000000000, -0.5235987701441320308 ) ) ;
#645 = B_SPLINE_CURVE_WITH_KNOTS ( 'NONE', 3,
 ( #1141, #520, #159, #47 ),
 .UNSPECIFIED., .F., .F.,
 ( 4, 4 ),
 ( 0.000000000000000000, 0.4947581020591008683 ),
 .UNSPECIFIED. ) ;
#646 = ORIENTED_EDGE ( 'NONE', *, *, #433, .F. ) ;
#647 = VECTOR ( 'NONE', #1057, 1000.000000000000000 ) ;
#648 = EDGE_CURVE ( 'NONE', #547, #302, #51, .T. ) ;
#649 = CARTESIAN_POINT ( 'NONE',  ( 12.42755949014320649, -102.6310474485224944, -7.820877853874437236 ) ) ;
#650 = CARTESIAN_POINT ( 'NONE',  ( 17.00000000000000355, -102.6310474485224660, -16.19999999999999218 ) ) ;
#651 = DIRECTION ( 'NONE',  ( -2.141633920959020261E-16, 0.000000000000000000, -1.000000000000000000 ) ) ;
#652 = AXIS2_PLACEMENT_3D ( 'NONE', #393, #161, #530 ) ;
#653 = EDGE_LOOP ( 'NONE', ( #464, #540, #1115, #780, #1409, #1004 ) ) ;
#654 = CARTESIAN_POINT ( 'NONE',  ( 15.20000000000000462, -126.0000000000000000, 1.832595695504536604 ) ) ;
#655 = CARTESIAN_POINT ( 'NONE',  ( 29.20000000000000639, -102.6310474485224660, 14.00000000000002309 ) ) ;
#656 = CARTESIAN_POINT ( 'NONE',  ( 27.20000000000000639, -112.0000000000000000, 0.000000000000000000 ) ) ;
#657 = EDGE_LOOP ( 'NONE', ( #660 ) ) ;
#658 = CARTESIAN_POINT ( 'NONE',  ( 34.40000000000000568, -102.6310474485224660, 9.200000000000015277 ) ) ;
#659 = EDGE_CURVE ( 'NONE', #684, #483, #852, .T. ) ;
#660 = ORIENTED_EDGE ( 'NONE', *, *, #1131, .F. ) ;
#661 = LINE ( 'NONE', #319, #1225 ) ;
#662 = CARTESIAN_POINT ( 'NONE',  ( 12.20000000000000462, -111.9999999999999858, 4.000000000000003553 ) ) ;
#663 = LINE ( 'NONE', #1300, #597 ) ;
#664 = EDGE_LOOP ( 'NONE', ( #478, #978, #1082, #54 ) ) ;
#665 = VECTOR ( 'NONE', #19, 1000.000000000000000 ) ;
#666 = VECTOR ( 'NONE', #438, 1000.000000000000000 ) ;
#667 = CARTESIAN_POINT ( 'NONE',  ( 32.20000000000000284, -114.4581868837564258, -3.198667365736159951 ) ) ;
#668 = CARTESIAN_POINT ( 'NONE',  ( 27.20000000000000639, -112.0000000000000000, 0.000000000000000000 ) ) ;
#669 = VERTEX_POINT ( 'NONE', #863 ) ;
#670 = CARTESIAN_POINT ( 'NONE',  ( 0.000000000000000000, -102.6310474485224660, 0.000000000000000000 ) ) ;
#671 = ADVANCED_FACE ( 'NONE', ( #741 ), #636, .T. ) ;
#672 = AXIS2_PLACEMENT_3D ( 'NONE', #503, #293, #512 ) ;
#673 = CARTESIAN_POINT ( 'NONE',  ( 31.91879065970134377, -102.6310474485224660, 8.234347829128404683 ) ) ;
#674 = CARTESIAN_POINT ( 'NONE',  ( 12.20000000000000639, -113.0469915424771870, -3.895890704585996733 ) ) ;
#675 =( BOUNDED_CURVE ( )  B_SPLINE_CURVE ( 2, ( #969, #1136, #151 ),
 .UNSPECIFIED., .F., .T. ) 
 B_SPLINE_CURVE_WITH_KNOTS ( ( 3, 3 ),
 ( 0.000000000000000000, 0.01103812050271935769 ),
 .UNSPECIFIED. ) 
 CURVE ( )  GEOMETRIC_REPRESENTATION_ITEM ( )  RATIONAL_B_SPLINE_CURVE ( ( 1.000000000000000000, 0.7071067811865475727, 1.000000000000000000 ) ) 
 REPRESENTATION_ITEM ( '' )  );
#676 = CARTESIAN_POINT ( 'NONE',  ( 12.20000000000000639, -102.6310474485224660, -3.999999999999993339 ) ) ;
#677 = EDGE_LOOP ( 'NONE', ( #1305, #589, #1263, #192 ) ) ;
#678 = CARTESIAN_POINT ( 'NONE',  ( 15.20000000000000462, -124.2330094442638710, -7.050665707558550821 ) ) ;
#679 = ORIENTED_EDGE ( 'NONE', *, *, #222, .T. ) ;
#680 = EDGE_CURVE ( 'NONE', #789, #483, #94, .T. ) ;
#681 = CARTESIAN_POINT ( 'NONE',  ( 30.22648457366064179, -102.6310474485224660, 13.39707531967023613 ) ) ;
#682 = CARTESIAN_POINT ( 'NONE',  ( 12.20000000000000639, -102.6310474485224660, -3.999999999999993339 ) ) ;
#683 = CARTESIAN_POINT ( 'NONE',  ( 29.20000000000000639, -90.68104744852246313, 14.00000000000002309 ) ) ;
#684 = VERTEX_POINT ( 'NONE', #1264 ) ;
#685 = CARTESIAN_POINT ( 'NONE',  ( 32.20000000000000284, -115.4951455555056725, -2.014475916444654402 ) ) ;
#686 = ADVANCED_FACE ( 'NONE', ( #836 ), #1251, .T. ) ;
#687 = ADVANCED_FACE ( 'NONE', ( #1061 ), #1363, .T. ) ;
#688 = CARTESIAN_POINT ( 'NONE',  ( 32.20000000000000284, -102.6310474485224660, 4.000000000000019540 ) ) ;
#689 = LINE ( 'NONE', #1039, #810 ) ;
#690 = CARTESIAN_POINT ( 'NONE',  ( 12.20000000000000462, -111.9999999999999858, -13.99999999999999112 ) ) ;
#691 = CARTESIAN_POINT ( 'NONE',  ( 29.20000000000000284, -112.0000000000000000, 14.00000000000000711 ) ) ;
#692 = AXIS2_PLACEMENT_3D ( 'NONE', #708, #1001, #900 ) ;
#693 = CIRCLE ( 'NONE', #1310, 6.999999999999999112 ) ;
#694 = ORIENTED_EDGE ( 'NONE', *, *, #1244, .F. ) ;
#695 = CARTESIAN_POINT ( 'NONE',  ( 34.40000000000000568, -102.6310474485224660, 16.20000000000001705 ) ) ;
#696 = EDGE_LOOP ( 'NONE', ( #873, #559, #1411, #1299 ) ) ;
#697 = EDGE_CURVE ( 'NONE', #1070, #1060, #277, .T. ) ;
#698 = VERTEX_POINT ( 'NONE', #1154 ) ;
#699 = CARTESIAN_POINT ( 'NONE',  ( 32.20000000000000284, -112.0000000000000000, 4.000000000000007105 ) ) ;
#700 = CARTESIAN_POINT ( 'NONE',  ( 15.20000000000000462, -103.7540316323483154, -13.99999999999999112 ) ) ;
#701 = MANIFOLD_SOLID_BREP ( 'Boss-Extrude2', #1007 ) ;
#702 = DIRECTION ( 'NONE',  ( -2.141633920959020261E-16, 0.000000000000000000, -1.000000000000000000 ) ) ;
#703 = ADVANCED_FACE ( 'NONE', ( #93, #78 ), #270, .F. ) ;
#704 = ORIENTED_EDGE ( 'NONE', *, *, #178, .F. ) ;
#705 = CARTESIAN_POINT ( 'NONE',  ( 31.61404535911009717, -102.6310474485224375, -10.09515607907926160 ) ) ;
#706 = FACE_OUTER_BOUND ( 'NONE', #84, .T. ) ;
#707 = CARTESIAN_POINT ( 'NONE',  ( 32.20000000000000995, -112.0000000000000142, 14.00000000000000888 ) ) ;
#708 = CARTESIAN_POINT ( 'NONE',  ( 88.99797974644665999, -112.0000000000000000, 6.938893903907228378E-15 ) ) ;
#709 = CARTESIAN_POINT ( 'NONE',  ( 34.39999999999999858, -90.68104744852246313, -9.199999999999995737 ) ) ;
#710 = CARTESIAN_POINT ( 'NONE',  ( 31.83697081328697109, -102.6310474485224660, -8.964302591261017028 ) ) ;
#711 = EDGE_CURVE ( 'NONE', #599, #1067, #221, .T. ) ;
#712 = CARTESIAN_POINT ( 'NONE',  ( 12.20000000000000462, -85.75000000000000000, 14.00000000000001954 ) ) ;
#713 = CARTESIAN_POINT ( 'NONE',  ( 29.20000000000000284, -124.2330094442638710, 7.050665707558565032 ) ) ;
#714 = AXIS2_PLACEMENT_3D ( 'NONE', #915, #21, #1323 ) ;
#715 = EDGE_CURVE ( 'NONE', #895, #330, #2, .T. ) ;
#716 = VECTOR ( 'NONE', #835, 1000.000000000000000 ) ;
#717 = DIRECTION ( 'NONE',  ( 0.000000000000000000, 1.000000000000000000, -1.734723475976807094E-16 ) ) ;
#718 = CARTESIAN_POINT ( 'NONE',  ( 29.20000000000000284, -119.0506657075522696, 12.23300944426648584 ) ) ;
#719 = CARTESIAN_POINT ( 'NONE',  ( 32.20000000000000284, -102.6310474485224660, -4.635708978236202427 ) ) ;
#720 = CARTESIAN_POINT ( 'NONE',  ( 15.20000000000000462, -103.2499999999999574, -13.99999999999999289 ) ) ;
#721 = LINE ( 'NONE', #643, #539 ) ;
#722 = CARTESIAN_POINT ( 'NONE',  ( 15.20000000000000462, -107.8770158161741222, -13.99999999999999112 ) ) ;
#723 = EDGE_CURVE ( 'NONE', #899, #1341, #311, .T. ) ;
#724 = CARTESIAN_POINT ( 'NONE',  ( 29.20000000000000639, -112.0000000000000000, -13.99999999999999112 ) ) ;
#725 = CARTESIAN_POINT ( 'NONE',  ( 12.20000000000000462, -90.68104744852247734, 14.00000000001201883 ) ) ;
#726 = ORIENTED_EDGE ( 'NONE', *, *, #262, .T. ) ;
#727 = CARTESIAN_POINT ( 'NONE',  ( 17.00000000000000711, -90.68104744852246313, 16.20000000000001705 ) ) ;
#728 = FACE_OUTER_BOUND ( 'NONE', #1334, .T. ) ;
#729 = CARTESIAN_POINT ( 'NONE',  ( 15.20000000000000462, -124.2330094442638710, -7.050665707558550821 ) ) ;
#730 = B_SPLINE_CURVE_WITH_KNOTS ( 'NONE', 3,
 ( #575, #1009, #61, #1164, #1237, #1144, #621, #638, #1055, #1069, #289, #69, #531, #41, #385, #1371, #966, #170, #1266, #1138, #1155, #148, #264 ),
 .UNSPECIFIED., .F., .F.,
 ( 4, 1, 1, 1, 1, 1, 2, 2, 2, 1, 1, 1, 1, 2, 2, 4 ),
 ( 0.000000000000000000, 0.1249999999999991396, 0.1874999999999988065, 0.2187499999999985567, 0.2343749999999984179, 0.2421874999999983624, 0.2460937499999983902, 0.2499999999999984457, 0.4999999999999973355, 0.6249999999999968914, 0.6874999999999967804, 0.7187499999999970024, 0.7343749999999972244, 0.7421874999999973355, 0.7499999999999973355, 1.000000000000000000 ),
 .UNSPECIFIED. ) ;
#731 = CARTESIAN_POINT ( 'NONE',  ( 40.40000000000000568, -12.00000000000000000, -14.00000000000000000 ) ) ;
#732 = DIRECTION ( 'NONE',  ( 0.000000000000000000, 1.734723475976807094E-16, 1.000000000000000000 ) ) ;
#733 = ADVANCED_FACE ( 'NONE', ( #308 ), #1106, .F. ) ;
#734 = CARTESIAN_POINT ( 'NONE',  ( 32.20000000000000284, -90.68104744852246313, -3.999999999999993339 ) ) ;
#735 = CARTESIAN_POINT ( 'NONE',  ( 14.25167780305650389, -102.6310474485224660, -13.48986812490671738 ) ) ;
#736 = CARTESIAN_POINT ( 'NONE',  ( 32.20000000000000284, -112.0000000000000000, 4.000000000000003553 ) ) ;
#737 = DIRECTION ( 'NONE',  ( 0.000000000000000000, 1.000000000000000000, 0.000000000000000000 ) ) ;
#739 = EDGE_CURVE ( 'NONE', #461, #1151, #786, .T. ) ;
#738 = CARTESIAN_POINT ( 'NONE',  ( 15.20000000000000462, -123.1953357800772011, 8.603654093146127835 ) ) ;
#740 = AXIS2_PLACEMENT_3D ( 'NONE', #46, #1168, #865 ) ;
#741 = FACE_OUTER_BOUND ( 'NONE', #180, .T. ) ;
#742 = CARTESIAN_POINT ( 'NONE',  ( 29.20000000000000284, -120.6036540931470427, 11.19533578007630581 ) ) ;
#743 = ORIENTED_EDGE ( 'NONE', *, *, #760, .T. ) ;
#744 = CARTESIAN_POINT ( 'NONE',  ( 12.93227091744398827, -102.6310474485224944, -10.58311953449087284 ) ) ;
#745 = CARTESIAN_POINT ( 'NONE',  ( 32.20000000000000284, -111.9999999999999858, -3.999999999999989786 ) ) ;
#746 = PLANE ( 'NONE',  #510 ) ;
#747 = EDGE_CURVE ( 'NONE', #126, #483, #1194, .T. ) ;
#748 = CARTESIAN_POINT ( 'NONE',  ( 15.20000000000000462, -120.6036540931470427, -11.19533578007629160 ) ) ;
#749 = EDGE_LOOP ( 'NONE', ( #122, #200, #831, #568 ) ) ;
#750 = EDGE_CURVE ( 'NONE', #1341, #1205, #341, .T. ) ;
#751 = FACE_OUTER_BOUND ( 'NONE', #1033, .T. ) ;
#752 = CARTESIAN_POINT ( 'NONE',  ( 29.20000000000000284, -113.8329261133687282, -14.00000000000000000 ) ) ;
#753 = ADVANCED_FACE ( 'NONE', ( #979 ), #897, .F. ) ;
#754 = ORIENTED_EDGE ( 'NONE', *, *, #1137, .T. ) ;
#755 = CARTESIAN_POINT ( 'NONE',  ( 29.20000000000000639, -103.2499999999999574, 14.00000000000002132 ) ) ;
#756 = CARTESIAN_POINT ( 'NONE',  ( 15.20000000000000462, -102.6310474485224660, 14.00000000000001954 ) ) ;
#757 = CARTESIAN_POINT ( 'NONE',  ( 32.20000000000000284, -99.63104744852246597, -3.999999999999991562 ) ) ;
#758 = CARTESIAN_POINT ( 'NONE',  ( 15.20000000000000462, -111.9999999999999574, 14.00000000000000711 ) ) ;
#759 = ORIENTED_EDGE ( 'NONE', *, *, #1243, .F. ) ;
#760 = EDGE_CURVE ( 'NONE', #255, #81, #925, .T. ) ;
#761 = FACE_OUTER_BOUND ( 'NONE', #226, .T. ) ;
#762 = CARTESIAN_POINT ( 'NONE',  ( 15.20000000000000462, -120.6036540931461758, 11.19533578007716734 ) ) ;
#763 = EDGE_CURVE ( 'NONE', #340, #1336, #661, .T. ) ;
#764 =( BOUNDED_CURVE ( )  B_SPLINE_CURVE ( 2, ( #745, #511, #184 ),
 .UNSPECIFIED., .F., .T. ) 
 B_SPLINE_CURVE_WITH_KNOTS ( ( 3, 3 ),
 ( 0.000000000000000000, 1.000000000000000000 ),
 .UNSPECIFIED. ) 
 CURVE ( )  GEOMETRIC_REPRESENTATION_ITEM ( )  RATIONAL_B_SPLINE_CURVE ( ( 1.000000000000000000, 0.7071067811865475727, 1.000000000000000000 ) ) 
 REPRESENTATION_ITEM ( '' )  );
#765 = AXIS2_PLACEMENT_3D ( 'NONE', #910, #1023, #490 ) ;
#766 = ADVANCED_FACE ( 'NONE', ( #1398 ), #441, .T. ) ;
#767 = ORIENTED_EDGE ( 'NONE', *, *, #1211, .F. ) ;
#768 = CARTESIAN_POINT ( 'NONE',  ( 32.20000000000000284, -115.8958907045882682, 1.046991542476119585 ) ) ;
#769 = ORIENTED_EDGE ( 'NONE', *, *, #281, .T. ) ;
#770 = CARTESIAN_POINT ( 'NONE',  ( 17.00000000000000355, -102.6310474485224660, -9.199999999999992184 ) ) ;
#771 = ORIENTED_EDGE ( 'NONE', *, *, #587, .F. ) ;
#772 = DIRECTION ( 'NONE',  ( -0.000000000000000000, -1.000000000000000000, -0.000000000000000000 ) ) ;
#773 = VERTEX_POINT ( 'NONE', #1190 ) ;
#774 =( BOUNDED_SURFACE ( )  B_SPLINE_SURFACE ( 2, 1, ( 
 ( #1064, #953 ),
 ( #268, #405 ),
 ( #173, #1259 ) ),
 .UNSPECIFIED., .F., .F., .T. ) 
 B_SPLINE_SURFACE_WITH_KNOTS ( ( 3, 3 ),
 ( 2, 2 ),
 ( 0.000000000000000000, 1.000000000000000000 ),
 ( 0.000000000000000000, 1.000000000000000000 ),
 .UNSPECIFIED. ) 
 GEOMETRIC_REPRESENTATION_ITEM ( )  RATIONAL_B_SPLINE_SURFACE ( (
 ( 1.000000000000000000, 1.000000000000000000),
 ( 0.7071067811865475727, 0.7071067811865475727),
 ( 1.000000000000000000, 1.000000000000000000) ) ) 
 REPRESENTATION_ITEM ( '' )  SURFACE ( )  );
#775 = CARTESIAN_POINT ( 'NONE',  ( 31.46772908254705214, -102.6310474485224802, 10.58311953452467513 ) ) ;
#776 = CARTESIAN_POINT ( 'NONE',  ( 15.20000000000000462, -90.68104744852246313, 14.00000000000001954 ) ) ;
#777 = ORIENTED_EDGE ( 'NONE', *, *, #562, .F. ) ;
#778 = CARTESIAN_POINT ( 'NONE',  ( 29.20000000000000284, -112.0000000000000000, -13.99999999999999289 ) ) ;
#779 = DIRECTION ( 'NONE',  ( 0.000000000000000000, 0.000000000000000000, 1.000000000000000000 ) ) ;
#780 = ORIENTED_EDGE ( 'NONE', *, *, #496, .T. ) ;
#781 = CARTESIAN_POINT ( 'NONE',  ( 32.20000000000000284, -114.4581868837557863, 3.198667365736043600 ) ) ;
#782 =( BOUNDED_CURVE ( )  B_SPLINE_CURVE ( 2, ( #517, #725, #837 ),
 .UNSPECIFIED., .F., .F. ) 
 B_SPLINE_CURVE_WITH_KNOTS ( ( 3, 3 ),
 ( 0.000000000000000000, 1.000000000000000000 ),
 .UNSPECIFIED. ) 
 CURVE ( )  GEOMETRIC_REPRESENTATION_ITEM ( )  RATIONAL_B_SPLINE_CURVE ( ( 1.000000000000000000, 0.7071067811865475727, 1.000000000000000000 ) ) 
 REPRESENTATION_ITEM ( '' )  );
#783 = CARTESIAN_POINT ( 'NONE',  ( 27.40000000000000924, -90.68104744852246313, 9.200000000000017053 ) ) ;
#784 = DIRECTION ( 'NONE',  ( 0.000000000000000000, 1.000000000000000000, 0.000000000000000000 ) ) ;
#785 = ORIENTED_EDGE ( 'NONE', *, *, #1280, .F. ) ;
#786 = LINE ( 'NONE', #1315, #1355 ) ;
#787 = VECTOR ( 'NONE', #813, 1000.000000000000000 ) ;
#788 = CARTESIAN_POINT ( 'NONE',  ( 15.20000000000000462, -102.6310474485224660, 14.00000000000001954 ) ) ;
#789 = VERTEX_POINT ( 'NONE', #207 ) ;
#790 = CARTESIAN_POINT ( 'NONE',  ( 12.20000000000000462, -111.9999999999999858, -13.99999999999999467 ) ) ;
#791 = EDGE_CURVE ( 'NONE', #102, #1343, #663, .T. ) ;
#792 = CARTESIAN_POINT ( 'NONE',  ( 15.20000000000000462, -90.68104744852243471, -13.99999999999999289 ) ) ;
#793 = CARTESIAN_POINT ( 'NONE',  ( 34.40000000000000568, -102.6310474485224660, 16.20000000000001705 ) ) ;
#794 = EDGE_LOOP ( 'NONE', ( #188, #467, #630, #635 ) ) ;
#795 = CARTESIAN_POINT ( 'NONE',  ( 32.20000000000000284, -115.8958907045882682, 1.046991542476119585 ) ) ;
#796 = ORIENTED_EDGE ( 'NONE', *, *, #523, .F. ) ;
#797 = CARTESIAN_POINT ( 'NONE',  ( 32.20000000000000284, -102.6310474485224802, 5.271829584441292127 ) ) ;
#798 = DIRECTION ( 'NONE',  ( 0.000000000000000000, 0.000000000000000000, 1.000000000000000000 ) ) ;
#799 = CARTESIAN_POINT ( 'NONE',  ( 31.99373599284282932, -102.6310474485224660, -7.643981660402696221 ) ) ;
#800 = DIRECTION ( 'NONE',  ( 0.000000000000000000, 1.000000000000000000, 0.000000000000000000 ) ) ;
#801 = CARTESIAN_POINT ( 'NONE',  ( 29.20000000000000284, -123.1953357800763058, 8.603654093147024895 ) ) ;
#802 = ORIENTED_EDGE ( 'NONE', *, *, #287, .F. ) ;
#803 = DIRECTION ( 'NONE',  ( 0.000000000000000000, 1.000000000000000000, 0.000000000000000000 ) ) ;
#804 = LINE ( 'NONE', #1239, #945 ) ;
#805 = VECTOR ( 'NONE', #396, 1000.000000000000000 ) ;
#806 = CARTESIAN_POINT ( 'NONE',  ( -4.999999999999997335, -112.0000000000000000, -13.99999999999999289 ) ) ;
#807 = CARTESIAN_POINT ( 'NONE',  ( 29.20000000000000284, -113.8329261133624044, 14.00000000000000711 ) ) ;
#808 = CYLINDRICAL_SURFACE ( 'NONE', #692, 14.00000000000000000 ) ;
#809 = EDGE_LOOP ( 'NONE', ( #1183, #1231, #434, #980 ) ) ;
#810 = VECTOR ( 'NONE', #256, 1000.000000000000000 ) ;
#811 = EDGE_LOOP ( 'NONE', ( #580, #411, #1303, #1362 ) ) ;
#812 = FACE_OUTER_BOUND ( 'NONE', #276, .T. ) ;
#813 = DIRECTION ( 'NONE',  ( 1.000000000000000000, 0.000000000000000000, 0.000000000000000000 ) ) ;
#814 = CARTESIAN_POINT ( 'NONE',  ( 12.20000000000000639, -85.75000000000000000, -3.999999999999994671 ) ) ;
#815 = CARTESIAN_POINT ( 'NONE',  ( 29.20000000000000284, -124.2330094442650079, -7.050665707555803685 ) ) ;
#816 = EDGE_CURVE ( 'NONE', #1060, #951, #66, .T. ) ;
#817 = ORIENTED_EDGE ( 'NONE', *, *, #12, .F. ) ;
#818 = EDGE_LOOP ( 'NONE', ( #365, #421, #215, #826, #976, #482, #1102, #618 ) ) ;
#819 = CARTESIAN_POINT ( 'NONE',  ( 17.00000000000000711, -102.6310474485224660, 9.200000000000017053 ) ) ;
#820 = ORIENTED_EDGE ( 'NONE', *, *, #431, .F. ) ;
#821 = CARTESIAN_POINT ( 'NONE',  ( 32.00448373093703935, -102.6310474485224660, -7.551454162759182687 ) ) ;
#822 = CARTESIAN_POINT ( 'NONE',  ( 12.20000000000000639, -112.0000000000000000, 4.000000000000022204 ) ) ;
#823 = CARTESIAN_POINT ( 'NONE',  ( 29.20000000000000284, -115.6644703986620186, -13.63561746605295255 ) ) ;
#824 = PRODUCT ( 'RD_Test2__Default__91BA86F9421B', 'RD_Test2__Default__91BA86F9421B', '', ( #556 ) ) ;
#825 = CARTESIAN_POINT ( 'NONE',  ( 29.20000000000000284, -124.2330094442638710, 7.050665707558565032 ) ) ;
#826 = ORIENTED_EDGE ( 'NONE', *, *, #1373, .F. ) ;
#827 = CARTESIAN_POINT ( 'NONE',  ( 15.20000000000000462, -112.0000000000000000, 14.00000000000002309 ) ) ;
#828 = CARTESIAN_POINT ( 'NONE',  ( 15.20000000000000462, -99.63104744852246597, 14.00000000000001776 ) ) ;
#829 =( LENGTH_UNIT ( ) NAMED_UNIT ( * ) SI_UNIT ( .MILLI., .METRE. ) );
#830 = CARTESIAN_POINT ( 'NONE',  ( 29.20000000000000284, -125.6356174660521532, 3.664470398663987716 ) ) ;
#831 = ORIENTED_EDGE ( 'NONE', *, *, #723, .T. ) ;
#832 = CARTESIAN_POINT ( 'NONE',  ( 34.40000000000000568, -90.68104744852246313, 9.200000000000015277 ) ) ;
#833 = CARTESIAN_POINT ( 'NONE',  ( 32.20000000000000284, -103.7540316323483154, 4.000000000000021316 ) ) ;
#834 = FACE_OUTER_BOUND ( 'NONE', #677, .T. ) ;
#835 = DIRECTION ( 'NONE',  ( 0.000000000000000000, 0.000000000000000000, -1.000000000000000000 ) ) ;
#836 = FACE_OUTER_BOUND ( 'NONE', #653, .T. ) ;
#837 = CARTESIAN_POINT ( 'NONE',  ( 15.20000000000000462, -90.68104744852246313, 14.00000000000001954 ) ) ;
#838 = CARTESIAN_POINT ( 'NONE',  ( 15.20000000000000462, -90.68104744852246313, -13.99999999999999289 ) ) ;
#839 = CARTESIAN_POINT ( 'NONE',  ( 10.00000000000000888, -102.6310474485224660, 16.20000000000001705 ) ) ;
#840 = CARTESIAN_POINT ( 'NONE',  ( 12.20000000000000639, -115.8958907045882682, -1.046991542476105597 ) ) ;
#841 = ORIENTED_EDGE ( 'NONE', *, *, #358, .F. ) ;
#842 = SURFACE_STYLE_FILL_AREA ( #506 ) ;
#843 = CARTESIAN_POINT ( 'NONE',  ( 29.20000000000000284, -124.2330094442650079, -7.050665707555803685 ) ) ;
#844 = EDGE_CURVE ( 'NONE', #483, #1341, #243, .T. ) ;
#845 = ORIENTED_EDGE ( 'NONE', *, *, #1086, .F. ) ;
#846 = PRESENTATION_STYLE_ASSIGNMENT (( #854 ) ) ;
#847 = CARTESIAN_POINT ( 'NONE',  ( 32.20000000000000284, -112.0000000000000000, 4.000000000000003553 ) ) ;
#848 = ADVANCED_FACE ( 'NONE', ( #602 ), #213, .F. ) ;
#849 = DIRECTION ( 'NONE',  ( -1.000000000000000000, 0.000000000000000000, 0.000000000000000000 ) ) ;
#850 = EDGE_LOOP ( 'NONE', ( #429, #872, #1046, #1119 ) ) ;
#851 = AXIS2_PLACEMENT_3D ( 'NONE', #471, #477, #248 ) ;
#852 = LINE ( 'NONE', #278, #1308 ) ;
#853 = EDGE_LOOP ( 'NONE', ( #1312, #592, #451, #362 ) ) ;
#854 = SURFACE_STYLE_USAGE ( .BOTH. , #412 ) ;
#855 = CARTESIAN_POINT ( 'NONE',  ( 27.20000000000000639, -112.0000000000000000, 11.24999999999999822 ) ) ;
#856 = VECTOR ( 'NONE', #1184, 1000.000000000000000 ) ;
#857 = CARTESIAN_POINT ( 'NONE',  ( 12.20000000000000639, -90.68104744852246313, -3.999999999999993339 ) ) ;
#858 = CARTESIAN_POINT ( 'NONE',  ( 15.20000000000000462, -90.68104744852246313, 14.00000000000001954 ) ) ;
#859 = AXIS2_PLACEMENT_3D ( 'NONE', #343, #1406, #201 ) ;
#860 = CARTESIAN_POINT ( 'NONE',  ( 12.19999999999591722, -119.0506657075566466, 12.23300944426394921 ) ) ;
#861 = VERTEX_POINT ( 'NONE', #858 ) ;
#862 = ADVANCED_FACE ( 'NONE', ( #269, #954 ), #1248, .T. ) ;
#863 = CARTESIAN_POINT ( 'NONE',  ( 32.20000000000000284, -99.63104744852246597, 4.000000000000019540 ) ) ;
#864 = ORIENTED_EDGE ( 'NONE', *, *, #146, .F. ) ;
#865 = DIRECTION ( 'NONE',  ( 1.000000000000000000, 0.000000000000000000, -0.000000000000000000 ) ) ;
#866 = CARTESIAN_POINT ( 'NONE',  ( 32.20000000000000284, -102.6310474485224660, 4.000000000000019540 ) ) ;
#867 = VERTEX_POINT ( 'NONE', #389 ) ;
#868 = ORIENTED_EDGE ( 'NONE', *, *, #1053, .T. ) ;
#869 = CARTESIAN_POINT ( 'NONE',  ( 31.95503667149646176, -102.6310474485224660, 7.959754895554185694 ) ) ;
#870 = CARTESIAN_POINT ( 'NONE',  ( 12.20000000000000462, -112.0000000000000000, -3.999999999999989786 ) ) ;
#871 = DIRECTION ( 'NONE',  ( 0.000000000000000000, 0.000000000000000000, 1.000000000000000000 ) ) ;
#872 = ORIENTED_EDGE ( 'NONE', *, *, #532, .T. ) ;
#873 = ORIENTED_EDGE ( 'NONE', *, *, #75, .F. ) ;
#874 = CARTESIAN_POINT ( 'NONE',  ( 27.40000000000000924, -102.6310474485224660, 9.200000000000017053 ) ) ;
#875 = UNCERTAINTY_MEASURE_WITH_UNIT (LENGTH_MEASURE( 1.000000000000000082E-05 ), #87, 'distance_accuracy_value', 'NONE');
#876 = CARTESIAN_POINT ( 'NONE',  ( 32.20000000000000284, -116.0000000000000000, 0.5235987701441459086 ) ) ;
#877 = DIRECTION ( 'NONE',  ( 0.000000000000000000, 0.000000000000000000, 1.000000000000000000 ) ) ;
#878 = ORIENTED_EDGE ( 'NONE', *, *, #816, .T. ) ;
#879 = LINE ( 'NONE', #334, #927 ) ;
#880 = DIRECTION ( 'NONE',  ( 0.000000000000000000, 0.000000000000000000, 1.000000000000000000 ) ) ;
#881 = AXIS2_PLACEMENT_3D ( 'NONE', #874, #448, #1285 ) ;
#882 = EDGE_CURVE ( 'NONE', #899, #79, #645, .T. ) ;
#883 = ORIENTED_EDGE ( 'NONE', *, *, #1176, .F. ) ;
#884 = DIRECTION ( 'NONE',  ( 0.000000000000000000, 1.000000000000000000, 0.000000000000000000 ) ) ;
#885 = ADVANCED_FACE ( 'NONE', ( #834 ), #71, .F. ) ;
#886 = ADVANCED_FACE ( 'NONE', ( #728, #1148 ), #1242, .F. ) ;
#887 = B_SPLINE_CURVE_WITH_KNOTS ( 'NONE', 3,
 ( #1072, #700, #722, #1167 ),
 .UNSPECIFIED., .F., .F.,
 ( 4, 4 ),
 ( 0.4204052726507526150, 1.000000000000000000 ),
 .UNSPECIFIED. ) ;
#888 = CARTESIAN_POINT ( 'NONE',  ( 12.20000000000000639, -114.0144759164435300, -3.495145555504287849 ) ) ;
#889 = ORIENTED_EDGE ( 'NONE', *, *, #929, .F. ) ;
#890 = DIRECTION ( 'NONE',  ( -1.000000000000000000, 0.000000000000000000, 0.000000000000000000 ) ) ;
#891 = ADVANCED_FACE ( 'NONE', ( #1058 ), #746, .F. ) ;
#892 = CARTESIAN_POINT ( 'NONE',  ( 27.40000000000000213, -102.6310474485224660, -9.199999999999992184 ) ) ;
#893 = CARTESIAN_POINT ( 'NONE',  ( 30.68924686028022464, -102.6310474485224802, 12.79004907702354998 ) ) ;
#894 = CARTESIAN_POINT ( 'NONE',  ( 12.20000000000000639, -90.68104744852246313, 4.000000000000019540 ) ) ;
#895 = VERTEX_POINT ( 'NONE', #1360 ) ;
#896 = CARTESIAN_POINT ( 'NONE',  ( 29.20000000000000639, -99.63104744852249439, -13.99999999999999112 ) ) ;
#897 = PLANE ( 'NONE',  #4 ) ;
#898 = EDGE_CURVE ( 'NONE', #951, #177, #229, .T. ) ;
#899 = VERTEX_POINT ( 'NONE', #397 ) ;
#900 = DIRECTION ( 'NONE',  ( 0.000000000000000000, 0.000000000000000000, -1.000000000000000000 ) ) ;
#901 = VECTOR ( 'NONE', #377, 1000.000000000000000 ) ;
#902 = CARTESIAN_POINT ( 'NONE',  ( 12.20000000000000639, -102.6310474485224660, 4.000000000000019540 ) ) ;
#903 = ORIENTED_EDGE ( 'NONE', *, *, #453, .F. ) ;
#904 = CARTESIAN_POINT ( 'NONE',  ( 12.20000000000000639, -90.68104744852246313, 4.000000000000019540 ) ) ;
#905 = ORIENTED_EDGE ( 'NONE', *, *, #715, .F. ) ;
#906 = CARTESIAN_POINT ( 'NONE',  ( 29.20000000000000639, -102.6310474485224660, -13.99999999999999289 ) ) ;
#907 = VECTOR ( 'NONE', #275, 1000.000000000000000 ) ;
#908 = ADVANCED_FACE ( 'NONE', ( #1169 ), #1042, .T. ) ;
#909 = CARTESIAN_POINT ( 'NONE',  ( 12.20000000000000639, -107.8770158161742359, 4.000000000000022204 ) ) ;
#910 = CARTESIAN_POINT ( 'NONE',  ( 22.20000000000000284, -106.6310474485224660, 0.000000000000000000 ) ) ;
#911 = CARTESIAN_POINT ( 'NONE',  ( 32.20000000000000284, -112.5236931752464926, 3.999999999998189892 ) ) ;
#912 = EDGE_LOOP ( 'NONE', ( #118, #154, #785, #622 ) ) ;
#913 = CARTESIAN_POINT ( 'NONE',  ( 29.20000000000000639, -102.6310474485224660, -13.99999999999999289 ) ) ;
#914 = CARTESIAN_POINT ( 'NONE',  ( 30.35222050863200494, -102.6310474485224660, -13.23316322368404307 ) ) ;
#915 = CARTESIAN_POINT ( 'NONE',  ( 27.40000000000000924, -90.68104744852246313, 9.200000000000017053 ) ) ;
#916 = CARTESIAN_POINT ( 'NONE',  ( 32.20000000000000284, -114.4581868837557863, 3.198667365736043600 ) ) ;
#917 = B_SPLINE_CURVE_WITH_KNOTS ( 'NONE', 3,
 ( #736, #388, #833, #625 ),
 .UNSPECIFIED., .F., .F.,
 ( 4, 4 ),
 ( 0.000000000000000000, 0.4947581020591008683 ),
 .UNSPECIFIED. ) ;
#918 = ADVANCED_FACE ( 'NONE', ( #633 ), #1270, .F. ) ;
#919 = DIRECTION ( 'NONE',  ( 0.000000000000000000, 0.000000000000000000, 1.000000000000000000 ) ) ;
#920 = CARTESIAN_POINT ( 'NONE',  ( 29.20000000000000639, -102.6310474485224660, -13.99999999999999289 ) ) ;
#921 = AXIS2_PLACEMENT_3D ( 'NONE', #1291, #97, #564 ) ;
#922 = CARTESIAN_POINT ( 'NONE',  ( 15.20000000000000462, -85.75000000000000000, 14.00000000000001776 ) ) ;
#923 = CARTESIAN_POINT ( 'NONE',  ( 32.20000000000000284, -111.9999999999999858, -3.999999999999993339 ) ) ;
#924 =( BOUNDED_CURVE ( )  B_SPLINE_CURVE ( 2, ( #261, #357, #182 ),
 .UNSPECIFIED., .F., .F. ) 
 B_SPLINE_CURVE_WITH_KNOTS ( ( 3, 3 ),
 ( 0.000000000000000000, 1.000000000000000000 ),
 .UNSPECIFIED. ) 
 CURVE ( )  GEOMETRIC_REPRESENTATION_ITEM ( )  RATIONAL_B_SPLINE_CURVE ( ( 1.000000000000000000, 0.7071067811865475727, 1.000000000000000000 ) ) 
 REPRESENTATION_ITEM ( '' )  );
#925 = CIRCLE ( 'NONE', #881, 6.999999999999999112 ) ;
#926 = ORIENTED_EDGE ( 'NONE', *, *, #998, .T. ) ;
#927 = VECTOR ( 'NONE', #1292, 1000.000000000000000 ) ;
#928 = VERTEX_POINT ( 'NONE', #284 ) ;
#929 = EDGE_CURVE ( 'NONE', #330, #346, #174, .T. ) ;
#930 = CARTESIAN_POINT ( 'NONE',  ( 29.20000000000000639, -90.68104744852246313, 14.00000000000002309 ) ) ;
#931 = CARTESIAN_POINT ( 'NONE',  ( 29.94970530348263438, -102.6310474485224660, -13.76596100354232100 ) ) ;
#932 = FACE_OUTER_BOUND ( 'NONE', #333, .T. ) ;
#933 = CARTESIAN_POINT ( 'NONE',  ( 29.20000000000000284, -120.6036540931461758, -11.19533578007715313 ) ) ;
#934 = EDGE_LOOP ( 'NONE', ( #796, #197, #317, #163, #321, #1385 ) ) ;
#935 = DIRECTION ( 'NONE',  ( 0.000000000000000000, 0.000000000000000000, 1.000000000000000000 ) ) ;
#936 = CARTESIAN_POINT ( 'NONE',  ( 32.20000000000000284, -113.0469915424771870, 3.895890704586010500 ) ) ;
#937 = DIRECTION ( 'NONE',  ( 0.000000000000000000, -1.000000000000000000, 1.387778780781445676E-16 ) ) ;
#938 = PRESENTATION_STYLE_ASSIGNMENT (( #169 ) ) ;
#939 = CARTESIAN_POINT ( 'NONE',  ( 29.20000000000000284, -123.1953357800763058, 8.603654093147024895 ) ) ;
#940 = CARTESIAN_POINT ( 'NONE',  ( 17.00000000000000355, -90.68104744852246313, -16.19999999999999218 ) ) ;
#941 = CARTESIAN_POINT ( 'NONE',  ( 32.20000000000000284, -112.5236931752485390, -3.999999999998176126 ) ) ;
#942 = CARTESIAN_POINT ( 'NONE',  ( 12.20000000001136087, -124.2330094442625779, -7.050665707557335793 ) ) ;
#943 = VECTOR ( 'NONE', #89, 1000.000000000000000 ) ;
#944 = VECTOR ( 'NONE', #1005, 1000.000000000000000 ) ;
#945 = VECTOR ( 'NONE', #131, 1000.000000000000000 ) ;
#946 = ORIENTED_EDGE ( 'NONE', *, *, #965, .T. ) ;
#947 = CARTESIAN_POINT ( 'NONE',  ( 32.20000000000000284, -103.2499999999999574, 4.000000000000022204 ) ) ;
#948 = CARTESIAN_POINT ( 'NONE',  ( 27.40000000000000924, -90.68104744852246313, 16.20000000000001705 ) ) ;
#949 = CARTESIAN_POINT ( 'NONE',  ( 0.000000000000000000, -99.63104744852246597, 0.000000000000000000 ) ) ;
#950 = CARTESIAN_POINT ( 'NONE',  ( 12.20000000000046292, -115.6644703986701330, -13.63561746604878699 ) ) ;
#951 = VERTEX_POINT ( 'NONE', #757 ) ;
#952 = DIRECTION ( 'NONE',  ( 0.000000000000000000, 0.000000000000000000, -1.000000000000000000 ) ) ;
#953 = CARTESIAN_POINT ( 'NONE',  ( 32.20000000000000284, -90.68104744852246313, -3.999999999999993339 ) ) ;
#954 = FACE_OUTER_BOUND ( 'NONE', #818, .T. ) ;
#955 = CARTESIAN_POINT ( 'NONE',  ( 12.20000000000409202, -115.6644703986658698, 13.63561746605209457 ) ) ;
#956 = ORIENTED_EDGE ( 'NONE', *, *, #929, .T. ) ;
#957 = EDGE_CURVE ( 'NONE', #698, #996, #721, .T. ) ;
#958 = CARTESIAN_POINT ( 'NONE',  ( 32.20000000000000995, -103.2499999999999289, -14.00000000002275868 ) ) ;
#959 = CARTESIAN_POINT ( 'NONE',  ( 10.00000000000000533, -102.6310474485224660, -9.199999999999992184 ) ) ;
#960 = CARTESIAN_POINT ( 'NONE',  ( 27.20000000000000639, -112.0000000000000000, -11.24999999999998401 ) ) ;
#961 = CARTESIAN_POINT ( 'NONE',  ( 15.20000000000000462, -107.8770158161742074, 14.00000000000002309 ) ) ;
#962 = CARTESIAN_POINT ( 'NONE',  ( 12.20000000000000639, -114.0144759164435300, -3.495145555504287849 ) ) ;
#963 = ORIENTED_EDGE ( 'NONE', *, *, #433, .T. ) ;
#964 = CARTESIAN_POINT ( 'NONE',  ( 17.20000000000000639, -112.0000000000000000, 6.938893903907228378E-15 ) ) ;
#965 = EDGE_CURVE ( 'NONE', #1205, #302, #193, .T. ) ;
#966 = CARTESIAN_POINT ( 'NONE',  ( 14.01206451797509800, -102.6310474485224660, 13.18342552215059804 ) ) ;
#967 = CARTESIAN_POINT ( 'NONE',  ( 14.14013388614733557, -102.6310474485224518, -13.35524999120154632 ) ) ;
#968 = CARTESIAN_POINT ( 'NONE',  ( 27.40000000000000924, -102.6310474485224660, 16.20000000000001705 ) ) ;
#969 = CARTESIAN_POINT ( 'NONE',  ( 15.20000000000000462, -99.63104744852246597, 14.00000000000001776 ) ) ;
#970 = CARTESIAN_POINT ( 'NONE',  ( 12.20000000000000639, -114.4581868837564258, 3.198667365736173718 ) ) ;
#971 = ORIENTED_EDGE ( 'NONE', *, *, #60, .F. ) ;
#972 = CARTESIAN_POINT ( 'NONE',  ( 30.25986611385266301, -102.6310474485224660, 13.35524999120156764 ) ) ;
#973 = CARTESIAN_POINT ( 'NONE',  ( 12.20000000000000462, -90.68104744852244892, 14.00000000001201883 ) ) ;
#974 = DIRECTION ( 'NONE',  ( 0.000000000000000000, 1.000000000000000000, 0.000000000000000000 ) ) ;
#975 = CARTESIAN_POINT ( 'NONE',  ( 10.00000000000000888, -102.6310474485224660, 9.200000000000017053 ) ) ;
#976 = ORIENTED_EDGE ( 'NONE', *, *, #273, .F. ) ;
#977 = EDGE_CURVE ( 'NONE', #302, #867, #675, .T. ) ;
#978 = ORIENTED_EDGE ( 'NONE', *, *, #431, .T. ) ;
#979 = FACE_OUTER_BOUND ( 'NONE', #696, .T. ) ;
#980 = ORIENTED_EDGE ( 'NONE', *, *, #723, .F. ) ;
#981 = CARTESIAN_POINT ( 'NONE',  ( 29.67172868110347750, -102.6310474485224944, 13.91223537632806639 ) ) ;
#982 = EDGE_CURVE ( 'NONE', #1238, #928, #610, .T. ) ;
#983 = CARTESIAN_POINT ( 'NONE',  ( 15.20000000000000462, -99.63104744852246597, -13.99999999999999112 ) ) ;
#984 = ORIENTED_EDGE ( 'NONE', *, *, #532, .F. ) ;
#985 = CYLINDRICAL_SURFACE ( 'NONE', #859, 6.999999999999999112 ) ;
#986 = CARTESIAN_POINT ( 'NONE',  ( 15.20000000000000462, -113.8329261133687282, 14.00000000000001421 ) ) ;
#987 = DIRECTION ( 'NONE',  ( 0.000000000000000000, 0.000000000000000000, -1.000000000000000000 ) ) ;
#988 = CARTESIAN_POINT ( 'NONE',  ( 12.20000000000000639, -113.0469915424744158, 3.895890704586104647 ) ) ;
#989 = FACE_OUTER_BOUND ( 'NONE', #279, .T. ) ;
#990 = CARTESIAN_POINT ( 'NONE',  ( 17.20000000000000284, -112.0000000000000000, -13.99999999999998934 ) ) ;
#991 = VECTOR ( 'NONE', #1389, 1000.000000000000000 ) ;
#992 = CARTESIAN_POINT ( 'NONE',  ( 15.20000000000000462, -120.6036540931470427, -11.19533578007629160 ) ) ;
#993 = CARTESIAN_POINT ( 'NONE',  ( 32.20000000000000284, -116.0000000000000000, -0.5235987701441449094 ) ) ;
#994 = DIRECTION ( 'NONE',  ( 0.000000000000000000, 0.000000000000000000, 1.000000000000000000 ) ) ;
#995 = LINE ( 'NONE', #793, #145 ) ;
#996 = VERTEX_POINT ( 'NONE', #1404 ) ;
#997 = DIRECTION ( 'NONE',  ( 0.000000000000000000, 0.000000000000000000, -1.000000000000000000 ) ) ;
#998 = EDGE_CURVE ( 'NONE', #168, #1294, #693, .T. ) ;
#999 = B_SPLINE_CURVE_WITH_KNOTS ( 'NONE', 3,
 ( #1047, #164, #609, #1352 ),
 .UNSPECIFIED., .F., .F.,
 ( 4, 4 ),
 ( 0.4204052726507522819, 1.000000000000000000 ),
 .UNSPECIFIED. ) ;
#1000 = ADVANCED_FACE ( 'NONE', ( #1142 ), #1318, .F. ) ;
#1001 = DIRECTION ( 'NONE',  ( -1.000000000000000000, -0.000000000000000000, 0.000000000000000000 ) ) ;
#1002 = VERTEX_POINT ( 'NONE', #566 ) ;
#1003 = LINE ( 'NONE', #447, #991 ) ;
#1004 = ORIENTED_EDGE ( 'NONE', *, *, #178, .T. ) ;
#1005 = DIRECTION ( 'NONE',  ( 1.885568995626963301E-16, 0.000000000000000000, 1.000000000000000000 ) ) ;
#1006 = ORIENTED_EDGE ( 'NONE', *, *, #327, .T. ) ;
#1007 = CLOSED_SHELL ( 'NONE', ( #384, #101, #908, #671, #703, #376, #374, #252, #1133, #392, #733, #117, #885, #766, #1204, #1162, #391, #16 ) ) ;
#1008 = CARTESIAN_POINT ( 'NONE',  ( 31.98458073134511537, -102.6310474485224660, 7.721040210471385556 ) ) ;
#1009 = CARTESIAN_POINT ( 'NONE',  ( 12.20000000000000995, -102.6310474485224802, 4.635708978251175338 ) ) ;
#1010 = ORIENTED_EDGE ( 'NONE', *, *, #760, .F. ) ;
#1011 =( BOUNDED_CURVE ( )  B_SPLINE_CURVE ( 2, ( #1193, #1087, #77 ),
 .UNSPECIFIED., .F., .F. ) 
 B_SPLINE_CURVE_WITH_KNOTS ( ( 3, 3 ),
 ( 0.000000000000000000, 0.01095360046372428550 ),
 .UNSPECIFIED. ) 
 CURVE ( )  GEOMETRIC_REPRESENTATION_ITEM ( )  RATIONAL_B_SPLINE_CURVE ( ( 1.000000000000000000, 0.7071067811865475727, 1.000000000000000000 ) ) 
 REPRESENTATION_ITEM ( '' )  );
#1012 = DIRECTION ( 'NONE',  ( 0.000000000000000000, 1.000000000000000000, 0.000000000000000000 ) ) ;
#1013 = CARTESIAN_POINT ( 'NONE',  ( 32.20000000000000284, -115.4951455555020345, 2.014475916444622872 ) ) ;
#1014 = ORIENTED_EDGE ( 'NONE', *, *, #1107, .F. ) ;
#1015 = CARTESIAN_POINT ( 'NONE',  ( 32.20000000000000995, -102.6310474485224802, 14.00000000000002132 ) ) ;
#1016 = CARTESIAN_POINT ( 'NONE',  ( 31.99805565791419326, -102.6310474485225086, -7.606983679584921276 ) ) ;
#1017 = CARTESIAN_POINT ( 'NONE',  ( 29.20000000000000284, -112.0000000000000000, 14.00000000000000888 ) ) ;
#1018 = CARTESIAN_POINT ( 'NONE',  ( 32.20000000000000284, -115.1986673657359574, -2.458186883756189989 ) ) ;
#1019 = CARTESIAN_POINT ( 'NONE',  ( 17.00000000000000711, -90.68104744852246313, 16.20000000000001705 ) ) ;
#1020 = ORIENTED_EDGE ( 'NONE', *, *, #402, .F. ) ;
#1021 = CARTESIAN_POINT ( 'NONE',  ( 32.17367061289842667, -102.6310474485224944, -5.572609098866037058 ) ) ;
#1022 = ORIENTED_EDGE ( 'NONE', *, *, #408, .F. ) ;
#1023 = DIRECTION ( 'NONE',  ( 0.000000000000000000, 1.000000000000000000, 0.000000000000000000 ) ) ;
#1024 = ORIENTED_EDGE ( 'NONE', *, *, #898, .T. ) ;
#1025 = APPLICATION_CONTEXT ( 'automotive_design' ) ;
#1026 = CARTESIAN_POINT ( 'NONE',  ( 12.20000000000000639, -99.63104744852248018, 4.000000000000018652 ) ) ;
#1027 = AXIS2_PLACEMENT_3D ( 'NONE', #353, #803, #919 ) ;
#1028 = FACE_OUTER_BOUND ( 'NONE', #499, .T. ) ;
#1029 = CARTESIAN_POINT ( 'NONE',  ( 32.20000000000000995, -124.2330094442625779, -7.050665707555030970 ) ) ;
#1030 = VECTOR ( 'NONE', #259, 1000.000000000000000 ) ;
#1031 = EDGE_CURVE ( 'NONE', #325, #698, #1149, .T. ) ;
#1032 = CARTESIAN_POINT ( 'NONE',  ( 27.40000000000000213, -102.6310474485224660, -16.19999999999999218 ) ) ;
#1033 = EDGE_LOOP ( 'NONE', ( #58, #878, #1024, #1084 ) ) ;
#1034 = CARTESIAN_POINT ( 'NONE',  ( 15.20000000000000462, -94.49999999999990052, 14.00000000000001954 ) ) ;
#1035 = CARTESIAN_POINT ( 'NONE',  ( 29.20000000000000284, -113.8329261133687282, -14.00000000000000000 ) ) ;
#1036 = DIRECTION ( 'NONE',  ( 0.000000000000000000, 0.000000000000000000, -1.000000000000000000 ) ) ;
#1037 = CARTESIAN_POINT ( 'NONE',  ( 29.20000000000000284, -119.0506657075604835, -12.23300944426305747 ) ) ;
#1038 = ORIENTED_EDGE ( 'NONE', *, *, #715, .T. ) ;
#1039 = CARTESIAN_POINT ( 'NONE',  ( 32.20000000000000284, -90.68104744852246313, 4.000000000000019540 ) ) ;
#1040 = CARTESIAN_POINT ( 'NONE',  ( 10.00000000000000888, -102.6310474485224660, 16.20000000000001705 ) ) ;
#1041 = CARTESIAN_POINT ( 'NONE',  ( -4.999999999999997335, -112.0000000000000000, 14.00000000000000888 ) ) ;
#1042 = PLANE ( 'NONE',  #484 ) ;
#1043 = CARTESIAN_POINT ( 'NONE',  ( 12.20000000000000639, -112.5236931752485390, 3.999999999998189892 ) ) ;
#1044 = DIRECTION ( 'NONE',  ( 9.912705577010326536E-16, 0.000000000000000000, 1.000000000000000000 ) ) ;
#1045 = CARTESIAN_POINT ( 'NONE',  ( 32.20000000000000995, -85.75000000000000000, 14.00000000000001954 ) ) ;
#1046 = ORIENTED_EDGE ( 'NONE', *, *, #1298, .F. ) ;
#1047 = CARTESIAN_POINT ( 'NONE',  ( 29.20000000000000639, -99.63104744852246597, 14.00000000000001954 ) ) ;
#1048 = DIRECTION ( 'NONE',  ( 0.000000000000000000, -0.000000000000000000, 1.000000000000000000 ) ) ;
#1049 = CARTESIAN_POINT ( 'NONE',  ( 12.19999999999997442, -120.6036540931470142, -11.19533578007584396 ) ) ;
#1050 = CIRCLE ( 'NONE', #437, 6.999999999999999112 ) ;
#1051 = EDGE_LOOP ( 'NONE', ( #817, #378, #841, #771 ) ) ;
#1052 = CIRCLE ( 'NONE', #1152, 3.500000000000000000 ) ;
#1053 = EDGE_CURVE ( 'NONE', #1104, #773, #1249, .T. ) ;
#1054 =( BOUNDED_SURFACE ( )  B_SPLINE_SURFACE ( 2, 1, ( 
 ( #1228, #930 ),
 ( #1015, #1335 ),
 ( #232, #31 ) ),
 .UNSPECIFIED., .F., .F., .T. ) 
 B_SPLINE_SURFACE_WITH_KNOTS ( ( 3, 3 ),
 ( 2, 2 ),
 ( 0.000000000000000000, 1.000000000000000000 ),
 ( 0.000000000000000000, 1.000000000000000000 ),
 .UNSPECIFIED. ) 
 GEOMETRIC_REPRESENTATION_ITEM ( )  RATIONAL_B_SPLINE_SURFACE ( (
 ( 1.000000000000000000, 1.000000000000000000),
 ( 0.7071067811865475727, 0.7071067811865475727),
 ( 1.000000000000000000, 1.000000000000000000) ) ) 
 REPRESENTATION_ITEM ( '' )  SURFACE ( )  );
#1055 = CARTESIAN_POINT ( 'NONE',  ( 12.40626400715717992, -102.6310474485224375, 7.643981660404526757 ) ) ;
#1056 = ORIENTED_EDGE ( 'NONE', *, *, #1191, .F. ) ;
#1057 = DIRECTION ( 'NONE',  ( -1.000000000000000000, 0.000000000000000000, 0.000000000000000000 ) ) ;
#1058 = FACE_OUTER_BOUND ( 'NONE', #49, .T. ) ;
#1059 = CARTESIAN_POINT ( 'NONE',  ( 15.20000000000000462, -113.8329261133624044, -13.99999999999999289 ) ) ;
#1060 = VERTEX_POINT ( 'NONE', #896 ) ;
#1061 = FACE_OUTER_BOUND ( 'NONE', #156, .T. ) ;
#1062 =( BOUNDED_SURFACE ( )  B_SPLINE_SURFACE ( 2, 3, ( 
 ( #724, #1163, #420, #524 ),
 ( #40, #958, #1346, #1273 ),
 ( #1256, #179, #611, #1370 ) ),
 .UNSPECIFIED., .F., .F., .T. ) 
 B_SPLINE_SURFACE_WITH_KNOTS ( ( 3, 3 ),
 ( 4, 4 ),
 ( 0.000000000000000000, 1.000000000000000000 ),
 ( 0.01399999999999999856, 0.04025000000000000799 ),
 .UNSPECIFIED. ) 
 GEOMETRIC_REPRESENTATION_ITEM ( )  RATIONAL_B_SPLINE_SURFACE ( (
 ( 1.000000000000000000, 1.000000000000000000, 1.000000000000000000, 1.000000000000000000),
 ( 0.7071067811865475727, 0.7071067811865475727, 0.7071067811865475727, 0.7071067811865475727),
 ( 1.000000000000000000, 1.000000000000000000, 1.000000000000000000, 1.000000000000000000) ) ) 
 REPRESENTATION_ITEM ( '' )  SURFACE ( )  );
#1063 = CARTESIAN_POINT ( 'NONE',  ( 15.20000000000000462, -112.0000000000000000, -13.99999999999999289 ) ) ;
#1064 = CARTESIAN_POINT ( 'NONE',  ( 32.20000000000000284, -102.6310474485224660, -3.999999999999993339 ) ) ;
#1065 = CARTESIAN_POINT ( 'NONE',  ( 34.39999999999999858, -102.6310474485224660, -16.19999999999999218 ) ) ;
#1066 = CARTESIAN_POINT ( 'NONE',  ( 12.20000000000000462, -113.8329261133657582, 13.99999999999410250 ) ) ;
#1067 = VERTEX_POINT ( 'NONE', #306 ) ;
#1068 = DIRECTION ( 'NONE',  ( -0.000000000000000000, -1.000000000000000000, -0.000000000000000000 ) ) ;
#1069 = CARTESIAN_POINT ( 'NONE',  ( 12.40825393915792674, -102.6310474485224518, 7.660894666002622699 ) ) ;
#1070 = VERTEX_POINT ( 'NONE', #778 ) ;
#1071 = CARTESIAN_POINT ( 'NONE',  ( 32.20000000000000284, -85.75000000000000000, 4.000000000000017764 ) ) ;
#1072 = CARTESIAN_POINT ( 'NONE',  ( 15.20000000000000462, -99.63104744852246597, -13.99999999999999112 ) ) ;
#1073 = CARTESIAN_POINT ( 'NONE',  ( 15.20000000000000462, -99.63104744852246597, -13.99999999999999112 ) ) ;
#1074 = CARTESIAN_POINT ( 'NONE',  ( 32.20000000000000284, -102.6310474485224660, 4.000000000000019540 ) ) ;
#1075 = CARTESIAN_POINT ( 'NONE',  ( 12.20000000000000639, -115.8958907045846303, 1.046991542476050974 ) ) ;
#1076 = ORIENTED_EDGE ( 'NONE', *, *, #750, .F. ) ;
#1077 = VECTOR ( 'NONE', #1383, 1000.000000000000000 ) ;
#1078 = CARTESIAN_POINT ( 'NONE',  ( 12.42025480960590755, -102.6310474485225086, -7.761020427113754394 ) ) ;
#1079 = VECTOR ( 'NONE', #784, 1000.000000000000000 ) ;
#1080 = DIRECTION ( 'NONE',  ( 0.000000000000000000, 1.000000000000000000, 0.000000000000000000 ) ) ;
#1081 = CARTESIAN_POINT ( 'NONE',  ( 27.40000000000000213, -90.68104744852246313, -9.199999999999992184 ) ) ;
#1082 = ORIENTED_EDGE ( 'NONE', *, *, #489, .F. ) ;
#1083 = CARTESIAN_POINT ( 'NONE',  ( 15.20000000000000462, -125.6356174660510305, 3.664470398666663797 ) ) ;
#1084 = ORIENTED_EDGE ( 'NONE', *, *, #103, .T. ) ;
#1085 = CARTESIAN_POINT ( 'NONE',  ( 32.20000000000000284, -115.8958907045846303, -1.046991542476037207 ) ) ;
#1086 = EDGE_CURVE ( 'NONE', #1294, #255, #220, .T. ) ;
#1087 = CARTESIAN_POINT ( 'NONE',  ( 32.20000000000000284, -99.63104744852246597, 14.00000000000002132 ) ) ;
#1088 = ORIENTED_EDGE ( 'NONE', *, *, #1191, .T. ) ;
#1089 = DIRECTION ( 'NONE',  ( 0.000000000000000000, 0.000000000000000000, 1.000000000000000000 ) ) ;
#1090 = VERTEX_POINT ( 'NONE', #975 ) ;
#1091 = CARTESIAN_POINT ( 'NONE',  ( 32.20000000000000284, -112.5236931752464926, 3.999999999998189892 ) ) ;
#1092 = ORIENTED_EDGE ( 'NONE', *, *, #402, .T. ) ;
#1093 = DIRECTION ( 'NONE',  ( 0.000000000000000000, 0.000000000000000000, 1.000000000000000000 ) ) ;
#1094 = VECTOR ( 'NONE', #1080, 1000.000000000000000 ) ;
#1095 = ORIENTED_EDGE ( 'NONE', *, *, #399, .T. ) ;
#1096 = EDGE_CURVE ( 'NONE', #669, #547, #1011, .T. ) ;
#1097 = DIRECTION ( 'NONE',  ( 0.000000000000000000, 0.000000000000000000, -1.000000000000000000 ) ) ;
#1098 = CARTESIAN_POINT ( 'NONE',  ( 0.000000000000000000, 0.000000000000000000, 0.000000000000000000 ) ) ;
#1099 = AXIS2_PLACEMENT_3D ( 'NONE', #1098, #994, #1199 ) ;
#1100 = DIRECTION ( 'NONE',  ( -1.239088197126290570E-16, 0.000000000000000000, -1.000000000000000000 ) ) ;
#1101 = ADVANCED_FACE ( 'NONE', ( #1187 ), #318, .F. ) ;
#1102 = ORIENTED_EDGE ( 'NONE', *, *, #977, .F. ) ;
#1103 = CARTESIAN_POINT ( 'NONE',  ( 32.20000000000000284, -113.0469915424771870, 3.895890704586010500 ) ) ;
#1104 = VERTEX_POINT ( 'NONE', #82 ) ;
#1105 = CARTESIAN_POINT ( 'NONE',  ( 22.20000000000000284, -99.63104744852246597, 0.000000000000000000 ) ) ;
#1106 = PLANE ( 'NONE',  #1153 ) ;
#1107 = EDGE_CURVE ( 'NONE', #1343, #10, #99, .T. ) ;
#1108 = CARTESIAN_POINT ( 'NONE',  ( 12.20000000000000639, -90.68104744852243471, -3.999999999999993339 ) ) ;
#1109 =( NAMED_UNIT ( * ) SI_UNIT ( $, .STERADIAN. ) SOLID_ANGLE_UNIT ( ) );
#1110 = ORIENTED_EDGE ( 'NONE', *, *, #739, .F. ) ;
#1111 = CARTESIAN_POINT ( 'NONE',  ( 32.20000000000000995, -126.0000000000000000, 1.832595695504493749 ) ) ;
#1112 = CIRCLE ( 'NONE', #1306, 6.999999999999999112 ) ;
#1113 = EDGE_CURVE ( 'NONE', #1238, #461, #567, .T. ) ;
#1114 = CARTESIAN_POINT ( 'NONE',  ( 15.20000000000000462, -112.0000000000000000, 14.00000000000000888 ) ) ;
#1115 = ORIENTED_EDGE ( 'NONE', *, *, #965, .F. ) ;
#1116 = CARTESIAN_POINT ( 'NONE',  ( 29.20000000000000284, -126.0000000000000000, -1.832595695504522615 ) ) ;
#1117 = FACE_OUTER_BOUND ( 'NONE', #934, .T. ) ;
#1118 = PLANE ( 'NONE',  #594 ) ;
#1119 = ORIENTED_EDGE ( 'NONE', *, *, #591, .F. ) ;
#1120 = CARTESIAN_POINT ( 'NONE',  ( 27.40000000000000924, -102.6310474485224660, 16.20000000000001705 ) ) ;
#1121 = CARTESIAN_POINT ( 'NONE',  ( 29.20000000000000639, -99.63104744852249439, -13.99999999999999112 ) ) ;
#1122 = ORIENTED_EDGE ( 'NONE', *, *, #898, .F. ) ;
#1123 = LINE ( 'NONE', #137, #665 ) ;
#1124 =( NAMED_UNIT ( * ) SI_UNIT ( $, .STERADIAN. ) SOLID_ANGLE_UNIT ( ) );
#1125 = CARTESIAN_POINT ( 'NONE',  ( 15.20000000000000462, -85.75000000000000000, -13.99999999999999467 ) ) ;
#1126 = CARTESIAN_POINT ( 'NONE',  ( 32.20000000000000284, -99.63104744852246597, -3.999999999999991562 ) ) ;
#1127 = DIRECTION ( 'NONE',  ( -2.478176394252581141E-16, 0.000000000000000000, 1.000000000000000000 ) ) ;
#1128 = CARTESIAN_POINT ( 'NONE',  ( 32.09687656718544702, -102.6310474485224802, -6.636498382832997756 ) ) ;
#1129 = AXIS2_PLACEMENT_3D ( 'NONE', #288, #1068, #1044 ) ;
#1130 = CARTESIAN_POINT ( 'NONE',  ( 29.20000000000000284, -123.1953357800772011, -8.603654093146115400 ) ) ;
#1131 = EDGE_CURVE ( 'NONE', #1313, #1313, #579, .T. ) ;
#1132 = AXIS2_PLACEMENT_3D ( 'NONE', #670, #560, #460 ) ;
#1133 = ADVANCED_FACE ( 'NONE', ( #457 ), #326, .F. ) ;
#1134 = CARTESIAN_POINT ( 'NONE',  ( 29.20000000000000284, -126.0000000000000000, -1.832595695504522615 ) ) ;
#1135 = CARTESIAN_POINT ( 'NONE',  ( 12.20000000000000639, -111.9999999999999858, -3.999999999999991562 ) ) ;
#1136 = CARTESIAN_POINT ( 'NONE',  ( 12.20000000000000462, -99.63104744852242334, 14.00000000001201883 ) ) ;
#1137 = EDGE_CURVE ( 'NONE', #290, #346, #443, .T. ) ;
#1138 = CARTESIAN_POINT ( 'NONE',  ( 14.08463528302679002, -102.6310474485224518, 13.28325557334931162 ) ) ;
#1139 = CARTESIAN_POINT ( 'NONE',  ( 40.40000000000000568, -99.63104744852246597, -13.99999999999998757 ) ) ;
#1140 = DIRECTION ( 'NONE',  ( 1.000000000000000000, 0.000000000000000000, 0.000000000000000000 ) ) ;
#1141 = CARTESIAN_POINT ( 'NONE',  ( 12.20000000000000462, -112.0000000000000000, -3.999999999999989786 ) ) ;
#1142 = FACE_OUTER_BOUND ( 'NONE', #749, .T. ) ;
#1143 = CARTESIAN_POINT ( 'NONE',  ( 88.99797974644665999, -112.0000000000000000, 6.938893903907228378E-15 ) ) ;
#1144 = CARTESIAN_POINT ( 'NONE',  ( 12.38087740409894089, -102.6310474485224375, 7.421657470979211801 ) ) ;
#1145 = SURFACE_STYLE_FILL_AREA ( #386 ) ;
#1146 = CARTESIAN_POINT ( 'NONE',  ( 14.17351542633933370, -102.6310474485224802, -13.39707531967021303 ) ) ;
#1147 = LINE ( 'NONE', #642, #1077 ) ;
#1148 = FACE_OUTER_BOUND ( 'NONE', #361, .T. ) ;
#1149 = LINE ( 'NONE', #866, #716 ) ;
#1150 = CIRCLE ( 'NONE', #554, 14.00000000000000000 ) ;
#1151 = VERTEX_POINT ( 'NONE', #904 ) ;
#1152 = AXIS2_PLACEMENT_3D ( 'NONE', #95, #1206, #1289 ) ;
#1153 = AXIS2_PLACEMENT_3D ( 'NONE', #906, #1100, #345 ) ;
#1154 = CARTESIAN_POINT ( 'NONE',  ( 32.20000000000000284, -102.6310474485224660, -3.999999999999993339 ) ) ;
#1155 = CARTESIAN_POINT ( 'NONE',  ( 14.45029469651764131, -102.6310474485224660, 13.76596100354264252 ) ) ;
#1156 = ORIENTED_EDGE ( 'NONE', *, *, #545, .T. ) ;
#1157 = CARTESIAN_POINT ( 'NONE',  ( 12.55945470418991050, -102.6310474485224660, -8.770889097148835134 ) ) ;
#1158 = LINE ( 'NONE', #632, #1219 ) ;
#1159 = DIRECTION ( 'NONE',  ( 0.000000000000000000, -0.000000000000000000, 1.000000000000000000 ) ) ;
#1160 = CARTESIAN_POINT ( 'NONE',  ( 15.20000000000000462, -113.8329261133687282, 14.00000000000001421 ) ) ;
#1161 = EDGE_CURVE ( 'NONE', #1294, #307, #1003, .T. ) ;
#1162 = ADVANCED_FACE ( 'NONE', ( #989 ), #985, .T. ) ;
#1163 = CARTESIAN_POINT ( 'NONE',  ( 29.20000000000000639, -103.2500000000000995, -13.99999999999999289 ) ) ;
#1164 = CARTESIAN_POINT ( 'NONE',  ( 12.30312343281456222, -102.6310474485224802, 6.636498382853080358 ) ) ;
#1165 = EDGE_LOOP ( 'NONE', ( #124, #344, #679, #694 ) ) ;
#1166 = CARTESIAN_POINT ( 'NONE',  ( 14.11790544185449114, -102.6310474485224518, -13.32690933147413581 ) ) ;
#1167 = CARTESIAN_POINT ( 'NONE',  ( 15.20000000000000462, -112.0000000000000000, -13.99999999999999289 ) ) ;
#1168 = DIRECTION ( 'NONE',  ( 0.000000000000000000, -0.000000000000000000, 1.000000000000000000 ) ) ;
#1169 = FACE_OUTER_BOUND ( 'NONE', #811, .T. ) ;
#1170 = CARTESIAN_POINT ( 'NONE',  ( 12.19999999999955342, -119.0506657075523833, -12.23300944426723547 ) ) ;
#1171 = CARTESIAN_POINT ( 'NONE',  ( 12.73895879324324376, -102.6310474485224802, -9.793393236929071932 ) ) ;
#1172 = CARTESIAN_POINT ( 'NONE',  ( 32.20000000000000284, -115.1986673657366111, 2.458186883756347196 ) ) ;
#1173 = CARTESIAN_POINT ( 'NONE',  ( 15.20000000000000462, -125.6356174660510305, 3.664470398666663797 ) ) ;
#1174 = ORIENTED_EDGE ( 'NONE', *, *, #545, .F. ) ;
#1175 = CARTESIAN_POINT ( 'NONE',  ( 15.20000000000000462, -125.6356174660521532, -3.664470398663973949 ) ) ;
#1176 = EDGE_CURVE ( 'NONE', #255, #1209, #995, .T. ) ;
#1177 =( NAMED_UNIT ( * ) SI_UNIT ( $, .STERADIAN. ) SOLID_ANGLE_UNIT ( ) );
#1178 = ORIENTED_EDGE ( 'NONE', *, *, #680, .F. ) ;
#1179 = VECTOR ( 'NONE', #552, 1000.000000000000000 ) ;
#1180 = CARTESIAN_POINT ( 'NONE',  ( 10.00000000000000533, -102.6310474485224660, -9.199999999999992184 ) ) ;
#1181 = APPLICATION_PROTOCOL_DEFINITION ( 'draft international standard', 'automotive_design', 1998, #1025 ) ;
#1182 = DIRECTION ( 'NONE',  ( 0.000000000000000000, 1.000000000000000000, 0.000000000000000000 ) ) ;
#1183 = ORIENTED_EDGE ( 'NONE', *, *, #882, .T. ) ;
#1184 = DIRECTION ( 'NONE',  ( -0.000000000000000000, -1.000000000000000000, -0.000000000000000000 ) ) ;
#1185 = ORIENTED_EDGE ( 'NONE', *, *, #1278, .F. ) ;
#1186 = CARTESIAN_POINT ( 'NONE',  ( 32.20000000000000284, -115.4951455555020345, 2.014475916444622872 ) ) ;
#1187 = FACE_OUTER_BOUND ( 'NONE', #794, .T. ) ;
#1188 =( BOUNDED_CURVE ( )  B_SPLINE_CURVE ( 2, ( #734, #1257, #458 ),
 .UNSPECIFIED., .F., .F. ) 
 B_SPLINE_CURVE_WITH_KNOTS ( ( 3, 3 ),
 ( 0.000000000000000000, 1.000000000000000000 ),
 .UNSPECIFIED. ) 
 CURVE ( )  GEOMETRIC_REPRESENTATION_ITEM ( )  RATIONAL_B_SPLINE_CURVE ( ( 1.000000000000000000, 0.7071067811865475727, 1.000000000000000000 ) ) 
 REPRESENTATION_ITEM ( '' )  );
#1189 = ORIENTED_EDGE ( 'NONE', *, *, #237, .F. ) ;
#1190 = CARTESIAN_POINT ( 'NONE',  ( 15.20000000000000462, -90.68104744852246313, -13.99999999999999289 ) ) ;
#1191 = EDGE_CURVE ( 'NONE', #307, #895, #463, .T. ) ;
#1192 = CARTESIAN_POINT ( 'NONE',  ( 34.40000000000000568, -102.6310474485224660, 9.200000000000015277 ) ) ;
#1193 = CARTESIAN_POINT ( 'NONE',  ( 32.20000000000000284, -99.63104744852246597, 4.000000000000019540 ) ) ;
#1194 = LINE ( 'NONE', #553, #442 ) ;
#1195 = AXIS2_PLACEMENT_3D ( 'NONE', #581, #1127, #598 ) ;
#1196 = EDGE_LOOP ( 'NONE', ( #223, #1221, #1279, #187, #314, #1245, #109, #1095 ) ) ;
#1197 = CARTESIAN_POINT ( 'NONE',  ( 31.84054529579832149, -102.6310474485224660, 8.770889097193201422 ) ) ;
#1198 = CARTESIAN_POINT ( 'NONE',  ( 12.20000000000000639, -112.5236931752485390, 3.999999999998189892 ) ) ;
#1199 = DIRECTION ( 'NONE',  ( 1.000000000000000000, 0.000000000000000000, 0.000000000000000000 ) ) ;
#1200 = DIRECTION ( 'NONE',  ( 0.000000000000000000, 1.000000000000000000, 0.000000000000000000 ) ) ;
#1201 = MECHANICAL_DESIGN_GEOMETRIC_PRESENTATION_REPRESENTATION (  '', ( #1378 ), #1288 ) ;
#1202 = VECTOR ( 'NONE', #266, 1000.000000000000000 ) ;
#1203 = CARTESIAN_POINT ( 'NONE',  ( 15.20000000000000462, -112.0000000000000000, -13.99999999999999289 ) ) ;
#1204 = ADVANCED_FACE ( 'NONE', ( #1397 ), #1283, .T. ) ;
#1205 = VERTEX_POINT ( 'NONE', #139 ) ;
#1206 = DIRECTION ( 'NONE',  ( 0.000000000000000000, 1.000000000000000000, 0.000000000000000000 ) ) ;
#1207 = CARTESIAN_POINT ( 'NONE',  ( 12.20000000000000462, -102.6310474485224802, -13.99999999999999467 ) ) ;
#1208 = APPLICATION_PROTOCOL_DEFINITION ( 'draft international standard', 'automotive_design', 1998, #639 ) ;
#1209 = VERTEX_POINT ( 'NONE', #113 ) ;
#1210 = CARTESIAN_POINT ( 'NONE',  ( 32.20000000000000995, -113.8329261133657582, -13.99999999999408828 ) ) ;
#1211 = EDGE_CURVE ( 'NONE', #1393, #996, #689, .T. ) ;
#1212 = CARTESIAN_POINT ( 'NONE',  ( 32.20000000000000284, -102.6310474485224660, 4.000000000000019540 ) ) ;
#1213 = FACE_OUTER_BOUND ( 'NONE', #850, .T. ) ;
#1214 = VERTEX_POINT ( 'NONE', #171 ) ;
#1215 = CARTESIAN_POINT ( 'NONE',  ( 12.20000000000000462, -94.50000000000007105, 14.00000000000001954 ) ) ;
#1216 = CARTESIAN_POINT ( 'NONE',  ( 32.20000000000000284, -99.63104744852242334, -14.00000000000899192 ) ) ;
#1217 =( BOUNDED_CURVE ( )  B_SPLINE_CURVE ( 2, ( #149, #354, #590 ),
 .UNSPECIFIED., .F., .F. ) 
 B_SPLINE_CURVE_WITH_KNOTS ( ( 3, 3 ),
 ( 0.000000000000000000, 1.000000000000000000 ),
 .UNSPECIFIED. ) 
 CURVE ( )  GEOMETRIC_REPRESENTATION_ITEM ( )  RATIONAL_B_SPLINE_CURVE ( ( 1.000000000000000000, 0.7071067811865475727, 1.000000000000000000 ) ) 
 REPRESENTATION_ITEM ( '' )  );
#1218 = ORIENTED_EDGE ( 'NONE', *, *, #711, .T. ) ;
#1219 = VECTOR ( 'NONE', #527, 1000.000000000000000 ) ;
#1220 = PLANE ( 'NONE',  #851 ) ;
#1221 = ORIENTED_EDGE ( 'NONE', *, *, #591, .T. ) ;
#1222 = CARTESIAN_POINT ( 'NONE',  ( 14.72827131889634167, -102.6310474485224518, -13.91223537632802731 ) ) ;
#1223 = CARTESIAN_POINT ( 'NONE',  ( 12.20000000000000462, -103.2499999999999432, 14.00000000003038103 ) ) ;
#1224 = CARTESIAN_POINT ( 'NONE',  ( 32.20000000000004547, -120.6036540931457353, -11.19533578007670371 ) ) ;
#1225 = VECTOR ( 'NONE', #772, 1000.000000000000000 ) ;
#1226 = MANIFOLD_SOLID_BREP ( 'Cut-Extrude4', #1349 ) ;
#1227 = ORIENTED_EDGE ( 'NONE', *, *, #176, .F. ) ;
#1228 = CARTESIAN_POINT ( 'NONE',  ( 29.20000000000000639, -102.6310474485224660, 14.00000000000002309 ) ) ;
#1229 = CARTESIAN_POINT ( 'NONE',  ( 12.20000000000000639, -85.75000000000000000, 4.000000000000017764 ) ) ;
#1230 = CARTESIAN_POINT ( 'NONE',  ( 29.20000000000000284, -119.0506657075522696, 12.23300944426648584 ) ) ;
#1231 = ORIENTED_EDGE ( 'NONE', *, *, #273, .T. ) ;
#1232 = ORIENTED_EDGE ( 'NONE', *, *, #998, .F. ) ;
#1233 = DIRECTION ( 'NONE',  ( 0.000000000000000000, 0.000000000000000000, 1.000000000000000000 ) ) ;
#1234 = FACE_OUTER_BOUND ( 'NONE', #17, .T. ) ;
#1235 = PLANE ( 'NONE',  #765 ) ;
#1236 = CARTESIAN_POINT ( 'NONE',  ( 32.20000000000004547, -120.6036540931470142, 11.19533578007585639 ) ) ;
#1237 = CARTESIAN_POINT ( 'NONE',  ( 12.35303956252798940, -102.6310474485224660, 7.161152810636640886 ) ) ;
#1238 = VERTEX_POINT ( 'NONE', #613 ) ;
#1239 = CARTESIAN_POINT ( 'NONE',  ( 15.20000000000000462, -102.6310474485224660, 14.00000000000001954 ) ) ;
#1240 = CARTESIAN_POINT ( 'NONE',  ( 15.20000000000000462, -102.6310474485224660, 14.00000000000001954 ) ) ;
#1241 = CARTESIAN_POINT ( 'NONE',  ( 12.20000000000000462, -112.0000000000000142, 14.00000000000002487 ) ) ;
#1242 = CYLINDRICAL_SURFACE ( 'NONE', #672, 3.500000000000000000 ) ;
#1243 = EDGE_CURVE ( 'NONE', #698, #305, #1250, .T. ) ;
#1244 = EDGE_CURVE ( 'NONE', #1307, #1, #1217, .T. ) ;
#1245 = ORIENTED_EDGE ( 'NONE', *, *, #1278, .T. ) ;
#1246 = CARTESIAN_POINT ( 'NONE',  ( 32.20000000000000284, -102.6310474485224660, 4.000000000000019540 ) ) ;
#1247 = LINE ( 'NONE', #536, #42 ) ;
#1248 = PLANE ( 'NONE',  #142 ) ;
#1249 = LINE ( 'NONE', #1254, #907 ) ;
#1250 = B_SPLINE_CURVE_WITH_KNOTS ( 'NONE', 3,
 ( #234, #719, #1021, #1128, #582, #1330, #821, #1016, #799, #249, #710, #705, #11, #1342, #473, #20, #488, #914, #140, #1322, #931, #479, #920 ),
 .UNSPECIFIED., .F., .F.,
 ( 4, 1, 1, 1, 1, 1, 2, 2, 2, 1, 1, 1, 1, 2, 2, 4 ),
 ( 0.000000000000000000, 0.1250000000000013323, 0.1875000000000020539, 0.2187500000000023592, 0.2343750000000024980, 0.2421875000000025813, 0.2460937500000025258, 0.2500000000000024980, 0.5000000000000012212, 0.6250000000000006661, 0.6875000000000003331, 0.7187500000000002220, 0.7343750000000001110, 0.7421875000000001110, 0.7500000000000001110, 1.000000000000000000 ),
 .UNSPECIFIED. ) ;
#1251 = PLANE ( 'NONE',  #339 ) ;
#1252 = CARTESIAN_POINT ( 'NONE',  ( 12.20000000000000639, -99.63104744852248018, -3.999999999999991562 ) ) ;
#1253 = DIRECTION ( 'NONE',  ( -1.000000000000000000, 0.000000000000000000, 1.070816960479510131E-16 ) ) ;
#1254 = CARTESIAN_POINT ( 'NONE',  ( 29.20000000000000639, -90.68104744852246313, -13.99999999999999112 ) ) ;
#1255 = ORIENTED_EDGE ( 'NONE', *, *, #453, .T. ) ;
#1256 = CARTESIAN_POINT ( 'NONE',  ( 32.20000000000000284, -112.0000000000000000, -3.999999999999991562 ) ) ;
#1257 = CARTESIAN_POINT ( 'NONE',  ( 32.20000000000000284, -90.68104744852244892, -14.00000000000899192 ) ) ;
#1258 = CARTESIAN_POINT ( 'NONE',  ( 13.37149713443312748, -102.6310474485224660, -12.04696436661467374 ) ) ;
#1259 = CARTESIAN_POINT ( 'NONE',  ( 29.20000000000000639, -90.68104744852246313, -13.99999999999999289 ) ) ;
#1260 = CARTESIAN_POINT ( 'NONE',  ( 32.20000000000000284, -99.63104744852246597, -3.999999999999991562 ) ) ;
#1261 = CARTESIAN_POINT ( 'NONE',  ( 12.19999999999997442, -123.1953357800776558, 8.603654093146593240 ) ) ;
#1262 = VECTOR ( 'NONE', #1395, 1000.000000000000000 ) ;
#1263 = ORIENTED_EDGE ( 'NONE', *, *, #957, .F. ) ;
#1264 = CARTESIAN_POINT ( 'NONE',  ( 27.20000000000000639, -112.0000000000000000, -13.99999999999998934 ) ) ;
#1265 = AXIS2_PLACEMENT_3D ( 'NONE', #1105, #1200, #1416 ) ;
#1266 = CARTESIAN_POINT ( 'NONE',  ( 14.07167987803643250, -102.6310474485225086, 13.26586536325008225 ) ) ;
#1267 = ORIENTED_EDGE ( 'NONE', *, *, #202, .F. ) ;
#1268 = EDGE_CURVE ( 'NONE', #98, #612, #804, .T. ) ;
#1269 = DIRECTION ( 'NONE',  ( 1.000000000000000000, -0.000000000000000000, -0.000000000000000000 ) ) ;
#1270 = PLANE ( 'NONE',  #214 ) ;
#1271 = CARTESIAN_POINT ( 'NONE',  ( 12.20000000000000639, -114.4581868837557863, -3.198667365736029833 ) ) ;
#1272 = ORIENTED_EDGE ( 'NONE', *, *, #1107, .T. ) ;
#1273 = CARTESIAN_POINT ( 'NONE',  ( 32.20000000000000995, -85.75000000000000000, -13.99999999999999645 ) ) ;
#1274 = EDGE_CURVE ( 'NONE', #290, #1090, #1337, .T. ) ;
#1275 = CARTESIAN_POINT ( 'NONE',  ( 17.00000000000000355, -90.68104744852246313, -9.199999999999992184 ) ) ;
#1276 = CARTESIAN_POINT ( 'NONE',  ( 12.20000000000000639, -115.1986673657359574, 2.458186883756203756 ) ) ;
#1277 = ORIENTED_EDGE ( 'NONE', *, *, #297, .T. ) ;
#1278 = EDGE_CURVE ( 'NONE', #1364, #1238, #338, .T. ) ;
#1279 = ORIENTED_EDGE ( 'NONE', *, *, #1031, .T. ) ;
#1280 = EDGE_CURVE ( 'NONE', #340, #168, #631, .T. ) ;
#1281 = CARTESIAN_POINT ( 'NONE',  ( 12.20000000000000639, -115.4951455555056725, 2.014475916444668169 ) ) ;
#1282 = ORIENTED_EDGE ( 'NONE', *, *, #37, .F. ) ;
#1283 = CYLINDRICAL_SURFACE ( 'NONE', #627, 7.000000000000000000 ) ;
#1284 = VERTEX_POINT ( 'NONE', #940 ) ;
#1285 = DIRECTION ( 'NONE',  ( 9.912705577010326536E-16, 0.000000000000000000, 1.000000000000000000 ) ) ;
#1286 = VECTOR ( 'NONE', #475, 1000.000000000000000 ) ;
#1287 = AXIS2_PLACEMENT_3D ( 'NONE', #731, #134, #937 ) ;
#1288 =( GEOMETRIC_REPRESENTATION_CONTEXT ( 3 ) GLOBAL_UNCERTAINTY_ASSIGNED_CONTEXT ( ( #550 ) ) GLOBAL_UNIT_ASSIGNED_CONTEXT ( ( #829, #152, #1177 ) ) REPRESENTATION_CONTEXT ( 'NONE', 'WORKASPACE' ) );
#1289 = DIRECTION ( 'NONE',  ( 0.000000000000000000, 0.000000000000000000, 1.000000000000000000 ) ) ;
#1290 = AXIS2_PLACEMENT_3D ( 'NONE', #1297, #557, #1314 ) ;
#1291 = CARTESIAN_POINT ( 'NONE',  ( 17.20000000000000284, -112.0000000000000000, 6.938893903907228378E-15 ) ) ;
#1292 = DIRECTION ( 'NONE',  ( -1.000000000000000000, 0.000000000000000000, 0.000000000000000000 ) ) ;
#1293 = DIRECTION ( 'NONE',  ( 0.000000000000000000, -0.000000000000000000, 1.000000000000000000 ) ) ;
#1294 = VERTEX_POINT ( 'NONE', #832 ) ;
#1295 = CARTESIAN_POINT ( 'NONE',  ( 15.20000000000000462, -123.1953357800772011, 8.603654093146127835 ) ) ;
#1296 = CARTESIAN_POINT ( 'NONE',  ( -4.999999999999997335, -112.0000000000000000, 14.00000000000000888 ) ) ;
#1297 = CARTESIAN_POINT ( 'NONE',  ( 17.00000000000000355, -102.6310474485224660, -9.199999999999992184 ) ) ;
#1298 = EDGE_CURVE ( 'NONE', #325, #1393, #62, .T. ) ;
#1299 = ORIENTED_EDGE ( 'NONE', *, *, #379, .F. ) ;
#1300 = CARTESIAN_POINT ( 'NONE',  ( 27.20000000000000639, -112.0000000000000000, 0.000000000000000000 ) ) ;
#1301 = ORIENTED_EDGE ( 'NONE', *, *, #977, .T. ) ;
#1302 = CARTESIAN_POINT ( 'NONE',  ( 29.39068180858158996, -102.6310474485224944, 14.00000000000002487 ) ) ;
#1303 = ORIENTED_EDGE ( 'NONE', *, *, #1345, .T. ) ;
#1304 = DIRECTION ( 'NONE',  ( -0.000000000000000000, -1.000000000000000000, -0.000000000000000000 ) ) ;
#1305 = ORIENTED_EDGE ( 'NONE', *, *, #1298, .T. ) ;
#1306 = AXIS2_PLACEMENT_3D ( 'NONE', #577, #143, #935 ) ;
#1307 = VERTEX_POINT ( 'NONE', #847 ) ;
#1308 = VECTOR ( 'NONE', #409, 1000.000000000000000 ) ;
#1309 = ORIENTED_EDGE ( 'NONE', *, *, #1274, .F. ) ;
#1310 = AXIS2_PLACEMENT_3D ( 'NONE', #783, #974, #65 ) ;
#1311 = CARTESIAN_POINT ( 'NONE',  ( 12.20000000000000639, -115.4951455555020345, -2.014475916444609105 ) ) ;
#1312 = ORIENTED_EDGE ( 'NONE', *, *, #1176, .T. ) ;
#1313 = VERTEX_POINT ( 'NONE', #439 ) ;
#1314 = DIRECTION ( 'NONE',  ( 0.000000000000000000, 0.000000000000000000, 1.000000000000000000 ) ) ;
#1315 = CARTESIAN_POINT ( 'NONE',  ( 12.20000000000000639, -90.68104744852246313, -3.999999999999993339 ) ) ;
#1316 = CARTESIAN_POINT ( 'NONE',  ( 27.20000000000000639, -112.0000000000000000, 6.938893903907228378E-15 ) ) ;
#1317 = ORIENTED_EDGE ( 'NONE', *, *, #1244, .T. ) ;
#1318 =( BOUNDED_SURFACE ( )  B_SPLINE_SURFACE ( 2, 3, ( 
 ( #628, #1059, #285, #504, #748, #398, #729, #1354, #1376, #160, #1173, #617, #738, #762, #301, #175, #1160, #758 ),
 ( #166, #634, #950, #1170, #1049, #521, #942, #48, #513, #57, #1368, #416, #1261, #1361, #860, #955, #1066, #529 ),
 ( #407, #191, #538, #962, #1271, #186, #390, #840, #644, #294, #1075, #72, #1276, #970, #1384, #424, #1043, #39 ) ),
 .UNSPECIFIED., .F., .F., .T. ) 
 B_SPLINE_SURFACE_WITH_KNOTS ( ( 3, 3 ),
 ( 4, 2, 2, 2, 2, 2, 2, 2, 4 ),
 ( 0.000000000000000000, 1.000000000000000000 ),
 ( 3.141592653589793116, 3.534291735288517255, 3.926990816987241395, 4.319689898685965090, 4.712388980384689674, 5.105088062083414258, 5.497787143782137953, 5.890486225480861648, 6.283185307179586232 ),
 .UNSPECIFIED. ) 
 GEOMETRIC_REPRESENTATION_ITEM ( )  RATIONAL_B_SPLINE_SURFACE ( (
 ( 1.000000000000000000, 1.000000000000000000, 1.000000000000000000, 1.000000000000000000, 1.000000000000000000, 1.000000000000000000, 1.000000000000000000, 1.000000000000000000, 1.000000000000000000, 1.000000000000000000, 1.000000000000000000, 1.000000000000000000, 1.000000000000000000, 1.000000000000000000, 1.000000000000000000, 1.000000000000000000, 1.000000000000000000, 1.000000000000000000),
 ( 0.7071067811865475727, 0.7071067811865475727, 0.7071067811865475727, 0.7071067811865475727, 0.7071067811865463515, 0.7071067811865463515, 0.7071067811865475727, 0.7071067811865475727, 0.7071067811865475727, 0.7071067811865475727, 0.7071067811865475727, 0.7071067811865475727, 0.7071067811865463515, 0.7071067811865463515, 0.7071067811865475727, 0.7071067811865475727, 0.7071067811865475727, 0.7071067811865475727),
 ( 1.000000000000000000, 1.000000000000000000, 1.000000000000000000, 1.000000000000000000, 1.000000000000000000, 1.000000000000000000, 1.000000000000000000, 1.000000000000000000, 1.000000000000000000, 1.000000000000000000, 1.000000000000000000, 1.000000000000000000, 1.000000000000000000, 1.000000000000000000, 1.000000000000000000, 1.000000000000000000, 1.000000000000000000, 1.000000000000000000) ) ) 
 REPRESENTATION_ITEM ( '' )  SURFACE ( )  );
#1319 = CARTESIAN_POINT ( 'NONE',  ( 12.20000000000000639, -94.49999999999990052, 4.000000000000017764 ) ) ;
#1320 = CARTESIAN_POINT ( 'NONE',  ( 32.20000000000000284, -114.0144759164435300, 3.495145555504301615 ) ) ;
#1321 = FACE_OUTER_BOUND ( 'NONE', #141, .T. ) ;
#1322 = CARTESIAN_POINT ( 'NONE',  ( 30.31536471697322099, -102.6310474485224518, -13.28325557334837725 ) ) ;
#1323 = DIRECTION ( 'NONE',  ( 0.000000000000000000, -0.000000000000000000, 1.000000000000000000 ) ) ;
#1324 = DIRECTION ( 'NONE',  ( 0.000000000000000000, 0.000000000000000000, -1.000000000000000000 ) ) ;
#1325 = ORIENTED_EDGE ( 'NONE', *, *, #12, .T. ) ;
#1326 = CIRCLE ( 'NONE', #921, 11.24999999999999112 ) ;
#1327 = VECTOR ( 'NONE', #204, 1000.000000000000000 ) ;
#1328 = CYLINDRICAL_SURFACE ( 'NONE', #23, 11.24999999999999112 ) ;
#1329 = ORIENTED_EDGE ( 'NONE', *, *, #1053, .F. ) ;
#1330 = CARTESIAN_POINT ( 'NONE',  ( 32.01912259590106657, -102.6310474485224660, -7.421657470972290227 ) ) ;
#1331 = ORIENTED_EDGE ( 'NONE', *, *, #90, .F. ) ;
#1332 = PLANE ( 'NONE',  #1287 ) ;
#1333 = VECTOR ( 'NONE', #387, 1000.000000000000000 ) ;
#1334 = EDGE_LOOP ( 'NONE', ( #1174 ) ) ;
#1335 = CARTESIAN_POINT ( 'NONE',  ( 32.20000000000000995, -90.68104744852244892, 14.00000000000002132 ) ) ;
#1336 = VERTEX_POINT ( 'NONE', #535 ) ;
#1337 = LINE ( 'NONE', #1040, #561 ) ;
#1338 = CARTESIAN_POINT ( 'NONE',  ( 12.20000000000000639, -103.2499999999999574, -3.999999999999991562 ) ) ;
#1339 = DIRECTION ( 'NONE',  ( -1.000000000000000000, -0.000000000000000000, 0.000000000000000000 ) ) ;
#1340 = CARTESIAN_POINT ( 'NONE',  ( 15.20000000000000462, -102.6310474485224660, -13.99999999999999289 ) ) ;
#1341 = VERTEX_POINT ( 'NONE', #1063 ) ;
#1342 = CARTESIAN_POINT ( 'NONE',  ( 30.93805642809375911, -102.6310474485224802, -12.20334247790511562 ) ) ;
#1343 = VERTEX_POINT ( 'NONE', #855 ) ;
#1344 = CARTESIAN_POINT ( 'NONE',  ( 32.20000000000000284, -115.1986673657366111, 2.458186883756347196 ) ) ;
#1345 = EDGE_CURVE ( 'NONE', #599, #290, #413, .T. ) ;
#1346 = CARTESIAN_POINT ( 'NONE',  ( 32.20000000000000995, -94.50000000000009948, -13.99999999999999645 ) ) ;
#1347 = CARTESIAN_POINT ( 'NONE',  ( 29.20000000000000639, -90.68104744852246313, 14.00000000000001954 ) ) ;
#1348 = ORIENTED_EDGE ( 'NONE', *, *, #358, .T. ) ;
#1349 = CLOSED_SHELL ( 'NONE', ( #687, #541, #848, #1000, #514, #753, #24, #686, #3, #918, #1382, #637, #862, #329, #505, #891, #1101, #312, #886, #15 ) ) ;
#1350 =( NAMED_UNIT ( * ) PLANE_ANGLE_UNIT ( ) SI_UNIT ( $, .RADIAN. ) );
#1351 = CARTESIAN_POINT ( 'NONE',  ( 13.71075313971580023, -102.6310474485224375, -12.79004907701793847 ) ) ;
#1352 = CARTESIAN_POINT ( 'NONE',  ( 29.20000000000000284, -112.0000000000000000, 14.00000000000000888 ) ) ;
#1353 = CARTESIAN_POINT ( 'NONE',  ( 32.20000000000000284, -111.9999999999999858, -3.999999999999989786 ) ) ;
#1354 = CARTESIAN_POINT ( 'NONE',  ( 15.20000000000000462, -125.6356174660521532, -3.664470398663973949 ) ) ;
#1355 = VECTOR ( 'NONE', #1089, 1000.000000000000000 ) ;
#1356 = AXIS2_PLACEMENT_3D ( 'NONE', #1081, #428, #871 ) ;
#1357 = CARTESIAN_POINT ( 'NONE',  ( 29.20000000000000284, -115.6644703986620186, -13.63561746605295255 ) ) ;
#1358 = CARTESIAN_POINT ( 'NONE',  ( 32.20000000000000284, -111.9999999999999858, 4.000000000000022204 ) ) ;
#1359 = DIRECTION ( 'NONE',  ( 0.000000000000000000, 1.000000000000000000, 0.000000000000000000 ) ) ;
#1360 = CARTESIAN_POINT ( 'NONE',  ( 27.40000000000000213, -90.68104744852246313, -16.19999999999999218 ) ) ;
#1361 = CARTESIAN_POINT ( 'NONE',  ( 12.19999999999997442, -120.6036540931457353, 11.19533578007671615 ) ) ;
#1362 = ORIENTED_EDGE ( 'NONE', *, *, #1274, .T. ) ;
#1363 = CYLINDRICAL_SURFACE ( 'NONE', #257, 14.00000000000000000 ) ;
#1364 = VERTEX_POINT ( 'NONE', #518 ) ;
#1365 = LINE ( 'NONE', #1139, #1380 ) ;
#1366 = PLANE ( 'NONE',  #740 ) ;
#1367 = DIRECTION ( 'NONE',  ( 1.000000000000000000, -0.000000000000000000, 0.000000000000000000 ) ) ;
#1368 = CARTESIAN_POINT ( 'NONE',  ( 12.20000000000000462, -125.6356174660534606, 3.664470398667438733 ) ) ;
#1369 = ORIENTED_EDGE ( 'NONE', *, *, #747, .F. ) ;
#1370 = CARTESIAN_POINT ( 'NONE',  ( 32.20000000000000284, -85.75000000000000000, -3.999999999999994671 ) ) ;
#1371 = CARTESIAN_POINT ( 'NONE',  ( 13.92967882632532017, -102.6310474485224660, 13.06257943992680026 ) ) ;
#1372 = ORIENTED_EDGE ( 'NONE', *, *, #1137, .F. ) ;
#1373 = EDGE_CURVE ( 'NONE', #114, #1060, #1365, .T. ) ;
#1374 = LINE ( 'NONE', #150, #805 ) ;
#1375 = CARTESIAN_POINT ( 'NONE',  ( 15.20000000000000462, -103.7540316323483438, 14.00000000000002132 ) ) ;
#1376 = CARTESIAN_POINT ( 'NONE',  ( 15.20000000000000462, -126.0000000000000000, -1.832595695504477984 ) ) ;
#1377 = VECTOR ( 'NONE', #267, 1000.000000000000000 ) ;
#1378 = STYLED_ITEM ( 'NONE', ( #938 ), #701 ) ;
#1379 = DIRECTION ( 'NONE',  ( -1.000000000000000000, -0.000000000000000000, 0.000000000000000000 ) ) ;
#1380 = VECTOR ( 'NONE', #404, 1000.000000000000000 ) ;
#1381 = CARTESIAN_POINT ( 'NONE',  ( 32.20000000000000284, -94.50000000000005684, 4.000000000000017764 ) ) ;
#1382 = ADVANCED_FACE ( 'NONE', ( #280 ), #29, .F. ) ;
#1383 = DIRECTION ( 'NONE',  ( 0.000000000000000000, 0.000000000000000000, -1.000000000000000000 ) ) ;
#1384 = CARTESIAN_POINT ( 'NONE',  ( 12.20000000000000639, -114.0144759164463153, 3.495145555504199475 ) ) ;
#1385 = ORIENTED_EDGE ( 'NONE', *, *, #844, .T. ) ;
#1386 = VERTEX_POINT ( 'NONE', #683 ) ;
#1387 = CARTESIAN_POINT ( 'NONE',  ( 30.28209455814551632, -102.6310474485224660, 13.32690933147416601 ) ) ;
#1388 = EDGE_CURVE ( 'NONE', #130, #126, #879, .T. ) ;
#1389 = DIRECTION ( 'NONE',  ( -3.771137991253925615E-16, 0.000000000000000000, -1.000000000000000000 ) ) ;
#1390 = ORIENTED_EDGE ( 'NONE', *, *, #606, .T. ) ;
#1391 = EDGE_LOOP ( 'NONE', ( #1372, #244, #296, #802 ) ) ;
#1392 = DIRECTION ( 'NONE',  ( 1.000000000000000000, 0.000000000000000000, -0.000000000000000000 ) ) ;
#1393 = VERTEX_POINT ( 'NONE', #456 ) ;
#1394 = UNCERTAINTY_MEASURE_WITH_UNIT (LENGTH_MEASURE( 1.000000000000000082E-05 ), #500, 'distance_accuracy_value', 'NONE');
#1395 = DIRECTION ( 'NONE',  ( 1.000000000000000000, 0.000000000000000000, 0.000000000000000000 ) ) ;
#1396 = ORIENTED_EDGE ( 'NONE', *, *, #237, .T. ) ;
#1397 = FACE_OUTER_BOUND ( 'NONE', #1391, .T. ) ;
#1398 = FACE_OUTER_BOUND ( 'NONE', #91, .T. ) ;
#1399 = AXIS2_PLACEMENT_3D ( 'NONE', #74, #104, #224 ) ;
#1400 = ORIENTED_EDGE ( 'NONE', *, *, #414, .T. ) ;
#1401 = CARTESIAN_POINT ( 'NONE',  ( 30.29225404332330740, -102.6310474485224802, 13.31375282104935387 ) ) ;
#1402 = AXIS2_PLACEMENT_3D ( 'NONE', #668, #440, #1293 ) ;
#1403 = CARTESIAN_POINT ( 'NONE',  ( 12.20000000000000639, -115.8958907045846303, 1.046991542476050974 ) ) ;
#1404 = CARTESIAN_POINT ( 'NONE',  ( 32.20000000000000284, -90.68104744852246313, -3.999999999999993339 ) ) ;
#1405 = ORIENTED_EDGE ( 'NONE', *, *, #92, .F. ) ;
#1406 = DIRECTION ( 'NONE',  ( 0.000000000000000000, 1.000000000000000000, 0.000000000000000000 ) ) ;
#1407 = LINE ( 'NONE', #1240, #1377 ) ;
#1408 = CARTESIAN_POINT ( 'NONE',  ( 15.20000000000000462, -115.6644703986620186, 13.63561746605296676 ) ) ;
#1409 = ORIENTED_EDGE ( 'NONE', *, *, #295, .T. ) ;
#1410 = CARTESIAN_POINT ( 'NONE',  ( 12.20000000000000639, -114.0144759164463153, 3.495145555504199475 ) ) ;
#1411 = ORIENTED_EDGE ( 'NONE', *, *, #282, .F. ) ;
#1412 = EDGE_LOOP ( 'NONE', ( #889, #1390, #883, #743, #522, #1325, #1309, #754 ) ) ;
#1413 = CARTESIAN_POINT ( 'NONE',  ( 15.20000000000000462, -120.6036540931461758, 11.19533578007716734 ) ) ;
#1414 = CARTESIAN_POINT ( 'NONE',  ( 12.20000000000000639, -116.0000000000000000, 0.5235987701441587872 ) ) ;
#1415 = ORIENTED_EDGE ( 'NONE', *, *, #281, .F. ) ;
#1416 = DIRECTION ( 'NONE',  ( 0.000000000000000000, 0.000000000000000000, 1.000000000000000000 ) ) ;
ENDSEC;
END-ISO-10303-21;
