ISO-10303-21;
HEADER;
FILE_DESCRIPTION (( 'STEP AP214' ),
    '1' );
FILE_NAME('Front_Head.step','2026-09-10T00:00:00',('RIVERDOG'),(''),'SOLIDWORKS STEP exporter','SOLIDWORKS','');
FILE_SCHEMA (( 'AUTOMOTIVE_DESIGN' ));
ENDSEC;

DATA;
#1 = FACE_OUTER_BOUND ( 'NONE', #1426, .T. ) ;
#2 = CARTESIAN_POINT ( 'NONE',  ( 0.000000000000000000, 2.892537575450321548E-15, -35.00000000000000000 ) ) ;
#3 = FACE_OUTER_BOUND ( 'NONE', #275, .T. ) ;
#4 = CARTESIAN_POINT ( 'NONE',  ( 3.000000000000000000, 48.00000000000000711, -35.00000000000000000 ) ) ;
#5 = LINE ( 'NONE', #742, #214 ) ;
#6 = EDGE_CURVE ( 'NONE', #1482, #738, #891, .T. ) ;
#7 =( NAMED_UNIT ( * ) SI_UNIT ( $, .STERADIAN. ) SOLID_ANGLE_UNIT ( ) );
#8 = SURFACE_STYLE_USAGE ( .BOTH. , #605 ) ;
#9 = ORIENTED_EDGE ( 'NONE', *, *, #1294, .F. ) ;
#10 = DIRECTION ( 'NONE',  ( 1.000000000000000000, 0.000000000000000000, 0.000000000000000000 ) ) ;
#11 = DIRECTION ( 'NONE',  ( 0.000000000000000000, 0.000000000000000000, 1.000000000000000000 ) ) ;
#12 = COLOUR_RGB ( '',0.5999999999999999778, 0.1607843137254901800, 0.7529411764705882248 ) ;
#13 = LINE ( 'NONE', #978, #247 ) ;
#14 = VECTOR ( 'NONE', #986, 1000.000000000000000 ) ;
#15 = DIRECTION ( 'NONE',  ( -0.7071067811865437980, 0.000000000000000000, -0.7071067811865513475 ) ) ;
#16 = ADVANCED_FACE ( 'NONE', ( #1141 ), #18, .T. ) ;
#17 = DIRECTION ( 'NONE',  ( -1.264902534566421922E-16, 1.000000000000000000, -0.000000000000000000 ) ) ;
#18 = PLANE ( 'NONE',  #137 ) ;
#19 = COLOUR_RGB ( '',0.5999999999999999778, 0.1607843137254901800, 0.7529411764705882248 ) ;
#20 = ORIENTED_EDGE ( 'NONE', *, *, #1058, .F. ) ;
#21 = PRESENTATION_LAYER_ASSIGNMENT (  '', '', ( #672 ) ) ;
#22 = DIRECTION ( 'NONE',  ( -0.000000000000000000, -1.000000000000000000, 3.143935068373794467E-16 ) ) ;
#23 = STYLED_ITEM ( 'NONE', ( #1438 ), #847 ) ;
#24 = ORIENTED_EDGE ( 'NONE', *, *, #573, .F. ) ;
#25 = FACE_OUTER_BOUND ( 'NONE', #1114, .T. ) ;
#26 = VECTOR ( 'NONE', #1255, 1000.000000000000000 ) ;
#27 = DIRECTION ( 'NONE',  ( -1.000000000000000000, -0.000000000000000000, -0.000000000000000000 ) ) ;
#28 =( NAMED_UNIT ( * ) SI_UNIT ( $, .STERADIAN. ) SOLID_ANGLE_UNIT ( ) );
#29 = EDGE_LOOP ( 'NONE', ( #947, #78, #501, #24 ) ) ;
#30 = DIRECTION ( 'NONE',  ( 0.7071067811865464625, -1.577665251892863186E-16, 0.7071067811865486830 ) ) ;
#31 = FACE_OUTER_BOUND ( 'NONE', #982, .T. ) ;
#32 = ADVANCED_FACE ( 'NONE', ( #1113 ), #1385, .F. ) ;
#33 = FACE_BOUND ( 'NONE', #494, .T. ) ;
#34 = ORIENTED_EDGE ( 'NONE', *, *, #729, .T. ) ;
#35 = CARTESIAN_POINT ( 'NONE',  ( 12.00000000000000888, 34.50000000000000000, -28.00000000000002132 ) ) ;
#36 = UNCERTAINTY_MEASURE_WITH_UNIT (LENGTH_MEASURE( 1.000000000000000082E-05 ), #832, 'distance_accuracy_value', 'NONE');
#37 = EDGE_CURVE ( 'NONE', #1330, #337, #482, .T. ) ;
#38 = SURFACE_STYLE_USAGE ( .BOTH. , #1035 ) ;
#39 = PRESENTATION_STYLE_ASSIGNMENT (( #300 ) ) ;
#40 = ORIENTED_EDGE ( 'NONE', *, *, #1174, .F. ) ;
#41 = VECTOR ( 'NONE', #1247, 1000.000000000000000 ) ;
#42 = STYLED_ITEM ( 'NONE', ( #329 ), #612 ) ;
#43 = LINE ( 'NONE', #800, #1377 ) ;
#44 =( GEOMETRIC_REPRESENTATION_CONTEXT ( 3 ) GLOBAL_UNCERTAINTY_ASSIGNED_CONTEXT ( ( #1379 ) ) GLOBAL_UNIT_ASSIGNED_CONTEXT ( ( #1462, #813, #1559 ) ) REPRESENTATION_CONTEXT ( 'NONE', 'WORKASPACE' ) );
#45 = DIRECTION ( 'NONE',  ( -1.000000000000000000, -0.000000000000000000, -0.000000000000000000 ) ) ;
#46 = FILL_AREA_STYLE_COLOUR ( '', #613 ) ;
#47 = ORIENTED_EDGE ( 'NONE', *, *, #1058, .T. ) ;
#48 = DIRECTION ( 'NONE',  ( 0.000000000000000000, 0.000000000000000000, 1.000000000000000000 ) ) ;
#49 = FACE_BOUND ( 'NONE', #1218, .T. ) ;
#50 =( NAMED_UNIT ( * ) SI_UNIT ( $, .STERADIAN. ) SOLID_ANGLE_UNIT ( ) );
#51 = ADVANCED_FACE ( 'NONE', ( #349 ), #972, .F. ) ;
#52 = DIRECTION ( 'NONE',  ( 0.000000000000000000, 0.000000000000000000, 1.000000000000000000 ) ) ;
#53 = SURFACE_STYLE_USAGE ( .BOTH. , #1305 ) ;
#54 = EDGE_CURVE ( 'NONE', #1562, #325, #1346, .T. ) ;
#55 = CARTESIAN_POINT ( 'NONE',  ( 47.50000000000000000, 0.000000000000000000, 0.000000000000000000 ) ) ;
#56 = ORIENTED_EDGE ( 'NONE', *, *, #1071, .F. ) ;
#57 = DIRECTION ( 'NONE',  ( -1.000000000000000000, 3.641868946732744944E-32, -2.973811673103097665E-16 ) ) ;
#58 =( GEOMETRIC_REPRESENTATION_CONTEXT ( 3 ) GLOBAL_UNCERTAINTY_ASSIGNED_CONTEXT ( ( #1443 ) ) GLOBAL_UNIT_ASSIGNED_CONTEXT ( ( #1342, #520, #792 ) ) REPRESENTATION_CONTEXT ( 'NONE', 'WORKASPACE' ) );
#59 = PRESENTATION_LAYER_ASSIGNMENT (  '', '', ( #783 ) ) ;
#60 = AXIS2_PLACEMENT_3D ( 'NONE', #1493, #255, #876 ) ;
#61 = SURFACE_SIDE_STYLE ('',( #309 ) ) ;
#62 = STYLED_ITEM ( 'NONE', ( #1175 ), #1390 ) ;
#63 = FILL_AREA_STYLE_COLOUR ( '', #957 ) ;
#64 = CARTESIAN_POINT ( 'NONE',  ( 0.000000000000000000, 2.123087503106153549E-14, -56.10000000000913190 ) ) ;
#65 = CARTESIAN_POINT ( 'NONE',  ( 17.00000000000000711, 5.480000000000002203, -5.099999999999998757 ) ) ;
#66 = EDGE_CURVE ( 'NONE', #570, #532, #249, .T. ) ;
#67 = CARTESIAN_POINT ( 'NONE',  ( 17.00000000000000711, -24.83517771678074482, -5.099999999999998757 ) ) ;
#68 = CARTESIAN_POINT ( 'NONE',  ( 12.00000000000000888, 4.041334437186266989E-15, -33.00000000000000000 ) ) ;
#69 = ORIENTED_EDGE ( 'NONE', *, *, #797, .F. ) ;
#70 = FACE_OUTER_BOUND ( 'NONE', #902, .T. ) ;
#71 = ORIENTED_EDGE ( 'NONE', *, *, #1416, .T. ) ;
#72 = PLANE ( 'NONE',  #915 ) ;
#73 = PRESENTATION_STYLE_ASSIGNMENT (( #949 ) ) ;
#74 = EDGE_CURVE ( 'NONE', #1442, #153, #893, .T. ) ;
#75 = DIRECTION ( 'NONE',  ( 1.000000000000000000, -0.000000000000000000, 0.000000000000000000 ) ) ;
#76 = CARTESIAN_POINT ( 'NONE',  ( 47.50000000000000000, 36.51999999999999602, -12.39999999999999858 ) ) ;
#77 = ORIENTED_EDGE ( 'NONE', *, *, #1566, .T. ) ;
#78 = ORIENTED_EDGE ( 'NONE', *, *, #797, .T. ) ;
#79 = COLOUR_RGB ( '',0.5999999999999999778, 0.1607843137254901800, 0.7529411764705882248 ) ;
#80 = MECHANICAL_DESIGN_GEOMETRIC_PRESENTATION_REPRESENTATION (  '', ( #609 ), #288 ) ;
#81 = AXIS2_PLACEMENT_3D ( 'NONE', #1498, #867, #368 ) ;
#82 =( LENGTH_UNIT ( ) NAMED_UNIT ( * ) SI_UNIT ( .MILLI., .METRE. ) );
#83 = AXIS2_PLACEMENT_3D ( 'NONE', #1234, #871, #767 ) ;
#84 = FILL_AREA_STYLE_COLOUR ( '', #618 ) ;
#85 = SURFACE_SIDE_STYLE ('',( #1155 ) ) ;
#86 = PRESENTATION_LAYER_ASSIGNMENT (  '', '', ( #1275 ) ) ;
#87 =( LENGTH_UNIT ( ) NAMED_UNIT ( * ) SI_UNIT ( .MILLI., .METRE. ) );
#88 = EDGE_LOOP ( 'NONE', ( #760 ) ) ;
#89 = PRESENTATION_LAYER_ASSIGNMENT (  '', '', ( #1606 ) ) ;
#90 = EDGE_CURVE ( 'NONE', #337, #570, #675, .T. ) ;
#91 = PRODUCT_DEFINITION_SHAPE ( 'NONE', 'NONE',  #748 ) ;
#92 = MECHANICAL_DESIGN_GEOMETRIC_PRESENTATION_REPRESENTATION (  '', ( #1509 ), #917 ) ;
#93 = ORIENTED_EDGE ( 'NONE', *, *, #1249, .T. ) ;
#94 = EDGE_LOOP ( 'NONE', ( #916, #769, #302, #500 ) ) ;
#95 =( NAMED_UNIT ( * ) SI_UNIT ( $, .STERADIAN. ) SOLID_ANGLE_UNIT ( ) );
#96 = FILL_AREA_STYLE ('',( #651 ) ) ;
#97 = CARTESIAN_POINT ( 'NONE',  ( 8.000000000000035527, 42.52000000000000313, -30.00000000000000355 ) ) ;
#98 = FILL_AREA_STYLE_COLOUR ( '', #12 ) ;
#99 = EDGE_CURVE ( 'NONE', #184, #184, #1374, .T. ) ;
#100 = ORIENTED_EDGE ( 'NONE', *, *, #1180, .F. ) ;
#101 = ORIENTED_EDGE ( 'NONE', *, *, #1286, .F. ) ;
#102 = PLANE ( 'NONE',  #1240 ) ;
#103 = LINE ( 'NONE', #989, #114 ) ;
#104 =( NAMED_UNIT ( * ) SI_UNIT ( $, .STERADIAN. ) SOLID_ANGLE_UNIT ( ) );
#105 = PRESENTATION_STYLE_ASSIGNMENT (( #227 ) ) ;
#106 = ORIENTED_EDGE ( 'NONE', *, *, #1467, .T. ) ;
#107 = CARTESIAN_POINT ( 'NONE',  ( 47.50000000000000000, 5.480000000000002203, -31.10000000000000142 ) ) ;
#108 =( LENGTH_UNIT ( ) NAMED_UNIT ( * ) SI_UNIT ( .MILLI., .METRE. ) );
#109 = ORIENTED_EDGE ( 'NONE', *, *, #240, .F. ) ;
#110 = ORIENTED_EDGE ( 'NONE', *, *, #305, .T. ) ;
#111 = EDGE_LOOP ( 'NONE', ( #196 ) ) ;
#112 = LINE ( 'NONE', #1592, #1150 ) ;
#113 = PRESENTATION_LAYER_ASSIGNMENT (  '', '', ( #1061 ) ) ;
#114 = VECTOR ( 'NONE', #1038, 1000.000000000000000 ) ;
#115 =( GEOMETRIC_REPRESENTATION_CONTEXT ( 3 ) GLOBAL_UNCERTAINTY_ASSIGNED_CONTEXT ( ( #1281 ) ) GLOBAL_UNIT_ASSIGNED_CONTEXT ( ( #205, #1201, #1567 ) ) REPRESENTATION_CONTEXT ( 'NONE', 'WORKASPACE' ) );
#116 = LINE ( 'NONE', #1139, #1220 ) ;
#117 = VECTOR ( 'NONE', #1102, 1000.000000000000000 ) ;
#118 = ORIENTED_EDGE ( 'NONE', *, *, #476, .T. ) ;
#119 = ORIENTED_EDGE ( 'NONE', *, *, #54, .T. ) ;
#120 = AXIS2_PLACEMENT_3D ( 'NONE', #1124, #757, #1030 ) ;
#121 = LINE ( 'NONE', #517, #954 ) ;
#122 = COLOUR_RGB ( '',0.5999999999999999778, 0.1607843137254901800, 0.7529411764705882248 ) ;
#123 = EDGE_CURVE ( 'NONE', #350, #325, #941, .T. ) ;
#124 = CARTESIAN_POINT ( 'NONE',  ( 3.000000000000000000, 48.00000000000000711, -35.00000000000000000 ) ) ;
#125 = CARTESIAN_POINT ( 'NONE',  ( 4.714821648428290033E-13, 42.52000000000000313, -56.10000000000914611 ) ) ;
#126 = LINE ( 'NONE', #377, #1018 ) ;
#127 = EDGE_LOOP ( 'NONE', ( #283, #866, #34, #1237, #1278, #1029, #118, #382, #403, #1096, #1381, #968, #1266, #100, #739, #788, #1576 ) ) ;
#128 = LINE ( 'NONE', #353, #931 ) ;
#129 = SURFACE_STYLE_USAGE ( .BOTH. , #1260 ) ;
#130 = SURFACE_STYLE_USAGE ( .BOTH. , #1262 ) ;
#131 = ADVANCED_FACE ( 'NONE', ( #708 ), #102, .F. ) ;
#132 = VERTEX_POINT ( 'NONE', #733 ) ;
#133 = EDGE_LOOP ( 'NONE', ( #690 ) ) ;
#134 = SURFACE_STYLE_USAGE ( .BOTH. , #611 ) ;
#135 = ORIENTED_EDGE ( 'NONE', *, *, #775, .F. ) ;
#136 = APPLICATION_PROTOCOL_DEFINITION ( 'draft international standard', 'automotive_design', 1998, #1499 ) ;
#137 = AXIS2_PLACEMENT_3D ( 'NONE', #498, #744, #604 ) ;
#138 = VECTOR ( 'NONE', #30, 999.9999999999998863 ) ;
#139 = STYLED_ITEM ( 'NONE', ( #1059 ), #426 ) ;
#140 = FACE_OUTER_BOUND ( 'NONE', #752, .T. ) ;
#141 = AXIS2_PLACEMENT_3D ( 'NONE', #1171, #45, #401 ) ;
#142 = ORIENTED_EDGE ( 'NONE', *, *, #66, .F. ) ;
#143 = EDGE_CURVE ( 'NONE', #607, #153, #701, .T. ) ;
#144 = VECTOR ( 'NONE', #527, 1000.000000000000000 ) ;
#145 = PRESENTATION_LAYER_ASSIGNMENT (  '', '', ( #1509 ) ) ;
#146 = VECTOR ( 'NONE', #963, 1000.000000000000000 ) ;
#147 =( NAMED_UNIT ( * ) PLANE_ANGLE_UNIT ( ) SI_UNIT ( $, .RADIAN. ) );
#148 = VERTEX_POINT ( 'NONE', #65 ) ;
#149 = ADVANCED_FACE ( 'NONE', ( #1598 ), #461, .T. ) ;
#150 = DIRECTION ( 'NONE',  ( -9.366757429680383682E-17, -1.000000000000000000, 0.000000000000000000 ) ) ;
#151 = FILL_AREA_STYLE_COLOUR ( '', #831 ) ;
#152 = CARTESIAN_POINT ( 'NONE',  ( 3.000000000000002665, 42.52000000000000313, 0.000000000000000000 ) ) ;
#153 = VERTEX_POINT ( 'NONE', #1314 ) ;
#154 = SURFACE_STYLE_USAGE ( .BOTH. , #798 ) ;
#155 = DIRECTION ( 'NONE',  ( -0.000000000000000000, -0.000000000000000000, -1.000000000000000000 ) ) ;
#156 = SURFACE_STYLE_FILL_AREA ( #391 ) ;
#157 = SURFACE_SIDE_STYLE ('',( #660 ) ) ;
#158 = COLOUR_RGB ( '',0.5999999999999999778, 0.1607843137254901800, 0.7529411764705882248 ) ;
#159 = MECHANICAL_DESIGN_GEOMETRIC_PRESENTATION_REPRESENTATION (  '', ( #667 ), #58 ) ;
#160 = DIRECTION ( 'NONE',  ( 0.000000000000000000, 0.000000000000000000, 1.000000000000000000 ) ) ;
#161 = LINE ( 'NONE', #410, #1116 ) ;
#162 = ORIENTED_EDGE ( 'NONE', *, *, #1551, .F. ) ;
#163 =( GEOMETRIC_REPRESENTATION_CONTEXT ( 3 ) GLOBAL_UNCERTAINTY_ASSIGNED_CONTEXT ( ( #637 ) ) GLOBAL_UNIT_ASSIGNED_CONTEXT ( ( #264, #1521, #1034 ) ) REPRESENTATION_CONTEXT ( 'NONE', 'WORKASPACE' ) );
#164 = DIRECTION ( 'NONE',  ( 0.000000000000000000, 1.000000000000000000, 0.000000000000000000 ) ) ;
#165 = MECHANICAL_DESIGN_GEOMETRIC_PRESENTATION_REPRESENTATION (  '', ( #937 ), #830 ) ;
#166 = ADVANCED_FACE ( 'NONE', ( #1476 ), #580, .F. ) ;
#167 = FACE_BOUND ( 'NONE', #347, .T. ) ;
#168 = CARTESIAN_POINT ( 'NONE',  ( 8.000000000000026645, 5.480000000000040394, -38.00000000000000711 ) ) ;
#169 = EDGE_CURVE ( 'NONE', #1593, #1593, #505, .T. ) ;
#170 = PLANE ( 'NONE',  #1403 ) ;
#171 = PLANE ( 'NONE',  #1147 ) ;
#172 = FACE_OUTER_BOUND ( 'NONE', #88, .T. ) ;
#173 = PRESENTATION_LAYER_ASSIGNMENT (  '', '', ( #1060 ) ) ;
#174 = ADVANCED_FACE ( 'NONE', ( #1098 ), #857, .F. ) ;
#175 = CARTESIAN_POINT ( 'NONE',  ( 3.000000000000006217, 0.000000000000000000, -35.00000000000000000 ) ) ;
#176 = STYLED_ITEM ( 'NONE', ( #650 ), #192 ) ;
#177 = ORIENTED_EDGE ( 'NONE', *, *, #1538, .F. ) ;
#178 = CARTESIAN_POINT ( 'NONE',  ( 22.00000000000000711, 13.50000000000000000, -14.00000000000001599 ) ) ;
#179 = AXIS2_PLACEMENT_3D ( 'NONE', #673, #1050, #52 ) ;
#180 = FILL_AREA_STYLE_COLOUR ( '', #290 ) ;
#181 =( GEOMETRIC_REPRESENTATION_CONTEXT ( 3 ) GLOBAL_UNCERTAINTY_ASSIGNED_CONTEXT ( ( #910 ) ) GLOBAL_UNIT_ASSIGNED_CONTEXT ( ( #108, #865, #1264 ) ) REPRESENTATION_CONTEXT ( 'NONE', 'WORKASPACE' ) );
#182 = PRESENTATION_LAYER_ASSIGNMENT (  '', '', ( #988 ) ) ;
#183 = LINE ( 'NONE', #1062, #224 ) ;
#184 = VERTEX_POINT ( 'NONE', #1192 ) ;
#185 = SURFACE_STYLE_FILL_AREA ( #1072 ) ;
#186 = UNCERTAINTY_MEASURE_WITH_UNIT (LENGTH_MEASURE( 1.000000000000000082E-05 ), #945, 'distance_accuracy_value', 'NONE');
#187 = PRESENTATION_LAYER_ASSIGNMENT (  '', '', ( #1432 ) ) ;
#188 = FACE_OUTER_BOUND ( 'NONE', #111, .T. ) ;
#189 = FILL_AREA_STYLE_COLOUR ( '', #558 ) ;
#190 = CARTESIAN_POINT ( 'NONE',  ( 47.50000000000000000, 42.52000000000000313, -15.09999999999999964 ) ) ;
#191 = LINE ( 'NONE', #930, #535 ) ;
#192 = ADVANCED_FACE ( 'NONE', ( #3 ), #761, .T. ) ;
#193 = DIRECTION ( 'NONE',  ( 0.000000000000000000, 0.000000000000000000, 1.000000000000000000 ) ) ;
#194 =( NAMED_UNIT ( * ) PLANE_ANGLE_UNIT ( ) SI_UNIT ( $, .RADIAN. ) );
#195 = FILL_AREA_STYLE ('',( #323 ) ) ;
#196 = ORIENTED_EDGE ( 'NONE', *, *, #1071, .T. ) ;
#197 = PLANE ( 'NONE',  #803 ) ;
#198 = VERTEX_POINT ( 'NONE', #628 ) ;
#199 = ORIENTED_EDGE ( 'NONE', *, *, #414, .F. ) ;
#200 = DIRECTION ( 'NONE',  ( -0.000000000000000000, -1.000000000000000000, -1.224646799147353454E-16 ) ) ;
#201 = UNCERTAINTY_MEASURE_WITH_UNIT (LENGTH_MEASURE( 1.000000000000000082E-05 ), #811, 'distance_accuracy_value', 'NONE');
#202 = PRESENTATION_STYLE_ASSIGNMENT (( #1450 ) ) ;
#203 = VERTEX_POINT ( 'NONE', #1575 ) ;
#204 = DIRECTION ( 'NONE',  ( 1.000000000000000000, -0.000000000000000000, 0.000000000000000000 ) ) ;
#205 =( LENGTH_UNIT ( ) NAMED_UNIT ( * ) SI_UNIT ( .MILLI., .METRE. ) );
#206 = ORIENTED_EDGE ( 'NONE', *, *, #1457, .F. ) ;
#207 = ORIENTED_EDGE ( 'NONE', *, *, #286, .F. ) ;
#208 = STYLED_ITEM ( 'NONE', ( #546 ), #298 ) ;
#209 =( LENGTH_UNIT ( ) NAMED_UNIT ( * ) SI_UNIT ( .MILLI., .METRE. ) );
#210 = PRESENTATION_LAYER_ASSIGNMENT (  '', '', ( #1214 ) ) ;
#211 = CIRCLE ( 'NONE', #141, 0.9999999999999974465 ) ;
#212 = PLANE ( 'NONE',  #448 ) ;
#213 = CARTESIAN_POINT ( 'NONE',  ( 17.00000000000000711, 13.49999999999999822, -27.00000000000001776 ) ) ;
#214 = VECTOR ( 'NONE', #1010, 1000.000000000000000 ) ;
#215 = FACE_OUTER_BOUND ( 'NONE', #1360, .T. ) ;
#216 = EDGE_CURVE ( 'NONE', #485, #339, #770, .T. ) ;
#217 = ORIENTED_EDGE ( 'NONE', *, *, #265, .T. ) ;
#218 = MECHANICAL_DESIGN_GEOMETRIC_PRESENTATION_REPRESENTATION (  '', ( #693 ), #44 ) ;
#219 = CARTESIAN_POINT ( 'NONE',  ( 0.000000000000000000, 0.000000000000000000, 0.000000000000000000 ) ) ;
#220 = VECTOR ( 'NONE', #15, 1000.000000000000000 ) ;
#221 = FILL_AREA_STYLE ('',( #313 ) ) ;
#222 = VERTEX_POINT ( 'NONE', #1154 ) ;
#223 = ORIENTED_EDGE ( 'NONE', *, *, #655, .F. ) ;
#224 = VECTOR ( 'NONE', #1076, 1000.000000000000000 ) ;
#225 =( LENGTH_UNIT ( ) NAMED_UNIT ( * ) SI_UNIT ( .MILLI., .METRE. ) );
#226 = DIRECTION ( 'NONE',  ( -0.7071067811865464625, 0.000000000000000000, -0.7071067811865486830 ) ) ;
#227 = SURFACE_STYLE_USAGE ( .BOTH. , #1512 ) ;
#228 = CARTESIAN_POINT ( 'NONE',  ( 17.00000000000000711, 5.480000000000002203, -34.99999999999999289 ) ) ;
#229 =( NAMED_UNIT ( * ) PLANE_ANGLE_UNIT ( ) SI_UNIT ( $, .RADIAN. ) );
#230 = PRESENTATION_STYLE_ASSIGNMENT (( #1031 ) ) ;
#231 = ORIENTED_EDGE ( 'NONE', *, *, #467, .T. ) ;
#232 = ORIENTED_EDGE ( 'NONE', *, *, #1013, .T. ) ;
#233 = VERTEX_POINT ( 'NONE', #1267 ) ;
#234 = DIRECTION ( 'NONE',  ( -3.488528910189363406E-15, 1.000000000000000000, -3.143935068375957919E-16 ) ) ;
#235 = PRODUCT_CONTEXT ( 'NONE', #284, 'mechanical' ) ;
#236 = LINE ( 'NONE', #1602, #804 ) ;
#237 = LINE ( 'NONE', #743, #26 ) ;
#238 = EDGE_LOOP ( 'NONE', ( #206, #1363, #20, #545 ) ) ;
#239 = EDGE_LOOP ( 'NONE', ( #359, #199, #1159, #1235 ) ) ;
#240 = EDGE_CURVE ( 'NONE', #1504, #1032, #1259, .T. ) ;
#241 = AXIS2_PLACEMENT_3D ( 'NONE', #685, #793, #808 ) ;
#242 = DIRECTION ( 'NONE',  ( -0.000000000000000000, 1.000000000000000000, -0.000000000000000000 ) ) ;
#243 = VECTOR ( 'NONE', #409, 1000.000000000000000 ) ;
#244 = FACE_OUTER_BOUND ( 'NONE', #715, .T. ) ;
#245 = MECHANICAL_DESIGN_GEOMETRIC_PRESENTATION_REPRESENTATION (  '', ( #1317 ), #1063 ) ;
#246 = CARTESIAN_POINT ( 'NONE',  ( 47.50000000000000000, 48.00000000000000000, 0.000000000000000000 ) ) ;
#247 = VECTOR ( 'NONE', #346, 1000.000000000000000 ) ;
#248 = DIRECTION ( 'NONE',  ( 9.366757429680383682E-17, 1.000000000000000000, 0.000000000000000000 ) ) ;
#249 = LINE ( 'NONE', #1505, #312 ) ;
#250 = VECTOR ( 'NONE', #1366, 1000.000000000000000 ) ;
#251 = VECTOR ( 'NONE', #226, 999.9999999999998863 ) ;
#252 = EDGE_CURVE ( 'NONE', #132, #596, #493, .T. ) ;
#253 = PLANE ( 'NONE',  #1024 ) ;
#254 = ORIENTED_EDGE ( 'NONE', *, *, #37, .T. ) ;
#255 = DIRECTION ( 'NONE',  ( -1.000000000000000000, -1.264902534566421922E-16, 0.000000000000000000 ) ) ;
#256 = DIRECTION ( 'NONE',  ( 0.000000000000000000, 1.000000000000000000, 0.000000000000000000 ) ) ;
#257 = DIRECTION ( 'NONE',  ( 0.000000000000000000, -0.000000000000000000, 1.000000000000000000 ) ) ;
#258 = FILL_AREA_STYLE ('',( #1368 ) ) ;
#259 = EDGE_LOOP ( 'NONE', ( #101, #142, #1074, #732 ) ) ;
#260 = ORIENTED_EDGE ( 'NONE', *, *, #272, .F. ) ;
#261 = ORIENTED_EDGE ( 'NONE', *, *, #521, .T. ) ;
#262 = EDGE_CURVE ( 'NONE', #371, #339, #128, .T. ) ;
#263 = DIRECTION ( 'NONE',  ( -0.000000000000000000, -1.000000000000000000, -1.224646799147353454E-16 ) ) ;
#264 =( LENGTH_UNIT ( ) NAMED_UNIT ( * ) SI_UNIT ( .MILLI., .METRE. ) );
#265 = EDGE_CURVE ( 'NONE', #1442, #350, #502, .T. ) ;
#266 = CARTESIAN_POINT ( 'NONE',  ( 12.00000000000000888, 60.00000000000002132, -32.99999999999999289 ) ) ;
#267 = LINE ( 'NONE', #737, #1553 ) ;
#268 = ORIENTED_EDGE ( 'NONE', *, *, #663, .T. ) ;
#269 = ORIENTED_EDGE ( 'NONE', *, *, #557, .T. ) ;
#270 = FILL_AREA_STYLE ('',( #1404 ) ) ;
#271 = STYLED_ITEM ( 'NONE', ( #1126 ), #174 ) ;
#272 = EDGE_CURVE ( 'NONE', #1337, #315, #750, .T. ) ;
#273 =( LENGTH_UNIT ( ) NAMED_UNIT ( * ) SI_UNIT ( .MILLI., .METRE. ) );
#274 = AXIS2_PLACEMENT_3D ( 'NONE', #681, #1283, #1544 ) ;
#275 = EDGE_LOOP ( 'NONE', ( #606, #1474, #1182, #1265 ) ) ;
#276 = MECHANICAL_DESIGN_GEOMETRIC_PRESENTATION_REPRESENTATION (  '', ( #988 ), #321 ) ;
#277 = SURFACE_STYLE_FILL_AREA ( #935 ) ;
#278 = VECTOR ( 'NONE', #375, 1000.000000000000000 ) ;
#279 = DIRECTION ( 'NONE',  ( -1.224646799147349756E-16, -1.000000000000000000, -1.224646799147353454E-16 ) ) ;
#280 = UNCERTAINTY_MEASURE_WITH_UNIT (LENGTH_MEASURE( 1.000000000000000082E-05 ), #1608, 'distance_accuracy_value', 'NONE');
#281 = MECHANICAL_DESIGN_GEOMETRIC_PRESENTATION_REPRESENTATION (  '', ( #1047 ), #1252 ) ;
#282 = DIRECTION ( 'NONE',  ( -0.000000000000000000, 1.000000000000000000, 2.231155596111649136E-16 ) ) ;
#283 = ORIENTED_EDGE ( 'NONE', *, *, #252, .F. ) ;
#284 = APPLICATION_CONTEXT ( 'automotive_design' ) ;
#285 =( LENGTH_UNIT ( ) NAMED_UNIT ( * ) SI_UNIT ( .MILLI., .METRE. ) );
#286 = EDGE_CURVE ( 'NONE', #222, #1482, #121, .T. ) ;
#287 = DIRECTION ( 'NONE',  ( 1.000000000000000000, -1.873351485936076983E-16, 0.000000000000000000 ) ) ;
#288 =( GEOMETRIC_REPRESENTATION_CONTEXT ( 3 ) GLOBAL_UNCERTAINTY_ASSIGNED_CONTEXT ( ( #1070 ) ) GLOBAL_UNIT_ASSIGNED_CONTEXT ( ( #1441, #1570, #1460 ) ) REPRESENTATION_CONTEXT ( 'NONE', 'WORKASPACE' ) );
#289 = CARTESIAN_POINT ( 'NONE',  ( 47.50000000000000000, 48.00000000000000000, 1.070954686133591585E-14 ) ) ;
#290 = COLOUR_RGB ( '',0.5999999999999999778, 0.1607843137254901800, 0.7529411764705882248 ) ;
#291 = COLOUR_RGB ( '',0.5999999999999999778, 0.1607843137254901800, 0.7529411764705882248 ) ;
#292 = AXIS2_PLACEMENT_3D ( 'NONE', #1073, #438, #946 ) ;
#293 = CARTESIAN_POINT ( 'NONE',  ( 3.000000000000002665, 42.52000000000000313, -38.00000000000000711 ) ) ;
#294 = DIRECTION ( 'NONE',  ( -1.000000000000000000, -0.000000000000000000, -0.000000000000000000 ) ) ;
#295 = VECTOR ( 'NONE', #1162, 1000.000000000000000 ) ;
#296 = SURFACE_STYLE_USAGE ( .BOTH. , #556 ) ;
#297 = AXIS2_PLACEMENT_3D ( 'NONE', #1535, #1039, #389 ) ;
#298 = ADVANCED_FACE ( 'NONE', ( #1026 ), #1303, .F. ) ;
#299 = COLOUR_RGB ( '',0.5999999999999999778, 0.1607843137254901800, 0.7529411764705882248 ) ;
#300 = SURFACE_STYLE_USAGE ( .BOTH. , #157 ) ;
#301 = DIRECTION ( 'NONE',  ( 0.000000000000000000, 2.231155596111649136E-16, -1.000000000000000000 ) ) ;
#302 = ORIENTED_EDGE ( 'NONE', *, *, #1457, .T. ) ;
#303 = FILL_AREA_STYLE ('',( #691 ) ) ;
#304 = UNCERTAINTY_MEASURE_WITH_UNIT (LENGTH_MEASURE( 1.000000000000000082E-05 ), #1125, 'distance_accuracy_value', 'NONE');
#305 = EDGE_CURVE ( 'NONE', #819, #484, #1411, .T. ) ;
#306 = ORIENTED_EDGE ( 'NONE', *, *, #663, .F. ) ;
#307 = DIRECTION ( 'NONE',  ( -0.000000000000000000, -0.000000000000000000, 1.000000000000000000 ) ) ;
#308 =( NAMED_UNIT ( * ) PLANE_ANGLE_UNIT ( ) SI_UNIT ( $, .RADIAN. ) );
#309 = SURFACE_STYLE_FILL_AREA ( #1584 ) ;
#310 = CYLINDRICAL_SURFACE ( 'NONE', #1297, 3.400000000000000355 ) ;
#311 = EDGE_CURVE ( 'NONE', #203, #203, #398, .T. ) ;
#312 = VECTOR ( 'NONE', #379, 1000.000000000000000 ) ;
#313 = FILL_AREA_STYLE_COLOUR ( '', #1244 ) ;
#314 = AXIS2_PLACEMENT_3D ( 'NONE', #332, #193, #440 ) ;
#315 = VERTEX_POINT ( 'NONE', #1545 ) ;
#316 =( NAMED_UNIT ( * ) PLANE_ANGLE_UNIT ( ) SI_UNIT ( $, .RADIAN. ) );
#317 = VECTOR ( 'NONE', #1280, 1000.000000000000000 ) ;
#318 = DIRECTION ( 'NONE',  ( 0.000000000000000000, 2.231155596111649136E-16, -1.000000000000000000 ) ) ;
#319 = CIRCLE ( 'NONE', #1246, 3.400000000000000355 ) ;
#320 = DIRECTION ( 'NONE',  ( 0.000000000000000000, 1.000000000000000000, -3.143935068373794467E-16 ) ) ;
#321 =( GEOMETRIC_REPRESENTATION_CONTEXT ( 3 ) GLOBAL_UNCERTAINTY_ASSIGNED_CONTEXT ( ( #1279 ) ) GLOBAL_UNIT_ASSIGNED_CONTEXT ( ( #652, #383, #1156 ) ) REPRESENTATION_CONTEXT ( 'NONE', 'WORKASPACE' ) );
#322 = PRESENTATION_LAYER_ASSIGNMENT (  '', '', ( #1047 ) ) ;
#323 = FILL_AREA_STYLE_COLOUR ( '', #717 ) ;
#324 = FILL_AREA_STYLE ('',( #569 ) ) ;
#325 = VERTEX_POINT ( 'NONE', #1172 ) ;
#326 = DIRECTION ( 'NONE',  ( 0.000000000000000000, 1.000000000000000000, 0.000000000000000000 ) ) ;
#327 = CARTESIAN_POINT ( 'NONE',  ( 33.74999999999995737, 48.00000000000000000, 13.75000000000000711 ) ) ;
#328 = ORIENTED_EDGE ( 'NONE', *, *, #1307, .F. ) ;
#329 = PRESENTATION_STYLE_ASSIGNMENT (( #1464 ) ) ;
#330 = VERTEX_POINT ( 'NONE', #1423 ) ;
#331 = VERTEX_POINT ( 'NONE', #293 ) ;
#332 = CARTESIAN_POINT ( 'NONE',  ( 0.000000000000000000, 0.000000000000000000, -35.00000000000000000 ) ) ;
#333 = PRODUCT ( 'RD_headfrontV3__Default__012635951C54', 'RD_headfrontV3__Default__012635951C54', '', ( #235 ) ) ;
#334 = EDGE_CURVE ( 'NONE', #337, #492, #805, .T. ) ;
#335 =( NAMED_UNIT ( * ) SI_UNIT ( $, .STERADIAN. ) SOLID_ANGLE_UNIT ( ) );
#336 = FACE_BOUND ( 'NONE', #1531, .T. ) ;
#337 = VERTEX_POINT ( 'NONE', #779 ) ;
#338 = FILL_AREA_STYLE ('',( #1472 ) ) ;
#339 = VERTEX_POINT ( 'NONE', #1526 ) ;
#340 = ORIENTED_EDGE ( 'NONE', *, *, #74, .F. ) ;
#341 = COLOUR_RGB ( '',0.5999999999999999778, 0.1607843137254901800, 0.7529411764705882248 ) ;
#342 = ADVANCED_FACE ( 'NONE', ( #583 ), #212, .T. ) ;
#343 = COLOUR_RGB ( '',0.5999999999999999778, 0.1607843137254901800, 0.7529411764705882248 ) ;
#344 = FILL_AREA_STYLE ('',( #1020 ) ) ;
#345 = PRESENTATION_LAYER_ASSIGNMENT (  '', '', ( #1484 ) ) ;
#346 = DIRECTION ( 'NONE',  ( 0.7071067811865437980, 0.000000000000000000, 0.7071067811865513475 ) ) ;
#347 = EDGE_LOOP ( 'NONE', ( #1115 ) ) ;
#348 =( GEOMETRIC_REPRESENTATION_CONTEXT ( 3 ) GLOBAL_UNCERTAINTY_ASSIGNED_CONTEXT ( ( #186 ) ) GLOBAL_UNIT_ASSIGNED_CONTEXT ( ( #945, #615, #104 ) ) REPRESENTATION_CONTEXT ( 'NONE', 'WORKASPACE' ) );
#349 = FACE_OUTER_BOUND ( 'NONE', #1079, .T. ) ;
#350 = VERTEX_POINT ( 'NONE', #1231 ) ;
#351 = ORIENTED_EDGE ( 'NONE', *, *, #1334, .F. ) ;
#352 = PRODUCT_DEFINITION_CONTEXT ( 'detailed design', #1499, 'design' ) ;
#353 = CARTESIAN_POINT ( 'NONE',  ( 12.00000000000000000, 0.000000000000000000, 0.000000000000000000 ) ) ;
#354 = EDGE_CURVE ( 'NONE', #738, #855, #103, .T. ) ;
#355 = DIRECTION ( 'NONE',  ( -0.7071067811865485719, 0.000000000000000000, 0.7071067811865464625 ) ) ;
#356 = SURFACE_STYLE_USAGE ( .BOTH. , #864 ) ;
#357 = LINE ( 'NONE', #2, #581 ) ;
#358 = ORIENTED_EDGE ( 'NONE', *, *, #557, .F. ) ;
#359 = ORIENTED_EDGE ( 'NONE', *, *, #265, .F. ) ;
#360 = CARTESIAN_POINT ( 'NONE',  ( 47.50000000000000000, 42.52000000000000313, -32.99999999999999289 ) ) ;
#361 = EDGE_LOOP ( 'NONE', ( #358, #997, #1497, #40, #1257, #706, #576, #1129, #1331 ) ) ;
#362 =( LENGTH_UNIT ( ) NAMED_UNIT ( * ) SI_UNIT ( .MILLI., .METRE. ) );
#363 = CARTESIAN_POINT ( 'NONE',  ( 0.000000000000000000, 42.52000000000000313, -5.099999999999998757 ) ) ;
#364 = EDGE_CURVE ( 'NONE', #952, #952, #1041, .T. ) ;
#365 = FACE_OUTER_BOUND ( 'NONE', #127, .T. ) ;
#366 = ORIENTED_EDGE ( 'NONE', *, *, #895, .F. ) ;
#367 = ORIENTED_EDGE ( 'NONE', *, *, #442, .F. ) ;
#368 = DIRECTION ( 'NONE',  ( -1.000000000000000000, 0.000000000000000000, -0.000000000000000000 ) ) ;
#369 = LINE ( 'NONE', #1261, #428 ) ;
#370 = CARTESIAN_POINT ( 'NONE',  ( 38.40000000000001279, 39.91999999999999460, -9.000000000000000000 ) ) ;
#371 = VERTEX_POINT ( 'NONE', #1165 ) ;
#372 = FILL_AREA_STYLE_COLOUR ( '', #1319 ) ;
#373 = PRESENTATION_LAYER_ASSIGNMENT (  '', '', ( #139 ) ) ;
#374 = COLOUR_RGB ( '',0.5999999999999999778, 0.1607843137254901800, 0.7529411764705882248 ) ;
#375 = DIRECTION ( 'NONE',  ( 1.000000000000000000, 0.000000000000000000, -6.981856894704021739E-15 ) ) ;
#376 = STYLED_ITEM ( 'NONE', ( #1052 ), #1054 ) ;
#377 = CARTESIAN_POINT ( 'NONE',  ( 8.000000000000035527, 5.480000000000040394, -30.00000000000000355 ) ) ;
#378 = ORIENTED_EDGE ( 'NONE', *, *, #655, .T. ) ;
#379 = DIRECTION ( 'NONE',  ( -1.000000000000000000, -0.000000000000000000, -0.000000000000000000 ) ) ;
#380 = VECTOR ( 'NONE', #385, 1000.000000000000000 ) ;
#381 = MECHANICAL_DESIGN_GEOMETRIC_PRESENTATION_REPRESENTATION (  '', ( #1221 ), #348 ) ;
#382 = ORIENTED_EDGE ( 'NONE', *, *, #940, .F. ) ;
#383 =( NAMED_UNIT ( * ) PLANE_ANGLE_UNIT ( ) SI_UNIT ( $, .RADIAN. ) );
#384 = DIRECTION ( 'NONE',  ( 6.981856894704021739E-15, 3.143935068376201479E-16, 1.000000000000000000 ) ) ;
#385 = DIRECTION ( 'NONE',  ( -1.873351485936076736E-16, -1.000000000000000000, -0.000000000000000000 ) ) ;
#386 = ORIENTED_EDGE ( 'NONE', *, *, #940, .T. ) ;
#387 = FILL_AREA_STYLE_COLOUR ( '', #291 ) ;
#388 = ORIENTED_EDGE ( 'NONE', *, *, #262, .F. ) ;
#389 = DIRECTION ( 'NONE',  ( 0.000000000000000000, 0.000000000000000000, -1.000000000000000000 ) ) ;
#390 = EDGE_CURVE ( 'NONE', #1500, #984, #936, .T. ) ;
#391 = FILL_AREA_STYLE ('',( #1414 ) ) ;
#392 = FILL_AREA_STYLE ('',( #418 ) ) ;
#393 = FILL_AREA_STYLE ('',( #539 ) ) ;
#394 = EDGE_LOOP ( 'NONE', ( #466 ) ) ;
#395 = FILL_AREA_STYLE_COLOUR ( '', #1219 ) ;
#396 = AXIS2_PLACEMENT_3D ( 'NONE', #852, #257, #1233 ) ;
#397 = FACE_OUTER_BOUND ( 'NONE', #1582, .T. ) ;
#398 = CIRCLE ( 'NONE', #824, 0.9999999999999974465 ) ;
#399 = MECHANICAL_DESIGN_GEOMETRIC_PRESENTATION_REPRESENTATION (  '', ( #139 ), #1166 ) ;
#400 = FACE_OUTER_BOUND ( 'NONE', #1350, .T. ) ;
#401 = DIRECTION ( 'NONE',  ( 0.000000000000000000, 0.000000000000000000, 1.000000000000000000 ) ) ;
#402 =( GEOMETRIC_REPRESENTATION_CONTEXT ( 3 ) GLOBAL_UNCERTAINTY_ASSIGNED_CONTEXT ( ( #280 ) ) GLOBAL_UNIT_ASSIGNED_CONTEXT ( ( #1608, #921, #50 ) ) REPRESENTATION_CONTEXT ( 'NONE', 'WORKASPACE' ) );
#403 = ORIENTED_EDGE ( 'NONE', *, *, #1551, .T. ) ;
#404 = LINE ( 'NONE', #168, #1533 ) ;
#405 = STYLED_ITEM ( 'NONE', ( #549 ), #1143 ) ;
#406 = VECTOR ( 'NONE', #320, 1000.000000000000000 ) ;
#407 = SURFACE_STYLE_USAGE ( .BOTH. , #1282 ) ;
#408 = EDGE_CURVE ( 'NONE', #879, #492, #43, .T. ) ;
#409 = DIRECTION ( 'NONE',  ( -1.000000000000000000, 0.000000000000000000, 6.981856894704021739E-15 ) ) ;
#410 = CARTESIAN_POINT ( 'NONE',  ( 47.50000000000000000, 48.00000000000000000, 1.070954686133591585E-14 ) ) ;
#411 = LINE ( 'NONE', #640, #1065 ) ;
#412 = CARTESIAN_POINT ( 'NONE',  ( 12.00000000000000000, 62.00000000000000711, 7.592810154713591807E-15 ) ) ;
#413 = UNCERTAINTY_MEASURE_WITH_UNIT (LENGTH_MEASURE( 1.000000000000000082E-05 ), #782, 'distance_accuracy_value', 'NONE');
#414 = EDGE_CURVE ( 'NONE', #639, #1442, #161, .T. ) ;
#415 = LINE ( 'NONE', #928, #1085 ) ;
#416 = ORIENTED_EDGE ( 'NONE', *, *, #956, .T. ) ;
#417 =( NAMED_UNIT ( * ) PLANE_ANGLE_UNIT ( ) SI_UNIT ( $, .RADIAN. ) );
#418 = FILL_AREA_STYLE_COLOUR ( '', #1170 ) ;
#419 = PRESENTATION_LAYER_ASSIGNMENT (  '', '', ( #208 ) ) ;
#420 = CYLINDRICAL_SURFACE ( 'NONE', #422, 0.9999999999999991118 ) ;
#421 = PRESENTATION_LAYER_ASSIGNMENT (  '', '', ( #1145 ) ) ;
#422 = AXIS2_PLACEMENT_3D ( 'NONE', #1186, #943, #1454 ) ;
#423 = CARTESIAN_POINT ( 'NONE',  ( 5.000000000000044409, 7.347880794884098042E-16, -33.00000000000000000 ) ) ;
#424 = VECTOR ( 'NONE', #1254, 1000.000000000000000 ) ;
#425 = CARTESIAN_POINT ( 'NONE',  ( 38.40000000000001990, 42.52000000000000313, -56.10000000000941611 ) ) ;
#426 = ADVANCED_FACE ( 'NONE', ( #541 ), #662, .F. ) ;
#427 =( GEOMETRIC_REPRESENTATION_CONTEXT ( 3 ) GLOBAL_UNCERTAINTY_ASSIGNED_CONTEXT ( ( #1492 ) ) GLOBAL_UNIT_ASSIGNED_CONTEXT ( ( #1341, #1437, #950 ) ) REPRESENTATION_CONTEXT ( 'NONE', 'WORKASPACE' ) );
#428 = VECTOR ( 'NONE', #1479, 1000.000000000000000 ) ;
#429 = SURFACE_STYLE_FILL_AREA ( #726 ) ;
#430 = SURFACE_STYLE_FILL_AREA ( #195 ) ;
#431 = LINE ( 'NONE', #1440, #317 ) ;
#432 = ORIENTED_EDGE ( 'NONE', *, *, #6, .F. ) ;
#433 = CYLINDRICAL_SURFACE ( 'NONE', #1353, 0.9999999999999991118 ) ;
#434 = UNCERTAINTY_MEASURE_WITH_UNIT (LENGTH_MEASURE( 1.000000000000000082E-05 ), #882, 'distance_accuracy_value', 'NONE');
#435 = EDGE_CURVE ( 'NONE', #514, #879, #415, .T. ) ;
#436 = DIRECTION ( 'NONE',  ( 0.000000000000000000, 1.000000000000000000, 1.224646799147353454E-16 ) ) ;
#437 = FACE_OUTER_BOUND ( 'NONE', #1596, .T. ) ;
#438 = DIRECTION ( 'NONE',  ( -1.000000000000000000, -0.000000000000000000, -0.000000000000000000 ) ) ;
#439 = EDGE_LOOP ( 'NONE', ( #1117 ) ) ;
#440 = DIRECTION ( 'NONE',  ( 1.000000000000000000, 0.000000000000000000, -0.000000000000000000 ) ) ;
#441 = CARTESIAN_POINT ( 'NONE',  ( 17.00000000000000711, 13.50000000000000000, -13.00000000000001776 ) ) ;
#442 = EDGE_CURVE ( 'NONE', #1009, #485, #1424, .T. ) ;
#443 = ORIENTED_EDGE ( 'NONE', *, *, #489, .F. ) ;
#444 =( NAMED_UNIT ( * ) PLANE_ANGLE_UNIT ( ) SI_UNIT ( $, .RADIAN. ) );
#445 = EDGE_LOOP ( 'NONE', ( #842, #177, #269, #1268 ) ) ;
#446 = VECTOR ( 'NONE', #1395, 1000.000000000000000 ) ;
#447 =( LENGTH_UNIT ( ) NAMED_UNIT ( * ) SI_UNIT ( .MILLI., .METRE. ) );
#448 = AXIS2_PLACEMENT_3D ( 'NONE', #722, #1100, #734 ) ;
#449 = UNCERTAINTY_MEASURE_WITH_UNIT (LENGTH_MEASURE( 1.000000000000000082E-05 ), #1485, 'distance_accuracy_value', 'NONE');
#450 = FILL_AREA_STYLE ('',( #1324 ) ) ;
#451 =( GEOMETRIC_REPRESENTATION_CONTEXT ( 3 ) GLOBAL_UNCERTAINTY_ASSIGNED_CONTEXT ( ( #659 ) ) GLOBAL_UNIT_ASSIGNED_CONTEXT ( ( #87, #687, #1185 ) ) REPRESENTATION_CONTEXT ( 'NONE', 'WORKASPACE' ) );
#452 = AXIS2_PLACEMENT_3D ( 'NONE', #1565, #204, #1471 ) ;
#453 = CARTESIAN_POINT ( 'NONE',  ( 38.40000000000001279, 42.52000000000000313, -5.099999999999998757 ) ) ;
#454 = MECHANICAL_DESIGN_GEOMETRIC_PRESENTATION_REPRESENTATION (  '', ( #62 ), #1579 ) ;
#455 =( LENGTH_UNIT ( ) NAMED_UNIT ( * ) SI_UNIT ( .MILLI., .METRE. ) );
#456 = DIRECTION ( 'NONE',  ( 1.000000000000000000, -0.000000000000000000, -0.000000000000000000 ) ) ;
#457 = EDGE_CURVE ( 'NONE', #1032, #132, #806, .T. ) ;
#458 = SURFACE_STYLE_FILL_AREA ( #324 ) ;
#459 = ORIENTED_EDGE ( 'NONE', *, *, #123, .F. ) ;
#460 = EDGE_LOOP ( 'NONE', ( #731, #568, #627, #1197 ) ) ;
#461 = PLANE ( 'NONE',  #314 ) ;
#462 =( NAMED_UNIT ( * ) PLANE_ANGLE_UNIT ( ) SI_UNIT ( $, .RADIAN. ) );
#463 = DIRECTION ( 'NONE',  ( 0.000000000000000000, 0.000000000000000000, -1.000000000000000000 ) ) ;
#464 = DIRECTION ( 'NONE',  ( -0.000000000000000000, 0.000000000000000000, 1.000000000000000000 ) ) ;
#465 = ORIENTED_EDGE ( 'NONE', *, *, #702, .T. ) ;
#466 = ORIENTED_EDGE ( 'NONE', *, *, #169, .T. ) ;
#467 = EDGE_CURVE ( 'NONE', #315, #198, #404, .T. ) ;
#468 = DIRECTION ( 'NONE',  ( 1.445602896647339163E-16, 1.000000000000000000, 0.000000000000000000 ) ) ;
#469 = DIRECTION ( 'NONE',  ( -0.000000000000000000, -0.000000000000000000, 1.000000000000000000 ) ) ;
#470 = PRESENTATION_STYLE_ASSIGNMENT (( #1012 ) ) ;
#471 = LINE ( 'NONE', #1329, #983 ) ;
#472 = EDGE_LOOP ( 'NONE', ( #366, #351, #93, #386 ) ) ;
#473 = MECHANICAL_DESIGN_GEOMETRIC_PRESENTATION_REPRESENTATION (  '', ( #176 ), #1210 ) ;
#474 = CARTESIAN_POINT ( 'NONE',  ( 0.000000000000000000, 48.00000000000000000, 1.070954686133591585E-14 ) ) ;
#475 = VECTOR ( 'NONE', #1304, 1000.000000000000000 ) ;
#476 = EDGE_CURVE ( 'NONE', #1127, #595, #944, .T. ) ;
#477 = VECTOR ( 'NONE', #1110, 1000.000000000000000 ) ;
#478 = LINE ( 'NONE', #124, #424 ) ;
#479 = VECTOR ( 'NONE', #888, 1000.000000000000000 ) ;
#480 = CARTESIAN_POINT ( 'NONE',  ( 3.000000000000005329, 5.480000000000019966, -35.00000000000000000 ) ) ;
#481 = VECTOR ( 'NONE', #1358, 1000.000000000000000 ) ;
#482 = LINE ( 'NONE', #993, #1313 ) ;
#483 = DIRECTION ( 'NONE',  ( 1.000000000000000000, -9.641791918167720744E-16, 0.000000000000000000 ) ) ;
#484 = VERTEX_POINT ( 'NONE', #555 ) ;
#485 = VERTEX_POINT ( 'NONE', #1558 ) ;
#486 = EDGE_LOOP ( 'NONE', ( #1292 ) ) ;
#487 = CARTESIAN_POINT ( 'NONE',  ( 20.39999999999994884, 42.52000000000000313, -5.099999999999998757 ) ) ;
#488 = PLANE ( 'NONE',  #60 ) ;
#489 = EDGE_CURVE ( 'NONE', #553, #1337, #431, .T. ) ;
#490 = FACE_OUTER_BOUND ( 'NONE', #361, .T. ) ;
#491 = DIRECTION ( 'NONE',  ( -1.000000000000000000, 8.673617379884034239E-17, 0.000000000000000000 ) ) ;
#492 = VERTEX_POINT ( 'NONE', #657 ) ;
#493 = LINE ( 'NONE', #360, #14 ) ;
#494 = EDGE_LOOP ( 'NONE', ( #162, #629, #254, #1328 ) ) ;
#495 = CARTESIAN_POINT ( 'NONE',  ( 47.50000000000000000, 42.52000000000000313, -34.99999999999999289 ) ) ;
#496 = LINE ( 'NONE', #1232, #934 ) ;
#497 = LINE ( 'NONE', #125, #278 ) ;
#498 = CARTESIAN_POINT ( 'NONE',  ( 19.99999999999999645, 1.001513960351504862E-30, 0.000000000000000000 ) ) ;
#499 = PRESENTATION_STYLE_ASSIGNMENT (( #8 ) ) ;
#500 = ORIENTED_EDGE ( 'NONE', *, *, #1529, .T. ) ;
#501 = ORIENTED_EDGE ( 'NONE', *, *, #1311, .F. ) ;
#502 = LINE ( 'NONE', #1136, #1400 ) ;
#503 = PRESENTATION_LAYER_ASSIGNMENT (  '', '', ( #1209 ) ) ;
#504 = ORIENTED_EDGE ( 'NONE', *, *, #880, .F. ) ;
#505 = CIRCLE ( 'NONE', #577, 0.9999999999999991118 ) ;
#506 = DIRECTION ( 'NONE',  ( -1.405013614452059155E-16, 1.000000000000000000, -0.000000000000000000 ) ) ;
#507 = MECHANICAL_DESIGN_GEOMETRIC_PRESENTATION_REPRESENTATION (  '', ( #42 ), #579 ) ;
#508 = SURFACE_STYLE_FILL_AREA ( #592 ) ;
#509 =( GEOMETRIC_REPRESENTATION_CONTEXT ( 3 ) GLOBAL_UNCERTAINTY_ASSIGNED_CONTEXT ( ( #449 ) ) GLOBAL_UNIT_ASSIGNED_CONTEXT ( ( #1485, #444, #1561 ) ) REPRESENTATION_CONTEXT ( 'NONE', 'WORKASPACE' ) );
#510 = MECHANICAL_DESIGN_GEOMETRIC_PRESENTATION_REPRESENTATION (  '', ( #913 ), #115 ) ;
#511 = CARTESIAN_POINT ( 'NONE',  ( 38.40000000000000568, 5.480000000000002203, -15.09999999999999964 ) ) ;
#512 = CARTESIAN_POINT ( 'NONE',  ( 38.40000000000000568, 5.480000000000002203, -2.599999999999998757 ) ) ;
#513 = FILL_AREA_STYLE ('',( #1104 ) ) ;
#514 = VERTEX_POINT ( 'NONE', #1160 ) ;
#515 = COLOUR_RGB ( '',0.5999999999999999778, 0.1607843137254901800, 0.7529411764705882248 ) ;
#516 = EDGE_CURVE ( 'NONE', #723, #723, #1481, .T. ) ;
#517 = CARTESIAN_POINT ( 'NONE',  ( 47.50000000000000000, 5.480000000000002203, -35.00000000000000000 ) ) ;
#518 = LINE ( 'NONE', #1271, #1045 ) ;
#519 = ORIENTED_EDGE ( 'NONE', *, *, #457, .F. ) ;
#520 =( NAMED_UNIT ( * ) PLANE_ANGLE_UNIT ( ) SI_UNIT ( $, .RADIAN. ) );
#521 = EDGE_CURVE ( 'NONE', #1470, #1470, #1503, .T. ) ;
#522 = UNCERTAINTY_MEASURE_WITH_UNIT (LENGTH_MEASURE( 1.000000000000000082E-05 ), #540, 'distance_accuracy_value', 'NONE');
#523 = DIRECTION ( 'NONE',  ( -1.000000000000000000, -0.000000000000000000, -0.000000000000000000 ) ) ;
#524 = EDGE_LOOP ( 'NONE', ( #661, #47, #1064, #1163 ) ) ;
#525 = FILL_AREA_STYLE ('',( #189 ) ) ;
#526 = DIRECTION ( 'NONE',  ( -1.000000000000000000, 3.641868946732744397E-32, -2.973811673103097665E-16 ) ) ;
#527 = DIRECTION ( 'NONE',  ( -1.445602896647339163E-16, -1.000000000000000000, 3.143935068373804328E-16 ) ) ;
#528 = VECTOR ( 'NONE', #919, 1000.000000000000000 ) ;
#529 = EDGE_CURVE ( 'NONE', #1228, #233, #471, .T. ) ;
#530 = MECHANICAL_DESIGN_GEOMETRIC_PRESENTATION_REPRESENTATION (  '', ( #271 ), #851 ) ;
#531 = AXIS2_PLACEMENT_3D ( 'NONE', #35, #526, #1534 ) ;
#532 = VERTEX_POINT ( 'NONE', #1227 ) ;
#533 = PRESENTATION_LAYER_ASSIGNMENT (  '', '', ( #23 ) ) ;
#534 = DIRECTION ( 'NONE',  ( -0.000000000000000000, 0.000000000000000000, 1.000000000000000000 ) ) ;
#535 = VECTOR ( 'NONE', #1563, 1000.000000000000000 ) ;
#536 = AXIS2_PLACEMENT_3D ( 'NONE', #740, #1101, #11 ) ;
#537 = ADVANCED_FACE ( 'NONE', ( #1595 ), #197, .T. ) ;
#538 = DIRECTION ( 'NONE',  ( 0.000000000000000000, -2.231155596111649136E-16, 1.000000000000000000 ) ) ;
#539 = FILL_AREA_STYLE_COLOUR ( '', #614 ) ;
#540 =( LENGTH_UNIT ( ) NAMED_UNIT ( * ) SI_UNIT ( .MILLI., .METRE. ) );
#541 = FACE_OUTER_BOUND ( 'NONE', #1142, .T. ) ;
#542 = EDGE_LOOP ( 'NONE', ( #56 ) ) ;
#543 =( LENGTH_UNIT ( ) NAMED_UNIT ( * ) SI_UNIT ( .MILLI., .METRE. ) );
#544 = PRESENTATION_STYLE_ASSIGNMENT (( #1158 ) ) ;
#545 = ORIENTED_EDGE ( 'NONE', *, *, #1211, .F. ) ;
#546 = PRESENTATION_STYLE_ASSIGNMENT (( #154 ) ) ;
#547 = EDGE_CURVE ( 'NONE', #1009, #350, #1349, .T. ) ;
#548 = DIRECTION ( 'NONE',  ( -0.000000000000000000, -1.000000000000000000, -0.000000000000000000 ) ) ;
#549 = PRESENTATION_STYLE_ASSIGNMENT (( #53 ) ) ;
#550 = DIRECTION ( 'NONE',  ( 0.000000000000000000, 1.224646799147353454E-16, -1.000000000000000000 ) ) ;
#551 = MECHANICAL_DESIGN_GEOMETRIC_PRESENTATION_REPRESENTATION (  '', ( #208 ), #909 ) ;
#552 = DIRECTION ( 'NONE',  ( 0.000000000000000000, 1.224646799147353454E-16, -1.000000000000000000 ) ) ;
#553 = VERTEX_POINT ( 'NONE', #175 ) ;
#554 = VECTOR ( 'NONE', #575, 1000.000000000000000 ) ;
#555 = CARTESIAN_POINT ( 'NONE',  ( 8.000000000000007105, 5.480000000000002203, -56.10000000000918163 ) ) ;
#556 = SURFACE_SIDE_STYLE ('',( #938 ) ) ;
#557 = EDGE_CURVE ( 'NONE', #233, #1032, #714, .T. ) ;
#558 = COLOUR_RGB ( '',0.5999999999999999778, 0.1607843137254901800, 0.7529411764705882248 ) ;
#559 = SURFACE_STYLE_USAGE ( .BOTH. , #61 ) ;
#560 = VERTEX_POINT ( 'NONE', #1223 ) ;
#561 = CARTESIAN_POINT ( 'NONE',  ( 43.39999999999999858, 11.48000000000000043, -9.000000000000000000 ) ) ;
#562 = PRESENTATION_STYLE_ASSIGNMENT (( #967 ) ) ;
#563 =( LENGTH_UNIT ( ) NAMED_UNIT ( * ) SI_UNIT ( .MILLI., .METRE. ) );
#564 = PRESENTATION_STYLE_ASSIGNMENT (( #1208 ) ) ;
#565 =( NAMED_UNIT ( * ) PLANE_ANGLE_UNIT ( ) SI_UNIT ( $, .RADIAN. ) );
#566 = CARTESIAN_POINT ( 'NONE',  ( 47.50000000000000000, 11.48000000000000043, -12.40000000000000036 ) ) ;
#567 = FACE_OUTER_BOUND ( 'NONE', #1025, .T. ) ;
#568 = ORIENTED_EDGE ( 'NONE', *, *, #1168, .F. ) ;
#569 = FILL_AREA_STYLE_COLOUR ( '', #751 ) ;
#570 = VERTEX_POINT ( 'NONE', #190 ) ;
#571 = CARTESIAN_POINT ( 'NONE',  ( 22.00000000000001421, 13.49999999999999822, -28.00000000000001776 ) ) ;
#572 = DIRECTION ( 'NONE',  ( -0.000000000000000000, 0.000000000000000000, 1.000000000000000000 ) ) ;
#573 = EDGE_CURVE ( 'NONE', #1229, #330, #1336, .T. ) ;
#574 = COLOUR_RGB ( '',0.5999999999999999778, 0.1607843137254901800, 0.7529411764705882248 ) ;
#575 = DIRECTION ( 'NONE',  ( -0.000000000000000000, -1.000000000000000000, 3.143935068373794467E-16 ) ) ;
#576 = ORIENTED_EDGE ( 'NONE', *, *, #143, .F. ) ;
#577 = AXIS2_PLACEMENT_3D ( 'NONE', #1339, #718, #1230 ) ;
#578 = ORIENTED_EDGE ( 'NONE', *, *, #311, .F. ) ;
#579 =( GEOMETRIC_REPRESENTATION_CONTEXT ( 3 ) GLOBAL_UNCERTAINTY_ASSIGNED_CONTEXT ( ( #1463 ) ) GLOBAL_UNIT_ASSIGNED_CONTEXT ( ( #589, #1473, #28 ) ) REPRESENTATION_CONTEXT ( 'NONE', 'WORKASPACE' ) );
#580 = PLANE ( 'NONE',  #1017 ) ;
#581 = VECTOR ( 'NONE', #483, 1000.000000000000000 ) ;
#582 = MECHANICAL_DESIGN_GEOMETRIC_PRESENTATION_REPRESENTATION (  '', ( #23 ), #1455 ) ;
#583 = FACE_OUTER_BOUND ( 'NONE', #1103, .T. ) ;
#584 = CARTESIAN_POINT ( 'NONE',  ( 12.00000000000000888, 34.50000000000000000, -27.00000000000002487 ) ) ;
#585 = VECTOR ( 'NONE', #1513, 1000.000000000000000 ) ;
#586 = LINE ( 'NONE', #327, #117 ) ;
#587 = CARTESIAN_POINT ( 'NONE',  ( 47.50000000000000000, 11.48000000000000043, -9.000000000000000000 ) ) ;
#588 = EDGE_CURVE ( 'NONE', #153, #325, #704, .T. ) ;
#589 =( LENGTH_UNIT ( ) NAMED_UNIT ( * ) SI_UNIT ( .MILLI., .METRE. ) );
#590 = ORIENTED_EDGE ( 'NONE', *, *, #489, .T. ) ;
#591 = EDGE_LOOP ( 'NONE', ( #1378, #268, #590, #1399, #773, #465 ) ) ;
#592 = FILL_AREA_STYLE ('',( #765 ) ) ;
#593 = FILL_AREA_STYLE ('',( #98 ) ) ;
#594 = DIRECTION ( 'NONE',  ( 0.000000000000000000, 1.000000000000000000, 0.000000000000000000 ) ) ;
#595 = VERTEX_POINT ( 'NONE', #698 ) ;
#596 = VERTEX_POINT ( 'NONE', #1586 ) ;
#597 = ORIENTED_EDGE ( 'NONE', *, *, #216, .T. ) ;
#598 = EDGE_CURVE ( 'NONE', #1453, #1453, #688, .T. ) ;
#599 = SURFACE_STYLE_USAGE ( .BOTH. , #1354 ) ;
#600 = LINE ( 'NONE', #772, #649 ) ;
#601 = CARTESIAN_POINT ( 'NONE',  ( 19.99999999999999645, -2.913495157386194204E-31, 0.000000000000000000 ) ) ;
#602 = DIRECTION ( 'NONE',  ( 1.445602896647339163E-16, 1.000000000000000000, 0.000000000000000000 ) ) ;
#603 = DIRECTION ( 'NONE',  ( -1.405013614452059155E-16, 1.000000000000000000, -0.000000000000000000 ) ) ;
#604 = DIRECTION ( 'NONE',  ( 3.641868946732744397E-32, 1.000000000000000000, -0.000000000000000000 ) ) ;
#605 = SURFACE_SIDE_STYLE ('',( #1133 ) ) ;
#606 = ORIENTED_EDGE ( 'NONE', *, *, #1180, .T. ) ;
#607 = VERTEX_POINT ( 'NONE', #1196 ) ;
#608 = ORIENTED_EDGE ( 'NONE', *, *, #1478, .T. ) ;
#609 = STYLED_ITEM ( 'NONE', ( #870 ), #51 ) ;
#610 =( GEOMETRIC_REPRESENTATION_CONTEXT ( 3 ) GLOBAL_UNCERTAINTY_ASSIGNED_CONTEXT ( ( #700 ) ) GLOBAL_UNIT_ASSIGNED_CONTEXT ( ( #225, #308, #970 ) ) REPRESENTATION_CONTEXT ( 'NONE', 'WORKASPACE' ) );
#611 = SURFACE_SIDE_STYLE ('',( #1388 ) ) ;
#612 = ADVANCED_FACE ( 'NONE', ( #70 ), #1458, .F. ) ;
#613 = COLOUR_RGB ( '',0.5999999999999999778, 0.1607843137254901800, 0.7529411764705882248 ) ;
#614 = COLOUR_RGB ( '',0.5999999999999999778, 0.1607843137254901800, 0.7529411764705882248 ) ;
#615 =( NAMED_UNIT ( * ) PLANE_ANGLE_UNIT ( ) SI_UNIT ( $, .RADIAN. ) );
#616 =( GEOMETRIC_REPRESENTATION_CONTEXT ( 3 ) GLOBAL_UNCERTAINTY_ASSIGNED_CONTEXT ( ( #1289 ) ) GLOBAL_UNIT_ASSIGNED_CONTEXT ( ( #1383, #1594, #897 ) ) REPRESENTATION_CONTEXT ( 'NONE', 'WORKASPACE' ) );
#617 = LINE ( 'NONE', #869, #645 ) ;
#618 = COLOUR_RGB ( '',0.5999999999999999778, 0.1607843137254901800, 0.7529411764705882248 ) ;
#619 = LINE ( 'NONE', #1393, #1506 ) ;
#620 = ORIENTED_EDGE ( 'NONE', *, *, #809, .T. ) ;
#621 = CARTESIAN_POINT ( 'NONE',  ( 0.000000000000000000, 0.000000000000000000, -5.099999999999998757 ) ) ;
#622 = DIRECTION ( 'NONE',  ( -0.000000000000000000, -0.000000000000000000, 1.000000000000000000 ) ) ;
#623 =( NAMED_UNIT ( * ) SI_UNIT ( $, .STERADIAN. ) SOLID_ANGLE_UNIT ( ) );
#624 = CARTESIAN_POINT ( 'NONE',  ( 38.40000000000000568, 5.480000000000002203, -2.599999999999998757 ) ) ;
#625 = LINE ( 'NONE', #1490, #220 ) ;
#626 = ORIENTED_EDGE ( 'NONE', *, *, #516, .T. ) ;
#627 = ORIENTED_EDGE ( 'NONE', *, *, #143, .T. ) ;
#628 = CARTESIAN_POINT ( 'NONE',  ( 8.000000000000026645, 5.480000000000040394, -38.00000000000000711 ) ) ;
#629 = ORIENTED_EDGE ( 'NONE', *, *, #1249, .F. ) ;
#630 = VERTEX_POINT ( 'NONE', #1372 ) ;
#631 = PRESENTATION_STYLE_ASSIGNMENT (( #130 ) ) ;
#632 = EDGE_CURVE ( 'NONE', #1337, #1229, #126, .T. ) ;
#633 = CARTESIAN_POINT ( 'NONE',  ( 8.000000000000035527, 0.000000000000000000, -30.00000000000000355 ) ) ;
#634 = SURFACE_SIDE_STYLE ('',( #994 ) ) ;
#635 = DIRECTION ( 'NONE',  ( -0.000000000000000000, 1.000000000000000000, -0.000000000000000000 ) ) ;
#636 = ORIENTED_EDGE ( 'NONE', *, *, #1367, .T. ) ;
#637 = UNCERTAINTY_MEASURE_WITH_UNIT (LENGTH_MEASURE( 1.000000000000000082E-05 ), #264, 'distance_accuracy_value', 'NONE');
#638 =( NAMED_UNIT ( * ) PLANE_ANGLE_UNIT ( ) SI_UNIT ( $, .RADIAN. ) );
#639 = VERTEX_POINT ( 'NONE', #776 ) ;
#640 = CARTESIAN_POINT ( 'NONE',  ( 5.000000000000044409, 7.347880794884098042E-16, -33.00000000000000000 ) ) ;
#641 = VECTOR ( 'NONE', #318, 1000.000000000000000 ) ;
#642 = MECHANICAL_DESIGN_GEOMETRIC_PRESENTATION_REPRESENTATION (  '', ( #883 ), #451 ) ;
#643 = MECHANICAL_DESIGN_GEOMETRIC_PRESENTATION_REPRESENTATION (  '', ( #376 ), #1405 ) ;
#644 = LINE ( 'NONE', #363, #250 ) ;
#645 = VECTOR ( 'NONE', #1376, 1000.000000000000000 ) ;
#646 = ADVANCED_FACE ( 'NONE', ( #365 ), #1140, .T. ) ;
#647 = PLANE ( 'NONE',  #274 ) ;
#648 = VERTEX_POINT ( 'NONE', #890 ) ;
#649 = VECTOR ( 'NONE', #506, 1000.000000000000000 ) ;
#650 = PRESENTATION_STYLE_ASSIGNMENT (( #134 ) ) ;
#651 = FILL_AREA_STYLE_COLOUR ( '', #1375 ) ;
#652 =( LENGTH_UNIT ( ) NAMED_UNIT ( * ) SI_UNIT ( .MILLI., .METRE. ) );
#653 = PLANE ( 'NONE',  #694 ) ;
#654 = FILL_AREA_STYLE ('',( #1288 ) ) ;
#655 = EDGE_CURVE ( 'NONE', #901, #705, #619, .T. ) ;
#656 = UNCERTAINTY_MEASURE_WITH_UNIT (LENGTH_MEASURE( 1.000000000000000082E-05 ), #543, 'distance_accuracy_value', 'NONE');
#657 = CARTESIAN_POINT ( 'NONE',  ( 38.40000000000000568, 5.480000000000002203, -15.09999999999999964 ) ) ;
#658 = EDGE_CURVE ( 'NONE', #315, #331, #267, .T. ) ;
#659 = UNCERTAINTY_MEASURE_WITH_UNIT (LENGTH_MEASURE( 1.000000000000000082E-05 ), #87, 'distance_accuracy_value', 'NONE');
#660 = SURFACE_STYLE_FILL_AREA ( #654 ) ;
#661 = ORIENTED_EDGE ( 'NONE', *, *, #476, .F. ) ;
#662 = PLANE ( 'NONE',  #827 ) ;
#663 = EDGE_CURVE ( 'NONE', #1562, #553, #357, .T. ) ;
#664 = VECTOR ( 'NONE', #912, 1000.000000000000000 ) ;
#665 = CARTESIAN_POINT ( 'NONE',  ( 19.99999999999999645, 48.00000000000000000, 0.000000000000000000 ) ) ;
#666 = SURFACE_SIDE_STYLE ('',( #156 ) ) ;
#667 = STYLED_ITEM ( 'NONE', ( #1092 ), #342 ) ;
#668 = PRESENTATION_LAYER_ASSIGNMENT (  '', '', ( #42 ) ) ;
#669 = SURFACE_STYLE_USAGE ( .BOTH. , #1044 ) ;
#670 =( NAMED_UNIT ( * ) PLANE_ANGLE_UNIT ( ) SI_UNIT ( $, .RADIAN. ) );
#671 = PRESENTATION_LAYER_ASSIGNMENT (  '', '', ( #913 ) ) ;
#672 = STYLED_ITEM ( 'NONE', ( #631 ), #1033 ) ;
#673 = CARTESIAN_POINT ( 'NONE',  ( 12.00000000000000888, 13.49999999999999822, -28.00000000000002132 ) ) ;
#674 = FILL_AREA_STYLE ('',( #1435 ) ) ;
#675 = LINE ( 'NONE', #1548, #528 ) ;
#676 = CARTESIAN_POINT ( 'NONE',  ( 8.000000000000021316, 42.52000000000000313, -35.00000000000000000 ) ) ;
#677 = CARTESIAN_POINT ( 'NONE',  ( 47.50000000000000000, 5.480000000000002203, 0.000000000000000000 ) ) ;
#678 = ORIENTED_EDGE ( 'NONE', *, *, #1190, .F. ) ;
#679 = CARTESIAN_POINT ( 'NONE',  ( 12.00000000000000888, 42.52000000000000313, -35.00000000000000000 ) ) ;
#680 =( NAMED_UNIT ( * ) PLANE_ANGLE_UNIT ( ) SI_UNIT ( $, .RADIAN. ) );
#681 = CARTESIAN_POINT ( 'NONE',  ( 38.40000000000000568, 5.480000000000002203, -5.099999999999998757 ) ) ;
#682 = EDGE_CURVE ( 'NONE', #879, #901, #1386, .T. ) ;
#683 =( NAMED_UNIT ( * ) SI_UNIT ( $, .STERADIAN. ) SOLID_ANGLE_UNIT ( ) );
#684 = PRESENTATION_STYLE_ASSIGNMENT (( #296 ) ) ;
#685 = CARTESIAN_POINT ( 'NONE',  ( 12.00000000000000355, 13.50000000000000000, -14.00000000000001954 ) ) ;
#686 = CLOSED_SHELL ( 'NONE', ( #612, #1033, #426, #646, #342, #1143, #298, #51, #1398, #192, #1054, #838, #166, #1390, #1410, #789, #815, #709, #174, #131, #1518, #847, #16, #1028, #149, #784, #1131, #1106, #1489, #32, #537, #1428, #763 ) ) ;
#687 =( NAMED_UNIT ( * ) PLANE_ANGLE_UNIT ( ) SI_UNIT ( $, .RADIAN. ) );
#688 = CIRCLE ( 'NONE', #292, 1.000000000000000888 ) ;
#689 = DIRECTION ( 'NONE',  ( -1.000000000000000000, 0.000000000000000000, 0.000000000000000000 ) ) ;
#690 = ORIENTED_EDGE ( 'NONE', *, *, #311, .T. ) ;
#691 = FILL_AREA_STYLE_COLOUR ( '', #1406 ) ;
#692 = FILL_AREA_STYLE_COLOUR ( '', #781 ) ;
#693 = STYLED_ITEM ( 'NONE', ( #1448 ), #1131 ) ;
#694 = AXIS2_PLACEMENT_3D ( 'NONE', #412, #1415, #785 ) ;
#695 = VERTEX_POINT ( 'NONE', #566 ) ;
#696 = FILL_AREA_STYLE_COLOUR ( '', #374 ) ;
#697 = CYLINDRICAL_SURFACE ( 'NONE', #1042, 3.399999999999998579 ) ;
#698 = CARTESIAN_POINT ( 'NONE',  ( 38.40000000000001990, 42.52000000000000313, -31.10000000000000142 ) ) ;
#699 = FACE_OUTER_BOUND ( 'NONE', #439, .T. ) ;
#700 = UNCERTAINTY_MEASURE_WITH_UNIT (LENGTH_MEASURE( 1.000000000000000082E-05 ), #225, 'distance_accuracy_value', 'NONE');
#701 = LINE ( 'NONE', #474, #641 ) ;
#702 = EDGE_CURVE ( 'NONE', #1504, #607, #1359, .T. ) ;
#703 = PRESENTATION_STYLE_ASSIGNMENT (( #1439 ) ) ;
#704 = LINE ( 'NONE', #64, #554 ) ;
#705 = VERTEX_POINT ( 'NONE', #1495 ) ;
#706 = ORIENTED_EDGE ( 'NONE', *, *, #74, .T. ) ;
#707 = LINE ( 'NONE', #1011, #479 ) ;
#708 = FACE_OUTER_BOUND ( 'NONE', #524, .T. ) ;
#709 = ADVANCED_FACE ( 'NONE', ( #758, #1514, #140 ), #647, .F. ) ;
#710 = FACE_BOUND ( 'NONE', #394, .T. ) ;
#711 = MECHANICAL_DESIGN_GEOMETRIC_PRESENTATION_REPRESENTATION (  '', ( #1209 ), #1144 ) ;
#712 = SURFACE_STYLE_FILL_AREA ( #1447 ) ;
#713 = CARTESIAN_POINT ( 'NONE',  ( 12.00000000000001066, -24.83517771678074482, -34.99999999999999289 ) ) ;
#714 = LINE ( 'NONE', #1320, #1212 ) ;
#715 = EDGE_LOOP ( 'NONE', ( #1037, #231, #77, #1338 ) ) ;
#716 = ORIENTED_EDGE ( 'NONE', *, *, #262, .T. ) ;
#717 = COLOUR_RGB ( '',0.5999999999999999778, 0.1607843137254901800, 0.7529411764705882248 ) ;
#718 = DIRECTION ( 'NONE',  ( -1.000000000000000000, -0.000000000000000000, -0.000000000000000000 ) ) ;
#719 = VECTOR ( 'NONE', #491, 1000.000000000000000 ) ;
#720 =( GEOMETRIC_REPRESENTATION_CONTEXT ( 3 ) GLOBAL_UNCERTAINTY_ASSIGNED_CONTEXT ( ( #36 ) ) GLOBAL_UNIT_ASSIGNED_CONTEXT ( ( #832, #194, #840 ) ) REPRESENTATION_CONTEXT ( 'NONE', 'WORKASPACE' ) );
#721 = CARTESIAN_POINT ( 'NONE',  ( 38.40000000000001279, -5.551115123125783491E-15, -123.6296231294182206 ) ) ;
#722 = CARTESIAN_POINT ( 'NONE',  ( 8.000000000000035527, 0.000000000000000000, -30.00000000000000355 ) ) ;
#723 = VERTEX_POINT ( 'NONE', #584 ) ;
#724 = VECTOR ( 'NONE', #992, 1000.000000000000000 ) ;
#725 = PRODUCT_RELATED_PRODUCT_CATEGORY ( 'part', '', ( #333 ) ) ;
#726 = FILL_AREA_STYLE ('',( #1077 ) ) ;
#727 = MECHANICAL_DESIGN_GEOMETRIC_PRESENTATION_REPRESENTATION (  '', ( #1432 ), #427 ) ;
#728 = DIRECTION ( 'NONE',  ( 0.000000000000000000, 1.224646799147353207E-16, -1.000000000000000000 ) ) ;
#729 = EDGE_CURVE ( 'NONE', #648, #331, #1308, .T. ) ;
#730 =( LENGTH_UNIT ( ) NAMED_UNIT ( * ) SI_UNIT ( .MILLI., .METRE. ) );
#731 = ORIENTED_EDGE ( 'NONE', *, *, #54, .F. ) ;
#732 = ORIENTED_EDGE ( 'NONE', *, *, #334, .T. ) ;
#733 = CARTESIAN_POINT ( 'NONE',  ( 5.000000000000049738, 42.52000000000000313, -32.99999999999999289 ) ) ;
#734 = DIRECTION ( 'NONE',  ( 0.000000000000000000, 1.000000000000000000, 0.000000000000000000 ) ) ;
#735 =( NAMED_UNIT ( * ) SI_UNIT ( $, .STERADIAN. ) SOLID_ANGLE_UNIT ( ) );
#736 = EDGE_CURVE ( 'NONE', #984, #148, #1179, .T. ) ;
#737 = CARTESIAN_POINT ( 'NONE',  ( 3.000000000000000000, 48.00000000000000711, -38.00000000000000711 ) ) ;
#738 = VERTEX_POINT ( 'NONE', #1036 ) ;
#739 = ORIENTED_EDGE ( 'NONE', *, *, #354, .F. ) ;
#740 = CARTESIAN_POINT ( 'NONE',  ( 22.00000000000001421, 34.50000000000000000, -28.00000000000001776 ) ) ;
#741 =( NAMED_UNIT ( * ) PLANE_ANGLE_UNIT ( ) SI_UNIT ( $, .RADIAN. ) );
#742 = CARTESIAN_POINT ( 'NONE',  ( 12.00000000000001421, 5.480000000000040394, -35.00000000000000000 ) ) ;
#743 = CARTESIAN_POINT ( 'NONE',  ( 47.50000000000000000, 0.000000000000000000, 0.000000000000000000 ) ) ;
#744 = DIRECTION ( 'NONE',  ( -0.7071067811865486830, 2.575190228427437361E-32, 0.7071067811865464625 ) ) ;
#745 = EDGE_LOOP ( 'NONE', ( #504, #1511, #1202, #223 ) ) ;
#746 = MECHANICAL_DESIGN_GEOMETRIC_PRESENTATION_REPRESENTATION (  '', ( #907 ), #1082 ) ;
#747 = CARTESIAN_POINT ( 'NONE',  ( 4.714821648428290033E-13, 48.00000000000000711, -56.10000000000914611 ) ) ;
#748 = PRODUCT_DEFINITION ( 'UNKNOWN', '', #1487, #352 ) ;
#749 = AXIS2_PLACEMENT_3D ( 'NONE', #621, #1517, #874 ) ;
#750 = LINE ( 'NONE', #1007, #41 ) ;
#751 = COLOUR_RGB ( '',0.5999999999999999778, 0.1607843137254901800, 0.7529411764705882248 ) ;
#752 = EDGE_LOOP ( 'NONE', ( #1273, #1491, #973, #71 ) ) ;
#753 = PRESENTATION_LAYER_ASSIGNMENT (  '', '', ( #883 ) ) ;
#754 = SURFACE_STYLE_FILL_AREA ( #344 ) ;
#755 = PLANE ( 'NONE',  #1276 ) ;
#756 = VECTOR ( 'NONE', #1112, 999.9999999999998863 ) ;
#757 = DIRECTION ( 'NONE',  ( -1.000000000000000000, 3.641868946732744397E-32, -2.973811673103097665E-16 ) ) ;
#758 = FACE_BOUND ( 'NONE', #1258, .T. ) ;
#759 = VERTEX_POINT ( 'NONE', #787 ) ;
#760 = ORIENTED_EDGE ( 'NONE', *, *, #521, .F. ) ;
#761 = PLANE ( 'NONE',  #749 ) ;
#762 = EDGE_LOOP ( 'NONE', ( #843 ) ) ;
#763 = ADVANCED_FACE ( 'NONE', ( #799 ), #170, .F. ) ;
#764 =( NAMED_UNIT ( * ) PLANE_ANGLE_UNIT ( ) SI_UNIT ( $, .RADIAN. ) );
#765 = FILL_AREA_STYLE_COLOUR ( '', #1088 ) ;
#766 = LINE ( 'NONE', #246, #1536 ) ;
#767 = DIRECTION ( 'NONE',  ( 0.000000000000000000, -1.224646799147353454E-16, 1.000000000000000000 ) ) ;
#768 = CARTESIAN_POINT ( 'NONE',  ( 17.00000000000000711, -24.83517771678074482, -34.99999999999999289 ) ) ;
#769 = ORIENTED_EDGE ( 'NONE', *, *, #976, .F. ) ;
#770 = LINE ( 'NONE', #1612, #1425 ) ;
#771 = ORIENTED_EDGE ( 'NONE', *, *, #37, .F. ) ;
#772 = CARTESIAN_POINT ( 'NONE',  ( 8.000000000000021316, 42.52000000000000313, -38.00000000000000711 ) ) ;
#773 = ORIENTED_EDGE ( 'NONE', *, *, #1153, .T. ) ;
#774 = CARTESIAN_POINT ( 'NONE',  ( 17.00000000000000711, 5.480000000000002203, -5.099999999999998757 ) ) ;
#775 = EDGE_CURVE ( 'NONE', #560, #560, #211, .T. ) ;
#776 = CARTESIAN_POINT ( 'NONE',  ( 47.50000000000000000, 48.00000000000000000, 0.000000000000000000 ) ) ;
#777 = ORIENTED_EDGE ( 'NONE', *, *, #956, .F. ) ;
#778 =( NAMED_UNIT ( * ) SI_UNIT ( $, .STERADIAN. ) SOLID_ANGLE_UNIT ( ) );
#779 = CARTESIAN_POINT ( 'NONE',  ( 47.50000000000000000, 5.480000000000002203, -15.09999999999999964 ) ) ;
#780 = SURFACE_STYLE_FILL_AREA ( #1418 ) ;
#781 = COLOUR_RGB ( '',0.5999999999999999778, 0.1607843137254901800, 0.7529411764705882248 ) ;
#782 =( LENGTH_UNIT ( ) NAMED_UNIT ( * ) SI_UNIT ( .MILLI., .METRE. ) );
#783 = STYLED_ITEM ( 'NONE', ( #39 ), #763 ) ;
#784 = ADVANCED_FACE ( 'NONE', ( #1523, #795 ), #420, .F. ) ;
#785 = DIRECTION ( 'NONE',  ( 2.973811673103097665E-16, 0.000000000000000000, -1.000000000000000000 ) ) ;
#786 = AXIS2_PLACEMENT_3D ( 'NONE', #289, #282, #538 ) ;
#787 = CARTESIAN_POINT ( 'NONE',  ( 38.40000000000001990, 5.480000000000002203, -31.10000000000000142 ) ) ;
#788 = ORIENTED_EDGE ( 'NONE', *, *, #1589, .F. ) ;
#789 = ADVANCED_FACE ( 'NONE', ( #188, #437 ), #697, .F. ) ;
#790 = AXIS2_PLACEMENT_3D ( 'NONE', #1601, #990, #1148 ) ;
#791 =( NAMED_UNIT ( * ) PLANE_ANGLE_UNIT ( ) SI_UNIT ( $, .RADIAN. ) );
#792 =( NAMED_UNIT ( * ) SI_UNIT ( $, .STERADIAN. ) SOLID_ANGLE_UNIT ( ) );
#793 = DIRECTION ( 'NONE',  ( -1.000000000000000000, 3.641868946732744397E-32, -2.973811673103097665E-16 ) ) ;
#794 = SURFACE_STYLE_FILL_AREA ( #810 ) ;
#795 = FACE_OUTER_BOUND ( 'NONE', #1569, .T. ) ;
#796 = ORIENTED_EDGE ( 'NONE', *, *, #547, .F. ) ;
#797 = EDGE_CURVE ( 'NONE', #1095, #371, #1078, .T. ) ;
#798 = SURFACE_SIDE_STYLE ('',( #277 ) ) ;
#799 = FACE_OUTER_BOUND ( 'NONE', #29, .T. ) ;
#800 = CARTESIAN_POINT ( 'NONE',  ( 38.40000000000000568, 5.480000000000002203, -5.099999999999998757 ) ) ;
#801 = ORIENTED_EDGE ( 'NONE', *, *, #682, .F. ) ;
#802 = MECHANICAL_DESIGN_GEOMETRIC_PRESENTATION_REPRESENTATION (  '', ( #1061 ), #980 ) ;
#803 = AXIS2_PLACEMENT_3D ( 'NONE', #958, #828, #818 ) ;
#804 = VECTOR ( 'NONE', #1022, 1000.000000000000000 ) ;
#805 = LINE ( 'NONE', #1591, #446 ) ;
#806 = LINE ( 'NONE', #423, #475 ) ;
#807 = SURFACE_STYLE_FILL_AREA ( #303 ) ;
#808 = DIRECTION ( 'NONE',  ( 0.000000000000000000, 0.000000000000000000, 1.000000000000000000 ) ) ;
#809 = EDGE_CURVE ( 'NONE', #695, #695, #319, .T. ) ;
#810 = FILL_AREA_STYLE ('',( #920 ) ) ;
#811 =( LENGTH_UNIT ( ) NAMED_UNIT ( * ) SI_UNIT ( .MILLI., .METRE. ) );
#812 =( NAMED_UNIT ( * ) SI_UNIT ( $, .STERADIAN. ) SOLID_ANGLE_UNIT ( ) );
#813 =( NAMED_UNIT ( * ) PLANE_ANGLE_UNIT ( ) SI_UNIT ( $, .RADIAN. ) );
#814 = CARTESIAN_POINT ( 'NONE',  ( 47.50000000000000000, 48.00000000000000711, -56.10000000000947296 ) ) ;
#815 = ADVANCED_FACE ( 'NONE', ( #567, #172 ), #310, .F. ) ;
#816 =( NAMED_UNIT ( * ) SI_UNIT ( $, .STERADIAN. ) SOLID_ANGLE_UNIT ( ) );
#817 = ORIENTED_EDGE ( 'NONE', *, *, #658, .T. ) ;
#818 = DIRECTION ( 'NONE',  ( -9.366757429680383682E-17, -1.000000000000000000, 0.000000000000000000 ) ) ;
#819 = VERTEX_POINT ( 'NONE', #1093 ) ;
#820 = UNCERTAINTY_MEASURE_WITH_UNIT (LENGTH_MEASURE( 1.000000000000000082E-05 ), #1285, 'distance_accuracy_value', 'NONE');
#821 = CARTESIAN_POINT ( 'NONE',  ( 47.50000000000000000, 0.000000000000000000, 0.000000000000000000 ) ) ;
#822 = VECTOR ( 'NONE', #635, 1000.000000000000000 ) ;
#823 = SURFACE_SIDE_STYLE ('',( #429 ) ) ;
#824 = AXIS2_PLACEMENT_3D ( 'NONE', #923, #1290, #160 ) ;
#825 = UNCERTAINTY_MEASURE_WITH_UNIT (LENGTH_MEASURE( 1.000000000000000082E-05 ), #884, 'distance_accuracy_value', 'NONE');
#826 = ORIENTED_EDGE ( 'NONE', *, *, #598, .F. ) ;
#827 = AXIS2_PLACEMENT_3D ( 'NONE', #677, #1055, #1546 ) ;
#828 = DIRECTION ( 'NONE',  ( 0.7071067811865513475, -6.623297696256511341E-17, -0.7071067811865437980 ) ) ;
#829 = PRESENTATION_LAYER_ASSIGNMENT (  '', '', ( #376 ) ) ;
#830 =( GEOMETRIC_REPRESENTATION_CONTEXT ( 3 ) GLOBAL_UNCERTAINTY_ASSIGNED_CONTEXT ( ( #1525 ) ) GLOBAL_UNIT_ASSIGNED_CONTEXT ( ( #447, #1069, #1571 ) ) REPRESENTATION_CONTEXT ( 'NONE', 'WORKASPACE' ) );
#831 = COLOUR_RGB ( '',0.5999999999999999778, 0.1607843137254901800, 0.7529411764705882248 ) ;
#832 =( LENGTH_UNIT ( ) NAMED_UNIT ( * ) SI_UNIT ( .MILLI., .METRE. ) );
#833 = DIRECTION ( 'NONE',  ( 0.000000000000000000, 0.000000000000000000, -1.000000000000000000 ) ) ;
#834 = ORIENTED_EDGE ( 'NONE', *, *, #632, .F. ) ;
#835 = SURFACE_SIDE_STYLE ('',( #458 ) ) ;
#836 = ORIENTED_EDGE ( 'NONE', *, *, #1599, .F. ) ;
#837 = LINE ( 'NONE', #899, #1187 ) ;
#838 = ADVANCED_FACE ( 'NONE', ( #1318 ), #1556, .F. ) ;
#839 = SURFACE_SIDE_STYLE ('',( #1222 ) ) ;
#840 =( NAMED_UNIT ( * ) SI_UNIT ( $, .STERADIAN. ) SOLID_ANGLE_UNIT ( ) );
#841 = SURFACE_SIDE_STYLE ('',( #712 ) ) ;
#842 = ORIENTED_EDGE ( 'NONE', *, *, #252, .T. ) ;
#843 = ORIENTED_EDGE ( 'NONE', *, *, #169, .F. ) ;
#844 = DIRECTION ( 'NONE',  ( 1.000000000000000000, 0.000000000000000000, -0.000000000000000000 ) ) ;
#845 = FILL_AREA_STYLE_COLOUR ( '', #79 ) ;
#846 = DIRECTION ( 'NONE',  ( 0.000000000000000000, 0.000000000000000000, -1.000000000000000000 ) ) ;
#847 = ADVANCED_FACE ( 'NONE', ( #336, #1343, #710, #1445, #215 ), #171, .F. ) ;
#848 = CARTESIAN_POINT ( 'NONE',  ( 38.40000000000000568, 14.87999999999999901, -9.000000000000000000 ) ) ;
#849 = ORIENTED_EDGE ( 'NONE', *, *, #1478, .F. ) ;
#850 = DIRECTION ( 'NONE',  ( -0.000000000000000000, 0.000000000000000000, 1.000000000000000000 ) ) ;
#851 =( GEOMETRIC_REPRESENTATION_CONTEXT ( 3 ) GLOBAL_UNCERTAINTY_ASSIGNED_CONTEXT ( ( #1040 ) ) GLOBAL_UNIT_ASSIGNED_CONTEXT ( ( #1507, #894, #778 ) ) REPRESENTATION_CONTEXT ( 'NONE', 'WORKASPACE' ) );
#852 = CARTESIAN_POINT ( 'NONE',  ( 0.000000000000000000, 0.000000000000000000, -2.599999999999998757 ) ) ;
#853 = ORIENTED_EDGE ( 'NONE', *, *, #1001, .F. ) ;
#854 = SURFACE_SIDE_STYLE ('',( #1515 ) ) ;
#855 = VERTEX_POINT ( 'NONE', #965 ) ;
#856 = MECHANICAL_DESIGN_GEOMETRIC_PRESENTATION_REPRESENTATION (  '', ( #1275 ), #402 ) ;
#857 = PLANE ( 'NONE',  #81 ) ;
#858 = PRESENTATION_LAYER_ASSIGNMENT (  '', '', ( #62 ) ) ;
#859 = PRESENTATION_STYLE_ASSIGNMENT (( #1615 ) ) ;
#860 = PRESENTATION_LAYER_ASSIGNMENT (  '', '', ( #1321 ) ) ;
#861 = LINE ( 'NONE', #774, #1508 ) ;
#862 = EDGE_CURVE ( 'NONE', #1228, #1459, #586, .T. ) ;
#863 = EDGE_LOOP ( 'NONE', ( #1152 ) ) ;
#864 = SURFACE_SIDE_STYLE ('',( #1348 ) ) ;
#865 =( NAMED_UNIT ( * ) PLANE_ANGLE_UNIT ( ) SI_UNIT ( $, .RADIAN. ) );
#866 = ORIENTED_EDGE ( 'NONE', *, *, #1599, .T. ) ;
#867 = DIRECTION ( 'NONE',  ( 0.000000000000000000, 0.000000000000000000, -1.000000000000000000 ) ) ;
#868 = CARTESIAN_POINT ( 'NONE',  ( 38.40000000000001279, -5.551115123125783491E-15, -31.10000000000000142 ) ) ;
#869 = CARTESIAN_POINT ( 'NONE',  ( 0.000000000000000000, 48.00000000000000711, -35.00000000000000000 ) ) ;
#870 = PRESENTATION_STYLE_ASSIGNMENT (( #356 ) ) ;
#871 = DIRECTION ( 'NONE',  ( -0.000000000000000000, 1.000000000000000000, 1.224646799147353454E-16 ) ) ;
#872 = ORIENTED_EDGE ( 'NONE', *, *, #272, .T. ) ;
#873 = ORIENTED_EDGE ( 'NONE', *, *, #1340, .F. ) ;
#874 = DIRECTION ( 'NONE',  ( -1.000000000000000000, 0.000000000000000000, -0.000000000000000000 ) ) ;
#875 = CARTESIAN_POINT ( 'NONE',  ( 0.000000000000000000, 2.892537575450321548E-15, -35.00000000000000000 ) ) ;
#876 = DIRECTION ( 'NONE',  ( 1.264902534566421922E-16, -1.000000000000000000, 0.000000000000000000 ) ) ;
#877 = LINE ( 'NONE', #511, #380 ) ;
#878 = ORIENTED_EDGE ( 'NONE', *, *, #862, .F. ) ;
#879 = VERTEX_POINT ( 'NONE', #624 ) ;
#880 = EDGE_CURVE ( 'NONE', #984, #901, #13, .T. ) ;
#881 = PRESENTATION_LAYER_ASSIGNMENT (  '', '', ( #1083 ) ) ;
#882 =( LENGTH_UNIT ( ) NAMED_UNIT ( * ) SI_UNIT ( .MILLI., .METRE. ) );
#883 = STYLED_ITEM ( 'NONE', ( #1084 ), #815 ) ;
#884 =( LENGTH_UNIT ( ) NAMED_UNIT ( * ) SI_UNIT ( .MILLI., .METRE. ) );
#885 = ORIENTED_EDGE ( 'NONE', *, *, #6, .T. ) ;
#886 = FILL_AREA_STYLE ('',( #372 ) ) ;
#887 = PRESENTATION_LAYER_ASSIGNMENT (  '', '', ( #937 ) ) ;
#888 = DIRECTION ( 'NONE',  ( -1.264902534566421922E-16, 1.000000000000000000, -0.000000000000000000 ) ) ;
#889 =( NAMED_UNIT ( * ) SI_UNIT ( $, .STERADIAN. ) SOLID_ANGLE_UNIT ( ) );
#890 = CARTESIAN_POINT ( 'NONE',  ( 3.000000000000000888, 42.52000000000000313, -35.00000000000000000 ) ) ;
#891 = LINE ( 'NONE', #768, #822 ) ;
#892 = ORIENTED_EDGE ( 'NONE', *, *, #1467, .F. ) ;
#893 = LINE ( 'NONE', #747, #1239 ) ;
#894 =( NAMED_UNIT ( * ) PLANE_ANGLE_UNIT ( ) SI_UNIT ( $, .RADIAN. ) );
#895 = EDGE_CURVE ( 'NONE', #759, #595, #1480, .T. ) ;
#896 = ORIENTED_EDGE ( 'NONE', *, *, #598, .T. ) ;
#897 =( NAMED_UNIT ( * ) SI_UNIT ( $, .STERADIAN. ) SOLID_ANGLE_UNIT ( ) );
#898 = PRESENTATION_STYLE_ASSIGNMENT (( #1351 ) ) ;
#899 = CARTESIAN_POINT ( 'NONE',  ( 12.00000000000000178, 48.00000000000000000, -8.000000000000019540 ) ) ;
#900 = DIRECTION ( 'NONE',  ( 0.7071067811865464625, 1.226634733346697338E-16, 0.7071067811865486830 ) ) ;
#901 = VERTEX_POINT ( 'NONE', #1123 ) ;
#902 = EDGE_LOOP ( 'NONE', ( #388, #69, #1588, #306, #119, #459, #796, #1195, #597 ) ) ;
#903 =( LENGTH_UNIT ( ) NAMED_UNIT ( * ) SI_UNIT ( .MILLI., .METRE. ) );
#904 = SURFACE_SIDE_STYLE ('',( #1408 ) ) ;
#905 = ORIENTED_EDGE ( 'NONE', *, *, #1538, .T. ) ;
#906 = UNCERTAINTY_MEASURE_WITH_UNIT (LENGTH_MEASURE( 1.000000000000000082E-05 ), #563, 'distance_accuracy_value', 'NONE');
#907 = STYLED_ITEM ( 'NONE', ( #898 ), #16 ) ;
#908 = CYLINDRICAL_SURFACE ( 'NONE', #1090, 1.000000000000000888 ) ;
#909 =( GEOMETRIC_REPRESENTATION_CONTEXT ( 3 ) GLOBAL_UNCERTAINTY_ASSIGNED_CONTEXT ( ( #522 ) ) GLOBAL_UNIT_ASSIGNED_CONTEXT ( ( #540, #791, #683 ) ) REPRESENTATION_CONTEXT ( 'NONE', 'WORKASPACE' ) );
#910 = UNCERTAINTY_MEASURE_WITH_UNIT (LENGTH_MEASURE( 1.000000000000000082E-05 ), #108, 'distance_accuracy_value', 'NONE');
#911 = PLANE ( 'NONE',  #1043 ) ;
#912 = DIRECTION ( 'NONE',  ( -1.000000000000000000, 0.000000000000000000, 6.981856894704021739E-15 ) ) ;
#913 = STYLED_ITEM ( 'NONE', ( #703 ), #789 ) ;
#914 = EDGE_CURVE ( 'NONE', #1337, #648, #478, .T. ) ;
#915 = AXIS2_PLACEMENT_3D ( 'NONE', #633, #355, #326 ) ;
#916 = ORIENTED_EDGE ( 'NONE', *, *, #1566, .F. ) ;
#917 =( GEOMETRIC_REPRESENTATION_CONTEXT ( 3 ) GLOBAL_UNCERTAINTY_ASSIGNED_CONTEXT ( ( #656 ) ) GLOBAL_UNIT_ASSIGNED_CONTEXT ( ( #543, #680, #1522 ) ) REPRESENTATION_CONTEXT ( 'NONE', 'WORKASPACE' ) );
#918 = CARTESIAN_POINT ( 'NONE',  ( 38.40000000000000568, 11.48000000000000043, -9.000000000000000000 ) ) ;
#919 = DIRECTION ( 'NONE',  ( 0.000000000000000000, 1.000000000000000000, 0.000000000000000000 ) ) ;
#920 = FILL_AREA_STYLE_COLOUR ( '', #515 ) ;
#921 =( NAMED_UNIT ( * ) PLANE_ANGLE_UNIT ( ) SI_UNIT ( $, .RADIAN. ) );
#922 = UNCERTAINTY_MEASURE_WITH_UNIT (LENGTH_MEASURE( 1.000000000000000082E-05 ), #285, 'distance_accuracy_value', 'NONE');
#923 = CARTESIAN_POINT ( 'NONE',  ( 17.00000000000000711, 34.50000000000000000, -14.00000000000001954 ) ) ;
#924 = CARTESIAN_POINT ( 'NONE',  ( 5.000000000000046185, 4.041334437186266989E-15, -33.00000000000000000 ) ) ;
#925 =( NAMED_UNIT ( * ) SI_UNIT ( $, .STERADIAN. ) SOLID_ANGLE_UNIT ( ) );
#926 =( NAMED_UNIT ( * ) PLANE_ANGLE_UNIT ( ) SI_UNIT ( $, .RADIAN. ) );
#927 = SURFACE_SIDE_STYLE ('',( #1048 ) ) ;
#928 = CARTESIAN_POINT ( 'NONE',  ( 38.40000000000000568, 5.480000000000002203, -2.599999999999998757 ) ) ;
#929 = ORIENTED_EDGE ( 'NONE', *, *, #334, .F. ) ;
#930 = CARTESIAN_POINT ( 'NONE',  ( 8.000000000000021316, 42.52000000000000313, -38.00000000000000711 ) ) ;
#931 = VECTOR ( 'NONE', #1370, 1000.000000000000000 ) ;
#932 = VECTOR ( 'NONE', #294, 1000.000000000000000 ) ;
#933 = DIRECTION ( 'NONE',  ( 0.000000000000000000, 1.000000000000000000, 1.224646799147353454E-16 ) ) ;
#934 = VECTOR ( 'NONE', #469, 1000.000000000000000 ) ;
#935 = FILL_AREA_STYLE ('',( #1402 ) ) ;
#936 = LINE ( 'NONE', #1309, #1316 ) ;
#937 = STYLED_ITEM ( 'NONE', ( #684 ), #1106 ) ;
#938 = SURFACE_STYLE_FILL_AREA ( #270 ) ;
#939 = VECTOR ( 'NONE', #622, 1000.000000000000000 ) ;
#940 = EDGE_CURVE ( 'NONE', #1369, #595, #1365, .T. ) ;
#941 = LINE ( 'NONE', #1184, #664 ) ;
#942 = LINE ( 'NONE', #453, #146 ) ;
#943 = DIRECTION ( 'NONE',  ( -1.000000000000000000, 3.641868946732744944E-32, -2.973811673103097665E-16 ) ) ;
#944 = LINE ( 'NONE', #1433, #1574 ) ;
#945 =( LENGTH_UNIT ( ) NAMED_UNIT ( * ) SI_UNIT ( .MILLI., .METRE. ) );
#946 = DIRECTION ( 'NONE',  ( 0.000000000000000000, 0.000000000000000000, 1.000000000000000000 ) ) ;
#947 = ORIENTED_EDGE ( 'NONE', *, *, #1075, .T. ) ;
#948 = SURFACE_SIDE_STYLE ('',( #1080 ) ) ;
#949 = SURFACE_STYLE_USAGE ( .BOTH. , #1081 ) ;
#950 =( NAMED_UNIT ( * ) SI_UNIT ( $, .STERADIAN. ) SOLID_ANGLE_UNIT ( ) );
#951 = VECTOR ( 'NONE', #728, 1000.000000000000000 ) ;
#952 = VERTEX_POINT ( 'NONE', #964 ) ;
#953 =( NAMED_UNIT ( * ) PLANE_ANGLE_UNIT ( ) SI_UNIT ( $, .RADIAN. ) );
#954 = VECTOR ( 'NONE', #10, 1000.000000000000000 ) ;
#955 = CARTESIAN_POINT ( 'NONE',  ( 43.39999999999999858, 36.51999999999999602, -9.000000000000000000 ) ) ;
#956 = EDGE_CURVE ( 'NONE', #1482, #148, #861, .T. ) ;
#957 = COLOUR_RGB ( '',0.5999999999999999778, 0.1607843137254901800, 0.7529411764705882248 ) ;
#958 = CARTESIAN_POINT ( 'NONE',  ( 28.40000000000000213, 5.480000000000003091, 2.900000000000141576 ) ) ;
#959 = ORIENTED_EDGE ( 'NONE', *, *, #1225, .F. ) ;
#960 = SURFACE_STYLE_FILL_AREA ( #1572 ) ;
#961 = MECHANICAL_DESIGN_GEOMETRIC_PRESENTATION_REPRESENTATION (  '', ( #405 ), #1066 ) ;
#962 = VECTOR ( 'NONE', #1008, 1000.000000000000000 ) ;
#963 = DIRECTION ( 'NONE',  ( -0.000000000000000000, -0.000000000000000000, -1.000000000000000000 ) ) ;
#964 = CARTESIAN_POINT ( 'NONE',  ( 12.00000000000000888, 13.49999999999999822, -27.00000000000002132 ) ) ;
#965 = CARTESIAN_POINT ( 'NONE',  ( 17.00000000000000711, 42.52000000000000313, -5.099999999999998757 ) ) ;
#966 = SURFACE_STYLE_USAGE ( .BOTH. , #1213 ) ;
#967 = SURFACE_STYLE_USAGE ( .BOTH. , #981 ) ;
#968 = ORIENTED_EDGE ( 'NONE', *, *, #1436, .F. ) ;
#969 = ORIENTED_EDGE ( 'NONE', *, *, #529, .T. ) ;
#970 =( NAMED_UNIT ( * ) SI_UNIT ( $, .STERADIAN. ) SOLID_ANGLE_UNIT ( ) );
#971 = SURFACE_SIDE_STYLE ('',( #185 ) ) ;
#972 = PLANE ( 'NONE',  #1449 ) ;
#973 = ORIENTED_EDGE ( 'NONE', *, *, #435, .F. ) ;
#974 = ORIENTED_EDGE ( 'NONE', *, *, #1190, .T. ) ;
#975 = SURFACE_STYLE_FILL_AREA ( #1590 ) ;
#976 = EDGE_CURVE ( 'NONE', #484, #198, #236, .T. ) ;
#977 = CARTESIAN_POINT ( 'NONE',  ( 8.000000000000021316, 42.52000000000000313, -35.00000000000000000 ) ) ;
#978 = CARTESIAN_POINT ( 'NONE',  ( 36.49999999999982947, 5.480000000000002203, 11.00000000000005329 ) ) ;
#979 = ORIENTED_EDGE ( 'NONE', *, *, #1334, .T. ) ;
#980 =( GEOMETRIC_REPRESENTATION_CONTEXT ( 3 ) GLOBAL_UNCERTAINTY_ASSIGNED_CONTEXT ( ( #1527 ) ) GLOBAL_UNIT_ASSIGNED_CONTEXT ( ( #209, #1333, #95 ) ) REPRESENTATION_CONTEXT ( 'NONE', 'WORKASPACE' ) );
#981 = SURFACE_SIDE_STYLE ('',( #1188 ) ) ;
#982 = EDGE_LOOP ( 'NONE', ( #826 ) ) ;
#983 = VECTOR ( 'NONE', #1203, 1000.000000000000000 ) ;
#984 = VERTEX_POINT ( 'NONE', #991 ) ;
#985 = MECHANICAL_DESIGN_GEOMETRIC_PRESENTATION_REPRESENTATION (  '', ( #783 ), #1604 ) ;
#986 = DIRECTION ( 'NONE',  ( 1.000000000000000000, 0.000000000000000000, 0.000000000000000000 ) ) ;
#987 = PRESENTATION_STYLE_ASSIGNMENT (( #1421 ) ) ;
#988 = STYLED_ITEM ( 'NONE', ( #1138 ), #1097 ) ;
#989 = CARTESIAN_POINT ( 'NONE',  ( 17.00000000000000711, 42.52000000000000313, -5.099999999999998757 ) ) ;
#990 = DIRECTION ( 'NONE',  ( 0.000000000000000000, 0.000000000000000000, 1.000000000000000000 ) ) ;
#991 = CARTESIAN_POINT ( 'NONE',  ( 20.39999999999994529, 5.480000000000002203, -5.099999999999998757 ) ) ;
#992 = DIRECTION ( 'NONE',  ( -0.000000000000000000, -0.000000000000000000, 1.000000000000000000 ) ) ;
#993 = CARTESIAN_POINT ( 'NONE',  ( 47.50000000000000000, 5.480000000000002203, 0.000000000000000000 ) ) ;
#994 = SURFACE_STYLE_FILL_AREA ( #258 ) ;
#995 = ORIENTED_EDGE ( 'NONE', *, *, #1589, .T. ) ;
#996 = ORIENTED_EDGE ( 'NONE', *, *, #123, .T. ) ;
#997 = ORIENTED_EDGE ( 'NONE', *, *, #529, .F. ) ;
#998 = CARTESIAN_POINT ( 'NONE',  ( 42.74999999999996447, 48.00000000000000000, 4.750000000000032863 ) ) ;
#999 = FACE_BOUND ( 'NONE', #238, .T. ) ;
#1000 = CARTESIAN_POINT ( 'NONE',  ( 47.50000000000000000, 42.52000000000000313, -31.10000000000000142 ) ) ;
#1001 = EDGE_CURVE ( 'NONE', #1134, #596, #496, .T. ) ;
#1002 = FACE_OUTER_BOUND ( 'NONE', #1086, .T. ) ;
#1003 = PLANE ( 'NONE',  #786 ) ;
#1004 = DIRECTION ( 'NONE',  ( -1.000000000000000000, -0.000000000000000000, -0.000000000000000000 ) ) ;
#1005 = ORIENTED_EDGE ( 'NONE', *, *, #1578, .F. ) ;
#1006 = UNCERTAINTY_MEASURE_WITH_UNIT (LENGTH_MEASURE( 1.000000000000000082E-05 ), #455, 'distance_accuracy_value', 'NONE');
#1007 = CARTESIAN_POINT ( 'NONE',  ( 3.000000000000009770, 5.480000000000002203, 0.000000000000000000 ) ) ;
#1008 = DIRECTION ( 'NONE',  ( 1.000000000000000000, 0.000000000000000000, 0.000000000000000000 ) ) ;
#1009 = VERTEX_POINT ( 'NONE', #1488 ) ;
#1010 = DIRECTION ( 'NONE',  ( -0.000000000000000000, -0.000000000000000000, 1.000000000000000000 ) ) ;
#1011 = CARTESIAN_POINT ( 'NONE',  ( 3.000000000000000000, 48.00000000000000711, -35.00000000000000000 ) ) ;
#1012 = SURFACE_STYLE_USAGE ( .BOTH. , #1607 ) ;
#1013 = EDGE_CURVE ( 'NONE', #222, #330, #5, .T. ) ;
#1014 = CARTESIAN_POINT ( 'NONE',  ( 0.000000000000000000, 48.00000000000000711, -35.00000000000000000 ) ) ;
#1015 = EDGE_LOOP ( 'NONE', ( #106 ) ) ;
#1016 = PRESENTATION_LAYER_ASSIGNMENT (  '', '', ( #176 ) ) ;
#1017 = AXIS2_PLACEMENT_3D ( 'NONE', #1089, #1468, #844 ) ;
#1018 = VECTOR ( 'NONE', #900, 999.9999999999998863 ) ;
#1019 = AXIS2_PLACEMENT_3D ( 'NONE', #1256, #1272, #1242 ) ;
#1020 = FILL_AREA_STYLE_COLOUR ( '', #122 ) ;
#1021 = ORIENTED_EDGE ( 'NONE', *, *, #914, .F. ) ;
#1022 = DIRECTION ( 'NONE',  ( -0.000000000000000000, -0.000000000000000000, 1.000000000000000000 ) ) ;
#1023 = CARTESIAN_POINT ( 'NONE',  ( 47.50000000000000000, 5.480000000000002203, -31.10000000000000142 ) ) ;
#1024 = AXIS2_PLACEMENT_3D ( 'NONE', #1510, #384, #234 ) ;
#1025 = EDGE_LOOP ( 'NONE', ( #620 ) ) ;
#1026 = FACE_OUTER_BOUND ( 'NONE', #94, .T. ) ;
#1027 = ORIENTED_EDGE ( 'NONE', *, *, #1075, .F. ) ;
#1028 = ADVANCED_FACE ( 'NONE', ( #1501 ), #488, .F. ) ;
#1029 = ORIENTED_EDGE ( 'NONE', *, *, #1211, .T. ) ;
#1030 = DIRECTION ( 'NONE',  ( 0.000000000000000000, 0.000000000000000000, 1.000000000000000000 ) ) ;
#1031 = SURFACE_STYLE_USAGE ( .BOTH. , #634 ) ;
#1032 = VERTEX_POINT ( 'NONE', #1373 ) ;
#1033 = ADVANCED_FACE ( 'NONE', ( #244 ), #755, .F. ) ;
#1034 =( NAMED_UNIT ( * ) SI_UNIT ( $, .STERADIAN. ) SOLID_ANGLE_UNIT ( ) );
#1035 = SURFACE_SIDE_STYLE ('',( #1287 ) ) ;
#1036 = CARTESIAN_POINT ( 'NONE',  ( 17.00000000000000711, 42.52000000000000313, -34.99999999999999289 ) ) ;
#1037 = ORIENTED_EDGE ( 'NONE', *, *, #658, .F. ) ;
#1038 = DIRECTION ( 'NONE',  ( -0.000000000000000000, -0.000000000000000000, 1.000000000000000000 ) ) ;
#1039 = DIRECTION ( 'NONE',  ( 1.000000000000000000, 0.000000000000000000, 0.000000000000000000 ) ) ;
#1040 = UNCERTAINTY_MEASURE_WITH_UNIT (LENGTH_MEASURE( 1.000000000000000082E-05 ), #1507, 'distance_accuracy_value', 'NONE');
#1041 = CIRCLE ( 'NONE', #179, 1.000000000000000888 ) ;
#1042 = AXIS2_PLACEMENT_3D ( 'NONE', #955, #1194, #833 ) ;
#1043 = AXIS2_PLACEMENT_3D ( 'NONE', #1397, #1051, #1541 ) ;
#1044 = SURFACE_SIDE_STYLE ('',( #1407 ) ) ;
#1045 = VECTOR ( 'NONE', #256, 1000.000000000000000 ) ;
#1046 =( NAMED_UNIT ( * ) SI_UNIT ( $, .STERADIAN. ) SOLID_ANGLE_UNIT ( ) );
#1047 = STYLED_ITEM ( 'NONE', ( #859 ), #1518 ) ;
#1048 = SURFACE_STYLE_FILL_AREA ( #525 ) ;
#1049 = CARTESIAN_POINT ( 'NONE',  ( 4.714821648428291043E-13, 5.480000000000002203, -56.10000000000913190 ) ) ;
#1050 = DIRECTION ( 'NONE',  ( -1.000000000000000000, 3.641868946732744397E-32, -2.973811673103097665E-16 ) ) ;
#1051 = DIRECTION ( 'NONE',  ( 0.000000000000000000, 0.000000000000000000, 1.000000000000000000 ) ) ;
#1052 = PRESENTATION_STYLE_ASSIGNMENT (( #1296 ) ) ;
#1053 = FACE_BOUND ( 'NONE', #542, .T. ) ;
#1054 = ADVANCED_FACE ( 'NONE', ( #397 ), #911, .T. ) ;
#1055 = DIRECTION ( 'NONE',  ( 0.000000000000000000, -1.000000000000000000, 0.000000000000000000 ) ) ;
#1056 = CARTESIAN_POINT ( 'NONE',  ( 8.000000000000007105, 42.52000000000000313, -56.10000000000919584 ) ) ;
#1057 = FACE_BOUND ( 'NONE', #486, .T. ) ;
#1058 = EDGE_CURVE ( 'NONE', #1127, #819, #1161, .T. ) ;
#1059 = PRESENTATION_STYLE_ASSIGNMENT (( #1540 ) ) ;
#1060 = STYLED_ITEM ( 'NONE', ( #470 ), #32 ) ;
#1061 = STYLED_ITEM ( 'NONE', ( #564 ), #166 ) ;
#1062 = CARTESIAN_POINT ( 'NONE',  ( 38.40000000000000568, 42.52000000000000313, -2.599999999999998757 ) ) ;
#1063 =( GEOMETRIC_REPRESENTATION_CONTEXT ( 3 ) GLOBAL_UNCERTAINTY_ASSIGNED_CONTEXT ( ( #1207 ) ) GLOBAL_UNIT_ASSIGNED_CONTEXT ( ( #273, #926, #1420 ) ) REPRESENTATION_CONTEXT ( 'NONE', 'WORKASPACE' ) );
#1064 = ORIENTED_EDGE ( 'NONE', *, *, #1340, .T. ) ;
#1065 = VECTOR ( 'NONE', #279, 1000.000000000000000 ) ;
#1066 =( GEOMETRIC_REPRESENTATION_CONTEXT ( 3 ) GLOBAL_UNCERTAINTY_ASSIGNED_CONTEXT ( ( #906 ) ) GLOBAL_UNIT_ASSIGNED_CONTEXT ( ( #563, #316, #7 ) ) REPRESENTATION_CONTEXT ( 'NONE', 'WORKASPACE' ) );
#1067 = FILL_AREA_STYLE ('',( #46 ) ) ;
#1068 = PRESENTATION_LAYER_ASSIGNMENT (  '', '', ( #1221 ) ) ;
#1069 =( NAMED_UNIT ( * ) PLANE_ANGLE_UNIT ( ) SI_UNIT ( $, .RADIAN. ) );
#1070 = UNCERTAINTY_MEASURE_WITH_UNIT (LENGTH_MEASURE( 1.000000000000000082E-05 ), #1441, 'distance_accuracy_value', 'NONE');
#1071 = EDGE_CURVE ( 'NONE', #1325, #1325, #1248, .T. ) ;
#1072 = FILL_AREA_STYLE ('',( #696 ) ) ;
#1073 = CARTESIAN_POINT ( 'NONE',  ( 17.00000000000000711, 13.49999999999999822, -28.00000000000001776 ) ) ;
#1074 = ORIENTED_EDGE ( 'NONE', *, *, #90, .F. ) ;
#1075 = EDGE_CURVE ( 'NONE', #1229, #1095, #411, .T. ) ;
#1076 = DIRECTION ( 'NONE',  ( 1.000000000000000000, -0.000000000000000000, -0.000000000000000000 ) ) ;
#1077 = FILL_AREA_STYLE_COLOUR ( '', #1298 ) ;
#1078 = LINE ( 'NONE', #68, #1429 ) ;
#1079 = EDGE_LOOP ( 'NONE', ( #207, #1217, #995, #432 ) ) ;
#1080 = SURFACE_STYLE_FILL_AREA ( #674 ) ;
#1081 = SURFACE_SIDE_STYLE ('',( #1199 ) ) ;
#1082 =( GEOMETRIC_REPRESENTATION_CONTEXT ( 3 ) GLOBAL_UNCERTAINTY_ASSIGNED_CONTEXT ( ( #304 ) ) GLOBAL_UNIT_ASSIGNED_CONTEXT ( ( #1125, #229, #735 ) ) REPRESENTATION_CONTEXT ( 'NONE', 'WORKASPACE' ) );
#1083 = STYLED_ITEM ( 'NONE', ( #73 ), #149 ) ;
#1084 = PRESENTATION_STYLE_ASSIGNMENT (( #966 ) ) ;
#1085 = VECTOR ( 'NONE', #548, 1000.000000000000000 ) ;
#1086 = EDGE_LOOP ( 'NONE', ( #135 ) ) ;
#1087 = EDGE_LOOP ( 'NONE', ( #974 ) ) ;
#1088 = COLOUR_RGB ( '',0.5999999999999999778, 0.1607843137254901800, 0.7529411764705882248 ) ;
#1089 = CARTESIAN_POINT ( 'NONE',  ( 47.50000000000000000, 0.000000000000000000, -15.09999999999999964 ) ) ;
#1090 = AXIS2_PLACEMENT_3D ( 'NONE', #571, #1322, #48 ) ;
#1091 =( GEOMETRIC_REPRESENTATION_CONTEXT ( 3 ) GLOBAL_UNCERTAINTY_ASSIGNED_CONTEXT ( ( #922 ) ) GLOBAL_UNIT_ASSIGNED_CONTEXT ( ( #285, #565, #1200 ) ) REPRESENTATION_CONTEXT ( 'NONE', 'WORKASPACE' ) );
#1092 = PRESENTATION_STYLE_ASSIGNMENT (( #1477 ) ) ;
#1093 = CARTESIAN_POINT ( 'NONE',  ( 38.40000000000001279, 5.480000000000002203, -56.10000000000940190 ) ) ;
#1094 = SURFACE_STYLE_FILL_AREA ( #593 ) ;
#1095 = VERTEX_POINT ( 'NONE', #924 ) ;
#1096 = ORIENTED_EDGE ( 'NONE', *, *, #66, .T. ) ;
#1097 = MANIFOLD_SOLID_BREP ( 'Cut-Extrude11', #686 ) ;
#1098 = FACE_OUTER_BOUND ( 'NONE', #472, .T. ) ;
#1099 = FILL_AREA_STYLE ('',( #845 ) ) ;
#1100 = DIRECTION ( 'NONE',  ( -0.7071067811865485719, 0.000000000000000000, 0.7071067811865464625 ) ) ;
#1101 = DIRECTION ( 'NONE',  ( -1.000000000000000000, 3.641868946732744944E-32, -2.973811673103097665E-16 ) ) ;
#1102 = DIRECTION ( 'NONE',  ( 0.7071067811865464625, -1.577665251892863433E-16, 0.7071067811865486830 ) ) ;
#1103 = EDGE_LOOP ( 'NONE', ( #519, #109, #1496, #836 ) ) ;
#1104 = FILL_AREA_STYLE_COLOUR ( '', #341 ) ;
#1105 = ORIENTED_EDGE ( 'NONE', *, *, #1294, .T. ) ;
#1106 = ADVANCED_FACE ( 'NONE', ( #25, #31 ), #908, .F. ) ;
#1107 = DIRECTION ( 'NONE',  ( 1.000000000000000000, -1.445602896647339163E-16, 0.000000000000000000 ) ) ;
#1108 = LINE ( 'NONE', #977, #939 ) ;
#1109 = VERTEX_POINT ( 'NONE', #370 ) ;
#1110 = DIRECTION ( 'NONE',  ( -1.000000000000000000, -0.000000000000000000, -0.000000000000000000 ) ) ;
#1111 =( GEOMETRIC_REPRESENTATION_CONTEXT ( 3 ) GLOBAL_UNCERTAINTY_ASSIGNED_CONTEXT ( ( #1323 ) ) GLOBAL_UNIT_ASSIGNED_CONTEXT ( ( #730, #1226, #889 ) ) REPRESENTATION_CONTEXT ( 'NONE', 'WORKASPACE' ) );
#1112 = DIRECTION ( 'NONE',  ( -0.7071067811865464625, 8.659560562354947649E-17, -0.7071067811865486830 ) ) ;
#1113 = FACE_OUTER_BOUND ( 'NONE', #1284, .T. ) ;
#1114 = EDGE_LOOP ( 'NONE', ( #1387 ) ) ;
#1115 = ORIENTED_EDGE ( 'NONE', *, *, #99, .F. ) ;
#1116 = VECTOR ( 'NONE', #301, 1000.000000000000000 ) ;
#1117 = ORIENTED_EDGE ( 'NONE', *, *, #99, .T. ) ;
#1118 = VECTOR ( 'NONE', #1004, 1000.000000000000000 ) ;
#1119 = DIRECTION ( 'NONE',  ( -0.7071067811865464625, 8.659560562354948882E-17, -0.7071067811865486830 ) ) ;
#1120 = VERTEX_POINT ( 'NONE', #1056 ) ;
#1121 = EDGE_CURVE ( 'NONE', #1137, #331, #191, .T. ) ;
#1122 = CYLINDRICAL_SURFACE ( 'NONE', #536, 0.9999999999999974465 ) ;
#1123 = CARTESIAN_POINT ( 'NONE',  ( 22.89999999999992042, 5.480000000000002203, -2.599999999999998757 ) ) ;
#1124 = CARTESIAN_POINT ( 'NONE',  ( 12.00000000000000355, 34.50000000000000000, -14.00000000000002132 ) ) ;
#1125 =( LENGTH_UNIT ( ) NAMED_UNIT ( * ) SI_UNIT ( .MILLI., .METRE. ) );
#1126 = PRESENTATION_STYLE_ASSIGNMENT (( #599 ) ) ;
#1127 = VERTEX_POINT ( 'NONE', #425 ) ;
#1128 = LINE ( 'NONE', #495, #962 ) ;
#1129 = ORIENTED_EDGE ( 'NONE', *, *, #702, .F. ) ;
#1130 = DIRECTION ( 'NONE',  ( 0.000000000000000000, 0.000000000000000000, 1.000000000000000000 ) ) ;
#1131 = ADVANCED_FACE ( 'NONE', ( #699, #1198 ), #433, .F. ) ;
#1132 = LINE ( 'NONE', #1392, #724 ) ;
#1133 = SURFACE_STYLE_FILL_AREA ( #1502 ) ;
#1134 = VERTEX_POINT ( 'NONE', #679 ) ;
#1135 = UNCERTAINTY_MEASURE_WITH_UNIT (LENGTH_MEASURE( 1.000000000000000082E-05 ), #903, 'distance_accuracy_value', 'NONE');
#1136 = CARTESIAN_POINT ( 'NONE',  ( 47.50000000000000000, 2.123087503106143136E-14, -56.10000000000945874 ) ) ;
#1137 = VERTEX_POINT ( 'NONE', #1547 ) ;
#1138 = PRESENTATION_STYLE_ASSIGNMENT (( #129 ) ) ;
#1139 = CARTESIAN_POINT ( 'NONE',  ( 12.00000000000000888, 42.52000000000000313, -35.00000000000000000 ) ) ;
#1140 = PLANE ( 'NONE',  #1019 ) ;
#1141 = FACE_OUTER_BOUND ( 'NONE', #1345, .T. ) ;
#1142 = EDGE_LOOP ( 'NONE', ( #1269, #1434, #1597, #1486, #416, #1409, #1394, #801, #1609, #929, #771, #979, #873, #110, #1204, #1361, #260 ) ) ;
#1143 = ADVANCED_FACE ( 'NONE', ( #1178 ), #72, .T. ) ;
#1144 =( GEOMETRIC_REPRESENTATION_CONTEXT ( 3 ) GLOBAL_UNCERTAINTY_ASSIGNED_CONTEXT ( ( #1413 ) ) GLOBAL_UNIT_ASSIGNED_CONTEXT ( ( #82, #462, #335 ) ) REPRESENTATION_CONTEXT ( 'NONE', 'WORKASPACE' ) );
#1145 = STYLED_ITEM ( 'NONE', ( #230 ), #646 ) ;
#1146 = PRESENTATION_LAYER_ASSIGNMENT (  '', '', ( #1317 ) ) ;
#1147 = AXIS2_PLACEMENT_3D ( 'NONE', #67, #1326, #572 ) ;
#1148 = DIRECTION ( 'NONE',  ( 1.000000000000000000, 0.000000000000000000, 0.000000000000000000 ) ) ;
#1149 = CARTESIAN_POINT ( 'NONE',  ( 11.99999999999999822, 48.00000000000000000, -8.000000000000019540 ) ) ;
#1150 = VECTOR ( 'NONE', #263, 1000.000000000000000 ) ;
#1151 = FILL_AREA_STYLE_COLOUR ( '', #19 ) ;
#1152 = ORIENTED_EDGE ( 'NONE', *, *, #516, .F. ) ;
#1153 = EDGE_CURVE ( 'NONE', #648, #1504, #707, .T. ) ;
#1154 = CARTESIAN_POINT ( 'NONE',  ( 12.00000000000001421, 5.480000000000040394, -35.00000000000000000 ) ) ;
#1155 = SURFACE_STYLE_FILL_AREA ( #96 ) ;
#1156 =( NAMED_UNIT ( * ) SI_UNIT ( $, .STERADIAN. ) SOLID_ANGLE_UNIT ( ) );
#1157 = FACE_OUTER_BOUND ( 'NONE', #239, .T. ) ;
#1158 = SURFACE_STYLE_USAGE ( .BOTH. , #904 ) ;
#1159 = ORIENTED_EDGE ( 'NONE', *, *, #1367, .F. ) ;
#1160 = CARTESIAN_POINT ( 'NONE',  ( 38.40000000000000568, 42.52000000000000313, -2.599999999999998757 ) ) ;
#1161 = LINE ( 'NONE', #1519, #144 ) ;
#1162 = DIRECTION ( 'NONE',  ( 0.000000000000000000, 0.000000000000000000, -1.000000000000000000 ) ) ;
#1163 = ORIENTED_EDGE ( 'NONE', *, *, #895, .T. ) ;
#1164 = DIRECTION ( 'NONE',  ( -1.000000000000000000, 0.000000000000000000, -0.000000000000000000 ) ) ;
#1165 = CARTESIAN_POINT ( 'NONE',  ( 12.00000000000000888, 4.041334437186266989E-15, -33.00000000000000000 ) ) ;
#1166 =( GEOMETRIC_REPRESENTATION_CONTEXT ( 3 ) GLOBAL_UNCERTAINTY_ASSIGNED_CONTEXT ( ( #820 ) ) GLOBAL_UNIT_ASSIGNED_CONTEXT ( ( #1285, #1550, #812 ) ) REPRESENTATION_CONTEXT ( 'NONE', 'WORKASPACE' ) );
#1167 = DIRECTION ( 'NONE',  ( -1.000000000000000000, 0.000000000000000000, -0.000000000000000000 ) ) ;
#1168 = EDGE_CURVE ( 'NONE', #607, #1562, #617, .T. ) ;
#1169 = VECTOR ( 'NONE', #602, 1000.000000000000000 ) ;
#1170 = COLOUR_RGB ( '',0.5999999999999999778, 0.1607843137254901800, 0.7529411764705882248 ) ;
#1171 = CARTESIAN_POINT ( 'NONE',  ( 17.00000000000000711, 34.50000000000000000, -28.00000000000001776 ) ) ;
#1172 = CARTESIAN_POINT ( 'NONE',  ( 0.000000000000000000, 3.808651545348268472E-15, -56.10000000000914611 ) ) ;
#1173 = DIRECTION ( 'NONE',  ( 0.000000000000000000, 0.000000000000000000, -1.000000000000000000 ) ) ;
#1174 = EDGE_CURVE ( 'NONE', #639, #1459, #766, .T. ) ;
#1175 = PRESENTATION_STYLE_ASSIGNMENT (( #669 ) ) ;
#1176 = DIRECTION ( 'NONE',  ( 1.000000000000000000, 1.734723475976806848E-16, -0.000000000000000000 ) ) ;
#1177 = EDGE_LOOP ( 'NONE', ( #1021, #872, #817, #1475 ) ) ;
#1178 = FACE_OUTER_BOUND ( 'NONE', #1610, .T. ) ;
#1179 = LINE ( 'NONE', #1301, #1483 ) ;
#1180 = EDGE_CURVE ( 'NONE', #855, #1500, #644, .T. ) ;
#1181 = SURFACE_SIDE_STYLE ('',( #1417 ) ) ;
#1182 = ORIENTED_EDGE ( 'NONE', *, *, #736, .T. ) ;
#1183 = SURFACE_STYLE_USAGE ( .BOTH. , #948 ) ;
#1184 = CARTESIAN_POINT ( 'NONE',  ( 4.714821648428291043E-13, 3.808651545348268472E-15, -56.10000000000913190 ) ) ;
#1185 =( NAMED_UNIT ( * ) SI_UNIT ( $, .STERADIAN. ) SOLID_ANGLE_UNIT ( ) );
#1186 = CARTESIAN_POINT ( 'NONE',  ( 22.00000000000000711, 34.50000000000000000, -14.00000000000001776 ) ) ;
#1187 = VECTOR ( 'NONE', #1494, 1000.000000000000000 ) ;
#1188 = SURFACE_STYLE_FILL_AREA ( #221 ) ;
#1189 = AXIS2_PLACEMENT_3D ( 'NONE', #1554, #550, #436 ) ;
#1190 = EDGE_CURVE ( 'NONE', #630, #630, #1300, .T. ) ;
#1191 = PLANE ( 'NONE',  #1189 ) ;
#1192 = CARTESIAN_POINT ( 'NONE',  ( 12.00000000000000355, 13.50000000000000000, -13.00000000000001954 ) ) ;
#1193 = PRESENTATION_STYLE_ASSIGNMENT (( #1585 ) ) ;
#1194 = DIRECTION ( 'NONE',  ( 1.000000000000000000, -0.000000000000000000, -0.000000000000000000 ) ) ;
#1195 = ORIENTED_EDGE ( 'NONE', *, *, #442, .T. ) ;
#1196 = CARTESIAN_POINT ( 'NONE',  ( 0.000000000000000000, 48.00000000000000711, -35.00000000000000000 ) ) ;
#1197 = ORIENTED_EDGE ( 'NONE', *, *, #588, .T. ) ;
#1198 = FACE_OUTER_BOUND ( 'NONE', #762, .T. ) ;
#1199 = SURFACE_STYLE_FILL_AREA ( #450 ) ;
#1200 =( NAMED_UNIT ( * ) SI_UNIT ( $, .STERADIAN. ) SOLID_ANGLE_UNIT ( ) );
#1201 =( NAMED_UNIT ( * ) PLANE_ANGLE_UNIT ( ) SI_UNIT ( $, .RADIAN. ) );
#1202 = ORIENTED_EDGE ( 'NONE', *, *, #1270, .F. ) ;
#1203 = DIRECTION ( 'NONE',  ( 2.973811673103097665E-16, 2.231155596111649136E-16, -1.000000000000000000 ) ) ;
#1204 = ORIENTED_EDGE ( 'NONE', *, *, #976, .T. ) ;
#1205 = ORIENTED_EDGE ( 'NONE', *, *, #588, .F. ) ;
#1206 = CARTESIAN_POINT ( 'NONE',  ( 8.000000000000035527, 3.673940397442060756E-15, -30.00000000000000355 ) ) ;
#1207 = UNCERTAINTY_MEASURE_WITH_UNIT (LENGTH_MEASURE( 1.000000000000000082E-05 ), #273, 'distance_accuracy_value', 'NONE');
#1208 = SURFACE_STYLE_USAGE ( .BOTH. , #1583 ) ;
#1209 = STYLED_ITEM ( 'NONE', ( #202 ), #131 ) ;
#1210 =( GEOMETRIC_REPRESENTATION_CONTEXT ( 3 ) GLOBAL_UNCERTAINTY_ASSIGNED_CONTEXT ( ( #434 ) ) GLOBAL_UNIT_ASSIGNED_CONTEXT ( ( #882, #638, #1236 ) ) REPRESENTATION_CONTEXT ( 'NONE', 'WORKASPACE' ) );
#1211 = EDGE_CURVE ( 'NONE', #1120, #1127, #497, .T. ) ;
#1212 = VECTOR ( 'NONE', #689, 1000.000000000000000 ) ;
#1213 = SURFACE_SIDE_STYLE ('',( #430 ) ) ;
#1214 = STYLED_ITEM ( 'NONE', ( #562 ), #537 ) ;
#1215 = DIRECTION ( 'NONE',  ( 1.000000000000000000, 0.000000000000000000, 0.000000000000000000 ) ) ;
#1216 = DIRECTION ( 'NONE',  ( 1.000000000000000000, 0.000000000000000000, 0.000000000000000000 ) ) ;
#1217 = ORIENTED_EDGE ( 'NONE', *, *, #1225, .T. ) ;
#1218 = EDGE_LOOP ( 'NONE', ( #678 ) ) ;
#1219 = COLOUR_RGB ( '',0.5999999999999999778, 0.1607843137254901800, 0.7529411764705882248 ) ;
#1220 = VECTOR ( 'NONE', #603, 1000.000000000000000 ) ;
#1221 = STYLED_ITEM ( 'NONE', ( #987 ), #1489 ) ;
#1222 = SURFACE_STYLE_FILL_AREA ( #1099 ) ;
#1223 = CARTESIAN_POINT ( 'NONE',  ( 17.00000000000000711, 34.50000000000000000, -27.00000000000002132 ) ) ;
#1224 = SURFACE_STYLE_USAGE ( .BOTH. , #823 ) ;
#1225 = EDGE_CURVE ( 'NONE', #222, #1134, #116, .T. ) ;
#1226 =( NAMED_UNIT ( * ) PLANE_ANGLE_UNIT ( ) SI_UNIT ( $, .RADIAN. ) );
#1227 = CARTESIAN_POINT ( 'NONE',  ( 38.40000000000001279, 42.52000000000000313, -15.09999999999999964 ) ) ;
#1228 = VERTEX_POINT ( 'NONE', #1149 ) ;
#1229 = VERTEX_POINT ( 'NONE', #1384 ) ;
#1230 = DIRECTION ( 'NONE',  ( 0.000000000000000000, 0.000000000000000000, 1.000000000000000000 ) ) ;
#1231 = CARTESIAN_POINT ( 'NONE',  ( 47.50000000000000000, 3.808651545348268472E-15, -56.10000000000945874 ) ) ;
#1232 = CARTESIAN_POINT ( 'NONE',  ( 12.00000000000000888, 42.52000000000000313, -35.00000000000000000 ) ) ;
#1233 = DIRECTION ( 'NONE',  ( 1.000000000000000000, 0.000000000000000000, -0.000000000000000000 ) ) ;
#1234 = CARTESIAN_POINT ( 'NONE',  ( 47.50000000000000000, 0.000000000000000000, 0.000000000000000000 ) ) ;
#1235 = ORIENTED_EDGE ( 'NONE', *, *, #547, .T. ) ;
#1236 =( NAMED_UNIT ( * ) SI_UNIT ( $, .STERADIAN. ) SOLID_ANGLE_UNIT ( ) );
#1237 = ORIENTED_EDGE ( 'NONE', *, *, #1121, .F. ) ;
#1238 =( NAMED_UNIT ( * ) SI_UNIT ( $, .STERADIAN. ) SOLID_ANGLE_UNIT ( ) );
#1239 = VECTOR ( 'NONE', #1245, 1000.000000000000000 ) ;
#1240 = AXIS2_PLACEMENT_3D ( 'NONE', #721, #1107, #468 ) ;
#1241 = CARTESIAN_POINT ( 'NONE',  ( 47.50000000000000000, 42.52000000000000313, -31.10000000000000142 ) ) ;
#1242 = DIRECTION ( 'NONE',  ( 0.000000000000000000, -0.000000000000000000, -1.000000000000000000 ) ) ;
#1243 = ORIENTED_EDGE ( 'NONE', *, *, #435, .T. ) ;
#1244 = COLOUR_RGB ( '',0.5999999999999999778, 0.1607843137254901800, 0.7529411764705882248 ) ;
#1245 = DIRECTION ( 'NONE',  ( -1.000000000000000000, 0.000000000000000000, 6.981856894704021739E-15 ) ) ;
#1246 = AXIS2_PLACEMENT_3D ( 'NONE', #587, #1327, #1310 ) ;
#1247 = DIRECTION ( 'NONE',  ( 0.000000000000000000, 0.000000000000000000, -1.000000000000000000 ) ) ;
#1248 = CIRCLE ( 'NONE', #297, 3.399999999999998579 ) ;
#1249 = EDGE_CURVE ( 'NONE', #1330, #1369, #518, .T. ) ;
#1250 = COLOUR_RGB ( '',0.5999999999999999778, 0.1607843137254901800, 0.7529411764705882248 ) ;
#1251 = LINE ( 'NONE', #1371, #1461 ) ;
#1252 =( GEOMETRIC_REPRESENTATION_CONTEXT ( 3 ) GLOBAL_UNCERTAINTY_ASSIGNED_CONTEXT ( ( #1422 ) ) GLOBAL_UNIT_ASSIGNED_CONTEXT ( ( #362, #764, #1238 ) ) REPRESENTATION_CONTEXT ( 'NONE', 'WORKASPACE' ) );
#1253 = LINE ( 'NONE', #601, #481 ) ;
#1254 = DIRECTION ( 'NONE',  ( -1.264902534566421922E-16, 1.000000000000000000, -0.000000000000000000 ) ) ;
#1255 = DIRECTION ( 'NONE',  ( 0.000000000000000000, 1.000000000000000000, 0.000000000000000000 ) ) ;
#1256 = CARTESIAN_POINT ( 'NONE',  ( 47.50000000000000000, 42.52000000000000313, 0.000000000000000000 ) ) ;
#1257 = ORIENTED_EDGE ( 'NONE', *, *, #414, .T. ) ;
#1258 = EDGE_LOOP ( 'NONE', ( #261 ) ) ;
#1259 = LINE ( 'NONE', #998, #138 ) ;
#1260 = SURFACE_SIDE_STYLE ('',( #780 ) ) ;
#1261 = CARTESIAN_POINT ( 'NONE',  ( 47.50000000000000000, 42.52000000000000313, 0.000000000000000000 ) ) ;
#1262 = SURFACE_SIDE_STYLE ('',( #508 ) ) ;
#1263 = LINE ( 'NONE', #266, #1555 ) ;
#1264 =( NAMED_UNIT ( * ) SI_UNIT ( $, .STERADIAN. ) SOLID_ANGLE_UNIT ( ) );
#1265 = ORIENTED_EDGE ( 'NONE', *, *, #1578, .T. ) ;
#1266 = ORIENTED_EDGE ( 'NONE', *, *, #1270, .T. ) ;
#1267 = CARTESIAN_POINT ( 'NONE',  ( 12.00000000000001066, 48.00000000000000711, -32.99999999999999289 ) ) ;
#1268 = ORIENTED_EDGE ( 'NONE', *, *, #457, .T. ) ;
#1269 = ORIENTED_EDGE ( 'NONE', *, *, #632, .T. ) ;
#1270 = EDGE_CURVE ( 'NONE', #705, #1500, #625, .T. ) ;
#1271 = CARTESIAN_POINT ( 'NONE',  ( 47.50000000000000000, 0.000000000000000000, -31.10000000000000142 ) ) ;
#1272 = DIRECTION ( 'NONE',  ( 0.000000000000000000, -1.000000000000000000, 0.000000000000000000 ) ) ;
#1273 = ORIENTED_EDGE ( 'NONE', *, *, #1286, .T. ) ;
#1274 = COLOUR_RGB ( '',0.5999999999999999778, 0.1607843137254901800, 0.7529411764705882248 ) ;
#1275 = STYLED_ITEM ( 'NONE', ( #499 ), #709 ) ;
#1276 = AXIS2_PLACEMENT_3D ( 'NONE', #1528, #1173, #1167 ) ;
#1277 =( NAMED_UNIT ( * ) SI_UNIT ( $, .STERADIAN. ) SOLID_ANGLE_UNIT ( ) );
#1278 = ORIENTED_EDGE ( 'NONE', *, *, #1529, .F. ) ;
#1279 = UNCERTAINTY_MEASURE_WITH_UNIT (LENGTH_MEASURE( 1.000000000000000082E-05 ), #652, 'distance_accuracy_value', 'NONE');
#1280 = DIRECTION ( 'NONE',  ( -1.264902534566421922E-16, 1.000000000000000000, -0.000000000000000000 ) ) ;
#1281 = UNCERTAINTY_MEASURE_WITH_UNIT (LENGTH_MEASURE( 1.000000000000000082E-05 ), #205, 'distance_accuracy_value', 'NONE');
#1282 = SURFACE_SIDE_STYLE ('',( #794 ) ) ;
#1283 = DIRECTION ( 'NONE',  ( 1.000000000000000000, -1.873351485936076736E-16, 0.000000000000000000 ) ) ;
#1284 = EDGE_LOOP ( 'NONE', ( #1243, #1465, #378, #1557 ) ) ;
#1285 =( LENGTH_UNIT ( ) NAMED_UNIT ( * ) SI_UNIT ( .MILLI., .METRE. ) );
#1286 = EDGE_CURVE ( 'NONE', #532, #492, #877, .T. ) ;
#1287 = SURFACE_STYLE_FILL_AREA ( #1543 ) ;
#1288 = FILL_AREA_STYLE_COLOUR ( '', #343 ) ;
#1289 = UNCERTAINTY_MEASURE_WITH_UNIT (LENGTH_MEASURE( 1.000000000000000082E-05 ), #1383, 'distance_accuracy_value', 'NONE');
#1290 = DIRECTION ( 'NONE',  ( -1.000000000000000000, -0.000000000000000000, -0.000000000000000000 ) ) ;
#1291 = MECHANICAL_DESIGN_GEOMETRIC_PRESENTATION_REPRESENTATION (  '', ( #1060 ), #1111 ) ;
#1292 = ORIENTED_EDGE ( 'NONE', *, *, #809, .F. ) ;
#1293 = DIRECTION ( 'NONE',  ( 0.000000000000000000, 0.000000000000000000, 1.000000000000000000 ) ) ;
#1294 = EDGE_CURVE ( 'NONE', #339, #1228, #837, .T. ) ;
#1295 = AXIS2_PLACEMENT_3D ( 'NONE', #918, #1412, #594 ) ;
#1296 = SURFACE_STYLE_USAGE ( .BOTH. , #666 ) ;
#1297 = AXIS2_PLACEMENT_3D ( 'NONE', #561, #1560, #463 ) ;
#1298 = COLOUR_RGB ( '',0.5999999999999999778, 0.1607843137254901800, 0.7529411764705882248 ) ;
#1299 = PRESENTATION_STYLE_ASSIGNMENT (( #407 ) ) ;
#1300 = CIRCLE ( 'NONE', #120, 0.9999999999999991118 ) ;
#1301 = CARTESIAN_POINT ( 'NONE',  ( 0.000000000000000000, 5.480000000000002203, -5.099999999999998757 ) ) ;
#1302 = AXIS2_PLACEMENT_3D ( 'NONE', #1542, #287, #164 ) ;
#1303 = PLANE ( 'NONE',  #1315 ) ;
#1304 = DIRECTION ( 'NONE',  ( -1.224646799147349756E-16, -1.000000000000000000, -1.224646799147353454E-16 ) ) ;
#1305 = SURFACE_SIDE_STYLE ('',( #807 ) ) ;
#1306 = FACE_BOUND ( 'NONE', #863, .T. ) ;
#1307 = EDGE_CURVE ( 'NONE', #1095, #553, #1332, .T. ) ;
#1308 = LINE ( 'NONE', #152, #295 ) ;
#1309 = CARTESIAN_POINT ( 'NONE',  ( 20.39999999999994529, 5.480000000000002203, -5.099999999999998757 ) ) ;
#1310 = DIRECTION ( 'NONE',  ( 0.000000000000000000, 0.000000000000000000, -1.000000000000000000 ) ) ;
#1311 = EDGE_CURVE ( 'NONE', #330, #371, #1263, .T. ) ;
#1312 = CARTESIAN_POINT ( 'NONE',  ( 47.50000000000000000, 0.000000000000000000, 0.000000000000000000 ) ) ;
#1313 = VECTOR ( 'NONE', #464, 1000.000000000000000 ) ;
#1314 = CARTESIAN_POINT ( 'NONE',  ( 0.000000000000000000, 48.00000000000000711, -56.10000000000914611 ) ) ;
#1315 = AXIS2_PLACEMENT_3D ( 'NONE', #676, #1164, #534 ) ;
#1316 = VECTOR ( 'NONE', #150, 1000.000000000000000 ) ;
#1317 = STYLED_ITEM ( 'NONE', ( #544 ), #784 ) ;
#1318 = FACE_OUTER_BOUND ( 'NONE', #460, .T. ) ;
#1319 = COLOUR_RGB ( '',0.5999999999999999778, 0.1607843137254901800, 0.7529411764705882248 ) ;
#1320 = CARTESIAN_POINT ( 'NONE',  ( 47.50000000000000000, 48.00000000000000711, -32.99999999999999289 ) ) ;
#1321 = STYLED_ITEM ( 'NONE', ( #1419 ), #1410 ) ;
#1322 = DIRECTION ( 'NONE',  ( -1.000000000000000000, 3.641868946732744944E-32, -2.973811673103097665E-16 ) ) ;
#1323 = UNCERTAINTY_MEASURE_WITH_UNIT (LENGTH_MEASURE( 1.000000000000000082E-05 ), #730, 'distance_accuracy_value', 'NONE');
#1324 = FILL_AREA_STYLE_COLOUR ( '', #158 ) ;
#1325 = VERTEX_POINT ( 'NONE', #76 ) ;
#1326 = DIRECTION ( 'NONE',  ( -1.000000000000000000, 0.000000000000000000, -0.000000000000000000 ) ) ;
#1327 = DIRECTION ( 'NONE',  ( 1.000000000000000000, 0.000000000000000000, 0.000000000000000000 ) ) ;
#1328 = ORIENTED_EDGE ( 'NONE', *, *, #90, .T. ) ;
#1329 = CARTESIAN_POINT ( 'NONE',  ( 11.99999999999999645, 48.00000000000000000, 1.525154218199175380E-16 ) ) ;
#1330 = VERTEX_POINT ( 'NONE', #107 ) ;
#1331 = ORIENTED_EDGE ( 'NONE', *, *, #240, .T. ) ;
#1332 = LINE ( 'NONE', #1206, #756 ) ;
#1333 =( NAMED_UNIT ( * ) PLANE_ANGLE_UNIT ( ) SI_UNIT ( $, .RADIAN. ) );
#1334 = EDGE_CURVE ( 'NONE', #1330, #759, #1605, .T. ) ;
#1335 = PLANE ( 'NONE',  #1355 ) ;
#1336 = LINE ( 'NONE', #1568, #1427 ) ;
#1337 = VERTEX_POINT ( 'NONE', #480 ) ;
#1338 = ORIENTED_EDGE ( 'NONE', *, *, #1121, .T. ) ;
#1339 = CARTESIAN_POINT ( 'NONE',  ( 17.00000000000000711, 13.50000000000000000, -14.00000000000001776 ) ) ;
#1340 = EDGE_CURVE ( 'NONE', #819, #759, #1132, .T. ) ;
#1341 =( LENGTH_UNIT ( ) NAMED_UNIT ( * ) SI_UNIT ( .MILLI., .METRE. ) );
#1342 =( LENGTH_UNIT ( ) NAMED_UNIT ( * ) SI_UNIT ( .MILLI., .METRE. ) );
#1343 = FACE_BOUND ( 'NONE', #1352, .T. ) ;
#1344 = MECHANICAL_DESIGN_GEOMETRIC_PRESENTATION_REPRESENTATION (  '', ( #1145 ), #181 ) ;
#1345 = EDGE_LOOP ( 'NONE', ( #878, #9, #1614, #849 ) ) ;
#1346 = LINE ( 'NONE', #219, #951 ) ;
#1347 = COLOUR_RGB ( '',0.5999999999999999778, 0.1607843137254901800, 0.7529411764705882248 ) ;
#1348 = SURFACE_STYLE_FILL_AREA ( #338 ) ;
#1349 = LINE ( 'NONE', #1312, #1401 ) ;
#1350 = EDGE_LOOP ( 'NONE', ( #969, #905, #853, #959, #232, #1524, #716, #1105 ) ) ;
#1351 = SURFACE_STYLE_USAGE ( .BOTH. , #854 ) ;
#1352 = EDGE_LOOP ( 'NONE', ( #896 ) ) ;
#1353 = AXIS2_PLACEMENT_3D ( 'NONE', #178, #57, #1293 ) ;
#1354 = SURFACE_SIDE_STYLE ('',( #975 ) ) ;
#1355 = AXIS2_PLACEMENT_3D ( 'NONE', #821, #75, #846 ) ;
#1356 = LINE ( 'NONE', #97, #251 ) ;
#1357 = SURFACE_STYLE_FILL_AREA ( #886 ) ;
#1358 = DIRECTION ( 'NONE',  ( -3.641868946732744397E-32, -1.000000000000000000, 0.000000000000000000 ) ) ;
#1359 = LINE ( 'NONE', #1014, #1118 ) ;
#1360 = EDGE_LOOP ( 'NONE', ( #777, #885, #1581, #1005 ) ) ;
#1361 = ORIENTED_EDGE ( 'NONE', *, *, #467, .F. ) ;
#1362 = FILL_AREA_STYLE ('',( #387 ) ) ;
#1363 = ORIENTED_EDGE ( 'NONE', *, *, #305, .F. ) ;
#1364 = APPLICATION_PROTOCOL_DEFINITION ( 'draft international standard', 'automotive_design', 1998, #284 ) ;
#1365 = LINE ( 'NONE', #1000, #477 ) ;
#1366 = DIRECTION ( 'NONE',  ( 1.000000000000000000, 0.000000000000000000, 0.000000000000000000 ) ) ;
#1367 = EDGE_CURVE ( 'NONE', #1009, #639, #237, .T. ) ;
#1368 = FILL_AREA_STYLE_COLOUR ( '', #1552 ) ;
#1369 = VERTEX_POINT ( 'NONE', #1241 ) ;
#1370 = DIRECTION ( 'NONE',  ( -2.973811673103097665E-16, -1.224646799147353454E-16, 1.000000000000000000 ) ) ;
#1371 = CARTESIAN_POINT ( 'NONE',  ( 17.00000000000000711, -24.83517771678074482, -5.099999999999998757 ) ) ;
#1372 = CARTESIAN_POINT ( 'NONE',  ( 12.00000000000000355, 34.50000000000000000, -13.00000000000002132 ) ) ;
#1373 = CARTESIAN_POINT ( 'NONE',  ( 5.000000000000046185, 48.00000000000000711, -33.00000000000000000 ) ) ;
#1374 = CIRCLE ( 'NONE', #241, 0.9999999999999991118 ) ;
#1375 = COLOUR_RGB ( '',0.5999999999999999778, 0.1607843137254901800, 0.7529411764705882248 ) ;
#1376 = DIRECTION ( 'NONE',  ( 0.000000000000000000, -1.000000000000000000, 0.000000000000000000 ) ) ;
#1377 = VECTOR ( 'NONE', #155, 1000.000000000000000 ) ;
#1378 = ORIENTED_EDGE ( 'NONE', *, *, #1168, .T. ) ;
#1379 = UNCERTAINTY_MEASURE_WITH_UNIT (LENGTH_MEASURE( 1.000000000000000082E-05 ), #1462, 'distance_accuracy_value', 'NONE');
#1380 = MECHANICAL_DESIGN_GEOMETRIC_PRESENTATION_REPRESENTATION (  '', ( #1606 ), #616 ) ;
#1381 = ORIENTED_EDGE ( 'NONE', *, *, #1416, .F. ) ;
#1382 = MECHANICAL_DESIGN_GEOMETRIC_PRESENTATION_REPRESENTATION (  '', ( #1321 ), #1091 ) ;
#1383 =( LENGTH_UNIT ( ) NAMED_UNIT ( * ) SI_UNIT ( .MILLI., .METRE. ) );
#1384 = CARTESIAN_POINT ( 'NONE',  ( 5.000000000000044409, 5.480000000000039506, -33.00000000000000000 ) ) ;
#1385 = PLANE ( 'NONE',  #396 ) ;
#1386 = LINE ( 'NONE', #512, #719 ) ;
#1387 = ORIENTED_EDGE ( 'NONE', *, *, #364, .T. ) ;
#1388 = SURFACE_STYLE_FILL_AREA ( #1362 ) ;
#1389 = ORIENTED_EDGE ( 'NONE', *, *, #1174, .T. ) ;
#1390 = ADVANCED_FACE ( 'NONE', ( #490 ), #1003, .T. ) ;
#1391 = SURFACE_SIDE_STYLE ('',( #754 ) ) ;
#1392 = CARTESIAN_POINT ( 'NONE',  ( 38.40000000000001279, 5.480000000000002203, -123.6296231294182206 ) ) ;
#1393 = CARTESIAN_POINT ( 'NONE',  ( 22.89999999999992042, -2.144987451396800741E-15, -2.599999999999998757 ) ) ;
#1394 = ORIENTED_EDGE ( 'NONE', *, *, #880, .T. ) ;
#1395 = DIRECTION ( 'NONE',  ( -1.000000000000000000, -0.000000000000000000, -0.000000000000000000 ) ) ;
#1396 = EDGE_LOOP ( 'NONE', ( #1516 ) ) ;
#1397 = CARTESIAN_POINT ( 'NONE',  ( 47.50000000000000000, 0.000000000000000000, 0.000000000000000000 ) ) ;
#1398 = ADVANCED_FACE ( 'NONE', ( #400, #1306, #1431, #167, #49 ), #653, .F. ) ;
#1399 = ORIENTED_EDGE ( 'NONE', *, *, #914, .T. ) ;
#1400 = VECTOR ( 'NONE', #22, 1000.000000000000000 ) ;
#1401 = VECTOR ( 'NONE', #1580, 1000.000000000000000 ) ;
#1402 = FILL_AREA_STYLE_COLOUR ( '', #1274 ) ;
#1403 = AXIS2_PLACEMENT_3D ( 'NONE', #1539, #552, #933 ) ;
#1404 = FILL_AREA_STYLE_COLOUR ( '', #299 ) ;
#1405 =( GEOMETRIC_REPRESENTATION_CONTEXT ( 3 ) GLOBAL_UNCERTAINTY_ASSIGNED_CONTEXT ( ( #413 ) ) GLOBAL_UNIT_ASSIGNED_CONTEXT ( ( #782, #417, #1277 ) ) REPRESENTATION_CONTEXT ( 'NONE', 'WORKASPACE' ) );
#1406 = COLOUR_RGB ( '',0.5999999999999999778, 0.1607843137254901800, 0.7529411764705882248 ) ;
#1407 = SURFACE_STYLE_FILL_AREA ( #392 ) ;
#1408 = SURFACE_STYLE_FILL_AREA ( #393 ) ;
#1409 = ORIENTED_EDGE ( 'NONE', *, *, #736, .F. ) ;
#1410 = ADVANCED_FACE ( 'NONE', ( #1157, #1057, #1053, #33 ), #1335, .T. ) ;
#1411 = LINE ( 'NONE', #1049, #243 ) ;
#1412 = DIRECTION ( 'NONE',  ( 1.000000000000000000, -1.873351485936076983E-16, 0.000000000000000000 ) ) ;
#1413 = UNCERTAINTY_MEASURE_WITH_UNIT (LENGTH_MEASURE( 1.000000000000000082E-05 ), #82, 'distance_accuracy_value', 'NONE');
#1414 = FILL_AREA_STYLE_COLOUR ( '', #1347 ) ;
#1415 = DIRECTION ( 'NONE',  ( 1.000000000000000000, -3.641868946732744397E-32, 2.973811673103097665E-16 ) ) ;
#1416 = EDGE_CURVE ( 'NONE', #514, #532, #942, .T. ) ;
#1417 = SURFACE_STYLE_FILL_AREA ( #1067 ) ;
#1418 = FILL_AREA_STYLE ('',( #395 ) ) ;
#1419 = PRESENTATION_STYLE_ASSIGNMENT (( #38 ) ) ;
#1420 =( NAMED_UNIT ( * ) SI_UNIT ( $, .STERADIAN. ) SOLID_ANGLE_UNIT ( ) );
#1421 = SURFACE_STYLE_USAGE ( .BOTH. , #927 ) ;
#1422 = UNCERTAINTY_MEASURE_WITH_UNIT (LENGTH_MEASURE( 1.000000000000000082E-05 ), #362, 'distance_accuracy_value', 'NONE');
#1423 = CARTESIAN_POINT ( 'NONE',  ( 12.00000000000000888, 5.480000000000040394, -33.00000000000000000 ) ) ;
#1424 = LINE ( 'NONE', #55, #932 ) ;
#1425 = VECTOR ( 'NONE', #1119, 1000.000000000000000 ) ;
#1426 = EDGE_LOOP ( 'NONE', ( #626 ) ) ;
#1427 = VECTOR ( 'NONE', #1216, 1000.000000000000000 ) ;
#1428 = ADVANCED_FACE ( 'NONE', ( #1444 ), #1191, .F. ) ;
#1429 = VECTOR ( 'NONE', #456, 1000.000000000000000 ) ;
#1430 = MECHANICAL_DESIGN_GEOMETRIC_PRESENTATION_REPRESENTATION (  '', ( #1484 ), #720 ) ;
#1431 = FACE_BOUND ( 'NONE', #1396, .T. ) ;
#1432 = STYLED_ITEM ( 'NONE', ( #1469 ), #1428 ) ;
#1433 = CARTESIAN_POINT ( 'NONE',  ( 38.40000000000001990, 42.52000000000000313, -123.6296231294182206 ) ) ;
#1434 = ORIENTED_EDGE ( 'NONE', *, *, #573, .T. ) ;
#1435 = FILL_AREA_STYLE_COLOUR ( '', #1250 ) ;
#1436 = EDGE_CURVE ( 'NONE', #705, #514, #183, .T. ) ;
#1437 =( NAMED_UNIT ( * ) PLANE_ANGLE_UNIT ( ) SI_UNIT ( $, .RADIAN. ) );
#1438 = PRESENTATION_STYLE_ASSIGNMENT (( #1224 ) ) ;
#1439 = SURFACE_STYLE_USAGE ( .BOTH. , #841 ) ;
#1440 = CARTESIAN_POINT ( 'NONE',  ( 3.000000000000000000, 48.00000000000000711, -35.00000000000000000 ) ) ;
#1441 =( LENGTH_UNIT ( ) NAMED_UNIT ( * ) SI_UNIT ( .MILLI., .METRE. ) );
#1442 = VERTEX_POINT ( 'NONE', #814 ) ;
#1443 = UNCERTAINTY_MEASURE_WITH_UNIT (LENGTH_MEASURE( 1.000000000000000082E-05 ), #1342, 'distance_accuracy_value', 'NONE');
#1444 = FACE_OUTER_BOUND ( 'NONE', #445, .T. ) ;
#1445 = FACE_BOUND ( 'NONE', #133, .T. ) ;
#1446 = ADVANCED_BREP_SHAPE_REPRESENTATION ( 'RD_headfrontV3__Default__012635951C54', ( #1097, #790 ), #1613 ) ;
#1447 = FILL_AREA_STYLE ('',( #63 ) ) ;
#1448 = PRESENTATION_STYLE_ASSIGNMENT (( #1183 ) ) ;
#1449 = AXIS2_PLACEMENT_3D ( 'NONE', #713, #850, #1215 ) ;
#1450 = SURFACE_STYLE_USAGE ( .BOTH. , #839 ) ;
#1451 = MECHANICAL_DESIGN_GEOMETRIC_PRESENTATION_REPRESENTATION (  '', ( #1214 ), #509 ) ;
#1452 = CARTESIAN_POINT ( 'NONE',  ( 8.000000000000021316, 5.480000000000051941, -56.10000000000918163 ) ) ;
#1453 = VERTEX_POINT ( 'NONE', #213 ) ;
#1454 = DIRECTION ( 'NONE',  ( 0.000000000000000000, 0.000000000000000000, 1.000000000000000000 ) ) ;
#1455 =( GEOMETRIC_REPRESENTATION_CONTEXT ( 3 ) GLOBAL_UNCERTAINTY_ASSIGNED_CONTEXT ( ( #1006 ) ) GLOBAL_UNIT_ASSIGNED_CONTEXT ( ( #455, #953, #816 ) ) REPRESENTATION_CONTEXT ( 'NONE', 'WORKASPACE' ) );
#1456 = PRESENTATION_LAYER_ASSIGNMENT (  '', '', ( #405 ) ) ;
#1457 = EDGE_CURVE ( 'NONE', #484, #1120, #1564, .T. ) ;
#1458 = PLANE ( 'NONE',  #83 ) ;
#1459 = VERTEX_POINT ( 'NONE', #665 ) ;
#1460 =( NAMED_UNIT ( * ) SI_UNIT ( $, .STERADIAN. ) SOLID_ANGLE_UNIT ( ) );
#1461 = VECTOR ( 'NONE', #242, 1000.000000000000000 ) ;
#1462 =( LENGTH_UNIT ( ) NAMED_UNIT ( * ) SI_UNIT ( .MILLI., .METRE. ) );
#1463 = UNCERTAINTY_MEASURE_WITH_UNIT (LENGTH_MEASURE( 1.000000000000000082E-05 ), #589, 'distance_accuracy_value', 'NONE');
#1464 = SURFACE_STYLE_USAGE ( .BOTH. , #835 ) ;
#1465 = ORIENTED_EDGE ( 'NONE', *, *, #682, .T. ) ;
#1466 = EDGE_LOOP ( 'NONE', ( #217, #996, #1205, #340 ) ) ;
#1467 = EDGE_CURVE ( 'NONE', #1109, #1109, #1537, .T. ) ;
#1468 = DIRECTION ( 'NONE',  ( 0.000000000000000000, 0.000000000000000000, 1.000000000000000000 ) ) ;
#1469 = PRESENTATION_STYLE_ASSIGNMENT (( #559 ) ) ;
#1470 = VERTEX_POINT ( 'NONE', #848 ) ;
#1471 = DIRECTION ( 'NONE',  ( 0.000000000000000000, 0.000000000000000000, -1.000000000000000000 ) ) ;
#1472 = FILL_AREA_STYLE_COLOUR ( '', #574 ) ;
#1473 =( NAMED_UNIT ( * ) PLANE_ANGLE_UNIT ( ) SI_UNIT ( $, .RADIAN. ) );
#1474 = ORIENTED_EDGE ( 'NONE', *, *, #390, .T. ) ;
#1475 = ORIENTED_EDGE ( 'NONE', *, *, #729, .F. ) ;
#1476 = FACE_OUTER_BOUND ( 'NONE', #259, .T. ) ;
#1477 = SURFACE_STYLE_USAGE ( .BOTH. , #85 ) ;
#1478 = EDGE_CURVE ( 'NONE', #1459, #485, #1253, .T. ) ;
#1479 = DIRECTION ( 'NONE',  ( -0.000000000000000000, 0.000000000000000000, 1.000000000000000000 ) ) ;
#1480 = LINE ( 'NONE', #868, #1169 ) ;
#1481 = CIRCLE ( 'NONE', #531, 0.9999999999999974465 ) ;
#1482 = VERTEX_POINT ( 'NONE', #228 ) ;
#1483 = VECTOR ( 'NONE', #523, 1000.000000000000000 ) ;
#1484 = STYLED_ITEM ( 'NONE', ( #1193 ), #838 ) ;
#1485 =( LENGTH_UNIT ( ) NAMED_UNIT ( * ) SI_UNIT ( .MILLI., .METRE. ) );
#1486 = ORIENTED_EDGE ( 'NONE', *, *, #286, .T. ) ;
#1487 = PRODUCT_DEFINITION_FORMATION_WITH_SPECIFIED_SOURCE ( 'ANY', '', #333, .NOT_KNOWN. ) ;
#1488 = CARTESIAN_POINT ( 'NONE',  ( 47.50000000000000000, 0.000000000000000000, 0.000000000000000000 ) ) ;
#1489 = ADVANCED_FACE ( 'NONE', ( #1, #1002 ), #1122, .F. ) ;
#1490 = CARTESIAN_POINT ( 'NONE',  ( 28.40000000000000568, 42.52000000000000313, 2.900000000000139799 ) ) ;
#1491 = ORIENTED_EDGE ( 'NONE', *, *, #408, .F. ) ;
#1492 = UNCERTAINTY_MEASURE_WITH_UNIT (LENGTH_MEASURE( 1.000000000000000082E-05 ), #1341, 'distance_accuracy_value', 'NONE');
#1493 = CARTESIAN_POINT ( 'NONE',  ( 3.000000000000000000, 48.00000000000000711, -35.00000000000000000 ) ) ;
#1494 = DIRECTION ( 'NONE',  ( 3.641868946732744397E-32, 1.000000000000000000, 0.000000000000000000 ) ) ;
#1495 = CARTESIAN_POINT ( 'NONE',  ( 22.89999999999992397, 42.52000000000000313, -2.599999999999998757 ) ) ;
#1496 = ORIENTED_EDGE ( 'NONE', *, *, #1153, .F. ) ;
#1497 = ORIENTED_EDGE ( 'NONE', *, *, #862, .T. ) ;
#1498 = CARTESIAN_POINT ( 'NONE',  ( 0.000000000000000000, 0.000000000000000000, -31.10000000000000142 ) ) ;
#1499 = APPLICATION_CONTEXT ( 'automotive_design' ) ;
#1500 = VERTEX_POINT ( 'NONE', #487 ) ;
#1501 = FACE_OUTER_BOUND ( 'NONE', #1177, .T. ) ;
#1502 = FILL_AREA_STYLE ('',( #1151 ) ) ;
#1503 = CIRCLE ( 'NONE', #1295, 3.399999999999998579 ) ;
#1504 = VERTEX_POINT ( 'NONE', #4 ) ;
#1505 = CARTESIAN_POINT ( 'NONE',  ( 47.50000000000000000, 42.52000000000000313, -15.09999999999999964 ) ) ;
#1506 = VECTOR ( 'NONE', #248, 1000.000000000000000 ) ;
#1507 =( LENGTH_UNIT ( ) NAMED_UNIT ( * ) SI_UNIT ( .MILLI., .METRE. ) );
#1508 = VECTOR ( 'NONE', #1130, 1000.000000000000000 ) ;
#1509 = STYLED_ITEM ( 'NONE', ( #1299 ), #1398 ) ;
#1510 = CARTESIAN_POINT ( 'NONE',  ( 271.0000000000040927, 169.1677741365566874, -56.10000000001107168 ) ) ;
#1511 = ORIENTED_EDGE ( 'NONE', *, *, #390, .F. ) ;
#1512 = SURFACE_SIDE_STYLE ('',( #1357 ) ) ;
#1513 = DIRECTION ( 'NONE',  ( -1.000000000000000000, -0.000000000000000000, -0.000000000000000000 ) ) ;
#1514 = FACE_BOUND ( 'NONE', #1015, .T. ) ;
#1515 = SURFACE_STYLE_FILL_AREA ( #513 ) ;
#1516 = ORIENTED_EDGE ( 'NONE', *, *, #364, .F. ) ;
#1517 = DIRECTION ( 'NONE',  ( 0.000000000000000000, 0.000000000000000000, -1.000000000000000000 ) ) ;
#1518 = ADVANCED_FACE ( 'NONE', ( #999, #1600 ), #253, .F. ) ;
#1519 = CARTESIAN_POINT ( 'NONE',  ( 38.40000000000001279, 1.567975990793573070E-14, -56.10000000000939480 ) ) ;
#1520 = SHAPE_DEFINITION_REPRESENTATION ( #91, #1446 ) ;
#1521 =( NAMED_UNIT ( * ) PLANE_ANGLE_UNIT ( ) SI_UNIT ( $, .RADIAN. ) );
#1522 =( NAMED_UNIT ( * ) SI_UNIT ( $, .STERADIAN. ) SOLID_ANGLE_UNIT ( ) );
#1523 = FACE_OUTER_BOUND ( 'NONE', #1087, .T. ) ;
#1524 = ORIENTED_EDGE ( 'NONE', *, *, #1311, .T. ) ;
#1525 = UNCERTAINTY_MEASURE_WITH_UNIT (LENGTH_MEASURE( 1.000000000000000082E-05 ), #447, 'distance_accuracy_value', 'NONE');
#1526 = CARTESIAN_POINT ( 'NONE',  ( 12.00000000000000178, 9.797174393178851295E-16, -8.000000000000019540 ) ) ;
#1527 = UNCERTAINTY_MEASURE_WITH_UNIT (LENGTH_MEASURE( 1.000000000000000082E-05 ), #209, 'distance_accuracy_value', 'NONE');
#1528 = CARTESIAN_POINT ( 'NONE',  ( 0.000000000000000000, 0.000000000000000000, -38.00000000000000711 ) ) ;
#1529 = EDGE_CURVE ( 'NONE', #1120, #1137, #1108, .T. ) ;
#1530 = PRESENTATION_LAYER_ASSIGNMENT (  '', '', ( #609 ) ) ;
#1531 = EDGE_LOOP ( 'NONE', ( #1587 ) ) ;
#1532 = PRESENTATION_LAYER_ASSIGNMENT (  '', '', ( #271 ) ) ;
#1533 = VECTOR ( 'NONE', #1176, 1000.000000000000000 ) ;
#1534 = DIRECTION ( 'NONE',  ( 0.000000000000000000, 0.000000000000000000, 1.000000000000000000 ) ) ;
#1535 = CARTESIAN_POINT ( 'NONE',  ( 47.50000000000000000, 36.51999999999999602, -9.000000000000000000 ) ) ;
#1536 = VECTOR ( 'NONE', #27, 1000.000000000000000 ) ;
#1537 = CIRCLE ( 'NONE', #1302, 3.400000000000000355 ) ;
#1538 = EDGE_CURVE ( 'NONE', #233, #596, #112, .T. ) ;
#1539 = CARTESIAN_POINT ( 'NONE',  ( 12.00000000000000888, 60.00000000000002132, -32.99999999999999289 ) ) ;
#1540 = SURFACE_STYLE_USAGE ( .BOTH. , #1181 ) ;
#1541 = DIRECTION ( 'NONE',  ( 1.000000000000000000, 0.000000000000000000, -0.000000000000000000 ) ) ;
#1542 = CARTESIAN_POINT ( 'NONE',  ( 38.40000000000001279, 36.51999999999999602, -9.000000000000000000 ) ) ;
#1543 = FILL_AREA_STYLE ('',( #151 ) ) ;
#1544 = DIRECTION ( 'NONE',  ( 1.873351485936076736E-16, 1.000000000000000000, 0.000000000000000000 ) ) ;
#1545 = CARTESIAN_POINT ( 'NONE',  ( 3.000000000000005329, 5.480000000000019966, -38.00000000000000711 ) ) ;
#1546 = DIRECTION ( 'NONE',  ( 0.000000000000000000, -0.000000000000000000, -1.000000000000000000 ) ) ;
#1547 = CARTESIAN_POINT ( 'NONE',  ( 8.000000000000021316, 42.52000000000000313, -38.00000000000000711 ) ) ;
#1548 = CARTESIAN_POINT ( 'NONE',  ( 47.50000000000000000, 0.000000000000000000, -15.09999999999999964 ) ) ;
#1549 = PRESENTATION_LAYER_ASSIGNMENT (  '', '', ( #907 ) ) ;
#1550 =( NAMED_UNIT ( * ) PLANE_ANGLE_UNIT ( ) SI_UNIT ( $, .RADIAN. ) );
#1551 = EDGE_CURVE ( 'NONE', #1369, #570, #369, .T. ) ;
#1552 = COLOUR_RGB ( '',0.5999999999999999778, 0.1607843137254901800, 0.7529411764705882248 ) ;
#1553 = VECTOR ( 'NONE', #17, 1000.000000000000000 ) ;
#1554 = CARTESIAN_POINT ( 'NONE',  ( 12.00000000000000888, 60.00000000000002132, -32.99999999999999289 ) ) ;
#1555 = VECTOR ( 'NONE', #200, 1000.000000000000000 ) ;
#1556 = PLANE ( 'NONE',  #452 ) ;
#1557 = ORIENTED_EDGE ( 'NONE', *, *, #1436, .T. ) ;
#1558 = CARTESIAN_POINT ( 'NONE',  ( 19.99999999999999645, 0.000000000000000000, 0.000000000000000000 ) ) ;
#1559 =( NAMED_UNIT ( * ) SI_UNIT ( $, .STERADIAN. ) SOLID_ANGLE_UNIT ( ) );
#1560 = DIRECTION ( 'NONE',  ( 1.000000000000000000, -0.000000000000000000, -0.000000000000000000 ) ) ;
#1561 =( NAMED_UNIT ( * ) SI_UNIT ( $, .STERADIAN. ) SOLID_ANGLE_UNIT ( ) );
#1562 = VERTEX_POINT ( 'NONE', #875 ) ;
#1563 = DIRECTION ( 'NONE',  ( -1.000000000000000000, 0.000000000000000000, 0.000000000000000000 ) ) ;
#1564 = LINE ( 'NONE', #1452, #406 ) ;
#1565 = CARTESIAN_POINT ( 'NONE',  ( 0.000000000000000000, 0.000000000000000000, 0.000000000000000000 ) ) ;
#1566 = EDGE_CURVE ( 'NONE', #198, #1137, #600, .T. ) ;
#1567 =( NAMED_UNIT ( * ) SI_UNIT ( $, .STERADIAN. ) SOLID_ANGLE_UNIT ( ) );
#1568 = CARTESIAN_POINT ( 'NONE',  ( 47.50000000000000000, 5.480000000000002203, -33.00000000000000000 ) ) ;
#1569 = EDGE_LOOP ( 'NONE', ( #578 ) ) ;
#1570 =( NAMED_UNIT ( * ) PLANE_ANGLE_UNIT ( ) SI_UNIT ( $, .RADIAN. ) );
#1571 =( NAMED_UNIT ( * ) SI_UNIT ( $, .STERADIAN. ) SOLID_ANGLE_UNIT ( ) );
#1572 = FILL_AREA_STYLE ('',( #692 ) ) ;
#1573 = MECHANICAL_DESIGN_GEOMETRIC_PRESENTATION_REPRESENTATION (  '', ( #1083 ), #610 ) ;
#1574 = VECTOR ( 'NONE', #307, 1000.000000000000000 ) ;
#1575 = CARTESIAN_POINT ( 'NONE',  ( 17.00000000000000711, 34.50000000000000000, -13.00000000000002132 ) ) ;
#1576 = ORIENTED_EDGE ( 'NONE', *, *, #1001, .T. ) ;
#1577 = MECHANICAL_DESIGN_GEOMETRIC_PRESENTATION_REPRESENTATION (  '', ( #672 ), #163 ) ;
#1578 = EDGE_CURVE ( 'NONE', #148, #855, #1251, .T. ) ;
#1579 =( GEOMETRIC_REPRESENTATION_CONTEXT ( 3 ) GLOBAL_UNCERTAINTY_ASSIGNED_CONTEXT ( ( #1135 ) ) GLOBAL_UNIT_ASSIGNED_CONTEXT ( ( #903, #147, #925 ) ) REPRESENTATION_CONTEXT ( 'NONE', 'WORKASPACE' ) );
#1580 = DIRECTION ( 'NONE',  ( 0.000000000000000000, 1.224646799147353207E-16, -1.000000000000000000 ) ) ;
#1581 = ORIENTED_EDGE ( 'NONE', *, *, #354, .T. ) ;
#1582 = EDGE_LOOP ( 'NONE', ( #1389, #608, #367, #636 ) ) ;
#1583 = SURFACE_SIDE_STYLE ('',( #960 ) ) ;
#1584 = FILL_AREA_STYLE ('',( #84 ) ) ;
#1585 = SURFACE_STYLE_USAGE ( .BOTH. , #971 ) ;
#1586 = CARTESIAN_POINT ( 'NONE',  ( 12.00000000000000888, 42.52000000000000313, -32.99999999999999289 ) ) ;
#1587 = ORIENTED_EDGE ( 'NONE', *, *, #775, .T. ) ;
#1588 = ORIENTED_EDGE ( 'NONE', *, *, #1307, .T. ) ;
#1589 = EDGE_CURVE ( 'NONE', #1134, #738, #1128, .T. ) ;
#1590 = FILL_AREA_STYLE ('',( #180 ) ) ;
#1591 = CARTESIAN_POINT ( 'NONE',  ( 47.50000000000000000, 5.480000000000002203, -15.09999999999999964 ) ) ;
#1592 = CARTESIAN_POINT ( 'NONE',  ( 12.00000000000000888, 60.00000000000002132, -32.99999999999999289 ) ) ;
#1593 = VERTEX_POINT ( 'NONE', #441 ) ;
#1594 =( NAMED_UNIT ( * ) PLANE_ANGLE_UNIT ( ) SI_UNIT ( $, .RADIAN. ) );
#1595 = FACE_OUTER_BOUND ( 'NONE', #745, .T. ) ;
#1596 = EDGE_LOOP ( 'NONE', ( #892 ) ) ;
#1597 = ORIENTED_EDGE ( 'NONE', *, *, #1013, .F. ) ;
#1598 = FACE_OUTER_BOUND ( 'NONE', #591, .T. ) ;
#1599 = EDGE_CURVE ( 'NONE', #132, #648, #1356, .T. ) ;
#1600 = FACE_OUTER_BOUND ( 'NONE', #1466, .T. ) ;
#1601 = CARTESIAN_POINT ( 'NONE',  ( 0.000000000000000000, 0.000000000000000000, 0.000000000000000000 ) ) ;
#1602 = CARTESIAN_POINT ( 'NONE',  ( 8.000000000000021316, 5.480000000000040394, -35.00000000000000000 ) ) ;
#1603 = PRESENTATION_LAYER_ASSIGNMENT (  '', '', ( #667 ) ) ;
#1604 =( GEOMETRIC_REPRESENTATION_CONTEXT ( 3 ) GLOBAL_UNCERTAINTY_ASSIGNED_CONTEXT ( ( #201 ) ) GLOBAL_UNIT_ASSIGNED_CONTEXT ( ( #811, #670, #1046 ) ) REPRESENTATION_CONTEXT ( 'NONE', 'WORKASPACE' ) );
#1605 = LINE ( 'NONE', #1023, #585 ) ;
#1606 = STYLED_ITEM ( 'NONE', ( #105 ), #1028 ) ;
#1607 = SURFACE_SIDE_STYLE ('',( #1094 ) ) ;
#1608 =( LENGTH_UNIT ( ) NAMED_UNIT ( * ) SI_UNIT ( .MILLI., .METRE. ) );
#1609 = ORIENTED_EDGE ( 'NONE', *, *, #408, .T. ) ;
#1610 = EDGE_LOOP ( 'NONE', ( #1027, #834, #443, #328 ) ) ;
#1611 = PRESENTATION_LAYER_ASSIGNMENT (  '', '', ( #693 ) ) ;
#1612 = CARTESIAN_POINT ( 'NONE',  ( 19.99999999999999645, 0.000000000000000000, -6.132504329229316231E-47 ) ) ;
#1613 =( GEOMETRIC_REPRESENTATION_CONTEXT ( 3 ) GLOBAL_UNCERTAINTY_ASSIGNED_CONTEXT ( ( #825 ) ) GLOBAL_UNIT_ASSIGNED_CONTEXT ( ( #884, #741, #623 ) ) REPRESENTATION_CONTEXT ( 'NONE', 'WORKASPACE' ) );
#1614 = ORIENTED_EDGE ( 'NONE', *, *, #216, .F. ) ;
#1615 = SURFACE_STYLE_USAGE ( .BOTH. , #1391 ) ;
ENDSEC;
END-ISO-10303-21;
