ISO-10303-21;
HEADER;
FILE_DESCRIPTION (( 'STEP AP214' ),
    '1' );
FILE_NAME('Leg_Link_LV3_Mirrored.step','2026-09-10T00:00:00',('RIVERDOG'),(''),'SOLIDWORKS STEP exporter','SOLIDWORKS','');
FILE_SCHEMA (( 'AUTOMOTIVE_DESIGN' ));
ENDSEC;

DATA;
#1 = FILL_AREA_STYLE_COLOUR ( '', #1582 ) ;
#2 =( GEOMETRIC_REPRESENTATION_CONTEXT ( 3 ) GLOBAL_UNCERTAINTY_ASSIGNED_CONTEXT ( ( #1174 ) ) GLOBAL_UNIT_ASSIGNED_CONTEXT ( ( #2188, #1897, #1868 ) ) REPRESENTATION_CONTEXT ( 'NONE', 'WORKASPACE' ) );
#3 = CARTESIAN_POINT ( 'NONE',  ( -1.518749999999894573, 1.325785383128680250E-14, 83.02500000000000568 ) ) ;
#4 =( LENGTH_UNIT ( ) NAMED_UNIT ( * ) SI_UNIT ( .MILLI., .METRE. ) );
#5 = ORIENTED_EDGE ( 'NONE', *, *, #4617, .F. ) ;
#6 = MECHANICAL_DESIGN_GEOMETRIC_PRESENTATION_REPRESENTATION (  '', ( #5482 ), #2539 ) ;
#7 = FILL_AREA_STYLE_COLOUR ( '', #3666 ) ;
#8 = DIRECTION ( 'NONE',  ( -1.000000000000000000, -1.961223468999893458E-14, 0.000000000000000000 ) ) ;
#9 = CARTESIAN_POINT ( 'NONE',  ( -1.210205171887324793, 3.107528045708999986, 85.05206446330826964 ) ) ;
#10 = UNCERTAINTY_MEASURE_WITH_UNIT (LENGTH_MEASURE( 1.000000000000000082E-05 ), #2654, 'distance_accuracy_value', 'NONE');
#11 = DIRECTION ( 'NONE',  ( 1.000000000000000000, -5.165278571223809621E-17, -2.582639285611905427E-16 ) ) ;
#12 =( GEOMETRIC_REPRESENTATION_CONTEXT ( 3 ) GLOBAL_UNCERTAINTY_ASSIGNED_CONTEXT ( ( #2897 ) ) GLOBAL_UNIT_ASSIGNED_CONTEXT ( ( #2426, #5326, #5353 ) ) REPRESENTATION_CONTEXT ( 'NONE', 'WORKASPACE' ) );
#13 = FILL_AREA_STYLE ('',( #4882 ) ) ;
#14 = FILL_AREA_STYLE_COLOUR ( '', #3550 ) ;
#15 = CARTESIAN_POINT ( 'NONE',  ( 10.62500000000000000, 29.16000000000004277, 23.69249999999998835 ) ) ;
#16 = CARTESIAN_POINT ( 'NONE',  ( 10.62500000000000000, 3.037499999999999645, -1.713913789117811707E-15 ) ) ;
#17 = PRESENTATION_LAYER_ASSIGNMENT (  '', '', ( #2134 ) ) ;
#18 = DIRECTION ( 'NONE',  ( -1.000000000000000000, 0.000000000000000000, 0.000000000000000000 ) ) ;
#19 = PRESENTATION_LAYER_ASSIGNMENT (  '', '', ( #621 ) ) ;
#20 = LINE ( 'NONE', #1948, #2917 ) ;
#21 = ORIENTED_EDGE ( 'NONE', *, *, #3005, .F. ) ;
#22 = LINE ( 'NONE', #1378, #6103 ) ;
#23 = CARTESIAN_POINT ( 'NONE',  ( 10.88750242027060899, 4.840231731299227569, 90.61875000083199438 ) ) ;
#24 = AXIS2_PLACEMENT_3D ( 'NONE', #4751, #11, #3860 ) ;
#25 = CARTESIAN_POINT ( 'NONE',  ( -9.112499999999998934, 18.02250000000000085, 90.61874999999999147 ) ) ;
#26 = ADVANCED_FACE ( 'NONE', ( #3061 ), #3597, .T. ) ;
#27 = SURFACE_STYLE_FILL_AREA ( #5746 ) ;
#28 = ORIENTED_EDGE ( 'NONE', *, *, #2184, .F. ) ;
#29 = ORIENTED_EDGE ( 'NONE', *, *, #5689, .F. ) ;
#30 = ADVANCED_FACE ( 'NONE', ( #3116, #3028 ), #2161, .F. ) ;
#31 = CARTESIAN_POINT ( 'NONE',  ( 8.404419707584937171, -3.037499999999998757, 41.38947527421066042 ) ) ;
#32 = FILL_AREA_STYLE_COLOUR ( '', #3923 ) ;
#33 = LINE ( 'NONE', #2415, #2313 ) ;
#34 = FILL_AREA_STYLE_COLOUR ( '', #1598 ) ;
#35 = ORIENTED_EDGE ( 'NONE', *, *, #6239, .F. ) ;
#36 = LINE ( 'NONE', #3887, #2856 ) ;
#37 = CARTESIAN_POINT ( 'NONE',  ( -8.724953040531136850, 1.681400247548941573, 42.06036481966481944 ) ) ;
#38 = SURFACE_SIDE_STYLE ('',( #4843 ) ) ;
#39 = CARTESIAN_POINT ( 'NONE',  ( -7.796249999999990798, 21.32158956113294224, 101.6444737884497584 ) ) ;
#40 = SURFACE_SIDE_STYLE ('',( #4385 ) ) ;
#41 = LINE ( 'NONE', #129, #283 ) ;
#42 = DIRECTION ( 'NONE',  ( 0.000000000000000000, 1.000000000000000000, 0.000000000000000000 ) ) ;
#43 =( NAMED_UNIT ( * ) SI_UNIT ( $, .STERADIAN. ) SOLID_ANGLE_UNIT ( ) );
#44 = CARTESIAN_POINT ( 'NONE',  ( 1.012499999999973754, -0.1431962838996157783, 49.36805371610030591 ) ) ;
#45 = EDGE_LOOP ( 'NONE', ( #3035, #6237, #398, #4920 ) ) ;
#46 =( NAMED_UNIT ( * ) SI_UNIT ( $, .STERADIAN. ) SOLID_ANGLE_UNIT ( ) );
#47 = CARTESIAN_POINT ( 'NONE',  ( 11.06309069025867409, 5.859993152899235724, 90.61875000002923741 ) ) ;
#48 = DIRECTION ( 'NONE',  ( 0.000000000000000000, 1.885568995626964780E-16, 1.000000000000000000 ) ) ;
#49 = PRESENTATION_LAYER_ASSIGNMENT (  '', '', ( #3401 ) ) ;
#50 = ORIENTED_EDGE ( 'NONE', *, *, #2928, .F. ) ;
#51 = CARTESIAN_POINT ( 'NONE',  ( -8.593768334263964803, 23.01135794365392684, 92.53009452153803238 ) ) ;
#52 = ORIENTED_EDGE ( 'NONE', *, *, #1411, .F. ) ;
#53 = CARTESIAN_POINT ( 'NONE',  ( 1.012499999999973754, -0.1431962838996157783, 49.36805371610030591 ) ) ;
#54 = EDGE_CURVE ( 'NONE', #1752, #5014, #3581, .T. ) ;
#55 = STYLED_ITEM ( 'NONE', ( #4176 ), #2030 ) ;
#56 = LINE ( 'NONE', #5368, #667 ) ;
#57 = EDGE_CURVE ( 'NONE', #4777, #3997, #136, .T. ) ;
#58 = LINE ( 'NONE', #1551, #5456 ) ;
#59 =( NAMED_UNIT ( * ) SI_UNIT ( $, .STERADIAN. ) SOLID_ANGLE_UNIT ( ) );
#60 = SURFACE_STYLE_FILL_AREA ( #4379 ) ;
#61 = VERTEX_POINT ( 'NONE', #3182 ) ;
#62 = PRESENTATION_LAYER_ASSIGNMENT (  '', '', ( #5140 ) ) ;
#63 = CARTESIAN_POINT ( 'NONE',  ( -0.8918804235081830845, 22.67959795106755294, 85.52386113439771975 ) ) ;
#64 = VECTOR ( 'NONE', #4733, 1000.000000000000000 ) ;
#65 = EDGE_CURVE ( 'NONE', #6119, #5713, #1241, .T. ) ;
#66 = CARTESIAN_POINT ( 'NONE',  ( -1.788984366484247523, 4.914060294805166151, 84.03944547429385636 ) ) ;
#67 = UNCERTAINTY_MEASURE_WITH_UNIT (LENGTH_MEASURE( 1.000000000000000082E-05 ), #3876, 'distance_accuracy_value', 'NONE');
#68 = CARTESIAN_POINT ( 'NONE',  ( 2.369239150974359998, -4.049999999999995381, 96.22025408137884028 ) ) ;
#69 = CARTESIAN_POINT ( 'NONE',  ( -49.50701142158430912, 8.457484033760292845E-15, 113.4000000000000057 ) ) ;
#70 = VECTOR ( 'NONE', #4821, 999.9999999999998863 ) ;
#71 = LINE ( 'NONE', #4422, #5190 ) ;
#72 =( NAMED_UNIT ( * ) SI_UNIT ( $, .STERADIAN. ) SOLID_ANGLE_UNIT ( ) );
#73 = SURFACE_SIDE_STYLE ('',( #2865 ) ) ;
#74 = COLOUR_RGB ( '',0.1019607843137254888, 0.1019607843137254888, 0.1019607843137254888 ) ;
#75 = AXIS2_PLACEMENT_3D ( 'NONE', #2595, #182, #3940 ) ;
#76 = ORIENTED_EDGE ( 'NONE', *, *, #4398, .F. ) ;
#77 =( NAMED_UNIT ( * ) PLANE_ANGLE_UNIT ( ) SI_UNIT ( $, .RADIAN. ) );
#78 = CARTESIAN_POINT ( 'NONE',  ( -9.361746716857783923, 3.054291783343624278, 42.45221801996213884 ) ) ;
#79 = DIRECTION ( 'NONE',  ( 1.000000000000000000, -5.165278571223809621E-17, -2.582639285611905427E-16 ) ) ;
#80 = PRESENTATION_LAYER_ASSIGNMENT (  '', '', ( #2209 ) ) ;
#81 = VECTOR ( 'NONE', #4230, 1000.000000000000000 ) ;
#82 = SURFACE_SIDE_STYLE ('',( #531 ) ) ;
#83 = ORIENTED_EDGE ( 'NONE', *, *, #1133, .F. ) ;
#84 = CARTESIAN_POINT ( 'NONE',  ( 1.012499999999967315, 18.02250000000000085, 90.61874999999999147 ) ) ;
#85 = ORIENTED_EDGE ( 'NONE', *, *, #4583, .T. ) ;
#86 = SURFACE_SIDE_STYLE ('',( #3548 ) ) ;
#87 = SURFACE_SIDE_STYLE ('',( #1550 ) ) ;
#88 = VECTOR ( 'NONE', #4420, 1000.000000000000000 ) ;
#89 = SURFACE_STYLE_FILL_AREA ( #3460 ) ;
#90 = LINE ( 'NONE', #149, #2611 ) ;
#91 =( NAMED_UNIT ( * ) SI_UNIT ( $, .STERADIAN. ) SOLID_ANGLE_UNIT ( ) );
#92 = PRESENTATION_LAYER_ASSIGNMENT (  '', '', ( #2430 ) ) ;
#93 = CARTESIAN_POINT ( 'NONE',  ( 5.124129633549348917, 27.27690639370145220, 46.47375002599712701 ) ) ;
#94 = ORIENTED_EDGE ( 'NONE', *, *, #2551, .F. ) ;
#95 = CARTESIAN_POINT ( 'NONE',  ( -1.142482242650067592, 22.15676909225470936, 85.15594991192115515 ) ) ;
#96 =( GEOMETRIC_REPRESENTATION_CONTEXT ( 3 ) GLOBAL_UNCERTAINTY_ASSIGNED_CONTEXT ( ( #3212 ) ) GLOBAL_UNIT_ASSIGNED_CONTEXT ( ( #4104, #4502, #3619 ) ) REPRESENTATION_CONTEXT ( 'NONE', 'WORKASPACE' ) );
#97 = FILL_AREA_STYLE_COLOUR ( '', #2784 ) ;
#98 = FILL_AREA_STYLE_COLOUR ( '', #6272 ) ;
#99 = DIRECTION ( 'NONE',  ( 1.000000000000000000, 0.000000000000000000, 0.000000000000000000 ) ) ;
#100 = EDGE_CURVE ( 'NONE', #3258, #558, #390, .T. ) ;
#101 = CARTESIAN_POINT ( 'NONE',  ( 10.12490670390007885, -3.324029358901047004, 96.88812703433222850 ) ) ;
#102 = VERTEX_POINT ( 'NONE', #427 ) ;
#103 = PLANE ( 'NONE',  #3037 ) ;
#104 = EDGE_CURVE ( 'NONE', #1090, #6271, #2757, .T. ) ;
#105 = CARTESIAN_POINT ( 'NONE',  ( 10.62500000000000000, 29.07130540213517733, 37.93832813541065718 ) ) ;
#106 = B_SPLINE_CURVE_WITH_KNOTS ( 'NONE', 3,
 ( #4901, #1451, #913, #31, #3391, #1957, #2441, #4432, #3903, #3420, #1986, #4778, #3935, #5874, #6231, #5781, #1386, #3361, #1867, #3817, #5750, #2845 ),
 .UNSPECIFIED., .F., .F.,
 ( 4, 2, 2, 2, 2, 2, 2, 2, 2, 2, 4 ),
 ( 0.000000000000000000, 0.001353584189270895088, 0.002707168378541790175, 0.004060752567812685697, 0.005414336757083580351, 0.006767920946354475872, 0.008121505135625371394, 0.008798297230260819154, 0.009475089324896266915, 0.01015188141953171641, 0.01082867351416716591 ),
 .UNSPECIFIED. ) ;
#107 = DIRECTION ( 'NONE',  ( 1.000000000000000000, -4.510281037539699678E-17, 0.000000000000000000 ) ) ;
#108 = VERTEX_POINT ( 'NONE', #5131 ) ;
#109 = COLOUR_RGB ( '',0.1019607843137254888, 0.1019607843137254888, 0.1019607843137254888 ) ;
#110 = CARTESIAN_POINT ( 'NONE',  ( -1.137691111673537980, 2.942537587230953378, 51.92927216034166804 ) ) ;
#111 =( LENGTH_UNIT ( ) NAMED_UNIT ( * ) SI_UNIT ( .MILLI., .METRE. ) );
#112 = VECTOR ( 'NONE', #3378, 1000.000000000000000 ) ;
#113 = DIRECTION ( 'NONE',  ( 1.000000000000000000, 0.000000000000000000, 0.000000000000000000 ) ) ;
#114 =( GEOMETRIC_REPRESENTATION_CONTEXT ( 3 ) GLOBAL_UNCERTAINTY_ASSIGNED_CONTEXT ( ( #387 ) ) GLOBAL_UNIT_ASSIGNED_CONTEXT ( ( #4360, #996, #4302 ) ) REPRESENTATION_CONTEXT ( 'NONE', 'WORKASPACE' ) );
#115 = CONICAL_SURFACE ( 'NONE', #923, 2.531249999999863665, 0.7853981633974532750 ) ;
#116 = CARTESIAN_POINT ( 'NONE',  ( 1.012499999999961542, -4.050000000000006928, 42.06036481966481944 ) ) ;
#117 = ORIENTED_EDGE ( 'NONE', *, *, #1263, .F. ) ;
#118 = CARTESIAN_POINT ( 'NONE',  ( -8.401174110594473277, 23.61896674658180117, 93.09556205027375597 ) ) ;
#119 = ORIENTED_EDGE ( 'NONE', *, *, #5606, .F. ) ;
#120 = CARTESIAN_POINT ( 'NONE',  ( 10.62500000000000000, 29.16000000000003922, 36.39402376808405393 ) ) ;
#121 = DIRECTION ( 'NONE',  ( 0.000000000000000000, 0.000000000000000000, -1.000000000000000000 ) ) ;
#122 = CARTESIAN_POINT ( 'NONE',  ( 3.815554330454918208, 29.15999999999999659, 44.41531023316977667 ) ) ;
#123 = ORIENTED_EDGE ( 'NONE', *, *, #3842, .F. ) ;
#124 = CARTESIAN_POINT ( 'NONE',  ( -1.750659049652992794, 20.36412580828026364, 84.11538308642099082 ) ) ;
#125 = CARTESIAN_POINT ( 'NONE',  ( -7.535374800108296967, 21.97124999999999062, 101.6282571271230779 ) ) ;
#126 =( LENGTH_UNIT ( ) NAMED_UNIT ( * ) SI_UNIT ( .MILLI., .METRE. ) );
#127 = CARTESIAN_POINT ( 'NONE',  ( 10.62500000000000000, 28.48043086460504725, 96.94745616557155188 ) ) ;
#128 = ORIENTED_EDGE ( 'NONE', *, *, #5072, .T. ) ;
#129 = CARTESIAN_POINT ( 'NONE',  ( 0.000000000000000000, -3.849269726015902252E-16, -3.037499999999999645 ) ) ;
#130 = DIRECTION ( 'NONE',  ( -1.000000000000000000, 0.000000000000000000, 0.000000000000000000 ) ) ;
#131 = ADVANCED_FACE ( 'NONE', ( #2261 ), #1774, .F. ) ;
#132 = CARTESIAN_POINT ( 'NONE',  ( 10.62500000000000000, 28.48037825301807757, 40.14515396493453636 ) ) ;
#133 = CARTESIAN_POINT ( 'NONE',  ( 1.012499999999999512, -4.050000000000006928, 42.06036481966480522 ) ) ;
#134 = ADVANCED_FACE ( 'NONE', ( #3731 ), #2732, .F. ) ;
#135 = FILL_AREA_STYLE ('',( #5478 ) ) ;
#136 = LINE ( 'NONE', #2070, #2334 ) ;
#137 = DIRECTION ( 'NONE',  ( -3.053113317719179993E-16, 0.000000000000000000, -1.000000000000000000 ) ) ;
#138 = DIRECTION ( 'NONE',  ( -1.000000000000000000, 0.000000000000000000, 0.000000000000000000 ) ) ;
#139 = SURFACE_SIDE_STYLE ('',( #6050 ) ) ;
#140 = FILL_AREA_STYLE_COLOUR ( '', #2791 ) ;
#141 = ADVANCED_FACE ( 'NONE', ( #3663 ), #2697, .T. ) ;
#142 = SURFACE_STYLE_USAGE ( .BOTH. , #4511 ) ;
#143 = ORIENTED_EDGE ( 'NONE', *, *, #991, .T. ) ;
#144 = CARTESIAN_POINT ( 'NONE',  ( -8.965778955516340076, 22.94525814103311845, 94.54104774263774402 ) ) ;
#145 = ORIENTED_EDGE ( 'NONE', *, *, #3986, .F. ) ;
#146 = CARTESIAN_POINT ( 'NONE',  ( 6.226188493138671731, 28.14749999999999019, 43.13133291539335090 ) ) ;
#147 = MECHANICAL_DESIGN_GEOMETRIC_PRESENTATION_REPRESENTATION (  '', ( #856 ), #1361 ) ;
#148 = DIRECTION ( 'NONE',  ( -2.582639285611905427E-16, 8.296601849501745469E-32, 1.000000000000000000 ) ) ;
#149 = CARTESIAN_POINT ( 'NONE',  ( -51.32951142158430713, 21.97125000000000128, 96.39000000000000057 ) ) ;
#150 = FILL_AREA_STYLE ('',( #656 ) ) ;
#151 = VERTEX_POINT ( 'NONE', #2955 ) ;
#152 = CARTESIAN_POINT ( 'NONE',  ( 4.568528209913789162, 27.50468297687637786, 46.47375003405056049 ) ) ;
#153 = EDGE_LOOP ( 'NONE', ( #1667, #117, #5139, #2842, #2537, #1915 ) ) ;
#154 = PRESENTATION_LAYER_ASSIGNMENT (  '', '', ( #5029 ) ) ;
#155 = CARTESIAN_POINT ( 'NONE',  ( 10.12492166229170110, 28.68734543501628309, 39.47741571019067663 ) ) ;
#156 =( NAMED_UNIT ( * ) SI_UNIT ( $, .STERADIAN. ) SOLID_ANGLE_UNIT ( ) );
#157 = PLANE ( 'NONE',  #3211 ) ;
#158 = COLOUR_RGB ( '',0.1019607843137254888, 0.1019607843137254888, 0.1019607843137254888 ) ;
#159 = DIRECTION ( 'NONE',  ( -1.000000000000000000, -6.938893903907290007E-18, -3.053113317719179993E-16 ) ) ;
#160 = FILL_AREA_STYLE ('',( #1622 ) ) ;
#161 = ORIENTED_EDGE ( 'NONE', *, *, #5418, .F. ) ;
#162 = SURFACE_STYLE_FILL_AREA ( #5533 ) ;
#163 = DIRECTION ( 'NONE',  ( -1.000000000000000000, 0.000000000000000000, 0.000000000000000000 ) ) ;
#164 = DIRECTION ( 'NONE',  ( -3.122502256758269410E-17, 1.000000000000000000, -5.595882180570350110E-16 ) ) ;
#165 = ADVANCED_FACE ( 'NONE', ( #4351 ), #4325, .F. ) ;
#166 = DIRECTION ( 'NONE',  ( -2.498001805406605174E-16, 0.000000000000000000, 1.000000000000000000 ) ) ;
#167 = DIRECTION ( 'NONE',  ( -1.000000000000000000, -6.938893903907229918E-18, 3.053113317719179993E-16 ) ) ;
#168 = CARTESIAN_POINT ( 'NONE',  ( -7.796249999999989910, 11.43500000000000050, 101.8239397116732761 ) ) ;
#169 = MECHANICAL_DESIGN_GEOMETRIC_PRESENTATION_REPRESENTATION (  '', ( #5547 ), #4854 ) ;
#170 = CARTESIAN_POINT ( 'NONE',  ( 0.000000000000000000, 25.10999999999999588, -3.037499999999999645 ) ) ;
#171 = FILL_AREA_STYLE_COLOUR ( '', #4453 ) ;
#172 = CARTESIAN_POINT ( 'NONE',  ( 0.000000000000000000, 0.000000000000000000, 137.0924999999999727 ) ) ;
#173 = ORIENTED_EDGE ( 'NONE', *, *, #537, .F. ) ;
#174 = CARTESIAN_POINT ( 'NONE',  ( -9.264703407834984361, 21.74045576630318877, 92.98316491428242614 ) ) ;
#175 = EDGE_LOOP ( 'NONE', ( #1975, #4647, #956, #1749 ) ) ;
#176 = PRESENTATION_LAYER_ASSIGNMENT (  '', '', ( #1079 ) ) ;
#177 =( LENGTH_UNIT ( ) NAMED_UNIT ( * ) SI_UNIT ( .MILLI., .METRE. ) );
#178 = EDGE_CURVE ( 'NONE', #5895, #6154, #5828, .T. ) ;
#179 = STYLED_ITEM ( 'NONE', ( #1893 ), #4697 ) ;
#180 = COLOUR_RGB ( '',0.1019607843137254888, 0.1019607843137254888, 0.1019607843137254888 ) ;
#181 =( NAMED_UNIT ( * ) PLANE_ANGLE_UNIT ( ) SI_UNIT ( $, .RADIAN. ) );
#182 = DIRECTION ( 'NONE',  ( 6.071532165918857963E-15, -1.000000000000000000, 0.000000000000000000 ) ) ;
#183 =( NAMED_UNIT ( * ) SI_UNIT ( $, .STERADIAN. ) SOLID_ANGLE_UNIT ( ) );
#184 = ORIENTED_EDGE ( 'NONE', *, *, #4427, .T. ) ;
#185 = CARTESIAN_POINT ( 'NONE',  ( 1.070778906246476758, 29.15999999999999304, 42.05774055960331026 ) ) ;
#186 = VERTEX_POINT ( 'NONE', #2425 ) ;
#187 = VECTOR ( 'NONE', #1345, 1000.000000000000000 ) ;
#188 = PRESENTATION_STYLE_ASSIGNMENT (( #2747 ) ) ;
#189 = CARTESIAN_POINT ( 'NONE',  ( 10.62500000000000000, 3.073713158996406964E-14, 140.1299999999999670 ) ) ;
#190 =( GEOMETRIC_REPRESENTATION_CONTEXT ( 3 ) GLOBAL_UNCERTAINTY_ASSIGNED_CONTEXT ( ( #4655 ) ) GLOBAL_UNIT_ASSIGNED_CONTEXT ( ( #3146, #1240, #5103 ) ) REPRESENTATION_CONTEXT ( 'NONE', 'WORKASPACE' ) );
#191 = CARTESIAN_POINT ( 'NONE',  ( -0.2194781907050818437, 1.316716166175716962, 86.39457195948843093 ) ) ;
#192 = SURFACE_SIDE_STYLE ('',( #4590 ) ) ;
#193 = ORIENTED_EDGE ( 'NONE', *, *, #4731, .T. ) ;
#194 = DIRECTION ( 'NONE',  ( -0.000000000000000000, 1.000000000000000000, 0.000000000000000000 ) ) ;
#195 = PLANE ( 'NONE',  #2045 ) ;
#196 = CARTESIAN_POINT ( 'NONE',  ( 10.62500000000000000, 28.14749999999999375, 40.84195960390618296 ) ) ;
#197 = CARTESIAN_POINT ( 'NONE',  ( 1.240646695223117879, -4.050000000000004263, 42.01122901875560700 ) ) ;
#198 = SURFACE_STYLE_USAGE ( .BOTH. , #2130 ) ;
#199 = DIRECTION ( 'NONE',  ( -2.582639285611905427E-16, 0.000000000000000000, 1.000000000000000000 ) ) ;
#200 = STYLED_ITEM ( 'NONE', ( #4443 ), #5352 ) ;
#201 = ORIENTED_EDGE ( 'NONE', *, *, #5771, .F. ) ;
#202 = CIRCLE ( 'NONE', #2837, 11.13749999999999751 ) ;
#203 = CARTESIAN_POINT ( 'NONE',  ( -7.796250000000000568, 21.97125000000000128, 40.70249999999999346 ) ) ;
#204 = ORIENTED_EDGE ( 'NONE', *, *, #6012, .T. ) ;
#205 = ADVANCED_FACE ( 'NONE', ( #5351 ), #6245, .F. ) ;
#206 =( GEOMETRIC_REPRESENTATION_CONTEXT ( 3 ) GLOBAL_UNCERTAINTY_ASSIGNED_CONTEXT ( ( #5206 ) ) GLOBAL_UNIT_ASSIGNED_CONTEXT ( ( #5726, #6115, #2672 ) ) REPRESENTATION_CONTEXT ( 'NONE', 'WORKASPACE' ) );
#207 =( NAMED_UNIT ( * ) SI_UNIT ( $, .STERADIAN. ) SOLID_ANGLE_UNIT ( ) );
#208 = LINE ( 'NONE', #1665, #2206 ) ;
#209 = ORIENTED_EDGE ( 'NONE', *, *, #3482, .T. ) ;
#210 = EDGE_CURVE ( 'NONE', #4855, #6132, #3984, .T. ) ;
#211 = CARTESIAN_POINT ( 'NONE',  ( 1.157216739054226284, 29.15999999999999304, 42.03992321244362529 ) ) ;
#212 = EDGE_LOOP ( 'NONE', ( #2763, #3759, #94, #2248 ) ) ;
#213 = CIRCLE ( 'NONE', #24, 1.050000000000002265 ) ;
#214 = CIRCLE ( 'NONE', #5400, 11.13749999999999396 ) ;
#215 = CARTESIAN_POINT ( 'NONE',  ( 1.012500000002381384, 6.074999999999996625, 95.03213518033163609 ) ) ;
#216 = FACE_OUTER_BOUND ( 'NONE', #1025, .T. ) ;
#217 = CARTESIAN_POINT ( 'NONE',  ( 7.906692841179482123, 29.16000000000003212, 92.33431339352871703 ) ) ;
#218 = CARTESIAN_POINT ( 'NONE',  ( -9.189109521178194129, 2.618599751906824036, 42.06036481966481944 ) ) ;
#219 = ORIENTED_EDGE ( 'NONE', *, *, #492, .T. ) ;
#220 = LINE ( 'NONE', #1626, #4941 ) ;
#221 = CARTESIAN_POINT ( 'NONE',  ( 3.364750116668199453, -4.050000000000014033, 44.40483867171086985 ) ) ;
#222 = UNCERTAINTY_MEASURE_WITH_UNIT (LENGTH_MEASURE( 1.000000000000000082E-05 ), #2907, 'distance_accuracy_value', 'NONE');
#223 = FILL_AREA_STYLE ('',( #4111 ) ) ;
#224 = CARTESIAN_POINT ( 'NONE',  ( -1.942565360879992875, 5.796880834067366983, 53.37463202389248806 ) ) ;
#225 =( NAMED_UNIT ( * ) PLANE_ANGLE_UNIT ( ) SI_UNIT ( $, .RADIAN. ) );
#226 = PLANE ( 'NONE',  #4896 ) ;
#227 = PLANE ( 'NONE',  #5940 ) ;
#228 = CARTESIAN_POINT ( 'NONE',  ( 0.000000000000000000, 8.457484033760292845E-15, 113.4000000000000057 ) ) ;
#229 = ORIENTED_EDGE ( 'NONE', *, *, #4220, .T. ) ;
#230 = CARTESIAN_POINT ( 'NONE',  ( 10.12500000000000000, 28.14749999999999019, 96.25054039609378265 ) ) ;
#231 = ORIENTED_EDGE ( 'NONE', *, *, #1263, .T. ) ;
#232 =( LENGTH_UNIT ( ) NAMED_UNIT ( * ) SI_UNIT ( .MILLI., .METRE. ) );
#233 = CARTESIAN_POINT ( 'NONE',  ( 1.012500000020259083, -3.037499999999967226, 90.61875000000000568 ) ) ;
#234 = CARTESIAN_POINT ( 'NONE',  ( -10.12500000000003375, 18.02249999999999375, 42.06036481966498997 ) ) ;
#235 = CARTESIAN_POINT ( 'NONE',  ( 9.683029876856931395, 23.27141431074976907, 46.47374998826201420 ) ) ;
#236 = ORIENTED_EDGE ( 'NONE', *, *, #4354, .T. ) ;
#237 = EDGE_CURVE ( 'NONE', #5728, #4027, #1653, .T. ) ;
#238 = EDGE_CURVE ( 'NONE', #2712, #2712, #3345, .T. ) ;
#239 = CARTESIAN_POINT ( 'NONE',  ( 9.673224606248911783, 28.14749999999999375, 96.17517452606340100 ) ) ;
#240 = CARTESIAN_POINT ( 'NONE',  ( -8.478155087152787317, 1.324736933162998120, 94.18763675306639982 ) ) ;
#241 = PLANE ( 'NONE',  #4363 ) ;
#242 = CARTESIAN_POINT ( 'NONE',  ( 3.121512803102663547, 29.16000000000001080, 92.69234437626052170 ) ) ;
#243 = DIRECTION ( 'NONE',  ( -1.000000000000000000, 0.000000000000000000, 0.000000000000000000 ) ) ;
#244 = EDGE_LOOP ( 'NONE', ( #2930, #4138, #6287, #5177, #900, #3395, #4224, #3999 ) ) ;
#245 =( LENGTH_UNIT ( ) NAMED_UNIT ( * ) SI_UNIT ( .MILLI., .METRE. ) );
#246 = ADVANCED_FACE ( 'NONE', ( #1165 ), #5441, .T. ) ;
#247 = CARTESIAN_POINT ( 'NONE',  ( -8.890715314664879187, 23.11859975190709449, 42.06036481966484075 ) ) ;
#248 = AXIS2_PLACEMENT_3D ( 'NONE', #1463, #5322, #513 ) ;
#249 = DIRECTION ( 'NONE',  ( -1.000000000000000000, 0.000000000000000000, 0.000000000000000000 ) ) ;
#250 = CARTESIAN_POINT ( 'NONE',  ( 8.599549465186651531, 0.3735474863946595114, 46.47374998396997370 ) ) ;
#251 = DIRECTION ( 'NONE',  ( 1.000000000000000000, -4.510281037539699678E-17, 0.000000000000000000 ) ) ;
#252 = CARTESIAN_POINT ( 'NONE',  ( -9.079114787851812807, 22.73535653654782251, 41.95039790824444736 ) ) ;
#253 = CARTESIAN_POINT ( 'NONE',  ( -9.112499999999998934, 7.087500000000000355, 46.47375000000000256 ) ) ;
#254 = FACE_OUTER_BOUND ( 'NONE', #3033, .T. ) ;
#255 = DIRECTION ( 'NONE',  ( 1.000000000000000000, 0.000000000000000000, 2.498001805406600244E-16 ) ) ;
#256 = FILL_AREA_STYLE_COLOUR ( '', #2077 ) ;
#257 = SURFACE_STYLE_USAGE ( .BOTH. , #858 ) ;
#258 = LINE ( 'NONE', #228, #4752 ) ;
#259 = VERTEX_POINT ( 'NONE', #2065 ) ;
#260 = FILL_AREA_STYLE_COLOUR ( '', #4262 ) ;
#261 = ORIENTED_EDGE ( 'NONE', *, *, #1137, .F. ) ;
#262 = DIRECTION ( 'NONE',  ( -1.000000000000000000, 0.000000000000000000, 0.000000000000000000 ) ) ;
#263 = CARTESIAN_POINT ( 'NONE',  ( 1.595252968584911279, -3.024759260618541834, 90.61874998168165973 ) ) ;
#264 = CARTESIAN_POINT ( 'NONE',  ( -5.973749999999999893, 21.97125000000000128, 1.542804143242412762E-15 ) ) ;
#265 =( NAMED_UNIT ( * ) SI_UNIT ( $, .STERADIAN. ) SOLID_ANGLE_UNIT ( ) );
#266 = FILL_AREA_STYLE_COLOUR ( '', #180 ) ;
#267 = STYLED_ITEM ( 'NONE', ( #4410 ), #3588 ) ;
#268 =( NAMED_UNIT ( * ) SI_UNIT ( $, .STERADIAN. ) SOLID_ANGLE_UNIT ( ) );
#269 = ORIENTED_EDGE ( 'NONE', *, *, #4469, .F. ) ;
#270 = CARTESIAN_POINT ( 'NONE',  ( 9.216604350569665982, 29.15999999999963777, 45.07821353877605475 ) ) ;
#271 = ORIENTED_EDGE ( 'NONE', *, *, #1530, .T. ) ;
#272 = MECHANICAL_DESIGN_GEOMETRIC_PRESENTATION_REPRESENTATION (  '', ( #6168 ), #4461 ) ;
#273 = COLOUR_RGB ( '',0.1019607843137254888, 0.1019607843137254888, 0.1019607843137254888 ) ;
#274 = DIRECTION ( 'NONE',  ( 1.000000000000000000, 6.071532165918857963E-15, 4.905214477351502437E-12 ) ) ;
#275 = CARTESIAN_POINT ( 'NONE',  ( -8.956005521086600751, 2.778416940641673882, 92.67360282002373140 ) ) ;
#276 = CARTESIAN_POINT ( 'NONE',  ( 20.25000000000000000, 28.14749999999999375, 3.843567104199589366E-15 ) ) ;
#277 = CARTESIAN_POINT ( 'NONE',  ( 2.004705808205209383, 29.16000000000000014, 95.78515258018298084 ) ) ;
#278 = DIRECTION ( 'NONE',  ( -0.000000000000000000, -1.885568995626964780E-16, -1.000000000000000000 ) ) ;
#279 = ORIENTED_EDGE ( 'NONE', *, *, #2228, .T. ) ;
#280 = TOROIDAL_SURFACE ( 'NONE', #995, 1.012499999999995515, 10.12500000000000000 ) ;
#281 = CARTESIAN_POINT ( 'NONE',  ( 10.62500000000000000, 29.16000000000004988, 100.6984762319159188 ) ) ;
#282 = CARTESIAN_POINT ( 'NONE',  ( -9.361379184784082597, 22.07702779330138654, 42.11241577222012467 ) ) ;
#283 = VECTOR ( 'NONE', #5857, 1000.000000000000000 ) ;
#284 = B_SPLINE_SURFACE_WITH_KNOTS ( 'NONE', 3, 1, ( 
 ( #2706, #230 ),
 ( #1311, #2168 ),
 ( #6026, #4223 ),
 ( #5047, #3126 ),
 ( #2623, #742 ),
 ( #4572, #4192 ) ),
 .UNSPECIFIED., .F., .F., .F.,
 ( 4, 2, 4 ),
 ( 2, 2 ),
 ( 0.000000000000000000, 0.5000000000000000000, 1.000000000000000000 ),
 ( 0.000000000000000000, 1.000000000000000000 ),
 .UNSPECIFIED. ) ;
#285 = EDGE_CURVE ( 'NONE', #4673, #5691, #2338, .T. ) ;
#286 = CARTESIAN_POINT ( 'NONE',  ( 7.127597562413933829, -0.9951175694335065991, 46.47375002982962400 ) ) ;
#287 = UNCERTAINTY_MEASURE_WITH_UNIT (LENGTH_MEASURE( 1.000000000000000082E-05 ), #2020, 'distance_accuracy_value', 'NONE');
#288 = ADVANCED_FACE ( 'NONE', ( #3081 ), #103, .T. ) ;
#289 = FACE_OUTER_BOUND ( 'NONE', #542, .T. ) ;
#290 =( GEOMETRIC_REPRESENTATION_CONTEXT ( 3 ) GLOBAL_UNCERTAINTY_ASSIGNED_CONTEXT ( ( #4565 ) ) GLOBAL_UNIT_ASSIGNED_CONTEXT ( ( #6045, #4084, #4597 ) ) REPRESENTATION_CONTEXT ( 'NONE', 'WORKASPACE' ) );
#291 = PRESENTATION_STYLE_ASSIGNMENT (( #3214 ) ) ;
#292 = CARTESIAN_POINT ( 'NONE',  ( 10.62500000000000000, 29.16000000000003922, 36.39402376808405393 ) ) ;
#293 = DIRECTION ( 'NONE',  ( -1.000000000000000000, -0.000000000000000000, 0.000000000000000000 ) ) ;
#294 = MECHANICAL_DESIGN_GEOMETRIC_PRESENTATION_REPRESENTATION (  '', ( #3958 ), #4783 ) ;
#295 = APPLICATION_CONTEXT ( 'automotive_design' ) ;
#296 = FACE_OUTER_BOUND ( 'NONE', #846, .T. ) ;
#297 = VERTEX_POINT ( 'NONE', #1235 ) ;
#298 = FILL_AREA_STYLE ('',( #6089 ) ) ;
#299 = ORIENTED_EDGE ( 'NONE', *, *, #3623, .T. ) ;
#300 = CARTESIAN_POINT ( 'NONE',  ( 10.62500000000000000, 0.000000000000000000, 45.96750000000000114 ) ) ;
#301 = FACE_BOUND ( 'NONE', #4210, .T. ) ;
#302 = LINE ( 'NONE', #264, #4245 ) ;
#303 = VERTEX_POINT ( 'NONE', #5175 ) ;
#304 = SURFACE_STYLE_FILL_AREA ( #4637 ) ;
#305 = VERTEX_POINT ( 'NONE', #6232 ) ;
#306 = CARTESIAN_POINT ( 'NONE',  ( 4.668372417382048667, 29.16000000000000725, 38.56048922527284617 ) ) ;
#307 = VERTEX_POINT ( 'NONE', #281 ) ;
#308 = MECHANICAL_DESIGN_GEOMETRIC_PRESENTATION_REPRESENTATION (  '', ( #1427 ), #1114 ) ;
#309 = CARTESIAN_POINT ( 'NONE',  ( 0.000000000000000000, 11.03624999999999901, -11.03624999999999901 ) ) ;
#310 = CARTESIAN_POINT ( 'NONE',  ( -9.078521510461104782, 2.388917536023558608, 94.58052837258220791 ) ) ;
#311 = CARTESIAN_POINT ( 'NONE',  ( -5.973749999999999893, 21.97125000000000128, 137.0924999999999727 ) ) ;
#312 = PRODUCT_DEFINITION_CONTEXT ( 'detailed design', #295, 'design' ) ;
#313 = CARTESIAN_POINT ( 'NONE',  ( 1.595252968563971807, 28.13475926061973098, 90.61874998168164552 ) ) ;
#314 = CARTESIAN_POINT ( 'NONE',  ( 10.12495594304832380, 29.06693436254128571, 99.30863821709431249 ) ) ;
#315 = COLOUR_RGB ( '',0.1019607843137254888, 0.1019607843137254888, 0.1019607843137254888 ) ;
#316 = CARTESIAN_POINT ( 'NONE',  ( -5.973749999999990123, 22.19517506373316351, 35.19250000000000256 ) ) ;
#317 = EDGE_LOOP ( 'NONE', ( #4762, #2493, #2874, #805 ) ) ;
#318 = CIRCLE ( 'NONE', #1227, 11.13749999999999396 ) ;
#319 = PLANE ( 'NONE',  #4408 ) ;
#320 = UNCERTAINTY_MEASURE_WITH_UNIT (LENGTH_MEASURE( 1.000000000000000082E-05 ), #4122, 'distance_accuracy_value', 'NONE');
#321 = CARTESIAN_POINT ( 'NONE',  ( 1.775762833513489625, -4.050000000000003375, 41.56926913758928777 ) ) ;
#322 = CARTESIAN_POINT ( 'NONE',  ( 20.25000000000000000, 0.000000000000000000, 0.000000000000000000 ) ) ;
#323 = LINE ( 'NONE', #4217, #4406 ) ;
#324 = ADVANCED_FACE ( 'NONE', ( #4779 ), #474, .T. ) ;
#325 = EDGE_CURVE ( 'NONE', #1473, #2250, #3392, .T. ) ;
#326 = ADVANCED_FACE ( 'NONE', ( #3362 ), #2667, .T. ) ;
#327 = CARTESIAN_POINT ( 'NONE',  ( 5.932430803159464361, -3.037499999999999645, 93.60700541604029468 ) ) ;
#328 = ORIENTED_EDGE ( 'NONE', *, *, #1380, .F. ) ;
#329 =( NAMED_UNIT ( * ) SI_UNIT ( $, .STERADIAN. ) SOLID_ANGLE_UNIT ( ) );
#330 = ORIENTED_EDGE ( 'NONE', *, *, #5007, .F. ) ;
#331 = CARTESIAN_POINT ( 'NONE',  ( 0.000000000000000000, 0.000000000000000000, 0.000000000000000000 ) ) ;
#332 = CARTESIAN_POINT ( 'NONE',  ( 7.828694725845529945, -0.4133409605456337954, 90.61875002982959870 ) ) ;
#333 = EDGE_CURVE ( 'NONE', #2495, #2737, #445, .T. ) ;
#334 = CARTESIAN_POINT ( 'NONE',  ( 1.440443597846338797, -4.050000000000003375, 41.89309093300369113 ) ) ;
#335 = CARTESIAN_POINT ( 'NONE',  ( -7.796249999999990798, 21.97125000000000128, 35.60362543825130643 ) ) ;
#336 = EDGE_LOOP ( 'NONE', ( #779, #5291, #441, #5939, #5081, #3701, #2205 ) ) ;
#337 = CARTESIAN_POINT ( 'NONE',  ( 5.425044474222457502, 29.16000000000001435, 38.02530419713622223 ) ) ;
#338 = ORIENTED_EDGE ( 'NONE', *, *, #4924, .T. ) ;
#339 = MANIFOLD_SOLID_BREP ( '<BACKUPLV3PROTOTYPEV4>-<Stock-Knee-1[1]>', #1405 ) ;
#340 = CARTESIAN_POINT ( 'NONE',  ( -9.338277290741256564, 2.985349870255857851, 42.35257472897375663 ) ) ;
#341 = DIRECTION ( 'NONE',  ( 0.000000000000000000, -1.000000000000000000, -3.125627884642895048E-16 ) ) ;
#342 = DIRECTION ( 'NONE',  ( 1.000000000000000000, 0.000000000000000000, 0.000000000000000000 ) ) ;
#343 = CARTESIAN_POINT ( 'NONE',  ( 3.480726024198450119, 29.16000000000006409, 92.68515870432041481 ) ) ;
#344 = SURFACE_SIDE_STYLE ('',( #3853 ) ) ;
#345 = ORIENTED_EDGE ( 'NONE', *, *, #4321, .T. ) ;
#346 = CARTESIAN_POINT ( 'NONE',  ( -8.516901325253428467, 23.59499634361045750, 43.47363622769859859 ) ) ;
#347 = DIRECTION ( 'NONE',  ( -3.212450881438532241E-16, -1.000000000000000000, -0.000000000000000000 ) ) ;
#348 = MECHANICAL_DESIGN_GEOMETRIC_PRESENTATION_REPRESENTATION (  '', ( #2290 ), #3818 ) ;
#349 = FILL_AREA_STYLE_COLOUR ( '', #5198 ) ;
#350 = DIRECTION ( 'NONE',  ( -3.212450881438532241E-16, -1.000000000000000000, -0.000000000000000000 ) ) ;
#351 = CARTESIAN_POINT ( 'NONE',  ( 1.012499999999961542, 18.02249999999999730, 90.61874999999999147 ) ) ;
#352 = DIRECTION ( 'NONE',  ( 1.000000000000000000, 0.000000000000000000, 0.000000000000000000 ) ) ;
#353 = PRESENTATION_LAYER_ASSIGNMENT (  '', '', ( #3090 ) ) ;
#354 = FILL_AREA_STYLE ('',( #2760 ) ) ;
#355 = DIRECTION ( 'NONE',  ( 2.498001805406600244E-16, 0.000000000000000000, -1.000000000000000000 ) ) ;
#356 = EDGE_CURVE ( 'NONE', #5594, #5847, #3850, .T. ) ;
#357 = FILL_AREA_STYLE_COLOUR ( '', #74 ) ;
#358 = VECTOR ( 'NONE', #3939, 1000.000000000000000 ) ;
#359 = ORIENTED_EDGE ( 'NONE', *, *, #537, .T. ) ;
#360 = VERTEX_POINT ( 'NONE', #5907 ) ;
#361 = ADVANCED_FACE ( 'NONE', ( #5458 ), #5934, .F. ) ;
#362 = LINE ( 'NONE', #1313, #4890 ) ;
#363 = CARTESIAN_POINT ( 'NONE',  ( 2.674096028900059263, -4.049999999999991829, 96.58817227335337918 ) ) ;
#364 =( GEOMETRIC_REPRESENTATION_CONTEXT ( 3 ) GLOBAL_UNCERTAINTY_ASSIGNED_CONTEXT ( ( #1818 ) ) GLOBAL_UNIT_ASSIGNED_CONTEXT ( ( #3303, #5286, #5819 ) ) REPRESENTATION_CONTEXT ( 'NONE', 'WORKASPACE' ) );
#365 = LINE ( 'NONE', #2769, #3928 ) ;
#366 =( LENGTH_UNIT ( ) NAMED_UNIT ( * ) SI_UNIT ( .MILLI., .METRE. ) );
#367 = CARTESIAN_POINT ( 'NONE',  ( 4.638564266609162878, 29.16000000000002146, 98.50874706848463802 ) ) ;
#368 = ORIENTED_EDGE ( 'NONE', *, *, #910, .F. ) ;
#369 = CARTESIAN_POINT ( 'NONE',  ( 8.646844020900859462, 29.16000000000043357, 44.91612200837087698 ) ) ;
#370 = ORIENTED_EDGE ( 'NONE', *, *, #2104, .F. ) ;
#371 = MECHANICAL_DESIGN_GEOMETRIC_PRESENTATION_REPRESENTATION (  '', ( #3920 ), #3414 ) ;
#372 = EDGE_CURVE ( 'NONE', #1548, #1226, #2471, .T. ) ;
#373 = SURFACE_STYLE_FILL_AREA ( #2251 ) ;
#374 = CARTESIAN_POINT ( 'NONE',  ( -9.389029363146550011, 3.156852201998571861, 42.67742075332719764 ) ) ;
#375 = PRESENTATION_LAYER_ASSIGNMENT (  '', '', ( #4036 ) ) ;
#376 = CARTESIAN_POINT ( 'NONE',  ( -5.973749999999999893, 25.10999999999999588, 137.0924999999999727 ) ) ;
#377 = SURFACE_STYLE_FILL_AREA ( #5686 ) ;
#378 = CARTESIAN_POINT ( 'NONE',  ( 11.07645002354542463, 19.13269589423579475, 90.61874999999999147 ) ) ;
#379 = CARTESIAN_POINT ( 'NONE',  ( -7.756007213317444027, 2.024999999999999911, -6.995905658109735947E-15 ) ) ;
#380 =( LENGTH_UNIT ( ) NAMED_UNIT ( * ) SI_UNIT ( .MILLI., .METRE. ) );
#381 = ORIENTED_EDGE ( 'NONE', *, *, #410, .F. ) ;
#382 = AXIS2_PLACEMENT_3D ( 'NONE', #6229, #5814, #2938 ) ;
#383 = TOROIDAL_SURFACE ( 'NONE', #2507, 1.012499999999995515, 10.12500000000000000 ) ;
#384 = LINE ( 'NONE', #2330, #2082 ) ;
#385 = VECTOR ( 'NONE', #3740, 999.9999999999998863 ) ;
#386 = FILL_AREA_STYLE ('',( #3279 ) ) ;
#387 = UNCERTAINTY_MEASURE_WITH_UNIT (LENGTH_MEASURE( 1.000000000000000082E-05 ), #4360, 'distance_accuracy_value', 'NONE');
#388 = FACE_OUTER_BOUND ( 'NONE', #3099, .T. ) ;
#389 = CARTESIAN_POINT ( 'NONE',  ( 1.012499999999973754, 25.25319628389963000, 49.36805371610030591 ) ) ;
#390 = LINE ( 'NONE', #4253, #4668 ) ;
#391 = DIRECTION ( 'NONE',  ( 0.000000000000000000, 1.885568995626965026E-16, 1.000000000000000000 ) ) ;
#392 =( LENGTH_UNIT ( ) NAMED_UNIT ( * ) SI_UNIT ( .MILLI., .METRE. ) );
#393 = MECHANICAL_DESIGN_GEOMETRIC_PRESENTATION_REPRESENTATION (  '', ( #1194 ), #4378 ) ;
#394 = FACE_OUTER_BOUND ( 'NONE', #3453, .T. ) ;
#395 = SURFACE_STYLE_FILL_AREA ( #4153 ) ;
#396 = VERTEX_POINT ( 'NONE', #5966 ) ;
#397 = PRESENTATION_STYLE_ASSIGNMENT (( #3836 ) ) ;
#398 = ORIENTED_EDGE ( 'NONE', *, *, #1418, .T. ) ;
#399 =( LENGTH_UNIT ( ) NAMED_UNIT ( * ) SI_UNIT ( .MILLI., .METRE. ) );
#400 = CARTESIAN_POINT ( 'NONE',  ( 1.529408302792738095, -4.049999999999998934, 95.27888226498933477 ) ) ;
#401 = DIRECTION ( 'NONE',  ( 0.000000000000000000, -1.000000000000000000, 0.000000000000000000 ) ) ;
#402 =( NAMED_UNIT ( * ) SI_UNIT ( $, .STERADIAN. ) SOLID_ANGLE_UNIT ( ) );
#403 = CARTESIAN_POINT ( 'NONE',  ( 3.595478647394982463, 29.16000000000001080, 39.49875409938292137 ) ) ;
#404 = VERTEX_POINT ( 'NONE', #53 ) ;
#405 = PRESENTATION_LAYER_ASSIGNMENT (  '', '', ( #1712 ) ) ;
#406 = SURFACE_SIDE_STYLE ('',( #1480 ) ) ;
#407 = ORIENTED_EDGE ( 'NONE', *, *, #285, .F. ) ;
#408 = DIRECTION ( 'NONE',  ( 0.000000000000000000, 1.000000000000000000, 0.000000000000000000 ) ) ;
#409 = CARTESIAN_POINT ( 'NONE',  ( -51.32951142158430713, 3.138750000000156692, 137.0924999999999727 ) ) ;
#410 = EDGE_CURVE ( 'NONE', #151, #5058, #5398, .T. ) ;
#411 = EDGE_CURVE ( 'NONE', #4738, #1616, #4991, .T. ) ;
#412 = FACE_OUTER_BOUND ( 'NONE', #1675, .T. ) ;
#413 = COLOUR_RGB ( '',0.1019607843137254888, 0.1019607843137254888, 0.1019607843137254888 ) ;
#414 = ADVANCED_FACE ( 'NONE', ( #1606 ), #2531, .T. ) ;
#415 = FILL_AREA_STYLE ('',( #4680 ) ) ;
#416 = CARTESIAN_POINT ( 'NONE',  ( 10.27535052360896195, 22.11788050703890107, 90.61874999749898052 ) ) ;
#417 = FACE_OUTER_BOUND ( 'NONE', #4200, .T. ) ;
#418 = ORIENTED_EDGE ( 'NONE', *, *, #5891, .T. ) ;
#419 = COLOUR_RGB ( '',0.1019607843137254888, 0.1019607843137254888, 0.1019607843137254888 ) ;
#420 =( NAMED_UNIT ( * ) SI_UNIT ( $, .STERADIAN. ) SOLID_ANGLE_UNIT ( ) );
#421 = AXIS2_PLACEMENT_3D ( 'NONE', #3838, #6188, #5742 ) ;
#422 = DIRECTION ( 'NONE',  ( 0.000000000000000000, -1.000000000000000000, 1.885568995626964780E-16 ) ) ;
#423 = AXIS2_PLACEMENT_3D ( 'NONE', #4152, #3253, #2699 ) ;
#424 = CARTESIAN_POINT ( 'NONE',  ( -9.577591108555292720, 3.638750000000142037, 26.69249999999999901 ) ) ;
#425 =( NAMED_UNIT ( * ) SI_UNIT ( $, .STERADIAN. ) SOLID_ANGLE_UNIT ( ) );
#426 = CARTESIAN_POINT ( 'NONE',  ( -0.8979715306370500416, 22.67635904901753108, 51.57368462851304969 ) ) ;
#427 = CARTESIAN_POINT ( 'NONE',  ( -10.12500000000003553, 11.43500000000000227, 110.3999999999999915 ) ) ;
#428 =( GEOMETRIC_REPRESENTATION_CONTEXT ( 3 ) GLOBAL_UNCERTAINTY_ASSIGNED_CONTEXT ( ( #1198 ) ) GLOBAL_UNIT_ASSIGNED_CONTEXT ( ( #575, #3916, #2544 ) ) REPRESENTATION_CONTEXT ( 'NONE', 'WORKASPACE' ) );
#429 = DIRECTION ( 'NONE',  ( -3.122502256758269410E-17, 1.000000000000000000, 3.710313184943385084E-16 ) ) ;
#430 =( BOUNDED_CURVE ( )  B_SPLINE_CURVE ( 3, ( #1112, #4424, #3538, #44 ),
 .UNSPECIFIED., .F., .F. ) 
 B_SPLINE_CURVE_WITH_KNOTS ( ( 4, 4 ),
 ( 0.000000000000000000, 0.7753974966107559652 ),
 .UNSPECIFIED. ) 
 CURVE ( )  GEOMETRIC_REPRESENTATION_ITEM ( )  RATIONAL_B_SPLINE_CURVE ( ( 1.000000000000000000, 0.9505210128485650500, 0.9505210128485650500, 1.000000000000000000 ) ) 
 REPRESENTATION_ITEM ( '' )  );
#431 = DIRECTION ( 'NONE',  ( 0.000000000000000000, 0.000000000000000000, 1.000000000000000000 ) ) ;
#432 = EDGE_LOOP ( 'NONE', ( #4076 ) ) ;
#433 = UNCERTAINTY_MEASURE_WITH_UNIT (LENGTH_MEASURE( 1.000000000000000082E-05 ), #1742, 'distance_accuracy_value', 'NONE');
#434 = CARTESIAN_POINT ( 'NONE',  ( 20.25000000000000000, 22.07249999999999801, -6.175755471531950543E-15 ) ) ;
#435 = ORIENTED_EDGE ( 'NONE', *, *, #2963, .T. ) ;
#436 = LINE ( 'NONE', #1821, #3257 ) ;
#437 = CARTESIAN_POINT ( 'NONE',  ( 3.293786375691150958, -4.049999999999989164, 97.27833985215727353 ) ) ;
#438 = SURFACE_STYLE_USAGE ( .BOTH. , #934 ) ;
#439 = SURFACE_SIDE_STYLE ('',( #6259 ) ) ;
#440 = DIRECTION ( 'NONE',  ( -3.922054542492255428E-16, 1.000000000000000000, -1.885568995626964780E-16 ) ) ;
#441 = ORIENTED_EDGE ( 'NONE', *, *, #3635, .T. ) ;
#442 = CARTESIAN_POINT ( 'NONE',  ( 10.62500000000000000, -3.037499999999999645, 6.093251410737770232E-15 ) ) ;
#443 = ORIENTED_EDGE ( 'NONE', *, *, #3905, .F. ) ;
#444 = CARTESIAN_POINT ( 'NONE',  ( -5.973749999999999893, 21.97125000000000128, 40.70249999999999346 ) ) ;
#445 = LINE ( 'NONE', #6299, #4391 ) ;
#446 = CARTESIAN_POINT ( 'NONE',  ( -9.234580638656662899, 2.722401259941166440, 42.11213103910294109 ) ) ;
#447 =( NAMED_UNIT ( * ) PLANE_ANGLE_UNIT ( ) SI_UNIT ( $, .RADIAN. ) );
#448 = CARTESIAN_POINT ( 'NONE',  ( 10.90472645478735103, 29.15999999999761627, 91.02885861984908900 ) ) ;
#449 = ADVANCED_FACE ( 'NONE', ( #301, #4576, #1152 ), #4061, .F. ) ;
#450 = SURFACE_SIDE_STYLE ('',( #886 ) ) ;
#451 = ORIENTED_EDGE ( 'NONE', *, *, #6151, .T. ) ;
#452 = FILL_AREA_STYLE ('',( #7 ) ) ;
#453 = CARTESIAN_POINT ( 'NONE',  ( -52.37500000000000000, 0.000000000000000000, 110.3999999999999915 ) ) ;
#454 = LINE ( 'NONE', #4417, #1281 ) ;
#455 = UNCERTAINTY_MEASURE_WITH_UNIT (LENGTH_MEASURE( 1.000000000000000082E-05 ), #4905, 'distance_accuracy_value', 'NONE');
#456 = CARTESIAN_POINT ( 'NONE',  ( 11.04399226383019617, 5.712614827231268677, 46.47375000002925560 ) ) ;
#457 = CARTESIAN_POINT ( 'NONE',  ( -1.146182638514893881, 22.14848476229014196, 51.94217946135067621 ) ) ;
#458 = SURFACE_SIDE_STYLE ('',( #5764 ) ) ;
#459 = CARTESIAN_POINT ( 'NONE',  ( -9.112499999999998934, 18.02250000000000085, 90.61874999999999147 ) ) ;
#460 = VECTOR ( 'NONE', #2164, 1000.000000000000000 ) ;
#461 = SURFACE_STYLE_FILL_AREA ( #899 ) ;
#462 = ORIENTED_EDGE ( 'NONE', *, *, #1841, .F. ) ;
#463 = CARTESIAN_POINT ( 'NONE',  ( 1.012499999999955547, 28.14749999999999375, 137.0924999999999727 ) ) ;
#464 = ORIENTED_EDGE ( 'NONE', *, *, #6196, .F. ) ;
#465 =( NAMED_UNIT ( * ) PLANE_ANGLE_UNIT ( ) SI_UNIT ( $, .RADIAN. ) );
#466 = CARTESIAN_POINT ( 'NONE',  ( 5.523511352510825922, -4.050000000000076206, 92.60357682832049875 ) ) ;
#467 = VECTOR ( 'NONE', #2580, 1000.000000000000000 ) ;
#468 = CARTESIAN_POINT ( 'NONE',  ( 0.000000000000000000, 25.10999999999999588, 0.000000000000000000 ) ) ;
#469 = APPLICATION_PROTOCOL_DEFINITION ( 'draft international standard', 'automotive_design', 1998, #295 ) ;
#470 = CARTESIAN_POINT ( 'NONE',  ( 10.12500000000000000, 29.16000000000004988, 100.6984762319159188 ) ) ;
#471 = ORIENTED_EDGE ( 'NONE', *, *, #3511, .T. ) ;
#472 = VERTEX_POINT ( 'NONE', #6120 ) ;
#473 = CARTESIAN_POINT ( 'NONE',  ( 1.012499999999969535, 7.087500000000000355, 95.03213518033500407 ) ) ;
#474 = PLANE ( 'NONE',  #4387 ) ;
#475 = PRESENTATION_LAYER_ASSIGNMENT (  '', '', ( #1271 ) ) ;
#476 = CARTESIAN_POINT ( 'NONE',  ( 8.099999999999999645, 18.02250000000000085, 0.000000000000000000 ) ) ;
#477 = DIRECTION ( 'NONE',  ( 0.000000000000000000, 0.000000000000000000, -1.000000000000000000 ) ) ;
#478 = CIRCLE ( 'NONE', #2302, 11.13749999999999751 ) ;
#479 = VERTEX_POINT ( 'NONE', #2142 ) ;
#480 = PRESENTATION_STYLE_ASSIGNMENT (( #3857 ) ) ;
#481 = CARTESIAN_POINT ( 'NONE',  ( -10.12500000000003553, 11.43500000000000227, 110.3999999999999915 ) ) ;
#482 = CARTESIAN_POINT ( 'NONE',  ( -1.476403217442496363, 3.794140025813837802, 84.61940116664933953 ) ) ;
#483 = CARTESIAN_POINT ( 'NONE',  ( 11.07037555298834341, 5.922238896355644933, 46.47374999998869782 ) ) ;
#484 = VECTOR ( 'NONE', #6131, 1000.000000000000000 ) ;
#485 = PRESENTATION_LAYER_ASSIGNMENT (  '', '', ( #6278 ) ) ;
#486 = CARTESIAN_POINT ( 'NONE',  ( -1.714040683865803771, 20.53075683930395101, 52.90395128001832603 ) ) ;
#487 = CYLINDRICAL_SURFACE ( 'NONE', #5592, 10.12500000000000178 ) ;
#488 =( NAMED_UNIT ( * ) PLANE_ANGLE_UNIT ( ) SI_UNIT ( $, .RADIAN. ) );
#489 = ADVANCED_FACE ( 'NONE', ( #5489 ), #2572, .T. ) ;
#490 = MECHANICAL_DESIGN_GEOMETRIC_PRESENTATION_REPRESENTATION (  '', ( #6175 ), #4864 ) ;
#491 = CARTESIAN_POINT ( 'NONE',  ( -5.973749999999999893, 2.024999999999999911, 110.3999999999999915 ) ) ;
#492 = EDGE_CURVE ( 'NONE', #937, #2939, #1541, .T. ) ;
#493 = UNCERTAINTY_MEASURE_WITH_UNIT (LENGTH_MEASURE( 1.000000000000000082E-05 ), #1381, 'distance_accuracy_value', 'NONE');
#494 = PRESENTATION_LAYER_ASSIGNMENT (  '', '', ( #693 ) ) ;
#495 = EDGE_LOOP ( 'NONE', ( #231, #5336, #792, #4358 ) ) ;
#496 = COLOUR_RGB ( '',0.1019607843137254888, 0.1019607843137254888, 0.1019607843137254888 ) ;
#497 = SURFACE_SIDE_STYLE ('',( #932 ) ) ;
#498 = CARTESIAN_POINT ( 'NONE',  ( 8.375829477253775579, -4.049999999999957190, 100.3898739413512828 ) ) ;
#499 = VECTOR ( 'NONE', #1472, 1000.000000000000000 ) ;
#500 = CARTESIAN_POINT ( 'NONE',  ( 1.012499999999961542, 7.087499999999992362, 42.06036481966481944 ) ) ;
#501 = CARTESIAN_POINT ( 'NONE',  ( 1.130329431511480465, 29.15999999999998948, 42.06036481966470575 ) ) ;
#502 = ORIENTED_EDGE ( 'NONE', *, *, #2619, .T. ) ;
#503 = DIRECTION ( 'NONE',  ( -0.000000000000000000, -1.885568995626964780E-16, -1.000000000000000000 ) ) ;
#504 = EDGE_LOOP ( 'NONE', ( #5932, #1804, #2080 ) ) ;
#505 = CARTESIAN_POINT ( 'NONE',  ( 10.12500000000000000, -3.037499999999999645, 40.84195960390601954 ) ) ;
#506 = MECHANICAL_DESIGN_GEOMETRIC_PRESENTATION_REPRESENTATION (  '', ( #1614 ), #4281 ) ;
#507 = DIRECTION ( 'NONE',  ( 0.000000000000000000, 0.000000000000000000, -1.000000000000000000 ) ) ;
#508 = CARTESIAN_POINT ( 'NONE',  ( 10.44270494461889598, 29.16000000000085279, 91.44821490943229492 ) ) ;
#509 = DIRECTION ( 'NONE',  ( 1.000000000000000000, 0.000000000000000000, 0.000000000000000000 ) ) ;
#510 = ORIENTED_EDGE ( 'NONE', *, *, #4731, .F. ) ;
#511 = VECTOR ( 'NONE', #3479, 1000.000000000000000 ) ;
#512 = DIRECTION ( 'NONE',  ( 3.122502256758244142E-17, -1.000000000000000000, -3.125627884642895048E-16 ) ) ;
#513 = DIRECTION ( 'NONE',  ( 0.000000000000000000, 1.000000000000000000, 0.000000000000000000 ) ) ;
#514 = CARTESIAN_POINT ( 'NONE',  ( 0.000000000000000000, 3.073713158996406964E-14, 140.1299999999999670 ) ) ;
#515 = STYLED_ITEM ( 'NONE', ( #2496 ), #5528 ) ;
#516 = CARTESIAN_POINT ( 'NONE',  ( -6.102714662081558217, 21.97124999999999773, 35.19250000000000256 ) ) ;
#517 = PRESENTATION_LAYER_ASSIGNMENT (  '', '', ( #4295 ) ) ;
#518 = CARTESIAN_POINT ( 'NONE',  ( 6.226638381332611161, -3.037499999999999645, 93.96167267417260405 ) ) ;
#519 = COLOUR_RGB ( '',0.1019607843137254888, 0.1019607843137254888, 0.1019607843137254888 ) ;
#520 =( NAMED_UNIT ( * ) SI_UNIT ( $, .STERADIAN. ) SOLID_ANGLE_UNIT ( ) );
#521 = CARTESIAN_POINT ( 'NONE',  ( -7.756007213317478666, 2.024999999999997247, 110.3999999999999915 ) ) ;
#522 = EDGE_CURVE ( 'NONE', #479, #297, #4860, .T. ) ;
#523 = VECTOR ( 'NONE', #512, 1000.000000000000000 ) ;
#524 = LINE ( 'NONE', #5447, #2522 ) ;
#525 = ORIENTED_EDGE ( 'NONE', *, *, #5736, .T. ) ;
#526 = ADVANCED_FACE ( 'NONE', ( #2995 ), #2932, .T. ) ;
#527 = CARTESIAN_POINT ( 'NONE',  ( 1.012499999999961542, 7.087499999999996803, 95.03213518033500407 ) ) ;
#528 = CARTESIAN_POINT ( 'NONE',  ( 4.302999391114021854, -4.049999999999982059, 98.23730114405846336 ) ) ;
#529 = EDGE_CURVE ( 'NONE', #5171, #1710, #736, .T. ) ;
#530 = CARTESIAN_POINT ( 'NONE',  ( -8.472619925441140509, 23.85999999999999588, 38.19250000000000256 ) ) ;
#531 = SURFACE_STYLE_FILL_AREA ( #4897 ) ;
#532 = ORIENTED_EDGE ( 'NONE', *, *, #1532, .F. ) ;
#533 = CARTESIAN_POINT ( 'NONE',  ( -8.434891657852926272, 23.46024288428009186, 92.85340532709807349 ) ) ;
#534 = ORIENTED_EDGE ( 'NONE', *, *, #2966, .F. ) ;
#535 = CARTESIAN_POINT ( 'NONE',  ( 10.12498995531753287, -3.858343019655003481, 38.36893388789523129 ) ) ;
#536 =( NAMED_UNIT ( * ) SI_UNIT ( $, .STERADIAN. ) SOLID_ANGLE_UNIT ( ) );
#537 = EDGE_CURVE ( 'NONE', #6119, #5911, #5539, .T. ) ;
#538 = LINE ( 'NONE', #564, #358 ) ;
#539 =( NAMED_UNIT ( * ) PLANE_ANGLE_UNIT ( ) SI_UNIT ( $, .RADIAN. ) );
#540 = CARTESIAN_POINT ( 'NONE',  ( -10.12500000000003908, -1.042955350706152921E-15, 95.03213518033507512 ) ) ;
#541 = PRESENTATION_STYLE_ASSIGNMENT (( #2882 ) ) ;
#542 = EDGE_LOOP ( 'NONE', ( #3428, #5840, #4331, #1789, #2659, #3547, #4485, #4958 ) ) ;
#543 = CARTESIAN_POINT ( 'NONE',  ( 10.12490452341908842, 28.62636477766843157, 39.66434374338065538 ) ) ;
#544 = CARTESIAN_POINT ( 'NONE',  ( -1.828679118644487733, 5.102855726550514781, 83.95919499094910066 ) ) ;
#545 = CARTESIAN_POINT ( 'NONE',  ( 10.62500000000000000, 29.16000000000004988, 99.92599157982661495 ) ) ;
#546 = DIRECTION ( 'NONE',  ( 0.000000000000000000, -1.000000000000000000, 0.000000000000000000 ) ) ;
#547 = CARTESIAN_POINT ( 'NONE',  ( 1.242034969776096398, -4.050000000000002487, 95.07656920914513421 ) ) ;
#548 = CARTESIAN_POINT ( 'NONE',  ( -7.756007213317444027, 2.024999999999999911, -6.995905658109735947E-15 ) ) ;
#549 = CARTESIAN_POINT ( 'NONE',  ( -5.973749999999992788, 3.673940397442059375E-16, 26.69249999999999901 ) ) ;
#550 = FACE_OUTER_BOUND ( 'NONE', #1864, .T. ) ;
#551 = PLANE ( 'NONE',  #3752 ) ;
#552 = ORIENTED_EDGE ( 'NONE', *, *, #3397, .T. ) ;
#553 = CARTESIAN_POINT ( 'NONE',  ( -8.532867271258536945, 1.708689961598883089, 43.98121052025568645 ) ) ;
#554 = CARTESIAN_POINT ( 'NONE',  ( -5.973749999999985683, 22.64999999972788203, 43.00000000007135270 ) ) ;
#555 = DIRECTION ( 'NONE',  ( 0.000000000000000000, -1.000000000000000000, 0.000000000000000000 ) ) ;
#556 = ORIENTED_EDGE ( 'NONE', *, *, #4498, .F. ) ;
#557 = CARTESIAN_POINT ( 'NONE',  ( -8.542690350733657567, 23.13782647242491919, 92.58477340356900243 ) ) ;
#558 = VERTEX_POINT ( 'NONE', #674 ) ;
#559 = CARTESIAN_POINT ( 'NONE',  ( 2.595609339309955299, 28.14749999999999019, 46.21785911465358510 ) ) ;
#560 = PRESENTATION_STYLE_ASSIGNMENT (( #2972 ) ) ;
#561 = B_SPLINE_CURVE_WITH_KNOTS ( 'NONE', 3,
 ( #3357, #5246, #845, #1447, #3813, #5310, #1828, #2437, #3783, #403, #2809, #4401, #3328, #2407, #2349, #4307, #3295, #2771, #501, #936 ),
 .UNSPECIFIED., .F., .F.,
 ( 4, 2, 2, 2, 2, 2, 2, 2, 2, 4 ),
 ( 0.000000000000000000, 0.001381990502438160779, 0.002763981004876321559, 0.005527962009752648322, 0.006909952512190811053, 0.008291943014628974651, 0.009673933517067138249, 0.01036492876828621831, 0.01071042639389576702, 0.01105592401950531573 ),
 .UNSPECIFIED. ) ;
#562 = VECTOR ( 'NONE', #5223, 1000.000000000000000 ) ;
#563 = EDGE_CURVE ( 'NONE', #4380, #3258, #202, .T. ) ;
#564 = CARTESIAN_POINT ( 'NONE',  ( -7.796250000000000568, -3.758395519461499596E-15, 96.39000000000000057 ) ) ;
#565 = LINE ( 'NONE', #2974, #582 ) ;
#566 = EDGE_CURVE ( 'NONE', #404, #4716, #5603, .T. ) ;
#567 =( NAMED_UNIT ( * ) SI_UNIT ( $, .STERADIAN. ) SOLID_ANGLE_UNIT ( ) );
#568 = EDGE_LOOP ( 'NONE', ( #1353, #4604, #5584, #3320 ) ) ;
#569 = MECHANICAL_DESIGN_GEOMETRIC_PRESENTATION_REPRESENTATION (  '', ( #5442 ), #2491 ) ;
#570 = CARTESIAN_POINT ( 'NONE',  ( 10.12500000000003375, 28.29335288817213012, 40.53664943714942837 ) ) ;
#571 = AXIS2_PLACEMENT_3D ( 'NONE', #2274, #4269, #5244 ) ;
#572 = PRESENTATION_STYLE_ASSIGNMENT (( #3977 ) ) ;
#573 =( NAMED_UNIT ( * ) PLANE_ANGLE_UNIT ( ) SI_UNIT ( $, .RADIAN. ) );
#574 = UNCERTAINTY_MEASURE_WITH_UNIT (LENGTH_MEASURE( 1.000000000000000082E-05 ), #232, 'distance_accuracy_value', 'NONE');
#575 =( LENGTH_UNIT ( ) NAMED_UNIT ( * ) SI_UNIT ( .MILLI., .METRE. ) );
#576 = CARTESIAN_POINT ( 'NONE',  ( 10.12500000000003197, -3.183352888172100492, 96.55585056285069356 ) ) ;
#577 = ORIENTED_EDGE ( 'NONE', *, *, #3121, .T. ) ;
#578 = CARTESIAN_POINT ( 'NONE',  ( 5.762458947216183347, -4.049999999999974953, 99.30992670044841475 ) ) ;
#579 = DIRECTION ( 'NONE',  ( -2.498001805406605174E-16, 0.000000000000000000, 1.000000000000000000 ) ) ;
#580 =( NAMED_UNIT ( * ) PLANE_ANGLE_UNIT ( ) SI_UNIT ( $, .RADIAN. ) );
#581 = CARTESIAN_POINT ( 'NONE',  ( 10.62500000000000000, -3.037499999999999645, 113.3999999999999915 ) ) ;
#582 = VECTOR ( 'NONE', #6002, 1000.000000000000000 ) ;
#583 = CARTESIAN_POINT ( 'NONE',  ( 1.012499999999781464, -4.050000000000010481, 44.38319912510437604 ) ) ;
#584 = CARTESIAN_POINT ( 'NONE',  ( -1.317305639569887690E-15, -2.986747800704538047, 23.69249999999999190 ) ) ;
#585 = VERTEX_POINT ( 'NONE', #168 ) ;
#586 = CARTESIAN_POINT ( 'NONE',  ( 0.1393049491819779995, 0.8291303375674781151, 50.28065570221409075 ) ) ;
#587 = SURFACE_STYLE_USAGE ( .BOTH. , #2965 ) ;
#588 = MECHANICAL_DESIGN_GEOMETRIC_PRESENTATION_REPRESENTATION (  '', ( #3743 ), #989 ) ;
#589 = DIRECTION ( 'NONE',  ( 0.000000000000000000, 0.000000000000000000, -1.000000000000000000 ) ) ;
#590 = AXIS2_PLACEMENT_3D ( 'NONE', #3319, #4764, #2341 ) ;
#591 = PRESENTATION_LAYER_ASSIGNMENT (  '', '', ( #1699 ) ) ;
#592 = DIRECTION ( 'NONE',  ( 0.000000000000000000, 0.000000000000000000, 1.000000000000000000 ) ) ;
#593 = ORIENTED_EDGE ( 'NONE', *, *, #946, .T. ) ;
#594 = DIRECTION ( 'NONE',  ( -0.000000000000000000, -0.000000000000000000, -1.000000000000000000 ) ) ;
#595 = ORIENTED_EDGE ( 'NONE', *, *, #5150, .T. ) ;
#596 = CARTESIAN_POINT ( 'NONE',  ( -7.516400807564940223, 22.58500000000000441, 101.4841705526875586 ) ) ;
#597 = DIRECTION ( 'NONE',  ( 0.000000000000000000, 1.885568995626965026E-16, 1.000000000000000000 ) ) ;
#598 = DIRECTION ( 'NONE',  ( 3.212450881438532734E-16, 1.000000000000000000, 0.000000000000000000 ) ) ;
#599 = CARTESIAN_POINT ( 'NONE',  ( 1.346932820414052934, 29.15999999999978698, 44.38348952726212815 ) ) ;
#600 = ORIENTED_EDGE ( 'NONE', *, *, #3247, .T. ) ;
#601 = EDGE_CURVE ( 'NONE', #1105, #5922, #2100, .T. ) ;
#602 = ADVANCED_FACE ( 'NONE', ( #254 ), #2163, .F. ) ;
#603 = EDGE_CURVE ( 'NONE', #2238, #6107, #5513, .T. ) ;
#604 = CARTESIAN_POINT ( 'NONE',  ( -0.9922330760233032398, 22.47837971363665588, 85.37949627910408879 ) ) ;
#605 = PRESENTATION_LAYER_ASSIGNMENT (  '', '', ( #2532 ) ) ;
#606 = PRESENTATION_STYLE_ASSIGNMENT (( #3494 ) ) ;
#607 = SURFACE_SIDE_STYLE ('',( #2031 ) ) ;
#608 = CARTESIAN_POINT ( 'NONE',  ( -7.796249999999988134, 18.02249999999999730, 101.8239397116732761 ) ) ;
#609 = FACE_OUTER_BOUND ( 'NONE', #4928, .T. ) ;
#610 = ORIENTED_EDGE ( 'NONE', *, *, #3623, .F. ) ;
#611 = CARTESIAN_POINT ( 'NONE',  ( 1.440443597846295942, -4.050000000000001599, 95.19940906699609684 ) ) ;
#612 = EDGE_CURVE ( 'NONE', #4639, #4803, #3665, .T. ) ;
#613 = CARTESIAN_POINT ( 'NONE',  ( 0.3365111746360487377, -3.020568446281183927, 137.1094315537188209 ) ) ;
#614 = CARTESIAN_POINT ( 'NONE',  ( 10.62500000000000000, -4.049999999999950973, 36.39402376808406814 ) ) ;
#615 = FILL_AREA_STYLE ('',( #2581 ) ) ;
#616 = LINE ( 'NONE', #4888, #499 ) ;
#617 = FILL_AREA_STYLE ('',( #4020 ) ) ;
#618 = AXIS2_PLACEMENT_3D ( 'NONE', #473, #4404, #1003 ) ;
#619 = CARTESIAN_POINT ( 'NONE',  ( 9.730663367754262438, -4.049999999999950084, 100.6640637873556869 ) ) ;
#620 =( GEOMETRIC_REPRESENTATION_CONTEXT ( 3 ) GLOBAL_UNCERTAINTY_ASSIGNED_CONTEXT ( ( #2959 ) ) GLOBAL_UNIT_ASSIGNED_CONTEXT ( ( #3955, #2892, #2924 ) ) REPRESENTATION_CONTEXT ( 'NONE', 'WORKASPACE' ) );
#621 = STYLED_ITEM ( 'NONE', ( #2869 ), #5783 ) ;
#622 = CARTESIAN_POINT ( 'NONE',  ( -7.578847391416589474, 0.000000000000000000, 113.4000000000000057 ) ) ;
#623 = STYLED_ITEM ( 'NONE', ( #2329 ), #1221 ) ;
#624 = ORIENTED_EDGE ( 'NONE', *, *, #1535, .F. ) ;
#625 = CARTESIAN_POINT ( 'NONE',  ( -9.440069563432265554, 21.71685834480464905, 94.01192287035131301 ) ) ;
#626 = EDGE_LOOP ( 'NONE', ( #3885, #4631, #5747, #2350, #6187, #3726 ) ) ;
#627 = CARTESIAN_POINT ( 'NONE',  ( 3.236135572474724942, 28.14749999999999019, 45.95140220635128259 ) ) ;
#628 = MECHANICAL_DESIGN_GEOMETRIC_PRESENTATION_REPRESENTATION (  '', ( #1327 ), #5399 ) ;
#629 = CARTESIAN_POINT ( 'NONE',  ( 10.62500000000000000, 28.14749999999999375, 3.843567104199589366E-15 ) ) ;
#630 = CARTESIAN_POINT ( 'NONE',  ( 2.165035872641539960, 28.08575244633781409, 46.47374998168162108 ) ) ;
#631 = ORIENTED_EDGE ( 'NONE', *, *, #4885, .T. ) ;
#632 = CARTESIAN_POINT ( 'NONE',  ( -1.424935214955265872, 21.47419877131562060, 84.70988758646213057 ) ) ;
#633 = CARTESIAN_POINT ( 'NONE',  ( -7.262165096699258804, 21.97124999999999062, 101.7298774680132283 ) ) ;
#634 = ADVANCED_FACE ( 'NONE', ( #3087, #2072 ), #1719, .F. ) ;
#635 = CARTESIAN_POINT ( 'NONE',  ( -1.029992939129200202, 2.701436451721021204, 85.32706695174181277 ) ) ;
#636 = LINE ( 'NONE', #1015, #6007 ) ;
#637 = CARTESIAN_POINT ( 'NONE',  ( 1.012499999999969535, -0.1431962838996078680, 87.72444628389968102 ) ) ;
#638 = ORIENTED_EDGE ( 'NONE', *, *, #4427, .F. ) ;
#639 = CARTESIAN_POINT ( 'NONE',  ( -7.796249999999991687, 20.66507558980253734, 35.37319601236759326 ) ) ;
#640 = DIRECTION ( 'NONE',  ( 1.000000000000000000, 0.000000000000000000, 0.000000000000000000 ) ) ;
#641 = CARTESIAN_POINT ( 'NONE',  ( 0.000000000000000000, 0.000000000000000000, 113.4000000000000057 ) ) ;
#642 = CARTESIAN_POINT ( 'NONE',  ( 20.25000000000000000, -3.849269726015902252E-16, -3.037499999999999645 ) ) ;
#643 = CARTESIAN_POINT ( 'NONE',  ( 1.675682038082996650, -4.049999999999863931, 44.38463250306693908 ) ) ;
#644 = ADVANCED_FACE ( 'NONE', ( #1403 ), #5121, .T. ) ;
#645 = SURFACE_STYLE_FILL_AREA ( #617 ) ;
#646 = DIRECTION ( 'NONE',  ( 1.000000000000000000, 0.000000000000000000, 0.000000000000000000 ) ) ;
#647 = DIRECTION ( 'NONE',  ( 1.000000000000000000, 0.000000000000000000, 0.000000000000000000 ) ) ;
#648 = CARTESIAN_POINT ( 'NONE',  ( 10.12500000000000000, -3.370378253018048831, 96.94734603506556425 ) ) ;
#649 =( LENGTH_UNIT ( ) NAMED_UNIT ( * ) SI_UNIT ( .MILLI., .METRE. ) );
#650 = ORIENTED_EDGE ( 'NONE', *, *, #1289, .T. ) ;
#651 = ORIENTED_EDGE ( 'NONE', *, *, #3706, .F. ) ;
#652 = CARTESIAN_POINT ( 'NONE',  ( 7.208409534161668297, 28.14749999999999019, 42.17064414022651420 ) ) ;
#653 = VECTOR ( 'NONE', #1706, 1000.000000000000000 ) ;
#654 = DIRECTION ( 'NONE',  ( -1.000000000000000000, 0.000000000000000000, 0.000000000000000000 ) ) ;
#655 = CYLINDRICAL_SURFACE ( 'NONE', #3944, 1.049999999999998934 ) ;
#656 = FILL_AREA_STYLE_COLOUR ( '', #5461 ) ;
#657 = CARTESIAN_POINT ( 'NONE',  ( 4.365973800551652850, 27.57869053434266604, 46.47374996605321940 ) ) ;
#658 = EDGE_LOOP ( 'NONE', ( #5681, #4736, #1129, #5205 ) ) ;
#659 = VECTOR ( 'NONE', #1561, 1000.000000000000000 ) ;
#660 = CARTESIAN_POINT ( 'NONE',  ( 10.12499956131773970, 28.89074011225108762, 38.72689869400723239 ) ) ;
#661 =( NAMED_UNIT ( * ) PLANE_ANGLE_UNIT ( ) SI_UNIT ( $, .RADIAN. ) );
#662 = CARTESIAN_POINT ( 'NONE',  ( -0.4490432550820371294, 1.661727795908878980, 86.11257795851133778 ) ) ;
#663 = CARTESIAN_POINT ( 'NONE',  ( 10.12500000000004974, -4.049999999999946532, 99.85325892784597102 ) ) ;
#664 = VERTEX_POINT ( 'NONE', #6180 ) ;
#665 = FACE_OUTER_BOUND ( 'NONE', #2011, .T. ) ;
#666 =( LENGTH_UNIT ( ) NAMED_UNIT ( * ) SI_UNIT ( .MILLI., .METRE. ) );
#667 = VECTOR ( 'NONE', #148, 1000.000000000000000 ) ;
#668 =( LENGTH_UNIT ( ) NAMED_UNIT ( * ) SI_UNIT ( .MILLI., .METRE. ) );
#669 = DIRECTION ( 'NONE',  ( 0.000000000000000000, -0.7071067811865486830, 0.7071067811865464625 ) ) ;
#670 = CARTESIAN_POINT ( 'NONE',  ( 1.041755643827490641, -4.050000000000006928, 42.06036480884825579 ) ) ;
#671 = VECTOR ( 'NONE', #688, 1000.000000000000000 ) ;
#672 = DIRECTION ( 'NONE',  ( 4.510281037539699678E-17, 1.000000000000000000, -9.409999753317280493E-33 ) ) ;
#673 = CARTESIAN_POINT ( 'NONE',  ( -0.8918804235873977193, 2.430402049106143991, 51.56863886573250255 ) ) ;
#674 = CARTESIAN_POINT ( 'NONE',  ( -9.577591108555289168, 3.638750000000139817, 36.46484353697388059 ) ) ;
#675 = ADVANCED_FACE ( 'NONE', ( #3283 ), #896, .F. ) ;
#676 = COLOUR_RGB ( '',0.1019607843137254888, 0.1019607843137254888, 0.1019607843137254888 ) ;
#677 = STYLED_ITEM ( 'NONE', ( #4712 ), #3440 ) ;
#678 = SURFACE_STYLE_USAGE ( .BOTH. , #139 ) ;
#679 = ADVANCED_FACE ( 'NONE', ( #4884 ), #4824, .T. ) ;
#680 = VERTEX_POINT ( 'NONE', #6281 ) ;
#681 = DIRECTION ( 'NONE',  ( 0.000000000000000000, 1.000000000000000000, 0.000000000000000000 ) ) ;
#682 = MECHANICAL_DESIGN_GEOMETRIC_PRESENTATION_REPRESENTATION (  '', ( #179 ), #5059 ) ;
#683 = ORIENTED_EDGE ( 'NONE', *, *, #2545, .F. ) ;
#684 = COLOUR_RGB ( '',0.1019607843137254888, 0.1019607843137254888, 0.1019607843137254888 ) ;
#685 = DIRECTION ( 'NONE',  ( 0.000000000000000000, 0.000000000000000000, -1.000000000000000000 ) ) ;
#686 = DIRECTION ( 'NONE',  ( -2.582639285611905427E-16, 0.000000000000000000, -1.000000000000000000 ) ) ;
#687 = MECHANICAL_DESIGN_GEOMETRIC_PRESENTATION_REPRESENTATION (  '', ( #993 ), #2518 ) ;
#688 = DIRECTION ( 'NONE',  ( 3.212450881438532241E-16, 1.000000000000000000, 6.108134582636268424E-49 ) ) ;
#689 = CARTESIAN_POINT ( 'NONE',  ( -8.472619925441140509, 23.85999999999999588, 46.47374999999998835 ) ) ;
#690 = SURFACE_SIDE_STYLE ('',( #1284 ) ) ;
#691 = CARTESIAN_POINT ( 'NONE',  ( 4.947086934155702664, 27.35396060334028334, 46.47374996594940200 ) ) ;
#692 = ORIENTED_EDGE ( 'NONE', *, *, #5044, .F. ) ;
#693 = STYLED_ITEM ( 'NONE', ( #3159 ), #4847 ) ;
#694 = CIRCLE ( 'NONE', #1784, 10.12500000000000178 ) ;
#695 = CARTESIAN_POINT ( 'NONE',  ( 3.305806275650835513, 28.14749999999999375, 91.17595402764597168 ) ) ;
#696 = CARTESIAN_POINT ( 'NONE',  ( -7.796249999999989910, 3.638750000000139817, 35.26856028832671086 ) ) ;
#697 = STYLED_ITEM ( 'NONE', ( #6044 ), #5196 ) ;
#698 = CARTESIAN_POINT ( 'NONE',  ( 10.12499996777533973, -3.788224945751131667, 98.39793196303132561 ) ) ;
#699 = VERTEX_POINT ( 'NONE', #1438 ) ;
#700 = CARTESIAN_POINT ( 'NONE',  ( -5.973749999999999893, 3.138750000000156692, 137.0924999999999727 ) ) ;
#701 = CARTESIAN_POINT ( 'NONE',  ( -8.789927170159835157, 23.30999108079991089, 42.17542626424548757 ) ) ;
#702 = LINE ( 'NONE', #2642, #5837 ) ;
#703 = CARTESIAN_POINT ( 'NONE',  ( 2.674096028899017430, -4.049999999999995381, 40.50432772664774461 ) ) ;
#704 = SURFACE_SIDE_STYLE ('',( #4566 ) ) ;
#705 = CARTESIAN_POINT ( 'NONE',  ( -1.580776992910618572, 4.114988808358892136, 52.65653822554724428 ) ) ;
#706 =( NAMED_UNIT ( * ) SI_UNIT ( $, .STERADIAN. ) SOLID_ANGLE_UNIT ( ) );
#707 = DIRECTION ( 'NONE',  ( 5.165278571223799760E-17, 1.000000000000000000, 0.000000000000000000 ) ) ;
#708 = DIRECTION ( 'NONE',  ( 1.000000000000000000, 0.000000000000000000, 0.000000000000000000 ) ) ;
#709 = EDGE_CURVE ( 'NONE', #1732, #4803, #71, .T. ) ;
#710 = CARTESIAN_POINT ( 'NONE',  ( 20.25000000000000000, 0.000000000000000000, 45.96750000000000114 ) ) ;
#711 = AXIS2_PLACEMENT_3D ( 'NONE', #2171, #6148, #5082 ) ;
#712 = ORIENTED_EDGE ( 'NONE', *, *, #57, .F. ) ;
#713 =( NAMED_UNIT ( * ) PLANE_ANGLE_UNIT ( ) SI_UNIT ( $, .RADIAN. ) );
#714 = ORIENTED_EDGE ( 'NONE', *, *, #612, .T. ) ;
#715 = CARTESIAN_POINT ( 'NONE',  ( -9.147593503506774582, 22.58500000000000085, 98.89999999999999147 ) ) ;
#716 = AXIS2_PLACEMENT_3D ( 'NONE', #351, #391, #1812 ) ;
#717 = CARTESIAN_POINT ( 'NONE',  ( 3.595478647395105032, -4.049999999999992717, 39.49875409938291426 ) ) ;
#718 = FACE_OUTER_BOUND ( 'NONE', #1344, .T. ) ;
#719 = CARTESIAN_POINT ( 'NONE',  ( 9.867290423519817111, 22.94322051626252090, 46.47375000514914944 ) ) ;
#720 = VERTEX_POINT ( 'NONE', #988 ) ;
#721 = ADVANCED_FACE ( 'NONE', ( #1498 ), #487, .T. ) ;
#722 = VECTOR ( 'NONE', #1195, 1000.000000000000000 ) ;
#723 = CARTESIAN_POINT ( 'NONE',  ( 6.915046869007157149, 28.14749999999999375, 94.66451395508278210 ) ) ;
#724 = CARTESIAN_POINT ( 'NONE',  ( -7.796250000000000568, 3.138750000000146034, 96.39000000000000057 ) ) ;
#725 = CARTESIAN_POINT ( 'NONE',  ( -3.337174286910382648E-14, 18.02249999999999375, 95.03213518033507512 ) ) ;
#726 = CARTESIAN_POINT ( 'NONE',  ( 2.825404186850979826, 29.16000000000000369, 96.76417493252783686 ) ) ;
#727 = DIRECTION ( 'NONE',  ( 0.000000000000000000, 0.000000000000000000, 1.000000000000000000 ) ) ;
#728 = ORIENTED_EDGE ( 'NONE', *, *, #5499, .T. ) ;
#729 = DIRECTION ( 'NONE',  ( 0.000000000000000000, 0.000000000000000000, -1.000000000000000000 ) ) ;
#730 = CARTESIAN_POINT ( 'NONE',  ( -8.505209941977700083, 23.70025334849452392, 43.12056873560912607 ) ) ;
#731 = LINE ( 'NONE', #5129, #2783 ) ;
#732 = CARTESIAN_POINT ( 'NONE',  ( 3.815554330455695808, -4.050000000000117950, 44.41531023316995430 ) ) ;
#733 = UNCERTAINTY_MEASURE_WITH_UNIT (LENGTH_MEASURE( 1.000000000000000082E-05 ), #2615, 'distance_accuracy_value', 'NONE');
#734 = SURFACE_STYLE_USAGE ( .BOTH. , #5037 ) ;
#735 = DIRECTION ( 'NONE',  ( -0.000000000000000000, -0.000000000000000000, 1.000000000000000000 ) ) ;
#736 = LINE ( 'NONE', #3117, #1421 ) ;
#737 = CARTESIAN_POINT ( 'NONE',  ( 0.000000000000000000, 25.10999999999999588, 140.1299999999999670 ) ) ;
#738 = CARTESIAN_POINT ( 'NONE',  ( 10.62500000000000000, -3.037499999999999645, 113.3999999999999915 ) ) ;
#739 =( NAMED_UNIT ( * ) PLANE_ANGLE_UNIT ( ) SI_UNIT ( $, .RADIAN. ) );
#740 = ORIENTED_EDGE ( 'NONE', *, *, #2799, .T. ) ;
#741 = UNCERTAINTY_MEASURE_WITH_UNIT (LENGTH_MEASURE( 1.000000000000000082E-05 ), #4208, 'distance_accuracy_value', 'NONE');
#742 = CARTESIAN_POINT ( 'NONE',  ( 10.12500000000000000, 29.16000000000004988, 99.92599157982661495 ) ) ;
#743 = ORIENTED_EDGE ( 'NONE', *, *, #4537, .T. ) ;
#744 = SURFACE_STYLE_FILL_AREA ( #4091 ) ;
#745 = DIRECTION ( 'NONE',  ( 1.000000000000000000, 0.000000000000000000, 2.498001805406600244E-16 ) ) ;
#746 = SURFACE_STYLE_FILL_AREA ( #1787 ) ;
#747 =( LENGTH_UNIT ( ) NAMED_UNIT ( * ) SI_UNIT ( .MILLI., .METRE. ) );
#748 = CARTESIAN_POINT ( 'NONE',  ( 2.153821655295041104, 29.16000000000000014, 41.12924565395601206 ) ) ;
#749 = VERTEX_POINT ( 'NONE', #15 ) ;
#750 = EDGE_CURVE ( 'NONE', #1002, #2868, #5688, .T. ) ;
#751 = CARTESIAN_POINT ( 'NONE',  ( 3.513144189389025840, 28.14749999999999019, 91.28953818653386065 ) ) ;
#752 = CARTESIAN_POINT ( 'NONE',  ( -8.542800594755235011, 1.420250612911237775, 94.27996081522815075 ) ) ;
#753 = EDGE_CURVE ( 'NONE', #2304, #2063, #5108, .T. ) ;
#754 = CARTESIAN_POINT ( 'NONE',  ( -10.12500000000003908, -1.042955350706152921E-15, 110.3999999999999915 ) ) ;
#755 = CARTESIAN_POINT ( 'NONE',  ( 9.867290423519829545, 22.94322051626132009, 90.61874999485013404 ) ) ;
#756 = FILL_AREA_STYLE_COLOUR ( '', #2309 ) ;
#757 = ORIENTED_EDGE ( 'NONE', *, *, #870, .T. ) ;
#758 = STYLED_ITEM ( 'NONE', ( #1814 ), #1613 ) ;
#759 = CARTESIAN_POINT ( 'NONE',  ( -8.584166019879109655, 23.64336564477305558, 42.64021554640378042 ) ) ;
#760 = MECHANICAL_DESIGN_GEOMETRIC_PRESENTATION_REPRESENTATION (  '', ( #3090 ), #1578 ) ;
#761 = DIRECTION ( 'NONE',  ( -1.000000000000000000, -0.000000000000000000, 0.000000000000000000 ) ) ;
#762 = UNCERTAINTY_MEASURE_WITH_UNIT (LENGTH_MEASURE( 1.000000000000000082E-05 ), #1629, 'distance_accuracy_value', 'NONE');
#763 = CARTESIAN_POINT ( 'NONE',  ( 2.153821655295168558, -4.049999999999998046, 41.12924565395638865 ) ) ;
#764 = DIRECTION ( 'NONE',  ( 0.000000000000000000, 0.000000000000000000, -1.000000000000000000 ) ) ;
#765 = FILL_AREA_STYLE_COLOUR ( '', #519 ) ;
#766 = CYLINDRICAL_SURFACE ( 'NONE', #3778, 10.12500000000000000 ) ;
#767 = DIRECTION ( 'NONE',  ( 0.000000000000000000, 1.885568995626965026E-16, 1.000000000000000000 ) ) ;
#768 = EDGE_LOOP ( 'NONE', ( #6230, #3837, #5079, #994 ) ) ;
#769 = CYLINDRICAL_SURFACE ( 'NONE', #3943, 10.12499999999999467 ) ;
#770 = ORIENTED_EDGE ( 'NONE', *, *, #3397, .F. ) ;
#771 = FACE_OUTER_BOUND ( 'NONE', #6284, .T. ) ;
#772 = SURFACE_SIDE_STYLE ('',( #5998 ) ) ;
#773 = PRESENTATION_LAYER_ASSIGNMENT (  '', '', ( #5547 ) ) ;
#774 = LINE ( 'NONE', #3643, #1276 ) ;
#775 = PLANE ( 'NONE',  #1440 ) ;
#776 = CARTESIAN_POINT ( 'NONE',  ( -51.32951142158430713, 21.97124999999999417, 101.8999999999999915 ) ) ;
#777 = VECTOR ( 'NONE', #1765, 1000.000000000000000 ) ;
#778 = CARTESIAN_POINT ( 'NONE',  ( -9.112499999999998934, -9.952631280260221957E-14, 110.3624999999999829 ) ) ;
#779 = ORIENTED_EDGE ( 'NONE', *, *, #210, .F. ) ;
#780 = CARTESIAN_POINT ( 'NONE',  ( 8.599549465186379749, 24.73645251360595410, 46.47374998396962553 ) ) ;
#781 = EDGE_LOOP ( 'NONE', ( #4202, #345, #6167, #808, #3276, #5778, #4620 ) ) ;
#782 = SURFACE_STYLE_FILL_AREA ( #3198 ) ;
#783 = VECTOR ( 'NONE', #2655, 1000.000000000000000 ) ;
#784 = FILL_AREA_STYLE_COLOUR ( '', #3702 ) ;
#785 = CARTESIAN_POINT ( 'NONE',  ( -8.220053115998467774, 1.239373803209806946, 92.98227240928045489 ) ) ;
#786 = B_SPLINE_CURVE_WITH_KNOTS ( 'NONE', 3,
 ( #5933, #3003, #5906, #1575, #596, #3517, #5457, #5397, #1123, #1091, #3068, #1036, #4544, #715 ),
 .UNSPECIFIED., .F., .F.,
 ( 4, 2, 2, 2, 2, 2, 4 ),
 ( 0.000000000000000000, 0.001198425417522869935, 0.001797638126284305769, 0.002396850835045742038, 0.002996063543807177439, 0.003595276252568613707, 0.004793701670091485810 ),
 .UNSPECIFIED. ) ;
#787 = DIRECTION ( 'NONE',  ( -3.469446951953614189E-16, -1.000000000000000000, -8.755402904681385301E-16 ) ) ;
#788 = CARTESIAN_POINT ( 'NONE',  ( 1.775762833513366612, 29.16000000000000014, 95.52323086241023020 ) ) ;
#789 = EDGE_CURVE ( 'NONE', #2372, #1704, #1393, .T. ) ;
#790 = AXIS2_PLACEMENT_3D ( 'NONE', #1751, #5544, #3222 ) ;
#791 = PRESENTATION_STYLE_ASSIGNMENT (( #5727 ) ) ;
#792 = ORIENTED_EDGE ( 'NONE', *, *, #3480, .T. ) ;
#793 = ADVANCED_FACE ( 'NONE', ( #417 ), #1359, .T. ) ;
#794 = EDGE_CURVE ( 'NONE', #1566, #5311, #2664, .T. ) ;
#795 = CARTESIAN_POINT ( 'NONE',  ( -8.555056283501594194, 23.67842081687254918, 42.75624752607740220 ) ) ;
#796 = VECTOR ( 'NONE', #3924, 1000.000000000000000 ) ;
#797 = FILL_AREA_STYLE_COLOUR ( '', #3199 ) ;
#798 = CARTESIAN_POINT ( 'NONE',  ( 6.712246415324872650, -1.303414582293522139, 46.47374993541490795 ) ) ;
#799 = VECTOR ( 'NONE', #836, 1000.000000000000000 ) ;
#800 =( NAMED_UNIT ( * ) SI_UNIT ( $, .STERADIAN. ) SOLID_ANGLE_UNIT ( ) );
#801 = ADVANCED_FACE ( 'NONE', ( #1424 ), #766, .T. ) ;
#802 = CARTESIAN_POINT ( 'NONE',  ( -2.024999999999999911, 6.707400031130135609, 53.56124999999995850 ) ) ;
#803 =( NAMED_UNIT ( * ) SI_UNIT ( $, .STERADIAN. ) SOLID_ANGLE_UNIT ( ) );
#804 = STYLED_ITEM ( 'NONE', ( #5127 ), #324 ) ;
#805 = ORIENTED_EDGE ( 'NONE', *, *, #4817, .F. ) ;
#806 = UNCERTAINTY_MEASURE_WITH_UNIT (LENGTH_MEASURE( 1.000000000000000082E-05 ), #3185, 'distance_accuracy_value', 'NONE');
#807 = CARTESIAN_POINT ( 'NONE',  ( 1.012499999999961542, 18.02249999999999730, 90.61874999999999147 ) ) ;
#808 = ORIENTED_EDGE ( 'NONE', *, *, #6243, .T. ) ;
#809 = CARTESIAN_POINT ( 'NONE',  ( 1.367625313888165772, -4.050000000000001599, 95.15438345176562507 ) ) ;
#810 =( GEOMETRIC_REPRESENTATION_CONTEXT ( 3 ) GLOBAL_UNCERTAINTY_ASSIGNED_CONTEXT ( ( #5160 ) ) GLOBAL_UNIT_ASSIGNED_CONTEXT ( ( #4710, #3331, #1896 ) ) REPRESENTATION_CONTEXT ( 'NONE', 'WORKASPACE' ) );
#811 = CARTESIAN_POINT ( 'NONE',  ( -8.724953040531136850, 1.681400247548941573, 42.06036481966481944 ) ) ;
#812 = VECTOR ( 'NONE', #5076, 999.9999999999998863 ) ;
#813 = CARTESIAN_POINT ( 'NONE',  ( -10.03461882342764611, 5.642015286126066620, 37.44602582785920220 ) ) ;
#814 =( NAMED_UNIT ( * ) PLANE_ANGLE_UNIT ( ) SI_UNIT ( $, .RADIAN. ) );
#815 = ORIENTED_EDGE ( 'NONE', *, *, #6243, .F. ) ;
#816 = CARTESIAN_POINT ( 'NONE',  ( 2.227799725877486203, 29.16000000000000014, 41.03963957000528495 ) ) ;
#817 = ORIENTED_EDGE ( 'NONE', *, *, #3285, .F. ) ;
#818 = CIRCLE ( 'NONE', #711, 10.12499999999999467 ) ;
#819 = SURFACE_SIDE_STYLE ('',( #5182 ) ) ;
#820 = DIRECTION ( 'NONE',  ( 3.053113317719179993E-16, -9.807976568638701793E-32, -1.000000000000000000 ) ) ;
#821 = CARTESIAN_POINT ( 'NONE',  ( 0.000000000000000000, 28.14749999999999375, 140.1299999999999670 ) ) ;
#822 = PRESENTATION_LAYER_ASSIGNMENT (  '', '', ( #2847 ) ) ;
#823 = CARTESIAN_POINT ( 'NONE',  ( 2.450132085366091061, 29.16000000000000369, 96.32129746101233536 ) ) ;
#824 = DIRECTION ( 'NONE',  ( -1.000000000000000000, 0.000000000000000000, 0.000000000000000000 ) ) ;
#825 = MECHANICAL_DESIGN_GEOMETRIC_PRESENTATION_REPRESENTATION (  '', ( #623 ), #1634 ) ;
#826 =( NAMED_UNIT ( * ) SI_UNIT ( $, .STERADIAN. ) SOLID_ANGLE_UNIT ( ) );
#827 = ORIENTED_EDGE ( 'NONE', *, *, #5283, .T. ) ;
#828 = AXIS2_PLACEMENT_3D ( 'NONE', #3537, #2612, #3474 ) ;
#829 = CARTESIAN_POINT ( 'NONE',  ( -9.304074952097753481, 21.85473927043572928, 43.69526606043161365 ) ) ;
#830 = EDGE_CURVE ( 'NONE', #1218, #5608, #2239, .T. ) ;
#831 = CARTESIAN_POINT ( 'NONE',  ( -7.125000000000039080, -6.168612780735334482E-15, 38.19250000000000256 ) ) ;
#832 = UNCERTAINTY_MEASURE_WITH_UNIT (LENGTH_MEASURE( 1.000000000000000082E-05 ), #1659, 'distance_accuracy_value', 'NONE');
#833 = CARTESIAN_POINT ( 'NONE',  ( 8.646844020901177430, -4.049999999999757350, 44.91612200837165148 ) ) ;
#834 = PRODUCT_RELATED_PRODUCT_CATEGORY ( 'part', '', ( #1300 ) ) ;
#835 = CARTESIAN_POINT ( 'NONE',  ( -1.996964673399717505, 18.77897599918391691, 53.49708520686264990 ) ) ;
#836 = DIRECTION ( 'NONE',  ( -1.445602896647339903E-16, 1.000000000000000000, -1.885568995626964780E-16 ) ) ;
#837 = CARTESIAN_POINT ( 'NONE',  ( -2.024999999999999911, 0.000000000000000000, 0.000000000000000000 ) ) ;
#838 = EDGE_CURVE ( 'NONE', #3856, #186, #3772, .T. ) ;
#839 = EDGE_LOOP ( 'NONE', ( #3606, #3067, #1295, #5636, #4193, #2038, #76, #1925 ) ) ;
#840 = EDGE_LOOP ( 'NONE', ( #2622, #359, #4956, #4466, #2798, #1121 ) ) ;
#841 = CARTESIAN_POINT ( 'NONE',  ( 3.246079154747160356, -2.802843615216310980, 90.61875010133364583 ) ) ;
#842 =( NAMED_UNIT ( * ) PLANE_ANGLE_UNIT ( ) SI_UNIT ( $, .RADIAN. ) );
#843 = SURFACE_STYLE_USAGE ( .BOTH. , #3709 ) ;
#844 =( LENGTH_UNIT ( ) NAMED_UNIT ( * ) SI_UNIT ( .MILLI., .METRE. ) );
#845 = CARTESIAN_POINT ( 'NONE',  ( 9.207420387001835849, 29.16000000000003212, 36.51206584997515847 ) ) ;
#846 = EDGE_LOOP ( 'NONE', ( #610, #2380, #6063, #2936, #5144, #2633 ) ) ;
#847 = CARTESIAN_POINT ( 'NONE',  ( 10.52882189869565899, 21.48490845198925925, 46.47375000129472511 ) ) ;
#848 = ORIENTED_EDGE ( 'NONE', *, *, #4145, .T. ) ;
#849 = CARTESIAN_POINT ( 'NONE',  ( 1.012499999999957545, 19.03499999999998948, 42.06036481966508944 ) ) ;
#850 = CARTESIAN_POINT ( 'NONE',  ( -52.37500000000000000, 0.000000000000000000, 110.3999999999999915 ) ) ;
#851 = SURFACE_STYLE_FILL_AREA ( #3788 ) ;
#852 = CARTESIAN_POINT ( 'NONE',  ( 8.801213444040186573, 24.49794688733692638, 90.61874999059408253 ) ) ;
#853 =( NAMED_UNIT ( * ) SI_UNIT ( $, .STERADIAN. ) SOLID_ANGLE_UNIT ( ) );
#854 = DIRECTION ( 'NONE',  ( -0.000000000000000000, -0.000000000000000000, -1.000000000000000000 ) ) ;
#855 = ORIENTED_EDGE ( 'NONE', *, *, #4280, .T. ) ;
#856 = STYLED_ITEM ( 'NONE', ( #2283 ), #1487 ) ;
#857 = DIRECTION ( 'NONE',  ( 6.057297782015010146E-32, -1.884795814070615786E-47, -1.000000000000000000 ) ) ;
#858 = SURFACE_SIDE_STYLE ('',( #1364 ) ) ;
#859 = SURFACE_STYLE_FILL_AREA ( #4384 ) ;
#860 = CARTESIAN_POINT ( 'NONE',  ( -1.161127148651089236, 22.11486282860546737, 51.96496758824654449 ) ) ;
#861 = FILL_AREA_STYLE ('',( #5228 ) ) ;
#862 = FILL_AREA_STYLE ('',( #5229 ) ) ;
#863 = SURFACE_SIDE_STYLE ('',( #3215 ) ) ;
#864 = AXIS2_PLACEMENT_3D ( 'NONE', #3143, #1237, #249 ) ;
#865 = DIRECTION ( 'NONE',  ( 0.000000000000000000, 0.000000000000000000, 1.000000000000000000 ) ) ;
#866 = FACE_OUTER_BOUND ( 'NONE', #2707, .T. ) ;
#867 =( GEOMETRIC_REPRESENTATION_CONTEXT ( 3 ) GLOBAL_UNCERTAINTY_ASSIGNED_CONTEXT ( ( #5712 ) ) GLOBAL_UNIT_ASSIGNED_CONTEXT ( ( #4782, #3271, #6233 ) ) REPRESENTATION_CONTEXT ( 'NONE', 'WORKASPACE' ) );
#868 = VERTEX_POINT ( 'NONE', #1274 ) ;
#869 = UNCERTAINTY_MEASURE_WITH_UNIT (LENGTH_MEASURE( 1.000000000000000082E-05 ), #3164, 'distance_accuracy_value', 'NONE');
#870 = EDGE_CURVE ( 'NONE', #1346, #585, #4400, .T. ) ;
#871 = ORIENTED_EDGE ( 'NONE', *, *, #1457, .T. ) ;
#872 = CARTESIAN_POINT ( 'NONE',  ( 5.624831523299023139, -1.933457172795214785, 90.61875005199476618 ) ) ;
#873 = ADVANCED_FACE ( 'NONE', ( #4600 ), #2197, .T. ) ;
#874 = STYLED_ITEM ( 'NONE', ( #2526 ), #3200 ) ;
#875 = DIRECTION ( 'NONE',  ( 0.000000000000000000, 0.000000000000000000, 1.000000000000000000 ) ) ;
#876 = LINE ( 'NONE', #5745, #5268 ) ;
#877 = DIRECTION ( 'NONE',  ( 0.000000000000000000, 0.000000000000000000, -1.000000000000000000 ) ) ;
#878 = VERTEX_POINT ( 'NONE', #3633 ) ;
#879 = FACE_OUTER_BOUND ( 'NONE', #1954, .T. ) ;
#880 = ORIENTED_EDGE ( 'NONE', *, *, #1798, .T. ) ;
#881 = CARTESIAN_POINT ( 'NONE',  ( 10.12499925786100441, -3.810910950141992881, 38.59389170079109022 ) ) ;
#882 = CARTESIAN_POINT ( 'NONE',  ( -8.509990470752066827, 1.312118811320513556, 42.32475028897938785 ) ) ;
#883 = VECTOR ( 'NONE', #6102, 1000.000000000000000 ) ;
#884 = DIRECTION ( 'NONE',  ( -2.775557561562890365E-16, 3.108544885199754604E-33, -1.000000000000000000 ) ) ;
#885 = CARTESIAN_POINT ( 'NONE',  ( 11.06309069025938463, 19.25000684710168031, 90.61875000002943636 ) ) ;
#886 = SURFACE_STYLE_FILL_AREA ( #5255 ) ;
#887 = VERTEX_POINT ( 'NONE', #1778 ) ;
#888 = VECTOR ( 'NONE', #938, 1000.000000000000000 ) ;
#889 = CARTESIAN_POINT ( 'NONE',  ( -7.796250000000000568, -9.008526691660335541E-15, 40.70249999999999346 ) ) ;
#890 = CARTESIAN_POINT ( 'NONE',  ( -9.156067778453133243, 2.543172031781680609, 42.02274871961331826 ) ) ;
#891 = COLOUR_RGB ( '',0.1019607843137254888, 0.1019607843137254888, 0.1019607843137254888 ) ;
#892 = CARTESIAN_POINT ( 'NONE',  ( -1.418899075544308275, 3.631188082745774981, 84.71713509234413664 ) ) ;
#893 = UNCERTAINTY_MEASURE_WITH_UNIT (LENGTH_MEASURE( 1.000000000000000082E-05 ), #5787, 'distance_accuracy_value', 'NONE');
#894 = STYLED_ITEM ( 'NONE', ( #5087 ), #3796 ) ;
#895 = CARTESIAN_POINT ( 'NONE',  ( -1.781047420102289891, 20.23169626437234925, 53.03722823314189583 ) ) ;
#896 = PLANE ( 'NONE',  #4397 ) ;
#897 = VECTOR ( 'NONE', #1565, 1000.000000000000000 ) ;
#898 = PLANE ( 'NONE',  #5100 ) ;
#899 = FILL_AREA_STYLE ('',( #3833 ) ) ;
#900 = ORIENTED_EDGE ( 'NONE', *, *, #5821, .T. ) ;
#901 = EDGE_LOOP ( 'NONE', ( #21, #5972, #5485, #279, #451, #5905, #3738, #236 ) ) ;
#902 = CARTESIAN_POINT ( 'NONE',  ( 6.276705081063656877, -4.049999999999870148, 92.54570170524061723 ) ) ;
#903 = COLOUR_RGB ( '',0.1019607843137254888, 0.1019607843137254888, 0.1019607843137254888 ) ;
#904 = ADVANCED_FACE ( 'NONE', ( #5568 ), #226, .T. ) ;
#905 = EDGE_CURVE ( 'NONE', #2810, #1693, #5354, .T. ) ;
#906 = SURFACE_SIDE_STYLE ('',( #6293 ) ) ;
#907 = CARTESIAN_POINT ( 'NONE',  ( 8.310017158151078220, 29.16000000000003922, 100.3716456845545082 ) ) ;
#908 = SURFACE_STYLE_USAGE ( .BOTH. , #3845 ) ;
#909 = ORIENTED_EDGE ( 'NONE', *, *, #2652, .T. ) ;
#910 = EDGE_CURVE ( 'NONE', #3101, #1105, #4825, .T. ) ;
#911 = STYLED_ITEM ( 'NONE', ( #969 ), #361 ) ;
#912 = ORIENTED_EDGE ( 'NONE', *, *, #3705, .T. ) ;
#913 = CARTESIAN_POINT ( 'NONE',  ( 9.239255797402034176, -3.037499999999999645, 41.04333033044370183 ) ) ;
#914 = LINE ( 'NONE', #376, #1672 ) ;
#915 = FILL_AREA_STYLE_COLOUR ( '', #684 ) ;
#916 = CARTESIAN_POINT ( 'NONE',  ( 10.16404665332551005, 22.36646107972546815, 90.61875000514986311 ) ) ;
#917 = EDGE_CURVE ( 'NONE', #1829, #3942, #3315, .T. ) ;
#918 = CARTESIAN_POINT ( 'NONE',  ( 10.12500000000000000, -3.625305056040521556, 39.41116908515341066 ) ) ;
#919 = ORIENTED_EDGE ( 'NONE', *, *, #2075, .T. ) ;
#920 = TOROIDAL_SURFACE ( 'NONE', #618, 1.012499999999999067, 10.12500000000000000 ) ;
#921 = CARTESIAN_POINT ( 'NONE',  ( 1.012499999999969535, 18.02250000000000085, 83.02500000000000568 ) ) ;
#922 = CARTESIAN_POINT ( 'NONE',  ( -9.008086442045074804, 2.225426107432257883, 41.94964630292141550 ) ) ;
#923 = AXIS2_PLACEMENT_3D ( 'NONE', #921, #6273, #1938 ) ;
#924 =( NAMED_UNIT ( * ) PLANE_ANGLE_UNIT ( ) SI_UNIT ( $, .RADIAN. ) );
#925 = CARTESIAN_POINT ( 'NONE',  ( 4.302999391112417804, -4.049999999999985612, 38.85519885594379019 ) ) ;
#926 = CARTESIAN_POINT ( 'NONE',  ( -1.940794625415857677, 19.33747161363461231, 53.37043613230590466 ) ) ;
#927 = FILL_AREA_STYLE ('',( #5766 ) ) ;
#928 = SURFACE_STYLE_USAGE ( .BOTH. , #1501 ) ;
#929 = ORIENTED_EDGE ( 'NONE', *, *, #3156, .T. ) ;
#930 = DIRECTION ( 'NONE',  ( 0.000000000000000000, -1.000000000000000000, 0.000000000000000000 ) ) ;
#931 = ORIENTED_EDGE ( 'NONE', *, *, #6207, .T. ) ;
#932 = SURFACE_STYLE_FILL_AREA ( #1919 ) ;
#933 = CARTESIAN_POINT ( 'NONE',  ( 6.497110340788792904, -4.049999999999969624, 92.52461921607780937 ) ) ;
#934 = SURFACE_SIDE_STYLE ('',( #4863 ) ) ;
#935 = CARTESIAN_POINT ( 'NONE',  ( 1.041755643827360522, 29.16000000000000014, 95.03213519115122665 ) ) ;
#936 = CARTESIAN_POINT ( 'NONE',  ( 1.012499999999961542, 29.15999999999998948, 42.06036481966484075 ) ) ;
#937 = VERTEX_POINT ( 'NONE', #2428 ) ;
#938 = DIRECTION ( 'NONE',  ( 0.000000000000000000, 1.885568995626965026E-16, 1.000000000000000000 ) ) ;
#939 = VERTEX_POINT ( 'NONE', #4294 ) ;
#940 = FILL_AREA_STYLE_COLOUR ( '', #109 ) ;
#941 = CARTESIAN_POINT ( 'NONE',  ( -40.50000000000000000, 2.024999999999999911, 110.3624999999999829 ) ) ;
#942 = PLANE ( 'NONE',  #2319 ) ;
#943 = SURFACE_STYLE_USAGE ( .BOTH. , #344 ) ;
#944 = CARTESIAN_POINT ( 'NONE',  ( 10.12500000000000000, -4.049999999999950973, 37.16650842017332224 ) ) ;
#945 = EDGE_LOOP ( 'NONE', ( #1831, #4259, #1257, #1927 ) ) ;
#946 = EDGE_CURVE ( 'NONE', #5058, #1090, #4389, .T. ) ;
#947 = CARTESIAN_POINT ( 'NONE',  ( -9.147593503506779911, 22.58500000000000085, 110.3999999999999915 ) ) ;
#948 = CARTESIAN_POINT ( 'NONE',  ( -9.189109521178194129, 2.618599751906824036, 42.06036481966481944 ) ) ;
#949 = PRESENTATION_STYLE_ASSIGNMENT (( #1908 ) ) ;
#950 = PLANE ( 'NONE',  #2853 ) ;
#951 = B_SPLINE_CURVE_WITH_KNOTS ( 'NONE', 3,
 ( #608, #1587, #3439, #1103, #39, #4523 ),
 .UNSPECIFIED., .F., .F.,
 ( 4, 2, 4 ),
 ( 0.000000000000000000, 0.001981470111886245427, 0.003962940223772490854 ),
 .UNSPECIFIED. ) ;
#952 = CARTESIAN_POINT ( 'NONE',  ( -1.978468316563113172, 18.99362827602202941, 53.45469061139692712 ) ) ;
#953 = DIRECTION ( 'NONE',  ( -0.7071067811865441310, 0.000000000000000000, -0.7071067811865510144 ) ) ;
#954 = STYLED_ITEM ( 'NONE', ( #1658 ), #1564 ) ;
#955 = CARTESIAN_POINT ( 'NONE',  ( 10.62500000000000000, 1.580766767483863887E-14, -3.037499999999999645 ) ) ;
#956 = ORIENTED_EDGE ( 'NONE', *, *, #3986, .T. ) ;
#957 = DIRECTION ( 'NONE',  ( -1.000000000000000000, 0.000000000000000000, 0.000000000000000000 ) ) ;
#958 = ORIENTED_EDGE ( 'NONE', *, *, #5084, .T. ) ;
#959 = PRESENTATION_LAYER_ASSIGNMENT (  '', '', ( #2290 ) ) ;
#960 = DIRECTION ( 'NONE',  ( -6.938893903907229918E-18, 1.000000000000000000, -1.885568995626964780E-16 ) ) ;
#961 = CARTESIAN_POINT ( 'NONE',  ( 10.45795950726273382, 3.432936262802660288, 90.61875000250083190 ) ) ;
#962 = VECTOR ( 'NONE', #3763, 1000.000000000000000 ) ;
#963 = SURFACE_STYLE_USAGE ( .BOTH. , #906 ) ;
#964 = DIRECTION ( 'NONE',  ( 1.000000000000000000, 0.000000000000000000, 0.000000000000000000 ) ) ;
#965 = FILL_AREA_STYLE_COLOUR ( '', #5066 ) ;
#966 = EDGE_LOOP ( 'NONE', ( #4900, #2782, #1067, #3877, #2505, #6297, #5994 ) ) ;
#967 = FILL_AREA_STYLE ('',( #3359 ) ) ;
#968 = ORIENTED_EDGE ( 'NONE', *, *, #794, .T. ) ;
#969 = PRESENTATION_STYLE_ASSIGNMENT (( #4514 ) ) ;
#970 = VECTOR ( 'NONE', #5002, 1000.000000000000000 ) ;
#971 = DIRECTION ( 'NONE',  ( 1.000000000000000000, 0.000000000000000000, 0.000000000000000000 ) ) ;
#972 = STYLED_ITEM ( 'NONE', ( #1190 ), #2813 ) ;
#973 = CARTESIAN_POINT ( 'NONE',  ( 0.000000000000000000, 28.09674780070452726, -0.05075219929546703757 ) ) ;
#974 = DIRECTION ( 'NONE',  ( 0.000000000000000000, 0.7071067811865510144, 0.7071067811865441310 ) ) ;
#975 = ORIENTED_EDGE ( 'NONE', *, *, #2510, .T. ) ;
#976 = STYLED_ITEM ( 'NONE', ( #2872 ), #4185 ) ;
#977 = CARTESIAN_POINT ( 'NONE',  ( -0.1324809972215119369, 23.91692365593487679, 86.49825416767332342 ) ) ;
#978 = PLANE ( 'NONE',  #5136 ) ;
#979 = EDGE_CURVE ( 'NONE', #3158, #2638, #1404, .T. ) ;
#980 = DIRECTION ( 'NONE',  ( 3.212450881438532241E-16, 1.000000000000000000, 6.108134582636268424E-49 ) ) ;
#981 = EDGE_CURVE ( 'NONE', #61, #4059, #1116, .T. ) ;
#982 = CARTESIAN_POINT ( 'NONE',  ( 11.03219711801273029, 5.627305085715884836, 46.47374999991230027 ) ) ;
#983 = PRESENTATION_LAYER_ASSIGNMENT (  '', '', ( #2700 ) ) ;
#984 =( NAMED_UNIT ( * ) SI_UNIT ( $, .STERADIAN. ) SOLID_ANGLE_UNIT ( ) );
#985 = MECHANICAL_DESIGN_GEOMETRIC_PRESENTATION_REPRESENTATION (  '', ( #6278 ), #3938 ) ;
#986 = ADVANCED_FACE ( 'NONE', ( #2394 ), #1972, .F. ) ;
#987 = LINE ( 'NONE', #3441, #4662 ) ;
#988 = CARTESIAN_POINT ( 'NONE',  ( -5.973749999999999893, 2.024999999999999911, 26.69249999999999901 ) ) ;
#989 =( GEOMETRIC_REPRESENTATION_CONTEXT ( 3 ) GLOBAL_UNCERTAINTY_ASSIGNED_CONTEXT ( ( #10 ) ) GLOBAL_UNIT_ASSIGNED_CONTEXT ( ( #2654, #4609, #2147 ) ) REPRESENTATION_CONTEXT ( 'NONE', 'WORKASPACE' ) );
#990 =( LENGTH_UNIT ( ) NAMED_UNIT ( * ) SI_UNIT ( .MILLI., .METRE. ) );
#991 = EDGE_CURVE ( 'NONE', #5847, #5313, #2458, .T. ) ;
#992 = CARTESIAN_POINT ( 'NONE',  ( 10.62500000000000000, 3.037499999999999645, -1.713913789117811707E-15 ) ) ;
#993 = STYLED_ITEM ( 'NONE', ( #4857 ), #4961 ) ;
#994 = ORIENTED_EDGE ( 'NONE', *, *, #3246, .T. ) ;
#995 = AXIS2_PLACEMENT_3D ( 'NONE', #3194, #4163, #1191 ) ;
#996 =( NAMED_UNIT ( * ) PLANE_ANGLE_UNIT ( ) SI_UNIT ( $, .RADIAN. ) );
#997 = DIRECTION ( 'NONE',  ( 0.000000000000000000, 0.7071067811865489050, -0.7071067811865460184 ) ) ;
#998 = MECHANICAL_DESIGN_GEOMETRIC_PRESENTATION_REPRESENTATION (  '', ( #697 ), #190 ) ;
#999 = CARTESIAN_POINT ( 'NONE',  ( 0.3365111746360598399, -3.020568446281178154, -0.01693155371881308741 ) ) ;
#1000 = CARTESIAN_POINT ( 'NONE',  ( 0.000000000000000000, 0.000000000000000000, 0.000000000000000000 ) ) ;
#1001 = ORIENTED_EDGE ( 'NONE', *, *, #5418, .T. ) ;
#1002 = VERTEX_POINT ( 'NONE', #1373 ) ;
#1003 = DIRECTION ( 'NONE',  ( 1.000000000000000000, 0.000000000000000000, 0.000000000000000000 ) ) ;
#1004 = DIRECTION ( 'NONE',  ( -0.000000000000000000, -0.000000000000000000, -1.000000000000000000 ) ) ;
#1005 = AXIS2_PLACEMENT_3D ( 'NONE', #1339, #2297, #4690 ) ;
#1006 = SURFACE_STYLE_USAGE ( .BOTH. , #4813 ) ;
#1007 = CARTESIAN_POINT ( 'NONE',  ( 10.99999668998708557, 19.68875609750988076, 90.61874999991252366 ) ) ;
#1008 = CARTESIAN_POINT ( 'NONE',  ( 10.12500000000000000, -4.049999999999950973, 36.39402376808406814 ) ) ;
#1009 = ORIENTED_EDGE ( 'NONE', *, *, #4537, .F. ) ;
#1010 = COLOUR_RGB ( '',0.1019607843137254888, 0.1019607843137254888, 0.1019607843137254888 ) ;
#1011 = CARTESIAN_POINT ( 'NONE',  ( -1.737147821925595581, 20.42016059920905491, 84.14178616833460467 ) ) ;
#1012 = LINE ( 'NONE', #481, #4840 ) ;
#1013 = CARTESIAN_POINT ( 'NONE',  ( -1.961866780908373187, 5.958526838432418593, 83.67515291660264154 ) ) ;
#1014 = PRESENTATION_LAYER_ASSIGNMENT (  '', '', ( #1625 ) ) ;
#1015 = CARTESIAN_POINT ( 'NONE',  ( 0.000000000000000000, -2.986747800704532274, 137.1432521992954605 ) ) ;
#1016 = PRESENTATION_LAYER_ASSIGNMENT (  '', '', ( #2233 ) ) ;
#1017 = SURFACE_STYLE_FILL_AREA ( #13 ) ;
#1018 =( LENGTH_UNIT ( ) NAMED_UNIT ( * ) SI_UNIT ( .MILLI., .METRE. ) );
#1019 = CARTESIAN_POINT ( 'NONE',  ( -9.112499999999998934, -1.036882349681998622E-13, 46.47375000000000256 ) ) ;
#1020 = EDGE_CURVE ( 'NONE', #1406, #1752, #4806, .T. ) ;
#1021 = LINE ( 'NONE', #2370, #2989 ) ;
#1022 = EDGE_CURVE ( 'NONE', #2149, #2361, #5860, .T. ) ;
#1023 = SURFACE_STYLE_FILL_AREA ( #615 ) ;
#1024 = STYLED_ITEM ( 'NONE', ( #2958 ), #6075 ) ;
#1025 = EDGE_LOOP ( 'NONE', ( #5005, #6260, #3360, #1214, #3617, #3485, #4699, #2140 ) ) ;
#1026 = CARTESIAN_POINT ( 'NONE',  ( -1.119535905023414157, 2.902238269913856250, 51.90176621162822101 ) ) ;
#1027 = CARTESIAN_POINT ( 'NONE',  ( -49.50701142158430912, 25.10999999999999588, 113.4000000000000057 ) ) ;
#1028 = ADVANCED_FACE ( 'NONE', ( #2369, #394, #6248 ), #898, .F. ) ;
#1029 = ADVANCED_FACE ( 'NONE', ( #2066 ), #195, .T. ) ;
#1030 =( BOUNDED_CURVE ( )  B_SPLINE_CURVE ( 3, ( #4399, #999, #4895, #3032 ),
 .UNSPECIFIED., .F., .F. ) 
 B_SPLINE_CURVE_WITH_KNOTS ( ( 4, 4 ),
 ( 3.041425232428235148, 3.141592653589795336 ),
 .UNSPECIFIED. ) 
 CURVE ( )  GEOMETRIC_REPRESENTATION_ITEM ( )  RATIONAL_B_SPLINE_CURVE ( ( 1.000000000000000000, 0.9991640487402220216, 0.9991640487402220216, 1.000000000000000000 ) ) 
 REPRESENTATION_ITEM ( '' )  );
#1031 =( NAMED_UNIT ( * ) PLANE_ANGLE_UNIT ( ) SI_UNIT ( $, .RADIAN. ) );
#1032 = ORIENTED_EDGE ( 'NONE', *, *, #2363, .T. ) ;
#1033 = CARTESIAN_POINT ( 'NONE',  ( -9.388896002674410823, 21.93332933971177923, 94.30491183924426934 ) ) ;
#1034 = VERTEX_POINT ( 'NONE', #641 ) ;
#1035 = ADVANCED_BREP_SHAPE_REPRESENTATION ( 'ML_MirrorBACKUPLV3PROTOTYPE__Default__3512C4B7A64D', ( #339, #5816 ), #4595 ) ;
#1036 = CARTESIAN_POINT ( 'NONE',  ( -9.057409669586416356, 22.58500000000000085, 99.70394550380397902 ) ) ;
#1037 = FILL_AREA_STYLE ('',( #5875 ) ) ;
#1038 = CARTESIAN_POINT ( 'NONE',  ( 1.012499999999961542, 7.087500000000000355, 113.4000000000000057 ) ) ;
#1039 = CARTESIAN_POINT ( 'NONE',  ( 1.012499999999961542, 18.02249999999999375, 46.47374999999998835 ) ) ;
#1040 = ORIENTED_EDGE ( 'NONE', *, *, #2799, .F. ) ;
#1041 = CARTESIAN_POINT ( 'NONE',  ( -0.1929693737621790695, 23.83131280277727271, 86.42632554646102960 ) ) ;
#1042 = CARTESIAN_POINT ( 'NONE',  ( 10.62500000000000000, 29.16000000000018844, 113.4000000000000057 ) ) ;
#1043 = SURFACE_STYLE_USAGE ( .BOTH. , #607 ) ;
#1044 = CARTESIAN_POINT ( 'NONE',  ( 3.439487114815182434, -3.037499999999999201, 91.24810604395248959 ) ) ;
#1045 = DIRECTION ( 'NONE',  ( -3.212450881438532241E-16, -1.000000000000000000, 1.885568995626965273E-16 ) ) ;
#1046 = FILL_AREA_STYLE_COLOUR ( '', #1525 ) ;
#1047 = DIRECTION ( 'NONE',  ( -1.000000000000000000, 0.000000000000000000, 0.000000000000000000 ) ) ;
#1048 = CARTESIAN_POINT ( 'NONE',  ( 20.25000000000000000, 1.518749999999999822, 1.518749999999999822 ) ) ;
#1049 = UNCERTAINTY_MEASURE_WITH_UNIT (LENGTH_MEASURE( 1.000000000000000082E-05 ), #392, 'distance_accuracy_value', 'NONE');
#1050 = DIRECTION ( 'NONE',  ( -1.000000000000000000, -6.071532165918857963E-15, 1.144829280800842736E-30 ) ) ;
#1051 = ORIENTED_EDGE ( 'NONE', *, *, #65, .F. ) ;
#1052 = CARTESIAN_POINT ( 'NONE',  ( 0.5359411805823166564, 0.3493887909100161782, 49.84755929772105532 ) ) ;
#1053 = CARTESIAN_POINT ( 'NONE',  ( 5.817704853813573607, -4.049999999999973177, 99.30938257975624595 ) ) ;
#1054 = CARTESIAN_POINT ( 'NONE',  ( -8.312881167645640446, 1.100344540643123370, 43.12711348356277341 ) ) ;
#1055 = CARTESIAN_POINT ( 'NONE',  ( -0.1250000000000365263, 3.638750000000138929, 26.69249999999999901 ) ) ;
#1056 = EDGE_CURVE ( 'NONE', #1090, #1781, #2578, .T. ) ;
#1057 = SURFACE_STYLE_USAGE ( .BOTH. , #82 ) ;
#1058 = EDGE_LOOP ( 'NONE', ( #6039, #532, #5679 ) ) ;
#1059 = CARTESIAN_POINT ( 'NONE',  ( -8.900303397624773183, 23.07079333250712239, 94.49579954948877969 ) ) ;
#1060 = ORIENTED_EDGE ( 'NONE', *, *, #1250, .T. ) ;
#1061 = EDGE_CURVE ( 'NONE', #4633, #5594, #4999, .T. ) ;
#1062 = CARTESIAN_POINT ( 'NONE',  ( 8.374831281640922498, 28.14749999999999375, 41.41842858372153557 ) ) ;
#1063 = FILL_AREA_STYLE ('',( #4001 ) ) ;
#1064 = CARTESIAN_POINT ( 'NONE',  ( 1.012499999999978639, 20.55375000000000085, 54.06749999999999545 ) ) ;
#1065 = DIRECTION ( 'NONE',  ( 0.000000000000000000, 0.000000000000000000, 1.000000000000000000 ) ) ;
#1066 = CARTESIAN_POINT ( 'NONE',  ( 1.305070731027129449, 28.14749998998934544, 46.47375002066923599 ) ) ;
#1067 = ORIENTED_EDGE ( 'NONE', *, *, #3278, .T. ) ;
#1068 = AXIS2_PLACEMENT_3D ( 'NONE', #5217, #2443, #971 ) ;
#1069 = CARTESIAN_POINT ( 'NONE',  ( -1.773118248386896800, 20.26690351610585239, 84.07102406127053484 ) ) ;
#1070 = PRESENTATION_STYLE_ASSIGNMENT (( #2542 ) ) ;
#1071 = CARTESIAN_POINT ( 'NONE',  ( -7.256125092274576360, 21.97124999999999773, 35.36065806132550904 ) ) ;
#1072 = EDGE_LOOP ( 'NONE', ( #4089, #4414, #2812, #1894 ) ) ;
#1073 = CARTESIAN_POINT ( 'NONE',  ( 6.567686363338044231, -4.049999999999969624, 99.74478791476037998 ) ) ;
#1074 = CARTESIAN_POINT ( 'NONE',  ( -7.796250000000000568, 21.97125000000000128, 1.419211875966638893E-15 ) ) ;
#1075 =( GEOMETRIC_REPRESENTATION_CONTEXT ( 3 ) GLOBAL_UNCERTAINTY_ASSIGNED_CONTEXT ( ( #1771 ) ) GLOBAL_UNIT_ASSIGNED_CONTEXT ( ( #5572, #739, #4629 ) ) REPRESENTATION_CONTEXT ( 'NONE', 'WORKASPACE' ) );
#1076 = LINE ( 'NONE', #2483, #3264 ) ;
#1077 = LINE ( 'NONE', #5009, #6257 ) ;
#1078 = CIRCLE ( 'NONE', #4861, 11.13749999999999751 ) ;
#1079 = STYLED_ITEM ( 'NONE', ( #5879 ), #3672 ) ;
#1080 = CARTESIAN_POINT ( 'NONE',  ( 32.92873889984932134, 28.14750000000014651, 113.4000000000000057 ) ) ;
#1081 = CARTESIAN_POINT ( 'NONE',  ( -9.319365997047199812, 22.18140024754866246, 42.06036481966484075 ) ) ;
#1082 = CARTESIAN_POINT ( 'NONE',  ( -1.141295147042125979, 2.950579776809082677, 51.93474629679174370 ) ) ;
#1083 = VECTOR ( 'NONE', #4492, 1000.000000000000000 ) ;
#1084 = CARTESIAN_POINT ( 'NONE',  ( 1.012499999999967315, 28.14749999999999375, 90.61874999999999147 ) ) ;
#1085 = CARTESIAN_POINT ( 'NONE',  ( -7.066966454485952731, 23.85999999999999588, 35.81070189779778445 ) ) ;
#1086 =( GEOMETRIC_REPRESENTATION_CONTEXT ( 3 ) GLOBAL_UNCERTAINTY_ASSIGNED_CONTEXT ( ( #2787 ) ) GLOBAL_UNIT_ASSIGNED_CONTEXT ( ( #5453, #5425, #1573 ) ) REPRESENTATION_CONTEXT ( 'NONE', 'WORKASPACE' ) );
#1087 =( GEOMETRIC_REPRESENTATION_CONTEXT ( 3 ) GLOBAL_UNCERTAINTY_ASSIGNED_CONTEXT ( ( #5294 ) ) GLOBAL_UNIT_ASSIGNED_CONTEXT ( ( #747, #4638, #268 ) ) REPRESENTATION_CONTEXT ( 'NONE', 'WORKASPACE' ) );
#1088 = CARTESIAN_POINT ( 'NONE',  ( -3.760903562883207747E-14, 7.087500000000000355, 42.06036481966498997 ) ) ;
#1089 = ORIENTED_EDGE ( 'NONE', *, *, #57, .T. ) ;
#1090 = VERTEX_POINT ( 'NONE', #1655 ) ;
#1091 = CARTESIAN_POINT ( 'NONE',  ( -8.697442606477096660, 22.58500000000000441, 100.4247610628856364 ) ) ;
#1092 = EDGE_CURVE ( 'NONE', #4429, #2530, #5889, .T. ) ;
#1093 = STYLED_ITEM ( 'NONE', ( #1911 ), #5235 ) ;
#1094 = PRESENTATION_STYLE_ASSIGNMENT (( #1990 ) ) ;
#1095 = SURFACE_SIDE_STYLE ('',( #3009 ) ) ;
#1096 = MECHANICAL_DESIGN_GEOMETRIC_PRESENTATION_REPRESENTATION (  '', ( #2721 ), #1304 ) ;
#1097 = CARTESIAN_POINT ( 'NONE',  ( 1.180338374031882465, 29.15999999999973369, 44.38319912629160768 ) ) ;
#1098 = ORIENTED_EDGE ( 'NONE', *, *, #1962, .T. ) ;
#1099 = CARTESIAN_POINT ( 'NONE',  ( -2.004658496915048715, 18.77287067820664390, 83.57989916348375914 ) ) ;
#1100 = MECHANICAL_DESIGN_GEOMETRIC_PRESENTATION_REPRESENTATION (  '', ( #2532 ), #6086 ) ;
#1101 = EDGE_CURVE ( 'NONE', #699, #1360, #3629, .T. ) ;
#1102 = CARTESIAN_POINT ( 'NONE',  ( -0.5829063351983443386, 1.876390574604613892, 85.94218487054497757 ) ) ;
#1103 = CARTESIAN_POINT ( 'NONE',  ( -7.796249999999988134, 20.66507558980253023, 101.7193039876324008 ) ) ;
#1104 = CARTESIAN_POINT ( 'NONE',  ( 20.25000000000000000, 0.000000000000000000, 0.000000000000000000 ) ) ;
#1105 = VERTEX_POINT ( 'NONE', #3593 ) ;
#1106 = CARTESIAN_POINT ( 'NONE',  ( 1.012499999999961542, -4.050000000000002487, 95.03213518033500407 ) ) ;
#1107 = VECTOR ( 'NONE', #997, 1000.000000000000114 ) ;
#1108 = FILL_AREA_STYLE_COLOUR ( '', #3132 ) ;
#1109 = FACE_OUTER_BOUND ( 'NONE', #5281, .T. ) ;
#1110 = MECHANICAL_DESIGN_GEOMETRIC_PRESENTATION_REPRESENTATION (  '', ( #4070 ), #12 ) ;
#1111 = SURFACE_SIDE_STYLE ('',( #1502 ) ) ;
#1112 = CARTESIAN_POINT ( 'NONE',  ( 8.099999999999999645, -3.037499999999999645, 46.47375000000000256 ) ) ;
#1113 = PRESENTATION_STYLE_ASSIGNMENT (( #734 ) ) ;
#1114 =( GEOMETRIC_REPRESENTATION_CONTEXT ( 3 ) GLOBAL_UNCERTAINTY_ASSIGNED_CONTEXT ( ( #320 ) ) GLOBAL_UNIT_ASSIGNED_CONTEXT ( ( #4122, #6055, #5546 ) ) REPRESENTATION_CONTEXT ( 'NONE', 'WORKASPACE' ) );
#1115 = CARTESIAN_POINT ( 'NONE',  ( 10.62500000000000000, 28.14749999999999019, 96.25054039609378265 ) ) ;
#1116 = CIRCLE ( 'NONE', #3356, 11.13749999999999751 ) ;
#1117 = FILL_AREA_STYLE ('',( #4053 ) ) ;
#1118 = PRESENTATION_LAYER_ASSIGNMENT (  '', '', ( #6000 ) ) ;
#1119 = DIRECTION ( 'NONE',  ( 0.000000000000000000, 0.000000000000000000, -1.000000000000000000 ) ) ;
#1120 = STYLED_ITEM ( 'NONE', ( #5534 ), #1168 ) ;
#1121 = ORIENTED_EDGE ( 'NONE', *, *, #5570, .F. ) ;
#1122 = VERTEX_POINT ( 'NONE', #549 ) ;
#1123 = CARTESIAN_POINT ( 'NONE',  ( -8.457542103933816335, 22.58500000000000085, 100.7440388352560348 ) ) ;
#1124 = PRESENTATION_STYLE_ASSIGNMENT (( #6029 ) ) ;
#1125 = PRESENTATION_LAYER_ASSIGNMENT (  '', '', ( #3059 ) ) ;
#1126 = CARTESIAN_POINT ( 'NONE',  ( -5.973749999999989235, 23.85999999999999233, 35.35247501224862532 ) ) ;
#1127 = DIRECTION ( 'NONE',  ( 1.000000000000000000, -4.510281037539689201E-17, 2.636779683484745304E-16 ) ) ;
#1128 = CARTESIAN_POINT ( 'NONE',  ( 1.697147183542688120, 29.15999999999999304, 41.65425124089031783 ) ) ;
#1129 = ORIENTED_EDGE ( 'NONE', *, *, #1056, .F. ) ;
#1130 = CARTESIAN_POINT ( 'NONE',  ( -1.765742458572071127, 20.29923234322268399, 84.08563455839706080 ) ) ;
#1131 = PLANE ( 'NONE',  #2688 ) ;
#1132 = LINE ( 'NONE', #5529, #5758 ) ;
#1133 = EDGE_CURVE ( 'NONE', #4519, #4803, #1076, .T. ) ;
#1134 = CARTESIAN_POINT ( 'NONE',  ( 10.12500000000004441, -3.789990351672264168, 98.40561698035395466 ) ) ;
#1135 = VERTEX_POINT ( 'NONE', #3021 ) ;
#1136 = CARTESIAN_POINT ( 'NONE',  ( 32.92873889984931424, 29.16000000000018133, 23.69249999999998835 ) ) ;
#1137 = EDGE_CURVE ( 'NONE', #1752, #5014, #1679, .T. ) ;
#1138 = B_SPLINE_CURVE_WITH_KNOTS ( 'NONE', 3,
 ( #1898, #446, #1326, #340, #78, #374, #4278, #3819, #3302, #1835, #3753, #3787, #5723, #4238, #553, #2490, #6160, #5252, #5752, #1054, #1388, #1355, #1796, #882, #2382, #2815 ),
 .UNSPECIFIED., .F., .F.,
 ( 4, 2, 2, 2, 2, 2, 2, 2, 2, 2, 2, 2, 4 ),
 ( 4.753308490794026863E-07, 0.0003694124839657745261, 0.0007383496370824695846, 0.001107286790199164643, 0.001476223943315859918, 0.002214098249549230086, 0.002951972555782600687, 0.003689846862015971288, 0.004058784015132656589, 0.004427721168249340589, 0.004796658321366025456, 0.005165595474482709455, 0.005903469780716076587 ),
 .UNSPECIFIED. ) ;
#1139 = CARTESIAN_POINT ( 'NONE',  ( 10.62500000000000000, 28.90437868051552783, 98.42483611763802287 ) ) ;
#1140 = DIRECTION ( 'NONE',  ( -0.000000000000000000, -0.000000000000000000, 1.000000000000000000 ) ) ;
#1141 = CARTESIAN_POINT ( 'NONE',  ( 1.012499999999578959, -3.037499999999885958, 46.47374999999998124 ) ) ;
#1142 = CARTESIAN_POINT ( 'NONE',  ( 1.012499999999961542, -4.050000000000006928, 23.69249999999998835 ) ) ;
#1143 = ORIENTED_EDGE ( 'NONE', *, *, #3510, .T. ) ;
#1144 = FACE_OUTER_BOUND ( 'NONE', #4936, .T. ) ;
#1145 = CARTESIAN_POINT ( 'NONE',  ( -5.973749999999999893, 10.93500000000000050, 110.3624999999999829 ) ) ;
#1146 = DIRECTION ( 'NONE',  ( 0.000000000000000000, 1.000000000000000000, 0.000000000000000000 ) ) ;
#1147 = CARTESIAN_POINT ( 'NONE',  ( 10.62500000000000000, -3.621089756750340616, 97.66761197181881471 ) ) ;
#1148 = ORIENTED_EDGE ( 'NONE', *, *, #5031, .T. ) ;
#1149 = CARTESIAN_POINT ( 'NONE',  ( -8.900463006226539520, 22.34905535377903618, 92.48541052205679591 ) ) ;
#1150 = ORIENTED_EDGE ( 'NONE', *, *, #5464, .F. ) ;
#1151 = CARTESIAN_POINT ( 'NONE',  ( 1.931153318147863729, 28.14749999999998664, 46.40873410172360991 ) ) ;
#1152 = FACE_OUTER_BOUND ( 'NONE', #1384, .T. ) ;
#1153 = PRESENTATION_LAYER_ASSIGNMENT (  '', '', ( #758 ) ) ;
#1154 = CARTESIAN_POINT ( 'NONE',  ( 1.242034969776134146, -4.050000000000007816, 42.01593079085468929 ) ) ;
#1155 = LINE ( 'NONE', #3098, #5161 ) ;
#1156 = CARTESIAN_POINT ( 'NONE',  ( 1.041755643827331657, 29.15999999999999304, 42.06036480884841211 ) ) ;
#1157 = VERTEX_POINT ( 'NONE', #6109 ) ;
#1158 = B_SPLINE_CURVE_WITH_KNOTS ( 'NONE', 3,
 ( #2406, #1890, #5777, #4832, #5245, #5212, #1446, #1412, #4306, #5717, #6226, #1924, #367, #6294, #4735, #3386, #907, #2376, #3782, #470 ),
 .UNSPECIFIED., .F., .F.,
 ( 4, 2, 2, 2, 2, 2, 2, 2, 2, 4 ),
 ( 0.000000000000000000, 0.0003499984973325641477, 0.0006999969946651282953, 0.001399993989330257241, 0.002799987978660514482, 0.004199981967990771940, 0.005599975957321031567, 0.008399963935981549085, 0.009799957925311816517, 0.01119995191464208222 ),
 .UNSPECIFIED. ) ;
#1159 = PRESENTATION_LAYER_ASSIGNMENT (  '', '', ( #55 ) ) ;
#1160 = LINE ( 'NONE', #4586, #1543 ) ;
#1161 = DIRECTION ( 'NONE',  ( 0.000000000000000000, 0.7071067811865474617, -0.7071067811865474617 ) ) ;
#1162 = CIRCLE ( 'NONE', #4445, 10.12500000000000000 ) ;
#1163 = CARTESIAN_POINT ( 'NONE',  ( 10.12500000000000000, -3.037499999999999645, 96.25054039609395318 ) ) ;
#1164 = ORIENTED_EDGE ( 'NONE', *, *, #3154, .F. ) ;
#1165 = FACE_OUTER_BOUND ( 'NONE', #3170, .T. ) ;
#1166 = AXIS2_PLACEMENT_3D ( 'NONE', #6001, #5113, #745 ) ;
#1167 = CARTESIAN_POINT ( 'NONE',  ( -9.456060323096851405, 21.81386583294316139, 42.35367681104469995 ) ) ;
#1168 = ADVANCED_FACE ( 'NONE', ( #4622 ), #319, .F. ) ;
#1169 = EDGE_CURVE ( 'NONE', #5996, #5466, #4204, .T. ) ;
#1170 = CARTESIAN_POINT ( 'NONE',  ( 20.25000000000000000, 3.037499999999999645, -1.713913789117811707E-15 ) ) ;
#1171 = CARTESIAN_POINT ( 'NONE',  ( 4.925878795894520046, -4.050000000000032685, 44.45556786170796215 ) ) ;
#1172 = EDGE_CURVE ( 'NONE', #1135, #5728, #1236, .T. ) ;
#1173 = STYLED_ITEM ( 'NONE', ( #3265 ), #3046 ) ;
#1174 = UNCERTAINTY_MEASURE_WITH_UNIT (LENGTH_MEASURE( 1.000000000000000082E-05 ), #2188, 'distance_accuracy_value', 'NONE');
#1175 = PLANE ( 'NONE',  #1503 ) ;
#1176 = DIRECTION ( 'NONE',  ( 1.000000000000000000, 0.000000000000000000, 0.000000000000000000 ) ) ;
#1177 = DIRECTION ( 'NONE',  ( 1.000000000000000000, 0.000000000000000000, 0.000000000000000000 ) ) ;
#1178 = MECHANICAL_DESIGN_GEOMETRIC_PRESENTATION_REPRESENTATION (  '', ( #5876 ), #5762 ) ;
#1179 =( GEOMETRIC_REPRESENTATION_CONTEXT ( 3 ) GLOBAL_UNCERTAINTY_ASSIGNED_CONTEXT ( ( #6241 ) ) GLOBAL_UNIT_ASSIGNED_CONTEXT ( ( #1586, #573, #3979 ) ) REPRESENTATION_CONTEXT ( 'NONE', 'WORKASPACE' ) );
#1180 = LINE ( 'NONE', #3120, #4014 ) ;
#1181 = DIRECTION ( 'NONE',  ( -0.000000000000000000, -0.000000000000000000, 1.000000000000000000 ) ) ;
#1182 = ADVANCED_FACE ( 'NONE', ( #2258 ), #6133, .T. ) ;
#1183 = DIRECTION ( 'NONE',  ( -1.000000000000000000, 0.000000000000000000, 0.000000000000000000 ) ) ;
#1184 = VERTEX_POINT ( 'NONE', #4819 ) ;
#1185 = FILL_AREA_STYLE ('',( #260 ) ) ;
#1186 = ORIENTED_EDGE ( 'NONE', *, *, #1684, .T. ) ;
#1187 = COLOUR_RGB ( '',0.1019607843137254888, 0.1019607843137254888, 0.1019607843137254888 ) ;
#1188 = SURFACE_STYLE_FILL_AREA ( #4158 ) ;
#1189 = STYLED_ITEM ( 'NONE', ( #2596 ), #4033 ) ;
#1190 = PRESENTATION_STYLE_ASSIGNMENT (( #6030 ) ) ;
#1191 = DIRECTION ( 'NONE',  ( 1.000000000000000000, 0.000000000000000000, 0.000000000000000000 ) ) ;
#1192 = CARTESIAN_POINT ( 'NONE',  ( 2.450132085366272694, 29.16000000000000014, 40.77120253898764446 ) ) ;
#1193 = ORIENTED_EDGE ( 'NONE', *, *, #1916, .T. ) ;
#1194 = STYLED_ITEM ( 'NONE', ( #6019 ), #5194 ) ;
#1195 = DIRECTION ( 'NONE',  ( -2.775557561562890365E-16, 1.885568995626964780E-16, 1.000000000000000000 ) ) ;
#1196 =( NAMED_UNIT ( * ) PLANE_ANGLE_UNIT ( ) SI_UNIT ( $, .RADIAN. ) );
#1197 = LINE ( 'NONE', #3204, #2198 ) ;
#1198 = UNCERTAINTY_MEASURE_WITH_UNIT (LENGTH_MEASURE( 1.000000000000000082E-05 ), #575, 'distance_accuracy_value', 'NONE');
#1199 = CARTESIAN_POINT ( 'NONE',  ( 1.697147183542702997, 29.16000000000000014, 95.43824875910965488 ) ) ;
#1200 = ORIENTED_EDGE ( 'NONE', *, *, #5891, .F. ) ;
#1201 = SURFACE_SIDE_STYLE ('',( #5506 ) ) ;
#1202 = AXIS2_PLACEMENT_3D ( 'NONE', #2039, #4046, #130 ) ;
#1203 = CARTESIAN_POINT ( 'NONE',  ( -8.838997375152164437, 23.21910286518180300, 42.11048611669141195 ) ) ;
#1204 = CARTESIAN_POINT ( 'NONE',  ( 5.624831523288344570, -1.933457172800433943, 46.47374994800554049 ) ) ;
#1205 = PRESENTATION_LAYER_ASSIGNMENT (  '', '', ( #2344 ) ) ;
#1206 = FILL_AREA_STYLE_COLOUR ( '', #6183 ) ;
#1207 = CARTESIAN_POINT ( 'NONE',  ( -8.965642494058034373, 22.97103427826190725, 41.99711767702064691 ) ) ;
#1208 = CARTESIAN_POINT ( 'NONE',  ( -1.773118248389536911, 4.843096483889144821, 53.02147593872432907 ) ) ;
#1209 = CARTESIAN_POINT ( 'NONE',  ( -101.2500000000000000, 0.000000000000000000, 91.12500000000000000 ) ) ;
#1210 = FILL_AREA_STYLE_COLOUR ( '', #5801 ) ;
#1211 = DIRECTION ( 'NONE',  ( -3.212450881438532241E-16, -1.000000000000000000, 0.000000000000000000 ) ) ;
#1212 = DIRECTION ( 'NONE',  ( 2.498001805406605174E-16, 0.000000000000000000, -1.000000000000000000 ) ) ;
#1213 = PRESENTATION_LAYER_ASSIGNMENT (  '', '', ( #2641 ) ) ;
#1214 = ORIENTED_EDGE ( 'NONE', *, *, #4570, .F. ) ;
#1215 = EDGE_CURVE ( 'NONE', #4057, #1157, #36, .T. ) ;
#1216 = STYLED_ITEM ( 'NONE', ( #5859 ), #721 ) ;
#1217 =( LENGTH_UNIT ( ) NAMED_UNIT ( * ) SI_UNIT ( .MILLI., .METRE. ) );
#1218 = VERTEX_POINT ( 'NONE', #2387 ) ;
#1219 = DIRECTION ( 'NONE',  ( 0.000000000000000000, 1.000000000000000000, 0.000000000000000000 ) ) ;
#1220 = CARTESIAN_POINT ( 'NONE',  ( 1.070778906248776918, -4.050000000000001599, 95.03475944039672640 ) ) ;
#1221 = ADVANCED_FACE ( 'NONE', ( #1845 ), #115, .T. ) ;
#1222 = AXIS2_PLACEMENT_3D ( 'NONE', #6140, #5232, #6084 ) ;
#1223 = CARTESIAN_POINT ( 'NONE',  ( 1.012499999999955547, -3.037500000000042721, 23.69249999999998835 ) ) ;
#1224 = ORIENTED_EDGE ( 'NONE', *, *, #6166, .F. ) ;
#1225 = CARTESIAN_POINT ( 'NONE',  ( 9.275647114868347032, 29.16000000000003922, 36.49957854212913588 ) ) ;
#1226 = VERTEX_POINT ( 'NONE', #947 ) ;
#1227 = AXIS2_PLACEMENT_3D ( 'NONE', #4942, #3563, #99 ) ;
#1228 =( GEOMETRIC_REPRESENTATION_CONTEXT ( 3 ) GLOBAL_UNCERTAINTY_ASSIGNED_CONTEXT ( ( #6145 ) ) GLOBAL_UNIT_ASSIGNED_CONTEXT ( ( #1362, #1906, #3277 ) ) REPRESENTATION_CONTEXT ( 'NONE', 'WORKASPACE' ) );
#1229 = FACE_OUTER_BOUND ( 'NONE', #1645, .T. ) ;
#1230 = CARTESIAN_POINT ( 'NONE',  ( -8.679897040473880665, 2.298643374214521362, 92.47748935532169412 ) ) ;
#1231 = SURFACE_STYLE_USAGE ( .BOTH. , #3686 ) ;
#1232 = CARTESIAN_POINT ( 'NONE',  ( 7.127597562414309529, 26.10511756943384043, 90.61874997017118005 ) ) ;
#1233 = LINE ( 'NONE', #5125, #1905 ) ;
#1234 = ORIENTED_EDGE ( 'NONE', *, *, #991, .F. ) ;
#1235 = CARTESIAN_POINT ( 'NONE',  ( 0.000000000000000000, 1.580766767483863887E-14, -3.037499999999999645 ) ) ;
#1236 = LINE ( 'NONE', #2726, #3155 ) ;
#1237 = DIRECTION ( 'NONE',  ( -0.000000000000000000, -0.000000000000000000, -1.000000000000000000 ) ) ;
#1238 = CARTESIAN_POINT ( 'NONE',  ( 3.246079154730380445, -2.802843615220085738, 46.47374989866637662 ) ) ;
#1239 = UNCERTAINTY_MEASURE_WITH_UNIT (LENGTH_MEASURE( 1.000000000000000082E-05 ), #3676, 'distance_accuracy_value', 'NONE');
#1240 =( NAMED_UNIT ( * ) PLANE_ANGLE_UNIT ( ) SI_UNIT ( $, .RADIAN. ) );
#1241 = LINE ( 'NONE', #4181, #799 ) ;
#1242 = CARTESIAN_POINT ( 'NONE',  ( -5.973749999999992788, 1.323342920529794754E-14, 110.3999999999999915 ) ) ;
#1243 = DIRECTION ( 'NONE',  ( 0.000000000000000000, 0.7071067811865461294, -0.7071067811865490160 ) ) ;
#1244 = DIRECTION ( 'NONE',  ( 3.212450881438532241E-16, 1.000000000000000000, 0.000000000000000000 ) ) ;
#1245 = VERTEX_POINT ( 'NONE', #1462 ) ;
#1246 = ORIENTED_EDGE ( 'NONE', *, *, #3879, .F. ) ;
#1247 = LINE ( 'NONE', #300, #5693 ) ;
#1248 = CARTESIAN_POINT ( 'NONE',  ( 20.25000000000000000, 28.14749999999999375, 0.000000000000000000 ) ) ;
#1249 = EDGE_CURVE ( 'NONE', #4855, #1184, #2885, .T. ) ;
#1250 = EDGE_CURVE ( 'NONE', #2110, #5996, #1876, .T. ) ;
#1251 = CARTESIAN_POINT ( 'NONE',  ( 6.567686363338145483, -4.049999999999973177, 37.34771208523952168 ) ) ;
#1252 = CARTESIAN_POINT ( 'NONE',  ( -10.11081388779038193, 6.507137749185793574, 37.89152680867481848 ) ) ;
#1253 = FILL_AREA_STYLE_COLOUR ( '', #2904 ) ;
#1254 = ORIENTED_EDGE ( 'NONE', *, *, #5496, .F. ) ;
#1255 = EDGE_CURVE ( 'NONE', #4788, #2638, #5548, .T. ) ;
#1256 = CARTESIAN_POINT ( 'NONE',  ( 3.293786375690824109, 29.16000000000000369, 39.81416014784285551 ) ) ;
#1257 = ORIENTED_EDGE ( 'NONE', *, *, #411, .F. ) ;
#1258 = FILL_AREA_STYLE_COLOUR ( '', #5896 ) ;
#1259 = CARTESIAN_POINT ( 'NONE',  ( 1.012499999999961542, -3.037499999999999645, 113.3999999999999915 ) ) ;
#1260 = CARTESIAN_POINT ( 'NONE',  ( -9.301681204662861191, 2.976415973245589708, 94.18836557350381611 ) ) ;
#1261 =( NAMED_UNIT ( * ) SI_UNIT ( $, .STERADIAN. ) SOLID_ANGLE_UNIT ( ) );
#1262 = CARTESIAN_POINT ( 'NONE',  ( 3.135276948311313649, 29.16000000000000369, 97.10923230674522699 ) ) ;
#1263 = EDGE_CURVE ( 'NONE', #720, #5895, #5000, .T. ) ;
#1264 = ORIENTED_EDGE ( 'NONE', *, *, #2466, .T. ) ;
#1265 = AXIS2_PLACEMENT_3D ( 'NONE', #5300, #3408, #2395 ) ;
#1266 = SURFACE_STYLE_USAGE ( .BOTH. , #2693 ) ;
#1267 = VECTOR ( 'NONE', #3341, 1000.000000000000000 ) ;
#1268 = PRESENTATION_STYLE_ASSIGNMENT (( #1301 ) ) ;
#1269 = UNCERTAINTY_MEASURE_WITH_UNIT (LENGTH_MEASURE( 1.000000000000000082E-05 ), #3350, 'distance_accuracy_value', 'NONE');
#1270 = CARTESIAN_POINT ( 'NONE',  ( 4.596204370570221798, -4.050000000000038902, 44.44057325408386561 ) ) ;
#1271 = STYLED_ITEM ( 'NONE', ( #572 ), #2391 ) ;
#1272 = DIRECTION ( 'NONE',  ( -0.7071067811865441310, -1.635512977795580099E-16, -0.7071067811865510144 ) ) ;
#1273 = FILL_AREA_STYLE_COLOUR ( '', #6206 ) ;
#1274 = CARTESIAN_POINT ( 'NONE',  ( 10.62500000000000000, 3.037499999999999645, 137.0924999999999727 ) ) ;
#1275 =( LENGTH_UNIT ( ) NAMED_UNIT ( * ) SI_UNIT ( .MILLI., .METRE. ) );
#1276 = VECTOR ( 'NONE', #4669, 1000.000000000000000 ) ;
#1277 = LINE ( 'NONE', #2735, #1593 ) ;
#1278 = ORIENTED_EDGE ( 'NONE', *, *, #1497, .F. ) ;
#1279 = ORIENTED_EDGE ( 'NONE', *, *, #1955, .F. ) ;
#1280 = CARTESIAN_POINT ( 'NONE',  ( 1.240646695224839835, -4.050000000000000711, 95.08127098124487020 ) ) ;
#1281 = VECTOR ( 'NONE', #3435, 1000.000000000000000 ) ;
#1282 = CARTESIAN_POINT ( 'NONE',  ( 1.776328546778614514, -4.050000000000003375, 41.57838433601980910 ) ) ;
#1283 = LINE ( 'NONE', #3231, #1697 ) ;
#1284 = SURFACE_STYLE_FILL_AREA ( #5088 ) ;
#1285 = ORIENTED_EDGE ( 'NONE', *, *, #2073, .F. ) ;
#1286 = CARTESIAN_POINT ( 'NONE',  ( 10.97997002584954984, 19.80774508130780731, 46.47374999973021659 ) ) ;
#1287 = VERTEX_POINT ( 'NONE', #5024 ) ;
#1288 = CARTESIAN_POINT ( 'NONE',  ( -7.796249999999990798, 21.97125000000000128, 35.60362543825130643 ) ) ;
#1289 = EDGE_CURVE ( 'NONE', #5014, #4068, #214, .T. ) ;
#1290 = STYLED_ITEM ( 'NONE', ( #4065 ), #4019 ) ;
#1291 = CARTESIAN_POINT ( 'NONE',  ( 9.239255802691680231, 28.14749999999999730, 96.04916967108503911 ) ) ;
#1292 = CARTESIAN_POINT ( 'NONE',  ( 10.62500000000000000, 0.000000000000000000, 134.0549999999999784 ) ) ;
#1293 = FILL_AREA_STYLE_COLOUR ( '', #3419 ) ;
#1294 = CARTESIAN_POINT ( 'NONE',  ( 2.227799725877294801, 29.16000000000000369, 96.05286042999429696 ) ) ;
#1295 = ORIENTED_EDGE ( 'NONE', *, *, #5499, .F. ) ;
#1296 = PRESENTATION_LAYER_ASSIGNMENT (  '', '', ( #5274 ) ) ;
#1297 = EDGE_CURVE ( 'NONE', #3671, #5426, #6081, .T. ) ;
#1298 = CARTESIAN_POINT ( 'NONE',  ( -9.477431967761448917, 21.74405054442708618, 42.45532033248970549 ) ) ;
#1299 = CIRCLE ( 'NONE', #5672, 10.12500000000000178 ) ;
#1300 = PRODUCT ( 'ML_MirrorBACKUPLV3PROTOTYPE__Default__3512C4B7A64D', 'ML_MirrorBACKUPLV3PROTOTYPE__Default__3512C4B7A64D', '', ( #5362 ) ) ;
#1301 = SURFACE_STYLE_USAGE ( .BOTH. , #4107 ) ;
#1302 = CARTESIAN_POINT ( 'NONE',  ( 4.365973800552260364, -2.468690534342472098, 46.47374996605317676 ) ) ;
#1303 = CARTESIAN_POINT ( 'NONE',  ( -1.969887675750904066, 19.07782160174479102, 53.43530749680332548 ) ) ;
#1304 =( GEOMETRIC_REPRESENTATION_CONTEXT ( 3 ) GLOBAL_UNCERTAINTY_ASSIGNED_CONTEXT ( ( #3661 ) ) GLOBAL_UNIT_ASSIGNED_CONTEXT ( ( #5702, #5733, #4795 ) ) REPRESENTATION_CONTEXT ( 'NONE', 'WORKASPACE' ) );
#1305 = DIRECTION ( 'NONE',  ( 0.000000000000000000, -2.557080595484679171E-18, 1.000000000000000000 ) ) ;
#1306 = CARTESIAN_POINT ( 'NONE',  ( -1.709311365119154935, 4.577203277436214357, 52.89670187632122378 ) ) ;
#1307 =( LENGTH_UNIT ( ) NAMED_UNIT ( * ) SI_UNIT ( .MILLI., .METRE. ) );
#1308 = MECHANICAL_DESIGN_GEOMETRIC_PRESENTATION_REPRESENTATION (  '', ( #5477 ), #96 ) ;
#1309 = CARTESIAN_POINT ( 'NONE',  ( 1.012499999999955547, 28.14749999999999375, 137.0924999999999727 ) ) ;
#1310 = ORIENTED_EDGE ( 'NONE', *, *, #1101, .T. ) ;
#1311 = CARTESIAN_POINT ( 'NONE',  ( 10.62500000000000000, 28.48043086460504725, 96.94745616557155188 ) ) ;
#1312 = ORIENTED_EDGE ( 'NONE', *, *, #2044, .T. ) ;
#1313 = CARTESIAN_POINT ( 'NONE',  ( 0.000000000000000000, 0.000000000000000000, 23.69249999999999901 ) ) ;
#1314 = CARTESIAN_POINT ( 'NONE',  ( 1.697147183543783022, -4.049999999999998934, 95.43824875911089123 ) ) ;
#1315 = COLOUR_RGB ( '',0.1019607843137254888, 0.1019607843137254888, 0.1019607843137254888 ) ;
#1316 = VECTOR ( 'NONE', #685, 1000.000000000000000 ) ;
#1317 =( NAMED_UNIT ( * ) SI_UNIT ( $, .STERADIAN. ) SOLID_ANGLE_UNIT ( ) );
#1318 = PRESENTATION_LAYER_ASSIGNMENT (  '', '', ( #1216 ) ) ;
#1319 = CARTESIAN_POINT ( 'NONE',  ( 31.87499999999997868, 22.64999999973041511, 93.52500000006155290 ) ) ;
#1320 = FILL_AREA_STYLE_COLOUR ( '', #3950 ) ;
#1321 = VERTEX_POINT ( 'NONE', #1259 ) ;
#1322 = CARTESIAN_POINT ( 'NONE',  ( 10.95482697017948048, 29.15999999999925052, 46.13517350621428648 ) ) ;
#1323 = ORIENTED_EDGE ( 'NONE', *, *, #6121, .T. ) ;
#1324 =( NAMED_UNIT ( * ) SI_UNIT ( $, .STERADIAN. ) SOLID_ANGLE_UNIT ( ) );
#1325 = STYLED_ITEM ( 'NONE', ( #4255 ), #873 ) ;
#1326 = CARTESIAN_POINT ( 'NONE',  ( -9.273880718784530686, 2.817293159284497417, 42.18043381784089263 ) ) ;
#1327 = STYLED_ITEM ( 'NONE', ( #1973 ), #6040 ) ;
#1328 = CARTESIAN_POINT ( 'NONE',  ( 2.308688586929235509, 29.15999999999979764, 92.70366962025885016 ) ) ;
#1329 = CARTESIAN_POINT ( 'NONE',  ( 32.92873889984950608, -3.037499999999849543, 23.69249999999998835 ) ) ;
#1330 = AXIS2_PLACEMENT_3D ( 'NONE', #3407, #4423, #42 ) ;
#1331 = LINE ( 'NONE', #3338, #6283 ) ;
#1332 = EDGE_LOOP ( 'NONE', ( #2716, #3900, #3712, #5647, #2086 ) ) ;
#1333 = CARTESIAN_POINT ( 'NONE',  ( -0.1679576574638577957, 23.86690593166304808, 86.45615548308079212 ) ) ;
#1334 = EDGE_CURVE ( 'NONE', #3785, #3784, #1669, .T. ) ;
#1335 = UNCERTAINTY_MEASURE_WITH_UNIT (LENGTH_MEASURE( 1.000000000000000082E-05 ), #5682, 'distance_accuracy_value', 'NONE');
#1336 = CARTESIAN_POINT ( 'NONE',  ( 5.425044474223389201, -4.049999999999979394, 38.02530419713622223 ) ) ;
#1337 = EDGE_CURVE ( 'NONE', #2487, #4519, #3585, .T. ) ;
#1338 = FACE_OUTER_BOUND ( 'NONE', #3638, .T. ) ;
#1339 = CARTESIAN_POINT ( 'NONE',  ( 20.25000000000000000, -3.037499999999999645, 0.000000000000000000 ) ) ;
#1340 = LINE ( 'NONE', #3282, #3781 ) ;
#1341 = SURFACE_STYLE_FILL_AREA ( #2828 ) ;
#1342 = CARTESIAN_POINT ( 'NONE',  ( 1.012499999999999956, 7.087500000000000355, -4.805530973150956219E-15 ) ) ;
#1343 = CARTESIAN_POINT ( 'NONE',  ( 10.12500000000000000, -3.037499999999999645, 96.25054039609395318 ) ) ;
#1344 = EDGE_LOOP ( 'NONE', ( #3609, #4951, #5553, #4450 ) ) ;
#1345 = DIRECTION ( 'NONE',  ( 0.000000000000000000, 0.000000000000000000, -1.000000000000000000 ) ) ;
#1346 = VERTEX_POINT ( 'NONE', #3201 ) ;
#1347 = CARTESIAN_POINT ( 'NONE',  ( 3.480726024205561764, -4.050000000000003375, 92.68515870431986059 ) ) ;
#1348 = CARTESIAN_POINT ( 'NONE',  ( -5.973749999999985683, 22.64999999973042577, 92.47500000006156995 ) ) ;
#1349 = LINE ( 'NONE', #5309, #5870 ) ;
#1350 =( NAMED_UNIT ( * ) PLANE_ANGLE_UNIT ( ) SI_UNIT ( $, .RADIAN. ) );
#1351 = ORIENTED_EDGE ( 'NONE', *, *, #6282, .F. ) ;
#1352 = LINE ( 'NONE', #4369, #888 ) ;
#1353 = ORIENTED_EDGE ( 'NONE', *, *, #3761, .F. ) ;
#1354 = FILL_AREA_STYLE ('',( #5751 ) ) ;
#1355 = CARTESIAN_POINT ( 'NONE',  ( -8.364308622498853651, 1.120866263083337921, 42.75816813259613980 ) ) ;
#1356 = CARTESIAN_POINT ( 'NONE',  ( 6.586528197849438451E-16, 28.09674780070452371, 113.4000000000000057 ) ) ;
#1357 = DIRECTION ( 'NONE',  ( 1.000000000000000000, 0.000000000000000000, 0.000000000000000000 ) ) ;
#1358 = FACE_OUTER_BOUND ( 'NONE', #4393, .T. ) ;
#1359 = PLANE ( 'NONE',  #3564 ) ;
#1360 = VERTEX_POINT ( 'NONE', #4205 ) ;
#1361 =( GEOMETRIC_REPRESENTATION_CONTEXT ( 3 ) GLOBAL_UNCERTAINTY_ASSIGNED_CONTEXT ( ( #2705 ) ) GLOBAL_UNIT_ASSIGNED_CONTEXT ( ( #5683, #5216, #1420 ) ) REPRESENTATION_CONTEXT ( 'NONE', 'WORKASPACE' ) );
#1362 =( LENGTH_UNIT ( ) NAMED_UNIT ( * ) SI_UNIT ( .MILLI., .METRE. ) );
#1363 = CARTESIAN_POINT ( 'NONE',  ( -5.973749999999999893, 4.257378185336581803E-15, 91.12500000000000000 ) ) ;
#1364 = SURFACE_STYLE_FILL_AREA ( #4539 ) ;
#1365 = COLOUR_RGB ( '',0.1019607843137254888, 0.1019607843137254888, 0.1019607843137254888 ) ;
#1366 = CARTESIAN_POINT ( 'NONE',  ( 10.76453242201852767, -4.049999999999545075, 45.90695847911891292 ) ) ;
#1367 = CARTESIAN_POINT ( 'NONE',  ( -1.632285021921902946, 20.83680617952041914, 52.74702821639538541 ) ) ;
#1368 = SURFACE_STYLE_USAGE ( .BOTH. , #1851 ) ;
#1369 =( NAMED_UNIT ( * ) PLANE_ANGLE_UNIT ( ) SI_UNIT ( $, .RADIAN. ) );
#1370 = EDGE_CURVE ( 'NONE', #2063, #3868, #6008, .T. ) ;
#1371 = EDGE_CURVE ( 'NONE', #3814, #360, #3612, .T. ) ;
#1372 = CIRCLE ( 'NONE', #248, 11.13749999999999751 ) ;
#1373 = CARTESIAN_POINT ( 'NONE',  ( 10.62500000000000000, -3.037499999999999645, 23.69249999999998835 ) ) ;
#1374 =( NAMED_UNIT ( * ) SI_UNIT ( $, .STERADIAN. ) SOLID_ANGLE_UNIT ( ) );
#1375 = EDGE_CURVE ( 'NONE', #699, #4908, #1160, .T. ) ;
#1376 = ORIENTED_EDGE ( 'NONE', *, *, #2144, .F. ) ;
#1377 = ORIENTED_EDGE ( 'NONE', *, *, #3251, .F. ) ;
#1378 = CARTESIAN_POINT ( 'NONE',  ( 1.012499999999967315, -3.037499999999999645, 90.61874999999999147 ) ) ;
#1379 = CARTESIAN_POINT ( 'NONE',  ( 7.614788988108525558, -4.049999999999658762, 92.38505025951582184 ) ) ;
#1380 = EDGE_CURVE ( 'NONE', #2831, #360, #2685, .T. ) ;
#1381 =( LENGTH_UNIT ( ) NAMED_UNIT ( * ) SI_UNIT ( .MILLI., .METRE. ) );
#1382 =( NAMED_UNIT ( * ) SI_UNIT ( $, .STERADIAN. ) SOLID_ANGLE_UNIT ( ) );
#1383 = VERTEX_POINT ( 'NONE', #6034 ) ;
#1384 = EDGE_LOOP ( 'NONE', ( #3902, #2797, #3993, #3805, #5188, #3750, #919, #4272, #5822, #4319, #4431, #6295, #5016 ) ) ;
#1385 = PRESENTATION_LAYER_ASSIGNMENT (  '', '', ( #3521 ) ) ;
#1386 = CARTESIAN_POINT ( 'NONE',  ( 2.648525788204025400, -3.037500000000000533, 46.19994806708003665 ) ) ;
#1387 = FILL_AREA_STYLE_COLOUR ( '', #5985 ) ;
#1388 = CARTESIAN_POINT ( 'NONE',  ( -8.322849903881900602, 1.092837041969577871, 43.00231964881091073 ) ) ;
#1389 = MECHANICAL_DESIGN_GEOMETRIC_PRESENTATION_REPRESENTATION (  '', ( #2802 ), #2908 ) ;
#1390 = STYLED_ITEM ( 'NONE', ( #3908 ), #3560 ) ;
#1391 = SURFACE_SIDE_STYLE ('',( #3789 ) ) ;
#1392 = CARTESIAN_POINT ( 'NONE',  ( 3.293786375690841428, 29.16000000000000725, 97.27833985215791301 ) ) ;
#1393 = LINE ( 'NONE', #379, #3259 ) ;
#1394 = FILL_AREA_STYLE_COLOUR ( '', #6172 ) ;
#1395 = ORIENTED_EDGE ( 'NONE', *, *, #2466, .F. ) ;
#1396 = LINE ( 'NONE', #6209, #2292 ) ;
#1397 = CIRCLE ( 'NONE', #2114, 11.13749999999999396 ) ;
#1398 = CYLINDRICAL_SURFACE ( 'NONE', #2410, 3.000000000000000888 ) ;
#1399 = UNCERTAINTY_MEASURE_WITH_UNIT (LENGTH_MEASURE( 1.000000000000000082E-05 ), #3272, 'distance_accuracy_value', 'NONE');
#1400 =( GEOMETRIC_REPRESENTATION_CONTEXT ( 3 ) GLOBAL_UNCERTAINTY_ASSIGNED_CONTEXT ( ( #3437 ) ) GLOBAL_UNIT_ASSIGNED_CONTEXT ( ( #649, #1545, #1982 ) ) REPRESENTATION_CONTEXT ( 'NONE', 'WORKASPACE' ) );
#1401 = CARTESIAN_POINT ( 'NONE',  ( 9.216604350571397930, -4.049999999999956302, 45.07821353877685766 ) ) ;
#1402 = CARTESIAN_POINT ( 'NONE',  ( -0.2290018013148436282, 23.77954725415895965, 50.70936935077195784 ) ) ;
#1403 = FACE_OUTER_BOUND ( 'NONE', #5056, .T. ) ;
#1404 = LINE ( 'NONE', #459, #3874 ) ;
#1405 = CLOSED_SHELL ( 'NONE', ( #4326, #3987, #1455, #4228, #141, #4142, #679, #2582, #134, #5704, #4019, #1182, #4185, #2189, #3046, #2030, #4187, #904, #4648, #5235, #4961, #2587, #26, #1221, #3560, #4768, #1681, #5811, #4697, #1029, #986, #324, #5783, #2435, #2391, #5196, #1487, #5692, #801, #4770, #5655, #4467, #1577, #4392, #449, #675, #6117, #2813, #1168, #3440, #165, #414, #793, #326, #526, #3799, #3354, #1564, #246, #6291, #205, #288, #5528, #602, #4407, #6040, #5194, #1761, #873, #3203, #4614, #4844, #5957, #5352, #5230, #3751, #4105, #3010, #3672, #1654, #361, #489, #5428, #3433, #4097, #3954, #6075, #4235, #721, #3588, #4657, #1028, #4847, #644, #4646, #3200, #5149, #131, #5384, #2768, #30, #4856, #3796, #634, #4574, #6205, #1613, #3243, #4033, #2106, #3318, #6037 ) ) ;
#1406 = VERTEX_POINT ( 'NONE', #5555 ) ;
#1407 = DIRECTION ( 'NONE',  ( -1.000000000000000000, 3.212450881438532241E-16, 0.000000000000000000 ) ) ;
#1408 = ORIENTED_EDGE ( 'NONE', *, *, #3278, .F. ) ;
#1409 = CARTESIAN_POINT ( 'NONE',  ( 8.801213444043872514, 0.6120531126669931377, 90.61874999059456570 ) ) ;
#1410 =( NAMED_UNIT ( * ) SI_UNIT ( $, .STERADIAN. ) SOLID_ANGLE_UNIT ( ) );
#1411 = EDGE_CURVE ( 'NONE', #1732, #472, #3684, .T. ) ;
#1412 = CARTESIAN_POINT ( 'NONE',  ( 2.369239150974349783, 29.16000000000000369, 96.22025408137909608 ) ) ;
#1413 = PRESENTATION_STYLE_ASSIGNMENT (( #1863 ) ) ;
#1414 = ORIENTED_EDGE ( 'NONE', *, *, #372, .T. ) ;
#1415 = PRESENTATION_LAYER_ASSIGNMENT (  '', '', ( #2534 ) ) ;
#1416 = CARTESIAN_POINT ( 'NONE',  ( 11.06798640584921323, 29.16000000000004633, 46.37736314359221268 ) ) ;
#1417 = VERTEX_POINT ( 'NONE', #6068 ) ;
#1418 = EDGE_CURVE ( 'NONE', #4119, #4633, #5335, .T. ) ;
#1419 = SURFACE_STYLE_USAGE ( .BOTH. , #4312 ) ;
#1420 =( NAMED_UNIT ( * ) SI_UNIT ( $, .STERADIAN. ) SOLID_ANGLE_UNIT ( ) );
#1421 = VECTOR ( 'NONE', #199, 1000.000000000000000 ) ;
#1422 = CARTESIAN_POINT ( 'NONE',  ( -2.024999999999999911, 18.02250000000000085, 83.53125000000000000 ) ) ;
#1423 = CARTESIAN_POINT ( 'NONE',  ( 10.97997002584996018, 19.80774508130622280, 90.61875000026981297 ) ) ;
#1424 = FACE_OUTER_BOUND ( 'NONE', #2215, .T. ) ;
#1425 = CARTESIAN_POINT ( 'NONE',  ( 10.12500000000000000, -3.037499999999990319, 40.84195960390601954 ) ) ;
#1426 = ORIENTED_EDGE ( 'NONE', *, *, #5606, .T. ) ;
#1427 = STYLED_ITEM ( 'NONE', ( #5111 ), #5655 ) ;
#1428 = VECTOR ( 'NONE', #2734, 1000.000000000000114 ) ;
#1429 = SURFACE_SIDE_STYLE ('',( #5729 ) ) ;
#1430 = MECHANICAL_DESIGN_GEOMETRIC_PRESENTATION_REPRESENTATION (  '', ( #6000 ), #114 ) ;
#1431 = CARTESIAN_POINT ( 'NONE',  ( -5.973749999999992788, 3.085608286484817143E-16, 26.69249999999999901 ) ) ;
#1432 = PRESENTATION_LAYER_ASSIGNMENT (  '', '', ( #623 ) ) ;
#1433 = CARTESIAN_POINT ( 'NONE',  ( -1.781047420102152667, 4.878303735625257431, 84.05527176685956192 ) ) ;
#1434 = CARTESIAN_POINT ( 'NONE',  ( 10.99999668998635194, 5.421243902489460531, 46.47375000008767643 ) ) ;
#1435 = FILL_AREA_STYLE_COLOUR ( '', #2010 ) ;
#1436 = PRESENTATION_STYLE_ASSIGNMENT (( #5797 ) ) ;
#1437 = VECTOR ( 'NONE', #2035, 1000.000000000000000 ) ;
#1438 = CARTESIAN_POINT ( 'NONE',  ( 1.012499999999955547, -3.037499999999999645, 137.0924999999999727 ) ) ;
#1439 = SURFACE_STYLE_FILL_AREA ( #5735 ) ;
#1440 = AXIS2_PLACEMENT_3D ( 'NONE', #2680, #1861, #5211 ) ;
#1441 = EDGE_LOOP ( 'NONE', ( #1285, #552, #338, #600 ) ) ;
#1442 = FILL_AREA_STYLE_COLOUR ( '', #3745 ) ;
#1443 = EDGE_LOOP ( 'NONE', ( #510 ) ) ;
#1444 = CARTESIAN_POINT ( 'NONE',  ( -6.102714662081565322, 21.97124999999999062, 101.8999999999999915 ) ) ;
#1445 = CARTESIAN_POINT ( 'NONE',  ( 9.684320183278325445, -4.049999999997506706, 91.85120925540122983 ) ) ;
#1446 = CARTESIAN_POINT ( 'NONE',  ( 1.925071415036219147, 29.15999999999999659, 95.69018885849706635 ) ) ;
#1447 = CARTESIAN_POINT ( 'NONE',  ( 8.310017158151026706, 29.16000000000002856, 36.72085431544550005 ) ) ;
#1448 = ORIENTED_EDGE ( 'NONE', *, *, #4617, .T. ) ;
#1449 =( NAMED_UNIT ( * ) SI_UNIT ( $, .STERADIAN. ) SOLID_ANGLE_UNIT ( ) );
#1450 = ORIENTED_EDGE ( 'NONE', *, *, #3325, .T. ) ;
#1451 = CARTESIAN_POINT ( 'NONE',  ( 9.673224603496720420, -3.037499999999999645, 40.91732547439553969 ) ) ;
#1452 = FILL_AREA_STYLE_COLOUR ( '', #4674 ) ;
#1453 = B_SPLINE_CURVE_WITH_KNOTS ( 'NONE', 3,
 ( #196, #132, #3571, #105, #4593, #3988 ),
 .UNSPECIFIED., .F., .F.,
 ( 4, 2, 4 ),
 ( 0.000000000000000000, 0.5000000000000000000, 1.000000000000000000 ),
 .UNSPECIFIED. ) ;
#1454 = EDGE_CURVE ( 'NONE', #3066, #1034, #4168, .T. ) ;
#1455 = ADVANCED_FACE ( 'NONE', ( #1229 ), #5151, .F. ) ;
#1456 = SURFACE_SIDE_STYLE ('',( #1959 ) ) ;
#1457 = EDGE_CURVE ( 'NONE', #4436, #2899, #1138, .T. ) ;
#1458 =( NAMED_UNIT ( * ) SI_UNIT ( $, .STERADIAN. ) SOLID_ANGLE_UNIT ( ) );
#1459 =( NAMED_UNIT ( * ) PLANE_ANGLE_UNIT ( ) SI_UNIT ( $, .RADIAN. ) );
#1460 = CARTESIAN_POINT ( 'NONE',  ( 10.62500000000000000, -3.625305056040521556, 39.41116908515341066 ) ) ;
#1461 = VERTEX_POINT ( 'NONE', #4781 ) ;
#1462 = CARTESIAN_POINT ( 'NONE',  ( -7.796249999999990798, 21.97124999999999417, 101.4888745617487018 ) ) ;
#1463 = CARTESIAN_POINT ( 'NONE',  ( 1.012499999999961542, 7.087499999999992362, 42.06036481966481944 ) ) ;
#1464 = EDGE_CURVE ( 'NONE', #1616, #2868, #2013, .T. ) ;
#1465 = FILL_AREA_STYLE ('',( #5760 ) ) ;
#1466 = UNCERTAINTY_MEASURE_WITH_UNIT (LENGTH_MEASURE( 1.000000000000000082E-05 ), #1217, 'distance_accuracy_value', 'NONE');
#1467 = CARTESIAN_POINT ( 'NONE',  ( 3.619549155325345158, -4.049999999999989164, 39.48431724159210177 ) ) ;
#1468 = LINE ( 'NONE', #2953, #4457 ) ;
#1469 = FILL_AREA_STYLE_COLOUR ( '', #1618 ) ;
#1470 = FILL_AREA_STYLE ('',( #1046 ) ) ;
#1471 = DIRECTION ( 'NONE',  ( 0.000000000000000000, 1.885568995626964780E-16, 1.000000000000000000 ) ) ;
#1472 = DIRECTION ( 'NONE',  ( -1.000000000000000000, -6.071532165918857963E-15, 1.144829280800842736E-30 ) ) ;
#1473 = VERTEX_POINT ( 'NONE', #1542 ) ;
#1474 = PRESENTATION_LAYER_ASSIGNMENT (  '', '', ( #4227 ) ) ;
#1475 = DIRECTION ( 'NONE',  ( 1.000000000000000000, -3.212450881438532241E-16, 6.057297782015011241E-32 ) ) ;
#1476 = CARTESIAN_POINT ( 'NONE',  ( 11.02899686258697542, -4.049999999999942979, 90.82710612999517252 ) ) ;
#1477 = AXIS2_PLACEMENT_3D ( 'NONE', #4879, #4820, #8 ) ;
#1478 = DIRECTION ( 'NONE',  ( 7.806255641895363712E-16, -1.000000000000000000, 1.611790080179938474E-15 ) ) ;
#1479 = ORIENTED_EDGE ( 'NONE', *, *, #2926, .T. ) ;
#1480 = SURFACE_STYLE_FILL_AREA ( #5839 ) ;
#1481 = EDGE_LOOP ( 'NONE', ( #3566, #3933, #4707, #2568, #1768, #407, #2084, #4128, #2026, #6033 ) ) ;
#1482 = CARTESIAN_POINT ( 'NONE',  ( 10.62500000000000000, 28.14749999999999375, 113.4000000000000057 ) ) ;
#1483 = DIRECTION ( 'NONE',  ( -1.000000000000000000, -6.071532165918858751E-15, -0.000000000000000000 ) ) ;
#1484 = VECTOR ( 'NONE', #1989, 1000.000000000000000 ) ;
#1485 = LINE ( 'NONE', #629, #4032 ) ;
#1486 = VECTOR ( 'NONE', #4196, 1000.000000000000000 ) ;
#1487 = ADVANCED_FACE ( 'NONE', ( #412 ), #2877, .F. ) ;
#1488 =( NAMED_UNIT ( * ) PLANE_ANGLE_UNIT ( ) SI_UNIT ( $, .RADIAN. ) );
#1489 = VERTEX_POINT ( 'NONE', #5483 ) ;
#1490 = EDGE_CURVE ( 'NONE', #305, #1346, #2049, .T. ) ;
#1491 = CARTESIAN_POINT ( 'NONE',  ( -1.580776992888864863, 20.99501119156399653, 84.43596177438043071 ) ) ;
#1492 = CARTESIAN_POINT ( 'NONE',  ( -101.2500000000000000, 25.10999999999999588, 91.12500000000000000 ) ) ;
#1493 = CARTESIAN_POINT ( 'NONE',  ( -1.965992895706840438, 5.995968898581273798, 83.66592922726231052 ) ) ;
#1494 = SURFACE_STYLE_USAGE ( .BOTH. , #1967 ) ;
#1495 =( NAMED_UNIT ( * ) PLANE_ANGLE_UNIT ( ) SI_UNIT ( $, .RADIAN. ) );
#1496 = DIRECTION ( 'NONE',  ( 1.000000000000000000, 0.000000000000000000, 0.000000000000000000 ) ) ;
#1497 = EDGE_CURVE ( 'NONE', #3866, #5945, #1180, .T. ) ;
#1498 = FACE_OUTER_BOUND ( 'NONE', #4455, .T. ) ;
#1499 = CARTESIAN_POINT ( 'NONE',  ( -7.796250000000000568, -1.124100812432970240E-13, 26.73000000000000043 ) ) ;
#1500 = STYLED_ITEM ( 'NONE', ( #5820 ), #3987 ) ;
#1501 = SURFACE_SIDE_STYLE ('',( #461 ) ) ;
#1502 = SURFACE_STYLE_FILL_AREA ( #5476 ) ;
#1503 = AXIS2_PLACEMENT_3D ( 'NONE', #6135, #5796, #350 ) ;
#1504 = ORIENTED_EDGE ( 'NONE', *, *, #4468, .F. ) ;
#1505 = CARTESIAN_POINT ( 'NONE',  ( -1.040502547543385337, 2.731212581851146126, 51.78351058985109745 ) ) ;
#1506 = CARTESIAN_POINT ( 'NONE',  ( 9.918654630624645918, -4.050000000000145484, 91.74481406578418330 ) ) ;
#1507 = MECHANICAL_DESIGN_GEOMETRIC_PRESENTATION_REPRESENTATION (  '', ( #4276 ), #2216 ) ;
#1508 = CARTESIAN_POINT ( 'NONE',  ( -6.304278426756564357, 23.85999999999998167, 35.43879842585200635 ) ) ;
#1509 = VERTEX_POINT ( 'NONE', #2525 ) ;
#1510 = ORIENTED_EDGE ( 'NONE', *, *, #1411, .T. ) ;
#1511 = CARTESIAN_POINT ( 'NONE',  ( 10.12499718778151525, -3.827088380710938154, 38.51951210936417880 ) ) ;
#1512 =( LENGTH_UNIT ( ) NAMED_UNIT ( * ) SI_UNIT ( .MILLI., .METRE. ) );
#1513 = AXIS2_PLACEMENT_3D ( 'NONE', #3540, #3572, #1176 ) ;
#1514 = FACE_OUTER_BOUND ( 'NONE', #4040, .T. ) ;
#1515 = FILL_AREA_STYLE_COLOUR ( '', #1187 ) ;
#1516 =( NAMED_UNIT ( * ) PLANE_ANGLE_UNIT ( ) SI_UNIT ( $, .RADIAN. ) );
#1517 = ORIENTED_EDGE ( 'NONE', *, *, #3879, .T. ) ;
#1518 = MECHANICAL_DESIGN_GEOMETRIC_PRESENTATION_REPRESENTATION (  '', ( #2534 ), #6198 ) ;
#1519 = CARTESIAN_POINT ( 'NONE',  ( -1.779090785643156591, 20.24043237183787269, 84.05916367371297326 ) ) ;
#1520 = DIRECTION ( 'NONE',  ( 2.498001805406605174E-16, 0.000000000000000000, -1.000000000000000000 ) ) ;
#1521 = DIRECTION ( 'NONE',  ( 1.000000000000000000, 0.000000000000000000, 0.000000000000000000 ) ) ;
#1522 = UNCERTAINTY_MEASURE_WITH_UNIT (LENGTH_MEASURE( 1.000000000000000082E-05 ), #6296, 'distance_accuracy_value', 'NONE');
#1523 = STYLED_ITEM ( 'NONE', ( #4606 ), #5692 ) ;
#1524 = DIRECTION ( 'NONE',  ( -2.775557561562890365E-16, 0.000000000000000000, -1.000000000000000000 ) ) ;
#1525 = COLOUR_RGB ( '',0.1019607843137254888, 0.1019607843137254888, 0.1019607843137254888 ) ;
#1526 = CARTESIAN_POINT ( 'NONE',  ( 1.477513472630037850, -3.037500000000000089, 90.61875044566234294 ) ) ;
#1527 = CARTESIAN_POINT ( 'NONE',  ( 2.659814543569002598, -4.049999999999992717, 96.57893195146714049 ) ) ;
#1528 = AXIS2_PLACEMENT_3D ( 'NONE', #1882, #6179, #3769 ) ;
#1529 = PRESENTATION_STYLE_ASSIGNMENT (( #3985 ) ) ;
#1530 = EDGE_CURVE ( 'NONE', #2968, #3674, #3995, .T. ) ;
#1531 = COLOUR_RGB ( '',0.1019607843137254888, 0.1019607843137254888, 0.1019607843137254888 ) ;
#1532 = EDGE_CURVE ( 'NONE', #3868, #4788, #5011, .T. ) ;
#1533 = CARTESIAN_POINT ( 'NONE',  ( 10.62500000000000000, -4.049999999999947420, 113.3999999999999915 ) ) ;
#1534 =( NAMED_UNIT ( * ) PLANE_ANGLE_UNIT ( ) SI_UNIT ( $, .RADIAN. ) );
#1535 = EDGE_CURVE ( 'NONE', #1704, #3674, #5429, .T. ) ;
#1536 = AXIS2_PLACEMENT_3D ( 'NONE', #3016, #4475, #2062 ) ;
#1537 = PRESENTATION_LAYER_ASSIGNMENT (  '', '', ( #1941 ) ) ;
#1538 = SURFACE_STYLE_FILL_AREA ( #135 ) ;
#1539 = ORIENTED_EDGE ( 'NONE', *, *, #4066, .F. ) ;
#1540 = DIRECTION ( 'NONE',  ( 0.000000000000000000, 1.252313956556993710E-16, -1.000000000000000000 ) ) ;
#1541 = LINE ( 'NONE', #1027, #511 ) ;
#1542 = CARTESIAN_POINT ( 'NONE',  ( -10.12500000000003730, 7.087499999999992362, 42.06036481966498997 ) ) ;
#1543 = VECTOR ( 'NONE', #5122, 1000.000000000000000 ) ;
#1544 = CARTESIAN_POINT ( 'NONE',  ( -7.605323030660064099, 23.85999999999999588, 36.22610821468278886 ) ) ;
#1545 =( NAMED_UNIT ( * ) PLANE_ANGLE_UNIT ( ) SI_UNIT ( $, .RADIAN. ) );
#1546 = EDGE_LOOP ( 'NONE', ( #5304, #909, #2352, #3297, #593, #4549 ) ) ;
#1547 = SURFACE_STYLE_USAGE ( .BOTH. , #5904 ) ;
#1548 = VERTEX_POINT ( 'NONE', #5926 ) ;
#1549 = DIRECTION ( 'NONE',  ( -0.000000000000000000, 1.000000000000000000, 0.000000000000000000 ) ) ;
#1550 = SURFACE_STYLE_FILL_AREA ( #1037 ) ;
#1551 = CARTESIAN_POINT ( 'NONE',  ( 0.000000000000000000, 0.000000000000000000, 23.69249999999999901 ) ) ;
#1552 = VERTEX_POINT ( 'NONE', #170 ) ;
#1553 = CARTESIAN_POINT ( 'NONE',  ( 10.12499356348876667, 28.85852748695495151, 38.86166086176043422 ) ) ;
#1554 = SURFACE_SIDE_STYLE ('',( #5913 ) ) ;
#1555 = CARTESIAN_POINT ( 'NONE',  ( -101.2500000000000000, 25.10999999999999588, 0.000000000000000000 ) ) ;
#1556 = CARTESIAN_POINT ( 'NONE',  ( -0.1250000000000348055, 11.43499999999999872, 101.8999999999999915 ) ) ;
#1557 = CARTESIAN_POINT ( 'NONE',  ( 10.12500000000000178, -4.049999999999947420, 100.6984762319159046 ) ) ;
#1558 = ORIENTED_EDGE ( 'NONE', *, *, #3396, .T. ) ;
#1559 = CARTESIAN_POINT ( 'NONE',  ( 10.12500000000000178, -4.049999999999947420, 100.6984762319159046 ) ) ;
#1560 = DIRECTION ( 'NONE',  ( 1.000000000000000000, 0.000000000000000000, 0.000000000000000000 ) ) ;
#1561 = DIRECTION ( 'NONE',  ( 2.582639285611905427E-16, -8.296601849501747658E-32, 1.000000000000000000 ) ) ;
#1562 = SURFACE_STYLE_USAGE ( .BOTH. , #2097 ) ;
#1563 = UNCERTAINTY_MEASURE_WITH_UNIT (LENGTH_MEASURE( 1.000000000000000082E-05 ), #2793, 'distance_accuracy_value', 'NONE');
#1564 = ADVANCED_FACE ( 'NONE', ( #4024 ), #227, .F. ) ;
#1565 = DIRECTION ( 'NONE',  ( -5.165278571223809621E-17, -1.000000000000000000, -0.000000000000000000 ) ) ;
#1566 = VERTEX_POINT ( 'NONE', #2557 ) ;
#1567 = CARTESIAN_POINT ( 'NONE',  ( -2.024999999999999911, 7.087500000000000355, 83.53125000000000000 ) ) ;
#1568 = CARTESIAN_POINT ( 'NONE',  ( 10.90472645478756064, -4.049999999997095479, 91.02885861984906057 ) ) ;
#1569 = DIRECTION ( 'NONE',  ( 1.000000000000000000, 0.000000000000000000, 0.000000000000000000 ) ) ;
#1570 = FILL_AREA_STYLE_COLOUR ( '', #5974 ) ;
#1571 = MECHANICAL_DESIGN_GEOMETRIC_PRESENTATION_REPRESENTATION (  '', ( #4227 ), #4017 ) ;
#1572 = ORIENTED_EDGE ( 'NONE', *, *, #2389, .F. ) ;
#1573 =( NAMED_UNIT ( * ) SI_UNIT ( $, .STERADIAN. ) SOLID_ANGLE_UNIT ( ) );
#1574 = VERTEX_POINT ( 'NONE', #5955 ) ;
#1575 = CARTESIAN_POINT ( 'NONE',  ( -7.334813778459229994, 22.58500000000000085, 101.5724521537381406 ) ) ;
#1576 = CARTESIAN_POINT ( 'NONE',  ( 20.25000000000000000, -3.037499999999999645, 6.093251410737770232E-15 ) ) ;
#1577 = ADVANCED_FACE ( 'NONE', ( #4509 ), #5514, .T. ) ;
#1578 =( GEOMETRIC_REPRESENTATION_CONTEXT ( 3 ) GLOBAL_UNCERTAINTY_ASSIGNED_CONTEXT ( ( #3739 ) ) GLOBAL_UNIT_ASSIGNED_CONTEXT ( ( #5258, #6274, #3888 ) ) REPRESENTATION_CONTEXT ( 'NONE', 'WORKASPACE' ) );
#1579 = CARTESIAN_POINT ( 'NONE',  ( -51.32951142158430713, 3.138750000000141593, 26.73000000000000043 ) ) ;
#1580 = CARTESIAN_POINT ( 'NONE',  ( 1.572237184918079400, 29.15999999999999304, 41.77467794334078377 ) ) ;
#1581 = ORIENTED_EDGE ( 'NONE', *, *, #5738, .T. ) ;
#1582 = COLOUR_RGB ( '',0.1019607843137254888, 0.1019607843137254888, 0.1019607843137254888 ) ;
#1583 = CARTESIAN_POINT ( 'NONE',  ( -1.141295147040883418, 22.15942022319487137, 85.15775370321119908 ) ) ;
#1584 = STYLED_ITEM ( 'NONE', ( #2346 ), #3010 ) ;
#1585 = FACE_OUTER_BOUND ( 'NONE', #2844, .T. ) ;
#1586 =( LENGTH_UNIT ( ) NAMED_UNIT ( * ) SI_UNIT ( .MILLI., .METRE. ) );
#1587 = CARTESIAN_POINT ( 'NONE',  ( -7.796249999999988134, 18.68536357358632571, 101.8239397116732334 ) ) ;
#1588 = PLANE ( 'NONE',  #6277 ) ;
#1589 = ORIENTED_EDGE ( 'NONE', *, *, #4277, .F. ) ;
#1590 = CARTESIAN_POINT ( 'NONE',  ( 9.207420387001816309, -4.049999999999953637, 100.5804341500248000 ) ) ;
#1591 = MECHANICAL_DESIGN_GEOMETRIC_PRESENTATION_REPRESENTATION (  '', ( #4036 ), #1075 ) ;
#1592 = CARTESIAN_POINT ( 'NONE',  ( 1.012499999999999956, 28.14749999999999375, -4.805530973150956219E-15 ) ) ;
#1593 = VECTOR ( 'NONE', #4698, 1000.000000000000000 ) ;
#1594 = AXIS2_PLACEMENT_3D ( 'NONE', #725, #787, #2722 ) ;
#1595 = DIRECTION ( 'NONE',  ( 1.000000000000000000, 6.071532165918857963E-15, 8.058950400899664760E-15 ) ) ;
#1596 = EDGE_LOOP ( 'NONE', ( #1312, #3715, #2656, #2326, #6251 ) ) ;
#1597 = SURFACE_STYLE_FILL_AREA ( #2133 ) ;
#1598 = COLOUR_RGB ( '',0.1019607843137254888, 0.1019607843137254888, 0.1019607843137254888 ) ;
#1599 =( GEOMETRIC_REPRESENTATION_CONTEXT ( 3 ) GLOBAL_UNCERTAINTY_ASSIGNED_CONTEXT ( ( #3248 ) ) GLOBAL_UNIT_ASSIGNED_CONTEXT ( ( #4, #1459, #59 ) ) REPRESENTATION_CONTEXT ( 'NONE', 'WORKASPACE' ) );
#1600 = FILL_AREA_STYLE_COLOUR ( '', #1365 ) ;
#1601 = CARTESIAN_POINT ( 'NONE',  ( 10.62500000000000000, -4.049999999999948308, 99.92606461597443968 ) ) ;
#1602 = AXIS2_PLACEMENT_3D ( 'NONE', #84, #594, #2529 ) ;
#1603 = VECTOR ( 'NONE', #5929, 1000.000000000000000 ) ;
#1604 = VERTEX_POINT ( 'NONE', #1745 ) ;
#1605 = ORIENTED_EDGE ( 'NONE', *, *, #1996, .F. ) ;
#1606 = FACE_OUTER_BOUND ( 'NONE', #2903, .T. ) ;
#1607 = COLOUR_RGB ( '',0.1019607843137254888, 0.1019607843137254888, 0.1019607843137254888 ) ;
#1608 = EDGE_CURVE ( 'NONE', #1855, #4908, #5107, .T. ) ;
#1609 = DIRECTION ( 'NONE',  ( -1.000000000000000000, 0.000000000000000000, 0.000000000000000000 ) ) ;
#1610 = CARTESIAN_POINT ( 'NONE',  ( 0.000000000000000000, 28.09674780070452726, 23.69249999999999901 ) ) ;
#1611 = FILL_AREA_STYLE ('',( #5021 ) ) ;
#1612 = ORIENTED_EDGE ( 'NONE', *, *, #3706, .T. ) ;
#1613 = ADVANCED_FACE ( 'NONE', ( #6085 ), #3774, .F. ) ;
#1614 = STYLED_ITEM ( 'NONE', ( #6080 ), #134 ) ;
#1615 = CARTESIAN_POINT ( 'NONE',  ( 3.480726024198060209, 29.16000000000000014, 44.40734129567965738 ) ) ;
#1616 = VERTEX_POINT ( 'NONE', #4257 ) ;
#1617 = CARTESIAN_POINT ( 'NONE',  ( 10.12499829452631062, 28.88014153938376793, 38.77200453838252514 ) ) ;
#1618 = COLOUR_RGB ( '',0.1019607843137254888, 0.1019607843137254888, 0.1019607843137254888 ) ;
#1619 = DIRECTION ( 'NONE',  ( 1.000000000000000000, 0.000000000000000000, 0.000000000000000000 ) ) ;
#1620 = CARTESIAN_POINT ( 'NONE',  ( -0.6659187842769571652, 2.017493295103033102, 85.83301977410492611 ) ) ;
#1621 = DIRECTION ( 'NONE',  ( 2.498001805406605174E-16, 0.000000000000000000, -1.000000000000000000 ) ) ;
#1622 = FILL_AREA_STYLE_COLOUR ( '', #676 ) ;
#1623 = ORIENTED_EDGE ( 'NONE', *, *, #2315, .F. ) ;
#1624 =( GEOMETRIC_REPRESENTATION_CONTEXT ( 3 ) GLOBAL_UNCERTAINTY_ASSIGNED_CONTEXT ( ( #1239 ) ) GLOBAL_UNIT_ASSIGNED_CONTEXT ( ( #3676, #2208, #4607 ) ) REPRESENTATION_CONTEXT ( 'NONE', 'WORKASPACE' ) );
#1625 = STYLED_ITEM ( 'NONE', ( #4527 ), #5384 ) ;
#1626 = CARTESIAN_POINT ( 'NONE',  ( -8.507045600368838834, 3.638750000000137597, 46.47374999999998835 ) ) ;
#1627 = AXIS2_PLACEMENT_3D ( 'NONE', #1019, #2457, #2482 ) ;
#1628 = COLOUR_RGB ( '',0.1019607843137254888, 0.1019607843137254888, 0.1019607843137254888 ) ;
#1629 =( LENGTH_UNIT ( ) NAMED_UNIT ( * ) SI_UNIT ( .MILLI., .METRE. ) );
#1630 = DIRECTION ( 'NONE',  ( 6.938893903907279222E-18, -1.000000000000000000, 1.885568995626964780E-16 ) ) ;
#1631 = MECHANICAL_DESIGN_GEOMETRIC_PRESENTATION_REPRESENTATION (  '', ( #1325 ), #4687 ) ;
#1632 =( NAMED_UNIT ( * ) PLANE_ANGLE_UNIT ( ) SI_UNIT ( $, .RADIAN. ) );
#1633 = MECHANICAL_DESIGN_GEOMETRIC_PRESENTATION_REPRESENTATION (  '', ( #2242 ), #5697 ) ;
#1634 =( GEOMETRIC_REPRESENTATION_CONTEXT ( 3 ) GLOBAL_UNCERTAINTY_ASSIGNED_CONTEXT ( ( #4260 ) ) GLOBAL_UNIT_ASSIGNED_CONTEXT ( ( #3340, #4878, #420 ) ) REPRESENTATION_CONTEXT ( 'NONE', 'WORKASPACE' ) );
#1635 =( NAMED_UNIT ( * ) SI_UNIT ( $, .STERADIAN. ) SOLID_ANGLE_UNIT ( ) );
#1636 = VERTEX_POINT ( 'NONE', #6141 ) ;
#1637 = PRESENTATION_STYLE_ASSIGNMENT (( #1547 ) ) ;
#1638 = ORIENTED_EDGE ( 'NONE', *, *, #2184, .T. ) ;
#1639 = SURFACE_STYLE_USAGE ( .BOTH. , #86 ) ;
#1640 =( NAMED_UNIT ( * ) PLANE_ANGLE_UNIT ( ) SI_UNIT ( $, .RADIAN. ) );
#1641 = CARTESIAN_POINT ( 'NONE',  ( 0.000000000000000000, 22.07249999999999801, -6.175755471531950543E-15 ) ) ;
#1642 = SURFACE_SIDE_STYLE ('',( #4906 ) ) ;
#1643 = ORIENTED_EDGE ( 'NONE', *, *, #5850, .F. ) ;
#1644 = CARTESIAN_POINT ( 'NONE',  ( 3.121512803102593825, 29.15999999999994685, 44.40015562373962865 ) ) ;
#1645 = EDGE_LOOP ( 'NONE', ( #3269, #209, #4827, #3648, #5097, #1643, #4966, #3779 ) ) ;
#1646 = EDGE_CURVE ( 'NONE', #1574, #5617, #4661, .T. ) ;
#1647 = EDGE_CURVE ( 'NONE', #2833, #4633, #5633, .T. ) ;
#1648 = CARTESIAN_POINT ( 'NONE',  ( 5.978409263897920489, 28.14749999999999375, 93.66265742273142791 ) ) ;
#1649 = CARTESIAN_POINT ( 'NONE',  ( 10.12500000000000000, 29.16000000000004988, 100.6984762319159188 ) ) ;
#1650 = CARTESIAN_POINT ( 'NONE',  ( -0.3797767797476478413, 1.553645965677817875, 86.19943586332099983 ) ) ;
#1651 = CARTESIAN_POINT ( 'NONE',  ( -7.756007213317465343, 23.08500000000000085, 102.2625000000000028 ) ) ;
#1652 = VERTEX_POINT ( 'NONE', #2795 ) ;
#1653 = LINE ( 'NONE', #700, #2021 ) ;
#1654 = ADVANCED_FACE ( 'NONE', ( #3152 ), #5671, .F. ) ;
#1655 = CARTESIAN_POINT ( 'NONE',  ( 10.62500000000000000, 2.439131062413871044E-16, 3.037499999999998757 ) ) ;
#1656 = CARTESIAN_POINT ( 'NONE',  ( -5.973749999999999893, 1.323342920529794754E-14, 110.3624999999999829 ) ) ;
#1657 = CARTESIAN_POINT ( 'NONE',  ( 9.683029876855266949, 1.838585689247886235, 46.47374998826212789 ) ) ;
#1658 = PRESENTATION_STYLE_ASSIGNMENT (( #2996 ) ) ;
#1659 =( LENGTH_UNIT ( ) NAMED_UNIT ( * ) SI_UNIT ( .MILLI., .METRE. ) );
#1660 = VERTEX_POINT ( 'NONE', #4886 ) ;
#1661 = DIRECTION ( 'NONE',  ( 0.000000000000000000, 1.885568995626965026E-16, 1.000000000000000000 ) ) ;
#1662 = ORIENTED_EDGE ( 'NONE', *, *, #3154, .T. ) ;
#1663 = SURFACE_SIDE_STYLE ('',( #3261 ) ) ;
#1664 = CARTESIAN_POINT ( 'NONE',  ( 2.659814543569062550, -4.049999999999998046, 40.51356804853265459 ) ) ;
#1665 = CARTESIAN_POINT ( 'NONE',  ( -9.112499999999998934, 10.93500000000000050, 137.0924999999999727 ) ) ;
#1666 = CARTESIAN_POINT ( 'NONE',  ( 10.76453242201675131, 29.16000000000004633, 45.90695847911725735 ) ) ;
#1667 = ORIENTED_EDGE ( 'NONE', *, *, #5964, .F. ) ;
#1668 = AXIS2_PLACEMENT_3D ( 'NONE', #4749, #857, #2785 ) ;
#1669 = LINE ( 'NONE', #6010, #2647 ) ;
#1670 = CARTESIAN_POINT ( 'NONE',  ( -9.139812322509767384, 3.049990506721917960, 92.96699233418492270 ) ) ;
#1671 =( NAMED_UNIT ( * ) SI_UNIT ( $, .STERADIAN. ) SOLID_ANGLE_UNIT ( ) );
#1672 = VECTOR ( 'NONE', #4872, 1000.000000000000000 ) ;
#1673 = CARTESIAN_POINT ( 'NONE',  ( 3.246079154732219862, 27.91284361521979207, 90.61875010133354635 ) ) ;
#1674 = DIRECTION ( 'NONE',  ( 0.000000000000000000, -1.721931690265855442E-16, 1.000000000000000000 ) ) ;
#1675 = EDGE_LOOP ( 'NONE', ( #817, #1143, #6125, #770, #5343, #3579, #1479, #3689, #204, #4676, #855, #5417 ) ) ;
#1676 = SURFACE_SIDE_STYLE ('',( #162 ) ) ;
#1677 = MECHANICAL_DESIGN_GEOMETRIC_PRESENTATION_REPRESENTATION (  '', ( #874 ), #4356 ) ;
#1678 = CARTESIAN_POINT ( 'NONE',  ( -9.487188606332335183, 21.59381863034417037, 43.04309538442849004 ) ) ;
#1679 = B_SPLINE_CURVE_WITH_KNOTS ( 'NONE', 3,
 ( #247, #1203, #701, #4717, #5625, #759, #795, #3110, #730, #5661, #346, #5191, #3178, #4212, #4246, #6170, #5067, #5561, #829, #2753, #1806, #3657, #1678, #2291, #4175, #1298, #1167, #4652, #282, #2224 ),
 .UNSPECIFIED., .F., .F.,
 ( 4, 2, 2, 2, 2, 2, 2, 2, 2, 2, 2, 2, 2, 2, 4 ),
 ( 4.869565856602270446E-07, 0.0003664425148233202314, 0.0007323980730609802158, 0.001098353631298640146, 0.001464309189536300076, 0.001830264747773959789, 0.002196220306011620153, 0.002928131422486938713, 0.003660042538962257272, 0.004025998097199917636, 0.004391953655437578000, 0.004757909213675237496, 0.005123864771912897860, 0.005489820330150558224, 0.005855775888388217720 ),
 .UNSPECIFIED. ) ;
#1680 = CARTESIAN_POINT ( 'NONE',  ( 1.012499999999961542, 29.15999999999999304, 90.61874999999999147 ) ) ;
#1681 = ADVANCED_FACE ( 'NONE', ( #5861 ), #4390, .F. ) ;
#1682 = CARTESIAN_POINT ( 'NONE',  ( 10.27535052360849654, 2.992119492959906868, 46.47375000250093535 ) ) ;
#1683 = CIRCLE ( 'NONE', #3834, 10.12500000000000000 ) ;
#1684 = EDGE_CURVE ( 'NONE', #3997, #3835, #3379, .T. ) ;
#1685 = SURFACE_SIDE_STYLE ('',( #4596 ) ) ;
#1686 = CARTESIAN_POINT ( 'NONE',  ( -8.890715314664879187, 23.11859975190709449, 42.06036481966484075 ) ) ;
#1687 = CARTESIAN_POINT ( 'NONE',  ( -7.756007213317451132, 2.024999999999999911, 26.69249999999999901 ) ) ;
#1688 = SURFACE_STYLE_FILL_AREA ( #6048 ) ;
#1689 = AXIS2_PLACEMENT_3D ( 'NONE', #5218, #5589, #5123 ) ;
#1690 = CARTESIAN_POINT ( 'NONE',  ( -9.112499999999998934, 7.087499999999995914, 90.61874999999999147 ) ) ;
#1691 = CARTESIAN_POINT ( 'NONE',  ( 10.12500000000000000, -3.037499999999999645, 96.25054039609395318 ) ) ;
#1692 = FILL_AREA_STYLE_COLOUR ( '', #2610 ) ;
#1693 = VERTEX_POINT ( 'NONE', #955 ) ;
#1694 = FACE_OUTER_BOUND ( 'NONE', #2167, .T. ) ;
#1695 = AXIS2_PLACEMENT_3D ( 'NONE', #3389, #6193, #3815 ) ;
#1696 = ORIENTED_EDGE ( 'NONE', *, *, #5695, .T. ) ;
#1697 = VECTOR ( 'NONE', #4579, 999.9999999999998863 ) ;
#1698 = CARTESIAN_POINT ( 'NONE',  ( 10.12500000000000000, -3.037499999999999645, 40.84195960390601954 ) ) ;
#1699 = STYLED_ITEM ( 'NONE', ( #2276 ), #4105 ) ;
#1700 = CARTESIAN_POINT ( 'NONE',  ( 20.25000000000000000, 28.14749999999999375, 46.47375000000000966 ) ) ;
#1701 = CARTESIAN_POINT ( 'NONE',  ( 10.62500000000000000, 25.10999999999999588, 3.037499999999999645 ) ) ;
#1702 = DIRECTION ( 'NONE',  ( -6.938893903907279222E-18, 1.000000000000000000, 0.000000000000000000 ) ) ;
#1703 = CARTESIAN_POINT ( 'NONE',  ( 8.375829477255022582, 29.16000000000003212, 36.70262605864714800 ) ) ;
#1704 = VERTEX_POINT ( 'NONE', #521 ) ;
#1705 = COLOUR_RGB ( '',0.1019607843137254888, 0.1019607843137254888, 0.1019607843137254888 ) ;
#1706 = DIRECTION ( 'NONE',  ( 1.000000000000000000, 0.000000000000000000, 0.000000000000000000 ) ) ;
#1707 = CARTESIAN_POINT ( 'NONE',  ( -8.211710306671669457, 1.154261713451380400, 93.18393022401239989 ) ) ;
#1708 = CARTESIAN_POINT ( 'NONE',  ( 1.572237184918093167, 29.16000000000000014, 95.31782205665918184 ) ) ;
#1709 = PRESENTATION_STYLE_ASSIGNMENT (( #6106 ) ) ;
#1710 = VERTEX_POINT ( 'NONE', #491 ) ;
#1711 =( NAMED_UNIT ( * ) SI_UNIT ( $, .STERADIAN. ) SOLID_ANGLE_UNIT ( ) );
#1712 = STYLED_ITEM ( 'NONE', ( #2004 ), #141 ) ;
#1713 =( LENGTH_UNIT ( ) NAMED_UNIT ( * ) SI_UNIT ( .MILLI., .METRE. ) );
#1714 = LINE ( 'NONE', #3728, #962 ) ;
#1715 = CARTESIAN_POINT ( 'NONE',  ( 1.392022295295599843, -4.050000000000003375, 41.92146141218746180 ) ) ;
#1716 = AXIS2_PLACEMENT_3D ( 'NONE', #3069, #3549, #686 ) ;
#1717 = PRESENTATION_STYLE_ASSIGNMENT (( #4146 ) ) ;
#1718 = LINE ( 'NONE', #5075, #2552 ) ;
#1719 = CYLINDRICAL_SURFACE ( 'NONE', #4893, 1.049999999999999156 ) ;
#1720 = EDGE_CURVE ( 'NONE', #5311, #1874, #2830, .T. ) ;
#1721 = EDGE_CURVE ( 'NONE', #4480, #5608, #3864, .T. ) ;
#1722 = FILL_AREA_STYLE ('',( #6182 ) ) ;
#1723 = EDGE_CURVE ( 'NONE', #4726, #4716, #1021, .T. ) ;
#1724 = VECTOR ( 'NONE', #5488, 1000.000000000000000 ) ;
#1725 = ORIENTED_EDGE ( 'NONE', *, *, #4787, .F. ) ;
#1726 = CARTESIAN_POINT ( 'NONE',  ( 10.62500000000000000, 0.000000000000000000, 134.0549999999999784 ) ) ;
#1727 = EDGE_LOOP ( 'NONE', ( #3748, #2752, #6194, #2970 ) ) ;
#1728 = FILL_AREA_STYLE_COLOUR ( '', #1010 ) ;
#1729 = MECHANICAL_DESIGN_GEOMETRIC_PRESENTATION_REPRESENTATION (  '', ( #1523 ), #3148 ) ;
#1730 = AXIS2_PLACEMENT_3D ( 'NONE', #2040, #5918, #6016 ) ;
#1731 = CARTESIAN_POINT ( 'NONE',  ( 3.274065535898643020, -4.049999999999993605, 39.82790528917991679 ) ) ;
#1732 = VERTEX_POINT ( 'NONE', #4853 ) ;
#1733 = CARTESIAN_POINT ( 'NONE',  ( 10.45795950726191492, 21.67706373719925139, 46.47374999749915503 ) ) ;
#1734 = ORIENTED_EDGE ( 'NONE', *, *, #5768, .T. ) ;
#1735 = COLOUR_RGB ( '',0.1019607843137254888, 0.1019607843137254888, 0.1019607843137254888 ) ;
#1736 = LINE ( 'NONE', #1136, #1823 ) ;
#1737 = CARTESIAN_POINT ( 'NONE',  ( 2.648525844037487254, 28.14749999999999375, 90.89255195254933994 ) ) ;
#1738 = CARTESIAN_POINT ( 'NONE',  ( -4.391018798566292958E-14, -7.286138404572872835E-15, 95.03213518033507512 ) ) ;
#1739 = CARTESIAN_POINT ( 'NONE',  ( 1.839338872853189422, 29.16000000000009962, 92.70700159089751935 ) ) ;
#1740 = ORIENTED_EDGE ( 'NONE', *, *, #5736, .F. ) ;
#1741 = FILL_AREA_STYLE_COLOUR ( '', #315 ) ;
#1742 =( LENGTH_UNIT ( ) NAMED_UNIT ( * ) SI_UNIT ( .MILLI., .METRE. ) );
#1743 = CARTESIAN_POINT ( 'NONE',  ( 5.918359913717825549, -1.774942999478814620, 46.47375003229251433 ) ) ;
#1744 = PRESENTATION_STYLE_ASSIGNMENT (( #3696 ) ) ;
#1745 = CARTESIAN_POINT ( 'NONE',  ( 10.62500000000000000, 25.10999999999999588, 91.12500000000000000 ) ) ;
#1746 = EDGE_CURVE ( 'NONE', #5594, #3158, #5381, .T. ) ;
#1747 = PRODUCT_DEFINITION_SHAPE ( 'NONE', 'NONE',  #5611 ) ;
#1748 = SURFACE_SIDE_STYLE ('',( #3219 ) ) ;
#1749 = ORIENTED_EDGE ( 'NONE', *, *, #1334, .T. ) ;
#1750 = UNCERTAINTY_MEASURE_WITH_UNIT (LENGTH_MEASURE( 1.000000000000000082E-05 ), #3216, 'distance_accuracy_value', 'NONE');
#1751 = CARTESIAN_POINT ( 'NONE',  ( 1.012499999999961542, 7.087500000000000355, 113.4000000000000057 ) ) ;
#1752 = VERTEX_POINT ( 'NONE', #6250 ) ;
#1753 =( NAMED_UNIT ( * ) PLANE_ANGLE_UNIT ( ) SI_UNIT ( $, .RADIAN. ) );
#1754 = CARTESIAN_POINT ( 'NONE',  ( 1.157216739056530441, -4.050000000000000711, 95.05257678755671691 ) ) ;
#1755 = FILL_AREA_STYLE_COLOUR ( '', #5858 ) ;
#1756 = LINE ( 'NONE', #2629, #3632 ) ;
#1757 = CARTESIAN_POINT ( 'NONE',  ( 1.012499999999961542, -4.050000000000002487, 95.03213518033500407 ) ) ;
#1758 = EDGE_LOOP ( 'NONE', ( #2257, #1820, #370, #2469 ) ) ;
#1759 = CARTESIAN_POINT ( 'NONE',  ( 10.44270494462006482, 29.15999999999925052, 45.64428509056611460 ) ) ;
#1760 = EDGE_LOOP ( 'NONE', ( #4298, #4234, #3220, #5455, #6065, #5615 ) ) ;
#1761 = ADVANCED_FACE ( 'NONE', ( #550 ), #2927, .F. ) ;
#1762 = DIRECTION ( 'NONE',  ( -1.000000000000000000, 0.000000000000000000, 0.000000000000000000 ) ) ;
#1763 = CARTESIAN_POINT ( 'NONE',  ( 1.252371528656605282, 28.14749999999999375, 90.61875022763221921 ) ) ;
#1764 = CARTESIAN_POINT ( 'NONE',  ( -9.081214854823725702, 2.968935404233318476, 92.85482851972807339 ) ) ;
#1765 = DIRECTION ( 'NONE',  ( 1.000000000000000000, 0.000000000000000000, 0.000000000000000000 ) ) ;
#1766 = CARTESIAN_POINT ( 'NONE',  ( 1.292717133355654191, 29.16000000000000014, 95.10783654508456664 ) ) ;
#1767 = DIRECTION ( 'NONE',  ( -1.000000000000000000, -6.071532165918857963E-15, 1.144829280800842736E-30 ) ) ;
#1768 = ORIENTED_EDGE ( 'NONE', *, *, #3724, .T. ) ;
#1769 = FILL_AREA_STYLE_COLOUR ( '', #5707 ) ;
#1770 = AXIS2_PLACEMENT_3D ( 'NONE', #6011, #4008, #2541 ) ;
#1771 = UNCERTAINTY_MEASURE_WITH_UNIT (LENGTH_MEASURE( 1.000000000000000082E-05 ), #5572, 'distance_accuracy_value', 'NONE');
#1772 = CARTESIAN_POINT ( 'NONE',  ( 2.825404186850704935, -4.049999999999996270, 40.32832506747372747 ) ) ;
#1773 = CARTESIAN_POINT ( 'NONE',  ( -1.153976338256519352, 22.13097854511698159, 51.95405470787958535 ) ) ;
#1774 = PLANE ( 'NONE',  #5474 ) ;
#1775 = VECTOR ( 'NONE', #3366, 1000.000000000000000 ) ;
#1776 = CARTESIAN_POINT ( 'NONE',  ( -1.779090785643648198, 4.869567628161279416, 53.03333632628618233 ) ) ;
#1777 =( NAMED_UNIT ( * ) PLANE_ANGLE_UNIT ( ) SI_UNIT ( $, .RADIAN. ) );
#1778 = CARTESIAN_POINT ( 'NONE',  ( 10.12500000000000178, -4.049999999999947420, 100.6984762319159046 ) ) ;
#1779 = CARTESIAN_POINT ( 'NONE',  ( 20.25000000000000000, -3.037499999999999645, 90.61874999999999147 ) ) ;
#1780 = CARTESIAN_POINT ( 'NONE',  ( 8.375079882868803338, -3.037500000000000533, 95.67420151906458159 ) ) ;
#1781 = VERTEX_POINT ( 'NONE', #4478 ) ;
#1782 = ORIENTED_EDGE ( 'NONE', *, *, #5231, .T. ) ;
#1783 = CARTESIAN_POINT ( 'NONE',  ( 1.439227467122849768, -4.049999999999999822, 95.20556455095498904 ) ) ;
#1784 = AXIS2_PLACEMENT_3D ( 'NONE', #1088, #1478, #5393 ) ;
#1785 = PRESENTATION_LAYER_ASSIGNMENT (  '', '', ( #5660 ) ) ;
#1786 = FILL_AREA_STYLE ('',( #2245 ) ) ;
#1787 = FILL_AREA_STYLE ('',( #266 ) ) ;
#1788 = PLANE ( 'NONE',  #4771 ) ;
#1789 = ORIENTED_EDGE ( 'NONE', *, *, #4651, .F. ) ;
#1790 = CARTESIAN_POINT ( 'NONE',  ( 8.801213444040087097, 24.49794688733665993, 46.47375000940625256 ) ) ;
#1791 = ORIENTED_EDGE ( 'NONE', *, *, #2891, .F. ) ;
#1792 = FACE_OUTER_BOUND ( 'NONE', #3628, .T. ) ;
#1793 = EDGE_CURVE ( 'NONE', #1157, #102, #4530, .T. ) ;
#1794 = PRESENTATION_LAYER_ASSIGNMENT (  '', '', ( #2806 ) ) ;
#1795 = PRESENTATION_LAYER_ASSIGNMENT (  '', '', ( #1290 ) ) ;
#1796 = CARTESIAN_POINT ( 'NONE',  ( -8.395243234177440783, 1.155986991554644794, 42.64178930210640317 ) ) ;
#1797 = CARTESIAN_POINT ( 'NONE',  ( -8.342016484998705295, 1.162614805289837294, 93.88875539042641094 ) ) ;
#1798 = EDGE_CURVE ( 'NONE', #5780, #2725, #3473, .T. ) ;
#1799 = CARTESIAN_POINT ( 'NONE',  ( -40.50000000000000000, 2.024999999999999911, 26.73000000000000043 ) ) ;
#1800 = CARTESIAN_POINT ( 'NONE',  ( 2.165035872641954295, 28.08575244633779633, 90.61875001831835164 ) ) ;
#1801 =( NAMED_UNIT ( * ) PLANE_ANGLE_UNIT ( ) SI_UNIT ( $, .RADIAN. ) );
#1802 = PRESENTATION_LAYER_ASSIGNMENT (  '', '', ( #993 ) ) ;
#1803 = CARTESIAN_POINT ( 'NONE',  ( 1.012499999999961542, 7.087499999999995914, 90.61874999999999147 ) ) ;
#1804 = ORIENTED_EDGE ( 'NONE', *, *, #566, .T. ) ;
#1805 = VECTOR ( 'NONE', #555, 1000.000000000000000 ) ;
#1806 = CARTESIAN_POINT ( 'NONE',  ( -9.417552703408738068, 21.67059568822504900, 43.39682540387144627 ) ) ;
#1807 =( GEOMETRIC_REPRESENTATION_CONTEXT ( 3 ) GLOBAL_UNCERTAINTY_ASSIGNED_CONTEXT ( ( #1848 ) ) GLOBAL_UNIT_ASSIGNED_CONTEXT ( ( #2046, #3959, #2961 ) ) REPRESENTATION_CONTEXT ( 'NONE', 'WORKASPACE' ) );
#1808 = CARTESIAN_POINT ( 'NONE',  ( 10.62500000000000000, 28.14749999999999375, 3.843567104199589366E-15 ) ) ;
#1809 = CARTESIAN_POINT ( 'NONE',  ( 20.25000000000000000, 28.14749999999999375, 137.0924999999999727 ) ) ;
#1810 = CARTESIAN_POINT ( 'NONE',  ( -0.3797767797267380119, 23.55635403437458919, 50.89306413663314288 ) ) ;
#1811 = PRESENTATION_STYLE_ASSIGNMENT (( #1368 ) ) ;
#1812 = DIRECTION ( 'NONE',  ( 0.000000000000000000, 1.000000000000000000, 0.000000000000000000 ) ) ;
#1813 = CARTESIAN_POINT ( 'NONE',  ( 10.62500000000000000, 29.16000000000003922, 37.16643538402556146 ) ) ;
#1814 = PRESENTATION_STYLE_ASSIGNMENT (( #2301 ) ) ;
#1815 = STYLED_ITEM ( 'NONE', ( #5098 ), #288 ) ;
#1816 = DIRECTION ( 'NONE',  ( 0.000000000000000000, 0.000000000000000000, 1.000000000000000000 ) ) ;
#1817 = ORIENTED_EDGE ( 'NONE', *, *, #65, .T. ) ;
#1818 = UNCERTAINTY_MEASURE_WITH_UNIT (LENGTH_MEASURE( 1.000000000000000082E-05 ), #3303, 'distance_accuracy_value', 'NONE');
#1819 =( NAMED_UNIT ( * ) PLANE_ANGLE_UNIT ( ) SI_UNIT ( $, .RADIAN. ) );
#1820 = ORIENTED_EDGE ( 'NONE', *, *, #1370, .T. ) ;
#1821 = CARTESIAN_POINT ( 'NONE',  ( -9.112499999999998934, -1.060937496143707730E-13, 102.2625000000000028 ) ) ;
#1822 = CARTESIAN_POINT ( 'NONE',  ( 6.904859113992267261, -4.049999999999968736, 92.48038920841634081 ) ) ;
#1823 = VECTOR ( 'NONE', #4045, 1000.000000000000000 ) ;
#1824 = CARTESIAN_POINT ( 'NONE',  ( -5.973749999999992788, 3.085608286484817143E-16, 26.69249999999999901 ) ) ;
#1825 =( GEOMETRIC_REPRESENTATION_CONTEXT ( 3 ) GLOBAL_UNCERTAINTY_ASSIGNED_CONTEXT ( ( #3475 ) ) GLOBAL_UNIT_ASSIGNED_CONTEXT ( ( #4023, #1369, #4757 ) ) REPRESENTATION_CONTEXT ( 'NONE', 'WORKASPACE' ) );
#1826 = SURFACE_STYLE_FILL_AREA ( #1786 ) ;
#1827 = DIRECTION ( 'NONE',  ( -1.000000000000000000, 0.000000000000000000, 0.000000000000000000 ) ) ;
#1828 = CARTESIAN_POINT ( 'NONE',  ( 5.762458947216172689, 29.16000000000001791, 37.78257329955147270 ) ) ;
#1829 = VERTEX_POINT ( 'NONE', #4049 ) ;
#1830 = CARTESIAN_POINT ( 'NONE',  ( 10.19083460900543159, 29.16000000000003922, 36.38802911105115356 ) ) ;
#1831 = ORIENTED_EDGE ( 'NONE', *, *, #750, .T. ) ;
#1832 = SURFACE_SIDE_STYLE ('',( #3177 ) ) ;
#1833 = AXIS2_PLACEMENT_3D ( 'NONE', #5714, #2931, #3352 ) ;
#1834 = PRESENTATION_LAYER_ASSIGNMENT (  '', '', ( #3051 ) ) ;
#1835 = CARTESIAN_POINT ( 'NONE',  ( -9.275425907801293945, 3.095472375875373938, 43.51624445934366037 ) ) ;
#1836 = LINE ( 'NONE', #2356, #3308 ) ;
#1837 = FILL_AREA_STYLE ('',( #4873 ) ) ;
#1838 = TOROIDAL_SURFACE ( 'NONE', #828, 8.137499999999995737, 3.000000000000000000 ) ;
#1839 = CARTESIAN_POINT ( 'NONE',  ( 1.012499999999999956, 28.14749999999999375, 3.843567104199589366E-15 ) ) ;
#1840 = SURFACE_STYLE_FILL_AREA ( #3242 ) ;
#1841 = EDGE_CURVE ( 'NONE', #1693, #4738, #702, .T. ) ;
#1842 = FILL_AREA_STYLE ('',( #2222 ) ) ;
#1843 = ORIENTED_EDGE ( 'NONE', *, *, #3510, .F. ) ;
#1844 = EDGE_CURVE ( 'NONE', #3814, #151, #2990, .T. ) ;
#1845 = FACE_OUTER_BOUND ( 'NONE', #2059, .T. ) ;
#1846 = DIRECTION ( 'NONE',  ( -1.000000000000000000, -0.000000000000000000, 0.000000000000000000 ) ) ;
#1847 = CARTESIAN_POINT ( 'NONE',  ( 10.12500000000000000, -3.621089756750340616, 97.66761197181881471 ) ) ;
#1848 = UNCERTAINTY_MEASURE_WITH_UNIT (LENGTH_MEASURE( 1.000000000000000082E-05 ), #2046, 'distance_accuracy_value', 'NONE');
#1849 = CARTESIAN_POINT ( 'NONE',  ( 7.929295875873521027, -4.049999999999965183, 36.83518982966703703 ) ) ;
#1850 = CARTESIAN_POINT ( 'NONE',  ( -1.418899075441576896, 21.47881191747506691, 52.37536490753309693 ) ) ;
#1851 = SURFACE_SIDE_STYLE ('',( #4722 ) ) ;
#1852 = EDGE_CURVE ( 'NONE', #1383, #2676, #220, .T. ) ;
#1853 = SURFACE_STYLE_USAGE ( .BOTH. , #2792 ) ;
#1854 = CARTESIAN_POINT ( 'NONE',  ( 10.12500000000000000, 29.07130540213517733, 37.93832813541065718 ) ) ;
#1855 = VERTEX_POINT ( 'NONE', #581 ) ;
#1856 = DIRECTION ( 'NONE',  ( 6.938893903907220489E-16, -1.000000000000000000, 1.432702293493328890E-15 ) ) ;
#1857 = ORIENTED_EDGE ( 'NONE', *, *, #2759, .F. ) ;
#1858 = LINE ( 'NONE', #5305, #3776 ) ;
#1859 = CARTESIAN_POINT ( 'NONE',  ( 4.568528209927580797, -2.394682976871261193, 90.61874996594940512 ) ) ;
#1860 = FILL_AREA_STYLE_COLOUR ( '', #2190 ) ;
#1861 = DIRECTION ( 'NONE',  ( 0.000000000000000000, 0.7071067811865490160, -0.7071067811865461294 ) ) ;
#1862 = CARTESIAN_POINT ( 'NONE',  ( -6.102714662081558217, 21.97124999999999773, 35.19250000000000256 ) ) ;
#1863 = SURFACE_STYLE_USAGE ( .BOTH. , #1891 ) ;
#1864 = EDGE_LOOP ( 'NONE', ( #5010, #3289, #2682, #4190 ) ) ;
#1865 = CARTESIAN_POINT ( 'NONE',  ( 1.012499999999978639, -3.037499999999999645, 46.47375000000000256 ) ) ;
#1866 = ORIENTED_EDGE ( 'NONE', *, *, #3171, .T. ) ;
#1867 = CARTESIAN_POINT ( 'NONE',  ( 1.964170864069487710, -3.037500000000000533, 46.38651193662585825 ) ) ;
#1868 =( NAMED_UNIT ( * ) SI_UNIT ( $, .STERADIAN. ) SOLID_ANGLE_UNIT ( ) );
#1869 = DIRECTION ( 'NONE',  ( 1.000000000000000000, 0.000000000000000000, 0.000000000000000000 ) ) ;
#1870 = PLANE ( 'NONE',  #1068 ) ;
#1871 = DIRECTION ( 'NONE',  ( 0.000000000000000000, 1.000000000000000000, -1.885568995626965026E-16 ) ) ;
#1872 = CARTESIAN_POINT ( 'NONE',  ( 8.375829477255003042, 29.16000000000003567, 100.3898739413544234 ) ) ;
#1873 = SURFACE_SIDE_STYLE ('',( #1840 ) ) ;
#1874 = VERTEX_POINT ( 'NONE', #1533 ) ;
#1875 = VECTOR ( 'NONE', #2074, 1000.000000000000000 ) ;
#1876 = LINE ( 'NONE', #4415, #2137 ) ;
#1877 = SURFACE_STYLE_USAGE ( .BOTH. , #2886 ) ;
#1878 = CARTESIAN_POINT ( 'NONE',  ( -1.177672308315536265, 3.032680858273630431, 85.10220076909172349 ) ) ;
#1879 = MECHANICAL_DESIGN_GEOMETRIC_PRESENTATION_REPRESENTATION (  '', ( #3401 ), #2775 ) ;
#1880 = CARTESIAN_POINT ( 'NONE',  ( -0.5829063351682614025, 23.23360942549052055, 51.15031512937267877 ) ) ;
#1881 = SURFACE_STYLE_FILL_AREA ( #5378 ) ;
#1882 = CARTESIAN_POINT ( 'NONE',  ( 1.012499999999961542, 7.087499999999992362, 26.69249999999999901 ) ) ;
#1883 = CARTESIAN_POINT ( 'NONE',  ( 1.012499999999961542, 7.087499999999999467, 110.3999999999999915 ) ) ;
#1884 = EDGE_CURVE ( 'NONE', #2438, #3611, #3024, .T. ) ;
#1885 = EDGE_CURVE ( 'NONE', #5171, #4027, #2127, .T. ) ;
#1886 =( BOUNDED_SURFACE ( )  B_SPLINE_SURFACE ( 3, 2, ( 
 ( #2567, #3491, #3522 ),
 ( #1066, #1097, #1156 ),
 ( #3463, #599, #185 ),
 ( #630, #2504, #3042 ),
 ( #5524, #5403, #211 ),
 ( #4005, #2632, #4996 ),
 ( #5971, #4518, #5022 ),
 ( #657, #3100, #5057 ),
 ( #152, #1644, #5938 ),
 ( #691, #2085, #4465 ),
 ( #93, #1615, #2536 ),
 ( #2025, #122, #3011 ),
 ( #4965, #4493, #1580 ),
 ( #4039, #3555, #1128 ),
 ( #3072, #2597, #4550 ),
 ( #2118, #4067, #4233 ),
 ( #2715, #6156, #6032 ),
 ( #780, #3133, #748 ),
 ( #1790, #4094, #816 ),
 ( #3268, #2249, #3681 ),
 ( #5089, #5214, #1192 ),
 ( #235, #5616, #2681 ),
 ( #719, #3169, #2177 ),
 ( #4640, #2745, #6124 ),
 ( #5145, #369, #1256 ),
 ( #1733, #4201, #4708 ),
 ( #847, #270, #2773 ),
 ( #4675, #3749, #2658 ),
 ( #4737, #3196, #306 ),
 ( #4130, #5646, #337 ),
 ( #5552, #1759, #3714 ),
 ( #1286, #4612, #3234 ),
 ( #5680, #1666, #3610 ),
 ( #2214, #6064, #5179 ),
 ( #2279, #1322, #1703 ),
 ( #3647, #5583, #1225 ),
 ( #5119, #4166, #6095 ),
 ( #3901, #1416, #1830 ) ),
 .UNSPECIFIED., .F., .F., .F. ) 
 B_SPLINE_SURFACE_WITH_KNOTS ( ( 4, 2, 2, 2, 2, 2, 2, 2, 2, 2, 2, 2, 2, 2, 2, 2, 2, 2, 4 ),
 ( 3, 3 ),
 ( 0.01803614591985415808, 0.01812300996936208608, 0.01820987401887001061, 0.01838360211788586662, 0.01847046616739379116, 0.01855733021690171916, 0.01873105831591757170, 0.01907851451394927678, 0.01942597071198098185, 0.01977342691001268693, 0.02012088310804439201, 0.02081579550410780216, 0.02151070790017121231, 0.02220562029623462247, 0.02359544508836144278, 0.02498526988048826308, 0.02637509467261508339, 0.02776491946474190370, 0.02915474425686872401 ),
 ( 0.000000000000000000, 1.000000000000000000 ),
 .UNSPECIFIED. ) 
 GEOMETRIC_REPRESENTATION_ITEM ( )  RATIONAL_B_SPLINE_SURFACE ( (
 ( 1.000000000000000000, 0.9746794344808940025, 1.000000000000000000),
 ( 1.000000000000000000, 0.9746799479852622516, 1.000000000000000000),
 ( 1.000000000000000000, 0.9743568196694345485, 1.000000000000000000),
 ( 1.000000000000000000, 0.9731141381503118915, 1.000000000000000000),
 ( 1.000000000000000000, 0.9721824285868080340, 1.000000000000000000),
 ( 1.000000000000000000, 0.9687194485353631812, 1.000000000000000000),
 ( 1.000000000000000000, 0.9655513060546541126, 1.000000000000000000),
 ( 1.000000000000000000, 0.9601634611580227574, 1.000000000000000000),
 ( 1.000000000000000000, 0.9582586981073072385, 1.000000000000000000),
 ( 1.000000000000000000, 0.9543671507068985926, 1.000000000000000000),
 ( 1.000000000000000000, 0.9523716756011918472, 1.000000000000000000),
 ( 1.000000000000000000, 0.9463063569838301436, 1.000000000000000000),
 ( 1.000000000000000000, 0.9421616744664044196, 1.000000000000000000),
 ( 1.000000000000000000, 0.9297497655257809246, 1.000000000000000000),
 ( 1.000000000000000000, 0.9215223295673440340, 1.000000000000000000),
 ( 1.000000000000000000, 0.9058000326082873421, 1.000000000000000000),
 ( 1.000000000000000000, 0.8982849355800530677, 1.000000000000000000),
 ( 1.000000000000000000, 0.8840834982023062505, 1.000000000000000000),
 ( 1.000000000000000000, 0.8773909257624820102, 1.000000000000000000),
 ( 1.000000000000000000, 0.8647921572181610506, 1.000000000000000000),
 ( 1.000000000000000000, 0.8588839873657589941, 1.000000000000000000),
 ( 1.000000000000000000, 0.8422167834826752575, 1.000000000000000000),
 ( 1.000000000000000000, 0.8325102047506139913, 1.000000000000000000),
 ( 1.000000000000000000, 0.8152246893039808429, 1.000000000000000000),
 ( 1.000000000000000000, 0.8076429853543291015, 1.000000000000000000),
 ( 1.000000000000000000, 0.7940519269257041435, 1.000000000000000000),
 ( 1.000000000000000000, 0.7880434873699270204, 1.000000000000000000),
 ( 1.000000000000000000, 0.7717756809104542315, 1.000000000000000000),
 ( 1.000000000000000000, 0.7632188848040289963, 1.000000000000000000),
 ( 1.000000000000000000, 0.7490171115735123619, 1.000000000000000000),
 ( 1.000000000000000000, 0.7433321590432623305, 1.000000000000000000),
 ( 1.000000000000000000, 0.7336101691056534646, 1.000000000000000000),
 ( 1.000000000000000000, 0.7295865456048090669, 1.000000000000000000),
 ( 1.000000000000000000, 0.7225791767270267618, 1.000000000000000000),
 ( 1.000000000000000000, 0.7196540846722968565, 1.000000000000000000),
 ( 1.000000000000000000, 0.7145796383773511673, 1.000000000000000000),
 ( 1.000000000000000000, 0.7124233275652542829, 1.000000000000000000),
 ( 1.000000000000000000, 0.7105100200589955506, 1.000000000000000000) ) ) 
 REPRESENTATION_ITEM ( '' )  SURFACE ( )  );
#1887 = ORIENTED_EDGE ( 'NONE', *, *, #4818, .T. ) ;
#1888 = ORIENTED_EDGE ( 'NONE', *, *, #3247, .F. ) ;
#1889 = CARTESIAN_POINT ( 'NONE',  ( 2.153821655295900861, -4.049999999999996270, 95.96325434604440829 ) ) ;
#1890 = CARTESIAN_POINT ( 'NONE',  ( 1.130329431511561511, 29.15999999999999304, 95.03213518033507512 ) ) ;
#1891 = SURFACE_SIDE_STYLE ('',( #27 ) ) ;
#1892 = EDGE_LOOP ( 'NONE', ( #3299, #3372, #5543, #1450 ) ) ;
#1893 = PRESENTATION_STYLE_ASSIGNMENT (( #6261 ) ) ;
#1894 = ORIENTED_EDGE ( 'NONE', *, *, #2626, .T. ) ;
#1895 = VECTOR ( 'NONE', #5293, 1000.000000000000000 ) ;
#1896 =( NAMED_UNIT ( * ) SI_UNIT ( $, .STERADIAN. ) SOLID_ANGLE_UNIT ( ) );
#1897 =( NAMED_UNIT ( * ) PLANE_ANGLE_UNIT ( ) SI_UNIT ( $, .RADIAN. ) );
#1898 = CARTESIAN_POINT ( 'NONE',  ( -9.189109521178194129, 2.618599751906824036, 42.06036481966481944 ) ) ;
#1899 = VECTOR ( 'NONE', #3792, 1000.000000000000000 ) ;
#1900 = LINE ( 'NONE', #3851, #3205 ) ;
#1901 = SURFACE_SIDE_STYLE ('',( #2852 ) ) ;
#1902 = SURFACE_STYLE_USAGE ( .BOTH. , #1873 ) ;
#1903 = CARTESIAN_POINT ( 'NONE',  ( 1.012504699743080216, -3.037499999999999645, 90.61874999999999147 ) ) ;
#1904 = ORIENTED_EDGE ( 'NONE', *, *, #4535, .T. ) ;
#1905 = VECTOR ( 'NONE', #727, 1000.000000000000000 ) ;
#1906 =( NAMED_UNIT ( * ) PLANE_ANGLE_UNIT ( ) SI_UNIT ( $, .RADIAN. ) );
#1907 = LINE ( 'NONE', #2824, #2684 ) ;
#1908 = SURFACE_STYLE_USAGE ( .BOTH. , #38 ) ;
#1909 = PRESENTATION_LAYER_ASSIGNMENT (  '', '', ( #976 ) ) ;
#1910 = CARTESIAN_POINT ( 'NONE',  ( 11.07645002354539443, 5.977304105764299713, 46.47374999999999545 ) ) ;
#1911 = PRESENTATION_STYLE_ASSIGNMENT (( #4290 ) ) ;
#1912 = SURFACE_SIDE_STYLE ('',( #1881 ) ) ;
#1913 = CARTESIAN_POINT ( 'NONE',  ( -4.391018798566292958E-14, -1.228023479635042760E-14, 42.06036481966498997 ) ) ;
#1914 = VECTOR ( 'NONE', #3983, 1000.000000000000000 ) ;
#1915 = ORIENTED_EDGE ( 'NONE', *, *, #3121, .F. ) ;
#1916 = EDGE_CURVE ( 'NONE', #5433, #2765, #1453, .T. ) ;
#1917 = DIRECTION ( 'NONE',  ( 0.000000000000000000, 1.000000000000000000, -1.816180056587889784E-16 ) ) ;
#1918 = ORIENTED_EDGE ( 'NONE', *, *, #3325, .F. ) ;
#1919 = FILL_AREA_STYLE ('',( #3293 ) ) ;
#1920 = CARTESIAN_POINT ( 'NONE',  ( 7.054348704948318449, -4.049999999999966960, 99.93189844553421608 ) ) ;
#1921 = EDGE_CURVE ( 'NONE', #4380, #1122, #1077, .T. ) ;
#1922 = PRESENTATION_LAYER_ASSIGNMENT (  '', '', ( #804 ) ) ;
#1923 = DIRECTION ( 'NONE',  ( 0.000000000000000000, 0.7071067811865460184, 0.7071067811865489050 ) ) ;
#1924 = CARTESIAN_POINT ( 'NONE',  ( 4.276877045862049087, 29.16000000000001791, 98.21511596699453150 ) ) ;
#1925 = ORIENTED_EDGE ( 'NONE', *, *, #1647, .F. ) ;
#1926 = CARTESIAN_POINT ( 'NONE',  ( -7.578847391416579704, 25.10999999999999588, 23.69249999999999901 ) ) ;
#1927 = ORIENTED_EDGE ( 'NONE', *, *, #5342, .T. ) ;
#1928 = CARTESIAN_POINT ( 'NONE',  ( 10.12500000000000178, -4.049999999999950973, 36.39402376808406814 ) ) ;
#1929 = EDGE_CURVE ( 'NONE', #2810, #1552, #5919, .T. ) ;
#1930 =( GEOMETRIC_REPRESENTATION_CONTEXT ( 3 ) GLOBAL_UNCERTAINTY_ASSIGNED_CONTEXT ( ( #5893 ) ) GLOBAL_UNIT_ASSIGNED_CONTEXT ( ( #2196, #225, #706 ) ) REPRESENTATION_CONTEXT ( 'NONE', 'WORKASPACE' ) );
#1931 = PRESENTATION_STYLE_ASSIGNMENT (( #2414 ) ) ;
#1932 = CARTESIAN_POINT ( 'NONE',  ( 1.012499999999961542, -4.050000000000006928, 46.47374999999998835 ) ) ;
#1933 = CARTESIAN_POINT ( 'NONE',  ( 10.76453242201837845, 29.16000000000246928, 91.18554152088114506 ) ) ;
#1934 = CARTESIAN_POINT ( 'NONE',  ( 10.12500000000000000, -3.370430864605014953, 40.14504383442829294 ) ) ;
#1935 = ORIENTED_EDGE ( 'NONE', *, *, #1955, .T. ) ;
#1936 = PRESENTATION_LAYER_ASSIGNMENT (  '', '', ( #515 ) ) ;
#1937 = STYLED_ITEM ( 'NONE', ( #2829 ), #986 ) ;
#1938 = DIRECTION ( 'NONE',  ( -1.000000000000000000, 0.000000000000000000, 0.000000000000000000 ) ) ;
#1939 = AXIS2_PLACEMENT_3D ( 'NONE', #4451, #3961, #646 ) ;
#1940 = CARTESIAN_POINT ( 'NONE',  ( -9.047354871318857406, 2.307242340065240427, 41.95866113402462361 ) ) ;
#1941 = STYLED_ITEM ( 'NONE', ( #1529 ), #1029 ) ;
#1942 = CARTESIAN_POINT ( 'NONE',  ( 11.02899686258729872, -4.049999999999946532, 46.26539387000801185 ) ) ;
#1943 = CARTESIAN_POINT ( 'NONE',  ( 2.595807842567111834, -3.037499999999999201, 90.87470671130030553 ) ) ;
#1944 = DIRECTION ( 'NONE',  ( 0.000000000000000000, 0.000000000000000000, 1.000000000000000000 ) ) ;
#1945 = DIRECTION ( 'NONE',  ( -0.000000000000000000, 1.000000000000000000, 0.000000000000000000 ) ) ;
#1946 = SURFACE_STYLE_USAGE ( .BOTH. , #1971 ) ;
#1947 = UNCERTAINTY_MEASURE_WITH_UNIT (LENGTH_MEASURE( 1.000000000000000082E-05 ), #4555, 'distance_accuracy_value', 'NONE');
#1948 = CARTESIAN_POINT ( 'NONE',  ( -2.024999999999999911, 9.727687405591804024E-15, 53.56125000000000114 ) ) ;
#1949 = ORIENTED_EDGE ( 'NONE', *, *, #3436, .F. ) ;
#1950 = CARTESIAN_POINT ( 'NONE',  ( 9.043877225994149782, -4.049999999999954525, 92.06848604386756563 ) ) ;
#1951 = EDGE_CURVE ( 'NONE', #1509, #4263, #2519, .T. ) ;
#1952 = CARTESIAN_POINT ( 'NONE',  ( -2.024999999999999911, 18.02250000000000085, 53.56125000000000114 ) ) ;
#1953 = CARTESIAN_POINT ( 'NONE',  ( -49.50701142158430912, 0.000000000000000000, 23.69249999999999901 ) ) ;
#1954 = EDGE_LOOP ( 'NONE', ( #5247, #2548, #1949, #4581, #5873, #2714, #2738, #3447, #1558, #4551, #2139, #1278, #692, #1051, #5674 ) ) ;
#1955 = EDGE_CURVE ( 'NONE', #3997, #1574, #2835, .T. ) ;
#1956 = ORIENTED_EDGE ( 'NONE', *, *, #3246, .F. ) ;
#1957 = CARTESIAN_POINT ( 'NONE',  ( 7.257668962329698381, -3.037499999999999201, 42.13154745710662752 ) ) ;
#1958 = SURFACE_SIDE_STYLE ('',( #4405 ) ) ;
#1959 = SURFACE_STYLE_FILL_AREA ( #2321 ) ;
#1960 = CARTESIAN_POINT ( 'NONE',  ( 10.12500000000000000, 28.14749999999999375, 40.84195960390618296 ) ) ;
#1961 = CARTESIAN_POINT ( 'NONE',  ( 5.425044474223270186, 29.16000000000002146, 99.06719580286376470 ) ) ;
#1962 = EDGE_CURVE ( 'NONE', #939, #2063, #5984, .T. ) ;
#1963 = ORIENTED_EDGE ( 'NONE', *, *, #2151, .F. ) ;
#1964 = CARTESIAN_POINT ( 'NONE',  ( -2.024999999999999911, 18.02250000000000085, 83.53125000000000000 ) ) ;
#1965 = PRESENTATION_STYLE_ASSIGNMENT (( #1877 ) ) ;
#1966 = DIRECTION ( 'NONE',  ( -1.000000000000000000, 5.782411586589355667E-16, 0.000000000000000000 ) ) ;
#1967 = SURFACE_SIDE_STYLE ('',( #3050 ) ) ;
#1968 = PLANE ( 'NONE',  #4362 ) ;
#1969 = AXIS2_PLACEMENT_3D ( 'NONE', #850, #2776, #1869 ) ;
#1970 = CARTESIAN_POINT ( 'NONE',  ( 1.776328546778592088, -4.049999999999998934, 95.51411566398000730 ) ) ;
#1971 = SURFACE_SIDE_STYLE ('',( #2987 ) ) ;
#1972 = PLANE ( 'NONE',  #4074 ) ;
#1973 = PRESENTATION_STYLE_ASSIGNMENT (( #4531 ) ) ;
#1974 = LINE ( 'NONE', #2486, #4472 ) ;
#1975 = ORIENTED_EDGE ( 'NONE', *, *, #3045, .T. ) ;
#1976 =( GEOMETRIC_REPRESENTATION_CONTEXT ( 3 ) GLOBAL_UNCERTAINTY_ASSIGNED_CONTEXT ( ( #4700 ) ) GLOBAL_UNIT_ASSIGNED_CONTEXT ( ( #4213, #5101, #3691 ) ) REPRESENTATION_CONTEXT ( 'NONE', 'WORKASPACE' ) );
#1977 = CARTESIAN_POINT ( 'NONE',  ( -0.9922330760743691691, 2.631620286490313987, 51.71300372099060638 ) ) ;
#1978 = FILL_AREA_STYLE_COLOUR ( '', #4789 ) ;
#1979 = AXIS2_PLACEMENT_3D ( 'NONE', #4279, #2910, #507 ) ;
#1980 = CARTESIAN_POINT ( 'NONE',  ( 10.62500000000000000, 22.07249999999999801, 137.0924999999999727 ) ) ;
#1981 = SHAPE_DEFINITION_REPRESENTATION ( #1747, #1035 ) ;
#1982 =( NAMED_UNIT ( * ) SI_UNIT ( $, .STERADIAN. ) SOLID_ANGLE_UNIT ( ) );
#1983 = ORIENTED_EDGE ( 'NONE', *, *, #54, .T. ) ;
#1984 = CARTESIAN_POINT ( 'NONE',  ( -8.466129728950923194, 23.69285845828475345, 93.66649332562695918 ) ) ;
#1985 = ORIENTED_EDGE ( 'NONE', *, *, #2470, .F. ) ;
#1986 = CARTESIAN_POINT ( 'NONE',  ( 5.098240179699572217, -3.037500000000000089, 44.49229672431709304 ) ) ;
#1987 = DIRECTION ( 'NONE',  ( 0.000000000000000000, -1.000000000000000000, 2.344019796382526573E-16 ) ) ;
#1988 = VECTOR ( 'NONE', #2492, 1000.000000000000000 ) ;
#1989 = DIRECTION ( 'NONE',  ( 0.000000000000000000, 0.000000000000000000, 1.000000000000000000 ) ) ;
#1990 = SURFACE_STYLE_USAGE ( .BOTH. , #3489 ) ;
#1991 = SURFACE_STYLE_USAGE ( .BOTH. , #2360 ) ;
#1992 = ORIENTED_EDGE ( 'NONE', *, *, #100, .T. ) ;
#1993 = EDGE_CURVE ( 'NONE', #5058, #2746, #3536, .T. ) ;
#1994 = VECTOR ( 'NONE', #1183, 1000.000000000000000 ) ;
#1995 = PRESENTATION_LAYER_ASSIGNMENT (  '', '', ( #677 ) ) ;
#1996 = EDGE_CURVE ( 'NONE', #5770, #4380, #3111, .T. ) ;
#1997 = CARTESIAN_POINT ( 'NONE',  ( -1.137691111671046418, 22.16746241277693485, 85.16322783966421639 ) ) ;
#1998 = DIRECTION ( 'NONE',  ( 1.000000000000000000, -4.510281037539699678E-17, 0.000000000000000000 ) ) ;
#1999 = CARTESIAN_POINT ( 'NONE',  ( -1.785159312474308813, 4.896774670345015679, 84.04707896592805128 ) ) ;
#2000 = LINE ( 'NONE', #4912, #4189 ) ;
#2001 = VECTOR ( 'NONE', #509, 1000.000000000000000 ) ;
#2002 = PRESENTATION_LAYER_ASSIGNMENT (  '', '', ( #267 ) ) ;
#2003 = DIRECTION ( 'NONE',  ( -1.000000000000000000, -6.071532165918857963E-15, 1.144829280800842736E-30 ) ) ;
#2004 = PRESENTATION_STYLE_ASSIGNMENT (( #2481 ) ) ;
#2005 = DIRECTION ( 'NONE',  ( 6.938893903907471815E-18, -1.000000000000000000, 1.885568995626964780E-16 ) ) ;
#2006 = CARTESIAN_POINT ( 'NONE',  ( 20.25000000000000000, 1.097754699641572746E-16, 3.037499999999999645 ) ) ;
#2007 = PRESENTATION_STYLE_ASSIGNMENT (( #2459 ) ) ;
#2008 =( LENGTH_UNIT ( ) NAMED_UNIT ( * ) SI_UNIT ( .MILLI., .METRE. ) );
#2009 = CARTESIAN_POINT ( 'NONE',  ( -5.973749999999991012, 3.085608286484815664E-16, 35.19250000000000256 ) ) ;
#2010 = COLOUR_RGB ( '',0.1019607843137254888, 0.1019607843137254888, 0.1019607843137254888 ) ;
#2011 = EDGE_LOOP ( 'NONE', ( #3012, #5065, #1963 ) ) ;
#2012 = CARTESIAN_POINT ( 'NONE',  ( 6.632369389440556873, -4.049999999999967848, 99.74171187244812131 ) ) ;
#2013 = LINE ( 'NONE', #3963, #4623 ) ;
#2014 = COLOUR_RGB ( '',0.1019607843137254888, 0.1019607843137254888, 0.1019607843137254888 ) ;
#2015 = LINE ( 'NONE', #1055, #1988 ) ;
#2016 = ORIENTED_EDGE ( 'NONE', *, *, #5618, .F. ) ;
#2017 = CARTESIAN_POINT ( 'NONE',  ( -9.419828933235766755, 21.59011714008588001, 93.52325042141339395 ) ) ;
#2018 = ORIENTED_EDGE ( 'NONE', *, *, #5007, .T. ) ;
#2019 = LINE ( 'NONE', #2625, #1316 ) ;
#2020 =( LENGTH_UNIT ( ) NAMED_UNIT ( * ) SI_UNIT ( .MILLI., .METRE. ) );
#2021 = VECTOR ( 'NONE', #3591, 1000.000000000000000 ) ;
#2022 = CARTESIAN_POINT ( 'NONE',  ( 10.62500000000000000, 0.000000000000000000, 91.12500000000000000 ) ) ;
#2023 = LINE ( 'NONE', #4035, #5867 ) ;
#2024 = CARTESIAN_POINT ( 'NONE',  ( -9.112500000000013145, 11.43500000000000227, 102.2625000000000028 ) ) ;
#2025 = CARTESIAN_POINT ( 'NONE',  ( 5.624831523287366686, 27.04345717280081018, 46.47374994800569681 ) ) ;
#2026 = ORIENTED_EDGE ( 'NONE', *, *, #3832, .F. ) ;
#2027 = VECTOR ( 'NONE', #1630, 1000.000000000000000 ) ;
#2028 = CARTESIAN_POINT ( 'NONE',  ( -1.958453925957365227, 19.18148266304494243, 83.68274581871938267 ) ) ;
#2029 = FILL_AREA_STYLE ('',( #97 ) ) ;
#2030 = ADVANCED_FACE ( 'NONE', ( #1109 ), #5890, .F. ) ;
#2031 = SURFACE_STYLE_FILL_AREA ( #4971 ) ;
#2032 = EDGE_CURVE ( 'NONE', #5741, #5996, #6143, .T. ) ;
#2033 = UNCERTAINTY_MEASURE_WITH_UNIT (LENGTH_MEASURE( 1.000000000000000082E-05 ), #5432, 'distance_accuracy_value', 'NONE');
#2034 = CIRCLE ( 'NONE', #6204, 10.12500000000000000 ) ;
#2035 = DIRECTION ( 'NONE',  ( 1.000000000000000000, 0.000000000000000000, 0.000000000000000000 ) ) ;
#2036 = COLOUR_RGB ( '',0.1019607843137254888, 0.1019607843137254888, 0.1019607843137254888 ) ;
#2037 = CARTESIAN_POINT ( 'NONE',  ( 10.12490452341907421, -3.516364777668389507, 97.42815625661950207 ) ) ;
#2038 = ORIENTED_EDGE ( 'NONE', *, *, #5496, .T. ) ;
#2039 = CARTESIAN_POINT ( 'NONE',  ( 20.25000000000000000, -3.037499999999999645, 6.093251410737770232E-15 ) ) ;
#2040 = CARTESIAN_POINT ( 'NONE',  ( 1.012499999999967315, 7.087500000000000355, 90.61874999999999147 ) ) ;
#2041 =( GEOMETRIC_REPRESENTATION_CONTEXT ( 3 ) GLOBAL_UNCERTAINTY_ASSIGNED_CONTEXT ( ( #4632 ) ) GLOBAL_UNIT_ASSIGNED_CONTEXT ( ( #5327, #488, #520 ) ) REPRESENTATION_CONTEXT ( 'NONE', 'WORKASPACE' ) );
#2042 = DIRECTION ( 'NONE',  ( 2.498001805406605174E-16, 0.000000000000000000, -1.000000000000000000 ) ) ;
#2043 = CARTESIAN_POINT ( 'NONE',  ( 1.180338374032198878, -4.049999999999884359, 44.38319912629217612 ) ) ;
#2044 = EDGE_CURVE ( 'NONE', #5916, #1461, #3658, .T. ) ;
#2045 = AXIS2_PLACEMENT_3D ( 'NONE', #3472, #2517, #5008 ) ;
#2046 =( LENGTH_UNIT ( ) NAMED_UNIT ( * ) SI_UNIT ( .MILLI., .METRE. ) );
#2047 = ORIENTED_EDGE ( 'NONE', *, *, #2032, .T. ) ;
#2048 = SURFACE_SIDE_STYLE ('',( #5039 ) ) ;
#2049 = LINE ( 'NONE', #3031, #460 ) ;
#2050 =( NAMED_UNIT ( * ) SI_UNIT ( $, .STERADIAN. ) SOLID_ANGLE_UNIT ( ) );
#2051 = PRESENTATION_STYLE_ASSIGNMENT (( #5902 ) ) ;
#2052 = ORIENTED_EDGE ( 'NONE', *, *, #2805, .T. ) ;
#2053 = CARTESIAN_POINT ( 'NONE',  ( -9.443819813101816507, 21.68561029406854601, 93.94656620151623372 ) ) ;
#2054 = ORIENTED_EDGE ( 'NONE', *, *, #2545, .T. ) ;
#2055 = CARTESIAN_POINT ( 'NONE',  ( 20.25000000000000000, 25.10999999999999588, 0.000000000000000000 ) ) ;
#2056 = CARTESIAN_POINT ( 'NONE',  ( -9.112499999999998934, 7.087500000000000355, 90.61874999999999147 ) ) ;
#2057 =( NAMED_UNIT ( * ) SI_UNIT ( $, .STERADIAN. ) SOLID_ANGLE_UNIT ( ) );
#2058 = DIRECTION ( 'NONE',  ( -0.000000000000000000, 1.000000000000000000, 0.000000000000000000 ) ) ;
#2059 = EDGE_LOOP ( 'NONE', ( #2378, #3498, #5864, #3486 ) ) ;
#2060 = CARTESIAN_POINT ( 'NONE',  ( -40.50000000000000000, 2.024999999999999911, 26.69249999999999901 ) ) ;
#2061 = DIRECTION ( 'NONE',  ( -2.582639285611905427E-16, 2.238429243383175034E-33, -1.000000000000000000 ) ) ;
#2062 = DIRECTION ( 'NONE',  ( 1.000000000000000000, -2.891205793294678326E-16, 0.000000000000000000 ) ) ;
#2063 = VERTEX_POINT ( 'NONE', #2158 ) ;
#2064 = CARTESIAN_POINT ( 'NONE',  ( 4.638564266609139786, -4.049999999999981171, 98.50874706848451012 ) ) ;
#2065 = CARTESIAN_POINT ( 'NONE',  ( -9.112499999999998934, 10.93500000000000050, 102.2625000000000028 ) ) ;
#2066 = FACE_OUTER_BOUND ( 'NONE', #568, .T. ) ;
#2067 = DIRECTION ( 'NONE',  ( -1.000000000000000000, 0.000000000000000000, 0.000000000000000000 ) ) ;
#2068 = UNCERTAINTY_MEASURE_WITH_UNIT (LENGTH_MEASURE( 1.000000000000000082E-05 ), #666, 'distance_accuracy_value', 'NONE');
#2069 = SURFACE_SIDE_STYLE ('',( #1538 ) ) ;
#2070 = CARTESIAN_POINT ( 'NONE',  ( 10.62500000000000000, -4.050000000000006928, 23.69249999999998835 ) ) ;
#2071 = CARTESIAN_POINT ( 'NONE',  ( -0.05990367161066079832, 1.092403418564974915, 50.50887707771349255 ) ) ;
#2072 = FACE_OUTER_BOUND ( 'NONE', #6144, .T. ) ;
#2073 = EDGE_CURVE ( 'NONE', #2562, #664, #2488, .T. ) ;
#2074 = DIRECTION ( 'NONE',  ( 0.000000000000000000, -0.7071067811865515695, -0.7071067811865435759 ) ) ;
#2075 = EDGE_CURVE ( 'NONE', #720, #6203, #1714, .T. ) ;
#2076 = PRESENTATION_STYLE_ASSIGNMENT (( #142 ) ) ;
#2077 = COLOUR_RGB ( '',0.1019607843137254888, 0.1019607843137254888, 0.1019607843137254888 ) ;
#2078 = ORIENTED_EDGE ( 'NONE', *, *, #3990, .T. ) ;
#2079 = CARTESIAN_POINT ( 'NONE',  ( -9.444209420476896710, 21.63678751413203827, 93.80989651745532854 ) ) ;
#2080 = ORIENTED_EDGE ( 'NONE', *, *, #1723, .F. ) ;
#2081 = CARTESIAN_POINT ( 'NONE',  ( -2.024999999999999911, 18.02250000000000085, 0.000000000000000000 ) ) ;
#2082 = VECTOR ( 'NONE', #2061, 1000.000000000000000 ) ;
#2083 = CARTESIAN_POINT ( 'NONE',  ( -8.472619925441140509, 23.85999999999999588, 26.69249999999999901 ) ) ;
#2084 = ORIENTED_EDGE ( 'NONE', *, *, #5999, .F. ) ;
#2085 = CARTESIAN_POINT ( 'NONE',  ( 3.364750116668266511, 29.16000000000005699, 44.40483867171089116 ) ) ;
#2086 = ORIENTED_EDGE ( 'NONE', *, *, #1720, .T. ) ;
#2087 = VECTOR ( 'NONE', #820, 1000.000000000000000 ) ;
#2088 = CARTESIAN_POINT ( 'NONE',  ( -1.709311365101302549, 20.53279672252299903, 84.19579812363815563 ) ) ;
#2089 = VECTOR ( 'NONE', #401, 1000.000000000000000 ) ;
#2090 = DIRECTION ( 'NONE',  ( -2.775557561562890365E-16, 1.885568995626964780E-16, 1.000000000000000000 ) ) ;
#2091 = CARTESIAN_POINT ( 'NONE',  ( -0.2510859807169204538, 1.362472343744544512, 86.35652511426930289 ) ) ;
#2092 = PRESENTATION_STYLE_ASSIGNMENT (( #1494 ) ) ;
#2093 = ORIENTED_EDGE ( 'NONE', *, *, #709, .F. ) ;
#2094 = CARTESIAN_POINT ( 'NONE',  ( 52.87499999999997158, 23.85999999999997456, 35.19250000000000256 ) ) ;
#2095 = DIRECTION ( 'NONE',  ( -1.000000000000000000, 3.212450881438532241E-16, -6.057297782015010146E-32 ) ) ;
#2096 = CIRCLE ( 'NONE', #5053, 11.13749999999999396 ) ;
#2097 = SURFACE_SIDE_STYLE ('',( #1023 ) ) ;
#2098 = FACE_OUTER_BOUND ( 'NONE', #153, .T. ) ;
#2099 = CARTESIAN_POINT ( 'NONE',  ( -0.1854956984053458269, 1.268021583076880621, 50.65724743603772851 ) ) ;
#2100 = LINE ( 'NONE', #4627, #2027 ) ;
#2101 = COLOUR_RGB ( '',0.1019607843137254888, 0.1019607843137254888, 0.1019607843137254888 ) ;
#2102 = PRESENTATION_LAYER_ASSIGNMENT (  '', '', ( #1500 ) ) ;
#2103 =( NAMED_UNIT ( * ) SI_UNIT ( $, .STERADIAN. ) SOLID_ANGLE_UNIT ( ) );
#2104 = EDGE_CURVE ( 'NONE', #5916, #3868, #4237, .T. ) ;
#2105 = AXIS2_PLACEMENT_3D ( 'NONE', #4261, #1407, #930 ) ;
#2106 = ADVANCED_FACE ( 'NONE', ( #2293 ), #4247, .T. ) ;
#2107 = CARTESIAN_POINT ( 'NONE',  ( 10.12500000000000000, -3.037499999999999645, 96.25054039609395318 ) ) ;
#2108 = ORIENTED_EDGE ( 'NONE', *, *, #1334, .F. ) ;
#2109 = CARTESIAN_POINT ( 'NONE',  ( -8.481338461658786798, 23.30941707367301419, 92.70491201536333392 ) ) ;
#2110 = VERTEX_POINT ( 'NONE', #3624 ) ;
#2111 = EDGE_CURVE ( 'NONE', #5433, #3671, #3179, .T. ) ;
#2112 =( NAMED_UNIT ( * ) SI_UNIT ( $, .STERADIAN. ) SOLID_ANGLE_UNIT ( ) );
#2113 = CARTESIAN_POINT ( 'NONE',  ( 1.012500000002060307, -4.050000000000003375, 95.03213518033501828 ) ) ;
#2114 = AXIS2_PLACEMENT_3D ( 'NONE', #5271, #4506, #3505 ) ;
#2115 = CARTESIAN_POINT ( 'NONE',  ( -101.2500000000000000, 22.07249999999999801, 137.0924999999999727 ) ) ;
#2116 = ORIENTED_EDGE ( 'NONE', *, *, #3832, .T. ) ;
#2117 = COLOUR_RGB ( '',0.1019607843137254888, 0.1019607843137254888, 0.1019607843137254888 ) ;
#2118 = CARTESIAN_POINT ( 'NONE',  ( 7.828694725837674895, 25.52334096055269441, 46.47374997017010401 ) ) ;
#2119 = VERTEX_POINT ( 'NONE', #1808 ) ;
#2120 = EDGE_CURVE ( 'NONE', #2765, #5426, #731, .T. ) ;
#2121 = VECTOR ( 'NONE', #579, 1000.000000000000000 ) ;
#2122 = LINE ( 'NONE', #4939, #970 ) ;
#2123 = CARTESIAN_POINT ( 'NONE',  ( -0.2092165914238674762, 1.301952216001444063, 86.40688322899741536 ) ) ;
#2124 = SURFACE_STYLE_USAGE ( .BOTH. , #192 ) ;
#2125 = ORIENTED_EDGE ( 'NONE', *, *, #1169, .T. ) ;
#2126 = AXIS2_PLACEMENT_3D ( 'NONE', #2094, #4275, #1762 ) ;
#2127 = LINE ( 'NONE', #1656, #3095 ) ;
#2128 = MECHANICAL_DESIGN_GEOMETRIC_PRESENTATION_REPRESENTATION (  '', ( #2233 ), #4988 ) ;
#2129 = CARTESIAN_POINT ( 'NONE',  ( 3.135276948311838563, -4.049999999999994493, 39.98326769325311858 ) ) ;
#2130 = SURFACE_SIDE_STYLE ('',( #5601 ) ) ;
#2131 = VECTOR ( 'NONE', #4952, 1000.000000000000000 ) ;
#2132 = CARTESIAN_POINT ( 'NONE',  ( -1.915263850963941916, 5.598415190476098147, 53.31516221461501459 ) ) ;
#2133 = FILL_AREA_STYLE ('',( #3574 ) ) ;
#2134 = STYLED_ITEM ( 'NONE', ( #5290 ), #793 ) ;
#2135 = CIRCLE ( 'NONE', #1536, 3.000000000000000000 ) ;
#2136 = DIRECTION ( 'NONE',  ( 0.000000000000000000, 1.000000000000000000, 0.000000000000000000 ) ) ;
#2137 = VECTOR ( 'NONE', #2419, 1000.000000000000000 ) ;
#2138 = CARTESIAN_POINT ( 'NONE',  ( -5.973749999999999893, 25.10999999999999588, 45.96750000000000114 ) ) ;
#2139 = ORIENTED_EDGE ( 'NONE', *, *, #2613, .T. ) ;
#2140 = ORIENTED_EDGE ( 'NONE', *, *, #2324, .T. ) ;
#2141 = CARTESIAN_POINT ( 'NONE',  ( 2.815155342004374450, 28.14749999999999375, 46.13787614099615553 ) ) ;
#2142 = CARTESIAN_POINT ( 'NONE',  ( 0.000000000000000000, -2.986747800704527389, -0.05075219929546743308 ) ) ;
#2143 = B_SPLINE_CURVE_WITH_KNOTS ( 'NONE', 3,
 ( #6052, #4154, #2703, #3157 ),
 .UNSPECIFIED., .F., .F.,
 ( 4, 4 ),
 ( 0.000000000000000000, 0.001672493370079476118 ),
 .UNSPECIFIED. ) ;
#2144 = EDGE_CURVE ( 'NONE', #1218, #1226, #1907, .T. ) ;
#2145 = CARTESIAN_POINT ( 'NONE',  ( 1.925071415036263112, -4.050000000000001599, 41.40231114150294900 ) ) ;
#2146 = EDGE_CURVE ( 'NONE', #4436, #2899, #2231, .T. ) ;
#2147 =( NAMED_UNIT ( * ) SI_UNIT ( $, .STERADIAN. ) SOLID_ANGLE_UNIT ( ) );
#2148 =( NAMED_UNIT ( * ) SI_UNIT ( $, .STERADIAN. ) SOLID_ANGLE_UNIT ( ) );
#2149 = VERTEX_POINT ( 'NONE', #2859 ) ;
#2150 = ORIENTED_EDGE ( 'NONE', *, *, #333, .F. ) ;
#2151 = EDGE_CURVE ( 'NONE', #4611, #3942, #3603, .T. ) ;
#2152 = CARTESIAN_POINT ( 'NONE',  ( 1.964170926426440644, 28.14749999999999375, 90.70598807575811406 ) ) ;
#2153 =( LENGTH_UNIT ( ) NAMED_UNIT ( * ) SI_UNIT ( .MILLI., .METRE. ) );
#2154 = EDGE_CURVE ( 'NONE', #61, #2270, #4841, .T. ) ;
#2155 = CARTESIAN_POINT ( 'NONE',  ( 1.675682038082950687, 29.15999999999984027, 92.70786749693269257 ) ) ;
#2156 = CARTESIAN_POINT ( 'NONE',  ( 10.12495740338697736, -3.662602705952922477, 97.90581048249232765 ) ) ;
#2157 = ORIENTED_EDGE ( 'NONE', *, *, #3905, .T. ) ;
#2158 = CARTESIAN_POINT ( 'NONE',  ( 10.12500000000000000, 28.14749999999999375, 96.25054039609376844 ) ) ;
#2159 = CARTESIAN_POINT ( 'NONE',  ( 1.572237184918198194, -4.050000000000003375, 41.77467794334094719 ) ) ;
#2160 = DIRECTION ( 'NONE',  ( -0.000000000000000000, 1.000000000000000000, 0.000000000000000000 ) ) ;
#2161 = CYLINDRICAL_SURFACE ( 'NONE', #3543, 1.049999999999998934 ) ;
#2162 = CARTESIAN_POINT ( 'NONE',  ( 1.012499999999961542, 29.15999999999999304, 95.03213518033508933 ) ) ;
#2163 = PLANE ( 'NONE',  #4486 ) ;
#2164 = DIRECTION ( 'NONE',  ( -3.212450881438532241E-16, -1.000000000000000000, -6.108134582636244116E-49 ) ) ;
#2165 = CARTESIAN_POINT ( 'NONE',  ( 1.012499999999999956, 28.14749999999999375, -4.805530973150956219E-15 ) ) ;
#2166 = SURFACE_STYLE_USAGE ( .BOTH. , #1748 ) ;
#2167 = EDGE_LOOP ( 'NONE', ( #1696, #6054, #3176, #2575 ) ) ;
#2168 = CARTESIAN_POINT ( 'NONE',  ( 10.12500000000000000, 28.48043086460504725, 96.94745616557155188 ) ) ;
#2169 = ORIENTED_EDGE ( 'NONE', *, *, #1647, .T. ) ;
#2170 = VECTOR ( 'NONE', #4642, 1000.000000000000114 ) ;
#2171 = CARTESIAN_POINT ( 'NONE',  ( -3.688455790795686084E-14, 7.087499999999996803, 95.03213518033500407 ) ) ;
#2172 = AXIS2_PLACEMENT_3D ( 'NONE', #3255, #5202, #4725 ) ;
#2173 = CARTESIAN_POINT ( 'NONE',  ( 7.866043189547599290, -4.049999999999965183, 36.85595934221419157 ) ) ;
#2174 = DIRECTION ( 'NONE',  ( -1.000000000000000000, 3.212450881438532241E-16, 0.000000000000000000 ) ) ;
#2175 = SURFACE_STYLE_USAGE ( .BOTH. , #3131 ) ;
#2176 = ORIENTED_EDGE ( 'NONE', *, *, #2146, .T. ) ;
#2177 = CARTESIAN_POINT ( 'NONE',  ( 2.825404186850561050, 29.16000000000000014, 40.32832506747294588 ) ) ;
#2178 = ORIENTED_EDGE ( 'NONE', *, *, #1337, .T. ) ;
#2179 = VECTOR ( 'NONE', #1140, 1000.000000000000000 ) ;
#2180 = DIRECTION ( 'NONE',  ( -1.000000000000000000, 0.000000000000000000, 0.000000000000000000 ) ) ;
#2181 = LINE ( 'NONE', #4616, #4025 ) ;
#2182 = MECHANICAL_DESIGN_GEOMETRIC_PRESENTATION_REPRESENTATION (  '', ( #4946 ), #867 ) ;
#2183 = CARTESIAN_POINT ( 'NONE',  ( 1.439227467121004356, 29.16000000000000014, 95.20556455095407955 ) ) ;
#2184 = EDGE_CURVE ( 'NONE', #1473, #4436, #1372, .T. ) ;
#2185 = FACE_OUTER_BOUND ( 'NONE', #4728, .T. ) ;
#2186 = ORIENTED_EDGE ( 'NONE', *, *, #1844, .F. ) ;
#2187 = EDGE_CURVE ( 'NONE', #5311, #887, #2388, .T. ) ;
#2188 =( LENGTH_UNIT ( ) NAMED_UNIT ( * ) SI_UNIT ( .MILLI., .METRE. ) );
#2189 = ADVANCED_FACE ( 'NONE', ( #2451 ), #978, .F. ) ;
#2190 = COLOUR_RGB ( '',0.1019607843137254888, 0.1019607843137254888, 0.1019607843137254888 ) ;
#2191 = CARTESIAN_POINT ( 'NONE',  ( -5.973749999999990123, 22.32513839812875034, 101.8999999999999915 ) ) ;
#2192 = CARTESIAN_POINT ( 'NONE',  ( 9.150241880901324620, 1.056527704268048318, 46.47374999059404388 ) ) ;
#2193 =( GEOMETRIC_REPRESENTATION_CONTEXT ( 3 ) GLOBAL_UNCERTAINTY_ASSIGNED_CONTEXT ( ( #3410 ) ) GLOBAL_UNIT_ASSIGNED_CONTEXT ( ( #4055, #6051, #2103 ) ) REPRESENTATION_CONTEXT ( 'NONE', 'WORKASPACE' ) );
#2194 = FACE_OUTER_BOUND ( 'NONE', #2914, .T. ) ;
#2195 = CARTESIAN_POINT ( 'NONE',  ( -2.024999999999999911, 7.087500000000000355, 53.56125000000000114 ) ) ;
#2196 =( LENGTH_UNIT ( ) NAMED_UNIT ( * ) SI_UNIT ( .MILLI., .METRE. ) );
#2197 = PLANE ( 'NONE',  #423 ) ;
#2198 = VECTOR ( 'NONE', #2285, 1000.000000000000000 ) ;
#2199 = SURFACE_SIDE_STYLE ('',( #395 ) ) ;
#2200 = LINE ( 'NONE', #1809, #1895 ) ;
#2201 = ORIENTED_EDGE ( 'NONE', *, *, #5894, .F. ) ;
#2202 = UNCERTAINTY_MEASURE_WITH_UNIT (LENGTH_MEASURE( 1.000000000000000082E-05 ), #668, 'distance_accuracy_value', 'NONE');
#2203 = CARTESIAN_POINT ( 'NONE',  ( -8.472619925441140509, 23.85999999999999588, 38.19250000000000256 ) ) ;
#2204 = PRESENTATION_LAYER_ASSIGNMENT (  '', '', ( #4256 ) ) ;
#2205 = ORIENTED_EDGE ( 'NONE', *, *, #5415, .F. ) ;
#2206 = VECTOR ( 'NONE', #3607, 1000.000000000000000 ) ;
#2207 = FILL_AREA_STYLE_COLOUR ( '', #4293 ) ;
#2208 =( NAMED_UNIT ( * ) PLANE_ANGLE_UNIT ( ) SI_UNIT ( $, .RADIAN. ) );
#2209 = STYLED_ITEM ( 'NONE', ( #3639 ), #4844 ) ;
#2210 = VECTOR ( 'NONE', #1702, 1000.000000000000000 ) ;
#2211 = CARTESIAN_POINT ( 'NONE',  ( 8.099999999999999645, -3.037499999999999645, 90.61874999999999147 ) ) ;
#2212 = CARTESIAN_POINT ( 'NONE',  ( -9.763724428103474295, 4.210310366032235407, 36.72907947409422746 ) ) ;
#2213 = SURFACE_STYLE_USAGE ( .BOTH. , #4671 ) ;
#2214 = CARTESIAN_POINT ( 'NONE',  ( 11.03219711801254199, 19.48269491428417766, 46.47374999991237132 ) ) ;
#2215 = EDGE_LOOP ( 'NONE', ( #5215, #595, #1310, #1323 ) ) ;
#2216 =( GEOMETRIC_REPRESENTATION_CONTEXT ( 3 ) GLOBAL_UNCERTAINTY_ASSIGNED_CONTEXT ( ( #2477 ) ) GLOBAL_UNIT_ASSIGNED_CONTEXT ( ( #4180, #5628, #3861 ) ) REPRESENTATION_CONTEXT ( 'NONE', 'WORKASPACE' ) );
#2217 = B_SPLINE_SURFACE_WITH_KNOTS ( 'NONE', 3, 1, ( 
 ( #3427, #1425 ),
 ( #2944, #1934 ),
 ( #1460, #918 ),
 ( #5371, #3855 ),
 ( #4815, #944 ),
 ( #3394, #1008 ) ),
 .UNSPECIFIED., .F., .F., .F.,
 ( 4, 2, 4 ),
 ( 2, 2 ),
 ( 0.000000000000000000, 0.5000000000000000000, 1.000000000000000000 ),
 ( 0.000000000000000000, 1.000000000000000000 ),
 .UNSPECIFIED. ) ;
#2218 = CARTESIAN_POINT ( 'NONE',  ( -49.50701142158430912, 8.457484033760292845E-15, 113.4000000000000057 ) ) ;
#2219 = CARTESIAN_POINT ( 'NONE',  ( -9.275763929339893465, 3.196719606268493052, 93.35914162642055203 ) ) ;
#2220 = CARTESIAN_POINT ( 'NONE',  ( -7.796249999999991687, 18.02249999999999375, 35.26856028832671797 ) ) ;
#2221 = CARTESIAN_POINT ( 'NONE',  ( 9.683029876856510398, 23.27141431075050804, 90.61875001173801536 ) ) ;
#2222 = FILL_AREA_STYLE_COLOUR ( '', #4043 ) ;
#2223 = ORIENTED_EDGE ( 'NONE', *, *, #1720, .F. ) ;
#2224 = CARTESIAN_POINT ( 'NONE',  ( -9.319365997047199812, 22.18140024754866246, 42.06036481966484075 ) ) ;
#2225 = EDGE_CURVE ( 'NONE', #2873, #1604, #3913, .T. ) ;
#2226 = UNCERTAINTY_MEASURE_WITH_UNIT (LENGTH_MEASURE( 1.000000000000000082E-05 ), #2230, 'distance_accuracy_value', 'NONE');
#2227 = CARTESIAN_POINT ( 'NONE',  ( 3.480726024197709823, -4.049999999999928768, 44.40734129567954369 ) ) ;
#2228 = EDGE_CURVE ( 'NONE', #3925, #4263, #1396, .T. ) ;
#2229 = DIRECTION ( 'NONE',  ( -0.000000000000000000, -0.000000000000000000, 1.000000000000000000 ) ) ;
#2230 =( LENGTH_UNIT ( ) NAMED_UNIT ( * ) SI_UNIT ( .MILLI., .METRE. ) );
#2231 = B_SPLINE_CURVE_WITH_KNOTS ( 'NONE', 3,
 ( #948, #890, #2916, #1940, #922, #2364, #3373, #37 ),
 .UNSPECIFIED., .F., .F.,
 ( 4, 2, 2, 4 ),
 ( 4.089592198778869801E-16, 0.0002675330706077083480, 0.0005350661412150077350, 0.001070132282429607376 ),
 .UNSPECIFIED. ) ;
#2232 = SURFACE_STYLE_FILL_AREA ( #3667 ) ;
#2233 = STYLED_ITEM ( 'NONE', ( #4693 ), #644 ) ;
#2234 = DIRECTION ( 'NONE',  ( -1.000000000000000000, 0.000000000000000000, 0.000000000000000000 ) ) ;
#2235 = EDGE_CURVE ( 'NONE', #5386, #5780, #3795, .T. ) ;
#2236 =( NAMED_UNIT ( * ) PLANE_ANGLE_UNIT ( ) SI_UNIT ( $, .RADIAN. ) );
#2237 = AXIS2_PLACEMENT_3D ( 'NONE', #849, #6159, #4739 ) ;
#2238 = VERTEX_POINT ( 'NONE', #1363 ) ;
#2239 = CIRCLE ( 'NONE', #1222, 10.12499999999999645 ) ;
#2240 = ORIENTED_EDGE ( 'NONE', *, *, #5084, .F. ) ;
#2241 = PLANE ( 'NONE',  #3562 ) ;
#2242 = STYLED_ITEM ( 'NONE', ( #291 ), #5957 ) ;
#2243 = COLOUR_RGB ( '',0.1019607843137254888, 0.1019607843137254888, 0.1019607843137254888 ) ;
#2244 = LINE ( 'NONE', #4160, #1486 ) ;
#2245 = FILL_AREA_STYLE_COLOUR ( '', #5001 ) ;
#2246 = CARTESIAN_POINT ( 'NONE',  ( 0.000000000000000000, 28.09674780070452726, 137.1432521992954605 ) ) ;
#2247 = DIRECTION ( 'NONE',  ( 1.000000000000000000, 0.000000000000000000, 0.000000000000000000 ) ) ;
#2248 = ORIENTED_EDGE ( 'NONE', *, *, #1249, .F. ) ;
#2249 = CARTESIAN_POINT ( 'NONE',  ( 6.904859113989453512, 29.16000000000002501, 44.61211079158208292 ) ) ;
#2250 = VERTEX_POINT ( 'NONE', #3309 ) ;
#2251 = FILL_AREA_STYLE ('',( #3716 ) ) ;
#2252 = CARTESIAN_POINT ( 'NONE',  ( 5.391982238534156480, 28.14749999999999375, 92.95397815247956430 ) ) ;
#2253 = CARTESIAN_POINT ( 'NONE',  ( -8.816875269933518666, 1.864748555887306702, 94.56896041508205997 ) ) ;
#2254 = LINE ( 'NONE', #1799, #777 ) ;
#2255 = CARTESIAN_POINT ( 'NONE',  ( 2.153821655294835935, 29.16000000000000014, 95.96325434604392512 ) ) ;
#2256 =( NAMED_UNIT ( * ) PLANE_ANGLE_UNIT ( ) SI_UNIT ( $, .RADIAN. ) );
#2257 = ORIENTED_EDGE ( 'NONE', *, *, #753, .T. ) ;
#2258 = FACE_OUTER_BOUND ( 'NONE', #244, .T. ) ;
#2259 = CARTESIAN_POINT ( 'NONE',  ( 1.012499999999961542, 19.03499999999998948, 95.03213518033508933 ) ) ;
#2260 = CARTESIAN_POINT ( 'NONE',  ( 2.450132085366210521, -4.049999999999997158, 40.77120253898760893 ) ) ;
#2261 = FACE_OUTER_BOUND ( 'NONE', #4222, .T. ) ;
#2262 = CARTESIAN_POINT ( 'NONE',  ( 5.415263989499585762, 28.14749999999999375, 90.61875000000003411 ) ) ;
#2263 = CARTESIAN_POINT ( 'NONE',  ( 10.12500000000000000, 29.16000000000003922, 37.16643538402556146 ) ) ;
#2264 =( NAMED_UNIT ( * ) PLANE_ANGLE_UNIT ( ) SI_UNIT ( $, .RADIAN. ) );
#2265 = CARTESIAN_POINT ( 'NONE',  ( 7.774964702481920398, -3.037500000000000089, 95.32399041040282839 ) ) ;
#2266 = ORIENTED_EDGE ( 'NONE', *, *, #2315, .T. ) ;
#2267 = UNCERTAINTY_MEASURE_WITH_UNIT (LENGTH_MEASURE( 1.000000000000000082E-05 ), #1307, 'distance_accuracy_value', 'NONE');
#2268 = EDGE_CURVE ( 'NONE', #102, #1346, #1012, .T. ) ;
#2269 = SURFACE_SIDE_STYLE ('',( #6146 ) ) ;
#2270 = VERTEX_POINT ( 'NONE', #2949 ) ;
#2271 = DIRECTION ( 'NONE',  ( 1.000000000000000000, 0.000000000000000000, 0.000000000000000000 ) ) ;
#2272 = CARTESIAN_POINT ( 'NONE',  ( 3.364750116676466174, -4.049999999999981171, 92.68766132828908155 ) ) ;
#2273 = EDGE_CURVE ( 'NONE', #108, #1287, #384, .T. ) ;
#2274 = CARTESIAN_POINT ( 'NONE',  ( 32.92873889984931424, 29.16000000000018844, 113.4000000000000057 ) ) ;
#2275 = CARTESIAN_POINT ( 'NONE',  ( -8.542800594755233234, 1.420250612911237553, 94.27996081522815075 ) ) ;
#2276 = PRESENTATION_STYLE_ASSIGNMENT (( #2175 ) ) ;
#2277 =( GEOMETRIC_REPRESENTATION_CONTEXT ( 3 ) GLOBAL_UNCERTAINTY_ASSIGNED_CONTEXT ( ( #5138 ) ) GLOBAL_UNIT_ASSIGNED_CONTEXT ( ( #5061, #2320, #3365 ) ) REPRESENTATION_CONTEXT ( 'NONE', 'WORKASPACE' ) );
#2278 = ORIENTED_EDGE ( 'NONE', *, *, #2881, .T. ) ;
#2279 = CARTESIAN_POINT ( 'NONE',  ( 11.04399226382984800, 19.39738517276857621, 46.47375000002934087 ) ) ;
#2280 = ORIENTED_EDGE ( 'NONE', *, *, #1371, .T. ) ;
#2281 = SURFACE_SIDE_STYLE ('',( #373 ) ) ;
#2282 = MECHANICAL_DESIGN_GEOMETRIC_PRESENTATION_REPRESENTATION (  '', ( #5029 ), #5339 ) ;
#2283 = PRESENTATION_STYLE_ASSIGNMENT (( #4711 ) ) ;
#2284 = DIRECTION ( 'NONE',  ( -6.057297782015010146E-32, 1.884795814070615786E-47, 1.000000000000000000 ) ) ;
#2285 = DIRECTION ( 'NONE',  ( -1.000000000000000000, -0.000000000000000000, 0.000000000000000000 ) ) ;
#2286 = CARTESIAN_POINT ( 'NONE',  ( 7.614788988105595458, 29.16000000000044423, 92.38505025951613447 ) ) ;
#2287 = CARTESIAN_POINT ( 'NONE',  ( 10.12500000000000000, 29.16000000000004988, 100.6984762319159188 ) ) ;
#2288 = CARTESIAN_POINT ( 'NONE',  ( 1.012499999999961542, 18.02250000000000085, 113.4000000000000057 ) ) ;
#2289 = EDGE_LOOP ( 'NONE', ( #2962 ) ) ;
#2290 = STYLED_ITEM ( 'NONE', ( #2620 ), #1577 ) ;
#2291 = CARTESIAN_POINT ( 'NONE',  ( -9.502907415124340673, 21.61206311594100882, 42.79984175652158740 ) ) ;
#2292 = VECTOR ( 'NONE', #5791, 1000.000000000000000 ) ;
#2293 = FACE_OUTER_BOUND ( 'NONE', #5366, .T. ) ;
#2294 = UNCERTAINTY_MEASURE_WITH_UNIT (LENGTH_MEASURE( 1.000000000000000082E-05 ), #3589, 'distance_accuracy_value', 'NONE');
#2295 = SURFACE_SIDE_STYLE ('',( #859 ) ) ;
#2296 = CARTESIAN_POINT ( 'NONE',  ( -1.871457832074581829, 19.78123776899921538, 53.22189045821325237 ) ) ;
#2297 = DIRECTION ( 'NONE',  ( -0.000000000000000000, 1.000000000000000000, 0.000000000000000000 ) ) ;
#2298 = PRESENTATION_LAYER_ASSIGNMENT (  '', '', ( #4946 ) ) ;
#2299 = CARTESIAN_POINT ( 'NONE',  ( 10.62500000000000000, 29.07130540213517733, 37.93832813541065718 ) ) ;
#2300 = SURFACE_STYLE_USAGE ( .BOTH. , #3734 ) ;
#2301 = SURFACE_STYLE_USAGE ( .BOTH. , #3668 ) ;
#2302 = AXIS2_PLACEMENT_3D ( 'NONE', #500, #48, #4454 ) ;
#2303 = CARTESIAN_POINT ( 'NONE',  ( 4.391903624437440534, -3.037499999999998757, 91.90094615919144871 ) ) ;
#2304 = VERTEX_POINT ( 'NONE', #1649 ) ;
#2305 = SURFACE_STYLE_FILL_AREA ( #6285 ) ;
#2306 = EDGE_LOOP ( 'NONE', ( #5494, #3822, #3292, #6053 ) ) ;
#2307 = DIRECTION ( 'NONE',  ( 0.000000000000000000, 0.000000000000000000, -1.000000000000000000 ) ) ;
#2308 = CARTESIAN_POINT ( 'NONE',  ( 1.292717133357546011, -4.050000000000001599, 95.10783654508546192 ) ) ;
#2309 = COLOUR_RGB ( '',0.1019607843137254888, 0.1019607843137254888, 0.1019607843137254888 ) ;
#2310 = EDGE_CURVE ( 'NONE', #1660, #5386, #4072, .T. ) ;
#2311 = LINE ( 'NONE', #2902, #2089 ) ;
#2312 = DIRECTION ( 'NONE',  ( 0.000000000000000000, -1.000000000000000000, 6.938893903907199874E-18 ) ) ;
#2313 = VECTOR ( 'NONE', #884, 1000.000000000000000 ) ;
#2314 = ORIENTED_EDGE ( 'NONE', *, *, #830, .T. ) ;
#2315 = EDGE_CURVE ( 'NONE', #2372, #2968, #4534, .T. ) ;
#2316 = DIRECTION ( 'NONE',  ( 0.000000000000000000, 0.000000000000000000, 1.000000000000000000 ) ) ;
#2317 = ORIENTED_EDGE ( 'NONE', *, *, #2579, .F. ) ;
#2318 = PRESENTATION_LAYER_ASSIGNMENT (  '', '', ( #5559 ) ) ;
#2319 = AXIS2_PLACEMENT_3D ( 'NONE', #3041, #2503, #4433 ) ;
#2320 =( NAMED_UNIT ( * ) PLANE_ANGLE_UNIT ( ) SI_UNIT ( $, .RADIAN. ) );
#2321 = FILL_AREA_STYLE ('',( #32 ) ) ;
#2322 = CARTESIAN_POINT ( 'NONE',  ( 3.786783009627744168, 29.16000000000001080, 97.76893678826282041 ) ) ;
#2323 = CARTESIAN_POINT ( 'NONE',  ( 10.12499925786103638, 28.92091095014205138, 98.49860829920874039 ) ) ;
#2324 = EDGE_CURVE ( 'NONE', #5180, #5945, #5025, .T. ) ;
#2325 = DIRECTION ( 'NONE',  ( -1.000000000000000000, 0.000000000000000000, 0.000000000000000000 ) ) ;
#2326 = ORIENTED_EDGE ( 'NONE', *, *, #3524, .T. ) ;
#2327 =( GEOMETRIC_REPRESENTATION_CONTEXT ( 3 ) GLOBAL_UNCERTAINTY_ASSIGNED_CONTEXT ( ( #2860 ) ) GLOBAL_UNIT_ASSIGNED_CONTEXT ( ( #3996, #1031, #4925 ) ) REPRESENTATION_CONTEXT ( 'NONE', 'WORKASPACE' ) );
#2328 = B_SPLINE_CURVE_WITH_KNOTS ( 'NONE', 3,
 ( #3471, #545, #5914, #2573, #127, #2454 ),
 .UNSPECIFIED., .F., .F.,
 ( 4, 2, 4 ),
 ( 0.000000000000000000, 0.5000000000000000000, 1.000000000000000000 ),
 .UNSPECIFIED. ) ;
#2329 = PRESENTATION_STYLE_ASSIGNMENT (( #5759 ) ) ;
#2330 = CARTESIAN_POINT ( 'NONE',  ( -5.973749999999999893, 3.138750000000141593, 1.542804143242412762E-15 ) ) ;
#2331 = SURFACE_STYLE_USAGE ( .BOTH. , #6173 ) ;
#2332 = SURFACE_STYLE_USAGE ( .BOTH. , #2295 ) ;
#2333 = CARTESIAN_POINT ( 'NONE',  ( -0.2131159845035067724, 23.80244461227323427, 50.69029184741088301 ) ) ;
#2334 = VECTOR ( 'NONE', #4755, 1000.000000000000000 ) ;
#2335 = DIRECTION ( 'NONE',  ( 0.000000000000000000, 0.000000000000000000, -1.000000000000000000 ) ) ;
#2336 = CARTESIAN_POINT ( 'NONE',  ( -51.32951142158430713, 21.97125000000000128, 35.19250000000000256 ) ) ;
#2337 = DIRECTION ( 'NONE',  ( 1.000000000000000000, -3.212450881438532241E-16, 0.000000000000000000 ) ) ;
#2338 = CIRCLE ( 'NONE', #4165, 11.13749999999999396 ) ;
#2339 = ORIENTED_EDGE ( 'NONE', *, *, #1101, .F. ) ;
#2340 = UNCERTAINTY_MEASURE_WITH_UNIT (LENGTH_MEASURE( 1.000000000000000082E-05 ), #3872, 'distance_accuracy_value', 'NONE');
#2341 = DIRECTION ( 'NONE',  ( 1.000000000000000000, 0.000000000000000000, 0.000000000000000000 ) ) ;
#2342 = ORIENTED_EDGE ( 'NONE', *, *, #1137, .T. ) ;
#2343 = CARTESIAN_POINT ( 'NONE',  ( 5.789210545709134514, -4.050000000000071765, 92.58517605969926478 ) ) ;
#2344 = STYLED_ITEM ( 'NONE', ( #4194 ), #449 ) ;
#2345 = AXIS2_PLACEMENT_3D ( 'NONE', #3270, #5148, #5721 ) ;
#2346 = PRESENTATION_STYLE_ASSIGNMENT (( #438 ) ) ;
#2347 = MECHANICAL_DESIGN_GEOMETRIC_PRESENTATION_REPRESENTATION (  '', ( #3459 ), #3773 ) ;
#2348 = CARTESIAN_POINT ( 'NONE',  ( -10.06842941945841652, 5.929600403689845756, 37.59342110951421034 ) ) ;
#2349 = CARTESIAN_POINT ( 'NONE',  ( 1.776328546778517259, 29.15999999999998593, 41.57838433601979489 ) ) ;
#2350 = ORIENTED_EDGE ( 'NONE', *, *, #3480, .F. ) ;
#2351 = FACE_OUTER_BOUND ( 'NONE', #175, .T. ) ;
#2352 = ORIENTED_EDGE ( 'NONE', *, *, #1844, .T. ) ;
#2353 = CARTESIAN_POINT ( 'NONE',  ( 10.12500000000001066, -3.604319650906187444, 39.50345289316031483 ) ) ;
#2354 = SURFACE_STYLE_FILL_AREA ( #1354 ) ;
#2355 = AXIS2_PLACEMENT_3D ( 'NONE', #2555, #167, #137 ) ;
#2356 = CARTESIAN_POINT ( 'NONE',  ( -51.32951142158430713, 3.138750000000141593, 40.70249999999999346 ) ) ;
#2357 = CARTESIAN_POINT ( 'NONE',  ( 5.817704853811178189, 29.16000000000002146, 99.30938257975591910 ) ) ;
#2358 = CARTESIAN_POINT ( 'NONE',  ( 10.12500000000002132, 28.44080768452063523, 96.86451396353075438 ) ) ;
#2359 =( GEOMETRIC_REPRESENTATION_CONTEXT ( 3 ) GLOBAL_UNCERTAINTY_ASSIGNED_CONTEXT ( ( #3290 ) ) GLOBAL_UNIT_ASSIGNED_CONTEXT ( ( #1713, #5597, #3621 ) ) REPRESENTATION_CONTEXT ( 'NONE', 'WORKASPACE' ) );
#2360 = SURFACE_SIDE_STYLE ('',( #60 ) ) ;
#2361 = VERTEX_POINT ( 'NONE', #5976 ) ;
#2362 = EDGE_CURVE ( 'NONE', #878, #307, #4521, .T. ) ;
#2363 = EDGE_CURVE ( 'NONE', #2765, #749, #2122, .T. ) ;
#2364 = CARTESIAN_POINT ( 'NONE',  ( -8.888949218467395497, 1.984829587240169779, 41.95073993593129558 ) ) ;
#2365 = CARTESIAN_POINT ( 'NONE',  ( 10.95482697017920337, -4.049999999999946532, 46.13517350621267354 ) ) ;
#2366 = CARTESIAN_POINT ( 'NONE',  ( -2.019451509816666768, 18.40099939559658893, 53.54902813464047284 ) ) ;
#2367 = SURFACE_STYLE_FILL_AREA ( #6112 ) ;
#2368 = DIRECTION ( 'NONE',  ( -1.000000000000000000, 3.212450881438532241E-16, 0.000000000000000000 ) ) ;
#2369 = FACE_BOUND ( 'NONE', #1760, .T. ) ;
#2370 = CARTESIAN_POINT ( 'NONE',  ( 20.25000000000000000, -3.037499999999999645, 46.47375000000000256 ) ) ;
#2371 = VERTEX_POINT ( 'NONE', #189 ) ;
#2372 = VERTEX_POINT ( 'NONE', #3559 ) ;
#2373 = FACE_OUTER_BOUND ( 'NONE', #336, .T. ) ;
#2374 = CARTESIAN_POINT ( 'NONE',  ( 3.121512803111463175, -4.050000000000007816, 92.69234437625993905 ) ) ;
#2375 = CARTESIAN_POINT ( 'NONE',  ( 1.012499999999961542, 18.02249999999999375, 23.69249999999998835 ) ) ;
#2376 = CARTESIAN_POINT ( 'NONE',  ( 9.207420387001898021, 29.16000000000003922, 100.5804341500248285 ) ) ;
#2377 = DIRECTION ( 'NONE',  ( 1.000000000000000000, 0.000000000000000000, 0.000000000000000000 ) ) ;
#2378 = ORIENTED_EDGE ( 'NONE', *, *, #1532, .T. ) ;
#2379 = FACE_BOUND ( 'NONE', #4664, .T. ) ;
#2380 = ORIENTED_EDGE ( 'NONE', *, *, #3990, .F. ) ;
#2381 = CARTESIAN_POINT ( 'NONE',  ( -5.973749999999989235, 22.58500000000000085, 101.8928772442464918 ) ) ;
#2382 = CARTESIAN_POINT ( 'NONE',  ( -8.613981291617163194, 1.481518217368889223, 42.16004677257615896 ) ) ;
#2383 = CARTESIAN_POINT ( 'NONE',  ( 9.684320183276991401, 29.15999999999759851, 91.85120925540148562 ) ) ;
#2384 = CARTESIAN_POINT ( 'NONE',  ( 10.12500000000004974, 29.16000000000006764, 100.2787380300160720 ) ) ;
#2385 = ORIENTED_EDGE ( 'NONE', *, *, #3592, .T. ) ;
#2386 = COLOUR_RGB ( '',0.1019607843137254888, 0.1019607843137254888, 0.1019607843137254888 ) ;
#2387 = CARTESIAN_POINT ( 'NONE',  ( -8.026262014236278830, 22.58500000000000085, 110.3999999999999915 ) ) ;
#2388 = LINE ( 'NONE', #3432, #3823 ) ;
#2389 = EDGE_CURVE ( 'NONE', #1245, #5741, #5424, .T. ) ;
#2390 = CARTESIAN_POINT ( 'NONE',  ( 11.05289438369933741, -4.049999999999747580, 46.32412789394832942 ) ) ;
#2391 = ADVANCED_FACE ( 'NONE', ( #1585 ), #1131, .F. ) ;
#2392 = DIRECTION ( 'NONE',  ( 0.000000000000000000, 1.000000000000000000, 0.000000000000000000 ) ) ;
#2393 = VECTOR ( 'NONE', #4287, 1000.000000000000000 ) ;
#2394 = FACE_OUTER_BOUND ( 'NONE', #6116, .T. ) ;
#2395 = DIRECTION ( 'NONE',  ( -1.000000000000000000, 0.000000000000000000, 0.000000000000000000 ) ) ;
#2396 = ORIENTED_EDGE ( 'NONE', *, *, #4062, .T. ) ;
#2397 = UNCERTAINTY_MEASURE_WITH_UNIT (LENGTH_MEASURE( 1.000000000000000082E-05 ), #1275, 'distance_accuracy_value', 'NONE');
#2398 = EDGE_CURVE ( 'NONE', #680, #1245, #2475, .T. ) ;
#2399 = FACE_OUTER_BOUND ( 'NONE', #768, .T. ) ;
#2400 = ORIENTED_EDGE ( 'NONE', *, *, #838, .T. ) ;
#2401 = PRESENTATION_STYLE_ASSIGNMENT (( #3808 ) ) ;
#2402 = CARTESIAN_POINT ( 'NONE',  ( 1.929600150951804594, -4.049999999999998046, 95.69661816433897172 ) ) ;
#2403 = AXIS2_PLACEMENT_3D ( 'NONE', #2375, #4364, #6258 ) ;
#2404 = FACE_OUTER_BOUND ( 'NONE', #3235, .T. ) ;
#2405 = APPLICATION_PROTOCOL_DEFINITION ( 'draft international standard', 'automotive_design', 1998, #3429 ) ;
#2406 = CARTESIAN_POINT ( 'NONE',  ( 1.012499999999961542, 29.15999999999999304, 95.03213518033508933 ) ) ;
#2407 = CARTESIAN_POINT ( 'NONE',  ( 1.925071415036196276, 29.15999999999999659, 41.40231114150289216 ) ) ;
#2408 = ORIENTED_EDGE ( 'NONE', *, *, #6087, .F. ) ;
#2409 = ORIENTED_EDGE ( 'NONE', *, *, #6166, .T. ) ;
#2410 = AXIS2_PLACEMENT_3D ( 'NONE', #4347, #980, #1966 ) ;
#2411 = CARTESIAN_POINT ( 'NONE',  ( 10.12498098606944907, -3.883138780866538298, 38.23675907811448837 ) ) ;
#2412 =( NAMED_UNIT ( * ) PLANE_ANGLE_UNIT ( ) SI_UNIT ( $, .RADIAN. ) );
#2413 = MECHANICAL_DESIGN_GEOMETRIC_PRESENTATION_REPRESENTATION (  '', ( #267 ), #3423 ) ;
#2414 = SURFACE_STYLE_USAGE ( .BOTH. , #5724 ) ;
#2415 = CARTESIAN_POINT ( 'NONE',  ( -7.796250000000000568, 3.138750000000141593, 1.419211875966638893E-15 ) ) ;
#2416 = CARTESIAN_POINT ( 'NONE',  ( -10.12500000000003375, 18.02249999999999375, 38.19250000000000256 ) ) ;
#2417 = ORIENTED_EDGE ( 'NONE', *, *, #2187, .T. ) ;
#2418 = PRESENTATION_LAYER_ASSIGNMENT (  '', '', ( #4365 ) ) ;
#2419 = DIRECTION ( 'NONE',  ( 5.165278571223799760E-17, 1.000000000000000000, -1.571919509740979925E-47 ) ) ;
#2420 = CARTESIAN_POINT ( 'NONE',  ( -1.323241223585222892, 3.382016720995330683, 84.87337217783910148 ) ) ;
#2421 = UNCERTAINTY_MEASURE_WITH_UNIT (LENGTH_MEASURE( 1.000000000000000082E-05 ), #6195, 'distance_accuracy_value', 'NONE');
#2422 = MECHANICAL_DESIGN_GEOMETRIC_PRESENTATION_REPRESENTATION (  '', ( #4268 ), #2327 ) ;
#2423 = CARTESIAN_POINT ( 'NONE',  ( 9.684320183274261140, -4.049999999999957190, 45.24129074459361988 ) ) ;
#2424 = FACE_OUTER_BOUND ( 'NONE', #2774, .T. ) ;
#2425 = CARTESIAN_POINT ( 'NONE',  ( 0.000000000000000000, 25.10999999999999588, 140.1299999999999670 ) ) ;
#2426 =( LENGTH_UNIT ( ) NAMED_UNIT ( * ) SI_UNIT ( .MILLI., .METRE. ) );
#2427 = EDGE_CURVE ( 'NONE', #5104, #479, #4439, .T. ) ;
#2428 = CARTESIAN_POINT ( 'NONE',  ( -7.578847391416587698, 25.10999999999999588, 113.4000000000000057 ) ) ;
#2429 = FILL_AREA_STYLE_COLOUR ( '', #2888 ) ;
#2430 = STYLED_ITEM ( 'NONE', ( #1113 ), #30 ) ;
#2431 = CARTESIAN_POINT ( 'NONE',  ( 10.62500000000000000, -3.037499999999999645, 137.0924999999999727 ) ) ;
#2432 = VERTEX_POINT ( 'NONE', #2509 ) ;
#2433 = CARTESIAN_POINT ( 'NONE',  ( 10.95482697017969187, -4.049999999999941203, 90.95732649378409462 ) ) ;
#2434 = VECTOR ( 'NONE', #729, 1000.000000000000000 ) ;
#2435 = ADVANCED_FACE ( 'NONE', ( #3469 ), #4471, .T. ) ;
#2436 = CARTESIAN_POINT ( 'NONE',  ( -7.943978990377710936, 23.85999999999999588, 36.60913018508944106 ) ) ;
#2437 = CARTESIAN_POINT ( 'NONE',  ( 4.638564266609129128, 29.16000000000000725, 38.58375293151536312 ) ) ;
#2438 = VERTEX_POINT ( 'NONE', #2748 ) ;
#2439 = AXIS2_PLACEMENT_3D ( 'NONE', #4812, #4835, #3656 ) ;
#2440 = VERTEX_POINT ( 'NONE', #6163 ) ;
#2441 = CARTESIAN_POINT ( 'NONE',  ( 6.915046852600940319, -3.037499999999999201, 42.42798605974007842 ) ) ;
#2442 = PRESENTATION_LAYER_ASSIGNMENT (  '', '', ( #5694 ) ) ;
#2443 = DIRECTION ( 'NONE',  ( 0.000000000000000000, 0.7071067811865510144, -0.7071067811865441310 ) ) ;
#2444 = CARTESIAN_POINT ( 'NONE',  ( 1.012499999999999956, 28.14749999999999375, 3.843567104199589366E-15 ) ) ;
#2445 = CARTESIAN_POINT ( 'NONE',  ( 11.06798640584925053, 29.16000000000006409, 90.71513685640776714 ) ) ;
#2446 = FACE_OUTER_BOUND ( 'NONE', #3073, .T. ) ;
#2447 = ORIENTED_EDGE ( 'NONE', *, *, #5323, .T. ) ;
#2448 = MECHANICAL_DESIGN_GEOMETRIC_PRESENTATION_REPRESENTATION (  '', ( #2847 ), #5900 ) ;
#2449 = PRESENTATION_LAYER_ASSIGNMENT (  '', '', ( #1937 ) ) ;
#2450 = CARTESIAN_POINT ( 'NONE',  ( 20.25000000000000000, 28.14749999999999375, 0.000000000000000000 ) ) ;
#2451 = FACE_OUTER_BOUND ( 'NONE', #2591, .T. ) ;
#2452 = STYLED_ITEM ( 'NONE', ( #480 ), #1182 ) ;
#2453 =( LENGTH_UNIT ( ) NAMED_UNIT ( * ) SI_UNIT ( .MILLI., .METRE. ) );
#2454 = CARTESIAN_POINT ( 'NONE',  ( 10.62500000000000000, 28.14749999999999019, 96.25054039609378265 ) ) ;
#2455 = DIRECTION ( 'NONE',  ( 0.000000000000000000, 0.000000000000000000, -1.000000000000000000 ) ) ;
#2456 = VECTOR ( 'NONE', #2335, 1000.000000000000000 ) ;
#2457 = DIRECTION ( 'NONE',  ( -0.7071067811865510144, 1.284233233869057821E-16, 0.7071067811865441310 ) ) ;
#2458 = LINE ( 'NONE', #4758, #112 ) ;
#2459 = SURFACE_STYLE_USAGE ( .BOTH. , #73 ) ;
#2460 = B_SPLINE_CURVE_WITH_KNOTS ( 'NONE', 3,
 ( #3312, #3376, #2366, #3800, #835, #3250, #952, #1303, #2890, #5732, #4324, #926, #6213, #2296, #3281, #4848, #5666, #2862, #5263, #5197, #4794, #895, #486, #1367, #2756, #1850, #6244, #4823, #2826, #4216, #860, #1773, #4721, #457, #4252, #426, #6177, #1880, #3828, #1810, #5763, #3768, #1402, #4350, #2333, #5701, #3344, #5296, #389 ),
 .UNSPECIFIED., .F., .F.,
 ( 4, 2, 2, 1, 1, 2, 2, 2, 2, 1, 1, 1, 2, 2, 2, 2, 1, 1, 1, 1, 2, 2, 2, 2, 1, 1, 1, 1, 2, 2, 4 ),
 ( 0.000000000000000000, 0.06249999999999031330, 0.09374999999998476219, 0.1093749999999817785, 0.1171874999999810429, 0.1210937499999809597, 0.1249999999999808764, 0.1874999999999761857, 0.2187499999999741873, 0.2343749999999727995, 0.2421874999999725220, 0.2460937499999719114, 0.2480468749999716060, 0.2499999999999713007, 0.3749999999999248379, 0.4374999999999011346, 0.4687499999998893663, 0.4843749999998825939, 0.4921874999998797073, 0.4960937499998786526, 0.4980468749998789857, 0.4999999999998793743, 0.6249999999999048539, 0.6874999999999176215, 0.7187499999999237277, 0.7343749999999265032, 0.7421874999999278355, 0.7460937499999288347, 0.7480468749999296119, 0.7499999999999302780, 1.000000000000000000 ),
 .UNSPECIFIED. ) ;
#2461 = DIRECTION ( 'NONE',  ( 8.052543542805917346E-15, 0.000000000000000000, -1.000000000000000000 ) ) ;
#2462 = EDGE_LOOP ( 'NONE', ( #5396, #2666, #4839, #5282 ) ) ;
#2463 = DIRECTION ( 'NONE',  ( 0.000000000000000000, 0.000000000000000000, -1.000000000000000000 ) ) ;
#2464 = CARTESIAN_POINT ( 'NONE',  ( 11.04399226383030808, 5.712614827230767744, 90.61874999997075975 ) ) ;
#2465 = CARTESIAN_POINT ( 'NONE',  ( -5.973749999999989235, 23.85999999999999233, 35.35247501224862532 ) ) ;
#2466 = EDGE_CURVE ( 'NONE', #1548, #305, #4740, .T. ) ;
#2467 = ORIENTED_EDGE ( 'NONE', *, *, #5283, .F. ) ;
#2468 = CARTESIAN_POINT ( 'NONE',  ( -8.436641034942246264, 23.70241327456306379, 93.52434829927224769 ) ) ;
#2469 = ORIENTED_EDGE ( 'NONE', *, *, #3907, .T. ) ;
#2470 = EDGE_CURVE ( 'NONE', #472, #585, #2636, .T. ) ;
#2471 = LINE ( 'NONE', #2497, #4983 ) ;
#2472 = CARTESIAN_POINT ( 'NONE',  ( -8.507045600368838834, 3.638750000000137597, 26.73000000000000043 ) ) ;
#2473 = ORIENTED_EDGE ( 'NONE', *, *, #709, .T. ) ;
#2474 = CARTESIAN_POINT ( 'NONE',  ( -1.952020624335074173, 19.23628841447015247, 83.69700925106189970 ) ) ;
#2475 = LINE ( 'NONE', #3014, #3721 ) ;
#2476 = CARTESIAN_POINT ( 'NONE',  ( -1.814874068662594375, 5.034556535800970067, 83.98738079456067851 ) ) ;
#2477 = UNCERTAINTY_MEASURE_WITH_UNIT (LENGTH_MEASURE( 1.000000000000000082E-05 ), #4180, 'distance_accuracy_value', 'NONE');
#2478 = FACE_OUTER_BOUND ( 'NONE', #5330, .T. ) ;
#2479 = CARTESIAN_POINT ( 'NONE',  ( 1.012504699743080216, -3.037499999999999645, 90.61874999999999147 ) ) ;
#2480 = SURFACE_STYLE_USAGE ( .BOTH. , #4914 ) ;
#2481 = SURFACE_STYLE_USAGE ( .BOTH. , #3919 ) ;
#2482 = DIRECTION ( 'NONE',  ( -0.7071067811865441310, 0.000000000000000000, -0.7071067811865510144 ) ) ;
#2483 = CARTESIAN_POINT ( 'NONE',  ( -7.796250000000000568, -9.948521286664769410E-14, 110.3624999999999829 ) ) ;
#2484 = COLOUR_RGB ( '',0.1019607843137254888, 0.1019607843137254888, 0.1019607843137254888 ) ;
#2485 = DIRECTION ( 'NONE',  ( -2.498001805406605174E-16, 0.000000000000000000, 1.000000000000000000 ) ) ;
#2486 = CARTESIAN_POINT ( 'NONE',  ( 52.87499999999997158, 23.85999999999997456, 26.69249999999999901 ) ) ;
#2487 = VERTEX_POINT ( 'NONE', #724 ) ;
#2488 = CIRCLE ( 'NONE', #864, 10.12499999999999645 ) ;
#2489 = SURFACE_STYLE_FILL_AREA ( #4892 ) ;
#2490 = CARTESIAN_POINT ( 'NONE',  ( -8.410852094365340648, 1.426971430335641111, 43.77038097498648028 ) ) ;
#2491 =( GEOMETRIC_REPRESENTATION_CONTEXT ( 3 ) GLOBAL_UNCERTAINTY_ASSIGNED_CONTEXT ( ( #4763 ) ) GLOBAL_UNIT_ASSIGNED_CONTEXT ( ( #2153, #1196, #3104 ) ) REPRESENTATION_CONTEXT ( 'NONE', 'WORKASPACE' ) );
#2492 = DIRECTION ( 'NONE',  ( -1.000000000000000000, 3.212450881438532241E-16, 0.000000000000000000 ) ) ;
#2493 = ORIENTED_EDGE ( 'NONE', *, *, #5004, .T. ) ;
#2494 = DIRECTION ( 'NONE',  ( 5.165278571223799760E-17, 1.000000000000000000, 0.000000000000000000 ) ) ;
#2495 = VERTEX_POINT ( 'NONE', #2661 ) ;
#2496 = PRESENTATION_STYLE_ASSIGNMENT (( #1639 ) ) ;
#2497 = CARTESIAN_POINT ( 'NONE',  ( -9.147593503506774582, 22.58500000000000085, 90.61874999999999147 ) ) ;
#2498 = PRESENTATION_LAYER_ASSIGNMENT (  '', '', ( #1584 ) ) ;
#2499 = EDGE_CURVE ( 'NONE', #4119, #5090, #2181, .T. ) ;
#2500 =( LENGTH_UNIT ( ) NAMED_UNIT ( * ) SI_UNIT ( .MILLI., .METRE. ) );
#2501 = FILL_AREA_STYLE ('',( #1515 ) ) ;
#2502 = COLOUR_RGB ( '',0.1019607843137254888, 0.1019607843137254888, 0.1019607843137254888 ) ;
#2503 = DIRECTION ( 'NONE',  ( 0.000000000000000000, -1.885568995626964780E-16, -1.000000000000000000 ) ) ;
#2504 = CARTESIAN_POINT ( 'NONE',  ( 1.675682038082679570, 29.16000000000019199, 44.38463250306694619 ) ) ;
#2505 = ORIENTED_EDGE ( 'NONE', *, *, #2657, .T. ) ;
#2506 =( GEOMETRIC_REPRESENTATION_CONTEXT ( 3 ) GLOBAL_UNCERTAINTY_ASSIGNED_CONTEXT ( ( #4719 ) ) GLOBAL_UNIT_ASSIGNED_CONTEXT ( ( #3917, #1495, #3565 ) ) REPRESENTATION_CONTEXT ( 'NONE', 'WORKASPACE' ) );
#2507 = AXIS2_PLACEMENT_3D ( 'NONE', #6234, #2879, #1871 ) ;
#2508 = DIRECTION ( 'NONE',  ( 0.000000000000000000, 1.885568995626964780E-16, 1.000000000000000000 ) ) ;
#2509 = CARTESIAN_POINT ( 'NONE',  ( 8.099999999999999645, 28.14749999999999375, 90.61874999999999147 ) ) ;
#2510 = EDGE_CURVE ( 'NONE', #3811, #3811, #6099, .T. ) ;
#2511 = DIRECTION ( 'NONE',  ( 1.000000000000000000, 0.000000000000000000, 6.057297782015010146E-32 ) ) ;
#2512 = STYLED_ITEM ( 'NONE', ( #4309 ), #4768 ) ;
#2513 = PRESENTATION_STYLE_ASSIGNMENT (( #2124 ) ) ;
#2514 = VERTEX_POINT ( 'NONE', #696 ) ;
#2515 = AXIS2_PLACEMENT_3D ( 'NONE', #2743, #4093, #4126 ) ;
#2516 = CARTESIAN_POINT ( 'NONE',  ( 3.595478647394990901, -4.049999999999988276, 97.59374590061690924 ) ) ;
#2517 = DIRECTION ( 'NONE',  ( -2.636779683484745304E-16, 5.011196880269860074E-16, 1.000000000000000000 ) ) ;
#2518 =( GEOMETRIC_REPRESENTATION_CONTEXT ( 3 ) GLOBAL_UNCERTAINTY_ASSIGNED_CONTEXT ( ( #3765 ) ) GLOBAL_UNIT_ASSIGNED_CONTEXT ( ( #5207, #1819, #3291 ) ) REPRESENTATION_CONTEXT ( 'NONE', 'WORKASPACE' ) );
#2519 = LINE ( 'NONE', #3083, #2593 ) ;
#2520 =( LENGTH_UNIT ( ) NAMED_UNIT ( * ) SI_UNIT ( .MILLI., .METRE. ) );
#2521 = SURFACE_STYLE_USAGE ( .BOTH. , #2069 ) ;
#2522 = VECTOR ( 'NONE', #107, 1000.000000000000000 ) ;
#2523 = ORIENTED_EDGE ( 'NONE', *, *, #4062, .F. ) ;
#2524 = CARTESIAN_POINT ( 'NONE',  ( -0.1324809972384708434, 1.193076344095556962, 50.59424583235325912 ) ) ;
#2525 = CARTESIAN_POINT ( 'NONE',  ( -5.973749999999999893, -9.106646484257996782E-22, 45.96750000000000114 ) ) ;
#2526 = PRESENTATION_STYLE_ASSIGNMENT (( #4985 ) ) ;
#2527 = DIRECTION ( 'NONE',  ( -1.000000000000000000, 0.000000000000000000, 0.000000000000000000 ) ) ;
#2528 = EDGE_LOOP ( 'NONE', ( #525, #3418, #3645, #5980, #2598, #3412 ) ) ;
#2529 = DIRECTION ( 'NONE',  ( -1.000000000000000000, 0.000000000000000000, 0.000000000000000000 ) ) ;
#2530 = VERTEX_POINT ( 'NONE', #1292 ) ;
#2531 = PLANE ( 'NONE',  #3767 ) ;
#2532 = STYLED_ITEM ( 'NONE', ( #4915 ), #165 ) ;
#2533 = LINE ( 'NONE', #4904, #5346 ) ;
#2534 = STYLED_ITEM ( 'NONE', ( #5595 ), #339 ) ;
#2535 = FACE_OUTER_BOUND ( 'NONE', #1481, .T. ) ;
#2536 = CARTESIAN_POINT ( 'NONE',  ( 1.462153963604144291, 29.15999999999999304, 41.86899057870211749 ) ) ;
#2537 = ORIENTED_EDGE ( 'NONE', *, *, #563, .T. ) ;
#2538 =( BOUNDED_CURVE ( )  B_SPLINE_CURVE ( 3, ( #4231, #5581, #4199, #4127 ),
 .UNSPECIFIED., .F., .F. ) 
 B_SPLINE_CURVE_WITH_KNOTS ( ( 4, 4 ),
 ( 5.507787810568830267, 6.283185307179590673 ),
 .UNSPECIFIED. ) 
 CURVE ( )  GEOMETRIC_REPRESENTATION_ITEM ( )  RATIONAL_B_SPLINE_CURVE ( ( 1.000000000000000000, 0.9505210128485650500, 0.9505210128485650500, 1.000000000000000000 ) ) 
 REPRESENTATION_ITEM ( '' )  );
#2539 =( GEOMETRIC_REPRESENTATION_CONTEXT ( 3 ) GLOBAL_UNCERTAINTY_ASSIGNED_CONTEXT ( ( #4179 ) ) GLOBAL_UNIT_ASSIGNED_CONTEXT ( ( #111, #4452, #5924 ) ) REPRESENTATION_CONTEXT ( 'NONE', 'WORKASPACE' ) );
#2540 = CARTESIAN_POINT ( 'NONE',  ( -1.778320367192543161, 20.24385873141076075, 84.06069475468143537 ) ) ;
#2541 = DIRECTION ( 'NONE',  ( 1.000000000000000000, 2.655626061989186179E-15, 0.000000000000000000 ) ) ;
#2542 = SURFACE_STYLE_USAGE ( .BOTH. , #4522 ) ;
#2543 = VECTOR ( 'NONE', #408, 1000.000000000000000 ) ;
#2544 =( NAMED_UNIT ( * ) SI_UNIT ( $, .STERADIAN. ) SOLID_ANGLE_UNIT ( ) );
#2545 = EDGE_CURVE ( 'NONE', #186, #2495, #3238, .T. ) ;
#2546 = VECTOR ( 'NONE', #3346, 1000.000000000000000 ) ;
#2547 =( NAMED_UNIT ( * ) PLANE_ANGLE_UNIT ( ) SI_UNIT ( $, .RADIAN. ) );
#2548 = ORIENTED_EDGE ( 'NONE', *, *, #1250, .F. ) ;
#2549 = CARTESIAN_POINT ( 'NONE',  ( 10.62500000000000000, -4.049999999999947420, 100.6984762319159046 ) ) ;
#2550 = CARTESIAN_POINT ( 'NONE',  ( -101.2500000000000000, 0.000000000000000000, 0.000000000000000000 ) ) ;
#2551 = EDGE_CURVE ( 'NONE', #1184, #108, #1836, .T. ) ;
#2552 = VECTOR ( 'NONE', #1272, 999.9999999999998863 ) ;
#2553 = CARTESIAN_POINT ( 'NONE',  ( 10.62500000000000000, -3.625305056040521556, 39.41116908515341066 ) ) ;
#2554 = PRESENTATION_LAYER_ASSIGNMENT (  '', '', ( #1024 ) ) ;
#2555 = CARTESIAN_POINT ( 'NONE',  ( -7.796250000000000568, -1.124100812432970240E-13, 2.248201624865943761E-13 ) ) ;
#2556 = CARTESIAN_POINT ( 'NONE',  ( 10.77835238475773849, 4.405333967709460730, 90.61874999916800277 ) ) ;
#2557 = CARTESIAN_POINT ( 'NONE',  ( 10.62500000000000000, -3.037499999999999645, 96.25054039609395318 ) ) ;
#2558 = CARTESIAN_POINT ( 'NONE',  ( -8.129108079640776197, 23.85999999999999943, 36.89309756135389762 ) ) ;
#2559 = PRESENTATION_STYLE_ASSIGNMENT (( #1057 ) ) ;
#2560 = EDGE_LOOP ( 'NONE', ( #3416 ) ) ;
#2561 = CARTESIAN_POINT ( 'NONE',  ( -8.587718800936528396, 23.58734425218545638, 94.07583261358347215 ) ) ;
#2562 = VERTEX_POINT ( 'NONE', #1356 ) ;
#2563 = CARTESIAN_POINT ( 'NONE',  ( 7.972213925023909020, 28.14750000000000085, 41.64350182792625077 ) ) ;
#2564 =( NAMED_UNIT ( * ) SI_UNIT ( $, .STERADIAN. ) SOLID_ANGLE_UNIT ( ) );
#2565 = LINE ( 'NONE', #5430, #2599 ) ;
#2566 = LINE ( 'NONE', #2115, #783 ) ;
#2567 = CARTESIAN_POINT ( 'NONE',  ( 1.012499999999180167, 28.14749999999989782, 46.47374999999998835 ) ) ;
#2568 = ORIENTED_EDGE ( 'NONE', *, *, #1020, .F. ) ;
#2569 = CARTESIAN_POINT ( 'NONE',  ( 10.12490670390008241, 28.43402935890107841, 40.20437296566790053 ) ) ;
#2570 = FILL_AREA_STYLE_COLOUR ( '', #3102 ) ;
#2571 = FILL_AREA_STYLE ('',( #4940 ) ) ;
#2572 =( BOUNDED_SURFACE ( )  B_SPLINE_SURFACE ( 3, 2, ( 
 ( #233, #6056, #2113 ),
 ( #3642, #2678, #5577 ),
 ( #263, #4634, #1220 ),
 ( #3162, #4159, #4226 ),
 ( #2740, #3744, #1754 ),
 ( #841, #6149, #1280 ),
 ( #5774, #3226, #2308 ),
 ( #4361, #3294, #809 ),
 ( #1859, #2374, #2801 ),
 ( #3704, #2272, #1783 ),
 ( #4703, #1347, #5677 ),
 ( #872, #5715, #400 ),
 ( #3322, #4333, #5241 ),
 ( #6256, #5172, #1314 ),
 ( #5641, #3262, #4767 ),
 ( #332, #466, #2402 ),
 ( #4830, #2343, #5209 ),
 ( #4303, #902, #1889 ),
 ( #1409, #933, #2767 ),
 ( #3839, #1822, #6224 ),
 ( #3809, #4730, #5743 ),
 ( #2870, #1379, #363 ),
 ( #4266, #3353, #6189 ),
 ( #3780, #5276, #2836 ),
 ( #4804, #5306, #437 ),
 ( #961, #1950, #6290 ),
 ( #5359, #4396, #5809 ),
 ( #3994, #1445, #528 ),
 ( #2556, #1506, #5331 ),
 ( #23, #3962, #4426 ),
 ( #4953, #3384, #1053 ),
 ( #5866, #3897, #2012 ),
 ( #5833, #3927, #1920 ),
 ( #3449, #1568, #2901 ),
 ( #2464, #2433, #498 ),
 ( #47, #1476, #5898 ),
 ( #3870, #4982, #619 ),
 ( #3030, #5389, #3413 ) ),
 .UNSPECIFIED., .F., .F., .F. ) 
 B_SPLINE_SURFACE_WITH_KNOTS ( ( 4, 2, 2, 2, 2, 2, 2, 2, 2, 2, 2, 2, 2, 2, 2, 2, 2, 2, 4 ),
 ( 3, 3 ),
 ( 0.01803614591985622934, 0.01812300996936413999, 0.01820987401887205065, 0.01838360211788786849, 0.01847046616739577568, 0.01855733021690368634, 0.01873105831591950765, 0.01907851451395114334, 0.01942597071198278250, 0.01977342691001442165, 0.02012088310804605734, 0.02081579550410933566, 0.02151070790017261397, 0.02220562029623588882, 0.02359544508836244198, 0.02498526988048899514, 0.02637509467261554830, 0.02776491946474210493, 0.02915474425686865809 ),
 ( 0.000000000000000000, 1.000000000000000000 ),
 .UNSPECIFIED. ) 
 GEOMETRIC_REPRESENTATION_ITEM ( )  RATIONAL_B_SPLINE_SURFACE ( (
 ( 1.000000000000000000, 0.9746794344808954458, 1.000000000000000000),
 ( 1.000000000000000000, 0.9746799479852484849, 1.000000000000000000),
 ( 1.000000000000000000, 0.9743568196694059047, 1.000000000000000000),
 ( 1.000000000000000000, 0.9731141381502543819, 1.000000000000000000),
 ( 1.000000000000000000, 0.9721824285867375348, 1.000000000000000000),
 ( 1.000000000000000000, 0.9687194485352640383, 1.000000000000000000),
 ( 1.000000000000000000, 0.9655513060545429793, 1.000000000000000000),
 ( 1.000000000000000000, 0.9601634611578937495, 1.000000000000000000),
 ( 1.000000000000000000, 0.9582586981071753440, 1.000000000000000000),
 ( 1.000000000000000000, 0.9543671507067642557, 1.000000000000000000),
 ( 1.000000000000000000, 0.9523716756010658369, 1.000000000000000000),
 ( 1.000000000000000000, 0.9463063569836811517, 1.000000000000000000),
 ( 1.000000000000000000, 0.9421616744662586473, 1.000000000000000000),
 ( 1.000000000000000000, 0.9297497655256664606, 1.000000000000000000),
 ( 1.000000000000000000, 0.9215223295672817505, 1.000000000000000000),
 ( 1.000000000000000000, 0.9058000326080994924, 1.000000000000000000),
 ( 1.000000000000000000, 0.8982849355799324975, 1.000000000000000000),
 ( 1.000000000000000000, 0.8840834982022141020, 1.000000000000000000),
 ( 1.000000000000000000, 0.8773909257623763169, 1.000000000000000000),
 ( 1.000000000000000000, 0.8647921572180835570, 1.000000000000000000),
 ( 1.000000000000000000, 0.8588839873656730628, 1.000000000000000000),
 ( 1.000000000000000000, 0.8422167834826118638, 1.000000000000000000),
 ( 1.000000000000000000, 0.8325102047505837932, 1.000000000000000000),
 ( 1.000000000000000000, 0.8152246893039024611, 1.000000000000000000),
 ( 1.000000000000000000, 0.8076429853542892445, 1.000000000000000000),
 ( 1.000000000000000000, 0.7940519269256668400, 1.000000000000000000),
 ( 1.000000000000000000, 0.7880434873698989318, 1.000000000000000000),
 ( 1.000000000000000000, 0.7717756809104293625, 1.000000000000000000),
 ( 1.000000000000000000, 0.7632188848039113127, 1.000000000000000000),
 ( 1.000000000000000000, 0.7490171115736031782, 1.000000000000000000),
 ( 1.000000000000000000, 0.7433321590431782866, 1.000000000000000000),
 ( 1.000000000000000000, 0.7336101691057248519, 1.000000000000000000),
 ( 1.000000000000000000, 0.7295865456047022635, 1.000000000000000000),
 ( 1.000000000000000000, 0.7225791767271284582, 1.000000000000000000),
 ( 1.000000000000000000, 0.7196540846723212814, 1.000000000000000000),
 ( 1.000000000000000000, 0.7145796383773254101, 1.000000000000000000),
 ( 1.000000000000000000, 0.7124233275652738229, 1.000000000000000000),
 ( 1.000000000000000000, 0.7105100200589962167, 1.000000000000000000) ) ) 
 REPRESENTATION_ITEM ( '' )  SURFACE ( )  );
#2573 = CARTESIAN_POINT ( 'NONE',  ( 10.62500000000000000, 28.73530505604057339, 97.68133091484642705 ) ) ;
#2574 = CARTESIAN_POINT ( 'NONE',  ( 0.000000000000000000, 0.000000000000000000, 134.0549999999999784 ) ) ;
#2575 = ORIENTED_EDGE ( 'NONE', *, *, #4357, .F. ) ;
#2576 = CARTESIAN_POINT ( 'NONE',  ( -7.796249999999990798, 18.68536357358632216, 35.26856028832671797 ) ) ;
#2577 = SURFACE_STYLE_USAGE ( .BOTH. , #1676 ) ;
#2578 = LINE ( 'NONE', #2006, #5302 ) ;
#2579 = EDGE_CURVE ( 'NONE', #868, #3189, #4374, .T. ) ;
#2580 = DIRECTION ( 'NONE',  ( -1.000000000000000000, -0.000000000000000000, 0.000000000000000000 ) ) ;
#2581 = FILL_AREA_STYLE_COLOUR ( '', #4304 ) ;
#2582 = ADVANCED_FACE ( 'NONE', ( #3906 ), #5753, .T. ) ;
#2583 = SURFACE_SIDE_STYLE ('',( #645 ) ) ;
#2584 = CARTESIAN_POINT ( 'NONE',  ( 0.005163710566131830826, 1.005065990796202069, 50.43369577005588411 ) ) ;
#2585 = SURFACE_STYLE_USAGE ( .BOTH. , #4599 ) ;
#2586 = DIRECTION ( 'NONE',  ( 0.000000000000000000, 1.885568995626965026E-16, 1.000000000000000000 ) ) ;
#2587 = ADVANCED_FACE ( 'NONE', ( #4315 ), #1870, .F. ) ;
#2588 = AXIS2_PLACEMENT_3D ( 'NONE', #642, #4081, #1047 ) ;
#2589 = ORIENTED_EDGE ( 'NONE', *, *, #3951, .T. ) ;
#2590 = CARTESIAN_POINT ( 'NONE',  ( 10.62500000000000000, -4.050000000000006928, 23.69249999999998835 ) ) ;
#2591 = EDGE_LOOP ( 'NONE', ( #1817, #3317, #3382, #173 ) ) ;
#2592 = CARTESIAN_POINT ( 'NONE',  ( 8.581317725146240250, 28.14749999999999375, 41.31748815205606462 ) ) ;
#2593 = VECTOR ( 'NONE', #164, 1000.000000000000000 ) ;
#2594 = DIRECTION ( 'NONE',  ( 0.000000000000000000, 0.7071067811865441310, -0.7071067811865510144 ) ) ;
#2595 = CARTESIAN_POINT ( 'NONE',  ( 32.92873889984931424, 29.16000000000018133, 23.69249999999998835 ) ) ;
#2596 = PRESENTATION_STYLE_ASSIGNMENT (( #5937 ) ) ;
#2597 = CARTESIAN_POINT ( 'NONE',  ( 4.925878795895932249, 29.16000000000021330, 44.45556786170878638 ) ) ;
#2598 = ORIENTED_EDGE ( 'NONE', *, *, #1793, .F. ) ;
#2599 = VECTOR ( 'NONE', #4034, 1000.000000000000000 ) ;
#2600 = CARTESIAN_POINT ( 'NONE',  ( 10.12500000000006217, 28.89999035167230801, 38.68688301964625254 ) ) ;
#2601 =( GEOMETRIC_REPRESENTATION_CONTEXT ( 3 ) GLOBAL_UNCERTAINTY_ASSIGNED_CONTEXT ( ( #2340 ) ) GLOBAL_UNIT_ASSIGNED_CONTEXT ( ( #3872, #2839, #1317 ) ) REPRESENTATION_CONTEXT ( 'NONE', 'WORKASPACE' ) );
#2602 = CARTESIAN_POINT ( 'NONE',  ( -0.2947065373979295688, 1.426379426801402728, 86.30367746704547471 ) ) ;
#2603 = CARTESIAN_POINT ( 'NONE',  ( 0.000000000000000000, 8.457484033760292845E-15, 113.4000000000000057 ) ) ;
#2604 = ORIENTED_EDGE ( 'NONE', *, *, #3084, .F. ) ;
#2605 =( NAMED_UNIT ( * ) PLANE_ANGLE_UNIT ( ) SI_UNIT ( $, .RADIAN. ) );
#2606 = MECHANICAL_DESIGN_GEOMETRIC_PRESENTATION_REPRESENTATION (  '', ( #3618 ), #6161 ) ;
#2607 =( NAMED_UNIT ( * ) SI_UNIT ( $, .STERADIAN. ) SOLID_ANGLE_UNIT ( ) );
#2608 = MECHANICAL_DESIGN_GEOMETRIC_PRESENTATION_REPRESENTATION (  '', ( #3521 ), #1179 ) ;
#2609 = SURFACE_STYLE_FILL_AREA ( #5069 ) ;
#2610 = COLOUR_RGB ( '',0.1019607843137254888, 0.1019607843137254888, 0.1019607843137254888 ) ;
#2611 = VECTOR ( 'NONE', #1127, 1000.000000000000000 ) ;
#2612 = DIRECTION ( 'NONE',  ( 6.057297782015010146E-32, -1.884795814070615786E-47, -1.000000000000000000 ) ) ;
#2613 = EDGE_CURVE ( 'NONE', #2873, #5945, #914, .T. ) ;
#2614 = FILL_AREA_STYLE ('',( #5073 ) ) ;
#2615 =( LENGTH_UNIT ( ) NAMED_UNIT ( * ) SI_UNIT ( .MILLI., .METRE. ) );
#2616 = FILL_AREA_STYLE ('',( #765 ) ) ;
#2617 = CARTESIAN_POINT ( 'NONE',  ( 7.255320315728921350E-15, 22.58499999999999730, 102.2625000000000028 ) ) ;
#2618 = PRESENTATION_LAYER_ASSIGNMENT (  '', '', ( #3743 ) ) ;
#2619 = EDGE_CURVE ( 'NONE', #2440, #305, #4635, .T. ) ;
#2620 = PRESENTATION_STYLE_ASSIGNMENT (( #678 ) ) ;
#2621 = MECHANICAL_DESIGN_GEOMETRIC_PRESENTATION_REPRESENTATION (  '', ( #976 ), #5468 ) ;
#2622 = ORIENTED_EDGE ( 'NONE', *, *, #2727, .T. ) ;
#2623 = CARTESIAN_POINT ( 'NONE',  ( 10.62500000000000000, 29.16000000000004988, 99.92599157982661495 ) ) ;
#2624 = ORIENTED_EDGE ( 'NONE', *, *, #5380, .F. ) ;
#2625 = CARTESIAN_POINT ( 'NONE',  ( 10.62500000000000000, 25.10999999999999588, 134.0549999999999784 ) ) ;
#2626 = EDGE_CURVE ( 'NONE', #3245, #2119, #1900, .T. ) ;
#2627 = PRESENTATION_LAYER_ASSIGNMENT (  '', '', ( #697 ) ) ;
#2628 = CARTESIAN_POINT ( 'NONE',  ( 0.000000000000000000, 0.000000000000000000, 0.000000000000000000 ) ) ;
#2629 = CARTESIAN_POINT ( 'NONE',  ( 8.099999999999999645, 28.14749999999999375, 0.000000000000000000 ) ) ;
#2630 = SURFACE_STYLE_USAGE ( .BOTH. , #690 ) ;
#2631 = MECHANICAL_DESIGN_GEOMETRIC_PRESENTATION_REPRESENTATION (  '', ( #4780 ), #4477 ) ;
#2632 = CARTESIAN_POINT ( 'NONE',  ( 2.308688586928441033, 29.16000000000020265, 44.38883037974153467 ) ) ;
#2633 = ORIENTED_EDGE ( 'NONE', *, *, #1490, .F. ) ;
#2634 = CARTESIAN_POINT ( 'NONE',  ( 7.257668977476860128, 28.14749999999999375, 94.96095255484274844 ) ) ;
#2635 = MECHANICAL_DESIGN_GEOMETRIC_PRESENTATION_REPRESENTATION (  '', ( #804 ), #2 ) ;
#2636 = LINE ( 'NONE', #5685, #2087 ) ;
#2637 = CARTESIAN_POINT ( 'NONE',  ( 10.62500000000000000, -3.037499999999990319, 40.84195960390601954 ) ) ;
#2638 = VERTEX_POINT ( 'NONE', #1422 ) ;
#2639 = MECHANICAL_DESIGN_GEOMETRIC_PRESENTATION_REPRESENTATION (  '', ( #5789 ), #1624 ) ;
#2640 = DIRECTION ( 'NONE',  ( -1.000000000000000000, 0.000000000000000000, 0.000000000000000000 ) ) ;
#2641 = STYLED_ITEM ( 'NONE', ( #5181 ), #5428 ) ;
#2642 = CARTESIAN_POINT ( 'NONE',  ( 10.62500000000000000, 1.580766767483863887E-14, -3.037499999999999645 ) ) ;
#2643 = CARTESIAN_POINT ( 'NONE',  ( 9.867290423519923692, 2.166779483738262790, 46.47375000514947629 ) ) ;
#2644 = UNCERTAINTY_MEASURE_WITH_UNIT (LENGTH_MEASURE( 1.000000000000000082E-05 ), #1512, 'distance_accuracy_value', 'NONE');
#2645 = CARTESIAN_POINT ( 'NONE',  ( 8.099999999999999645, 28.14749999999999375, 90.61874999999999147 ) ) ;
#2646 = LINE ( 'NONE', #2165, #5257 ) ;
#2647 = VECTOR ( 'NONE', #2660, 1000.000000000000000 ) ;
#2648 = LINE ( 'NONE', #3602, #5961 ) ;
#2649 = ORIENTED_EDGE ( 'NONE', *, *, #5768, .F. ) ;
#2650 = EDGE_LOOP ( 'NONE', ( #5372, #1164, #3464, #929, #4013 ) ) ;
#2651 = SURFACE_STYLE_USAGE ( .BOTH. , #3641 ) ;
#2652 = EDGE_CURVE ( 'NONE', #3925, #3814, #2533, .T. ) ;
#2653 = EDGE_CURVE ( 'NONE', #259, #1732, #2565, .T. ) ;
#2654 =( LENGTH_UNIT ( ) NAMED_UNIT ( * ) SI_UNIT ( .MILLI., .METRE. ) );
#2655 = DIRECTION ( 'NONE',  ( 1.000000000000000000, 0.000000000000000000, 0.000000000000000000 ) ) ;
#2656 = ORIENTED_EDGE ( 'NONE', *, *, #2362, .T. ) ;
#2657 = EDGE_CURVE ( 'NONE', #1321, #5301, #1162, .T. ) ;
#2658 = CARTESIAN_POINT ( 'NONE',  ( 4.302999391113059957, 29.16000000000000725, 38.85519885594383283 ) ) ;
#2659 = ORIENTED_EDGE ( 'NONE', *, *, #1996, .T. ) ;
#2660 = DIRECTION ( 'NONE',  ( -2.498001805406605174E-16, 0.000000000000000000, 1.000000000000000000 ) ) ;
#2661 = CARTESIAN_POINT ( 'NONE',  ( 10.62500000000000000, 25.10999999999999588, 140.1299999999999670 ) ) ;
#2662 = FACE_OUTER_BOUND ( 'NONE', #6157, .T. ) ;
#2663 = CARTESIAN_POINT ( 'NONE',  ( 1.157216739054246935, 29.15999999999999659, 95.05257678755612005 ) ) ;
#2664 = B_SPLINE_CURVE_WITH_KNOTS ( 'NONE', 3,
 ( #4714, #4744, #4283, #3370, #6202, #4814 ),
 .UNSPECIFIED., .F., .F.,
 ( 4, 2, 4 ),
 ( 0.000000000000000000, 0.5000000000000000000, 1.000000000000000000 ),
 .UNSPECIFIED. ) ;
#2665 = LINE ( 'NONE', #3654, #484 ) ;
#2666 = ORIENTED_EDGE ( 'NONE', *, *, #601, .T. ) ;
#2667 = PLANE ( 'NONE',  #2439 ) ;
#2668 = CARTESIAN_POINT ( 'NONE',  ( 1.697147183542805360, -4.050000000000002487, 41.65425124088987729 ) ) ;
#2669 = SURFACE_STYLE_USAGE ( .BOTH. , #2583 ) ;
#2670 = DIRECTION ( 'NONE',  ( -1.000000000000000000, 0.000000000000000000, 0.000000000000000000 ) ) ;
#2671 = CARTESIAN_POINT ( 'NONE',  ( 1.012499999999961542, 7.087499999999992362, 26.69249999999999901 ) ) ;
#2672 =( NAMED_UNIT ( * ) SI_UNIT ( $, .STERADIAN. ) SOLID_ANGLE_UNIT ( ) );
#2673 = SURFACE_STYLE_FILL_AREA ( #1722 ) ;
#2674 = PLANE ( 'NONE',  #3217 ) ;
#2675 = ORIENTED_EDGE ( 'NONE', *, *, #5316, .T. ) ;
#2676 = VERTEX_POINT ( 'NONE', #2472 ) ;
#2677 = DIRECTION ( 'NONE',  ( 0.000000000000000000, -1.000000000000000000, 0.000000000000000000 ) ) ;
#2678 = CARTESIAN_POINT ( 'NONE',  ( 1.180338374043794714, -4.050000000000236966, 92.70930087370818740 ) ) ;
#2679 = CARTESIAN_POINT ( 'NONE',  ( 2.369239150974407071, -4.049999999999998046, 40.87224591862096190 ) ) ;
#2680 = CARTESIAN_POINT ( 'NONE',  ( 20.25000000000000000, 25.10999999999999588, -3.037499999999999645 ) ) ;
#2681 = CARTESIAN_POINT ( 'NONE',  ( 2.674096028898477417, 29.16000000000000014, 40.50432772664776593 ) ) ;
#2682 = ORIENTED_EDGE ( 'NONE', *, *, #1929, .F. ) ;
#2683 = EDGE_CURVE ( 'NONE', #3982, #4834, #6150, .T. ) ;
#2684 = VECTOR ( 'NONE', #3399, 1000.000000000000000 ) ;
#2685 = LINE ( 'NONE', #309, #2170 ) ;
#2686 = CARTESIAN_POINT ( 'NONE',  ( -8.887544302731724244, 2.666214736094056015, 92.60164078022908996 ) ) ;
#2687 = DIRECTION ( 'NONE',  ( -3.212450881438532241E-16, -1.000000000000000000, -0.000000000000000000 ) ) ;
#2688 = AXIS2_PLACEMENT_3D ( 'NONE', #5406, #3075, #1998 ) ;
#2689 = CARTESIAN_POINT ( 'NONE',  ( 4.596204370569872744, 29.16000000000001435, 92.65192674591727950 ) ) ;
#2690 = EDGE_LOOP ( 'NONE', ( #757, #5516, #502, #5109 ) ) ;
#2691 = VECTOR ( 'NONE', #875, 1000.000000000000000 ) ;
#2692 = EDGE_CURVE ( 'NONE', #5048, #396, #3970, .T. ) ;
#2693 = SURFACE_SIDE_STYLE ('',( #5128 ) ) ;
#2694 = DIRECTION ( 'NONE',  ( 1.000000000000000000, 0.000000000000000000, 0.000000000000000000 ) ) ;
#2695 = CARTESIAN_POINT ( 'NONE',  ( 2.446840192436749106, -2.939031273456747417, 46.47375005066678000 ) ) ;
#2696 = FILL_AREA_STYLE ('',( #1206 ) ) ;
#2697 = PLANE ( 'NONE',  #4978 ) ;
#2698 = CARTESIAN_POINT ( 'NONE',  ( -1.821798049514056439, 5.060305992259394259, 53.11828707061142296 ) ) ;
#2699 = DIRECTION ( 'NONE',  ( -3.212450881438532241E-15, 1.000000000000000000, 0.000000000000000000 ) ) ;
#2700 = STYLED_ITEM ( 'NONE', ( #4419 ), #4407 ) ;
#2701 = VECTOR ( 'NONE', #121, 1000.000000000000000 ) ;
#2702 = CARTESIAN_POINT ( 'NONE',  ( -0.1250000000000348055, 11.43499999999999872, 110.3999999999999915 ) ) ;
#2703 = CARTESIAN_POINT ( 'NONE',  ( -5.973749999999989235, 22.75524077235000320, 35.19250000000000256 ) ) ;
#2704 = ORIENTED_EDGE ( 'NONE', *, *, #905, .F. ) ;
#2705 = UNCERTAINTY_MEASURE_WITH_UNIT (LENGTH_MEASURE( 1.000000000000000082E-05 ), #5683, 'distance_accuracy_value', 'NONE');
#2706 = CARTESIAN_POINT ( 'NONE',  ( 10.62500000000000000, 28.14749999999999019, 96.25054039609378265 ) ) ;
#2707 = EDGE_LOOP ( 'NONE', ( #631, #3127, #5249, #381 ) ) ;
#2708 = TOROIDAL_SURFACE ( 'NONE', #3533, 8.137499999999995737, 3.000000000000000000 ) ;
#2709 =( NAMED_UNIT ( * ) SI_UNIT ( $, .STERADIAN. ) SOLID_ANGLE_UNIT ( ) );
#2710 = STYLED_ITEM ( 'NONE', ( #397 ), #4856 ) ;
#2711 = CARTESIAN_POINT ( 'NONE',  ( 9.207420387001928219, -4.049999999999957190, 36.51206584997516558 ) ) ;
#2712 = VERTEX_POINT ( 'NONE', #1348 ) ;
#2713 = FACE_OUTER_BOUND ( 'NONE', #317, .T. ) ;
#2714 = ORIENTED_EDGE ( 'NONE', *, *, #1885, .F. ) ;
#2715 = CARTESIAN_POINT ( 'NONE',  ( 8.113050789623924786, 25.24902447804990047, 46.47375001603035116 ) ) ;
#2716 = ORIENTED_EDGE ( 'NONE', *, *, #3287, .T. ) ;
#2717 = SURFACE_SIDE_STYLE ('',( #782 ) ) ;
#2718 =( GEOMETRIC_REPRESENTATION_CONTEXT ( 3 ) GLOBAL_UNCERTAINTY_ASSIGNED_CONTEXT ( ( #4792 ) ) GLOBAL_UNIT_ASSIGNED_CONTEXT ( ( #3893, #2985, #3953 ) ) REPRESENTATION_CONTEXT ( 'NONE', 'WORKASPACE' ) );
#2719 = CARTESIAN_POINT ( 'NONE',  ( 10.12500000000000178, 29.16000000000004277, 36.39402376808405393 ) ) ;
#2720 = CARTESIAN_POINT ( 'NONE',  ( -8.750394870397375513, 2.427882572471403488, 92.50428888585955178 ) ) ;
#2721 = STYLED_ITEM ( 'NONE', ( #1811 ), #131 ) ;
#2722 = DIRECTION ( 'NONE',  ( 0.000000000000000000, 1.027984282060330751E-15, -1.000000000000000000 ) ) ;
#2723 = CARTESIAN_POINT ( 'NONE',  ( 2.375961753401425014, 29.16000000000000369, 96.23187546462000341 ) ) ;
#2724 =( NAMED_UNIT ( * ) PLANE_ANGLE_UNIT ( ) SI_UNIT ( $, .RADIAN. ) );
#2725 = VERTEX_POINT ( 'NONE', #1126 ) ;
#2726 = CARTESIAN_POINT ( 'NONE',  ( -5.973749999999999893, -7.163394896620398925E-15, 96.39000000000000057 ) ) ;
#2727 = EDGE_CURVE ( 'NONE', #5466, #6119, #56, .T. ) ;
#2728 = UNCERTAINTY_MEASURE_WITH_UNIT (LENGTH_MEASURE( 1.000000000000000082E-05 ), #5623, 'distance_accuracy_value', 'NONE');
#2729 = CARTESIAN_POINT ( 'NONE',  ( 5.789210545704361444, -4.050000000000025580, 44.50732394029955685 ) ) ;
#2730 = MECHANICAL_DESIGN_GEOMETRIC_PRESENTATION_REPRESENTATION (  '', ( #2937 ), #4482 ) ;
#2731 = EDGE_CURVE ( 'NONE', #4429, #1034, #4964, .T. ) ;
#2732 = PLANE ( 'NONE',  #1005 ) ;
#2733 =( NAMED_UNIT ( * ) PLANE_ANGLE_UNIT ( ) SI_UNIT ( $, .RADIAN. ) );
#2734 = DIRECTION ( 'NONE',  ( 0.000000000000000000, -0.7071067811865460184, 0.7071067811865489050 ) ) ;
#2735 = CARTESIAN_POINT ( 'NONE',  ( -49.50701142158430912, 25.10999999999999588, 23.69249999999999901 ) ) ;
#2736 = MECHANICAL_DESIGN_GEOMETRIC_PRESENTATION_REPRESENTATION (  '', ( #515 ), #4069 ) ;
#2737 = VERTEX_POINT ( 'NONE', #3552 ) ;
#2738 = ORIENTED_EDGE ( 'NONE', *, *, #529, .T. ) ;
#2739 = CARTESIAN_POINT ( 'NONE',  ( -9.112499999999998934, 7.087500000000000355, 90.61874999999999147 ) ) ;
#2740 = CARTESIAN_POINT ( 'NONE',  ( 2.446840192456310792, -2.939031273454001170, 90.61874994933317851 ) ) ;
#2741 = DIRECTION ( 'NONE',  ( 0.000000000000000000, 0.000000000000000000, 1.000000000000000000 ) ) ;
#2742 =( NAMED_UNIT ( * ) SI_UNIT ( $, .STERADIAN. ) SOLID_ANGLE_UNIT ( ) );
#2743 = CARTESIAN_POINT ( 'NONE',  ( -101.2500000000000000, 79.58249999999999602, 79.58249999999999602 ) ) ;
#2744 = ORIENTED_EDGE ( 'NONE', *, *, #6196, .T. ) ;
#2745 = CARTESIAN_POINT ( 'NONE',  ( 8.424428059070107722, 29.15999999999963066, 44.86261682143412344 ) ) ;
#2746 = VERTEX_POINT ( 'NONE', #4515 ) ;
#2747 = SURFACE_STYLE_USAGE ( .BOTH. , #819 ) ;
#2748 = CARTESIAN_POINT ( 'NONE',  ( 1.012499999999994182, 28.14749999999999375, 23.69249999999999545 ) ) ;
#2749 = LINE ( 'NONE', #3720, #6169 ) ;
#2750 = CARTESIAN_POINT ( 'NONE',  ( 7.091236425151318024, 29.15999999999983672, 92.45725027594524192 ) ) ;
#2751 = FILL_AREA_STYLE ('',( #6269 ) ) ;
#2752 = ORIENTED_EDGE ( 'NONE', *, *, #1951, .T. ) ;
#2753 = CARTESIAN_POINT ( 'NONE',  ( -9.383137845619502926, 21.72264823947663004, 43.50581937000698218 ) ) ;
#2754 = CARTESIAN_POINT ( 'NONE',  ( -40.50000000000000000, 0.000000000000000000, 110.3624999999999829 ) ) ;
#2755 = CARTESIAN_POINT ( 'NONE',  ( 6.497110340786572458, -4.049999999999774225, 44.56788078392303021 ) ) ;
#2756 = CARTESIAN_POINT ( 'NONE',  ( -1.476403217345251262, 21.31585997442768488, 52.47309883321670299 ) ) ;
#2757 = LINE ( 'NONE', #3695, #3239 ) ;
#2758 = LINE ( 'NONE', #3831, #6208 ) ;
#2759 = EDGE_CURVE ( 'NONE', #680, #2487, #538, .T. ) ;
#2760 = FILL_AREA_STYLE_COLOUR ( '', #5699 ) ;
#2761 = EDGE_CURVE ( 'NONE', #6107, #2530, #3070, .T. ) ;
#2762 = FILL_AREA_STYLE ('',( #357 ) ) ;
#2763 = ORIENTED_EDGE ( 'NONE', *, *, #4394, .T. ) ;
#2764 = CARTESIAN_POINT ( 'NONE',  ( 0.6742935442334330176, 28.14749999999997954, 137.0924999999998875 ) ) ;
#2765 = VERTEX_POINT ( 'NONE', #120 ) ;
#2766 = FILL_AREA_STYLE_COLOUR ( '', #2941 ) ;
#2767 = CARTESIAN_POINT ( 'NONE',  ( 2.227799725878738535, -4.049999999999996270, 96.05286042999637175 ) ) ;
#2768 = ADVANCED_FACE ( 'NONE', ( #1514 ), #4002, .F. ) ;
#2769 = CARTESIAN_POINT ( 'NONE',  ( 0.000000000000000000, 25.10999999999999588, -3.037499999999999645 ) ) ;
#2770 = VERTEX_POINT ( 'NONE', #4734 ) ;
#2771 = CARTESIAN_POINT ( 'NONE',  ( 1.242034969776188547, 29.15999999999999659, 42.01593079085463245 ) ) ;
#2772 = ORIENTED_EDGE ( 'NONE', *, *, #3371, .F. ) ;
#2773 = CARTESIAN_POINT ( 'NONE',  ( 3.786783009627751717, 29.16000000000000369, 39.32356321173633518 ) ) ;
#2774 = EDGE_LOOP ( 'NONE', ( #4775, #3590, #1605, #3545, #3640, #5471, #4494, #28, #2905, #1351 ) ) ;
#2775 =( GEOMETRIC_REPRESENTATION_CONTEXT ( 3 ) GLOBAL_UNCERTAINTY_ASSIGNED_CONTEXT ( ( #2397 ) ) GLOBAL_UNIT_ASSIGNED_CONTEXT ( ( #1275, #6218, #3736 ) ) REPRESENTATION_CONTEXT ( 'NONE', 'WORKASPACE' ) );
#2776 = DIRECTION ( 'NONE',  ( 0.000000000000000000, 0.000000000000000000, -1.000000000000000000 ) ) ;
#2777 = SURFACE_STYLE_USAGE ( .BOTH. , #1456 ) ;
#2778 = FACE_OUTER_BOUND ( 'NONE', #4987, .T. ) ;
#2779 = CARTESIAN_POINT ( 'NONE',  ( 5.523511352505053651, 29.16000000000001791, 92.60357682832081139 ) ) ;
#2780 = CARTESIAN_POINT ( 'NONE',  ( 0.000000000000000000, 3.156971437514674074E-14, 140.1299999999999670 ) ) ;
#2781 = LINE ( 'NONE', #5593, #1899 ) ;
#2782 = ORIENTED_EDGE ( 'NONE', *, *, #3287, .F. ) ;
#2783 = VECTOR ( 'NONE', #761, 1000.000000000000000 ) ;
#2784 = COLOUR_RGB ( '',0.1019607843137254888, 0.1019607843137254888, 0.1019607843137254888 ) ;
#2785 = DIRECTION ( 'NONE',  ( 1.000000000000000000, 5.158870429325806724E-14, 0.000000000000000000 ) ) ;
#2786 = PRESENTATION_STYLE_ASSIGNMENT (( #257 ) ) ;
#2787 = UNCERTAINTY_MEASURE_WITH_UNIT (LENGTH_MEASURE( 1.000000000000000082E-05 ), #5453, 'distance_accuracy_value', 'NONE');
#2788 = CARTESIAN_POINT ( 'NONE',  ( 6.632369389440813556, -4.049999999999971401, 37.35078812755210720 ) ) ;
#2789 = FILL_AREA_STYLE ('',( #1435 ) ) ;
#2790 = SURFACE_STYLE_FILL_AREA ( #861 ) ;
#2791 = COLOUR_RGB ( '',0.1019607843137254888, 0.1019607843137254888, 0.1019607843137254888 ) ;
#2792 = SURFACE_SIDE_STYLE ('',( #5734 ) ) ;
#2793 =( LENGTH_UNIT ( ) NAMED_UNIT ( * ) SI_UNIT ( .MILLI., .METRE. ) );
#2794 = SURFACE_SIDE_STYLE ('',( #1439 ) ) ;
#2795 = CARTESIAN_POINT ( 'NONE',  ( -10.12500000000003375, 18.02249999999999730, 95.03213518033507512 ) ) ;
#2796 = SURFACE_STYLE_USAGE ( .BOTH. , #5236 ) ;
#2797 = ORIENTED_EDGE ( 'NONE', *, *, #2235, .F. ) ;
#2798 = ORIENTED_EDGE ( 'NONE', *, *, #372, .F. ) ;
#2799 = EDGE_CURVE ( 'NONE', #2119, #2810, #1485, .T. ) ;
#2800 = FILL_AREA_STYLE_COLOUR ( '', #1628 ) ;
#2801 = CARTESIAN_POINT ( 'NONE',  ( 1.392022295297119738, -4.049999999999999822, 95.17103858781354120 ) ) ;
#2802 = STYLED_ITEM ( 'NONE', ( #5634 ), #4326 ) ;
#2803 = VECTOR ( 'NONE', #342, 1000.000000000000000 ) ;
#2804 = PLANE ( 'NONE',  #571 ) ;
#2805 = EDGE_CURVE ( 'NONE', #1287, #2361, #3006, .T. ) ;
#2806 = STYLED_ITEM ( 'NONE', ( #541 ), #4648 ) ;
#2807 = FILL_AREA_STYLE ('',( #965 ) ) ;
#2808 = VECTOR ( 'NONE', #6266, 1000.000000000000000 ) ;
#2809 = CARTESIAN_POINT ( 'NONE',  ( 3.274065535898539547, 29.16000000000000014, 39.82790528917989548 ) ) ;
#2810 = VERTEX_POINT ( 'NONE', #3519 ) ;
#2811 = CARTESIAN_POINT ( 'NONE',  ( 1.012499999999961542, 7.087499999999992362, 23.69249999999998835 ) ) ;
#2812 = ORIENTED_EDGE ( 'NONE', *, *, #5242, .F. ) ;
#2813 = ADVANCED_FACE ( 'NONE', ( #5462 ), #4993, .T. ) ;
#2814 = CARTESIAN_POINT ( 'NONE',  ( 10.62500000000000000, -3.037499999999999645, 96.25054039609395318 ) ) ;
#2815 = CARTESIAN_POINT ( 'NONE',  ( -8.724953040531136850, 1.681400247548941573, 42.06036481966481944 ) ) ;
#2816 = DIRECTION ( 'NONE',  ( 0.000000000000000000, 0.000000000000000000, -1.000000000000000000 ) ) ;
#2817 = FACE_OUTER_BOUND ( 'NONE', #4029, .T. ) ;
#2818 = CARTESIAN_POINT ( 'NONE',  ( 11.07037555298910192, 19.18776110364440157, 90.61875000001136016 ) ) ;
#2819 = MECHANICAL_DESIGN_GEOMETRIC_PRESENTATION_REPRESENTATION (  '', ( #1093 ), #2718 ) ;
#2820 =( LENGTH_UNIT ( ) NAMED_UNIT ( * ) SI_UNIT ( .MILLI., .METRE. ) );
#2821 = ORIENTED_EDGE ( 'NONE', *, *, #3677, .T. ) ;
#2822 = FILL_AREA_STYLE ('',( #1769 ) ) ;
#2823 = MECHANICAL_DESIGN_GEOMETRIC_PRESENTATION_REPRESENTATION (  '', ( #2430 ), #290 ) ;
#2824 = CARTESIAN_POINT ( 'NONE',  ( -0.1250000000000313360, 22.58499999999999730, 110.3999999999999915 ) ) ;
#2825 =( NAMED_UNIT ( * ) PLANE_ANGLE_UNIT ( ) SI_UNIT ( $, .RADIAN. ) );
#2826 = CARTESIAN_POINT ( 'NONE',  ( -1.210205171845932348, 22.00247195435579783, 52.04043553665511723 ) ) ;
#2827 = CARTESIAN_POINT ( 'NONE',  ( -7.578847391416579704, 25.10999999999999588, 46.47374999999998835 ) ) ;
#2828 = FILL_AREA_STYLE ('',( #4218 ) ) ;
#2829 = PRESENTATION_STYLE_ASSIGNMENT (( #4353 ) ) ;
#2830 = LINE ( 'NONE', #4355, #4115 ) ;
#2831 = VERTEX_POINT ( 'NONE', #1641 ) ;
#2832 = UNCERTAINTY_MEASURE_WITH_UNIT (LENGTH_MEASURE( 1.000000000000000082E-05 ), #990, 'distance_accuracy_value', 'NONE');
#2833 = VERTEX_POINT ( 'NONE', #2211 ) ;
#2834 = SURFACE_SIDE_STYLE ('',( #5275 ) ) ;
#2835 = B_SPLINE_CURVE_WITH_KNOTS ( 'NONE', 3,
 ( #614, #3503, #5536, #2553, #5948, #4504 ),
 .UNSPECIFIED., .F., .F.,
 ( 4, 2, 4 ),
 ( 0.000000000000000000, 0.5000000000000000000, 1.000000000000000000 ),
 .UNSPECIFIED. ) ;
#2836 = CARTESIAN_POINT ( 'NONE',  ( 3.135276948313215684, -4.049999999999990941, 97.10923230674787021 ) ) ;
#2837 = AXIS2_PLACEMENT_3D ( 'NONE', #2671, #4052, #138 ) ;
#2838 = PRESENTATION_LAYER_ASSIGNMENT (  '', '', ( #200 ) ) ;
#2839 =( NAMED_UNIT ( * ) PLANE_ANGLE_UNIT ( ) SI_UNIT ( $, .RADIAN. ) );
#2840 = VECTOR ( 'NONE', #5298, 1000.000000000000000 ) ;
#2841 =( NAMED_UNIT ( * ) SI_UNIT ( $, .STERADIAN. ) SOLID_ANGLE_UNIT ( ) );
#2842 = ORIENTED_EDGE ( 'NONE', *, *, #1921, .F. ) ;
#2843 = CARTESIAN_POINT ( 'NONE',  ( 1.012499999999969535, 7.087500000000000355, 83.02500000000000568 ) ) ;
#2844 = EDGE_LOOP ( 'NONE', ( #2866, #1791, #4513, #5120, #815 ) ) ;
#2845 = CARTESIAN_POINT ( 'NONE',  ( 1.012499999999978639, -3.037499999999999645, 46.47375000000000256 ) ) ;
#2846 = SURFACE_SIDE_STYLE ('',( #3301 ) ) ;
#2847 = STYLED_ITEM ( 'NONE', ( #3062 ), #5811 ) ;
#2848 = EDGE_CURVE ( 'NONE', #4244, #3835, #5877, .T. ) ;
#2849 =( GEOMETRIC_REPRESENTATION_CONTEXT ( 3 ) GLOBAL_UNCERTAINTY_ASSIGNED_CONTEXT ( ( #741 ) ) GLOBAL_UNIT_ASSIGNED_CONTEXT ( ( #4208, #1801, #853 ) ) REPRESENTATION_CONTEXT ( 'NONE', 'WORKASPACE' ) );
#2850 = PRESENTATION_STYLE_ASSIGNMENT (( #2777 ) ) ;
#2851 = EDGE_CURVE ( 'NONE', #585, #2440, #4578, .T. ) ;
#2852 = SURFACE_STYLE_FILL_AREA ( #4376 ) ;
#2853 = AXIS2_PLACEMENT_3D ( 'NONE', #2889, #159, #5886 ) ;
#2854 = CARTESIAN_POINT ( 'NONE',  ( 11.05289438369798027, 29.15999999998647496, 90.76837210605108908 ) ) ;
#2855 = CARTESIAN_POINT ( 'NONE',  ( 10.12498995531755774, 28.96834301965506242, 98.72356611210457800 ) ) ;
#2856 = VECTOR ( 'NONE', #5345, 1000.000000000000000 ) ;
#2857 = CARTESIAN_POINT ( 'NONE',  ( -9.112499999999998934, 10.93500000000000050, 110.3624999999999829 ) ) ;
#2858 = ORIENTED_EDGE ( 'NONE', *, *, #5958, .F. ) ;
#2859 = CARTESIAN_POINT ( 'NONE',  ( -7.796249999999997904, 3.638750000000141593, 26.73000000000000043 ) ) ;
#2860 = UNCERTAINTY_MEASURE_WITH_UNIT (LENGTH_MEASURE( 1.000000000000000082E-05 ), #3996, 'distance_accuracy_value', 'NONE');
#2861 = CARTESIAN_POINT ( 'NONE',  ( 10.77835238475777757, 4.405333967708622289, 46.47375000083174967 ) ) ;
#2862 = CARTESIAN_POINT ( 'NONE',  ( -1.797782193549284591, 20.15567908122184804, 53.07067032594234490 ) ) ;
#2863 = FILL_AREA_STYLE ('',( #14 ) ) ;
#2864 = DIRECTION ( 'NONE',  ( -0.000000000000000000, 1.000000000000000000, 0.000000000000000000 ) ) ;
#2865 = SURFACE_STYLE_FILL_AREA ( #4446 ) ;
#2866 = ORIENTED_EDGE ( 'NONE', *, *, #917, .F. ) ;
#2867 = LINE ( 'NONE', #5806, #187 ) ;
#2868 = VERTEX_POINT ( 'NONE', #1223 ) ;
#2869 = PRESENTATION_STYLE_ASSIGNMENT (( #3383 ) ) ;
#2870 = CARTESIAN_POINT ( 'NONE',  ( 9.683029876858546103, 1.838585689252709043, 90.61875001173804378 ) ) ;
#2871 = CARTESIAN_POINT ( 'NONE',  ( 1.180338374032133597, 29.15999999999969461, 92.70930087370877004 ) ) ;
#2872 = PRESENTATION_STYLE_ASSIGNMENT (( #908 ) ) ;
#2873 = VERTEX_POINT ( 'NONE', #4125 ) ;
#2874 = ORIENTED_EDGE ( 'NONE', *, *, #2104, .T. ) ;
#2875 = CARTESIAN_POINT ( 'NONE',  ( 10.12495529786688131, -4.024158286064569268, 37.21460283412519487 ) ) ;
#2876 = SURFACE_STYLE_USAGE ( .BOTH. , #1832 ) ;
#2877 = PLANE ( 'NONE',  #4932 ) ;
#2878 = DIRECTION ( 'NONE',  ( 1.000000000000000000, -4.510281037539699678E-17, -2.636779683484745304E-16 ) ) ;
#2879 = DIRECTION ( 'NONE',  ( 0.000000000000000000, 1.885568995626964780E-16, 1.000000000000000000 ) ) ;
#2880 = CARTESIAN_POINT ( 'NONE',  ( 10.88750242027093940, 20.26976826869848125, 90.61875000083186649 ) ) ;
#2881 = EDGE_CURVE ( 'NONE', #2746, #2831, #774, .T. ) ;
#2882 = SURFACE_STYLE_USAGE ( .BOTH. , #450 ) ;
#2883 = ORIENTED_EDGE ( 'NONE', *, *, #4354, .F. ) ;
#2884 = PRESENTATION_LAYER_ASSIGNMENT (  '', '', ( #3296 ) ) ;
#2885 = LINE ( 'NONE', #889, #523 ) ;
#2886 = SURFACE_SIDE_STYLE ('',( #4416 ) ) ;
#2887 =( NAMED_UNIT ( * ) SI_UNIT ( $, .STERADIAN. ) SOLID_ANGLE_UNIT ( ) );
#2888 = COLOUR_RGB ( '',0.1019607843137254888, 0.1019607843137254888, 0.1019607843137254888 ) ;
#2889 = CARTESIAN_POINT ( 'NONE',  ( -7.796250000000000568, -9.948521286664769410E-14, 137.0924999999999727 ) ) ;
#2890 = CARTESIAN_POINT ( 'NONE',  ( -1.965992895709779420, 19.11403110141078088, 53.42657077273777588 ) ) ;
#2891 = EDGE_CURVE ( 'NONE', #5525, #1829, #302, .T. ) ;
#2892 =( NAMED_UNIT ( * ) PLANE_ANGLE_UNIT ( ) SI_UNIT ( $, .RADIAN. ) );
#2893 = CARTESIAN_POINT ( 'NONE',  ( -51.32951142158430713, 21.97125000000000128, 137.0924999999999727 ) ) ;
#2894 = CARTESIAN_POINT ( 'NONE',  ( -7.756007213317444027, 23.08500000000000085, -6.995905658109735947E-15 ) ) ;
#2895 = MECHANICAL_DESIGN_GEOMETRIC_PRESENTATION_REPRESENTATION (  '', ( #1271 ), #5251 ) ;
#2896 = ORIENTED_EDGE ( 'NONE', *, *, #2427, .T. ) ;
#2897 = UNCERTAINTY_MEASURE_WITH_UNIT (LENGTH_MEASURE( 1.000000000000000082E-05 ), #2426, 'distance_accuracy_value', 'NONE');
#2898 = CARTESIAN_POINT ( 'NONE',  ( 0.000000000000000000, 28.09674780070452726, 137.1432521992954605 ) ) ;
#2899 = VERTEX_POINT ( 'NONE', #811 ) ;
#2900 = CARTESIAN_POINT ( 'NONE',  ( -7.578847391416594803, 0.000000000000000000, 23.69249999999999901 ) ) ;
#2901 = CARTESIAN_POINT ( 'NONE',  ( 7.929295875873570765, -4.049999999999961631, 100.2573101703313228 ) ) ;
#2902 = CARTESIAN_POINT ( 'NONE',  ( 10.62500000000000000, 25.10999999999999588, 91.12500000000000000 ) ) ;
#2903 = EDGE_LOOP ( 'NONE', ( #1148, #1888, #1377, #4709 ) ) ;
#2904 = COLOUR_RGB ( '',0.1019607843137254888, 0.1019607843137254888, 0.1019607843137254888 ) ;
#2905 = ORIENTED_EDGE ( 'NONE', *, *, #325, .T. ) ;
#2906 = DIRECTION ( 'NONE',  ( -1.000000000000000000, 0.000000000000000000, 0.000000000000000000 ) ) ;
#2907 =( LENGTH_UNIT ( ) NAMED_UNIT ( * ) SI_UNIT ( .MILLI., .METRE. ) );
#2908 =( GEOMETRIC_REPRESENTATION_CONTEXT ( 3 ) GLOBAL_UNCERTAINTY_ASSIGNED_CONTEXT ( ( #2919 ) ) GLOBAL_UNIT_ASSIGNED_CONTEXT ( ( #5573, #2236, #3698 ) ) REPRESENTATION_CONTEXT ( 'NONE', 'WORKASPACE' ) );
#2909 = COLOUR_RGB ( '',0.1019607843137254888, 0.1019607843137254888, 0.1019607843137254888 ) ;
#2910 = DIRECTION ( 'NONE',  ( -0.000000000000000000, -1.000000000000000000, -0.000000000000000000 ) ) ;
#2911 = DIRECTION ( 'NONE',  ( -0.7071067811865435759, -4.906538933386805870E-18, -0.7071067811865514585 ) ) ;
#2912 = FILL_AREA_STYLE ('',( #3305 ) ) ;
#2913 = FILL_AREA_STYLE_COLOUR ( '', #3530 ) ;
#2914 = EDGE_LOOP ( 'NONE', ( #3846, #5028, #1866, #1539 ) ) ;
#2915 = MECHANICAL_DESIGN_GEOMETRIC_PRESENTATION_REPRESENTATION (  '', ( #894 ), #3626 ) ;
#2916 = CARTESIAN_POINT ( 'NONE',  ( -9.121128174356680773, 2.465690467874390279, 41.99528545560824000 ) ) ;
#2917 = VECTOR ( 'NONE', #1917, 1000.000000000000000 ) ;
#2918 = CARTESIAN_POINT ( 'NONE',  ( -1.984984379507902075, 6.188079664814797098, 83.62291399019622418 ) ) ;
#2919 = UNCERTAINTY_MEASURE_WITH_UNIT (LENGTH_MEASURE( 1.000000000000000082E-05 ), #5573, 'distance_accuracy_value', 'NONE');
#2920 = AXIS2_PLACEMENT_3D ( 'NONE', #5451, #3484, #3899 ) ;
#2921 = CARTESIAN_POINT ( 'NONE',  ( -5.973749999999999893, 22.58500000000000085, 102.2625000000000028 ) ) ;
#2922 = LINE ( 'NONE', #2954, #88 ) ;
#2923 =( NAMED_UNIT ( * ) SI_UNIT ( $, .STERADIAN. ) SOLID_ANGLE_UNIT ( ) );
#2924 =( NAMED_UNIT ( * ) SI_UNIT ( $, .STERADIAN. ) SOLID_ANGLE_UNIT ( ) );
#2925 = CARTESIAN_POINT ( 'NONE',  ( -40.50000000000000000, 2.024999999999999911, 0.000000000000000000 ) ) ;
#2926 = EDGE_CURVE ( 'NONE', #4974, #5574, #2244, .T. ) ;
#2927 = PLANE ( 'NONE',  #2588 ) ;
#2928 = EDGE_CURVE ( 'NONE', #1781, #6262, #6122, .T. ) ;
#2929 = LINE ( 'NONE', #2009, #897 ) ;
#2930 = ORIENTED_EDGE ( 'NONE', *, *, #3873, .F. ) ;
#2931 = DIRECTION ( 'NONE',  ( -0.000000000000000000, -0.000000000000000000, -1.000000000000000000 ) ) ;
#2932 = PLANE ( 'NONE',  #5091 ) ;
#2933 =( GEOMETRIC_REPRESENTATION_CONTEXT ( 3 ) GLOBAL_UNCERTAINTY_ASSIGNED_CONTEXT ( ( #3145 ) ) GLOBAL_UNIT_ASSIGNED_CONTEXT ( ( #3405, #3442, #4883 ) ) REPRESENTATION_CONTEXT ( 'NONE', 'WORKASPACE' ) );
#2934 = CARTESIAN_POINT ( 'NONE',  ( -8.388928712953562794, 23.85999999999998877, 37.52140784389057160 ) ) ;
#2935 = FILL_AREA_STYLE_COLOUR ( '', #4373 ) ;
#2936 = ORIENTED_EDGE ( 'NONE', *, *, #3482, .F. ) ;
#2937 = STYLED_ITEM ( 'NONE', ( #560 ), #414 ) ;
#2938 = DIRECTION ( 'NONE',  ( 1.000000000000000000, 0.000000000000000000, 2.498001805406600244E-16 ) ) ;
#2939 = VERTEX_POINT ( 'NONE', #4704 ) ;
#2940 = LINE ( 'NONE', #2814, #4584 ) ;
#2941 = COLOUR_RGB ( '',0.1019607843137254888, 0.1019607843137254888, 0.1019607843137254888 ) ;
#2942 = MECHANICAL_DESIGN_GEOMETRIC_PRESENTATION_REPRESENTATION (  '', ( #1216 ), #620 ) ;
#2943 = DIRECTION ( 'NONE',  ( 0.000000000000000000, 0.000000000000000000, -1.000000000000000000 ) ) ;
#2944 = CARTESIAN_POINT ( 'NONE',  ( 10.62500000000000000, -3.370430864605014953, 40.14504383442829294 ) ) ;
#2945 = EDGE_LOOP ( 'NONE', ( #1504, #1254, #968, #2417 ) ) ;
#2946 = MECHANICAL_DESIGN_GEOMETRIC_PRESENTATION_REPRESENTATION (  '', ( #3051 ), #206 ) ;
#2947 = CARTESIAN_POINT ( 'NONE',  ( -1.915263850993782269, 19.51158480955503904, 83.77733778542570064 ) ) ;
#2948 = STYLED_ITEM ( 'NONE', ( #2092 ), #6205 ) ;
#2949 = CARTESIAN_POINT ( 'NONE',  ( -5.973749999999992788, 0.000000000000000000, 110.3999999999999915 ) ) ;
#2950 = VECTOR ( 'NONE', #2978, 1000.000000000000000 ) ;
#2951 = CARTESIAN_POINT ( 'NONE',  ( -1.871457832100793972, 5.328762231043300268, 83.87060954178706140 ) ) ;
#2952 = CARTESIAN_POINT ( 'NONE',  ( -7.796249999999990798, 21.97125000000000128, 35.60362543825130643 ) ) ;
#2953 = CARTESIAN_POINT ( 'NONE',  ( -51.32951142158430713, 21.97125000000000128, 40.70249999999999346 ) ) ;
#2954 = CARTESIAN_POINT ( 'NONE',  ( 32.92873889984932134, 28.14750000000018915, 23.69249999999998835 ) ) ;
#2955 = CARTESIAN_POINT ( 'NONE',  ( 10.62500000000000000, 22.07249999999999801, -6.175755471531950543E-15 ) ) ;
#2956 = CARTESIAN_POINT ( 'NONE',  ( 1.012499999999955547, -3.037499999999999645, 137.0924999999999727 ) ) ;
#2957 = CARTESIAN_POINT ( 'NONE',  ( -9.112499999999998934, 18.02250000000000085, 90.61874999999999147 ) ) ;
#2958 = PRESENTATION_STYLE_ASSIGNMENT (( #1562 ) ) ;
#2959 = UNCERTAINTY_MEASURE_WITH_UNIT (LENGTH_MEASURE( 1.000000000000000082E-05 ), #3955, 'distance_accuracy_value', 'NONE');
#2960 = EDGE_CURVE ( 'NONE', #4458, #396, #6058, .T. ) ;
#2961 =( NAMED_UNIT ( * ) SI_UNIT ( $, .STERADIAN. ) SOLID_ANGLE_UNIT ( ) );
#2962 = ORIENTED_EDGE ( 'NONE', *, *, #6087, .T. ) ;
#2963 = EDGE_CURVE ( 'NONE', #1552, #3785, #365, .T. ) ;
#2964 = CARTESIAN_POINT ( 'NONE',  ( -1.132272032917773119, 2.930465740073039171, 51.92104786536368266 ) ) ;
#2965 = SURFACE_SIDE_STYLE ('',( #2489 ) ) ;
#2966 = EDGE_CURVE ( 'NONE', #1604, #6107, #2311, .T. ) ;
#2967 = FACE_OUTER_BOUND ( 'NONE', #2945, .T. ) ;
#2968 = VERTEX_POINT ( 'NONE', #5308 ) ;
#2969 = FILL_AREA_STYLE ('',( #4927 ) ) ;
#2970 = ORIENTED_EDGE ( 'NONE', *, *, #5651, .F. ) ;
#2971 = DIRECTION ( 'NONE',  ( 1.000000000000000000, 0.000000000000000000, 0.000000000000000000 ) ) ;
#2972 = SURFACE_STYLE_USAGE ( .BOTH. , #87 ) ;
#2973 = EDGE_CURVE ( 'NONE', #720, #1122, #3746, .T. ) ;
#2974 = CARTESIAN_POINT ( 'NONE',  ( -101.2500000000000000, 3.037499999999999645, 137.0924999999999727 ) ) ;
#2975 =( NAMED_UNIT ( * ) PLANE_ANGLE_UNIT ( ) SI_UNIT ( $, .RADIAN. ) );
#2976 = SURFACE_STYLE_USAGE ( .BOTH. , #5465 ) ;
#2977 = ORIENTED_EDGE ( 'NONE', *, *, #5459, .F. ) ;
#2978 = DIRECTION ( 'NONE',  ( -1.000000000000000000, 0.000000000000000000, 0.000000000000000000 ) ) ;
#2979 = SURFACE_STYLE_FILL_AREA ( #5527 ) ;
#2980 = PRESENTATION_STYLE_ASSIGNMENT (( #1043 ) ) ;
#2981 = UNCERTAINTY_MEASURE_WITH_UNIT (LENGTH_MEASURE( 1.000000000000000082E-05 ), #177, 'distance_accuracy_value', 'NONE');
#2982 = DIRECTION ( 'NONE',  ( 6.057297782015010146E-32, -1.884795814070615786E-47, -1.000000000000000000 ) ) ;
#2983 = CARTESIAN_POINT ( 'NONE',  ( 5.344708509711760591, -3.037499999999999645, 92.89694102494698313 ) ) ;
#2984 = VECTOR ( 'NONE', #3135, 1000.000000000000000 ) ;
#2985 =( NAMED_UNIT ( * ) PLANE_ANGLE_UNIT ( ) SI_UNIT ( $, .RADIAN. ) );
#2986 = DIRECTION ( 'NONE',  ( -1.000000000000000000, 0.000000000000000000, 0.000000000000000000 ) ) ;
#2987 = SURFACE_STYLE_FILL_AREA ( #1470 ) ;
#2988 = SURFACE_STYLE_FILL_AREA ( #927 ) ;
#2989 = VECTOR ( 'NONE', #18, 1000.000000000000000 ) ;
#2990 = LINE ( 'NONE', #3057, #3088 ) ;
#2991 = DIRECTION ( 'NONE',  ( -1.000000000000000000, 0.000000000000000000, 0.000000000000000000 ) ) ;
#2992 = EDGE_LOOP ( 'NONE', ( #5718 ) ) ;
#2993 =( GEOMETRIC_REPRESENTATION_CONTEXT ( 3 ) GLOBAL_UNCERTAINTY_ASSIGNED_CONTEXT ( ( #433 ) ) GLOBAL_UNIT_ASSIGNED_CONTEXT ( ( #1742, #4718, #5193 ) ) REPRESENTATION_CONTEXT ( 'NONE', 'WORKASPACE' ) );
#2994 = LINE ( 'NONE', #3541, #2131 ) ;
#2995 = FACE_OUTER_BOUND ( 'NONE', #3207, .T. ) ;
#2996 = SURFACE_STYLE_USAGE ( .BOTH. , #4984 ) ;
#2997 = AXIS2_PLACEMENT_3D ( 'NONE', #476, #2816, #4409 ) ;
#2998 = LINE ( 'NONE', #5956, #3830 ) ;
#2999 = FILL_AREA_STYLE ('',( #5013 ) ) ;
#3000 = ORIENTED_EDGE ( 'NONE', *, *, #3635, .F. ) ;
#3001 = PLANE ( 'NONE',  #4372 ) ;
#3002 = ORIENTED_EDGE ( 'NONE', *, *, #2044, .F. ) ;
#3003 = CARTESIAN_POINT ( 'NONE',  ( -6.377781110173077472, 22.58499999999999730, 101.8695248206539077 ) ) ;
#3004 = PRESENTATION_LAYER_ASSIGNMENT (  '', '', ( #3920 ) ) ;
#3005 = EDGE_CURVE ( 'NONE', #360, #1636, #3385, .T. ) ;
#3006 = LINE ( 'NONE', #1579, #4132 ) ;
#3007 =( NAMED_UNIT ( * ) SI_UNIT ( $, .STERADIAN. ) SOLID_ANGLE_UNIT ( ) );
#3008 = VECTOR ( 'NONE', #3470, 1000.000000000000000 ) ;
#3009 = SURFACE_STYLE_FILL_AREA ( #1611 ) ;
#3010 = ADVANCED_FACE ( 'NONE', ( #3810 ), #2804, .F. ) ;
#3011 = CARTESIAN_POINT ( 'NONE',  ( 1.529408302791115393, 29.15999999999999304, 41.81361773501198797 ) ) ;
#3012 = ORIENTED_EDGE ( 'NONE', *, *, #5035, .T. ) ;
#3013 = DIRECTION ( 'NONE',  ( 0.000000000000000000, 1.000000000000000000, 0.000000000000000000 ) ) ;
#3014 = CARTESIAN_POINT ( 'NONE',  ( -7.796250000000000568, 21.97125000000000128, 137.0924999999999727 ) ) ;
#3015 = CARTESIAN_POINT ( 'NONE',  ( -1.161127148662505659, 2.995137171411485610, 85.12753241174385721 ) ) ;
#3016 = CARTESIAN_POINT ( 'NONE',  ( -7.125000000000038192, 3.638750000000138929, 38.19250000000000256 ) ) ;
#3017 = AXIS2_PLACEMENT_3D ( 'NONE', #2811, #503, #5248 ) ;
#3018 = ORIENTED_EDGE ( 'NONE', *, *, #1297, .T. ) ;
#3019 = CARTESIAN_POINT ( 'NONE',  ( 1.925071415036229139, -4.049999999999998046, 95.69018885849688161 ) ) ;
#3020 = SURFACE_STYLE_USAGE ( .BOTH. , #1201 ) ;
#3021 = CARTESIAN_POINT ( 'NONE',  ( -5.973749999999999893, 21.97125000000000128, 96.39000000000000057 ) ) ;
#3022 = AXIS2_PLACEMENT_3D ( 'NONE', #2843, #2316, #4273 ) ;
#3023 =( GEOMETRIC_REPRESENTATION_CONTEXT ( 3 ) GLOBAL_UNCERTAINTY_ASSIGNED_CONTEXT ( ( #3692 ) ) GLOBAL_UNIT_ASSIGNED_CONTEXT ( ( #4672, #3167, #2148 ) ) REPRESENTATION_CONTEXT ( 'NONE', 'WORKASPACE' ) );
#3024 = LINE ( 'NONE', #1592, #5943 ) ;
#3025 = CARTESIAN_POINT ( 'NONE',  ( 1.128390649127373857, -4.050000000000005151, 42.04756902449828004 ) ) ;
#3026 = DIRECTION ( 'NONE',  ( -1.000000000000000000, 3.212450881438532734E-16, 0.000000000000000000 ) ) ;
#3027 = AXIS2_PLACEMENT_3D ( 'NONE', #5227, #2455, #1496 ) ;
#3028 = FACE_OUTER_BOUND ( 'NONE', #432, .T. ) ;
#3029 = CARTESIAN_POINT ( 'NONE',  ( -1.298737990839874623, 3.303092791991529609, 52.17427165393852562 ) ) ;
#3030 = CARTESIAN_POINT ( 'NONE',  ( 11.07645002354546193, 5.977304105764292608, 90.61874999999999147 ) ) ;
#3031 = CARTESIAN_POINT ( 'NONE',  ( -10.12500000000003908, -1.042955350706152921E-15, 98.89999999999999147 ) ) ;
#3032 = CARTESIAN_POINT ( 'NONE',  ( 1.012499999999999956, -3.037499999999999645, 6.093251410737770232E-15 ) ) ;
#3033 = EDGE_LOOP ( 'NONE', ( #2280, #328, #4301, #2186 ) ) ;
#3034 = CARTESIAN_POINT ( 'NONE',  ( -8.424974057340413935, 23.69988165652353374, 93.45111497305333614 ) ) ;
#3035 = ORIENTED_EDGE ( 'NONE', *, *, #4468, .T. ) ;
#3036 = FILL_AREA_STYLE ('',( #940 ) ) ;
#3037 = AXIS2_PLACEMENT_3D ( 'NONE', #5006, #6015, #4528 ) ;
#3038 =( NAMED_UNIT ( * ) SI_UNIT ( $, .STERADIAN. ) SOLID_ANGLE_UNIT ( ) );
#3039 = VECTOR ( 'NONE', #5842, 1000.000000000000000 ) ;
#3040 = DIRECTION ( 'NONE',  ( -1.000000000000000000, 0.000000000000000000, 0.000000000000000000 ) ) ;
#3041 = CARTESIAN_POINT ( 'NONE',  ( 0.000000000000000000, 6.357431564880761464E-15, 102.2625000000000028 ) ) ;
#3042 = CARTESIAN_POINT ( 'NONE',  ( 1.128390649127214207, 29.15999999999999304, 42.04756902449843636 ) ) ;
#3043 = ORIENTED_EDGE ( 'NONE', *, *, #4651, .T. ) ;
#3044 = EDGE_CURVE ( 'NONE', #749, #3245, #5277, .T. ) ;
#3045 = EDGE_CURVE ( 'NONE', #3784, #2438, #4545, .T. ) ;
#3046 = ADVANCED_FACE ( 'NONE', ( #2404 ), #5332, .F. ) ;
#3047 = CARTESIAN_POINT ( 'NONE',  ( -1.627181688410740401, 20.83855781541207008, 84.35108405822737154 ) ) ;
#3048 = DIRECTION ( 'NONE',  ( 1.000000000000000000, 0.000000000000000000, 0.000000000000000000 ) ) ;
#3049 = DIRECTION ( 'NONE',  ( -0.000000000000000000, 1.000000000000000000, 0.000000000000000000 ) ) ;
#3050 = SURFACE_STYLE_FILL_AREA ( #5855 ) ;
#3051 = STYLED_ITEM ( 'NONE', ( #3791 ), #801 ) ;
#3052 = DIRECTION ( 'NONE',  ( -3.212450881438532241E-16, -1.000000000000000000, -0.000000000000000000 ) ) ;
#3053 = ORIENTED_EDGE ( 'NONE', *, *, #5072, .F. ) ;
#3054 = LINE ( 'NONE', #5350, #3854 ) ;
#3055 =( NAMED_UNIT ( * ) PLANE_ANGLE_UNIT ( ) SI_UNIT ( $, .RADIAN. ) );
#3056 = PRESENTATION_LAYER_ASSIGNMENT (  '', '', ( #4903 ) ) ;
#3057 = CARTESIAN_POINT ( 'NONE',  ( 10.62500000000000000, 25.10999999999999588, 3.037499999999999645 ) ) ;
#3058 =( NAMED_UNIT ( * ) SI_UNIT ( $, .STERADIAN. ) SOLID_ANGLE_UNIT ( ) );
#3059 = STYLED_ITEM ( 'NONE', ( #6093 ), #6291 ) ;
#3060 = PRESENTATION_STYLE_ASSIGNMENT (( #2521 ) ) ;
#3061 = FACE_OUTER_BOUND ( 'NONE', #1058, .T. ) ;
#3062 = PRESENTATION_STYLE_ASSIGNMENT (( #5897 ) ) ;
#3063 = FILL_AREA_STYLE ('',( #1600 ) ) ;
#3064 = LINE ( 'NONE', #3898, #5540 ) ;
#3065 = SURFACE_SIDE_STYLE ('',( #3512 ) ) ;
#3066 = VERTEX_POINT ( 'NONE', #622 ) ;
#3067 = ORIENTED_EDGE ( 'NONE', *, *, #1723, .T. ) ;
#3068 = CARTESIAN_POINT ( 'NONE',  ( -8.800862042103636540, 22.58499999999999730, 100.2537745976289472 ) ) ;
#3069 = CARTESIAN_POINT ( 'NONE',  ( -5.973749999999999893, 3.085608286484820101E-16, 1.542804143242412762E-15 ) ) ;
#3070 = LINE ( 'NONE', #2022, #1484 ) ;
#3071 = FACE_OUTER_BOUND ( 'NONE', #5117, .T. ) ;
#3072 = CARTESIAN_POINT ( 'NONE',  ( 7.127597562415510346, 26.10511756943202855, 46.47375002982985848 ) ) ;
#3073 = EDGE_LOOP ( 'NONE', ( #3018, #848, #2624, #5831 ) ) ;
#3074 = CARTESIAN_POINT ( 'NONE',  ( -0.1979423835318521174, 23.82420632512179282, 86.42038117398809050 ) ) ;
#3075 = DIRECTION ( 'NONE',  ( 4.510281037539699678E-17, 1.000000000000000000, -9.409999753317280493E-33 ) ) ;
#3076 = EDGE_CURVE ( 'NONE', #4834, #2725, #4211, .T. ) ;
#3077 = LINE ( 'NONE', #4473, #4753 ) ;
#3078 = CARTESIAN_POINT ( 'NONE',  ( 10.12499829452629818, -3.770141539383738305, 98.32049546161771048 ) ) ;
#3079 = ORIENTED_EDGE ( 'NONE', *, *, #750, .F. ) ;
#3080 =( NAMED_UNIT ( * ) SI_UNIT ( $, .STERADIAN. ) SOLID_ANGLE_UNIT ( ) );
#3081 = FACE_OUTER_BOUND ( 'NONE', #1727, .T. ) ;
#3082 = SURFACE_STYLE_USAGE ( .BOTH. , #4079 ) ;
#3083 = CARTESIAN_POINT ( 'NONE',  ( -5.973749999999999893, 2.708219848386619629E-14, 45.96750000000000114 ) ) ;
#3084 = EDGE_CURVE ( 'NONE', #4670, #4670, #3208, .T. ) ;
#3085 = CARTESIAN_POINT ( 'NONE',  ( 31.87499999999997868, 22.64999999972786782, 43.00000000007135270 ) ) ;
#3086 = CARTESIAN_POINT ( 'NONE',  ( -0.8198910199607174487, 2.293539828930857283, 51.46792747217757125 ) ) ;
#3087 = FACE_OUTER_BOUND ( 'NONE', #2992, .T. ) ;
#3088 = VECTOR ( 'NONE', #4976, 1000.000000000000114 ) ;
#3089 = DIRECTION ( 'NONE',  ( 1.000000000000000000, 0.000000000000000000, 0.000000000000000000 ) ) ;
#3090 = STYLED_ITEM ( 'NONE', ( #1965 ), #2189 ) ;
#3091 = ORIENTED_EDGE ( 'NONE', *, *, #3951, .F. ) ;
#3092 = CARTESIAN_POINT ( 'NONE',  ( -8.765206382956570508, 22.61961974826819599, 92.44183660534589819 ) ) ;
#3093 = ORIENTED_EDGE ( 'NONE', *, *, #4727, .F. ) ;
#3094 = CARTESIAN_POINT ( 'NONE',  ( 1.012504595659421858, 28.14749999999999375, 46.47375000000000256 ) ) ;
#3095 = VECTOR ( 'NONE', #5414, 1000.000000000000000 ) ;
#3096 = CARTESIAN_POINT ( 'NONE',  ( 4.638564266609307651, -4.049999999999983835, 38.58375293151531338 ) ) ;
#3097 =( LENGTH_UNIT ( ) NAMED_UNIT ( * ) SI_UNIT ( .MILLI., .METRE. ) );
#3098 = CARTESIAN_POINT ( 'NONE',  ( -10.12500000000003197, 23.85999999999999588, 38.19250000000000256 ) ) ;
#3099 = EDGE_LOOP ( 'NONE', ( #4044, #1985, #52, #2473, #83, #4701, #1857, #5813, #464 ) ) ;
#3100 = CARTESIAN_POINT ( 'NONE',  ( 2.993629074585055339, 29.16000000000005343, 44.39796413353968774 ) ) ;
#3101 = VERTEX_POINT ( 'NONE', #1952 ) ;
#3102 = COLOUR_RGB ( '',0.1019607843137254888, 0.1019607843137254888, 0.1019607843137254888 ) ;
#3103 = MECHANICAL_DESIGN_GEOMETRIC_PRESENTATION_REPRESENTATION (  '', ( #1173 ), #2601 ) ;
#3104 =( NAMED_UNIT ( * ) SI_UNIT ( $, .STERADIAN. ) SOLID_ANGLE_UNIT ( ) );
#3105 = LINE ( 'NONE', #2637, #5454 ) ;
#3106 = ORIENTED_EDGE ( 'NONE', *, *, #3713, .F. ) ;
#3107 = CIRCLE ( 'NONE', #5261, 3.000000000000002665 ) ;
#3108 = FILL_AREA_STYLE ('',( #1108 ) ) ;
#3109 = AXIS2_PLACEMENT_3D ( 'NONE', #4086, #6023, #3122 ) ;
#3110 = CARTESIAN_POINT ( 'NONE',  ( -8.515608725980360560, 23.70690494964075157, 42.99592905861298675 ) ) ;
#3111 = LINE ( 'NONE', #5508, #2179 ) ;
#3112 =( GEOMETRIC_REPRESENTATION_CONTEXT ( 3 ) GLOBAL_UNCERTAINTY_ASSIGNED_CONTEXT ( ( #893 ) ) GLOBAL_UNIT_ASSIGNED_CONTEXT ( ( #5787, #1488, #3910 ) ) REPRESENTATION_CONTEXT ( 'NONE', 'WORKASPACE' ) );
#3113 = COLOUR_RGB ( '',0.1019607843137254888, 0.1019607843137254888, 0.1019607843137254888 ) ;
#3114 = CARTESIAN_POINT ( 'NONE',  ( 3.722244480508813513, -2.678597686956923241, 46.47375006789359020 ) ) ;
#3115 = CARTESIAN_POINT ( 'NONE',  ( 0.000000000000000000, 3.161533534967732192E-14, 140.1299999999999670 ) ) ;
#3116 = FACE_OUTER_BOUND ( 'NONE', #3260, .T. ) ;
#3117 = CARTESIAN_POINT ( 'NONE',  ( -5.973749999999999893, 2.024999999999999911, 137.0924999999999727 ) ) ;
#3118 = EDGE_CURVE ( 'NONE', #2899, #4244, #478, .T. ) ;
#3119 = PRESENTATION_LAYER_ASSIGNMENT (  '', '', ( #1189 ) ) ;
#3120 = CARTESIAN_POINT ( 'NONE',  ( -5.973749999999992788, 1.323342920529794754E-14, 110.3999999999999915 ) ) ;
#3121 = EDGE_CURVE ( 'NONE', #1383, #3258, #2015, .T. ) ;
#3122 = DIRECTION ( 'NONE',  ( -1.000000000000000000, 3.212450881438532241E-16, 0.000000000000000000 ) ) ;
#3123 = COLOUR_RGB ( '',0.1019607843137254888, 0.1019607843137254888, 0.1019607843137254888 ) ;
#3124 = DIRECTION ( 'NONE',  ( 0.000000000000000000, 0.000000000000000000, 1.000000000000000000 ) ) ;
#3125 = ORIENTED_EDGE ( 'NONE', *, *, #3914, .F. ) ;
#3126 = CARTESIAN_POINT ( 'NONE',  ( 10.12500000000000000, 29.07345230499048228, 99.16834132042960448 ) ) ;
#3127 = ORIENTED_EDGE ( 'NONE', *, *, #2881, .F. ) ;
#3128 = LINE ( 'NONE', #5676, #4395 ) ;
#3129 = CARTESIAN_POINT ( 'NONE',  ( 1.012499999999961542, -4.050000000000006928, 42.06036481966481944 ) ) ;
#3130 = FILL_AREA_STYLE_COLOUR ( '', #3113 ) ;
#3131 = SURFACE_SIDE_STYLE ('',( #3232 ) ) ;
#3132 = COLOUR_RGB ( '',0.1019607843137254888, 0.1019607843137254888, 0.1019607843137254888 ) ;
#3133 = CARTESIAN_POINT ( 'NONE',  ( 6.276705081060264035, 29.15999999999962000, 44.54679829475904285 ) ) ;
#3134 = ORIENTED_EDGE ( 'NONE', *, *, #3436, .T. ) ;
#3135 = DIRECTION ( 'NONE',  ( -6.938893903907229918E-18, 1.000000000000000000, -1.885568995626964780E-16 ) ) ;
#3136 = MECHANICAL_DESIGN_GEOMETRIC_PRESENTATION_REPRESENTATION (  '', ( #1712 ), #2933 ) ;
#3137 =( NAMED_UNIT ( * ) PLANE_ANGLE_UNIT ( ) SI_UNIT ( $, .RADIAN. ) );
#3138 = CARTESIAN_POINT ( 'NONE',  ( 1.128390649127235079, 29.16000000000000014, 95.04493097550151504 ) ) ;
#3139 = CARTESIAN_POINT ( 'NONE',  ( 1.012499999999961542, 7.087499999999992362, 23.69249999999998835 ) ) ;
#3140 = EDGE_LOOP ( 'NONE', ( #5137, #728, #958, #5270 ) ) ;
#3141 = DIRECTION ( 'NONE',  ( 1.000000000000000000, -5.165278571223799760E-17, 2.582639285611905427E-16 ) ) ;
#3142 = FILL_AREA_STYLE ('',( #1741 ) ) ;
#3143 = CARTESIAN_POINT ( 'NONE',  ( 1.012499999999961542, 18.02250000000000085, 113.4000000000000057 ) ) ;
#3144 = CARTESIAN_POINT ( 'NONE',  ( 1.839338872853844897, -4.049999999999990941, 44.38549840910210520 ) ) ;
#3145 = UNCERTAINTY_MEASURE_WITH_UNIT (LENGTH_MEASURE( 1.000000000000000082E-05 ), #3405, 'distance_accuracy_value', 'NONE');
#3146 =( LENGTH_UNIT ( ) NAMED_UNIT ( * ) SI_UNIT ( .MILLI., .METRE. ) );
#3147 = CARTESIAN_POINT ( 'NONE',  ( -9.040954395948379130, 22.81618061550264542, 41.96018272534362126 ) ) ;
#3148 =( GEOMETRIC_REPRESENTATION_CONTEXT ( 3 ) GLOBAL_UNCERTAINTY_ASSIGNED_CONTEXT ( ( #574 ) ) GLOBAL_UNIT_ASSIGNED_CONTEXT ( ( #232, #1753, #3703 ) ) REPRESENTATION_CONTEXT ( 'NONE', 'WORKASPACE' ) );
#3149 = CARTESIAN_POINT ( 'NONE',  ( -8.026262014236273501, 22.58500000000000441, 102.2625000000000028 ) ) ;
#3150 = COLOUR_RGB ( '',0.1019607843137254888, 0.1019607843137254888, 0.1019607843137254888 ) ;
#3151 = SURFACE_SIDE_STYLE ('',( #2232 ) ) ;
#3152 = FACE_OUTER_BOUND ( 'NONE', #5788, .T. ) ;
#3153 = STYLED_ITEM ( 'NONE', ( #4756 ), #6037 ) ;
#3154 = EDGE_CURVE ( 'NONE', #479, #1616, #1030, .T. ) ;
#3155 = VECTOR ( 'NONE', #4685, 1000.000000000000000 ) ;
#3156 = EDGE_CURVE ( 'NONE', #297, #1693, #2998, .T. ) ;
#3157 = CARTESIAN_POINT ( 'NONE',  ( -5.973749999999990123, 22.19517506373316351, 35.19250000000000256 ) ) ;
#3158 = VERTEX_POINT ( 'NONE', #25 ) ;
#3159 = PRESENTATION_STYLE_ASSIGNMENT (( #5575 ) ) ;
#3160 = ORIENTED_EDGE ( 'NONE', *, *, #1916, .F. ) ;
#3161 = CARTESIAN_POINT ( 'NONE',  ( -49.50701142158430912, 8.457484033760292845E-15, 113.4000000000000057 ) ) ;
#3162 = CARTESIAN_POINT ( 'NONE',  ( 2.165035872661527083, -2.975752446335578671, 90.61875001831835164 ) ) ;
#3163 = PRODUCT_DEFINITION_FORMATION_WITH_SPECIFIED_SOURCE ( 'ANY', '', #1300, .NOT_KNOWN. ) ;
#3164 =( LENGTH_UNIT ( ) NAMED_UNIT ( * ) SI_UNIT ( .MILLI., .METRE. ) );
#3165 = VERTEX_POINT ( 'NONE', #4773 ) ;
#3166 = LINE ( 'NONE', #776, #4963 ) ;
#3167 =( NAMED_UNIT ( * ) PLANE_ANGLE_UNIT ( ) SI_UNIT ( $, .RADIAN. ) );
#3168 = ORIENTED_EDGE ( 'NONE', *, *, #5315, .T. ) ;
#3169 = CARTESIAN_POINT ( 'NONE',  ( 7.906692841180059439, 29.16000000000043713, 44.75818660647126279 ) ) ;
#3170 = EDGE_LOOP ( 'NONE', ( #6020, #4858, #4308, #5804, #2467, #4425, #4833, #5364 ) ) ;
#3171 = EDGE_CURVE ( 'NONE', #4068, #3982, #3064, .T. ) ;
#3172 = CARTESIAN_POINT ( 'NONE',  ( 1.492587417476560319, 28.14750000000000085, 90.63650390636645682 ) ) ;
#3173 = CARTESIAN_POINT ( 'NONE',  ( -51.32951142158430713, -1.036785376198976511E-14, 40.70249999999999346 ) ) ;
#3174 = DIRECTION ( 'NONE',  ( -2.582639285611905427E-16, 1.885568995626964780E-16, 1.000000000000000000 ) ) ;
#3175 = CARTESIAN_POINT ( 'NONE',  ( 4.365973800551582684, 27.57869053434260920, 90.61875003394656858 ) ) ;
#3176 = ORIENTED_EDGE ( 'NONE', *, *, #830, .F. ) ;
#3177 = SURFACE_STYLE_FILL_AREA ( #3786 ) ;
#3178 = CARTESIAN_POINT ( 'NONE',  ( -8.588082513203220358, 23.37880695577450396, 43.76500910118351584 ) ) ;
#3179 = LINE ( 'NONE', #6171, #562 ) ;
#3180 = UNCERTAINTY_MEASURE_WITH_UNIT (LENGTH_MEASURE( 1.000000000000000082E-05 ), #4665, 'distance_accuracy_value', 'NONE');
#3181 = CARTESIAN_POINT ( 'NONE',  ( 1.929600150950371740, -4.050000000000001599, 41.39588183566267787 ) ) ;
#3182 = CARTESIAN_POINT ( 'NONE',  ( -7.578847391416589474, 0.000000000000000000, 110.3999999999999915 ) ) ;
#3183 = FACE_OUTER_BOUND ( 'NONE', #4232, .T. ) ;
#3184 = PRESENTATION_STYLE_ASSIGNMENT (( #3631 ) ) ;
#3185 =( LENGTH_UNIT ( ) NAMED_UNIT ( * ) SI_UNIT ( .MILLI., .METRE. ) );
#3186 = CARTESIAN_POINT ( 'NONE',  ( -10.12500000000003730, 7.087499999999996803, 95.03213518033507512 ) ) ;
#3187 = ORIENTED_EDGE ( 'NONE', *, *, #5459, .T. ) ;
#3188 = SURFACE_STYLE_FILL_AREA ( #1185 ) ;
#3189 = VERTEX_POINT ( 'NONE', #1980 ) ;
#3190 = SURFACE_STYLE_USAGE ( .BOTH. , #1663 ) ;
#3191 = FILL_AREA_STYLE ('',( #4667 ) ) ;
#3192 = CARTESIAN_POINT ( 'NONE',  ( -7.796249999999989910, 11.43500000000000050, 101.8239397116732761 ) ) ;
#3193 = LINE ( 'NONE', #689, #81 ) ;
#3194 = CARTESIAN_POINT ( 'NONE',  ( 1.012499999999969535, 18.02250000000000085, 95.03213518033508933 ) ) ;
#3195 = EDGE_LOOP ( 'NONE', ( #6004, #2896, #1662, #3224 ) ) ;
#3196 = CARTESIAN_POINT ( 'NONE',  ( 9.918654630622482316, 29.15999999999924697, 45.34768593421561178 ) ) ;
#3197 = ORIENTED_EDGE ( 'NONE', *, *, #522, .F. ) ;
#3198 = FILL_AREA_STYLE ('',( #1258 ) ) ;
#3199 = COLOUR_RGB ( '',0.1019607843137254888, 0.1019607843137254888, 0.1019607843137254888 ) ;
#3200 = ADVANCED_FACE ( 'NONE', ( #2967 ), #3804, .T. ) ;
#3201 = CARTESIAN_POINT ( 'NONE',  ( -10.12500000000003553, 11.43500000000000227, 98.89999999999999147 ) ) ;
#3202 = CARTESIAN_POINT ( 'NONE',  ( -9.197405727253089580, 2.664596571441962158, 94.48404084883719634 ) ) ;
#3203 = ADVANCED_FACE ( 'NONE', ( #4602 ), #4248, .T. ) ;
#3204 = CARTESIAN_POINT ( 'NONE',  ( 10.62500000000000000, 29.16000000000004988, 100.6984762319159188 ) ) ;
#3205 = VECTOR ( 'NONE', #6199, 1000.000000000000000 ) ;
#3206 = CARTESIAN_POINT ( 'NONE',  ( 1.462153963604158058, 29.16000000000000014, 95.22350942129794760 ) ) ;
#3207 = EDGE_LOOP ( 'NONE', ( #651, #4173, #2396, #2317 ) ) ;
#3208 = CIRCLE ( 'NONE', #4747, 1.050000000000002265 ) ;
#3209 = DIRECTION ( 'NONE',  ( 0.000000000000000000, 0.000000000000000000, -1.000000000000000000 ) ) ;
#3210 = CARTESIAN_POINT ( 'NONE',  ( 2.308688586928304254, -4.050000000000028244, 44.38883037974171231 ) ) ;
#3211 = AXIS2_PLACEMENT_3D ( 'NONE', #1555, #3049, #1521 ) ;
#3212 = UNCERTAINTY_MEASURE_WITH_UNIT (LENGTH_MEASURE( 1.000000000000000082E-05 ), #4104, 'distance_accuracy_value', 'NONE');
#3213 =( LENGTH_UNIT ( ) NAMED_UNIT ( * ) SI_UNIT ( .MILLI., .METRE. ) );
#3214 = SURFACE_STYLE_USAGE ( .BOTH. , #4568 ) ;
#3215 = SURFACE_STYLE_FILL_AREA ( #4184 ) ;
#3216 =( LENGTH_UNIT ( ) NAMED_UNIT ( * ) SI_UNIT ( .MILLI., .METRE. ) );
#3217 = AXIS2_PLACEMENT_3D ( 'NONE', #5607, #4630, #1244 ) ;
#3218 = MECHANICAL_DESIGN_GEOMETRIC_PRESENTATION_REPRESENTATION (  '', ( #1079 ), #3324 ) ;
#3219 = SURFACE_STYLE_FILL_AREA ( #5078 ) ;
#3220 = ORIENTED_EDGE ( 'NONE', *, *, #3371, .T. ) ;
#3221 = UNCERTAINTY_MEASURE_WITH_UNIT (LENGTH_MEASURE( 1.000000000000000082E-05 ), #5413, 'distance_accuracy_value', 'NONE');
#3222 = DIRECTION ( 'NONE',  ( -1.000000000000000000, 0.000000000000000000, 0.000000000000000000 ) ) ;
#3223 =( GEOMETRIC_REPRESENTATION_CONTEXT ( 3 ) GLOBAL_UNCERTAINTY_ASSIGNED_CONTEXT ( ( #2033 ) ) GLOBAL_UNIT_ASSIGNED_CONTEXT ( ( #5432, #1516, #567 ) ) REPRESENTATION_CONTEXT ( 'NONE', 'WORKASPACE' ) );
#3224 = ORIENTED_EDGE ( 'NONE', *, *, #1464, .T. ) ;
#3225 = FILL_AREA_STYLE ('',( #2766 ) ) ;
#3226 = CARTESIAN_POINT ( 'NONE',  ( 2.595112484799005692, -4.049999999999917222, 92.70048708671568249 ) ) ;
#3227 = MECHANICAL_DESIGN_GEOMETRIC_PRESENTATION_REPRESENTATION (  '', ( #2710 ), #4562 ) ;
#3228 = PRESENTATION_LAYER_ASSIGNMENT (  '', '', ( #5876 ) ) ;
#3229 = SURFACE_SIDE_STYLE ('',( #4636 ) ) ;
#3230 =( NAMED_UNIT ( * ) PLANE_ANGLE_UNIT ( ) SI_UNIT ( $, .RADIAN. ) );
#3231 = CARTESIAN_POINT ( 'NONE',  ( 10.62500000000000000, -3.037499999999999645, 137.0924999999999727 ) ) ;
#3232 = SURFACE_STYLE_FILL_AREA ( #3608 ) ;
#3233 = EDGE_LOOP ( 'NONE', ( #975 ) ) ;
#3234 = CARTESIAN_POINT ( 'NONE',  ( 6.632369389440730956, 29.16000000000002146, 37.35078812755207878 ) ) ;
#3235 = EDGE_LOOP ( 'NONE', ( #4605, #4865, #3699, #35 ) ) ;
#3236 = CARTESIAN_POINT ( 'NONE',  ( 10.12500000000000178, 29.16000000000004277, 36.39402376808405393 ) ) ;
#3237 = CARTESIAN_POINT ( 'NONE',  ( 4.452767762974386478, 28.14749999999999375, 91.95462118015700526 ) ) ;
#3238 = LINE ( 'NONE', #5184, #6046 ) ;
#3239 = VECTOR ( 'NONE', #1305, 1000.000000000000000 ) ;
#3240 = LINE ( 'NONE', #5185, #883 ) ;
#3241 = CARTESIAN_POINT ( 'NONE',  ( 6.904859113989678221, 29.16000000000003212, 92.48038920841746346 ) ) ;
#3242 = FILL_AREA_STYLE ('',( #5187 ) ) ;
#3243 = ADVANCED_FACE ( 'NONE', ( #5012 ), #4569, .F. ) ;
#3244 = CYLINDRICAL_SURFACE ( 'NONE', #3843, 10.12499999999999822 ) ;
#3245 = VERTEX_POINT ( 'NONE', #3601 ) ;
#3246 = EDGE_CURVE ( 'NONE', #5922, #4716, #1683, .T. ) ;
#3247 = EDGE_CURVE ( 'NONE', #4402, #664, #2646, .T. ) ;
#3248 = UNCERTAINTY_MEASURE_WITH_UNIT (LENGTH_MEASURE( 1.000000000000000082E-05 ), #4, 'distance_accuracy_value', 'NONE');
#3249 = CARTESIAN_POINT ( 'NONE',  ( 10.16404665332541235, 2.743538920275063742, 46.47374999485049329 ) ) ;
#3250 = CARTESIAN_POINT ( 'NONE',  ( -1.984984379518003328, 18.92192033515180682, 53.46958600980379117 ) ) ;
#3251 = EDGE_CURVE ( 'NONE', #2737, #4402, #2200, .T. ) ;
#3252 = CARTESIAN_POINT ( 'NONE',  ( -1.955903155295570794, 5.906599736099421349, 53.40409367825604647 ) ) ;
#3253 = DIRECTION ( 'NONE',  ( 1.000000000000000000, 3.212450881438532241E-15, -6.057297782015009052E-31 ) ) ;
#3254 = VECTOR ( 'NONE', #5481, 1000.000000000000000 ) ;
#3255 = CARTESIAN_POINT ( 'NONE',  ( 32.92873889984950608, -4.049999999999812417, 23.69249999999998835 ) ) ;
#3256 = FILL_AREA_STYLE_COLOUR ( '', #3417 ) ;
#3257 = VECTOR ( 'NONE', #960, 1000.000000000000000 ) ;
#3258 = VERTEX_POINT ( 'NONE', #424 ) ;
#3259 = VECTOR ( 'NONE', #4343, 1000.000000000000000 ) ;
#3260 = EDGE_LOOP ( 'NONE', ( #261, #1983 ) ) ;
#3261 = SURFACE_STYLE_FILL_AREA ( #3225 ) ;
#3262 = CARTESIAN_POINT ( 'NONE',  ( 4.925878795898625206, -4.049999999999874589, 92.63693213829130002 ) ) ;
#3263 = VECTOR ( 'NONE', #1524, 1000.000000000000000 ) ;
#3264 = VECTOR ( 'NONE', #3956, 1000.000000000000000 ) ;
#3265 = PRESENTATION_STYLE_ASSIGNMENT (( #963 ) ) ;
#3266 = SURFACE_STYLE_FILL_AREA ( #5280 ) ;
#3267 = ORIENTED_EDGE ( 'NONE', *, *, #2398, .F. ) ;
#3268 = CARTESIAN_POINT ( 'NONE',  ( 9.150241880902513003, 24.05347229573079559, 46.47374999059371703 ) ) ;
#3269 = ORIENTED_EDGE ( 'NONE', *, *, #1793, .T. ) ;
#3270 = CARTESIAN_POINT ( 'NONE',  ( 1.012499999999961542, 7.087499999999992362, 46.47374999999998835 ) ) ;
#3271 =( NAMED_UNIT ( * ) PLANE_ANGLE_UNIT ( ) SI_UNIT ( $, .RADIAN. ) );
#3272 =( LENGTH_UNIT ( ) NAMED_UNIT ( * ) SI_UNIT ( .MILLI., .METRE. ) );
#3273 = CARTESIAN_POINT ( 'NONE',  ( 5.789210545704894351, 29.15999999999963066, 92.58517605970037323 ) ) ;
#3274 = CARTESIAN_POINT ( 'NONE',  ( 10.12499718778155255, 28.93708838071100331, 98.57298789063568734 ) ) ;
#3275 =( NAMED_UNIT ( * ) SI_UNIT ( $, .STERADIAN. ) SOLID_ANGLE_UNIT ( ) );
#3276 = ORIENTED_EDGE ( 'NONE', *, *, #5415, .T. ) ;
#3277 =( NAMED_UNIT ( * ) SI_UNIT ( $, .STERADIAN. ) SOLID_ANGLE_UNIT ( ) );
#3278 = EDGE_CURVE ( 'NONE', #1874, #1855, #454, .T. ) ;
#3279 = FILL_AREA_STYLE_COLOUR ( '', #5653 ) ;
#3280 = CARTESIAN_POINT ( 'NONE',  ( 10.67633700755061632, -4.049999999999545075, 45.82336753221744630 ) ) ;
#3281 = CARTESIAN_POINT ( 'NONE',  ( -1.855209367362332218, 19.87113097217120838, 53.18788753975998418 ) ) ;
#3282 = CARTESIAN_POINT ( 'NONE',  ( -5.973749999999999893, 0.000000000000000000, -1.208290729181724625E-14 ) ) ;
#3283 = FACE_OUTER_BOUND ( 'NONE', #5452, .T. ) ;
#3284 =( NAMED_UNIT ( * ) PLANE_ANGLE_UNIT ( ) SI_UNIT ( $, .RADIAN. ) );
#3285 = EDGE_CURVE ( 'NONE', #5213, #1360, #4880, .T. ) ;
#3286 = CARTESIAN_POINT ( 'NONE',  ( 1.012499999999999956, 7.087500000000000355, -4.805530973150956219E-15 ) ) ;
#3287 = EDGE_CURVE ( 'NONE', #1874, #5090, #3889, .T. ) ;
#3288 = PLANE ( 'NONE',  #3525 ) ;
#3289 = ORIENTED_EDGE ( 'NONE', *, *, #5315, .F. ) ;
#3290 = UNCERTAINTY_MEASURE_WITH_UNIT (LENGTH_MEASURE( 1.000000000000000082E-05 ), #1713, 'distance_accuracy_value', 'NONE');
#3291 =( NAMED_UNIT ( * ) SI_UNIT ( $, .STERADIAN. ) SOLID_ANGLE_UNIT ( ) );
#3292 = ORIENTED_EDGE ( 'NONE', *, *, #3592, .F. ) ;
#3293 = FILL_AREA_STYLE_COLOUR ( '', #3973 ) ;
#3294 = CARTESIAN_POINT ( 'NONE',  ( 2.993629074594310602, -4.050000000000031797, 92.69453586646000076 ) ) ;
#3295 = CARTESIAN_POINT ( 'NONE',  ( 1.440443597846363000, 29.15999999999999304, 41.89309093300362719 ) ) ;
#3296 = STYLED_ITEM ( 'NONE', ( #188 ), #1455 ) ;
#3297 = ORIENTED_EDGE ( 'NONE', *, *, #410, .T. ) ;
#3298 = CARTESIAN_POINT ( 'NONE',  ( 8.099999999999999645, -3.037499999999999645, 46.47375000000000256 ) ) ;
#3299 = ORIENTED_EDGE ( 'NONE', *, *, #5738, .F. ) ;
#3300 = PLANE ( 'NONE',  #2126 ) ;
#3301 = SURFACE_STYLE_FILL_AREA ( #3332 ) ;
#3302 = CARTESIAN_POINT ( 'NONE',  ( -9.357848914452262079, 3.193316408148957120, 43.16873784664526426 ) ) ;
#3303 =( LENGTH_UNIT ( ) NAMED_UNIT ( * ) SI_UNIT ( .MILLI., .METRE. ) );
#3304 = CARTESIAN_POINT ( 'NONE',  ( -10.12500000000003375, 18.02249999999999730, 90.61874999999999147 ) ) ;
#3305 = FILL_AREA_STYLE_COLOUR ( '', #4560 ) ;
#3306 = EDGE_LOOP ( 'NONE', ( #1150, #3330, #1935, #4541 ) ) ;
#3307 = SURFACE_SIDE_STYLE ('',( #4790 ) ) ;
#3308 = VECTOR ( 'NONE', #2878, 1000.000000000000000 ) ;
#3309 = CARTESIAN_POINT ( 'NONE',  ( -10.12500000000003730, 7.087499999999992362, 38.19250000000000256 ) ) ;
#3310 = UNCERTAINTY_MEASURE_WITH_UNIT (LENGTH_MEASURE( 1.000000000000000082E-05 ), #6212, 'distance_accuracy_value', 'NONE');
#3311 = CARTESIAN_POINT ( 'NONE',  ( 11.06309069025863323, 5.859993152898657520, 46.47374999997072109 ) ) ;
#3312 = CARTESIAN_POINT ( 'NONE',  ( -2.024999999999999911, 18.02250000000000085, 53.56125000000000114 ) ) ;
#3313 = CARTESIAN_POINT ( 'NONE',  ( -52.37500000000000000, 0.000000000000000000, 110.3999999999999915 ) ) ;
#3314 = SURFACE_STYLE_USAGE ( .BOTH. , #863 ) ;
#3315 = LINE ( 'NONE', #2336, #2840 ) ;
#3316 = PRESENTATION_LAYER_ASSIGNMENT (  '', '', ( #4134 ) ) ;
#3317 = ORIENTED_EDGE ( 'NONE', *, *, #5927, .T. ) ;
#3318 = ADVANCED_FACE ( 'NONE', ( #5324 ), #1398, .T. ) ;
#3319 = CARTESIAN_POINT ( 'NONE',  ( 1.012499999999976641, 7.087500000000000355, 54.06749999999999545 ) ) ;
#3320 = ORIENTED_EDGE ( 'NONE', *, *, #1172, .F. ) ;
#3321 = CARTESIAN_POINT ( 'NONE',  ( -5.973749999999992788, 23.85999999999999233, 26.69249999999999901 ) ) ;
#3322 = CARTESIAN_POINT ( 'NONE',  ( 5.918359913728205690, -1.774942999473280381, 90.61874996770774260 ) ) ;
#3323 =( GEOMETRIC_REPRESENTATION_CONTEXT ( 3 ) GLOBAL_UNCERTAINTY_ASSIGNED_CONTEXT ( ( #2294 ) ) GLOBAL_UNIT_ASSIGNED_CONTEXT ( ( #3589, #2547, #5530 ) ) REPRESENTATION_CONTEXT ( 'NONE', 'WORKASPACE' ) );
#3324 =( GEOMETRIC_REPRESENTATION_CONTEXT ( 3 ) GLOBAL_UNCERTAINTY_ASSIGNED_CONTEXT ( ( #4911 ) ) GLOBAL_UNIT_ASSIGNED_CONTEXT ( ( #3462, #4934, #2057 ) ) REPRESENTATION_CONTEXT ( 'NONE', 'WORKASPACE' ) );
#3325 = EDGE_CURVE ( 'NONE', #5847, #1489, #4383, .T. ) ;
#3326 = CARTESIAN_POINT ( 'NONE',  ( 10.62500000000000000, 29.16000000000004277, 23.69249999999998835 ) ) ;
#3327 = MECHANICAL_DESIGN_GEOMETRIC_PRESENTATION_REPRESENTATION (  '', ( #2512 ), #6181 ) ;
#3328 = CARTESIAN_POINT ( 'NONE',  ( 2.369239150974326691, 29.16000000000000014, 40.87224591862090506 ) ) ;
#3329 = ORIENTED_EDGE ( 'NONE', *, *, #4145, .F. ) ;
#3330 = ORIENTED_EDGE ( 'NONE', *, *, #1684, .F. ) ;
#3331 =( NAMED_UNIT ( * ) PLANE_ANGLE_UNIT ( ) SI_UNIT ( $, .RADIAN. ) );
#3332 = FILL_AREA_STYLE ('',( #1452 ) ) ;
#3333 = CONICAL_SURFACE ( 'NONE', #590, 2.531249999999938716, 0.7853981633974433940 ) ;
#3334 = PRESENTATION_LAYER_ASSIGNMENT (  '', '', ( #4871 ) ) ;
#3335 = SURFACE_STYLE_FILL_AREA ( #5421 ) ;
#3336 = SURFACE_SIDE_STYLE ('',( #5253 ) ) ;
#3337 = CARTESIAN_POINT ( 'NONE',  ( 10.12500000000000000, 28.14749999999999375, 96.25054039609376844 ) ) ;
#3338 = CARTESIAN_POINT ( 'NONE',  ( 10.62500000000000000, 3.073713158996406964E-14, 140.1299999999999670 ) ) ;
#3339 = ORIENTED_EDGE ( 'NONE', *, *, #2551, .T. ) ;
#3340 =( LENGTH_UNIT ( ) NAMED_UNIT ( * ) SI_UNIT ( .MILLI., .METRE. ) );
#3341 = DIRECTION ( 'NONE',  ( -5.165278571223809621E-17, -1.000000000000000000, -0.000000000000000000 ) ) ;
#3342 = CARTESIAN_POINT ( 'NONE',  ( -2.003555555295502000, 6.425689209013482284, 83.58013746143807055 ) ) ;
#3343 = CARTESIAN_POINT ( 'NONE',  ( 9.043877225992163815, -4.050000000000159694, 45.02401395613127733 ) ) ;
#3344 = CARTESIAN_POINT ( 'NONE',  ( 0.1110293453052070556, 24.26756902306203045, 50.30195837809032611 ) ) ;
#3345 = CIRCLE ( 'NONE', #5083, 1.049999999999995381 ) ;
#3346 = DIRECTION ( 'NONE',  ( 0.000000000000000000, -1.000000000000000000, 0.000000000000000000 ) ) ;
#3347 =( NAMED_UNIT ( * ) PLANE_ANGLE_UNIT ( ) SI_UNIT ( $, .RADIAN. ) );
#3348 = MECHANICAL_DESIGN_GEOMETRIC_PRESENTATION_REPRESENTATION (  '', ( #2344 ), #3865 ) ;
#3349 = ORIENTED_EDGE ( 'NONE', *, *, #4970, .T. ) ;
#3350 =( LENGTH_UNIT ( ) NAMED_UNIT ( * ) SI_UNIT ( .MILLI., .METRE. ) );
#3351 = ORIENTED_EDGE ( 'NONE', *, *, #2499, .T. ) ;
#3352 = DIRECTION ( 'NONE',  ( 0.000000000000000000, -1.000000000000000000, 0.000000000000000000 ) ) ;
#3353 = CARTESIAN_POINT ( 'NONE',  ( 7.906692841181337528, -4.049999999999959854, 92.33431339352836176 ) ) ;
#3354 = ADVANCED_FACE ( 'NONE', ( #216 ), #157, .F. ) ;
#3355 = PRESENTATION_LAYER_ASSIGNMENT (  '', '', ( #1427 ) ) ;
#3356 = AXIS2_PLACEMENT_3D ( 'NONE', #1883, #3921, #6217 ) ;
#3357 = CARTESIAN_POINT ( 'NONE',  ( 10.12500000000000178, 29.16000000000004277, 36.39402376808405393 ) ) ;
#3358 = ORIENTED_EDGE ( 'NONE', *, *, #1530, .F. ) ;
#3359 = FILL_AREA_STYLE_COLOUR ( '', #2101 ) ;
#3360 = ORIENTED_EDGE ( 'NONE', *, *, #5538, .F. ) ;
#3361 = CARTESIAN_POINT ( 'NONE',  ( 2.195288287845476916, -3.037500000000000533, 46.33505101529207337 ) ) ;
#3362 = FACE_OUTER_BOUND ( 'NONE', #4488, .T. ) ;
#3363 = CIRCLE ( 'NONE', #5192, 11.13749999999999751 ) ;
#3364 = AXIS2_PLACEMENT_3D ( 'NONE', #2450, #5222, #3794 ) ;
#3365 =( NAMED_UNIT ( * ) SI_UNIT ( $, .STERADIAN. ) SOLID_ANGLE_UNIT ( ) );
#3366 = DIRECTION ( 'NONE',  ( 0.000000000000000000, 1.000000000000000000, 0.000000000000000000 ) ) ;
#3367 = SURFACE_STYLE_USAGE ( .BOTH. , #1391 ) ;
#3368 =( GEOMETRIC_REPRESENTATION_CONTEXT ( 3 ) GLOBAL_UNCERTAINTY_ASSIGNED_CONTEXT ( ( #5731 ) ) GLOBAL_UNIT_ASSIGNED_CONTEXT ( ( #5265, #4796, #4564 ) ) REPRESENTATION_CONTEXT ( 'NONE', 'WORKASPACE' ) );
#3369 = CARTESIAN_POINT ( 'NONE',  ( 10.95482697017991036, 29.15999999999925762, 90.95732649378730628 ) ) ;
#3370 = CARTESIAN_POINT ( 'NONE',  ( 10.62500000000000000, -3.961305402135091747, 99.15417186458940080 ) ) ;
#3371 = EDGE_CURVE ( 'NONE', #3189, #1417, #1132, .T. ) ;
#3372 = ORIENTED_EDGE ( 'NONE', *, *, #1061, .T. ) ;
#3373 = CARTESIAN_POINT ( 'NONE',  ( -8.805423987378622641, 1.826344311094751705, 41.98808064632420667 ) ) ;
#3374 = CARTESIAN_POINT ( 'NONE',  ( -2.024999999999999911, 7.087500000000000355, 83.53125000000000000 ) ) ;
#3375 = UNCERTAINTY_MEASURE_WITH_UNIT (LENGTH_MEASURE( 1.000000000000000082E-05 ), #2820, 'distance_accuracy_value', 'NONE');
#3376 = CARTESIAN_POINT ( 'NONE',  ( -2.025000000000005684, 18.21304460144925841, 53.56124999999995850 ) ) ;
#3377 = SURFACE_SIDE_STYLE ('',( #5798 ) ) ;
#3378 = DIRECTION ( 'NONE',  ( 0.000000000000000000, 0.000000000000000000, -1.000000000000000000 ) ) ;
#3379 = LINE ( 'NONE', #3922, #4836 ) ;
#3380 = EDGE_LOOP ( 'NONE', ( #4746 ) ) ;
#3381 = SURFACE_SIDE_STYLE ('',( #5830 ) ) ;
#3382 = ORIENTED_EDGE ( 'NONE', *, *, #5695, .F. ) ;
#3383 = SURFACE_STYLE_USAGE ( .BOTH. , #497 ) ;
#3384 = CARTESIAN_POINT ( 'NONE',  ( 10.44270494462241494, -4.050000000002329514, 91.44821490943532183 ) ) ;
#3385 = LINE ( 'NONE', #468, #2691 ) ;
#3386 = CARTESIAN_POINT ( 'NONE',  ( 7.866043189547101910, 29.16000000000004277, 100.2365406577856817 ) ) ;
#3387 = DIRECTION ( 'NONE',  ( 1.000000000000000000, 3.922054542492255428E-16, 0.000000000000000000 ) ) ;
#3388 = ORIENTED_EDGE ( 'NONE', *, *, #4096, .F. ) ;
#3389 = CARTESIAN_POINT ( 'NONE',  ( -5.973749999999985683, 2.149999999730425326, 93.52500000006153869 ) ) ;
#3390 = EDGE_LOOP ( 'NONE', ( #2342, #650, #3960, #1200, #4867, #4613 ) ) ;
#3391 = CARTESIAN_POINT ( 'NONE',  ( 8.000577884556282271, -3.037499999999999201, 41.61300481151055664 ) ) ;
#3392 = LINE ( 'NONE', #4621, #2434 ) ;
#3393 = CARTESIAN_POINT ( 'NONE',  ( 10.70601442737356379, 20.96928168215366384, 90.61875000258909552 ) ) ;
#3394 = CARTESIAN_POINT ( 'NONE',  ( 10.62500000000000000, -4.049999999999950973, 36.39402376808406814 ) ) ;
#3395 = ORIENTED_EDGE ( 'NONE', *, *, #2111, .T. ) ;
#3396 = EDGE_CURVE ( 'NONE', #2270, #2238, #5063, .T. ) ;
#3397 = EDGE_CURVE ( 'NONE', #2562, #3856, #3077, .T. ) ;
#3398 = CARTESIAN_POINT ( 'NONE',  ( -0.05990367157775738222, 24.01759658149151377, 86.58362292233616131 ) ) ;
#3399 = DIRECTION ( 'NONE',  ( -1.000000000000000000, 3.212450881438532241E-16, -6.057297782015010146E-32 ) ) ;
#3400 = CARTESIAN_POINT ( 'NONE',  ( -1.940794625427242792, 5.772528386394639277, 83.72206386769430253 ) ) ;
#3401 = STYLED_ITEM ( 'NONE', ( #4761 ), #1654 ) ;
#3402 = CARTESIAN_POINT ( 'NONE',  ( 5.817704853812081467, -4.049999999999976730, 37.78311742024406783 ) ) ;
#3403 = SURFACE_STYLE_FILL_AREA ( #5204 ) ;
#3404 = CARTESIAN_POINT ( 'NONE',  ( 1.130329431511485128, -4.050000000000003375, 95.03213518033513196 ) ) ;
#3405 =( LENGTH_UNIT ( ) NAMED_UNIT ( * ) SI_UNIT ( .MILLI., .METRE. ) );
#3406 = FILL_AREA_STYLE ('',( #3894 ) ) ;
#3407 = CARTESIAN_POINT ( 'NONE',  ( 1.012499999999961542, 18.02249999999999375, 42.06036481966484075 ) ) ;
#3408 = DIRECTION ( 'NONE',  ( 0.000000000000000000, 0.7071067811865435759, 0.7071067811865514585 ) ) ;
#3409 = VECTOR ( 'NONE', #2594, 999.9999999999998863 ) ;
#3410 = UNCERTAINTY_MEASURE_WITH_UNIT (LENGTH_MEASURE( 1.000000000000000082E-05 ), #4055, 'distance_accuracy_value', 'NONE');
#3411 = CARTESIAN_POINT ( 'NONE',  ( -52.37500000000000000, 3.673940397442059375E-16, 26.69249999999999901 ) ) ;
#3412 = ORIENTED_EDGE ( 'NONE', *, *, #1215, .F. ) ;
#3413 = CARTESIAN_POINT ( 'NONE',  ( 10.19083460900541915, -4.049999999999947420, 100.7044708889488049 ) ) ;
#3414 =( GEOMETRIC_REPRESENTATION_CONTEXT ( 3 ) GLOBAL_UNCERTAINTY_ASSIGNED_CONTEXT ( ( #6220 ) ) GLOBAL_UNIT_ASSIGNED_CONTEXT ( ( #2500, #181, #3038 ) ) REPRESENTATION_CONTEXT ( 'NONE', 'WORKASPACE' ) );
#3415 = FACE_OUTER_BOUND ( 'NONE', #4990, .T. ) ;
#3416 = ORIENTED_EDGE ( 'NONE', *, *, #4787, .T. ) ;
#3417 = COLOUR_RGB ( '',0.1019607843137254888, 0.1019607843137254888, 0.1019607843137254888 ) ;
#3418 = ORIENTED_EDGE ( 'NONE', *, *, #2470, .T. ) ;
#3419 = COLOUR_RGB ( '',0.1019607843137254888, 0.1019607843137254888, 0.1019607843137254888 ) ;
#3420 = CARTESIAN_POINT ( 'NONE',  ( 5.391982215336700079, -3.037500000000000089, 44.13852187560757301 ) ) ;
#3421 =( NAMED_UNIT ( * ) SI_UNIT ( $, .STERADIAN. ) SOLID_ANGLE_UNIT ( ) );
#3422 = PRESENTATION_LAYER_ASSIGNMENT (  '', '', ( #6168 ) ) ;
#3423 =( GEOMETRIC_REPRESENTATION_CONTEXT ( 3 ) GLOBAL_UNCERTAINTY_ASSIGNED_CONTEXT ( ( #455 ) ) GLOBAL_UNIT_ASSIGNED_CONTEXT ( ( #4905, #539, #4316 ) ) REPRESENTATION_CONTEXT ( 'NONE', 'WORKASPACE' ) );
#3424 = DIRECTION ( 'NONE',  ( -1.000000000000000000, 4.510281037539699678E-17, 0.000000000000000000 ) ) ;
#3425 = FACE_OUTER_BOUND ( 'NONE', #3390, .T. ) ;
#3426 = CARTESIAN_POINT ( 'NONE',  ( 4.668372417381250195, 29.16000000000001435, 98.53201077472712655 ) ) ;
#3427 = CARTESIAN_POINT ( 'NONE',  ( 10.62500000000000000, -3.037499999999990319, 40.84195960390601954 ) ) ;
#3428 = ORIENTED_EDGE ( 'NONE', *, *, #104, .F. ) ;
#3429 = APPLICATION_CONTEXT ( 'automotive_design' ) ;
#3430 = PRESENTATION_LAYER_ASSIGNMENT (  '', '', ( #6175 ) ) ;
#3431 = CARTESIAN_POINT ( 'NONE',  ( -0.1996888942955212798, 23.82170859308964239, 86.41829264084820750 ) ) ;
#3432 = CARTESIAN_POINT ( 'NONE',  ( 10.62500000000000000, -4.049999999999947420, 100.6984762319159046 ) ) ;
#3433 = ADVANCED_FACE ( 'NONE', ( #5026 ), #3528, .T. ) ;
#3434 =( GEOMETRIC_REPRESENTATION_CONTEXT ( 3 ) GLOBAL_UNCERTAINTY_ASSIGNED_CONTEXT ( ( #1466 ) ) GLOBAL_UNIT_ASSIGNED_CONTEXT ( ( #1217, #713, #3673 ) ) REPRESENTATION_CONTEXT ( 'NONE', 'WORKASPACE' ) );
#3435 = DIRECTION ( 'NONE',  ( 0.000000000000000000, 1.000000000000000000, 0.000000000000000000 ) ) ;
#3436 = EDGE_CURVE ( 'NONE', #1135, #2110, #3755, .T. ) ;
#3437 = UNCERTAINTY_MEASURE_WITH_UNIT (LENGTH_MEASURE( 1.000000000000000082E-05 ), #649, 'distance_accuracy_value', 'NONE');
#3438 = AXIS2_PLACEMENT_3D ( 'NONE', #4808, #440, #3387 ) ;
#3439 = CARTESIAN_POINT ( 'NONE',  ( -7.796249999999991687, 19.34699805506971160, 101.8094548347992117 ) ) ;
#3440 = ADVANCED_FACE ( 'NONE', ( #2778 ), #3614, .T. ) ;
#3441 = CARTESIAN_POINT ( 'NONE',  ( 10.62500000000000000, -3.037499999999999645, 6.093251410737770232E-15 ) ) ;
#3442 =( NAMED_UNIT ( * ) PLANE_ANGLE_UNIT ( ) SI_UNIT ( $, .RADIAN. ) );
#3443 = COLOUR_RGB ( '',0.1019607843137254888, 0.1019607843137254888, 0.1019607843137254888 ) ;
#3444 =( NAMED_UNIT ( * ) PLANE_ANGLE_UNIT ( ) SI_UNIT ( $, .RADIAN. ) );
#3445 = EDGE_CURVE ( 'NONE', #3611, #2119, #4171, .T. ) ;
#3446 = LINE ( 'NONE', #1080, #4875 ) ;
#3447 = ORIENTED_EDGE ( 'NONE', *, *, #5925, .F. ) ;
#3448 = CARTESIAN_POINT ( 'NONE',  ( 1.012499999999973754, -0.1431962838996157783, 49.36805371610030591 ) ) ;
#3449 = CARTESIAN_POINT ( 'NONE',  ( 11.03219711801313707, 5.627305085714688460, 90.61875000008788561 ) ) ;
#3450 = MECHANICAL_DESIGN_GEOMETRIC_PRESENTATION_REPRESENTATION (  '', ( #1815 ), #5377 ) ;
#3451 = CARTESIAN_POINT ( 'NONE',  ( -6.623261517252210240, 23.85999999999998877, 35.56265433554575139 ) ) ;
#3452 = LINE ( 'NONE', #172, #1805 ) ;
#3453 = EDGE_LOOP ( 'NONE', ( #1224, #4877, #2977, #2016, #2150, #5, #1246, #5659, #1408, #2223, #4164, #556, #1279, #712, #5256, #4543, #462, #2704, #1040, #5046, #6072, #5328, #3160, #5126 ) ) ;
#3454 = COLOUR_RGB ( '',0.1019607843137254888, 0.1019607843137254888, 0.1019607843137254888 ) ;
#3455 = CARTESIAN_POINT ( 'NONE',  ( -8.710272162076934777, 23.40794979214895122, 94.29706689384869378 ) ) ;
#3456 = ORIENTED_EDGE ( 'NONE', *, *, #1297, .F. ) ;
#3457 = LINE ( 'NONE', #2081, #4489 ) ;
#3458 =( NAMED_UNIT ( * ) PLANE_ANGLE_UNIT ( ) SI_UNIT ( $, .RADIAN. ) );
#3459 = STYLED_ITEM ( 'NONE', ( #1744 ), #675 ) ;
#3460 = FILL_AREA_STYLE ('',( #5878 ) ) ;
#3461 = B_SPLINE_CURVE_WITH_KNOTS ( 'NONE', 3,
 ( #516, #3496, #5437, #1071, #4305, #335 ),
 .UNSPECIFIED., .F., .F.,
 ( 4, 2, 4 ),
 ( 3.469446951953614189E-18, 0.0008740654212672411844, 0.001748130842534478899 ),
 .UNSPECIFIED. ) ;
#3462 =( LENGTH_UNIT ( ) NAMED_UNIT ( * ) SI_UNIT ( .MILLI., .METRE. ) );
#3463 = CARTESIAN_POINT ( 'NONE',  ( 1.595252968563821261, 28.13475926061969545, 46.47375001831834140 ) ) ;
#3464 = ORIENTED_EDGE ( 'NONE', *, *, #522, .T. ) ;
#3465 = PRESENTATION_LAYER_ASSIGNMENT (  '', '', ( #1523 ) ) ;
#3466 = STYLED_ITEM ( 'NONE', ( #5604 ), #904 ) ;
#3467 = CARTESIAN_POINT ( 'NONE',  ( -1.942565360897674953, 19.31311916594879818, 83.71786797613017939 ) ) ;
#3468 =( GEOMETRIC_REPRESENTATION_CONTEXT ( 3 ) GLOBAL_UNCERTAINTY_ASSIGNED_CONTEXT ( ( #3310 ) ) GLOBAL_UNIT_ASSIGNED_CONTEXT ( ( #6212, #2825, #425 ) ) REPRESENTATION_CONTEXT ( 'NONE', 'WORKASPACE' ) );
#3469 = FACE_OUTER_BOUND ( 'NONE', #212, .T. ) ;
#3470 = DIRECTION ( 'NONE',  ( 2.775557561562890365E-16, -1.885568995626964780E-16, -1.000000000000000000 ) ) ;
#3471 = CARTESIAN_POINT ( 'NONE',  ( 10.62500000000000000, 29.16000000000004988, 100.6984762319159188 ) ) ;
#3472 = CARTESIAN_POINT ( 'NONE',  ( -51.32951142158430713, -5.117722589790939425E-15, 96.39000000000000057 ) ) ;
#3473 = LINE ( 'NONE', #5444, #659 ) ;
#3474 = DIRECTION ( 'NONE',  ( 1.000000000000000000, 1.141676950412111621E-78, 6.057297782015010146E-32 ) ) ;
#3475 = UNCERTAINTY_MEASURE_WITH_UNIT (LENGTH_MEASURE( 1.000000000000000082E-05 ), #4023, 'distance_accuracy_value', 'NONE');
#3476 = DIRECTION ( 'NONE',  ( 0.000000000000000000, 0.000000000000000000, 1.000000000000000000 ) ) ;
#3477 = VERTEX_POINT ( 'NONE', #2220 ) ;
#3478 = DIRECTION ( 'NONE',  ( -1.000000000000000000, 0.000000000000000000, 0.000000000000000000 ) ) ;
#3479 = DIRECTION ( 'NONE',  ( 1.000000000000000000, 0.000000000000000000, 0.000000000000000000 ) ) ;
#3480 = EDGE_CURVE ( 'NONE', #6154, #6203, #2254, .T. ) ;
#3481 = FILL_AREA_STYLE_COLOUR ( '', #2386 ) ;
#3482 = EDGE_CURVE ( 'NONE', #102, #4059, #5557, .T. ) ;
#3483 = CARTESIAN_POINT ( 'NONE',  ( -7.479713328937134698, 23.85999999999999943, 36.11261171257342539 ) ) ;
#3484 = DIRECTION ( 'NONE',  ( -0.000000000000000000, 1.000000000000000000, 0.000000000000000000 ) ) ;
#3485 = ORIENTED_EDGE ( 'NONE', *, *, #492, .F. ) ;
#3486 = ORIENTED_EDGE ( 'NONE', *, *, #4817, .T. ) ;
#3487 = CARTESIAN_POINT ( 'NONE',  ( -7.578847391416583257, 25.10999999999999588, 90.61874999999999147 ) ) ;
#3488 = DIRECTION ( 'NONE',  ( -1.000000000000000000, 3.212450881438532734E-16, 0.000000000000000000 ) ) ;
#3489 = SURFACE_SIDE_STYLE ('',( #3971 ) ) ;
#3490 = CARTESIAN_POINT ( 'NONE',  ( 1.012499999999961542, 18.02249999999999375, 38.19250000000000256 ) ) ;
#3491 = CARTESIAN_POINT ( 'NONE',  ( 1.012499999999486144, 29.15999999999998593, 44.38319912510442578 ) ) ;
#3492 = ORIENTED_EDGE ( 'NONE', *, *, #2653, .T. ) ;
#3493 = CARTESIAN_POINT ( 'NONE',  ( -1.901678073930471946, 19.60031157714740147, 83.80656071699903009 ) ) ;
#3494 = SURFACE_STYLE_USAGE ( .BOTH. , #1554 ) ;
#3495 = CARTESIAN_POINT ( 'NONE',  ( -0.8979715306552417120, 2.433640951087179261, 85.51881537139712464 ) ) ;
#3496 = CARTESIAN_POINT ( 'NONE',  ( -6.397960111008315742, 21.97124999999999417, 35.19250000000001677 ) ) ;
#3497 = LINE ( 'NONE', #2603, #3840 ) ;
#3498 = ORIENTED_EDGE ( 'NONE', *, *, #1255, .T. ) ;
#3499 = COLOUR_RGB ( '',0.1019607843137254888, 0.1019607843137254888, 0.1019607843137254888 ) ;
#3500 = CARTESIAN_POINT ( 'NONE',  ( 9.662779266497462771, -4.049999999999950973, 100.6548863116118326 ) ) ;
#3501 = FILL_AREA_STYLE_COLOUR ( '', #5908 ) ;
#3502 = COLOUR_RGB ( '',0.1019607843137254888, 0.1019607843137254888, 0.1019607843137254888 ) ;
#3503 = CARTESIAN_POINT ( 'NONE',  ( 10.62500000000000000, -4.049999999999950973, 37.16650842017332224 ) ) ;
#3504 = CARTESIAN_POINT ( 'NONE',  ( 1.346932820414287191, -4.050000000000142819, 44.38348952726212815 ) ) ;
#3505 = DIRECTION ( 'NONE',  ( 1.000000000000000000, 0.000000000000000000, 0.000000000000000000 ) ) ;
#3506 = CARTESIAN_POINT ( 'NONE',  ( -9.258825700337510511, 22.33179919818345738, 41.98536027272457005 ) ) ;
#3507 = VECTOR ( 'NONE', #2067, 1000.000000000000000 ) ;
#3508 = AXIS2_PLACEMENT_3D ( 'NONE', #5093, #2284, #4239 ) ;
#3509 = DIRECTION ( 'NONE',  ( 1.000000000000000000, 0.000000000000000000, 0.000000000000000000 ) ) ;
#3510 = EDGE_CURVE ( 'NONE', #5213, #186, #4644, .T. ) ;
#3511 = EDGE_CURVE ( 'NONE', #2514, #2149, #3240, .T. ) ;
#3512 = SURFACE_STYLE_FILL_AREA ( #2999 ) ;
#3513 = EDGE_LOOP ( 'NONE', ( #219, #269, #3972, #4517, #3187, #2447, #1009 ) ) ;
#3514 = CARTESIAN_POINT ( 'NONE',  ( -8.483946125442821895, 23.68099745051513239, 93.73598562151137514 ) ) ;
#3515 = ORIENTED_EDGE ( 'NONE', *, *, #6012, .F. ) ;
#3516 = EDGE_CURVE ( 'NONE', #1287, #6203, #2749, .T. ) ;
#3517 = CARTESIAN_POINT ( 'NONE',  ( -7.857656711990611775, 22.58500000000000796, 101.2788565441361754 ) ) ;
#3518 = PRESENTATION_LAYER_ASSIGNMENT (  '', '', ( #972 ) ) ;
#3519 = CARTESIAN_POINT ( 'NONE',  ( 10.62500000000000000, 25.10999999999999588, -3.037499999999999645 ) ) ;
#3520 = DIRECTION ( 'NONE',  ( 0.000000000000000000, -1.000000000000000000, 0.000000000000000000 ) ) ;
#3521 = STYLED_ITEM ( 'NONE', ( #1070 ), #3354 ) ;
#3522 = CARTESIAN_POINT ( 'NONE',  ( 1.012499999999832978, 29.15999999999999304, 42.06036481966486207 ) ) ;
#3523 = ORIENTED_EDGE ( 'NONE', *, *, #981, .T. ) ;
#3524 = EDGE_CURVE ( 'NONE', #307, #2304, #1197, .T. ) ;
#3525 = AXIS2_PLACEMENT_3D ( 'NONE', #1104, #4558, #5438 ) ;
#3526 = CARTESIAN_POINT ( 'NONE',  ( -0.5867911696807205368, 23.23427536771909274, 85.94011117877775519 ) ) ;
#3527 = SURFACE_SIDE_STYLE ('',( #2979 ) ) ;
#3528 = CYLINDRICAL_SURFACE ( 'NONE', #5356, 10.12500000000000000 ) ;
#3529 = CARTESIAN_POINT ( 'NONE',  ( -7.756007213317454685, 2.024999999999999911, 26.73000000000000043 ) ) ;
#3530 = COLOUR_RGB ( '',0.1019607843137254888, 0.1019607843137254888, 0.1019607843137254888 ) ;
#3531 = CARTESIAN_POINT ( 'NONE',  ( 10.12492166229168866, -3.577345435016238806, 97.61508428980945951 ) ) ;
#3532 = ORIENTED_EDGE ( 'NONE', *, *, #1255, .F. ) ;
#3533 = AXIS2_PLACEMENT_3D ( 'NONE', #3490, #1065, #5463 ) ;
#3534 = SURFACE_SIDE_STYLE ('',( #4047 ) ) ;
#3535 = COLOUR_RGB ( '',0.1019607843137254888, 0.1019607843137254888, 0.1019607843137254888 ) ;
#3536 = LINE ( 'NONE', #1170, #4732 ) ;
#3537 = CARTESIAN_POINT ( 'NONE',  ( 1.012499999999961542, 18.02249999999999730, 98.89999999999999147 ) ) ;
#3538 = CARTESIAN_POINT ( 'NONE',  ( 2.929785006852001938, -2.022511491249903592, 47.48873850874997515 ) ) ;
#3539 = PRESENTATION_LAYER_ASSIGNMENT (  '', '', ( #4276 ) ) ;
#3540 = CARTESIAN_POINT ( 'NONE',  ( 20.25000000000000000, 28.14749999999999375, 90.61874999999999147 ) ) ;
#3541 = CARTESIAN_POINT ( 'NONE',  ( -40.50000000000000000, 2.024999999999999911, 110.3999999999999915 ) ) ;
#3542 = SURFACE_STYLE_FILL_AREA ( #1117 ) ;
#3543 = AXIS2_PLACEMENT_3D ( 'NONE', #3085, #4112, #5448 ) ;
#3544 = CARTESIAN_POINT ( 'NONE',  ( -8.338731999266444816, 23.85999999999999588, 37.35706469778319416 ) ) ;
#3545 = ORIENTED_EDGE ( 'NONE', *, *, #4505, .F. ) ;
#3546 = CARTESIAN_POINT ( 'NONE',  ( -9.261705600890168810, 22.29073074292163525, 94.52065433535038608 ) ) ;
#3547 = ORIENTED_EDGE ( 'NONE', *, *, #1921, .T. ) ;
#3548 = SURFACE_STYLE_FILL_AREA ( #3036 ) ;
#3549 = DIRECTION ( 'NONE',  ( -1.000000000000000000, 5.165278571223809621E-17, 2.582639285611905427E-16 ) ) ;
#3550 = COLOUR_RGB ( '',0.1019607843137254888, 0.1019607843137254888, 0.1019607843137254888 ) ;
#3551 = EDGE_CURVE ( 'NONE', #1652, #3158, #4553, .T. ) ;
#3552 = CARTESIAN_POINT ( 'NONE',  ( 10.62500000000000000, 28.14749999999999375, 137.0924999999999727 ) ) ;
#3553 = PRESENTATION_LAYER_ASSIGNMENT (  '', '', ( #2937 ) ) ;
#3554 = CARTESIAN_POINT ( 'NONE',  ( 0.000000000000000000, 28.09674780070452726, -0.05075219929546703757 ) ) ;
#3555 = CARTESIAN_POINT ( 'NONE',  ( 4.596204370570261766, 29.16000000000020975, 44.44057325408270032 ) ) ;
#3556 = ORIENTED_EDGE ( 'NONE', *, *, #1852, .F. ) ;
#3557 = MECHANICAL_DESIGN_GEOMETRIC_PRESENTATION_REPRESENTATION (  '', ( #200 ), #5993 ) ;
#3558 = CARTESIAN_POINT ( 'NONE',  ( -0.8198910198657997084, 22.81646017125751413, 85.62457252796450291 ) ) ;
#3559 = CARTESIAN_POINT ( 'NONE',  ( -7.756007213317475113, 2.024999999999999911, 110.3624999999999829 ) ) ;
#3560 = ADVANCED_FACE ( 'NONE', ( #2662 ), #241, .T. ) ;
#3561 = CARTESIAN_POINT ( 'NONE',  ( 1.012499999999969535, -0.1431962838996078680, 87.72444628389968102 ) ) ;
#3562 = AXIS2_PLACEMENT_3D ( 'NONE', #3161, #5640, #262 ) ;
#3563 = DIRECTION ( 'NONE',  ( 0.000000000000000000, 0.000000000000000000, -1.000000000000000000 ) ) ;
#3564 = AXIS2_PLACEMENT_3D ( 'NONE', #2780, #6130, #824 ) ;
#3565 =( NAMED_UNIT ( * ) SI_UNIT ( $, .STERADIAN. ) SOLID_ANGLE_UNIT ( ) );
#3566 = ORIENTED_EDGE ( 'NONE', *, *, #3171, .F. ) ;
#3567 = DIRECTION ( 'NONE',  ( -2.775557561562890365E-16, 3.108544885199760078E-33, -1.000000000000000000 ) ) ;
#3568 = MECHANICAL_DESIGN_GEOMETRIC_PRESENTATION_REPRESENTATION (  '', ( #621 ), #5590 ) ;
#3569 =( NAMED_UNIT ( * ) SI_UNIT ( $, .STERADIAN. ) SOLID_ANGLE_UNIT ( ) );
#3570 = MECHANICAL_DESIGN_GEOMETRIC_PRESENTATION_REPRESENTATION (  '', ( #1941 ), #5598 ) ;
#3571 = CARTESIAN_POINT ( 'NONE',  ( 10.62500000000000000, 28.73108975675040000, 39.42488802818125748 ) ) ;
#3572 = DIRECTION ( 'NONE',  ( 0.000000000000000000, 0.7071067811865435759, -0.7071067811865514585 ) ) ;
#3573 = CARTESIAN_POINT ( 'NONE',  ( -0.5867911697975242147, 1.875724632465473274, 51.15238882136429766 ) ) ;
#3574 = FILL_AREA_STYLE_COLOUR ( '', #2036 ) ;
#3575 =( GEOMETRIC_REPRESENTATION_CONTEXT ( 3 ) GLOBAL_UNCERTAINTY_ASSIGNED_CONTEXT ( ( #5153 ) ) GLOBAL_UNIT_ASSIGNED_CONTEXT ( ( #5114, #5142, #2742 ) ) REPRESENTATION_CONTEXT ( 'NONE', 'WORKASPACE' ) );
#3576 = CARTESIAN_POINT ( 'NONE',  ( -101.2500000000000000, 0.000000000000000000, 91.12500000000000000 ) ) ;
#3577 = ORIENTED_EDGE ( 'NONE', *, *, #1497, .T. ) ;
#3578 = CARTESIAN_POINT ( 'NONE',  ( -5.973749999999999893, 1.323342920529794754E-14, 137.0924999999999727 ) ) ;
#3579 = ORIENTED_EDGE ( 'NONE', *, *, #4929, .F. ) ;
#3580 = SURFACE_STYLE_USAGE ( .BOTH. , #772 ) ;
#3581 = B_SPLINE_CURVE_WITH_KNOTS ( 'NONE', 3,
 ( #1686, #5564, #1207, #3147, #252, #4147, #3506, #1081 ),
 .UNSPECIFIED., .F., .F.,
 ( 4, 2, 2, 4 ),
 ( 3.741215827887270495E-16, 0.0002639721256206573898, 0.0005279442512409407299, 0.001055888502481509362 ),
 .UNSPECIFIED. ) ;
#3582 = CARTESIAN_POINT ( 'NONE',  ( -5.973749999999999893, 3.138750000000151807, 110.3624999999999829 ) ) ;
#3583 = ORIENTED_EDGE ( 'NONE', *, *, #3045, .F. ) ;
#3584 = EDGE_LOOP ( 'NONE', ( #5273, #3532, #2201, #4088, #5807, #4926 ) ) ;
#3585 = LINE ( 'NONE', #5587, #722 ) ;
#3586 = DIRECTION ( 'NONE',  ( 0.000000000000000000, -1.092608104445392686E-14, -1.000000000000000000 ) ) ;
#3587 = CARTESIAN_POINT ( 'NONE',  ( 0.5067763360588587451, 0.3525120583472869384, 87.22873794165279548 ) ) ;
#3588 = ADVANCED_FACE ( 'NONE', ( #3425 ), #383, .T. ) ;
#3589 =( LENGTH_UNIT ( ) NAMED_UNIT ( * ) SI_UNIT ( .MILLI., .METRE. ) );
#3590 = ORIENTED_EDGE ( 'NONE', *, *, #563, .F. ) ;
#3591 = DIRECTION ( 'NONE',  ( -2.582639285611905427E-16, 1.885568995626964780E-16, 1.000000000000000000 ) ) ;
#3592 = EDGE_CURVE ( 'NONE', #2372, #5171, #6200, .T. ) ;
#3593 = CARTESIAN_POINT ( 'NONE',  ( -9.112499999999998934, 18.02250000000000085, 46.47375000000000256 ) ) ;
#3594 = DIRECTION ( 'NONE',  ( 1.000000000000000000, 0.000000000000000000, 0.000000000000000000 ) ) ;
#3595 = CARTESIAN_POINT ( 'NONE',  ( 2.993629074585581584, -4.049999999999903899, 44.39796413353976590 ) ) ;
#3596 = UNCERTAINTY_MEASURE_WITH_UNIT (LENGTH_MEASURE( 1.000000000000000082E-05 ), #5325, 'distance_accuracy_value', 'NONE');
#3597 = PLANE ( 'NONE',  #1513 ) ;
#3598 = CARTESIAN_POINT ( 'NONE',  ( -2.004658496997241635, 6.337129322008283161, 53.51260083651630595 ) ) ;
#3599 = DIRECTION ( 'NONE',  ( 1.000000000000000000, 3.922054542492255428E-16, -7.395304444481290019E-32 ) ) ;
#3600 =( GEOMETRIC_REPRESENTATION_CONTEXT ( 3 ) GLOBAL_UNCERTAINTY_ASSIGNED_CONTEXT ( ( #4191 ) ) GLOBAL_UNIT_ASSIGNED_CONTEXT ( ( #5041, #1632, #4601 ) ) REPRESENTATION_CONTEXT ( 'NONE', 'WORKASPACE' ) );
#3601 = CARTESIAN_POINT ( 'NONE',  ( 10.62500000000000000, 28.14749999999999375, 23.69249999999998835 ) ) ;
#3602 = CARTESIAN_POINT ( 'NONE',  ( 32.92873889984950608, -4.049999999999812417, 23.69249999999998835 ) ) ;
#3603 = CIRCLE ( 'NONE', #1477, 8.137499999999995737 ) ;
#3604 = ORIENTED_EDGE ( 'NONE', *, *, #1092, .F. ) ;
#3605 = FACE_OUTER_BOUND ( 'NONE', #2289, .T. ) ;
#3606 = ORIENTED_EDGE ( 'NONE', *, *, #4583, .F. ) ;
#3607 = DIRECTION ( 'NONE',  ( -2.498001805406605174E-16, 1.885568995626959849E-16, 1.000000000000000000 ) ) ;
#3608 = FILL_AREA_STYLE ('',( #1253 ) ) ;
#3609 = ORIENTED_EDGE ( 'NONE', *, *, #1852, .T. ) ;
#3610 = CARTESIAN_POINT ( 'NONE',  ( 7.054348704946945325, 29.16000000000002146, 37.16060155446589874 ) ) ;
#3611 = VERTEX_POINT ( 'NONE', #2444 ) ;
#3612 = LINE ( 'NONE', #5620, #5709 ) ;
#3613 = PRESENTATION_LAYER_ASSIGNMENT (  '', '', ( #5863 ) ) ;
#3614 = PLANE ( 'NONE',  #1689 ) ;
#3615 = CARTESIAN_POINT ( 'NONE',  ( 1.392022295295467949, 29.16000000000000014, 95.17103858781223380 ) ) ;
#3616 = LINE ( 'NONE', #4524, #4649 ) ;
#3617 = ORIENTED_EDGE ( 'NONE', *, *, #4929, .T. ) ;
#3618 = STYLED_ITEM ( 'NONE', ( #4442 ), #4392 ) ;
#3619 =( NAMED_UNIT ( * ) SI_UNIT ( $, .STERADIAN. ) SOLID_ANGLE_UNIT ( ) );
#3620 = AXIS2_PLACEMENT_3D ( 'NONE', #5521, #5936, #3040 ) ;
#3621 =( NAMED_UNIT ( * ) SI_UNIT ( $, .STERADIAN. ) SOLID_ANGLE_UNIT ( ) );
#3622 = EDGE_CURVE ( 'NONE', #4244, #5208, #4341, .T. ) ;
#3623 = EDGE_CURVE ( 'NONE', #1652, #305, #5288, .T. ) ;
#3624 = CARTESIAN_POINT ( 'NONE',  ( -5.973749999999999893, 21.97124999999999062, 101.8999999999999915 ) ) ;
#3625 = CIRCLE ( 'NONE', #1695, 1.049999999999995381 ) ;
#3626 =( GEOMETRIC_REPRESENTATION_CONTEXT ( 3 ) GLOBAL_UNCERTAINTY_ASSIGNED_CONTEXT ( ( #3825 ) ) GLOBAL_UNIT_ASSIGNED_CONTEXT ( ( #6060, #814, #6153 ) ) REPRESENTATION_CONTEXT ( 'NONE', 'WORKASPACE' ) );
#3627 = CARTESIAN_POINT ( 'NONE',  ( 5.124129633548760054, -2.166906393701677924, 46.47375002599719807 ) ) ;
#3628 = EDGE_LOOP ( 'NONE', ( #5838, #1734, #5576, #4500 ) ) ;
#3629 =( BOUNDED_CURVE ( )  B_SPLINE_CURVE ( 3, ( #2956, #5443, #613, #4916 ),
 .UNSPECIFIED., .F., .T. ) 
 B_SPLINE_CURVE_WITH_KNOTS ( ( 4, 4 ),
 ( 3.261280134836394872E-16, 0.1001674211615555948 ),
 .UNSPECIFIED. ) 
 CURVE ( )  GEOMETRIC_REPRESENTATION_ITEM ( )  RATIONAL_B_SPLINE_CURVE ( ( 1.000000000000000000, 0.9991640487402220216, 0.9991640487402220216, 1.000000000000000000 ) ) 
 REPRESENTATION_ITEM ( '' )  );
#3630 = CARTESIAN_POINT ( 'NONE',  ( -1.627181688434222728, 4.271442184518714491, 52.74141594170634306 ) ) ;
#3631 = SURFACE_STYLE_USAGE ( .BOTH. , #5040 ) ;
#3632 = VECTOR ( 'NONE', #5644, 1000.000000000000000 ) ;
#3633 = CARTESIAN_POINT ( 'NONE',  ( 10.62500000000000000, 29.16000000000018844, 113.4000000000000057 ) ) ;
#3634 =( NAMED_UNIT ( * ) SI_UNIT ( $, .STERADIAN. ) SOLID_ANGLE_UNIT ( ) );
#3635 = EDGE_CURVE ( 'NONE', #1184, #2361, #33, .T. ) ;
#3636 = CONICAL_SURFACE ( 'NONE', #3027, 2.531249999999944045, 0.7853981633974433940 ) ;
#3637 = DIRECTION ( 'NONE',  ( 0.000000000000000000, 1.000000000000000000, -1.885568995626965026E-16 ) ) ;
#3638 = EDGE_LOOP ( 'NONE', ( #368, #1782, #6025, #418 ) ) ;
#3639 = PRESENTATION_STYLE_ASSIGNMENT (( #5638 ) ) ;
#3640 = ORIENTED_EDGE ( 'NONE', *, *, #3622, .F. ) ;
#3641 = SURFACE_SIDE_STYLE ('',( #1188 ) ) ;
#3642 = CARTESIAN_POINT ( 'NONE',  ( 1.305070731047788257, -3.037499989988735827, 90.61874997933061593 ) ) ;
#3643 = CARTESIAN_POINT ( 'NONE',  ( 0.000000000000000000, 0.000000000000000000, 0.000000000000000000 ) ) ;
#3644 = CARTESIAN_POINT ( 'NONE',  ( 1.012499999999967315, 28.14749999999999375, 90.61874999999999147 ) ) ;
#3645 = ORIENTED_EDGE ( 'NONE', *, *, #870, .F. ) ;
#3646 = PRESENTATION_LAYER_ASSIGNMENT (  '', '', ( #1815 ) ) ;
#3647 = CARTESIAN_POINT ( 'NONE',  ( 11.06309069025897074, 19.25000684710167675, 46.47374999997063583 ) ) ;
#3648 = ORIENTED_EDGE ( 'NONE', *, *, #2154, .T. ) ;
#3649 = CARTESIAN_POINT ( 'NONE',  ( 4.101823527350861198, 28.14749999999999019, 91.66197378114139838 ) ) ;
#3650 = COLOUR_RGB ( '',0.1019607843137254888, 0.1019607843137254888, 0.1019607843137254888 ) ;
#3651 = CARTESIAN_POINT ( 'NONE',  ( -8.242970753936459616, 1.324847134599338006, 92.86016058289861519 ) ) ;
#3652 =( NAMED_UNIT ( * ) PLANE_ANGLE_UNIT ( ) SI_UNIT ( $, .RADIAN. ) );
#3653 = CARTESIAN_POINT ( 'NONE',  ( 6.712246415324690574, 26.41341458229366168, 90.61875006458507187 ) ) ;
#3654 = CARTESIAN_POINT ( 'NONE',  ( -9.112499999999975842, -3.356902052527122737E-14, 110.3999999999999915 ) ) ;
#3655 = ORIENTED_EDGE ( 'NONE', *, *, #6239, .T. ) ;
#3656 = DIRECTION ( 'NONE',  ( 1.000000000000000000, 0.000000000000000000, 0.000000000000000000 ) ) ;
#3657 = CARTESIAN_POINT ( 'NONE',  ( -9.469222212048189036, 21.60657422170782738, 43.16722993834401478 ) ) ;
#3658 = LINE ( 'NONE', #1680, #5038 ) ;
#3659 = VECTOR ( 'NONE', #4328, 1000.000000000000000 ) ;
#3660 = CARTESIAN_POINT ( 'NONE',  ( 8.801213444041305678, 0.6120531126645613051, 46.47375000940592571 ) ) ;
#3661 = UNCERTAINTY_MEASURE_WITH_UNIT (LENGTH_MEASURE( 1.000000000000000082E-05 ), #5702, 'distance_accuracy_value', 'NONE');
#3662 =( NAMED_UNIT ( * ) PLANE_ANGLE_UNIT ( ) SI_UNIT ( $, .RADIAN. ) );
#3663 = FACE_OUTER_BOUND ( 'NONE', #966, .T. ) ;
#3664 = DIRECTION ( 'NONE',  ( 5.165278571223799760E-17, 1.000000000000000000, 0.000000000000000000 ) ) ;
#3665 = LINE ( 'NONE', #1145, #4585 ) ;
#3666 = COLOUR_RGB ( '',0.1019607843137254888, 0.1019607843137254888, 0.1019607843137254888 ) ;
#3667 = FILL_AREA_STYLE ('',( #1210 ) ) ;
#3668 = SURFACE_SIDE_STYLE ('',( #2673 ) ) ;
#3669 = MECHANICAL_DESIGN_GEOMETRIC_PRESENTATION_REPRESENTATION (  '', ( #2948 ), #428 ) ;
#3670 = CARTESIAN_POINT ( 'NONE',  ( 1.012499999999974865, 7.087499999999999467, 42.06036481966481944 ) ) ;
#3671 = VERTEX_POINT ( 'NONE', #1960 ) ;
#3672 = ADVANCED_FACE ( 'NONE', ( #2817 ), #3820, .F. ) ;
#3673 =( NAMED_UNIT ( * ) SI_UNIT ( $, .STERADIAN. ) SOLID_ANGLE_UNIT ( ) );
#3674 = VERTEX_POINT ( 'NONE', #4463 ) ;
#3675 = PLANE ( 'NONE',  #4799 ) ;
#3676 =( LENGTH_UNIT ( ) NAMED_UNIT ( * ) SI_UNIT ( .MILLI., .METRE. ) );
#3677 = EDGE_CURVE ( 'NONE', #2149, #2676, #2023, .T. ) ;
#3678 = CARTESIAN_POINT ( 'NONE',  ( -10.10232425401468959, 6.362556168792369071, 37.81672300157433142 ) ) ;
#3679 = DIRECTION ( 'NONE',  ( 0.000000000000000000, -1.000000000000000000, 0.000000000000000000 ) ) ;
#3680 = ORIENTED_EDGE ( 'NONE', *, *, #5242, .T. ) ;
#3681 = CARTESIAN_POINT ( 'NONE',  ( 2.375961753401211851, 29.16000000000000014, 40.86062453538037431 ) ) ;
#3682 = EDGE_LOOP ( 'NONE', ( #3793, #5815, #4403 ) ) ;
#3683 = FACE_BOUND ( 'NONE', #3233, .T. ) ;
#3684 = LINE ( 'NONE', #3718, #2984 ) ;
#3685 = CARTESIAN_POINT ( 'NONE',  ( -8.213205358978440174, 1.132595004285733342, 93.25530906564921452 ) ) ;
#3686 = SURFACE_SIDE_STYLE ('',( #377 ) ) ;
#3687 = CARTESIAN_POINT ( 'NONE',  ( 6.276705081060217850, 29.16000000000043002, 92.54570170524011985 ) ) ;
#3688 = PLANE ( 'NONE',  #4654 ) ;
#3689 = ORIENTED_EDGE ( 'NONE', *, *, #4188, .T. ) ;
#3690 = CARTESIAN_POINT ( 'NONE',  ( 0.000000000000000000, 25.10999999999999588, 140.1299999999999670 ) ) ;
#3691 =( NAMED_UNIT ( * ) SI_UNIT ( $, .STERADIAN. ) SOLID_ANGLE_UNIT ( ) );
#3692 = UNCERTAINTY_MEASURE_WITH_UNIT (LENGTH_MEASURE( 1.000000000000000082E-05 ), #4672, 'distance_accuracy_value', 'NONE');
#3693 = CARTESIAN_POINT ( 'NONE',  ( 2.004705808205140993, -4.049999999999999822, 41.30734741981654423 ) ) ;
#3694 = FACE_OUTER_BOUND ( 'NONE', #5903, .T. ) ;
#3695 = CARTESIAN_POINT ( 'NONE',  ( 10.62500000000000000, 1.097754699641572746E-16, 3.037499999999999645 ) ) ;
#3696 = SURFACE_STYLE_USAGE ( .BOTH. , #6114 ) ;
#3697 = DIRECTION ( 'NONE',  ( 2.498001805406600244E-16, 0.000000000000000000, -1.000000000000000000 ) ) ;
#3698 =( NAMED_UNIT ( * ) SI_UNIT ( $, .STERADIAN. ) SOLID_ANGLE_UNIT ( ) );
#3699 = ORIENTED_EDGE ( 'NONE', *, *, #5044, .T. ) ;
#3700 = LINE ( 'NONE', #1726, #385 ) ;
#3701 = ORIENTED_EDGE ( 'NONE', *, *, #4434, .F. ) ;
#3702 = COLOUR_RGB ( '',0.1019607843137254888, 0.1019607843137254888, 0.1019607843137254888 ) ;
#3703 =( NAMED_UNIT ( * ) SI_UNIT ( $, .STERADIAN. ) SOLID_ANGLE_UNIT ( ) );
#3704 = CARTESIAN_POINT ( 'NONE',  ( 4.947086934168305916, -2.243960603335043658, 90.61875003405059203 ) ) ;
#3705 = EDGE_CURVE ( 'NONE', #3777, #1660, #6061, .T. ) ;
#3706 = EDGE_CURVE ( 'NONE', #6147, #868, #565, .T. ) ;
#3707 = AXIS2_PLACEMENT_3D ( 'NONE', #3286, #355, #5234 ) ;
#3708 = FILL_AREA_STYLE ('',( #1755 ) ) ;
#3709 = SURFACE_SIDE_STYLE ('',( #1826 ) ) ;
#3710 = PRESENTATION_STYLE_ASSIGNMENT (( #2213 ) ) ;
#3711 = FACE_OUTER_BOUND ( 'NONE', #5711, .T. ) ;
#3712 = ORIENTED_EDGE ( 'NONE', *, *, #5318, .F. ) ;
#3713 = EDGE_CURVE ( 'NONE', #3784, #1636, #58, .T. ) ;
#3714 = CARTESIAN_POINT ( 'NONE',  ( 5.817704853811990873, 29.16000000000001435, 37.78311742024405362 ) ) ;
#3715 = ORIENTED_EDGE ( 'NONE', *, *, #5323, .F. ) ;
#3716 = FILL_AREA_STYLE_COLOUR ( '', #5189 ) ;
#3717 = VECTOR ( 'NONE', #1619, 1000.000000000000000 ) ;
#3718 = CARTESIAN_POINT ( 'NONE',  ( -7.796250000000000568, -1.060526496784164747E-13, 102.2625000000000028 ) ) ;
#3719 = CARTESIAN_POINT ( 'NONE',  ( -9.236434690722520102, 3.163218378877509451, 93.21719489287443139 ) ) ;
#3720 = CARTESIAN_POINT ( 'NONE',  ( -5.973749999999999893, 3.085608286484815171E-16, 26.73000000000000043 ) ) ;
#3721 = VECTOR ( 'NONE', #2090, 1000.000000000000000 ) ;
#3722 = CARTESIAN_POINT ( 'NONE',  ( 1.346932820414101784, 29.16000000000015291, 92.70901047273811457 ) ) ;
#3723 = CARTESIAN_POINT ( 'NONE',  ( 10.12498098606947217, 28.99313878086659457, 98.85574092188531381 ) ) ;
#3724 = EDGE_CURVE ( 'NONE', #1406, #5691, #4003, .T. ) ;
#3725 = SURFACE_SIDE_STYLE ('',( #4137 ) ) ;
#3726 = ORIENTED_EDGE ( 'NONE', *, *, #3677, .F. ) ;
#3727 =( GEOMETRIC_REPRESENTATION_CONTEXT ( 3 ) GLOBAL_UNCERTAINTY_ASSIGNED_CONTEXT ( ( #869 ) ) GLOBAL_UNIT_ASSIGNED_CONTEXT ( ( #3164, #5520, #207 ) ) REPRESENTATION_CONTEXT ( 'NONE', 'WORKASPACE' ) );
#3728 = CARTESIAN_POINT ( 'NONE',  ( -5.973749999999999893, 2.024999999999999911, 1.542804143242412762E-15 ) ) ;
#3729 = CARTESIAN_POINT ( 'NONE',  ( 8.424428059069795083, -4.049999999999862155, 44.86261682143327789 ) ) ;
#3730 = STYLED_ITEM ( 'NONE', ( #1413 ), #4142 ) ;
#3731 = FACE_OUTER_BOUND ( 'NONE', #839, .T. ) ;
#3732 = LINE ( 'NONE', #1242, #4589 ) ;
#3733 =( NAMED_UNIT ( * ) SI_UNIT ( $, .STERADIAN. ) SOLID_ANGLE_UNIT ( ) );
#3734 = SURFACE_SIDE_STYLE ('',( #6049 ) ) ;
#3735 = VECTOR ( 'NONE', #767, 1000.000000000000000 ) ;
#3736 =( NAMED_UNIT ( * ) SI_UNIT ( $, .STERADIAN. ) SOLID_ANGLE_UNIT ( ) );
#3737 = CARTESIAN_POINT ( 'NONE',  ( 9.216894052448516561, -3.037499999999999645, 96.04233592934286889 ) ) ;
#3738 = ORIENTED_EDGE ( 'NONE', *, *, #5999, .T. ) ;
#3739 = UNCERTAINTY_MEASURE_WITH_UNIT (LENGTH_MEASURE( 1.000000000000000082E-05 ), #5258, 'distance_accuracy_value', 'NONE');
#3740 = DIRECTION ( 'NONE',  ( 0.000000000000000000, 0.7071067811865477948, 0.7071067811865473507 ) ) ;
#3741 = PRESENTATION_LAYER_ASSIGNMENT (  '', '', ( #179 ) ) ;
#3742 = EDGE_LOOP ( 'NONE', ( #1581, #184, #2169 ) ) ;
#3743 = STYLED_ITEM ( 'NONE', ( #3710 ), #3799 ) ;
#3744 = CARTESIAN_POINT ( 'NONE',  ( 1.839338872865312835, -4.050000000000073541, 92.70700159089764725 ) ) ;
#3745 = COLOUR_RGB ( '',0.1019607843137254888, 0.1019607843137254888, 0.1019607843137254888 ) ;
#3746 = LINE ( 'NONE', #1824, #6267 ) ;
#3747 = FILL_AREA_STYLE_COLOUR ( '', #3123 ) ;
#3748 = ORIENTED_EDGE ( 'NONE', *, *, #4320, .T. ) ;
#3749 = CARTESIAN_POINT ( 'NONE',  ( 9.684320183277423055, 29.16000000000085635, 45.24129074459526834 ) ) ;
#3750 = ORIENTED_EDGE ( 'NONE', *, *, #2973, .F. ) ;
#3751 = ADVANCED_FACE ( 'NONE', ( #2535 ), #5968, .T. ) ;
#3752 = AXIS2_PLACEMENT_3D ( 'NONE', #3411, #3476, #2991 ) ;
#3753 = CARTESIAN_POINT ( 'NONE',  ( -9.184564627013504179, 2.950766124203695107, 43.71506348768797778 ) ) ;
#3754 = CARTESIAN_POINT ( 'NONE',  ( -8.234328935641951119, 1.098935981336913947, 93.47078736520148823 ) ) ;
#3755 = LINE ( 'NONE', #311, #6162 ) ;
#3756 = CARTESIAN_POINT ( 'NONE',  ( 2.595112484789658502, 29.16000000000010317, 92.70048708671581039 ) ) ;
#3757 = CARTESIAN_POINT ( 'NONE',  ( 10.12496444124572115, 29.03977725023455747, 99.12419366250985320 ) ) ;
#3758 = DIRECTION ( 'NONE',  ( 0.000000000000000000, 1.885568995626965026E-16, 1.000000000000000000 ) ) ;
#3759 = ORIENTED_EDGE ( 'NONE', *, *, #4195, .T. ) ;
#3760 = PRESENTATION_LAYER_ASSIGNMENT (  '', '', ( #5477 ) ) ;
#3761 = EDGE_CURVE ( 'NONE', #680, #1135, #90, .T. ) ;
#3762 = CARTESIAN_POINT ( 'NONE',  ( 0.5359411806680173251, 24.76061120919363034, 87.24494070237622623 ) ) ;
#3763 = DIRECTION ( 'NONE',  ( 2.582639285611905427E-16, 0.000000000000000000, 1.000000000000000000 ) ) ;
#3764 = CARTESIAN_POINT ( 'NONE',  ( 10.12500000000000000, -3.961305402135091747, 99.15417186458940080 ) ) ;
#3765 = UNCERTAINTY_MEASURE_WITH_UNIT (LENGTH_MEASURE( 1.000000000000000082E-05 ), #5207, 'distance_accuracy_value', 'NONE');
#3766 = CARTESIAN_POINT ( 'NONE',  ( 10.52882189869591656, 3.625091548012055576, 46.47375000129489564 ) ) ;
#3767 = AXIS2_PLACEMENT_3D ( 'NONE', #1248, #4123, #5519 ) ;
#3768 = CARTESIAN_POINT ( 'NONE',  ( -0.2510859807105189079, 23.74752765626987738, 50.73597488571801506 ) ) ;
#3769 = DIRECTION ( 'NONE',  ( -1.000000000000000000, 0.000000000000000000, 0.000000000000000000 ) ) ;
#3770 = CARTESIAN_POINT ( 'NONE',  ( 10.12500000000000000, 28.14749999999999375, 40.84195960390618296 ) ) ;
#3771 =( GEOMETRIC_REPRESENTATION_CONTEXT ( 3 ) GLOBAL_UNCERTAINTY_ASSIGNED_CONTEXT ( ( #1335 ) ) GLOBAL_UNIT_ASSIGNED_CONTEXT ( ( #5682, #2605, #1324 ) ) REPRESENTATION_CONTEXT ( 'NONE', 'WORKASPACE' ) );
#3772 = LINE ( 'NONE', #737, #1428 ) ;
#3773 =( GEOMETRIC_REPRESENTATION_CONTEXT ( 3 ) GLOBAL_UNCERTAINTY_ASSIGNED_CONTEXT ( ( #1563 ) ) GLOBAL_UNIT_ASSIGNED_CONTEXT ( ( #2793, #1777, #3733 ) ) REPRESENTATION_CONTEXT ( 'NONE', 'WORKASPACE' ) );
#3774 = PLANE ( 'NONE',  #5134 ) ;
#3775 = CARTESIAN_POINT ( 'NONE',  ( 7.972334205195840795, -3.037500000000000089, 95.44907427516017151 ) ) ;
#3776 = VECTOR ( 'NONE', #3869, 1000.000000000000000 ) ;
#3777 = VERTEX_POINT ( 'NONE', #2083 ) ;
#3778 = AXIS2_PLACEMENT_3D ( 'NONE', #1342, #3697, #255 ) ;
#3779 = ORIENTED_EDGE ( 'NONE', *, *, #4535, .F. ) ;
#3780 = CARTESIAN_POINT ( 'NONE',  ( 10.16404665332657942, 2.743538920278037363, 90.61875000514906731 ) ) ;
#3781 = VECTOR ( 'NONE', #4723, 1000.000000000000000 ) ;
#3782 = CARTESIAN_POINT ( 'NONE',  ( 9.662779266497464548, 29.16000000000004988, 100.6548863116118611 ) ) ;
#3783 = CARTESIAN_POINT ( 'NONE',  ( 4.276877045862018001, 29.16000000000001435, 38.87738403300551226 ) ) ;
#3784 = VERTEX_POINT ( 'NONE', #1610 ) ;
#3785 = VERTEX_POINT ( 'NONE', #3554 ) ;
#3786 = FILL_AREA_STYLE ('',( #1387 ) ) ;
#3787 = CARTESIAN_POINT ( 'NONE',  ( -8.978629542930269380, 2.589771811220830333, 43.97935842845532051 ) ) ;
#3788 = FILL_AREA_STYLE ('',( #1 ) ) ;
#3789 = SURFACE_STYLE_FILL_AREA ( #1837 ) ;
#3790 = CARTESIAN_POINT ( 'NONE',  ( 0.3365111746360618383, 28.13056844628113851, -0.01693155371881460702 ) ) ;
#3791 = PRESENTATION_STYLE_ASSIGNMENT (( #1902 ) ) ;
#3792 = DIRECTION ( 'NONE',  ( 1.000000000000000000, 0.000000000000000000, 0.000000000000000000 ) ) ;
#3793 = ORIENTED_EDGE ( 'NONE', *, *, #2692, .F. ) ;
#3794 = DIRECTION ( 'NONE',  ( 1.000000000000000000, 0.000000000000000000, 0.000000000000000000 ) ) ;
#3795 = LINE ( 'NONE', #1431, #1267 ) ;
#3796 = ADVANCED_FACE ( 'NONE', ( #3071, #5020 ), #655, .F. ) ;
#3797 = PRESENTATION_STYLE_ASSIGNMENT (( #2331 ) ) ;
#3798 = CARTESIAN_POINT ( 'NONE',  ( 10.97997002584962800, 5.302254918693856567, 46.47374999973034448 ) ) ;
#3799 = ADVANCED_FACE ( 'NONE', ( #5115 ), #4162, .T. ) ;
#3800 = CARTESIAN_POINT ( 'NONE',  ( -2.003555555306576252, 18.68431079093609526, 53.51236253856200875 ) ) ;
#3801 = DIRECTION ( 'NONE',  ( 1.000000000000000000, 0.000000000000000000, 0.000000000000000000 ) ) ;
#3802 = CARTESIAN_POINT ( 'NONE',  ( 10.62500000000000000, 28.73108975675040000, 39.42488802818125748 ) ) ;
#3803 = DIRECTION ( 'NONE',  ( 0.7071067811865515695, 0.000000000000000000, -0.7071067811865435759 ) ) ;
#3804 = B_SPLINE_SURFACE_WITH_KNOTS ( 'NONE', 3, 1, ( 
 ( #5928, #4510 ),
 ( #1601, #6211 ),
 ( #5043, #3764 ),
 ( #1147, #1847 ),
 ( #5224, #648 ),
 ( #4117, #1691 ) ),
 .UNSPECIFIED., .F., .F., .F.,
 ( 4, 2, 4 ),
 ( 2, 2 ),
 ( 0.000000000000000000, 0.5000000000000000000, 1.000000000000000000 ),
 ( 0.000000000000000000, 1.000000000000000000 ),
 .UNSPECIFIED. ) ;
#3805 = ORIENTED_EDGE ( 'NONE', *, *, #1951, .F. ) ;
#3806 = DIRECTION ( 'NONE',  ( 0.000000000000000000, -1.370645709413773283E-15, -1.000000000000000000 ) ) ;
#3807 = ORIENTED_EDGE ( 'NONE', *, *, #1929, .T. ) ;
#3808 = SURFACE_STYLE_USAGE ( .BOTH. , #2834 ) ;
#3809 = CARTESIAN_POINT ( 'NONE',  ( 9.297378561142263464, 1.262570532652466770, 90.61874999413097953 ) ) ;
#3810 = FACE_OUTER_BOUND ( 'NONE', #1596, .T. ) ;
#3811 = VERTEX_POINT ( 'NONE', #2275 ) ;
#3812 = FACE_OUTER_BOUND ( 'NONE', #1758, .T. ) ;
#3813 = CARTESIAN_POINT ( 'NONE',  ( 7.866043189547060166, 29.16000000000003212, 36.85595934221434078 ) ) ;
#3814 = VERTEX_POINT ( 'NONE', #1701 ) ;
#3815 = DIRECTION ( 'NONE',  ( 0.000000000000000000, 0.000000000000000000, -1.000000000000000000 ) ) ;
#3816 = ORIENTED_EDGE ( 'NONE', *, *, #1457, .F. ) ;
#3817 = CARTESIAN_POINT ( 'NONE',  ( 1.492587350518319589, -3.037499999999999645, 46.45599610030295423 ) ) ;
#3818 =( GEOMETRIC_REPRESENTATION_CONTEXT ( 3 ) GLOBAL_UNCERTAINTY_ASSIGNED_CONTEXT ( ( #5637 ) ) GLOBAL_UNIT_ASSIGNED_CONTEXT ( ( #5569, #6022, #3634 ) ) REPRESENTATION_CONTEXT ( 'NONE', 'WORKASPACE' ) );
#3819 = CARTESIAN_POINT ( 'NONE',  ( -9.376469524045392134, 3.206306985308644109, 43.04489490067444990 ) ) ;
#3820 = PLANE ( 'NONE',  #75 ) ;
#3821 = CARTESIAN_POINT ( 'NONE',  ( 0.6742935442334532237, 28.14749999999997954, 3.469749350493081992E-15 ) ) ;
#3822 = ORIENTED_EDGE ( 'NONE', *, *, #529, .F. ) ;
#3823 = VECTOR ( 'NONE', #1846, 1000.000000000000000 ) ;
#3824 = CARTESIAN_POINT ( 'NONE',  ( -1.969887675746019529, 6.032178398241597073, 83.65719250319669698 ) ) ;
#3825 = UNCERTAINTY_MEASURE_WITH_UNIT (LENGTH_MEASURE( 1.000000000000000082E-05 ), #6060, 'distance_accuracy_value', 'NONE');
#3826 = CARTESIAN_POINT ( 'NONE',  ( 3.786783009628323260, -4.049999999999988276, 39.32356321173629254 ) ) ;
#3827 = B_SPLINE_CURVE_WITH_KNOTS ( 'NONE', 3,
 ( #3448, #5419, #1052, #3926, #586, #2584, #2071, #2524, #5865, #2099, #4981, #4481, #5480, #4507, #3573, #3086, #673, #1977, #1505, #5388, #1026, #2964, #110, #1082, #4921, #3029, #5668, #705, #3630, #4113, #1306, #5105, #5630, #5565, #1208, #4598, #4085, #1776, #2698, #4148, #4183, #2132, #6082, #224, #6113, #3252, #6047, #5602, #3598, #802, #2195 ),
 .UNSPECIFIED., .F., .F.,
 ( 4, 2, 2, 1, 1, 1, 1, 2, 2, 2, 2, 1, 1, 1, 1, 2, 2, 2, 2, 2, 1, 1, 1, 2, 2, 2, 2, 1, 1, 2, 2, 4 ),
 ( 0.000000000000000000, 0.1250000000000286160, 0.1875000000000429101, 0.2187500000000500711, 0.2343750000000536515, 0.2421875000000561495, 0.2460937500000573985, 0.2480468750000572875, 0.2500000000000571765, 0.3750000000000414668, 0.4375000000000330291, 0.4687500000000288103, 0.4843750000000267564, 0.4921875000000263678, 0.4960937500000262568, 0.4980468750000261458, 0.5000000000000259792, 0.6250000000000283107, 0.6875000000000290878, 0.7187500000000297540, 0.7343750000000307532, 0.7421875000000317524, 0.7460937500000324185, 0.7480468750000327516, 0.7500000000000330846, 0.8125000000000299760, 0.8437500000000288658, 0.8593750000000285327, 0.8671875000000284217, 0.8710937500000278666, 0.8750000000000273115, 1.000000000000000000 ),
 .UNSPECIFIED. ) ;
#3828 = CARTESIAN_POINT ( 'NONE',  ( -0.4490432550568854708, 23.44827220415988833, 50.97992204142880723 ) ) ;
#3829 = DIRECTION ( 'NONE',  ( 0.000000000000000000, 1.885568995626964780E-16, 1.000000000000000000 ) ) ;
#3830 = VECTOR ( 'NONE', #1569, 1000.000000000000000 ) ;
#3831 = CARTESIAN_POINT ( 'NONE',  ( -5.973749999999999893, 3.133957757986739482E-14, 91.12500000000000000 ) ) ;
#3832 = EDGE_CURVE ( 'NONE', #4834, #3777, #3193, .T. ) ;
#3833 = FILL_AREA_STYLE_COLOUR ( '', #2484 ) ;
#3834 = AXIS2_PLACEMENT_3D ( 'NONE', #5541, #1181, #708 ) ;
#3835 = VERTEX_POINT ( 'NONE', #5550 ) ;
#3836 = SURFACE_STYLE_USAGE ( .BOTH. , #5303 ) ;
#3837 = ORIENTED_EDGE ( 'NONE', *, *, #5884, .T. ) ;
#3838 = CARTESIAN_POINT ( 'NONE',  ( 20.25000000000000000, -3.037499999999999645, 0.000000000000000000 ) ) ;
#3839 = CARTESIAN_POINT ( 'NONE',  ( 9.150241880904097513, 1.056527704272185009, 90.61875000940543146 ) ) ;
#3840 = VECTOR ( 'NONE', #6013, 1000.000000000000000 ) ;
#3841 = VECTOR ( 'NONE', #477, 1000.000000000000000 ) ;
#3842 = EDGE_CURVE ( 'NONE', #5741, #2110, #3166, .T. ) ;
#3843 = AXIS2_PLACEMENT_3D ( 'NONE', #1803, #3758, #5690 ) ;
#3844 = CARTESIAN_POINT ( 'NONE',  ( 1.012499999999456390, 28.14749999999992269, 90.61874999999999147 ) ) ;
#3845 = SURFACE_SIDE_STYLE ('',( #3266 ) ) ;
#3846 = ORIENTED_EDGE ( 'NONE', *, *, #325, .F. ) ;
#3847 = CYLINDRICAL_SURFACE ( 'NONE', #382, 10.12500000000000000 ) ;
#3848 = ORIENTED_EDGE ( 'NONE', *, *, #3076, .F. ) ;
#3849 = CARTESIAN_POINT ( 'NONE',  ( 10.12499980949017164, -3.802688615152860940, 38.63085376301313545 ) ) ;
#3850 = LINE ( 'NONE', #2056, #3039 ) ;
#3851 = CARTESIAN_POINT ( 'NONE',  ( 10.62500000000000000, 28.14749999999999375, 23.69249999999998835 ) ) ;
#3852 = CARTESIAN_POINT ( 'NONE',  ( 6.632369389441524099, 29.16000000000002856, 99.74171187244789394 ) ) ;
#3853 = SURFACE_STYLE_FILL_AREA ( #2751 ) ;
#3854 = VECTOR ( 'NONE', #2003, 1000.000000000000000 ) ;
#3855 = CARTESIAN_POINT ( 'NONE',  ( 10.12500000000000000, -3.963452304990398467, 37.92415867957035402 ) ) ;
#3856 = VERTEX_POINT ( 'NONE', #2246 ) ;
#3857 = SURFACE_STYLE_USAGE ( .BOTH. , #1429 ) ;
#3858 = DIRECTION ( 'NONE',  ( 0.000000000000000000, -1.885568995626964780E-16, -1.000000000000000000 ) ) ;
#3859 = CARTESIAN_POINT ( 'NONE',  ( -1.996964673387848554, 6.331024000769989613, 83.59541479313739387 ) ) ;
#3860 = DIRECTION ( 'NONE',  ( 0.000000000000000000, 0.000000000000000000, -1.000000000000000000 ) ) ;
#3861 =( NAMED_UNIT ( * ) SI_UNIT ( $, .STERADIAN. ) SOLID_ANGLE_UNIT ( ) );
#3862 = CARTESIAN_POINT ( 'NONE',  ( 20.25000000000000000, -3.037499999999999645, 0.000000000000000000 ) ) ;
#3863 = DIRECTION ( 'NONE',  ( 1.000000000000000000, 0.000000000000000000, 0.000000000000000000 ) ) ;
#3864 = LINE ( 'NONE', #2894, #4937 ) ;
#3865 =( GEOMETRIC_REPRESENTATION_CONTEXT ( 3 ) GLOBAL_UNCERTAINTY_ASSIGNED_CONTEXT ( ( #4110 ) ) GLOBAL_UNIT_ASSIGNED_CONTEXT ( ( #5050, #1640, #2709 ) ) REPRESENTATION_CONTEXT ( 'NONE', 'WORKASPACE' ) );
#3866 = VERTEX_POINT ( 'NONE', #4198 ) ;
#3867 = UNCERTAINTY_MEASURE_WITH_UNIT (LENGTH_MEASURE( 1.000000000000000082E-05 ), #4826, 'distance_accuracy_value', 'NONE');
#3868 = VERTEX_POINT ( 'NONE', #3644 ) ;
#3869 = DIRECTION ( 'NONE',  ( 0.000000000000000000, -1.000000000000000000, 0.000000000000000000 ) ) ;
#3870 = CARTESIAN_POINT ( 'NONE',  ( 11.07037555298722964, 5.922238896355382032, 90.61875000001120384 ) ) ;
#3871 = PRESENTATION_LAYER_ASSIGNMENT (  '', '', ( #4070 ) ) ;
#3872 =( LENGTH_UNIT ( ) NAMED_UNIT ( * ) SI_UNIT ( .MILLI., .METRE. ) );
#3873 = EDGE_CURVE ( 'NONE', #2432, #4458, #1756, .T. ) ;
#3874 = VECTOR ( 'NONE', #3803, 1000.000000000000000 ) ;
#3875 = PRESENTATION_STYLE_ASSIGNMENT (( #5279 ) ) ;
#3876 =( LENGTH_UNIT ( ) NAMED_UNIT ( * ) SI_UNIT ( .MILLI., .METRE. ) );
#3877 = ORIENTED_EDGE ( 'NONE', *, *, #5080, .T. ) ;
#3878 = ORIENTED_EDGE ( 'NONE', *, *, #4096, .T. ) ;
#3879 = EDGE_CURVE ( 'NONE', #4908, #2371, #1283, .T. ) ;
#3880 = DIRECTION ( 'NONE',  ( -1.000000000000000000, -0.000000000000000000, 0.000000000000000000 ) ) ;
#3881 = SURFACE_STYLE_USAGE ( .BOTH. , #2846 ) ;
#3882 = CIRCLE ( 'NONE', #1833, 10.12500000000000000 ) ;
#3883 = SURFACE_STYLE_USAGE ( .BOTH. , #1901 ) ;
#3884 = LINE ( 'NONE', #4876, #2001 ) ;
#3885 = ORIENTED_EDGE ( 'NONE', *, *, #1022, .T. ) ;
#3886 =( BOUNDED_CURVE ( )  B_SPLINE_CURVE ( 3, ( #2645, #2262, #6137, #5199 ),
 .UNSPECIFIED., .F., .F. ) 
 B_SPLINE_CURVE_WITH_KNOTS ( ( 4, 4 ),
 ( 3.141592653589795336, 3.916990150200549969 ),
 .UNSPECIFIED. ) 
 CURVE ( )  GEOMETRIC_REPRESENTATION_ITEM ( )  RATIONAL_B_SPLINE_CURVE ( ( 1.000000000000000000, 0.9505210128485650500, 0.9505210128485650500, 1.000000000000000000 ) ) 
 REPRESENTATION_ITEM ( '' )  );
#3887 = CARTESIAN_POINT ( 'NONE',  ( -9.112500000000013145, 11.43500000000000227, 90.61874999999999147 ) ) ;
#3888 =( NAMED_UNIT ( * ) SI_UNIT ( $, .STERADIAN. ) SOLID_ANGLE_UNIT ( ) );
#3889 = LINE ( 'NONE', #6275, #4643 ) ;
#3890 = UNCERTAINTY_MEASURE_WITH_UNIT (LENGTH_MEASURE( 1.000000000000000082E-05 ), #5748, 'distance_accuracy_value', 'NONE');
#3891 = CARTESIAN_POINT ( 'NONE',  ( 9.918654630623773727, -4.049999999999952749, 45.34768593421559046 ) ) ;
#3892 = CARTESIAN_POINT ( 'NONE',  ( 6.865310071664747937, -3.037499999999998757, 94.61867150285770833 ) ) ;
#3893 =( LENGTH_UNIT ( ) NAMED_UNIT ( * ) SI_UNIT ( .MILLI., .METRE. ) );
#3894 = FILL_AREA_STYLE_COLOUR ( '', #5899 ) ;
#3895 = ORIENTED_EDGE ( 'NONE', *, *, #238, .F. ) ;
#3896 =( NAMED_UNIT ( * ) SI_UNIT ( $, .STERADIAN. ) SOLID_ANGLE_UNIT ( ) );
#3897 = CARTESIAN_POINT ( 'NONE',  ( 10.67633700754881509, -4.049999999997529798, 91.26913246777920108 ) ) ;
#3898 = CARTESIAN_POINT ( 'NONE',  ( -10.12500000000003375, 18.02249999999999375, 46.47374999999998835 ) ) ;
#3899 = DIRECTION ( 'NONE',  ( 1.000000000000000000, 0.000000000000000000, 0.000000000000000000 ) ) ;
#3900 = ORIENTED_EDGE ( 'NONE', *, *, #2499, .F. ) ;
#3901 = CARTESIAN_POINT ( 'NONE',  ( 11.07645002354538732, 19.13269589423579120, 46.47374999999998835 ) ) ;
#3902 = ORIENTED_EDGE ( 'NONE', *, *, #1798, .F. ) ;
#3903 = CARTESIAN_POINT ( 'NONE',  ( 5.978409244225710850, -3.037499999999999645, 43.42984260098797478 ) ) ;
#3904 = CARTESIAN_POINT ( 'NONE',  ( 32.92873889984950608, -4.049999999999808864, 90.61874999999999147 ) ) ;
#3905 = EDGE_CURVE ( 'NONE', #259, #4639, #208, .T. ) ;
#3906 = FACE_OUTER_BOUND ( 'NONE', #3584, .T. ) ;
#3907 = EDGE_CURVE ( 'NONE', #5916, #2304, #1158, .T. ) ;
#3908 = PRESENTATION_STYLE_ASSIGNMENT (( #1006 ) ) ;
#3909 = CARTESIAN_POINT ( 'NONE',  ( 3.619549155324806478, 29.16000000000000725, 97.60818275840705383 ) ) ;
#3910 =( NAMED_UNIT ( * ) SI_UNIT ( $, .STERADIAN. ) SOLID_ANGLE_UNIT ( ) );
#3911 = ORIENTED_EDGE ( 'NONE', *, *, #5004, .F. ) ;
#3912 = CARTESIAN_POINT ( 'NONE',  ( 10.12500000000006750, 29.05572273406525241, 38.00641603697958715 ) ) ;
#3913 = LINE ( 'NONE', #1492, #2393 ) ;
#3914 = EDGE_CURVE ( 'NONE', #2371, #5213, #876, .T. ) ;
#3915 = CARTESIAN_POINT ( 'NONE',  ( -1.978468316554636841, 6.116371723952482853, 83.63780938860308822 ) ) ;
#3916 =( NAMED_UNIT ( * ) PLANE_ANGLE_UNIT ( ) SI_UNIT ( $, .RADIAN. ) );
#3917 =( LENGTH_UNIT ( ) NAMED_UNIT ( * ) SI_UNIT ( .MILLI., .METRE. ) );
#3918 = CARTESIAN_POINT ( 'NONE',  ( -2.024999999999999911, 7.087500000000000355, 53.56125000000000114 ) ) ;
#3919 = SURFACE_SIDE_STYLE ('',( #2790 ) ) ;
#3920 = STYLED_ITEM ( 'NONE', ( #5401 ), #2768 ) ;
#3921 = DIRECTION ( 'NONE',  ( 0.000000000000000000, 0.000000000000000000, -1.000000000000000000 ) ) ;
#3922 = CARTESIAN_POINT ( 'NONE',  ( 10.62500000000000000, -4.049999999999950973, 36.39402376808406814 ) ) ;
#3923 = COLOUR_RGB ( '',0.1019607843137254888, 0.1019607843137254888, 0.1019607843137254888 ) ;
#3924 = DIRECTION ( 'NONE',  ( 1.000000000000000000, -4.510281037539689201E-17, 2.636779683484745304E-16 ) ) ;
#3925 = VERTEX_POINT ( 'NONE', #5333 ) ;
#3926 = CARTESIAN_POINT ( 'NONE',  ( 0.2340756806606702489, 0.7101549628650054569, 50.17505905361743146 ) ) ;
#3927 = CARTESIAN_POINT ( 'NONE',  ( 10.76453242201861826, -4.050000000002764722, 91.18554152088104559 ) ) ;
#3928 = VECTOR ( 'NONE', #1923, 1000.000000000000114 ) ;
#3929 = SURFACE_SIDE_STYLE ('',( #3964 ) ) ;
#3930 = ORIENTED_EDGE ( 'NONE', *, *, #4318, .T. ) ;
#3931 = CARTESIAN_POINT ( 'NONE',  ( -9.090948201331366718, 22.68755570374829134, 94.58241191331737241 ) ) ;
#3932 = TOROIDAL_SURFACE ( 'NONE', #5549, 1.012499999999999067, 10.12500000000000000 ) ;
#3933 = ORIENTED_EDGE ( 'NONE', *, *, #1289, .F. ) ;
#3934 = MECHANICAL_DESIGN_GEOMETRIC_PRESENTATION_REPRESENTATION (  '', ( #4134 ), #6057 ) ;
#3935 = CARTESIAN_POINT ( 'NONE',  ( 4.101823489718048776, -3.037500000000000089, 45.43052624778950843 ) ) ;
#3936 = CARTESIAN_POINT ( 'NONE',  ( 10.62500000000000000, 22.07249999999999801, -6.175755471531950543E-15 ) ) ;
#3937 = CIRCLE ( 'NONE', #3017, 10.12500000000000000 ) ;
#3938 =( GEOMETRIC_REPRESENTATION_CONTEXT ( 3 ) GLOBAL_UNCERTAINTY_ASSIGNED_CONTEXT ( ( #6110 ) ) GLOBAL_UNIT_ASSIGNED_CONTEXT ( ( #3097, #4994, #3007 ) ) REPRESENTATION_CONTEXT ( 'NONE', 'WORKASPACE' ) );
#3939 = DIRECTION ( 'NONE',  ( 3.122502256758244142E-17, -1.000000000000000000, 5.011196880269860074E-16 ) ) ;
#3940 = DIRECTION ( 'NONE',  ( 1.000000000000000000, 6.071532165918857963E-15, 0.000000000000000000 ) ) ;
#3941 = CARTESIAN_POINT ( 'NONE',  ( 10.62500000000000000, 28.14749999999999375, 113.4000000000000057 ) ) ;
#3942 = VERTEX_POINT ( 'NONE', #1862 ) ;
#3943 = AXIS2_PLACEMENT_3D ( 'NONE', #807, #1661, #681 ) ;
#3944 = AXIS2_PLACEMENT_3D ( 'NONE', #1319, #2174, #3679 ) ;
#3945 = CARTESIAN_POINT ( 'NONE',  ( -1.298737990841426493, 21.80690720795321980, 84.91822834601323677 ) ) ;
#3946 = CARTESIAN_POINT ( 'NONE',  ( -7.796249999999990798, 21.97124999999999417, 101.4888745617487018 ) ) ;
#3947 = VECTOR ( 'NONE', #166, 1000.000000000000000 ) ;
#3948 = CARTESIAN_POINT ( 'NONE',  ( -1.782597087715622974, 4.885243965707799951, 84.05218659656456737 ) ) ;
#3949 = UNCERTAINTY_MEASURE_WITH_UNIT (LENGTH_MEASURE( 1.000000000000000082E-05 ), #5334, 'distance_accuracy_value', 'NONE');
#3950 = COLOUR_RGB ( '',0.1019607843137254888, 0.1019607843137254888, 0.1019607843137254888 ) ;
#3951 = EDGE_CURVE ( 'NONE', #2638, #5847, #1349, .T. ) ;
#3952 = CARTESIAN_POINT ( 'NONE',  ( 1.931284556262703456, -3.037499999999999645, 90.68378600307609361 ) ) ;
#3953 =( NAMED_UNIT ( * ) SI_UNIT ( $, .STERADIAN. ) SOLID_ANGLE_UNIT ( ) );
#3954 = ADVANCED_FACE ( 'NONE', ( #3812 ), #4313, .T. ) ;
#3955 =( LENGTH_UNIT ( ) NAMED_UNIT ( * ) SI_UNIT ( .MILLI., .METRE. ) );
#3956 = DIRECTION ( 'NONE',  ( -6.938893903907279222E-18, 1.000000000000000000, 0.000000000000000000 ) ) ;
#3957 = SURFACE_SIDE_STYLE ('',( #2609 ) ) ;
#3958 = STYLED_ITEM ( 'NONE', ( #1436 ), #205 ) ;
#3959 =( NAMED_UNIT ( * ) PLANE_ANGLE_UNIT ( ) SI_UNIT ( $, .RADIAN. ) );
#3960 = ORIENTED_EDGE ( 'NONE', *, *, #4970, .F. ) ;
#3961 = DIRECTION ( 'NONE',  ( 0.000000000000000000, 0.000000000000000000, -1.000000000000000000 ) ) ;
#3962 = CARTESIAN_POINT ( 'NONE',  ( 10.29915589869282577, -4.049999999999743139, 91.54316371948071662 ) ) ;
#3963 = CARTESIAN_POINT ( 'NONE',  ( 1.012499999999961542, -3.037499999999999645, 113.4000000000000057 ) ) ;
#3964 = SURFACE_STYLE_FILL_AREA ( #5835 ) ;
#3965 = LINE ( 'NONE', #5836, #1603 ) ;
#3966 = ORIENTED_EDGE ( 'NONE', *, *, #3713, .T. ) ;
#3967 =( GEOMETRIC_REPRESENTATION_CONTEXT ( 3 ) GLOBAL_UNCERTAINTY_ASSIGNED_CONTEXT ( ( #222 ) ) GLOBAL_UNIT_ASSIGNED_CONTEXT ( ( #2907, #4869, #536 ) ) REPRESENTATION_CONTEXT ( 'NONE', 'WORKASPACE' ) );
#3968 = ORIENTED_EDGE ( 'NONE', *, *, #2963, .F. ) ;
#3969 = CARTESIAN_POINT ( 'NONE',  ( 4.027207723913649673, 28.14749999999999730, 45.48563454545530504 ) ) ;
#3970 = LINE ( 'NONE', #1064, #3409 ) ;
#3971 = SURFACE_STYLE_FILL_AREA ( #2501 ) ;
#3972 = ORIENTED_EDGE ( 'NONE', *, *, #2073, .T. ) ;
#3973 = COLOUR_RGB ( '',0.1019607843137254888, 0.1019607843137254888, 0.1019607843137254888 ) ;
#3974 = PRESENTATION_LAYER_ASSIGNMENT (  '', '', ( #1325 ) ) ;
#3975 = CARTESIAN_POINT ( 'NONE',  ( 10.12500000000000000, 28.14749999999999375, 40.84195960390618296 ) ) ;
#3976 = AXIS2_PLACEMENT_3D ( 'NONE', #1556, #2982, #2511 ) ;
#3977 = SURFACE_STYLE_USAGE ( .BOTH. , #3527 ) ;
#3978 = MECHANICAL_DESIGN_GEOMETRIC_PRESENTATION_REPRESENTATION (  '', ( #1120 ), #2359 ) ;
#3979 =( NAMED_UNIT ( * ) SI_UNIT ( $, .STERADIAN. ) SOLID_ANGLE_UNIT ( ) );
#3980 = LINE ( 'NONE', #4499, #3263 ) ;
#3981 = CARTESIAN_POINT ( 'NONE',  ( 10.12499356348874180, -3.748527486954910781, 98.23083913823974456 ) ) ;
#3982 = VERTEX_POINT ( 'NONE', #2416 ) ;
#3983 = DIRECTION ( 'NONE',  ( -0.000000000000000000, -1.885568995626965026E-16, -1.000000000000000000 ) ) ;
#3984 = LINE ( 'NONE', #1074, #5178 ) ;
#3985 = SURFACE_STYLE_USAGE ( .BOTH. , #3534 ) ;
#3986 = EDGE_CURVE ( 'NONE', #3611, #3785, #5990, .T. ) ;
#3987 = ADVANCED_FACE ( 'NONE', ( #1358 ), #942, .F. ) ;
#3988 = CARTESIAN_POINT ( 'NONE',  ( 10.62500000000000000, 29.16000000000003922, 36.39402376808405393 ) ) ;
#3989 = CARTESIAN_POINT ( 'NONE',  ( 1.305070731027563991, -3.037499989989273619, 46.47375002066932836 ) ) ;
#3990 = EDGE_CURVE ( 'NONE', #4329, #1652, #4516, .T. ) ;
#3991 = UNCERTAINTY_MEASURE_WITH_UNIT (LENGTH_MEASURE( 1.000000000000000082E-05 ), #1018, 'distance_accuracy_value', 'NONE');
#3992 = CARTESIAN_POINT ( 'NONE',  ( -5.973749999999999893, 23.08500000000000085, 137.0924999999999727 ) ) ;
#3993 = ORIENTED_EDGE ( 'NONE', *, *, #6151, .F. ) ;
#3994 = CARTESIAN_POINT ( 'NONE',  ( 10.70601442737409670, 4.140718317848499197, 90.61875000258889656 ) ) ;
#3995 = LINE ( 'NONE', #1690, #5737 ) ;
#3996 =( LENGTH_UNIT ( ) NAMED_UNIT ( * ) SI_UNIT ( .MILLI., .METRE. ) );
#3997 = VERTEX_POINT ( 'NONE', #4464 ) ;
#3998 = CARTESIAN_POINT ( 'NONE',  ( -9.432692025035741779, 21.75510045465398434, 94.07423311000600563 ) ) ;
#3999 = ORIENTED_EDGE ( 'NONE', *, *, #2960, .F. ) ;
#4000 = CARTESIAN_POINT ( 'NONE',  ( 5.344294876816933382, 28.14749999999999375, 44.19605601179491572 ) ) ;
#4001 = FILL_AREA_STYLE_COLOUR ( '', #1315 ) ;
#4002 = PLANE ( 'NONE',  #4850 ) ;
#4003 = LINE ( 'NONE', #5431, #2701 ) ;
#4004 = DIRECTION ( 'NONE',  ( 1.000000000000000000, 0.000000000000000000, 0.000000000000000000 ) ) ;
#4005 = CARTESIAN_POINT ( 'NONE',  ( 3.246079154730851624, 27.91284361521998747, 46.47374989866648320 ) ) ;
#4006 = VERTEX_POINT ( 'NONE', #3941 ) ;
#4007 = CARTESIAN_POINT ( 'NONE',  ( 10.12495740338698980, 28.77260270595295921, 39.18668951750785823 ) ) ;
#4008 = DIRECTION ( 'NONE',  ( -0.000000000000000000, -0.000000000000000000, -1.000000000000000000 ) ) ;
#4009 = CARTESIAN_POINT ( 'NONE',  ( -1.149195758946600421, 2.968271981916164037, 85.14573309282705793 ) ) ;
#4010 = UNCERTAINTY_MEASURE_WITH_UNIT (LENGTH_MEASURE( 1.000000000000000082E-05 ), #366, 'distance_accuracy_value', 'NONE');
#4011 = PLANE ( 'NONE',  #3976 ) ;
#4012 = CARTESIAN_POINT ( 'NONE',  ( 5.415263989499585762, -3.037499999999999201, 90.61875000000003411 ) ) ;
#4013 = ORIENTED_EDGE ( 'NONE', *, *, #1841, .T. ) ;
#4014 = VECTOR ( 'NONE', #707, 1000.000000000000000 ) ;
#4015 = CARTESIAN_POINT ( 'NONE',  ( -7.578847391416589474, 0.000000000000000000, 90.61874999999999147 ) ) ;
#4016 = DIRECTION ( 'NONE',  ( 0.000000000000000000, 0.000000000000000000, -1.000000000000000000 ) ) ;
#4017 =( GEOMETRIC_REPRESENTATION_CONTEXT ( 3 ) GLOBAL_UNCERTAINTY_ASSIGNED_CONTEXT ( ( #2832 ) ) GLOBAL_UNIT_ASSIGNED_CONTEXT ( ( #990, #3347, #1374 ) ) REPRESENTATION_CONTEXT ( 'NONE', 'WORKASPACE' ) );
#4018 = CARTESIAN_POINT ( 'NONE',  ( 10.62500000000000000, 28.14749999999999019, 96.25054039609378265 ) ) ;
#4019 = ADVANCED_FACE ( 'NONE', ( #5402 ), #4037, .T. ) ;
#4020 = FILL_AREA_STYLE_COLOUR ( '', #2014 ) ;
#4021 = MECHANICAL_DESIGN_GEOMETRIC_PRESENTATION_REPRESENTATION (  '', ( #5744 ), #2993 ) ;
#4022 = CARTESIAN_POINT ( 'NONE',  ( 20.25000000000000000, 28.14749999999999375, 90.61874999999999147 ) ) ;
#4023 =( LENGTH_UNIT ( ) NAMED_UNIT ( * ) SI_UNIT ( .MILLI., .METRE. ) );
#4024 = FACE_OUTER_BOUND ( 'NONE', #5720, .T. ) ;
#4025 = VECTOR ( 'NONE', #6128, 1000.000000000000000 ) ;
#4026 = SURFACE_STYLE_FILL_AREA ( #4986 ) ;
#4027 = VERTEX_POINT ( 'NONE', #3582 ) ;
#4028 = CARTESIAN_POINT ( 'NONE',  ( -9.311328099905789912, 22.16131885002776158, 94.46471806722541942 ) ) ;
#4029 = EDGE_LOOP ( 'NONE', ( #1001, #4571, #3329, #5962, #1032 ) ) ;
#4030 = CARTESIAN_POINT ( 'NONE',  ( 3.439170892271242952, 28.14749999999999375, 45.84456776318700122 ) ) ;
#4031 = DIRECTION ( 'NONE',  ( -6.071532165918858751E-15, 1.000000000000000000, 0.000000000000000000 ) ) ;
#4032 = VECTOR ( 'NONE', #4490, 1000.000000000000114 ) ;
#4033 = ADVANCED_FACE ( 'NONE', ( #5522 ), #2708, .T. ) ;
#4034 = DIRECTION ( 'NONE',  ( 1.000000000000000000, 3.922054542492255428E-16, -7.395304444481290019E-32 ) ) ;
#4035 = CARTESIAN_POINT ( 'NONE',  ( -40.50000000000000000, 3.638750000000151807, 26.73000000000000043 ) ) ;
#4036 = STYLED_ITEM ( 'NONE', ( #3797 ), #3243 ) ;
#4037 = PLANE ( 'NONE',  #4264 ) ;
#4038 = ORIENTED_EDGE ( 'NONE', *, *, #285, .T. ) ;
#4039 = CARTESIAN_POINT ( 'NONE',  ( 6.712246415325965998, 26.41341458229311456, 46.47374993541453136 ) ) ;
#4040 = EDGE_LOOP ( 'NONE', ( #3053, #880, #3848, #2116 ) ) ;
#4041 = CARTESIAN_POINT ( 'NONE',  ( 10.12497720003363177, 28.81367639585080909, 39.03874511254111468 ) ) ;
#4042 = CARTESIAN_POINT ( 'NONE',  ( -0.2131159845045034196, 1.307555387728895235, 86.40220815258726361 ) ) ;
#4043 = COLOUR_RGB ( '',0.1019607843137254888, 0.1019607843137254888, 0.1019607843137254888 ) ;
#4044 = ORIENTED_EDGE ( 'NONE', *, *, #2851, .F. ) ;
#4045 = DIRECTION ( 'NONE',  ( -1.000000000000000000, -6.071532165918857963E-15, 1.144829280800842736E-30 ) ) ;
#4046 = DIRECTION ( 'NONE',  ( 0.000000000000000000, 0.7071067811865461294, 0.7071067811865490160 ) ) ;
#4047 = SURFACE_STYLE_FILL_AREA ( #4503 ) ;
#4048 = MECHANICAL_DESIGN_GEOMETRIC_PRESENTATION_REPRESENTATION (  '', ( #1699 ), #1087 ) ;
#4049 = CARTESIAN_POINT ( 'NONE',  ( -5.973749999999990123, 21.97125000000000128, 35.19250000000000256 ) ) ;
#4050 = CARTESIAN_POINT ( 'NONE',  ( -5.973749999999999893, 2.024999999999999911, 110.3624999999999829 ) ) ;
#4051 = FILL_AREA_STYLE ('',( #5953 ) ) ;
#4052 = DIRECTION ( 'NONE',  ( -0.000000000000000000, -0.000000000000000000, -1.000000000000000000 ) ) ;
#4053 = FILL_AREA_STYLE_COLOUR ( '', #3499 ) ;
#4054 = PRESENTATION_LAYER_ASSIGNMENT (  '', '', ( #2721 ) ) ;
#4055 =( LENGTH_UNIT ( ) NAMED_UNIT ( * ) SI_UNIT ( .MILLI., .METRE. ) );
#4056 = CARTESIAN_POINT ( 'NONE',  ( -7.578847391416594803, 0.000000000000000000, 26.69249999999999901 ) ) ;
#4057 = VERTEX_POINT ( 'NONE', #2024 ) ;
#4058 = CARTESIAN_POINT ( 'NONE',  ( -8.463801251642813384, 23.36253883628467420, 92.75051866192733030 ) ) ;
#4059 = VERTEX_POINT ( 'NONE', #4995 ) ;
#4060 = DIRECTION ( 'NONE',  ( 0.000000000000000000, 0.000000000000000000, 1.000000000000000000 ) ) ;
#4061 = PLANE ( 'NONE',  #1716 ) ;
#4062 = EDGE_CURVE ( 'NONE', #5574, #3189, #2566, .T. ) ;
#4063 = MECHANICAL_DESIGN_GEOMETRIC_PRESENTATION_REPRESENTATION (  '', ( #5684 ), #4169 ) ;
#4064 = DIRECTION ( 'NONE',  ( -1.000000000000000000, 3.212450881438532241E-16, 0.000000000000000000 ) ) ;
#4065 = PRESENTATION_STYLE_ASSIGNMENT (( #5969 ) ) ;
#4066 = EDGE_CURVE ( 'NONE', #2250, #3982, #1155, .T. ) ;
#4067 = CARTESIAN_POINT ( 'NONE',  ( 5.523511352503523320, 29.15999999999979764, 44.48892317167875632 ) ) ;
#4068 = VERTEX_POINT ( 'NONE', #234 ) ;
#4069 =( GEOMETRIC_REPRESENTATION_CONTEXT ( 3 ) GLOBAL_UNCERTAINTY_ASSIGNED_CONTEXT ( ( #2981 ) ) GLOBAL_UNIT_ASSIGNED_CONTEXT ( ( #177, #4575, #2112 ) ) REPRESENTATION_CONTEXT ( 'NONE', 'WORKASPACE' ) );
#4070 = STYLED_ITEM ( 'NONE', ( #4444 ), #679 ) ;
#4071 = CARTESIAN_POINT ( 'NONE',  ( 1.012499999999967315, 28.14749999999999375, 90.61874999999999147 ) ) ;
#4072 = LINE ( 'NONE', #4969, #3717 ) ;
#4073 = SURFACE_STYLE_FILL_AREA ( #2571 ) ;
#4074 = AXIS2_PLACEMENT_3D ( 'NONE', #2893, #5800, #1471 ) ;
#4075 = DIRECTION ( 'NONE',  ( 1.000000000000000000, 0.000000000000000000, 0.000000000000000000 ) ) ;
#4076 = ORIENTED_EDGE ( 'NONE', *, *, #3084, .T. ) ;
#4077 = CARTESIAN_POINT ( 'NONE',  ( -5.973749999999985683, 22.64999999973042577, 93.52500000006155290 ) ) ;
#4078 = COLOUR_RGB ( '',0.1019607843137254888, 0.1019607843137254888, 0.1019607843137254888 ) ;
#4079 = SURFACE_SIDE_STYLE ('',( #2988 ) ) ;
#4080 = VECTOR ( 'NONE', #5379, 1000.000000000000000 ) ;
#4081 = DIRECTION ( 'NONE',  ( 0.000000000000000000, 1.267249292515524055E-16, 1.000000000000000000 ) ) ;
#4082 = CARTESIAN_POINT ( 'NONE',  ( 6.904859113988310426, -4.050000000000176570, 44.61211079158206871 ) ) ;
#4083 = SURFACE_STYLE_USAGE ( .BOTH. , #1685 ) ;
#4084 =( NAMED_UNIT ( * ) PLANE_ANGLE_UNIT ( ) SI_UNIT ( $, .RADIAN. ) );
#4085 = CARTESIAN_POINT ( 'NONE',  ( -1.778320367193308105, 4.866141268587808710, 53.03180524531714468 ) ) ;
#4086 = CARTESIAN_POINT ( 'NONE',  ( -0.1250000000000313360, 22.58499999999999730, 110.3999999999999915 ) ) ;
#4087 = DIRECTION ( 'NONE',  ( -0.000000000000000000, 1.000000000000000000, -0.000000000000000000 ) ) ;
#4088 = ORIENTED_EDGE ( 'NONE', *, *, #3873, .T. ) ;
#4089 = ORIENTED_EDGE ( 'NONE', *, *, #3445, .F. ) ;
#4090 = CARTESIAN_POINT ( 'NONE',  ( 9.216660257966594827, 28.14749999999998664, 41.05023908400859511 ) ) ;
#4091 = FILL_AREA_STYLE ('',( #1728 ) ) ;
#4092 = CARTESIAN_POINT ( 'NONE',  ( 5.762458947216225980, -4.049999999999979394, 37.78257329955151533 ) ) ;
#4093 = DIRECTION ( 'NONE',  ( -0.000000000000000000, -0.7071067811865480168, -0.7071067811865470176 ) ) ;
#4094 = CARTESIAN_POINT ( 'NONE',  ( 6.497110340785292593, 29.16000000000002501, 44.56788078392305152 ) ) ;
#4095 = EDGE_LOOP ( 'NONE', ( #5523, #4121, #2409, #1098 ) ) ;
#4096 = EDGE_CURVE ( 'NONE', #2968, #4639, #6062, .T. ) ;
#4097 = ADVANCED_FACE ( 'NONE', ( #5055, #2713 ), #280, .T. ) ;
#4098 = EDGE_CURVE ( 'NONE', #5048, #4458, #2538, .T. ) ;
#4099 = DIRECTION ( 'NONE',  ( 4.905219748903754489E-12, 0.000000000000000000, -1.000000000000000000 ) ) ;
#4100 = CARTESIAN_POINT ( 'NONE',  ( -5.973749999999999893, 1.292486837664946873E-14, 137.0924999999999727 ) ) ;
#4101 = CARTESIAN_POINT ( 'NONE',  ( 8.424428059070741881, 29.16000000000003567, 92.22988317856587059 ) ) ;
#4102 = CARTESIAN_POINT ( 'NONE',  ( 10.12497720003361579, -3.703676395850773684, 98.05375488745904988 ) ) ;
#4103 = ORIENTED_EDGE ( 'NONE', *, *, #5567, .T. ) ;
#4104 =( LENGTH_UNIT ( ) NAMED_UNIT ( * ) SI_UNIT ( .MILLI., .METRE. ) );
#4105 = ADVANCED_FACE ( 'NONE', ( #718 ), #4706, .F. ) ;
#4106 = DIRECTION ( 'NONE',  ( -0.000000000000000000, -0.7071067811865490160, -0.7071067811865461294 ) ) ;
#4107 = SURFACE_SIDE_STYLE ('',( #5599 ) ) ;
#4108 = MECHANICAL_DESIGN_GEOMETRIC_PRESENTATION_REPRESENTATION (  '', ( #3296 ), #2277 ) ;
#4109 = CARTESIAN_POINT ( 'NONE',  ( 2.375961753400943621, -4.049999999999998046, 40.86062453538075090 ) ) ;
#4110 = UNCERTAINTY_MEASURE_WITH_UNIT (LENGTH_MEASURE( 1.000000000000000082E-05 ), #5050, 'distance_accuracy_value', 'NONE');
#4111 = FILL_AREA_STYLE_COLOUR ( '', #1607 ) ;
#4112 = DIRECTION ( 'NONE',  ( -1.000000000000000000, 3.212450881438532241E-16, 0.000000000000000000 ) ) ;
#4113 = CARTESIAN_POINT ( 'NONE',  ( -1.689668441174476454, 4.501356167779676731, 52.85908618414278948 ) ) ;
#4114 = FILL_AREA_STYLE_COLOUR ( '', #6092 ) ;
#4115 = VECTOR ( 'NONE', #431, 1000.000000000000000 ) ;
#4116 = DIRECTION ( 'NONE',  ( 1.000000000000000000, 2.655626061989186179E-15, 0.000000000000000000 ) ) ;
#4117 = CARTESIAN_POINT ( 'NONE',  ( 10.62500000000000000, -3.037499999999999645, 96.25054039609395318 ) ) ;
#4118 = VECTOR ( 'NONE', #4322, 1000.000000000000000 ) ;
#4119 = VERTEX_POINT ( 'NONE', #1757 ) ;
#4120 = FACE_OUTER_BOUND ( 'NONE', #4095, .T. ) ;
#4121 = ORIENTED_EDGE ( 'NONE', *, *, #3524, .F. ) ;
#4122 =( LENGTH_UNIT ( ) NAMED_UNIT ( * ) SI_UNIT ( .MILLI., .METRE. ) );
#4123 = DIRECTION ( 'NONE',  ( -0.000000000000000000, 1.000000000000000000, 0.000000000000000000 ) ) ;
#4124 = MECHANICAL_DESIGN_GEOMETRIC_PRESENTATION_REPRESENTATION (  '', ( #5140 ), #364 ) ;
#4125 = CARTESIAN_POINT ( 'NONE',  ( -5.973749999999999893, 25.10999999999999588, 91.12500000000000000 ) ) ;
#4126 = DIRECTION ( 'NONE',  ( -1.000000000000000000, 0.000000000000000000, 0.000000000000000000 ) ) ;
#4127 = CARTESIAN_POINT ( 'NONE',  ( 8.099999999999999645, 28.14749999999999375, 46.47375000000000256 ) ) ;
#4128 = ORIENTED_EDGE ( 'NONE', *, *, #3705, .F. ) ;
#4129 = B_SPLINE_CURVE_WITH_KNOTS ( 'NONE', 3,
 ( #1928, #5284, #2875, #5250, #4811, #2411, #535, #1511, #881, #3849, #5841, #4868, #6298, #2353, #4371, #505 ),
 .UNSPECIFIED., .F., .F.,
 ( 4, 2, 2, 1, 1, 1, 1, 2, 2, 4 ),
 ( 0.000000000000000000, 0.2499999999999031886, 0.3749999999998547828, 0.4374999999998305800, 0.4687499999998208655, 0.4843749999998160360, 0.4921874999998135380, 0.4960937499998147593, 0.4999999999998160360, 1.000000000000000000 ),
 .UNSPECIFIED. ) ;
#4130 = CARTESIAN_POINT ( 'NONE',  ( 10.88750242027092341, 20.26976826869845638, 46.47374999916813465 ) ) ;
#4131 = EDGE_LOOP ( 'NONE', ( #2523, #6088, #5531, #2772 ) ) ;
#4132 = VECTOR ( 'NONE', #3424, 1000.000000000000000 ) ;
#4133 = CARTESIAN_POINT ( 'NONE',  ( 10.12500000000000000, 28.14749999999999375, 96.25054039609376844 ) ) ;
#4134 = STYLED_ITEM ( 'NONE', ( #949 ), #3318 ) ;
#4135 = CARTESIAN_POINT ( 'NONE',  ( -8.418768361078514673, 1.246618576588258920, 94.07762286350596526 ) ) ;
#4136 = CARTESIAN_POINT ( 'NONE',  ( 1.367625313886331906, 29.16000000000000014, 95.15438345176455925 ) ) ;
#4137 = SURFACE_STYLE_FILL_AREA ( #1842 ) ;
#4138 = ORIENTED_EDGE ( 'NONE', *, *, #5849, .T. ) ;
#4139 = MECHANICAL_DESIGN_GEOMETRIC_PRESENTATION_REPRESENTATION (  '', ( #2700 ), #2506 ) ;
#4140 =( GEOMETRIC_REPRESENTATION_CONTEXT ( 3 ) GLOBAL_UNCERTAINTY_ASSIGNED_CONTEXT ( ( #1399 ) ) GLOBAL_UNIT_ASSIGNED_CONTEXT ( ( #3272, #3652, #1671 ) ) REPRESENTATION_CONTEXT ( 'NONE', 'WORKASPACE' ) );
#4141 = CARTESIAN_POINT ( 'NONE',  ( -5.973749999999990123, 22.19517506373316706, 101.8999999999999915 ) ) ;
#4142 = ADVANCED_FACE ( 'NONE', ( #3711 ), #1788, .T. ) ;
#4143 = MECHANICAL_DESIGN_GEOMETRIC_PRESENTATION_REPRESENTATION (  '', ( #1290 ), #5664 ) ;
#4144 = CARTESIAN_POINT ( 'NONE',  ( 5.523511352505121152, -4.049999999999931433, 44.48892317167953792 ) ) ;
#4145 = EDGE_CURVE ( 'NONE', #5426, #1406, #561, .T. ) ;
#4146 = SURFACE_STYLE_USAGE ( .BOTH. , #704 ) ;
#4147 = CARTESIAN_POINT ( 'NONE',  ( -9.189316093913593164, 22.49441823246437266, 41.94924052622570798 ) ) ;
#4148 = CARTESIAN_POINT ( 'NONE',  ( -1.856931851563909053, 5.241603975622262546, 53.19109130347456471 ) ) ;
#4149 = CARTESIAN_POINT ( 'NONE',  ( 1.012499999999978639, 4.556250000000059863, 54.06749999999999545 ) ) ;
#4150 = AXIS2_PLACEMENT_3D ( 'NONE', #4300, #1856, #3806 ) ;
#4151 = MECHANICAL_DESIGN_GEOMETRIC_PRESENTATION_REPRESENTATION (  '', ( #5274 ), #1400 ) ;
#4152 = CARTESIAN_POINT ( 'NONE',  ( -9.112499999999975842, -3.356902052527122737E-14, 90.61874999999999147 ) ) ;
#4153 = FILL_AREA_STYLE ('',( #256 ) ) ;
#4154 = CARTESIAN_POINT ( 'NONE',  ( -5.973749999999989235, 23.31143732514220090, 35.23276545776507618 ) ) ;
#4155 = EDGE_LOOP ( 'NONE', ( #3807, #435, #145, #5959, #740 ) ) ;
#4156 = SURFACE_SIDE_STYLE ('',( #3188 ) ) ;
#4157 = ORIENTED_EDGE ( 'NONE', *, *, #603, .T. ) ;
#4158 = FILL_AREA_STYLE ('',( #2207 ) ) ;
#4159 = CARTESIAN_POINT ( 'NONE',  ( 1.675682038094306714, -4.049999999999998046, 92.70786749693287732 ) ) ;
#4160 = CARTESIAN_POINT ( 'NONE',  ( 0.000000000000000000, 79.58249999999999602, 79.58249999999999602 ) ) ;
#4161 = FACE_OUTER_BOUND ( 'NONE', #4155, .T. ) ;
#4162 = PLANE ( 'NONE',  #2515 ) ;
#4163 = DIRECTION ( 'NONE',  ( 0.000000000000000000, 0.000000000000000000, -1.000000000000000000 ) ) ;
#4164 = ORIENTED_EDGE ( 'NONE', *, *, #794, .F. ) ;
#4165 = AXIS2_PLACEMENT_3D ( 'NONE', #5473, #5982, #2640 ) ;
#4166 = CARTESIAN_POINT ( 'NONE',  ( 11.05289438370288480, 29.16000000000004988, 46.32412789394862074 ) ) ;
#4167 = ORIENTED_EDGE ( 'NONE', *, *, #4686, .F. ) ;
#4168 = LINE ( 'NONE', #2218, #653 ) ;
#4169 =( GEOMETRIC_REPRESENTATION_CONTEXT ( 3 ) GLOBAL_UNCERTAINTY_ASSIGNED_CONTEXT ( ( #5071 ) ) GLOBAL_UNIT_ASSIGNED_CONTEXT ( ( #245, #2412, #1711 ) ) REPRESENTATION_CONTEXT ( 'NONE', 'WORKASPACE' ) );
#4170 = DIRECTION ( 'NONE',  ( -2.636779683484745304E-16, 3.125627884642895048E-16, -1.000000000000000000 ) ) ;
#4171 = LINE ( 'NONE', #276, #2803 ) ;
#4172 = CARTESIAN_POINT ( 'NONE',  ( 5.624831523286376367, 27.04345717280139638, 90.61875005199448196 ) ) ;
#4173 = ORIENTED_EDGE ( 'NONE', *, *, #4188, .F. ) ;
#4174 = VECTOR ( 'NONE', #4508, 1000.000000000000000 ) ;
#4175 = CARTESIAN_POINT ( 'NONE',  ( -9.500884217310936464, 21.64320838658070656, 42.67783388836320313 ) ) ;
#4176 = PRESENTATION_STYLE_ASSIGNMENT (( #6077 ) ) ;
#4177 = VECTOR ( 'NONE', #1767, 1000.000000000000000 ) ;
#4178 = CARTESIAN_POINT ( 'NONE',  ( 1.529408302791434027, -4.050000000000002487, 41.81361773501195245 ) ) ;
#4179 = UNCERTAINTY_MEASURE_WITH_UNIT (LENGTH_MEASURE( 1.000000000000000082E-05 ), #111, 'distance_accuracy_value', 'NONE');
#4180 =( LENGTH_UNIT ( ) NAMED_UNIT ( * ) SI_UNIT ( .MILLI., .METRE. ) );
#4181 = CARTESIAN_POINT ( 'NONE',  ( -5.973749999999999893, 23.08500000000000085, 102.2625000000000028 ) ) ;
#4182 = CIRCLE ( 'NONE', #4998, 10.12500000000000000 ) ;
#4183 = CARTESIAN_POINT ( 'NONE',  ( -1.901678073899043753, 5.509688422887700554, 53.28593928304538707 ) ) ;
#4184 = FILL_AREA_STYLE ('',( #1273 ) ) ;
#4185 = ADVANCED_FACE ( 'NONE', ( #4271 ), #6227, .T. ) ;
#4186 = PRESENTATION_LAYER_ASSIGNMENT (  '', '', ( #2452 ) ) ;
#4187 = ADVANCED_FACE ( 'NONE', ( #4335 ), #4540, .T. ) ;
#4188 = EDGE_CURVE ( 'NONE', #5574, #6147, #3452, .T. ) ;
#4189 = VECTOR ( 'NONE', #5944, 1000.000000000000114 ) ;
#4190 = ORIENTED_EDGE ( 'NONE', *, *, #905, .T. ) ;
#4191 = UNCERTAINTY_MEASURE_WITH_UNIT (LENGTH_MEASURE( 1.000000000000000082E-05 ), #5041, 'distance_accuracy_value', 'NONE');
#4192 = CARTESIAN_POINT ( 'NONE',  ( 10.12500000000000000, 29.16000000000004988, 100.6984762319159188 ) ) ;
#4193 = ORIENTED_EDGE ( 'NONE', *, *, #4498, .T. ) ;
#4194 = PRESENTATION_STYLE_ASSIGNMENT (( #3580 ) ) ;
#4195 = EDGE_CURVE ( 'NONE', #5525, #108, #3965, .T. ) ;
#4196 = DIRECTION ( 'NONE',  ( 0.000000000000000000, -0.7071067811865470176, 0.7071067811865480168 ) ) ;
#4197 = CARTESIAN_POINT ( 'NONE',  ( 0.000000000000000000, 0.000000000000000000, 23.69249999999999901 ) ) ;
#4198 = CARTESIAN_POINT ( 'NONE',  ( -5.973749999999999893, 23.08500000000000085, 110.3999999999999915 ) ) ;
#4199 = CARTESIAN_POINT ( 'NONE',  ( 5.415263989499595532, 28.14749999999999375, 46.47374999999986045 ) ) ;
#4200 = EDGE_LOOP ( 'NONE', ( #683, #1843, #3125, #1448 ) ) ;
#4201 = CARTESIAN_POINT ( 'NONE',  ( 9.043877225992252633, 29.15999999999962355, 45.02401395613211577 ) ) ;
#4202 = ORIENTED_EDGE ( 'NONE', *, *, #3076, .T. ) ;
#4203 = CARTESIAN_POINT ( 'NONE',  ( -7.796249999999988134, 19.34699805506970804, 35.28304516520078238 ) ) ;
#4204 = B_SPLINE_CURVE_WITH_KNOTS ( 'NONE', 3,
 ( #4141, #2191, #6041, #6074 ),
 .UNSPECIFIED., .F., .F.,
 ( 4, 4 ),
 ( 0.000000000000000000, 0.0003898900031867529948 ),
 .UNSPECIFIED. ) ;
#4205 = CARTESIAN_POINT ( 'NONE',  ( 0.000000000000000000, -2.986747800704527389, 137.1432521992954605 ) ) ;
#4206 = CARTESIAN_POINT ( 'NONE',  ( -8.672091609960130398, 1.611277972407723746, 94.46460893955163840 ) ) ;
#4207 = CARTESIAN_POINT ( 'NONE',  ( 2.993629074585059335, 29.15999999999995396, 92.69453586646017129 ) ) ;
#4208 =( LENGTH_UNIT ( ) NAMED_UNIT ( * ) SI_UNIT ( .MILLI., .METRE. ) );
#4209 = CARTESIAN_POINT ( 'NONE',  ( -0.1250000000000365263, 3.638750000000138929, 26.69249999999999901 ) ) ;
#4210 = EDGE_LOOP ( 'NONE', ( #2408 ) ) ;
#4211 = B_SPLINE_CURVE_WITH_KNOTS ( 'NONE', 3,
 ( #530, #5450, #4923, #2934, #3544, #5422, #2558, #2436, #5901, #1544, #3483, #4428, #1085, #3451, #1508, #2465 ),
 .UNSPECIFIED., .F., .F.,
 ( 4, 2, 2, 2, 2, 2, 2, 4 ),
 ( 0.000000000000000000, 0.0005065887738145004142, 0.001013177547629000828, 0.001519766321443501026, 0.002026355095258001657, 0.002532943869072502071, 0.003039532642887002051, 0.004052710190516011120 ),
 .UNSPECIFIED. ) ;
#4212 = CARTESIAN_POINT ( 'NONE',  ( -8.698486529364494402, 23.09711417003320477, 43.97886819067601039 ) ) ;
#4213 =( LENGTH_UNIT ( ) NAMED_UNIT ( * ) SI_UNIT ( .MILLI., .METRE. ) );
#4214 = UNCERTAINTY_MEASURE_WITH_UNIT (LENGTH_MEASURE( 1.000000000000000082E-05 ), #2008, 'distance_accuracy_value', 'NONE');
#4215 = CARTESIAN_POINT ( 'NONE',  ( 9.297378561141018238, 1.262570532650769017, 46.47375000586891503 ) ) ;
#4216 = CARTESIAN_POINT ( 'NONE',  ( -1.177672308293438830, 22.07731914175976584, 51.99029923088937721 ) ) ;
#4217 = CARTESIAN_POINT ( 'NONE',  ( -5.973749999999999893, 23.08500000000000085, 102.2625000000000028 ) ) ;
#4218 = FILL_AREA_STYLE_COLOUR ( '', #419 ) ;
#4219 =( NAMED_UNIT ( * ) SI_UNIT ( $, .STERADIAN. ) SOLID_ANGLE_UNIT ( ) );
#4220 = EDGE_CURVE ( 'NONE', #5922, #1473, #694, .T. ) ;
#4221 = CARTESIAN_POINT ( 'NONE',  ( -40.50000000000000000, 0.000000000000000000, 26.73000000000000043 ) ) ;
#4222 = EDGE_LOOP ( 'NONE', ( #2314, #3655, #3577, #4582, #5170, #1376 ) ) ;
#4223 = CARTESIAN_POINT ( 'NONE',  ( 10.12500000000000000, 28.73530505604057339, 97.68133091484642705 ) ) ;
#4224 = ORIENTED_EDGE ( 'NONE', *, *, #5532, .F. ) ;
#4225 = DIRECTION ( 'NONE',  ( 0.000000000000000000, 1.000000000000000000, 0.000000000000000000 ) ) ;
#4226 = CARTESIAN_POINT ( 'NONE',  ( 1.128390649129300760, -4.050000000000001599, 95.04493097550199820 ) ) ;
#4227 = STYLED_ITEM ( 'NONE', ( #5269 ), #1681 ) ;
#4228 = ADVANCED_FACE ( 'NONE', ( #3415 ), #5363, .F. ) ;
#4229 = CARTESIAN_POINT ( 'NONE',  ( 10.62500000000000000, 0.000000000000000000, 45.96750000000000114 ) ) ;
#4230 = DIRECTION ( 'NONE',  ( 0.000000000000000000, 0.000000000000000000, -1.000000000000000000 ) ) ;
#4231 = CARTESIAN_POINT ( 'NONE',  ( 1.012499999999973754, 25.25319628389963000, 49.36805371610030591 ) ) ;
#4232 = EDGE_LOOP ( 'NONE', ( #1414, #931, #4103, #743, #3002, #3911, #299, #1395 ) ) ;
#4233 = CARTESIAN_POINT ( 'NONE',  ( 1.929600150949838611, 29.15999999999999304, 41.39588183566270629 ) ) ;
#4234 = ORIENTED_EDGE ( 'NONE', *, *, #2579, .T. ) ;
#4235 = ADVANCED_FACE ( 'NONE', ( #4484 ), #3932, .T. ) ;
#4236 = SURFACE_STYLE_USAGE ( .BOTH. , #2281 ) ;
#4237 = CIRCLE ( 'NONE', #6042, 10.12499999999999467 ) ;
#4238 = CARTESIAN_POINT ( 'NONE',  ( -8.639124889254000905, 1.930778632893252356, 44.05012083507966736 ) ) ;
#4239 = DIRECTION ( 'NONE',  ( 1.000000000000000000, 0.000000000000000000, 0.000000000000000000 ) ) ;
#4240 = DIRECTION ( 'NONE',  ( -6.938893903907266896E-18, 1.000000000000000000, 0.000000000000000000 ) ) ;
#4241 = VECTOR ( 'NONE', #5935, 1000.000000000000000 ) ;
#4242 = CARTESIAN_POINT ( 'NONE',  ( 1.929600150950251836, 29.16000000000000014, 95.69661816433765011 ) ) ;
#4243 = CARTESIAN_POINT ( 'NONE',  ( 10.12495529786691328, 29.13415828606465752, 99.87789716587468547 ) ) ;
#4244 = VERTEX_POINT ( 'NONE', #116 ) ;
#4245 = VECTOR ( 'NONE', #5579, 1000.000000000000000 ) ;
#4246 = CARTESIAN_POINT ( 'NONE',  ( -8.796851950642430751, 22.87245112168481853, 44.05019458287405598 ) ) ;
#4247 = CYLINDRICAL_SURFACE ( 'NONE', #5635, 3.000000000000000000 ) ;
#4248 = CYLINDRICAL_SURFACE ( 'NONE', #5054, 11.13749999999999751 ) ;
#4249 = CARTESIAN_POINT ( 'NONE',  ( 7.054348704948110615, -4.049999999999970512, 37.16060155446743352 ) ) ;
#4250 = STYLED_ITEM ( 'NONE', ( #2513 ), #4467 ) ;
#4251 = COLOUR_RGB ( '',0.1019607843137254888, 0.1019607843137254888, 0.1019607843137254888 ) ;
#4252 = CARTESIAN_POINT ( 'NONE',  ( -1.029992939126042950, 22.40856354834822639, 51.76543304819833224 ) ) ;
#4253 = CARTESIAN_POINT ( 'NONE',  ( -9.577591108555285615, 3.638750000000138041, 46.47374999999998835 ) ) ;
#4254 = CARTESIAN_POINT ( 'NONE',  ( 10.12500000000000000, 28.48037825301807757, 40.14515396493453636 ) ) ;
#4255 = PRESENTATION_STYLE_ASSIGNMENT (( #2300 ) ) ;
#4256 = STYLED_ITEM ( 'NONE', ( #5846 ), #4646 ) ;
#4257 = CARTESIAN_POINT ( 'NONE',  ( 1.012499999999999956, -3.037499999999999645, 6.093251410737770232E-15 ) ) ;
#4258 = DIRECTION ( 'NONE',  ( 1.000000000000000000, -4.510281037539699678E-17, -2.636779683484745304E-16 ) ) ;
#4259 = ORIENTED_EDGE ( 'NONE', *, *, #1464, .F. ) ;
#4260 = UNCERTAINTY_MEASURE_WITH_UNIT (LENGTH_MEASURE( 1.000000000000000082E-05 ), #3340, 'distance_accuracy_value', 'NONE');
#4261 = CARTESIAN_POINT ( 'NONE',  ( 31.87499999999997158, 2.149999999727866484, 43.00000000007146639 ) ) ;
#4262 = COLOUR_RGB ( '',0.1019607843137254888, 0.1019607843137254888, 0.1019607843137254888 ) ;
#4263 = VERTEX_POINT ( 'NONE', #2138 ) ;
#4264 = AXIS2_PLACEMENT_3D ( 'NONE', #5493, #2058, #4004 ) ;
#4265 = FACE_OUTER_BOUND ( 'NONE', #3513, .T. ) ;
#4266 = CARTESIAN_POINT ( 'NONE',  ( 9.867290423520813647, 2.166779483738976442, 90.61874999485091564 ) ) ;
#4267 =( GEOMETRIC_REPRESENTATION_CONTEXT ( 3 ) GLOBAL_UNCERTAINTY_ASSIGNED_CONTEXT ( ( #3180 ) ) GLOBAL_UNIT_ASSIGNED_CONTEXT ( ( #4665, #5609, #329 ) ) REPRESENTATION_CONTEXT ( 'NONE', 'WORKASPACE' ) );
#4268 = STYLED_ITEM ( 'NONE', ( #2559 ), #4228 ) ;
#4269 = DIRECTION ( 'NONE',  ( 6.071532165918857963E-15, -1.000000000000000000, 0.000000000000000000 ) ) ;
#4270 =( NAMED_UNIT ( * ) PLANE_ANGLE_UNIT ( ) SI_UNIT ( $, .RADIAN. ) );
#4271 = FACE_OUTER_BOUND ( 'NONE', #5338, .T. ) ;
#4272 = ORIENTED_EDGE ( 'NONE', *, *, #3516, .F. ) ;
#4273 = DIRECTION ( 'NONE',  ( -1.000000000000000000, 0.000000000000000000, 0.000000000000000000 ) ) ;
#4274 = ORIENTED_EDGE ( 'NONE', *, *, #3285, .T. ) ;
#4275 = DIRECTION ( 'NONE',  ( 0.000000000000000000, 0.000000000000000000, 1.000000000000000000 ) ) ;
#4276 = STYLED_ITEM ( 'NONE', ( #1717 ), #5230 ) ;
#4277 = EDGE_CURVE ( 'NONE', #3477, #3982, #3107, .T. ) ;
#4278 = CARTESIAN_POINT ( 'NONE',  ( -9.392037956436018575, 3.187823097959407104, 42.79820005789113679 ) ) ;
#4279 = CARTESIAN_POINT ( 'NONE',  ( -7.125000000000033751, 18.02249999999999730, 98.89999999999999147 ) ) ;
#4280 = EDGE_CURVE ( 'NONE', #1034, #5301, #258, .T. ) ;
#4281 =( GEOMETRIC_REPRESENTATION_CONTEXT ( 3 ) GLOBAL_UNCERTAINTY_ASSIGNED_CONTEXT ( ( #5509 ) ) GLOBAL_UNIT_ASSIGNED_CONTEXT ( ( #3213, #6214, #800 ) ) REPRESENTATION_CONTEXT ( 'NONE', 'WORKASPACE' ) );
#4282 = CARTESIAN_POINT ( 'NONE',  ( 9.918654630622480539, 29.15999999999925052, 91.74481406578438225 ) ) ;
#4283 = CARTESIAN_POINT ( 'NONE',  ( 10.62500000000000000, -3.621089756750340616, 97.66761197181881471 ) ) ;
#4284 = FILL_AREA_STYLE ('',( #756 ) ) ;
#4285 = ORIENTED_EDGE ( 'NONE', *, *, #5771, .T. ) ;
#4286 = CARTESIAN_POINT ( 'NONE',  ( 0.2340756807364273717, 24.39984503724225817, 86.91744094647985719 ) ) ;
#4287 = DIRECTION ( 'NONE',  ( 1.000000000000000000, 0.000000000000000000, 0.000000000000000000 ) ) ;
#4288 = DIRECTION ( 'NONE',  ( 0.000000000000000000, 1.885568995626965026E-16, 1.000000000000000000 ) ) ;
#4289 = UNCERTAINTY_MEASURE_WITH_UNIT (LENGTH_MEASURE( 1.000000000000000082E-05 ), #6003, 'distance_accuracy_value', 'NONE');
#4290 = SURFACE_STYLE_USAGE ( .BOTH. , #6279 ) ;
#4291 = LINE ( 'NONE', #2827, #2456 ) ;
#4292 = DIRECTION ( 'NONE',  ( 0.000000000000000000, -1.000000000000000000, 0.000000000000000000 ) ) ;
#4293 = COLOUR_RGB ( '',0.1019607843137254888, 0.1019607843137254888, 0.1019607843137254888 ) ;
#4294 = CARTESIAN_POINT ( 'NONE',  ( 10.62500000000000000, 28.14749999999999019, 96.25054039609378265 ) ) ;
#4295 = STYLED_ITEM ( 'NONE', ( #3184 ), #634 ) ;
#4296 = CARTESIAN_POINT ( 'NONE',  ( 10.62500000000000000, -3.037499999999990319, 40.84195960390601954 ) ) ;
#4297 = CIRCLE ( 'NONE', #1528, 10.12500000000000000 ) ;
#4298 = ORIENTED_EDGE ( 'NONE', *, *, #4842, .T. ) ;
#4299 = COLOUR_RGB ( '',0.1019607843137254888, 0.1019607843137254888, 0.1019607843137254888 ) ;
#4300 = CARTESIAN_POINT ( 'NONE',  ( -3.460773334573730153E-14, 18.02250000000000085, 42.06036481966499707 ) ) ;
#4301 = ORIENTED_EDGE ( 'NONE', *, *, #4885, .F. ) ;
#4302 =( NAMED_UNIT ( * ) SI_UNIT ( $, .STERADIAN. ) SOLID_ANGLE_UNIT ( ) );
#4303 = CARTESIAN_POINT ( 'NONE',  ( 8.599549465189490149, 0.3735474863975937754, 90.61875001603026192 ) ) ;
#4304 = COLOUR_RGB ( '',0.1019607843137254888, 0.1019607843137254888, 0.1019607843137254888 ) ;
#4305 = CARTESIAN_POINT ( 'NONE',  ( -7.535515409728610337, 21.97124999999999773, 35.46431799895100312 ) ) ;
#4306 = CARTESIAN_POINT ( 'NONE',  ( 2.659814543569006595, 29.16000000000000725, 96.57893195146736787 ) ) ;
#4307 = CARTESIAN_POINT ( 'NONE',  ( 1.528036435431674223, 29.16000000000000014, 41.81704936646091397 ) ) ;
#4308 = ORIENTED_EDGE ( 'NONE', *, *, #3396, .F. ) ;
#4309 = PRESENTATION_STYLE_ASSIGNMENT (( #5779 ) ) ;
#4310 = ORIENTED_EDGE ( 'NONE', *, *, #1133, .T. ) ;
#4311 = CARTESIAN_POINT ( 'NONE',  ( 1.012499999999983746, 7.087500000000000355, 26.73000000000000043 ) ) ;
#4312 = SURFACE_SIDE_STYLE ('',( #2354 ) ) ;
#4313 =( BOUNDED_SURFACE ( )  B_SPLINE_SURFACE ( 3, 2, ( 
 ( #4807, #4334, #3844 ),
 ( #935, #2871, #4366 ),
 ( #5254, #3722, #313 ),
 ( #3138, #2155, #1800 ),
 ( #2663, #1739, #5124 ),
 ( #5591, #1328, #1673 ),
 ( #1766, #3756, #4618 ),
 ( #4136, #4207, #3175 ),
 ( #3615, #242, #6129 ),
 ( #2183, #5186, #6036 ),
 ( #3206, #343, #5558 ),
 ( #5154, #6070, #4172 ),
 ( #1708, #6104, #5687 ),
 ( #1199, #2689, #3653 ),
 ( #788, #4645, #1232 ),
 ( #4242, #2779, #5219 ),
 ( #277, #3273, #5622 ),
 ( #2255, #3687, #5657 ),
 ( #1294, #6164, #852 ),
 ( #2723, #3241, #4681 ),
 ( #823, #2750, #4713 ),
 ( #5095, #2286, #2221 ),
 ( #726, #217, #755 ),
 ( #1262, #4101, #916 ),
 ( #1392, #5754, #416 ),
 ( #3909, #4838, #6268 ),
 ( #2322, #6235, #4874 ),
 ( #4412, #2383, #3393 ),
 ( #3426, #4282, #4785 ),
 ( #1961, #5369, #2880 ),
 ( #2357, #508, #4317 ),
 ( #3852, #5785, #1423 ),
 ( #6201, #1933, #1007 ),
 ( #4377, #448, #4743 ),
 ( #1872, #3369, #5725 ),
 ( #4342, #5845, #885 ),
 ( #5341, #2854, #2818 ),
 ( #5319, #2445, #378 ) ),
 .UNSPECIFIED., .F., .F., .F. ) 
 B_SPLINE_SURFACE_WITH_KNOTS ( ( 4, 2, 2, 2, 2, 2, 2, 2, 2, 2, 2, 2, 2, 2, 2, 2, 2, 2, 4 ),
 ( 3, 3 ),
 ( 0.01803614591985417889, 0.01812300996936210690, 0.01820987401887003143, 0.01838360211788588744, 0.01847046616739381197, 0.01855733021690173998, 0.01873105831591759252, 0.01907851451394930106, 0.01942597071198100961, 0.01977342691001271469, 0.02012088310804442323, 0.02081579550410783686, 0.02151070790017125048, 0.02220562029623466410, 0.02359544508836149135, 0.02498526988048831859, 0.02637509467261514931, 0.02776491946474198003, 0.02915474425686880727 ),
 ( 0.000000000000000000, 1.000000000000000000 ),
 .UNSPECIFIED. ) 
 GEOMETRIC_REPRESENTATION_ITEM ( )  RATIONAL_B_SPLINE_SURFACE ( (
 ( 1.000000000000000000, 0.9746794344808945576, 1.000000000000000000),
 ( 1.000000000000000000, 0.9746799479852628068, 1.000000000000000000),
 ( 1.000000000000000000, 0.9743568196694343264, 1.000000000000000000),
 ( 1.000000000000000000, 0.9731141381503116694, 1.000000000000000000),
 ( 1.000000000000000000, 0.9721824285868126969, 1.000000000000000000),
 ( 1.000000000000000000, 0.9687194485353531892, 1.000000000000000000),
 ( 1.000000000000000000, 0.9655513060546567772, 1.000000000000000000),
 ( 1.000000000000000000, 0.9601634611580205370, 1.000000000000000000),
 ( 1.000000000000000000, 0.9582586981073079047, 1.000000000000000000),
 ( 1.000000000000000000, 0.9543671507068960391, 1.000000000000000000),
 ( 1.000000000000000000, 0.9523716756011825213, 1.000000000000000000),
 ( 1.000000000000000000, 0.9463063569838450206, 1.000000000000000000),
 ( 1.000000000000000000, 0.9421616744664004228, 1.000000000000000000),
 ( 1.000000000000000000, 0.9297497655257864757, 1.000000000000000000),
 ( 1.000000000000000000, 0.9215223295673887760, 1.000000000000000000),
 ( 1.000000000000000000, 0.9058000326082419340, 1.000000000000000000),
 ( 1.000000000000000000, 0.8982849355800796021, 1.000000000000000000),
 ( 1.000000000000000000, 0.8840834982022811595, 1.000000000000000000),
 ( 1.000000000000000000, 0.8773909257624885605, 1.000000000000000000),
 ( 1.000000000000000000, 0.8647921572181545002, 1.000000000000000000),
 ( 1.000000000000000000, 0.8588839873657518886, 1.000000000000000000),
 ( 1.000000000000000000, 0.8422167834826873589, 1.000000000000000000),
 ( 1.000000000000000000, 0.8325102047505880121, 1.000000000000000000),
 ( 1.000000000000000000, 0.8152246893040061559, 1.000000000000000000),
 ( 1.000000000000000000, 0.8076429853542517190, 1.000000000000000000),
 ( 1.000000000000000000, 0.7940519269257810819, 1.000000000000000000),
 ( 1.000000000000000000, 0.7880434873698889398, 1.000000000000000000),
 ( 1.000000000000000000, 0.7717756809105321691, 1.000000000000000000),
 ( 1.000000000000000000, 0.7632188848040037943, 1.000000000000000000),
 ( 1.000000000000000000, 0.7490171115735384522, 1.000000000000000000),
 ( 1.000000000000000000, 0.7433321590432884207, 1.000000000000000000),
 ( 1.000000000000000000, 0.7336101691056282625, 1.000000000000000000),
 ( 1.000000000000000000, 0.7295865456046795039, 1.000000000000000000),
 ( 1.000000000000000000, 0.7225791767271563248, 1.000000000000000000),
 ( 1.000000000000000000, 0.7196540846722969675, 1.000000000000000000),
 ( 1.000000000000000000, 0.7145796383773512783, 1.000000000000000000),
 ( 1.000000000000000000, 0.7124233275652546160, 1.000000000000000000),
 ( 1.000000000000000000, 0.7105100200589949955, 1.000000000000000000) ) ) 
 REPRESENTATION_ITEM ( '' )  SURFACE ( )  );
#4314 = CARTESIAN_POINT ( 'NONE',  ( 0.000000000000000000, 0.000000000000000000, 0.000000000000000000 ) ) ;
#4315 = FACE_OUTER_BOUND ( 'NONE', #504, .T. ) ;
#4316 =( NAMED_UNIT ( * ) SI_UNIT ( $, .STERADIAN. ) SOLID_ANGLE_UNIT ( ) );
#4317 = CARTESIAN_POINT ( 'NONE',  ( 10.92349068601775741, 20.09851115555805379, 90.61874999973018419 ) ) ;
#4318 = EDGE_CURVE ( 'NONE', #4777, #5208, #2648, .T. ) ;
#4319 = ORIENTED_EDGE ( 'NONE', *, *, #4195, .F. ) ;
#4320 = EDGE_CURVE ( 'NONE', #6271, #1509, #4603, .T. ) ;
#4321 = EDGE_CURVE ( 'NONE', #2725, #4611, #2143, .T. ) ;
#4322 = DIRECTION ( 'NONE',  ( 1.000000000000000000, 0.000000000000000000, 0.000000000000000000 ) ) ;
#4323 = CARTESIAN_POINT ( 'NONE',  ( -1.714040683875590165, 4.579243160852156436, 84.18854871989239541 ) ) ;
#4324 = CARTESIAN_POINT ( 'NONE',  ( -1.961866780909093944, 19.15147316156578228, 53.41734708339736670 ) ) ;
#4325 = PLANE ( 'NONE',  #5287 ) ;
#4326 = ADVANCED_FACE ( 'NONE', ( #296 ), #2674, .F. ) ;
#4327 = LINE ( 'NONE', #5765, #4805 ) ;
#4328 = DIRECTION ( 'NONE',  ( 0.000000000000000000, -0.7071067811865473507, 0.7071067811865477948 ) ) ;
#4329 = VERTEX_POINT ( 'NONE', #3186 ) ;
#4330 = FILL_AREA_STYLE_COLOUR ( '', #891 ) ;
#4331 = ORIENTED_EDGE ( 'NONE', *, *, #2928, .T. ) ;
#4332 = PLANE ( 'NONE',  #2355 ) ;
#4333 = CARTESIAN_POINT ( 'NONE',  ( 4.019870675267448235, -4.049999999999856826, 92.67128834753056310 ) ) ;
#4334 = CARTESIAN_POINT ( 'NONE',  ( 1.012499999999641354, 29.16000000000000725, 92.70930087489553273 ) ) ;
#4335 = FACE_OUTER_BOUND ( 'NONE', #2306, .T. ) ;
#4336 = ORIENTED_EDGE ( 'NONE', *, *, #3118, .T. ) ;
#4337 = FACE_BOUND ( 'NONE', #1443, .T. ) ;
#4338 = ORIENTED_EDGE ( 'NONE', *, *, #4505, .T. ) ;
#4339 = FACE_OUTER_BOUND ( 'NONE', #901, .T. ) ;
#4340 = VECTOR ( 'NONE', #293, 1000.000000000000000 ) ;
#4341 = LINE ( 'NONE', #1932, #3841 ) ;
#4342 = CARTESIAN_POINT ( 'NONE',  ( 9.275647114868331045, 29.16000000000004277, 100.5929214578692381 ) ) ;
#4343 = DIRECTION ( 'NONE',  ( -2.498001805406605174E-16, 0.000000000000000000, 1.000000000000000000 ) ) ;
#4344 = FACE_OUTER_BOUND ( 'NONE', #3306, .T. ) ;
#4345 = ORIENTED_EDGE ( 'NONE', *, *, #3622, .T. ) ;
#4346 =( BOUNDED_CURVE ( )  B_SPLINE_CURVE ( 3, ( #637, #4973, #4012, #6038 ),
 .UNSPECIFIED., .F., .F. ) 
 B_SPLINE_CURVE_WITH_KNOTS ( ( 4, 4 ),
 ( 2.366195156979034930, 3.141592653589795336 ),
 .UNSPECIFIED. ) 
 CURVE ( )  GEOMETRIC_REPRESENTATION_ITEM ( )  RATIONAL_B_SPLINE_CURVE ( ( 1.000000000000000000, 0.9505210128485650500, 0.9505210128485650500, 1.000000000000000000 ) ) 
 REPRESENTATION_ITEM ( '' )  );
#4347 = CARTESIAN_POINT ( 'NONE',  ( -7.125000000000035527, 11.43500000000000050, 98.89999999999999147 ) ) ;
#4348 = UNCERTAINTY_MEASURE_WITH_UNIT (LENGTH_MEASURE( 1.000000000000000082E-05 ), #380, 'distance_accuracy_value', 'NONE');
#4349 = CARTESIAN_POINT ( 'NONE',  ( 10.19083460900540494, -4.049999999999950973, 36.38802911105116777 ) ) ;
#4350 = CARTESIAN_POINT ( 'NONE',  ( -0.2194781907031480850, 23.79328383382851086, 50.69792804050787538 ) ) ;
#4351 = FACE_OUTER_BOUND ( 'NONE', #5518, .T. ) ;
#4352 = COLOUR_RGB ( '',0.1019607843137254888, 0.1019607843137254888, 0.1019607843137254888 ) ;
#4353 = SURFACE_STYLE_USAGE ( .BOTH. , #2794 ) ;
#4354 = EDGE_CURVE ( 'NONE', #4673, #1636, #1277, .T. ) ;
#4355 = CARTESIAN_POINT ( 'NONE',  ( 10.62500000000000000, -4.049999999999947420, 100.6984762319159046 ) ) ;
#4356 =( GEOMETRIC_REPRESENTATION_CONTEXT ( 3 ) GLOBAL_UNCERTAINTY_ASSIGNED_CONTEXT ( ( #5829 ) ) GLOBAL_UNIT_ASSIGNED_CONTEXT ( ( #5391, #5484, #2050 ) ) REPRESENTATION_CONTEXT ( 'NONE', 'WORKASPACE' ) );
#4357 = EDGE_CURVE ( 'NONE', #5911, #1218, #5135, .T. ) ;
#4358 = ORIENTED_EDGE ( 'NONE', *, *, #2075, .F. ) ;
#4359 = ORIENTED_EDGE ( 'NONE', *, *, #4318, .F. ) ;
#4360 =( LENGTH_UNIT ( ) NAMED_UNIT ( * ) SI_UNIT ( .MILLI., .METRE. ) );
#4361 = CARTESIAN_POINT ( 'NONE',  ( 4.365973800566218976, -2.468690534337629305, 90.61875003394676753 ) ) ;
#4362 = AXIS2_PLACEMENT_3D ( 'NONE', #4221, #1816, #546 ) ;
#4363 = AXIS2_PLACEMENT_3D ( 'NONE', #3, #2911, #5340 ) ;
#4364 = DIRECTION ( 'NONE',  ( -0.000000000000000000, -1.885568995626964780E-16, -1.000000000000000000 ) ) ;
#4365 = STYLED_ITEM ( 'NONE', ( #5910 ), #4657 ) ;
#4366 = CARTESIAN_POINT ( 'NONE',  ( 1.305070731027522912, 28.14749998998931346, 90.61874997933064435 ) ) ;
#4367 =( GEOMETRIC_REPRESENTATION_CONTEXT ( 3 ) GLOBAL_UNCERTAINTY_ASSIGNED_CONTEXT ( ( #4289 ) ) GLOBAL_UNIT_ASSIGNED_CONTEXT ( ( #6003, #5909, #183 ) ) REPRESENTATION_CONTEXT ( 'NONE', 'WORKASPACE' ) );
#4368 = EDGE_LOOP ( 'NONE', ( #29, #2078, #5881, #4816 ) ) ;
#4369 = CARTESIAN_POINT ( 'NONE',  ( -10.12500000000003730, 7.087499999999995914, 90.61874999999999147 ) ) ;
#4370 = VERTEX_POINT ( 'NONE', #2107 ) ;
#4371 = CARTESIAN_POINT ( 'NONE',  ( 10.12500000000000888, -3.330807684520569634, 40.22798603646913307 ) ) ;
#4372 = AXIS2_PLACEMENT_3D ( 'NONE', #3578, #5931, #2494 ) ;
#4373 = COLOUR_RGB ( '',0.1019607843137254888, 0.1019607843137254888, 0.1019607843137254888 ) ;
#4374 = LINE ( 'NONE', #5784, #1775 ) ;
#4375 = B_SPLINE_CURVE_WITH_KNOTS ( 'NONE', 3,
 ( #1288, #5505, #639, #4203, #2576, #6097 ),
 .UNSPECIFIED., .F., .F.,
 ( 4, 2, 4 ),
 ( 0.000000000000000000, 0.001981470111886250631, 0.003962940223772501262 ),
 .UNSPECIFIED. ) ;
#4376 = FILL_AREA_STYLE ('',( #915 ) ) ;
#4377 = CARTESIAN_POINT ( 'NONE',  ( 7.929295875874790234, 29.16000000000003567, 100.2573101703312375 ) ) ;
#4378 =( GEOMETRIC_REPRESENTATION_CONTEXT ( 3 ) GLOBAL_UNCERTAINTY_ASSIGNED_CONTEXT ( ( #4845 ) ) GLOBAL_UNIT_ASSIGNED_CONTEXT ( ( #5036, #3662, #6079 ) ) REPRESENTATION_CONTEXT ( 'NONE', 'WORKASPACE' ) );
#4379 = FILL_AREA_STYLE ('',( #34 ) ) ;
#4380 = VERTEX_POINT ( 'NONE', #4056 ) ;
#4381 = CARTESIAN_POINT ( 'NONE',  ( 1.012499999999969535, 25.25319628389958382, 87.72444628389968102 ) ) ;
#4382 = COLOUR_RGB ( '',0.1019607843137254888, 0.1019607843137254888, 0.1019607843137254888 ) ;
#4383 = B_SPLINE_CURVE_WITH_KNOTS ( 'NONE', 3,
 ( #3374, #5824, #5347, #3342, #3859, #2918, #3915, #3824, #1493, #4791, #1013, #3400, #5792, #2951, #4910, #544, #2476, #4440, #66, #1999, #3948, #1433, #4323, #5259, #482, #892, #2420, #6240, #9, #1878, #3015, #4588, #4009, #4556, #635, #3495, #1620, #1102, #662, #1650, #2602, #2091, #5436, #191, #4042, #2123, #5978, #3587, #3561 ),
 .UNSPECIFIED., .F., .F.,
 ( 4, 2, 2, 1, 1, 2, 2, 2, 2, 1, 1, 1, 2, 2, 2, 2, 1, 1, 1, 1, 2, 2, 2, 2, 1, 1, 1, 1, 2, 2, 4 ),
 ( 0.000000000000000000, 0.06249999999995092814, 0.09374999999992639221, 0.1093749999999139993, 0.1171874999999081568, 0.1210937499999048678, 0.1249999999999015787, 0.1874999999998473998, 0.2187499999998203104, 0.2343749999998075706, 0.2421874999998003819, 0.2460937499997968014, 0.2480468749997958300, 0.2499999999997948863, 0.3749999999997279954, 0.4374999999996945776, 0.4687499999996788680, 0.4843749999996709854, 0.4921874999996670996, 0.4960937499996651567, 0.4980468749996653233, 0.4999999999996653788, 0.6249999999997611910, 0.6874999999998090416, 0.7187499999998342437, 0.7343749999998467892, 0.7421874999998531175, 0.7460937499998552269, 0.7480468749998562261, 0.7499999999998572253, 1.000000000000000000 ),
 .UNSPECIFIED. ) ;
#4384 = FILL_AREA_STYLE ('',( #349 ) ) ;
#4385 = SURFACE_STYLE_FILL_AREA ( #2762 ) ;
#4386 = CYLINDRICAL_SURFACE ( 'NONE', #2345, 11.13749999999999751 ) ;
#4387 = AXIS2_PLACEMENT_3D ( 'NONE', #409, #5782, #5818 ) ;
#4388 = DIRECTION ( 'NONE',  ( 0.000000000000000000, 1.885568995626964533E-16, 1.000000000000000000 ) ) ;
#4389 = LINE ( 'NONE', #16, #3659 ) ;
#4390 = PLANE ( 'NONE',  #1265 ) ;
#4391 = VECTOR ( 'NONE', #5722, 1000.000000000000114 ) ;
#4392 = ADVANCED_FACE ( 'NONE', ( #5992 ), #1968, .F. ) ;
#4393 = EDGE_LOOP ( 'NONE', ( #201, #3492, #1510, #1740 ) ) ;
#4394 = EDGE_CURVE ( 'NONE', #4855, #5525, #1468, .T. ) ;
#4395 = VECTOR ( 'NONE', #2307, 1000.000000000000000 ) ;
#4396 = CARTESIAN_POINT ( 'NONE',  ( 9.216604350570658966, -4.050000000001158895, 92.01428646122523958 ) ) ;
#4397 = AXIS2_PLACEMENT_3D ( 'NONE', #837, #352, #2392 ) ;
#4398 = EDGE_CURVE ( 'NONE', #4633, #4370, #5868, .T. ) ;
#4399 = CARTESIAN_POINT ( 'NONE',  ( 0.000000000000000000, -2.986747800704527389, -0.05075219929546743308 ) ) ;
#4400 = CIRCLE ( 'NONE', #5299, 3.000000000000000000 ) ;
#4401 = CARTESIAN_POINT ( 'NONE',  ( 2.659814543568979062, 29.16000000000000369, 40.51356804853260485 ) ) ;
#4402 = VERTEX_POINT ( 'NONE', #1309 ) ;
#4403 = ORIENTED_EDGE ( 'NONE', *, *, #2960, .T. ) ;
#4404 = DIRECTION ( 'NONE',  ( 0.000000000000000000, 0.000000000000000000, -1.000000000000000000 ) ) ;
#4405 = SURFACE_STYLE_FILL_AREA ( #1063 ) ;
#4406 = VECTOR ( 'NONE', #2670, 1000.000000000000000 ) ;
#4407 = ADVANCED_FACE ( 'NONE', ( #866 ), #3288, .F. ) ;
#4408 = AXIS2_PLACEMENT_3D ( 'NONE', #3690, #4106, #5157 ) ;
#4409 = DIRECTION ( 'NONE',  ( 1.000000000000000000, 0.000000000000000000, 0.000000000000000000 ) ) ;
#4410 = PRESENTATION_STYLE_ASSIGNMENT (( #3367 ) ) ;
#4411 = MECHANICAL_DESIGN_GEOMETRIC_PRESENTATION_REPRESENTATION (  '', ( #3153 ), #3368 ) ;
#4412 = CARTESIAN_POINT ( 'NONE',  ( 4.302999391113055516, 29.16000000000001435, 98.23730114405773861 ) ) ;
#4413 = DIRECTION ( 'NONE',  ( 0.000000000000000000, 1.000000000000000000, 0.000000000000000000 ) ) ;
#4414 = ORIENTED_EDGE ( 'NONE', *, *, #1884, .F. ) ;
#4415 = CARTESIAN_POINT ( 'NONE',  ( -5.973749999999991012, 1.323342920529794754E-14, 101.8999999999999915 ) ) ;
#4416 = SURFACE_STYLE_FILL_AREA ( #5374 ) ;
#4417 = CARTESIAN_POINT ( 'NONE',  ( 10.62500000000000000, -4.049999999999947420, 113.3999999999999915 ) ) ;
#4418 = CARTESIAN_POINT ( 'NONE',  ( 0.000000000000000000, 3.037499999999999645, 137.0924999999999727 ) ) ;
#4419 = PRESENTATION_STYLE_ASSIGNMENT (( #2796 ) ) ;
#4420 = DIRECTION ( 'NONE',  ( -1.000000000000000000, -6.071532165918857963E-15, 1.144829280800842736E-30 ) ) ;
#4421 = SURFACE_STYLE_USAGE ( .BOTH. , #458 ) ;
#4422 = CARTESIAN_POINT ( 'NONE',  ( -7.796250000000000568, 10.93500000000000050, 137.0924999999999727 ) ) ;
#4423 = DIRECTION ( 'NONE',  ( 0.000000000000000000, 1.885568995626964780E-16, 1.000000000000000000 ) ) ;
#4424 = CARTESIAN_POINT ( 'NONE',  ( 5.415263989499595532, -3.037499999999999201, 46.47374999999986045 ) ) ;
#4425 = ORIENTED_EDGE ( 'NONE', *, *, #1454, .T. ) ;
#4426 = CARTESIAN_POINT ( 'NONE',  ( 5.425044474222496582, -4.049999999999974953, 99.06719580286099358 ) ) ;
#4427 = EDGE_CURVE ( 'NONE', #1489, #2833, #4346, .T. ) ;
#4428 = CARTESIAN_POINT ( 'NONE',  ( -7.210586006959376348, 23.86000000000000298, 35.90479115186182923 ) ) ;
#4429 = VERTEX_POINT ( 'NONE', #2574 ) ;
#4430 = CARTESIAN_POINT ( 'NONE',  ( -9.440711754366240882, 21.61927750035485118, 93.73789625080267740 ) ) ;
#4431 = ORIENTED_EDGE ( 'NONE', *, *, #2891, .T. ) ;
#4432 = CARTESIAN_POINT ( 'NONE',  ( 6.273868405052675179, -3.037499999999998757, 43.07766768077834740 ) ) ;
#4433 = DIRECTION ( 'NONE',  ( 0.000000000000000000, -1.000000000000000000, 1.885568995626964780E-16 ) ) ;
#4434 = EDGE_CURVE ( 'NONE', #3477, #2514, #3616, .T. ) ;
#4435 =( NAMED_UNIT ( * ) PLANE_ANGLE_UNIT ( ) SI_UNIT ( $, .RADIAN. ) );
#4436 = VERTEX_POINT ( 'NONE', #218 ) ;
#4437 = MECHANICAL_DESIGN_GEOMETRIC_PRESENTATION_REPRESENTATION (  '', ( #758 ), #5032 ) ;
#4438 = CARTESIAN_POINT ( 'NONE',  ( -0.1854956984010201482, 23.84197841693112707, 86.43525256396925727 ) ) ;
#4439 = LINE ( 'NONE', #5883, #5642 ) ;
#4440 = CARTESIAN_POINT ( 'NONE',  ( -1.797782193558016495, 4.954320918789497874, 84.02182967405774150 ) ) ;
#4441 = AXIS2_PLACEMENT_3D ( 'NONE', #2754, #3209, #2694 ) ;
#4442 = PRESENTATION_STYLE_ASSIGNMENT (( #4913 ) ) ;
#4443 = PRESENTATION_STYLE_ASSIGNMENT (( #2480 ) ) ;
#4444 = PRESENTATION_STYLE_ASSIGNMENT (( #5412 ) ) ;
#4445 = AXIS2_PLACEMENT_3D ( 'NONE', #1038, #5967, #654 ) ;
#4446 = FILL_AREA_STYLE ('',( #2429 ) ) ;
#4447 = B_SPLINE_CURVE_WITH_KNOTS ( 'NONE', 3,
 ( #1559, #3500, #1590, #5376, #5440, #1073, #578, #2064, #5827, #2516, #5472, #1527, #68, #3019, #1970, #4975, #611, #547, #3404, #1106 ),
 .UNSPECIFIED., .F., .F.,
 ( 4, 2, 2, 2, 2, 2, 2, 2, 2, 4 ),
 ( 0.000000000000000000, 0.001381990502438193739, 0.002763981004876387478, 0.005527962009752777559, 0.006909952512190974117, 0.008291943014629170675, 0.009673933517067365498, 0.01036492876828646464, 0.01071042639389599947, 0.01105592401950553257 ),
 .UNSPECIFIED. ) ;
#4448 = PRESENTATION_LAYER_ASSIGNMENT (  '', '', ( #874 ) ) ;
#4449 = CARTESIAN_POINT ( 'NONE',  ( -51.32951142158430713, 3.138750000000151807, 96.39000000000000057 ) ) ;
#4450 = ORIENTED_EDGE ( 'NONE', *, *, #5964, .T. ) ;
#4451 = CARTESIAN_POINT ( 'NONE',  ( 8.099999999999999645, 7.087500000000000355, 0.000000000000000000 ) ) ;
#4452 =( NAMED_UNIT ( * ) PLANE_ANGLE_UNIT ( ) SI_UNIT ( $, .RADIAN. ) );
#4453 = COLOUR_RGB ( '',0.1019607843137254888, 0.1019607843137254888, 0.1019607843137254888 ) ;
#4454 = DIRECTION ( 'NONE',  ( 1.771715334611554217E-15, 1.000000000000000000, 0.000000000000000000 ) ) ;
#4455 = EDGE_LOOP ( 'NONE', ( #6123, #5645, #3349, #2675 ) ) ;
#4456 = CARTESIAN_POINT ( 'NONE',  ( -8.401599935679850972, 23.66989992405934728, 93.23664933455103210 ) ) ;
#4457 = VECTOR ( 'NONE', #4258, 1000.000000000000000 ) ;
#4458 = VERTEX_POINT ( 'NONE', #4943 ) ;
#4459 = PRESENTATION_LAYER_ASSIGNMENT (  '', '', ( #1390 ) ) ;
#4460 = CARTESIAN_POINT ( 'NONE',  ( 7.774949815544250242, 28.14749999999999730, 41.76851414117438566 ) ) ;
#4461 =( GEOMETRIC_REPRESENTATION_CONTEXT ( 3 ) GLOBAL_UNCERTAINTY_ASSIGNED_CONTEXT ( ( #2728 ) ) GLOBAL_UNIT_ASSIGNED_CONTEXT ( ( #5623, #2256, #826 ) ) REPRESENTATION_CONTEXT ( 'NONE', 'WORKASPACE' ) );
#4462 = PRESENTATION_LAYER_ASSIGNMENT (  '', '', ( #894 ) ) ;
#4463 = CARTESIAN_POINT ( 'NONE',  ( -9.112499999999998934, 7.087500000000000355, 110.3999999999999915 ) ) ;
#4464 = CARTESIAN_POINT ( 'NONE',  ( 10.62500000000000000, -4.049999999999950973, 36.39402376808406814 ) ) ;
#4465 = CARTESIAN_POINT ( 'NONE',  ( 1.439227467121092063, 29.15999999999999304, 41.88693544904607791 ) ) ;
#4466 = ORIENTED_EDGE ( 'NONE', *, *, #2144, .T. ) ;
#4467 = ADVANCED_FACE ( 'NONE', ( #609 ), #1588, .T. ) ;
#4468 = EDGE_CURVE ( 'NONE', #4370, #887, #5556, .T. ) ;
#4469 = EDGE_CURVE ( 'NONE', #2562, #2939, #3497, .T. ) ;
#4470 = CARTESIAN_POINT ( 'NONE',  ( -1.933776370173416970, 19.37916345783229133, 83.73709298049114125 ) ) ;
#4471 = PLANE ( 'NONE',  #4538 ) ;
#4472 = VECTOR ( 'NONE', #3026, 1000.000000000000000 ) ;
#4473 = CARTESIAN_POINT ( 'NONE',  ( 0.000000000000000000, 28.09674780070452726, 113.4000000000000057 ) ) ;
#4474 = UNCERTAINTY_MEASURE_WITH_UNIT (LENGTH_MEASURE( 1.000000000000000082E-05 ), #399, 'distance_accuracy_value', 'NONE');
#4475 = DIRECTION ( 'NONE',  ( 3.212450881438532241E-16, 1.000000000000000000, 2.040851148208007259E-16 ) ) ;
#4476 = ORIENTED_EDGE ( 'NONE', *, *, #3251, .T. ) ;
#4477 =( GEOMETRIC_REPRESENTATION_CONTEXT ( 3 ) GLOBAL_UNCERTAINTY_ASSIGNED_CONTEXT ( ( #733 ) ) GLOBAL_UNIT_ASSIGNED_CONTEXT ( ( #2615, #5511, #5987 ) ) REPRESENTATION_CONTEXT ( 'NONE', 'WORKASPACE' ) );
#4478 = CARTESIAN_POINT ( 'NONE',  ( 0.000000000000000000, 1.097754699641572746E-16, 3.037499999999999645 ) ) ;
#4479 = CARTESIAN_POINT ( 'NONE',  ( 1.012499999999976863, 6.074999999999993072, 42.06036481966479812 ) ) ;
#4480 = VERTEX_POINT ( 'NONE', #1651 ) ;
#4481 = CARTESIAN_POINT ( 'NONE',  ( -0.1979423835331087234, 1.285793674880516990, 50.67211882601389306 ) ) ;
#4482 =( GEOMETRIC_REPRESENTATION_CONTEXT ( 3 ) GLOBAL_UNCERTAINTY_ASSIGNED_CONTEXT ( ( #287 ) ) GLOBAL_UNIT_ASSIGNED_CONTEXT ( ( #2020, #4960, #2564 ) ) REPRESENTATION_CONTEXT ( 'NONE', 'WORKASPACE' ) );
#4483 = DIRECTION ( 'NONE',  ( 0.000000000000000000, 0.000000000000000000, -1.000000000000000000 ) ) ;
#4484 = FACE_OUTER_BOUND ( 'NONE', #5221, .T. ) ;
#4485 = ORIENTED_EDGE ( 'NONE', *, *, #5973, .T. ) ;
#4486 = AXIS2_PLACEMENT_3D ( 'NONE', #6083, #1243, #647 ) ;
#4487 = CARTESIAN_POINT ( 'NONE',  ( -9.152921935772068807, 21.90778533983345611, 92.77003419197750134 ) ) ;
#4488 = EDGE_LOOP ( 'NONE', ( #3604, #3515, #1612, #5871 ) ) ;
#4489 = VECTOR ( 'NONE', #4060, 1000.000000000000000 ) ;
#4490 = DIRECTION ( 'NONE',  ( 0.000000000000000000, -0.7071067811865469066, -0.7071067811865481278 ) ) ;
#4491 = DIRECTION ( 'NONE',  ( 0.000000000000000000, 0.000000000000000000, -1.000000000000000000 ) ) ;
#4492 = DIRECTION ( 'NONE',  ( 3.212450881438532241E-16, 1.000000000000000000, 1.987908106550753663E-47 ) ) ;
#4493 = CARTESIAN_POINT ( 'NONE',  ( 4.019870675260317938, 29.15999999999990422, 44.42121165246996384 ) ) ;
#4494 = ORIENTED_EDGE ( 'NONE', *, *, #2146, .F. ) ;
#4495 = VECTOR ( 'NONE', #1540, 1000.000000000000000 ) ;
#4496 = CARTESIAN_POINT ( 'NONE',  ( -1.955903155301269347, 19.20340026390545773, 83.68840632175107430 ) ) ;
#4497 = CARTESIAN_POINT ( 'NONE',  ( -52.37500000000000000, 25.10999999999999588, 110.3999999999999915 ) ) ;
#4498 = EDGE_CURVE ( 'NONE', #1574, #1566, #3105, .T. ) ;
#4499 = CARTESIAN_POINT ( 'NONE',  ( -5.973749999999999893, 25.10999999999999588, -1.208290729181724625E-14 ) ) ;
#4500 = ORIENTED_EDGE ( 'NONE', *, *, #1061, .F. ) ;
#4501 = LINE ( 'NONE', #4015, #1914 ) ;
#4502 =( NAMED_UNIT ( * ) PLANE_ANGLE_UNIT ( ) SI_UNIT ( $, .RADIAN. ) );
#4503 = FILL_AREA_STYLE ('',( #3501 ) ) ;
#4504 = CARTESIAN_POINT ( 'NONE',  ( 10.62500000000000000, -3.037499999999990319, 40.84195960390601954 ) ) ;
#4505 = EDGE_CURVE ( 'NONE', #5208, #5770, #1078, .T. ) ;
#4506 = DIRECTION ( 'NONE',  ( 0.000000000000000000, 0.000000000000000000, -1.000000000000000000 ) ) ;
#4507 = CARTESIAN_POINT ( 'NONE',  ( -0.4084919370439918929, 1.587475900622426828, 50.92415709395741175 ) ) ;
#4508 = DIRECTION ( 'NONE',  ( -1.000000000000000000, 3.212450881438532241E-16, -6.057297782015011241E-32 ) ) ;
#4509 = FACE_OUTER_BOUND ( 'NONE', #3195, .T. ) ;
#4510 = CARTESIAN_POINT ( 'NONE',  ( 10.12500000000000000, -4.049999999999947420, 100.6984762319159046 ) ) ;
#4511 = SURFACE_SIDE_STYLE ('',( #4026 ) ) ;
#4512 = ORIENTED_EDGE ( 'NONE', *, *, #2653, .F. ) ;
#4513 = ORIENTED_EDGE ( 'NONE', *, *, #4394, .F. ) ;
#4514 = SURFACE_STYLE_USAGE ( .BOTH. , #1958 ) ;
#4515 = CARTESIAN_POINT ( 'NONE',  ( 0.000000000000000000, 3.037499999999999645, -1.713913789117811707E-15 ) ) ;
#4516 = LINE ( 'NONE', #540, #1083 ) ;
#4517 = ORIENTED_EDGE ( 'NONE', *, *, #5031, .F. ) ;
#4518 = CARTESIAN_POINT ( 'NONE',  ( 2.595112484789425356, 29.15999999999990067, 44.39201291328432575 ) ) ;
#4519 = VERTEX_POINT ( 'NONE', #4619 ) ;
#4520 = CARTESIAN_POINT ( 'NONE',  ( -1.856931851592370508, 19.86839602441554931, 83.90140869656984535 ) ) ;
#4521 = LINE ( 'NONE', #1042, #5848 ) ;
#4522 = SURFACE_SIDE_STYLE ('',( #4073 ) ) ;
#4523 = CARTESIAN_POINT ( 'NONE',  ( -7.796249999999990798, 21.97124999999999417, 101.4888745617487018 ) ) ;
#4524 = CARTESIAN_POINT ( 'NONE',  ( -7.796249999999990798, 21.97125000000000128, 35.26856028832671797 ) ) ;
#4525 = EDGE_LOOP ( 'NONE', ( #4476, #4591, #2400, #2054, #6090 ) ) ;
#4526 = PRESENTATION_LAYER_ASSIGNMENT (  '', '', ( #954 ) ) ;
#4527 = PRESENTATION_STYLE_ASSIGNMENT (( #4236 ) ) ;
#4528 = DIRECTION ( 'NONE',  ( 0.000000000000000000, -1.000000000000000000, 5.595882180570350110E-16 ) ) ;
#4529 = CARTESIAN_POINT ( 'NONE',  ( -101.2500000000000000, 0.000000000000000000, 134.0549999999999784 ) ) ;
#4530 = LINE ( 'NONE', #6017, #6139 ) ;
#4531 = SURFACE_STYLE_USAGE ( .BOTH. , #1111 ) ;
#4532 = CARTESIAN_POINT ( 'NONE',  ( 1.012499999999961542, -3.037499999999999645, 113.4000000000000057 ) ) ;
#4533 =( BOUNDED_SURFACE ( )  B_SPLINE_SURFACE ( 3, 2, ( 
 ( #133, #583, #1141 ),
 ( #670, #2043, #3989 ),
 ( #5920, #3504, #5445 ),
 ( #3025, #643, #5600 ),
 ( #5537, #3144, #2695 ),
 ( #197, #3210, #1238 ),
 ( #4656, #6078, #3114 ),
 ( #5665, #3595, #1302 ),
 ( #1715, #5102, #4594 ),
 ( #5562, #221, #6018 ),
 ( #5162, #2227, #3627 ),
 ( #4178, #732, #1204 ),
 ( #2159, #6111, #1743 ),
 ( #2668, #1270, #798 ),
 ( #321, #1171, #286 ),
 ( #3181, #4144, #5130 ),
 ( #3693, #2729, #4624 ),
 ( #763, #5627, #250 ),
 ( #4688, #2755, #3660 ),
 ( #4109, #4082, #2192 ),
 ( #2260, #6043, #4215 ),
 ( #703, #6134, #1657 ),
 ( #1772, #5070, #2643 ),
 ( #2129, #3729, #3249 ),
 ( #5195, #833, #1682 ),
 ( #1467, #3343, #4846 ),
 ( #3826, #1401, #3766 ),
 ( #925, #2423, #4720 ),
 ( #5761, #3891, #2861 ),
 ( #1336, #5700, #5825 ),
 ( #3402, #6242, #4822 ),
 ( #2788, #3280, #3798 ),
 ( #4249, #1366, #1434 ),
 ( #1849, #5295, #982 ),
 ( #5226, #2365, #456 ),
 ( #6276, #1942, #3311 ),
 ( #5794, #2390, #483 ),
 ( #4349, #5349, #1910 ) ),
 .UNSPECIFIED., .F., .F., .T. ) 
 B_SPLINE_SURFACE_WITH_KNOTS ( ( 4, 2, 2, 2, 2, 2, 2, 2, 2, 2, 2, 2, 2, 2, 2, 2, 2, 2, 4 ),
 ( 3, 3 ),
 ( 0.01803614591985444951, 0.01812300996936237751, 0.01820987401887030205, 0.01838360211788615112, 0.01847046616739407565, 0.01855733021690200019, 0.01873105831591784926, 0.01907851451394955086, 0.01942597071198125247, 0.01977342691001295408, 0.02012088310804465568, 0.02081579550410805890, 0.02151070790017146211, 0.02220562029623486533, 0.02359544508836167176, 0.02498526988048847819, 0.02637509467261528462, 0.02776491946474209105, 0.02915474425686889401 ),
 ( 0.000000000000000000, 1.000000000000000000 ),
 .UNSPECIFIED. ) 
 GEOMETRIC_REPRESENTATION_ITEM ( )  RATIONAL_B_SPLINE_SURFACE ( (
 ( 1.000000000000000000, 0.9746794344808933364, 1.000000000000000000),
 ( 1.000000000000000000, 0.9746799479852610304, 1.000000000000000000),
 ( 1.000000000000000000, 0.9743568196694333272, 1.000000000000000000),
 ( 1.000000000000000000, 0.9731141381503106702, 1.000000000000000000),
 ( 1.000000000000000000, 0.9721824285868065907, 1.000000000000000000),
 ( 1.000000000000000000, 0.9687194485353618489, 1.000000000000000000),
 ( 1.000000000000000000, 0.9655513060546588866, 1.000000000000000000),
 ( 1.000000000000000000, 0.9601634611580185386, 1.000000000000000000),
 ( 1.000000000000000000, 0.9582586981073027976, 1.000000000000000000),
 ( 1.000000000000000000, 0.9543671507069008131, 1.000000000000000000),
 ( 1.000000000000000000, 0.9523716756011980644, 1.000000000000000000),
 ( 1.000000000000000000, 0.9463063569838220390, 1.000000000000000000),
 ( 1.000000000000000000, 0.9421616744664030874, 1.000000000000000000),
 ( 1.000000000000000000, 0.9297497655257894733, 1.000000000000000000),
 ( 1.000000000000000000, 0.9215223295673838910, 1.000000000000000000),
 ( 1.000000000000000000, 0.9058000326082501497, 1.000000000000000000),
 ( 1.000000000000000000, 0.8982849355800740510, 1.000000000000000000),
 ( 1.000000000000000000, 0.8840834982022888200, 1.000000000000000000),
 ( 1.000000000000000000, 0.8773909257624510349, 1.000000000000000000),
 ( 1.000000000000000000, 0.8647921572181946903, 1.000000000000000000),
 ( 1.000000000000000000, 0.8588839873657340140, 1.000000000000000000),
 ( 1.000000000000000000, 0.8422167834827277710, 1.000000000000000000),
 ( 1.000000000000000000, 0.8325102047506020009, 1.000000000000000000),
 ( 1.000000000000000000, 0.8152246893039946096, 1.000000000000000000),
 ( 1.000000000000000000, 0.8076429853543035664, 1.000000000000000000),
 ( 1.000000000000000000, 0.7940519269257301227, 1.000000000000000000),
 ( 1.000000000000000000, 0.7880434873699008191, 1.000000000000000000),
 ( 1.000000000000000000, 0.7717756809105056348, 1.000000000000000000),
 ( 1.000000000000000000, 0.7632188848039782592, 1.000000000000000000),
 ( 1.000000000000000000, 0.7490171115735646534, 1.000000000000000000),
 ( 1.000000000000000000, 0.7433321590432631076, 1.000000000000000000),
 ( 1.000000000000000000, 0.7336101691056544638, 1.000000000000000000),
 ( 1.000000000000000000, 0.7295865456048331588, 1.000000000000000000),
 ( 1.000000000000000000, 0.7225791767269991173, 1.000000000000000000),
 ( 1.000000000000000000, 0.7196540846722975227, 1.000000000000000000),
 ( 1.000000000000000000, 0.7145796383773518334, 1.000000000000000000),
 ( 1.000000000000000000, 0.7124233275652547270, 1.000000000000000000),
 ( 1.000000000000000000, 0.7105100200589959947, 1.000000000000000000) ) ) 
 REPRESENTATION_ITEM ( '' )  SURFACE ( )  );
#4534 = CIRCLE ( 'NONE', #1770, 10.12500000000000000 ) ;
#4535 = EDGE_CURVE ( 'NONE', #1157, #3674, #2665, .T. ) ;
#4536 = DIRECTION ( 'NONE',  ( 0.000000000000000000, 0.000000000000000000, -1.000000000000000000 ) ) ;
#4537 = EDGE_CURVE ( 'NONE', #937, #1461, #2096, .T. ) ;
#4538 = AXIS2_PLACEMENT_3D ( 'NONE', #3173, #4170, #341 ) ;
#4539 = FILL_AREA_STYLE ('',( #171 ) ) ;
#4540 = PLANE ( 'NONE',  #2920 ) ;
#4541 = ORIENTED_EDGE ( 'NONE', *, *, #1646, .T. ) ;
#4542 = CARTESIAN_POINT ( 'NONE',  ( -9.391583955706106934, 21.60110038013075595, 93.37691219906434981 ) ) ;
#4543 = ORIENTED_EDGE ( 'NONE', *, *, #5342, .F. ) ;
#4544 = CARTESIAN_POINT ( 'NONE',  ( -9.147593503506779911, 22.58500000000000441, 99.30668355417975590 ) ) ;
#4545 = CIRCLE ( 'NONE', #2403, 10.12499999999999645 ) ;
#4546 = SURFACE_SIDE_STYLE ('',( #89 ) ) ;
#4547 = COLOUR_RGB ( '',0.1019607843137254888, 0.1019607843137254888, 0.1019607843137254888 ) ;
#4548 = DIRECTION ( 'NONE',  ( 1.000000000000000000, 0.000000000000000000, 0.000000000000000000 ) ) ;
#4549 = ORIENTED_EDGE ( 'NONE', *, *, #104, .T. ) ;
#4550 = CARTESIAN_POINT ( 'NONE',  ( 1.775762833513758965, 29.15999999999999304, 41.56926913758933040 ) ) ;
#4551 = ORIENTED_EDGE ( 'NONE', *, *, #5958, .T. ) ;
#4552 = MECHANICAL_DESIGN_GEOMETRIC_PRESENTATION_REPRESENTATION (  '', ( #4250 ), #3323 ) ;
#4553 = CIRCLE ( 'NONE', #1594, 10.12499999999999467 ) ;
#4554 = CARTESIAN_POINT ( 'NONE',  ( -0.4084919369461061933, 23.52252409949484502, 86.16834290613725500 ) ) ;
#4555 =( LENGTH_UNIT ( ) NAMED_UNIT ( * ) SI_UNIT ( .MILLI., .METRE. ) );
#4556 = CARTESIAN_POINT ( 'NONE',  ( -1.146182638514869234, 2.961515237708825854, 85.15032053865031969 ) ) ;
#4557 =( GEOMETRIC_REPRESENTATION_CONTEXT ( 3 ) GLOBAL_UNCERTAINTY_ASSIGNED_CONTEXT ( ( #4348 ) ) GLOBAL_UNIT_ASSIGNED_CONTEXT ( ( #380, #2724, #3275 ) ) REPRESENTATION_CONTEXT ( 'NONE', 'WORKASPACE' ) );
#4558 = DIRECTION ( 'NONE',  ( 0.000000000000000000, -5.595882180570350110E-16, -1.000000000000000000 ) ) ;
#4559 = ORIENTED_EDGE ( 'NONE', *, *, #1608, .T. ) ;
#4560 = COLOUR_RGB ( '',0.1019607843137254888, 0.1019607843137254888, 0.1019607843137254888 ) ;
#4561 = PRESENTATION_STYLE_ASSIGNMENT (( #2577 ) ) ;
#4562 =( GEOMETRIC_REPRESENTATION_CONTEXT ( 3 ) GLOBAL_UNCERTAINTY_ASSIGNED_CONTEXT ( ( #1269 ) ) GLOBAL_UNIT_ASSIGNED_CONTEXT ( ( #3350, #6221, #6252 ) ) REPRESENTATION_CONTEXT ( 'NONE', 'WORKASPACE' ) );
#4563 = CARTESIAN_POINT ( 'NONE',  ( 0.000000000000000000, 25.10999999999999588, -3.037499999999999645 ) ) ;
#4564 =( NAMED_UNIT ( * ) SI_UNIT ( $, .STERADIAN. ) SOLID_ANGLE_UNIT ( ) );
#4565 = UNCERTAINTY_MEASURE_WITH_UNIT (LENGTH_MEASURE( 1.000000000000000082E-05 ), #6045, 'distance_accuracy_value', 'NONE');
#4566 = SURFACE_STYLE_FILL_AREA ( #2614 ) ;
#4567 = VECTOR ( 'NONE', #4979, 1000.000000000000000 ) ;
#4568 = SURFACE_SIDE_STYLE ('',( #4658 ) ) ;
#4569 = PLANE ( 'NONE',  #3109 ) ;
#4570 = EDGE_CURVE ( 'NONE', #4974, #1417, #2781, .T. ) ;
#4571 = ORIENTED_EDGE ( 'NONE', *, *, #3724, .F. ) ;
#4572 = CARTESIAN_POINT ( 'NONE',  ( 10.62500000000000000, 29.16000000000004988, 100.6984762319159188 ) ) ;
#4573 = ORIENTED_EDGE ( 'NONE', *, *, #5570, .T. ) ;
#4574 = ADVANCED_FACE ( 'NONE', ( #2185 ), #3688, .F. ) ;
#4575 =( NAMED_UNIT ( * ) PLANE_ANGLE_UNIT ( ) SI_UNIT ( $, .RADIAN. ) );
#4576 = FACE_BOUND ( 'NONE', #5757, .T. ) ;
#4577 = AXIS2_PLACEMENT_3D ( 'NONE', #2550, #194, #640 ) ;
#4578 = LINE ( 'NONE', #3192, #671 ) ;
#4579 = DIRECTION ( 'NONE',  ( 0.000000000000000000, 0.7071067811865512365, 0.7071067811865439090 ) ) ;
#4580 = DIRECTION ( 'NONE',  ( 3.212450881438532241E-16, 1.000000000000000000, 0.000000000000000000 ) ) ;
#4581 = ORIENTED_EDGE ( 'NONE', *, *, #1172, .T. ) ;
#4582 = ORIENTED_EDGE ( 'NONE', *, *, #2324, .F. ) ;
#4583 = EDGE_CURVE ( 'NONE', #4726, #2833, #1233, .T. ) ;
#4584 = VECTOR ( 'NONE', #3880, 1000.000000000000000 ) ;
#4585 = VECTOR ( 'NONE', #3599, 1000.000000000000000 ) ;
#4586 = CARTESIAN_POINT ( 'NONE',  ( 20.25000000000000000, -3.037499999999999645, 137.0924999999999727 ) ) ;
#4587 = CARTESIAN_POINT ( 'NONE',  ( -8.319081049480949730, 1.140810760912384980, 93.82321385450362072 ) ) ;
#4588 = CARTESIAN_POINT ( 'NONE',  ( -1.153976338263130064, 2.979021454892770926, 85.13844529211489487 ) ) ;
#4589 = VECTOR ( 'NONE', #3664, 1000.000000000000000 ) ;
#4590 = SURFACE_STYLE_FILL_AREA ( #160 ) ;
#4591 = ORIENTED_EDGE ( 'NONE', *, *, #4924, .F. ) ;
#4592 =( GEOMETRIC_REPRESENTATION_CONTEXT ( 3 ) GLOBAL_UNCERTAINTY_ASSIGNED_CONTEXT ( ( #4214 ) ) GLOBAL_UNIT_ASSIGNED_CONTEXT ( ( #2008, #1534, #3058 ) ) REPRESENTATION_CONTEXT ( 'NONE', 'WORKASPACE' ) );
#4593 = CARTESIAN_POINT ( 'NONE',  ( 10.62500000000000000, 29.16000000000003922, 37.16643538402556146 ) ) ;
#4594 = CARTESIAN_POINT ( 'NONE',  ( 4.568528209914282101, -2.394682976876175040, 46.47375003405056049 ) ) ;
#4595 =( GEOMETRIC_REPRESENTATION_CONTEXT ( 3 ) GLOBAL_UNCERTAINTY_ASSIGNED_CONTEXT ( ( #4010 ) ) GLOBAL_UNIT_ASSIGNED_CONTEXT ( ( #366, #3230, #265 ) ) REPRESENTATION_CONTEXT ( 'NONE', 'WORKASPACE' ) );
#4596 = SURFACE_STYLE_FILL_AREA ( #2696 ) ;
#4597 =( NAMED_UNIT ( * ) SI_UNIT ( $, .STERADIAN. ) SOLID_ANGLE_UNIT ( ) );
#4598 = CARTESIAN_POINT ( 'NONE',  ( -1.776244174852052993, 4.856926674129147692, 53.02768105887673755 ) ) ;
#4599 = SURFACE_SIDE_STYLE ('',( #1597 ) ) ;
#4600 = FACE_OUTER_BOUND ( 'NONE', #4997, .T. ) ;
#4601 =( NAMED_UNIT ( * ) SI_UNIT ( $, .STERADIAN. ) SOLID_ANGLE_UNIT ( ) );
#4602 = FACE_OUTER_BOUND ( 'NONE', #6253, .T. ) ;
#4603 = LINE ( 'NONE', #710, #1994 ) ;
#4604 = ORIENTED_EDGE ( 'NONE', *, *, #2759, .T. ) ;
#4605 = ORIENTED_EDGE ( 'NONE', *, *, #1721, .F. ) ;
#4606 = PRESENTATION_STYLE_ASSIGNMENT (( #2651 ) ) ;
#4607 =( NAMED_UNIT ( * ) SI_UNIT ( $, .STERADIAN. ) SOLID_ANGLE_UNIT ( ) );
#4608 = CARTESIAN_POINT ( 'NONE',  ( 8.310017158151277172, -4.049999999999962519, 36.72085431544545742 ) ) ;
#4609 =( NAMED_UNIT ( * ) PLANE_ANGLE_UNIT ( ) SI_UNIT ( $, .RADIAN. ) );
#4610 = PRESENTATION_STYLE_ASSIGNMENT (( #2630 ) ) ;
#4611 = VERTEX_POINT ( 'NONE', #316 ) ;
#4612 = CARTESIAN_POINT ( 'NONE',  ( 10.67633700755051152, 29.16000000000085279, 45.82336753221909476 ) ) ;
#4613 = ORIENTED_EDGE ( 'NONE', *, *, #1020, .T. ) ;
#4614 = ADVANCED_FACE ( 'NONE', ( #5220 ), #3244, .F. ) ;
#4615 = CARTESIAN_POINT ( 'NONE',  ( 2.195288347987315536, 28.14749999999999019, 90.75744899964878698 ) ) ;
#4616 = CARTESIAN_POINT ( 'NONE',  ( 1.012499999999961542, -4.050000000000003375, 90.61874999999999147 ) ) ;
#4617 = EDGE_CURVE ( 'NONE', #2371, #2495, #1331, .T. ) ;
#4618 = CARTESIAN_POINT ( 'NONE',  ( 3.722244480510016995, 27.78859768695681609, 90.61874993210687990 ) ) ;
#4619 = CARTESIAN_POINT ( 'NONE',  ( -7.796250000000000568, 3.138750000000146034, 110.3624999999999829 ) ) ;
#4620 = ORIENTED_EDGE ( 'NONE', *, *, #2683, .T. ) ;
#4621 = CARTESIAN_POINT ( 'NONE',  ( -10.12500000000003730, 7.087499999999992362, 46.47374999999998835 ) ) ;
#4622 = FACE_OUTER_BOUND ( 'NONE', #4525, .T. ) ;
#4623 = VECTOR ( 'NONE', #6265, 1000.000000000000000 ) ;
#4624 = CARTESIAN_POINT ( 'NONE',  ( 8.113050789623654779, -0.1390244780504900635, 46.47375001602998168 ) ) ;
#4625 = CARTESIAN_POINT ( 'NONE',  ( -51.32951142158430713, 3.138750000000141593, 1.350211916778389836E-14 ) ) ;
#4626 = CARTESIAN_POINT ( 'NONE',  ( -5.973749999999992788, 25.10999999999999588, 110.3999999999999915 ) ) ;
#4627 = CARTESIAN_POINT ( 'NONE',  ( -9.112499999999998934, 7.087500000000000355, 46.47375000000000256 ) ) ;
#4628 = VECTOR ( 'NONE', #865, 1000.000000000000000 ) ;
#4629 =( NAMED_UNIT ( * ) SI_UNIT ( $, .STERADIAN. ) SOLID_ANGLE_UNIT ( ) );
#4630 = DIRECTION ( 'NONE',  ( 1.000000000000000000, -3.212450881438532241E-16, 6.057297782015009052E-32 ) ) ;
#4631 = ORIENTED_EDGE ( 'NONE', *, *, #2805, .F. ) ;
#4632 = UNCERTAINTY_MEASURE_WITH_UNIT (LENGTH_MEASURE( 1.000000000000000082E-05 ), #5327, 'distance_accuracy_value', 'NONE');
#4633 = VERTEX_POINT ( 'NONE', #1903 ) ;
#4634 = CARTESIAN_POINT ( 'NONE',  ( 1.346932820426246291, -4.049999999999998046, 92.70901047273787299 ) ) ;
#4635 = CIRCLE ( 'NONE', #1979, 3.000000000000002665 ) ;
#4636 = SURFACE_STYLE_FILL_AREA ( #3708 ) ;
#4637 = FILL_AREA_STYLE ('',( #3130 ) ) ;
#4638 =( NAMED_UNIT ( * ) PLANE_ANGLE_UNIT ( ) SI_UNIT ( $, .RADIAN. ) );
#4639 = VERTEX_POINT ( 'NONE', #2857 ) ;
#4640 = CARTESIAN_POINT ( 'NONE',  ( 10.16404665332546564, 22.36646107972427089, 46.47374999485082725 ) ) ;
#4641 = ORIENTED_EDGE ( 'NONE', *, *, #2310, .T. ) ;
#4642 = DIRECTION ( 'NONE',  ( 0.000000000000000000, 0.7071067811865489050, 0.7071067811865460184 ) ) ;
#4643 = VECTOR ( 'NONE', #5853, 1000.000000000000000 ) ;
#4644 = LINE ( 'NONE', #821, #4862 ) ;
#4645 = CARTESIAN_POINT ( 'NONE',  ( 4.925878795894540474, 29.16000000000001080, 92.63693213829157003 ) ) ;
#4646 = ADVANCED_FACE ( 'NONE', ( #4344 ), #2217, .T. ) ;
#4647 = ORIENTED_EDGE ( 'NONE', *, *, #1884, .T. ) ;
#4648 = ADVANCED_FACE ( 'NONE', ( #4907 ), #6270, .T. ) ;
#4649 = VECTOR ( 'NONE', #3052, 1000.000000000000000 ) ;
#4650 = PRESENTATION_STYLE_ASSIGNMENT (( #2876 ) ) ;
#4651 = EDGE_CURVE ( 'NONE', #5770, #6262, #3884, .T. ) ;
#4652 = CARTESIAN_POINT ( 'NONE',  ( -9.397793239676200727, 21.98095741206607201, 42.18193152773353205 ) ) ;
#4653 = DIRECTION ( 'NONE',  ( 0.000000000000000000, 1.885568995626965026E-16, 1.000000000000000000 ) ) ;
#4654 = AXIS2_PLACEMENT_3D ( 'NONE', #4209, #5096, #4682 ) ;
#4655 = UNCERTAINTY_MEASURE_WITH_UNIT (LENGTH_MEASURE( 1.000000000000000082E-05 ), #3146, 'distance_accuracy_value', 'NONE');
#4656 = CARTESIAN_POINT ( 'NONE',  ( 1.292717133355612225, -4.050000000000005151, 41.98466345491522844 ) ) ;
#4657 = ADVANCED_FACE ( 'NONE', ( #2446 ), #1886, .T. ) ;
#4658 = SURFACE_STYLE_FILL_AREA ( #2616 ) ;
#4659 = MECHANICAL_DESIGN_GEOMETRIC_PRESENTATION_REPRESENTATION (  '', ( #5559 ), #1086 ) ;
#4660 = PRESENTATION_LAYER_ASSIGNMENT (  '', '', ( #3730 ) ) ;
#4661 = LINE ( 'NONE', #4296, #4340 ) ;
#4662 = VECTOR ( 'NONE', #1944, 1000.000000000000000 ) ;
#4663 = DIRECTION ( 'NONE',  ( 0.000000000000000000, 1.885568995626964780E-16, 1.000000000000000000 ) ) ;
#4664 = EDGE_LOOP ( 'NONE', ( #3895 ) ) ;
#4665 =( LENGTH_UNIT ( ) NAMED_UNIT ( * ) SI_UNIT ( .MILLI., .METRE. ) );
#4666 = ORIENTED_EDGE ( 'NONE', *, *, #979, .T. ) ;
#4667 = FILL_AREA_STYLE_COLOUR ( '', #413 ) ;
#4668 = VECTOR ( 'NONE', #2229, 1000.000000000000000 ) ;
#4669 = DIRECTION ( 'NONE',  ( 0.000000000000000000, 1.000000000000000000, -5.595882180570350110E-16 ) ) ;
#4670 = VERTEX_POINT ( 'NONE', #5678 ) ;
#4671 = SURFACE_SIDE_STYLE ('',( #746 ) ) ;
#4672 =( LENGTH_UNIT ( ) NAMED_UNIT ( * ) SI_UNIT ( .MILLI., .METRE. ) );
#4673 = VERTEX_POINT ( 'NONE', #1926 ) ;
#4674 = COLOUR_RGB ( '',0.1019607843137254888, 0.1019607843137254888, 0.1019607843137254888 ) ;
#4675 = CARTESIAN_POINT ( 'NONE',  ( 10.70601442737400788, 20.96928168215351462, 46.47374999741051482 ) ) ;
#4676 = ORIENTED_EDGE ( 'NONE', *, *, #2731, .T. ) ;
#4677 = CARTESIAN_POINT ( 'NONE',  ( 2.870641779993730935, 28.14750000000000085, 90.97620878398552691 ) ) ;
#4678 = VECTOR ( 'NONE', #4931, 1000.000000000000000 ) ;
#4679 = CARTESIAN_POINT ( 'NONE',  ( -8.261373546555477176, 1.101362804979726384, 93.61463601026598269 ) ) ;
#4680 = FILL_AREA_STYLE_COLOUR ( '', #4760 ) ;
#4681 = CARTESIAN_POINT ( 'NONE',  ( 9.150241880902461489, 24.05347229573053625, 90.61875000940591462 ) ) ;
#4682 = DIRECTION ( 'NONE',  ( 1.000000000000000000, -3.212450881438532241E-16, 0.000000000000000000 ) ) ;
#4683 = ORIENTED_EDGE ( 'NONE', *, *, #1746, .T. ) ;
#4684 = B_SPLINE_CURVE_WITH_KNOTS ( 'NONE', 3,
 ( #6152, #2212, #5716, #813, #2348, #3678, #1252, #6191, #5643, #5614 ),
 .UNSPECIFIED., .F., .F.,
 ( 4, 2, 2, 2, 4 ),
 ( 0.000000000000000000, 0.001948074037470622685, 0.002922111056205930774, 0.003409129565573579181, 0.003896148074941227155 ),
 .UNSPECIFIED. ) ;
#4685 = DIRECTION ( 'NONE',  ( -5.165278571223819482E-17, -1.000000000000000000, 5.011196880269860074E-16 ) ) ;
#4686 = EDGE_CURVE ( 'NONE', #4329, #4059, #1352, .T. ) ;
#4687 =( GEOMETRIC_REPRESENTATION_CONTEXT ( 3 ) GLOBAL_UNCERTAINTY_ASSIGNED_CONTEXT ( ( #1750 ) ) GLOBAL_UNIT_ASSIGNED_CONTEXT ( ( #3216, #2264, #4219 ) ) REPRESENTATION_CONTEXT ( 'NONE', 'WORKASPACE' ) );
#4688 = CARTESIAN_POINT ( 'NONE',  ( 2.227799725878025328, -4.049999999999999822, 41.03963957000485152 ) ) ;
#4689 = PLANE ( 'NONE',  #5776 ) ;
#4690 = DIRECTION ( 'NONE',  ( 1.000000000000000000, 0.000000000000000000, 0.000000000000000000 ) ) ;
#4691 = VECTOR ( 'NONE', #1475, 1000.000000000000000 ) ;
#4692 =( NAMED_UNIT ( * ) SI_UNIT ( $, .STERADIAN. ) SOLID_ANGLE_UNIT ( ) );
#4693 = PRESENTATION_STYLE_ASSIGNMENT (( #3314 ) ) ;
#4694 = PRESENTATION_LAYER_ASSIGNMENT (  '', '', ( #1120 ) ) ;
#4695 = CARTESIAN_POINT ( 'NONE',  ( -7.125000000000035527, 11.43500000000000050, 98.89999999999999147 ) ) ;
#4696 = MECHANICAL_DESIGN_GEOMETRIC_PRESENTATION_REPRESENTATION (  '', ( #3059 ), #3575 ) ;
#4697 = ADVANCED_FACE ( 'NONE', ( #2351 ), #3847, .T. ) ;
#4698 = DIRECTION ( 'NONE',  ( 1.000000000000000000, 0.000000000000000000, 0.000000000000000000 ) ) ;
#4699 = ORIENTED_EDGE ( 'NONE', *, *, #5567, .F. ) ;
#4700 = UNCERTAINTY_MEASURE_WITH_UNIT (LENGTH_MEASURE( 1.000000000000000082E-05 ), #4213, 'distance_accuracy_value', 'NONE');
#4701 = ORIENTED_EDGE ( 'NONE', *, *, #1337, .F. ) ;
#4702 = CARTESIAN_POINT ( 'NONE',  ( 1.012499999999961542, 29.15999999999998948, 23.69249999999998835 ) ) ;
#4703 = CARTESIAN_POINT ( 'NONE',  ( 5.124129633560427166, -2.166906393696483857, 90.61874997400263965 ) ) ;
#4704 = CARTESIAN_POINT ( 'NONE',  ( 0.000000000000000000, 25.10999999999999588, 113.4000000000000057 ) ) ;
#4705 = SURFACE_STYLE_USAGE ( .BOTH. , #5176 ) ;
#4706 = CYLINDRICAL_SURFACE ( 'NONE', #6073, 10.12500000000000000 ) ;
#4707 = ORIENTED_EDGE ( 'NONE', *, *, #54, .F. ) ;
#4708 = CARTESIAN_POINT ( 'NONE',  ( 3.619549155324788714, 29.16000000000000369, 39.48431724159213019 ) ) ;
#4709 = ORIENTED_EDGE ( 'NONE', *, *, #5618, .T. ) ;
#4710 =( LENGTH_UNIT ( ) NAMED_UNIT ( * ) SI_UNIT ( .MILLI., .METRE. ) );
#4711 = SURFACE_STYLE_USAGE ( .BOTH. , #5285 ) ;
#4712 = PRESENTATION_STYLE_ASSIGNMENT (( #1231 ) ) ;
#4713 = CARTESIAN_POINT ( 'NONE',  ( 9.297378561140417830, 23.84742946735008928, 90.61874999413097953 ) ) ;
#4714 = CARTESIAN_POINT ( 'NONE',  ( 10.62500000000000000, -3.037499999999999645, 96.25054039609395318 ) ) ;
#4715 = SURFACE_STYLE_FILL_AREA ( #4284 ) ;
#4716 = VERTEX_POINT ( 'NONE', #1865 ) ;
#4717 = CARTESIAN_POINT ( 'NONE',  ( -8.697423804610615150, 23.47165411189722661, 42.33637767309340205 ) ) ;
#4718 =( NAMED_UNIT ( * ) PLANE_ANGLE_UNIT ( ) SI_UNIT ( $, .RADIAN. ) );
#4719 = UNCERTAINTY_MEASURE_WITH_UNIT (LENGTH_MEASURE( 1.000000000000000082E-05 ), #3917, 'distance_accuracy_value', 'NONE');
#4720 = CARTESIAN_POINT ( 'NONE',  ( 10.70601442737357623, 4.140718317844178209, 46.47374999741017376 ) ) ;
#4721 = CARTESIAN_POINT ( 'NONE',  ( -1.149195758943243550, 22.14172801808877367, 51.94676690717021472 ) ) ;
#4722 = SURFACE_STYLE_FILL_AREA ( #6178 ) ;
#4723 = DIRECTION ( 'NONE',  ( 2.775557561562890365E-16, 0.000000000000000000, 1.000000000000000000 ) ) ;
#4724 = CARTESIAN_POINT ( 'NONE',  ( 10.62500000000000000, 28.14749999999999375, 40.84195960390618296 ) ) ;
#4725 = DIRECTION ( 'NONE',  ( -1.000000000000000000, -6.071532165918857963E-15, -0.000000000000000000 ) ) ;
#4726 = VERTEX_POINT ( 'NONE', #3298 ) ;
#4727 = EDGE_CURVE ( 'NONE', #2868, #5104, #3937, .T. ) ;
#4728 = EDGE_LOOP ( 'NONE', ( #577, #1992, #5675, #471, #2821, #3556 ) ) ;
#4729 = CARTESIAN_POINT ( 'NONE',  ( 0.000000000000000000, 22.07249999999999801, 137.0924999999999727 ) ) ;
#4730 = CARTESIAN_POINT ( 'NONE',  ( 7.091236425153744527, -4.050000000000115286, 92.45725027594487244 ) ) ;
#4731 = EDGE_CURVE ( 'NONE', #2770, #2770, #3625, .T. ) ;
#4732 = VECTOR ( 'NONE', #5475, 1000.000000000000000 ) ;
#4733 = DIRECTION ( 'NONE',  ( -1.000000000000000000, 0.000000000000000000, 0.000000000000000000 ) ) ;
#4734 = CARTESIAN_POINT ( 'NONE',  ( -5.973749999999985683, 2.149999999730425326, 92.47500000006155574 ) ) ;
#4735 = CARTESIAN_POINT ( 'NONE',  ( 6.567686363338084199, 29.16000000000002501, 99.74478791476046524 ) ) ;
#4736 = ORIENTED_EDGE ( 'NONE', *, *, #6155, .T. ) ;
#4737 = CARTESIAN_POINT ( 'NONE',  ( 10.77835238475702440, 20.70466603229388269, 46.47375000083184204 ) ) ;
#4738 = VERTEX_POINT ( 'NONE', #442 ) ;
#4739 = DIRECTION ( 'NONE',  ( -4.418190778938459985E-14, 0.000000000000000000, 1.000000000000000000 ) ) ;
#4740 = CIRCLE ( 'NONE', #3508, 11.13749999999999396 ) ;
#4741 = B_SPLINE_CURVE_WITH_KNOTS ( 'NONE', 3,
 ( #3094, #4930, #1151, #559, #2141, #627, #4030, #3969, #5997, #5017, #4000, #5427, #146, #5049, #652, #4460, #2563, #1062, #2592, #4090, #4959, #6028 ),
 .UNSPECIFIED., .F., .F.,
 ( 4, 2, 2, 2, 2, 2, 2, 2, 2, 2, 4 ),
 ( 0.000000000000000000, 0.001374480804111921986, 0.002061721206167879510, 0.002748961608223837467, 0.004123442412335753815, 0.005497923216447670597, 0.006872404020559587379, 0.008246884824671502426, 0.008934125226727467756, 0.009621365628783431351, 0.01099584643289536895 ),
 .UNSPECIFIED. ) ;
#4742 = DIRECTION ( 'NONE',  ( 0.000000000000000000, 1.000000000000000000, -2.252887631138709814E-16 ) ) ;
#4743 = CARTESIAN_POINT ( 'NONE',  ( 11.03219711801201441, 19.48269491428509781, 90.61875000008747350 ) ) ;
#4744 = CARTESIAN_POINT ( 'NONE',  ( 10.62500000000000000, -3.370378253018048831, 96.94734603506556425 ) ) ;
#4745 = SURFACE_SIDE_STYLE ('',( #4715 ) ) ;
#4746 = ORIENTED_EDGE ( 'NONE', *, *, #238, .T. ) ;
#4747 = AXIS2_PLACEMENT_3D ( 'NONE', #554, #79, #589 ) ;
#4748 = CARTESIAN_POINT ( 'NONE',  ( 0.7606191013488253772, 25.00630361974984339, 87.47755361974992638 ) ) ;
#4749 = CARTESIAN_POINT ( 'NONE',  ( 1.012499999999961542, 18.02249999999999730, 101.8999999999999915 ) ) ;
#4750 = CARTESIAN_POINT ( 'NONE',  ( 1.012499999999961542, 7.087499999999995914, 90.61874999999999147 ) ) ;
#4751 = CARTESIAN_POINT ( 'NONE',  ( -5.973749999999985683, 2.149999999727878919, 43.00000000007146639 ) ) ;
#4752 = VECTOR ( 'NONE', #6024, 1000.000000000000000 ) ;
#4753 = VECTOR ( 'NONE', #5407, 1000.000000000000000 ) ;
#4754 = SURFACE_STYLE_FILL_AREA ( #2789 ) ;
#4755 = DIRECTION ( 'NONE',  ( 0.000000000000000000, 4.370432417781573901E-15, 1.000000000000000000 ) ) ;
#4756 = PRESENTATION_STYLE_ASSIGNMENT (( #1853 ) ) ;
#4757 =( NAMED_UNIT ( * ) SI_UNIT ( $, .STERADIAN. ) SOLID_ANGLE_UNIT ( ) );
#4758 = CARTESIAN_POINT ( 'NONE',  ( -2.024999999999999911, 7.087500000000000355, 0.000000000000000000 ) ) ;
#4759 = MECHANICAL_DESIGN_GEOMETRIC_PRESENTATION_REPRESENTATION (  '', ( #4256 ), #3112 ) ;
#4760 = COLOUR_RGB ( '',0.1019607843137254888, 0.1019607843137254888, 0.1019607843137254888 ) ;
#4761 = PRESENTATION_STYLE_ASSIGNMENT (( #5605 ) ) ;
#4762 = ORIENTED_EDGE ( 'NONE', *, *, #3551, .F. ) ;
#4763 = UNCERTAINTY_MEASURE_WITH_UNIT (LENGTH_MEASURE( 1.000000000000000082E-05 ), #2153, 'distance_accuracy_value', 'NONE');
#4764 = DIRECTION ( 'NONE',  ( 0.000000000000000000, 0.000000000000000000, -1.000000000000000000 ) ) ;
#4765 = EDGE_LOOP ( 'NONE', ( #3816, #2176 ) ) ;
#4766 = MECHANICAL_DESIGN_GEOMETRIC_PRESENTATION_REPRESENTATION (  '', ( #1189 ), #4367 ) ;
#4767 = CARTESIAN_POINT ( 'NONE',  ( 1.775762833514548555, -4.049999999999999822, 95.52323086241158023 ) ) ;
#4768 = ADVANCED_FACE ( 'NONE', ( #5312 ), #5064, .T. ) ;
#4769 = AXIS2_PLACEMENT_3D ( 'NONE', #4625, #672, #251 ) ;
#4770 = ADVANCED_FACE ( 'NONE', ( #2379, #4337, #879 ), #3001, .F. ) ;
#4771 = AXIS2_PLACEMENT_3D ( 'NONE', #1953, #877, #2377 ) ;
#4772 = FILL_AREA_STYLE ('',( #1860 ) ) ;
#4773 = CARTESIAN_POINT ( 'NONE',  ( -9.432692025035741779, 21.75510045465398434, 94.07423311000603405 ) ) ;
#4774 =( NAMED_UNIT ( * ) PLANE_ANGLE_UNIT ( ) SI_UNIT ( $, .RADIAN. ) );
#4775 = ORIENTED_EDGE ( 'NONE', *, *, #100, .F. ) ;
#4776 = FILL_AREA_STYLE_COLOUR ( '', #5267 ) ;
#4777 = VERTEX_POINT ( 'NONE', #2590 ) ;
#4778 = CARTESIAN_POINT ( 'NONE',  ( 4.452767729842694422, -3.037500000000000089, 45.13787884951648977 ) ) ;
#4779 = FACE_OUTER_BOUND ( 'NONE', #4898, .T. ) ;
#4780 = STYLED_ITEM ( 'NONE', ( #5952 ), #26 ) ;
#4781 = CARTESIAN_POINT ( 'NONE',  ( 1.012499999999961542, 29.15999999999999659, 113.4000000000000057 ) ) ;
#4782 =( LENGTH_UNIT ( ) NAMED_UNIT ( * ) SI_UNIT ( .MILLI., .METRE. ) );
#4783 =( GEOMETRIC_REPRESENTATION_CONTEXT ( 3 ) GLOBAL_UNCERTAINTY_ASSIGNED_CONTEXT ( ( #3596 ) ) GLOBAL_UNIT_ASSIGNED_CONTEXT ( ( #5325, #4849, #2923 ) ) REPRESENTATION_CONTEXT ( 'NONE', 'WORKASPACE' ) );
#4784 = SURFACE_STYLE_FILL_AREA ( #415 ) ;
#4785 = CARTESIAN_POINT ( 'NONE',  ( 10.77835238475704038, 20.70466603229390756, 90.61874999916813067 ) ) ;
#4786 = CARTESIAN_POINT ( 'NONE',  ( 10.12499993142364474, 28.90913654095753671, 98.44585418736281213 ) ) ;
#4787 = EDGE_CURVE ( 'NONE', #3165, #3165, #5650, .T. ) ;
#4788 = VERTEX_POINT ( 'NONE', #4957 ) ;
#4789 = COLOUR_RGB ( '',0.1019607843137254888, 0.1019607843137254888, 0.1019607843137254888 ) ;
#4790 = SURFACE_STYLE_FILL_AREA ( #452 ) ;
#4791 = CARTESIAN_POINT ( 'NONE',  ( -1.963347187053632759, 5.971799759344634140, 83.67184919329577042 ) ) ;
#4792 = UNCERTAINTY_MEASURE_WITH_UNIT (LENGTH_MEASURE( 1.000000000000000082E-05 ), #3893, 'distance_accuracy_value', 'NONE');
#4793 = MECHANICAL_DESIGN_GEOMETRIC_PRESENTATION_REPRESENTATION (  '', ( #5694 ), #1930 ) ;
#4794 = CARTESIAN_POINT ( 'NONE',  ( -1.782597087714251627, 20.22475603429394653, 53.04031340343548351 ) ) ;
#4795 =( NAMED_UNIT ( * ) SI_UNIT ( $, .STERADIAN. ) SOLID_ANGLE_UNIT ( ) );
#4796 =( NAMED_UNIT ( * ) PLANE_ANGLE_UNIT ( ) SI_UNIT ( $, .RADIAN. ) );
#4797 = CARTESIAN_POINT ( 'NONE',  ( 10.62500000000000000, 25.10999999999999588, -3.037499999999999645 ) ) ;
#4798 = DIRECTION ( 'NONE',  ( -1.000000000000000000, -0.000000000000000000, 0.000000000000000000 ) ) ;
#4799 = AXIS2_PLACEMENT_3D ( 'NONE', #331, #2271, #4225 ) ;
#4800 = ORIENTED_EDGE ( 'NONE', *, *, #356, .F. ) ;
#4801 = MECHANICAL_DESIGN_GEOMETRIC_PRESENTATION_REPRESENTATION (  '', ( #2134 ), #2849 ) ;
#4802 = LINE ( 'NONE', #434, #5669 ) ;
#4803 = VERTEX_POINT ( 'NONE', #5015 ) ;
#4804 = CARTESIAN_POINT ( 'NONE',  ( 10.27535052360858714, 2.992119492959554705, 90.61874999749916526 ) ) ;
#4805 = VECTOR ( 'NONE', #5705, 1000.000000000000114 ) ;
#4806 = CIRCLE ( 'NONE', #1330, 11.13749999999999396 ) ;
#4807 = CARTESIAN_POINT ( 'NONE',  ( 1.012499999999853850, 29.16000000000000014, 95.03213518033508933 ) ) ;
#4808 = CARTESIAN_POINT ( 'NONE',  ( -5.973749999999999893, 10.93500000000000050, 102.2625000000000028 ) ) ;
#4809 = ORIENTED_EDGE ( 'NONE', *, *, #1215, .T. ) ;
#4810 = ORIENTED_EDGE ( 'NONE', *, *, #3044, .T. ) ;
#4811 = CARTESIAN_POINT ( 'NONE',  ( 10.12496444124569450, -3.929777250234488317, 37.96830633748997030 ) ) ;
#4812 = CARTESIAN_POINT ( 'NONE',  ( -101.2500000000000000, -67.02749999999998920, 67.02749999999998920 ) ) ;
#4813 = SURFACE_SIDE_STYLE ('',( #4784 ) ) ;
#4814 = CARTESIAN_POINT ( 'NONE',  ( 10.62500000000000000, -4.049999999999947420, 100.6984762319159046 ) ) ;
#4815 = CARTESIAN_POINT ( 'NONE',  ( 10.62500000000000000, -4.049999999999950973, 37.16650842017332224 ) ) ;
#4816 = ORIENTED_EDGE ( 'NONE', *, *, #1746, .F. ) ;
#4817 = EDGE_CURVE ( 'NONE', #3158, #3868, #4870, .T. ) ;
#4818 = EDGE_CURVE ( 'NONE', #5090, #3066, #5165, .T. ) ;
#4819 = CARTESIAN_POINT ( 'NONE',  ( -7.796250000000000568, 3.138750000000141593, 40.70249999999999346 ) ) ;
#4820 = DIRECTION ( 'NONE',  ( 0.000000000000000000, 0.000000000000000000, 1.000000000000000000 ) ) ;
#4821 = DIRECTION ( 'NONE',  ( 0.000000000000000000, -0.7071067811865441310, -0.7071067811865510144 ) ) ;
#4822 = CARTESIAN_POINT ( 'NONE',  ( 10.92349068601805406, 5.011488844442062884, 46.47375000026963221 ) ) ;
#4823 = CARTESIAN_POINT ( 'NONE',  ( -1.273064076607420603, 21.85375048712239376, 52.13860023010686717 ) ) ;
#4824 = PLANE ( 'NONE',  #1627 ) ;
#4825 = LINE ( 'NONE', #4852, #6210 ) ;
#4826 =( LENGTH_UNIT ( ) NAMED_UNIT ( * ) SI_UNIT ( .MILLI., .METRE. ) );
#4827 = ORIENTED_EDGE ( 'NONE', *, *, #981, .F. ) ;
#4828 = CARTESIAN_POINT ( 'NONE',  ( 0.3365111746360501810, 28.13056844628119535, 137.1094315537188209 ) ) ;
#4829 = ORIENTED_EDGE ( 'NONE', *, *, #2111, .F. ) ;
#4830 = CARTESIAN_POINT ( 'NONE',  ( 8.113050789628440285, -0.1390244780456128260, 90.61874998396973524 ) ) ;
#4831 = DIRECTION ( 'NONE',  ( -5.165278571223809621E-17, -1.000000000000000000, -0.000000000000000000 ) ) ;
#4832 = CARTESIAN_POINT ( 'NONE',  ( 1.440443597846397639, 29.16000000000000014, 95.19940906699633842 ) ) ;
#4833 = ORIENTED_EDGE ( 'NONE', *, *, #2731, .F. ) ;
#4834 = VERTEX_POINT ( 'NONE', #2203 ) ;
#4835 = DIRECTION ( 'NONE',  ( 0.000000000000000000, 0.7071067811865475727, -0.7071067811865475727 ) ) ;
#4836 = VECTOR ( 'NONE', #4798, 1000.000000000000000 ) ;
#4837 =( LENGTH_UNIT ( ) NAMED_UNIT ( * ) SI_UNIT ( .MILLI., .METRE. ) );
#4838 = CARTESIAN_POINT ( 'NONE',  ( 9.043877225991051816, 29.15999999999963421, 92.06848604386949830 ) ) ;
#4839 = ORIENTED_EDGE ( 'NONE', *, *, #5885, .F. ) ;
#4840 = VECTOR ( 'NONE', #5292, 1000.000000000000000 ) ;
#4841 = LINE ( 'NONE', #453, #4118 ) ;
#4842 = EDGE_CURVE ( 'NONE', #2530, #868, #3700, .T. ) ;
#4843 = SURFACE_STYLE_FILL_AREA ( #1465 ) ;
#4844 = ADVANCED_FACE ( 'NONE', ( #1694 ), #769, .F. ) ;
#4845 = UNCERTAINTY_MEASURE_WITH_UNIT (LENGTH_MEASURE( 1.000000000000000082E-05 ), #5036, 'distance_accuracy_value', 'NONE');
#4846 = CARTESIAN_POINT ( 'NONE',  ( 10.45795950726162005, 3.432936262799778593, 46.47374999749903424 ) ) ;
#4847 = ADVANCED_FACE ( 'NONE', ( #4120 ), #284, .T. ) ;
#4848 = CARTESIAN_POINT ( 'NONE',  ( -1.828679118624732425, 20.00714427347740454, 53.13330500905113496 ) ) ;
#4849 =( NAMED_UNIT ( * ) PLANE_ANGLE_UNIT ( ) SI_UNIT ( $, .RADIAN. ) );
#4850 = AXIS2_PLACEMENT_3D ( 'NONE', #5844, #598, #3488 ) ;
#4851 = DIRECTION ( 'NONE',  ( -2.498001805406605174E-16, 1.885568995626959849E-16, 1.000000000000000000 ) ) ;
#4852 = CARTESIAN_POINT ( 'NONE',  ( -1.518749999999973621, 18.02250000000000085, 54.06749999999999545 ) ) ;
#4853 = CARTESIAN_POINT ( 'NONE',  ( -7.796250000000000568, 10.93500000000000050, 102.2625000000000028 ) ) ;
#4854 =( GEOMETRIC_REPRESENTATION_CONTEXT ( 3 ) GLOBAL_UNCERTAINTY_ASSIGNED_CONTEXT ( ( #5663 ) ) GLOBAL_UNIT_ASSIGNED_CONTEXT ( ( #126, #3137, #1261 ) ) REPRESENTATION_CONTEXT ( 'NONE', 'WORKASPACE' ) );
#4855 = VERTEX_POINT ( 'NONE', #203 ) ;
#4856 = ADVANCED_FACE ( 'NONE', ( #6118, #3605 ), #5769, .F. ) ;
#4857 = PRESENTATION_STYLE_ASSIGNMENT (( #5329 ) ) ;
#4858 = ORIENTED_EDGE ( 'NONE', *, *, #603, .F. ) ;
#4859 = FACE_OUTER_BOUND ( 'NONE', #945, .T. ) ;
#4860 = LINE ( 'NONE', #5420, #1107 ) ;
#4861 = AXIS2_PLACEMENT_3D ( 'NONE', #3139, #278, #243 ) ;
#4862 = VECTOR ( 'NONE', #4742, 1000.000000000000000 ) ;
#4863 = SURFACE_STYLE_FILL_AREA ( #6190 ) ;
#4864 =( GEOMETRIC_REPRESENTATION_CONTEXT ( 3 ) GLOBAL_UNCERTAINTY_ASSIGNED_CONTEXT ( ( #5793 ) ) GLOBAL_UNIT_ASSIGNED_CONTEXT ( ( #844, #4270, #402 ) ) REPRESENTATION_CONTEXT ( 'NONE', 'WORKASPACE' ) );
#4865 = ORIENTED_EDGE ( 'NONE', *, *, #5927, .F. ) ;
#4866 =( NAMED_UNIT ( * ) PLANE_ANGLE_UNIT ( ) SI_UNIT ( $, .RADIAN. ) );
#4867 = ORIENTED_EDGE ( 'NONE', *, *, #5380, .T. ) ;
#4868 = CARTESIAN_POINT ( 'NONE',  ( 10.12499998603331086, -3.796762267332998153, 38.65716299009655899 ) ) ;
#4869 =( NAMED_UNIT ( * ) PLANE_ANGLE_UNIT ( ) SI_UNIT ( $, .RADIAN. ) );
#4870 = CIRCLE ( 'NONE', #1602, 10.12500000000000178 ) ;
#4871 = STYLED_ITEM ( 'NONE', ( #4610 ), #4097 ) ;
#4872 = DIRECTION ( 'NONE',  ( -2.775557561562890365E-16, 1.885568995626964780E-16, 1.000000000000000000 ) ) ;
#4873 = FILL_AREA_STYLE_COLOUR ( '', #2909 ) ;
#4874 = CARTESIAN_POINT ( 'NONE',  ( 10.52882189869590412, 21.48490845198923083, 90.61874999870545366 ) ) ;
#4875 = VECTOR ( 'NONE', #1050, 1000.000000000000000 ) ;
#4876 = CARTESIAN_POINT ( 'NONE',  ( -49.50701142158430912, 0.000000000000000000, 23.69249999999999901 ) ) ;
#4877 = ORIENTED_EDGE ( 'NONE', *, *, #2362, .F. ) ;
#4878 =( NAMED_UNIT ( * ) PLANE_ANGLE_UNIT ( ) SI_UNIT ( $, .RADIAN. ) );
#4879 = CARTESIAN_POINT ( 'NONE',  ( 1.012499999999961542, 18.02249999999999375, 35.19250000000000256 ) ) ;
#4880 = LINE ( 'NONE', #514, #70 ) ;
#4881 = CARTESIAN_POINT ( 'NONE',  ( -40.50000000000000000, 23.08500000000000085, 110.3999999999999915 ) ) ;
#4882 = FILL_AREA_STYLE_COLOUR ( '', #5799 ) ;
#4883 =( NAMED_UNIT ( * ) SI_UNIT ( $, .STERADIAN. ) SOLID_ANGLE_UNIT ( ) );
#4884 = FACE_OUTER_BOUND ( 'NONE', #2462, .T. ) ;
#4885 = EDGE_CURVE ( 'NONE', #151, #2831, #4802, .T. ) ;
#4886 = CARTESIAN_POINT ( 'NONE',  ( -7.578847391416581480, 25.10999999999999588, 26.69249999999999901 ) ) ;
#4887 = AXIS2_PLACEMENT_3D ( 'NONE', #3904, #4031, #1483 ) ;
#4888 = CARTESIAN_POINT ( 'NONE',  ( 32.92873889984950608, -3.037499999999806466, 113.3999999999999915 ) ) ;
#4889 = ORIENTED_EDGE ( 'NONE', *, *, #5112, .F. ) ;
#4890 = VECTOR ( 'NONE', #2677, 1000.000000000000000 ) ;
#4891 = CARTESIAN_POINT ( 'NONE',  ( -5.973749999999999893, 3.138750000000146034, 96.39000000000000057 ) ) ;
#4892 = FILL_AREA_STYLE ('',( #1978 ) ) ;
#4893 = AXIS2_PLACEMENT_3D ( 'NONE', #5706, #2368, #4292 ) ;
#4894 = EDGE_CURVE ( 'NONE', #5313, #3101, #20, .T. ) ;
#4895 = CARTESIAN_POINT ( 'NONE',  ( 0.6742935442334501150, -3.037499999999998757, 5.143320179218505568E-15 ) ) ;
#4896 = AXIS2_PLACEMENT_3D ( 'NONE', #2925, #2864, #3863 ) ;
#4897 = FILL_AREA_STYLE ('',( #2935 ) ) ;
#4898 = EDGE_LOOP ( 'NONE', ( #2018, #5394, #6006, #2178 ) ) ;
#4899 = SURFACE_SIDE_STYLE ('',( #5719 ) ) ;
#4900 = ORIENTED_EDGE ( 'NONE', *, *, #4818, .F. ) ;
#4901 = CARTESIAN_POINT ( 'NONE',  ( 10.12500000000000000, -3.037499999999999645, 40.84195960390601954 ) ) ;
#4902 = AXIS2_PLACEMENT_3D ( 'NONE', #1048, #5892, #5383 ) ;
#4903 = STYLED_ITEM ( 'NONE', ( #5947 ), #1028 ) ;
#4904 = CARTESIAN_POINT ( 'NONE',  ( 10.62500000000000000, 25.10999999999999588, 45.96750000000000114 ) ) ;
#4905 =( LENGTH_UNIT ( ) NAMED_UNIT ( * ) SI_UNIT ( .MILLI., .METRE. ) );
#4906 = SURFACE_STYLE_FILL_AREA ( #150 ) ;
#4907 = FACE_OUTER_BOUND ( 'NONE', #3682, .T. ) ;
#4908 = VERTEX_POINT ( 'NONE', #2431 ) ;
#4909 = CARTESIAN_POINT ( 'NONE',  ( 1.012499999999961542, 18.02249999999999375, 42.06036481966484075 ) ) ;
#4910 = CARTESIAN_POINT ( 'NONE',  ( -1.855209367387799180, 5.238869027867496975, 83.90461246024030117 ) ) ;
#4911 = UNCERTAINTY_MEASURE_WITH_UNIT (LENGTH_MEASURE( 1.000000000000000082E-05 ), #3462, 'distance_accuracy_value', 'NONE');
#4912 = CARTESIAN_POINT ( 'NONE',  ( 0.000000000000000000, 1.518749999999999822, 1.518749999999999822 ) ) ;
#4913 = SURFACE_STYLE_USAGE ( .BOTH. , #40 ) ;
#4914 = SURFACE_SIDE_STYLE ('',( #1017 ) ) ;
#4915 = PRESENTATION_STYLE_ASSIGNMENT (( #4421 ) ) ;
#4916 = CARTESIAN_POINT ( 'NONE',  ( 0.000000000000000000, -2.986747800704527389, 137.1432521992954605 ) ) ;
#4917 = DIRECTION ( 'NONE',  ( -6.938893903907279222E-18, 1.000000000000000000, 0.000000000000000000 ) ) ;
#4918 = PLANE ( 'NONE',  #4902 ) ;
#4919 = LINE ( 'NONE', #4449, #796 ) ;
#4920 = ORIENTED_EDGE ( 'NONE', *, *, #4398, .T. ) ;
#4921 = CARTESIAN_POINT ( 'NONE',  ( -1.142482242650085800, 2.953230907746126288, 51.93655008807957074 ) ) ;
#4922 = PRESENTATION_STYLE_ASSIGNMENT (( #587 ) ) ;
#4923 = CARTESIAN_POINT ( 'NONE',  ( -8.455505452878902872, 23.86000000000000298, 37.85260979105851931 ) ) ;
#4924 = EDGE_CURVE ( 'NONE', #3856, #4402, #5790, .T. ) ;
#4925 =( NAMED_UNIT ( * ) SI_UNIT ( $, .STERADIAN. ) SOLID_ANGLE_UNIT ( ) );
#4926 = ORIENTED_EDGE ( 'NONE', *, *, #5231, .F. ) ;
#4927 = FILL_AREA_STYLE_COLOUR ( '', #3535 ) ;
#4928 = EDGE_LOOP ( 'NONE', ( #3043, #1426, #3093, #3079, #5504, #3930, #4338 ) ) ;
#4929 = EDGE_CURVE ( 'NONE', #4974, #2939, #2867, .T. ) ;
#4930 = CARTESIAN_POINT ( 'NONE',  ( 1.477440166823306589, 28.14749999999999375, 46.47374956427617576 ) ) ;
#4931 = DIRECTION ( 'NONE',  ( -1.000000000000000000, 0.000000000000000000, 0.000000000000000000 ) ) ;
#4932 = AXIS2_PLACEMENT_3D ( 'NONE', #4314, #113, #1146 ) ;
#4933 = CARTESIAN_POINT ( 'NONE',  ( 0.000000000000000000, 0.000000000000000000, 0.000000000000000000 ) ) ;
#4934 =( NAMED_UNIT ( * ) PLANE_ANGLE_UNIT ( ) SI_UNIT ( $, .RADIAN. ) );
#4935 = FILL_AREA_STYLE ('',( #1394 ) ) ;
#4936 = EDGE_LOOP ( 'NONE', ( #143, #5423, #4889, #85, #638, #1918 ) ) ;
#4937 = VECTOR ( 'NONE', #2485, 1000.000000000000000 ) ;
#4938 = CARTESIAN_POINT ( 'NONE',  ( -1.119535905014634958, 22.20776173011315180, 85.19073378839185295 ) ) ;
#4939 = CARTESIAN_POINT ( 'NONE',  ( 10.62500000000000000, 29.16000000000003922, 36.39402376808405393 ) ) ;
#4940 = FILL_AREA_STYLE_COLOUR ( '', #4251 ) ;
#4941 = VECTOR ( 'NONE', #4947, 1000.000000000000000 ) ;
#4942 = CARTESIAN_POINT ( 'NONE',  ( 1.012499999999961542, 18.02250000000000085, 110.3999999999999915 ) ) ;
#4943 = CARTESIAN_POINT ( 'NONE',  ( 8.099999999999999645, 28.14749999999999375, 46.47375000000000256 ) ) ;
#4944 = CARTESIAN_POINT ( 'NONE',  ( -10.12500000000003730, 7.087499999999995026, 42.06036481966498997 ) ) ;
#4945 = DIRECTION ( 'NONE',  ( 1.000000000000000000, 0.000000000000000000, 0.000000000000000000 ) ) ;
#4946 = STYLED_ITEM ( 'NONE', ( #2850 ), #2587 ) ;
#4947 = DIRECTION ( 'NONE',  ( -0.000000000000000000, -0.000000000000000000, 1.000000000000000000 ) ) ;
#4948 =( NAMED_UNIT ( * ) SI_UNIT ( $, .STERADIAN. ) SOLID_ANGLE_UNIT ( ) );
#4949 = VECTOR ( 'NONE', #2741, 1000.000000000000000 ) ;
#4950 = LINE ( 'NONE', #4532, #3947 ) ;
#4951 = ORIENTED_EDGE ( 'NONE', *, *, #5498, .T. ) ;
#4952 = DIRECTION ( 'NONE',  ( 1.000000000000000000, 0.000000000000000000, 0.000000000000000000 ) ) ;
#4953 = CARTESIAN_POINT ( 'NONE',  ( 10.92349068601853368, 5.011488844443316104, 90.61874999973043998 ) ) ;
#4954 = DIRECTION ( 'NONE',  ( -0.000000000000000000, 1.000000000000000000, 0.000000000000000000 ) ) ;
#4955 = CARTESIAN_POINT ( 'NONE',  ( -52.37500000000000000, 3.673940397442059375E-16, 26.69249999999999901 ) ) ;
#4956 = ORIENTED_EDGE ( 'NONE', *, *, #4357, .T. ) ;
#4957 = CARTESIAN_POINT ( 'NONE',  ( 1.012499999999969535, 25.25319628389958382, 87.72444628389968102 ) ) ;
#4958 = ORIENTED_EDGE ( 'NONE', *, *, #4320, .F. ) ;
#4959 = CARTESIAN_POINT ( 'NONE',  ( 9.665242824949338285, 28.14749999999999019, 40.91865700703984743 ) ) ;
#4960 =( NAMED_UNIT ( * ) PLANE_ANGLE_UNIT ( ) SI_UNIT ( $, .RADIAN. ) );
#4961 = ADVANCED_FACE ( 'NONE', ( #2399 ), #3333, .T. ) ;
#4962 = MECHANICAL_DESIGN_GEOMETRIC_PRESENTATION_REPRESENTATION (  '', ( #2806 ), #5159 ) ;
#4963 = VECTOR ( 'NONE', #6031, 1000.000000000000000 ) ;
#4964 = LINE ( 'NONE', #4933, #4241 ) ;
#4965 = CARTESIAN_POINT ( 'NONE',  ( 5.918359913717379683, 26.88494299947897659, 46.47375003229272039 ) ) ;
#4966 = ORIENTED_EDGE ( 'NONE', *, *, #1535, .T. ) ;
#4967 = AXIS2_PLACEMENT_3D ( 'NONE', #4955, #592, #2527 ) ;
#4968 = CARTESIAN_POINT ( 'NONE',  ( -1.689668441154462464, 20.60864383217138140, 84.23341381580902976 ) ) ;
#4969 = CARTESIAN_POINT ( 'NONE',  ( -52.37500000000000000, 25.10999999999999588, 26.69249999999999901 ) ) ;
#4970 = EDGE_CURVE ( 'NONE', #1105, #4068, #6071, .T. ) ;
#4971 = FILL_AREA_STYLE ('',( #98 ) ) ;
#4972 = FILL_AREA_STYLE_COLOUR ( '', #5703 ) ;
#4973 = CARTESIAN_POINT ( 'NONE',  ( 2.929785006851990836, -2.022511491249903592, 89.60376149124995493 ) ) ;
#4974 = VERTEX_POINT ( 'NONE', #5740 ) ;
#4975 = CARTESIAN_POINT ( 'NONE',  ( 1.528036435431740836, -4.050000000000000711, 95.27545063353892374 ) ) ;
#4976 = DIRECTION ( 'NONE',  ( 0.000000000000000000, -0.7071067811865465735, -0.7071067811865483499 ) ) ;
#4977 = FILL_AREA_STYLE_COLOUR ( '', #1735 ) ;
#4978 = AXIS2_PLACEMENT_3D ( 'NONE', #69, #3829, #2986 ) ;
#4979 = DIRECTION ( 'NONE',  ( -2.582639285611905427E-16, 0.000000000000000000, 1.000000000000000000 ) ) ;
#4980 = SURFACE_STYLE_FILL_AREA ( #5074 ) ;
#4981 = CARTESIAN_POINT ( 'NONE',  ( -0.1929693737646687446, 1.278687197227330818, 50.66617445354300742 ) ) ;
#4982 = CARTESIAN_POINT ( 'NONE',  ( 11.05289438370432542, -4.049999999997146993, 90.76837210605054906 ) ) ;
#4983 = VECTOR ( 'NONE', #597, 1000.000000000000000 ) ;
#4984 = SURFACE_SIDE_STYLE ('',( #3542 ) ) ;
#4985 = SURFACE_STYLE_USAGE ( .BOTH. , #3929 ) ;
#4986 = FILL_AREA_STYLE ('',( #1570 ) ) ;
#4987 = EDGE_LOOP ( 'NONE', ( #5767, #4274, #2339, #5023, #1517 ) ) ;
#4988 =( GEOMETRIC_REPRESENTATION_CONTEXT ( 3 ) GLOBAL_UNCERTAINTY_ASSIGNED_CONTEXT ( ( #1049 ) ) GLOBAL_UNIT_ASSIGNED_CONTEXT ( ( #392, #5164, #5297 ) ) REPRESENTATION_CONTEXT ( 'NONE', 'WORKASPACE' ) );
#4989 = CARTESIAN_POINT ( 'NONE',  ( -8.423496559672432937, 23.50516967817925718, 92.91149515218572219 ) ) ;
#4990 = EDGE_LOOP ( 'NONE', ( #128, #912, #4641, #5487 ) ) ;
#4991 = LINE ( 'NONE', #1576, #4678 ) ;
#4992 = MECHANICAL_DESIGN_GEOMETRIC_PRESENTATION_REPRESENTATION (  '', ( #3466 ), #5586 ) ;
#4993 = CYLINDRICAL_SURFACE ( 'NONE', #1166, 10.12500000000000000 ) ;
#4994 =( NAMED_UNIT ( * ) PLANE_ANGLE_UNIT ( ) SI_UNIT ( $, .RADIAN. ) );
#4995 = CARTESIAN_POINT ( 'NONE',  ( -10.12500000000003730, 7.087499999999999467, 110.3999999999999915 ) ) ;
#4996 = CARTESIAN_POINT ( 'NONE',  ( 1.240646695223164730, 29.15999999999999304, 42.01122901875608306 ) ) ;
#4997 = EDGE_LOOP ( 'NONE', ( #4809, #1904, #3358, #3878, #443, #4285 ) ) ;
#4998 = AXIS2_PLACEMENT_3D ( 'NONE', #5163, #735, #6021 ) ;
#4999 = CIRCLE ( 'NONE', #1730, 10.12500000000000178 ) ;
#5000 = LINE ( 'NONE', #2060, #2950 ) ;
#5001 = COLOUR_RGB ( '',0.1019607843137254888, 0.1019607843137254888, 0.1019607843137254888 ) ;
#5002 = DIRECTION ( 'NONE',  ( 0.000000000000000000, 2.731520261113486647E-16, -1.000000000000000000 ) ) ;
#5003 = CARTESIAN_POINT ( 'NONE',  ( -5.973749999999999893, 2.024999999999999911, 26.73000000000000043 ) ) ;
#5004 = EDGE_CURVE ( 'NONE', #1652, #5916, #1397, .T. ) ;
#5005 = ORIENTED_EDGE ( 'NONE', *, *, #2613, .F. ) ;
#5006 = CARTESIAN_POINT ( 'NONE',  ( 20.25000000000000000, 2.572287141353671465E-14, 45.96750000000000114 ) ) ;
#5007 = EDGE_CURVE ( 'NONE', #4519, #4027, #524, .T. ) ;
#5008 = DIRECTION ( 'NONE',  ( -1.000000000000000000, 0.000000000000000000, -2.636779683484745304E-16 ) ) ;
#5009 = CARTESIAN_POINT ( 'NONE',  ( -52.37500000000000000, 3.673940397442059375E-16, 26.69249999999999901 ) ) ;
#5010 = ORIENTED_EDGE ( 'NONE', *, *, #3156, .F. ) ;
#5011 = LINE ( 'NONE', #1084, #1875 ) ;
#5012 = FACE_OUTER_BOUND ( 'NONE', #840, .T. ) ;
#5013 = FILL_AREA_STYLE_COLOUR ( '', #4547 ) ;
#5014 = VERTEX_POINT ( 'NONE', #5416 ) ;
#5015 = CARTESIAN_POINT ( 'NONE',  ( -7.796250000000000568, 10.93500000000000050, 110.3624999999999829 ) ) ;
#5016 = ORIENTED_EDGE ( 'NONE', *, *, #4321, .F. ) ;
#5017 = CARTESIAN_POINT ( 'NONE',  ( 5.047979701603884983, 28.14749999999999375, 44.54868778364214421 ) ) ;
#5018 = SURFACE_SIDE_STYLE ('',( #744 ) ) ;
#5019 = SURFACE_STYLE_USAGE ( .BOTH. , #4546 ) ;
#5020 = FACE_OUTER_BOUND ( 'NONE', #3380, .T. ) ;
#5021 = FILL_AREA_STYLE_COLOUR ( '', #273 ) ;
#5022 = CARTESIAN_POINT ( 'NONE',  ( 1.292717133355640424, 29.15999999999998948, 41.98466345491539897 ) ) ;
#5023 = ORIENTED_EDGE ( 'NONE', *, *, #1375, .T. ) ;
#5024 = CARTESIAN_POINT ( 'NONE',  ( -5.973749999999999893, 3.138750000000141593, 26.73000000000000043 ) ) ;
#5025 = LINE ( 'NONE', #4497, #5344 ) ;
#5026 = FACE_OUTER_BOUND ( 'NONE', #4368, .T. ) ;
#5027 = CARTESIAN_POINT ( 'NONE',  ( -49.50701142158430912, 0.000000000000000000, 23.69249999999999901 ) ) ;
#5028 = ORIENTED_EDGE ( 'NONE', *, *, #5316, .F. ) ;
#5029 = STYLED_ITEM ( 'NONE', ( #2007 ), #1761 ) ;
#5030 = DIRECTION ( 'NONE',  ( 0.000000000000000000, 0.000000000000000000, -1.000000000000000000 ) ) ;
#5031 = EDGE_CURVE ( 'NONE', #4006, #664, #3446, .T. ) ;
#5032 =( GEOMETRIC_REPRESENTATION_CONTEXT ( 3 ) GLOBAL_UNCERTAINTY_ASSIGNED_CONTEXT ( ( #806 ) ) GLOBAL_UNIT_ASSIGNED_CONTEXT ( ( #3185, #5167, #5708 ) ) REPRESENTATION_CONTEXT ( 'NONE', 'WORKASPACE' ) );
#5033 = FILL_AREA_STYLE_COLOUR ( '', #5843 ) ;
#5034 = FACE_OUTER_BOUND ( 'NONE', #658, .T. ) ;
#5035 = EDGE_CURVE ( 'NONE', #4611, #1829, #2929, .T. ) ;
#5036 =( LENGTH_UNIT ( ) NAMED_UNIT ( * ) SI_UNIT ( .MILLI., .METRE. ) );
#5037 = SURFACE_SIDE_STYLE ('',( #4980 ) ) ;
#5038 = VECTOR ( 'NONE', #4653, 1000.000000000000000 ) ;
#5039 = SURFACE_STYLE_FILL_AREA ( #4051 ) ;
#5040 = SURFACE_SIDE_STYLE ('',( #1688 ) ) ;
#5041 =( LENGTH_UNIT ( ) NAMED_UNIT ( * ) SI_UNIT ( .MILLI., .METRE. ) );
#5042 = COLOUR_RGB ( '',0.1019607843137254888, 0.1019607843137254888, 0.1019607843137254888 ) ;
#5043 = CARTESIAN_POINT ( 'NONE',  ( 10.62500000000000000, -3.961305402135091747, 99.15417186458940080 ) ) ;
#5044 = EDGE_CURVE ( 'NONE', #5713, #3866, #5385, .T. ) ;
#5045 = CARTESIAN_POINT ( 'NONE',  ( -8.026262014236273501, 22.58500000000000085, 90.61874999999999147 ) ) ;
#5046 = ORIENTED_EDGE ( 'NONE', *, *, #2626, .F. ) ;
#5047 = CARTESIAN_POINT ( 'NONE',  ( 10.62500000000000000, 29.07345230499048228, 99.16834132042960448 ) ) ;
#5048 = VERTEX_POINT ( 'NONE', #5921 ) ;
#5049 = CARTESIAN_POINT ( 'NONE',  ( 6.864914931997457614, 28.14749999999999375, 42.47419224068928401 ) ) ;
#5050 =( LENGTH_UNIT ( ) NAMED_UNIT ( * ) SI_UNIT ( .MILLI., .METRE. ) );
#5051 = AXIS2_PLACEMENT_3D ( 'NONE', #5210, #4954, #3509 ) ;
#5052 = CARTESIAN_POINT ( 'NONE',  ( 9.662779266497473429, -4.049999999999954525, 36.43761368838813297 ) ) ;
#5053 = AXIS2_PLACEMENT_3D ( 'NONE', #2288, #854, #2325 ) ;
#5054 = AXIS2_PLACEMENT_3D ( 'NONE', #4750, #4288, #2136 ) ;
#5055 = FACE_BOUND ( 'NONE', #2560, .T. ) ;
#5056 = EDGE_LOOP ( 'NONE', ( #3456, #4829, #1193, #5624 ) ) ;
#5057 = CARTESIAN_POINT ( 'NONE',  ( 1.367625313886318139, 29.15999999999998948, 41.93811654823539214 ) ) ;
#5058 = VERTEX_POINT ( 'NONE', #992 ) ;
#5059 =( GEOMETRIC_REPRESENTATION_CONTEXT ( 3 ) GLOBAL_UNCERTAINTY_ASSIGNED_CONTEXT ( ( #1522 ) ) GLOBAL_UNIT_ASSIGNED_CONTEXT ( ( #6296, #5337, #1449 ) ) REPRESENTATION_CONTEXT ( 'NONE', 'WORKASPACE' ) );
#5060 = VECTOR ( 'NONE', #2687, 1000.000000000000000 ) ;
#5061 =( LENGTH_UNIT ( ) NAMED_UNIT ( * ) SI_UNIT ( .MILLI., .METRE. ) );
#5062 = CARTESIAN_POINT ( 'NONE',  ( -8.278847260716144518, 1.110167944757267433, 93.68669019821112443 ) ) ;
#5063 = LINE ( 'NONE', #4100, #3008 ) ;
#5064 = CONICAL_SURFACE ( 'NONE', #3022, 2.531249999999863665, 0.7853981633974539411 ) ;
#5065 = ORIENTED_EDGE ( 'NONE', *, *, #917, .T. ) ;
#5066 = COLOUR_RGB ( '',0.1019607843137254888, 0.1019607843137254888, 0.1019607843137254888 ) ;
#5067 = CARTESIAN_POINT ( 'NONE',  ( -9.113582049281864883, 22.20784782546425262, 43.97868255366994106 ) ) ;
#5068 = PRESENTATION_LAYER_ASSIGNMENT (  '', '', ( #1093 ) ) ;
#5069 = FILL_AREA_STYLE ('',( #5033 ) ) ;
#5070 = CARTESIAN_POINT ( 'NONE',  ( 7.906692841180554154, -4.050000000000062883, 44.75818660647205149 ) ) ;
#5071 = UNCERTAINTY_MEASURE_WITH_UNIT (LENGTH_MEASURE( 1.000000000000000082E-05 ), #245, 'distance_accuracy_value', 'NONE');
#5072 = EDGE_CURVE ( 'NONE', #5780, #3777, #1974, .T. ) ;
#5073 = FILL_AREA_STYLE_COLOUR ( '', #3443 ) ;
#5074 = FILL_AREA_STYLE ('',( #5479 ) ) ;
#5075 = CARTESIAN_POINT ( 'NONE',  ( -1.518749999999963407, 7.087500000000000355, 54.06749999999999545 ) ) ;
#5076 = DIRECTION ( 'NONE',  ( 0.000000000000000000, -0.7071067811865441310, -0.7071067811865510144 ) ) ;
#5077 = CARTESIAN_POINT ( 'NONE',  ( 1.012499999999961542, 7.087499999999999467, 110.3999999999999915 ) ) ;
#5078 = FILL_AREA_STYLE ('',( #1692 ) ) ;
#5079 = ORIENTED_EDGE ( 'NONE', *, *, #5885, .T. ) ;
#5080 = EDGE_CURVE ( 'NONE', #1855, #1321, #616, .T. ) ;
#5081 = ORIENTED_EDGE ( 'NONE', *, *, #3511, .F. ) ;
#5082 = DIRECTION ( 'NONE',  ( 0.000000000000000000, 7.709882115452480139E-16, -1.000000000000000000 ) ) ;
#5083 = AXIS2_PLACEMENT_3D ( 'NONE', #4077, #3141, #4016 ) ;
#5084 = EDGE_CURVE ( 'NONE', #4716, #4244, #1299, .T. ) ;
#5085 = CARTESIAN_POINT ( 'NONE',  ( 4.276877045862197413, -4.049999999999987388, 38.87738403300543411 ) ) ;
#5086 = PRESENTATION_LAYER_ASSIGNMENT (  '', '', ( #911 ) ) ;
#5087 = PRESENTATION_STYLE_ASSIGNMENT (( #4705 ) ) ;
#5088 = FILL_AREA_STYLE ('',( #6094 ) ) ;
#5089 = CARTESIAN_POINT ( 'NONE',  ( 9.297378561140138942, 23.84742946735048719, 46.47375000586895766 ) ) ;
#5090 = VERTEX_POINT ( 'NONE', #5951 ) ;
#5091 = AXIS2_PLACEMENT_3D ( 'NONE', #5133, #5988, #1177 ) ;
#5092 = CARTESIAN_POINT ( 'NONE',  ( 8.000577896563624947, 28.14749999999999730, 95.47949519549331399 ) ) ;
#5093 = CARTESIAN_POINT ( 'NONE',  ( 1.012499999999961542, 18.02249999999999730, 98.89999999999999147 ) ) ;
#5094 = DIRECTION ( 'NONE',  ( -1.000000000000000000, -6.938893903907339311E-18, 0.000000000000000000 ) ) ;
#5095 = CARTESIAN_POINT ( 'NONE',  ( 2.674096028898901523, 29.16000000000000369, 96.58817227335221389 ) ) ;
#5096 = DIRECTION ( 'NONE',  ( -3.212450881438532241E-16, -1.000000000000000000, -2.040851148208007259E-16 ) ) ;
#5097 = ORIENTED_EDGE ( 'NONE', *, *, #5925, .T. ) ;
#5098 = PRESENTATION_STYLE_ASSIGNMENT (( #3020 ) ) ;
#5099 = PRESENTATION_LAYER_ASSIGNMENT (  '', '', ( #2948 ) ) ;
#5100 = AXIS2_PLACEMENT_3D ( 'NONE', #1139, #163, #5030 ) ;
#5101 =( NAMED_UNIT ( * ) PLANE_ANGLE_UNIT ( ) SI_UNIT ( $, .RADIAN. ) );
#5102 = CARTESIAN_POINT ( 'NONE',  ( 3.121512803102987732, -4.049999999999964295, 44.40015562373961444 ) ) ;
#5103 =( NAMED_UNIT ( * ) SI_UNIT ( $, .STERADIAN. ) SOLID_ANGLE_UNIT ( ) );
#5104 = VERTEX_POINT ( 'NONE', #584 ) ;
#5105 = CARTESIAN_POINT ( 'NONE',  ( -1.737147821938284542, 4.689839400764185484, 52.95071383163833900 ) ) ;
#5106 = PRESENTATION_STYLE_ASSIGNMENT (( #2585 ) ) ;
#5107 = LINE ( 'NONE', #738, #4628 ) ;
#5108 = B_SPLINE_CURVE_WITH_KNOTS ( 'NONE', 3,
 ( #2287, #2384, #4243, #314, #3757, #3723, #2855, #3274, #2323, #5658, #4786, #6165, #5755, #5786, #2358, #3337 ),
 .UNSPECIFIED., .F., .F.,
 ( 4, 2, 2, 1, 1, 1, 1, 2, 2, 4 ),
 ( 0.000000000000000000, 0.2499999999999614753, 0.3749999999999423239, 0.4374999999999327205, 0.4687499999999282241, 0.4843749999999307776, 0.4921874999999321099, 0.4960937499999329980, 0.4999999999999339417, 1.000000000000000000 ),
 .UNSPECIFIED. ) ;
#5109 = ORIENTED_EDGE ( 'NONE', *, *, #1490, .T. ) ;
#5110 = ORIENTED_EDGE ( 'NONE', *, *, #3842, .T. ) ;
#5111 = PRESENTATION_STYLE_ASSIGNMENT (( #3190 ) ) ;
#5112 = EDGE_CURVE ( 'NONE', #4726, #404, #430, .T. ) ;
#5113 = DIRECTION ( 'NONE',  ( 2.498001805406600244E-16, 0.000000000000000000, -1.000000000000000000 ) ) ;
#5114 =( LENGTH_UNIT ( ) NAMED_UNIT ( * ) SI_UNIT ( .MILLI., .METRE. ) );
#5115 = FACE_OUTER_BOUND ( 'NONE', #4131, .T. ) ;
#5116 = CARTESIAN_POINT ( 'NONE',  ( 1.012499999999961542, 7.087499999999992362, 46.47374999999998835 ) ) ;
#5117 = EDGE_LOOP ( 'NONE', ( #1725 ) ) ;
#5118 = EDGE_CURVE ( 'NONE', #2487, #5728, #4919, .T. ) ;
#5119 = CARTESIAN_POINT ( 'NONE',  ( 11.07037555298876619, 19.18776110364431275, 46.47374999998864809 ) ) ;
#5120 = ORIENTED_EDGE ( 'NONE', *, *, #210, .T. ) ;
#5121 = B_SPLINE_SURFACE_WITH_KNOTS ( 'NONE', 3, 1, ( 
 ( #292, #5200 ),
 ( #1813, #2263 ),
 ( #2299, #1854 ),
 ( #3802, #6247 ),
 ( #6138, #4254 ),
 ( #4724, #3770 ) ),
 .UNSPECIFIED., .F., .F., .F.,
 ( 4, 2, 4 ),
 ( 2, 2 ),
 ( 0.000000000000000000, 0.5000000000000000000, 1.000000000000000000 ),
 ( 0.000000000000000000, 1.000000000000000000 ),
 .UNSPECIFIED. ) ;
#5122 = DIRECTION ( 'NONE',  ( 1.000000000000000000, 0.000000000000000000, 0.000000000000000000 ) ) ;
#5123 = DIRECTION ( 'NONE',  ( 0.000000000000000000, 0.7071067811865441310, 0.7071067811865510144 ) ) ;
#5124 = CARTESIAN_POINT ( 'NONE',  ( 2.446840192435669969, 28.04903127345698266, 90.61874994933322114 ) ) ;
#5125 = CARTESIAN_POINT ( 'NONE',  ( 8.099999999999999645, -3.037499999999999645, 0.000000000000000000 ) ) ;
#5126 = ORIENTED_EDGE ( 'NONE', *, *, #5821, .F. ) ;
#5127 = PRESENTATION_STYLE_ASSIGNMENT (( #3881 ) ) ;
#5128 = SURFACE_STYLE_FILL_AREA ( #3142 ) ;
#5129 = CARTESIAN_POINT ( 'NONE',  ( 10.62500000000000000, 29.16000000000003922, 36.39402376808405393 ) ) ;
#5130 = CARTESIAN_POINT ( 'NONE',  ( 7.828694725839239865, -0.4133409605512175511, 46.47374997017034559 ) ) ;
#5131 = CARTESIAN_POINT ( 'NONE',  ( -5.973749999999999893, 3.138750000000141593, 40.70249999999999346 ) ) ;
#5132 = CYLINDRICAL_SURFACE ( 'NONE', #716, 11.13749999999999396 ) ;
#5133 = CARTESIAN_POINT ( 'NONE',  ( -101.2500000000000000, 0.000000000000000000, 137.0924999999999727 ) ) ;
#5134 = AXIS2_PLACEMENT_3D ( 'NONE', #2702, #1211, #2337 ) ;
#5135 = LINE ( 'NONE', #5045, #3735 ) ;
#5136 = AXIS2_PLACEMENT_3D ( 'NONE', #5730, #3858, #422 ) ;
#5137 = ORIENTED_EDGE ( 'NONE', *, *, #5464, .T. ) ;
#5138 = UNCERTAINTY_MEASURE_WITH_UNIT (LENGTH_MEASURE( 1.000000000000000082E-05 ), #5061, 'distance_accuracy_value', 'NONE');
#5139 = ORIENTED_EDGE ( 'NONE', *, *, #2973, .T. ) ;
#5140 = STYLED_ITEM ( 'NONE', ( #1931 ), #2582 ) ;
#5141 = CARTESIAN_POINT ( 'NONE',  ( 10.12500000000000178, -4.049999999999950973, 36.39402376808406814 ) ) ;
#5142 =( NAMED_UNIT ( * ) PLANE_ANGLE_UNIT ( ) SI_UNIT ( $, .RADIAN. ) );
#5143 = DIRECTION ( 'NONE',  ( 0.000000000000000000, 0.000000000000000000, -1.000000000000000000 ) ) ;
#5144 = ORIENTED_EDGE ( 'NONE', *, *, #2268, .T. ) ;
#5145 = CARTESIAN_POINT ( 'NONE',  ( 10.27535052360814305, 22.11788050704123876, 46.47375000250082167 ) ) ;
#5146 = ORIENTED_EDGE ( 'NONE', *, *, #6155, .F. ) ;
#5147 = VECTOR ( 'NONE', #6225, 1000.000000000000000 ) ;
#5148 = DIRECTION ( 'NONE',  ( 0.000000000000000000, 0.000000000000000000, -1.000000000000000000 ) ) ;
#5149 = ADVANCED_FACE ( 'NONE', ( #2098 ), #551, .F. ) ;
#5150 = EDGE_CURVE ( 'NONE', #1321, #699, #4950, .T. ) ;
#5151 = PLANE ( 'NONE',  #1969 ) ;
#5152 = CARTESIAN_POINT ( 'NONE',  ( -9.323609729918977962, 3.062057556788306378, 94.06552968667782011 ) ) ;
#5153 = UNCERTAINTY_MEASURE_WITH_UNIT (LENGTH_MEASURE( 1.000000000000000082E-05 ), #5114, 'distance_accuracy_value', 'NONE');
#5154 = CARTESIAN_POINT ( 'NONE',  ( 1.529408302791129382, 29.16000000000000014, 95.27888226498777158 ) ) ;
#5155 = ORIENTED_EDGE ( 'NONE', *, *, #1380, .T. ) ;
#5156 =( GEOMETRIC_REPRESENTATION_CONTEXT ( 3 ) GLOBAL_UNCERTAINTY_ASSIGNED_CONTEXT ( ( #6174 ) ) GLOBAL_UNIT_ASSIGNED_CONTEXT ( ( #4837, #447, #1458 ) ) REPRESENTATION_CONTEXT ( 'NONE', 'WORKASPACE' ) );
#5157 = DIRECTION ( 'NONE',  ( -1.000000000000000000, 0.000000000000000000, 0.000000000000000000 ) ) ;
#5158 = FILL_AREA_STYLE ('',( #797 ) ) ;
#5159 =( GEOMETRIC_REPRESENTATION_CONTEXT ( 3 ) GLOBAL_UNCERTAINTY_ASSIGNED_CONTEXT ( ( #3375 ) ) GLOBAL_UNIT_ASSIGNED_CONTEXT ( ( #2820, #4435, #5756 ) ) REPRESENTATION_CONTEXT ( 'NONE', 'WORKASPACE' ) );
#5160 = UNCERTAINTY_MEASURE_WITH_UNIT (LENGTH_MEASURE( 1.000000000000000082E-05 ), #4710, 'distance_accuracy_value', 'NONE');
#5161 = VECTOR ( 'NONE', #4580, 1000.000000000000000 ) ;
#5162 = CARTESIAN_POINT ( 'NONE',  ( 1.462153963604162277, -4.050000000000002487, 41.86899057870208196 ) ) ;
#5163 = CARTESIAN_POINT ( 'NONE',  ( 1.012499999999978639, 18.02250000000000085, 46.47375000000000256 ) ) ;
#5164 =( NAMED_UNIT ( * ) PLANE_ANGLE_UNIT ( ) SI_UNIT ( $, .RADIAN. ) );
#5165 = CIRCLE ( 'NONE', #790, 11.13749999999999751 ) ;
#5166 = PRESENTATION_LAYER_ASSIGNMENT (  '', '', ( #4268 ) ) ;
#5167 =( NAMED_UNIT ( * ) PLANE_ANGLE_UNIT ( ) SI_UNIT ( $, .RADIAN. ) );
#5168 = PRESENTATION_LAYER_ASSIGNMENT (  '', '', ( #5370 ) ) ;
#5169 = CARTESIAN_POINT ( 'NONE',  ( -7.125000000000032863, 18.02249999999999375, 38.19250000000000256 ) ) ;
#5170 = ORIENTED_EDGE ( 'NONE', *, *, #6207, .F. ) ;
#5171 = VERTEX_POINT ( 'NONE', #4050 ) ;
#5172 = CARTESIAN_POINT ( 'NONE',  ( 4.596204370575383003, -4.050000000000234301, 92.65192674591540367 ) ) ;
#5173 = PRESENTATION_LAYER_ASSIGNMENT (  '', '', ( #1614 ) ) ;
#5174 = CARTESIAN_POINT ( 'NONE',  ( 1.130329431511557958, -4.050000000000006928, 42.06036481966481233 ) ) ;
#5175 = CARTESIAN_POINT ( 'NONE',  ( -5.973749999999985683, 2.149999999727878919, 41.95000000007146213 ) ) ;
#5176 = SURFACE_SIDE_STYLE ('',( #304 ) ) ;
#5177 = ORIENTED_EDGE ( 'NONE', *, *, #1962, .F. ) ;
#5178 = VECTOR ( 'NONE', #3567, 1000.000000000000000 ) ;
#5179 = CARTESIAN_POINT ( 'NONE',  ( 7.929295875873983768, 29.16000000000002856, 36.83518982966873523 ) ) ;
#5180 = VERTEX_POINT ( 'NONE', #5357 ) ;
#5181 = PRESENTATION_STYLE_ASSIGNMENT (( #6126 ) ) ;
#5182 = SURFACE_STYLE_FILL_AREA ( #5652 ) ;
#5183 = PRESENTATION_LAYER_ASSIGNMENT (  '', '', ( #5482 ) ) ;
#5184 = CARTESIAN_POINT ( 'NONE',  ( 0.000000000000000000, 25.10999999999999588, 140.1299999999999670 ) ) ;
#5185 = CARTESIAN_POINT ( 'NONE',  ( -7.796250000000000568, 3.638750000000146922, 2.255627771981486305E-13 ) ) ;
#5186 = CARTESIAN_POINT ( 'NONE',  ( 3.364750116668334901, 29.16000000000000725, 92.68766132828886839 ) ) ;
#5187 = FILL_AREA_STYLE_COLOUR ( '', #1531 ) ;
#5188 = ORIENTED_EDGE ( 'NONE', *, *, #5973, .F. ) ;
#5189 = COLOUR_RGB ( '',0.1019607843137254888, 0.1019607843137254888, 0.1019607843137254888 ) ;
#5190 = VECTOR ( 'NONE', #4851, 1000.000000000000000 ) ;
#5191 = CARTESIAN_POINT ( 'NONE',  ( -8.558306890345713569, 23.46140381099556294, 43.67747562408499817 ) ) ;
#5192 = AXIS2_PLACEMENT_3D ( 'NONE', #527, #2463, #5808 ) ;
#5193 =( NAMED_UNIT ( * ) SI_UNIT ( $, .STERADIAN. ) SOLID_ANGLE_UNIT ( ) );
#5194 = ADVANCED_FACE ( 'NONE', ( #289 ), #4689, .T. ) ;
#5195 = CARTESIAN_POINT ( 'NONE',  ( 3.293786375690580304, -4.049999999999990941, 39.81416014784281998 ) ) ;
#5196 = ADVANCED_FACE ( 'NONE', ( #3694 ), #5510, .T. ) ;
#5197 = CARTESIAN_POINT ( 'NONE',  ( -1.785159312471631177, 20.21322532965839969, 53.04542103407202092 ) ) ;
#5198 = COLOUR_RGB ( '',0.1019607843137254888, 0.1019607843137254888, 0.1019607843137254888 ) ;
#5199 = CARTESIAN_POINT ( 'NONE',  ( 1.012499999999969535, 25.25319628389958382, 87.72444628389968102 ) ) ;
#5200 = CARTESIAN_POINT ( 'NONE',  ( 10.12500000000000000, 29.16000000000003922, 36.39402376808405393 ) ) ;
#5201 = DIRECTION ( 'NONE',  ( 3.212450881438532241E-16, 1.000000000000000000, 0.000000000000000000 ) ) ;
#5202 = DIRECTION ( 'NONE',  ( -6.071532165918857963E-15, 1.000000000000000000, 0.000000000000000000 ) ) ;
#5203 = PRESENTATION_LAYER_ASSIGNMENT (  '', '', ( #3153 ) ) ;
#5204 = FILL_AREA_STYLE ('',( #3256 ) ) ;
#5205 = ORIENTED_EDGE ( 'NONE', *, *, #946, .F. ) ;
#5206 = UNCERTAINTY_MEASURE_WITH_UNIT (LENGTH_MEASURE( 1.000000000000000082E-05 ), #5726, 'distance_accuracy_value', 'NONE');
#5207 =( LENGTH_UNIT ( ) NAMED_UNIT ( * ) SI_UNIT ( .MILLI., .METRE. ) );
#5208 = VERTEX_POINT ( 'NONE', #1142 ) ;
#5209 = CARTESIAN_POINT ( 'NONE',  ( 2.004705808206705964, -4.049999999999998046, 95.78515258018511247 ) ) ;
#5210 = CARTESIAN_POINT ( 'NONE',  ( -40.50000000000000000, 23.08500000000000085, 0.000000000000000000 ) ) ;
#5211 = DIRECTION ( 'NONE',  ( 1.000000000000000000, 0.000000000000000000, 0.000000000000000000 ) ) ;
#5212 = CARTESIAN_POINT ( 'NONE',  ( 1.776328546778545681, 29.16000000000000014, 95.51411566398019204 ) ) ;
#5213 = VERTEX_POINT ( 'NONE', #3115 ) ;
#5214 = CARTESIAN_POINT ( 'NONE',  ( 7.091236425151172362, 29.15999999999982606, 44.63524972405472369 ) ) ;
#5215 = ORIENTED_EDGE ( 'NONE', *, *, #2657, .F. ) ;
#5216 =( NAMED_UNIT ( * ) PLANE_ANGLE_UNIT ( ) SI_UNIT ( $, .RADIAN. ) );
#5217 = CARTESIAN_POINT ( 'NONE',  ( 20.25000000000000000, -3.037499999999999645, 46.47375000000000256 ) ) ;
#5218 = CARTESIAN_POINT ( 'NONE',  ( 0.000000000000000000, 3.073713158996406964E-14, 140.1299999999999670 ) ) ;
#5219 = CARTESIAN_POINT ( 'NONE',  ( 7.828694725838962754, 25.52334096055088253, 90.61875002982881711 ) ) ;
#5220 = FACE_OUTER_BOUND ( 'NONE', #5238, .T. ) ;
#5221 = EDGE_LOOP ( 'NONE', ( #871, #4336, #2240, #1956, #229, #1638 ) ) ;
#5222 = DIRECTION ( 'NONE',  ( -0.000000000000000000, 1.000000000000000000, 0.000000000000000000 ) ) ;
#5223 = DIRECTION ( 'NONE',  ( -1.000000000000000000, -0.000000000000000000, 0.000000000000000000 ) ) ;
#5224 = CARTESIAN_POINT ( 'NONE',  ( 10.62500000000000000, -3.370378253018048831, 96.94734603506556425 ) ) ;
#5225 = UNCERTAINTY_MEASURE_WITH_UNIT (LENGTH_MEASURE( 1.000000000000000082E-05 ), #2520, 'distance_accuracy_value', 'NONE');
#5226 = CARTESIAN_POINT ( 'NONE',  ( 8.375829477254237432, -4.049999999999960743, 36.70262605864716932 ) ) ;
#5227 = CARTESIAN_POINT ( 'NONE',  ( 1.012499999999976641, 18.02250000000000085, 54.06749999999999545 ) ) ;
#5228 = FILL_AREA_STYLE_COLOUR ( '', #903 ) ;
#5229 = FILL_AREA_STYLE_COLOUR ( '', #4078 ) ;
#5230 = ADVANCED_FACE ( 'NONE', ( #2194 ), #1175, .T. ) ;
#5231 = EDGE_CURVE ( 'NONE', #3101, #5048, #2460, .T. ) ;
#5232 = DIRECTION ( 'NONE',  ( 0.000000000000000000, 0.000000000000000000, -1.000000000000000000 ) ) ;
#5233 = PRESENTATION_LAYER_ASSIGNMENT (  '', '', ( #856 ) ) ;
#5234 = DIRECTION ( 'NONE',  ( 1.000000000000000000, 0.000000000000000000, 2.498001805406600244E-16 ) ) ;
#5235 = ADVANCED_FACE ( 'NONE', ( #1338 ), #3636, .T. ) ;
#5236 = SURFACE_SIDE_STYLE ('',( #3403 ) ) ;
#5237 = ORIENTED_EDGE ( 'NONE', *, *, #1375, .F. ) ;
#5238 = EDGE_LOOP ( 'NONE', ( #5582, #2266, #271, #624 ) ) ;
#5239 = VECTOR ( 'NONE', #2234, 1000.000000000000000 ) ;
#5240 = FILL_AREA_STYLE ('',( #2800 ) ) ;
#5241 = CARTESIAN_POINT ( 'NONE',  ( 1.572237184919800246, -4.049999999999999822, 95.31782205666043239 ) ) ;
#5242 = EDGE_CURVE ( 'NONE', #3245, #2438, #2922, .T. ) ;
#5243 = MECHANICAL_DESIGN_GEOMETRIC_PRESENTATION_REPRESENTATION (  '', ( #55 ), #1976 ) ;
#5244 = DIRECTION ( 'NONE',  ( 1.000000000000000000, 6.071532165918857963E-15, 0.000000000000000000 ) ) ;
#5245 = CARTESIAN_POINT ( 'NONE',  ( 1.528036435431704865, 29.16000000000000014, 95.27545063353906585 ) ) ;
#5246 = CARTESIAN_POINT ( 'NONE',  ( 9.662779266497464548, 29.16000000000003922, 36.43761368838811165 ) ) ;
#5247 = ORIENTED_EDGE ( 'NONE', *, *, #1169, .F. ) ;
#5248 = DIRECTION ( 'NONE',  ( -1.000000000000000000, 0.000000000000000000, 0.000000000000000000 ) ) ;
#5249 = ORIENTED_EDGE ( 'NONE', *, *, #1993, .F. ) ;
#5250 = CARTESIAN_POINT ( 'NONE',  ( 10.12495594304829183, -3.956934362541200567, 37.78386178290554653 ) ) ;
#5251 =( GEOMETRIC_REPRESENTATION_CONTEXT ( 3 ) GLOBAL_UNCERTAINTY_ASSIGNED_CONTEXT ( ( #1947 ) ) GLOBAL_UNIT_ASSIGNED_CONTEXT ( ( #4555, #661, #156 ) ) REPRESENTATION_CONTEXT ( 'NONE', 'WORKASPACE' ) );
#5252 = CARTESIAN_POINT ( 'NONE',  ( -8.330084929662245230, 1.209480289622859805, 43.48235046494436062 ) ) ;
#5253 = SURFACE_STYLE_FILL_AREA ( #2912 ) ;
#5254 = CARTESIAN_POINT ( 'NONE',  ( 1.070778906246497630, 29.16000000000000014, 95.03475944039662693 ) ) ;
#5255 = FILL_AREA_STYLE ('',( #2913 ) ) ;
#5256 = ORIENTED_EDGE ( 'NONE', *, *, #5775, .F. ) ;
#5257 = VECTOR ( 'NONE', #1212, 1000.000000000000000 ) ;
#5258 =( LENGTH_UNIT ( ) NAMED_UNIT ( * ) SI_UNIT ( .MILLI., .METRE. ) );
#5259 = CARTESIAN_POINT ( 'NONE',  ( -1.632285021982358364, 4.273193820720680769, 84.34547178347069973 ) ) ;
#5260 = CARTESIAN_POINT ( 'NONE',  ( 10.62500000000000000, 0.000000000000000000, 91.12500000000000000 ) ) ;
#5261 = AXIS2_PLACEMENT_3D ( 'NONE', #5169, #4087, #3124 ) ;
#5262 = MECHANICAL_DESIGN_GEOMETRIC_PRESENTATION_REPRESENTATION (  '', ( #1390 ), #5156 ) ;
#5263 = CARTESIAN_POINT ( 'NONE',  ( -1.788984366479656085, 20.19593970520070059, 53.05305452570623004 ) ) ;
#5264 = SURFACE_SIDE_STYLE ('',( #2367 ) ) ;
#5265 =( LENGTH_UNIT ( ) NAMED_UNIT ( * ) SI_UNIT ( .MILLI., .METRE. ) );
#5266 = FILL_AREA_STYLE_COLOUR ( '', #3150 ) ;
#5267 = COLOUR_RGB ( '',0.1019607843137254888, 0.1019607843137254888, 0.1019607843137254888 ) ;
#5268 = VECTOR ( 'NONE', #1827, 1000.000000000000000 ) ;
#5269 = PRESENTATION_STYLE_ASSIGNMENT (( #928 ) ) ;
#5270 = ORIENTED_EDGE ( 'NONE', *, *, #2848, .T. ) ;
#5271 = CARTESIAN_POINT ( 'NONE',  ( 1.012499999999961542, 18.02249999999999730, 95.03213518033508933 ) ) ;
#5272 = MECHANICAL_DESIGN_GEOMETRIC_PRESENTATION_REPRESENTATION (  '', ( #2209 ), #3434 ) ;
#5273 = ORIENTED_EDGE ( 'NONE', *, *, #5566, .T. ) ;
#5274 = STYLED_ITEM ( 'NONE', ( #2051 ), #4187 ) ;
#5275 = SURFACE_STYLE_FILL_AREA ( #5240 ) ;
#5276 = CARTESIAN_POINT ( 'NONE',  ( 8.424428059072498698, -4.049999999999959854, 92.22988317856554374 ) ) ;
#5277 = LINE ( 'NONE', #3326, #5147 ) ;
#5278 = DIRECTION ( 'NONE',  ( 0.000000000000000000, 0.000000000000000000, 1.000000000000000000 ) ) ;
#5279 = SURFACE_STYLE_USAGE ( .BOTH. , #439 ) ;
#5280 = FILL_AREA_STYLE ('',( #1320 ) ) ;
#5281 = EDGE_LOOP ( 'NONE', ( #3388, #1623, #2385, #5439, #330, #4310, #5560 ) ) ;
#5282 = ORIENTED_EDGE ( 'NONE', *, *, #4894, .T. ) ;
#5283 = EDGE_CURVE ( 'NONE', #3066, #61, #4501, .T. ) ;
#5284 = CARTESIAN_POINT ( 'NONE',  ( 10.12500000000002132, -4.049999999999950973, 36.81376196998387940 ) ) ;
#5285 = SURFACE_SIDE_STYLE ('',( #3335 ) ) ;
#5286 =( NAMED_UNIT ( * ) PLANE_ANGLE_UNIT ( ) SI_UNIT ( $, .RADIAN. ) );
#5287 = AXIS2_PLACEMENT_3D ( 'NONE', #3862, #1945, #4945 ) ;
#5288 = LINE ( 'NONE', #3304, #2808 ) ;
#5289 = SURFACE_STYLE_USAGE ( .BOTH. , #3336 ) ;
#5290 = PRESENTATION_STYLE_ASSIGNMENT (( #943 ) ) ;
#5291 = ORIENTED_EDGE ( 'NONE', *, *, #1249, .T. ) ;
#5292 = DIRECTION ( 'NONE',  ( 0.000000000000000000, 0.000000000000000000, -1.000000000000000000 ) ) ;
#5293 = DIRECTION ( 'NONE',  ( -1.000000000000000000, 0.000000000000000000, 0.000000000000000000 ) ) ;
#5294 = UNCERTAINTY_MEASURE_WITH_UNIT (LENGTH_MEASURE( 1.000000000000000082E-05 ), #747, 'distance_accuracy_value', 'NONE');
#5295 = CARTESIAN_POINT ( 'NONE',  ( 10.90472645478749669, -4.050000000000355094, 46.06364138015094056 ) ) ;
#5296 = CARTESIAN_POINT ( 'NONE',  ( 0.5067763359237840159, 24.75748794152030285, 49.86376205847961529 ) ) ;
#5297 =( NAMED_UNIT ( * ) SI_UNIT ( $, .STERADIAN. ) SOLID_ANGLE_UNIT ( ) );
#5298 = DIRECTION ( 'NONE',  ( -1.000000000000000000, 4.510281037539699678E-17, 0.000000000000000000 ) ) ;
#5299 = AXIS2_PLACEMENT_3D ( 'NONE', #4695, #5201, #5632 ) ;
#5300 = CARTESIAN_POINT ( 'NONE',  ( 20.25000000000000000, -3.037499999999999645, 90.61874999999999147 ) ) ;
#5301 = VERTEX_POINT ( 'NONE', #5410 ) ;
#5302 = VECTOR ( 'NONE', #5507, 1000.000000000000000 ) ;
#5303 = SURFACE_SIDE_STYLE ('',( #2305 ) ) ;
#5304 = ORIENTED_EDGE ( 'NONE', *, *, #5651, .T. ) ;
#5305 = CARTESIAN_POINT ( 'NONE',  ( 10.62500000000000000, -3.037499999999999645, 23.69249999999998835 ) ) ;
#5306 = CARTESIAN_POINT ( 'NONE',  ( 8.646844020901625072, -4.049999999999954525, 92.17637799162876888 ) ) ;
#5307 = PRESENTATION_LAYER_ASSIGNMENT (  '', '', ( #1327 ) ) ;
#5308 = CARTESIAN_POINT ( 'NONE',  ( -9.112499999999998934, 7.087500000000000355, 110.3624999999999829 ) ) ;
#5309 = CARTESIAN_POINT ( 'NONE',  ( -2.024999999999999911, 5.796144814107491913E-16, 83.53125000000000000 ) ) ;
#5310 = CARTESIAN_POINT ( 'NONE',  ( 6.567686363338039790, 29.16000000000002501, 37.34771208523955011 ) ) ;
#5311 = VERTEX_POINT ( 'NONE', #2549 ) ;
#5312 = FACE_OUTER_BOUND ( 'NONE', #1892, .T. ) ;
#5313 = VERTEX_POINT ( 'NONE', #3918 ) ;
#5314 = PLANE ( 'NONE',  #5387 ) ;
#5315 = EDGE_CURVE ( 'NONE', #1552, #297, #41, .T. ) ;
#5316 = EDGE_CURVE ( 'NONE', #4068, #1473, #5917, .T. ) ;
#5317 = DIRECTION ( 'NONE',  ( 1.000000000000000000, 0.000000000000000000, 0.000000000000000000 ) ) ;
#5318 = EDGE_CURVE ( 'NONE', #887, #4119, #4447, .T. ) ;
#5319 = CARTESIAN_POINT ( 'NONE',  ( 10.19083460900542448, 29.16000000000004633, 100.7044708889488192 ) ) ;
#5320 = DIRECTION ( 'NONE',  ( -1.000000000000000000, 0.000000000000000000, 0.000000000000000000 ) ) ;
#5321 = ORIENTED_EDGE ( 'NONE', *, *, #3005, .T. ) ;
#5322 = DIRECTION ( 'NONE',  ( 0.000000000000000000, 1.885568995626964780E-16, 1.000000000000000000 ) ) ;
#5323 = EDGE_CURVE ( 'NONE', #878, #1461, #3054, .T. ) ;
#5324 = FACE_OUTER_BOUND ( 'NONE', #2690, .T. ) ;
#5325 =( LENGTH_UNIT ( ) NAMED_UNIT ( * ) SI_UNIT ( .MILLI., .METRE. ) );
#5326 =( NAMED_UNIT ( * ) PLANE_ANGLE_UNIT ( ) SI_UNIT ( $, .RADIAN. ) );
#5327 =( LENGTH_UNIT ( ) NAMED_UNIT ( * ) SI_UNIT ( .MILLI., .METRE. ) );
#5328 = ORIENTED_EDGE ( 'NONE', *, *, #2363, .F. ) ;
#5329 = SURFACE_STYLE_USAGE ( .BOTH. , #3381 ) ;
#5330 = EDGE_LOOP ( 'NONE', ( #5110, #1060, #5739 ) ) ;
#5331 = CARTESIAN_POINT ( 'NONE',  ( 4.668372417383841899, -4.049999999999979394, 98.53201077473092084 ) ) ;
#5332 = PLANE ( 'NONE',  #5051 ) ;
#5333 = CARTESIAN_POINT ( 'NONE',  ( 10.62500000000000000, 25.10999999999999588, 45.96750000000000114 ) ) ;
#5334 =( LENGTH_UNIT ( ) NAMED_UNIT ( * ) SI_UNIT ( .MILLI., .METRE. ) );
#5335 = CIRCLE ( 'NONE', #5834, 10.12499999999999467 ) ;
#5336 = ORIENTED_EDGE ( 'NONE', *, *, #178, .T. ) ;
#5337 =( NAMED_UNIT ( * ) PLANE_ANGLE_UNIT ( ) SI_UNIT ( $, .RADIAN. ) );
#5338 = EDGE_LOOP ( 'NONE', ( #2093, #4512, #2157, #714 ) ) ;
#5339 =( GEOMETRIC_REPRESENTATION_CONTEXT ( 3 ) GLOBAL_UNCERTAINTY_ASSIGNED_CONTEXT ( ( #3867 ) ) GLOBAL_UNIT_ASSIGNED_CONTEXT ( ( #4826, #5802, #43 ) ) REPRESENTATION_CONTEXT ( 'NONE', 'WORKASPACE' ) );
#5340 = DIRECTION ( 'NONE',  ( -6.938893903907279222E-18, 1.000000000000000000, 0.000000000000000000 ) ) ;
#5341 = CARTESIAN_POINT ( 'NONE',  ( 9.730663367755541415, 29.16000000000004277, 100.6640637873566675 ) ) ;
#5342 = EDGE_CURVE ( 'NONE', #4738, #1002, #987, .T. ) ;
#5343 = ORIENTED_EDGE ( 'NONE', *, *, #4469, .T. ) ;
#5344 = VECTOR ( 'NONE', #3048, 1000.000000000000000 ) ;
#5345 = DIRECTION ( 'NONE',  ( 6.057297782015010803E-31, -1.945877159896978650E-46, 1.000000000000000000 ) ) ;
#5346 = VECTOR ( 'NONE', #2943, 1000.000000000000000 ) ;
#5347 = CARTESIAN_POINT ( 'NONE',  ( -2.019451509810332723, 6.709000604352722164, 83.54347186535960645 ) ) ;
#5348 = UNCERTAINTY_MEASURE_WITH_UNIT (LENGTH_MEASURE( 1.000000000000000082E-05 ), #5826, 'distance_accuracy_value', 'NONE');
#5349 = CARTESIAN_POINT ( 'NONE',  ( 11.06798640584933935, -4.049999999999946532, 46.37736314359220557 ) ) ;
#5350 = CARTESIAN_POINT ( 'NONE',  ( 32.92873889984931424, 29.16000000000018844, 113.4000000000000057 ) ) ;
#5351 = FACE_OUTER_BOUND ( 'NONE', #2650, .T. ) ;
#5352 = ADVANCED_FACE ( 'NONE', ( #2424 ), #4386, .T. ) ;
#5353 =( NAMED_UNIT ( * ) SI_UNIT ( $, .STERADIAN. ) SOLID_ANGLE_UNIT ( ) );
#5354 = LINE ( 'NONE', #4797, #2546 ) ;
#5355 = PRESENTATION_LAYER_ASSIGNMENT (  '', '', ( #3618 ) ) ;
#5356 = AXIS2_PLACEMENT_3D ( 'NONE', #1738, #4240, #5094 ) ;
#5357 = CARTESIAN_POINT ( 'NONE',  ( -7.578847391416585921, 25.10999999999999588, 110.3999999999999915 ) ) ;
#5358 = ORIENTED_EDGE ( 'NONE', *, *, #4066, .T. ) ;
#5359 = CARTESIAN_POINT ( 'NONE',  ( 10.52882189869620788, 3.625091548011157627, 90.61874999870555314 ) ) ;
#5360 = PRESENTATION_LAYER_ASSIGNMENT (  '', '', ( #2802 ) ) ;
#5361 = AXIS2_PLACEMENT_3D ( 'NONE', #1039, #4491, #4548 ) ;
#5362 = PRODUCT_CONTEXT ( 'NONE', #3429, 'mechanical' ) ;
#5363 = PLANE ( 'NONE',  #4967 ) ;
#5364 = ORIENTED_EDGE ( 'NONE', *, *, #1092, .T. ) ;
#5365 =( NAMED_UNIT ( * ) SI_UNIT ( $, .STERADIAN. ) SOLID_ANGLE_UNIT ( ) );
#5366 = EDGE_LOOP ( 'NONE', ( #6027, #6185, #5358, #1589, #5610 ) ) ;
#5367 = MECHANICAL_DESIGN_GEOMETRIC_PRESENTATION_REPRESENTATION (  '', ( #3730 ), #5772 ) ;
#5368 = CARTESIAN_POINT ( 'NONE',  ( -5.973749999999999005, 22.58500000000000085, 137.0924999999999727 ) ) ;
#5369 = CARTESIAN_POINT ( 'NONE',  ( 10.29915589869395376, 29.16000000000085635, 91.54316371948088715 ) ) ;
#5370 = STYLED_ITEM ( 'NONE', ( #3060 ), #5149 ) ;
#5371 = CARTESIAN_POINT ( 'NONE',  ( 10.62500000000000000, -3.963452304990398467, 37.92415867957035402 ) ) ;
#5372 = ORIENTED_EDGE ( 'NONE', *, *, #411, .T. ) ;
#5373 = CARTESIAN_POINT ( 'NONE',  ( -1.132272032913400617, 22.17953425994068084, 85.17145213464655740 ) ) ;
#5374 = FILL_AREA_STYLE ('',( #6238 ) ) ;
#5375 = CARTESIAN_POINT ( 'NONE',  ( 2.815389110515339688, -3.037500000000000089, 90.95471323492171223 ) ) ;
#5376 = CARTESIAN_POINT ( 'NONE',  ( 8.310017158150989403, -4.049999999999958078, 100.3716456845544229 ) ) ;
#5377 =( GEOMETRIC_REPRESENTATION_CONTEXT ( 3 ) GLOBAL_UNCERTAINTY_ASSIGNED_CONTEXT ( ( #2068 ) ) GLOBAL_UNIT_ASSIGNED_CONTEXT ( ( #666, #3055, #2607 ) ) REPRESENTATION_CONTEXT ( 'NONE', 'WORKASPACE' ) );
#5378 = FILL_AREA_STYLE ('',( #1469 ) ) ;
#5379 = DIRECTION ( 'NONE',  ( 6.938893903907229918E-18, -1.000000000000000000, 0.000000000000000000 ) ) ;
#5380 = EDGE_CURVE ( 'NONE', #396, #1406, #6098, .T. ) ;
#5381 = LINE ( 'NONE', #2957, #5631 ) ;
#5382 = PRESENTATION_LAYER_ASSIGNMENT (  '', '', ( #5789 ) ) ;
#5383 = DIRECTION ( 'NONE',  ( -1.000000000000000000, 0.000000000000000000, 0.000000000000000000 ) ) ;
#5384 = ADVANCED_FACE ( 'NONE', ( #665 ), #3300, .F. ) ;
#5385 = LINE ( 'NONE', #3992, #4567 ) ;
#5386 = VERTEX_POINT ( 'NONE', #5649 ) ;
#5387 = AXIS2_PLACEMENT_3D ( 'NONE', #2055, #1549, #2971 ) ;
#5388 = CARTESIAN_POINT ( 'NONE',  ( -1.093693765966199161, 2.845544949473382879, 51.86283637567667881 ) ) ;
#5389 = CARTESIAN_POINT ( 'NONE',  ( 11.06798640584940507, -4.049999999999945643, 90.71513685640778135 ) ) ;
#5390 = COLOUR_RGB ( '',0.1019607843137254888, 0.1019607843137254888, 0.1019607843137254888 ) ;
#5391 =( LENGTH_UNIT ( ) NAMED_UNIT ( * ) SI_UNIT ( .MILLI., .METRE. ) );
#5392 = PRESENTATION_LAYER_ASSIGNMENT (  '', '', ( #3466 ) ) ;
#5393 = DIRECTION ( 'NONE',  ( 0.000000000000000000, -1.627641779928855823E-15, -1.000000000000000000 ) ) ;
#5394 = ORIENTED_EDGE ( 'NONE', *, *, #237, .F. ) ;
#5395 = CARTESIAN_POINT ( 'NONE',  ( -9.152314299304729062, 22.55190344291647975, 94.57893501694292127 ) ) ;
#5396 = ORIENTED_EDGE ( 'NONE', *, *, #910, .T. ) ;
#5397 = CARTESIAN_POINT ( 'NONE',  ( -8.319052185059518933, 22.58500000000000796, 100.8939232542379187 ) ) ;
#5398 = LINE ( 'NONE', #3936, #6091 ) ;
#5399 =( GEOMETRIC_REPRESENTATION_CONTEXT ( 3 ) GLOBAL_UNCERTAINTY_ASSIGNED_CONTEXT ( ( #5225 ) ) GLOBAL_UNIT_ASSIGNED_CONTEXT ( ( #2520, #3444, #4948 ) ) REPRESENTATION_CONTEXT ( 'NONE', 'WORKASPACE' ) );
#5400 = AXIS2_PLACEMENT_3D ( 'NONE', #4909, #2508, #3013 ) ;
#5401 = PRESENTATION_STYLE_ASSIGNMENT (( #5019 ) ) ;
#5402 = FACE_OUTER_BOUND ( 'NONE', #1072, .T. ) ;
#5403 = CARTESIAN_POINT ( 'NONE',  ( 1.839338872853413243, 29.15999999999989711, 44.38549840910224020 ) ) ;
#5404 = ORIENTED_EDGE ( 'NONE', *, *, #5150, .F. ) ;
#5405 = CARTESIAN_POINT ( 'NONE',  ( -1.959582441686740673, 19.17166090851271321, 83.68023806316875834 ) ) ;
#5406 = CARTESIAN_POINT ( 'NONE',  ( -51.32951142158430713, 21.97125000000000128, 1.350211916778389836E-14 ) ) ;
#5407 = DIRECTION ( 'NONE',  ( -2.498001805406605174E-16, 0.000000000000000000, 1.000000000000000000 ) ) ;
#5408 = UNCERTAINTY_MEASURE_WITH_UNIT (LENGTH_MEASURE( 1.000000000000000082E-05 ), #5880, 'distance_accuracy_value', 'NONE');
#5409 = CARTESIAN_POINT ( 'NONE',  ( 3.236430498569160541, -3.037499999999998757, 91.14124262174419755 ) ) ;
#5410 = CARTESIAN_POINT ( 'NONE',  ( 0.000000000000000000, -2.986747800704532274, 113.4000000000000057 ) ) ;
#5411 =( NAMED_UNIT ( * ) PLANE_ANGLE_UNIT ( ) SI_UNIT ( $, .RADIAN. ) );
#5412 = SURFACE_STYLE_USAGE ( .BOTH. , #3377 ) ;
#5413 =( LENGTH_UNIT ( ) NAMED_UNIT ( * ) SI_UNIT ( .MILLI., .METRE. ) );
#5414 = DIRECTION ( 'NONE',  ( 5.165278571223799760E-17, 1.000000000000000000, 0.000000000000000000 ) ) ;
#5415 = EDGE_CURVE ( 'NONE', #6132, #3477, #4375, .T. ) ;
#5416 = CARTESIAN_POINT ( 'NONE',  ( -9.319365997047199812, 22.18140024754866246, 42.06036481966484075 ) ) ;
#5417 = ORIENTED_EDGE ( 'NONE', *, *, #6121, .F. ) ;
#5418 = EDGE_CURVE ( 'NONE', #749, #5691, #1736, .T. ) ;
#5419 = CARTESIAN_POINT ( 'NONE',  ( 0.7606191012826869491, 0.1036963803150253438, 49.61494638031493309 ) ) ;
#5420 = CARTESIAN_POINT ( 'NONE',  ( 0.000000000000000000, -3.037499999999999645, 6.093251410737770232E-15 ) ) ;
#5421 = FILL_AREA_STYLE ('',( #3481 ) ) ;
#5422 = CARTESIAN_POINT ( 'NONE',  ( -8.208430559340616384, 23.85999999999999943, 37.04247677478998924 ) ) ;
#5423 = ORIENTED_EDGE ( 'NONE', *, *, #5884, .F. ) ;
#5424 = B_SPLINE_CURVE_WITH_KNOTS ( 'NONE', 3,
 ( #3946, #125, #633, #5501, #5942, #5435 ),
 .UNSPECIFIED., .F., .F.,
 ( 4, 2, 4 ),
 ( 0.000000000000000000, 0.0008737766764950540303, 0.001747553352990108061 ),
 .UNSPECIFIED. ) ;
#5425 =( NAMED_UNIT ( * ) PLANE_ANGLE_UNIT ( ) SI_UNIT ( $, .RADIAN. ) );
#5426 = VERTEX_POINT ( 'NONE', #3236 ) ;
#5427 = CARTESIAN_POINT ( 'NONE',  ( 5.932005944680382115, 28.14749999999999375, 43.48601057771930556 ) ) ;
#5428 = ADVANCED_FACE ( 'NONE', ( #3683, #1792 ), #920, .T. ) ;
#5429 = CIRCLE ( 'NONE', #6249, 10.12500000000000000 ) ;
#5430 = CARTESIAN_POINT ( 'NONE',  ( -5.973749999999999893, 10.93500000000000050, 102.2625000000000028 ) ) ;
#5431 = CARTESIAN_POINT ( 'NONE',  ( 1.012499999999961542, 29.15999999999998948, 46.47374999999998835 ) ) ;
#5432 =( LENGTH_UNIT ( ) NAMED_UNIT ( * ) SI_UNIT ( .MILLI., .METRE. ) );
#5433 = VERTEX_POINT ( 'NONE', #5619 ) ;
#5434 = CARTESIAN_POINT ( 'NONE',  ( 10.12499996777535927, 28.89822494575117062, 38.69456803696887448 ) ) ;
#5435 = CARTESIAN_POINT ( 'NONE',  ( -6.102714662081565322, 21.97124999999999062, 101.8999999999999915 ) ) ;
#5436 = CARTESIAN_POINT ( 'NONE',  ( -0.2290018013181604750, 1.330452745848364593, 86.38313064922159867 ) ) ;
#5437 = CARTESIAN_POINT ( 'NONE',  ( -6.687816616998415675, 21.97124999999999773, 35.22536722220420558 ) ) ;
#5438 = DIRECTION ( 'NONE',  ( 0.000000000000000000, -1.000000000000000000, 5.595882180570350110E-16 ) ) ;
#5439 = ORIENTED_EDGE ( 'NONE', *, *, #1885, .T. ) ;
#5440 = CARTESIAN_POINT ( 'NONE',  ( 7.866043189547021974, -4.049999999999961631, 100.2365406577855822 ) ) ;
#5441 = PLANE ( 'NONE',  #4577 ) ;
#5442 = STYLED_ITEM ( 'NONE', ( #606 ), #2435 ) ;
#5443 = CARTESIAN_POINT ( 'NONE',  ( 0.6742935442334299090, -3.037499999999998757, 137.0924999999998875 ) ) ;
#5444 = CARTESIAN_POINT ( 'NONE',  ( -5.973749999999999005, 23.85999999999999233, 1.542804143242414537E-15 ) ) ;
#5445 = CARTESIAN_POINT ( 'NONE',  ( 1.595252968564123242, -3.024759260619639178, 46.47375001831841246 ) ) ;
#5446 = MECHANICAL_DESIGN_GEOMETRIC_PRESENTATION_REPRESENTATION (  '', ( #972 ), #3727 ) ;
#5447 = CARTESIAN_POINT ( 'NONE',  ( -51.32951142158430713, 3.138750000000151807, 110.3624999999999829 ) ) ;
#5448 = DIRECTION ( 'NONE',  ( 0.000000000000000000, -1.000000000000000000, 0.000000000000000000 ) ) ;
#5449 = LINE ( 'NONE', #4022, #5495 ) ;
#5450 = CARTESIAN_POINT ( 'NONE',  ( -8.472619925441142286, 23.85999999999999588, 38.02105177986489792 ) ) ;
#5451 = CARTESIAN_POINT ( 'NONE',  ( -40.50000000000000000, 2.024999999999999911, 0.000000000000000000 ) ) ;
#5452 = EDGE_LOOP ( 'NONE', ( #5545, #6192, #1234, #3091 ) ) ;
#5453 =( LENGTH_UNIT ( ) NAMED_UNIT ( * ) SI_UNIT ( .MILLI., .METRE. ) );
#5454 = VECTOR ( 'NONE', #1674, 1000.000000000000000 ) ;
#5455 = ORIENTED_EDGE ( 'NONE', *, *, #5538, .T. ) ;
#5456 = VECTOR ( 'NONE', #3520, 1000.000000000000000 ) ;
#5457 = CARTESIAN_POINT ( 'NONE',  ( -8.018576060031586294, 22.58500000000000441, 101.1614001695614036 ) ) ;
#5458 = FACE_OUTER_BOUND ( 'NONE', #1332, .T. ) ;
#5459 = EDGE_CURVE ( 'NONE', #4006, #878, #6263, .T. ) ;
#5460 = AXIS2_PLACEMENT_3D ( 'NONE', #6236, #974, #5320 ) ;
#5461 = COLOUR_RGB ( '',0.1019607843137254888, 0.1019607843137254888, 0.1019607843137254888 ) ;
#5462 = FACE_OUTER_BOUND ( 'NONE', #1441, .T. ) ;
#5463 = DIRECTION ( 'NONE',  ( -1.000000000000000000, 0.000000000000000000, 0.000000000000000000 ) ) ;
#5464 = EDGE_CURVE ( 'NONE', #3835, #5617, #4129, .T. ) ;
#5465 = SURFACE_SIDE_STYLE ('',( #6005 ) ) ;
#5466 = VERTEX_POINT ( 'NONE', #2381 ) ;
#5467 = MECHANICAL_DESIGN_GEOMETRIC_PRESENTATION_REPRESENTATION (  '', ( #693 ), #4267 ) ;
#5468 =( GEOMETRIC_REPRESENTATION_CONTEXT ( 3 ) GLOBAL_UNCERTAINTY_ASSIGNED_CONTEXT ( ( #3949 ) ) GLOBAL_UNIT_ASSIGNED_CONTEXT ( ( #5334, #4774, #2841 ) ) REPRESENTATION_CONTEXT ( 'NONE', 'WORKASPACE' ) );
#5469 = CARTESIAN_POINT ( 'NONE',  ( -1.821798049530159114, 20.04969400776788291, 83.97421292941817228 ) ) ;
#5470 = CARTESIAN_POINT ( 'NONE',  ( 10.12499984199580716, -3.785237088415378093, 98.38499178647127508 ) ) ;
#5471 = ORIENTED_EDGE ( 'NONE', *, *, #3118, .F. ) ;
#5472 = CARTESIAN_POINT ( 'NONE',  ( 3.274065535898553314, -4.049999999999990052, 97.26459471081986408 ) ) ;
#5473 = CARTESIAN_POINT ( 'NONE',  ( 1.012499999999961542, 18.02249999999999375, 23.69249999999998835 ) ) ;
#5474 = AXIS2_PLACEMENT_3D ( 'NONE', #3313, #764, #3801 ) ;
#5475 = DIRECTION ( 'NONE',  ( -1.000000000000000000, 0.000000000000000000, 0.000000000000000000 ) ) ;
#5476 = FILL_AREA_STYLE ('',( #4977 ) ) ;
#5477 = STYLED_ITEM ( 'NONE', ( #4561 ), #246 ) ;
#5478 = FILL_AREA_STYLE_COLOUR ( '', #1705 ) ;
#5479 = FILL_AREA_STYLE_COLOUR ( '', #4382 ) ;
#5480 = CARTESIAN_POINT ( 'NONE',  ( -0.1996888942940046041, 1.288291406908515846, 50.67420735915034413 ) ) ;
#5481 = DIRECTION ( 'NONE',  ( 1.000000000000000000, 0.000000000000000000, 0.000000000000000000 ) ) ;
#5482 = STYLED_ITEM ( 'NONE', ( #4922 ), #526 ) ;
#5483 = CARTESIAN_POINT ( 'NONE',  ( 1.012499999999969535, -0.1431962838996078680, 87.72444628389968102 ) ) ;
#5484 =( NAMED_UNIT ( * ) PLANE_ANGLE_UNIT ( ) SI_UNIT ( $, .RADIAN. ) );
#5485 = ORIENTED_EDGE ( 'NONE', *, *, #2652, .F. ) ;
#5486 = CARTESIAN_POINT ( 'NONE',  ( -9.091827644298675182, 22.00887878464631697, 92.68317633785828491 ) ) ;
#5487 = ORIENTED_EDGE ( 'NONE', *, *, #2235, .T. ) ;
#5488 = DIRECTION ( 'NONE',  ( 0.000000000000000000, 1.885568995626965026E-16, 1.000000000000000000 ) ) ;
#5489 = FACE_OUTER_BOUND ( 'NONE', #45, .T. ) ;
#5490 = MECHANICAL_DESIGN_GEOMETRIC_PRESENTATION_REPRESENTATION (  '', ( #1625 ), #3771 ) ;
#5491 = MECHANICAL_DESIGN_GEOMETRIC_PRESENTATION_REPRESENTATION (  '', ( #1937 ), #2041 ) ;
#5492 = CARTESIAN_POINT ( 'NONE',  ( 1.012499999999961542, 18.02249999999999375, 38.19250000000000256 ) ) ;
#5493 = CARTESIAN_POINT ( 'NONE',  ( 20.25000000000000000, 28.14749999999999375, 0.000000000000000000 ) ) ;
#5494 = ORIENTED_EDGE ( 'NONE', *, *, #5850, .T. ) ;
#5495 = VECTOR ( 'NONE', #3478, 1000.000000000000000 ) ;
#5496 = EDGE_CURVE ( 'NONE', #1566, #4370, #2940, .T. ) ;
#5497 = MECHANICAL_DESIGN_GEOMETRIC_PRESENTATION_REPRESENTATION (  '', ( #4903 ), #6009 ) ;
#5498 = EDGE_CURVE ( 'NONE', #2676, #6154, #2034, .T. ) ;
#5499 = EDGE_CURVE ( 'NONE', #5617, #4716, #106, .T. ) ;
#5500 = CARTESIAN_POINT ( 'NONE',  ( 10.12499984199582492, 28.89523708841541350, 38.70750821352893922 ) ) ;
#5501 = CARTESIAN_POINT ( 'NONE',  ( -6.693888710217533067, 21.97124999999999773, 101.8662027549869151 ) ) ;
#5502 = LINE ( 'NONE', #4881, #1437 ) ;
#5503 = CARTESIAN_POINT ( 'NONE',  ( 10.12499956131772372, -3.780740112251066876, 98.36560130599298191 ) ) ;
#5504 = ORIENTED_EDGE ( 'NONE', *, *, #5775, .T. ) ;
#5505 = CARTESIAN_POINT ( 'NONE',  ( -7.796249999999989910, 21.32158956113294224, 35.44802621155027822 ) ) ;
#5506 = SURFACE_STYLE_FILL_AREA ( #3108 ) ;
#5507 = DIRECTION ( 'NONE',  ( -1.000000000000000000, 0.000000000000000000, 0.000000000000000000 ) ) ;
#5508 = CARTESIAN_POINT ( 'NONE',  ( -7.578847391416594803, 2.602085213965210642E-15, 46.47374999999998835 ) ) ;
#5509 = UNCERTAINTY_MEASURE_WITH_UNIT (LENGTH_MEASURE( 1.000000000000000082E-05 ), #3213, 'distance_accuracy_value', 'NONE');
#5510 = PLANE ( 'NONE',  #4769 ) ;
#5511 =( NAMED_UNIT ( * ) PLANE_ANGLE_UNIT ( ) SI_UNIT ( $, .RADIAN. ) );
#5512 = CYLINDRICAL_SURFACE ( 'NONE', #1939, 10.12499999999999822 ) ;
#5513 = LINE ( 'NONE', #1209, #3254 ) ;
#5514 = CYLINDRICAL_SURFACE ( 'NONE', #3707, 10.12500000000000000 ) ;
#5515 =( NAMED_UNIT ( * ) PLANE_ANGLE_UNIT ( ) SI_UNIT ( $, .RADIAN. ) );
#5516 = ORIENTED_EDGE ( 'NONE', *, *, #2851, .T. ) ;
#5517 = CARTESIAN_POINT ( 'NONE',  ( -9.313916900405638799, 21.67660043591209984, 93.10713196113202628 ) ) ;
#5518 = EDGE_LOOP ( 'NONE', ( #5237, #5404, #6222, #4559 ) ) ;
#5519 = DIRECTION ( 'NONE',  ( 1.000000000000000000, 0.000000000000000000, 0.000000000000000000 ) ) ;
#5520 =( NAMED_UNIT ( * ) PLANE_ANGLE_UNIT ( ) SI_UNIT ( $, .RADIAN. ) );
#5521 = CARTESIAN_POINT ( 'NONE',  ( 1.012499999999961542, 18.02249999999999375, 26.69249999999999901 ) ) ;
#5522 = FACE_OUTER_BOUND ( 'NONE', #781, .T. ) ;
#5523 = ORIENTED_EDGE ( 'NONE', *, *, #753, .F. ) ;
#5524 = CARTESIAN_POINT ( 'NONE',  ( 2.446840192436066985, 28.04903127345689384, 46.47375005066673737 ) ) ;
#5525 = VERTEX_POINT ( 'NONE', #444 ) ;
#5526 = CARTESIAN_POINT ( 'NONE',  ( 5.098240205550505166, 28.14749999999999375, 92.60020330500189800 ) ) ;
#5527 = FILL_AREA_STYLE ('',( #2570 ) ) ;
#5528 = ADVANCED_FACE ( 'NONE', ( #4339 ), #5314, .F. ) ;
#5529 = CARTESIAN_POINT ( 'NONE',  ( 10.62500000000000000, 22.07249999999999801, 137.0924999999999727 ) ) ;
#5530 =( NAMED_UNIT ( * ) SI_UNIT ( $, .STERADIAN. ) SOLID_ANGLE_UNIT ( ) );
#5531 = ORIENTED_EDGE ( 'NONE', *, *, #4570, .T. ) ;
#5532 = EDGE_CURVE ( 'NONE', #396, #3671, #4741, .T. ) ;
#5533 = FILL_AREA_STYLE ('',( #5946 ) ) ;
#5534 = PRESENTATION_STYLE_ASSIGNMENT (( #1266 ) ) ;
#5535 = PRESENTATION_LAYER_ASSIGNMENT (  '', '', ( #5744 ) ) ;
#5536 = CARTESIAN_POINT ( 'NONE',  ( 10.62500000000000000, -3.963452304990398467, 37.92415867957035402 ) ) ;
#5537 = CARTESIAN_POINT ( 'NONE',  ( 1.157216739054487853, -4.050000000000004263, 42.03992321244376740 ) ) ;
#5538 = EDGE_CURVE ( 'NONE', #1417, #1604, #2019, .T. ) ;
#5539 = LINE ( 'NONE', #2617, #4174 ) ;
#5540 = VECTOR ( 'NONE', #1119, 1000.000000000000000 ) ;
#5541 = CARTESIAN_POINT ( 'NONE',  ( 1.012499999999978639, 7.087500000000000355, 46.47375000000000256 ) ) ;
#5542 = DIRECTION ( 'NONE',  ( -1.000000000000000000, -6.071532165918857963E-15, 1.144829280800842736E-30 ) ) ;
#5543 = ORIENTED_EDGE ( 'NONE', *, *, #356, .T. ) ;
#5544 = DIRECTION ( 'NONE',  ( -0.000000000000000000, -0.000000000000000000, -1.000000000000000000 ) ) ;
#5545 = ORIENTED_EDGE ( 'NONE', *, *, #5566, .F. ) ;
#5546 =( NAMED_UNIT ( * ) SI_UNIT ( $, .STERADIAN. ) SOLID_ANGLE_UNIT ( ) );
#5547 = STYLED_ITEM ( 'NONE', ( #2980 ), #3433 ) ;
#5548 = B_SPLINE_CURVE_WITH_KNOTS ( 'NONE', 3,
 ( #4381, #4748, #3762, #4286, #5696, #5823, #3398, #977, #1333, #4438, #1041, #3074, #3431, #4554, #3526, #3558, #63, #604, #5882, #5941, #4938, #5373, #1997, #1583, #95, #3945, #632, #1491, #3047, #4968, #2088, #1011, #124, #1130, #1069, #5912, #2540, #1519, #5469, #4520, #3493, #2947, #4470, #3467, #2474, #4496, #2028, #5405, #1099, #5975, #1964 ),
 .UNSPECIFIED., .F., .F.,
 ( 4, 2, 2, 1, 1, 1, 1, 2, 2, 2, 2, 1, 1, 1, 1, 2, 2, 2, 2, 2, 1, 1, 1, 2, 2, 2, 2, 1, 1, 2, 2, 4 ),
 ( 0.000000000000000000, 0.1249999999998228639, 0.1874999999997329914, 0.2187499999996866951, 0.2343749999996621036, 0.2421874999996483646, 0.2460937499996429245, 0.2480468749996416755, 0.2499999999996403988, 0.3749999999996090350, 0.4374999999995933253, 0.4687499999995859978, 0.4843749999995818345, 0.4921874999995797251, 0.4960937499995796141, 0.4980468749995795030, 0.4999999999995794475, 0.6249999999996681543, 0.6874999999997121192, 0.7187499999997351008, 0.7343749999997476463, 0.7421874999997539746, 0.7460937499997570832, 0.7480468749997603028, 0.7499999999997635225, 0.8124999999998183675, 0.8437499999998445688, 0.8593749999998588907, 0.8671874999998665512, 0.8710937499998697708, 0.8749999999998729905, 1.000000000000000000 ),
 .UNSPECIFIED. ) ;
#5549 = AXIS2_PLACEMENT_3D ( 'NONE', #3670, #4663, #3637 ) ;
#5550 = CARTESIAN_POINT ( 'NONE',  ( 10.12500000000000178, -4.049999999999950973, 36.39402376808406814 ) ) ;
#5551 = MECHANICAL_DESIGN_GEOMETRIC_PRESENTATION_REPRESENTATION (  '', ( #677 ), #4140 ) ;
#5552 = CARTESIAN_POINT ( 'NONE',  ( 10.92349068601811091, 20.09851115555643020, 46.47375000026976011 ) ) ;
#5553 = ORIENTED_EDGE ( 'NONE', *, *, #178, .F. ) ;
#5554 = MECHANICAL_DESIGN_GEOMETRIC_PRESENTATION_REPRESENTATION (  '', ( #4365 ), #3223 ) ;
#5555 = CARTESIAN_POINT ( 'NONE',  ( 1.012499999999961542, 29.15999999999998948, 42.06036481966484075 ) ) ;
#5556 = B_SPLINE_CURVE_WITH_KNOTS ( 'NONE', 3,
 ( #1163, #576, #101, #2037, #3531, #2156, #4102, #3981, #3078, #5503, #5470, #698, #1134, #5915, #663, #1557 ),
 .UNSPECIFIED., .F., .F.,
 ( 4, 2, 2, 1, 1, 1, 1, 2, 2, 4 ),
 ( 0.000000000000000000, 0.2499999999999321654, 0.3749999999999025224, 0.4374999999998876454, 0.4687499999998842592, 0.4843749999998865352, 0.4921874999998877565, 0.4960937499998883116, 0.4999999999998888667, 1.000000000000000000 ),
 .UNSPECIFIED. ) ;
#5557 = LINE ( 'NONE', #754, #5060 ) ;
#5558 = CARTESIAN_POINT ( 'NONE',  ( 5.124129633550043472, 27.27690639370110048, 90.61874997400275333 ) ) ;
#5559 = STYLED_ITEM ( 'NONE', ( #1637 ), #4770 ) ;
#5560 = ORIENTED_EDGE ( 'NONE', *, *, #612, .F. ) ;
#5561 = CARTESIAN_POINT ( 'NONE',  ( -9.258753009037878456, 21.93578289565182615, 43.77788074268324436 ) ) ;
#5562 = CARTESIAN_POINT ( 'NONE',  ( 1.439227467121135140, -4.050000000000003375, 41.88693544904601396 ) ) ;
#5563 = PRESENTATION_LAYER_ASSIGNMENT (  '', '', ( #4780 ) ) ;
#5564 = CARTESIAN_POINT ( 'NONE',  ( -8.928049417851946501, 23.04604864803534170, 42.02418329942847919 ) ) ;
#5565 = CARTESIAN_POINT ( 'NONE',  ( -1.765742458577206797, 4.810767656767451328, 53.00686544159278668 ) ) ;
#5566 = EDGE_CURVE ( 'NONE', #3101, #2638, #3457, .T. ) ;
#5567 = EDGE_CURVE ( 'NONE', #5180, #937, #5965, .T. ) ;
#5568 = FACE_OUTER_BOUND ( 'NONE', #495, .T. ) ;
#5569 =( LENGTH_UNIT ( ) NAMED_UNIT ( * ) SI_UNIT ( .MILLI., .METRE. ) );
#5570 = EDGE_CURVE ( 'NONE', #5466, #1548, #786, .T. ) ;
#5571 = COLOUR_RGB ( '',0.1019607843137254888, 0.1019607843137254888, 0.1019607843137254888 ) ;
#5572 =( LENGTH_UNIT ( ) NAMED_UNIT ( * ) SI_UNIT ( .MILLI., .METRE. ) );
#5573 =( LENGTH_UNIT ( ) NAMED_UNIT ( * ) SI_UNIT ( .MILLI., .METRE. ) );
#5574 = VERTEX_POINT ( 'NONE', #4729 ) ;
#5575 = SURFACE_STYLE_USAGE ( .BOTH. , #2269 ) ;
#5576 = ORIENTED_EDGE ( 'NONE', *, *, #5689, .T. ) ;
#5577 = CARTESIAN_POINT ( 'NONE',  ( 1.041755643829467948, -4.050000000000003375, 95.03213519115176666 ) ) ;
#5578 = PRESENTATION_LAYER_ASSIGNMENT (  '', '', ( #5684 ) ) ;
#5579 = DIRECTION ( 'NONE',  ( -2.582639285611905427E-16, 2.238429243383175034E-33, -1.000000000000000000 ) ) ;
#5580 = MECHANICAL_DESIGN_GEOMETRIC_PRESENTATION_REPRESENTATION (  '', ( #4295 ), #1825 ) ;
#5581 = CARTESIAN_POINT ( 'NONE',  ( 2.929785006851996165, 27.13251149124992168, 47.48873850874992542 ) ) ;
#5582 = ORIENTED_EDGE ( 'NONE', *, *, #789, .F. ) ;
#5583 = CARTESIAN_POINT ( 'NONE',  ( 11.02899686258677825, 29.16000000000085990, 46.26539387000642023 ) ) ;
#5584 = ORIENTED_EDGE ( 'NONE', *, *, #5118, .T. ) ;
#5585 = MECHANICAL_DESIGN_GEOMETRIC_PRESENTATION_REPRESENTATION (  '', ( #2641 ), #810 ) ;
#5586 =( GEOMETRIC_REPRESENTATION_CONTEXT ( 3 ) GLOBAL_UNCERTAINTY_ASSIGNED_CONTEXT ( ( #2267 ) ) GLOBAL_UNIT_ASSIGNED_CONTEXT ( ( #1307, #3284, #803 ) ) REPRESENTATION_CONTEXT ( 'NONE', 'WORKASPACE' ) );
#5587 = CARTESIAN_POINT ( 'NONE',  ( -7.796250000000000568, 3.138750000000156692, 137.0924999999999727 ) ) ;
#5588 = CARTESIAN_POINT ( 'NONE',  ( -8.353246790454107895, 1.636103661805605958, 92.56585175309554359 ) ) ;
#5589 = DIRECTION ( 'NONE',  ( 0.000000000000000000, -0.7071067811865510144, 0.7071067811865441310 ) ) ;
#5590 =( GEOMETRIC_REPRESENTATION_CONTEXT ( 3 ) GLOBAL_UNCERTAINTY_ASSIGNED_CONTEXT ( ( #4474 ) ) GLOBAL_UNIT_ASSIGNED_CONTEXT ( ( #399, #465, #3896 ) ) REPRESENTATION_CONTEXT ( 'NONE', 'WORKASPACE' ) );
#5591 = CARTESIAN_POINT ( 'NONE',  ( 1.240646695223185603, 29.15999999999999659, 95.08127098124427334 ) ) ;
#5592 = AXIS2_PLACEMENT_3D ( 'NONE', #1913, #2005, #4388 ) ;
#5593 = CARTESIAN_POINT ( 'NONE',  ( -101.2500000000000000, 25.10999999999999588, 134.0549999999999784 ) ) ;
#5594 = VERTEX_POINT ( 'NONE', #2739 ) ;
#5595 = PRESENTATION_STYLE_ASSIGNMENT (( #1419 ) ) ;
#5596 = MECHANICAL_DESIGN_GEOMETRIC_PRESENTATION_REPRESENTATION (  '', ( #1024 ), #4592 ) ;
#5597 =( NAMED_UNIT ( * ) PLANE_ANGLE_UNIT ( ) SI_UNIT ( $, .RADIAN. ) );
#5598 =( GEOMETRIC_REPRESENTATION_CONTEXT ( 3 ) GLOBAL_UNCERTAINTY_ASSIGNED_CONTEXT ( ( #2202 ) ) GLOBAL_UNIT_ASSIGNED_CONTEXT ( ( #668, #580, #3569 ) ) REPRESENTATION_CONTEXT ( 'NONE', 'WORKASPACE' ) );
#5599 = SURFACE_STYLE_FILL_AREA ( #5158 ) ;
#5600 = CARTESIAN_POINT ( 'NONE',  ( 2.165035872641967618, -2.975752446337791568, 46.47374998168155003 ) ) ;
#5601 = SURFACE_STYLE_FILL_AREA ( #223 ) ;
#5602 = CARTESIAN_POINT ( 'NONE',  ( -1.959582441684168064, 5.938339091480548504, 53.41226193683129253 ) ) ;
#5603 = LINE ( 'NONE', #4149, #812 ) ;
#5604 = PRESENTATION_STYLE_ASSIGNMENT (( #5670 ) ) ;
#5605 = SURFACE_STYLE_USAGE ( .BOTH. , #2199 ) ;
#5606 = EDGE_CURVE ( 'NONE', #6262, #5104, #362, .T. ) ;
#5607 = CARTESIAN_POINT ( 'NONE',  ( -10.12500000000003908, -1.042955350706152921E-15, 90.61874999999999147 ) ) ;
#5608 = VERTEX_POINT ( 'NONE', #5612 ) ;
#5609 =( NAMED_UNIT ( * ) PLANE_ANGLE_UNIT ( ) SI_UNIT ( $, .RADIAN. ) );
#5610 = ORIENTED_EDGE ( 'NONE', *, *, #4434, .T. ) ;
#5611 = PRODUCT_DEFINITION ( 'UNKNOWN', '', #3163, #312 ) ;
#5612 = CARTESIAN_POINT ( 'NONE',  ( -7.756007213317473337, 23.08500000000000441, 110.3999999999999915 ) ) ;
#5613 = CARTESIAN_POINT ( 'NONE',  ( 1.528036435431766371, -4.050000000000004263, 41.81704936646088555 ) ) ;
#5614 = CARTESIAN_POINT ( 'NONE',  ( -10.12500000000003730, 7.087499999999992362, 38.19250000000000256 ) ) ;
#5615 = ORIENTED_EDGE ( 'NONE', *, *, #2761, .T. ) ;
#5616 = CARTESIAN_POINT ( 'NONE',  ( 7.614788988105755330, 29.16000000000043713, 44.70744974048383114 ) ) ;
#5617 = VERTEX_POINT ( 'NONE', #1698 ) ;
#5618 = EDGE_CURVE ( 'NONE', #2737, #4006, #3128, .T. ) ;
#5619 = CARTESIAN_POINT ( 'NONE',  ( 10.62500000000000000, 28.14749999999999375, 40.84195960390618296 ) ) ;
#5620 = CARTESIAN_POINT ( 'NONE',  ( 20.25000000000000000, 25.10999999999999588, 3.037499999999999645 ) ) ;
#5621 = CARTESIAN_POINT ( 'NONE',  ( -9.335318151568714029, 3.175280762733998063, 93.79485308326556492 ) ) ;
#5622 = CARTESIAN_POINT ( 'NONE',  ( 8.113050789624185910, 25.24902447805046535, 90.61874998397054526 ) ) ;
#5623 =( LENGTH_UNIT ( ) NAMED_UNIT ( * ) SI_UNIT ( .MILLI., .METRE. ) );
#5624 = ORIENTED_EDGE ( 'NONE', *, *, #2120, .T. ) ;
#5625 = CARTESIAN_POINT ( 'NONE',  ( -8.655515473733990106, 23.53966042787428847, 42.43015398539086647 ) ) ;
#5626 = DIRECTION ( 'NONE',  ( -1.000000000000000000, -0.000000000000000000, -1.343158400149977062E-15 ) ) ;
#5627 = CARTESIAN_POINT ( 'NONE',  ( 6.276705081060886648, -4.049999999999924327, 44.54679829475983865 ) ) ;
#5628 =( NAMED_UNIT ( * ) PLANE_ANGLE_UNIT ( ) SI_UNIT ( $, .RADIAN. ) );
#5629 = SURFACE_STYLE_USAGE ( .BOTH. , #5264 ) ;
#5630 = CARTESIAN_POINT ( 'NONE',  ( -1.750659049662616651, 4.745874191700433897, 52.97711691355922170 ) ) ;
#5631 = VECTOR ( 'NONE', #4917, 1000.000000000000000 ) ;
#5632 = DIRECTION ( 'NONE',  ( 1.000000000000000000, -5.782411586589356653E-16, 0.000000000000000000 ) ) ;
#5633 = LINE ( 'NONE', #1779, #5239 ) ;
#5634 = PRESENTATION_STYLE_ASSIGNMENT (( #2166 ) ) ;
#5635 = AXIS2_PLACEMENT_3D ( 'NONE', #831, #347, #5698 ) ;
#5636 = ORIENTED_EDGE ( 'NONE', *, *, #1646, .F. ) ;
#5637 = UNCERTAINTY_MEASURE_WITH_UNIT (LENGTH_MEASURE( 1.000000000000000082E-05 ), #5569, 'distance_accuracy_value', 'NONE');
#5638 = SURFACE_STYLE_USAGE ( .BOTH. , #4156 ) ;
#5639 = ORIENTED_EDGE ( 'NONE', *, *, #2427, .F. ) ;
#5640 = DIRECTION ( 'NONE',  ( 0.000000000000000000, 1.885568995626964780E-16, 1.000000000000000000 ) ) ;
#5641 = CARTESIAN_POINT ( 'NONE',  ( 7.127597562419165200, -0.9951175694297251795, 90.61874997017039846 ) ) ;
#5642 = VECTOR ( 'NONE', #1520, 1000.000000000000000 ) ;
#5643 = CARTESIAN_POINT ( 'NONE',  ( -10.12500000000003908, 6.943410620436703873, 38.11771778515751663 ) ) ;
#5644 = DIRECTION ( 'NONE',  ( 0.000000000000000000, 0.000000000000000000, -1.000000000000000000 ) ) ;
#5645 = ORIENTED_EDGE ( 'NONE', *, *, #601, .F. ) ;
#5646 = CARTESIAN_POINT ( 'NONE',  ( 10.29915589869395198, 29.16000000000085279, 45.54933628051911398 ) ) ;
#5647 = ORIENTED_EDGE ( 'NONE', *, *, #2187, .F. ) ;
#5648 =( GEOMETRIC_REPRESENTATION_CONTEXT ( 3 ) GLOBAL_UNCERTAINTY_ASSIGNED_CONTEXT ( ( #493 ) ) GLOBAL_UNIT_ASSIGNED_CONTEXT ( ( #1381, #842, #1410 ) ) REPRESENTATION_CONTEXT ( 'NONE', 'WORKASPACE' ) );
#5649 = CARTESIAN_POINT ( 'NONE',  ( -5.973749999999992788, 25.10999999999999588, 26.69249999999999901 ) ) ;
#5650 = B_SPLINE_CURVE_WITH_KNOTS ( 'NONE', 3,
 ( #5995, #625, #2053, #2079, #4430, #2017, #4542, #5517, #174, #4487, #5486, #1149, #3092, #51, #557, #2109, #4058, #533, #4989, #118, #4456, #3034, #2468, #1984, #3514, #2561, #3455, #1059, #144, #3931, #5395, #3546, #4028, #1033, #5960, #3998 ),
 .UNSPECIFIED., .T., .F.,
 ( 4, 2, 2, 2, 2, 2, 2, 2, 2, 2, 2, 2, 2, 2, 2, 2, 2, 4 ),
 ( 0.000000000000000000, 0.0002173021499517547629, 0.0004346042999035095258, 0.0008692085998070604681, 0.001303812899710611465, 0.001738417199614162353, 0.002607625799421237674, 0.003042230099324775335, 0.003259532249276539395, 0.003476834399228303021, 0.003911438699131831141, 0.004128740849083573951, 0.004346042999035317628, 0.005215251598842287999, 0.005649855898745788363, 0.006084460198649288727, 0.006519064498552789091, 0.006953668798456289456 ),
 .UNSPECIFIED. ) ;
#5651 = EDGE_CURVE ( 'NONE', #6271, #3925, #1247, .T. ) ;
#5652 = FILL_AREA_STYLE ('',( #784 ) ) ;
#5653 = COLOUR_RGB ( '',0.1019607843137254888, 0.1019607843137254888, 0.1019607843137254888 ) ;
#5654 = CARTESIAN_POINT ( 'NONE',  ( -8.542800594755235011, 1.420250612911237775, 94.27996081522815075 ) ) ;
#5655 = ADVANCED_FACE ( 'NONE', ( #4265 ), #2241, .T. ) ;
#5656 = DIRECTION ( 'NONE',  ( -5.165278571223809621E-17, -1.000000000000000000, -0.000000000000000000 ) ) ;
#5657 = CARTESIAN_POINT ( 'NONE',  ( 8.599549465186136388, 24.73645251360544606, 90.61875001602945190 ) ) ;
#5658 = CARTESIAN_POINT ( 'NONE',  ( 10.12499980949020362, 28.91268861515291277, 98.46164623698668095 ) ) ;
#5659 = ORIENTED_EDGE ( 'NONE', *, *, #1608, .F. ) ;
#5660 = STYLED_ITEM ( 'NONE', ( #791 ), #4574 ) ;
#5661 = CARTESIAN_POINT ( 'NONE',  ( -8.505923296167955172, 23.64411957314037593, 43.35957640411211855 ) ) ;
#5662 = DIRECTION ( 'NONE',  ( -1.349229370204183975E-15, 0.000000000000000000, 1.000000000000000000 ) ) ;
#5663 = UNCERTAINTY_MEASURE_WITH_UNIT (LENGTH_MEASURE( 1.000000000000000082E-05 ), #126, 'distance_accuracy_value', 'NONE');
#5664 =( GEOMETRIC_REPRESENTATION_CONTEXT ( 3 ) GLOBAL_UNCERTAINTY_ASSIGNED_CONTEXT ( ( #5408 ) ) GLOBAL_UNIT_ASSIGNED_CONTEXT ( ( #5880, #2975, #91 ) ) REPRESENTATION_CONTEXT ( 'NONE', 'WORKASPACE' ) );
#5665 = CARTESIAN_POINT ( 'NONE',  ( 1.367625313886551952, -4.050000000000005151, 41.93811654823537083 ) ) ;
#5666 = CARTESIAN_POINT ( 'NONE',  ( -1.814874068646842975, 20.07544346422028525, 53.10511920543945052 ) ) ;
#5667 = FILL_AREA_STYLE_COLOUR ( '', #6300 ) ;
#5668 = CARTESIAN_POINT ( 'NONE',  ( -1.424935214966969177, 3.635801228603826818, 52.38261241346554442 ) ) ;
#5669 = VECTOR ( 'NONE', #957, 1000.000000000000000 ) ;
#5670 = SURFACE_STYLE_USAGE ( .BOTH. , #3151 ) ;
#5671 = PLANE ( 'NONE',  #2172 ) ;
#5672 = AXIS2_PLACEMENT_3D ( 'NONE', #4479, #1595, #2461 ) ;
#5673 = CARTESIAN_POINT ( 'NONE',  ( 9.665249163004789423, -3.037499999999999645, 96.17384405028447247 ) ) ;
#5674 = ORIENTED_EDGE ( 'NONE', *, *, #2727, .F. ) ;
#5675 = ORIENTED_EDGE ( 'NONE', *, *, #6197, .F. ) ;
#5676 = CARTESIAN_POINT ( 'NONE',  ( 10.62500000000000000, 28.14749999999999375, 137.0924999999999727 ) ) ;
#5677 = CARTESIAN_POINT ( 'NONE',  ( 1.462153963605779428, -4.049999999999998934, 95.22350942129891394 ) ) ;
#5678 = CARTESIAN_POINT ( 'NONE',  ( -5.973749999999985683, 22.64999999972788203, 41.95000000007134844 ) ) ;
#5679 = ORIENTED_EDGE ( 'NONE', *, *, #5849, .F. ) ;
#5680 = CARTESIAN_POINT ( 'NONE',  ( 10.99999668998650293, 19.68875609751078670, 46.47375000008760537 ) ) ;
#5681 = ORIENTED_EDGE ( 'NONE', *, *, #1993, .T. ) ;
#5682 =( LENGTH_UNIT ( ) NAMED_UNIT ( * ) SI_UNIT ( .MILLI., .METRE. ) );
#5683 =( LENGTH_UNIT ( ) NAMED_UNIT ( * ) SI_UNIT ( .MILLI., .METRE. ) );
#5684 = STYLED_ITEM ( 'NONE', ( #4650 ), #326 ) ;
#5685 = CARTESIAN_POINT ( 'NONE',  ( -7.796250000000000568, 11.43500000000000050, 137.0924999999999727 ) ) ;
#5686 = FILL_AREA_STYLE ('',( #1293 ) ) ;
#5687 = CARTESIAN_POINT ( 'NONE',  ( 5.918359913718155951, 26.88494299947866395, 90.61874996770745838 ) ) ;
#5688 = LINE ( 'NONE', #1329, #4177 ) ;
#5689 = EDGE_CURVE ( 'NONE', #4329, #5594, #818, .T. ) ;
#5690 = DIRECTION ( 'NONE',  ( 0.000000000000000000, 1.000000000000000000, 0.000000000000000000 ) ) ;
#5691 = VERTEX_POINT ( 'NONE', #4702 ) ;
#5692 = ADVANCED_FACE ( 'NONE', ( #771 ), #3675, .F. ) ;
#5693 = VECTOR ( 'NONE', #1219, 1000.000000000000000 ) ;
#5694 = STYLED_ITEM ( 'NONE', ( #5106 ), #602 ) ;
#5695 = EDGE_CURVE ( 'NONE', #5911, #4480, #3882, .T. ) ;
#5696 = CARTESIAN_POINT ( 'NONE',  ( 0.1393049492478621865, 24.28086966253199819, 86.81184429787504087 ) ) ;
#5697 =( GEOMETRIC_REPRESENTATION_CONTEXT ( 3 ) GLOBAL_UNCERTAINTY_ASSIGNED_CONTEXT ( ( #2226 ) ) GLOBAL_UNIT_ASSIGNED_CONTEXT ( ( #2230, #2733, #4692 ) ) REPRESENTATION_CONTEXT ( 'NONE', 'WORKASPACE' ) );
#5698 = DIRECTION ( 'NONE',  ( 1.000000000000000000, -3.212450881438530269E-16, 0.000000000000000000 ) ) ;
#5699 = COLOUR_RGB ( '',0.1019607843137254888, 0.1019607843137254888, 0.1019607843137254888 ) ;
#5700 = CARTESIAN_POINT ( 'NONE',  ( 10.29915589869282755, -4.049999999999952749, 45.54933628051909267 ) ) ;
#5701 = CARTESIAN_POINT ( 'NONE',  ( -0.2092165914231961799, 23.80804778399976840, 50.68561677100153418 ) ) ;
#5702 =( LENGTH_UNIT ( ) NAMED_UNIT ( * ) SI_UNIT ( .MILLI., .METRE. ) );
#5703 = COLOUR_RGB ( '',0.1019607843137254888, 0.1019607843137254888, 0.1019607843137254888 ) ;
#5704 = ADVANCED_FACE ( 'NONE', ( #4859 ), #6223, .F. ) ;
#5705 = DIRECTION ( 'NONE',  ( 0.000000000000000000, -0.7071067811865474617, -0.7071067811865474617 ) ) ;
#5706 = CARTESIAN_POINT ( 'NONE',  ( 31.87499999999997158, 2.149999999730413336, 93.52500000006153869 ) ) ;
#5707 = COLOUR_RGB ( '',0.1019607843137254888, 0.1019607843137254888, 0.1019607843137254888 ) ;
#5708 =( NAMED_UNIT ( * ) SI_UNIT ( $, .STERADIAN. ) SOLID_ANGLE_UNIT ( ) );
#5709 = VECTOR ( 'NONE', #2180, 1000.000000000000000 ) ;
#5710 = CARTESIAN_POINT ( 'NONE',  ( 8.581594678379969920, -3.037499999999999201, 95.77513999881091422 ) ) ;
#5711 = EDGE_LOOP ( 'NONE', ( #4038, #161, #4810, #3680, #3583, #3966, #2883 ) ) ;
#5712 = UNCERTAINTY_MEASURE_WITH_UNIT (LENGTH_MEASURE( 1.000000000000000082E-05 ), #4782, 'distance_accuracy_value', 'NONE');
#5713 = VERTEX_POINT ( 'NONE', #5773 ) ;
#5714 = CARTESIAN_POINT ( 'NONE',  ( 1.012499999999964650, 18.02250000000000085, 102.2625000000000028 ) ) ;
#5715 = CARTESIAN_POINT ( 'NONE',  ( 3.815554330462624932, -4.049999999999966072, 92.67718976683065080 ) ) ;
#5716 = CARTESIAN_POINT ( 'NONE',  ( -9.899089991253555709, 4.781306916005713781, 37.01061748904673010 ) ) ;
#5717 = CARTESIAN_POINT ( 'NONE',  ( 3.274065535898567969, 29.16000000000000369, 97.26459471082007724 ) ) ;
#5718 = ORIENTED_EDGE ( 'NONE', *, *, #2510, .F. ) ;
#5719 = SURFACE_STYLE_FILL_AREA ( #967 ) ;
#5720 = EDGE_LOOP ( 'NONE', ( #5930, #2858, #4157, #534 ) ) ;
#5721 = DIRECTION ( 'NONE',  ( 1.000000000000000000, 0.000000000000000000, 0.000000000000000000 ) ) ;
#5722 = DIRECTION ( 'NONE',  ( 0.000000000000000000, 0.7071067811865474617, -0.7071067811865474617 ) ) ;
#5723 = CARTESIAN_POINT ( 'NONE',  ( -8.861478602623796164, 2.370377364262044040, 44.04987884688956967 ) ) ;
#5724 = SURFACE_SIDE_STYLE ('',( #851 ) ) ;
#5725 = CARTESIAN_POINT ( 'NONE',  ( 11.04399226382949983, 19.39738517276858687, 90.61874999997056079 ) ) ;
#5726 =( LENGTH_UNIT ( ) NAMED_UNIT ( * ) SI_UNIT ( .MILLI., .METRE. ) );
#5727 = SURFACE_STYLE_USAGE ( .BOTH. , #4745 ) ;
#5728 = VERTEX_POINT ( 'NONE', #4891 ) ;
#5729 = SURFACE_STYLE_FILL_AREA ( #2822 ) ;
#5730 = CARTESIAN_POINT ( 'NONE',  ( 0.000000000000000000, 6.357431564880761464E-15, 102.2625000000000028 ) ) ;
#5731 = UNCERTAINTY_MEASURE_WITH_UNIT (LENGTH_MEASURE( 1.000000000000000082E-05 ), #5265, 'distance_accuracy_value', 'NONE');
#5732 = CARTESIAN_POINT ( 'NONE',  ( -1.963347187055180632, 19.13820024065131520, 53.42065080670430177 ) ) ;
#5733 =( NAMED_UNIT ( * ) PLANE_ANGLE_UNIT ( ) SI_UNIT ( $, .RADIAN. ) );
#5734 = SURFACE_STYLE_FILL_AREA ( #862 ) ;
#5735 = FILL_AREA_STYLE ('',( #5266 ) ) ;
#5736 = EDGE_CURVE ( 'NONE', #4057, #472, #6255, .T. ) ;
#5737 = VECTOR ( 'NONE', #2586, 1000.000000000000000 ) ;
#5738 = EDGE_CURVE ( 'NONE', #4633, #1489, #22, .T. ) ;
#5739 = ORIENTED_EDGE ( 'NONE', *, *, #2032, .F. ) ;
#5740 = CARTESIAN_POINT ( 'NONE',  ( 0.000000000000000000, 25.10999999999999588, 134.0549999999999784 ) ) ;
#5741 = VERTEX_POINT ( 'NONE', #1444 ) ;
#5742 = DIRECTION ( 'NONE',  ( 1.000000000000000000, 0.000000000000000000, 0.000000000000000000 ) ) ;
#5743 = CARTESIAN_POINT ( 'NONE',  ( 2.450132085367293211, -4.049999999999993605, 96.32129746101355749 ) ) ;
#5744 = STYLED_ITEM ( 'NONE', ( #1268 ), #2106 ) ;
#5745 = CARTESIAN_POINT ( 'NONE',  ( 0.000000000000000000, 3.073713158996406964E-14, 140.1299999999999670 ) ) ;
#5746 = FILL_AREA_STYLE ('',( #3747 ) ) ;
#5747 = ORIENTED_EDGE ( 'NONE', *, *, #3516, .T. ) ;
#5748 =( LENGTH_UNIT ( ) NAMED_UNIT ( * ) SI_UNIT ( .MILLI., .METRE. ) );
#5749 = ORIENTED_EDGE ( 'NONE', *, *, #2619, .F. ) ;
#5750 = CARTESIAN_POINT ( 'NONE',  ( 1.252371460143023807, -3.037500000000000977, 46.47374977579055866 ) ) ;
#5751 = FILL_AREA_STYLE_COLOUR ( '', #3650 ) ;
#5752 = CARTESIAN_POINT ( 'NONE',  ( -8.316508169276255913, 1.158992721966914941, 43.36856342188180236 ) ) ;
#5753 = CYLINDRICAL_SURFACE ( 'NONE', #2997, 10.12499999999999822 ) ;
#5754 = CARTESIAN_POINT ( 'NONE',  ( 8.646844020902070937, 29.16000000000043713, 92.17637799162751833 ) ) ;
#5755 = CARTESIAN_POINT ( 'NONE',  ( 10.12500000000004796, 28.90586351668436293, 98.43136571928482681 ) ) ;
#5756 =( NAMED_UNIT ( * ) SI_UNIT ( $, .STERADIAN. ) SOLID_ANGLE_UNIT ( ) );
#5757 = EDGE_LOOP ( 'NONE', ( #2604 ) ) ;
#5758 = VECTOR ( 'NONE', #1161, 1000.000000000000114 ) ;
#5759 = SURFACE_STYLE_USAGE ( .BOTH. , #3307 ) ;
#5760 = FILL_AREA_STYLE_COLOUR ( '', #2502 ) ;
#5761 = CARTESIAN_POINT ( 'NONE',  ( 4.668372417381380757, -4.049999999999984723, 38.56048922527283196 ) ) ;
#5762 =( GEOMETRIC_REPRESENTATION_CONTEXT ( 3 ) GLOBAL_UNCERTAINTY_ASSIGNED_CONTEXT ( ( #832 ) ) GLOBAL_UNIT_ASSIGNED_CONTEXT ( ( #1659, #5515, #1635 ) ) REPRESENTATION_CONTEXT ( 'NONE', 'WORKASPACE' ) );
#5763 = CARTESIAN_POINT ( 'NONE',  ( -0.2947065373859499293, 23.68362057322653413, 50.78882253292995586 ) ) ;
#5764 = SURFACE_STYLE_FILL_AREA ( #2863 ) ;
#5765 = CARTESIAN_POINT ( 'NONE',  ( 0.000000000000000000, -67.02749999999998920, 67.02749999999998920 ) ) ;
#5766 = FILL_AREA_STYLE_COLOUR ( '', #2243 ) ;
#5767 = ORIENTED_EDGE ( 'NONE', *, *, #3914, .T. ) ;
#5768 = EDGE_CURVE ( 'NONE', #4119, #4329, #3363, .T. ) ;
#5769 = CYLINDRICAL_SURFACE ( 'NONE', #2105, 1.050000000000000933 ) ;
#5770 = VERTEX_POINT ( 'NONE', #2900 ) ;
#5771 = EDGE_CURVE ( 'NONE', #259, #4057, #436, .T. ) ;
#5772 =( GEOMETRIC_REPRESENTATION_CONTEXT ( 3 ) GLOBAL_UNCERTAINTY_ASSIGNED_CONTEXT ( ( #67 ) ) GLOBAL_UNIT_ASSIGNED_CONTEXT ( ( #3876, #1350, #1382 ) ) REPRESENTATION_CONTEXT ( 'NONE', 'WORKASPACE' ) );
#5773 = CARTESIAN_POINT ( 'NONE',  ( -5.973749999999999893, 23.08500000000000085, 102.2625000000000028 ) ) ;
#5774 = CARTESIAN_POINT ( 'NONE',  ( 3.722244480525336741, -2.678597686952373547, 90.61874993210642515 ) ) ;
#5775 = EDGE_CURVE ( 'NONE', #1002, #4777, #1858, .T. ) ;
#5776 = AXIS2_PLACEMENT_3D ( 'NONE', #322, #2160, #5986 ) ;
#5777 = CARTESIAN_POINT ( 'NONE',  ( 1.242034969776227404, 29.16000000000000369, 95.07656920914530474 ) ) ;
#5778 = ORIENTED_EDGE ( 'NONE', *, *, #4277, .T. ) ;
#5779 = SURFACE_STYLE_USAGE ( .BOTH. , #406 ) ;
#5780 = VERTEX_POINT ( 'NONE', #3321 ) ;
#5781 = CARTESIAN_POINT ( 'NONE',  ( 2.870641726253340575, -3.037500000000000089, 46.11629123777476025 ) ) ;
#5782 = DIRECTION ( 'NONE',  ( 4.510281037539699678E-17, 1.000000000000000000, -1.885568995626964780E-16 ) ) ;
#5783 = ADVANCED_FACE ( 'NONE', ( #2373 ), #4332, .F. ) ;
#5784 = CARTESIAN_POINT ( 'NONE',  ( 10.62500000000000000, 3.037499999999999645, 137.0924999999999727 ) ) ;
#5785 = CARTESIAN_POINT ( 'NONE',  ( 10.67633700755174253, 29.15999999999925052, 91.26913246778249800 ) ) ;
#5786 = CARTESIAN_POINT ( 'NONE',  ( 10.12500000000003730, 28.71431965090624772, 97.58904710683952999 ) ) ;
#5787 =( LENGTH_UNIT ( ) NAMED_UNIT ( * ) SI_UNIT ( .MILLI., .METRE. ) );
#5788 = EDGE_LOOP ( 'NONE', ( #4345, #4359, #1089, #1186, #6096 ) ) ;
#5789 = STYLED_ITEM ( 'NONE', ( #1124 ), #489 ) ;
#5790 =( BOUNDED_CURVE ( )  B_SPLINE_CURVE ( 3, ( #2898, #4828, #2764, #463 ),
 .UNSPECIFIED., .F., .T. ) 
 B_SPLINE_CURVE_WITH_KNOTS ( ( 4, 4 ),
 ( 6.183017886018030040, 6.283185307179590673 ),
 .UNSPECIFIED. ) 
 CURVE ( )  GEOMETRIC_REPRESENTATION_ITEM ( )  RATIONAL_B_SPLINE_CURVE ( ( 1.000000000000000000, 0.9991640487402220216, 0.9991640487402220216, 1.000000000000000000 ) ) 
 REPRESENTATION_ITEM ( '' )  );
#5791 = DIRECTION ( 'NONE',  ( -1.000000000000000000, 0.000000000000000000, 0.000000000000000000 ) ) ;
#5792 = CARTESIAN_POINT ( 'NONE',  ( -1.916221672122244035, 5.596552740136414350, 83.77575709248510805 ) ) ;
#5793 = UNCERTAINTY_MEASURE_WITH_UNIT (LENGTH_MEASURE( 1.000000000000000082E-05 ), #844, 'distance_accuracy_value', 'NONE');
#5794 = CARTESIAN_POINT ( 'NONE',  ( 9.730663367755322923, -4.049999999999953637, 36.42843621265066645 ) ) ;
#5795 = PRESENTATION_LAYER_ASSIGNMENT (  '', '', ( #3459 ) ) ;
#5796 = DIRECTION ( 'NONE',  ( -1.000000000000000000, 3.212450881438532241E-16, 0.000000000000000000 ) ) ;
#5797 = SURFACE_STYLE_USAGE ( .BOTH. , #1912 ) ;
#5798 = SURFACE_STYLE_FILL_AREA ( #3406 ) ;
#5799 = COLOUR_RGB ( '',0.1019607843137254888, 0.1019607843137254888, 0.1019607843137254888 ) ;
#5800 = DIRECTION ( 'NONE',  ( 4.510281037539699678E-17, 1.000000000000000000, -1.885568995626964780E-16 ) ) ;
#5801 = COLOUR_RGB ( '',0.1019607843137254888, 0.1019607843137254888, 0.1019607843137254888 ) ;
#5802 =( NAMED_UNIT ( * ) PLANE_ANGLE_UNIT ( ) SI_UNIT ( $, .RADIAN. ) );
#5803 = PRESENTATION_LAYER_ASSIGNMENT (  '', '', ( #2242 ) ) ;
#5804 = ORIENTED_EDGE ( 'NONE', *, *, #2154, .F. ) ;
#5805 = VECTOR ( 'NONE', #1560, 1000.000000000000000 ) ;
#5806 = CARTESIAN_POINT ( 'NONE',  ( 0.000000000000000000, 25.10999999999999588, 0.000000000000000000 ) ) ;
#5807 = ORIENTED_EDGE ( 'NONE', *, *, #4098, .F. ) ;
#5808 = DIRECTION ( 'NONE',  ( 1.000000000000000000, 0.000000000000000000, 0.000000000000000000 ) ) ;
#5809 = CARTESIAN_POINT ( 'NONE',  ( 3.786783009628812202, -4.049999999999984723, 97.76893678826361622 ) ) ;
#5810 = STYLED_ITEM ( 'NONE', ( #6176 ), #6117 ) ;
#5811 = ADVANCED_FACE ( 'NONE', ( #1144 ), #5512, .T. ) ;
#5812 = FILL_AREA_STYLE_COLOUR ( '', #4352 ) ;
#5813 = ORIENTED_EDGE ( 'NONE', *, *, #2398, .T. ) ;
#5814 = DIRECTION ( 'NONE',  ( 2.498001805406600244E-16, 0.000000000000000000, -1.000000000000000000 ) ) ;
#5815 = ORIENTED_EDGE ( 'NONE', *, *, #4098, .T. ) ;
#5816 = AXIS2_PLACEMENT_3D ( 'NONE', #1000, #5278, #964 ) ;
#5817 = DIRECTION ( 'NONE',  ( -0.000000000000000000, -0.000000000000000000, 1.000000000000000000 ) ) ;
#5818 = DIRECTION ( 'NONE',  ( 0.000000000000000000, 1.885568995626964780E-16, 1.000000000000000000 ) ) ;
#5819 =( NAMED_UNIT ( * ) SI_UNIT ( $, .STERADIAN. ) SOLID_ANGLE_UNIT ( ) );
#5820 = PRESENTATION_STYLE_ASSIGNMENT (( #5289 ) ) ;
#5821 = EDGE_CURVE ( 'NONE', #939, #5433, #5923, .T. ) ;
#5822 = ORIENTED_EDGE ( 'NONE', *, *, #2273, .F. ) ;
#5823 = CARTESIAN_POINT ( 'NONE',  ( 0.005163710611053727757, 24.10493400927703433, 86.65880423000899668 ) ) ;
#5824 = CARTESIAN_POINT ( 'NONE',  ( -2.025000000000000799, 6.896955398516890767, 83.53125000000012790 ) ) ;
#5825 = CARTESIAN_POINT ( 'NONE',  ( 10.88750242027019866, 4.840231731299188489, 46.47374999916821992 ) ) ;
#5826 =( LENGTH_UNIT ( ) NAMED_UNIT ( * ) SI_UNIT ( .MILLI., .METRE. ) );
#5827 = CARTESIAN_POINT ( 'NONE',  ( 4.276877045862010007, -4.049999999999982947, 98.21511596699427571 ) ) ;
#5828 = LINE ( 'NONE', #548, #2121 ) ;
#5829 = UNCERTAINTY_MEASURE_WITH_UNIT (LENGTH_MEASURE( 1.000000000000000082E-05 ), #5391, 'distance_accuracy_value', 'NONE');
#5830 = SURFACE_STYLE_FILL_AREA ( #6186 ) ;
#5831 = ORIENTED_EDGE ( 'NONE', *, *, #5532, .T. ) ;
#5832 = DIRECTION ( 'NONE',  ( 0.000000000000000000, 0.7071067811865515695, -0.7071067811865435759 ) ) ;
#5833 = CARTESIAN_POINT ( 'NONE',  ( 10.99999668998609970, 5.421243902490708422, 90.61874999991211155 ) ) ;
#5834 = AXIS2_PLACEMENT_3D ( 'NONE', #215, #274, #4099 ) ;
#5835 = FILL_AREA_STYLE ('',( #140 ) ) ;
#5836 = CARTESIAN_POINT ( 'NONE',  ( -5.973749999999999893, -1.241352606881924749E-14, 40.70249999999999346 ) ) ;
#5837 = VECTOR ( 'NONE', #669, 1000.000000000000000 ) ;
#5838 = ORIENTED_EDGE ( 'NONE', *, *, #1418, .F. ) ;
#5839 = FILL_AREA_STYLE ('',( #4776 ) ) ;
#5840 = ORIENTED_EDGE ( 'NONE', *, *, #1056, .T. ) ;
#5841 = CARTESIAN_POINT ( 'NONE',  ( 10.12499993142361276, -3.799136540957477770, 38.64664581263705401 ) ) ;
#5842 = DIRECTION ( 'NONE',  ( 0.7071067811865515695, 0.000000000000000000, -0.7071067811865435759 ) ) ;
#5843 = COLOUR_RGB ( '',0.1019607843137254888, 0.1019607843137254888, 0.1019607843137254888 ) ;
#5844 = CARTESIAN_POINT ( 'NONE',  ( 52.87499999999997158, 23.85999999999997456, 26.69249999999999901 ) ) ;
#5845 = CARTESIAN_POINT ( 'NONE',  ( 11.02899686258640521, 29.16000000000085635, 90.82710612999197508 ) ) ;
#5846 = PRESENTATION_STYLE_ASSIGNMENT (( #1991 ) ) ;
#5847 = VERTEX_POINT ( 'NONE', #1567 ) ;
#5848 = VECTOR ( 'NONE', #3586, 1000.000000000000000 ) ;
#5849 = EDGE_CURVE ( 'NONE', #2432, #3868, #5449, .T. ) ;
#5850 = EDGE_CURVE ( 'NONE', #1704, #1710, #2994, .T. ) ;
#5851 = CARTESIAN_POINT ( 'NONE',  ( 10.12500000000005507, 29.16000000000006054, 37.23924107215440671 ) ) ;
#5852 = AXIS2_PLACEMENT_3D ( 'NONE', #5492, #1004, #1609 ) ;
#5853 = DIRECTION ( 'NONE',  ( -1.000000000000000000, -6.071532165918857963E-15, 1.144829280800842736E-30 ) ) ;
#5854 = UNCERTAINTY_MEASURE_WITH_UNIT (LENGTH_MEASURE( 1.000000000000000082E-05 ), #2453, 'distance_accuracy_value', 'NONE');
#5855 = FILL_AREA_STYLE ('',( #4972 ) ) ;
#5856 =( NAMED_UNIT ( * ) PLANE_ANGLE_UNIT ( ) SI_UNIT ( $, .RADIAN. ) );
#5857 = DIRECTION ( 'NONE',  ( 0.000000000000000000, -1.000000000000000000, 1.267249292515524055E-16 ) ) ;
#5858 = COLOUR_RGB ( '',0.1019607843137254888, 0.1019607843137254888, 0.1019607843137254888 ) ;
#5859 = PRESENTATION_STYLE_ASSIGNMENT (( #1946 ) ) ;
#5860 = LINE ( 'NONE', #1499, #4080 ) ;
#5861 = FACE_OUTER_BOUND ( 'NONE', #3742, .T. ) ;
#5862 = MECHANICAL_DESIGN_GEOMETRIC_PRESENTATION_REPRESENTATION (  '', ( #5660 ), #4557 ) ;
#5863 = STYLED_ITEM ( 'NONE', ( #2786 ), #3203 ) ;
#5864 = ORIENTED_EDGE ( 'NONE', *, *, #979, .F. ) ;
#5865 = CARTESIAN_POINT ( 'NONE',  ( -0.1679576574724465643, 1.243094068352693204, 50.63634451693293670 ) ) ;
#5866 = CARTESIAN_POINT ( 'NONE',  ( 10.97997002584938464, 5.302254918693040331, 90.61875000026955718 ) ) ;
#5867 = VECTOR ( 'NONE', #4064, 1000.000000000000000 ) ;
#5868 = B_SPLINE_CURVE_WITH_KNOTS ( 'NONE', 3,
 ( #2479, #1526, #3952, #1943, #5375, #5409, #1044, #6142, #2303, #5887, #2983, #327, #518, #3892, #6184, #2265, #3775, #1780, #5710, #3737, #5673, #1343 ),
 .UNSPECIFIED., .F., .F.,
 ( 4, 2, 2, 2, 2, 2, 2, 2, 2, 2, 4 ),
 ( 0.000000000000000000, 0.001374655377052483871, 0.002061983065578719843, 0.002749310754104956032, 0.004123966131157426676, 0.005498621508209899054, 0.006873276885262370565, 0.008247932262314841209, 0.008935259950841089108, 0.009622587639367335272, 0.01099724301641982933 ),
 .UNSPECIFIED. ) ;
#5869 = COLOUR_RGB ( '',0.1019607843137254888, 0.1019607843137254888, 0.1019607843137254888 ) ;
#5870 = VECTOR ( 'NONE', #2312, 1000.000000000000000 ) ;
#5871 = ORIENTED_EDGE ( 'NONE', *, *, #4842, .F. ) ;
#5872 = SURFACE_STYLE_FILL_AREA ( #2969 ) ;
#5873 = ORIENTED_EDGE ( 'NONE', *, *, #237, .T. ) ;
#5874 = CARTESIAN_POINT ( 'NONE',  ( 3.513144143653901263, -3.037499999999999645, 45.80296183983989522 ) ) ;
#5875 = FILL_AREA_STYLE_COLOUR ( '', #3454 ) ;
#5876 = STYLED_ITEM ( 'NONE', ( #2076 ), #4235 ) ;
#5877 = B_SPLINE_CURVE_WITH_KNOTS ( 'NONE', 3,
 ( #3129, #5174, #1154, #334, #5613, #1282, #2145, #2679, #1664, #1731, #717, #5085, #3096, #4092, #1251, #2173, #4608, #2711, #5052, #5141 ),
 .UNSPECIFIED., .F., .F.,
 ( 4, 2, 2, 2, 2, 2, 2, 2, 2, 4 ),
 ( 0.000000000000000000, 0.0003499984973325615998, 0.0006999969946651231996, 0.001399993989330246399, 0.002799987978660492798, 0.004199981967990738981, 0.005599975957320985596, 0.008399963935981488369, 0.009799957925311740189, 0.01119995191464199374 ),
 .UNSPECIFIED. ) ;
#5878 = FILL_AREA_STYLE_COLOUR ( '', #5042 ) ;
#5879 = PRESENTATION_STYLE_ASSIGNMENT (( #3883 ) ) ;
#5880 =( LENGTH_UNIT ( ) NAMED_UNIT ( * ) SI_UNIT ( .MILLI., .METRE. ) );
#5881 = ORIENTED_EDGE ( 'NONE', *, *, #3551, .T. ) ;
#5882 = CARTESIAN_POINT ( 'NONE',  ( -1.040502547507542452, 22.37878741824631135, 85.30898941022138615 ) ) ;
#5883 = CARTESIAN_POINT ( 'NONE',  ( 0.000000000000000000, -2.986747800704527389, 23.69249999999999901 ) ) ;
#5884 = EDGE_CURVE ( 'NONE', #404, #5313, #3827, .T. ) ;
#5885 = EDGE_CURVE ( 'NONE', #5313, #5922, #1718, .T. ) ;
#5886 = DIRECTION ( 'NONE',  ( -6.938893903907290007E-18, 1.000000000000000000, 0.000000000000000000 ) ) ;
#5887 = CARTESIAN_POINT ( 'NONE',  ( 5.048405050310488917, -3.037499999999999645, 92.54427845288529397 ) ) ;
#5888 = PRESENTATION_LAYER_ASSIGNMENT (  '', '', ( #3958 ) ) ;
#5889 = LINE ( 'NONE', #4529, #5805 ) ;
#5890 = PLANE ( 'NONE',  #4441 ) ;
#5891 = EDGE_CURVE ( 'NONE', #396, #1105, #4182, .T. ) ;
#5892 = DIRECTION ( 'NONE',  ( 0.000000000000000000, 0.7071067811865475727, 0.7071067811865475727 ) ) ;
#5893 = UNCERTAINTY_MEASURE_WITH_UNIT (LENGTH_MEASURE( 1.000000000000000082E-05 ), #2196, 'distance_accuracy_value', 'NONE');
#5894 = EDGE_CURVE ( 'NONE', #2432, #4788, #3886, .T. ) ;
#5895 = VERTEX_POINT ( 'NONE', #1687 ) ;
#5896 = COLOUR_RGB ( '',0.1019607843137254888, 0.1019607843137254888, 0.1019607843137254888 ) ;
#5897 = SURFACE_STYLE_USAGE ( .BOTH. , #2048 ) ;
#5898 = CARTESIAN_POINT ( 'NONE',  ( 9.275647114870128718, -4.049999999999951861, 100.5929214578724498 ) ) ;
#5899 = COLOUR_RGB ( '',0.1019607843137254888, 0.1019607843137254888, 0.1019607843137254888 ) ;
#5900 =( GEOMETRIC_REPRESENTATION_CONTEXT ( 3 ) GLOBAL_UNCERTAINTY_ASSIGNED_CONTEXT ( ( #762 ) ) GLOBAL_UNIT_ASSIGNED_CONTEXT ( ( #1629, #77, #46 ) ) REPRESENTATION_CONTEXT ( 'NONE', 'WORKASPACE' ) );
#5901 = CARTESIAN_POINT ( 'NONE',  ( -7.837198038657695598, 23.85999999999998877, 36.47381157271787799 ) ) ;
#5902 = SURFACE_STYLE_USAGE ( .BOTH. , #3065 ) ;
#5903 = EDGE_LOOP ( 'NONE', ( #2052, #3000, #3339, #6014 ) ) ;
#5904 = SURFACE_SIDE_STYLE ('',( #5872 ) ) ;
#5905 = ORIENTED_EDGE ( 'NONE', *, *, #2310, .F. ) ;
#5906 = CARTESIAN_POINT ( 'NONE',  ( -6.769345336911523958, 22.58500000000000441, 101.7900740948235807 ) ) ;
#5907 = CARTESIAN_POINT ( 'NONE',  ( 0.000000000000000000, 25.10999999999999588, 3.037499999999999645 ) ) ;
#5908 = COLOUR_RGB ( '',0.1019607843137254888, 0.1019607843137254888, 0.1019607843137254888 ) ;
#5909 =( NAMED_UNIT ( * ) PLANE_ANGLE_UNIT ( ) SI_UNIT ( $, .RADIAN. ) );
#5910 = PRESENTATION_STYLE_ASSIGNMENT (( #2976 ) ) ;
#5911 = VERTEX_POINT ( 'NONE', #3149 ) ;
#5912 = CARTESIAN_POINT ( 'NONE',  ( -1.776244174850529989, 20.25307332586798736, 84.06481894112032194 ) ) ;
#5913 = SURFACE_STYLE_FILL_AREA ( #2029 ) ;
#5914 = CARTESIAN_POINT ( 'NONE',  ( 10.62500000000000000, 29.07345230499048228, 99.16834132042960448 ) ) ;
#5915 = CARTESIAN_POINT ( 'NONE',  ( 10.12500000000004796, -3.945722734065246762, 99.08608396302084032 ) ) ;
#5916 = VERTEX_POINT ( 'NONE', #2162 ) ;
#5917 = LINE ( 'NONE', #4944, #6292 ) ;
#5918 = DIRECTION ( 'NONE',  ( -0.000000000000000000, -0.000000000000000000, -1.000000000000000000 ) ) ;
#5919 = LINE ( 'NONE', #4563, #3507 ) ;
#5920 = CARTESIAN_POINT ( 'NONE',  ( 1.070778906246636408, -4.050000000000005151, 42.05774055960335289 ) ) ;
#5921 = CARTESIAN_POINT ( 'NONE',  ( 1.012499999999973754, 25.25319628389963000, 49.36805371610030591 ) ) ;
#5922 = VERTEX_POINT ( 'NONE', #253 ) ;
#5923 = LINE ( 'NONE', #1115, #4495 ) ;
#5924 =( NAMED_UNIT ( * ) SI_UNIT ( $, .STERADIAN. ) SOLID_ANGLE_UNIT ( ) );
#5925 = EDGE_CURVE ( 'NONE', #2270, #1710, #3732, .T. ) ;
#5926 = CARTESIAN_POINT ( 'NONE',  ( -9.147593503506774582, 22.58500000000000085, 98.89999999999999147 ) ) ;
#5927 = EDGE_CURVE ( 'NONE', #5713, #4480, #323, .T. ) ;
#5928 = CARTESIAN_POINT ( 'NONE',  ( 10.62500000000000000, -4.049999999999947420, 100.6984762319159046 ) ) ;
#5929 = DIRECTION ( 'NONE',  ( -5.165278571223819482E-17, -1.000000000000000000, -3.125627884642895048E-16 ) ) ;
#5930 = ORIENTED_EDGE ( 'NONE', *, *, #2225, .F. ) ;
#5931 = DIRECTION ( 'NONE',  ( -1.000000000000000000, 5.165278571223799760E-17, -2.582639285611905427E-16 ) ) ;
#5932 = ORIENTED_EDGE ( 'NONE', *, *, #5112, .T. ) ;
#5933 = CARTESIAN_POINT ( 'NONE',  ( -5.973749999999989235, 22.58500000000000085, 101.8928772442464918 ) ) ;
#5934 = PLANE ( 'NONE',  #4887 ) ;
#5935 = DIRECTION ( 'NONE',  ( 0.000000000000000000, 0.000000000000000000, -1.000000000000000000 ) ) ;
#5936 = DIRECTION ( 'NONE',  ( -0.000000000000000000, -0.000000000000000000, -1.000000000000000000 ) ) ;
#5937 = SURFACE_STYLE_USAGE ( .BOTH. , #1095 ) ;
#5938 = CARTESIAN_POINT ( 'NONE',  ( 1.392022295295352485, 29.15999999999999304, 41.92146141218752575 ) ) ;
#5939 = ORIENTED_EDGE ( 'NONE', *, *, #1022, .F. ) ;
#5940 = AXIS2_PLACEMENT_3D ( 'NONE', #3576, #4483, #3089 ) ;
#5941 = CARTESIAN_POINT ( 'NONE',  ( -1.093693765948474672, 22.26445505057888496, 85.22966362436216059 ) ) ;
#5942 = CARTESIAN_POINT ( 'NONE',  ( -6.398114880771230695, 21.97124999999999062, 101.9000000000000625 ) ) ;
#5943 = VECTOR ( 'NONE', #2042, 1000.000000000000000 ) ;
#5944 = DIRECTION ( 'NONE',  ( 0.000000000000000000, -0.7071067811865474617, 0.7071067811865474617 ) ) ;
#5945 = VERTEX_POINT ( 'NONE', #4626 ) ;
#5946 = FILL_AREA_STYLE_COLOUR ( '', #5571 ) ;
#5947 = PRESENTATION_STYLE_ASSIGNMENT (( #3082 ) ) ;
#5948 = CARTESIAN_POINT ( 'NONE',  ( 10.62500000000000000, -3.370430864605014953, 40.14504383442829294 ) ) ;
#5949 = FACE_OUTER_BOUND ( 'NONE', #3140, .T. ) ;
#5950 = MECHANICAL_DESIGN_GEOMETRIC_PRESENTATION_REPRESENTATION (  '', ( #1584 ), #5648 ) ;
#5951 = CARTESIAN_POINT ( 'NONE',  ( 1.012499999999961542, -4.049999999999998934, 113.4000000000000057 ) ) ;
#5952 = PRESENTATION_STYLE_ASSIGNMENT (( #2669 ) ) ;
#5953 = FILL_AREA_STYLE_COLOUR ( '', #5390 ) ;
#5954 = MECHANICAL_DESIGN_GEOMETRIC_PRESENTATION_REPRESENTATION (  '', ( #5863 ), #2193 ) ;
#5955 = CARTESIAN_POINT ( 'NONE',  ( 10.62500000000000000, -3.037499999999990319, 40.84195960390601954 ) ) ;
#5956 = CARTESIAN_POINT ( 'NONE',  ( 20.25000000000000000, 1.580766767483863887E-14, -3.037499999999999645 ) ) ;
#5957 = ADVANCED_FACE ( 'NONE', ( #3183 ), #5132, .T. ) ;
#5958 = EDGE_CURVE ( 'NONE', #2238, #2873, #2758, .T. ) ;
#5959 = ORIENTED_EDGE ( 'NONE', *, *, #3445, .T. ) ;
#5960 = CARTESIAN_POINT ( 'NONE',  ( -9.417936948242696005, 21.83158467435265493, 94.19885358931539088 ) ) ;
#5961 = VECTOR ( 'NONE', #5542, 1000.000000000000000 ) ;
#5962 = ORIENTED_EDGE ( 'NONE', *, *, #2120, .F. ) ;
#5963 = VECTOR ( 'NONE', #1357, 1000.000000000000000 ) ;
#5964 = EDGE_CURVE ( 'NONE', #5895, #1383, #4297, .T. ) ;
#5965 = LINE ( 'NONE', #3487, #1724 ) ;
#5966 = CARTESIAN_POINT ( 'NONE',  ( 1.012504595659421858, 28.14749999999999375, 46.47375000000000256 ) ) ;
#5967 = DIRECTION ( 'NONE',  ( -0.000000000000000000, -0.000000000000000000, -1.000000000000000000 ) ) ;
#5968 = CYLINDRICAL_SURFACE ( 'NONE', #5361, 11.13749999999999396 ) ;
#5969 = SURFACE_STYLE_USAGE ( .BOTH. , #1642 ) ;
#5970 = EDGE_LOOP ( 'NONE', ( #5749, #2744, #6228, #2047, #2125, #4573, #1264 ) ) ;
#5971 = CARTESIAN_POINT ( 'NONE',  ( 3.722244480509480091, 27.78859768695674148, 46.47375006789353336 ) ) ;
#5972 = ORIENTED_EDGE ( 'NONE', *, *, #1371, .F. ) ;
#5973 = EDGE_CURVE ( 'NONE', #1122, #1509, #1340, .T. ) ;
#5974 = COLOUR_RGB ( '',0.1019607843137254888, 0.1019607843137254888, 0.1019607843137254888 ) ;
#5975 = CARTESIAN_POINT ( 'NONE',  ( -2.024999999999997691, 18.40259996908941176, 83.53125000000005684 ) ) ;
#5976 = CARTESIAN_POINT ( 'NONE',  ( -7.796250000000000568, 3.138750000000141593, 26.73000000000000043 ) ) ;
#5977 = MECHANICAL_DESIGN_GEOMETRIC_PRESENTATION_REPRESENTATION (  '', ( #5370 ), #1807 ) ;
#5978 = CARTESIAN_POINT ( 'NONE',  ( 0.1110293453860487500, 0.8424309767856191788, 86.79054162204208467 ) ) ;
#5979 = DIRECTION ( 'NONE',  ( 0.000000000000000000, 0.000000000000000000, -1.000000000000000000 ) ) ;
#5980 = ORIENTED_EDGE ( 'NONE', *, *, #2268, .F. ) ;
#5981 =( NAMED_UNIT ( * ) PLANE_ANGLE_UNIT ( ) SI_UNIT ( $, .RADIAN. ) );
#5982 = DIRECTION ( 'NONE',  ( -0.000000000000000000, -1.885568995626964780E-16, -1.000000000000000000 ) ) ;
#5983 =( NAMED_UNIT ( * ) PLANE_ANGLE_UNIT ( ) SI_UNIT ( $, .RADIAN. ) );
#5984 = LINE ( 'NONE', #4018, #467 ) ;
#5985 = COLOUR_RGB ( '',0.1019607843137254888, 0.1019607843137254888, 0.1019607843137254888 ) ;
#5986 = DIRECTION ( 'NONE',  ( 1.000000000000000000, 0.000000000000000000, 0.000000000000000000 ) ) ;
#5987 =( NAMED_UNIT ( * ) SI_UNIT ( $, .STERADIAN. ) SOLID_ANGLE_UNIT ( ) );
#5988 = DIRECTION ( 'NONE',  ( 0.000000000000000000, 0.000000000000000000, -1.000000000000000000 ) ) ;
#5989 = MECHANICAL_DESIGN_GEOMETRIC_PRESENTATION_REPRESENTATION (  '', ( #911 ), #3967 ) ;
#5990 =( BOUNDED_CURVE ( )  B_SPLINE_CURVE ( 3, ( #1839, #3821, #3790, #973 ),
 .UNSPECIFIED., .F., .F. ) 
 B_SPLINE_CURVE_WITH_KNOTS ( ( 4, 4 ),
 ( 3.141592653589795336, 3.241760074751350196 ),
 .UNSPECIFIED. ) 
 CURVE ( )  GEOMETRIC_REPRESENTATION_ITEM ( )  RATIONAL_B_SPLINE_CURVE ( ( 1.000000000000000000, 0.9991640487402220216, 0.9991640487402220216, 1.000000000000000000 ) ) 
 REPRESENTATION_ITEM ( '' )  );
#5991 = SURFACE_STYLE_FILL_AREA ( #386 ) ;
#5992 = FACE_OUTER_BOUND ( 'NONE', #626, .T. ) ;
#5993 =( GEOMETRIC_REPRESENTATION_CONTEXT ( 3 ) GLOBAL_UNCERTAINTY_ASSIGNED_CONTEXT ( ( #2421 ) ) GLOBAL_UNIT_ASSIGNED_CONTEXT ( ( #6195, #5981, #3080 ) ) REPRESENTATION_CONTEXT ( 'NONE', 'WORKASPACE' ) );
#5994 = ORIENTED_EDGE ( 'NONE', *, *, #1454, .F. ) ;
#5995 = CARTESIAN_POINT ( 'NONE',  ( -9.432692025035741779, 21.75510045465398434, 94.07423311000600563 ) ) ;
#5996 = VERTEX_POINT ( 'NONE', #6246 ) ;
#5997 = CARTESIAN_POINT ( 'NONE',  ( 4.391507501005249559, 28.14750000000000085, 45.19189253616703184 ) ) ;
#5998 = SURFACE_STYLE_FILL_AREA ( #3191 ) ;
#5999 = EDGE_CURVE ( 'NONE', #1660, #4673, #4291, .T. ) ;
#6000 = STYLED_ITEM ( 'NONE', ( #2401 ), #5704 ) ;
#6001 = CARTESIAN_POINT ( 'NONE',  ( 1.012499999999999956, 18.02250000000000085, -4.805530973150956219E-15 ) ) ;
#6002 = DIRECTION ( 'NONE',  ( 1.000000000000000000, 0.000000000000000000, 0.000000000000000000 ) ) ;
#6003 =( LENGTH_UNIT ( ) NAMED_UNIT ( * ) SI_UNIT ( .MILLI., .METRE. ) );
#6004 = ORIENTED_EDGE ( 'NONE', *, *, #4727, .T. ) ;
#6005 = SURFACE_STYLE_FILL_AREA ( #4935 ) ;
#6006 = ORIENTED_EDGE ( 'NONE', *, *, #5118, .F. ) ;
#6007 = VECTOR ( 'NONE', #1621, 1000.000000000000000 ) ;
#6008 = B_SPLINE_CURVE_WITH_KNOTS ( 'NONE', 3,
 ( #4133, #239, #1291, #6100, #5092, #2634, #723, #6127, #1648, #2252, #5526, #3237, #3649, #751, #695, #4677, #1737, #4615, #2152, #3172, #1763, #4071 ),
 .UNSPECIFIED., .F., .F.,
 ( 4, 2, 2, 2, 2, 2, 2, 2, 2, 2, 4 ),
 ( 0.000000000000000000, 0.001353584181024936701, 0.002707168362049873402, 0.004060752543074812489, 0.005414336724099752009, 0.006767920905124691529, 0.008121505086149630182, 0.008798297176662098207, 0.009475089267174567967, 0.01015188135768703426, 0.01082867344819950402 ),
 .UNSPECIFIED. ) ;
#6009 =( GEOMETRIC_REPRESENTATION_CONTEXT ( 3 ) GLOBAL_UNCERTAINTY_ASSIGNED_CONTEXT ( ( #3221 ) ) GLOBAL_UNIT_ASSIGNED_CONTEXT ( ( #5413, #5983, #72 ) ) REPRESENTATION_CONTEXT ( 'NONE', 'WORKASPACE' ) );
#6010 = CARTESIAN_POINT ( 'NONE',  ( 0.000000000000000000, 28.09674780070452726, -0.05075219929546622571 ) ) ;
#6011 = CARTESIAN_POINT ( 'NONE',  ( 1.012499999999962430, 7.087500000000000355, 110.3624999999999829 ) ) ;
#6012 = EDGE_CURVE ( 'NONE', #6147, #4429, #4327, .T. ) ;
#6013 = DIRECTION ( 'NONE',  ( 0.000000000000000000, -1.000000000000000000, 1.885568995626964780E-16 ) ) ;
#6014 = ORIENTED_EDGE ( 'NONE', *, *, #2273, .T. ) ;
#6015 = DIRECTION ( 'NONE',  ( 0.000000000000000000, -5.595882180570350110E-16, -1.000000000000000000 ) ) ;
#6016 = DIRECTION ( 'NONE',  ( -1.000000000000000000, 0.000000000000000000, 0.000000000000000000 ) ) ;
#6017 = CARTESIAN_POINT ( 'NONE',  ( -0.1250000000000348055, 11.43499999999999872, 110.3999999999999915 ) ) ;
#6018 = CARTESIAN_POINT ( 'NONE',  ( 4.947086934155505489, -2.243960603340346971, 46.47374996594940200 ) ) ;
#6019 = PRESENTATION_STYLE_ASSIGNMENT (( #4083 ) ) ;
#6020 = ORIENTED_EDGE ( 'NONE', *, *, #2761, .F. ) ;
#6021 = DIRECTION ( 'NONE',  ( 1.000000000000000000, 0.000000000000000000, 0.000000000000000000 ) ) ;
#6022 =( NAMED_UNIT ( * ) PLANE_ANGLE_UNIT ( ) SI_UNIT ( $, .RADIAN. ) );
#6023 = DIRECTION ( 'NONE',  ( 3.212450881438532241E-16, 1.000000000000000000, 0.000000000000000000 ) ) ;
#6024 = DIRECTION ( 'NONE',  ( 0.000000000000000000, -1.000000000000000000, 1.885568995626964780E-16 ) ) ;
#6025 = ORIENTED_EDGE ( 'NONE', *, *, #2692, .T. ) ;
#6026 = CARTESIAN_POINT ( 'NONE',  ( 10.62500000000000000, 28.73530505604057339, 97.68133091484642705 ) ) ;
#6027 = ORIENTED_EDGE ( 'NONE', *, *, #6197, .T. ) ;
#6028 = CARTESIAN_POINT ( 'NONE',  ( 10.12500000000000000, 28.14749999999999375, 40.84195960390618296 ) ) ;
#6029 = SURFACE_STYLE_USAGE ( .BOTH. , #5018 ) ;
#6030 = SURFACE_STYLE_USAGE ( .BOTH. , #3229 ) ;
#6031 = DIRECTION ( 'NONE',  ( 1.000000000000000000, -4.510281037539699678E-17, 6.057297782015010146E-32 ) ) ;
#6032 = CARTESIAN_POINT ( 'NONE',  ( 2.004705808205011763, 29.16000000000000014, 41.30734741981697056 ) ) ;
#6033 = ORIENTED_EDGE ( 'NONE', *, *, #2683, .F. ) ;
#6034 = CARTESIAN_POINT ( 'NONE',  ( -8.507045600368842386, 3.638750000000141593, 26.69249999999999901 ) ) ;
#6035 = CARTESIAN_POINT ( 'NONE',  ( -8.478746945658013345, 1.909012622636426793, 92.47052444389235859 ) ) ;
#6036 = CARTESIAN_POINT ( 'NONE',  ( 4.947086934155660920, 27.35396060334032953, 90.61875003405057782 ) ) ;
#6037 = ADVANCED_FACE ( 'NONE', ( #6216 ), #1838, .T. ) ;
#6038 = CARTESIAN_POINT ( 'NONE',  ( 8.099999999999999645, -3.037499999999999645, 90.61874999999999147 ) ) ;
#6039 = ORIENTED_EDGE ( 'NONE', *, *, #5894, .T. ) ;
#6040 = ADVANCED_FACE ( 'NONE', ( #5034 ), #4918, .T. ) ;
#6041 = CARTESIAN_POINT ( 'NONE',  ( -5.973749999999989235, 22.45512915221909722, 101.8977794053910628 ) ) ;
#6042 = AXIS2_PLACEMENT_3D ( 'NONE', #2259, #5626, #5662 ) ;
#6043 = CARTESIAN_POINT ( 'NONE',  ( 7.091236425151975276, -4.049999999999867484, 44.63524972405513580 ) ) ;
#6044 = PRESENTATION_STYLE_ASSIGNMENT (( #198 ) ) ;
#6045 =( LENGTH_UNIT ( ) NAMED_UNIT ( * ) SI_UNIT ( .MILLI., .METRE. ) );
#6046 = VECTOR ( 'NONE', #5317, 1000.000000000000000 ) ;
#6047 = CARTESIAN_POINT ( 'NONE',  ( -1.958453925954426245, 5.928517336957535022, 53.40975418128427776 ) ) ;
#6048 = FILL_AREA_STYLE ('',( #4114 ) ) ;
#6049 = SURFACE_STYLE_FILL_AREA ( #354 ) ;
#6050 = SURFACE_STYLE_FILL_AREA ( #3063 ) ;
#6051 =( NAMED_UNIT ( * ) PLANE_ANGLE_UNIT ( ) SI_UNIT ( $, .RADIAN. ) );
#6052 = CARTESIAN_POINT ( 'NONE',  ( -5.973749999999989235, 23.85999999999999233, 35.35247501224862532 ) ) ;
#6053 = ORIENTED_EDGE ( 'NONE', *, *, #789, .T. ) ;
#6054 = ORIENTED_EDGE ( 'NONE', *, *, #1721, .T. ) ;
#6055 =( NAMED_UNIT ( * ) PLANE_ANGLE_UNIT ( ) SI_UNIT ( $, .RADIAN. ) );
#6056 = CARTESIAN_POINT ( 'NONE',  ( 1.012500000011641754, -4.050000000000008704, 92.70930087489557536 ) ) ;
#6057 =( GEOMETRIC_REPRESENTATION_CONTEXT ( 3 ) GLOBAL_UNCERTAINTY_ASSIGNED_CONTEXT ( ( #5854 ) ) GLOBAL_UNIT_ASSIGNED_CONTEXT ( ( #2453, #924, #2887 ) ) REPRESENTATION_CONTEXT ( 'NONE', 'WORKASPACE' ) );
#6058 = LINE ( 'NONE', #1700, #64 ) ;
#6059 = PRESENTATION_LAYER_ASSIGNMENT (  '', '', ( #4250 ) ) ;
#6060 =( LENGTH_UNIT ( ) NAMED_UNIT ( * ) SI_UNIT ( .MILLI., .METRE. ) );
#6061 = CIRCLE ( 'NONE', #3620, 11.13749999999999396 ) ;
#6062 = LINE ( 'NONE', #778, #2210 ) ;
#6063 = ORIENTED_EDGE ( 'NONE', *, *, #4686, .T. ) ;
#6064 = CARTESIAN_POINT ( 'NONE',  ( 10.90472645478896396, 29.16000000000004633, 46.06364138015253218 ) ) ;
#6065 = ORIENTED_EDGE ( 'NONE', *, *, #2966, .T. ) ;
#6066 = PRESENTATION_LAYER_ASSIGNMENT (  '', '', ( #2512 ) ) ;
#6067 = MECHANICAL_DESIGN_GEOMETRIC_PRESENTATION_REPRESENTATION (  '', ( #1500 ), #1599 ) ;
#6068 = CARTESIAN_POINT ( 'NONE',  ( 10.62500000000000000, 25.10999999999999588, 134.0549999999999784 ) ) ;
#6069 = CARTESIAN_POINT ( 'NONE',  ( -8.224602544721273389, 1.105035537928859668, 93.39892304565753989 ) ) ;
#6070 = CARTESIAN_POINT ( 'NONE',  ( 3.815554330454376863, 29.15999999999991488, 92.67718976682999710 ) ) ;
#6071 = CIRCLE ( 'NONE', #4150, 10.12500000000000178 ) ;
#6072 = ORIENTED_EDGE ( 'NONE', *, *, #3044, .F. ) ;
#6073 = AXIS2_PLACEMENT_3D ( 'NONE', #5116, #5143, #2247 ) ;
#6074 = CARTESIAN_POINT ( 'NONE',  ( -5.973749999999989235, 22.58500000000000085, 101.8928772442464918 ) ) ;
#6075 = ADVANCED_FACE ( 'NONE', ( #5949 ), #4533, .T. ) ;
#6076 = PRESENTATION_LAYER_ASSIGNMENT (  '', '', ( #1194 ) ) ;
#6077 = SURFACE_STYLE_USAGE ( .BOTH. , #3957 ) ;
#6078 = CARTESIAN_POINT ( 'NONE',  ( 2.595112484788920426, -4.050000000000171241, 44.39201291328409127 ) ) ;
#6079 =( NAMED_UNIT ( * ) SI_UNIT ( $, .STERADIAN. ) SOLID_ANGLE_UNIT ( ) );
#6080 = PRESENTATION_STYLE_ASSIGNMENT (( #5629 ) ) ;
#6081 = B_SPLINE_CURVE_WITH_KNOTS ( 'NONE', 3,
 ( #3975, #570, #2569, #543, #155, #4007, #4041, #1553, #1617, #660, #5500, #5434, #2600, #3912, #5851, #2719 ),
 .UNSPECIFIED., .F., .F.,
 ( 4, 2, 2, 1, 1, 1, 1, 2, 2, 4 ),
 ( 0.000000000000000000, 0.2500000000000984213, 0.3750000000001450506, 0.4375000000001681433, 0.4687500000001773581, 0.4843750000001822431, 0.4921875000001844636, 0.4960937500001835199, 0.5000000000001826317, 1.000000000000000000 ),
 .UNSPECIFIED. ) ;
#6082 = CARTESIAN_POINT ( 'NONE',  ( -1.933776370150866342, 5.730836542189441829, 53.35540701953849663 ) ) ;
#6083 = CARTESIAN_POINT ( 'NONE',  ( 20.25000000000000000, 11.03624999999999901, -11.03624999999999901 ) ) ;
#6084 = DIRECTION ( 'NONE',  ( 1.000000000000000000, -2.844089847033580922E-14, 0.000000000000000000 ) ) ;
#6085 = FACE_OUTER_BOUND ( 'NONE', #2528, .T. ) ;
#6086 =( GEOMETRIC_REPRESENTATION_CONTEXT ( 3 ) GLOBAL_UNCERTAINTY_ASSIGNED_CONTEXT ( ( #3991 ) ) GLOBAL_UNIT_ASSIGNED_CONTEXT ( ( #1018, #5411, #6280 ) ) REPRESENTATION_CONTEXT ( 'NONE', 'WORKASPACE' ) );
#6087 = EDGE_CURVE ( 'NONE', #303, #303, #213, .T. ) ;
#6088 = ORIENTED_EDGE ( 'NONE', *, *, #2926, .F. ) ;
#6089 = FILL_AREA_STYLE_COLOUR ( '', #5869 ) ;
#6090 = ORIENTED_EDGE ( 'NONE', *, *, #333, .T. ) ;
#6091 = VECTOR ( 'NONE', #1987, 1000.000000000000000 ) ;
#6092 = COLOUR_RGB ( '',0.1019607843137254888, 0.1019607843137254888, 0.1019607843137254888 ) ;
#6093 = PRESENTATION_STYLE_ASSIGNMENT (( #843 ) ) ;
#6094 = FILL_AREA_STYLE_COLOUR ( '', #496 ) ;
#6095 = CARTESIAN_POINT ( 'NONE',  ( 9.730663367756010373, 29.16000000000003567, 36.42843621265017617 ) ) ;
#6096 = ORIENTED_EDGE ( 'NONE', *, *, #2848, .F. ) ;
#6097 = CARTESIAN_POINT ( 'NONE',  ( -7.796249999999991687, 18.02249999999999375, 35.26856028832671797 ) ) ;
#6098 = CIRCLE ( 'NONE', #2237, 10.12500000000000178 ) ;
#6099 = B_SPLINE_CURVE_WITH_KNOTS ( 'NONE', 3,
 ( #752, #240, #4135, #1797, #4587, #5062, #4679, #3754, #6069, #3685, #1707, #785, #3651, #5588, #6035, #1230, #2720, #2686, #275, #1764, #1670, #3719, #2219, #6101, #5621, #5152, #1260, #3202, #310, #2253, #4206, #5654 ),
 .UNSPECIFIED., .T., .F.,
 ( 4, 2, 2, 2, 2, 2, 2, 2, 2, 2, 2, 2, 2, 2, 2, 4 ),
 ( 0.000000000000000000, 0.0004374277006342202896, 0.0006561415509513306241, 0.0008748554012684409045, 0.001093569251585551185, 0.001312283101902661682, 0.001749710802536881809, 0.002624566203805323798, 0.003061993904439546527, 0.003499421605073769256, 0.003936849305707991117, 0.004374277006342214280, 0.004811704706976436575, 0.005249132407610659738, 0.006123987808879132952, 0.006998843210147605298 ),
 .UNSPECIFIED. ) ;
#6100 = CARTESIAN_POINT ( 'NONE',  ( 8.404419717552581659, 28.14750000000000085, 95.70302473058637815 ) ) ;
#6101 = CARTESIAN_POINT ( 'NONE',  ( -9.324960335492855634, 3.202808601342844952, 93.64634654178789219 ) ) ;
#6102 = DIRECTION ( 'NONE',  ( -3.053113317719179993E-16, 2.040851148208008245E-16, -1.000000000000000000 ) ) ;
#6103 = VECTOR ( 'NONE', #5832, 1000.000000000000000 ) ;
#6104 = CARTESIAN_POINT ( 'NONE',  ( 4.019870675260609261, 29.16000000000001080, 92.67128834753002309 ) ) ;
#6105 = MECHANICAL_DESIGN_GEOMETRIC_PRESENTATION_REPRESENTATION (  '', ( #2452 ), #1228 ) ;
#6106 = SURFACE_STYLE_USAGE ( .BOTH. , #3725 ) ;
#6107 = VERTEX_POINT ( 'NONE', #5260 ) ;
#6108 = PRESENTATION_LAYER_ASSIGNMENT (  '', '', ( #5810 ) ) ;
#6109 = CARTESIAN_POINT ( 'NONE',  ( -9.112500000000016698, 11.43500000000000227, 110.3999999999999915 ) ) ;
#6110 = UNCERTAINTY_MEASURE_WITH_UNIT (LENGTH_MEASURE( 1.000000000000000082E-05 ), #3097, 'distance_accuracy_value', 'NONE');
#6111 = CARTESIAN_POINT ( 'NONE',  ( 4.019870675260365012, -4.049999999999962519, 44.42121165246933145 ) ) ;
#6112 = FILL_AREA_STYLE ('',( #5667 ) ) ;
#6113 = CARTESIAN_POINT ( 'NONE',  ( -1.952020624325417231, 5.873711585538285540, 53.39549074895026592 ) ) ;
#6114 = SURFACE_SIDE_STYLE ('',( #1341 ) ) ;
#6115 =( NAMED_UNIT ( * ) PLANE_ANGLE_UNIT ( ) SI_UNIT ( $, .RADIAN. ) );
#6116 = EDGE_LOOP ( 'NONE', ( #3267, #6219, #3134, #123, #1572 ) ) ;
#6117 = ADVANCED_FACE ( 'NONE', ( #388 ), #950, .F. ) ;
#6118 = FACE_OUTER_BOUND ( 'NONE', #4765, .T. ) ;
#6119 = VERTEX_POINT ( 'NONE', #2921 ) ;
#6120 = CARTESIAN_POINT ( 'NONE',  ( -7.796250000000000568, 11.43500000000000050, 102.2625000000000028 ) ) ;
#6121 = EDGE_CURVE ( 'NONE', #1360, #5301, #636, .T. ) ;
#6122 = LINE ( 'NONE', #2628, #4949 ) ;
#6123 = ORIENTED_EDGE ( 'NONE', *, *, #4220, .F. ) ;
#6124 = CARTESIAN_POINT ( 'NONE',  ( 3.135276948311697787, 29.16000000000000014, 39.98326769325394991 ) ) ;
#6125 = ORIENTED_EDGE ( 'NONE', *, *, #838, .F. ) ;
#6126 = SURFACE_STYLE_USAGE ( .BOTH. , #2717 ) ;
#6127 = CARTESIAN_POINT ( 'NONE',  ( 6.273868423800579741, 28.14749999999999375, 94.01483234001889855 ) ) ;
#6128 = DIRECTION ( 'NONE',  ( 0.000000000000000000, 1.885568995626965026E-16, 1.000000000000000000 ) ) ;
#6129 = CARTESIAN_POINT ( 'NONE',  ( 4.568528209914052951, 27.50468297687628549, 90.61874996594939091 ) ) ;
#6130 = DIRECTION ( 'NONE',  ( 0.000000000000000000, 2.252887631138709814E-16, 1.000000000000000000 ) ) ;
#6131 = DIRECTION ( 'NONE',  ( 3.212450881438532241E-15, -1.000000000000000000, 0.000000000000000000 ) ) ;
#6132 = VERTEX_POINT ( 'NONE', #2952 ) ;
#6133 = PLANE ( 'NONE',  #3364 ) ;
#6134 = CARTESIAN_POINT ( 'NONE',  ( 7.614788988104406187, -4.050000000000171241, 44.70744974048300691 ) ) ;
#6135 = CARTESIAN_POINT ( 'NONE',  ( -10.12500000000003908, -5.204877516303774810E-15, 46.47374999999998835 ) ) ;
#6136 = FILL_AREA_STYLE_COLOUR ( '', #2117 ) ;
#6137 = CARTESIAN_POINT ( 'NONE',  ( 2.929785006851996165, 27.13251149124992168, 89.60376149124995493 ) ) ;
#6138 = CARTESIAN_POINT ( 'NONE',  ( 10.62500000000000000, 28.48037825301807757, 40.14515396493453636 ) ) ;
#6139 = VECTOR ( 'NONE', #2095, 1000.000000000000000 ) ;
#6140 = CARTESIAN_POINT ( 'NONE',  ( 1.012499999999961542, 18.02250000000000085, 110.3999999999999915 ) ) ;
#6141 = CARTESIAN_POINT ( 'NONE',  ( 0.000000000000000000, 25.10999999999999588, 23.69249999999999901 ) ) ;
#6142 = CARTESIAN_POINT ( 'NONE',  ( 4.027565633680658230, -3.037499999999999645, 91.60712239392296397 ) ) ;
#6143 = CIRCLE ( 'NONE', #1668, 8.137499999999995737 ) ;
#6144 = EDGE_LOOP ( 'NONE', ( #193 ) ) ;
#6145 = UNCERTAINTY_MEASURE_WITH_UNIT (LENGTH_MEASURE( 1.000000000000000082E-05 ), #1362, 'distance_accuracy_value', 'NONE');
#6146 = SURFACE_STYLE_FILL_AREA ( #298 ) ;
#6147 = VERTEX_POINT ( 'NONE', #4418 ) ;
#6148 = DIRECTION ( 'NONE',  ( -0.000000000000000000, -1.000000000000000000, -7.959457186074088830E-16 ) ) ;
#6149 = CARTESIAN_POINT ( 'NONE',  ( 2.308688586938145271, -4.049999999999846167, 92.70366962025829594 ) ) ;
#6150 = CIRCLE ( 'NONE', #5852, 11.13749999999999396 ) ;
#6151 = EDGE_CURVE ( 'NONE', #4263, #5386, #3980, .T. ) ;
#6152 = CARTESIAN_POINT ( 'NONE',  ( -9.577591108555289168, 3.638750000000139817, 36.46484353697388059 ) ) ;
#6153 =( NAMED_UNIT ( * ) SI_UNIT ( $, .STERADIAN. ) SOLID_ANGLE_UNIT ( ) );
#6154 = VERTEX_POINT ( 'NONE', #3529 ) ;
#6155 = EDGE_CURVE ( 'NONE', #2746, #1781, #2000, .T. ) ;
#6156 = CARTESIAN_POINT ( 'NONE',  ( 5.789210545704842836, 29.16000000000042292, 44.50732394030039529 ) ) ;
#6157 = EDGE_LOOP ( 'NONE', ( #2589, #4800, #4683, #4666 ) ) ;
#6158 = PRESENTATION_LAYER_ASSIGNMENT (  '', '', ( #1173 ) ) ;
#6159 = DIRECTION ( 'NONE',  ( -1.000000000000000000, 4.119968255434187355E-16, -4.417996204345118576E-14 ) ) ;
#6160 = CARTESIAN_POINT ( 'NONE',  ( -8.377616096076398122, 1.344367416069430554, 43.68424808096532530 ) ) ;
#6161 =( GEOMETRIC_REPRESENTATION_CONTEXT ( 3 ) GLOBAL_UNCERTAINTY_ASSIGNED_CONTEXT ( ( #5348 ) ) GLOBAL_UNIT_ASSIGNED_CONTEXT ( ( #5826, #5856, #984 ) ) REPRESENTATION_CONTEXT ( 'NONE', 'WORKASPACE' ) );
#6162 = VECTOR ( 'NONE', #3174, 1000.000000000000000 ) ;
#6163 = CARTESIAN_POINT ( 'NONE',  ( -7.796249999999988134, 18.02249999999999730, 101.8239397116732761 ) ) ;
#6164 = CARTESIAN_POINT ( 'NONE',  ( 6.497110340785111404, 29.16000000000002856, 92.52461921607734041 ) ) ;
#6165 = CARTESIAN_POINT ( 'NONE',  ( 10.12499998603334816, 28.90676226733306109, 98.43533700990334978 ) ) ;
#6166 = EDGE_CURVE ( 'NONE', #307, #939, #2328, .T. ) ;
#6167 = ORIENTED_EDGE ( 'NONE', *, *, #2151, .T. ) ;
#6168 = STYLED_ITEM ( 'NONE', ( #1709 ), #4614 ) ;
#6169 = VECTOR ( 'NONE', #5656, 1000.000000000000000 ) ;
#6170 = CARTESIAN_POINT ( 'NONE',  ( -9.005424573814597267, 22.42571573965324561, 44.04980461717437379 ) ) ;
#6171 = CARTESIAN_POINT ( 'NONE',  ( 10.62500000000000000, 28.14749999999999375, 40.84195960390618296 ) ) ;
#6172 = COLOUR_RGB ( '',0.1019607843137254888, 0.1019607843137254888, 0.1019607843137254888 ) ;
#6173 = SURFACE_SIDE_STYLE ('',( #5991 ) ) ;
#6174 = UNCERTAINTY_MEASURE_WITH_UNIT (LENGTH_MEASURE( 1.000000000000000082E-05 ), #4837, 'distance_accuracy_value', 'NONE');
#6175 = STYLED_ITEM ( 'NONE', ( #3875 ), #3954 ) ;
#6176 = PRESENTATION_STYLE_ASSIGNMENT (( #2332 ) ) ;
#6177 = CARTESIAN_POINT ( 'NONE',  ( -0.6659187842483049735, 23.09250670500113856, 51.25948022580526953 ) ) ;
#6178 = FILL_AREA_STYLE ('',( #6136 ) ) ;
#6179 = DIRECTION ( 'NONE',  ( -0.000000000000000000, -0.000000000000000000, -1.000000000000000000 ) ) ;
#6180 = CARTESIAN_POINT ( 'NONE',  ( 1.012499999999766143, 28.14749999999995467, 113.4000000000000057 ) ) ;
#6181 =( GEOMETRIC_REPRESENTATION_CONTEXT ( 3 ) GLOBAL_UNCERTAINTY_ASSIGNED_CONTEXT ( ( #3890 ) ) GLOBAL_UNIT_ASSIGNED_CONTEXT ( ( #5748, #4866, #5365 ) ) REPRESENTATION_CONTEXT ( 'NONE', 'WORKASPACE' ) );
#6182 = FILL_AREA_STYLE_COLOUR ( '', #3502 ) ;
#6183 = COLOUR_RGB ( '',0.1019607843137254888, 0.1019607843137254888, 0.1019607843137254888 ) ;
#6184 = CARTESIAN_POINT ( 'NONE',  ( 7.208726041276643848, -3.037499999999999201, 94.92209254117059913 ) ) ;
#6185 = ORIENTED_EDGE ( 'NONE', *, *, #6282, .T. ) ;
#6186 = FILL_AREA_STYLE ('',( #1442 ) ) ;
#6187 = ORIENTED_EDGE ( 'NONE', *, *, #5498, .F. ) ;
#6188 = DIRECTION ( 'NONE',  ( -0.000000000000000000, 1.000000000000000000, 0.000000000000000000 ) ) ;
#6189 = CARTESIAN_POINT ( 'NONE',  ( 2.825404186851333321, -4.049999999999992717, 96.76417493252731106 ) ) ;
#6190 = FILL_AREA_STYLE ('',( #5812 ) ) ;
#6191 = CARTESIAN_POINT ( 'NONE',  ( -10.12215297537913195, 6.796922460673082256, 38.04169059513932893 ) ) ;
#6192 = ORIENTED_EDGE ( 'NONE', *, *, #4894, .F. ) ;
#6193 = DIRECTION ( 'NONE',  ( 1.000000000000000000, -5.165278571223799760E-17, 2.582639285611905427E-16 ) ) ;
#6194 = ORIENTED_EDGE ( 'NONE', *, *, #2228, .F. ) ;
#6195 =( LENGTH_UNIT ( ) NAMED_UNIT ( * ) SI_UNIT ( .MILLI., .METRE. ) );
#6196 = EDGE_CURVE ( 'NONE', #2440, #1245, #951, .T. ) ;
#6197 = EDGE_CURVE ( 'NONE', #2514, #558, #2135, .T. ) ;
#6198 =( GEOMETRIC_REPRESENTATION_CONTEXT ( 3 ) GLOBAL_UNCERTAINTY_ASSIGNED_CONTEXT ( ( #2644 ) ) GLOBAL_UNIT_ASSIGNED_CONTEXT ( ( #1512, #3458, #3421 ) ) REPRESENTATION_CONTEXT ( 'NONE', 'WORKASPACE' ) );
#6199 = DIRECTION ( 'NONE',  ( 0.000000000000000000, 0.000000000000000000, -1.000000000000000000 ) ) ;
#6200 = LINE ( 'NONE', #941, #5963 ) ;
#6201 = CARTESIAN_POINT ( 'NONE',  ( 7.054348704946126425, 29.16000000000002856, 99.93189844553407397 ) ) ;
#6202 = CARTESIAN_POINT ( 'NONE',  ( 10.62500000000000000, -4.049999999999948308, 99.92606461597443968 ) ) ;
#6203 = VERTEX_POINT ( 'NONE', #5003 ) ;
#6204 = AXIS2_PLACEMENT_3D ( 'NONE', #4311, #5817, #2906 ) ;
#6205 = ADVANCED_FACE ( 'NONE', ( #2478 ), #4011, .F. ) ;
#6206 = COLOUR_RGB ( '',0.1019607843137254888, 0.1019607843137254888, 0.1019607843137254888 ) ;
#6207 = EDGE_CURVE ( 'NONE', #1226, #5180, #318, .T. ) ;
#6208 = VECTOR ( 'NONE', #429, 1000.000000000000000 ) ;
#6209 = CARTESIAN_POINT ( 'NONE',  ( 20.25000000000000000, 25.10999999999999588, 45.96750000000000114 ) ) ;
#6210 = VECTOR ( 'NONE', #953, 999.9999999999998863 ) ;
#6211 = CARTESIAN_POINT ( 'NONE',  ( 10.12500000000000000, -4.049999999999948308, 99.92606461597443968 ) ) ;
#6212 =( LENGTH_UNIT ( ) NAMED_UNIT ( * ) SI_UNIT ( .MILLI., .METRE. ) );
#6213 = CARTESIAN_POINT ( 'NONE',  ( -1.916221672099984064, 19.51344725990676565, 53.31674290751516310 ) ) ;
#6214 =( NAMED_UNIT ( * ) PLANE_ANGLE_UNIT ( ) SI_UNIT ( $, .RADIAN. ) );
#6215 = MECHANICAL_DESIGN_GEOMETRIC_PRESENTATION_REPRESENTATION (  '', ( #5810 ), #3468 ) ;
#6216 = FACE_OUTER_BOUND ( 'NONE', #5970, .T. ) ;
#6217 = DIRECTION ( 'NONE',  ( 1.000000000000000000, 1.791184733892999759E-15, 0.000000000000000000 ) ) ;
#6218 =( NAMED_UNIT ( * ) PLANE_ANGLE_UNIT ( ) SI_UNIT ( $, .RADIAN. ) );
#6219 = ORIENTED_EDGE ( 'NONE', *, *, #3761, .T. ) ;
#6220 = UNCERTAINTY_MEASURE_WITH_UNIT (LENGTH_MEASURE( 1.000000000000000082E-05 ), #2500, 'distance_accuracy_value', 'NONE');
#6221 =( NAMED_UNIT ( * ) PLANE_ANGLE_UNIT ( ) SI_UNIT ( $, .RADIAN. ) );
#6222 = ORIENTED_EDGE ( 'NONE', *, *, #5080, .F. ) ;
#6223 = PLANE ( 'NONE',  #421 ) ;
#6224 = CARTESIAN_POINT ( 'NONE',  ( 2.375961753402435761, -4.049999999999994493, 96.23187546462042974 ) ) ;
#6225 = DIRECTION ( 'NONE',  ( 0.000000000000000000, -1.000000000000000000, 0.000000000000000000 ) ) ;
#6226 = CARTESIAN_POINT ( 'NONE',  ( 3.595478647395009553, 29.16000000000000014, 97.59374590061703714 ) ) ;
#6227 = PLANE ( 'NONE',  #3438 ) ;
#6228 = ORIENTED_EDGE ( 'NONE', *, *, #2389, .T. ) ;
#6229 = CARTESIAN_POINT ( 'NONE',  ( 1.012499999999999956, 18.02250000000000085, -4.805530973150956219E-15 ) ) ;
#6230 = ORIENTED_EDGE ( 'NONE', *, *, #566, .F. ) ;
#6231 = CARTESIAN_POINT ( 'NONE',  ( 3.305806226002448334, -3.037500000000000089, 45.91654599805016090 ) ) ;
#6232 = CARTESIAN_POINT ( 'NONE',  ( -10.12500000000003375, 18.02249999999999730, 98.89999999999999147 ) ) ;
#6233 =( NAMED_UNIT ( * ) SI_UNIT ( $, .STERADIAN. ) SOLID_ANGLE_UNIT ( ) );
#6234 = CARTESIAN_POINT ( 'NONE',  ( 1.012499999999974865, 18.02250000000000085, 42.06036481966484075 ) ) ;
#6235 = CARTESIAN_POINT ( 'NONE',  ( 9.216604350569861381, 29.16000000000125425, 92.01428646122553801 ) ) ;
#6236 = CARTESIAN_POINT ( 'NONE',  ( 20.25000000000000000, 28.14749999999999375, 46.47375000000000256 ) ) ;
#6237 = ORIENTED_EDGE ( 'NONE', *, *, #5318, .T. ) ;
#6238 = FILL_AREA_STYLE_COLOUR ( '', #158 ) ;
#6239 = EDGE_CURVE ( 'NONE', #5608, #3866, #5502, .T. ) ;
#6240 = CARTESIAN_POINT ( 'NONE',  ( -1.273064076679544465, 3.256249512999255025, 84.95389976982478686 ) ) ;
#6241 = UNCERTAINTY_MEASURE_WITH_UNIT (LENGTH_MEASURE( 1.000000000000000082E-05 ), #1586, 'distance_accuracy_value', 'NONE');
#6242 = CARTESIAN_POINT ( 'NONE',  ( 10.44270494462016963, -4.050000000000345324, 45.64428509056768490 ) ) ;
#6243 = EDGE_CURVE ( 'NONE', #3942, #6132, #3461, .T. ) ;
#6244 = CARTESIAN_POINT ( 'NONE',  ( -1.323241223498801356, 21.72798327916436989, 52.21912782207161996 ) ) ;
#6245 = PLANE ( 'NONE',  #1202 ) ;
#6246 = CARTESIAN_POINT ( 'NONE',  ( -5.973749999999990123, 22.19517506373316706, 101.8999999999999915 ) ) ;
#6247 = CARTESIAN_POINT ( 'NONE',  ( 10.12500000000000000, 28.73108975675040000, 39.42488802818125748 ) ) ;
#6248 = FACE_BOUND ( 'NONE', #1546, .T. ) ;
#6249 = AXIS2_PLACEMENT_3D ( 'NONE', #5077, #4536, #4116 ) ;
#6250 = CARTESIAN_POINT ( 'NONE',  ( -8.890715314664879187, 23.11859975190709449, 42.06036481966484075 ) ) ;
#6251 = ORIENTED_EDGE ( 'NONE', *, *, #3907, .F. ) ;
#6252 =( NAMED_UNIT ( * ) SI_UNIT ( $, .STERADIAN. ) SOLID_ANGLE_UNIT ( ) );
#6253 = EDGE_LOOP ( 'NONE', ( #827, #3523, #4167, #2649, #3351, #1887 ) ) ;
#6254 = MECHANICAL_DESIGN_GEOMETRIC_PRESENTATION_REPRESENTATION (  '', ( #954 ), #3600 ) ;
#6255 = LINE ( 'NONE', #6289, #4691 ) ;
#6256 = CARTESIAN_POINT ( 'NONE',  ( 6.712246415330932692, -1.303414582288930035, 90.61875006458450343 ) ) ;
#6257 = VECTOR ( 'NONE', #3594, 1000.000000000000000 ) ;
#6258 = DIRECTION ( 'NONE',  ( -1.000000000000000000, 0.000000000000000000, 0.000000000000000000 ) ) ;
#6259 = SURFACE_STYLE_FILL_AREA ( #2807 ) ;
#6260 = ORIENTED_EDGE ( 'NONE', *, *, #2225, .T. ) ;
#6261 = SURFACE_STYLE_USAGE ( .BOTH. , #4899 ) ;
#6262 = VERTEX_POINT ( 'NONE', #4197 ) ;
#6263 = LINE ( 'NONE', #1482, #2543 ) ;
#6264 = PRESENTATION_LAYER_ASSIGNMENT (  '', '', ( #5442 ) ) ;
#6265 = DIRECTION ( 'NONE',  ( -2.498001805406605174E-16, 0.000000000000000000, 1.000000000000000000 ) ) ;
#6266 = DIRECTION ( 'NONE',  ( 0.000000000000000000, 1.885568995626965026E-16, 1.000000000000000000 ) ) ;
#6267 = VECTOR ( 'NONE', #4831, 1000.000000000000000 ) ;
#6268 = CARTESIAN_POINT ( 'NONE',  ( 10.45795950726115819, 21.67706373720158552, 90.61875000250101664 ) ) ;
#6269 = FILL_AREA_STYLE_COLOUR ( '', #4299 ) ;
#6270 = PLANE ( 'NONE',  #5460 ) ;
#6271 = VERTEX_POINT ( 'NONE', #4229 ) ;
#6272 = COLOUR_RGB ( '',0.1019607843137254888, 0.1019607843137254888, 0.1019607843137254888 ) ;
#6273 = DIRECTION ( 'NONE',  ( 0.000000000000000000, 0.000000000000000000, 1.000000000000000000 ) ) ;
#6274 =( NAMED_UNIT ( * ) PLANE_ANGLE_UNIT ( ) SI_UNIT ( $, .RADIAN. ) );
#6275 = CARTESIAN_POINT ( 'NONE',  ( 32.92873889984950608, -4.049999999999808864, 113.3999999999999915 ) ) ;
#6276 = CARTESIAN_POINT ( 'NONE',  ( 9.275647114869151721, -4.049999999999955413, 36.49957854212916430 ) ) ;
#6277 = AXIS2_PLACEMENT_3D ( 'NONE', #5027, #5979, #4075 ) ;
#6278 = STYLED_ITEM ( 'NONE', ( #1094 ), #3751 ) ;
#6279 = SURFACE_SIDE_STYLE ('',( #4754 ) ) ;
#6280 =( NAMED_UNIT ( * ) SI_UNIT ( $, .STERADIAN. ) SOLID_ANGLE_UNIT ( ) );
#6281 = CARTESIAN_POINT ( 'NONE',  ( -7.796250000000000568, 21.97125000000000128, 96.39000000000000057 ) ) ;
#6282 = EDGE_CURVE ( 'NONE', #558, #2250, #4684, .T. ) ;
#6283 = VECTOR ( 'NONE', #4413, 1000.000000000000000 ) ;
#6284 = EDGE_LOOP ( 'NONE', ( #119, #50, #5146, #2278, #5155, #5321, #3106, #2108, #3968, #3168, #3197, #5639 ) ) ;
#6285 = FILL_AREA_STYLE ('',( #4330 ) ) ;
#6286 = PRESENTATION_LAYER_ASSIGNMENT (  '', '', ( #2710 ) ) ;
#6287 = ORIENTED_EDGE ( 'NONE', *, *, #1370, .F. ) ;
#6288 = MECHANICAL_DESIGN_GEOMETRIC_PRESENTATION_REPRESENTATION (  '', ( #4871 ), #3023 ) ;
#6289 = CARTESIAN_POINT ( 'NONE',  ( 3.673437582924959400E-15, 11.43499999999999872, 102.2625000000000028 ) ) ;
#6290 = CARTESIAN_POINT ( 'NONE',  ( 3.619549155326660994, -4.049999999999987388, 97.60818275840952651 ) ) ;
#6291 = ADVANCED_FACE ( 'NONE', ( #4161 ), #775, .T. ) ;
#6292 = VECTOR ( 'NONE', #1045, 1000.000000000000000 ) ;
#6293 = SURFACE_STYLE_FILL_AREA ( #4772 ) ;
#6294 = CARTESIAN_POINT ( 'NONE',  ( 5.762458947216214433, 29.16000000000002501, 99.30992670044857107 ) ) ;
#6295 = ORIENTED_EDGE ( 'NONE', *, *, #5035, .F. ) ;
#6296 =( LENGTH_UNIT ( ) NAMED_UNIT ( * ) SI_UNIT ( .MILLI., .METRE. ) );
#6297 = ORIENTED_EDGE ( 'NONE', *, *, #4280, .F. ) ;
#6298 = CARTESIAN_POINT ( 'NONE',  ( 10.12500000000001243, -3.795863516684293781, 38.66113428071501801 ) ) ;
#6299 = CARTESIAN_POINT ( 'NONE',  ( 10.62500000000000000, 25.10999999999999588, 140.1299999999999670 ) ) ;
#6300 = COLOUR_RGB ( '',0.1019607843137254888, 0.1019607843137254888, 0.1019607843137254888 ) ;
ENDSEC;
END-ISO-10303-21;
