ISO-10303-21;
HEADER;
FILE_DESCRIPTION (( 'STEP AP214' ),
    '1' );
FILE_NAME('Leg_Link_LV3_Original.step','2026-09-10T00:00:00',('RIVERDOG'),(''),'SOLIDWORKS STEP exporter','SOLIDWORKS','');
FILE_SCHEMA (( 'AUTOMOTIVE_DESIGN' ));
ENDSEC;

DATA;
#1 = CARTESIAN_POINT ( 'NONE',  ( 5.918359913718175491, 26.88494299947865329, -90.61874996770747259 ) ) ;
#2 = FILL_AREA_STYLE ('',( #488 ) ) ;
#3 = STYLED_ITEM ( 'NONE', ( #3033 ), #560 ) ;
#4 = CARTESIAN_POINT ( 'NONE',  ( -0.1250000000000348055, 11.43499999999999872, -110.3999999999999915 ) ) ;
#5 = CARTESIAN_POINT ( 'NONE',  ( 1.012499999999781464, -4.050000000000012257, -44.38319912510438314 ) ) ;
#6 = CARTESIAN_POINT ( 'NONE',  ( 8.310017158151078220, 29.16000000000003922, -100.3716456845545082 ) ) ;
#7 = VERTEX_POINT ( 'NONE', #1568 ) ;
#8 = CARTESIAN_POINT ( 'NONE',  ( -6.102714662081565322, 21.97124999999999062, -101.8999999999999915 ) ) ;
#9 = CARTESIAN_POINT ( 'NONE',  ( 1.839338872865253105, -4.049999999999820410, -92.70700159089766146 ) ) ;
#10 = CARTESIAN_POINT ( 'NONE',  ( 52.87499999999997158, 23.85999999999997456, -35.19250000000000256 ) ) ;
#11 = COLOUR_RGB ( '',0.1019607843137254888, 0.1019607843137254888, 0.1019607843137254888 ) ;
#12 = DIRECTION ( 'NONE',  ( -2.775557561562890365E-16, 1.885568995626964780E-16, -1.000000000000000000 ) ) ;
#13 = CARTESIAN_POINT ( 'NONE',  ( 1.529408302791115393, 29.15999999999999304, -41.81361773501198797 ) ) ;
#14 = VERTEX_POINT ( 'NONE', #1538 ) ;
#15 =( NAMED_UNIT ( * ) SI_UNIT ( $, .STERADIAN. ) SOLID_ANGLE_UNIT ( ) );
#16 = UNCERTAINTY_MEASURE_WITH_UNIT (LENGTH_MEASURE( 1.000000000000000082E-05 ), #2738, 'distance_accuracy_value', 'NONE');
#17 = LINE ( 'NONE', #474, #3930 ) ;
#18 = STYLED_ITEM ( 'NONE', ( #5656 ), #1746 ) ;
#19 = FILL_AREA_STYLE_COLOUR ( '', #5275 ) ;
#20 =( LENGTH_UNIT ( ) NAMED_UNIT ( * ) SI_UNIT ( .MILLI., .METRE. ) );
#21 =( NAMED_UNIT ( * ) SI_UNIT ( $, .STERADIAN. ) SOLID_ANGLE_UNIT ( ) );
#22 = VERTEX_POINT ( 'NONE', #3397 ) ;
#23 = EDGE_CURVE ( 'NONE', #3602, #4705, #540, .T. ) ;
#24 = CARTESIAN_POINT ( 'NONE',  ( -0.3872148992692964198, 1.565079223859779711, -86.19020057829841619 ) ) ;
#25 =( GEOMETRIC_REPRESENTATION_CONTEXT ( 3 ) GLOBAL_UNCERTAINTY_ASSIGNED_CONTEXT ( ( #807 ) ) GLOBAL_UNIT_ASSIGNED_CONTEXT ( ( #219, #4043, #3164 ) ) REPRESENTATION_CONTEXT ( 'NONE', 'WORKASPACE' ) );
#26 = STYLED_ITEM ( 'NONE', ( #5205 ), #1828 ) ;
#27 = UNCERTAINTY_MEASURE_WITH_UNIT (LENGTH_MEASURE( 1.000000000000000082E-05 ), #3883, 'distance_accuracy_value', 'NONE');
#28 = CARTESIAN_POINT ( 'NONE',  ( 10.62500000000000000, 28.14749999999999375, -3.843567104199589366E-15 ) ) ;
#29 = SURFACE_STYLE_USAGE ( .BOTH. , #5333 ) ;
#30 = TOROIDAL_SURFACE ( 'NONE', #6092, 1.012499999999999067, 10.12500000000000000 ) ;
#31 = STYLED_ITEM ( 'NONE', ( #2012 ), #2099 ) ;
#32 = CARTESIAN_POINT ( 'NONE',  ( -0.8329175108430800778, 2.318420837749341601, -51.48612809950073199 ) ) ;
#33 = ORIENTED_EDGE ( 'NONE', *, *, #697, .T. ) ;
#34 = EDGE_CURVE ( 'NONE', #5292, #1543, #1213, .T. ) ;
#35 = ORIENTED_EDGE ( 'NONE', *, *, #4453, .T. ) ;
#36 = CARTESIAN_POINT ( 'NONE',  ( 1.157216739054246935, 29.15999999999999659, -95.05257678755612005 ) ) ;
#37 = PRESENTATION_LAYER_ASSIGNMENT (  '', '', ( #4559 ) ) ;
#38 = VECTOR ( 'NONE', #1597, 999.9999999999998863 ) ;
#39 =( NAMED_UNIT ( * ) SI_UNIT ( $, .STERADIAN. ) SOLID_ANGLE_UNIT ( ) );
#40 = VECTOR ( 'NONE', #2689, 1000.000000000000000 ) ;
#41 = SURFACE_STYLE_FILL_AREA ( #3374 ) ;
#42 = ORIENTED_EDGE ( 'NONE', *, *, #425, .F. ) ;
#43 = CARTESIAN_POINT ( 'NONE',  ( 1.012500000002060307, -4.050000000000003375, -95.03213518033501828 ) ) ;
#44 = CARTESIAN_POINT ( 'NONE',  ( 10.62500000000000178, 28.70531027113242573, -39.41939770819477928 ) ) ;
#45 = CARTESIAN_POINT ( 'NONE',  ( -101.2500000000000000, 25.10999999999999588, -91.12500000000000000 ) ) ;
#46 = CARTESIAN_POINT ( 'NONE',  ( 1.292717133355640424, 29.15999999999998948, -41.98466345491539897 ) ) ;
#47 = VECTOR ( 'NONE', #5551, 1000.000000000000000 ) ;
#48 = VERTEX_POINT ( 'NONE', #1085 ) ;
#49 = DIRECTION ( 'NONE',  ( 0.000000000000000000, 0.000000000000000000, -1.000000000000000000 ) ) ;
#50 =( NAMED_UNIT ( * ) SI_UNIT ( $, .STERADIAN. ) SOLID_ANGLE_UNIT ( ) );
#51 = CARTESIAN_POINT ( 'NONE',  ( -8.509107569421820116, 23.23058918051612309, -92.64732440625941479 ) ) ;
#52 = COLOUR_RGB ( '',0.1019607843137254888, 0.1019607843137254888, 0.1019607843137254888 ) ;
#53 = PLANE ( 'NONE',  #3153 ) ;
#54 = DIRECTION ( 'NONE',  ( 0.000000000000000000, 0.000000000000000000, 1.000000000000000000 ) ) ;
#55 = EDGE_LOOP ( 'NONE', ( #2339, #3819, #2364, #4668 ) ) ;
#56 = VECTOR ( 'NONE', #4516, 1000.000000000000000 ) ;
#57 = CARTESIAN_POINT ( 'NONE',  ( -1.941410032306529976, 5.777978971276734654, -83.72068534065670065 ) ) ;
#58 =( NAMED_UNIT ( * ) SI_UNIT ( $, .STERADIAN. ) SOLID_ANGLE_UNIT ( ) );
#59 = EDGE_CURVE ( 'NONE', #5424, #1614, #413, .T. ) ;
#60 = FILL_AREA_STYLE ('',( #2909 ) ) ;
#61 = VERTEX_POINT ( 'NONE', #2473 ) ;
#62 = PLANE ( 'NONE',  #6061 ) ;
#63 = CARTESIAN_POINT ( 'NONE',  ( 1.929600150950251836, 29.16000000000000014, -95.69661816433765011 ) ) ;
#64 = MECHANICAL_DESIGN_GEOMETRIC_PRESENTATION_REPRESENTATION (  '', ( #4591 ), #1378 ) ;
#65 = CYLINDRICAL_SURFACE ( 'NONE', #1132, 10.12500000000000000 ) ;
#66 = FILL_AREA_STYLE ('',( #1055 ) ) ;
#67 = EDGE_CURVE ( 'NONE', #1956, #4350, #1109, .T. ) ;
#68 = VECTOR ( 'NONE', #4957, 1000.000000000000000 ) ;
#69 = ORIENTED_EDGE ( 'NONE', *, *, #2166, .T. ) ;
#70 = CARTESIAN_POINT ( 'NONE',  ( 3.619549155326660994, -4.049999999999987388, -97.60818275840952651 ) ) ;
#71 = FACE_OUTER_BOUND ( 'NONE', #562, .T. ) ;
#72 = DIRECTION ( 'NONE',  ( 6.057297782015010803E-31, -1.945877159896978650E-46, -1.000000000000000000 ) ) ;
#73 = AXIS2_PLACEMENT_3D ( 'NONE', #4524, #1564, #222 ) ;
#74 = FILL_AREA_STYLE ('',( #404 ) ) ;
#75 = DIRECTION ( 'NONE',  ( -0.000000000000000000, 1.000000000000000000, 0.000000000000000000 ) ) ;
#76 = AXIS2_PLACEMENT_3D ( 'NONE', #5660, #2697, #3646 ) ;
#77 = ORIENTED_EDGE ( 'NONE', *, *, #5878, .T. ) ;
#78 = CARTESIAN_POINT ( 'NONE',  ( -8.322849903863135168, 1.092837042003677261, -43.00231964917918503 ) ) ;
#79 = CARTESIAN_POINT ( 'NONE',  ( 1.130329431511485128, -4.050000000000003375, -95.03213518033513196 ) ) ;
#80 = FACE_OUTER_BOUND ( 'NONE', #1676, .T. ) ;
#81 = FILL_AREA_STYLE ('',( #1526 ) ) ;
#82 = PLANE ( 'NONE',  #4471 ) ;
#83 = FILL_AREA_STYLE ('',( #149 ) ) ;
#84 =( BOUNDED_CURVE ( )  B_SPLINE_CURVE ( 3, ( #2067, #3989, #1596, #3519 ),
 .UNSPECIFIED., .F., .F. ) 
 B_SPLINE_CURVE_WITH_KNOTS ( ( 4, 4 ),
 ( 2.366195156979034930, 3.141592653589795336 ),
 .UNSPECIFIED. ) 
 CURVE ( )  GEOMETRIC_REPRESENTATION_ITEM ( )  RATIONAL_B_SPLINE_CURVE ( ( 1.000000000000000000, 0.9505210128485650500, 0.9505210128485650500, 1.000000000000000000 ) ) 
 REPRESENTATION_ITEM ( '' )  );
#85 = ORIENTED_EDGE ( 'NONE', *, *, #3130, .F. ) ;
#86 = CARTESIAN_POINT ( 'NONE',  ( -1.327470377507214305, 3.393362410242974025, -84.86632431387371867 ) ) ;
#87 = DIRECTION ( 'NONE',  ( -1.000000000000000000, 0.000000000000000000, 0.000000000000000000 ) ) ;
#88 = FACE_OUTER_BOUND ( 'NONE', #6076, .T. ) ;
#89 = CARTESIAN_POINT ( 'NONE',  ( 0.07352274748357422174, 0.9143578414582108627, -50.35491226849370605 ) ) ;
#90 = VERTEX_POINT ( 'NONE', #599 ) ;
#91 = EDGE_LOOP ( 'NONE', ( #5544, #4921, #5080, #4198, #2607, #1158, #4023, #4614 ) ) ;
#92 = EDGE_CURVE ( 'NONE', #1792, #4398, #127, .T. ) ;
#93 = LINE ( 'NONE', #3583, #38 ) ;
#94 = MECHANICAL_DESIGN_GEOMETRIC_PRESENTATION_REPRESENTATION (  '', ( #2303 ), #3713 ) ;
#95 = CARTESIAN_POINT ( 'NONE',  ( 2.308688586928305586, -4.050000000000175682, -44.38883037974171941 ) ) ;
#96 = PRESENTATION_STYLE_ASSIGNMENT (( #738 ) ) ;
#97 = ORIENTED_EDGE ( 'NONE', *, *, #4088, .F. ) ;
#98 = FILL_AREA_STYLE_COLOUR ( '', #3483 ) ;
#99 = DIRECTION ( 'NONE',  ( 3.122502256758244142E-17, -1.000000000000000000, -5.011196880269860074E-16 ) ) ;
#100 = EDGE_CURVE ( 'NONE', #3271, #2665, #4333, .T. ) ;
#101 = SURFACE_STYLE_USAGE ( .BOTH. , #2866 ) ;
#102 = LINE ( 'NONE', #1637, #5573 ) ;
#103 = SURFACE_STYLE_USAGE ( .BOTH. , #4410 ) ;
#104 = AXIS2_PLACEMENT_3D ( 'NONE', #354, #2844, #1321 ) ;
#105 = SURFACE_STYLE_USAGE ( .BOTH. , #1984 ) ;
#106 = CARTESIAN_POINT ( 'NONE',  ( 10.70601442737423881, 20.96928168215345423, -46.47374999741031587 ) ) ;
#107 = ORIENTED_EDGE ( 'NONE', *, *, #274, .T. ) ;
#108 = CARTESIAN_POINT ( 'NONE',  ( 10.12500000000000000, 29.07345230499048228, -99.16834132042960448 ) ) ;
#109 = EDGE_CURVE ( 'NONE', #2000, #2835, #3008, .T. ) ;
#110 = COLOUR_RGB ( '',0.1019607843137254888, 0.1019607843137254888, 0.1019607843137254888 ) ;
#111 = CARTESIAN_POINT ( 'NONE',  ( 9.662779266497462771, -4.049999999999950973, -100.6548863116118326 ) ) ;
#112 = CARTESIAN_POINT ( 'NONE',  ( -1.121235914321883964, 22.20399663112979383, -85.18816247561167643 ) ) ;
#113 = LINE ( 'NONE', #1165, #3954 ) ;
#114 = COLOUR_RGB ( '',0.1019607843137254888, 0.1019607843137254888, 0.1019607843137254888 ) ;
#115 = CARTESIAN_POINT ( 'NONE',  ( 1.012499999999967315, -3.037499999999999645, -90.61874999999999147 ) ) ;
#116 = ORIENTED_EDGE ( 'NONE', *, *, #3899, .T. ) ;
#117 = CARTESIAN_POINT ( 'NONE',  ( 10.12500000000000000, 28.14749999999999375, -96.25054039609376844 ) ) ;
#118 = CARTESIAN_POINT ( 'NONE',  ( -0.2300812918102541349, 1.332014869838108462, -86.38183193726533204 ) ) ;
#119 = AXIS2_PLACEMENT_3D ( 'NONE', #2577, #2988, #2605 ) ;
#120 = FILL_AREA_STYLE_COLOUR ( '', #2521 ) ;
#121 = DIRECTION ( 'NONE',  ( 4.510281037539699678E-17, 1.000000000000000000, 1.885568995626964780E-16 ) ) ;
#122 = CARTESIAN_POINT ( 'NONE',  ( 7.774949815544250242, 28.14749999999999730, -41.76851414117438566 ) ) ;
#123 = CARTESIAN_POINT ( 'NONE',  ( -1.693271377519676602, 4.515823322514107119, -52.86609775260947686 ) ) ;
#124 = STYLED_ITEM ( 'NONE', ( #4078 ), #3019 ) ;
#125 = VECTOR ( 'NONE', #4118, 999.9999999999998863 ) ;
#126 = VERTEX_POINT ( 'NONE', #5956 ) ;
#127 = LINE ( 'NONE', #2038, #307 ) ;
#128 = CARTESIAN_POINT ( 'NONE',  ( 10.45795950726149215, 3.432936262799648475, -46.47374999749910529 ) ) ;
#129 = PRODUCT_DEFINITION ( 'UNKNOWN', '', #3577, #3313 ) ;
#130 = ORIENTED_EDGE ( 'NONE', *, *, #2549, .F. ) ;
#131 = AXIS2_PLACEMENT_3D ( 'NONE', #4173, #6134, #6071 ) ;
#132 = VECTOR ( 'NONE', #2239, 1000.000000000000000 ) ;
#133 = CARTESIAN_POINT ( 'NONE',  ( 9.275647114870128718, -4.049999999999951861, -100.5929214578724498 ) ) ;
#134 = DIRECTION ( 'NONE',  ( -1.000000000000000000, -6.071532165918857963E-15, -1.144829280800842736E-30 ) ) ;
#135 = LINE ( 'NONE', #6028, #5260 ) ;
#136 = AXIS2_PLACEMENT_3D ( 'NONE', #4036, #3446, #5385 ) ;
#137 = PRESENTATION_LAYER_ASSIGNMENT (  '', '', ( #4046 ) ) ;
#138 = EDGE_CURVE ( 'NONE', #6261, #4398, #84, .T. ) ;
#139 = PRESENTATION_STYLE_ASSIGNMENT (( #206 ) ) ;
#140 = EDGE_LOOP ( 'NONE', ( #4843, #4601, #5695, #2573, #3325, #2436 ) ) ;
#141 = DIRECTION ( 'NONE',  ( 0.000000000000000000, -1.000000000000000000, 0.000000000000000000 ) ) ;
#142 = DIRECTION ( 'NONE',  ( -6.938893903907229918E-18, 1.000000000000000000, 1.885568995626964780E-16 ) ) ;
#143 = DIRECTION ( 'NONE',  ( -5.165278571223809621E-17, -1.000000000000000000, 0.000000000000000000 ) ) ;
#144 = UNCERTAINTY_MEASURE_WITH_UNIT (LENGTH_MEASURE( 1.000000000000000082E-05 ), #1336, 'distance_accuracy_value', 'NONE');
#145 = CARTESIAN_POINT ( 'NONE',  ( -0.1993453762424017006, 23.82219772874941199, -86.41870263676389641 ) ) ;
#146 = FILL_AREA_STYLE_COLOUR ( '', #1057 ) ;
#147 = EDGE_CURVE ( 'NONE', #3987, #4285, #4218, .T. ) ;
#148 = SURFACE_SIDE_STYLE ('',( #4484 ) ) ;
#149 = FILL_AREA_STYLE_COLOUR ( '', #3063 ) ;
#150 = ORIENTED_EDGE ( 'NONE', *, *, #5683, .T. ) ;
#151 = CARTESIAN_POINT ( 'NONE',  ( -1.917293216985163085, 19.50655981701061492, -53.31881069808949292 ) ) ;
#152 = LINE ( 'NONE', #4459, #2207 ) ;
#153 = UNCERTAINTY_MEASURE_WITH_UNIT (LENGTH_MEASURE( 1.000000000000000082E-05 ), #6141, 'distance_accuracy_value', 'NONE');
#154 =( GEOMETRIC_REPRESENTATION_CONTEXT ( 3 ) GLOBAL_UNCERTAINTY_ASSIGNED_CONTEXT ( ( #2415 ) ) GLOBAL_UNIT_ASSIGNED_CONTEXT ( ( #5320, #3720, #4196 ) ) REPRESENTATION_CONTEXT ( 'NONE', 'WORKASPACE' ) );
#155 = CARTESIAN_POINT ( 'NONE',  ( 32.92873889984950608, -3.037499999999806466, -113.3999999999999915 ) ) ;
#156 = CARTESIAN_POINT ( 'NONE',  ( 10.12500000000000000, -3.963452304990398467, -37.92415867957035402 ) ) ;
#157 = VERTEX_POINT ( 'NONE', #1971 ) ;
#158 = CARTESIAN_POINT ( 'NONE',  ( 5.344294876816933382, 28.14749999999999375, -44.19605601179491572 ) ) ;
#159 = MECHANICAL_DESIGN_GEOMETRIC_PRESENTATION_REPRESENTATION (  '', ( #774 ), #3058 ) ;
#160 = ORIENTED_EDGE ( 'NONE', *, *, #4288, .T. ) ;
#161 = DIRECTION ( 'NONE',  ( 0.000000000000000000, 0.000000000000000000, -1.000000000000000000 ) ) ;
#162 = FILL_AREA_STYLE_COLOUR ( '', #333 ) ;
#163 = CARTESIAN_POINT ( 'NONE',  ( 10.62500000000000000, 28.14749999999999375, -23.69249999999998835 ) ) ;
#164 = PRESENTATION_LAYER_ASSIGNMENT (  '', '', ( #5093 ) ) ;
#165 = CARTESIAN_POINT ( 'NONE',  ( 7.127597562413844123, -0.9951175694335699928, -46.47375002982963821 ) ) ;
#166 = CARTESIAN_POINT ( 'NONE',  ( 10.62500000000000000, 0.000000000000000000, -91.12500000000000000 ) ) ;
#167 = ORIENTED_EDGE ( 'NONE', *, *, #1896, .F. ) ;
#168 = CARTESIAN_POINT ( 'NONE',  ( 10.77835238475746671, 4.405333967709427867, -90.61874999916781803 ) ) ;
#169 = CARTESIAN_POINT ( 'NONE',  ( 20.25000000000000000, -3.037499999999999645, -46.47375000000000256 ) ) ;
#170 = MECHANICAL_DESIGN_GEOMETRIC_PRESENTATION_REPRESENTATION (  '', ( #3178 ), #378 ) ;
#171 = SURFACE_SIDE_STYLE ('',( #3472 ) ) ;
#172 = CARTESIAN_POINT ( 'NONE',  ( 11.07645002354539265, 19.13269589423579120, -46.47374999999998835 ) ) ;
#173 = VERTEX_POINT ( 'NONE', #4367 ) ;
#174 = FACE_OUTER_BOUND ( 'NONE', #3146, .T. ) ;
#175 = VECTOR ( 'NONE', #3334, 1000.000000000000000 ) ;
#176 = FILL_AREA_STYLE ('',( #3625 ) ) ;
#177 = EDGE_CURVE ( 'NONE', #1452, #1096, #3426, .T. ) ;
#178 = PLANE ( 'NONE',  #4440 ) ;
#179 = SURFACE_STYLE_USAGE ( .BOTH. , #5414 ) ;
#180 = MECHANICAL_DESIGN_GEOMETRIC_PRESENTATION_REPRESENTATION (  '', ( #3790 ), #5843 ) ;
#181 = FILL_AREA_STYLE_COLOUR ( '', #5911 ) ;
#182 =( NAMED_UNIT ( * ) PLANE_ANGLE_UNIT ( ) SI_UNIT ( $, .RADIAN. ) );
#183 = EDGE_LOOP ( 'NONE', ( #5776, #2937, #3994 ) ) ;
#184 = CARTESIAN_POINT ( 'NONE',  ( -1.161622607639070548, 22.11373791122298016, -51.96572640368086837 ) ) ;
#185 = CARTESIAN_POINT ( 'NONE',  ( 20.25000000000000000, 28.14749999999999375, -46.47375000000000256 ) ) ;
#186 = ADVANCED_FACE ( 'NONE', ( #1141 ), #62, .T. ) ;
#187 = CARTESIAN_POINT ( 'NONE',  ( 5.425044474223270186, 29.16000000000002146, -99.06719580286376470 ) ) ;
#188 = LINE ( 'NONE', #626, #2422 ) ;
#189 = CARTESIAN_POINT ( 'NONE',  ( 6.226188493138671731, 28.14749999999999019, -43.13133291539335090 ) ) ;
#190 = SURFACE_SIDE_STYLE ('',( #627 ) ) ;
#191 = VERTEX_POINT ( 'NONE', #4563 ) ;
#192 = SURFACE_STYLE_FILL_AREA ( #797 ) ;
#193 = EDGE_CURVE ( 'NONE', #2000, #5074, #5010, .T. ) ;
#194 =( LENGTH_UNIT ( ) NAMED_UNIT ( * ) SI_UNIT ( .MILLI., .METRE. ) );
#195 = DIRECTION ( 'NONE',  ( 0.000000000000000000, 0.000000000000000000, 1.000000000000000000 ) ) ;
#196 = CARTESIAN_POINT ( 'NONE',  ( 3.135276948311838563, -4.049999999999994493, -39.98326769325311858 ) ) ;
#197 =( NAMED_UNIT ( * ) SI_UNIT ( $, .STERADIAN. ) SOLID_ANGLE_UNIT ( ) );
#198 = ORIENTED_EDGE ( 'NONE', *, *, #1569, .F. ) ;
#199 = FACE_OUTER_BOUND ( 'NONE', #2066, .T. ) ;
#200 = CARTESIAN_POINT ( 'NONE',  ( 9.867290423520731935, 2.166779483739016410, -90.61874999485081617 ) ) ;
#201 = PRESENTATION_STYLE_ASSIGNMENT (( #3085 ) ) ;
#202 = CARTESIAN_POINT ( 'NONE',  ( 32.92873889984932134, 28.14750000000018915, -23.69249999999998835 ) ) ;
#203 = CARTESIAN_POINT ( 'NONE',  ( -5.973749999999999893, 21.97125000000000128, -40.70249999999999346 ) ) ;
#204 = DIRECTION ( 'NONE',  ( 1.000000000000000000, 3.922054542492255428E-16, 7.395304444481290019E-32 ) ) ;
#205 = VECTOR ( 'NONE', #4939, 1000.000000000000000 ) ;
#206 = SURFACE_STYLE_USAGE ( .BOTH. , #4508 ) ;
#207 = ORIENTED_EDGE ( 'NONE', *, *, #5834, .T. ) ;
#208 = FILL_AREA_STYLE_COLOUR ( '', #1287 ) ;
#209 = CARTESIAN_POINT ( 'NONE',  ( 10.62500000000000000, 29.16000000000003922, -36.39402376808405393 ) ) ;
#210 = DIRECTION ( 'NONE',  ( 1.000000000000000000, 0.000000000000000000, 0.000000000000000000 ) ) ;
#211 = PRESENTATION_LAYER_ASSIGNMENT (  '', '', ( #3 ) ) ;
#212 = DIRECTION ( 'NONE',  ( -1.000000000000000000, 0.000000000000000000, 0.000000000000000000 ) ) ;
#213 = LINE ( 'NONE', #5417, #56 ) ;
#214 = EDGE_LOOP ( 'NONE', ( #571, #1197, #85, #4718, #944, #2322, #1993 ) ) ;
#215 = STYLED_ITEM ( 'NONE', ( #3506 ), #833 ) ;
#216 = CARTESIAN_POINT ( 'NONE',  ( 1.252371528656605282, 28.14749999999999375, -90.61875022763221921 ) ) ;
#217 = CARTESIAN_POINT ( 'NONE',  ( -5.973749999999999893, 25.10999999999999588, -91.12500000000000000 ) ) ;
#218 = CARTESIAN_POINT ( 'NONE',  ( 9.730663367755541415, 29.16000000000004277, -100.6640637873566675 ) ) ;
#219 =( LENGTH_UNIT ( ) NAMED_UNIT ( * ) SI_UNIT ( .MILLI., .METRE. ) );
#220 = STYLED_ITEM ( 'NONE', ( #5179 ), #1120 ) ;
#221 = CARTESIAN_POINT ( 'NONE',  ( 10.62500000000000000, -3.370430864605014953, -40.14504383442829294 ) ) ;
#222 = DIRECTION ( 'NONE',  ( 0.000000000000000000, 7.709882115452480139E-16, 1.000000000000000000 ) ) ;
#223 = EDGE_CURVE ( 'NONE', #4266, #890, #5966, .T. ) ;
#224 = ORIENTED_EDGE ( 'NONE', *, *, #5988, .F. ) ;
#225 = VERTEX_POINT ( 'NONE', #4111 ) ;
#226 =( NAMED_UNIT ( * ) SI_UNIT ( $, .STERADIAN. ) SOLID_ANGLE_UNIT ( ) );
#227 = PLANE ( 'NONE',  #6190 ) ;
#228 = SURFACE_STYLE_FILL_AREA ( #5011 ) ;
#229 = CARTESIAN_POINT ( 'NONE',  ( 1.462153963604162277, -4.050000000000002487, -41.86899057870208196 ) ) ;
#230 = STYLED_ITEM ( 'NONE', ( #3869 ), #1527 ) ;
#231 = ADVANCED_FACE ( 'NONE', ( #3076, #5496 ), #5030, .T. ) ;
#232 = ORIENTED_EDGE ( 'NONE', *, *, #5862, .F. ) ;
#233 = CARTESIAN_POINT ( 'NONE',  ( -5.973749999999999893, 25.10999999999999588, -137.0924999999999727 ) ) ;
#234 =( NAMED_UNIT ( * ) PLANE_ANGLE_UNIT ( ) SI_UNIT ( $, .RADIAN. ) );
#235 = STYLED_ITEM ( 'NONE', ( #2973 ), #2873 ) ;
#236 = LINE ( 'NONE', #2108, #431 ) ;
#237 = MECHANICAL_DESIGN_GEOMETRIC_PRESENTATION_REPRESENTATION (  '', ( #3932 ), #3029 ) ;
#238 = FILL_AREA_STYLE_COLOUR ( '', #2241 ) ;
#239 = AXIS2_PLACEMENT_3D ( 'NONE', #2830, #4379, #2956 ) ;
#240 = ORIENTED_EDGE ( 'NONE', *, *, #1594, .T. ) ;
#241 = LINE ( 'NONE', #2111, #5723 ) ;
#242 = EDGE_LOOP ( 'NONE', ( #2411, #5365, #2597, #5510 ) ) ;
#243 = LINE ( 'NONE', #272, #2880 ) ;
#244 = LINE ( 'NONE', #5515, #842 ) ;
#245 = PRESENTATION_LAYER_ASSIGNMENT (  '', '', ( #4757 ) ) ;
#246 = SURFACE_SIDE_STYLE ('',( #3597 ) ) ;
#247 = FILL_AREA_STYLE ('',( #3155 ) ) ;
#248 = PLANE ( 'NONE',  #4867 ) ;
#249 = ORIENTED_EDGE ( 'NONE', *, *, #5238, .T. ) ;
#250 = CARTESIAN_POINT ( 'NONE',  ( 9.673224606248911783, 28.14749999999999375, -96.17517452606340100 ) ) ;
#251 = CARTESIAN_POINT ( 'NONE',  ( 7.614788988105594569, 29.16000000000044423, -92.38505025951613447 ) ) ;
#252 = DIRECTION ( 'NONE',  ( 0.000000000000000000, 0.000000000000000000, -1.000000000000000000 ) ) ;
#253 = MECHANICAL_DESIGN_GEOMETRIC_PRESENTATION_REPRESENTATION (  '', ( #4156 ), #5600 ) ;
#254 = CARTESIAN_POINT ( 'NONE',  ( -7.796250000000000568, 21.97125000000000128, -1.419211875966638893E-15 ) ) ;
#255 = ORIENTED_EDGE ( 'NONE', *, *, #5233, .F. ) ;
#256 = COLOUR_RGB ( '',0.1019607843137254888, 0.1019607843137254888, 0.1019607843137254888 ) ;
#257 = CARTESIAN_POINT ( 'NONE',  ( 1.012499999999961542, 18.02249999999999375, -26.69249999999999901 ) ) ;
#258 = ADVANCED_FACE ( 'NONE', ( #292 ), #2567, .T. ) ;
#259 = CARTESIAN_POINT ( 'NONE',  ( -9.167126631472271470, 3.082244809967337851, -93.03693987227073592 ) ) ;
#260 = CARTESIAN_POINT ( 'NONE',  ( 9.684320183276316385, -4.050000000000160583, -45.24129074459524702 ) ) ;
#261 = ORIENTED_EDGE ( 'NONE', *, *, #2636, .F. ) ;
#262 = LINE ( 'NONE', #776, #990 ) ;
#263 =( NAMED_UNIT ( * ) PLANE_ANGLE_UNIT ( ) SI_UNIT ( $, .RADIAN. ) );
#264 = VECTOR ( 'NONE', #3324, 1000.000000000000114 ) ;
#265 = LINE ( 'NONE', #3619, #1039 ) ;
#266 = EDGE_CURVE ( 'NONE', #3594, #191, #4178, .T. ) ;
#267 = FACE_OUTER_BOUND ( 'NONE', #1874, .T. ) ;
#268 = COLOUR_RGB ( '',0.1019607843137254888, 0.1019607843137254888, 0.1019607843137254888 ) ;
#269 = VERTEX_POINT ( 'NONE', #2778 ) ;
#270 = CARTESIAN_POINT ( 'NONE',  ( 10.62500000000000000, 1.097754699641572746E-16, -3.037499999999999645 ) ) ;
#271 = VERTEX_POINT ( 'NONE', #1448 ) ;
#272 = CARTESIAN_POINT ( 'NONE',  ( 0.000000000000000000, 11.03624999999999901, 11.03624999999999901 ) ) ;
#273 =( LENGTH_UNIT ( ) NAMED_UNIT ( * ) SI_UNIT ( .MILLI., .METRE. ) );
#274 = EDGE_CURVE ( 'NONE', #2729, #2560, #4685, .T. ) ;
#275 = STYLED_ITEM ( 'NONE', ( #4434 ), #6269 ) ;
#276 = SURFACE_STYLE_USAGE ( .BOTH. , #4580 ) ;
#277 = CARTESIAN_POINT ( 'NONE',  ( -1.632220223505864487, 20.81959766548165192, -84.34144315146919268 ) ) ;
#278 = CARTESIAN_POINT ( 'NONE',  ( -51.32951142158430713, -5.117722589790939425E-15, -96.39000000000000057 ) ) ;
#279 = SURFACE_STYLE_FILL_AREA ( #4582 ) ;
#280 = VERTEX_POINT ( 'NONE', #4779 ) ;
#281 = SURFACE_STYLE_FILL_AREA ( #851 ) ;
#282 = CARTESIAN_POINT ( 'NONE',  ( -6.397960111008315742, 21.97124999999999417, -35.19250000000001677 ) ) ;
#283 = CARTESIAN_POINT ( 'NONE',  ( 10.77835238475677215, 20.70466603229394309, -90.61874999916796014 ) ) ;
#284 = UNCERTAINTY_MEASURE_WITH_UNIT (LENGTH_MEASURE( 1.000000000000000082E-05 ), #5440, 'distance_accuracy_value', 'NONE');
#285 = LINE ( 'NONE', #3666, #1923 ) ;
#286 = PRESENTATION_LAYER_ASSIGNMENT (  '', '', ( #5415 ) ) ;
#287 = CARTESIAN_POINT ( 'NONE',  ( -7.125000000000033751, 18.02249999999999730, -98.89999999999999147 ) ) ;
#288 = SURFACE_STYLE_USAGE ( .BOTH. , #5070 ) ;
#289 = DIRECTION ( 'NONE',  ( -1.000000000000000000, -6.938893903907339311E-18, 0.000000000000000000 ) ) ;
#290 = ORIENTED_EDGE ( 'NONE', *, *, #1715, .T. ) ;
#291 = AXIS2_PLACEMENT_3D ( 'NONE', #5536, #5959, #3924 ) ;
#292 = FACE_OUTER_BOUND ( 'NONE', #3459, .T. ) ;
#293 = FILL_AREA_STYLE_COLOUR ( '', #3025 ) ;
#294 = CARTESIAN_POINT ( 'NONE',  ( -9.249201860149073084, 2.815475211872077388, -94.34906131297753973 ) ) ;
#295 = CARTESIAN_POINT ( 'NONE',  ( 10.44270494462017318, -4.050000000000345324, -45.64428509056768490 ) ) ;
#296 = ORIENTED_EDGE ( 'NONE', *, *, #5197, .T. ) ;
#297 = DIRECTION ( 'NONE',  ( 4.510281037539699678E-17, 1.000000000000000000, 9.409999753317280493E-33 ) ) ;
#298 =( NAMED_UNIT ( * ) PLANE_ANGLE_UNIT ( ) SI_UNIT ( $, .RADIAN. ) );
#299 = CARTESIAN_POINT ( 'NONE',  ( 10.62500000000000000, -3.037499999999999645, -137.0924999999999727 ) ) ;
#300 = LINE ( 'NONE', #5182, #954 ) ;
#301 = ORIENTED_EDGE ( 'NONE', *, *, #1031, .F. ) ;
#302 = EDGE_CURVE ( 'NONE', #1096, #4297, #5136, .T. ) ;
#303 = CARTESIAN_POINT ( 'NONE',  ( -9.147593503506774582, 22.58500000000000085, -98.89999999999999147 ) ) ;
#304 = FILL_AREA_STYLE_COLOUR ( '', #1970 ) ;
#305 = B_SPLINE_CURVE_WITH_KNOTS ( 'NONE', 3,
 ( #4787, #2388, #2058, #1591, #4553, #1168 ),
 .UNSPECIFIED., .F., .F.,
 ( 4, 2, 4 ),
 ( 0.000000000000000000, 0.5000000000000000000, 1.000000000000000000 ),
 .UNSPECIFIED. ) ;
#306 = SURFACE_STYLE_FILL_AREA ( #5151 ) ;
#307 = VECTOR ( 'NONE', #161, 1000.000000000000000 ) ;
#308 = CARTESIAN_POINT ( 'NONE',  ( 10.12500000000000000, 29.16000000000003922, -36.39402376808405393 ) ) ;
#309 = CARTESIAN_POINT ( 'NONE',  ( -101.2500000000000000, -67.02749999999998920, -67.02749999999998920 ) ) ;
#310 = EDGE_CURVE ( 'NONE', #3271, #6182, #5787, .T. ) ;
#311 = CARTESIAN_POINT ( 'NONE',  ( 1.012499999999180167, 28.14749999999989782, -46.47374999999998124 ) ) ;
#312 = ORIENTED_EDGE ( 'NONE', *, *, #6258, .F. ) ;
#313 = CARTESIAN_POINT ( 'NONE',  ( -0.2076221515986732824, 23.81033565755132031, -50.68370660240272940 ) ) ;
#314 = DIRECTION ( 'NONE',  ( 1.000000000000000000, 5.158870429325806724E-14, 0.000000000000000000 ) ) ;
#315 = CARTESIAN_POINT ( 'NONE',  ( 11.03219711801272318, 19.48269491428508360, -90.61875000008772929 ) ) ;
#316 = CARTESIAN_POINT ( 'NONE',  ( -7.796249999999988134, 18.02249999999999730, -101.8239397116732761 ) ) ;
#317 = DIRECTION ( 'NONE',  ( 0.000000000000000000, 0.000000000000000000, 1.000000000000000000 ) ) ;
#318 = MECHANICAL_DESIGN_GEOMETRIC_PRESENTATION_REPRESENTATION (  '', ( #215 ), #2006 ) ;
#319 = CARTESIAN_POINT ( 'NONE',  ( -101.2500000000000000, 0.000000000000000000, -134.0549999999999784 ) ) ;
#320 = VERTEX_POINT ( 'NONE', #2258 ) ;
#321 = SURFACE_SIDE_STYLE ('',( #192 ) ) ;
#322 = DIRECTION ( 'NONE',  ( 0.000000000000000000, 0.000000000000000000, 1.000000000000000000 ) ) ;
#323 = AXIS2_PLACEMENT_3D ( 'NONE', #5377, #3927, #1062 ) ;
#324 = CARTESIAN_POINT ( 'NONE',  ( -10.03461882342764611, 5.642015286126066620, -37.44602582785920220 ) ) ;
#325 = CARTESIAN_POINT ( 'NONE',  ( -49.50701142158430912, 25.10999999999999588, -113.4000000000000057 ) ) ;
#326 = CARTESIAN_POINT ( 'NONE',  ( -5.973749999999985683, 2.150000000000648726, -92.47499999975944718 ) ) ;
#327 = COLOUR_RGB ( '',0.1019607843137254888, 0.1019607843137254888, 0.1019607843137254888 ) ;
#328 = ORIENTED_EDGE ( 'NONE', *, *, #495, .F. ) ;
#329 = PRESENTATION_STYLE_ASSIGNMENT (( #6026 ) ) ;
#330 = SURFACE_SIDE_STYLE ('',( #2175 ) ) ;
#331 = PRESENTATION_STYLE_ASSIGNMENT (( #5144 ) ) ;
#332 = LINE ( 'NONE', #4219, #132 ) ;
#333 = COLOUR_RGB ( '',0.1019607843137254888, 0.1019607843137254888, 0.1019607843137254888 ) ;
#334 = EDGE_LOOP ( 'NONE', ( #4842, #3365, #5797, #4991, #97 ) ) ;
#335 = STYLED_ITEM ( 'NONE', ( #5220 ), #1938 ) ;
#336 =( LENGTH_UNIT ( ) NAMED_UNIT ( * ) SI_UNIT ( .MILLI., .METRE. ) );
#337 = CARTESIAN_POINT ( 'NONE',  ( 1.012504699743080216, -3.037499999999999645, -90.61874999999999147 ) ) ;
#338 = CARTESIAN_POINT ( 'NONE',  ( 1.012499999999978639, -3.037499999999999645, -46.47375000000000256 ) ) ;
#339 = ADVANCED_FACE ( 'NONE', ( #4658 ), #3698, .T. ) ;
#340 = DIRECTION ( 'NONE',  ( -1.000000000000000000, 0.000000000000000000, 2.636779683484745304E-16 ) ) ;
#341 =( LENGTH_UNIT ( ) NAMED_UNIT ( * ) SI_UNIT ( .MILLI., .METRE. ) );
#342 = DIRECTION ( 'NONE',  ( 1.000000000000000000, 0.000000000000000000, 0.000000000000000000 ) ) ;
#343 = EDGE_LOOP ( 'NONE', ( #167, #6213, #6044 ) ) ;
#344 = CARTESIAN_POINT ( 'NONE',  ( 1.012499999999974865, 18.02250000000000085, -42.06036481966484075 ) ) ;
#345 = COLOUR_RGB ( '',0.1019607843137254888, 0.1019607843137254888, 0.1019607843137254888 ) ;
#346 =( GEOMETRIC_REPRESENTATION_CONTEXT ( 3 ) GLOBAL_UNCERTAINTY_ASSIGNED_CONTEXT ( ( #5514 ) ) GLOBAL_UNIT_ASSIGNED_CONTEXT ( ( #3400, #1395, #2820 ) ) REPRESENTATION_CONTEXT ( 'NONE', 'WORKASPACE' ) );
#347 = EDGE_CURVE ( 'NONE', #629, #6267, #863, .T. ) ;
#348 = EDGE_CURVE ( 'NONE', #3176, #4819, #1357, .T. ) ;
#349 = CARTESIAN_POINT ( 'NONE',  ( -7.605323030660064099, 23.85999999999999588, -36.22610821468278886 ) ) ;
#350 = SURFACE_SIDE_STYLE ('',( #3165 ) ) ;
#351 = VECTOR ( 'NONE', #212, 1000.000000000000000 ) ;
#352 = FILL_AREA_STYLE_COLOUR ( '', #971 ) ;
#353 = EDGE_LOOP ( 'NONE', ( #5237, #4039, #4684, #3210, #5698, #5654, #150, #1887 ) ) ;
#354 = CARTESIAN_POINT ( 'NONE',  ( -51.32951142158430713, -1.036785376198976511E-14, -40.70249999999999346 ) ) ;
#355 = AXIS2_PLACEMENT_3D ( 'NONE', #1100, #656, #1528 ) ;
#356 = CARTESIAN_POINT ( 'NONE',  ( -8.697423804153265436, 23.47165411270060886, -42.33637767330179003 ) ) ;
#357 = LINE ( 'NONE', #3170, #3450 ) ;
#358 = CARTESIAN_POINT ( 'NONE',  ( -5.973749999999990123, 22.19517506373316351, -35.19250000000000256 ) ) ;
#359 = CARTESIAN_POINT ( 'NONE',  ( -0.1250000000000313360, 22.58499999999999730, -110.3999999999999915 ) ) ;
#360 = CIRCLE ( 'NONE', #1757, 11.13749999999999396 ) ;
#361 = ORIENTED_EDGE ( 'NONE', *, *, #4220, .F. ) ;
#362 =( LENGTH_UNIT ( ) NAMED_UNIT ( * ) SI_UNIT ( .MILLI., .METRE. ) );
#363 = CARTESIAN_POINT ( 'NONE',  ( 0.000000000000000000, 0.000000000000000000, -23.69249999999999901 ) ) ;
#364 = DIRECTION ( 'NONE',  ( -2.498001805406605174E-16, 0.000000000000000000, -1.000000000000000000 ) ) ;
#365 = CARTESIAN_POINT ( 'NONE',  ( -9.079114787663128183, 22.73535653695432401, -41.95039790793418888 ) ) ;
#366 = VECTOR ( 'NONE', #5363, 1000.000000000000000 ) ;
#367 = ORIENTED_EDGE ( 'NONE', *, *, #4638, .T. ) ;
#368 = CARTESIAN_POINT ( 'NONE',  ( -7.796249999999990798, 21.97124999999999417, -101.4888745617487018 ) ) ;
#369 = SURFACE_STYLE_USAGE ( .BOTH. , #5578 ) ;
#370 = CARTESIAN_POINT ( 'NONE',  ( 1.012504699743080216, -3.037499999999999645, -90.61874999999999147 ) ) ;
#371 = CARTESIAN_POINT ( 'NONE',  ( 5.391982215336700079, -3.037500000000000089, -44.13852187560757301 ) ) ;
#372 = COLOUR_RGB ( '',0.1019607843137254888, 0.1019607843137254888, 0.1019607843137254888 ) ;
#373 = CARTESIAN_POINT ( 'NONE',  ( -7.796250000000000568, 3.138750000000141593, -1.419211875966638893E-15 ) ) ;
#374 = SURFACE_SIDE_STYLE ('',( #4130 ) ) ;
#375 = ORIENTED_EDGE ( 'NONE', *, *, #2052, .T. ) ;
#376 = EDGE_CURVE ( 'NONE', #1326, #1326, #925, .T. ) ;
#377 = FILL_AREA_STYLE_COLOUR ( '', #4083 ) ;
#378 =( GEOMETRIC_REPRESENTATION_CONTEXT ( 3 ) GLOBAL_UNCERTAINTY_ASSIGNED_CONTEXT ( ( #2115 ) ) GLOBAL_UNIT_ASSIGNED_CONTEXT ( ( #5014, #2699, #4631 ) ) REPRESENTATION_CONTEXT ( 'NONE', 'WORKASPACE' ) );
#379 = CARTESIAN_POINT ( 'NONE',  ( -8.316508169332569977, 1.158992722129746245, -43.36856342218532490 ) ) ;
#380 = LINE ( 'NONE', #5649, #1722 ) ;
#381 = CARTESIAN_POINT ( 'NONE',  ( -5.973749999999992788, 25.10999999999999588, -110.3999999999999915 ) ) ;
#382 = CARTESIAN_POINT ( 'NONE',  ( -3.760903562883207747E-14, 7.087500000000000355, -42.06036481966498997 ) ) ;
#383 = MECHANICAL_DESIGN_GEOMETRIC_PRESENTATION_REPRESENTATION (  '', ( #994 ), #5319 ) ;
#384 = CARTESIAN_POINT ( 'NONE',  ( 1.012499999999961542, 7.087499999999992362, -46.47374999999998835 ) ) ;
#385 = ORIENTED_EDGE ( 'NONE', *, *, #2259, .T. ) ;
#386 = EDGE_CURVE ( 'NONE', #3811, #6261, #2748, .T. ) ;
#387 = CARTESIAN_POINT ( 'NONE',  ( -9.361379184933680264, 22.07702779291775030, -42.11241577228648936 ) ) ;
#388 = CARTESIAN_POINT ( 'NONE',  ( -8.992170922471881767, 2.835456577437849734, -92.71907756191632188 ) ) ;
#389 = CARTESIAN_POINT ( 'NONE',  ( 11.06798640584934112, -4.049999999999947420, -46.37736314359220557 ) ) ;
#390 = DIRECTION ( 'NONE',  ( 1.000000000000000000, 0.000000000000000000, 0.000000000000000000 ) ) ;
#391 = CARTESIAN_POINT ( 'NONE',  ( -5.973749999999985683, 22.64999999999887947, -41.94999999975927807 ) ) ;
#392 = ORIENTED_EDGE ( 'NONE', *, *, #780, .T. ) ;
#393 = EDGE_CURVE ( 'NONE', #61, #2947, #2027, .T. ) ;
#394 = DIRECTION ( 'NONE',  ( 1.000000000000000000, 2.655626061989186179E-15, 0.000000000000000000 ) ) ;
#395 = ORIENTED_EDGE ( 'NONE', *, *, #3140, .T. ) ;
#396 = CARTESIAN_POINT ( 'NONE',  ( -7.125000000000035527, 11.43500000000000050, -98.89999999999999147 ) ) ;
#397 = SURFACE_SIDE_STYLE ('',( #3620 ) ) ;
#398 = CARTESIAN_POINT ( 'NONE',  ( -1.693271377600036098, 20.59417667717867673, -84.22640224725763858 ) ) ;
#399 = ORIENTED_EDGE ( 'NONE', *, *, #1638, .F. ) ;
#400 =( NAMED_UNIT ( * ) SI_UNIT ( $, .STERADIAN. ) SOLID_ANGLE_UNIT ( ) );
#401 = CARTESIAN_POINT ( 'NONE',  ( 4.925878795898673168, -4.049999999999876366, -92.63693213829130002 ) ) ;
#402 = CARTESIAN_POINT ( 'NONE',  ( 5.932430803159464361, -3.037499999999999645, -93.60700541604029468 ) ) ;
#403 = CARTESIAN_POINT ( 'NONE',  ( 9.239255797402034176, -3.037499999999999645, -41.04333033044370183 ) ) ;
#404 = FILL_AREA_STYLE_COLOUR ( '', #256 ) ;
#405 = CARTESIAN_POINT ( 'NONE',  ( 7.614788988105556378, 29.16000000000043713, -44.70744974048383824 ) ) ;
#406 = VERTEX_POINT ( 'NONE', #2407 ) ;
#407 = SURFACE_STYLE_USAGE ( .BOTH. , #4706 ) ;
#408 = FACE_OUTER_BOUND ( 'NONE', #2007, .T. ) ;
#409 = CARTESIAN_POINT ( 'NONE',  ( -7.756007213317444027, 2.024999999999999911, 6.995905658109735947E-15 ) ) ;
#410 =( NAMED_UNIT ( * ) SI_UNIT ( $, .STERADIAN. ) SOLID_ANGLE_UNIT ( ) );
#411 = DIRECTION ( 'NONE',  ( 0.000000000000000000, 1.885568995626964533E-16, -1.000000000000000000 ) ) ;
#412 = ORIENTED_EDGE ( 'NONE', *, *, #2967, .T. ) ;
#413 = CIRCLE ( 'NONE', #5343, 3.000000000000000000 ) ;
#414 = DIRECTION ( 'NONE',  ( -2.582639285611905427E-16, 0.000000000000000000, -1.000000000000000000 ) ) ;
#415 = DIRECTION ( 'NONE',  ( 0.000000000000000000, 1.000000000000000000, 1.816180056587889784E-16 ) ) ;
#416 = VECTOR ( 'NONE', #4325, 1000.000000000000000 ) ;
#417 = EDGE_CURVE ( 'NONE', #1180, #5887, #1561, .T. ) ;
#418 = CARTESIAN_POINT ( 'NONE',  ( 10.67633700755061987, -4.049999999999545075, -45.82336753221744630 ) ) ;
#419 = ORIENTED_EDGE ( 'NONE', *, *, #3213, .F. ) ;
#420 = VERTEX_POINT ( 'NONE', #1103 ) ;
#421 = PRESENTATION_LAYER_ASSIGNMENT (  '', '', ( #4227 ) ) ;
#422 =( NAMED_UNIT ( * ) PLANE_ANGLE_UNIT ( ) SI_UNIT ( $, .RADIAN. ) );
#423 = DIRECTION ( 'NONE',  ( 0.000000000000000000, 0.000000000000000000, 1.000000000000000000 ) ) ;
#424 = CARTESIAN_POINT ( 'NONE',  ( -7.796250000000000568, 10.93500000000000050, -137.0924999999999727 ) ) ;
#425 = EDGE_CURVE ( 'NONE', #2130, #428, #2972, .T. ) ;
#426 =( NAMED_UNIT ( * ) PLANE_ANGLE_UNIT ( ) SI_UNIT ( $, .RADIAN. ) );
#427 = COLOUR_RGB ( '',0.1019607843137254888, 0.1019607843137254888, 0.1019607843137254888 ) ;
#428 = VERTEX_POINT ( 'NONE', #624 ) ;
#429 = CARTESIAN_POINT ( 'NONE',  ( 5.624831523298893465, -1.933457172795097545, -90.61875005199443933 ) ) ;
#430 = CARTESIAN_POINT ( 'NONE',  ( -5.973749999999985683, 2.149999999998877698, -42.99999999999658229 ) ) ;
#431 = VECTOR ( 'NONE', #3527, 1000.000000000000000 ) ;
#432 =( NAMED_UNIT ( * ) PLANE_ANGLE_UNIT ( ) SI_UNIT ( $, .RADIAN. ) );
#433 = CARTESIAN_POINT ( 'NONE',  ( -49.50701142158430912, 0.000000000000000000, -23.69249999999999901 ) ) ;
#434 = MECHANICAL_DESIGN_GEOMETRIC_PRESENTATION_REPRESENTATION (  '', ( #230 ), #4944 ) ;
#435 = CARTESIAN_POINT ( 'NONE',  ( 2.165035872641539516, 28.08575244633782120, -46.47374998168159976 ) ) ;
#436 = ORIENTED_EDGE ( 'NONE', *, *, #2683, .T. ) ;
#437 = DIRECTION ( 'NONE',  ( 1.000000000000000000, 0.000000000000000000, 0.000000000000000000 ) ) ;
#438 = SURFACE_SIDE_STYLE ('',( #2716 ) ) ;
#439 = MECHANICAL_DESIGN_GEOMETRIC_PRESENTATION_REPRESENTATION (  '', ( #3737 ), #2726 ) ;
#440 = PRESENTATION_LAYER_ASSIGNMENT (  '', '', ( #26 ) ) ;
#441 = CARTESIAN_POINT ( 'NONE',  ( -9.408907984070140174, 21.85646020699663339, -94.21260061185046197 ) ) ;
#442 = FILL_AREA_STYLE_COLOUR ( '', #2537 ) ;
#443 = B_SPLINE_CURVE_WITH_KNOTS ( 'NONE', 3,
 ( #1015, #282, #1689, #1259, #2091, #4616 ),
 .UNSPECIFIED., .F., .F.,
 ( 4, 2, 4 ),
 ( 3.469446951953614189E-18, 0.0008740654212672411844, 0.001748130842534478899 ),
 .UNSPECIFIED. ) ;
#444 = SURFACE_STYLE_USAGE ( .BOTH. , #4741 ) ;
#445 = AXIS2_PLACEMENT_3D ( 'NONE', #6081, #4690, #1725 ) ;
#446 = VECTOR ( 'NONE', #2917, 1000.000000000000000 ) ;
#447 = ORIENTED_EDGE ( 'NONE', *, *, #3802, .F. ) ;
#448 = SURFACE_SIDE_STYLE ('',( #6139 ) ) ;
#449 =( NAMED_UNIT ( * ) PLANE_ANGLE_UNIT ( ) SI_UNIT ( $, .RADIAN. ) );
#450 = AXIS2_PLACEMENT_3D ( 'NONE', #382, #1783, #2282 ) ;
#451 = AXIS2_PLACEMENT_3D ( 'NONE', #4782, #3886, #5361 ) ;
#452 =( NAMED_UNIT ( * ) SI_UNIT ( $, .STERADIAN. ) SOLID_ANGLE_UNIT ( ) );
#453 = EDGE_LOOP ( 'NONE', ( #5211, #4720, #1755, #5372, #1940 ) ) ;
#454 = LINE ( 'NONE', #1880, #175 ) ;
#455 = VECTOR ( 'NONE', #317, 1000.000000000000000 ) ;
#456 = EDGE_LOOP ( 'NONE', ( #4864, #4711, #3465, #4048, #2242, #5175, #2513 ) ) ;
#457 = EDGE_CURVE ( 'NONE', #3672, #406, #532, .T. ) ;
#458 = CARTESIAN_POINT ( 'NONE',  ( 1.697147183542702997, 29.16000000000000014, -95.43824875910965488 ) ) ;
#459 = STYLED_ITEM ( 'NONE', ( #2877 ), #3981 ) ;
#460 = CARTESIAN_POINT ( 'NONE',  ( -7.578847391416589474, 0.000000000000000000, -110.3999999999999915 ) ) ;
#461 = VERTEX_POINT ( 'NONE', #2526 ) ;
#462 = CARTESIAN_POINT ( 'NONE',  ( -7.262165096699258804, 21.97124999999999062, -101.7298774680132283 ) ) ;
#463 = CARTESIAN_POINT ( 'NONE',  ( 7.828694725845511293, -0.4133409605456589975, -90.61875002982962712 ) ) ;
#464 = EDGE_CURVE ( 'NONE', #2628, #1977, #152, .T. ) ;
#465 = CYLINDRICAL_SURFACE ( 'NONE', #5567, 1.050000000237264253 ) ;
#466 =( GEOMETRIC_REPRESENTATION_CONTEXT ( 3 ) GLOBAL_UNCERTAINTY_ASSIGNED_CONTEXT ( ( #3801 ) ) GLOBAL_UNIT_ASSIGNED_CONTEXT ( ( #4348, #5868, #5408 ) ) REPRESENTATION_CONTEXT ( 'NONE', 'WORKASPACE' ) );
#467 =( LENGTH_UNIT ( ) NAMED_UNIT ( * ) SI_UNIT ( .MILLI., .METRE. ) );
#468 = CARTESIAN_POINT ( 'NONE',  ( 5.523511352503478911, 29.15999999999980119, -44.48892317167914712 ) ) ;
#469 = VERTEX_POINT ( 'NONE', #2879 ) ;
#470 = CARTESIAN_POINT ( 'NONE',  ( 10.12500000000000000, -3.037499999999999645, -96.25054039609395318 ) ) ;
#471 = EDGE_CURVE ( 'NONE', #4796, #3192, #443, .T. ) ;
#472 = UNCERTAINTY_MEASURE_WITH_UNIT (LENGTH_MEASURE( 1.000000000000000082E-05 ), #2780, 'distance_accuracy_value', 'NONE');
#473 = MECHANICAL_DESIGN_GEOMETRIC_PRESENTATION_REPRESENTATION (  '', ( #2863 ), #2957 ) ;
#474 = CARTESIAN_POINT ( 'NONE',  ( -51.32951142158430713, 3.138750000000151807, -96.39000000000000057 ) ) ;
#475 =( LENGTH_UNIT ( ) NAMED_UNIT ( * ) SI_UNIT ( .MILLI., .METRE. ) );
#476 = DIRECTION ( 'NONE',  ( 6.938893903907471815E-18, -1.000000000000000000, -1.885568995626964780E-16 ) ) ;
#477 =( GEOMETRIC_REPRESENTATION_CONTEXT ( 3 ) GLOBAL_UNCERTAINTY_ASSIGNED_CONTEXT ( ( #916 ) ) GLOBAL_UNIT_ASSIGNED_CONTEXT ( ( #5087, #5119, #748 ) ) REPRESENTATION_CONTEXT ( 'NONE', 'WORKASPACE' ) );
#478 = ORIENTED_EDGE ( 'NONE', *, *, #2549, .T. ) ;
#479 = SURFACE_STYLE_USAGE ( .BOTH. , #448 ) ;
#480 = CARTESIAN_POINT ( 'NONE',  ( 0.000000000000000000, 8.457484033760292845E-15, -113.4000000000000057 ) ) ;
#481 = VECTOR ( 'NONE', #804, 1000.000000000000000 ) ;
#482 = DIRECTION ( 'NONE',  ( 1.000000000000000000, 0.000000000000000000, 0.000000000000000000 ) ) ;
#483 = ORIENTED_EDGE ( 'NONE', *, *, #4801, .T. ) ;
#484 = DIRECTION ( 'NONE',  ( 1.000000000000000000, 0.000000000000000000, 0.000000000000000000 ) ) ;
#485 = VECTOR ( 'NONE', #49, 1000.000000000000000 ) ;
#486 = ORIENTED_EDGE ( 'NONE', *, *, #2250, .F. ) ;
#487 = CARTESIAN_POINT ( 'NONE',  ( 2.450132085366091061, 29.16000000000000369, -96.32129746101233536 ) ) ;
#488 = FILL_AREA_STYLE_COLOUR ( '', #5680 ) ;
#489 = CARTESIAN_POINT ( 'NONE',  ( 4.568528209914294536, -2.394682976876157277, -46.47375003405058891 ) ) ;
#490 = CARTESIAN_POINT ( 'NONE',  ( -101.2500000000000000, 0.000000000000000000, 0.000000000000000000 ) ) ;
#491 = ORIENTED_EDGE ( 'NONE', *, *, #1111, .T. ) ;
#492 = DIRECTION ( 'NONE',  ( -1.000000000000000000, 0.000000000000000000, 0.000000000000000000 ) ) ;
#493 = CARTESIAN_POINT ( 'NONE',  ( 3.246079154747171458, -2.802843615216305651, -90.61875010133364583 ) ) ;
#494 = UNCERTAINTY_MEASURE_WITH_UNIT (LENGTH_MEASURE( 1.000000000000000082E-05 ), #6219, 'distance_accuracy_value', 'NONE');
#495 = EDGE_CURVE ( 'NONE', #90, #5617, #5585, .T. ) ;
#496 = CARTESIAN_POINT ( 'NONE',  ( 5.762458947216172689, 29.16000000000001791, -37.78257329955147270 ) ) ;
#497 = CARTESIAN_POINT ( 'NONE',  ( 2.993629074585075323, 29.16000000000014936, -44.39796413353969484 ) ) ;
#498 = ORIENTED_EDGE ( 'NONE', *, *, #2711, .T. ) ;
#499 =( LENGTH_UNIT ( ) NAMED_UNIT ( * ) SI_UNIT ( .MILLI., .METRE. ) );
#500 = CARTESIAN_POINT ( 'NONE',  ( -8.638822607212881977, 23.51559250091273157, -94.17477235655390189 ) ) ;
#501 = SURFACE_STYLE_FILL_AREA ( #3321 ) ;
#502 = EDGE_CURVE ( 'NONE', #2356, #173, #5766, .T. ) ;
#503 = FILL_AREA_STYLE ('',( #1900 ) ) ;
#504 = CYLINDRICAL_SURFACE ( 'NONE', #878, 11.13749999999999396 ) ;
#505 = EDGE_LOOP ( 'NONE', ( #4095, #5038, #3129, #1385, #5844, #2883, #5018, #3920, #1288 ) ) ;
#506 = CARTESIAN_POINT ( 'NONE',  ( 0.000000000000000000, 3.073713158996406964E-14, -140.1299999999999670 ) ) ;
#507 = PRESENTATION_STYLE_ASSIGNMENT (( #1504 ) ) ;
#508 = LINE ( 'NONE', #3771, #2552 ) ;
#509 = ORIENTED_EDGE ( 'NONE', *, *, #3711, .F. ) ;
#510 = ORIENTED_EDGE ( 'NONE', *, *, #4528, .F. ) ;
#511 = CARTESIAN_POINT ( 'NONE',  ( 1.572237184918093167, 29.16000000000000014, -95.31782205665918184 ) ) ;
#512 = FILL_AREA_STYLE ('',( #6215 ) ) ;
#513 = MECHANICAL_DESIGN_GEOMETRIC_PRESENTATION_REPRESENTATION (  '', ( #5972 ), #820 ) ;
#514 = CARTESIAN_POINT ( 'NONE',  ( 1.012499999999969535, 7.087500000000000355, -95.03213518033500407 ) ) ;
#515 = CARTESIAN_POINT ( 'NONE',  ( 4.638564266609162878, 29.16000000000002146, -98.50874706848463802 ) ) ;
#516 = AXIS2_PLACEMENT_3D ( 'NONE', #5642, #2708, #1306 ) ;
#517 = EDGE_LOOP ( 'NONE', ( #2131, #598, #965, #4874 ) ) ;
#518 = SURFACE_STYLE_FILL_AREA ( #4376 ) ;
#519 = CARTESIAN_POINT ( 'NONE',  ( 4.947086934168308581, -2.243960603335044546, -90.61875003405060625 ) ) ;
#520 = CARTESIAN_POINT ( 'NONE',  ( 20.25000000000000000, -3.037499999999999645, -6.093251410737770232E-15 ) ) ;
#521 = VECTOR ( 'NONE', #4886, 1000.000000000000000 ) ;
#522 = CARTESIAN_POINT ( 'NONE',  ( 5.789210545704493782, 29.16000000000022396, -44.50732394029999028 ) ) ;
#523 = EDGE_LOOP ( 'NONE', ( #116, #1110, #2016, #5968, #1243, #4534, #1786 ) ) ;
#524 = AXIS2_PLACEMENT_3D ( 'NONE', #4026, #4474, #4537 ) ;
#525 = SURFACE_STYLE_FILL_AREA ( #1957 ) ;
#526 = CARTESIAN_POINT ( 'NONE',  ( -8.724953040303065066, 1.681400247138141735, -42.06036481966481944 ) ) ;
#527 = EDGE_CURVE ( 'NONE', #1188, #4285, #3516, .T. ) ;
#528 = VECTOR ( 'NONE', #2787, 1000.000000000000000 ) ;
#529 = CARTESIAN_POINT ( 'NONE',  ( 10.12500000000000178, -4.049999999999950973, -36.39402376808406814 ) ) ;
#530 = FACE_OUTER_BOUND ( 'NONE', #1550, .T. ) ;
#531 = ORIENTED_EDGE ( 'NONE', *, *, #2813, .T. ) ;
#532 = LINE ( 'NONE', #5331, #416 ) ;
#533 = VECTOR ( 'NONE', #4625, 1000.000000000000000 ) ;
#534 = EDGE_CURVE ( 'NONE', #5786, #1854, #2678, .T. ) ;
#535 = CARTESIAN_POINT ( 'NONE',  ( -8.977290673155275513, 2.183682267667897747, -94.58285360497663419 ) ) ;
#536 = FILL_AREA_STYLE_COLOUR ( '', #4342 ) ;
#537 = CIRCLE ( 'NONE', #3349, 11.13749999999999396 ) ;
#538 = SURFACE_STYLE_USAGE ( .BOTH. , #2386 ) ;
#539 = VERTEX_POINT ( 'NONE', #217 ) ;
#540 = LINE ( 'NONE', #4877, #3611 ) ;
#541 = ADVANCED_FACE ( 'NONE', ( #3104 ), #1169, .T. ) ;
#542 = CARTESIAN_POINT ( 'NONE',  ( 1.240646695223185603, 29.15999999999999659, -95.08127098124427334 ) ) ;
#543 =( LENGTH_UNIT ( ) NAMED_UNIT ( * ) SI_UNIT ( .MILLI., .METRE. ) );
#544 = SURFACE_SIDE_STYLE ('',( #1915 ) ) ;
#545 = MECHANICAL_DESIGN_GEOMETRIC_PRESENTATION_REPRESENTATION (  '', ( #2439 ), #2842 ) ;
#546 = VERTEX_POINT ( 'NONE', #1712 ) ;
#547 = DIRECTION ( 'NONE',  ( 0.000000000000000000, -0.000000000000000000, 1.000000000000000000 ) ) ;
#548 = CARTESIAN_POINT ( 'NONE',  ( 10.62500000000000178, -3.203367330997211937, -96.59774629047774397 ) ) ;
#549 =( NAMED_UNIT ( * ) SI_UNIT ( $, .STERADIAN. ) SOLID_ANGLE_UNIT ( ) );
#550 =( NAMED_UNIT ( * ) SI_UNIT ( $, .STERADIAN. ) SOLID_ANGLE_UNIT ( ) );
#551 = CIRCLE ( 'NONE', #1744, 10.12500000000000178 ) ;
#552 = CARTESIAN_POINT ( 'NONE',  ( -40.50000000000000000, 0.000000000000000000, -26.73000000000000043 ) ) ;
#553 = ORIENTED_EDGE ( 'NONE', *, *, #1405, .T. ) ;
#554 = CARTESIAN_POINT ( 'NONE',  ( -8.509990470590430789, 1.312118811063168300, -42.32475028918059223 ) ) ;
#555 = CARTESIAN_POINT ( 'NONE',  ( 10.62500000000000000, -3.037499999999990319, -40.84195960390601954 ) ) ;
#556 = DIRECTION ( 'NONE',  ( -2.498001805406605174E-16, 0.000000000000000000, -1.000000000000000000 ) ) ;
#557 = AXIS2_PLACEMENT_3D ( 'NONE', #2109, #868, #5173 ) ;
#558 = CARTESIAN_POINT ( 'NONE',  ( -5.973749999999999893, 23.08500000000000085, -102.2625000000000028 ) ) ;
#559 = DIRECTION ( 'NONE',  ( -1.000000000000000000, 0.000000000000000000, 0.000000000000000000 ) ) ;
#560 = ADVANCED_FACE ( 'NONE', ( #2620 ), #6067, .F. ) ;
#561 = CARTESIAN_POINT ( 'NONE',  ( 0.000000000000000000, 22.07249999999999801, 6.175755471531950543E-15 ) ) ;
#562 = EDGE_LOOP ( 'NONE', ( #4976, #3375, #2103, #3955 ) ) ;
#563 = PRESENTATION_LAYER_ASSIGNMENT (  '', '', ( #2163 ) ) ;
#564 = CARTESIAN_POINT ( 'NONE',  ( -1.424462430962937898, 3.647566656968049159, -84.70744427939170862 ) ) ;
#565 = SURFACE_STYLE_FILL_AREA ( #5790 ) ;
#566 = PRESENTATION_LAYER_ASSIGNMENT (  '', '', ( #5097 ) ) ;
#567 = CARTESIAN_POINT ( 'NONE',  ( 8.581317725146240250, 28.14749999999999375, -41.31748815205606462 ) ) ;
#568 = ADVANCED_FACE ( 'NONE', ( #408 ), #885, .F. ) ;
#569 = LINE ( 'NONE', #3832, #6227 ) ;
#570 = B_SPLINE_CURVE_WITH_KNOTS ( 'NONE', 3,
 ( #6142, #1323, #4626, #5599, #4113, #5207, #2288, #3674 ),
 .UNSPECIFIED., .F., .F.,
 ( 4, 2, 2, 4 ),
 ( 4.089592198778868815E-16, 0.0002675330710153176242, 0.0005350661420302262874, 0.001070132284060043614 ),
 .UNSPECIFIED. ) ;
#571 = ORIENTED_EDGE ( 'NONE', *, *, #4409, .F. ) ;
#572 = ORIENTED_EDGE ( 'NONE', *, *, #6027, .T. ) ;
#573 = AXIS2_PLACEMENT_3D ( 'NONE', #5837, #4339, #6251 ) ;
#574 = AXIS2_PLACEMENT_3D ( 'NONE', #2449, #547, #1575 ) ;
#575 = CARTESIAN_POINT ( 'NONE',  ( 1.839338872853846452, -4.049999999999908340, -44.38549840910210520 ) ) ;
#576 = EDGE_CURVE ( 'NONE', #2362, #1977, #4734, .T. ) ;
#577 = ORIENTED_EDGE ( 'NONE', *, *, #4453, .F. ) ;
#578 = FACE_OUTER_BOUND ( 'NONE', #3773, .T. ) ;
#579 = CARTESIAN_POINT ( 'NONE',  ( 11.07645002354546904, 5.977304105764291720, -90.61874999999999147 ) ) ;
#580 = CARTESIAN_POINT ( 'NONE',  ( 10.62500000000000000, 28.14749999999999375, -40.84195960390618296 ) ) ;
#581 = FILL_AREA_STYLE_COLOUR ( '', #2831 ) ;
#582 = FILL_AREA_STYLE_COLOUR ( '', #5607 ) ;
#583 = CARTESIAN_POINT ( 'NONE',  ( 10.67633700754970860, 29.16000000000165926, -45.82336753221586889 ) ) ;
#584 = ORIENTED_EDGE ( 'NONE', *, *, #4137, .F. ) ;
#585 = CARTESIAN_POINT ( 'NONE',  ( 10.62500000000000000, 29.16000000000004988, -99.92599157982661495 ) ) ;
#586 = FILL_AREA_STYLE_COLOUR ( '', #4420 ) ;
#587 = CARTESIAN_POINT ( 'NONE',  ( 5.762458947216183347, -4.049999999999974953, -99.30992670044841475 ) ) ;
#588 = UNCERTAINTY_MEASURE_WITH_UNIT (LENGTH_MEASURE( 1.000000000000000082E-05 ), #5582, 'distance_accuracy_value', 'NONE');
#589 = CARTESIAN_POINT ( 'NONE',  ( -1.141542383096194380, 22.15886598742999425, -85.15737746576867551 ) ) ;
#590 = DIRECTION ( 'NONE',  ( -1.000000000000000000, 3.212450881438532734E-16, -0.000000000000000000 ) ) ;
#591 = DIRECTION ( 'NONE',  ( -1.000000000000000000, 0.000000000000000000, 0.000000000000000000 ) ) ;
#592 = ORIENTED_EDGE ( 'NONE', *, *, #1708, .F. ) ;
#593 = CARTESIAN_POINT ( 'NONE',  ( -1.327470377492133702, 21.71663758979538272, -52.22617568606040095 ) ) ;
#594 = CARTESIAN_POINT ( 'NONE',  ( -1.782640357800132414, 4.885437192630612380, -84.05210111173359167 ) ) ;
#595 = UNCERTAINTY_MEASURE_WITH_UNIT (LENGTH_MEASURE( 1.000000000000000082E-05 ), #5984, 'distance_accuracy_value', 'NONE');
#596 =( NAMED_UNIT ( * ) SI_UNIT ( $, .STERADIAN. ) SOLID_ANGLE_UNIT ( ) );
#597 = CARTESIAN_POINT ( 'NONE',  ( -1.143648238968655528, 2.955841561820465202, -51.93832393763068467 ) ) ;
#598 = ORIENTED_EDGE ( 'NONE', *, *, #6144, .F. ) ;
#599 = CARTESIAN_POINT ( 'NONE',  ( 6.586528197849438451E-16, 28.09674780070452371, -113.4000000000000057 ) ) ;
#600 = SURFACE_STYLE_FILL_AREA ( #5367 ) ;
#601 = EDGE_CURVE ( 'NONE', #546, #6248, #1748, .T. ) ;
#602 = CARTESIAN_POINT ( 'NONE',  ( 4.925878795894267803, -4.049999999999882583, -44.45556786170796215 ) ) ;
#603 = CARTESIAN_POINT ( 'NONE',  ( 10.62500000000000000, 25.10999999999999588, -91.12500000000000000 ) ) ;
#604 = ORIENTED_EDGE ( 'NONE', *, *, #4093, .F. ) ;
#605 = SURFACE_SIDE_STYLE ('',( #518 ) ) ;
#606 = PRESENTATION_LAYER_ASSIGNMENT (  '', '', ( #3816 ) ) ;
#607 = CARTESIAN_POINT ( 'NONE',  ( 10.62500000000000000, -3.595310271127355684, -97.67310229179479109 ) ) ;
#608 = DIRECTION ( 'NONE',  ( 0.000000000000000000, -1.885568995626964780E-16, 1.000000000000000000 ) ) ;
#609 =( LENGTH_UNIT ( ) NAMED_UNIT ( * ) SI_UNIT ( .MILLI., .METRE. ) );
#610 = EDGE_CURVE ( 'NONE', #4285, #2920, #5749, .T. ) ;
#611 = DIRECTION ( 'NONE',  ( 0.000000000000000000, -1.885568995626964780E-16, 1.000000000000000000 ) ) ;
#612 = PRESENTATION_LAYER_ASSIGNMENT (  '', '', ( #6074 ) ) ;
#613 = CARTESIAN_POINT ( 'NONE',  ( 10.52882189869554352, 21.48490845198929122, -46.47375000129481037 ) ) ;
#614 = EDGE_LOOP ( 'NONE', ( #4238, #2300, #1108, #4166, #3662, #4277, #3333 ) ) ;
#615 = FACE_OUTER_BOUND ( 'NONE', #1815, .T. ) ;
#616 = LINE ( 'NONE', #2456, #1224 ) ;
#617 = CARTESIAN_POINT ( 'NONE',  ( 9.207420387001816309, -4.049999999999953637, -100.5804341500248000 ) ) ;
#618 = CARTESIAN_POINT ( 'NONE',  ( -40.50000000000000000, 0.000000000000000000, -110.3624999999999829 ) ) ;
#619 = DIRECTION ( 'NONE',  ( 2.582639285611905427E-16, 0.000000000000000000, -1.000000000000000000 ) ) ;
#620 = MECHANICAL_DESIGN_GEOMETRIC_PRESENTATION_REPRESENTATION (  '', ( #3332 ), #1916 ) ;
#621 = LINE ( 'NONE', #4038, #4984 ) ;
#622 = VERTEX_POINT ( 'NONE', #4707 ) ;
#623 = CARTESIAN_POINT ( 'NONE',  ( 1.492587417476560319, 28.14750000000000085, -90.63650390636645682 ) ) ;
#624 = CARTESIAN_POINT ( 'NONE',  ( -5.973749999999999893, 3.138750000000141593, -40.70249999999999346 ) ) ;
#625 = AXIS2_PLACEMENT_3D ( 'NONE', #1571, #3497, #2474 ) ;
#626 = CARTESIAN_POINT ( 'NONE',  ( 0.000000000000000000, 25.10999999999999588, 3.037499999999999645 ) ) ;
#627 = SURFACE_STYLE_FILL_AREA ( #3548 ) ;
#628 = MECHANICAL_DESIGN_GEOMETRIC_PRESENTATION_REPRESENTATION (  '', ( #5577 ), #5990 ) ;
#629 = VERTEX_POINT ( 'NONE', #4169 ) ;
#630 = PRESENTATION_STYLE_ASSIGNMENT (( #1053 ) ) ;
#631 = VECTOR ( 'NONE', #2460, 1000.000000000000000 ) ;
#632 = VECTOR ( 'NONE', #210, 1000.000000000000000 ) ;
#633 = CARTESIAN_POINT ( 'NONE',  ( 2.825404186850704935, -4.049999999999996270, -40.32832506747372747 ) ) ;
#634 = FILL_AREA_STYLE ('',( #2102 ) ) ;
#635 = ORIENTED_EDGE ( 'NONE', *, *, #310, .T. ) ;
#636 = EDGE_CURVE ( 'NONE', #2057, #5829, #5620, .T. ) ;
#637 = CARTESIAN_POINT ( 'NONE',  ( 10.62500000000000000, 28.14749999999999375, -40.84195960390618296 ) ) ;
#638 = AXIS2_PLACEMENT_3D ( 'NONE', #5199, #4079, #4107 ) ;
#639 = CIRCLE ( 'NONE', #3846, 1.050000000240372433 ) ;
#640 = CARTESIAN_POINT ( 'NONE',  ( 10.45795950726271428, 3.432936262802569249, -90.61875000250084611 ) ) ;
#641 = FILL_AREA_STYLE ('',( #2076 ) ) ;
#642 = FACE_OUTER_BOUND ( 'NONE', #1727, .T. ) ;
#643 = CARTESIAN_POINT ( 'NONE',  ( 10.62500000000000000, 28.14749999999999375, -113.4000000000000057 ) ) ;
#644 = COLOUR_RGB ( '',0.1019607843137254888, 0.1019607843137254888, 0.1019607843137254888 ) ;
#645 = COLOUR_RGB ( '',0.1019607843137254888, 0.1019607843137254888, 0.1019607843137254888 ) ;
#646 = EDGE_CURVE ( 'NONE', #7, #6138, #2308, .T. ) ;
#647 = CARTESIAN_POINT ( 'NONE',  ( 4.668372417382048667, 29.16000000000000725, -38.56048922527284617 ) ) ;
#648 = B_SPLINE_CURVE_WITH_KNOTS ( 'NONE', 3,
 ( #441, #2311, #3796, #5198, #1471, #6197, #3320, #3727, #4772, #5259, #4234, #2431, #2900, #6235, #1351, #3261, #51, #5686, #2874, #2802, #950, #3386, #4321, #2378, #6265, #1840, #500, #2773, #5780, #4737, #1930, #2346, #888, #4709 ),
 .UNSPECIFIED., .T., .F.,
 ( 4, 2, 2, 2, 2, 2, 2, 2, 2, 2, 2, 2, 2, 2, 2, 2, 4 ),
 ( 0.000000000000000000, 0.0002173391052772449166, 0.0004346782105544898332, 0.0008693564211090163123, 0.001304034631663542792, 0.001738712842218069488, 0.002608069263327151503, 0.003042747473881696196, 0.003260086579158963990, 0.003477425684436232216, 0.003912103894990767369, 0.004129443000268015647, 0.004346782105545263925, 0.005216138526654254433, 0.006085494947763244941, 0.006520173158317741496, 0.006954851368872238919 ),
 .UNSPECIFIED. ) ;
#649 = VERTEX_POINT ( 'NONE', #3793 ) ;
#650 = CARTESIAN_POINT ( 'NONE',  ( 0.000000000000000000, 25.10999999999999588, 3.037499999999999645 ) ) ;
#651 =( NAMED_UNIT ( * ) PLANE_ANGLE_UNIT ( ) SI_UNIT ( $, .RADIAN. ) );
#652 = PRESENTATION_LAYER_ASSIGNMENT (  '', '', ( #459 ) ) ;
#653 = DIRECTION ( 'NONE',  ( 1.000000000000000000, 0.000000000000000000, 0.000000000000000000 ) ) ;
#654 = UNCERTAINTY_MEASURE_WITH_UNIT (LENGTH_MEASURE( 1.000000000000000082E-05 ), #4437, 'distance_accuracy_value', 'NONE');
#655 = SURFACE_STYLE_USAGE ( .BOTH. , #2556 ) ;
#656 = DIRECTION ( 'NONE',  ( -0.7071067811865435759, -4.906538933386805870E-18, 0.7071067811865514585 ) ) ;
#657 = EDGE_CURVE ( 'NONE', #2271, #3391, #1775, .T. ) ;
#658 = VERTEX_POINT ( 'NONE', #4829 ) ;
#659 = CARTESIAN_POINT ( 'NONE',  ( -1.482278005021731238, 21.29724756827407717, -52.48367062919985671 ) ) ;
#660 =( LENGTH_UNIT ( ) NAMED_UNIT ( * ) SI_UNIT ( .MILLI., .METRE. ) );
#661 = APPLICATION_CONTEXT ( 'automotive_design' ) ;
#662 = CARTESIAN_POINT ( 'NONE',  ( 4.568528209914038740, 27.50468297687630326, -90.61874996594941933 ) ) ;
#663 = VECTOR ( 'NONE', #4244, 1000.000000000000000 ) ;
#664 = PLANE ( 'NONE',  #5788 ) ;
#665 = CARTESIAN_POINT ( 'NONE',  ( 10.12500000000000000, 28.14749999999999375, -40.84195960390618296 ) ) ;
#666 = CARTESIAN_POINT ( 'NONE',  ( 10.62500000000000000, 28.14749999999999375, -137.0924999999999727 ) ) ;
#667 =( GEOMETRIC_REPRESENTATION_CONTEXT ( 3 ) GLOBAL_UNCERTAINTY_ASSIGNED_CONTEXT ( ( #1044 ) ) GLOBAL_UNIT_ASSIGNED_CONTEXT ( ( #2559, #182, #6011 ) ) REPRESENTATION_CONTEXT ( 'NONE', 'WORKASPACE' ) );
#668 = EDGE_LOOP ( 'NONE', ( #3561, #6245, #5871, #5425 ) ) ;
#669 = SURFACE_STYLE_USAGE ( .BOTH. , #4594 ) ;
#670 = CARTESIAN_POINT ( 'NONE',  ( 0.000000000000000000, 25.10999999999999588, 0.000000000000000000 ) ) ;
#671 = COLOUR_RGB ( '',0.1019607843137254888, 0.1019607843137254888, 0.1019607843137254888 ) ;
#672 = CARTESIAN_POINT ( 'NONE',  ( 2.153821655295168558, -4.049999999999998046, -41.12924565395638865 ) ) ;
#673 = CARTESIAN_POINT ( 'NONE',  ( 0.000000000000000000, 1.518749999999999822, -1.518749999999999822 ) ) ;
#674 = VERTEX_POINT ( 'NONE', #2993 ) ;
#675 = SURFACE_STYLE_FILL_AREA ( #2140 ) ;
#676 = PRESENTATION_LAYER_ASSIGNMENT (  '', '', ( #4585 ) ) ;
#677 = CARTESIAN_POINT ( 'NONE',  ( 11.06798640584941218, -4.049999999999943867, -90.71513685640778135 ) ) ;
#678 = PRESENTATION_STYLE_ASSIGNMENT (( #4983 ) ) ;
#679 = PRESENTATION_STYLE_ASSIGNMENT (( #3928 ) ) ;
#680 = SURFACE_SIDE_STYLE ('',( #4986 ) ) ;
#681 = PRESENTATION_LAYER_ASSIGNMENT (  '', '', ( #5407 ) ) ;
#682 = DIRECTION ( 'NONE',  ( -1.000000000000000000, 3.212450881438532241E-16, 6.057297782015010146E-32 ) ) ;
#683 = CARTESIAN_POINT ( 'NONE',  ( 10.99999668998562541, 19.68875609751070854, -46.47375000008793222 ) ) ;
#684 = ORIENTED_EDGE ( 'NONE', *, *, #1685, .T. ) ;
#685 = CARTESIAN_POINT ( 'NONE',  ( 31.87499999999997158, 2.150000000000636735, -93.52499999999982094 ) ) ;
#686 = VECTOR ( 'NONE', #1835, 1000.000000000000000 ) ;
#687 = LINE ( 'NONE', #3060, #2314 ) ;
#688 = EDGE_CURVE ( 'NONE', #5617, #5546, #616, .T. ) ;
#689 = CARTESIAN_POINT ( 'NONE',  ( -1.046753202304535613, 22.36540377871075691, -85.29969950598322725 ) ) ;
#690 = DIRECTION ( 'NONE',  ( 1.000000000000000000, 0.000000000000000000, 0.000000000000000000 ) ) ;
#691 = MECHANICAL_DESIGN_GEOMETRIC_PRESENTATION_REPRESENTATION (  '', ( #2979 ), #3881 ) ;
#692 = FILL_AREA_STYLE_COLOUR ( '', #4069 ) ;
#693 = ORIENTED_EDGE ( 'NONE', *, *, #5673, .F. ) ;
#694 = CARTESIAN_POINT ( 'NONE',  ( -1.963349866949939848, 19.13818933145209655, -53.42065080670425914 ) ) ;
#695 = CARTESIAN_POINT ( 'NONE',  ( 10.12500000000000000, -3.037499999999999645, -96.25054039609395318 ) ) ;
#696 = CARTESIAN_POINT ( 'NONE',  ( 9.275647114868331045, 29.16000000000004277, -100.5929214578692381 ) ) ;
#697 = EDGE_CURVE ( 'NONE', #1258, #3594, #5352, .T. ) ;
#698 = LINE ( 'NONE', #155, #4135 ) ;
#699 = PRESENTATION_STYLE_ASSIGNMENT (( #4903 ) ) ;
#700 =( LENGTH_UNIT ( ) NAMED_UNIT ( * ) SI_UNIT ( .MILLI., .METRE. ) );
#701 = CARTESIAN_POINT ( 'NONE',  ( -1.922962794462663938, 5.648964063515886203, -53.33154955467031755 ) ) ;
#702 = ORIENTED_EDGE ( 'NONE', *, *, #376, .T. ) ;
#703 = DIRECTION ( 'NONE',  ( -1.000000000000000000, 3.212450881438532241E-16, 0.000000000000000000 ) ) ;
#704 = LINE ( 'NONE', #3078, #838 ) ;
#705 = FACE_OUTER_BOUND ( 'NONE', #900, .T. ) ;
#706 = CARTESIAN_POINT ( 'NONE',  ( 3.364750116668199453, -4.050000000000005151, -44.40483867171087695 ) ) ;
#707 = FILL_AREA_STYLE ('',( #2985 ) ) ;
#708 = ORIENTED_EDGE ( 'NONE', *, *, #2212, .F. ) ;
#709 = LINE ( 'NONE', #233, #2183 ) ;
#710 = DIRECTION ( 'NONE',  ( -3.053113317719179993E-16, 0.000000000000000000, 1.000000000000000000 ) ) ;
#711 = CARTESIAN_POINT ( 'NONE',  ( 0.000000000000000000, -2.986747800704527389, -137.1432521992954605 ) ) ;
#712 = VERTEX_POINT ( 'NONE', #3413 ) ;
#713 = ORIENTED_EDGE ( 'NONE', *, *, #34, .T. ) ;
#714 = FACE_OUTER_BOUND ( 'NONE', #1140, .T. ) ;
#715 = DIRECTION ( 'NONE',  ( 3.212450881438532734E-16, 1.000000000000000000, 0.000000000000000000 ) ) ;
#716 = PRESENTATION_LAYER_ASSIGNMENT (  '', '', ( #4925 ) ) ;
#717 = CARTESIAN_POINT ( 'NONE',  ( -1.721866900202765338, 20.48344293908500191, -84.17162204538047376 ) ) ;
#718 = CARTESIAN_POINT ( 'NONE',  ( 10.62500000000000000, 28.73108975675040000, -39.42488802818125748 ) ) ;
#719 = DIRECTION ( 'NONE',  ( -2.582639285611905427E-16, 0.000000000000000000, 1.000000000000000000 ) ) ;
#720 = CARTESIAN_POINT ( 'NONE',  ( 1.041755643827331657, 29.15999999999999304, -42.06036480884841211 ) ) ;
#721 = VERTEX_POINT ( 'NONE', #3935 ) ;
#722 =( GEOMETRIC_REPRESENTATION_CONTEXT ( 3 ) GLOBAL_UNCERTAINTY_ASSIGNED_CONTEXT ( ( #2659 ) ) GLOBAL_UNIT_ASSIGNED_CONTEXT ( ( #499, #2402, #15 ) ) REPRESENTATION_CONTEXT ( 'NONE', 'WORKASPACE' ) );
#723 = ADVANCED_FACE ( 'NONE', ( #1497 ), #2428, .F. ) ;
#724 = CARTESIAN_POINT ( 'NONE',  ( -2.024999999999999911, 18.02250000000000085, -53.56125000000000114 ) ) ;
#725 = DIRECTION ( 'NONE',  ( 0.000000000000000000, 1.000000000000000000, 0.000000000000000000 ) ) ;
#726 = CARTESIAN_POINT ( 'NONE',  ( 3.619549155324806478, 29.16000000000000725, -97.60818275840705383 ) ) ;
#727 = CARTESIAN_POINT ( 'NONE',  ( -10.12500000000003730, 7.087499999999992362, -42.06036481966498997 ) ) ;
#728 = VECTOR ( 'NONE', #134, 1000.000000000000000 ) ;
#729 = LINE ( 'NONE', #4493, #4146 ) ;
#730 = CARTESIAN_POINT ( 'NONE',  ( -7.796250000000000568, 3.138750000000146034, -96.39000000000000057 ) ) ;
#731 = CARTESIAN_POINT ( 'NONE',  ( 20.25000000000000000, 1.518749999999999822, -1.518749999999999822 ) ) ;
#732 = ORIENTED_EDGE ( 'NONE', *, *, #1665, .T. ) ;
#733 = ADVANCED_FACE ( 'NONE', ( #3353 ), #4922, .T. ) ;
#734 = EDGE_CURVE ( 'NONE', #3592, #3271, #4929, .T. ) ;
#735 = CARTESIAN_POINT ( 'NONE',  ( 1.012499999999999956, 28.14749999999999375, 4.805530973150956219E-15 ) ) ;
#736 = CARTESIAN_POINT ( 'NONE',  ( 3.293786375690580304, -4.049999999999990941, -39.81416014784281998 ) ) ;
#737 = COLOUR_RGB ( '',0.1019607843137254888, 0.1019607843137254888, 0.1019607843137254888 ) ;
#738 = SURFACE_STYLE_USAGE ( .BOTH. , #4403 ) ;
#739 = EDGE_LOOP ( 'NONE', ( #2672, #2871, #5724, #2112 ) ) ;
#740 = ADVANCED_FACE ( 'NONE', ( #3596, #5548, #5054 ), #6032, .F. ) ;
#741 = CARTESIAN_POINT ( 'NONE',  ( -51.32951142158430713, 21.97125000000000128, -1.350211916778389836E-14 ) ) ;
#742 =( BOUNDED_SURFACE ( )  B_SPLINE_SURFACE ( 3, 2, ( 
 ( #3807, #2885, #5765 ),
 ( #5337, #2390, #1393 ),
 ( #1972, #931, #3891 ),
 ( #2444, #4334, #4751 ),
 ( #996, #6214, #36 ),
 ( #4305, #1426, #542 ),
 ( #3368, #1020, #3035 ),
 ( #3512, #2563, #1455 ),
 ( #662, #2818, #4278 ),
 ( #6249, #966, #3838 ),
 ( #5798, #5307, #2914 ),
 ( #4814, #1483, #5831 ),
 ( #1, #3774, #511 ),
 ( #4368, #3336, #458 ),
 ( #1912, #1943, #2357 ),
 ( #2413, #3868, #63 ),
 ( #1882, #3398, #4844 ),
 ( #5274, #5856, #1509 ),
 ( #5451, #2855, #1131 ),
 ( #4969, #1855, #5733 ),
 ( #3304, #4789, #487 ),
 ( #5241, #251, #3195 ),
 ( #4104, #5588, #5621 ),
 ( #5978, #4042, #5130 ),
 ( #3069, #5032, #3636 ),
 ( #5067, #2593, #726 ),
 ( #2092, #2218, #5099 ),
 ( #5555, #4521, #1260 ),
 ( #283, #5525, #793 ),
 ( #1617, #821, #187 ),
 ( #3574, #5002, #1228 ),
 ( #2686, #4587, #1200 ),
 ( #4617, #3105, #6015 ),
 ( #315, #4009, #3604 ),
 ( #3133, #1655, #2193 ),
 ( #2621, #3543, #696 ),
 ( #5489, #4134, #218 ),
 ( #2658, #2122, #3665 ) ),
 .UNSPECIFIED., .F., .F., .F. ) 
 B_SPLINE_SURFACE_WITH_KNOTS ( ( 4, 2, 2, 2, 2, 2, 2, 2, 2, 2, 2, 2, 2, 2, 2, 2, 2, 2, 4 ),
 ( 3, 3 ),
 ( 0.01803614591985417889, 0.01812300996936210690, 0.01820987401887003143, 0.01838360211788588744, 0.01847046616739381197, 0.01855733021690173998, 0.01873105831591759252, 0.01907851451394930106, 0.01942597071198100961, 0.01977342691001271469, 0.02012088310804442323, 0.02081579550410783686, 0.02151070790017125048, 0.02220562029623466410, 0.02359544508836149135, 0.02498526988048831859, 0.02637509467261514931, 0.02776491946474198003, 0.02915474425686880727 ),
 ( 0.000000000000000000, 1.000000000000000000 ),
 .UNSPECIFIED. ) 
 GEOMETRIC_REPRESENTATION_ITEM ( )  RATIONAL_B_SPLINE_SURFACE ( (
 ( 1.000000000000000000, 0.9746794344808945576, 1.000000000000000000),
 ( 1.000000000000000000, 0.9746799479852628068, 1.000000000000000000),
 ( 1.000000000000000000, 0.9743568196694343264, 1.000000000000000000),
 ( 1.000000000000000000, 0.9731141381503116694, 1.000000000000000000),
 ( 1.000000000000000000, 0.9721824285868126969, 1.000000000000000000),
 ( 1.000000000000000000, 0.9687194485353531892, 1.000000000000000000),
 ( 1.000000000000000000, 0.9655513060546503379, 1.000000000000000000),
 ( 1.000000000000000000, 0.9601634611580238676, 1.000000000000000000),
 ( 1.000000000000000000, 0.9582586981073097920, 1.000000000000000000),
 ( 1.000000000000000000, 0.9543671507068947069, 1.000000000000000000),
 ( 1.000000000000000000, 0.9523716756011826323, 1.000000000000000000),
 ( 1.000000000000000000, 0.9463063569838451317, 1.000000000000000000),
 ( 1.000000000000000000, 0.9421616744663972032, 1.000000000000000000),
 ( 1.000000000000000000, 0.9297497655257929150, 1.000000000000000000),
 ( 1.000000000000000000, 0.9215223295673887760, 1.000000000000000000),
 ( 1.000000000000000000, 0.9058000326082419340, 1.000000000000000000),
 ( 1.000000000000000000, 0.8982849355800731628, 1.000000000000000000),
 ( 1.000000000000000000, 0.8840834982022875987, 1.000000000000000000),
 ( 1.000000000000000000, 0.8773909257624885605, 1.000000000000000000),
 ( 1.000000000000000000, 0.8647921572181545002, 1.000000000000000000),
 ( 1.000000000000000000, 0.8588839873657518886, 1.000000000000000000),
 ( 1.000000000000000000, 0.8422167834826873589, 1.000000000000000000),
 ( 1.000000000000000000, 0.8325102047506136582, 1.000000000000000000),
 ( 1.000000000000000000, 0.8152246893039802877, 1.000000000000000000),
 ( 1.000000000000000000, 0.8076429853542644866, 1.000000000000000000),
 ( 1.000000000000000000, 0.7940519269257680923, 1.000000000000000000),
 ( 1.000000000000000000, 0.7880434873699018183, 1.000000000000000000),
 ( 1.000000000000000000, 0.7717756809105064120, 1.000000000000000000),
 ( 1.000000000000000000, 0.7632188848040295515, 1.000000000000000000),
 ( 1.000000000000000000, 0.7490171115735126950, 1.000000000000000000),
 ( 1.000000000000000000, 0.7433321590432884207, 1.000000000000000000),
 ( 1.000000000000000000, 0.7336101691056282625, 1.000000000000000000),
 ( 1.000000000000000000, 0.7295865456046795039, 1.000000000000000000),
 ( 1.000000000000000000, 0.7225791767271563248, 1.000000000000000000),
 ( 1.000000000000000000, 0.7196540846722969675, 1.000000000000000000),
 ( 1.000000000000000000, 0.7145796383773512783, 1.000000000000000000),
 ( 1.000000000000000000, 0.7124233275652546160, 1.000000000000000000),
 ( 1.000000000000000000, 0.7105100200589949955, 1.000000000000000000) ) ) 
 REPRESENTATION_ITEM ( '' )  SURFACE ( )  );
#743 = SURFACE_SIDE_STYLE ('',( #5540 ) ) ;
#744 = MECHANICAL_DESIGN_GEOMETRIC_PRESENTATION_REPRESENTATION (  '', ( #235 ), #25 ) ;
#745 = VECTOR ( 'NONE', #5252, 1000.000000000000000 ) ;
#746 = STYLED_ITEM ( 'NONE', ( #1891 ), #2060 ) ;
#747 = ORIENTED_EDGE ( 'NONE', *, *, #5472, .T. ) ;
#748 =( NAMED_UNIT ( * ) SI_UNIT ( $, .STERADIAN. ) SOLID_ANGLE_UNIT ( ) );
#749 = ORIENTED_EDGE ( 'NONE', *, *, #3599, .T. ) ;
#750 =( NAMED_UNIT ( * ) PLANE_ANGLE_UNIT ( ) SI_UNIT ( $, .RADIAN. ) );
#751 = SURFACE_STYLE_USAGE ( .BOTH. , #3027 ) ;
#752 = STYLED_ITEM ( 'NONE', ( #4653 ), #3521 ) ;
#753 = VECTOR ( 'NONE', #4209, 1000.000000000000000 ) ;
#754 = CARTESIAN_POINT ( 'NONE',  ( -1.858013084494121392, 19.86278346412900930, -83.89937912600515801 ) ) ;
#755 = B_SPLINE_CURVE_WITH_KNOTS ( 'NONE', 3,
 ( #117, #250, #5028, #3979, #3366, #5304, #2619, #2157, #3067, #4930, #5948, #3486, #3510, #4900, #1615, #6013, #5796, #5449, #3000, #623, #216, #2525 ),
 .UNSPECIFIED., .F., .F.,
 ( 4, 2, 2, 2, 2, 2, 2, 2, 2, 2, 4 ),
 ( 0.000000000000000000, 0.001353584181024936701, 0.002707168362049873402, 0.004060752543074812489, 0.005414336724099752009, 0.006767920905124691529, 0.008121505086149630182, 0.008798297176662098207, 0.009475089267174567967, 0.01015188135768703426, 0.01082867344819950402 ),
 .UNSPECIFIED. ) ;
#756 = FILL_AREA_STYLE_COLOUR ( '', #4773 ) ;
#757 = DIRECTION ( 'NONE',  ( 1.000000000000000000, 1.141676950412111621E-78, -6.057297782015010146E-32 ) ) ;
#758 = AXIS2_PLACEMENT_3D ( 'NONE', #4963, #5910, #4451 ) ;
#759 = ORIENTED_EDGE ( 'NONE', *, *, #4137, .T. ) ;
#760 = CARTESIAN_POINT ( 'NONE',  ( -0.4585587728921656225, 23.43306431219935604, -50.99198445483346376 ) ) ;
#761 = DIRECTION ( 'NONE',  ( -6.057297782015010146E-32, 1.884795814070615786E-47, -1.000000000000000000 ) ) ;
#762 = CARTESIAN_POINT ( 'NONE',  ( 10.62500000000000000, 28.14749999999999019, -96.25054039609378265 ) ) ;
#763 = DIRECTION ( 'NONE',  ( 1.000000000000000000, -4.510281037539699678E-17, 2.636779683484745304E-16 ) ) ;
#764 =( GEOMETRIC_REPRESENTATION_CONTEXT ( 3 ) GLOBAL_UNCERTAINTY_ASSIGNED_CONTEXT ( ( #5735 ) ) GLOBAL_UNIT_ASSIGNED_CONTEXT ( ( #3765, #5263, #5783 ) ) REPRESENTATION_CONTEXT ( 'NONE', 'WORKASPACE' ) );
#765 = EDGE_CURVE ( 'NONE', #1447, #3586, #6059, .T. ) ;
#766 = CARTESIAN_POINT ( 'NONE',  ( -0.1250000000000348055, 11.43499999999999872, -101.8999999999999915 ) ) ;
#767 = CARTESIAN_POINT ( 'NONE',  ( 20.25000000000000000, 0.000000000000000000, 0.000000000000000000 ) ) ;
#768 = SURFACE_STYLE_USAGE ( .BOTH. , #1720 ) ;
#769 = VERTEX_POINT ( 'NONE', #4511 ) ;
#770 = COLOUR_RGB ( '',0.1019607843137254888, 0.1019607843137254888, 0.1019607843137254888 ) ;
#771 = DIRECTION ( 'NONE',  ( 1.000000000000000000, 0.000000000000000000, 0.000000000000000000 ) ) ;
#772 = EDGE_CURVE ( 'NONE', #1513, #5646, #1610, .T. ) ;
#773 = FILL_AREA_STYLE_COLOUR ( '', #3034 ) ;
#774 = STYLED_ITEM ( 'NONE', ( #4526 ), #4715 ) ;
#775 = ORIENTED_EDGE ( 'NONE', *, *, #1946, .T. ) ;
#776 = CARTESIAN_POINT ( 'NONE',  ( 10.62500000000000000, -4.049999999999947420, -100.6984762319159046 ) ) ;
#777 = PRESENTATION_STYLE_ASSIGNMENT (( #3708 ) ) ;
#778 = DIRECTION ( 'NONE',  ( -1.000000000000000000, -6.071532165918857963E-15, -1.144829280800842736E-30 ) ) ;
#779 = CARTESIAN_POINT ( 'NONE',  ( -7.796249999999990798, 21.97125000000000128, -35.60362543825130643 ) ) ;
#780 = EDGE_CURVE ( 'NONE', #5763, #4569, #1645, .T. ) ;
#781 = STYLED_ITEM ( 'NONE', ( #139 ), #5116 ) ;
#782 = ORIENTED_EDGE ( 'NONE', *, *, #4359, .T. ) ;
#783 = CARTESIAN_POINT ( 'NONE',  ( 0.000000000000000000, 0.000000000000000000, -134.0549999999999784 ) ) ;
#784 = CARTESIAN_POINT ( 'NONE',  ( -5.973749999999999893, 2.024999999999999911, -137.0924999999999727 ) ) ;
#785 = DIRECTION ( 'NONE',  ( 0.000000000000000000, 0.000000000000000000, 1.000000000000000000 ) ) ;
#786 = PLANE ( 'NONE',  #3237 ) ;
#787 = CARTESIAN_POINT ( 'NONE',  ( 10.12500000000000000, 28.14749999999999375, -40.84195960390618296 ) ) ;
#788 = CARTESIAN_POINT ( 'NONE',  ( -7.125000000000038192, 3.638750000000138929, -38.19250000000000256 ) ) ;
#789 = MECHANICAL_DESIGN_GEOMETRIC_PRESENTATION_REPRESENTATION (  '', ( #6247 ), #1480 ) ;
#790 = EDGE_LOOP ( 'NONE', ( #3279, #3782, #4340, #2722 ) ) ;
#791 = PLANE ( 'NONE',  #3787 ) ;
#792 = CARTESIAN_POINT ( 'NONE',  ( 10.12500000000000000, -3.961305402135091747, -99.15417186458940080 ) ) ;
#793 = CARTESIAN_POINT ( 'NONE',  ( 4.668372417381250195, 29.16000000000001435, -98.53201077472712655 ) ) ;
#794 = CARTESIAN_POINT ( 'NONE',  ( 1.012499999999967315, 7.087500000000000355, -90.61874999999999147 ) ) ;
#795 =( NAMED_UNIT ( * ) PLANE_ANGLE_UNIT ( ) SI_UNIT ( $, .RADIAN. ) );
#796 = EDGE_LOOP ( 'NONE', ( #5601, #5185, #4639, #1368 ) ) ;
#797 = FILL_AREA_STYLE ('',( #5562 ) ) ;
#798 = CARTESIAN_POINT ( 'NONE',  ( -7.796250000000000568, 3.638750000000146922, -2.255627771981486305E-13 ) ) ;
#799 = DIRECTION ( 'NONE',  ( 1.000000000000000000, 0.000000000000000000, -0.000000000000000000 ) ) ;
#800 = LINE ( 'NONE', #867, #1047 ) ;
#801 = B_SPLINE_CURVE_WITH_KNOTS ( 'NONE', 3,
 ( #4962, #3478, #5413, #5482, #1498, #2520, #4450, #5353, #4860, #3909, #2964, #1038, #145, #5942, #4482, #1586, #5444, #5973, #3537, #4994, #689, #5875, #112, #1069, #4895, #589, #1333, #904, #1682, #5024, #4190, #277, #398, #717, #1822, #3245, #2824, #2790, #2613, #2761, #3098, #754, #2652, #3747, #4221, #5669, #6035, #933, #4253, #5183, #6181, #5702 ),
 .UNSPECIFIED., .F., .F.,
 ( 4, 2, 2, 2, 1, 1, 1, 1, 2, 2, 2, 2, 1, 1, 1, 1, 1, 2, 2, 2, 2, 1, 1, 1, 1, 2, 2, 2, 1, 1, 1, 2, 2, 4 ),
 ( 0.000000000000000000, 0.1250000000000658917, 0.1875000000000978939, 0.2187500000001122991, 0.2343750000001195155, 0.2421875000001231237, 0.2460937500001249278, 0.2480468750001258160, 0.2490234375001276756, 0.2500000000001295630, 0.3750000000003121392, 0.4375000000004047318, 0.4687500000004518608, 0.4843750000004754530, 0.4921875000004872214, 0.4960937500004925504, 0.4980468750004957146, 0.4990234375004958811, 0.5000000000004959366, 0.6250000000002949863, 0.6875000000001929568, 0.7187500000001419975, 0.7343750000001159073, 0.7421875000001022515, 0.7460937500000948130, 0.7480468750000922595, 0.7500000000000895950, 0.8125000000000526246, 0.8437500000000348610, 0.8593750000000254241, 0.8671875000000213163, 0.8710937500000199840, 0.8750000000000185407, 1.000000000000000000 ),
 .UNSPECIFIED. ) ;
#802 = CARTESIAN_POINT ( 'NONE',  ( 10.62500000000000000, 29.16000000000004988, -100.6984762319159188 ) ) ;
#803 = VERTEX_POINT ( 'NONE', #2113 ) ;
#804 = DIRECTION ( 'NONE',  ( 5.165278571223799760E-17, 1.000000000000000000, 1.571919509740979925E-47 ) ) ;
#805 = EDGE_CURVE ( 'NONE', #1014, #5608, #687, .T. ) ;
#806 = SURFACE_SIDE_STYLE ('',( #2642 ) ) ;
#807 = UNCERTAINTY_MEASURE_WITH_UNIT (LENGTH_MEASURE( 1.000000000000000082E-05 ), #219, 'distance_accuracy_value', 'NONE');
#808 = PLANE ( 'NONE',  #1929 ) ;
#809 = ORIENTED_EDGE ( 'NONE', *, *, #1865, .F. ) ;
#810 = DIRECTION ( 'NONE',  ( -2.582639285611905427E-16, 0.000000000000000000, -1.000000000000000000 ) ) ;
#811 = EDGE_CURVE ( 'NONE', #3679, #4913, #2908, .T. ) ;
#812 = PLANE ( 'NONE',  #516 ) ;
#813 = CARTESIAN_POINT ( 'NONE',  ( 1.964170864069487710, -3.037500000000000533, -46.38651193662585825 ) ) ;
#814 =( NAMED_UNIT ( * ) SI_UNIT ( $, .STERADIAN. ) SOLID_ANGLE_UNIT ( ) );
#815 = FACE_OUTER_BOUND ( 'NONE', #1641, .T. ) ;
#816 = CARTESIAN_POINT ( 'NONE',  ( 1.675682038082701553, 29.16000000000019199, -44.38463250306705987 ) ) ;
#817 = ORIENTED_EDGE ( 'NONE', *, *, #3795, .T. ) ;
#818 = CARTESIAN_POINT ( 'NONE',  ( 0.7043844952560112116, 24.95118268048836541, -49.67006731951155984 ) ) ;
#819 = CARTESIAN_POINT ( 'NONE',  ( -8.639124889360001447, 1.930778633160852520, -44.05012083524311350 ) ) ;
#820 =( GEOMETRIC_REPRESENTATION_CONTEXT ( 3 ) GLOBAL_UNCERTAINTY_ASSIGNED_CONTEXT ( ( #5452 ) ) GLOBAL_UNIT_ASSIGNED_CONTEXT ( ( #4520, #4133, #3573 ) ) REPRESENTATION_CONTEXT ( 'NONE', 'WORKASPACE' ) );
#821 = CARTESIAN_POINT ( 'NONE',  ( 10.29915589869396442, 29.16000000000004633, -91.54316371948088715 ) ) ;
#822 = CARTESIAN_POINT ( 'NONE',  ( -6.304278426756564357, 23.85999999999998167, -35.43879842585200635 ) ) ;
#823 = SURFACE_SIDE_STYLE ('',( #5623 ) ) ;
#824 = LINE ( 'NONE', #254, #5386 ) ;
#825 = CARTESIAN_POINT ( 'NONE',  ( -6.102714662081558217, 21.97124999999999773, -35.19250000000000256 ) ) ;
#826 = ORIENTED_EDGE ( 'NONE', *, *, #2676, .F. ) ;
#827 = CARTESIAN_POINT ( 'NONE',  ( -9.417552703308100348, 21.67059568839303552, -43.39682540416788470 ) ) ;
#828 = PRESENTATION_LAYER_ASSIGNMENT (  '', '', ( #5877 ) ) ;
#829 = CARTESIAN_POINT ( 'NONE',  ( -8.223407996721835644, 1.106365433803691900, -93.38840654823819420 ) ) ;
#830 = FILL_AREA_STYLE_COLOUR ( '', #4851 ) ;
#831 = MECHANICAL_DESIGN_GEOMETRIC_PRESENTATION_REPRESENTATION (  '', ( #5459 ), #5464 ) ;
#832 = ORIENTED_EDGE ( 'NONE', *, *, #5268, .T. ) ;
#833 = MANIFOLD_SOLID_BREP ( 'Stock-Knee-1[1]', #5135 ) ;
#834 = CARTESIAN_POINT ( 'NONE',  ( 0.000000000000000000, 28.09674780070452726, -137.1432521992954605 ) ) ;
#835 = FILL_AREA_STYLE_COLOUR ( '', #11 ) ;
#836 = DIRECTION ( 'NONE',  ( 0.000000000000000000, 1.027984282060330751E-15, 1.000000000000000000 ) ) ;
#837 = SURFACE_STYLE_USAGE ( .BOTH. , #397 ) ;
#838 = VECTOR ( 'NONE', #5398, 1000.000000000000114 ) ;
#839 = EDGE_CURVE ( 'NONE', #271, #1844, #5479, .T. ) ;
#840 = ORIENTED_EDGE ( 'NONE', *, *, #5072, .F. ) ;
#841 = VECTOR ( 'NONE', #857, 1000.000000000000000 ) ;
#842 = VECTOR ( 'NONE', #143, 1000.000000000000000 ) ;
#843 = CARTESIAN_POINT ( 'NONE',  ( -8.472619925441140509, 23.85999999999999588, -38.19250000000000256 ) ) ;
#844 = PRESENTATION_STYLE_ASSIGNMENT (( #2332 ) ) ;
#845 = LINE ( 'NONE', #1282, #745 ) ;
#846 = PRESENTATION_LAYER_ASSIGNMENT (  '', '', ( #746 ) ) ;
#847 = EDGE_CURVE ( 'NONE', #3682, #6004, #6006, .T. ) ;
#848 = DIRECTION ( 'NONE',  ( 1.000000000000000000, 0.000000000000000000, 0.000000000000000000 ) ) ;
#849 = DIRECTION ( 'NONE',  ( 0.000000000000000000, 0.000000000000000000, 1.000000000000000000 ) ) ;
#850 = ORIENTED_EDGE ( 'NONE', *, *, #4326, .F. ) ;
#851 = FILL_AREA_STYLE ('',( #3724 ) ) ;
#852 = CARTESIAN_POINT ( 'NONE',  ( -52.37500000000000000, 0.000000000000000000, -110.3999999999999915 ) ) ;
#853 = VECTOR ( 'NONE', #2125, 1000.000000000000000 ) ;
#854 =( GEOMETRIC_REPRESENTATION_CONTEXT ( 3 ) GLOBAL_UNCERTAINTY_ASSIGNED_CONTEXT ( ( #4923 ) ) GLOBAL_UNIT_ASSIGNED_CONTEXT ( ( #1016, #3421, #58 ) ) REPRESENTATION_CONTEXT ( 'NONE', 'WORKASPACE' ) );
#855 = LINE ( 'NONE', #2720, #5907 ) ;
#856 = UNCERTAINTY_MEASURE_WITH_UNIT (LENGTH_MEASURE( 1.000000000000000082E-05 ), #609, 'distance_accuracy_value', 'NONE');
#857 = DIRECTION ( 'NONE',  ( 2.498001805406605174E-16, 0.000000000000000000, 1.000000000000000000 ) ) ;
#858 = EDGE_CURVE ( 'NONE', #4629, #4629, #4117, .T. ) ;
#859 = MECHANICAL_DESIGN_GEOMETRIC_PRESENTATION_REPRESENTATION (  '', ( #958 ), #2347 ) ;
#860 = SURFACE_STYLE_USAGE ( .BOTH. , #6073 ) ;
#861 = PRESENTATION_STYLE_ASSIGNMENT (( #5163 ) ) ;
#862 = VERTEX_POINT ( 'NONE', #4225 ) ;
#863 = LINE ( 'NONE', #2751, #2003 ) ;
#864 = MECHANICAL_DESIGN_GEOMETRIC_PRESENTATION_REPRESENTATION (  '', ( #3656 ), #1358 ) ;
#865 = FACE_OUTER_BOUND ( 'NONE', #4182, .T. ) ;
#866 = CARTESIAN_POINT ( 'NONE',  ( 0.000000000000000000, 28.09674780070452726, 0.05075219929546703757 ) ) ;
#867 = CARTESIAN_POINT ( 'NONE',  ( 32.92873889984950608, -4.049999999999808864, -113.3999999999999915 ) ) ;
#868 = DIRECTION ( 'NONE',  ( 0.000000000000000000, -1.000000000000000000, 0.000000000000000000 ) ) ;
#869 = ORIENTED_EDGE ( 'NONE', *, *, #3941, .T. ) ;
#870 = DIRECTION ( 'NONE',  ( -1.000000000000000000, -6.071532165918858751E-15, 0.000000000000000000 ) ) ;
#871 = VERTEX_POINT ( 'NONE', #4194 ) ;
#872 = DIRECTION ( 'NONE',  ( 0.000000000000000000, -1.885568995626964780E-16, 1.000000000000000000 ) ) ;
#873 = CARTESIAN_POINT ( 'NONE',  ( 1.012499999999955547, 28.14749999999999375, -137.0924999999999727 ) ) ;
#874 = PRESENTATION_LAYER_ASSIGNMENT (  '', '', ( #3563 ) ) ;
#875 = DIRECTION ( 'NONE',  ( 0.000000000000000000, -0.7071067811865465735, 0.7071067811865483499 ) ) ;
#876 = ORIENTED_EDGE ( 'NONE', *, *, #534, .T. ) ;
#877 = SURFACE_SIDE_STYLE ('',( #6183 ) ) ;
#878 = AXIS2_PLACEMENT_3D ( 'NONE', #1473, #54, #1963 ) ;
#879 = CARTESIAN_POINT ( 'NONE',  ( 4.596204370574666243, -4.050000000000031797, -92.65192674591622790 ) ) ;
#880 = CARTESIAN_POINT ( 'NONE',  ( -9.112499999999998934, 10.93500000000000050, -110.3624999999999829 ) ) ;
#881 = CARTESIAN_POINT ( 'NONE',  ( 1.839338872853448548, 29.15999999999994685, -44.38549840910242494 ) ) ;
#882 = VERTEX_POINT ( 'NONE', #1771 ) ;
#883 =( GEOMETRIC_REPRESENTATION_CONTEXT ( 3 ) GLOBAL_UNCERTAINTY_ASSIGNED_CONTEXT ( ( #1309 ) ) GLOBAL_UNIT_ASSIGNED_CONTEXT ( ( #2171, #3175, #2292 ) ) REPRESENTATION_CONTEXT ( 'NONE', 'WORKASPACE' ) );
#884 = VECTOR ( 'NONE', #2202, 1000.000000000000000 ) ;
#885 = PLANE ( 'NONE',  #2704 ) ;
#886 = EDGE_CURVE ( 'NONE', #22, #4247, #3215, .T. ) ;
#887 = CARTESIAN_POINT ( 'NONE',  ( -0.1250000000000365263, 3.638750000000138929, -26.69249999999999901 ) ) ;
#888 = CARTESIAN_POINT ( 'NONE',  ( -9.383508909591220970, 21.95122165943464765, -94.32196203773699494 ) ) ;
#889 = CARTESIAN_POINT ( 'NONE',  ( -9.147593503506774582, 22.58500000000000085, -98.89999999999999147 ) ) ;
#890 = VERTEX_POINT ( 'NONE', #2302 ) ;
#891 = CARTESIAN_POINT ( 'NONE',  ( 20.25000000000000000, 28.14749999999999375, -46.47375000000000966 ) ) ;
#892 = EDGE_CURVE ( 'NONE', #5574, #629, #1801, .T. ) ;
#893 = AXIS2_PLACEMENT_3D ( 'NONE', #4536, #6116, #4633 ) ;
#894 = FILL_AREA_STYLE_COLOUR ( '', #4954 ) ;
#895 = CARTESIAN_POINT ( 'NONE',  ( 0.000000000000000000, 0.000000000000000000, -113.4000000000000057 ) ) ;
#896 = DIRECTION ( 'NONE',  ( 0.000000000000000000, 0.000000000000000000, 1.000000000000000000 ) ) ;
#897 = VECTOR ( 'NONE', #3464, 1000.000000000000114 ) ;
#898 = VERTEX_POINT ( 'NONE', #2273 ) ;
#899 =( NAMED_UNIT ( * ) PLANE_ANGLE_UNIT ( ) SI_UNIT ( $, .RADIAN. ) );
#900 = EDGE_LOOP ( 'NONE', ( #4131, #2602, #4030, #2499 ) ) ;
#901 = DIRECTION ( 'NONE',  ( 1.000000000000000000, 0.000000000000000000, 0.000000000000000000 ) ) ;
#902 = CARTESIAN_POINT ( 'NONE',  ( 10.62500000000000000, 3.037499999999999645, -137.0924999999999727 ) ) ;
#903 = CARTESIAN_POINT ( 'NONE',  ( -8.890715314174654438, 23.11859975285975111, -42.06036481966484075 ) ) ;
#904 = CARTESIAN_POINT ( 'NONE',  ( -1.143648238967638342, 22.15415843818180974, -85.15417606237046755 ) ) ;
#905 = ORIENTED_EDGE ( 'NONE', *, *, #5123, .F. ) ;
#906 = CARTESIAN_POINT ( 'NONE',  ( 2.153821655295900861, -4.049999999999996270, -95.96325434604440829 ) ) ;
#907 = CARTESIAN_POINT ( 'NONE',  ( 9.662779266497464548, 29.16000000000003922, -36.43761368838811165 ) ) ;
#908 = CARTESIAN_POINT ( 'NONE',  ( 8.801213444040163481, 24.49794688733692283, -46.47375000940590439 ) ) ;
#909 = B_SPLINE_CURVE_WITH_KNOTS ( 'NONE', 3,
 ( #724, #1453, #4458, #1130, #4519, #1102, #5001, #2971, #694, #2590, #3032, #151, #5419, #993, #3571, #4968, #3541, #5488, #4007, #2026, #2120, #4040, #659, #1654, #593, #2561, #4487, #2491, #184, #5977, #5524, #1198, #2090, #4421, #3946, #5915, #1560, #760, #5618, #4615, #5194, #1314, #5128, #5647, #3689, #313, #2217, #1688, #1747, #818, #4675 ),
 .UNSPECIFIED., .F., .F.,
 ( 4, 2, 1, 1, 1, 2, 2, 2, 1, 1, 1, 1, 2, 2, 2, 2, 1, 1, 1, 1, 1, 2, 2, 2, 2, 1, 1, 1, 1, 1, 2, 2, 2, 4 ),
 ( 0.000000000000000000, 0.06249999999997800371, 0.09374999999996630473, 0.1093749999999598932, 0.1171874999999567013, 0.1210937499999551054, 0.1249999999999535094, 0.1874999999999273637, 0.2187499999999138744, 0.2343749999999072409, 0.2421874999999044098, 0.2460937499999030498, 0.2480468749999023004, 0.2499999999999015510, 0.3749999999999262257, 0.4374999999999396039, 0.4687499999999463207, 0.4843749999999492628, 0.4921874999999512612, 0.4960937499999513722, 0.4980468749999514277, 0.4990234374999518718, 0.4999999999999522604, 0.6249999999999252820, 0.6874999999999111822, 0.7187499999999047429, 0.7343749999999014122, 0.7421874999999003020, 0.7460937499999003020, 0.7480468749998997469, 0.7490234374998991917, 0.7499999999998985256, 0.8749999999999492628, 1.000000000000000000 ),
 .UNSPECIFIED. ) ;
#910 = ORIENTED_EDGE ( 'NONE', *, *, #4021, .F. ) ;
#911 = CARTESIAN_POINT ( 'NONE',  ( 4.638564266609307651, -4.049999999999983835, -38.58375293151531338 ) ) ;
#912 = DIRECTION ( 'NONE',  ( -1.000000000000000000, 3.212450881438532241E-16, -0.000000000000000000 ) ) ;
#913 = DIRECTION ( 'NONE',  ( -3.212450881438532241E-16, -1.000000000000000000, 2.040851148208007259E-16 ) ) ;
#914 = UNCERTAINTY_MEASURE_WITH_UNIT (LENGTH_MEASURE( 1.000000000000000082E-05 ), #2486, 'distance_accuracy_value', 'NONE');
#915 = VECTOR ( 'NONE', #2443, 1000.000000000000000 ) ;
#916 = UNCERTAINTY_MEASURE_WITH_UNIT (LENGTH_MEASURE( 1.000000000000000082E-05 ), #5087, 'distance_accuracy_value', 'NONE');
#917 = CARTESIAN_POINT ( 'NONE',  ( 32.92873889984931424, 29.16000000000018844, -113.4000000000000057 ) ) ;
#918 = CARTESIAN_POINT ( 'NONE',  ( -7.796249999999988134, 18.68536357358632571, -101.8239397116732334 ) ) ;
#919 = SURFACE_STYLE_USAGE ( .BOTH. , #1411 ) ;
#920 = EDGE_CURVE ( 'NONE', #6138, #5000, #4124, .T. ) ;
#921 = EDGE_LOOP ( 'NONE', ( #1583 ) ) ;
#922 = MECHANICAL_DESIGN_GEOMETRIC_PRESENTATION_REPRESENTATION (  '', ( #3 ), #5243 ) ;
#923 = CARTESIAN_POINT ( 'NONE',  ( -5.973749999999999893, 23.08500000000000085, -137.0924999999999727 ) ) ;
#924 = SURFACE_STYLE_USAGE ( .BOTH. , #1359 ) ;
#925 = CIRCLE ( 'NONE', #1510, 1.050000000240358666 ) ;
#926 = ADVANCED_FACE ( 'NONE', ( #5707 ), #812, .F. ) ;
#927 = CARTESIAN_POINT ( 'NONE',  ( 0.000000000000000000, 0.000000000000000000, 0.000000000000000000 ) ) ;
#928 = EDGE_LOOP ( 'NONE', ( #5822, #5537, #510, #2082, #4465, #447, #130 ) ) ;
#929 =( LENGTH_UNIT ( ) NAMED_UNIT ( * ) SI_UNIT ( .MILLI., .METRE. ) );
#930 = ORIENTED_EDGE ( 'NONE', *, *, #2442, .F. ) ;
#931 = CARTESIAN_POINT ( 'NONE',  ( 1.346932820414100895, 29.16000000000015291, -92.70901047273811457 ) ) ;
#932 = CARTESIAN_POINT ( 'NONE',  ( -10.12500000000003375, 18.02249999999999730, -98.89999999999999147 ) ) ;
#933 = CARTESIAN_POINT ( 'NONE',  ( -1.958529968691351097, 19.18082416890088737, -83.68257933050905706 ) ) ;
#934 = CONICAL_SURFACE ( 'NONE', #5044, 2.531249999999938716, 0.7853981633974433940 ) ;
#935 = CARTESIAN_POINT ( 'NONE',  ( 2.369239150974349783, 29.16000000000000369, -96.22025408137909608 ) ) ;
#936 = VERTEX_POINT ( 'NONE', #370 ) ;
#937 = CARTESIAN_POINT ( 'NONE',  ( 3.815554330462866517, -4.050000000000137490, -92.67718976682981236 ) ) ;
#938 = FACE_OUTER_BOUND ( 'NONE', #1710, .T. ) ;
#939 = COLOUR_RGB ( '',0.1019607843137254888, 0.1019607843137254888, 0.1019607843137254888 ) ;
#940 = FACE_OUTER_BOUND ( 'NONE', #1235, .T. ) ;
#941 = LINE ( 'NONE', #5710, #2548 ) ;
#942 = STYLED_ITEM ( 'NONE', ( #3956 ), #1629 ) ;
#943 = CARTESIAN_POINT ( 'NONE',  ( 2.227799725877486203, 29.16000000000000014, -41.03963957000528495 ) ) ;
#944 = ORIENTED_EDGE ( 'NONE', *, *, #1084, .T. ) ;
#945 = CARTESIAN_POINT ( 'NONE',  ( 9.207420387001928219, -4.049999999999957190, -36.51206584997516558 ) ) ;
#946 = FILL_AREA_STYLE ('',( #5684 ) ) ;
#947 = MECHANICAL_DESIGN_GEOMETRIC_PRESENTATION_REPRESENTATION (  '', ( #6201 ), #3241 ) ;
#948 = UNCERTAINTY_MEASURE_WITH_UNIT (LENGTH_MEASURE( 1.000000000000000082E-05 ), #2191, 'distance_accuracy_value', 'NONE');
#949 = AXIS2_PLACEMENT_3D ( 'NONE', #5744, #1401, #6188 ) ;
#950 = CARTESIAN_POINT ( 'NONE',  ( -8.402141187680902235, 23.60851963882885229, -93.07249577784956784 ) ) ;
#951 = SURFACE_STYLE_USAGE ( .BOTH. , #2841 ) ;
#952 = CARTESIAN_POINT ( 'NONE',  ( -7.796250000000000568, -9.948521286664769410E-14, -110.3624999999999829 ) ) ;
#953 =( GEOMETRIC_REPRESENTATION_CONTEXT ( 3 ) GLOBAL_UNCERTAINTY_ASSIGNED_CONTEXT ( ( #1428 ) ) GLOBAL_UNIT_ASSIGNED_CONTEXT ( ( #3299, #4840, #3423 ) ) REPRESENTATION_CONTEXT ( 'NONE', 'WORKASPACE' ) );
#954 = VECTOR ( 'NONE', #4119, 1000.000000000000000 ) ;
#955 = ORIENTED_EDGE ( 'NONE', *, *, #6258, .T. ) ;
#956 = CARTESIAN_POINT ( 'NONE',  ( -1.978568285091926615, 6.116828652838194991, -83.63780938860308822 ) ) ;
#957 =( NAMED_UNIT ( * ) SI_UNIT ( $, .STERADIAN. ) SOLID_ANGLE_UNIT ( ) );
#958 = STYLED_ITEM ( 'NONE', ( #6062 ), #3717 ) ;
#959 = PRESENTATION_LAYER_ASSIGNMENT (  '', '', ( #3134 ) ) ;
#960 = CARTESIAN_POINT ( 'NONE',  ( 10.62500000000000000, 28.90437868051552783, -98.42483611763802287 ) ) ;
#961 = CARTESIAN_POINT ( 'NONE',  ( -0.2012159006443698106, 1.290479364972523690, -50.67603525448417656 ) ) ;
#962 = ORIENTED_EDGE ( 'NONE', *, *, #2777, .F. ) ;
#963 =( NAMED_UNIT ( * ) SI_UNIT ( $, .STERADIAN. ) SOLID_ANGLE_UNIT ( ) );
#964 = MECHANICAL_DESIGN_GEOMETRIC_PRESENTATION_REPRESENTATION (  '', ( #2649 ), #1941 ) ;
#965 = ORIENTED_EDGE ( 'NONE', *, *, #4012, .T. ) ;
#966 = CARTESIAN_POINT ( 'NONE',  ( 3.364750116668301594, 29.16000000000001080, -92.68766132828908155 ) ) ;
#967 =( NAMED_UNIT ( * ) PLANE_ANGLE_UNIT ( ) SI_UNIT ( $, .RADIAN. ) );
#968 = EDGE_CURVE ( 'NONE', #5074, #5007, #4830, .T. ) ;
#969 = SURFACE_STYLE_FILL_AREA ( #2391 ) ;
#970 = CARTESIAN_POINT ( 'NONE',  ( 4.365973800552253259, -2.468690534342477427, -46.47374996605317676 ) ) ;
#971 = COLOUR_RGB ( '',0.1019607843137254888, 0.1019607843137254888, 0.1019607843137254888 ) ;
#972 = CARTESIAN_POINT ( 'NONE',  ( 1.528036435431704865, 29.16000000000000014, -95.27545063353906585 ) ) ;
#973 = ORIENTED_EDGE ( 'NONE', *, *, #2683, .F. ) ;
#974 = CARTESIAN_POINT ( 'NONE',  ( -7.535374800108296967, 21.97124999999999062, -101.6282571271230779 ) ) ;
#975 = CARTESIAN_POINT ( 'NONE',  ( 8.801213444043581191, 0.6120531126672217326, -90.61874999059399727 ) ) ;
#976 = CARTESIAN_POINT ( 'NONE',  ( -10.12500000000003730, 7.087499999999992362, -38.19250000000000256 ) ) ;
#977 = AXIS2_PLACEMENT_3D ( 'NONE', #788, #2615, #5060 ) ;
#978 = EDGE_CURVE ( 'NONE', #936, #5786, #3507, .T. ) ;
#979 = STYLED_ITEM ( 'NONE', ( #3202 ), #4443 ) ;
#980 = CARTESIAN_POINT ( 'NONE',  ( 2.659814543568979062, 29.16000000000000369, -40.51356804853260485 ) ) ;
#981 = CARTESIAN_POINT ( 'NONE',  ( 5.624831523287358692, 27.04345717280090611, -46.47374994800553338 ) ) ;
#982 = ORIENTED_EDGE ( 'NONE', *, *, #266, .T. ) ;
#983 = DIRECTION ( 'NONE',  ( 3.212450881438532241E-16, 1.000000000000000000, 0.000000000000000000 ) ) ;
#984 = CARTESIAN_POINT ( 'NONE',  ( -8.613981291409411156, 1.481518217014560879, -42.16004677270096579 ) ) ;
#985 = CYLINDRICAL_SURFACE ( 'NONE', #2739, 10.12499999999999467 ) ;
#986 = VECTOR ( 'NONE', #4647, 1000.000000000000000 ) ;
#987 = VERTEX_POINT ( 'NONE', #4378 ) ;
#988 = CARTESIAN_POINT ( 'NONE',  ( -1.482278005041709923, 3.812752431784372398, -84.60882937070125820 ) ) ;
#989 = DIRECTION ( 'NONE',  ( 0.000000000000000000, 0.000000000000000000, -1.000000000000000000 ) ) ;
#990 = VECTOR ( 'NONE', #1181, 1000.000000000000000 ) ;
#991 = SURFACE_STYLE_FILL_AREA ( #4841 ) ;
#992 = ORIENTED_EDGE ( 'NONE', *, *, #6264, .F. ) ;
#993 = CARTESIAN_POINT ( 'NONE',  ( -1.848039473238260788, 19.91128306139914628, -53.17269539728592775 ) ) ;
#994 = STYLED_ITEM ( 'NONE', ( #4199 ), #5709 ) ;
#995 = EDGE_LOOP ( 'NONE', ( #817, #869, #2691, #2632, #572, #1214, #1223, #1860, #732, #4014, #1026, #3221, #1868, #2110, #747 ) ) ;
#996 = CARTESIAN_POINT ( 'NONE',  ( 2.446840192435676187, 28.04903127345697200, -90.61874994933320693 ) ) ;
#997 = DIRECTION ( 'NONE',  ( 2.498001805406605174E-16, 0.000000000000000000, 1.000000000000000000 ) ) ;
#998 = UNCERTAINTY_MEASURE_WITH_UNIT (LENGTH_MEASURE( 1.000000000000000082E-05 ), #2974, 'distance_accuracy_value', 'NONE');
#999 =( GEOMETRIC_REPRESENTATION_CONTEXT ( 3 ) GLOBAL_UNCERTAINTY_ASSIGNED_CONTEXT ( ( #4645 ) ) GLOBAL_UNIT_ASSIGNED_CONTEXT ( ( #336, #2149, #5120 ) ) REPRESENTATION_CONTEXT ( 'NONE', 'WORKASPACE' ) );
#1000 = CARTESIAN_POINT ( 'NONE',  ( 3.595478647395009553, 29.16000000000000014, -97.59374590061703714 ) ) ;
#1001 = ORIENTED_EDGE ( 'NONE', *, *, #4839, .F. ) ;
#1002 = EDGE_CURVE ( 'NONE', #5690, #6192, #2010, .T. ) ;
#1003 = SURFACE_STYLE_USAGE ( .BOTH. , #877 ) ;
#1004 = CARTESIAN_POINT ( 'NONE',  ( 2.165035872661525751, -2.975752446335568457, -90.61875001831835164 ) ) ;
#1005 = DIRECTION ( 'NONE',  ( -1.000000000000000000, 0.000000000000000000, -0.000000000000000000 ) ) ;
#1006 = UNCERTAINTY_MEASURE_WITH_UNIT (LENGTH_MEASURE( 1.000000000000000082E-05 ), #1644, 'distance_accuracy_value', 'NONE');
#1007 = EDGE_CURVE ( 'NONE', #5887, #5763, #5168, .T. ) ;
#1008 = ADVANCED_FACE ( 'NONE', ( #71 ), #934, .T. ) ;
#1009 = CARTESIAN_POINT ( 'NONE',  ( 7.127597562415692423, 26.10511756943212802, -46.47375002982953163 ) ) ;
#1010 = EDGE_LOOP ( 'NONE', ( #5771, #1721, #4115, #1965 ) ) ;
#1011 = DIRECTION ( 'NONE',  ( 1.000000000000000000, 0.000000000000000000, 0.000000000000000000 ) ) ;
#1012 = DIRECTION ( 'NONE',  ( 1.000000000000000000, 0.000000000000000000, 0.000000000000000000 ) ) ;
#1013 = PRESENTATION_STYLE_ASSIGNMENT (( #919 ) ) ;
#1014 = VERTEX_POINT ( 'NONE', #3348 ) ;
#1015 = CARTESIAN_POINT ( 'NONE',  ( -6.102714662081558217, 21.97124999999999773, -35.19250000000000256 ) ) ;
#1016 =( LENGTH_UNIT ( ) NAMED_UNIT ( * ) SI_UNIT ( .MILLI., .METRE. ) );
#1017 = CARTESIAN_POINT ( 'NONE',  ( -5.973749999999990123, 21.97125000000000128, -35.19250000000000256 ) ) ;
#1018 = EDGE_LOOP ( 'NONE', ( #2382, #2172, #4742, #3343 ) ) ;
#1019 = VERTEX_POINT ( 'NONE', #976 ) ;
#1020 = CARTESIAN_POINT ( 'NONE',  ( 2.595112484789542151, 29.16000000000010672, -92.70048708671581039 ) ) ;
#1021 = CARTESIAN_POINT ( 'NONE',  ( 1.012499999999961542, 7.087499999999992362, -46.47374999999998835 ) ) ;
#1022 = VECTOR ( 'NONE', #2744, 1000.000000000000000 ) ;
#1023 = DIRECTION ( 'NONE',  ( 0.000000000000000000, 0.000000000000000000, 1.000000000000000000 ) ) ;
#1024 = CARTESIAN_POINT ( 'NONE',  ( 1.595252968564123242, -3.024759260619677370, -46.47375001831833430 ) ) ;
#1025 = AXIS2_PLACEMENT_3D ( 'NONE', #3907, #4386, #2899 ) ;
#1026 = ORIENTED_EDGE ( 'NONE', *, *, #576, .T. ) ;
#1027 = DIRECTION ( 'NONE',  ( 0.000000000000000000, 0.000000000000000000, -1.000000000000000000 ) ) ;
#1028 = CARTESIAN_POINT ( 'NONE',  ( 10.99999668998610325, 5.421243902490707534, -90.61874999991211155 ) ) ;
#1029 = CARTESIAN_POINT ( 'NONE',  ( 10.62499999999999822, 28.81080100049268822, -39.05291277486291079 ) ) ;
#1030 =( GEOMETRIC_REPRESENTATION_CONTEXT ( 3 ) GLOBAL_UNCERTAINTY_ASSIGNED_CONTEXT ( ( #5589 ) ) GLOBAL_UNIT_ASSIGNED_CONTEXT ( ( #4695, #422, #5636 ) ) REPRESENTATION_CONTEXT ( 'NONE', 'WORKASPACE' ) );
#1031 = EDGE_CURVE ( 'NONE', #6182, #2328, #3427, .T. ) ;
#1032 = FACE_OUTER_BOUND ( 'NONE', #5240, .T. ) ;
#1033 = CARTESIAN_POINT ( 'NONE',  ( 9.918654630622485868, 29.16000000000003922, -45.34768593421721050 ) ) ;
#1034 = ORIENTED_EDGE ( 'NONE', *, *, #4723, .F. ) ;
#1035 = MECHANICAL_DESIGN_GEOMETRIC_PRESENTATION_REPRESENTATION (  '', ( #1613 ), #5360 ) ;
#1036 = SURFACE_SIDE_STYLE ('',( #1522 ) ) ;
#1037 = ADVANCED_FACE ( 'NONE', ( #1545, #938 ), #465, .F. ) ;
#1038 = CARTESIAN_POINT ( 'NONE',  ( -0.1966663037224417043, 23.82603084852284780, -86.42190739732443205 ) ) ;
#1039 = VECTOR ( 'NONE', #2268, 1000.000000000000000 ) ;
#1040 = CARTESIAN_POINT ( 'NONE',  ( 10.12500000000000000, -4.049999999999950973, -37.16650842017332224 ) ) ;
#1041 = ORIENTED_EDGE ( 'NONE', *, *, #1382, .T. ) ;
#1042 = CARTESIAN_POINT ( 'NONE',  ( -1.917293216995382021, 5.603440183058363111, -83.77368930192875496 ) ) ;
#1043 = VECTOR ( 'NONE', #4745, 1000.000000000000000 ) ;
#1044 = UNCERTAINTY_MEASURE_WITH_UNIT (LENGTH_MEASURE( 1.000000000000000082E-05 ), #2559, 'distance_accuracy_value', 'NONE');
#1045 = ADVANCED_FACE ( 'NONE', ( #4504 ), #5047, .F. ) ;
#1046 = CARTESIAN_POINT ( 'NONE',  ( 10.62500000000000000, -4.049999999999950973, -36.39402376808406814 ) ) ;
#1047 = VECTOR ( 'NONE', #4662, 1000.000000000000000 ) ;
#1048 = CARTESIAN_POINT ( 'NONE',  ( 9.665242824949338285, 28.14749999999999019, -40.91865700703984743 ) ) ;
#1049 = VECTOR ( 'NONE', #4091, 999.9999999999998863 ) ;
#1050 = LINE ( 'NONE', #4872, #1858 ) ;
#1051 = EDGE_LOOP ( 'NONE', ( #2851, #1392, #3359, #1267, #3090, #1969 ) ) ;
#1052 = DIRECTION ( 'NONE',  ( 0.000000000000000000, -1.885568995626964780E-16, 1.000000000000000000 ) ) ;
#1053 = SURFACE_STYLE_USAGE ( .BOTH. , #4940 ) ;
#1054 = AXIS2_PLACEMENT_3D ( 'NONE', #3870, #3893, #3777 ) ;
#1055 = FILL_AREA_STYLE_COLOUR ( '', #5593 ) ;
#1056 = CARTESIAN_POINT ( 'NONE',  ( 1.128390649127373857, -4.050000000000005151, -42.04756902449828004 ) ) ;
#1057 = COLOUR_RGB ( '',0.1019607843137254888, 0.1019607843137254888, 0.1019607843137254888 ) ;
#1058 = SURFACE_STYLE_USAGE ( .BOTH. , #5371 ) ;
#1059 = ORIENTED_EDGE ( 'NONE', *, *, #109, .F. ) ;
#1060 = DIRECTION ( 'NONE',  ( 0.000000000000000000, 1.885568995626965026E-16, -1.000000000000000000 ) ) ;
#1061 = CARTESIAN_POINT ( 'NONE',  ( 8.646844020901625072, -4.049999999999756461, -92.17637799162879730 ) ) ;
#1062 = DIRECTION ( 'NONE',  ( 1.000000000000000000, 1.791184733892999759E-15, 0.000000000000000000 ) ) ;
#1063 = DIRECTION ( 'NONE',  ( -1.000000000000000000, 0.000000000000000000, 0.000000000000000000 ) ) ;
#1064 = CARTESIAN_POINT ( 'NONE',  ( 11.02899686258718503, 29.16000000000165926, -46.26539387000642023 ) ) ;
#1065 = ORIENTED_EDGE ( 'NONE', *, *, #734, .F. ) ;
#1066 = LINE ( 'NONE', #650, #1873 ) ;
#1067 = DIRECTION ( 'NONE',  ( 0.000000000000000000, -0.7071067811865460184, -0.7071067811865489050 ) ) ;
#1068 = LINE ( 'NONE', #2962, #1043 ) ;
#1069 = CARTESIAN_POINT ( 'NONE',  ( -1.133133377487759663, 22.17761633336265348, -85.17014574186305254 ) ) ;
#1070 = CIRCLE ( 'NONE', #1555, 10.12500000000000000 ) ;
#1071 = CARTESIAN_POINT ( 'NONE',  ( 1.012499999999955547, -3.037499999999999645, -137.0924999999999727 ) ) ;
#1072 =( NAMED_UNIT ( * ) SI_UNIT ( $, .STERADIAN. ) SOLID_ANGLE_UNIT ( ) );
#1073 = DIRECTION ( 'NONE',  ( 0.000000000000000000, 1.267249292515524055E-16, -1.000000000000000000 ) ) ;
#1074 = ORIENTED_EDGE ( 'NONE', *, *, #4824, .T. ) ;
#1075 = ADVANCED_FACE ( 'NONE', ( #1577 ), #4915, .F. ) ;
#1076 = VECTOR ( 'NONE', #2284, 1000.000000000000000 ) ;
#1077 = CARTESIAN_POINT ( 'NONE',  ( -0.2184361612680586484, 1.315212351373082456, -86.39582433493588098 ) ) ;
#1078 = SURFACE_SIDE_STYLE ('',( #4522 ) ) ;
#1079 = SURFACE_SIDE_STYLE ('',( #1656 ) ) ;
#1080 = AXIS2_PLACEMENT_3D ( 'NONE', #2453, #75, #1985 ) ;
#1081 = SURFACE_STYLE_USAGE ( .BOTH. , #4426 ) ;
#1082 = DIRECTION ( 'NONE',  ( -1.000000000000000000, -0.000000000000000000, -0.000000000000000000 ) ) ;
#1083 = ORIENTED_EDGE ( 'NONE', *, *, #2894, .T. ) ;
#1084 = EDGE_CURVE ( 'NONE', #461, #3722, #3502, .T. ) ;
#1085 = CARTESIAN_POINT ( 'NONE',  ( -1.317305639569887690E-15, -2.986747800704538047, -23.69249999999999190 ) ) ;
#1086 = COLOUR_RGB ( '',0.1019607843137254888, 0.1019607843137254888, 0.1019607843137254888 ) ;
#1087 = CARTESIAN_POINT ( 'NONE',  ( -5.973749999999992788, 3.673940397442059375E-16, -26.69249999999999901 ) ) ;
#1088 =( NAMED_UNIT ( * ) PLANE_ANGLE_UNIT ( ) SI_UNIT ( $, .RADIAN. ) );
#1089 = COLOUR_RGB ( '',0.1019607843137254888, 0.1019607843137254888, 0.1019607843137254888 ) ;
#1090 = LINE ( 'NONE', #3960, #5513 ) ;
#1091 = EDGE_LOOP ( 'NONE', ( #2387, #1304, #255, #553, #4087, #69, #1698, #2734, #4724, #240 ) ) ;
#1092 = CARTESIAN_POINT ( 'NONE',  ( -10.12500000000003553, 11.43500000000000227, -98.89999999999999147 ) ) ;
#1093 = CARTESIAN_POINT ( 'NONE',  ( 9.730663367754262438, -4.049999999999950084, -100.6640637873556869 ) ) ;
#1094 = CARTESIAN_POINT ( 'NONE',  ( -51.32951142158430713, 21.97125000000000128, -35.19250000000000256 ) ) ;
#1095 = CARTESIAN_POINT ( 'NONE',  ( 7.054348704946945325, 29.16000000000002146, -37.16060155446589874 ) ) ;
#1096 = VERTEX_POINT ( 'NONE', #5932 ) ;
#1097 =( NAMED_UNIT ( * ) PLANE_ANGLE_UNIT ( ) SI_UNIT ( $, .RADIAN. ) );
#1098 =( LENGTH_UNIT ( ) NAMED_UNIT ( * ) SI_UNIT ( .MILLI., .METRE. ) );
#1099 = SURFACE_STYLE_FILL_AREA ( #81 ) ;
#1100 = CARTESIAN_POINT ( 'NONE',  ( -1.518749999999894573, 1.325785383128680250E-14, -83.02500000000000568 ) ) ;
#1101 = ORIENTED_EDGE ( 'NONE', *, *, #3214, .F. ) ;
#1102 = CARTESIAN_POINT ( 'NONE',  ( -1.978568285100073654, 18.99317134707902710, -53.45469061139689870 ) ) ;
#1103 = CARTESIAN_POINT ( 'NONE',  ( 1.012499999999961542, -3.037499999999999645, -113.3999999999999915 ) ) ;
#1104 = UNCERTAINTY_MEASURE_WITH_UNIT (LENGTH_MEASURE( 1.000000000000000082E-05 ), #660, 'distance_accuracy_value', 'NONE');
#1105 = DIRECTION ( 'NONE',  ( 4.510281037539699678E-17, 1.000000000000000000, 1.885568995626964780E-16 ) ) ;
#1106 = ADVANCED_FACE ( 'NONE', ( #5433 ), #1117, .T. ) ;
#1107 = CARTESIAN_POINT ( 'NONE',  ( -1.822474507492743090, 5.063336920573267008, -53.11964011767464200 ) ) ;
#1108 = ORIENTED_EDGE ( 'NONE', *, *, #5197, .F. ) ;
#1109 = LINE ( 'NONE', #4399, #2793 ) ;
#1110 = ORIENTED_EDGE ( 'NONE', *, *, #2324, .T. ) ;
#1111 = EDGE_CURVE ( 'NONE', #1935, #1956, #2713, .T. ) ;
#1112 = CARTESIAN_POINT ( 'NONE',  ( 10.52882189869619012, 3.625091548011942777, -46.47375000129461142 ) ) ;
#1113 = ORIENTED_EDGE ( 'NONE', *, *, #1302, .T. ) ;
#1114 = SURFACE_STYLE_FILL_AREA ( #1489 ) ;
#1115 = VECTOR ( 'NONE', #3001, 1000.000000000000000 ) ;
#1116 = CARTESIAN_POINT ( 'NONE',  ( 3.135276948313215684, -4.049999999999990941, -97.10923230674787021 ) ) ;
#1117 = CYLINDRICAL_SURFACE ( 'NONE', #3015, 3.000000000000000888 ) ;
#1118 = SURFACE_STYLE_USAGE ( .BOTH. , #3503 ) ;
#1119 = DIRECTION ( 'NONE',  ( -1.000000000000000000, 4.510281037539699678E-17, 0.000000000000000000 ) ) ;
#1120 = ADVANCED_FACE ( 'NONE', ( #6179 ), #2266, .T. ) ;
#1121 =( LENGTH_UNIT ( ) NAMED_UNIT ( * ) SI_UNIT ( .MILLI., .METRE. ) );
#1122 = CARTESIAN_POINT ( 'NONE',  ( 10.19083460900543159, 29.16000000000003922, -36.38802911105115356 ) ) ;
#1123 = ORIENTED_EDGE ( 'NONE', *, *, #5919, .T. ) ;
#1124 = CARTESIAN_POINT ( 'NONE',  ( 0.000000000000000000, -2.986747800704527389, 0.05075219929546743308 ) ) ;
#1125 = PLANE ( 'NONE',  #949 ) ;
#1126 =( NAMED_UNIT ( * ) SI_UNIT ( $, .STERADIAN. ) SOLID_ANGLE_UNIT ( ) );
#1127 = FACE_OUTER_BOUND ( 'NONE', #3123, .T. ) ;
#1128 = VECTOR ( 'NONE', #1348, 1000.000000000000000 ) ;
#1129 = ORIENTED_EDGE ( 'NONE', *, *, #2501, .T. ) ;
#1130 = CARTESIAN_POINT ( 'NONE',  ( -2.003988320630661679, 18.68136800206840320, -53.51236253856202296 ) ) ;
#1131 = CARTESIAN_POINT ( 'NONE',  ( 2.227799725877294801, 29.16000000000000369, -96.05286042999429696 ) ) ;
#1132 = AXIS2_PLACEMENT_3D ( 'NONE', #1021, #423, #4249 ) ;
#1133 = CARTESIAN_POINT ( 'NONE',  ( 20.25000000000000000, 0.000000000000000000, -45.96750000000000114 ) ) ;
#1134 = PLANE ( 'NONE',  #4854 ) ;
#1135 = CARTESIAN_POINT ( 'NONE',  ( 7.208409534161668297, 28.14749999999999019, -42.17064414022651420 ) ) ;
#1136 = CARTESIAN_POINT ( 'NONE',  ( -1.858013084527438297, 5.247216536051265479, -53.19312087406942169 ) ) ;
#1137 = VECTOR ( 'NONE', #1995, 1000.000000000000000 ) ;
#1138 =( GEOMETRIC_REPRESENTATION_CONTEXT ( 3 ) GLOBAL_UNCERTAINTY_ASSIGNED_CONTEXT ( ( #16 ) ) GLOBAL_UNIT_ASSIGNED_CONTEXT ( ( #2738, #432, #3686 ) ) REPRESENTATION_CONTEXT ( 'NONE', 'WORKASPACE' ) );
#1139 = ORIENTED_EDGE ( 'NONE', *, *, #3529, .T. ) ;
#1140 = EDGE_LOOP ( 'NONE', ( #4501, #2285, #2878, #5925 ) ) ;
#1141 = FACE_OUTER_BOUND ( 'NONE', #2185, .T. ) ;
#1142 = CARTESIAN_POINT ( 'NONE',  ( -10.12500000000003553, 11.43500000000000227, -110.3999999999999915 ) ) ;
#1143 = LINE ( 'NONE', #670, #1837 ) ;
#1144 = STYLED_ITEM ( 'NONE', ( #5761 ), #3371 ) ;
#1145 = VECTOR ( 'NONE', #4606, 1000.000000000000114 ) ;
#1146 = CARTESIAN_POINT ( 'NONE',  ( 8.599549465186781205, 0.3735474863945372759, -46.47374998396968238 ) ) ;
#1147 = SURFACE_STYLE_FILL_AREA ( #707 ) ;
#1148 = ORIENTED_EDGE ( 'NONE', *, *, #5720, .F. ) ;
#1149 = FACE_OUTER_BOUND ( 'NONE', #1909, .T. ) ;
#1150 = MECHANICAL_DESIGN_GEOMETRIC_PRESENTATION_REPRESENTATION (  '', ( #3147 ), #4044 ) ;
#1151 =( GEOMETRIC_REPRESENTATION_CONTEXT ( 3 ) GLOBAL_UNCERTAINTY_ASSIGNED_CONTEXT ( ( #3476 ) ) GLOBAL_UNIT_ASSIGNED_CONTEXT ( ( #4909, #5926, #3498 ) ) REPRESENTATION_CONTEXT ( 'NONE', 'WORKASPACE' ) );
#1152 = CARTESIAN_POINT ( 'NONE',  ( 10.76453242201821681, -4.050000000002763834, -91.18554152088104559 ) ) ;
#1153 = EDGE_CURVE ( 'NONE', #871, #48, #4666, .T. ) ;
#1154 = DIRECTION ( 'NONE',  ( 1.000000000000000000, 0.000000000000000000, 0.000000000000000000 ) ) ;
#1155 = MECHANICAL_DESIGN_GEOMETRIC_PRESENTATION_REPRESENTATION (  '', ( #4353 ), #5804 ) ;
#1156 = FACE_OUTER_BOUND ( 'NONE', #2999, .T. ) ;
#1157 = CARTESIAN_POINT ( 'NONE',  ( 10.45795950726183854, 21.67706373719962087, -46.47374999749906976 ) ) ;
#1158 = ORIENTED_EDGE ( 'NONE', *, *, #5955, .T. ) ;
#1159 = ADVANCED_FACE ( 'NONE', ( #5604 ), #742, .T. ) ;
#1160 = VECTOR ( 'NONE', #2588, 1000.000000000000000 ) ;
#1161 = FACE_OUTER_BOUND ( 'NONE', #214, .T. ) ;
#1162 = CARTESIAN_POINT ( 'NONE',  ( 0.000000000000000000, 0.000000000000000000, -23.69249999999999901 ) ) ;
#1163 = SURFACE_STYLE_USAGE ( .BOTH. , #2055 ) ;
#1164 = AXIS2_PLACEMENT_3D ( 'NONE', #552, #1607, #3902 ) ;
#1165 = CARTESIAN_POINT ( 'NONE',  ( -40.50000000000000000, 2.024999999999999911, -26.73000000000000043 ) ) ;
#1166 = LINE ( 'NONE', #4454, #1465 ) ;
#1167 = ORIENTED_EDGE ( 'NONE', *, *, #839, .F. ) ;
#1168 = CARTESIAN_POINT ( 'NONE',  ( 10.12500000000000178, 29.16000000000004277, -36.39402376808405393 ) ) ;
#1169 = PLANE ( 'NONE',  #2800 ) ;
#1170 = SURFACE_STYLE_FILL_AREA ( #6103 ) ;
#1171 = COLOUR_RGB ( '',0.1019607843137254888, 0.1019607843137254888, 0.1019607843137254888 ) ;
#1172 =( NAMED_UNIT ( * ) PLANE_ANGLE_UNIT ( ) SI_UNIT ( $, .RADIAN. ) );
#1173 = DIRECTION ( 'NONE',  ( 6.938893903907279222E-18, -1.000000000000000000, -1.885568995626964780E-16 ) ) ;
#1174 = CARTESIAN_POINT ( 'NONE',  ( -1.430899130517030216, 3.653663302338462149, -52.39312976616565010 ) ) ;
#1175 = ORIENTED_EDGE ( 'NONE', *, *, #6187, .F. ) ;
#1176 = DIRECTION ( 'NONE',  ( 1.000000000000000000, 3.922054542492255428E-16, 0.000000000000000000 ) ) ;
#1177 = DIRECTION ( 'NONE',  ( 5.165278571223799760E-17, 1.000000000000000000, 0.000000000000000000 ) ) ;
#1178 = CARTESIAN_POINT ( 'NONE',  ( -7.756007213317451132, 2.024999999999999911, -26.69249999999999901 ) ) ;
#1179 = CARTESIAN_POINT ( 'NONE',  ( 10.77835238475750579, 4.405333967708589427, -46.47375000083194152 ) ) ;
#1180 = VERTEX_POINT ( 'NONE', #762 ) ;
#1181 = DIRECTION ( 'NONE',  ( 0.000000000000000000, 0.000000000000000000, -1.000000000000000000 ) ) ;
#1182 = VECTOR ( 'NONE', #1978, 1000.000000000000000 ) ;
#1183 = SURFACE_STYLE_USAGE ( .BOTH. , #3649 ) ;
#1184 = CARTESIAN_POINT ( 'NONE',  ( 31.87499999999997158, 2.149999999998865707, -42.99999999999658229 ) ) ;
#1185 = FACE_OUTER_BOUND ( 'NONE', #5404, .T. ) ;
#1186 = PRESENTATION_LAYER_ASSIGNMENT (  '', '', ( #4287 ) ) ;
#1187 = ADVANCED_FACE ( 'NONE', ( #1713 ), #6069, .F. ) ;
#1188 = VERTEX_POINT ( 'NONE', #1838 ) ;
#1189 = CARTESIAN_POINT ( 'NONE',  ( -6.769345336911523958, 22.58500000000000441, -101.7900740948235807 ) ) ;
#1190 = ORIENTED_EDGE ( 'NONE', *, *, #5556, .F. ) ;
#1191 = DIRECTION ( 'NONE',  ( -1.000000000000000000, 3.212450881438532241E-16, -0.000000000000000000 ) ) ;
#1192 = VECTOR ( 'NONE', #1250, 1000.000000000000000 ) ;
#1193 = FILL_AREA_STYLE ('',( #4446 ) ) ;
#1194 =( NAMED_UNIT ( * ) SI_UNIT ( $, .STERADIAN. ) SOLID_ANGLE_UNIT ( ) );
#1195 = CARTESIAN_POINT ( 'NONE',  ( 1.012499999999973754, 25.25319628389963000, -49.36805371610030591 ) ) ;
#1196 = EDGE_CURVE ( 'NONE', #1019, #3564, #5227, .T. ) ;
#1197 = ORIENTED_EDGE ( 'NONE', *, *, #3206, .T. ) ;
#1198 = CARTESIAN_POINT ( 'NONE',  ( -1.146869353738575015, 22.14694436844795078, -51.94322507264948285 ) ) ;
#1199 = DIRECTION ( 'NONE',  ( 0.000000000000000000, 0.7071067811865510144, -0.7071067811865441310 ) ) ;
#1200 = CARTESIAN_POINT ( 'NONE',  ( 6.632369389441524099, 29.16000000000002856, -99.74171187244789394 ) ) ;
#1201 = SURFACE_SIDE_STYLE ('',( #3605 ) ) ;
#1202 = SURFACE_STYLE_FILL_AREA ( #3037 ) ;
#1203 = EDGE_CURVE ( 'NONE', #5713, #4906, #2310, .T. ) ;
#1204 = SURFACE_STYLE_FILL_AREA ( #2663 ) ;
#1205 = PLANE ( 'NONE',  #4873 ) ;
#1206 = EDGE_LOOP ( 'NONE', ( #2454, #3581, #399, #3714, #5815, #3953 ) ) ;
#1207 = CARTESIAN_POINT ( 'NONE',  ( -8.796851950468747461, 22.87245112196317720, -44.05019458303687685 ) ) ;
#1208 = CARTESIAN_POINT ( 'NONE',  ( 6.712246415324906401, -1.303414582293477952, -46.47374993541495058 ) ) ;
#1209 = LINE ( 'NONE', #673, #897 ) ;
#1210 = ORIENTED_EDGE ( 'NONE', *, *, #3097, .F. ) ;
#1211 = CARTESIAN_POINT ( 'NONE',  ( 10.62500000000000178, 29.07498275106006957, -99.17525110753278739 ) ) ;
#1212 = PRESENTATION_STYLE_ASSIGNMENT (( #2144 ) ) ;
#1213 = CIRCLE ( 'NONE', #3002, 11.13749999999999396 ) ;
#1214 = ORIENTED_EDGE ( 'NONE', *, *, #6136, .F. ) ;
#1215 = DIRECTION ( 'NONE',  ( 0.000000000000000000, -0.000000000000000000, -1.000000000000000000 ) ) ;
#1216 = ORIENTED_EDGE ( 'NONE', *, *, #1272, .F. ) ;
#1217 = CARTESIAN_POINT ( 'NONE',  ( 10.12500000000000000, 28.14749999999999019, -96.25054039609378265 ) ) ;
#1218 = EDGE_CURVE ( 'NONE', #1956, #5027, #6234, .T. ) ;
#1219 =( LENGTH_UNIT ( ) NAMED_UNIT ( * ) SI_UNIT ( .MILLI., .METRE. ) );
#1220 = COLOUR_RGB ( '',0.1019607843137254888, 0.1019607843137254888, 0.1019607843137254888 ) ;
#1221 =( NAMED_UNIT ( * ) PLANE_ANGLE_UNIT ( ) SI_UNIT ( $, .RADIAN. ) );
#1222 = LINE ( 'NONE', #3631, #4988 ) ;
#1223 = ORIENTED_EDGE ( 'NONE', *, *, #2501, .F. ) ;
#1224 = VECTOR ( 'NONE', #1067, 1000.000000000000114 ) ;
#1225 = DIRECTION ( 'NONE',  ( -0.000000000000000000, 1.885568995626964780E-16, -1.000000000000000000 ) ) ;
#1226 = FILL_AREA_STYLE_COLOUR ( '', #1315 ) ;
#1227 = EDGE_CURVE ( 'NONE', #769, #3592, #2344, .T. ) ;
#1228 = CARTESIAN_POINT ( 'NONE',  ( 5.817704853811178189, 29.16000000000002146, -99.30938257975591910 ) ) ;
#1229 = UNCERTAINTY_MEASURE_WITH_UNIT (LENGTH_MEASURE( 1.000000000000000082E-05 ), #1904, 'distance_accuracy_value', 'NONE');
#1230 = UNCERTAINTY_MEASURE_WITH_UNIT (LENGTH_MEASURE( 1.000000000000000082E-05 ), #6075, 'distance_accuracy_value', 'NONE');
#1231 =( LENGTH_UNIT ( ) NAMED_UNIT ( * ) SI_UNIT ( .MILLI., .METRE. ) );
#1232 = MECHANICAL_DESIGN_GEOMETRIC_PRESENTATION_REPRESENTATION (  '', ( #3125 ), #1810 ) ;
#1233 = SURFACE_STYLE_FILL_AREA ( #3668 ) ;
#1234 = FACE_OUTER_BOUND ( 'NONE', #1091, .T. ) ;
#1235 = EDGE_LOOP ( 'NONE', ( #6025, #1432, #1507, #693 ) ) ;
#1236 = SURFACE_STYLE_USAGE ( .BOTH. , #1508 ) ;
#1237 = STYLED_ITEM ( 'NONE', ( #5017 ), #1335 ) ;
#1238 = EDGE_CURVE ( 'NONE', #3652, #5218, #3260, .T. ) ;
#1239 = CARTESIAN_POINT ( 'NONE',  ( -9.487188606279888248, 21.59381863039677185, -43.04309538476332619 ) ) ;
#1240 = CARTESIAN_POINT ( 'NONE',  ( -9.056383252468648948, 2.933057837408087565, -92.81267450652515549 ) ) ;
#1241 = CARTESIAN_POINT ( 'NONE',  ( 11.03219711801272673, 5.627305085715683219, -46.47374999991228606 ) ) ;
#1242 = AXIS2_PLACEMENT_3D ( 'NONE', #6162, #5651, #4172 ) ;
#1243 = ORIENTED_EDGE ( 'NONE', *, *, #109, .T. ) ;
#1244 = SURFACE_SIDE_STYLE ('',( #5603 ) ) ;
#1245 =( LENGTH_UNIT ( ) NAMED_UNIT ( * ) SI_UNIT ( .MILLI., .METRE. ) );
#1246 = CARTESIAN_POINT ( 'NONE',  ( 20.25000000000000000, 28.14749999999999375, -90.61874999999999147 ) ) ;
#1247 = CARTESIAN_POINT ( 'NONE',  ( 0.000000000000000000, 28.09674780070452726, -137.1432521992954605 ) ) ;
#1248 = STYLED_ITEM ( 'NONE', ( #1790 ), #3323 ) ;
#1249 = ORIENTED_EDGE ( 'NONE', *, *, #2516, .T. ) ;
#1250 = DIRECTION ( 'NONE',  ( -1.000000000000000000, -0.000000000000000000, -0.000000000000000000 ) ) ;
#1251 = CARTESIAN_POINT ( 'NONE',  ( -5.973749999999999005, 23.85999999999999233, -1.542804143242414537E-15 ) ) ;
#1252 = CARTESIAN_POINT ( 'NONE',  ( 2.929785006851996165, 27.13251149124992168, -89.60376149124995493 ) ) ;
#1253 = CIRCLE ( 'NONE', #3643, 3.000000000000002665 ) ;
#1254 =( GEOMETRIC_REPRESENTATION_CONTEXT ( 3 ) GLOBAL_UNCERTAINTY_ASSIGNED_CONTEXT ( ( #4992 ) ) GLOBAL_UNIT_ASSIGNED_CONTEXT ( ( #3957, #5498, #2600 ) ) REPRESENTATION_CONTEXT ( 'NONE', 'WORKASPACE' ) );
#1255 = B_SPLINE_CURVE_WITH_KNOTS ( 'NONE', 3,
 ( #1987, #111, #617, #5759, #3297, #2351, #587, #4894, #5412, #1417, #3327, #2485, #4415, #4387, #2019, #3734, #2519, #3936, #79, #2458 ),
 .UNSPECIFIED., .F., .F.,
 ( 4, 2, 2, 2, 2, 2, 2, 2, 2, 4 ),
 ( 0.000000000000000000, 0.001381990502438193739, 0.002763981004876387478, 0.005527962009752777559, 0.006909952512190974117, 0.008291943014629170675, 0.009673933517067365498, 0.01036492876828646464, 0.01071042639389599947, 0.01105592401950553257 ),
 .UNSPECIFIED. ) ;
#1256 = CARTESIAN_POINT ( 'NONE',  ( 1.012499999999961542, 18.02249999999999730, -98.89999999999999147 ) ) ;
#1257 = AXIS2_PLACEMENT_3D ( 'NONE', #3229, #6135, #1719 ) ;
#1258 = VERTEX_POINT ( 'NONE', #4233 ) ;
#1259 = CARTESIAN_POINT ( 'NONE',  ( -7.256125092274576360, 21.97124999999999773, -35.36065806132550904 ) ) ;
#1260 = CARTESIAN_POINT ( 'NONE',  ( 4.302999391113055516, 29.16000000000001435, -98.23730114405773861 ) ) ;
#1261 = DIRECTION ( 'NONE',  ( 2.498001805406600244E-16, 0.000000000000000000, 1.000000000000000000 ) ) ;
#1262 = VECTOR ( 'NONE', #2966, 1000.000000000000000 ) ;
#1263 = FILL_AREA_STYLE_COLOUR ( '', #5693 ) ;
#1264 = DIRECTION ( 'NONE',  ( -1.000000000000000000, 0.000000000000000000, 0.000000000000000000 ) ) ;
#1265 = EDGE_CURVE ( 'NONE', #3513, #4149, #380, .T. ) ;
#1266 = DIRECTION ( 'NONE',  ( -3.212450881438532241E-16, -1.000000000000000000, 0.000000000000000000 ) ) ;
#1267 = ORIENTED_EDGE ( 'NONE', *, *, #1638, .T. ) ;
#1268 = VECTOR ( 'NONE', #1402, 999.9999999999998863 ) ;
#1269 = CARTESIAN_POINT ( 'NONE',  ( -40.50000000000000000, 2.024999999999999911, 0.000000000000000000 ) ) ;
#1270 = CARTESIAN_POINT ( 'NONE',  ( -9.336191185483766475, 3.151320960121825721, -93.87299514237756171 ) ) ;
#1271 = DIRECTION ( 'NONE',  ( 0.000000000000000000, 0.7071067811865477948, -0.7071067811865473507 ) ) ;
#1272 = EDGE_CURVE ( 'NONE', #5763, #5358, #5196, .T. ) ;
#1273 = CARTESIAN_POINT ( 'NONE',  ( 0.000000000000000000, 0.000000000000000000, 0.000000000000000000 ) ) ;
#1274 = VERTEX_POINT ( 'NONE', #2279 ) ;
#1275 =( GEOMETRIC_REPRESENTATION_CONTEXT ( 3 ) GLOBAL_UNCERTAINTY_ASSIGNED_CONTEXT ( ( #27 ) ) GLOBAL_UNIT_ASSIGNED_CONTEXT ( ( #3883, #5755, #21 ) ) REPRESENTATION_CONTEXT ( 'NONE', 'WORKASPACE' ) );
#1276 = CARTESIAN_POINT ( 'NONE',  ( -9.040954395695560919, 22.81618061603516878, -41.96018272506165658 ) ) ;
#1277 = TOROIDAL_SURFACE ( 'NONE', #1958, 8.137499999999995737, 3.000000000000000000 ) ;
#1278 = ORIENTED_EDGE ( 'NONE', *, *, #4797, .F. ) ;
#1279 = CARTESIAN_POINT ( 'NONE',  ( -49.50701142158430912, 0.000000000000000000, -23.69249999999999901 ) ) ;
#1280 = LINE ( 'NONE', #1704, #1192 ) ;
#1281 = DIRECTION ( 'NONE',  ( -1.000000000000000000, 5.165278571223809621E-17, -2.582639285611905427E-16 ) ) ;
#1282 = CARTESIAN_POINT ( 'NONE',  ( -101.2500000000000000, 22.07249999999999801, -137.0924999999999727 ) ) ;
#1283 = VECTOR ( 'NONE', #5569, 1000.000000000000000 ) ;
#1284 = CARTESIAN_POINT ( 'NONE',  ( 10.62500000000000000, 28.48037825301807757, -40.14515396493453636 ) ) ;
#1285 = DIRECTION ( 'NONE',  ( 0.000000000000000000, 1.000000000000000000, 0.000000000000000000 ) ) ;
#1286 = CARTESIAN_POINT ( 'NONE',  ( 1.346932820414030063, 29.15999999999978698, -44.38348952726203578 ) ) ;
#1287 = COLOUR_RGB ( '',0.1019607843137254888, 0.1019607843137254888, 0.1019607843137254888 ) ;
#1288 = ORIENTED_EDGE ( 'NONE', *, *, #1372, .T. ) ;
#1289 = CARTESIAN_POINT ( 'NONE',  ( 1.012499999999961542, -4.050000000000006928, -42.06036481966481944 ) ) ;
#1290 = CARTESIAN_POINT ( 'NONE',  ( -9.361746717139720175, 3.054291784097305840, -42.45221802022884816 ) ) ;
#1291 = CARTESIAN_POINT ( 'NONE',  ( -8.455505452878902872, 23.86000000000000298, -37.85260979105851931 ) ) ;
#1292 = AXIS2_PLACEMENT_3D ( 'NONE', #2096, #4871, #3546 ) ;
#1293 = DIRECTION ( 'NONE',  ( -1.000000000000000000, -1.961223468999893458E-14, 0.000000000000000000 ) ) ;
#1294 = EDGE_LOOP ( 'NONE', ( #5166, #749, #5983, #312 ) ) ;
#1295 =( NAMED_UNIT ( * ) SI_UNIT ( $, .STERADIAN. ) SOLID_ANGLE_UNIT ( ) );
#1296 = ADVANCED_FACE ( 'NONE', ( #5159, #3691 ), #4950, .F. ) ;
#1297 = CARTESIAN_POINT ( 'NONE',  ( -10.11081388779038193, 6.507137749185793574, -37.89152680867481848 ) ) ;
#1298 = CARTESIAN_POINT ( 'NONE',  ( 10.62500000000000000, 29.16000000000004277, -23.69249999999998835 ) ) ;
#1299 = EDGE_LOOP ( 'NONE', ( #361, #2618, #375, #2637 ) ) ;
#1300 = SURFACE_SIDE_STYLE ('',( #1819 ) ) ;
#1301 = CARTESIAN_POINT ( 'NONE',  ( 10.62500000000000000, -3.961305402135091747, -99.15417186458940080 ) ) ;
#1302 = EDGE_CURVE ( 'NONE', #890, #3679, #102, .T. ) ;
#1303 = CARTESIAN_POINT ( 'NONE',  ( -8.965642493682530301, 22.97103427902128914, -41.99711767684403441 ) ) ;
#1304 = ORIENTED_EDGE ( 'NONE', *, *, #2636, .T. ) ;
#1305 = SURFACE_STYLE_USAGE ( .BOTH. , #5052 ) ;
#1306 = DIRECTION ( 'NONE',  ( 1.000000000000000000, 0.000000000000000000, 0.000000000000000000 ) ) ;
#1307 = EDGE_CURVE ( 'NONE', #4412, #1180, #2220, .T. ) ;
#1308 = FILL_AREA_STYLE ('',( #4702 ) ) ;
#1309 = UNCERTAINTY_MEASURE_WITH_UNIT (LENGTH_MEASURE( 1.000000000000000082E-05 ), #2171, 'distance_accuracy_value', 'NONE');
#1310 = COLOUR_RGB ( '',0.1019607843137254888, 0.1019607843137254888, 0.1019607843137254888 ) ;
#1311 = SURFACE_SIDE_STYLE ('',( #2710 ) ) ;
#1312 = FILL_AREA_STYLE ('',( #5026 ) ) ;
#1313 = ORIENTED_EDGE ( 'NONE', *, *, #4910, .F. ) ;
#1314 = CARTESIAN_POINT ( 'NONE',  ( -0.2300812918326524681, 23.77798513012951886, -50.71066806276202499 ) ) ;
#1315 = COLOUR_RGB ( '',0.1019607843137254888, 0.1019607843137254888, 0.1019607843137254888 ) ;
#1316 = DIRECTION ( 'NONE',  ( -1.000000000000000000, -0.000000000000000000, -0.000000000000000000 ) ) ;
#1317 = CARTESIAN_POINT ( 'NONE',  ( -8.388928712953562794, 23.85999999999998877, -37.52140784389057160 ) ) ;
#1318 = CARTESIAN_POINT ( 'NONE',  ( 1.012499999999961542, 18.02249999999999375, -35.19250000000000256 ) ) ;
#1319 = CARTESIAN_POINT ( 'NONE',  ( -7.796249999999990798, 21.97125000000000128, -35.26856028832671797 ) ) ;
#1320 = ORIENTED_EDGE ( 'NONE', *, *, #4677, .F. ) ;
#1321 = DIRECTION ( 'NONE',  ( 0.000000000000000000, -1.000000000000000000, 3.125627884642895048E-16 ) ) ;
#1322 = CARTESIAN_POINT ( 'NONE',  ( -8.584166019472450060, 23.64336564543276964, -42.64021554670854641 ) ) ;
#1323 = CARTESIAN_POINT ( 'NONE',  ( -9.156067778836179727, 2.543172032636938695, -42.02274871950692159 ) ) ;
#1324 = SURFACE_SIDE_STYLE ('',( #3702 ) ) ;
#1325 = CARTESIAN_POINT ( 'NONE',  ( 10.62500000000000000, -4.049999999999947420, -100.6984762319159046 ) ) ;
#1326 = VERTEX_POINT ( 'NONE', #2728 ) ;
#1327 = VERTEX_POINT ( 'NONE', #3086 ) ;
#1328 = EDGE_CURVE ( 'NONE', #4630, #4796, #5434, .T. ) ;
#1329 = FILL_AREA_STYLE ('',( #5662 ) ) ;
#1330 = ORIENTED_EDGE ( 'NONE', *, *, #3011, .T. ) ;
#1331 =( NAMED_UNIT ( * ) SI_UNIT ( $, .STERADIAN. ) SOLID_ANGLE_UNIT ( ) );
#1332 = VECTOR ( 'NONE', #997, 1000.000000000000000 ) ;
#1333 = CARTESIAN_POINT ( 'NONE',  ( -1.143216206150652559, 22.15512427119681149, -85.15483286968793664 ) ) ;
#1334 = ORIENTED_EDGE ( 'NONE', *, *, #4654, .F. ) ;
#1335 = ADVANCED_FACE ( 'NONE', ( #642 ), #3997, .F. ) ;
#1336 =( LENGTH_UNIT ( ) NAMED_UNIT ( * ) SI_UNIT ( .MILLI., .METRE. ) );
#1337 = VECTOR ( 'NONE', #2404, 1000.000000000000000 ) ;
#1338 = CIRCLE ( 'NONE', #5058, 10.12499999999999645 ) ;
#1339 = FILL_AREA_STYLE ('',( #4578 ) ) ;
#1340 = CARTESIAN_POINT ( 'NONE',  ( 1.477513472630037850, -3.037500000000000089, -90.61875044566234294 ) ) ;
#1341 = LINE ( 'NONE', #1922, #6093 ) ;
#1342 = VECTOR ( 'NONE', #5145, 1000.000000000000000 ) ;
#1343 = EDGE_CURVE ( 'NONE', #1452, #803, #236, .T. ) ;
#1344 = CARTESIAN_POINT ( 'NONE',  ( 8.599549465186374420, 24.73645251360576580, -46.47374998396984580 ) ) ;
#1345 = ORIENTED_EDGE ( 'NONE', *, *, #3056, .F. ) ;
#1346 = DIRECTION ( 'NONE',  ( 5.165278571223799760E-17, 1.000000000000000000, 0.000000000000000000 ) ) ;
#1347 =( GEOMETRIC_REPRESENTATION_CONTEXT ( 3 ) GLOBAL_UNCERTAINTY_ASSIGNED_CONTEXT ( ( #998 ) ) GLOBAL_UNIT_ASSIGNED_CONTEXT ( ( #2974, #2495, #3490 ) ) REPRESENTATION_CONTEXT ( 'NONE', 'WORKASPACE' ) );
#1348 = DIRECTION ( 'NONE',  ( 3.212450881438532241E-16, 1.000000000000000000, 0.000000000000000000 ) ) ;
#1349 = UNCERTAINTY_MEASURE_WITH_UNIT (LENGTH_MEASURE( 1.000000000000000082E-05 ), #2414, 'distance_accuracy_value', 'NONE');
#1350 = UNCERTAINTY_MEASURE_WITH_UNIT (LENGTH_MEASURE( 1.000000000000000082E-05 ), #2890, 'distance_accuracy_value', 'NONE');
#1351 = CARTESIAN_POINT ( 'NONE',  ( -8.603373121941427115, 22.98810104252772035, -92.52160507266222567 ) ) ;
#1352 = DIRECTION ( 'NONE',  ( 0.000000000000000000, 0.000000000000000000, 1.000000000000000000 ) ) ;
#1353 =( GEOMETRIC_REPRESENTATION_CONTEXT ( 3 ) GLOBAL_UNCERTAINTY_ASSIGNED_CONTEXT ( ( #4251 ) ) GLOBAL_UNIT_ASSIGNED_CONTEXT ( ( #1587, #4861, #1126 ) ) REPRESENTATION_CONTEXT ( 'NONE', 'WORKASPACE' ) );
#1354 = FACE_OUTER_BOUND ( 'NONE', #6239, .T. ) ;
#1355 = DIRECTION ( 'NONE',  ( -6.938893903907266896E-18, 1.000000000000000000, 0.000000000000000000 ) ) ;
#1356 = VERTEX_POINT ( 'NONE', #4058 ) ;
#1357 = LINE ( 'NONE', #891, #5867 ) ;
#1358 =( GEOMETRIC_REPRESENTATION_CONTEXT ( 3 ) GLOBAL_UNCERTAINTY_ASSIGNED_CONTEXT ( ( #6118 ) ) GLOBAL_UNIT_ASSIGNED_CONTEXT ( ( #4139, #3579, #5035 ) ) REPRESENTATION_CONTEXT ( 'NONE', 'WORKASPACE' ) );
#1359 = SURFACE_SIDE_STYLE ('',( #4240 ) ) ;
#1360 = CARTESIAN_POINT ( 'NONE',  ( -7.756007213317478666, 2.024999999999997247, -110.3999999999999915 ) ) ;
#1361 = FILL_AREA_STYLE ('',( #773 ) ) ;
#1362 = ORIENTED_EDGE ( 'NONE', *, *, #3330, .F. ) ;
#1363 = CARTESIAN_POINT ( 'NONE',  ( 32.92873889984950608, -4.049999999999808864, -90.61874999999999147 ) ) ;
#1364 = ORIENTED_EDGE ( 'NONE', *, *, #4320, .T. ) ;
#1365 = CARTESIAN_POINT ( 'NONE',  ( 10.62500000000000000, 2.439131062413871044E-16, -3.037499999999998757 ) ) ;
#1366 = LINE ( 'NONE', #3650, #446 ) ;
#1367 = SURFACE_STYLE_USAGE ( .BOTH. , #246 ) ;
#1368 = ORIENTED_EDGE ( 'NONE', *, *, #5988, .T. ) ;
#1369 = LINE ( 'NONE', #4759, #2759 ) ;
#1370 = PRESENTATION_LAYER_ASSIGNMENT (  '', '', ( #1658 ) ) ;
#1371 = CARTESIAN_POINT ( 'NONE',  ( 1.439227467122849768, -4.049999999999999822, -95.20556455095498904 ) ) ;
#1372 = EDGE_CURVE ( 'NONE', #5323, #1614, #135, .T. ) ;
#1373 = MECHANICAL_DESIGN_GEOMETRIC_PRESENTATION_REPRESENTATION (  '', ( #4075 ), #2762 ) ;
#1374 = CARTESIAN_POINT ( 'NONE',  ( 3.595478647394982463, 29.16000000000001080, -39.49875409938292137 ) ) ;
#1375 = CARTESIAN_POINT ( 'NONE',  ( 10.27535052360822299, 22.11788050704086928, -46.47375000250089272 ) ) ;
#1376 = ORIENTED_EDGE ( 'NONE', *, *, #457, .T. ) ;
#1377 = CARTESIAN_POINT ( 'NONE',  ( 1.776328546778614514, -4.050000000000003375, -41.57838433601980910 ) ) ;
#1378 =( GEOMETRIC_REPRESENTATION_CONTEXT ( 3 ) GLOBAL_UNCERTAINTY_ASSIGNED_CONTEXT ( ( #5443 ) ) GLOBAL_UNIT_ASSIGNED_CONTEXT ( ( #2545, #3405, #2507 ) ) REPRESENTATION_CONTEXT ( 'NONE', 'WORKASPACE' ) );
#1379 = CARTESIAN_POINT ( 'NONE',  ( -0.1250000000000313360, 22.58499999999999730, -110.3999999999999915 ) ) ;
#1380 =( BOUNDED_CURVE ( )  B_SPLINE_CURVE ( 3, ( #3973, #5441, #1252, #3154 ),
 .UNSPECIFIED., .F., .T. ) 
 B_SPLINE_CURVE_WITH_KNOTS ( ( 4, 4 ),
 ( 3.141592653589795336, 3.916990150200549969 ),
 .UNSPECIFIED. ) 
 CURVE ( )  GEOMETRIC_REPRESENTATION_ITEM ( )  RATIONAL_B_SPLINE_CURVE ( ( 1.000000000000000000, 0.9505210128485650500, 0.9505210128485650500, 1.000000000000000000 ) ) 
 REPRESENTATION_ITEM ( '' )  );
#1381 = SURFACE_STYLE_USAGE ( .BOTH. , #438 ) ;
#1382 = EDGE_CURVE ( 'NONE', #6202, #1501, #1671, .T. ) ;
#1383 = LINE ( 'NONE', #917, #2925 ) ;
#1384 = CARTESIAN_POINT ( 'NONE',  ( 0.000000000000000000, 6.357431564880761464E-15, -102.2625000000000028 ) ) ;
#1385 = ORIENTED_EDGE ( 'NONE', *, *, #6063, .T. ) ;
#1386 = DIRECTION ( 'NONE',  ( 0.000000000000000000, 0.000000000000000000, 1.000000000000000000 ) ) ;
#1387 = VECTOR ( 'NONE', #810, 1000.000000000000000 ) ;
#1388 = ADVANCED_FACE ( 'NONE', ( #5470 ), #1989, .F. ) ;
#1389 = SURFACE_STYLE_USAGE ( .BOTH. , #5760 ) ;
#1390 = DIRECTION ( 'NONE',  ( -0.7071067811865441310, 0.000000000000000000, 0.7071067811865510144 ) ) ;
#1391 = EDGE_LOOP ( 'NONE', ( #1210, #826, #2889, #3257 ) ) ;
#1392 = ORIENTED_EDGE ( 'NONE', *, *, #2014, .T. ) ;
#1393 = CARTESIAN_POINT ( 'NONE',  ( 1.041755643827360522, 29.16000000000000014, -95.03213519115122665 ) ) ;
#1394 = SURFACE_STYLE_USAGE ( .BOTH. , #1944 ) ;
#1395 =( NAMED_UNIT ( * ) PLANE_ANGLE_UNIT ( ) SI_UNIT ( $, .RADIAN. ) );
#1396 = DIRECTION ( 'NONE',  ( 1.000000000000000000, 0.000000000000000000, 0.000000000000000000 ) ) ;
#1397 = CARTESIAN_POINT ( 'NONE',  ( 1.242034969776227404, 29.16000000000000369, -95.07656920914530474 ) ) ;
#1398 = ORIENTED_EDGE ( 'NONE', *, *, #23, .F. ) ;
#1399 =( NAMED_UNIT ( * ) SI_UNIT ( $, .STERADIAN. ) SOLID_ANGLE_UNIT ( ) );
#1400 = CARTESIAN_POINT ( 'NONE',  ( 3.364750116676519021, -4.050000000000004263, -92.68766132828909576 ) ) ;
#1401 = DIRECTION ( 'NONE',  ( 0.000000000000000000, 1.885568995626964780E-16, -1.000000000000000000 ) ) ;
#1402 = DIRECTION ( 'NONE',  ( -0.7071067811865441310, -1.635512977795580099E-16, 0.7071067811865510144 ) ) ;
#1403 = CARTESIAN_POINT ( 'NONE',  ( 7.828694725837498147, 25.52334096055260559, -46.47374997017043086 ) ) ;
#1404 = ORIENTED_EDGE ( 'NONE', *, *, #5901, .F. ) ;
#1405 = EDGE_CURVE ( 'NONE', #2920, #2271, #2221, .T. ) ;
#1406 = DIRECTION ( 'NONE',  ( -1.000000000000000000, 0.000000000000000000, 0.000000000000000000 ) ) ;
#1407 = CARTESIAN_POINT ( 'NONE',  ( -9.338277291053177720, 2.985349871060721139, -42.35257472920179822 ) ) ;
#1408 = UNCERTAINTY_MEASURE_WITH_UNIT (LENGTH_MEASURE( 1.000000000000000082E-05 ), #4338, 'distance_accuracy_value', 'NONE');
#1409 = STYLED_ITEM ( 'NONE', ( #5627 ), #186 ) ;
#1410 = CARTESIAN_POINT ( 'NONE',  ( 10.62500000000000000, 3.037499999999999645, 1.713913789117811707E-15 ) ) ;
#1411 = SURFACE_SIDE_STYLE ('',( #5296 ) ) ;
#1412 =( LENGTH_UNIT ( ) NAMED_UNIT ( * ) SI_UNIT ( .MILLI., .METRE. ) );
#1413 = ORIENTED_EDGE ( 'NONE', *, *, #610, .F. ) ;
#1414 = AXIS2_PLACEMENT_3D ( 'NONE', #5757, #1808, #5167 ) ;
#1415 = ADVANCED_FACE ( 'NONE', ( #3242 ), #5605, .T. ) ;
#1416 = DIRECTION ( 'NONE',  ( -1.000000000000000000, 5.165278571223799760E-17, 2.582639285611905427E-16 ) ) ;
#1417 = CARTESIAN_POINT ( 'NONE',  ( 3.595478647394990901, -4.049999999999988276, -97.59374590061690924 ) ) ;
#1418 = CARTESIAN_POINT ( 'NONE',  ( 8.099999999999999645, 18.02250000000000085, 0.000000000000000000 ) ) ;
#1419 = MECHANICAL_DESIGN_GEOMETRIC_PRESENTATION_REPRESENTATION (  '', ( #6074 ), #4319 ) ;
#1420 = CARTESIAN_POINT ( 'NONE',  ( -8.724953040303065066, 1.681400247138141735, -42.06036481966481944 ) ) ;
#1421 = CARTESIAN_POINT ( 'NONE',  ( -7.796250000000000568, -9.008526691660335541E-15, -40.70249999999999346 ) ) ;
#1422 = ORIENTED_EDGE ( 'NONE', *, *, #3445, .F. ) ;
#1423 = EDGE_CURVE ( 'NONE', #1258, #4705, #4744, .T. ) ;
#1424 = ORIENTED_EDGE ( 'NONE', *, *, #3827, .T. ) ;
#1425 = PRESENTATION_LAYER_ASSIGNMENT (  '', '', ( #3125 ) ) ;
#1426 = CARTESIAN_POINT ( 'NONE',  ( 2.308688586929260822, 29.15999999999979408, -92.70366962025843804 ) ) ;
#1427 = CARTESIAN_POINT ( 'NONE',  ( 1.012499999999994182, 28.14749999999999375, -23.69249999999999545 ) ) ;
#1428 = UNCERTAINTY_MEASURE_WITH_UNIT (LENGTH_MEASURE( 1.000000000000000082E-05 ), #3299, 'distance_accuracy_value', 'NONE');
#1429 = DIRECTION ( 'NONE',  ( -3.212450881438532241E-16, -1.000000000000000000, 0.000000000000000000 ) ) ;
#1430 = SURFACE_STYLE_USAGE ( .BOTH. , #1457 ) ;
#1431 = FILL_AREA_STYLE_COLOUR ( '', #1086 ) ;
#1432 = ORIENTED_EDGE ( 'NONE', *, *, #3445, .T. ) ;
#1433 = CARTESIAN_POINT ( 'NONE',  ( 2.450132085367293211, -4.049999999999993605, -96.32129746101355749 ) ) ;
#1434 = VECTOR ( 'NONE', #1177, 1000.000000000000000 ) ;
#1435 = UNCERTAINTY_MEASURE_WITH_UNIT (LENGTH_MEASURE( 1.000000000000000082E-05 ), #3014, 'distance_accuracy_value', 'NONE');
#1436 = COLOUR_RGB ( '',0.1019607843137254888, 0.1019607843137254888, 0.1019607843137254888 ) ;
#1437 = SURFACE_STYLE_USAGE ( .BOTH. , #3254 ) ;
#1438 = CARTESIAN_POINT ( 'NONE',  ( 1.462153963604144291, 29.15999999999999304, -41.86899057870211749 ) ) ;
#1439 = VERTEX_POINT ( 'NONE', #6052 ) ;
#1440 = VECTOR ( 'NONE', #6217, 1000.000000000000000 ) ;
#1441 = COLOUR_RGB ( '',0.1019607843137254888, 0.1019607843137254888, 0.1019607843137254888 ) ;
#1442 = CARTESIAN_POINT ( 'NONE',  ( -40.50000000000000000, 2.024999999999999911, -110.3999999999999915 ) ) ;
#1443 = DIRECTION ( 'NONE',  ( 1.000000000000000000, 0.000000000000000000, 0.000000000000000000 ) ) ;
#1444 = PLANE ( 'NONE',  #355 ) ;
#1445 = CARTESIAN_POINT ( 'NONE',  ( 0.6742935442334299090, -3.037499999999998757, -137.0924999999998875 ) ) ;
#1446 =( GEOMETRIC_REPRESENTATION_CONTEXT ( 3 ) GLOBAL_UNCERTAINTY_ASSIGNED_CONTEXT ( ( #4941 ) ) GLOBAL_UNIT_ASSIGNED_CONTEXT ( ( #4203, #1718, #5069 ) ) REPRESENTATION_CONTEXT ( 'NONE', 'WORKASPACE' ) );
#1447 = VERTEX_POINT ( 'NONE', #1365 ) ;
#1448 = CARTESIAN_POINT ( 'NONE',  ( 10.62500000000000000, -4.050000000000006928, -23.69249999999998835 ) ) ;
#1449 = LINE ( 'NONE', #480, #2041 ) ;
#1450 = EDGE_CURVE ( 'NONE', #1935, #2647, #5115, .T. ) ;
#1451 = CARTESIAN_POINT ( 'NONE',  ( -0.1511912878222452239, 1.219392056168735250, -50.61639622854465870 ) ) ;
#1452 = VERTEX_POINT ( 'NONE', #4572 ) ;
#1453 = CARTESIAN_POINT ( 'NONE',  ( -2.025000000000001688, 18.20818585680699186, -53.56125000000000114 ) ) ;
#1454 = ORIENTED_EDGE ( 'NONE', *, *, #2711, .F. ) ;
#1455 = CARTESIAN_POINT ( 'NONE',  ( 1.367625313886331906, 29.16000000000000014, -95.15438345176455925 ) ) ;
#1456 = EDGE_CURVE ( 'NONE', #4247, #5690, #265, .T. ) ;
#1457 = SURFACE_SIDE_STYLE ('',( #3126 ) ) ;
#1458 = EDGE_CURVE ( 'NONE', #4569, #4913, #3149, .T. ) ;
#1459 = EDGE_LOOP ( 'NONE', ( #4975, #3403, #1404, #6128, #3555 ) ) ;
#1460 = FILL_AREA_STYLE ('',( #1918 ) ) ;
#1461 = CARTESIAN_POINT ( 'NONE',  ( 4.019870675267792848, -4.049999999999956302, -92.67128834753016520 ) ) ;
#1462 = FILL_AREA_STYLE ('',( #2479 ) ) ;
#1463 = PRESENTATION_LAYER_ASSIGNMENT (  '', '', ( #979 ) ) ;
#1464 = CARTESIAN_POINT ( 'NONE',  ( 1.012499999999973754, 25.25319628389963000, -49.36805371610030591 ) ) ;
#1465 = VECTOR ( 'NONE', #4391, 1000.000000000000000 ) ;
#1466 = CARTESIAN_POINT ( 'NONE',  ( 9.150241880902436620, 24.05347229573053269, -46.47374999059405098 ) ) ;
#1467 = ORIENTED_EDGE ( 'NONE', *, *, #2182, .T. ) ;
#1468 = LINE ( 'NONE', #3383, #2179 ) ;
#1469 = DIRECTION ( 'NONE',  ( 1.000000000000000000, 0.000000000000000000, 0.000000000000000000 ) ) ;
#1470 = VECTOR ( 'NONE', #3593, 1000.000000000000000 ) ;
#1471 = CARTESIAN_POINT ( 'NONE',  ( -9.444971926469300172, 21.66826550799363815, -93.90441321526219554 ) ) ;
#1472 = CARTESIAN_POINT ( 'NONE',  ( -5.973749999999999893, 21.97124999999999062, -101.8999999999999915 ) ) ;
#1473 = CARTESIAN_POINT ( 'NONE',  ( 1.012499999999961542, 18.02249999999999375, -46.47374999999998835 ) ) ;
#1474 = VERTEX_POINT ( 'NONE', #2675 ) ;
#1475 = CARTESIAN_POINT ( 'NONE',  ( -1.961828317978428382, 5.958186176877275919, -83.67523907454247478 ) ) ;
#1476 = LINE ( 'NONE', #5300, #3547 ) ;
#1477 = AXIS2_PLACEMENT_3D ( 'NONE', #1514, #1027, #5373 ) ;
#1478 = CARTESIAN_POINT ( 'NONE',  ( 0.7055232100167255771, 0.1577011557910645845, -49.66895115579098530 ) ) ;
#1479 = ORIENTED_EDGE ( 'NONE', *, *, #2100, .T. ) ;
#1480 =( GEOMETRIC_REPRESENTATION_CONTEXT ( 3 ) GLOBAL_UNCERTAINTY_ASSIGNED_CONTEXT ( ( #4771 ) ) GLOBAL_UNIT_ASSIGNED_CONTEXT ( ( #2427, #5350, #3820 ) ) REPRESENTATION_CONTEXT ( 'NONE', 'WORKASPACE' ) );
#1481 = CARTESIAN_POINT ( 'NONE',  ( -7.796250000000000568, -1.124100812432970240E-13, -26.73000000000000043 ) ) ;
#1482 = EDGE_CURVE ( 'NONE', #3335, #61, #4605, .T. ) ;
#1483 = CARTESIAN_POINT ( 'NONE',  ( 3.815554330454356879, 29.16000000000001435, -92.67718976682998289 ) ) ;
#1484 = UNCERTAINTY_MEASURE_WITH_UNIT (LENGTH_MEASURE( 1.000000000000000082E-05 ), #6126, 'distance_accuracy_value', 'NONE');
#1485 = CARTESIAN_POINT ( 'NONE',  ( 1.012499999999961542, 29.15999999999998948, -46.47374999999998835 ) ) ;
#1486 = STYLED_ITEM ( 'NONE', ( #4904 ), #6145 ) ;
#1487 = CARTESIAN_POINT ( 'NONE',  ( 5.762458947216214433, 29.16000000000002501, -99.30992670044857107 ) ) ;
#1488 = EDGE_LOOP ( 'NONE', ( #2490, #1852, #684, #5062, #5264, #2784, #5838, #1609, #224, #3007, #955, #5523 ) ) ;
#1489 = FILL_AREA_STYLE ('',( #98 ) ) ;
#1490 = CARTESIAN_POINT ( 'NONE',  ( 7.929295875873570765, -4.049999999999961631, -100.2573101703313228 ) ) ;
#1491 = EDGE_CURVE ( 'NONE', #1501, #4222, #6086, .T. ) ;
#1492 = FILL_AREA_STYLE ('',( #3469 ) ) ;
#1493 = CARTESIAN_POINT ( 'NONE',  ( 11.06309069025935621, 19.25000684710167320, -46.47374999997054346 ) ) ;
#1494 = EDGE_LOOP ( 'NONE', ( #5806, #2609, #3418, #1320 ) ) ;
#1495 = LINE ( 'NONE', #4733, #485 ) ;
#1496 = ADVANCED_FACE ( 'NONE', ( #5857 ), #3776, .F. ) ;
#1497 = FACE_OUTER_BOUND ( 'NONE', #2758, .T. ) ;
#1498 = CARTESIAN_POINT ( 'NONE',  ( 0.07352274633532233927, 24.19564215704167864, -86.73758773018400348 ) ) ;
#1499 = CARTESIAN_POINT ( 'NONE',  ( -40.50000000000000000, 2.024999999999999911, -26.69249999999999901 ) ) ;
#1500 = DIRECTION ( 'NONE',  ( 0.000000000000000000, -0.7071067811865515695, 0.7071067811865435759 ) ) ;
#1501 = VERTEX_POINT ( 'NONE', #1427 ) ;
#1502 = CARTESIAN_POINT ( 'NONE',  ( -1.637784128135906236, 4.293796565562912448, -84.33489998752258998 ) ) ;
#1503 = FILL_AREA_STYLE ('',( #4299 ) ) ;
#1504 = SURFACE_STYLE_USAGE ( .BOTH. , #5728 ) ;
#1505 =( GEOMETRIC_REPRESENTATION_CONTEXT ( 3 ) GLOBAL_UNCERTAINTY_ASSIGNED_CONTEXT ( ( #595 ) ) GLOBAL_UNIT_ASSIGNED_CONTEXT ( ( #5984, #2629, #5105 ) ) REPRESENTATION_CONTEXT ( 'NONE', 'WORKASPACE' ) );
#1506 = LINE ( 'NONE', #1421, #2054 ) ;
#1507 = ORIENTED_EDGE ( 'NONE', *, *, #5383, .T. ) ;
#1508 = SURFACE_SIDE_STYLE ('',( #5855 ) ) ;
#1509 = CARTESIAN_POINT ( 'NONE',  ( 2.153821655294835935, 29.16000000000000014, -95.96325434604392512 ) ) ;
#1510 = AXIS2_PLACEMENT_3D ( 'NONE', #3769, #1416, #1386 ) ;
#1511 = FACE_OUTER_BOUND ( 'NONE', #2763, .T. ) ;
#1512 = CARTESIAN_POINT ( 'NONE',  ( 1.012499999999999956, -3.037499999999999645, -6.093251410737770232E-15 ) ) ;
#1513 = VERTEX_POINT ( 'NONE', #1856 ) ;
#1514 = CARTESIAN_POINT ( 'NONE',  ( 1.012499999999961542, 7.087499999999996803, -95.03213518033500407 ) ) ;
#1515 = CARTESIAN_POINT ( 'NONE',  ( 9.918654630624649471, -4.050000000000344436, -91.74481406578416909 ) ) ;
#1516 =( NAMED_UNIT ( * ) SI_UNIT ( $, .STERADIAN. ) SOLID_ANGLE_UNIT ( ) );
#1517 = SURFACE_STYLE_FILL_AREA ( #1492 ) ;
#1518 = EDGE_CURVE ( 'NONE', #271, #4906, #4369, .T. ) ;
#1519 = CARTESIAN_POINT ( 'NONE',  ( 9.216604350569262749, 29.15999999999963777, -45.07821353877525894 ) ) ;
#1520 = ORIENTED_EDGE ( 'NONE', *, *, #138, .T. ) ;
#1521 = COLOUR_RGB ( '',0.1019607843137254888, 0.1019607843137254888, 0.1019607843137254888 ) ;
#1522 = SURFACE_STYLE_FILL_AREA ( #5906 ) ;
#1523 =( NAMED_UNIT ( * ) PLANE_ANGLE_UNIT ( ) SI_UNIT ( $, .RADIAN. ) );
#1524 = MECHANICAL_DESIGN_GEOMETRIC_PRESENTATION_REPRESENTATION (  '', ( #4046 ), #1254 ) ;
#1525 =( GEOMETRIC_REPRESENTATION_CONTEXT ( 3 ) GLOBAL_UNCERTAINTY_ASSIGNED_CONTEXT ( ( #2529 ) ) GLOBAL_UNIT_ASSIGNED_CONTEXT ( ( #194, #4908, #4878 ) ) REPRESENTATION_CONTEXT ( 'NONE', 'WORKASPACE' ) );
#1526 = FILL_AREA_STYLE_COLOUR ( '', #5177 ) ;
#1527 = ADVANCED_FACE ( 'NONE', ( #4280 ), #65, .F. ) ;
#1528 = DIRECTION ( 'NONE',  ( -6.938893903907279222E-18, 1.000000000000000000, 0.000000000000000000 ) ) ;
#1529 = ORIENTED_EDGE ( 'NONE', *, *, #3929, .T. ) ;
#1530 = CARTESIAN_POINT ( 'NONE',  ( -0.4585587726964297506, 1.676935687491769800, -86.10051554542063457 ) ) ;
#1531 = AXIS2_PLACEMENT_3D ( 'NONE', #3355, #4806, #4832 ) ;
#1532 =( GEOMETRIC_REPRESENTATION_CONTEXT ( 3 ) GLOBAL_UNCERTAINTY_ASSIGNED_CONTEXT ( ( #4736 ) ) GLOBAL_UNIT_ASSIGNED_CONTEXT ( ( #1847, #5091, #1194 ) ) REPRESENTATION_CONTEXT ( 'NONE', 'WORKASPACE' ) );
#1533 = DIRECTION ( 'NONE',  ( 0.000000000000000000, 0.000000000000000000, 1.000000000000000000 ) ) ;
#1534 = DIRECTION ( 'NONE',  ( 0.000000000000000000, 1.000000000000000000, 0.000000000000000000 ) ) ;
#1535 = SURFACE_SIDE_STYLE ('',( #2496 ) ) ;
#1536 = VECTOR ( 'NONE', #4722, 1000.000000000000000 ) ;
#1537 = ORIENTED_EDGE ( 'NONE', *, *, #5630, .F. ) ;
#1538 = CARTESIAN_POINT ( 'NONE',  ( 10.62500000000000000, 29.16000000000018844, -113.4000000000000057 ) ) ;
#1539 = MECHANICAL_DESIGN_GEOMETRIC_PRESENTATION_REPRESENTATION (  '', ( #752 ), #1446 ) ;
#1540 = CARTESIAN_POINT ( 'NONE',  ( 10.62500000000000000, -4.049999999999950973, -36.39402376808406814 ) ) ;
#1541 = SURFACE_STYLE_USAGE ( .BOTH. , #5890 ) ;
#1542 = CARTESIAN_POINT ( 'NONE',  ( 1.240646695223117879, -4.050000000000004263, -42.01122901875560700 ) ) ;
#1543 = VERTEX_POINT ( 'NONE', #1883 ) ;
#1544 = CARTESIAN_POINT ( 'NONE',  ( 10.95482697017969720, -4.049999999999942091, -90.95732649378405199 ) ) ;
#1545 = FACE_OUTER_BOUND ( 'NONE', #5991, .T. ) ;
#1546 = FILL_AREA_STYLE_COLOUR ( '', #2815 ) ;
#1547 = SURFACE_SIDE_STYLE ('',( #1517 ) ) ;
#1548 = VECTOR ( 'NONE', #619, 1000.000000000000000 ) ;
#1549 = CARTESIAN_POINT ( 'NONE',  ( 3.786783009627751717, 29.16000000000000369, -39.32356321173633518 ) ) ;
#1550 = EDGE_LOOP ( 'NONE', ( #531, #3484, #3800, #2294, #1113, #3532, #5477, #713, #3843, #6057 ) ) ;
#1551 = PRESENTATION_STYLE_ASSIGNMENT (( #2515 ) ) ;
#1552 = EDGE_CURVE ( 'NONE', #2356, #3616, #4845, .T. ) ;
#1553 = FILL_AREA_STYLE ('',( #5874 ) ) ;
#1554 = DIRECTION ( 'NONE',  ( 0.000000000000000000, 0.000000000000000000, -1.000000000000000000 ) ) ;
#1555 = AXIS2_PLACEMENT_3D ( 'NONE', #6001, #3560, #2264 ) ;
#1556 = SURFACE_STYLE_FILL_AREA ( #3479 ) ;
#1557 = DIRECTION ( 'NONE',  ( -4.418190778938459985E-14, 0.000000000000000000, -1.000000000000000000 ) ) ;
#1558 = FACE_OUTER_BOUND ( 'NONE', #614, .T. ) ;
#1559 = ORIENTED_EDGE ( 'NONE', *, *, #1203, .F. ) ;
#1560 = CARTESIAN_POINT ( 'NONE',  ( -0.5955904896376527091, 23.21214052883256684, -51.16690094780404507 ) ) ;
#1561 = LINE ( 'NONE', #3487, #1115 ) ;
#1562 = EDGE_CURVE ( 'NONE', #2861, #5574, #3892, .T. ) ;
#1563 =( LENGTH_UNIT ( ) NAMED_UNIT ( * ) SI_UNIT ( .MILLI., .METRE. ) );
#1564 = DIRECTION ( 'NONE',  ( 0.000000000000000000, 1.000000000000000000, -7.959457186074088830E-16 ) ) ;
#1565 = CARTESIAN_POINT ( 'NONE',  ( -1.139027793753775164, 2.945517393044911891, -51.93130125661127039 ) ) ;
#1566 = VERTEX_POINT ( 'NONE', #932 ) ;
#1567 = ORIENTED_EDGE ( 'NONE', *, *, #4059, .F. ) ;
#1568 = CARTESIAN_POINT ( 'NONE',  ( -8.507045600368842386, 3.638750000000141593, -26.69249999999999901 ) ) ;
#1569 = EDGE_CURVE ( 'NONE', #890, #5732, #2819, .T. ) ;
#1570 = COLOUR_RGB ( '',0.1019607843137254888, 0.1019607843137254888, 0.1019607843137254888 ) ;
#1571 = CARTESIAN_POINT ( 'NONE',  ( 20.25000000000000000, 28.14749999999999375, 0.000000000000000000 ) ) ;
#1572 = CARTESIAN_POINT ( 'NONE',  ( 2.227799725878025328, -4.049999999999999822, -41.03963957000485152 ) ) ;
#1573 = AXIS2_PLACEMENT_3D ( 'NONE', #685, #1191, #141 ) ;
#1574 = ORIENTED_EDGE ( 'NONE', *, *, #2823, .F. ) ;
#1575 = DIRECTION ( 'NONE',  ( 1.000000000000000000, 0.000000000000000000, -0.000000000000000000 ) ) ;
#1576 = CARTESIAN_POINT ( 'NONE',  ( 10.62500000000000000, -3.748063842683180269, -98.22246551233607192 ) ) ;
#1577 = FACE_OUTER_BOUND ( 'NONE', #4527, .T. ) ;
#1578 = CARTESIAN_POINT ( 'NONE',  ( 10.62500000000000000, 28.73377460997098254, -97.67442112774328677 ) ) ;
#1579 = CARTESIAN_POINT ( 'NONE',  ( 20.25000000000000000, -3.037499999999999645, -6.093251410737770232E-15 ) ) ;
#1580 = STYLED_ITEM ( 'NONE', ( #5422 ), #6170 ) ;
#1581 = LINE ( 'NONE', #45, #2653 ) ;
#1582 = CARTESIAN_POINT ( 'NONE',  ( 10.92349068601842710, 20.09851115555641599, -46.47375000026959668 ) ) ;
#1583 = ORIENTED_EDGE ( 'NONE', *, *, #2668, .F. ) ;
#1584 = SURFACE_STYLE_USAGE ( .BOTH. , #3971 ) ;
#1585 = CARTESIAN_POINT ( 'NONE',  ( 20.25000000000000000, -3.037499999999999645, 0.000000000000000000 ) ) ;
#1586 = CARTESIAN_POINT ( 'NONE',  ( -0.4186258131700221763, 23.50800107517860127, -86.15620915366289978 ) ) ;
#1587 =( LENGTH_UNIT ( ) NAMED_UNIT ( * ) SI_UNIT ( .MILLI., .METRE. ) );
#1588 = CARTESIAN_POINT ( 'NONE',  ( -5.973749999999999893, 2.024999999999999911, -1.542804143242412762E-15 ) ) ;
#1589 = PRESENTATION_STYLE_ASSIGNMENT (( #4997 ) ) ;
#1590 = ORIENTED_EDGE ( 'NONE', *, *, #2475, .T. ) ;
#1591 = CARTESIAN_POINT ( 'NONE',  ( 10.12500000000000000, 29.07130540213517733, -37.93832813541065718 ) ) ;
#1592 = FACE_OUTER_BOUND ( 'NONE', #5626, .T. ) ;
#1593 = FACE_OUTER_BOUND ( 'NONE', #2265, .T. ) ;
#1594 = EDGE_CURVE ( 'NONE', #649, #6138, #3637, .T. ) ;
#1595 = ORIENTED_EDGE ( 'NONE', *, *, #765, .F. ) ;
#1596 = CARTESIAN_POINT ( 'NONE',  ( 5.415263989499585762, -3.037499999999999201, -90.61875000000003411 ) ) ;
#1597 = DIRECTION ( 'NONE',  ( -0.7071067811865441310, 0.000000000000000000, 0.7071067811865510144 ) ) ;
#1598 = CARTESIAN_POINT ( 'NONE',  ( 5.124129633548747620, -2.166906393701679701, -46.47375002599720517 ) ) ;
#1599 = ADVANCED_FACE ( 'NONE', ( #4017 ), #227, .F. ) ;
#1600 = SURFACE_SIDE_STYLE ('',( #5501 ) ) ;
#1601 = ORIENTED_EDGE ( 'NONE', *, *, #5316, .F. ) ;
#1602 = CARTESIAN_POINT ( 'NONE',  ( 10.92349068601854256, 5.011488844443515056, -90.61874999973042577 ) ) ;
#1603 = SURFACE_SIDE_STYLE ('',( #2510 ) ) ;
#1604 = CARTESIAN_POINT ( 'NONE',  ( 10.62500000000000000, 28.14749999999999019, -96.25054039609378265 ) ) ;
#1605 = SURFACE_SIDE_STYLE ('',( #2989 ) ) ;
#1606 = AXIS2_PLACEMENT_3D ( 'NONE', #5326, #1679, #2648 ) ;
#1607 = DIRECTION ( 'NONE',  ( 0.000000000000000000, 0.000000000000000000, -1.000000000000000000 ) ) ;
#1608 = CARTESIAN_POINT ( 'NONE',  ( 9.043877225992249080, 29.16000000000003922, -45.02401395613210155 ) ) ;
#1609 = ORIENTED_EDGE ( 'NONE', *, *, #2984, .F. ) ;
#1610 = LINE ( 'NONE', #1251, #2503 ) ;
#1611 = CARTESIAN_POINT ( 'NONE',  ( 0.000000000000000000, -2.986747800704527389, -23.69249999999999901 ) ) ;
#1612 =( LENGTH_UNIT ( ) NAMED_UNIT ( * ) SI_UNIT ( .MILLI., .METRE. ) );
#1613 = STYLED_ITEM ( 'NONE', ( #4269 ), #1296 ) ;
#1614 = VERTEX_POINT ( 'NONE', #4431 ) ;
#1615 = CARTESIAN_POINT ( 'NONE',  ( 3.305806275650835513, 28.14749999999999375, -91.17595402764597168 ) ) ;
#1616 =( NAMED_UNIT ( * ) SI_UNIT ( $, .STERADIAN. ) SOLID_ANGLE_UNIT ( ) );
#1617 = CARTESIAN_POINT ( 'NONE',  ( 10.88750242027121296, 20.26976826869844572, -90.61875000083203702 ) ) ;
#1618 = MECHANICAL_DESIGN_GEOMETRIC_PRESENTATION_REPRESENTATION (  '', ( #942 ), #1525 ) ;
#1619 = SURFACE_STYLE_USAGE ( .BOTH. , #3948 ) ;
#1620 = FILL_AREA_STYLE_COLOUR ( '', #3849 ) ;
#1621 = CARTESIAN_POINT ( 'NONE',  ( 7.972213925023909020, 28.14750000000000085, -41.64350182792625077 ) ) ;
#1622 = B_SPLINE_CURVE_WITH_KNOTS ( 'NONE', 3,
 ( #4503, #548, #4377, #607, #3963, #1576, #4947, #5046, #2203 ),
 .UNSPECIFIED., .F., .F.,
 ( 4, 1, 2, 2, 4 ),
 ( 0.000000000000000000, 0.2500000000000107692, 0.3750000000000118794, 0.5000000000000129896, 1.000000000000000000 ),
 .UNSPECIFIED. ) ;
#1623 = DIRECTION ( 'NONE',  ( 0.000000000000000000, 0.7071067811865475727, -0.7071067811865475727 ) ) ;
#1624 =( GEOMETRIC_REPRESENTATION_CONTEXT ( 3 ) GLOBAL_UNCERTAINTY_ASSIGNED_CONTEXT ( ( #3858 ) ) GLOBAL_UNIT_ASSIGNED_CONTEXT ( ( #2812, #449, #957 ) ) REPRESENTATION_CONTEXT ( 'NONE', 'WORKASPACE' ) );
#1625 = VECTOR ( 'NONE', #72, 1000.000000000000000 ) ;
#1626 = ORIENTED_EDGE ( 'NONE', *, *, #386, .T. ) ;
#1627 = CARTESIAN_POINT ( 'NONE',  ( -5.973749999999999893, 10.93500000000000050, -102.2625000000000028 ) ) ;
#1628 = LINE ( 'NONE', #1142, #4129 ) ;
#1629 = ADVANCED_FACE ( 'NONE', ( #4050 ), #3044, .T. ) ;
#1630 = FILL_AREA_STYLE ('',( #3463 ) ) ;
#1631 = STYLED_ITEM ( 'NONE', ( #507 ), #3379 ) ;
#1632 = MECHANICAL_DESIGN_GEOMETRIC_PRESENTATION_REPRESENTATION (  '', ( #5587 ), #3444 ) ;
#1633 = CARTESIAN_POINT ( 'NONE',  ( 4.596204370570122322, -4.049999999999884359, -44.44057325408387982 ) ) ;
#1634 = ORIENTED_EDGE ( 'NONE', *, *, #1238, .F. ) ;
#1635 = COLOUR_RGB ( '',0.1019607843137254888, 0.1019607843137254888, 0.1019607843137254888 ) ;
#1636 = STYLED_ITEM ( 'NONE', ( #5267 ), #2745 ) ;
#1637 = CARTESIAN_POINT ( 'NONE',  ( -7.578847391416579704, 25.10999999999999588, -46.47374999999998835 ) ) ;
#1638 = EDGE_CURVE ( 'NONE', #5829, #5424, #1628, .T. ) ;
#1639 =( LENGTH_UNIT ( ) NAMED_UNIT ( * ) SI_UNIT ( .MILLI., .METRE. ) );
#1640 = DIRECTION ( 'NONE',  ( 0.000000000000000000, 0.000000000000000000, -1.000000000000000000 ) ) ;
#1641 = EDGE_LOOP ( 'NONE', ( #4245, #1881, #809, #4366 ) ) ;
#1642 = CARTESIAN_POINT ( 'NONE',  ( -5.973749999999999893, 10.93500000000000050, -102.2625000000000028 ) ) ;
#1643 = ORIENTED_EDGE ( 'NONE', *, *, #3864, .F. ) ;
#1644 =( LENGTH_UNIT ( ) NAMED_UNIT ( * ) SI_UNIT ( .MILLI., .METRE. ) );
#1645 = LINE ( 'NONE', #209, #4632 ) ;
#1646 = VECTOR ( 'NONE', #5754, 1000.000000000000000 ) ;
#1647 = UNCERTAINTY_MEASURE_WITH_UNIT (LENGTH_MEASURE( 1.000000000000000082E-05 ), #1219, 'distance_accuracy_value', 'NONE');
#1648 = FILL_AREA_STYLE ('',( #5216 ) ) ;
#1649 = DIRECTION ( 'NONE',  ( 0.000000000000000000, 1.885568995626965026E-16, -1.000000000000000000 ) ) ;
#1650 = MECHANICAL_DESIGN_GEOMETRIC_PRESENTATION_REPRESENTATION (  '', ( #3262 ), #4060 ) ;
#1651 = DIRECTION ( 'NONE',  ( 0.000000000000000000, -1.000000000000000000, 0.000000000000000000 ) ) ;
#1652 =( LENGTH_UNIT ( ) NAMED_UNIT ( * ) SI_UNIT ( .MILLI., .METRE. ) );
#1653 = ORIENTED_EDGE ( 'NONE', *, *, #2124, .F. ) ;
#1654 = CARTESIAN_POINT ( 'NONE',  ( -1.424462430943522984, 21.46243334308515216, -52.38505572051765569 ) ) ;
#1655 = CARTESIAN_POINT ( 'NONE',  ( 10.95482697017990326, 29.16000000000005343, -90.95732649378412304 ) ) ;
#1656 = SURFACE_STYLE_FILL_AREA ( #5005 ) ;
#1657 = CARTESIAN_POINT ( 'NONE',  ( -1.773498842746267901, 4.844781444087864486, -53.02223084636441541 ) ) ;
#1658 = STYLED_ITEM ( 'NONE', ( #5552 ), #5031 ) ;
#1659 = VERTEX_POINT ( 'NONE', #3009 ) ;
#1660 =( NAMED_UNIT ( * ) PLANE_ANGLE_UNIT ( ) SI_UNIT ( $, .RADIAN. ) );
#1661 = CARTESIAN_POINT ( 'NONE',  ( 1.012499999999999956, 18.02250000000000085, 4.805530973150956219E-15 ) ) ;
#1662 = PRESENTATION_LAYER_ASSIGNMENT (  '', '', ( #781 ) ) ;
#1663 = CARTESIAN_POINT ( 'NONE',  ( 10.16404665332508728, 2.743538920275331083, -46.47374999485101199 ) ) ;
#1664 = ORIENTED_EDGE ( 'NONE', *, *, #4436, .F. ) ;
#1665 = EDGE_CURVE ( 'NONE', #2946, #126, #3550, .T. ) ;
#1666 = STYLED_ITEM ( 'NONE', ( #1947 ), #6221 ) ;
#1667 = CARTESIAN_POINT ( 'NONE',  ( -52.37500000000000000, 25.10999999999999588, -110.3999999999999915 ) ) ;
#1668 = CIRCLE ( 'NONE', #5208, 10.12500000000000000 ) ;
#1669 = ORIENTED_EDGE ( 'NONE', *, *, #4490, .F. ) ;
#1670 =( LENGTH_UNIT ( ) NAMED_UNIT ( * ) SI_UNIT ( .MILLI., .METRE. ) );
#1671 = LINE ( 'NONE', #202, #3630 ) ;
#1672 = PRESENTATION_LAYER_ASSIGNMENT (  '', '', ( #5940 ) ) ;
#1673 = ORIENTED_EDGE ( 'NONE', *, *, #3106, .F. ) ;
#1674 = EDGE_CURVE ( 'NONE', #1844, #622, #5889, .T. ) ;
#1675 = LINE ( 'NONE', #1279, #1470 ) ;
#1676 = EDGE_LOOP ( 'NONE', ( #1894, #2441, #1001, #3425, #6231, #5663, #491 ) ) ;
#1677 = SURFACE_SIDE_STYLE ('',( #2209 ) ) ;
#1678 = STYLED_ITEM ( 'NONE', ( #3588 ), #6102 ) ;
#1679 = DIRECTION ( 'NONE',  ( 0.000000000000000000, 0.000000000000000000, -1.000000000000000000 ) ) ;
#1680 = FILL_AREA_STYLE_COLOUR ( '', #6196 ) ;
#1681 = UNCERTAINTY_MEASURE_WITH_UNIT (LENGTH_MEASURE( 1.000000000000000082E-05 ), #2249, 'distance_accuracy_value', 'NONE');
#1682 = CARTESIAN_POINT ( 'NONE',  ( -1.303342275795003058, 21.79659153551245510, -84.91121677746185981 ) ) ;
#1683 = SURFACE_SIDE_STYLE ('',( #1741 ) ) ;
#1684 = CARTESIAN_POINT ( 'NONE',  ( 10.62500000000000000, -3.037499999999999645, -113.3999999999999915 ) ) ;
#1685 = EDGE_CURVE ( 'NONE', #3082, #987, #704, .T. ) ;
#1686 = LINE ( 'NONE', #5095, #2169 ) ;
#1687 = ORIENTED_EDGE ( 'NONE', *, *, #193, .F. ) ;
#1688 = CARTESIAN_POINT ( 'NONE',  ( 0.05836580782366999204, 24.18261788099597354, -50.36881952073056823 ) ) ;
#1689 = CARTESIAN_POINT ( 'NONE',  ( -6.687816616998415675, 21.97124999999999773, -35.22536722220420558 ) ) ;
#1690 = LINE ( 'NONE', #3227, #2821 ) ;
#1691 = CARTESIAN_POINT ( 'NONE',  ( 8.099999999999999645, 28.14749999999999375, -90.61874999999999147 ) ) ;
#1692 = PLANE ( 'NONE',  #4357 ) ;
#1693 = ORIENTED_EDGE ( 'NONE', *, *, #3341, .T. ) ;
#1694 =( LENGTH_UNIT ( ) NAMED_UNIT ( * ) SI_UNIT ( .MILLI., .METRE. ) );
#1695 = CARTESIAN_POINT ( 'NONE',  ( -8.505923295896204550, 23.64411957351931548, -43.35957640443093908 ) ) ;
#1696 = CARTESIAN_POINT ( 'NONE',  ( -9.292962981057424798, 3.205843072314801923, -93.43790417495026190 ) ) ;
#1697 = CARTESIAN_POINT ( 'NONE',  ( 5.523511352505375172, -4.050000000000083311, -44.48892317167953792 ) ) ;
#1698 = ORIENTED_EDGE ( 'NONE', *, *, #1203, .T. ) ;
#1699 = CARTESIAN_POINT ( 'NONE',  ( -7.578847391416583257, 25.10999999999999588, -90.61874999999999147 ) ) ;
#1700 =( NAMED_UNIT ( * ) PLANE_ANGLE_UNIT ( ) SI_UNIT ( $, .RADIAN. ) );
#1701 = CARTESIAN_POINT ( 'NONE',  ( 8.099999999999999645, 28.14749999999999375, -46.47375000000000256 ) ) ;
#1702 = VERTEX_POINT ( 'NONE', #1087 ) ;
#1703 = CARTESIAN_POINT ( 'NONE',  ( 10.12500000000000000, 28.14749999999999375, -96.25054039609376844 ) ) ;
#1704 = CARTESIAN_POINT ( 'NONE',  ( 10.62500000000000000, -3.037499999999990319, -40.84195960390601954 ) ) ;
#1705 = SURFACE_STYLE_USAGE ( .BOTH. , #5512 ) ;
#1706 =( LENGTH_UNIT ( ) NAMED_UNIT ( * ) SI_UNIT ( .MILLI., .METRE. ) );
#1707 = COLOUR_RGB ( '',0.1019607843137254888, 0.1019607843137254888, 0.1019607843137254888 ) ;
#1708 = EDGE_CURVE ( 'NONE', #3925, #2000, #1723, .T. ) ;
#1709 =( NAMED_UNIT ( * ) PLANE_ANGLE_UNIT ( ) SI_UNIT ( $, .RADIAN. ) );
#1710 = EDGE_LOOP ( 'NONE', ( #6108 ) ) ;
#1711 = STYLED_ITEM ( 'NONE', ( #2083 ), #740 ) ;
#1712 = CARTESIAN_POINT ( 'NONE',  ( -5.973749999999999893, 4.257378185336581803E-15, -91.12500000000000000 ) ) ;
#1713 = FACE_OUTER_BOUND ( 'NONE', #6272, .T. ) ;
#1714 = UNCERTAINTY_MEASURE_WITH_UNIT (LENGTH_MEASURE( 1.000000000000000082E-05 ), #5962, 'distance_accuracy_value', 'NONE');
#1715 = EDGE_CURVE ( 'NONE', #1543, #1188, #5009, .T. ) ;
#1716 = CARTESIAN_POINT ( 'NONE',  ( 1.012499999999999956, 7.087500000000000355, 4.805530973150956219E-15 ) ) ;
#1717 = COLOUR_RGB ( '',0.1019607843137254888, 0.1019607843137254888, 0.1019607843137254888 ) ;
#1718 =( NAMED_UNIT ( * ) PLANE_ANGLE_UNIT ( ) SI_UNIT ( $, .RADIAN. ) );
#1719 = DIRECTION ( 'NONE',  ( -1.000000000000000000, 0.000000000000000000, 0.000000000000000000 ) ) ;
#1720 = SURFACE_SIDE_STYLE ('',( #3609 ) ) ;
#1721 = ORIENTED_EDGE ( 'NONE', *, *, #3453, .F. ) ;
#1722 = VECTOR ( 'NONE', #5751, 1000.000000000000000 ) ;
#1723 = LINE ( 'NONE', #798, #5781 ) ;
#1724 = CARTESIAN_POINT ( 'NONE',  ( -8.259367134771297358, 1.100644918276188156, -93.60551689347904869 ) ) ;
#1725 = DIRECTION ( 'NONE',  ( -6.938893903907290007E-18, 1.000000000000000000, 0.000000000000000000 ) ) ;
#1726 = VECTOR ( 'NONE', #87, 1000.000000000000000 ) ;
#1727 = EDGE_LOOP ( 'NONE', ( #4577, #2306, #4230, #2418, #3139 ) ) ;
#1728 = FACE_OUTER_BOUND ( 'NONE', #5313, .T. ) ;
#1729 = CARTESIAN_POINT ( 'NONE',  ( 8.099999999999999645, 7.087500000000000355, 0.000000000000000000 ) ) ;
#1730 = PRESENTATION_LAYER_ASSIGNMENT (  '', '', ( #3638 ) ) ;
#1731 =( NAMED_UNIT ( * ) SI_UNIT ( $, .STERADIAN. ) SOLID_ANGLE_UNIT ( ) );
#1732 = COLOUR_RGB ( '',0.1019607843137254888, 0.1019607843137254888, 0.1019607843137254888 ) ;
#1733 = CARTESIAN_POINT ( 'NONE',  ( -7.796249999999988134, 19.34699805506970804, -35.28304516520078238 ) ) ;
#1734 = MECHANICAL_DESIGN_GEOMETRIC_PRESENTATION_REPRESENTATION (  '', ( #5592 ), #1347 ) ;
#1735 = VECTOR ( 'NONE', #2269, 1000.000000000000000 ) ;
#1736 = ORIENTED_EDGE ( 'NONE', *, *, #457, .F. ) ;
#1737 = LINE ( 'NONE', #3653, #5930 ) ;
#1738 = CARTESIAN_POINT ( 'NONE',  ( 10.62500000000000000, -3.037499999999999645, -96.25054039609395318 ) ) ;
#1739 = CARTESIAN_POINT ( 'NONE',  ( 2.595807842567111834, -3.037499999999999201, -90.87470671130030553 ) ) ;
#1740 = CARTESIAN_POINT ( 'NONE',  ( 3.305806226002448334, -3.037500000000000089, -45.91654599805016090 ) ) ;
#1741 = SURFACE_STYLE_FILL_AREA ( #2245 ) ;
#1742 =( NAMED_UNIT ( * ) PLANE_ANGLE_UNIT ( ) SI_UNIT ( $, .RADIAN. ) );
#1743 = SURFACE_SIDE_STYLE ('',( #4197 ) ) ;
#1744 = AXIS2_PLACEMENT_3D ( 'NONE', #794, #1784, #1264 ) ;
#1745 = ORIENTED_EDGE ( 'NONE', *, *, #5155, .F. ) ;
#1746 = ADVANCED_FACE ( 'NONE', ( #865 ), #3699, .T. ) ;
#1747 = CARTESIAN_POINT ( 'NONE',  ( 0.4570157281178739428, 24.67078731391087487, -49.93062320111985741 ) ) ;
#1748 = LINE ( 'NONE', #3664, #2906 ) ;
#1749 = PRESENTATION_STYLE_ASSIGNMENT (( #3160 ) ) ;
#1750 = DIRECTION ( 'NONE',  ( 0.000000000000000000, 0.000000000000000000, 1.000000000000000000 ) ) ;
#1751 = AXIS2_PLACEMENT_3D ( 'NONE', #2117, #4037, #1651 ) ;
#1752 = DIRECTION ( 'NONE',  ( 1.000000000000000000, 0.000000000000000000, 0.000000000000000000 ) ) ;
#1753 = DIRECTION ( 'NONE',  ( -2.775557561562890365E-16, 3.108544885199760078E-33, 1.000000000000000000 ) ) ;
#1754 =( LENGTH_UNIT ( ) NAMED_UNIT ( * ) SI_UNIT ( .MILLI., .METRE. ) );
#1755 = ORIENTED_EDGE ( 'NONE', *, *, #4948, .F. ) ;
#1756 = EDGE_CURVE ( 'NONE', #2198, #3722, #3112, .T. ) ;
#1757 = AXIS2_PLACEMENT_3D ( 'NONE', #5645, #5519, #848 ) ;
#1758 = CARTESIAN_POINT ( 'NONE',  ( -8.655515473290822825, 23.53966042863260100, -42.43015398563891694 ) ) ;
#1759 = CARTESIAN_POINT ( 'NONE',  ( -5.973749999999999893, 3.138750000000146034, -96.39000000000000057 ) ) ;
#1760 = PLANE ( 'NONE',  #4752 ) ;
#1761 = VECTOR ( 'NONE', #6146, 1000.000000000000000 ) ;
#1762 = FILL_AREA_STYLE ('',( #6112 ) ) ;
#1763 = ORIENTED_EDGE ( 'NONE', *, *, #4716, .F. ) ;
#1764 = EDGE_CURVE ( 'NONE', #5958, #4266, #4564, .T. ) ;
#1765 = CARTESIAN_POINT ( 'NONE',  ( -5.973749999999991012, 1.323342920529794754E-14, -101.8999999999999915 ) ) ;
#1766 = PRESENTATION_STYLE_ASSIGNMENT (( #4152 ) ) ;
#1767 = CARTESIAN_POINT ( 'NONE',  ( 10.62500000000000000, -3.621089756750340616, -97.66761197181881471 ) ) ;
#1768 = TOROIDAL_SURFACE ( 'NONE', #5308, 8.137499999999995737, 3.000000000000000000 ) ;
#1769 = ORIENTED_EDGE ( 'NONE', *, *, #3064, .F. ) ;
#1770 = CARTESIAN_POINT ( 'NONE',  ( -5.973749999999989235, 22.58500000000000085, -101.8928772442464918 ) ) ;
#1771 = CARTESIAN_POINT ( 'NONE',  ( 10.12500000000000000, -3.037499999999999645, -40.84195960390601954 ) ) ;
#1772 = CARTESIAN_POINT ( 'NONE',  ( 5.978409244225710850, -3.037499999999999645, -43.42984260098797478 ) ) ;
#1773 = STYLED_ITEM ( 'NONE', ( #1816 ), #5602 ) ;
#1774 =( NAMED_UNIT ( * ) SI_UNIT ( $, .STERADIAN. ) SOLID_ANGLE_UNIT ( ) );
#1775 = B_SPLINE_CURVE_WITH_KNOTS ( 'NONE', 3,
 ( #4770, #1836, #2341, #1407, #1290, #3259, #3761, #5648, #3288, #4268, #6131, #3194, #5129, #819, #3224, #2715, #5158, #4676, #379, #5351, #78, #4893, #4805, #554, #984, #526 ),
 .UNSPECIFIED., .F., .F.,
 ( 4, 2, 2, 2, 2, 2, 2, 2, 2, 2, 2, 2, 4 ),
 ( 4.753308484573021439E-07, 0.0003694124839596452060, 0.0007383496370708331679, 0.001107286790182021238, 0.001476223943293208983, 0.002214098249515604206, 0.002951972555738000079, 0.003689846861960395519, 0.004058784015071598660, 0.004427721168182801800, 0.004796658321294006676, 0.005165595474405209817, 0.005903469780627598751 ),
 .UNSPECIFIED. ) ;
#1776 = ORIENTED_EDGE ( 'NONE', *, *, #2854, .T. ) ;
#1777 = CARTESIAN_POINT ( 'NONE',  ( -10.12500000000003908, -1.042955350706152921E-15, -98.89999999999999147 ) ) ;
#1778 = DIRECTION ( 'NONE',  ( -1.000000000000000000, 3.212450881438532241E-16, 6.057297782015010146E-32 ) ) ;
#1779 =( NAMED_UNIT ( * ) PLANE_ANGLE_UNIT ( ) SI_UNIT ( $, .RADIAN. ) );
#1780 = UNCERTAINTY_MEASURE_WITH_UNIT (LENGTH_MEASURE( 1.000000000000000082E-05 ), #3726, 'distance_accuracy_value', 'NONE');
#1781 = DIRECTION ( 'NONE',  ( 0.000000000000000000, 0.000000000000000000, 1.000000000000000000 ) ) ;
#1782 = PRESENTATION_LAYER_ASSIGNMENT (  '', '', ( #1678 ) ) ;
#1783 = DIRECTION ( 'NONE',  ( -7.806255641895363712E-16, 1.000000000000000000, 1.611790080179938474E-15 ) ) ;
#1784 = DIRECTION ( 'NONE',  ( 0.000000000000000000, 0.000000000000000000, -1.000000000000000000 ) ) ;
#1785 = DIRECTION ( 'NONE',  ( -1.000000000000000000, -0.000000000000000000, -0.000000000000000000 ) ) ;
#1786 = ORIENTED_EDGE ( 'NONE', *, *, #4646, .F. ) ;
#1787 =( NAMED_UNIT ( * ) SI_UNIT ( $, .STERADIAN. ) SOLID_ANGLE_UNIT ( ) );
#1788 = CARTESIAN_POINT ( 'NONE',  ( -8.298010044755971037, 1.484240648252188377, -92.70114468163347965 ) ) ;
#1789 = ADVANCED_FACE ( 'NONE', ( #2229 ), #4144, .T. ) ;
#1790 = PRESENTATION_STYLE_ASSIGNMENT (( #4242 ) ) ;
#1791 = FACE_OUTER_BOUND ( 'NONE', #5232, .T. ) ;
#1792 = VERTEX_POINT ( 'NONE', #6203 ) ;
#1793 = ORIENTED_EDGE ( 'NONE', *, *, #1002, .F. ) ;
#1794 = CARTESIAN_POINT ( 'NONE',  ( 10.12500000000000000, -3.370378253018048831, -96.94734603506556425 ) ) ;
#1795 = CARTESIAN_POINT ( 'NONE',  ( -7.796249999999989910, 21.32158956113294224, -35.44802621155027822 ) ) ;
#1796 = EDGE_CURVE ( 'NONE', #1844, #3682, #4780, .T. ) ;
#1797 = CARTESIAN_POINT ( 'NONE',  ( -5.973749999999999893, 2.024999999999999911, -26.73000000000000043 ) ) ;
#1798 = ORIENTED_EDGE ( 'NONE', *, *, #3206, .F. ) ;
#1799 = FILL_AREA_STYLE_COLOUR ( '', #268 ) ;
#1800 = CARTESIAN_POINT ( 'NONE',  ( -101.2500000000000000, 79.58249999999999602, -79.58249999999999602 ) ) ;
#1801 = LINE ( 'NONE', #6157, #4424 ) ;
#1802 = CARTESIAN_POINT ( 'NONE',  ( 1.776328546778517259, 29.15999999999998593, -41.57838433601979489 ) ) ;
#1803 = ORIENTED_EDGE ( 'NONE', *, *, #5803, .F. ) ;
#1804 = VECTOR ( 'NONE', #912, 1000.000000000000000 ) ;
#1805 = CARTESIAN_POINT ( 'NONE',  ( -8.338731999266444816, 23.85999999999999588, -37.35706469778319416 ) ) ;
#1806 = AXIS2_PLACEMENT_3D ( 'NONE', #3855, #5817, #1469 ) ;
#1807 = ORIENTED_EDGE ( 'NONE', *, *, #2557, .T. ) ;
#1808 = DIRECTION ( 'NONE',  ( -0.000000000000000000, 0.7071067811865490160, 0.7071067811865461294 ) ) ;
#1809 = CARTESIAN_POINT ( 'NONE',  ( 10.62500000000000000, -4.049999999999948308, -37.16020395729657366 ) ) ;
#1810 =( GEOMETRIC_REPRESENTATION_CONTEXT ( 3 ) GLOBAL_UNCERTAINTY_ASSIGNED_CONTEXT ( ( #2717 ) ) GLOBAL_UNIT_ASSIGNED_CONTEXT ( ( #2395, #5865, #1516 ) ) REPRESENTATION_CONTEXT ( 'NONE', 'WORKASPACE' ) );
#1811 = CARTESIAN_POINT ( 'NONE',  ( -9.899089991253555709, 4.781306916005713781, -37.01061748904673010 ) ) ;
#1812 = CARTESIAN_POINT ( 'NONE',  ( 7.929295875873521027, -4.049999999999965183, -36.83518982966703703 ) ) ;
#1813 = SURFACE_SIDE_STYLE ('',( #6174 ) ) ;
#1814 = DIRECTION ( 'NONE',  ( 1.000000000000000000, 0.000000000000000000, 0.000000000000000000 ) ) ;
#1815 = EDGE_LOOP ( 'NONE', ( #2348 ) ) ;
#1816 = PRESENTATION_STYLE_ASSIGNMENT (( #5212 ) ) ;
#1817 = ORIENTED_EDGE ( 'NONE', *, *, #1865, .T. ) ;
#1818 = EDGE_CURVE ( 'NONE', #5732, #1513, #1068, .T. ) ;
#1819 = SURFACE_STYLE_FILL_AREA ( #2785 ) ;
#1820 = CARTESIAN_POINT ( 'NONE',  ( -3.337174286910382648E-14, 18.02249999999999375, -95.03213518033507512 ) ) ;
#1821 = AXIS2_PLACEMENT_3D ( 'NONE', #2599, #6022, #2040 ) ;
#1822 = CARTESIAN_POINT ( 'NONE',  ( -1.752114810816105761, 20.35783384755127656, -84.11250724775733545 ) ) ;
#1823 = ORIENTED_EDGE ( 'NONE', *, *, #4987, .F. ) ;
#1824 = PLANE ( 'NONE',  #3275 ) ;
#1825 = CIRCLE ( 'NONE', #2021, 10.12500000000000000 ) ;
#1826 = CARTESIAN_POINT ( 'NONE',  ( 6.276705081063555625, -4.049999999999720046, -92.54570170524061723 ) ) ;
#1827 = EDGE_CURVE ( 'NONE', #1854, #769, #1255, .T. ) ;
#1828 = ADVANCED_FACE ( 'NONE', ( #3267 ), #3908, .F. ) ;
#1829 = DIRECTION ( 'NONE',  ( 0.000000000000000000, 4.370432417781573901E-15, -1.000000000000000000 ) ) ;
#1830 = SURFACE_STYLE_FILL_AREA ( #1308 ) ;
#1831 = MECHANICAL_DESIGN_GEOMETRIC_PRESENTATION_REPRESENTATION (  '', ( #1144 ), #2028 ) ;
#1832 = CARTESIAN_POINT ( 'NONE',  ( -7.796250000000000568, 10.93500000000000050, -102.2625000000000028 ) ) ;
#1833 = CARTESIAN_POINT ( 'NONE',  ( 3.135276948311697787, 29.16000000000000014, -39.98326769325394991 ) ) ;
#1834 = ORIENTED_EDGE ( 'NONE', *, *, #3214, .T. ) ;
#1835 = DIRECTION ( 'NONE',  ( -5.165278571223809621E-17, -1.000000000000000000, 0.000000000000000000 ) ) ;
#1836 = CARTESIAN_POINT ( 'NONE',  ( -9.234580639051310769, 2.722401260868447359, -42.11213103916964684 ) ) ;
#1837 = VECTOR ( 'NONE', #195, 1000.000000000000000 ) ;
#1838 = CARTESIAN_POINT ( 'NONE',  ( -9.319365997212502251, 22.18140024713800429, -42.06036481966484075 ) ) ;
#1839 = UNCERTAINTY_MEASURE_WITH_UNIT (LENGTH_MEASURE( 1.000000000000000082E-05 ), #1670, 'distance_accuracy_value', 'NONE');
#1840 = CARTESIAN_POINT ( 'NONE',  ( -8.525644876038567688, 23.66266688063824830, -93.92405806089576004 ) ) ;
#1841 = COLOUR_RGB ( '',0.1019607843137254888, 0.1019607843137254888, 0.1019607843137254888 ) ;
#1842 = FILL_AREA_STYLE ('',( #4358 ) ) ;
#1843 = SURFACE_STYLE_USAGE ( .BOTH. , #2434 ) ;
#1844 = VERTEX_POINT ( 'NONE', #5023 ) ;
#1845 = DIRECTION ( 'NONE',  ( -1.000000000000000000, 0.000000000000000000, 0.000000000000000000 ) ) ;
#1846 = STYLED_ITEM ( 'NONE', ( #3157 ), #4128 ) ;
#1847 =( LENGTH_UNIT ( ) NAMED_UNIT ( * ) SI_UNIT ( .MILLI., .METRE. ) );
#1848 = FACE_OUTER_BOUND ( 'NONE', #2049, .T. ) ;
#1849 = CARTESIAN_POINT ( 'NONE',  ( 10.90472645478790525, -4.050000000000354206, -46.06364138015256060 ) ) ;
#1850 = LINE ( 'NONE', #359, #3162 ) ;
#1851 =( GEOMETRIC_REPRESENTATION_CONTEXT ( 3 ) GLOBAL_UNCERTAINTY_ASSIGNED_CONTEXT ( ( #4306 ) ) GLOBAL_UNIT_ASSIGNED_CONTEXT ( ( #6064, #1742, #5094 ) ) REPRESENTATION_CONTEXT ( 'NONE', 'WORKASPACE' ) );
#1852 = ORIENTED_EDGE ( 'NONE', *, *, #3184, .T. ) ;
#1853 = SURFACE_STYLE_USAGE ( .BOTH. , #4303 ) ;
#1854 = VERTEX_POINT ( 'NONE', #2084 ) ;
#1855 = CARTESIAN_POINT ( 'NONE',  ( 6.904859113989630259, 29.16000000000003212, -92.48038920841746346 ) ) ;
#1856 = CARTESIAN_POINT ( 'NONE',  ( -5.973749999999992788, 23.85999999999999233, -26.69249999999999901 ) ) ;
#1857 = UNCERTAINTY_MEASURE_WITH_UNIT (LENGTH_MEASURE( 1.000000000000000082E-05 ), #2313, 'distance_accuracy_value', 'NONE');
#1858 = VECTOR ( 'NONE', #2471, 1000.000000000000000 ) ;
#1859 = ADVANCED_FACE ( 'NONE', ( #4512 ), #786, .F. ) ;
#1860 = ORIENTED_EDGE ( 'NONE', *, *, #3929, .F. ) ;
#1861 = CARTESIAN_POINT ( 'NONE',  ( -6.398114880771230695, 21.97124999999999062, -101.9000000000000625 ) ) ;
#1862 = PRESENTATION_LAYER_ASSIGNMENT (  '', '', ( #5613 ) ) ;
#1863 =( NAMED_UNIT ( * ) SI_UNIT ( $, .STERADIAN. ) SOLID_ANGLE_UNIT ( ) );
#1864 = VECTOR ( 'NONE', #6090, 1000.000000000000000 ) ;
#1865 = EDGE_CURVE ( 'NONE', #3652, #2861, #4959, .T. ) ;
#1866 = DIRECTION ( 'NONE',  ( 0.000000000000000000, 0.000000000000000000, 1.000000000000000000 ) ) ;
#1867 = CARTESIAN_POINT ( 'NONE',  ( 5.124129633549353358, 27.27690639370141312, -46.47375002599719807 ) ) ;
#1868 = ORIENTED_EDGE ( 'NONE', *, *, #6031, .F. ) ;
#1869 = CARTESIAN_POINT ( 'NONE',  ( 10.12500000000000178, -4.049999999999950973, -36.39402376808406814 ) ) ;
#1870 = SURFACE_SIDE_STYLE ('',( #3690 ) ) ;
#1871 = PRESENTATION_STYLE_ASSIGNMENT (( #951 ) ) ;
#1872 = EDGE_CURVE ( 'NONE', #3513, #469, #1380, .T. ) ;
#1873 = VECTOR ( 'NONE', #4480, 1000.000000000000000 ) ;
#1874 = EDGE_LOOP ( 'NONE', ( #1793, #3024, #4786, #5104, #77 ) ) ;
#1875 =( GEOMETRIC_REPRESENTATION_CONTEXT ( 3 ) GLOBAL_UNCERTAINTY_ASSIGNED_CONTEXT ( ( #3755 ) ) GLOBAL_UNIT_ASSIGNED_CONTEXT ( ( #700, #2064, #596 ) ) REPRESENTATION_CONTEXT ( 'NONE', 'WORKASPACE' ) );
#1876 =( NAMED_UNIT ( * ) SI_UNIT ( $, .STERADIAN. ) SOLID_ANGLE_UNIT ( ) );
#1877 = FACE_OUTER_BOUND ( 'NONE', #2296, .T. ) ;
#1878 = DIRECTION ( 'NONE',  ( -1.000000000000000000, 0.000000000000000000, 0.000000000000000000 ) ) ;
#1879 = ORIENTED_EDGE ( 'NONE', *, *, #3556, .F. ) ;
#1880 = CARTESIAN_POINT ( 'NONE',  ( -5.973749999999999893, 2.708219848386619629E-14, -45.96750000000000114 ) ) ;
#1881 = ORIENTED_EDGE ( 'NONE', *, *, #3330, .T. ) ;
#1882 = CARTESIAN_POINT ( 'NONE',  ( 8.113050789623811099, 25.24902447805019889, -90.61874998396979208 ) ) ;
#1883 = CARTESIAN_POINT ( 'NONE',  ( -8.890715314174654438, 23.11859975285975111, -42.06036481966484075 ) ) ;
#1884 = LINE ( 'NONE', #3808, #5071 ) ;
#1885 = CARTESIAN_POINT ( 'NONE',  ( 3.722244480508825060, -2.678597686956907697, -46.47375006789361152 ) ) ;
#1886 = CARTESIAN_POINT ( 'NONE',  ( 9.207420387001898021, 29.16000000000003922, -100.5804341500248285 ) ) ;
#1887 = ORIENTED_EDGE ( 'NONE', *, *, #1265, .F. ) ;
#1888 = CARTESIAN_POINT ( 'NONE',  ( -9.112499999999998934, 10.93500000000000050, -137.0924999999999727 ) ) ;
#1889 = CARTESIAN_POINT ( 'NONE',  ( 6.497110340789084226, -4.050000000000068212, -92.52461921607699935 ) ) ;
#1890 = SURFACE_STYLE_FILL_AREA ( #5810 ) ;
#1891 = PRESENTATION_STYLE_ASSIGNMENT (( #5378 ) ) ;
#1892 = CARTESIAN_POINT ( 'NONE',  ( 1.925071415036196276, 29.15999999999999659, -41.40231114150289216 ) ) ;
#1893 = CARTESIAN_POINT ( 'NONE',  ( 9.297378561140195785, 23.84742946735045521, -46.47375000586892213 ) ) ;
#1894 = ORIENTED_EDGE ( 'NONE', *, *, #67, .T. ) ;
#1895 = SURFACE_STYLE_USAGE ( .BOTH. , #3385 ) ;
#1896 = EDGE_CURVE ( 'NONE', #3309, #4630, #244, .T. ) ;
#1897 = UNCERTAINTY_MEASURE_WITH_UNIT (LENGTH_MEASURE( 1.000000000000000082E-05 ), #1098, 'distance_accuracy_value', 'NONE');
#1898 = LINE ( 'NONE', #1442, #5685 ) ;
#1899 = FACE_OUTER_BOUND ( 'NONE', #3186, .T. ) ;
#1900 = FILL_AREA_STYLE_COLOUR ( '', #3357 ) ;
#1901 = PLANE ( 'NONE',  #5301 ) ;
#1902 = ORIENTED_EDGE ( 'NONE', *, *, #5039, .F. ) ;
#1903 = VECTOR ( 'NONE', #6168, 1000.000000000000000 ) ;
#1904 =( LENGTH_UNIT ( ) NAMED_UNIT ( * ) SI_UNIT ( .MILLI., .METRE. ) );
#1905 = EDGE_CURVE ( 'NONE', #6004, #5786, #3061, .T. ) ;
#1906 = PLANE ( 'NONE',  #451 ) ;
#1907 =( NAMED_UNIT ( * ) PLANE_ANGLE_UNIT ( ) SI_UNIT ( $, .RADIAN. ) );
#1908 = CARTESIAN_POINT ( 'NONE',  ( -0.1272103344104368594, 1.185852669311037833, -50.58803690942725240 ) ) ;
#1909 = EDGE_LOOP ( 'NONE', ( #1249, #3092, #1653, #5924 ) ) ;
#1910 = ORIENTED_EDGE ( 'NONE', *, *, #2777, .T. ) ;
#1911 =( GEOMETRIC_REPRESENTATION_CONTEXT ( 3 ) GLOBAL_UNCERTAINTY_ASSIGNED_CONTEXT ( ( #4932 ) ) GLOBAL_UNIT_ASSIGNED_CONTEXT ( ( #1245, #3180, #5214 ) ) REPRESENTATION_CONTEXT ( 'NONE', 'WORKASPACE' ) );
#1912 = CARTESIAN_POINT ( 'NONE',  ( 7.127597562413918730, 26.10511756943359885, -90.61874997017039846 ) ) ;
#1913 = SURFACE_SIDE_STYLE ('',( #4721 ) ) ;
#1914 = PLANE ( 'NONE',  #4456 ) ;
#1915 = SURFACE_STYLE_FILL_AREA ( #3809 ) ;
#1916 =( GEOMETRIC_REPRESENTATION_CONTEXT ( 3 ) GLOBAL_UNCERTAINTY_ASSIGNED_CONTEXT ( ( #856 ) ) GLOBAL_UNIT_ASSIGNED_CONTEXT ( ( #609, #5700, #1331 ) ) REPRESENTATION_CONTEXT ( 'NONE', 'WORKASPACE' ) );
#1917 = ORIENTED_EDGE ( 'NONE', *, *, #3598, .F. ) ;
#1918 = FILL_AREA_STYLE_COLOUR ( '', #3171 ) ;
#1919 = CARTESIAN_POINT ( 'NONE',  ( 3.121512803111402334, -4.049999999999978506, -92.69234437625995326 ) ) ;
#1920 = CARTESIAN_POINT ( 'NONE',  ( 10.62500000000000000, 29.16000000000003922, -36.39402376808405393 ) ) ;
#1921 = AXIS2_PLACEMENT_3D ( 'NONE', #2856, #4791, #5309 ) ;
#1922 = CARTESIAN_POINT ( 'NONE',  ( 10.62500000000000000, -3.037499999999999645, -23.69249999999998835 ) ) ;
#1923 = VECTOR ( 'NONE', #763, 1000.000000000000000 ) ;
#1924 = CARTESIAN_POINT ( 'NONE',  ( 4.638564266609129128, 29.16000000000000725, -38.58375293151536312 ) ) ;
#1925 = CARTESIAN_POINT ( 'NONE',  ( 10.16404665332546919, 22.36646107972427444, -46.47374999485082014 ) ) ;
#1926 = ORIENTED_EDGE ( 'NONE', *, *, #3599, .F. ) ;
#1927 = CARTESIAN_POINT ( 'NONE',  ( 8.310017158151277172, -4.049999999999962519, -36.72085431544545742 ) ) ;
#1928 = VECTOR ( 'NONE', #4416, 1000.000000000000000 ) ;
#1929 = AXIS2_PLACEMENT_3D ( 'NONE', #6087, #6119, #3746 ) ;
#1930 = CARTESIAN_POINT ( 'NONE',  ( -9.252866581436274274, 22.31304051293053448, -94.52884289565324138 ) ) ;
#1931 = LINE ( 'NONE', #1410, #4960 ) ;
#1932 = ADVANCED_FACE ( 'NONE', ( #1161 ), #1125, .T. ) ;
#1933 = LINE ( 'NONE', #3390, #264 ) ;
#1934 = CIRCLE ( 'NONE', #450, 10.12500000000000178 ) ;
#1935 = VERTEX_POINT ( 'NONE', #2796 ) ;
#1936 = CARTESIAN_POINT ( 'NONE',  ( -1.178640076098171452, 3.034910786305476726, -85.10070722760683282 ) ) ;
#1937 = PRESENTATION_STYLE_ASSIGNMENT (( #29 ) ) ;
#1938 = ADVANCED_FACE ( 'NONE', ( #3283 ), #5269, .T. ) ;
#1939 = LINE ( 'NONE', #3395, #2660 ) ;
#1940 = ORIENTED_EDGE ( 'NONE', *, *, #3130, .T. ) ;
#1941 =( GEOMETRIC_REPRESENTATION_CONTEXT ( 3 ) GLOBAL_UNCERTAINTY_ASSIGNED_CONTEXT ( ( #1857 ) ) GLOBAL_UNIT_ASSIGNED_CONTEXT ( ( #2313, #5687, #6199 ) ) REPRESENTATION_CONTEXT ( 'NONE', 'WORKASPACE' ) );
#1942 = CARTESIAN_POINT ( 'NONE',  ( -3.460773334573730153E-14, 18.02250000000000085, -42.06036481966499707 ) ) ;
#1943 = CARTESIAN_POINT ( 'NONE',  ( 4.925878795894337969, 29.15999999999961290, -92.63693213829157003 ) ) ;
#1944 = SURFACE_SIDE_STYLE ('',( #2915 ) ) ;
#1945 = CARTESIAN_POINT ( 'NONE',  ( -51.32951142158430713, 3.138750000000141593, -1.350211916778389836E-14 ) ) ;
#1946 = EDGE_CURVE ( 'NONE', #2037, #5574, #845, .T. ) ;
#1947 = PRESENTATION_STYLE_ASSIGNMENT (( #1058 ) ) ;
#1948 = ORIENTED_EDGE ( 'NONE', *, *, #1482, .F. ) ;
#1949 = CARTESIAN_POINT ( 'NONE',  ( 2.308688586938255849, -4.050000000000355982, -92.70366962025832436 ) ) ;
#1950 = DIRECTION ( 'NONE',  ( 1.000000000000000000, 0.000000000000000000, 0.000000000000000000 ) ) ;
#1951 = AXIS2_PLACEMENT_3D ( 'NONE', #1998, #4905, #5594 ) ;
#1952 = CARTESIAN_POINT ( 'NONE',  ( -9.112500000000016698, 11.43500000000000227, -110.3999999999999915 ) ) ;
#1953 = AXIS2_PLACEMENT_3D ( 'NONE', #2523, #1073, #591 ) ;
#1954 = PRESENTATION_STYLE_ASSIGNMENT (( #2895 ) ) ;
#1955 = CARTESIAN_POINT ( 'NONE',  ( 4.365973800551664397, 27.57869053434266604, -46.47374996605320518 ) ) ;
#1956 = VERTEX_POINT ( 'NONE', #4671 ) ;
#1957 = FILL_AREA_STYLE ('',( #4769 ) ) ;
#1958 = AXIS2_PLACEMENT_3D ( 'NONE', #1256, #2189, #757 ) ;
#1959 = FILL_AREA_STYLE ('',( #4513 ) ) ;
#1960 =( NAMED_UNIT ( * ) PLANE_ANGLE_UNIT ( ) SI_UNIT ( $, .RADIAN. ) );
#1961 = DIRECTION ( 'NONE',  ( 1.000000000000000000, 0.000000000000000000, 0.000000000000000000 ) ) ;
#1962 = STYLED_ITEM ( 'NONE', ( #3895 ), #6180 ) ;
#1963 = DIRECTION ( 'NONE',  ( 1.000000000000000000, 0.000000000000000000, 0.000000000000000000 ) ) ;
#1964 = AXIS2_PLACEMENT_3D ( 'NONE', #4214, #6149, #3272 ) ;
#1965 = ORIENTED_EDGE ( 'NONE', *, *, #3184, .F. ) ;
#1966 = CARTESIAN_POINT ( 'NONE',  ( 0.05836580770944213570, 0.9273821191531457231, -86.72368047913803935 ) ) ;
#1967 = MECHANICAL_DESIGN_GEOMETRIC_PRESENTATION_REPRESENTATION (  '', ( #2876 ), #4599 ) ;
#1968 = CARTESIAN_POINT ( 'NONE',  ( 0.000000000000000000, 28.09674780070452726, 0.05075219929546703757 ) ) ;
#1969 = ORIENTED_EDGE ( 'NONE', *, *, #1372, .F. ) ;
#1970 = COLOUR_RGB ( '',0.1019607843137254888, 0.1019607843137254888, 0.1019607843137254888 ) ;
#1971 = CARTESIAN_POINT ( 'NONE',  ( -7.578847391416587698, 25.10999999999999588, -113.4000000000000057 ) ) ;
#1972 = CARTESIAN_POINT ( 'NONE',  ( 1.595252968563968254, 28.13475926061972743, -90.61874998168164552 ) ) ;
#1973 = DIRECTION ( 'NONE',  ( 1.000000000000000000, -4.510281037539699678E-17, -6.057297782015010146E-32 ) ) ;
#1974 = EDGE_CURVE ( 'NONE', #882, #3059, #4920, .T. ) ;
#1975 = DIRECTION ( 'NONE',  ( 1.000000000000000000, 0.000000000000000000, 0.000000000000000000 ) ) ;
#1976 = CARTESIAN_POINT ( 'NONE',  ( 1.012499999999961542, 29.15999999999999304, -95.03213518033508933 ) ) ;
#1977 = VERTEX_POINT ( 'NONE', #2244 ) ;
#1978 = DIRECTION ( 'NONE',  ( -1.000000000000000000, 0.000000000000000000, 0.000000000000000000 ) ) ;
#1979 = CARTESIAN_POINT ( 'NONE',  ( 6.632369389440556873, -4.049999999999967848, -99.74171187244812131 ) ) ;
#1980 = CARTESIAN_POINT ( 'NONE',  ( 8.375079882868803338, -3.037500000000000533, -95.67420151906458159 ) ) ;
#1981 = EDGE_CURVE ( 'NONE', #712, #1977, #6125, .T. ) ;
#1982 = DIRECTION ( 'NONE',  ( 0.000000000000000000, -1.000000000000000000, 0.000000000000000000 ) ) ;
#1983 = UNCERTAINTY_MEASURE_WITH_UNIT (LENGTH_MEASURE( 1.000000000000000082E-05 ), #6156, 'distance_accuracy_value', 'NONE');
#1984 = SURFACE_SIDE_STYLE ('',( #2958 ) ) ;
#1985 = DIRECTION ( 'NONE',  ( 1.000000000000000000, 0.000000000000000000, 0.000000000000000000 ) ) ;
#1986 = ORIENTED_EDGE ( 'NONE', *, *, #6027, .F. ) ;
#1987 = CARTESIAN_POINT ( 'NONE',  ( 10.12500000000000178, -4.049999999999947420, -100.6984762319159046 ) ) ;
#1988 = CARTESIAN_POINT ( 'NONE',  ( 1.012499999999961542, 18.02250000000000085, -113.4000000000000057 ) ) ;
#1989 = B_SPLINE_SURFACE_WITH_KNOTS ( 'NONE', 3, 1, ( 
 ( #3590, #5667 ),
 ( #6117, #1794 ),
 ( #1767, #4187 ),
 ( #1301, #6151 ),
 ( #4635, #5637 ),
 ( #2204, #5572 ) ),
 .UNSPECIFIED., .F., .F., .F.,
 ( 4, 2, 4 ),
 ( 2, 2 ),
 ( 0.000000000000000000, 0.5000000000000000000, 1.000000000000000000 ),
 ( 0.000000000000000000, 1.000000000000000000 ),
 .UNSPECIFIED. ) ;
#1990 =( NAMED_UNIT ( * ) PLANE_ANGLE_UNIT ( ) SI_UNIT ( $, .RADIAN. ) );
#1991 = FILL_AREA_STYLE_COLOUR ( '', #2845 ) ;
#1992 =( NAMED_UNIT ( * ) PLANE_ANGLE_UNIT ( ) SI_UNIT ( $, .RADIAN. ) );
#1993 = ORIENTED_EDGE ( 'NONE', *, *, #5508, .T. ) ;
#1994 = CARTESIAN_POINT ( 'NONE',  ( -1.161622607640882876, 2.996262088781127986, -85.12677359631202023 ) ) ;
#1995 = DIRECTION ( 'NONE',  ( 0.7071067811865515695, 0.000000000000000000, 0.7071067811865435759 ) ) ;
#1996 = FILL_AREA_STYLE_COLOUR ( '', #6042 ) ;
#1997 = COLOUR_RGB ( '',0.1019607843137254888, 0.1019607843137254888, 0.1019607843137254888 ) ;
#1998 = CARTESIAN_POINT ( 'NONE',  ( 1.012499999999961542, 19.03499999999998948, -95.03213518033508933 ) ) ;
#1999 = ORIENTED_EDGE ( 'NONE', *, *, #4603, .F. ) ;
#2000 = VERTEX_POINT ( 'NONE', #3251 ) ;
#2001 = DIRECTION ( 'NONE',  ( 0.000000000000000000, 0.000000000000000000, 1.000000000000000000 ) ) ;
#2002 =( BOUNDED_SURFACE ( )  B_SPLINE_SURFACE ( 3, 2, ( 
 ( #5835, #5, #3401 ),
 ( #2446, #4881, #4282 ),
 ( #1024, #2918, #5370 ),
 ( #5893, #3894, #1056 ),
 ( #2949, #575, #4402 ),
 ( #6250, #95, #1542 ),
 ( #1885, #5768, #5281 ),
 ( #970, #2859, #4793 ),
 ( #489, #5989, #3615 ),
 ( #2101, #706, #2601 ),
 ( #1598, #4978, #229 ),
 ( #2138, #6047, #2070 ),
 ( #4086, #3522, #3080 ),
 ( #1208, #1633, #4432 ),
 ( #165, #602, #5927 ),
 ( #5463, #1697, #2570 ),
 ( #4020, #4532, #4053 ),
 ( #1146, #2504, #672 ),
 ( #3584, #4470, #1572 ),
 ( #3046, #5012, #3499 ),
 ( #3552, #5566, #5535 ),
 ( #5427, #4500, #6024 ),
 ( #5043, #2982, #633 ),
 ( #1663, #3958, #196 ),
 ( #4911, #3115, #736 ),
 ( #128, #2635, #2042 ),
 ( #1112, #2541, #3013 ),
 ( #4567, #260, #5499 ),
 ( #1179, #2170, #4943 ),
 ( #3992, #5957, #2262 ),
 ( #2289, #295, #3236 ),
 ( #4211, #418, #2725 ),
 ( #6173, #2754, #5659 ),
 ( #1241, #1849, #1812 ),
 ( #5076, #3736, #6207 ),
 ( #5694, #5209, #4714 ),
 ( #5140, #5109, #4180 ),
 ( #5172, #389, #3676 ) ),
 .UNSPECIFIED., .F., .F., .T. ) 
 B_SPLINE_SURFACE_WITH_KNOTS ( ( 4, 2, 2, 2, 2, 2, 2, 2, 2, 2, 2, 2, 2, 2, 2, 2, 2, 2, 4 ),
 ( 3, 3 ),
 ( 0.01803614591985444951, 0.01812300996936237751, 0.01820987401887030205, 0.01838360211788615112, 0.01847046616739407565, 0.01855733021690200019, 0.01873105831591784926, 0.01907851451394955086, 0.01942597071198125247, 0.01977342691001295408, 0.02012088310804465568, 0.02081579550410805890, 0.02151070790017146211, 0.02220562029623486533, 0.02359544508836167176, 0.02498526988048847819, 0.02637509467261528462, 0.02776491946474209105, 0.02915474425686889401 ),
 ( 0.000000000000000000, 1.000000000000000000 ),
 .UNSPECIFIED. ) 
 GEOMETRIC_REPRESENTATION_ITEM ( )  RATIONAL_B_SPLINE_SURFACE ( (
 ( 1.000000000000000000, 0.9746794344808933364, 1.000000000000000000),
 ( 1.000000000000000000, 0.9746799479852604753, 1.000000000000000000),
 ( 1.000000000000000000, 0.9743568196694348815, 1.000000000000000000),
 ( 1.000000000000000000, 0.9731141381503091159, 1.000000000000000000),
 ( 1.000000000000000000, 0.9721824285868064797, 1.000000000000000000),
 ( 1.000000000000000000, 0.9687194485353617379, 1.000000000000000000),
 ( 1.000000000000000000, 0.9655513060546554449, 1.000000000000000000),
 ( 1.000000000000000000, 0.9601634611580199818, 1.000000000000000000),
 ( 1.000000000000000000, 0.9582586981073011323, 1.000000000000000000),
 ( 1.000000000000000000, 0.9543671507069022564, 1.000000000000000000),
 ( 1.000000000000000000, 0.9523716756011996187, 1.000000000000000000),
 ( 1.000000000000000000, 0.9463063569838187084, 1.000000000000000000),
 ( 1.000000000000000000, 0.9421616744664063070, 1.000000000000000000),
 ( 1.000000000000000000, 0.9297497655257830340, 1.000000000000000000),
 ( 1.000000000000000000, 0.9215223295673838910, 1.000000000000000000),
 ( 1.000000000000000000, 0.9058000326082501497, 1.000000000000000000),
 ( 1.000000000000000000, 0.8982849355800740510, 1.000000000000000000),
 ( 1.000000000000000000, 0.8840834982022888200, 1.000000000000000000),
 ( 1.000000000000000000, 0.8773909257624510349, 1.000000000000000000),
 ( 1.000000000000000000, 0.8647921572181946903, 1.000000000000000000),
 ( 1.000000000000000000, 0.8588839873657275747, 1.000000000000000000),
 ( 1.000000000000000000, 0.8422167834827406496, 1.000000000000000000),
 ( 1.000000000000000000, 0.8325102047506148795, 1.000000000000000000),
 ( 1.000000000000000000, 0.8152246893039817310, 1.000000000000000000),
 ( 1.000000000000000000, 0.8076429853543035664, 1.000000000000000000),
 ( 1.000000000000000000, 0.7940519269257301227, 1.000000000000000000),
 ( 1.000000000000000000, 0.7880434873699136977, 1.000000000000000000),
 ( 1.000000000000000000, 0.7717756809104798776, 1.000000000000000000),
 ( 1.000000000000000000, 0.7632188848039782592, 1.000000000000000000),
 ( 1.000000000000000000, 0.7490171115735646534, 1.000000000000000000),
 ( 1.000000000000000000, 0.7433321590432631076, 1.000000000000000000),
 ( 1.000000000000000000, 0.7336101691056544638, 1.000000000000000000),
 ( 1.000000000000000000, 0.7295865456048331588, 1.000000000000000000),
 ( 1.000000000000000000, 0.7225791767269991173, 1.000000000000000000),
 ( 1.000000000000000000, 0.7196540846722718765, 1.000000000000000000),
 ( 1.000000000000000000, 0.7145796383773774796, 1.000000000000000000),
 ( 1.000000000000000000, 0.7124233275652357422, 1.000000000000000000),
 ( 1.000000000000000000, 0.7105100200589959947, 1.000000000000000000) ) ) 
 REPRESENTATION_ITEM ( '' )  SURFACE ( )  );
#2003 = VECTOR ( 'NONE', #5691, 1000.000000000000000 ) ;
#2004 = FACE_OUTER_BOUND ( 'NONE', #5960, .T. ) ;
#2005 =( NAMED_UNIT ( * ) PLANE_ANGLE_UNIT ( ) SI_UNIT ( $, .RADIAN. ) );
#2006 =( GEOMETRIC_REPRESENTATION_CONTEXT ( 3 ) GLOBAL_UNCERTAINTY_ASSIGNED_CONTEXT ( ( #284 ) ) GLOBAL_UNIT_ASSIGNED_CONTEXT ( ( #5440, #651, #2150 ) ) REPRESENTATION_CONTEXT ( 'NONE', 'WORKASPACE' ) );
#2007 = EDGE_LOOP ( 'NONE', ( #5305, #296, #2389, #1669, #3075, #5904 ) ) ;
#2008 = EDGE_CURVE ( 'NONE', #6030, #271, #1341, .T. ) ;
#2009 = CARTESIAN_POINT ( 'NONE',  ( 9.043877225994146229, -4.050000000000158806, -92.06848604386757984 ) ) ;
#2010 = LINE ( 'NONE', #520, #521 ) ;
#2011 = SURFACE_SIDE_STYLE ('',( #4985 ) ) ;
#2012 = PRESENTATION_STYLE_ASSIGNMENT (( #103 ) ) ;
#2013 = MECHANICAL_DESIGN_GEOMETRIC_PRESENTATION_REPRESENTATION (  '', ( #3222 ), #4231 ) ;
#2014 = EDGE_CURVE ( 'NONE', #5608, #2057, #5866, .T. ) ;
#2015 = CARTESIAN_POINT ( 'NONE',  ( 11.05289438370435029, 29.15999999999684178, -46.32412789394813046 ) ) ;
#2016 = ORIENTED_EDGE ( 'NONE', *, *, #4723, .T. ) ;
#2017 = VECTOR ( 'NONE', #3225, 1000.000000000000114 ) ;
#2018 = CARTESIAN_POINT ( 'NONE',  ( 10.62500000000000000, 28.73530505604057339, -97.68133091484642705 ) ) ;
#2019 = CARTESIAN_POINT ( 'NONE',  ( 1.776328546778592088, -4.049999999999998934, -95.51411566398000730 ) ) ;
#2020 = LINE ( 'NONE', #1611, #631 ) ;
#2021 = AXIS2_PLACEMENT_3D ( 'NONE', #6041, #1750, #2160 ) ;
#2022 = AXIS2_PLACEMENT_3D ( 'NONE', #1820, #3743, #836 ) ;
#2023 = CARTESIAN_POINT ( 'NONE',  ( 0.000000000000000000, 3.037499999999999645, -137.0924999999999727 ) ) ;
#2024 = DIRECTION ( 'NONE',  ( 0.000000000000000000, 0.7071067811865515695, 0.7071067811865435759 ) ) ;
#2025 = ORIENTED_EDGE ( 'NONE', *, *, #858, .T. ) ;
#2026 = CARTESIAN_POINT ( 'NONE',  ( -1.780992135433183909, 20.23194321683473973, -53.03711811026712297 ) ) ;
#2027 = LINE ( 'NONE', #506, #4314 ) ;
#2028 =( GEOMETRIC_REPRESENTATION_CONTEXT ( 3 ) GLOBAL_UNCERTAINTY_ASSIGNED_CONTEXT ( ( #5858 ) ) GLOBAL_UNIT_ASSIGNED_CONTEXT ( ( #4363, #1907, #3329 ) ) REPRESENTATION_CONTEXT ( 'NONE', 'WORKASPACE' ) );
#2029 = MECHANICAL_DESIGN_GEOMETRIC_PRESENTATION_REPRESENTATION (  '', ( #2232 ), #4442 ) ;
#2030 = UNCERTAINTY_MEASURE_WITH_UNIT (LENGTH_MEASURE( 1.000000000000000082E-05 ), #5226, 'distance_accuracy_value', 'NONE');
#2031 = SURFACE_STYLE_FILL_AREA ( #3036 ) ;
#2032 =( NAMED_UNIT ( * ) SI_UNIT ( $, .STERADIAN. ) SOLID_ANGLE_UNIT ( ) );
#2033 = MECHANICAL_DESIGN_GEOMETRIC_PRESENTATION_REPRESENTATION (  '', ( #1631 ), #953 ) ;
#2034 = CARTESIAN_POINT ( 'NONE',  ( 8.374831281640922498, 28.14749999999999375, -41.41842858372153557 ) ) ;
#2035 = AXIS2_PLACEMENT_3D ( 'NONE', #2078, #611, #6053 ) ;
#2036 = CARTESIAN_POINT ( 'NONE',  ( -1.958529968693060397, 5.929175831114012141, -53.40992066949714001 ) ) ;
#2037 = VERTEX_POINT ( 'NONE', #5841 ) ;
#2038 = CARTESIAN_POINT ( 'NONE',  ( 8.099999999999999645, -3.037499999999999645, 0.000000000000000000 ) ) ;
#2039 = PRESENTATION_LAYER_ASSIGNMENT (  '', '', ( #752 ) ) ;
#2040 = DIRECTION ( 'NONE',  ( -1.000000000000000000, 0.000000000000000000, 0.000000000000000000 ) ) ;
#2041 = VECTOR ( 'NONE', #5852, 1000.000000000000000 ) ;
#2042 = CARTESIAN_POINT ( 'NONE',  ( 3.619549155325345158, -4.049999999999989164, -39.48431724159210177 ) ) ;
#2043 = EDGE_LOOP ( 'NONE', ( #1059, #3857, #3853, #3505, #4938, #1467 ) ) ;
#2044 = CARTESIAN_POINT ( 'NONE',  ( 3.786783009628812202, -4.049999999999984723, -97.76893678826361622 ) ) ;
#2045 = DIRECTION ( 'NONE',  ( 3.053113317719179993E-16, -9.807976568638701793E-32, 1.000000000000000000 ) ) ;
#2046 = DIRECTION ( 'NONE',  ( -1.000000000000000000, 0.000000000000000000, 0.000000000000000000 ) ) ;
#2047 =( NAMED_UNIT ( * ) SI_UNIT ( $, .STERADIAN. ) SOLID_ANGLE_UNIT ( ) );
#2048 = AXIS2_PLACEMENT_3D ( 'NONE', #3969, #3437, #1063 ) ;
#2049 = EDGE_LOOP ( 'NONE', ( #4429, #6019, #1479, #3122, #3474, #1834 ) ) ;
#2050 = SURFACE_STYLE_FILL_AREA ( #3565 ) ;
#2051 = SURFACE_STYLE_FILL_AREA ( #1193 ) ;
#2052 = EDGE_CURVE ( 'NONE', #280, #320, #1338, .T. ) ;
#2053 = PRESENTATION_STYLE_ASSIGNMENT (( #655 ) ) ;
#2054 = VECTOR ( 'NONE', #5794, 1000.000000000000000 ) ;
#2055 = SURFACE_SIDE_STYLE ('',( #1556 ) ) ;
#2056 = SURFACE_STYLE_FILL_AREA ( #83 ) ;
#2057 = VERTEX_POINT ( 'NONE', #1952 ) ;
#2058 = CARTESIAN_POINT ( 'NONE',  ( 10.12500000000000000, 28.73108975675040000, -39.42488802818125748 ) ) ;
#2059 = CARTESIAN_POINT ( 'NONE',  ( -5.973749999999999893, -1.241352606881924749E-14, -40.70249999999999346 ) ) ;
#2060 = ADVANCED_FACE ( 'NONE', ( #940 ), #2893, .T. ) ;
#2061 = CARTESIAN_POINT ( 'NONE',  ( 10.62500000000000000, 3.037499999999999645, -137.0924999999999727 ) ) ;
#2062 = LINE ( 'NONE', #4462, #853 ) ;
#2063 = MECHANICAL_DESIGN_GEOMETRIC_PRESENTATION_REPRESENTATION (  '', ( #5097 ), #3775 ) ;
#2064 =( NAMED_UNIT ( * ) PLANE_ANGLE_UNIT ( ) SI_UNIT ( $, .RADIAN. ) );
#2065 =( LENGTH_UNIT ( ) NAMED_UNIT ( * ) SI_UNIT ( .MILLI., .METRE. ) );
#2066 = EDGE_LOOP ( 'NONE', ( #3912, #4317, #5553, #2506, #3461 ) ) ;
#2067 = CARTESIAN_POINT ( 'NONE',  ( 1.012499999999969535, -0.1431962838996078680, -87.72444628389968102 ) ) ;
#2068 = FILL_AREA_STYLE_COLOUR ( '', #737 ) ;
#2069 = CARTESIAN_POINT ( 'NONE',  ( -5.973749999999999893, 3.133957757986739482E-14, -91.12500000000000000 ) ) ;
#2070 = CARTESIAN_POINT ( 'NONE',  ( 1.529408302791434027, -4.050000000000002487, -41.81361773501195245 ) ) ;
#2071 = COLOUR_RGB ( '',0.1019607843137254888, 0.1019607843137254888, 0.1019607843137254888 ) ;
#2072 = SURFACE_STYLE_USAGE ( .BOTH. , #1600 ) ;
#2073 = ORIENTED_EDGE ( 'NONE', *, *, #1307, .T. ) ;
#2074 =( NAMED_UNIT ( * ) SI_UNIT ( $, .STERADIAN. ) SOLID_ANGLE_UNIT ( ) );
#2075 = CARTESIAN_POINT ( 'NONE',  ( 10.70601442737409492, 4.140718317848500085, -90.61875000258889656 ) ) ;
#2076 = FILL_AREA_STYLE_COLOUR ( '', #427 ) ;
#2077 =( NAMED_UNIT ( * ) SI_UNIT ( $, .STERADIAN. ) SOLID_ANGLE_UNIT ( ) );
#2078 = CARTESIAN_POINT ( 'NONE',  ( 1.012499999999961542, 7.087499999999992362, -42.06036481966481944 ) ) ;
#2079 = MECHANICAL_DESIGN_GEOMETRIC_PRESENTATION_REPRESENTATION (  '', ( #1678 ), #5322 ) ;
#2080 = PRESENTATION_STYLE_ASSIGNMENT (( #105 ) ) ;
#2081 = CARTESIAN_POINT ( 'NONE',  ( 10.95482697017908968, 29.15999999999845826, -46.13517350621428648 ) ) ;
#2082 = ORIENTED_EDGE ( 'NONE', *, *, #2324, .F. ) ;
#2083 = PRESENTATION_STYLE_ASSIGNMENT (( #1705 ) ) ;
#2084 = CARTESIAN_POINT ( 'NONE',  ( 10.12500000000000178, -4.049999999999947420, -100.6984762319159046 ) ) ;
#2085 = SURFACE_STYLE_FILL_AREA ( #1959 ) ;
#2086 = PRESENTATION_STYLE_ASSIGNMENT (( #1163 ) ) ;
#2087 = LINE ( 'NONE', #2997, #1160 ) ;
#2088 = ORIENTED_EDGE ( 'NONE', *, *, #1450, .F. ) ;
#2089 = EDGE_CURVE ( 'NONE', #6147, #6147, #639, .T. ) ;
#2090 = CARTESIAN_POINT ( 'NONE',  ( -1.145226943394042962, 22.15062401993579400, -51.94072563595246805 ) ) ;
#2091 = CARTESIAN_POINT ( 'NONE',  ( -7.535515409728610337, 21.97124999999999773, -35.46431799895100312 ) ) ;
#2092 = CARTESIAN_POINT ( 'NONE',  ( 10.52882189869590235, 21.48490845198923083, -90.61874999870545366 ) ) ;
#2093 = UNCERTAINTY_MEASURE_WITH_UNIT (LENGTH_MEASURE( 1.000000000000000082E-05 ), #6263, 'distance_accuracy_value', 'NONE');
#2094 = UNCERTAINTY_MEASURE_WITH_UNIT (LENGTH_MEASURE( 1.000000000000000082E-05 ), #5302, 'distance_accuracy_value', 'NONE');
#2095 =( NAMED_UNIT ( * ) PLANE_ANGLE_UNIT ( ) SI_UNIT ( $, .RADIAN. ) );
#2096 = CARTESIAN_POINT ( 'NONE',  ( -9.112499999999975842, -3.356902052527122737E-14, -90.61874999999999147 ) ) ;
#2097 = EDGE_LOOP ( 'NONE', ( #702 ) ) ;
#2098 = VERTEX_POINT ( 'NONE', #4763 ) ;
#2099 = ADVANCED_FACE ( 'NONE', ( #2924 ), #4313, .F. ) ;
#2100 = EDGE_CURVE ( 'NONE', #3294, #3176, #3055, .T. ) ;
#2101 = CARTESIAN_POINT ( 'NONE',  ( 4.947086934155490390, -2.243960603340361182, -46.47374996594938779 ) ) ;
#2102 = FILL_AREA_STYLE_COLOUR ( '', #1570 ) ;
#2103 = ORIENTED_EDGE ( 'NONE', *, *, #4294, .F. ) ;
#2104 = PLANE ( 'NONE',  #4381 ) ;
#2105 = VECTOR ( 'NONE', #3232, 1000.000000000000000 ) ;
#2106 = CARTESIAN_POINT ( 'NONE',  ( 10.27535052360860668, 2.992119492959648852, -90.61874999749915105 ) ) ;
#2107 = CARTESIAN_POINT ( 'NONE',  ( -7.796250000000000568, -1.124100812432970240E-13, -2.248201624865943761E-13 ) ) ;
#2108 = CARTESIAN_POINT ( 'NONE',  ( 7.255320315728921350E-15, 22.58499999999999730, -102.2625000000000028 ) ) ;
#2109 = CARTESIAN_POINT ( 'NONE',  ( -7.125000000000032863, 18.02249999999999375, -38.19250000000000256 ) ) ;
#2110 = ORIENTED_EDGE ( 'NONE', *, *, #3871, .T. ) ;
#2111 = CARTESIAN_POINT ( 'NONE',  ( -5.973749999999999893, 25.10999999999999588, 1.208290729181724625E-14 ) ) ;
#2112 = ORIENTED_EDGE ( 'NONE', *, *, #610, .T. ) ;
#2113 = CARTESIAN_POINT ( 'NONE',  ( -8.026262014236273501, 22.58500000000000441, -102.2625000000000028 ) ) ;
#2114 = AXIS2_PLACEMENT_3D ( 'NONE', #4216, #6085, #5143 ) ;
#2115 = UNCERTAINTY_MEASURE_WITH_UNIT (LENGTH_MEASURE( 1.000000000000000082E-05 ), #5014, 'distance_accuracy_value', 'NONE');
#2116 = CARTESIAN_POINT ( 'NONE',  ( 10.62500000000000000, -3.037499999999990319, -40.84195960390601954 ) ) ;
#2117 = CARTESIAN_POINT ( 'NONE',  ( 1.012499999999964650, 18.02250000000000085, -102.2625000000000028 ) ) ;
#2118 = VECTOR ( 'NONE', #1316, 1000.000000000000000 ) ;
#2119 = ORIENTED_EDGE ( 'NONE', *, *, #3246, .F. ) ;
#2120 = CARTESIAN_POINT ( 'NONE',  ( -1.717578902688759124, 20.51495188171038109, -52.91099914400713544 ) ) ;
#2121 = SURFACE_STYLE_USAGE ( .BOTH. , #4041 ) ;
#2122 = CARTESIAN_POINT ( 'NONE',  ( 11.06798640584924165, 29.16000000000006409, -90.71513685640776714 ) ) ;
#2123 = VECTOR ( 'NONE', #778, 1000.000000000000000 ) ;
#2124 = EDGE_CURVE ( 'NONE', #3294, #4819, #3848, .T. ) ;
#2125 = DIRECTION ( 'NONE',  ( 0.000000000000000000, 1.885568995626965026E-16, -1.000000000000000000 ) ) ;
#2126 = CARTESIAN_POINT ( 'NONE',  ( -1.586374864420756481, 4.134843753246553177, -52.66705557824732864 ) ) ;
#2127 = B_SPLINE_CURVE_WITH_KNOTS ( 'NONE', 3,
 ( #779, #1795, #3244, #1733, #2677, #2789 ),
 .UNSPECIFIED., .F., .F.,
 ( 4, 2, 4 ),
 ( 0.000000000000000000, 0.001981470111886250631, 0.003962940223772501262 ),
 .UNSPECIFIED. ) ;
#2128 = VECTOR ( 'NONE', #4270, 1000.000000000000000 ) ;
#2129 = AXIS2_PLACEMENT_3D ( 'NONE', #1269, #2752, #771 ) ;
#2130 = VERTEX_POINT ( 'NONE', #203 ) ;
#2131 = ORIENTED_EDGE ( 'NONE', *, *, #5674, .F. ) ;
#2132 = SURFACE_STYLE_USAGE ( .BOTH. , #321 ) ;
#2133 = CARTESIAN_POINT ( 'NONE',  ( -52.37500000000000000, 3.673940397442059375E-16, -26.69249999999999901 ) ) ;
#2134 = DIRECTION ( 'NONE',  ( -3.122502256758269410E-17, 1.000000000000000000, -3.710313184943385084E-16 ) ) ;
#2135 = COLOUR_RGB ( '',0.1019607843137254888, 0.1019607843137254888, 0.1019607843137254888 ) ;
#2136 = MECHANICAL_DESIGN_GEOMETRIC_PRESENTATION_REPRESENTATION (  '', ( #4961 ), #3243 ) ;
#2137 = ADVANCED_FACE ( 'NONE', ( #1185 ), #2178, .F. ) ;
#2138 = CARTESIAN_POINT ( 'NONE',  ( 5.624831523288364998, -1.933457172800424617, -46.47374994800554049 ) ) ;
#2139 = EDGE_LOOP ( 'NONE', ( #5914, #478, #3697, #4542, #3961, #5730, #4496, #2583, #4055, #782, #4428, #3805, #2808 ) ) ;
#2140 = FILL_AREA_STYLE ('',( #4116 ) ) ;
#2141 = AXIS2_PLACEMENT_3D ( 'NONE', #4328, #989, #5332 ) ;
#2142 = DIRECTION ( 'NONE',  ( -2.775557561562890365E-16, 1.885568995626964780E-16, -1.000000000000000000 ) ) ;
#2143 = CARTESIAN_POINT ( 'NONE',  ( 10.62500000000000178, 28.48148171646581162, -96.94965588722854477 ) ) ;
#2144 = SURFACE_STYLE_USAGE ( .BOTH. , #1605 ) ;
#2145 = EDGE_CURVE ( 'NONE', #1274, #5096, #537, .T. ) ;
#2146 = VERTEX_POINT ( 'NONE', #711 ) ;
#2147 = CARTESIAN_POINT ( 'NONE',  ( -6.377781110173077472, 22.58499999999999730, -101.8695248206539077 ) ) ;
#2148 = ORIENTED_EDGE ( 'NONE', *, *, #1272, .T. ) ;
#2149 =( NAMED_UNIT ( * ) PLANE_ANGLE_UNIT ( ) SI_UNIT ( $, .RADIAN. ) );
#2150 =( NAMED_UNIT ( * ) SI_UNIT ( $, .STERADIAN. ) SOLID_ANGLE_UNIT ( ) );
#2151 = SURFACE_STYLE_FILL_AREA ( #4545 ) ;
#2152 = FILL_AREA_STYLE_COLOUR ( '', #5688 ) ;
#2153 = SURFACE_STYLE_FILL_AREA ( #247 ) ;
#2154 = FILL_AREA_STYLE_COLOUR ( '', #770 ) ;
#2155 =( NAMED_UNIT ( * ) PLANE_ANGLE_UNIT ( ) SI_UNIT ( $, .RADIAN. ) );
#2156 = ORIENTED_EDGE ( 'NONE', *, *, #1227, .F. ) ;
#2157 = CARTESIAN_POINT ( 'NONE',  ( 6.273868423800579741, 28.14749999999999375, -94.01483234001889855 ) ) ;
#2158 = FILL_AREA_STYLE_COLOUR ( '', #1220 ) ;
#2159 = PRESENTATION_LAYER_ASSIGNMENT (  '', '', ( #5298 ) ) ;
#2160 = DIRECTION ( 'NONE',  ( 1.000000000000000000, 0.000000000000000000, 0.000000000000000000 ) ) ;
#2161 = FACE_OUTER_BOUND ( 'NONE', #4486, .T. ) ;
#2162 = LINE ( 'NONE', #1319, #5500 ) ;
#2163 = STYLED_ITEM ( 'NONE', ( #1589 ), #4996 ) ;
#2164 = ORIENTED_EDGE ( 'NONE', *, *, #4686, .T. ) ;
#2165 = FILL_AREA_STYLE_COLOUR ( '', #2205 ) ;
#2166 = EDGE_CURVE ( 'NONE', #3391, #5713, #3644, .T. ) ;
#2167 = CARTESIAN_POINT ( 'NONE',  ( -8.789927169679952357, 23.30999108168683165, -42.17542626436110709 ) ) ;
#2168 = CARTESIAN_POINT ( 'NONE',  ( -8.505064663443221207, 1.362212945780583828, -94.23222257930483181 ) ) ;
#2169 = VECTOR ( 'NONE', #849, 1000.000000000000000 ) ;
#2170 = CARTESIAN_POINT ( 'NONE',  ( 9.918654630623773727, -4.049999999999952749, -45.34768593421559046 ) ) ;
#2171 =( LENGTH_UNIT ( ) NAMED_UNIT ( * ) SI_UNIT ( .MILLI., .METRE. ) );
#2172 = ORIENTED_EDGE ( 'NONE', *, *, #2939, .F. ) ;
#2173 =( LENGTH_UNIT ( ) NAMED_UNIT ( * ) SI_UNIT ( .MILLI., .METRE. ) );
#2174 = PRESENTATION_LAYER_ASSIGNMENT (  '', '', ( #4591 ) ) ;
#2175 = SURFACE_STYLE_FILL_AREA ( #5504 ) ;
#2176 = ADVANCED_FACE ( 'NONE', ( #267 ), #3998, .F. ) ;
#2177 = DIRECTION ( 'NONE',  ( 1.000000000000000000, 0.000000000000000000, 0.000000000000000000 ) ) ;
#2178 = PLANE ( 'NONE',  #5375 ) ;
#2179 = VECTOR ( 'NONE', #5324, 1000.000000000000000 ) ;
#2180 = ORIENTED_EDGE ( 'NONE', *, *, #2557, .F. ) ;
#2181 = EDGE_LOOP ( 'NONE', ( #3938, #850, #2817, #5457 ) ) ;
#2182 = EDGE_CURVE ( 'NONE', #4803, #2835, #3504, .T. ) ;
#2183 = VECTOR ( 'NONE', #2142, 1000.000000000000000 ) ;
#2184 =( NAMED_UNIT ( * ) SI_UNIT ( $, .STERADIAN. ) SOLID_ANGLE_UNIT ( ) );
#2185 = EDGE_LOOP ( 'NONE', ( #2426, #2589, #2535, #5640 ) ) ;
#2186 = DIRECTION ( 'NONE',  ( -0.000000000000000000, 1.000000000000000000, 0.000000000000000000 ) ) ;
#2187 = MECHANICAL_DESIGN_GEOMETRIC_PRESENTATION_REPRESENTATION (  '', ( #6242 ), #4283 ) ;
#2188 =( NAMED_UNIT ( * ) SI_UNIT ( $, .STERADIAN. ) SOLID_ANGLE_UNIT ( ) );
#2189 = DIRECTION ( 'NONE',  ( 6.057297782015010146E-32, -1.884795814070615786E-47, 1.000000000000000000 ) ) ;
#2190 = ORIENTED_EDGE ( 'NONE', *, *, #5280, .T. ) ;
#2191 =( LENGTH_UNIT ( ) NAMED_UNIT ( * ) SI_UNIT ( .MILLI., .METRE. ) );
#2192 = CARTESIAN_POINT ( 'NONE',  ( 10.12500000000000000, -3.370378253018048831, -96.94734603506556425 ) ) ;
#2193 = CARTESIAN_POINT ( 'NONE',  ( 8.375829477255003042, 29.16000000000003567, -100.3898739413544234 ) ) ;
#2194 = CARTESIAN_POINT ( 'NONE',  ( 10.62500000000000000, 3.073713158996406964E-14, -140.1299999999999670 ) ) ;
#2195 = CARTESIAN_POINT ( 'NONE',  ( -10.12500000000003375, 18.02249999999999375, -38.19250000000000256 ) ) ;
#2196 = DIRECTION ( 'NONE',  ( 1.000000000000000000, -0.000000000000000000, -0.000000000000000000 ) ) ;
#2197 = CYLINDRICAL_SURFACE ( 'NONE', #3568, 11.13749999999999751 ) ;
#2198 = VERTEX_POINT ( 'NONE', #3020 ) ;
#2199 = CARTESIAN_POINT ( 'NONE',  ( -9.304074951968930307, 21.85473927066968258, -43.69526606067115893 ) ) ;
#2200 = CARTESIAN_POINT ( 'NONE',  ( -10.10232425401468959, 6.362556168792369071, -37.81672300157433142 ) ) ;
#2201 = ORIENTED_EDGE ( 'NONE', *, *, #6072, .T. ) ;
#2202 = DIRECTION ( 'NONE',  ( 0.000000000000000000, -1.000000000000000000, -1.885568995626964780E-16 ) ) ;
#2203 = CARTESIAN_POINT ( 'NONE',  ( 10.62500000000000000, -4.049999999999947420, -100.6984762319159046 ) ) ;
#2204 = CARTESIAN_POINT ( 'NONE',  ( 10.62500000000000000, -4.049999999999947420, -100.6984762319159046 ) ) ;
#2205 = COLOUR_RGB ( '',0.1019607843137254888, 0.1019607843137254888, 0.1019607843137254888 ) ;
#2206 = EDGE_CURVE ( 'NONE', #461, #14, #4952, .T. ) ;
#2207 = VECTOR ( 'NONE', #5299, 1000.000000000000000 ) ;
#2208 = ORIENTED_EDGE ( 'NONE', *, *, #34, .F. ) ;
#2209 = SURFACE_STYLE_FILL_AREA ( #4543 ) ;
#2210 = CARTESIAN_POINT ( 'NONE',  ( 6.273868405052675179, -3.037499999999998757, -43.07766768077834740 ) ) ;
#2211 = CARTESIAN_POINT ( 'NONE',  ( 10.62500000000000000, 29.07130540213517733, -37.93832813541065718 ) ) ;
#2212 = EDGE_CURVE ( 'NONE', #1543, #1188, #5712, .T. ) ;
#2213 = PLANE ( 'NONE',  #5295 ) ;
#2214 =( NAMED_UNIT ( * ) SI_UNIT ( $, .STERADIAN. ) SOLID_ANGLE_UNIT ( ) );
#2215 = ORIENTED_EDGE ( 'NONE', *, *, #5022, .T. ) ;
#2216 = AXIS2_PLACEMENT_3D ( 'NONE', #5994, #608, #4439 ) ;
#2217 = CARTESIAN_POINT ( 'NONE',  ( -0.09305895223340582278, 23.97472120846181909, -50.54645995873296727 ) ) ;
#2218 = CARTESIAN_POINT ( 'NONE',  ( 9.216604350569861381, 29.16000000000084924, -92.01428646122553801 ) ) ;
#2219 = LINE ( 'NONE', #5160, #841 ) ;
#2220 = B_SPLINE_CURVE_WITH_KNOTS ( 'NONE', 3,
 ( #5963, #3558, #1211, #1578, #2143, #1604 ),
 .UNSPECIFIED., .F., .F.,
 ( 4, 2, 4 ),
 ( 0.000000000000000000, 0.5000000000000000000, 1.000000000000000000 ),
 .UNSPECIFIED. ) ;
#2221 = CIRCLE ( 'NONE', #5777, 11.13749999999999751 ) ;
#2222 = DIRECTION ( 'NONE',  ( 6.057297782015010146E-32, -1.884795814070615786E-47, 1.000000000000000000 ) ) ;
#2223 = EDGE_CURVE ( 'NONE', #4304, #4213, #3209, .T. ) ;
#2224 = CARTESIAN_POINT ( 'NONE',  ( -5.973749999999999893, 21.97125000000000128, -137.0924999999999727 ) ) ;
#2225 = FILL_AREA_STYLE_COLOUR ( '', #671 ) ;
#2226 = ORIENTED_EDGE ( 'NONE', *, *, #223, .F. ) ;
#2227 =( LENGTH_UNIT ( ) NAMED_UNIT ( * ) SI_UNIT ( .MILLI., .METRE. ) );
#2228 = VECTOR ( 'NONE', #3462, 1000.000000000000000 ) ;
#2229 = FACE_OUTER_BOUND ( 'NONE', #739, .T. ) ;
#2230 = CARTESIAN_POINT ( 'NONE',  ( -49.50701142158430912, 25.10999999999999588, -23.69249999999999901 ) ) ;
#2231 = AXIS2_PLACEMENT_3D ( 'NONE', #4652, #3196, #1781 ) ;
#2232 = STYLED_ITEM ( 'NONE', ( #3095 ), #1859 ) ;
#2233 = LINE ( 'NONE', #3703, #3865 ) ;
#2234 = ORIENTED_EDGE ( 'NONE', *, *, #1265, .T. ) ;
#2235 =( NAMED_UNIT ( * ) SI_UNIT ( $, .STERADIAN. ) SOLID_ANGLE_UNIT ( ) );
#2236 = DIRECTION ( 'NONE',  ( 0.000000000000000000, 0.000000000000000000, 1.000000000000000000 ) ) ;
#2237 = CIRCLE ( 'NONE', #5065, 11.13749999999999396 ) ;
#2238 = UNCERTAINTY_MEASURE_WITH_UNIT (LENGTH_MEASURE( 1.000000000000000082E-05 ), #1706, 'distance_accuracy_value', 'NONE');
#2239 = DIRECTION ( 'NONE',  ( -5.165278571223809621E-17, -1.000000000000000000, 0.000000000000000000 ) ) ;
#2240 = AXIS2_PLACEMENT_3D ( 'NONE', #5362, #4870, #1390 ) ;
#2241 = COLOUR_RGB ( '',0.1019607843137254888, 0.1019607843137254888, 0.1019607843137254888 ) ;
#2242 = ORIENTED_EDGE ( 'NONE', *, *, #2437, .T. ) ;
#2243 = CARTESIAN_POINT ( 'NONE',  ( 4.391903624437440534, -3.037499999999998757, -91.90094615919144871 ) ) ;
#2244 = CARTESIAN_POINT ( 'NONE',  ( -5.973749999999999893, 3.138750000000151807, -110.3624999999999829 ) ) ;
#2245 = FILL_AREA_STYLE ('',( #3658 ) ) ;
#2246 = DIRECTION ( 'NONE',  ( -1.000000000000000000, 5.165278571223809621E-17, -2.582639285611905427E-16 ) ) ;
#2247 = PRESENTATION_LAYER_ASSIGNMENT (  '', '', ( #2649 ) ) ;
#2248 = VERTEX_POINT ( 'NONE', #4696 ) ;
#2249 =( LENGTH_UNIT ( ) NAMED_UNIT ( * ) SI_UNIT ( .MILLI., .METRE. ) );
#2250 = EDGE_CURVE ( 'NONE', #5617, #2198, #3695, .T. ) ;
#2251 =( NAMED_UNIT ( * ) SI_UNIT ( $, .STERADIAN. ) SOLID_ANGLE_UNIT ( ) );
#2252 = CARTESIAN_POINT ( 'NONE',  ( -6.623261517252210240, 23.85999999999998877, -35.56265433554575139 ) ) ;
#2253 = CIRCLE ( 'NONE', #1751, 10.12500000000000000 ) ;
#2254 = LINE ( 'NONE', #5102, #40 ) ;
#2255 = CARTESIAN_POINT ( 'NONE',  ( -5.973749999999999893, 21.97125000000000128, -1.542804143242412762E-15 ) ) ;
#2256 = ORIENTED_EDGE ( 'NONE', *, *, #4259, .F. ) ;
#2257 = PRESENTATION_LAYER_ASSIGNMENT (  '', '', ( #774 ) ) ;
#2258 = CARTESIAN_POINT ( 'NONE',  ( -7.756007213317473337, 23.08500000000000441, -110.3999999999999915 ) ) ;
#2259 = EDGE_CURVE ( 'NONE', #3834, #987, #4637, .T. ) ;
#2260 = CARTESIAN_POINT ( 'NONE',  ( -9.005424573664985388, 22.42571573991362399, -44.04980461733658359 ) ) ;
#2261 = CARTESIAN_POINT ( 'NONE',  ( -10.12500000000003908, 6.943410620436703873, -38.11771778515751663 ) ) ;
#2262 = CARTESIAN_POINT ( 'NONE',  ( 5.425044474223389201, -4.049999999999979394, -38.02530419713622223 ) ) ;
#2263 = PRESENTATION_LAYER_ASSIGNMENT (  '', '', ( #2863 ) ) ;
#2264 = DIRECTION ( 'NONE',  ( -1.000000000000000000, 0.000000000000000000, 0.000000000000000000 ) ) ;
#2265 = EDGE_LOOP ( 'NONE', ( #5954, #6002, #3382 ) ) ;
#2266 = CYLINDRICAL_SURFACE ( 'NONE', #2514, 10.12499999999999822 ) ;
#2267 = PRESENTATION_LAYER_ASSIGNMENT (  '', '', ( #5202 ) ) ;
#2268 = DIRECTION ( 'NONE',  ( 0.000000000000000000, -0.7071067811865486830, -0.7071067811865464625 ) ) ;
#2269 = DIRECTION ( 'NONE',  ( -2.498001805406605174E-16, 1.885568995626959849E-16, -1.000000000000000000 ) ) ;
#2270 = FACE_OUTER_BOUND ( 'NONE', #3826, .T. ) ;
#2271 = VERTEX_POINT ( 'NONE', #3277 ) ;
#2272 = SURFACE_STYLE_FILL_AREA ( #1460 ) ;
#2273 = CARTESIAN_POINT ( 'NONE',  ( 10.62500000000000000, 0.000000000000000000, -134.0549999999999784 ) ) ;
#2274 = CARTESIAN_POINT ( 'NONE',  ( 3.513144143653901263, -3.037499999999999645, -45.80296183983989522 ) ) ;
#2275 = COLOUR_RGB ( '',0.1019607843137254888, 0.1019607843137254888, 0.1019607843137254888 ) ;
#2276 = CARTESIAN_POINT ( 'NONE',  ( 8.310017158151026706, 29.16000000000002856, -36.72085431544550005 ) ) ;
#2277 = ORIENTED_EDGE ( 'NONE', *, *, #4646, .T. ) ;
#2278 =( NAMED_UNIT ( * ) PLANE_ANGLE_UNIT ( ) SI_UNIT ( $, .RADIAN. ) );
#2279 = CARTESIAN_POINT ( 'NONE',  ( -9.147593503506779911, 22.58500000000000085, -110.3999999999999915 ) ) ;
#2280 = FILL_AREA_STYLE ('',( #2746 ) ) ;
#2281 = COLOUR_RGB ( '',0.1019607843137254888, 0.1019607843137254888, 0.1019607843137254888 ) ;
#2282 = DIRECTION ( 'NONE',  ( 0.000000000000000000, -1.627641779928855823E-15, 1.000000000000000000 ) ) ;
#2283 = EDGE_CURVE ( 'NONE', #225, #4694, #5606, .T. ) ;
#2284 = DIRECTION ( 'NONE',  ( 1.000000000000000000, 0.000000000000000000, 0.000000000000000000 ) ) ;
#2285 = ORIENTED_EDGE ( 'NONE', *, *, #978, .F. ) ;
#2286 = CARTESIAN_POINT ( 'NONE',  ( 1.012499999999961542, 29.15999999999999304, -90.61874999999999147 ) ) ;
#2287 = CARTESIAN_POINT ( 'NONE',  ( -8.698486529192656747, 23.09711417028343661, -43.97886819086532739 ) ) ;
#2288 = CARTESIAN_POINT ( 'NONE',  ( -8.805423987259858976, 1.826344310866422571, -41.98808064612228463 ) ) ;
#2289 = CARTESIAN_POINT ( 'NONE',  ( 10.92349068601805406, 5.011488844442062884, -46.47375000026963221 ) ) ;
#2290 = EDGE_CURVE ( 'NONE', #4206, #1702, #332, .T. ) ;
#2291 = SURFACE_STYLE_USAGE ( .BOTH. , #1813 ) ;
#2292 =( NAMED_UNIT ( * ) SI_UNIT ( $, .STERADIAN. ) SOLID_ANGLE_UNIT ( ) );
#2293 = PRODUCT_DEFINITION_SHAPE ( 'NONE', 'NONE',  #129 ) ;
#2294 = ORIENTED_EDGE ( 'NONE', *, *, #223, .T. ) ;
#2295 = DIRECTION ( 'NONE',  ( -6.071532165918858751E-15, 1.000000000000000000, 0.000000000000000000 ) ) ;
#2296 = EDGE_LOOP ( 'NONE', ( #4275, #2970, #4273 ) ) ;
#2297 = DIRECTION ( 'NONE',  ( 3.212450881438532241E-16, 1.000000000000000000, -6.108134582636268424E-49 ) ) ;
#2298 = PLANE ( 'NONE',  #2633 ) ;
#2299 = EDGE_CURVE ( 'NONE', #3811, #1659, #300, .T. ) ;
#2300 = ORIENTED_EDGE ( 'NONE', *, *, #4210, .F. ) ;
#2301 = CARTESIAN_POINT ( 'NONE',  ( 5.789210545709232214, -4.050000000000222755, -92.58517605969926478 ) ) ;
#2302 = CARTESIAN_POINT ( 'NONE',  ( -7.578847391416581480, 25.10999999999999588, -26.69249999999999901 ) ) ;
#2303 = STYLED_ITEM ( 'NONE', ( #3141 ), #258 ) ;
#2304 = CARTESIAN_POINT ( 'NONE',  ( 1.012499999999961542, 29.15999999999998948, -42.06036481966484075 ) ) ;
#2305 = CARTESIAN_POINT ( 'NONE',  ( 9.683029876856826590, 23.27141431074983302, -46.47374998826209946 ) ) ;
#2306 = ORIENTED_EDGE ( 'NONE', *, *, #2283, .F. ) ;
#2307 = CARTESIAN_POINT ( 'NONE',  ( -10.12500000000003908, -1.042955350706152921E-15, -90.61874999999999147 ) ) ;
#2308 = LINE ( 'NONE', #6233, #1804 ) ;
#2309 = AXIS2_PLACEMENT_3D ( 'NONE', #5029, #761, #314 ) ;
#2310 = LINE ( 'NONE', #2801, #4738 ) ;
#2311 = CARTESIAN_POINT ( 'NONE',  ( -9.421607521309599775, 21.80907948077762626, -94.15791989890720970 ) ) ;
#2312 = CARTESIAN_POINT ( 'NONE',  ( 1.012499999999961542, 29.15999999999999304, -95.03213518033508933 ) ) ;
#2313 =( LENGTH_UNIT ( ) NAMED_UNIT ( * ) SI_UNIT ( .MILLI., .METRE. ) );
#2314 = VECTOR ( 'NONE', #142, 1000.000000000000000 ) ;
#2315 = VERTEX_POINT ( 'NONE', #6216 ) ;
#2316 = CARTESIAN_POINT ( 'NONE',  ( -10.12500000000003908, -5.204877516303774810E-15, -46.47374999999998835 ) ) ;
#2317 = ADVANCED_FACE ( 'NONE', ( #2703 ), #808, .F. ) ;
#2318 = CARTESIAN_POINT ( 'NONE',  ( -9.112499999999998934, 18.02250000000000085, -90.61874999999999147 ) ) ;
#2319 = ORIENTED_EDGE ( 'NONE', *, *, #5556, .T. ) ;
#2320 = PLANE ( 'NONE',  #445 ) ;
#2321 = DIRECTION ( 'NONE',  ( 1.000000000000000000, 0.000000000000000000, 0.000000000000000000 ) ) ;
#2322 = ORIENTED_EDGE ( 'NONE', *, *, #5261, .F. ) ;
#2323 = EDGE_LOOP ( 'NONE', ( #3303, #4758, #4946, #3896 ) ) ;
#2324 = EDGE_CURVE ( 'NONE', #3192, #3265, #2127, .T. ) ;
#2325 = CARTESIAN_POINT ( 'NONE',  ( 0.3365111746360501810, 28.13056844628119535, -137.1094315537188209 ) ) ;
#2326 = AXIS2_PLACEMENT_3D ( 'NONE', #1945, #3429, #4281 ) ;
#2327 = PRESENTATION_STYLE_ASSIGNMENT (( #1367 ) ) ;
#2328 = VERTEX_POINT ( 'NONE', #5701 ) ;
#2329 = STYLED_ITEM ( 'NONE', ( #2053 ), #3172 ) ;
#2330 = COLOUR_RGB ( '',0.1019607843137254888, 0.1019607843137254888, 0.1019607843137254888 ) ;
#2331 = CARTESIAN_POINT ( 'NONE',  ( 8.599549465189488373, 0.3735474863975954962, -90.61875001603026192 ) ) ;
#2332 = SURFACE_STYLE_USAGE ( .BOTH. , #4642 ) ;
#2333 = EDGE_CURVE ( 'NONE', #3513, #3176, #1366, .T. ) ;
#2334 = CARTESIAN_POINT ( 'NONE',  ( 10.12500000000000000, -3.037499999999999645, -40.84195960390601954 ) ) ;
#2335 =( GEOMETRIC_REPRESENTATION_CONTEXT ( 3 ) GLOBAL_UNCERTAINTY_ASSIGNED_CONTEXT ( ( #472 ) ) GLOBAL_UNIT_ASSIGNED_CONTEXT ( ( #2780, #3144, #4598 ) ) REPRESENTATION_CONTEXT ( 'NONE', 'WORKASPACE' ) );
#2336 = PRESENTATION_LAYER_ASSIGNMENT (  '', '', ( #4449 ) ) ;
#2337 = CARTESIAN_POINT ( 'NONE',  ( 1.242034969776188547, 29.15999999999999659, -42.01593079085463245 ) ) ;
#2338 = CARTESIAN_POINT ( 'NONE',  ( 1.157216739054226284, 29.15999999999999304, -42.03992321244362529 ) ) ;
#2339 = ORIENTED_EDGE ( 'NONE', *, *, #3598, .T. ) ;
#2340 = CARTESIAN_POINT ( 'NONE',  ( 5.762458947216225980, -4.049999999999979394, -37.78257329955151533 ) ) ;
#2341 = CARTESIAN_POINT ( 'NONE',  ( -9.273880719153286378, 2.817293160176621569, -42.18043381796687186 ) ) ;
#2342 = VECTOR ( 'NONE', #2409, 1000.000000000000000 ) ;
#2343 = MECHANICAL_DESIGN_GEOMETRIC_PRESENTATION_REPRESENTATION (  '', ( #3134 ), #1151 ) ;
#2344 = LINE ( 'NONE', #4735, #4433 ) ;
#2345 = UNCERTAINTY_MEASURE_WITH_UNIT (LENGTH_MEASURE( 1.000000000000000082E-05 ), #3841, 'distance_accuracy_value', 'NONE');
#2346 = CARTESIAN_POINT ( 'NONE',  ( -9.345132069874853897, 22.06691261804111548, -94.40888424586016470 ) ) ;
#2347 =( GEOMETRIC_REPRESENTATION_CONTEXT ( 3 ) GLOBAL_UNCERTAINTY_ASSIGNED_CONTEXT ( ( #5399 ) ) GLOBAL_UNIT_ASSIGNED_CONTEXT ( ( #3687, #3218, #1774 ) ) REPRESENTATION_CONTEXT ( 'NONE', 'WORKASPACE' ) );
#2348 = ORIENTED_EDGE ( 'NONE', *, *, #2089, .F. ) ;
#2349 = PRESENTATION_STYLE_ASSIGNMENT (( #479 ) ) ;
#2350 = AXIS2_PLACEMENT_3D ( 'NONE', #4323, #476, #411 ) ;
#2351 = CARTESIAN_POINT ( 'NONE',  ( 6.567686363338044231, -4.049999999999969624, -99.74478791476037998 ) ) ;
#2352 =( NAMED_UNIT ( * ) SI_UNIT ( $, .STERADIAN. ) SOLID_ANGLE_UNIT ( ) );
#2353 = CARTESIAN_POINT ( 'NONE',  ( 20.25000000000000000, 28.14749999999999375, 0.000000000000000000 ) ) ;
#2354 = PRESENTATION_LAYER_ASSIGNMENT (  '', '', ( #6225 ) ) ;
#2355 = ORIENTED_EDGE ( 'NONE', *, *, #5039, .T. ) ;
#2356 = VERTEX_POINT ( 'NONE', #2857 ) ;
#2357 = CARTESIAN_POINT ( 'NONE',  ( 1.775762833513366612, 29.16000000000000014, -95.52323086241023020 ) ) ;
#2358 = DIRECTION ( 'NONE',  ( 1.000000000000000000, -0.000000000000000000, -0.000000000000000000 ) ) ;
#2359 = SURFACE_STYLE_FILL_AREA ( #66 ) ;
#2360 = COLOUR_RGB ( '',0.1019607843137254888, 0.1019607843137254888, 0.1019607843137254888 ) ;
#2361 = PRESENTATION_STYLE_ASSIGNMENT (( #1430 ) ) ;
#2362 = VERTEX_POINT ( 'NONE', #5338 ) ;
#2363 = EDGE_CURVE ( 'NONE', #3396, #721, #4792, .T. ) ;
#2364 = ORIENTED_EDGE ( 'NONE', *, *, #1796, .F. ) ;
#2365 = LINE ( 'NONE', #5705, #3380 ) ;
#2366 = VECTOR ( 'NONE', #1785, 1000.000000000000000 ) ;
#2367 = CARTESIAN_POINT ( 'NONE',  ( 6.904859113991957287, -4.049999999999866596, -92.48038920841717925 ) ) ;
#2368 = CARTESIAN_POINT ( 'NONE',  ( 10.62500000000000000, 28.53198002668188948, -39.96430534845743665 ) ) ;
#2369 = CARTESIAN_POINT ( 'NONE',  ( -9.112500000000013145, 11.43500000000000227, -90.61874999999999147 ) ) ;
#2370 =( GEOMETRIC_REPRESENTATION_CONTEXT ( 3 ) GLOBAL_UNCERTAINTY_ASSIGNED_CONTEXT ( ( #3226 ) ) GLOBAL_UNIT_ASSIGNED_CONTEXT ( ( #3878, #5348, #4383 ) ) REPRESENTATION_CONTEXT ( 'NONE', 'WORKASPACE' ) );
#2371 = DIRECTION ( 'NONE',  ( -1.000000000000000000, 0.000000000000000000, 0.000000000000000000 ) ) ;
#2372 = EDGE_CURVE ( 'NONE', #5292, #4913, #5310, .T. ) ;
#2373 = CARTESIAN_POINT ( 'NONE',  ( 4.947086934155704441, 27.35396060334028334, -46.47374996594940200 ) ) ;
#2374 = ORIENTED_EDGE ( 'NONE', *, *, #347, .F. ) ;
#2375 = PRESENTATION_STYLE_ASSIGNMENT (( #4232 ) ) ;
#2376 =( GEOMETRIC_REPRESENTATION_CONTEXT ( 3 ) GLOBAL_UNCERTAINTY_ASSIGNED_CONTEXT ( ( #5253 ) ) GLOBAL_UNIT_ASSIGNED_CONTEXT ( ( #2173, #5635, #4502 ) ) REPRESENTATION_CONTEXT ( 'NONE', 'WORKASPACE' ) );
#2377 = CARTESIAN_POINT ( 'NONE',  ( -5.973749999999999893, 1.323342920529794754E-14, -110.3624999999999829 ) ) ;
#2378 = CARTESIAN_POINT ( 'NONE',  ( -8.431843464969238866, 23.70208021219711370, -93.49617114224673742 ) ) ;
#2379 = CARTESIAN_POINT ( 'NONE',  ( 10.12500000000000000, -3.963452304990398467, -37.92415867957035402 ) ) ;
#2380 = AXIS2_PLACEMENT_3D ( 'NONE', #5239, #5176, #5272 ) ;
#2381 = LINE ( 'NONE', #3417, #3671 ) ;
#2382 = ORIENTED_EDGE ( 'NONE', *, *, #5784, .T. ) ;
#2383 = CARTESIAN_POINT ( 'NONE',  ( -2.025000000000000799, 6.901814143084334496, -83.53125000000001421 ) ) ;
#2384 = AXIS2_PLACEMENT_3D ( 'NONE', #490, #4374, #3342 ) ;
#2385 = LINE ( 'NONE', #2318, #5886 ) ;
#2386 = SURFACE_SIDE_STYLE ('',( #991 ) ) ;
#2387 = ORIENTED_EDGE ( 'NONE', *, *, #920, .T. ) ;
#2388 = CARTESIAN_POINT ( 'NONE',  ( 10.12500000000000000, 28.48037825301807757, -40.14515396493453636 ) ) ;
#2389 = ORIENTED_EDGE ( 'NONE', *, *, #3253, .T. ) ;
#2390 = CARTESIAN_POINT ( 'NONE',  ( 1.180338374032133597, 29.15999999999990422, -92.70930087370877004 ) ) ;
#2391 = FILL_AREA_STYLE ('',( #4846 ) ) ;
#2392 = SURFACE_STYLE_FILL_AREA ( #3430 ) ;
#2393 = VERTEX_POINT ( 'NONE', #3306 ) ;
#2394 = CARTESIAN_POINT ( 'NONE',  ( 0.000000000000000000, 28.09674780070452726, -23.69249999999999901 ) ) ;
#2395 =( LENGTH_UNIT ( ) NAMED_UNIT ( * ) SI_UNIT ( .MILLI., .METRE. ) );
#2396 = ADVANCED_FACE ( 'NONE', ( #5859 ), #1914, .F. ) ;
#2397 = CARTESIAN_POINT ( 'NONE',  ( 1.440443597846363000, 29.15999999999999304, -41.89309093300362719 ) ) ;
#2398 = CARTESIAN_POINT ( 'NONE',  ( 1.392022295295352485, 29.15999999999999304, -41.92146141218752575 ) ) ;
#2399 = B_SPLINE_CURVE_WITH_KNOTS ( 'NONE', 3,
 ( #5509, #5019, #3623, #2646, #3211, #1703 ),
 .UNSPECIFIED., .F., .F.,
 ( 4, 2, 4 ),
 ( 0.000000000000000000, 0.5000000000000000000, 1.000000000000000000 ),
 .UNSPECIFIED. ) ;
#2400 = ORIENTED_EDGE ( 'NONE', *, *, #1569, .T. ) ;
#2401 = CARTESIAN_POINT ( 'NONE',  ( 4.276877045862197413, -4.049999999999987388, -38.87738403300543411 ) ) ;
#2402 =( NAMED_UNIT ( * ) PLANE_ANGLE_UNIT ( ) SI_UNIT ( $, .RADIAN. ) );
#2403 = EDGE_CURVE ( 'NONE', #2315, #3059, #5481, .T. ) ;
#2404 = DIRECTION ( 'NONE',  ( -2.498001805406605174E-16, 0.000000000000000000, -1.000000000000000000 ) ) ;
#2405 =( NAMED_UNIT ( * ) PLANE_ANGLE_UNIT ( ) SI_UNIT ( $, .RADIAN. ) );
#2406 = ORIENTED_EDGE ( 'NONE', *, *, #2740, .T. ) ;
#2407 = CARTESIAN_POINT ( 'NONE',  ( 10.62500000000000000, 3.037499999999999645, 1.713913789117811707E-15 ) ) ;
#2408 = ADVANCED_FACE ( 'NONE', ( #1511 ), #4336, .T. ) ;
#2409 = DIRECTION ( 'NONE',  ( -1.000000000000000000, 0.000000000000000000, 0.000000000000000000 ) ) ;
#2410 = CARTESIAN_POINT ( 'NONE',  ( -0.1966663036797322572, 1.283969151416069376, -50.67059260262340814 ) ) ;
#2411 = ORIENTED_EDGE ( 'NONE', *, *, #1450, .T. ) ;
#2412 = CARTESIAN_POINT ( 'NONE',  ( 1.012499999999961542, 18.02249999999999375, -42.06036481966484075 ) ) ;
#2413 = CARTESIAN_POINT ( 'NONE',  ( 7.828694725839349111, 25.52334096055112767, -90.61875002982959870 ) ) ;
#2414 =( LENGTH_UNIT ( ) NAMED_UNIT ( * ) SI_UNIT ( .MILLI., .METRE. ) );
#2415 = UNCERTAINTY_MEASURE_WITH_UNIT (LENGTH_MEASURE( 1.000000000000000082E-05 ), #5320, 'distance_accuracy_value', 'NONE');
#2416 = FILL_AREA_STYLE_COLOUR ( '', #6000 ) ;
#2417 = CARTESIAN_POINT ( 'NONE',  ( 10.12500000000000000, 29.16000000000004988, -100.6984762319159188 ) ) ;
#2418 = ORIENTED_EDGE ( 'NONE', *, *, #688, .F. ) ;
#2419 = CARTESIAN_POINT ( 'NONE',  ( 1.128390649129300760, -4.050000000000001599, -95.04493097550199820 ) ) ;
#2420 = PRESENTATION_LAYER_ASSIGNMENT (  '', '', ( #5577 ) ) ;
#2421 = B_SPLINE_CURVE_WITH_KNOTS ( 'NONE', 3,
 ( #2694, #5629, #2168, #3200, #5138, #2753, #1724, #3143, #829, #2724, #4660, #2669, #1788, #4179, #4565, #4688, #4597, #388, #1240, #3268, #259, #4085, #6046, #1696, #3642, #1270, #3614, #5108, #294, #5565, #4241, #535, #5236, #2847, #2779, #3830 ),
 .UNSPECIFIED., .T., .F.,
 ( 4, 2, 2, 2, 2, 2, 2, 2, 2, 2, 2, 2, 2, 2, 2, 2, 2, 4 ),
 ( 0.000000000000000000, 0.0004371190197184754694, 0.0008742380394369509387, 0.001092797549296207213, 0.001311357059155463705, 0.001748476078873976471, 0.002185595098592489020, 0.002622714118311002002, 0.003496952157748029703, 0.003934071177466544854, 0.004152630687325803947, 0.004371190197185062173, 0.004808309216903617657, 0.005245428236622173140, 0.005682547256340728624, 0.006119666276059284107, 0.006556785295777839591, 0.006993904315496395074 ),
 .UNSPECIFIED. ) ;
#2422 = VECTOR ( 'NONE', #5979, 1000.000000000000114 ) ;
#2423 =( LENGTH_UNIT ( ) NAMED_UNIT ( * ) SI_UNIT ( .MILLI., .METRE. ) );
#2424 = PRESENTATION_LAYER_ASSIGNMENT (  '', '', ( #4951 ) ) ;
#2425 = CARTESIAN_POINT ( 'NONE',  ( 6.276705081060620195, 29.15999999999982251, -44.54679829475944075 ) ) ;
#2426 = ORIENTED_EDGE ( 'NONE', *, *, #2223, .T. ) ;
#2427 =( LENGTH_UNIT ( ) NAMED_UNIT ( * ) SI_UNIT ( .MILLI., .METRE. ) );
#2428 = PLANE ( 'NONE',  #5247 ) ;
#2429 = VECTOR ( 'NONE', #875, 1000.000000000000114 ) ;
#2430 = MECHANICAL_DESIGN_GEOMETRIC_PRESENTATION_REPRESENTATION (  '', ( #31 ), #4343 ) ;
#2431 = CARTESIAN_POINT ( 'NONE',  ( -8.979909870150503792, 22.19926556456861988, -92.54066369267539471 ) ) ;
#2432 = DIRECTION ( 'NONE',  ( 0.000000000000000000, -0.7071067811865473507, -0.7071067811865477948 ) ) ;
#2433 = DIRECTION ( 'NONE',  ( 2.775557561562890365E-16, -1.885568995626964780E-16, 1.000000000000000000 ) ) ;
#2434 = SURFACE_SIDE_STYLE ('',( #5821 ) ) ;
#2435 = MECHANICAL_DESIGN_GEOMETRIC_PRESENTATION_REPRESENTATION (  '', ( #1636 ), #1624 ) ;
#2436 = ORIENTED_EDGE ( 'NONE', *, *, #4021, .T. ) ;
#2437 = EDGE_CURVE ( 'NONE', #6030, #2098, #1884, .T. ) ;
#2438 = CARTESIAN_POINT ( 'NONE',  ( -0.2100836332474269874, 1.303198522861974018, -86.40584355012337880 ) ) ;
#2439 = STYLED_ITEM ( 'NONE', ( #2996 ), #3640 ) ;
#2440 = PRESENTATION_STYLE_ASSIGNMENT (( #538 ) ) ;
#2441 = ORIENTED_EDGE ( 'NONE', *, *, #4518, .T. ) ;
#2442 = EDGE_CURVE ( 'NONE', #6182, #2946, #3337, .T. ) ;
#2443 = DIRECTION ( 'NONE',  ( 1.000000000000000000, 0.000000000000000000, 0.000000000000000000 ) ) ;
#2444 = CARTESIAN_POINT ( 'NONE',  ( 2.165035872641957404, 28.08575244633779278, -90.61875001831835164 ) ) ;
#2445 = CARTESIAN_POINT ( 'NONE',  ( -51.32951142158430713, 21.97124999999999417, -101.8999999999999915 ) ) ;
#2446 = CARTESIAN_POINT ( 'NONE',  ( 1.305070731027564435, -3.037499989989234983, -46.47375002066942073 ) ) ;
#2447 = PRESENTATION_LAYER_ASSIGNMENT (  '', '', ( #3764 ) ) ;
#2448 = ORIENTED_EDGE ( 'NONE', *, *, #2668, .T. ) ;
#2449 = CARTESIAN_POINT ( 'NONE',  ( -52.37500000000000000, 0.000000000000000000, -110.3999999999999915 ) ) ;
#2450 = CARTESIAN_POINT ( 'NONE',  ( 10.19083460900541915, -4.049999999999947420, -100.7044708889488049 ) ) ;
#2451 = DIRECTION ( 'NONE',  ( 0.000000000000000000, 0.000000000000000000, 1.000000000000000000 ) ) ;
#2452 = SURFACE_STYLE_USAGE ( .BOTH. , #171 ) ;
#2453 = CARTESIAN_POINT ( 'NONE',  ( -40.50000000000000000, 23.08500000000000085, 0.000000000000000000 ) ) ;
#2454 = ORIENTED_EDGE ( 'NONE', *, *, #5224, .T. ) ;
#2455 =( NAMED_UNIT ( * ) SI_UNIT ( $, .STERADIAN. ) SOLID_ANGLE_UNIT ( ) );
#2456 = CARTESIAN_POINT ( 'NONE',  ( 0.000000000000000000, 25.10999999999999588, -140.1299999999999670 ) ) ;
#2457 = UNCERTAINTY_MEASURE_WITH_UNIT (LENGTH_MEASURE( 1.000000000000000082E-05 ), #3434, 'distance_accuracy_value', 'NONE');
#2458 = CARTESIAN_POINT ( 'NONE',  ( 1.012499999999961542, -4.050000000000002487, -95.03213518033500407 ) ) ;
#2459 = MECHANICAL_DESIGN_GEOMETRIC_PRESENTATION_REPRESENTATION (  '', ( #4585 ), #477 ) ;
#2460 = DIRECTION ( 'NONE',  ( 2.498001805406605174E-16, 0.000000000000000000, 1.000000000000000000 ) ) ;
#2461 = FACE_OUTER_BOUND ( 'NONE', #5051, .T. ) ;
#2462 = FACE_BOUND ( 'NONE', #3301, .T. ) ;
#2463 = COLOUR_RGB ( '',0.1019607843137254888, 0.1019607843137254888, 0.1019607843137254888 ) ;
#2464 = DIRECTION ( 'NONE',  ( 1.000000000000000000, 0.000000000000000000, -2.498001805406600244E-16 ) ) ;
#2465 = VECTOR ( 'NONE', #484, 1000.000000000000000 ) ;
#2466 = ORIENTED_EDGE ( 'NONE', *, *, #3089, .T. ) ;
#2467 = CARTESIAN_POINT ( 'NONE',  ( -1.815420598049865664, 5.037132865351265920, -83.98632535979758984 ) ) ;
#2468 = CARTESIAN_POINT ( 'NONE',  ( 10.12500000000000000, 28.14749999999999375, -96.25054039609376844 ) ) ;
#2469 = EDGE_CURVE ( 'NONE', #14, #4412, #2569, .T. ) ;
#2470 = PLANE ( 'NONE',  #2240 ) ;
#2471 = DIRECTION ( 'NONE',  ( 3.212450881438532241E-16, 1.000000000000000000, -1.987908106550753663E-47 ) ) ;
#2472 = ORIENTED_EDGE ( 'NONE', *, *, #1196, .F. ) ;
#2473 = CARTESIAN_POINT ( 'NONE',  ( 10.62500000000000000, 3.073713158996406964E-14, -140.1299999999999670 ) ) ;
#2474 = DIRECTION ( 'NONE',  ( 1.000000000000000000, 0.000000000000000000, 0.000000000000000000 ) ) ;
#2475 = EDGE_CURVE ( 'NONE', #6202, #2705, #4052, .T. ) ;
#2476 = ORIENTED_EDGE ( 'NONE', *, *, #1218, .T. ) ;
#2477 = SURFACE_STYLE_USAGE ( .BOTH. , #5895 ) ;
#2478 = CARTESIAN_POINT ( 'NONE',  ( 10.29915589869282933, -4.049999999999540634, -91.54316371948071662 ) ) ;
#2479 = FILL_AREA_STYLE_COLOUR ( '', #1717 ) ;
#2480 =( NAMED_UNIT ( * ) PLANE_ANGLE_UNIT ( ) SI_UNIT ( $, .RADIAN. ) );
#2481 = CARTESIAN_POINT ( 'NONE',  ( 7.929295875873983768, 29.16000000000002856, -36.83518982966873523 ) ) ;
#2482 = VERTEX_POINT ( 'NONE', #1178 ) ;
#2483 = CARTESIAN_POINT ( 'NONE',  ( 10.12500000000000000, 29.16000000000004988, -99.92599157982661495 ) ) ;
#2484 = SURFACE_STYLE_FILL_AREA ( #5873 ) ;
#2485 = CARTESIAN_POINT ( 'NONE',  ( 2.659814543569002598, -4.049999999999992717, -96.57893195146714049 ) ) ;
#2486 =( LENGTH_UNIT ( ) NAMED_UNIT ( * ) SI_UNIT ( .MILLI., .METRE. ) );
#2487 = FACE_OUTER_BOUND ( 'NONE', #4517, .T. ) ;
#2488 = SURFACE_SIDE_STYLE ('',( #3447 ) ) ;
#2489 = CARTESIAN_POINT ( 'NONE',  ( -9.577591108555289168, 3.638750000000139817, -36.46484353697388059 ) ) ;
#2490 = ORIENTED_EDGE ( 'NONE', *, *, #1153, .T. ) ;
#2491 = CARTESIAN_POINT ( 'NONE',  ( -1.178640076094648936, 22.07508921370255806, -51.99179277237920616 ) ) ;
#2492 = CARTESIAN_POINT ( 'NONE',  ( -0.2532012488410276263, 1.365559848469243054, -86.35396891930770380 ) ) ;
#2493 = VECTOR ( 'NONE', #5366, 1000.000000000000000 ) ;
#2494 = SURFACE_STYLE_USAGE ( .BOTH. , #1078 ) ;
#2495 =( NAMED_UNIT ( * ) PLANE_ANGLE_UNIT ( ) SI_UNIT ( $, .RADIAN. ) );
#2496 = SURFACE_STYLE_FILL_AREA ( #5455 ) ;
#2497 = AXIS2_PLACEMENT_3D ( 'NONE', #852, #3725, #6099 ) ;
#2498 = CARTESIAN_POINT ( 'NONE',  ( -9.112499999999998934, 18.02250000000000085, -90.61874999999999147 ) ) ;
#2499 = ORIENTED_EDGE ( 'NONE', *, *, #1491, .F. ) ;
#2500 = ORIENTED_EDGE ( 'NONE', *, *, #1307, .F. ) ;
#2501 = EDGE_CURVE ( 'NONE', #546, #539, #3079, .T. ) ;
#2502 = DIRECTION ( 'NONE',  ( -1.000000000000000000, 0.000000000000000000, -0.000000000000000000 ) ) ;
#2503 = VECTOR ( 'NONE', #4002, 1000.000000000000000 ) ;
#2504 = CARTESIAN_POINT ( 'NONE',  ( 6.276705081060890201, -4.049999999999924327, -44.54679829475943365 ) ) ;
#2505 = FACE_OUTER_BOUND ( 'NONE', #3741, .T. ) ;
#2506 = ORIENTED_EDGE ( 'NONE', *, *, #1827, .T. ) ;
#2507 =( NAMED_UNIT ( * ) SI_UNIT ( $, .STERADIAN. ) SOLID_ANGLE_UNIT ( ) );
#2508 = CARTESIAN_POINT ( 'NONE',  ( 4.668372417383841899, -4.049999999999979394, -98.53201077473092084 ) ) ;
#2509 = ADVANCED_FACE ( 'NONE', ( #705 ), #6023, .T. ) ;
#2510 = SURFACE_STYLE_FILL_AREA ( #4057 ) ;
#2511 = SURFACE_STYLE_USAGE ( .BOTH. , #680 ) ;
#2512 = CARTESIAN_POINT ( 'NONE',  ( 11.04399226382947319, 19.39738517276857976, -46.47375000002942613 ) ) ;
#2513 = ORIENTED_EDGE ( 'NONE', *, *, #1153, .F. ) ;
#2514 = AXIS2_PLACEMENT_3D ( 'NONE', #1729, #2236, #901 ) ;
#2515 = SURFACE_STYLE_USAGE ( .BOTH. , #5905 ) ;
#2516 = EDGE_CURVE ( 'NONE', #2393, #3987, #93, .T. ) ;
#2517 = DIRECTION ( 'NONE',  ( -1.000000000000000000, 0.000000000000000000, 0.000000000000000000 ) ) ;
#2518 = UNCERTAINTY_MEASURE_WITH_UNIT (LENGTH_MEASURE( 1.000000000000000082E-05 ), #1639, 'distance_accuracy_value', 'NONE');
#2519 = CARTESIAN_POINT ( 'NONE',  ( 1.440443597846295942, -4.050000000000001599, -95.19940906699609684 ) ) ;
#2520 = CARTESIAN_POINT ( 'NONE',  ( -0.04163784340148873192, 24.04192333413701377, -86.60479945350631681 ) ) ;
#2521 = COLOUR_RGB ( '',0.1019607843137254888, 0.1019607843137254888, 0.1019607843137254888 ) ;
#2522 = DIRECTION ( 'NONE',  ( 1.000000000000000000, 0.000000000000000000, 0.000000000000000000 ) ) ;
#2523 = CARTESIAN_POINT ( 'NONE',  ( 20.25000000000000000, -3.849269726015902252E-16, 3.037499999999999645 ) ) ;
#2524 = ORIENTED_EDGE ( 'NONE', *, *, #3923, .T. ) ;
#2525 = CARTESIAN_POINT ( 'NONE',  ( 1.012499999999967315, 28.14749999999999375, -90.61874999999999147 ) ) ;
#2526 = CARTESIAN_POINT ( 'NONE',  ( 10.62500000000000000, 28.14749999999999375, -113.4000000000000057 ) ) ;
#2527 = MECHANICAL_DESIGN_GEOMETRIC_PRESENTATION_REPRESENTATION (  '', ( #3638 ), #5791 ) ;
#2528 = VECTOR ( 'NONE', #5677, 1000.000000000000000 ) ;
#2529 = UNCERTAINTY_MEASURE_WITH_UNIT (LENGTH_MEASURE( 1.000000000000000082E-05 ), #194, 'distance_accuracy_value', 'NONE');
#2530 = CARTESIAN_POINT ( 'NONE',  ( 20.25000000000000000, 3.037499999999999645, 1.713913789117811707E-15 ) ) ;
#2531 = CARTESIAN_POINT ( 'NONE',  ( 10.62500000000000000, -3.625305056040521556, -39.41116908515341066 ) ) ;
#2532 = STYLED_ITEM ( 'NONE', ( #1871 ), #3607 ) ;
#2533 =( GEOMETRIC_REPRESENTATION_CONTEXT ( 3 ) GLOBAL_UNCERTAINTY_ASSIGNED_CONTEXT ( ( #2457 ) ) GLOBAL_UNIT_ASSIGNED_CONTEXT ( ( #3434, #2480, #550 ) ) REPRESENTATION_CONTEXT ( 'NONE', 'WORKASPACE' ) );
#2534 = CARTESIAN_POINT ( 'NONE',  ( -1.303342275665511529, 3.313408464197614478, -52.18128322240529116 ) ) ;
#2535 = ORIENTED_EDGE ( 'NONE', *, *, #5268, .F. ) ;
#2536 = DIRECTION ( 'NONE',  ( 0.000000000000000000, -1.370645709413773283E-15, 1.000000000000000000 ) ) ;
#2537 = COLOUR_RGB ( '',0.1019607843137254888, 0.1019607843137254888, 0.1019607843137254888 ) ;
#2538 =( LENGTH_UNIT ( ) NAMED_UNIT ( * ) SI_UNIT ( .MILLI., .METRE. ) );
#2539 = UNCERTAINTY_MEASURE_WITH_UNIT (LENGTH_MEASURE( 1.000000000000000082E-05 ), #4029, 'distance_accuracy_value', 'NONE');
#2540 = DIRECTION ( 'NONE',  ( 0.000000000000000000, -1.092608104445392686E-14, 1.000000000000000000 ) ) ;
#2541 = CARTESIAN_POINT ( 'NONE',  ( 9.216604350570399617, -4.049999999999856826, -45.07821353877605475 ) ) ;
#2542 = PRESENTATION_LAYER_ASSIGNMENT (  '', '', ( #5184 ) ) ;
#2543 = FACE_OUTER_BOUND ( 'NONE', #2905, .T. ) ;
#2544 = ORIENTED_EDGE ( 'NONE', *, *, #5980, .T. ) ;
#2545 =( LENGTH_UNIT ( ) NAMED_UNIT ( * ) SI_UNIT ( .MILLI., .METRE. ) );
#2546 = CARTESIAN_POINT ( 'NONE',  ( 8.424428059072697650, -4.049999999999959854, -92.22988317856554374 ) ) ;
#2547 = DIRECTION ( 'NONE',  ( 0.000000000000000000, -1.000000000000000000, 0.000000000000000000 ) ) ;
#2548 = VECTOR ( 'NONE', #5221, 1000.000000000000000 ) ;
#2549 = EDGE_CURVE ( 'NONE', #5646, #3309, #6016, .T. ) ;
#2550 = CARTESIAN_POINT ( 'NONE',  ( 8.099999999999999645, -3.037499999999999645, -90.61874999999999147 ) ) ;
#2551 = CARTESIAN_POINT ( 'NONE',  ( 10.76453242201675842, 29.16000000000085279, -45.90695847911886318 ) ) ;
#2552 = VECTOR ( 'NONE', #5853, 1000.000000000000000 ) ;
#2553 = VERTEX_POINT ( 'NONE', #2631 ) ;
#2554 = CYLINDRICAL_SURFACE ( 'NONE', #1573, 1.050000000240367326 ) ;
#2555 = CARTESIAN_POINT ( 'NONE',  ( -101.2500000000000000, 3.037499999999999645, -137.0924999999999727 ) ) ;
#2556 = SURFACE_SIDE_STYLE ('',( #2085 ) ) ;
#2557 = EDGE_CURVE ( 'NONE', #1474, #1356, #1143, .T. ) ;
#2558 = FILL_AREA_STYLE ('',( #181 ) ) ;
#2559 =( LENGTH_UNIT ( ) NAMED_UNIT ( * ) SI_UNIT ( .MILLI., .METRE. ) );
#2560 = VERTEX_POINT ( 'NONE', #4019 ) ;
#2561 = CARTESIAN_POINT ( 'NONE',  ( -1.276406588549884535, 21.84534337145184679, -52.14399625097325952 ) ) ;
#2562 = MECHANICAL_DESIGN_GEOMETRIC_PRESENTATION_REPRESENTATION (  '', ( #3471 ), #667 ) ;
#2563 = CARTESIAN_POINT ( 'NONE',  ( 2.993629074585117067, 29.15999999999995751, -92.69453586646019971 ) ) ;
#2564 = AXIS2_PLACEMENT_3D ( 'NONE', #3683, #5641, #492 ) ;
#2565 = CARTESIAN_POINT ( 'NONE',  ( -1.632220223386422697, 4.290402334098345705, -52.75105684834807107 ) ) ;
#2566 = ORIENTED_EDGE ( 'NONE', *, *, #5461, .T. ) ;
#2567 = PLANE ( 'NONE',  #104 ) ;
#2568 =( NAMED_UNIT ( * ) PLANE_ANGLE_UNIT ( ) SI_UNIT ( $, .RADIAN. ) );
#2569 = LINE ( 'NONE', #3012, #3850 ) ;
#2570 = CARTESIAN_POINT ( 'NONE',  ( 1.929600150950371740, -4.050000000000001599, -41.39588183566267787 ) ) ;
#2571 = TOROIDAL_SURFACE ( 'NONE', #5522, 1.012499999999995515, 10.12500000000000000 ) ;
#2572 = CYLINDRICAL_SURFACE ( 'NONE', #76, 3.000000000000000000 ) ;
#2573 = ORIENTED_EDGE ( 'NONE', *, *, #3757, .T. ) ;
#2574 = CARTESIAN_POINT ( 'NONE',  ( 10.62500000000000000, 22.07249999999999801, -137.0924999999999727 ) ) ;
#2575 = CARTESIAN_POINT ( 'NONE',  ( 10.16404665332665402, 2.743538920278000948, -90.61875000514918099 ) ) ;
#2576 = DIRECTION ( 'NONE',  ( -1.000000000000000000, 3.212450881438532241E-16, -0.000000000000000000 ) ) ;
#2577 = CARTESIAN_POINT ( 'NONE',  ( 0.000000000000000000, 25.10999999999999588, -140.1299999999999670 ) ) ;
#2578 = DIRECTION ( 'NONE',  ( 1.000000000000000000, 0.000000000000000000, 0.000000000000000000 ) ) ;
#2579 = VECTOR ( 'NONE', #3124, 1000.000000000000000 ) ;
#2580 = LINE ( 'NONE', #4507, #3768 ) ;
#2581 = CARTESIAN_POINT ( 'NONE',  ( 11.07037555299034004, 19.18776110364452592, -46.47374999998851308 ) ) ;
#2582 = B_SPLINE_CURVE_WITH_KNOTS ( 'NONE', 3,
 ( #5590, #4556, #1291, #1317, #1805, #5100, #2661, #4588, #6133, #349, #4681, #2687, #4619, #2252, #822, #5622 ),
 .UNSPECIFIED., .F., .F.,
 ( 4, 2, 2, 2, 2, 2, 2, 4 ),
 ( 0.000000000000000000, 0.0005065887738145004142, 0.001013177547629000828, 0.001519766321443501026, 0.002026355095258001657, 0.002532943869072502071, 0.003039532642887002051, 0.004052710190516011120 ),
 .UNSPECIFIED. ) ;
#2583 = ORIENTED_EDGE ( 'NONE', *, *, #4051, .F. ) ;
#2584 = SURFACE_SIDE_STYLE ('',( #2960 ) ) ;
#2585 = ADVANCED_FACE ( 'NONE', ( #2004 ), #3922, .T. ) ;
#2586 = LINE ( 'NONE', #2933, #6195 ) ;
#2587 = CARTESIAN_POINT ( 'NONE',  ( 10.62500000000000000, 22.07249999999999801, 6.175755471531950543E-15 ) ) ;
#2588 = DIRECTION ( 'NONE',  ( 1.000000000000000000, -3.212450881438532241E-16, -6.057297782015011241E-32 ) ) ;
#2589 = ORIENTED_EDGE ( 'NONE', *, *, #4518, .F. ) ;
#2590 = CARTESIAN_POINT ( 'NONE',  ( -1.961828317978752789, 19.15181382311985914, -53.41726092545675897 ) ) ;
#2591 = FILL_AREA_STYLE ('',( #1226 ) ) ;
#2592 = EDGE_CURVE ( 'NONE', #320, #4297, #357, .T. ) ;
#2593 = CARTESIAN_POINT ( 'NONE',  ( 9.043877225990849311, 29.16000000000003567, -92.06848604386789248 ) ) ;
#2594 = UNCERTAINTY_MEASURE_WITH_UNIT (LENGTH_MEASURE( 1.000000000000000082E-05 ), #1694, 'distance_accuracy_value', 'NONE');
#2595 = LINE ( 'NONE', #1133, #1726 ) ;
#2596 = CARTESIAN_POINT ( 'NONE',  ( 3.236135572474724942, 28.14749999999999019, -45.95140220635128259 ) ) ;
#2597 = ORIENTED_EDGE ( 'NONE', *, *, #1218, .F. ) ;
#2598 = EDGE_CURVE ( 'NONE', #2271, #3391, #570, .T. ) ;
#2599 = CARTESIAN_POINT ( 'NONE',  ( 1.012499999999961542, 7.087499999999992362, -26.69249999999999901 ) ) ;
#2600 =( NAMED_UNIT ( * ) SI_UNIT ( $, .STERADIAN. ) SOLID_ANGLE_UNIT ( ) );
#2601 = CARTESIAN_POINT ( 'NONE',  ( 1.439227467121135140, -4.050000000000003375, -41.88693544904601396 ) ) ;
#2602 = ORIENTED_EDGE ( 'NONE', *, *, #4557, .F. ) ;
#2603 =( GEOMETRIC_REPRESENTATION_CONTEXT ( 3 ) GLOBAL_UNCERTAINTY_ASSIGNED_CONTEXT ( ( #1229 ) ) GLOBAL_UNIT_ASSIGNED_CONTEXT ( ( #1904, #3733, #1787 ) ) REPRESENTATION_CONTEXT ( 'NONE', 'WORKASPACE' ) );
#2604 =( NAMED_UNIT ( * ) SI_UNIT ( $, .STERADIAN. ) SOLID_ANGLE_UNIT ( ) );
#2605 = DIRECTION ( 'NONE',  ( -1.000000000000000000, 0.000000000000000000, 0.000000000000000000 ) ) ;
#2606 = PRESENTATION_LAYER_ASSIGNMENT (  '', '', ( #1711 ) ) ;
#2607 = ORIENTED_EDGE ( 'NONE', *, *, #847, .F. ) ;
#2608 = CARTESIAN_POINT ( 'NONE',  ( -8.697442606477096660, 22.58500000000000441, -100.4247610628856364 ) ) ;
#2609 = ORIENTED_EDGE ( 'NONE', *, *, #23, .T. ) ;
#2610 = CARTESIAN_POINT ( 'NONE',  ( 10.62500000000000000, -4.049999999999947420, -113.3999999999999915 ) ) ;
#2611 = CARTESIAN_POINT ( 'NONE',  ( 20.25000000000000000, 1.097754699641572746E-16, -3.037499999999999645 ) ) ;
#2612 = SURFACE_STYLE_FILL_AREA ( #3536 ) ;
#2613 = CARTESIAN_POINT ( 'NONE',  ( -1.778430298523677511, 20.24336917040398376, -84.06047649906849983 ) ) ;
#2614 = CARTESIAN_POINT ( 'NONE',  ( 1.012499999999766143, 28.14749999999995467, -113.4000000000000057 ) ) ;
#2615 = DIRECTION ( 'NONE',  ( -3.212450881438532241E-16, -1.000000000000000000, 2.040851148208007259E-16 ) ) ;
#2616 = PRESENTATION_LAYER_ASSIGNMENT (  '', '', ( #1613 ) ) ;
#2617 = CARTESIAN_POINT ( 'NONE',  ( 1.180338374031899784, 29.15999999999989001, -44.38319912629260244 ) ) ;
#2618 = ORIENTED_EDGE ( 'NONE', *, *, #3416, .T. ) ;
#2619 = CARTESIAN_POINT ( 'NONE',  ( 6.915046869007157149, 28.14749999999999375, -94.66451395508278210 ) ) ;
#2620 = FACE_OUTER_BOUND ( 'NONE', #5127, .T. ) ;
#2621 = CARTESIAN_POINT ( 'NONE',  ( 11.06309069025899738, 19.25000684710168386, -90.61875000002935110 ) ) ;
#2622 = DIRECTION ( 'NONE',  ( -1.000000000000000000, 0.000000000000000000, 0.000000000000000000 ) ) ;
#2623 = FACE_OUTER_BOUND ( 'NONE', #334, .T. ) ;
#2624 = CARTESIAN_POINT ( 'NONE',  ( 10.62500000000000000, 28.14749999999999375, -137.0924999999999727 ) ) ;
#2625 = EDGE_CURVE ( 'NONE', #3679, #5704, #5075, .T. ) ;
#2626 = CARTESIAN_POINT ( 'NONE',  ( -1.141542383080070167, 2.951134012533973117, -51.93512253420556846 ) ) ;
#2627 = AXIS2_PLACEMENT_3D ( 'NONE', #3692, #4106, #2622 ) ;
#2628 = VERTEX_POINT ( 'NONE', #1759 ) ;
#2629 =( NAMED_UNIT ( * ) PLANE_ANGLE_UNIT ( ) SI_UNIT ( $, .RADIAN. ) );
#2630 = CARTESIAN_POINT ( 'NONE',  ( -9.477431967826914772, 21.74405054420929417, -42.45532033277224571 ) ) ;
#2631 = CARTESIAN_POINT ( 'NONE',  ( -2.024999999999999911, 18.02250000000000085, -83.53125000000000000 ) ) ;
#2632 = ORIENTED_EDGE ( 'NONE', *, *, #302, .T. ) ;
#2633 = AXIS2_PLACEMENT_3D ( 'NONE', #5737, #1396, #5056 ) ;
#2634 = COLOUR_RGB ( '',0.1019607843137254888, 0.1019607843137254888, 0.1019607843137254888 ) ;
#2635 = CARTESIAN_POINT ( 'NONE',  ( 9.043877225991961311, -4.050000000000161471, -45.02401395613127733 ) ) ;
#2636 = EDGE_CURVE ( 'NONE', #5000, #1019, #4541, .T. ) ;
#2637 = ORIENTED_EDGE ( 'NONE', *, *, #3140, .F. ) ;
#2638 = CARTESIAN_POINT ( 'NONE',  ( 1.012499999999973754, -0.1431962838996157783, -49.36805371610030591 ) ) ;
#2639 = PRESENTATION_LAYER_ASSIGNMENT (  '', '', ( #3147 ) ) ;
#2640 = SURFACE_STYLE_FILL_AREA ( #6050 ) ;
#2641 = SURFACE_STYLE_USAGE ( .BOTH. , #743 ) ;
#2642 = SURFACE_STYLE_FILL_AREA ( #4217 ) ;
#2643 = CARTESIAN_POINT ( 'NONE',  ( 5.415263989499595532, 28.14749999999999375, -46.47374999999986045 ) ) ;
#2644 = PRESENTATION_LAYER_ASSIGNMENT (  '', '', ( #4966 ) ) ;
#2645 = VERTEX_POINT ( 'NONE', #5169 ) ;
#2646 = CARTESIAN_POINT ( 'NONE',  ( 10.12500000000000000, 28.73530505604057339, -97.68133091484642705 ) ) ;
#2647 = VERTEX_POINT ( 'NONE', #1360 ) ;
#2648 = DIRECTION ( 'NONE',  ( -1.000000000000000000, 0.000000000000000000, 0.000000000000000000 ) ) ;
#2649 = STYLED_ITEM ( 'NONE', ( #4108 ), #3906 ) ;
#2650 = DIRECTION ( 'NONE',  ( -1.000000000000000000, -0.000000000000000000, -0.000000000000000000 ) ) ;
#2651 =( BOUNDED_CURVE ( )  B_SPLINE_CURVE ( 3, ( #2814, #5828, #4301, #1968 ),
 .UNSPECIFIED., .F., .T. ) 
 B_SPLINE_CURVE_WITH_KNOTS ( ( 4, 4 ),
 ( 3.141592653589795336, 3.241760074751350196 ),
 .UNSPECIFIED. ) 
 CURVE ( )  GEOMETRIC_REPRESENTATION_ITEM ( )  RATIONAL_B_SPLINE_CURVE ( ( 1.000000000000000000, 0.9991640487402220216, 0.9991640487402220216, 1.000000000000000000 ) ) 
 REPRESENTATION_ITEM ( '' )  );
#2652 = CARTESIAN_POINT ( 'NONE',  ( -1.902742823072373746, 19.59381210149347652, -83.80453114643437118 ) ) ;
#2653 = VECTOR ( 'NONE', #5965, 1000.000000000000000 ) ;
#2654 = DIRECTION ( 'NONE',  ( -0.000000000000000000, 0.7071067811865475727, 0.7071067811865475727 ) ) ;
#2655 = VERTEX_POINT ( 'NONE', #866 ) ;
#2656 = PRESENTATION_STYLE_ASSIGNMENT (( #3663 ) ) ;
#2657 = CARTESIAN_POINT ( 'NONE',  ( 10.12500000000000000, -3.621089756750340616, -97.66761197181881471 ) ) ;
#2658 = CARTESIAN_POINT ( 'NONE',  ( 11.07645002354541752, 19.13269589423579475, -90.61874999999999147 ) ) ;
#2659 = UNCERTAINTY_MEASURE_WITH_UNIT (LENGTH_MEASURE( 1.000000000000000082E-05 ), #499, 'distance_accuracy_value', 'NONE');
#2660 = VECTOR ( 'NONE', #2943, 1000.000000000000000 ) ;
#2661 = CARTESIAN_POINT ( 'NONE',  ( -8.129108079640776197, 23.85999999999999943, -36.89309756135389762 ) ) ;
#2662 = SURFACE_STYLE_USAGE ( .BOTH. , #350 ) ;
#2663 = FILL_AREA_STYLE ('',( #352 ) ) ;
#2664 = AXIS2_PLACEMENT_3D ( 'NONE', #4965, #5521, #2464 ) ;
#2665 = VERTEX_POINT ( 'NONE', #895 ) ;
#2666 = CARTESIAN_POINT ( 'NONE',  ( 1.012499999999969535, 18.02250000000000085, -95.03213518033508933 ) ) ;
#2667 = CARTESIAN_POINT ( 'NONE',  ( -8.472619925441140509, 23.85999999999999588, -46.47374999999998835 ) ) ;
#2668 = EDGE_CURVE ( 'NONE', #3678, #3678, #2421, .T. ) ;
#2669 = CARTESIAN_POINT ( 'NONE',  ( -8.259589994333708773, 1.377386681890770070, -92.79941072454239759 ) ) ;
#2670 = SURFACE_STYLE_FILL_AREA ( #1361 ) ;
#2671 = DIRECTION ( 'NONE',  ( 0.000000000000000000, 0.000000000000000000, 1.000000000000000000 ) ) ;
#2672 = ORIENTED_EDGE ( 'NONE', *, *, #5233, .T. ) ;
#2673 =( GEOMETRIC_REPRESENTATION_CONTEXT ( 3 ) GLOBAL_UNCERTAINTY_ASSIGNED_CONTEXT ( ( #494 ) ) GLOBAL_UNIT_ASSIGNED_CONTEXT ( ( #6219, #4054, #197 ) ) REPRESENTATION_CONTEXT ( 'NONE', 'WORKASPACE' ) );
#2674 = LINE ( 'NONE', #1667, #5935 ) ;
#2675 = CARTESIAN_POINT ( 'NONE',  ( 0.000000000000000000, 25.10999999999999588, -134.0549999999999784 ) ) ;
#2676 = EDGE_CURVE ( 'NONE', #2482, #7, #3354, .T. ) ;
#2677 = CARTESIAN_POINT ( 'NONE',  ( -7.796249999999990798, 18.68536357358632216, -35.26856028832671797 ) ) ;
#2678 = B_SPLINE_CURVE_WITH_KNOTS ( 'NONE', 3,
 ( #695, #2192, #2657, #792, #4076, #3159 ),
 .UNSPECIFIED., .F., .F.,
 ( 4, 2, 4 ),
 ( 0.000000000000000000, 0.5000000000000000000, 1.000000000000000000 ),
 .UNSPECIFIED. ) ;
#2679 = ORIENTED_EDGE ( 'NONE', *, *, #393, .F. ) ;
#2680 = LINE ( 'NONE', #270, #4884 ) ;
#2681 = MECHANICAL_DESIGN_GEOMETRIC_PRESENTATION_REPRESENTATION (  '', ( #5415 ), #999 ) ;
#2682 = CARTESIAN_POINT ( 'NONE',  ( 6.226638381332611161, -3.037499999999999645, -93.96167267417260405 ) ) ;
#2683 = EDGE_CURVE ( 'NONE', #1659, #2393, #1476, .T. ) ;
#2684 = CARTESIAN_POINT ( 'NONE',  ( 8.000577884556282271, -3.037499999999999201, -41.61300481151055664 ) ) ;
#2685 = ORIENTED_EDGE ( 'NONE', *, *, #1456, .T. ) ;
#2686 = CARTESIAN_POINT ( 'NONE',  ( 10.97997002584963866, 19.80774508130624056, -90.61875000026964244 ) ) ;
#2687 = CARTESIAN_POINT ( 'NONE',  ( -7.210586006959376348, 23.86000000000000298, -35.90479115186182923 ) ) ;
#2688 =( NAMED_UNIT ( * ) PLANE_ANGLE_UNIT ( ) SI_UNIT ( $, .RADIAN. ) );
#2689 = DIRECTION ( 'NONE',  ( -6.938893903907229918E-18, 1.000000000000000000, 1.885568995626964780E-16 ) ) ;
#2690 = CARTESIAN_POINT ( 'NONE',  ( -10.12500000000003730, 7.087499999999996803, -95.03213518033507512 ) ) ;
#2691 = ORIENTED_EDGE ( 'NONE', *, *, #177, .T. ) ;
#2692 = SURFACE_STYLE_FILL_AREA ( #6077 ) ;
#2693 = CARTESIAN_POINT ( 'NONE',  ( -8.558306890127491684, 23.46140381129511709, -43.67747562434245623 ) ) ;
#2694 = CARTESIAN_POINT ( 'NONE',  ( -8.636732476913618228, 1.565475685140081952, -94.39725401827944040 ) ) ;
#2695 = FACE_BOUND ( 'NONE', #6155, .T. ) ;
#2696 = CARTESIAN_POINT ( 'NONE',  ( 0.000000000000000000, 28.09674780070452726, 0.05075219929546622571 ) ) ;
#2697 = DIRECTION ( 'NONE',  ( -3.212450881438532241E-16, -1.000000000000000000, 0.000000000000000000 ) ) ;
#2698 = ORIENTED_EDGE ( 'NONE', *, *, #2475, .F. ) ;
#2699 =( NAMED_UNIT ( * ) PLANE_ANGLE_UNIT ( ) SI_UNIT ( $, .RADIAN. ) );
#2700 = CYLINDRICAL_SURFACE ( 'NONE', #893, 1.050000000237291786 ) ;
#2701 = FILL_AREA_STYLE ('',( #5083 ) ) ;
#2702 = PRESENTATION_LAYER_ASSIGNMENT (  '', '', ( #3813 ) ) ;
#2703 = FACE_OUTER_BOUND ( 'NONE', #3861, .T. ) ;
#2704 = AXIS2_PLACEMENT_3D ( 'NONE', #1379, #5715, #4200 ) ;
#2705 = VERTEX_POINT ( 'NONE', #28 ) ;
#2706 = ADVANCED_FACE ( 'NONE', ( #1877 ), #1906, .F. ) ;
#2707 = FILL_AREA_STYLE_COLOUR ( '', #372 ) ;
#2708 = DIRECTION ( 'NONE',  ( -0.000000000000000000, 1.000000000000000000, 0.000000000000000000 ) ) ;
#2709 = CARTESIAN_POINT ( 'NONE',  ( 1.492587350518319589, -3.037499999999999645, -46.45599610030295423 ) ) ;
#2710 = SURFACE_STYLE_FILL_AREA ( #3660 ) ;
#2711 = EDGE_CURVE ( 'NONE', #2665, #658, #1449, .T. ) ;
#2712 = ORIENTED_EDGE ( 'NONE', *, *, #147, .F. ) ;
#2713 = CIRCLE ( 'NONE', #2114, 10.12500000000000000 ) ;
#2714 = FILL_AREA_STYLE ('',( #377 ) ) ;
#2715 = CARTESIAN_POINT ( 'NONE',  ( -8.410852094479041696, 1.426971430607335556, -43.77038097523288229 ) ) ;
#2716 = SURFACE_STYLE_FILL_AREA ( #6194 ) ;
#2717 = UNCERTAINTY_MEASURE_WITH_UNIT (LENGTH_MEASURE( 1.000000000000000082E-05 ), #2395, 'distance_accuracy_value', 'NONE');
#2718 = VECTOR ( 'NONE', #5699, 1000.000000000000000 ) ;
#2719 = CARTESIAN_POINT ( 'NONE',  ( 20.25000000000000000, 0.000000000000000000, 0.000000000000000000 ) ) ;
#2720 = CARTESIAN_POINT ( 'NONE',  ( -52.37500000000000000, 3.673940397442059375E-16, -26.69249999999999901 ) ) ;
#2721 = CARTESIAN_POINT ( 'NONE',  ( 10.62500000000000000, 28.14749999999999019, -96.25054039609378265 ) ) ;
#2722 = ORIENTED_EDGE ( 'NONE', *, *, #772, .F. ) ;
#2723 = SURFACE_SIDE_STYLE ('',( #3142 ) ) ;
#2724 = CARTESIAN_POINT ( 'NONE',  ( -8.207533421270936103, 1.149788727762246943, -93.17371532246052368 ) ) ;
#2725 = CARTESIAN_POINT ( 'NONE',  ( 6.632369389440813556, -4.049999999999971401, -37.35078812755210720 ) ) ;
#2726 =( GEOMETRIC_REPRESENTATION_CONTEXT ( 3 ) GLOBAL_UNCERTAINTY_ASSIGNED_CONTEXT ( ( #5327 ) ) GLOBAL_UNIT_ASSIGNED_CONTEXT ( ( #1563, #1172, #5490 ) ) REPRESENTATION_CONTEXT ( 'NONE', 'WORKASPACE' ) );
#2727 = CARTESIAN_POINT ( 'NONE',  ( -49.50701142158430912, 0.000000000000000000, -23.69249999999999901 ) ) ;
#2728 = CARTESIAN_POINT ( 'NONE',  ( -5.973749999999985683, 22.65000000000064517, -92.47499999975946139 ) ) ;
#2729 = VERTEX_POINT ( 'NONE', #5727 ) ;
#2730 = PRESENTATION_LAYER_ASSIGNMENT (  '', '', ( #5165 ) ) ;
#2731 = UNCERTAINTY_MEASURE_WITH_UNIT (LENGTH_MEASURE( 1.000000000000000082E-05 ), #4783, 'distance_accuracy_value', 'NONE');
#2732 = FILL_AREA_STYLE ('',( #4155 ) ) ;
#2733 = VECTOR ( 'NONE', #4469, 1000.000000000000000 ) ;
#2734 = ORIENTED_EDGE ( 'NONE', *, *, #3835, .T. ) ;
#2735 = CARTESIAN_POINT ( 'NONE',  ( 1.012499999999961542, 18.02249999999999375, -38.19250000000000256 ) ) ;
#2736 = CARTESIAN_POINT ( 'NONE',  ( 10.62500000000000000, 28.14749999999999019, -96.25054039609378265 ) ) ;
#2737 = DIRECTION ( 'NONE',  ( 0.000000000000000000, -1.721931690265855442E-16, -1.000000000000000000 ) ) ;
#2738 =( LENGTH_UNIT ( ) NAMED_UNIT ( * ) SI_UNIT ( .MILLI., .METRE. ) );
#2739 = AXIS2_PLACEMENT_3D ( 'NONE', #4003, #1649, #3940 ) ;
#2740 = EDGE_CURVE ( 'NONE', #4705, #2553, #2385, .T. ) ;
#2741 = VECTOR ( 'NONE', #3882, 1000.000000000000000 ) ;
#2742 = EDGE_LOOP ( 'NONE', ( #412 ) ) ;
#2743 = SURFACE_SIDE_STYLE ('',( #281 ) ) ;
#2744 = DIRECTION ( 'NONE',  ( -3.212450881438532241E-16, -1.000000000000000000, -1.885568995626965273E-16 ) ) ;
#2745 = ADVANCED_FACE ( 'NONE', ( #1848 ), #6204, .T. ) ;
#2746 = FILL_AREA_STYLE_COLOUR ( '', #4337 ) ;
#2747 = MECHANICAL_DESIGN_GEOMETRIC_PRESENTATION_REPRESENTATION (  '', ( #1846 ), #1851 ) ;
#2748 = B_SPLINE_CURVE_WITH_KNOTS ( 'NONE', 3,
 ( #3295, #2383, #5234, #2809, #6240, #956, #4298, #6268, #4361, #1475, #57, #1042, #3360, #2938, #2467, #4422, #4931, #4393, #594, #4866, #3914, #1502, #988, #564, #86, #3947, #4837, #1936, #1994, #3419, #3452, #3862, #4901, #5881, #5949, #5916, #5824, #1530, #24, #5851, #2492, #118, #1077, #5389, #2438, #2907, #3980, #1966, #3392, #5359, #4810 ),
 .UNSPECIFIED., .F., .F.,
 ( 4, 2, 1, 1, 1, 2, 2, 2, 1, 1, 1, 1, 2, 2, 2, 2, 1, 1, 1, 1, 1, 2, 2, 2, 2, 1, 1, 1, 1, 1, 2, 2, 2, 4 ),
 ( 0.000000000000000000, 0.06250000000000506539, 0.09375000000000745237, 0.1093750000000082434, 0.1171875000000090900, 0.1210937500000090344, 0.1250000000000089651, 0.1875000000000086875, 0.2187500000000084377, 0.2343750000000082712, 0.2421875000000074107, 0.2460937500000071054, 0.2480468750000069389, 0.2500000000000067724, 0.3749999999999822919, 0.4374999999999690248, 0.4687499999999623079, 0.4843749999999580336, 0.4921874999999549249, 0.4960937499999542588, 0.4980468749999549805, 0.4990234374999553690, 0.4999999999999557021, 0.6249999999996831423, 0.6874999999995481392, 0.7187499999994806377, 0.7343749999994467759, 0.7421874999994299005, 0.7460937499994214628, 0.7480468749994182431, 0.7490234374994166888, 0.7499999999994150235, 0.8749999999997075673, 1.000000000000000000 ),
 .UNSPECIFIED. ) ;
#2749 = PRESENTATION_STYLE_ASSIGNMENT (( #860 ) ) ;
#2750 = ORIENTED_EDGE ( 'NONE', *, *, #5189, .F. ) ;
#2751 = CARTESIAN_POINT ( 'NONE',  ( 10.62500000000000000, 25.10999999999999588, -134.0549999999999784 ) ) ;
#2752 = DIRECTION ( 'NONE',  ( -0.000000000000000000, 1.000000000000000000, 0.000000000000000000 ) ) ;
#2753 = CARTESIAN_POINT ( 'NONE',  ( -8.276055532378265411, 1.108492646330336173, -93.67593868496336995 ) ) ;
#2754 = CARTESIAN_POINT ( 'NONE',  ( 10.76453242201812621, -4.049999999999544187, -45.90695847911729999 ) ) ;
#2755 = COLOUR_RGB ( '',0.1019607843137254888, 0.1019607843137254888, 0.1019607843137254888 ) ;
#2756 = PRODUCT_CONTEXT ( 'NONE', #661, 'mechanical' ) ;
#2757 = ORIENTED_EDGE ( 'NONE', *, *, #3435, .T. ) ;
#2758 = EDGE_LOOP ( 'NONE', ( #1559, #4332, #5397, #1167, #5086 ) ) ;
#2759 = VECTOR ( 'NONE', #3280, 1000.000000000000000 ) ;
#2760 = CARTESIAN_POINT ( 'NONE',  ( -9.319365997212502251, 22.18140024713800429, -42.06036481966484075 ) ) ;
#2761 = CARTESIAN_POINT ( 'NONE',  ( -1.779069646332655186, 20.24052708834480896, -84.05920595643299009 ) ) ;
#2762 =( GEOMETRIC_REPRESENTATION_CONTEXT ( 3 ) GLOBAL_UNCERTAINTY_ASSIGNED_CONTEXT ( ( #144 ) ) GLOBAL_UNIT_ASSIGNED_CONTEXT ( ( #1336, #2827, #400 ) ) REPRESENTATION_CONTEXT ( 'NONE', 'WORKASPACE' ) );
#2763 = EDGE_LOOP ( 'NONE', ( #5388, #604, #1902, #160 ) ) ;
#2764 = FACE_OUTER_BOUND ( 'NONE', #6055, .T. ) ;
#2765 = CARTESIAN_POINT ( 'NONE',  ( 6.712246415331129867, -1.303414582289146306, -90.61875006458504345 ) ) ;
#2766 = DIRECTION ( 'NONE',  ( -0.000000000000000000, -0.000000000000000000, -1.000000000000000000 ) ) ;
#2767 = DIRECTION ( 'NONE',  ( 0.000000000000000000, 1.000000000000000000, 1.885568995626965026E-16 ) ) ;
#2768 = LINE ( 'NONE', #4703, #5188 ) ;
#2769 = CARTESIAN_POINT ( 'NONE',  ( 3.815554330454891119, 29.16000000000009962, -44.41531023316956350 ) ) ;
#2770 = ORIENTED_EDGE ( 'NONE', *, *, #5584, .T. ) ;
#2771 = EDGE_CURVE ( 'NONE', #406, #674, #4423, .T. ) ;
#2772 = SURFACE_STYLE_USAGE ( .BOTH. , #1870 ) ;
#2773 = CARTESIAN_POINT ( 'NONE',  ( -8.885251581985647462, 23.10782133930639048, -94.50574161441895171 ) ) ;
#2774 = FILL_AREA_STYLE_COLOUR ( '', #345 ) ;
#2775 = CARTESIAN_POINT ( 'NONE',  ( 1.012504595659421858, 28.14749999999999375, -46.47375000000000256 ) ) ;
#2776 = ORIENTED_EDGE ( 'NONE', *, *, #4755, .F. ) ;
#2777 = EDGE_CURVE ( 'NONE', #2947, #2146, #3003, .T. ) ;
#2778 = CARTESIAN_POINT ( 'NONE',  ( 10.12500000000000000, 29.16000000000004988, -100.6984762319159188 ) ) ;
#2779 = CARTESIAN_POINT ( 'NONE',  ( -8.704419431349521119, 1.674509991038950041, -94.47032126889244807 ) ) ;
#2780 =( LENGTH_UNIT ( ) NAMED_UNIT ( * ) SI_UNIT ( .MILLI., .METRE. ) );
#2781 = ORIENTED_EDGE ( 'NONE', *, *, #5834, .F. ) ;
#2782 = ADVANCED_FACE ( 'NONE', ( #4869 ), #664, .T. ) ;
#2783 = FILL_AREA_STYLE_COLOUR ( '', #4485 ) ;
#2784 = ORIENTED_EDGE ( 'NONE', *, *, #4557, .T. ) ;
#2785 = FILL_AREA_STYLE ('',( #835 ) ) ;
#2786 = B_SPLINE_CURVE_WITH_KNOTS ( 'NONE', 3,
 ( #316, #918, #2902, #4807, #5229, #5847 ),
 .UNSPECIFIED., .F., .F.,
 ( 4, 2, 4 ),
 ( 0.000000000000000000, 0.001981470111886245427, 0.003962940223772490854 ),
 .UNSPECIFIED. ) ;
#2787 = DIRECTION ( 'NONE',  ( -1.000000000000000000, -6.071532165918857963E-15, -1.144829280800842736E-30 ) ) ;
#2788 = UNCERTAINTY_MEASURE_WITH_UNIT (LENGTH_MEASURE( 1.000000000000000082E-05 ), #5518, 'distance_accuracy_value', 'NONE');
#2789 = CARTESIAN_POINT ( 'NONE',  ( -7.796249999999991687, 18.02249999999999375, -35.26856028832671797 ) ) ;
#2790 = CARTESIAN_POINT ( 'NONE',  ( -1.776462847413144086, 20.25210235434690276, -84.06438499760764671 ) ) ;
#2791 = ORIENTED_EDGE ( 'NONE', *, *, #4831, .T. ) ;
#2792 = LINE ( 'NONE', #3812, #2963 ) ;
#2793 = VECTOR ( 'NONE', #4467, 1000.000000000000000 ) ;
#2794 = CARTESIAN_POINT ( 'NONE',  ( 1.367625313888165772, -4.050000000000001599, -95.15438345176562507 ) ) ;
#2795 = CARTESIAN_POINT ( 'NONE',  ( 3.236430498569160541, -3.037499999999998757, -91.14124262174419755 ) ) ;
#2796 = CARTESIAN_POINT ( 'NONE',  ( -7.756007213317475113, 2.024999999999999911, -110.3624999999999829 ) ) ;
#2797 = MECHANICAL_DESIGN_GEOMETRIC_PRESENTATION_REPRESENTATION (  '', ( #3813 ), #3208 ) ;
#2798 = CARTESIAN_POINT ( 'NONE',  ( 7.091236425151276279, 29.15999999999982606, -44.63524972405472369 ) ) ;
#2799 = VERTEX_POINT ( 'NONE', #2468 ) ;
#2800 = AXIS2_PLACEMENT_3D ( 'NONE', #185, #1199, #4103 ) ;
#2801 = CARTESIAN_POINT ( 'NONE',  ( 1.012499999999961542, -4.050000000000006928, -46.47374999999998835 ) ) ;
#2802 = CARTESIAN_POINT ( 'NONE',  ( -8.414576576053313772, 23.53495778655724635, -92.94225883271616340 ) ) ;
#2803 = EDGE_CURVE ( 'NONE', #3834, #2655, #188, .T. ) ;
#2804 = CARTESIAN_POINT ( 'NONE',  ( 20.25000000000000000, -3.037499999999999645, -90.61874999999999147 ) ) ;
#2805 = LINE ( 'NONE', #6266, #4971 ) ;
#2806 = AXIS2_PLACEMENT_3D ( 'NONE', #5970, #4544, #2517 ) ;
#2807 = CARTESIAN_POINT ( 'NONE',  ( 1.012499999999961542, 29.15999999999998948, -23.69249999999998835 ) ) ;
#2808 = ORIENTED_EDGE ( 'NONE', *, *, #1818, .T. ) ;
#2809 = CARTESIAN_POINT ( 'NONE',  ( -2.003988320620055941, 6.428631997768941453, -83.58013746143798528 ) ) ;
#2810 = CARTESIAN_POINT ( 'NONE',  ( 10.62500000000000000, -3.623774609964049986, -39.41807887227100338 ) ) ;
#2811 = STYLED_ITEM ( 'NONE', ( #201 ), #1045 ) ;
#2812 =( LENGTH_UNIT ( ) NAMED_UNIT ( * ) SI_UNIT ( .MILLI., .METRE. ) );
#2813 = EDGE_CURVE ( 'NONE', #4285, #3564, #4395, .T. ) ;
#2814 = CARTESIAN_POINT ( 'NONE',  ( 1.012499999999999956, 28.14749999999999375, -3.843567104199589366E-15 ) ) ;
#2815 = COLOUR_RGB ( '',0.1019607843137254888, 0.1019607843137254888, 0.1019607843137254888 ) ;
#2816 = ORIENTED_EDGE ( 'NONE', *, *, #1562, .T. ) ;
#2817 = ORIENTED_EDGE ( 'NONE', *, *, #3049, .T. ) ;
#2818 = CARTESIAN_POINT ( 'NONE',  ( 3.121512803102692857, 29.16000000000001791, -92.69234437626035117 ) ) ;
#2819 = LINE ( 'NONE', #4753, #5266 ) ;
#2820 =( NAMED_UNIT ( * ) SI_UNIT ( $, .STERADIAN. ) SOLID_ANGLE_UNIT ( ) );
#2821 = VECTOR ( 'NONE', #252, 1000.000000000000000 ) ;
#2822 = PRESENTATION_LAYER_ASSIGNMENT (  '', '', ( #3833 ) ) ;
#2823 = EDGE_CURVE ( 'NONE', #5141, #420, #698, .T. ) ;
#2824 = CARTESIAN_POINT ( 'NONE',  ( -1.773498842753818749, 20.26521855587882115, -84.07026915362128250 ) ) ;
#2825 = CARTESIAN_POINT ( 'NONE',  ( 1.925071415036219147, 29.15999999999999659, -95.69018885849706635 ) ) ;
#2826 = ORIENTED_EDGE ( 'NONE', *, *, #4876, .T. ) ;
#2827 =( NAMED_UNIT ( * ) PLANE_ANGLE_UNIT ( ) SI_UNIT ( $, .RADIAN. ) );
#2828 = CARTESIAN_POINT ( 'NONE',  ( 5.523511352510775296, -4.050000000000078870, -92.60357682832049875 ) ) ;
#2829 = SURFACE_STYLE_FILL_AREA ( #1462 ) ;
#2830 = CARTESIAN_POINT ( 'NONE',  ( 20.25000000000000000, 2.572287141353671465E-14, -45.96750000000000114 ) ) ;
#2831 = COLOUR_RGB ( '',0.1019607843137254888, 0.1019607843137254888, 0.1019607843137254888 ) ;
#2832 = DIRECTION ( 'NONE',  ( 2.775557561562890365E-16, 0.000000000000000000, -1.000000000000000000 ) ) ;
#2833 = CARTESIAN_POINT ( 'NONE',  ( 1.929600150949838611, 29.15999999999999304, -41.39588183566270629 ) ) ;
#2834 = B_SPLINE_CURVE_WITH_KNOTS ( 'NONE', 3,
 ( #368, #974, #462, #6222, #1861, #8 ),
 .UNSPECIFIED., .F., .F.,
 ( 4, 2, 4 ),
 ( 0.000000000000000000, 0.0008737766764950540303, 0.001747553352990108061 ),
 .UNSPECIFIED. ) ;
#2835 = VERTEX_POINT ( 'NONE', #3454 ) ;
#2836 = CARTESIAN_POINT ( 'NONE',  ( 10.62500000000000000, 29.16000000000003922, -36.39402376808405393 ) ) ;
#2837 =( NAMED_UNIT ( * ) SI_UNIT ( $, .STERADIAN. ) SOLID_ANGLE_UNIT ( ) );
#2838 =( GEOMETRIC_REPRESENTATION_CONTEXT ( 3 ) GLOBAL_UNCERTAINTY_ASSIGNED_CONTEXT ( ( #3535 ) ) GLOBAL_UNIT_ASSIGNED_CONTEXT ( ( #543, #4370, #2887 ) ) REPRESENTATION_CONTEXT ( 'NONE', 'WORKASPACE' ) );
#2839 =( NAMED_UNIT ( * ) PLANE_ANGLE_UNIT ( ) SI_UNIT ( $, .RADIAN. ) );
#2840 =( NAMED_UNIT ( * ) SI_UNIT ( $, .STERADIAN. ) SOLID_ANGLE_UNIT ( ) );
#2841 = SURFACE_SIDE_STYLE ('',( #501 ) ) ;
#2842 =( GEOMETRIC_REPRESENTATION_CONTEXT ( 3 ) GLOBAL_UNCERTAINTY_ASSIGNED_CONTEXT ( ( #2788 ) ) GLOBAL_UNIT_ASSIGNED_CONTEXT ( ( #5518, #1990, #6009 ) ) REPRESENTATION_CONTEXT ( 'NONE', 'WORKASPACE' ) );
#2843 = EDGE_LOOP ( 'NONE', ( #876, #5438, #5335, #5928 ) ) ;
#2844 = DIRECTION ( 'NONE',  ( -2.636779683484745304E-16, 3.125627884642895048E-16, 1.000000000000000000 ) ) ;
#2845 = COLOUR_RGB ( '',0.1019607843137254888, 0.1019607843137254888, 0.1019607843137254888 ) ;
#2846 = PRESENTATION_STYLE_ASSIGNMENT (( #924 ) ) ;
#2847 = CARTESIAN_POINT ( 'NONE',  ( -8.774481758224911943, 1.796534687011257514, -94.52218258635797099 ) ) ;
#2848 = LINE ( 'NONE', #4747, #2342 ) ;
#2849 = CARTESIAN_POINT ( 'NONE',  ( -0.1993453762179368816, 1.287802271215576999, -50.67379736320621220 ) ) ;
#2850 = STYLED_ITEM ( 'NONE', ( #1954 ), #4400 ) ;
#2851 = ORIENTED_EDGE ( 'NONE', *, *, #3990, .F. ) ;
#2852 = PRESENTATION_STYLE_ASSIGNMENT (( #1853 ) ) ;
#2853 = ORIENTED_EDGE ( 'NONE', *, *, #386, .F. ) ;
#2854 = EDGE_CURVE ( 'NONE', #5118, #2645, #2595, .T. ) ;
#2855 = CARTESIAN_POINT ( 'NONE',  ( 6.497110340785162030, 29.16000000000002856, -92.52461921607734041 ) ) ;
#2856 = CARTESIAN_POINT ( 'NONE',  ( 32.92873889984931424, 29.16000000000018844, -113.4000000000000057 ) ) ;
#2857 = CARTESIAN_POINT ( 'NONE',  ( -6.102714662081565322, 21.97124999999999062, -101.8999999999999915 ) ) ;
#2858 =( GEOMETRIC_REPRESENTATION_CONTEXT ( 3 ) GLOBAL_UNCERTAINTY_ASSIGNED_CONTEXT ( ( #5986 ) ) GLOBAL_UNIT_ASSIGNED_CONTEXT ( ( #1121, #2990, #4477 ) ) REPRESENTATION_CONTEXT ( 'NONE', 'WORKASPACE' ) );
#2859 = CARTESIAN_POINT ( 'NONE',  ( 2.993629074585620664, -4.050000000000149925, -44.39796413353988669 ) ) ;
#2860 =( NAMED_UNIT ( * ) PLANE_ANGLE_UNIT ( ) SI_UNIT ( $, .RADIAN. ) );
#2861 = VERTEX_POINT ( 'NONE', #2061 ) ;
#2862 = DIRECTION ( 'NONE',  ( 0.000000000000000000, -1.000000000000000000, 0.000000000000000000 ) ) ;
#2863 = STYLED_ITEM ( 'NONE', ( #6165 ), #4762 ) ;
#2864 = CARTESIAN_POINT ( 'NONE',  ( 1.929600150951804594, -4.049999999999998046, -95.69661816433897172 ) ) ;
#2865 = EDGE_CURVE ( 'NONE', #3602, #3811, #3983, .T. ) ;
#2866 = SURFACE_SIDE_STYLE ('',( #2829 ) ) ;
#2867 =( NAMED_UNIT ( * ) SI_UNIT ( $, .STERADIAN. ) SOLID_ANGLE_UNIT ( ) );
#2868 = MECHANICAL_DESIGN_GEOMETRIC_PRESENTATION_REPRESENTATION (  '', ( #781 ), #2370 ) ;
#2869 = DIRECTION ( 'NONE',  ( -2.775557561562890365E-16, 3.108544885199754604E-33, 1.000000000000000000 ) ) ;
#2870 = CARTESIAN_POINT ( 'NONE',  ( 7.906692841180061215, 29.16000000000002856, -44.75818660647126990 ) ) ;
#2871 = ORIENTED_EDGE ( 'NONE', *, *, #1196, .T. ) ;
#2872 = CARTESIAN_POINT ( 'NONE',  ( 2.369239150974407071, -4.049999999999998046, -40.87224591862096190 ) ) ;
#2873 = ADVANCED_FACE ( 'NONE', ( #1592 ), #5391, .T. ) ;
#2874 = CARTESIAN_POINT ( 'NONE',  ( -8.453743148994744772, 23.39473658001361400, -92.78140951137203274 ) ) ;
#2875 = SURFACE_SIDE_STYLE ('',( #3387 ) ) ;
#2876 = STYLED_ITEM ( 'NONE', ( #3093 ), #5947 ) ;
#2877 = PRESENTATION_STYLE_ASSIGNMENT (( #5230 ) ) ;
#2878 = ORIENTED_EDGE ( 'NONE', *, *, #3700, .F. ) ;
#2879 = CARTESIAN_POINT ( 'NONE',  ( 1.012499999999969535, 25.25319628389958382, -87.72444628389968102 ) ) ;
#2880 = VECTOR ( 'NONE', #4670, 1000.000000000000114 ) ;
#2881 = FILL_AREA_STYLE ('',( #3770 ) ) ;
#2882 = FACE_OUTER_BOUND ( 'NONE', #55, .T. ) ;
#2883 = ORIENTED_EDGE ( 'NONE', *, *, #4839, .T. ) ;
#2884 = ORIENTED_EDGE ( 'NONE', *, *, #601, .F. ) ;
#2885 = CARTESIAN_POINT ( 'NONE',  ( 1.012499999999641354, 29.16000000000000725, -92.70930087489553273 ) ) ;
#2886 =( LENGTH_UNIT ( ) NAMED_UNIT ( * ) SI_UNIT ( .MILLI., .METRE. ) );
#2887 =( NAMED_UNIT ( * ) SI_UNIT ( $, .STERADIAN. ) SOLID_ANGLE_UNIT ( ) );
#2888 = CARTESIAN_POINT ( 'NONE',  ( 1.440443597846397639, 29.16000000000000014, -95.19940906699633842 ) ) ;
#2889 = ORIENTED_EDGE ( 'NONE', *, *, #3064, .T. ) ;
#2890 =( LENGTH_UNIT ( ) NAMED_UNIT ( * ) SI_UNIT ( .MILLI., .METRE. ) );
#2891 = CARTESIAN_POINT ( 'NONE',  ( 1.012500000011642198, -4.050000000000003375, -92.70930087489553273 ) ) ;
#2892 = PRESENTATION_STYLE_ASSIGNMENT (( #3378 ) ) ;
#2893 = PLANE ( 'NONE',  #239 ) ;
#2894 = EDGE_CURVE ( 'NONE', #3059, #5713, #5995, .T. ) ;
#2895 = SURFACE_STYLE_USAGE ( .BOTH. , #5936 ) ;
#2896 = CARTESIAN_POINT ( 'NONE',  ( 4.568528209913790938, 27.50468297687637786, -46.47375003405056049 ) ) ;
#2897 = ORIENTED_EDGE ( 'NONE', *, *, #4167, .F. ) ;
#2898 = CARTESIAN_POINT ( 'NONE',  ( 0.000000000000000000, 25.10999999999999588, -140.1299999999999670 ) ) ;
#2899 = DIRECTION ( 'NONE',  ( 1.000000000000000000, 0.000000000000000000, 0.000000000000000000 ) ) ;
#2900 = CARTESIAN_POINT ( 'NONE',  ( -8.842509232853855039, 22.46234392103329824, -92.45896331882323693 ) ) ;
#2901 = ADVANCED_BREP_SHAPE_REPRESENTATION ( 'RD_BACKUPLV3PROTOTYPEV4__Default__C9F33F7A5020', ( #833, #3779 ), #883 ) ;
#2902 = CARTESIAN_POINT ( 'NONE',  ( -7.796249999999991687, 19.34699805506971160, -101.8094548347992117 ) ) ;
#2903 = EDGE_CURVE ( 'NONE', #862, #2130, #285, .T. ) ;
#2904 =( NAMED_UNIT ( * ) PLANE_ANGLE_UNIT ( ) SI_UNIT ( $, .RADIAN. ) );
#2905 = EDGE_LOOP ( 'NONE', ( #4404, #3549, #498, #1803, #1574, #5764, #1693 ) ) ;
#2906 = VECTOR ( 'NONE', #437, 1000.000000000000000 ) ;
#2907 = CARTESIAN_POINT ( 'NONE',  ( -0.2076221515981228893, 1.299664342447890197, -86.40879339759798938 ) ) ;
#2908 = CIRCLE ( 'NONE', #2806, 11.13749999999999396 ) ;
#2909 = FILL_AREA_STYLE_COLOUR ( '', #1635 ) ;
#2910 = FILL_AREA_STYLE_COLOUR ( '', #1171 ) ;
#2911 = VERTEX_POINT ( 'NONE', #381 ) ;
#2912 = ORIENTED_EDGE ( 'NONE', *, *, #5508, .F. ) ;
#2913 = AXIS2_PLACEMENT_3D ( 'NONE', #2107, #5016, #710 ) ;
#2914 = CARTESIAN_POINT ( 'NONE',  ( 1.462153963604158058, 29.16000000000000014, -95.22350942129794760 ) ) ;
#2915 = SURFACE_STYLE_FILL_AREA ( #512 ) ;
#2916 = UNCERTAINTY_MEASURE_WITH_UNIT (LENGTH_MEASURE( 1.000000000000000082E-05 ), #2423, 'distance_accuracy_value', 'NONE');
#2917 = DIRECTION ( 'NONE',  ( 0.000000000000000000, 0.000000000000000000, 1.000000000000000000 ) ) ;
#2918 = CARTESIAN_POINT ( 'NONE',  ( 1.346932820414253440, -4.050000000000111733, -44.38348952726190788 ) ) ;
#2919 = MECHANICAL_DESIGN_GEOMETRIC_PRESENTATION_REPRESENTATION (  '', ( #5676 ), #3829 ) ;
#2920 = VERTEX_POINT ( 'NONE', #727 ) ;
#2921 = CYLINDRICAL_SURFACE ( 'NONE', #3578, 10.12500000000000000 ) ;
#2922 = CARTESIAN_POINT ( 'NONE',  ( 3.293786375691150958, -4.049999999999989164, -97.27833985215727353 ) ) ;
#2923 = PRESENTATION_LAYER_ASSIGNMENT (  '', '', ( #230 ) ) ;
#2924 = FACE_OUTER_BOUND ( 'NONE', #343, .T. ) ;
#2925 = VECTOR ( 'NONE', #4388, 1000.000000000000000 ) ;
#2926 = FILL_AREA_STYLE ('',( #582 ) ) ;
#2927 = VECTOR ( 'NONE', #2650, 1000.000000000000000 ) ;
#2928 = EDGE_LOOP ( 'NONE', ( #3873, #1065, #2156, #3367, #3440, #301 ) ) ;
#2929 = LINE ( 'NONE', #2898, #3582 ) ;
#2930 = SURFACE_STYLE_USAGE ( .BOTH. , #1036 ) ;
#2931 = EDGE_CURVE ( 'NONE', #5958, #5646, #2582, .T. ) ;
#2932 =( GEOMETRIC_REPRESENTATION_CONTEXT ( 3 ) GLOBAL_UNCERTAINTY_ASSIGNED_CONTEXT ( ( #5779 ) ) GLOBAL_UNIT_ASSIGNED_CONTEXT ( ( #5638, #3712, #6152 ) ) REPRESENTATION_CONTEXT ( 'NONE', 'WORKASPACE' ) );
#2933 = CARTESIAN_POINT ( 'NONE',  ( -7.756007213317444027, 23.08500000000000085, 6.995905658109735947E-15 ) ) ;
#2934 = FILL_AREA_STYLE ('',( #442 ) ) ;
#2935 = LINE ( 'NONE', #3975, #1262 ) ;
#2936 = STYLED_ITEM ( 'NONE', ( #4682 ), #3515 ) ;
#2937 = ORIENTED_EDGE ( 'NONE', *, *, #348, .F. ) ;
#2938 = CARTESIAN_POINT ( 'NONE',  ( -1.848039473249837528, 5.198716938660753684, -83.91980460273011033 ) ) ;
#2939 = EDGE_CURVE ( 'NONE', #61, #225, #5527, .T. ) ;
#2940 = EDGE_CURVE ( 'NONE', #4819, #3987, #1825, .T. ) ;
#2941 = VECTOR ( 'NONE', #3356, 1000.000000000000000 ) ;
#2942 = CARTESIAN_POINT ( 'NONE',  ( 3.439170892271242952, 28.14749999999999375, -45.84456776318700122 ) ) ;
#2943 = DIRECTION ( 'NONE',  ( 0.000000000000000000, 1.000000000000000000, 5.595882180570350110E-16 ) ) ;
#2944 = ORIENTED_EDGE ( 'NONE', *, *, #5584, .F. ) ;
#2945 =( GEOMETRIC_REPRESENTATION_CONTEXT ( 3 ) GLOBAL_UNCERTAINTY_ASSIGNED_CONTEXT ( ( #4754 ) ) GLOBAL_UNIT_ASSIGNED_CONTEXT ( ( #20, #3389, #1072 ) ) REPRESENTATION_CONTEXT ( 'NONE', 'WORKASPACE' ) );
#2946 = VERTEX_POINT ( 'NONE', #5068 ) ;
#2947 = VERTEX_POINT ( 'NONE', #3107 ) ;
#2948 = SURFACE_STYLE_USAGE ( .BOTH. , #3839 ) ;
#2949 = CARTESIAN_POINT ( 'NONE',  ( 2.446840192436752659, -2.939031273456742088, -46.47375005066680131 ) ) ;
#2950 = CIRCLE ( 'NONE', #6020, 11.13749999999999396 ) ;
#2951 = EDGE_LOOP ( 'NONE', ( #775, #5303, #4121, #367 ) ) ;
#2952 = LINE ( 'NONE', #637, #3384 ) ;
#2953 = CARTESIAN_POINT ( 'NONE',  ( 11.02899686258697898, -4.049999999999942091, -90.82710612999517252 ) ) ;
#2954 = CARTESIAN_POINT ( 'NONE',  ( 7.972334205195840795, -3.037500000000000089, -95.44907427516017151 ) ) ;
#2955 = MECHANICAL_DESIGN_GEOMETRIC_PRESENTATION_REPRESENTATION (  '', ( #5298 ), #5395 ) ;
#2956 = DIRECTION ( 'NONE',  ( 0.000000000000000000, -1.000000000000000000, -5.595882180570350110E-16 ) ) ;
#2957 =( GEOMETRIC_REPRESENTATION_CONTEXT ( 3 ) GLOBAL_UNCERTAINTY_ASSIGNED_CONTEXT ( ( #1230 ) ) GLOBAL_UNIT_ASSIGNED_CONTEXT ( ( #6075, #4175, #4140 ) ) REPRESENTATION_CONTEXT ( 'NONE', 'WORKASPACE' ) );
#2958 = SURFACE_STYLE_FILL_AREA ( #74 ) ;
#2959 = ORIENTED_EDGE ( 'NONE', *, *, #601, .T. ) ;
#2960 = SURFACE_STYLE_FILL_AREA ( #5381 ) ;
#2961 = CARTESIAN_POINT ( 'NONE',  ( 32.92873889984950608, -4.049999999999812417, -23.69249999999998835 ) ) ;
#2962 = CARTESIAN_POINT ( 'NONE',  ( -5.973749999999992788, 3.085608286484817143E-16, -26.69249999999999901 ) ) ;
#2963 = VECTOR ( 'NONE', #4192, 1000.000000000000000 ) ;
#2964 = CARTESIAN_POINT ( 'NONE',  ( -0.1903663680494145638, 23.83503128109323299, -86.42943808485843249 ) ) ;
#2965 = LINE ( 'NONE', #4896, #5597 ) ;
#2966 = DIRECTION ( 'NONE',  ( 1.000000000000000000, 0.000000000000000000, 0.000000000000000000 ) ) ;
#2967 = EDGE_CURVE ( 'NONE', #3203, #3203, #5369, .T. ) ;
#2968 = COLOUR_RGB ( '',0.1019607843137254888, 0.1019607843137254888, 0.1019607843137254888 ) ;
#2969 = MECHANICAL_DESIGN_GEOMETRIC_PRESENTATION_REPRESENTATION (  '', ( #4993 ), #2376 ) ;
#2970 = ORIENTED_EDGE ( 'NONE', *, *, #3627, .F. ) ;
#2971 = CARTESIAN_POINT ( 'NONE',  ( -1.966003910479369399, 19.11398454096769228, -53.42657077273777588 ) ) ;
#2972 = LINE ( 'NONE', #2059, #5036 ) ;
#2973 = PRESENTATION_STYLE_ASSIGNMENT (( #2494 ) ) ;
#2974 =( LENGTH_UNIT ( ) NAMED_UNIT ( * ) SI_UNIT ( .MILLI., .METRE. ) );
#2975 = SURFACE_STYLE_FILL_AREA ( #3951 ) ;
#2976 = EDGE_CURVE ( 'NONE', #4705, #4149, #5469, .T. ) ;
#2977 = CARTESIAN_POINT ( 'NONE',  ( -1.956053623702973976, 5.907870596953385345, -53.40441872667166479 ) ) ;
#2978 = EDGE_LOOP ( 'NONE', ( #2679, #1948, #1673, #4750, #962 ) ) ;
#2979 = STYLED_ITEM ( 'NONE', ( #1766 ), #6109 ) ;
#2980 = CARTESIAN_POINT ( 'NONE',  ( -7.125000000000035527, 11.43500000000000050, -98.89999999999999147 ) ) ;
#2981 = SURFACE_STYLE_FILL_AREA ( #4530 ) ;
#2982 = CARTESIAN_POINT ( 'NONE',  ( 7.906692841179961739, -4.050000000000162359, -44.75818660647046698 ) ) ;
#2983 =( GEOMETRIC_REPRESENTATION_CONTEXT ( 3 ) GLOBAL_UNCERTAINTY_ASSIGNED_CONTEXT ( ( #6257 ) ) GLOBAL_UNIT_ASSIGNED_CONTEXT ( ( #5245, #2860, #4848 ) ) REPRESENTATION_CONTEXT ( 'NONE', 'WORKASPACE' ) );
#2984 = EDGE_CURVE ( 'NONE', #2560, #5704, #1690, .T. ) ;
#2985 = FILL_AREA_STYLE_COLOUR ( '', #2968 ) ;
#2986 = ORIENTED_EDGE ( 'NONE', *, *, #3453, .T. ) ;
#2987 = CARTESIAN_POINT ( 'NONE',  ( 5.817704853813573607, -4.049999999999973177, -99.30938257975624595 ) ) ;
#2988 = DIRECTION ( 'NONE',  ( 0.000000000000000000, -0.7071067811865490160, 0.7071067811865461294 ) ) ;
#2989 = SURFACE_STYLE_FILL_AREA ( #4475 ) ;
#2990 =( NAMED_UNIT ( * ) PLANE_ANGLE_UNIT ( ) SI_UNIT ( $, .RADIAN. ) );
#2991 = CARTESIAN_POINT ( 'NONE',  ( 10.44270494462086241, 29.15999999999845826, -45.64428509056929073 ) ) ;
#2992 = ORIENTED_EDGE ( 'NONE', *, *, #1562, .F. ) ;
#2993 = CARTESIAN_POINT ( 'NONE',  ( 0.000000000000000000, 3.037499999999999645, 1.713913789117811707E-15 ) ) ;
#2994 = SURFACE_SIDE_STYLE ('',( #3477 ) ) ;
#2995 = CARTESIAN_POINT ( 'NONE',  ( 8.099999999999999645, 28.14749999999999375, -46.47375000000000256 ) ) ;
#2996 = PRESENTATION_STYLE_ASSIGNMENT (( #179 ) ) ;
#2997 = CARTESIAN_POINT ( 'NONE',  ( 3.673437582924959400E-15, 11.43499999999999872, -102.2625000000000028 ) ) ;
#2998 = SURFACE_SIDE_STYLE ('',( #3448 ) ) ;
#2999 = EDGE_LOOP ( 'NONE', ( #4000, #4375, #419, #5671, #4827, #577, #3633 ) ) ;
#3000 = CARTESIAN_POINT ( 'NONE',  ( 1.964170926426440644, 28.14749999999999375, -90.70598807575811406 ) ) ;
#3001 = DIRECTION ( 'NONE',  ( 0.000000000000000000, 1.252313956556993710E-16, 1.000000000000000000 ) ) ;
#3002 = AXIS2_PLACEMENT_3D ( 'NONE', #2412, #1052, #5888 ) ;
#3003 = LINE ( 'NONE', #4491, #4847 ) ;
#3004 = CARTESIAN_POINT ( 'NONE',  ( 10.62500000000000000, -3.963452304990398467, -37.92415867957035402 ) ) ;
#3005 = FACE_OUTER_BOUND ( 'NONE', #5380, .T. ) ;
#3006 = CARTESIAN_POINT ( 'NONE',  ( -1.959582731527942823, 5.938340245630594261, -53.41226193683130674 ) ) ;
#3007 = ORIENTED_EDGE ( 'NONE', *, *, #4610, .F. ) ;
#3008 = LINE ( 'NONE', #1481, #205 ) ;
#3009 = CARTESIAN_POINT ( 'NONE',  ( -2.024999999999999911, 7.087500000000000355, -53.56125000000000114 ) ) ;
#3010 = PRESENTATION_LAYER_ASSIGNMENT (  '', '', ( #215 ) ) ;
#3011 = EDGE_CURVE ( 'NONE', #2146, #658, #2219, .T. ) ;
#3012 = CARTESIAN_POINT ( 'NONE',  ( 10.62500000000000000, 29.16000000000018844, -113.4000000000000057 ) ) ;
#3013 = CARTESIAN_POINT ( 'NONE',  ( 3.786783009628323260, -4.049999999999988276, -39.32356321173629254 ) ) ;
#3014 =( LENGTH_UNIT ( ) NAMED_UNIT ( * ) SI_UNIT ( .MILLI., .METRE. ) );
#3015 = AXIS2_PLACEMENT_3D ( 'NONE', #396, #2297, #5571 ) ;
#3016 = ORIENTED_EDGE ( 'NONE', *, *, #1946, .F. ) ;
#3017 = LINE ( 'NONE', #4406, #5008 ) ;
#3018 = DIRECTION ( 'NONE',  ( -1.000000000000000000, 4.510281037539699678E-17, 0.000000000000000000 ) ) ;
#3019 = ADVANCED_FACE ( 'NONE', ( #6070 ), #6104, .T. ) ;
#3020 = CARTESIAN_POINT ( 'NONE',  ( 1.012499999999955547, 28.14749999999999375, -137.0924999999999727 ) ) ;
#3021 = PRESENTATION_LAYER_ASSIGNMENT (  '', '', ( #5152 ) ) ;
#3022 = FILL_AREA_STYLE ('',( #4855 ) ) ;
#3023 = CARTESIAN_POINT ( 'NONE',  ( 9.684320183278240179, 29.16000000000085635, -45.24129074459688837 ) ) ;
#3024 = ORIENTED_EDGE ( 'NONE', *, *, #1456, .F. ) ;
#3025 = COLOUR_RGB ( '',0.1019607843137254888, 0.1019607843137254888, 0.1019607843137254888 ) ;
#3026 = CARTESIAN_POINT ( 'NONE',  ( 0.6742935442334501150, -3.037499999999998757, -5.143320179218505568E-15 ) ) ;
#3027 = SURFACE_SIDE_STYLE ('',( #2612 ) ) ;
#3028 = PRESENTATION_LAYER_ASSIGNMENT (  '', '', ( #3737 ) ) ;
#3029 =( GEOMETRIC_REPRESENTATION_CONTEXT ( 3 ) GLOBAL_UNCERTAINTY_ASSIGNED_CONTEXT ( ( #2238 ) ) GLOBAL_UNIT_ASSIGNED_CONTEXT ( ( #1706, #5971, #4226 ) ) REPRESENTATION_CONTEXT ( 'NONE', 'WORKASPACE' ) );
#3030 = PLANE ( 'NONE',  #4859 ) ;
#3031 = ORIENTED_EDGE ( 'NONE', *, *, #3899, .F. ) ;
#3032 = CARTESIAN_POINT ( 'NONE',  ( -1.941410032301294386, 19.33202102876946071, -53.37181465935544367 ) ) ;
#3033 = PRESENTATION_STYLE_ASSIGNMENT (( #5098 ) ) ;
#3034 = COLOUR_RGB ( '',0.1019607843137254888, 0.1019607843137254888, 0.1019607843137254888 ) ;
#3035 = CARTESIAN_POINT ( 'NONE',  ( 1.292717133355654191, 29.16000000000000014, -95.10783654508456664 ) ) ;
#3036 = FILL_AREA_STYLE ('',( #120 ) ) ;
#3037 = FILL_AREA_STYLE ('',( #1620 ) ) ;
#3038 = AXIS2_PLACEMENT_3D ( 'NONE', #5528, #121, #3917 ) ;
#3039 = VECTOR ( 'NONE', #2134, 1000.000000000000000 ) ;
#3040 = CARTESIAN_POINT ( 'NONE',  ( -2.024999999999999911, 6.716976959377276124, -53.56124999999999403 ) ) ;
#3041 = ORIENTED_EDGE ( 'NONE', *, *, #1796, .T. ) ;
#3042 = CARTESIAN_POINT ( 'NONE',  ( -49.50701142158430912, 8.457484033760292845E-15, -113.4000000000000057 ) ) ;
#3043 =( GEOMETRIC_REPRESENTATION_CONTEXT ( 3 ) GLOBAL_UNCERTAINTY_ASSIGNED_CONTEXT ( ( #3745 ) ) GLOBAL_UNIT_ASSIGNED_CONTEXT ( ( #5819, #1960, #410 ) ) REPRESENTATION_CONTEXT ( 'NONE', 'WORKASPACE' ) );
#3044 = PLANE ( 'NONE',  #625 ) ;
#3045 = CARTESIAN_POINT ( 'NONE',  ( -5.973749999999989235, 23.85999999999999233, -35.35247501224862532 ) ) ;
#3046 = CARTESIAN_POINT ( 'NONE',  ( 9.150241880901361924, 1.056527704268046763, -46.47374999059399414 ) ) ;
#3047 =( NAMED_UNIT ( * ) SI_UNIT ( $, .STERADIAN. ) SOLID_ANGLE_UNIT ( ) );
#3048 = ORIENTED_EDGE ( 'NONE', *, *, #5520, .F. ) ;
#3049 = EDGE_CURVE ( 'NONE', #3791, #2628, #17, .T. ) ;
#3050 = CARTESIAN_POINT ( 'NONE',  ( 0.000000000000000000, 25.10999999999999588, -140.1299999999999670 ) ) ;
#3051 = CARTESIAN_POINT ( 'NONE',  ( 11.03219711801313885, 5.627305085714687571, -90.61875000008788561 ) ) ;
#3052 = SURFACE_SIDE_STYLE ('',( #5468 ) ) ;
#3053 = FILL_AREA_STYLE_COLOUR ( '', #939 ) ;
#3054 = DIRECTION ( 'NONE',  ( -0.000000000000000000, 0.000000000000000000, -1.000000000000000000 ) ) ;
#3055 =( BOUNDED_CURVE ( )  B_SPLINE_CURVE ( 3, ( #1464, #5318, #2643, #1701 ),
 .UNSPECIFIED., .F., .F. ) 
 B_SPLINE_CURVE_WITH_KNOTS ( ( 4, 4 ),
 ( 5.507787810568830267, 6.283185307179590673 ),
 .UNSPECIFIED. ) 
 CURVE ( )  GEOMETRIC_REPRESENTATION_ITEM ( )  RATIONAL_B_SPLINE_CURVE ( ( 1.000000000000000000, 0.9505210128485650500, 0.9505210128485650500, 1.000000000000000000 ) ) 
 REPRESENTATION_ITEM ( '' )  );
#3056 = EDGE_CURVE ( 'NONE', #5079, #5079, #648, .T. ) ;
#3057 = CARTESIAN_POINT ( 'NONE',  ( 6.632369389440730956, 29.16000000000002146, -37.35078812755207878 ) ) ;
#3058 =( GEOMETRIC_REPRESENTATION_CONTEXT ( 3 ) GLOBAL_UNCERTAINTY_ASSIGNED_CONTEXT ( ( #5526 ) ) GLOBAL_UNIT_ASSIGNED_CONTEXT ( ( #2065, #5953, #4013 ) ) REPRESENTATION_CONTEXT ( 'NONE', 'WORKASPACE' ) );
#3059 = VERTEX_POINT ( 'NONE', #3823 ) ;
#3060 = CARTESIAN_POINT ( 'NONE',  ( -9.112499999999998934, -1.060937496143707730E-13, -102.2625000000000028 ) ) ;
#3061 = LINE ( 'NONE', #5055, #2927 ) ;
#3062 =( NAMED_UNIT ( * ) PLANE_ANGLE_UNIT ( ) SI_UNIT ( $, .RADIAN. ) );
#3063 = COLOUR_RGB ( '',0.1019607843137254888, 0.1019607843137254888, 0.1019607843137254888 ) ;
#3064 = EDGE_CURVE ( 'NONE', #2482, #5007, #3291, .T. ) ;
#3065 = FACE_OUTER_BOUND ( 'NONE', #4648, .T. ) ;
#3066 = ORIENTED_EDGE ( 'NONE', *, *, #2940, .T. ) ;
#3067 = CARTESIAN_POINT ( 'NONE',  ( 5.978409263897920489, 28.14749999999999375, -93.66265742273142791 ) ) ;
#3068 = PRESENTATION_STYLE_ASSIGNMENT (( #2121 ) ) ;
#3069 = CARTESIAN_POINT ( 'NONE',  ( 10.27535052360888024, 22.11788050703926700, -90.61874999749905157 ) ) ;
#3070 = DIRECTION ( 'NONE',  ( 1.000000000000000000, 0.000000000000000000, 0.000000000000000000 ) ) ;
#3071 = DIRECTION ( 'NONE',  ( -2.498001805406605174E-16, 0.000000000000000000, -1.000000000000000000 ) ) ;
#3072 = PRESENTATION_LAYER_ASSIGNMENT (  '', '', ( #3178 ) ) ;
#3073 = CARTESIAN_POINT ( 'NONE',  ( 4.027207723913649673, 28.14749999999999730, -45.48563454545530504 ) ) ;
#3074 = CARTESIAN_POINT ( 'NONE',  ( -1.778430298521512798, 4.866630829586386042, -53.03202350092735173 ) ) ;
#3075 = ORIENTED_EDGE ( 'NONE', *, *, #3416, .F. ) ;
#3076 = FACE_BOUND ( 'NONE', #5134, .T. ) ;
#3077 = COLOUR_RGB ( '',0.1019607843137254888, 0.1019607843137254888, 0.1019607843137254888 ) ;
#3078 = CARTESIAN_POINT ( 'NONE',  ( 0.000000000000000000, -3.037499999999999645, -6.093251410737770232E-15 ) ) ;
#3079 = LINE ( 'NONE', #2069, #3039 ) ;
#3080 = CARTESIAN_POINT ( 'NONE',  ( 1.572237184918198194, -4.050000000000003375, -41.77467794334094719 ) ) ;
#3081 = CIRCLE ( 'NONE', #5628, 10.12500000000000000 ) ;
#3082 = VERTEX_POINT ( 'NONE', #3859 ) ;
#3083 = FILL_AREA_STYLE ('',( #4024 ) ) ;
#3084 = DIRECTION ( 'NONE',  ( 0.000000000000000000, 1.000000000000000000, 0.000000000000000000 ) ) ;
#3085 = SURFACE_STYLE_USAGE ( .BOTH. , #1603 ) ;
#3086 = CARTESIAN_POINT ( 'NONE',  ( -5.973749999999999893, 25.10999999999999588, -45.96750000000000114 ) ) ;
#3087 =( NAMED_UNIT ( * ) PLANE_ANGLE_UNIT ( ) SI_UNIT ( $, .RADIAN. ) );
#3088 = COLOUR_RGB ( '',0.1019607843137254888, 0.1019607843137254888, 0.1019607843137254888 ) ;
#3089 = EDGE_CURVE ( 'NONE', #2647, #126, #1898, .T. ) ;
#3090 = ORIENTED_EDGE ( 'NONE', *, *, #59, .T. ) ;
#3091 = CARTESIAN_POINT ( 'NONE',  ( -8.018576060031586294, 22.58500000000000441, -101.1614001695614036 ) ) ;
#3092 = ORIENTED_EDGE ( 'NONE', *, *, #2940, .F. ) ;
#3093 = PRESENTATION_STYLE_ASSIGNMENT (( #4891 ) ) ;
#3094 = DIRECTION ( 'NONE',  ( -1.000000000000000000, 5.165278571223799760E-17, 2.582639285611905427E-16 ) ) ;
#3095 = PRESENTATION_STYLE_ASSIGNMENT (( #751 ) ) ;
#3096 = ORIENTED_EDGE ( 'NONE', *, *, #3990, .T. ) ;
#3097 = EDGE_CURVE ( 'NONE', #7, #5074, #3763, .T. ) ;
#3098 = CARTESIAN_POINT ( 'NONE',  ( -1.822474507466042892, 20.04666307954599347, -83.97285988237507581 ) ) ;
#3099 = CARTESIAN_POINT ( 'NONE',  ( 10.62500000000000000, 29.16000000000003922, -37.16643538402556146 ) ) ;
#3100 = CARTESIAN_POINT ( 'NONE',  ( 1.012499999999999956, 28.14749999999999375, -3.843567104199589366E-15 ) ) ;
#3101 = CARTESIAN_POINT ( 'NONE',  ( 1.012499999999832978, 29.15999999999999304, -42.06036481966486207 ) ) ;
#3102 = ORIENTED_EDGE ( 'NONE', *, *, #920, .F. ) ;
#3103 = CARTESIAN_POINT ( 'NONE',  ( 10.62500000000000000, -3.037499999999999645, -6.093251410737770232E-15 ) ) ;
#3104 = FACE_OUTER_BOUND ( 'NONE', #183, .T. ) ;
#3105 = CARTESIAN_POINT ( 'NONE',  ( 10.76453242201837490, 29.16000000000246928, -91.18554152088114506 ) ) ;
#3106 = EDGE_CURVE ( 'NONE', #3705, #3335, #5818, .T. ) ;
#3107 = CARTESIAN_POINT ( 'NONE',  ( 0.000000000000000000, 3.161533534967732192E-14, -140.1299999999999670 ) ) ;
#3108 = DIRECTION ( 'NONE',  ( 0.000000000000000000, -5.595882180570350110E-16, 1.000000000000000000 ) ) ;
#3109 = CARTESIAN_POINT ( 'NONE',  ( -1.097002727083331131, 2.852793653193787193, -51.86781310971039716 ) ) ;
#3110 = ORIENTED_EDGE ( 'NONE', *, *, #5072, .T. ) ;
#3111 = DIRECTION ( 'NONE',  ( 1.000000000000000000, 0.000000000000000000, 0.000000000000000000 ) ) ;
#3112 = LINE ( 'NONE', #735, #533 ) ;
#3113 = CARTESIAN_POINT ( 'NONE',  ( -5.973749999999989235, 22.75524077235000320, -35.19250000000000256 ) ) ;
#3114 = PRESENTATION_LAYER_ASSIGNMENT (  '', '', ( #2303 ) ) ;
#3115 = CARTESIAN_POINT ( 'NONE',  ( 8.646844020901378158, -4.049999999999758238, -44.91612200837165148 ) ) ;
#3116 = ORIENTED_EDGE ( 'NONE', *, *, #1756, .F. ) ;
#3117 = LINE ( 'NONE', #1765, #481 ) ;
#3118 = MECHANICAL_DESIGN_GEOMETRIC_PRESENTATION_REPRESENTATION (  '', ( #4925 ), #2603 ) ;
#3119 =( LENGTH_UNIT ( ) NAMED_UNIT ( * ) SI_UNIT ( .MILLI., .METRE. ) );
#3120 =( NAMED_UNIT ( * ) PLANE_ANGLE_UNIT ( ) SI_UNIT ( $, .RADIAN. ) );
#3121 = VECTOR ( 'NONE', #2737, 1000.000000000000000 ) ;
#3122 = ORIENTED_EDGE ( 'NONE', *, *, #2333, .F. ) ;
#3123 = EDGE_LOOP ( 'NONE', ( #5396, #1190, #2770, #5880, #2180, #4509, #4302, #6121 ) ) ;
#3124 = DIRECTION ( 'NONE',  ( -5.165278571223819482E-17, -1.000000000000000000, -5.011196880269860074E-16 ) ) ;
#3125 = STYLED_ITEM ( 'NONE', ( #5317 ), #1008 ) ;
#3126 = SURFACE_STYLE_FILL_AREA ( #4068 ) ;
#3127 = CARTESIAN_POINT ( 'NONE',  ( 10.62500000000000000, -4.049999999999947420, -113.3999999999999915 ) ) ;
#3128 =( GEOMETRIC_REPRESENTATION_CONTEXT ( 3 ) GLOBAL_UNCERTAINTY_ASSIGNED_CONTEXT ( ( #5650 ) ) GLOBAL_UNIT_ASSIGNED_CONTEXT ( ( #5996, #5048, #2077 ) ) REPRESENTATION_CONTEXT ( 'NONE', 'WORKASPACE' ) );
#3129 = ORIENTED_EDGE ( 'NONE', *, *, #2363, .F. ) ;
#3130 = EDGE_CURVE ( 'NONE', #14, #191, #1383, .T. ) ;
#3131 = CARTESIAN_POINT ( 'NONE',  ( 0.000000000000000000, 25.10999999999999588, -23.69249999999999901 ) ) ;
#3132 = SURFACE_STYLE_FILL_AREA ( #5450 ) ;
#3133 = CARTESIAN_POINT ( 'NONE',  ( 11.04399226382987287, 19.39738517276858687, -90.61874999997064606 ) ) ;
#3134 = STYLED_ITEM ( 'NONE', ( #5400 ), #2585 ) ;
#3135 = FILL_AREA_STYLE ('',( #2774 ) ) ;
#3136 = DIRECTION ( 'NONE',  ( 0.000000000000000000, 0.000000000000000000, 1.000000000000000000 ) ) ;
#3137 = MECHANICAL_DESIGN_GEOMETRIC_PRESENTATION_REPRESENTATION (  '', ( #2329 ), #4953 ) ;
#3138 =( GEOMETRIC_REPRESENTATION_CONTEXT ( 3 ) GLOBAL_UNCERTAINTY_ASSIGNED_CONTEXT ( ( #1897 ) ) GLOBAL_UNIT_ASSIGNED_CONTEXT ( ( #1098, #1523, #1876 ) ) REPRESENTATION_CONTEXT ( 'NONE', 'WORKASPACE' ) );
#3139 = ORIENTED_EDGE ( 'NONE', *, *, #2250, .T. ) ;
#3140 = EDGE_CURVE ( 'NONE', #2248, #320, #2586, .T. ) ;
#3141 = PRESENTATION_STYLE_ASSIGNMENT (( #2132 ) ) ;
#3142 = SURFACE_STYLE_FILL_AREA ( #6110 ) ;
#3143 = CARTESIAN_POINT ( 'NONE',  ( -8.233061052589107476, 1.099430555133112497, -93.46228716887883081 ) ) ;
#3144 =( NAMED_UNIT ( * ) PLANE_ANGLE_UNIT ( ) SI_UNIT ( $, .RADIAN. ) );
#3145 = CARTESIAN_POINT ( 'NONE',  ( 0.000000000000000000, 0.000000000000000000, 0.000000000000000000 ) ) ;
#3146 = EDGE_LOOP ( 'NONE', ( #4777, #1278, #2500, #4813 ) ) ;
#3147 = STYLED_ITEM ( 'NONE', ( #699 ), #3485 ) ;
#3148 =( LENGTH_UNIT ( ) NAMED_UNIT ( * ) SI_UNIT ( .MILLI., .METRE. ) );
#3149 = LINE ( 'NONE', #5084, #2123 ) ;
#3150 = CIRCLE ( 'NONE', #4764, 8.137499999999995737 ) ;
#3151 = ORIENTED_EDGE ( 'NONE', *, *, #3097, .T. ) ;
#3152 = CARTESIAN_POINT ( 'NONE',  ( -7.334813778459229994, 22.58500000000000085, -101.5724521537381406 ) ) ;
#3153 = AXIS2_PLACEMENT_3D ( 'NONE', #3480, #4452, #1961 ) ;
#3154 = CARTESIAN_POINT ( 'NONE',  ( 1.012499999999969535, 25.25319628389958382, -87.72444628389968102 ) ) ;
#3155 = FILL_AREA_STYLE_COLOUR ( '', #1841 ) ;
#3156 = MECHANICAL_DESIGN_GEOMETRIC_PRESENTATION_REPRESENTATION (  '', ( #6225 ), #466 ) ;
#3157 = PRESENTATION_STYLE_ASSIGNMENT (( #4417 ) ) ;
#3158 = ORIENTED_EDGE ( 'NONE', *, *, #805, .T. ) ;
#3159 = CARTESIAN_POINT ( 'NONE',  ( 10.12500000000000178, -4.049999999999947420, -100.6984762319159046 ) ) ;
#3160 = SURFACE_STYLE_USAGE ( .BOTH. , #4554 ) ;
#3161 = UNCERTAINTY_MEASURE_WITH_UNIT (LENGTH_MEASURE( 1.000000000000000082E-05 ), #4604, 'distance_accuracy_value', 'NONE');
#3162 = VECTOR ( 'NONE', #682, 1000.000000000000000 ) ;
#3163 = UNCERTAINTY_MEASURE_WITH_UNIT (LENGTH_MEASURE( 1.000000000000000082E-05 ), #4551, 'distance_accuracy_value', 'NONE');
#3164 =( NAMED_UNIT ( * ) SI_UNIT ( $, .STERADIAN. ) SOLID_ANGLE_UNIT ( ) );
#3165 = SURFACE_STYLE_FILL_AREA ( #3693 ) ;
#3166 = FILL_AREA_STYLE_COLOUR ( '', #4466 ) ;
#3167 = COLOUR_RGB ( '',0.1019607843137254888, 0.1019607843137254888, 0.1019607843137254888 ) ;
#3168 = ORIENTED_EDGE ( 'NONE', *, *, #59, .F. ) ;
#3169 = SURFACE_STYLE_USAGE ( .BOTH. , #2723 ) ;
#3170 = CARTESIAN_POINT ( 'NONE',  ( -40.50000000000000000, 23.08500000000000085, -110.3999999999999915 ) ) ;
#3171 = COLOUR_RGB ( '',0.1019607843137254888, 0.1019607843137254888, 0.1019607843137254888 ) ;
#3172 = ADVANCED_FACE ( 'NONE', ( #80 ), #178, .F. ) ;
#3173 = CARTESIAN_POINT ( 'NONE',  ( 10.62500000000000000, -3.037499999999999645, -137.0924999999999727 ) ) ;
#3174 = DIRECTION ( 'NONE',  ( 0.000000000000000000, 0.000000000000000000, 1.000000000000000000 ) ) ;
#3175 =( NAMED_UNIT ( * ) PLANE_ANGLE_UNIT ( ) SI_UNIT ( $, .RADIAN. ) );
#3176 = VERTEX_POINT ( 'NONE', #2995 ) ;
#3177 = MECHANICAL_DESIGN_GEOMETRIC_PRESENTATION_REPRESENTATION (  '', ( #275 ), #5531 ) ;
#3178 = STYLED_ITEM ( 'NONE', ( #329 ), #5596 ) ;
#3179 = FACE_OUTER_BOUND ( 'NONE', #4890, .T. ) ;
#3180 =( NAMED_UNIT ( * ) PLANE_ANGLE_UNIT ( ) SI_UNIT ( $, .RADIAN. ) );
#3181 =( LENGTH_UNIT ( ) NAMED_UNIT ( * ) SI_UNIT ( .MILLI., .METRE. ) );
#3182 = UNCERTAINTY_MEASURE_WITH_UNIT (LENGTH_MEASURE( 1.000000000000000082E-05 ), #467, 'distance_accuracy_value', 'NONE');
#3183 = CARTESIAN_POINT ( 'NONE',  ( -9.189316093896655602, 22.49441823251344985, -41.94924052591021990 ) ) ;
#3184 = EDGE_CURVE ( 'NONE', #48, #3082, #2020, .T. ) ;
#3185 = VECTOR ( 'NONE', #3603, 1000.000000000000000 ) ;
#3186 = EDGE_LOOP ( 'NONE', ( #1817, #2816, #3016, #2190 ) ) ;
#3187 = SURFACE_STYLE_FILL_AREA ( #4640 ) ;
#3188 =( NAMED_UNIT ( * ) SI_UNIT ( $, .STERADIAN. ) SOLID_ANGLE_UNIT ( ) );
#3189 = CARTESIAN_POINT ( 'NONE',  ( 7.208726041276643848, -3.037499999999999201, -94.92209254117059913 ) ) ;
#3190 = SURFACE_STYLE_USAGE ( .BOTH. , #1683 ) ;
#3191 = CARTESIAN_POINT ( 'NONE',  ( 1.595252968563821927, 28.13475926061968480, -46.47375001831836272 ) ) ;
#3192 = VERTEX_POINT ( 'NONE', #5846 ) ;
#3193 =( NAMED_UNIT ( * ) SI_UNIT ( $, .STERADIAN. ) SOLID_ANGLE_UNIT ( ) );
#3194 = CARTESIAN_POINT ( 'NONE',  ( -8.978629543015919978, 2.589771811494786746, -43.97935842863274303 ) ) ;
#3195 = CARTESIAN_POINT ( 'NONE',  ( 2.674096028898901523, 29.16000000000000369, -96.58817227335221389 ) ) ;
#3196 = DIRECTION ( 'NONE',  ( -1.000000000000000000, 5.165278571223809621E-17, -2.582639285611905427E-16 ) ) ;
#3197 = ORIENTED_EDGE ( 'NONE', *, *, #4610, .T. ) ;
#3198 = DIRECTION ( 'NONE',  ( -1.000000000000000000, 0.000000000000000000, 0.000000000000000000 ) ) ;
#3199 = CARTESIAN_POINT ( 'NONE',  ( -9.319365997212502251, 22.18140024713800429, -42.06036481966484075 ) ) ;
#3200 = CARTESIAN_POINT ( 'NONE',  ( -8.387349592114837549, 1.208775941564541823, -94.00963335759767858 ) ) ;
#3201 = FILL_AREA_STYLE ('',( #830 ) ) ;
#3202 = PRESENTATION_STYLE_ASSIGNMENT (( #2291 ) ) ;
#3203 = VERTEX_POINT ( 'NONE', #391 ) ;
#3204 = ORIENTED_EDGE ( 'NONE', *, *, #147, .T. ) ;
#3205 = DIRECTION ( 'NONE',  ( -0.000000000000000000, 0.000000000000000000, -1.000000000000000000 ) ) ;
#3206 = EDGE_CURVE ( 'NONE', #157, #191, #2237, .T. ) ;
#3207 = DIRECTION ( 'NONE',  ( 0.000000000000000000, 1.000000000000000000, 0.000000000000000000 ) ) ;
#3208 =( GEOMETRIC_REPRESENTATION_CONTEXT ( 3 ) GLOBAL_UNCERTAINTY_ASSIGNED_CONTEXT ( ( #2594 ) ) GLOBAL_UNIT_ASSIGNED_CONTEXT ( ( #1694, #3612, #226 ) ) REPRESENTATION_CONTEXT ( 'NONE', 'WORKASPACE' ) );
#3209 = LINE ( 'NONE', #424, #1735 ) ;
#3210 = ORIENTED_EDGE ( 'NONE', *, *, #5461, .F. ) ;
#3211 = CARTESIAN_POINT ( 'NONE',  ( 10.12500000000000000, 28.48043086460504725, -96.94745616557155188 ) ) ;
#3212 = PLANE ( 'NONE',  #3685 ) ;
#3213 = EDGE_CURVE ( 'NONE', #5297, #5704, #5384, .T. ) ;
#3214 = EDGE_CURVE ( 'NONE', #469, #2553, #801, .T. ) ;
#3215 = LINE ( 'NONE', #6185, #5976 ) ;
#3216 = CARTESIAN_POINT ( 'NONE',  ( 4.452767729842694422, -3.037500000000000089, -45.13787884951648977 ) ) ;
#3217 = COLOUR_RGB ( '',0.1019607843137254888, 0.1019607843137254888, 0.1019607843137254888 ) ;
#3218 =( NAMED_UNIT ( * ) PLANE_ANGLE_UNIT ( ) SI_UNIT ( $, .RADIAN. ) );
#3219 = LINE ( 'NONE', #3127, #5495 ) ;
#3220 = FILL_AREA_STYLE ('',( #5061 ) ) ;
#3221 = ORIENTED_EDGE ( 'NONE', *, *, #464, .F. ) ;
#3222 = STYLED_ITEM ( 'NONE', ( #2892 ), #1037 ) ;
#3223 = LINE ( 'NONE', #1777, #3185 ) ;
#3224 = CARTESIAN_POINT ( 'NONE',  ( -8.532867271368905548, 1.708689961862170703, -43.98121052042256451 ) ) ;
#3225 = DIRECTION ( 'NONE',  ( 0.000000000000000000, -0.7071067811865474617, 0.7071067811865474617 ) ) ;
#3226 = UNCERTAINTY_MEASURE_WITH_UNIT (LENGTH_MEASURE( 1.000000000000000082E-05 ), #3878, 'distance_accuracy_value', 'NONE');
#3227 = CARTESIAN_POINT ( 'NONE',  ( 0.000000000000000000, 25.10999999999999588, 0.000000000000000000 ) ) ;
#3228 = COLOUR_RGB ( '',0.1019607843137254888, 0.1019607843137254888, 0.1019607843137254888 ) ;
#3229 = CARTESIAN_POINT ( 'NONE',  ( 1.012499999999961542, 7.087499999999992362, -23.69249999999998835 ) ) ;
#3230 = FILL_AREA_STYLE ('',( #5653 ) ) ;
#3231 = ORIENTED_EDGE ( 'NONE', *, *, #5758, .F. ) ;
#3232 = DIRECTION ( 'NONE',  ( -0.000000000000000000, -1.885568995626965026E-16, 1.000000000000000000 ) ) ;
#3233 = MECHANICAL_DESIGN_GEOMETRIC_PRESENTATION_REPRESENTATION (  '', ( #18 ), #4548 ) ;
#3234 = CARTESIAN_POINT ( 'NONE',  ( -8.505209941661201256, 23.70025334895447955, -43.12056873595231110 ) ) ;
#3235 = CARTESIAN_POINT ( 'NONE',  ( -9.577591108555289168, 3.638750000000139817, -36.46484353697388059 ) ) ;
#3236 = CARTESIAN_POINT ( 'NONE',  ( 5.817704853812081467, -4.049999999999976730, -37.78311742024406783 ) ) ;
#3237 = AXIS2_PLACEMENT_3D ( 'NONE', #6007, #715, #4447 ) ;
#3238 = PLANE ( 'NONE',  #4778 ) ;
#3239 = ORIENTED_EDGE ( 'NONE', *, *, #1002, .T. ) ;
#3240 = VERTEX_POINT ( 'NONE', #1797 ) ;
#3241 =( GEOMETRIC_REPRESENTATION_CONTEXT ( 3 ) GLOBAL_UNCERTAINTY_ASSIGNED_CONTEXT ( ( #1408 ) ) GLOBAL_UNIT_ASSIGNED_CONTEXT ( ( #4338, #1088, #39 ) ) REPRESENTATION_CONTEXT ( 'NONE', 'WORKASPACE' ) );
#3242 = FACE_OUTER_BOUND ( 'NONE', #5938, .T. ) ;
#3243 =( GEOMETRIC_REPRESENTATION_CONTEXT ( 3 ) GLOBAL_UNCERTAINTY_ASSIGNED_CONTEXT ( ( #5908 ) ) GLOBAL_UNIT_ASSIGNED_CONTEXT ( ( #4506, #3120, #5049 ) ) REPRESENTATION_CONTEXT ( 'NONE', 'WORKASPACE' ) );
#3244 = CARTESIAN_POINT ( 'NONE',  ( -7.796249999999991687, 20.66507558980253734, -35.37319601236759326 ) ) ;
#3245 = CARTESIAN_POINT ( 'NONE',  ( -1.766492541627100898, 20.29593780863215002, -84.08414870842078415 ) ) ;
#3246 = EDGE_CURVE ( 'NONE', #2729, #3672, #4546, .T. ) ;
#3247 = PRESENTATION_LAYER_ASSIGNMENT (  '', '', ( #5902 ) ) ;
#3248 = ORIENTED_EDGE ( 'NONE', *, *, #4958, .F. ) ;
#3249 = CARTESIAN_POINT ( 'NONE',  ( 1.529408302792738095, -4.049999999999998934, -95.27888226498933477 ) ) ;
#3250 = CARTESIAN_POINT ( 'NONE',  ( 3.439487114815182434, -3.037499999999999201, -91.24810604395248959 ) ) ;
#3251 = CARTESIAN_POINT ( 'NONE',  ( -7.796249999999997904, 3.638750000000141593, -26.73000000000000043 ) ) ;
#3252 = MECHANICAL_DESIGN_GEOMETRIC_PRESENTATION_REPRESENTATION (  '', ( #2532 ), #4049 ) ;
#3253 = EDGE_CURVE ( 'NONE', #4809, #1274, #3778, .T. ) ;
#3254 = SURFACE_SIDE_STYLE ('',( #279 ) ) ;
#3255 = CARTESIAN_POINT ( 'NONE',  ( 1.367625313886318139, 29.15999999999998948, -41.93811654823539214 ) ) ;
#3256 = PRESENTATION_LAYER_ASSIGNMENT (  '', '', ( #4156 ) ) ;
#3257 = ORIENTED_EDGE ( 'NONE', *, *, #968, .F. ) ;
#3258 =( NAMED_UNIT ( * ) SI_UNIT ( $, .STERADIAN. ) SOLID_ANGLE_UNIT ( ) );
#3259 = CARTESIAN_POINT ( 'NONE',  ( -9.389029363369509440, 3.156852202643864125, -42.67742075364753163 ) ) ;
#3260 = LINE ( 'NONE', #3762, #2017 ) ;
#3261 = CARTESIAN_POINT ( 'NONE',  ( -8.530943354376031351, 23.17199850386797522, -92.61139670199239049 ) ) ;
#3262 = STYLED_ITEM ( 'NONE', ( #3600 ), #4183 ) ;
#3263 = ADVANCED_FACE ( 'NONE', ( #2270 ), #2298, .F. ) ;
#3264 = LINE ( 'NONE', #3322, #4862 ) ;
#3265 = VERTEX_POINT ( 'NONE', #3307 ) ;
#3266 =( GEOMETRIC_REPRESENTATION_CONTEXT ( 3 ) GLOBAL_UNCERTAINTY_ASSIGNED_CONTEXT ( ( #6040 ) ) GLOBAL_UNIT_ASSIGNED_CONTEXT ( ( #1754, #795, #4081 ) ) REPRESENTATION_CONTEXT ( 'NONE', 'WORKASPACE' ) );
#3267 = FACE_OUTER_BOUND ( 'NONE', #91, .T. ) ;
#3268 = CARTESIAN_POINT ( 'NONE',  ( -9.140917575956455821, 3.048746738231354225, -92.97793867140580915 ) ) ;
#3269 = SURFACE_SIDE_STYLE ('',( #2670 ) ) ;
#3270 =( NAMED_UNIT ( * ) SI_UNIT ( $, .STERADIAN. ) SOLID_ANGLE_UNIT ( ) );
#3271 = VERTEX_POINT ( 'NONE', #6008 ) ;
#3272 = DIRECTION ( 'NONE',  ( 0.000000000000000000, 0.7071067811865441310, -0.7071067811865510144 ) ) ;
#3273 = ORIENTED_EDGE ( 'NONE', *, *, #5224, .F. ) ;
#3274 = SURFACE_STYLE_USAGE ( .BOTH. , #1300 ) ;
#3275 = AXIS2_PLACEMENT_3D ( 'NONE', #6253, #3344, #4257 ) ;
#3276 = CARTESIAN_POINT ( 'NONE',  ( -7.756007213317444027, 2.024999999999999911, 6.995905658109735947E-15 ) ) ;
#3277 = CARTESIAN_POINT ( 'NONE',  ( -9.189109521595574037, 2.618599752859620988, -42.06036481966481944 ) ) ;
#3278 = COLOUR_RGB ( '',0.1019607843137254888, 0.1019607843137254888, 0.1019607843137254888 ) ;
#3279 = ORIENTED_EDGE ( 'NONE', *, *, #3711, .T. ) ;
#3280 = DIRECTION ( 'NONE',  ( 0.000000000000000000, 0.000000000000000000, -1.000000000000000000 ) ) ;
#3281 = CARTESIAN_POINT ( 'NONE',  ( 1.012500000020259083, -3.037499999999961897, -90.61874999999999147 ) ) ;
#3282 = DIRECTION ( 'NONE',  ( 0.000000000000000000, 0.000000000000000000, 1.000000000000000000 ) ) ;
#3283 = FACE_OUTER_BOUND ( 'NONE', #5330, .T. ) ;
#3284 = CARTESIAN_POINT ( 'NONE',  ( -8.472619925441140509, 23.85999999999999588, -26.69249999999999901 ) ) ;
#3285 = CARTESIAN_POINT ( 'NONE',  ( 3.364750116668267399, 29.16000000000005699, -44.40483867171089116 ) ) ;
#3286 = ORIENTED_EDGE ( 'NONE', *, *, #2403, .T. ) ;
#3287 = CARTESIAN_POINT ( 'NONE',  ( 1.925071415036263112, -4.050000000000001599, -41.40231114150294900 ) ) ;
#3288 = CARTESIAN_POINT ( 'NONE',  ( -9.357848914581694544, 3.193316408594250699, -43.16873784696621641 ) ) ;
#3289 = ADVANCED_FACE ( 'NONE', ( #5244, #5517 ), #30, .T. ) ;
#3290 = DIRECTION ( 'NONE',  ( 1.000000000000000000, -3.212450881438532241E-16, 0.000000000000000000 ) ) ;
#3291 = LINE ( 'NONE', #409, #1337 ) ;
#3292 = SURFACE_SIDE_STYLE ('',( #4236 ) ) ;
#3293 = LINE ( 'NONE', #952, #4171 ) ;
#3294 = VERTEX_POINT ( 'NONE', #1195 ) ;
#3295 = CARTESIAN_POINT ( 'NONE',  ( -2.024999999999999911, 7.087500000000000355, -83.53125000000000000 ) ) ;
#3296 = ADVANCED_FACE ( 'NONE', ( #4817 ), #2002, .T. ) ;
#3297 = CARTESIAN_POINT ( 'NONE',  ( 7.866043189547021974, -4.049999999999961631, -100.2365406577855822 ) ) ;
#3298 =( BOUNDED_CURVE ( )  B_SPLINE_CURVE ( 3, ( #5785, #1445, #3358, #4005 ),
 .UNSPECIFIED., .F., .F. ) 
 B_SPLINE_CURVE_WITH_KNOTS ( ( 4, 4 ),
 ( 3.261280134836394872E-16, 0.1001674211615555948 ),
 .UNSPECIFIED. ) 
 CURVE ( )  GEOMETRIC_REPRESENTATION_ITEM ( )  RATIONAL_B_SPLINE_CURVE ( ( 1.000000000000000000, 0.9991640487402220216, 0.9991640487402220216, 1.000000000000000000 ) ) 
 REPRESENTATION_ITEM ( '' )  );
#3299 =( LENGTH_UNIT ( ) NAMED_UNIT ( * ) SI_UNIT ( .MILLI., .METRE. ) );
#3300 = CARTESIAN_POINT ( 'NONE',  ( 0.1609055958218880145, 0.8017179210638625264, -50.25606621683153463 ) ) ;
#3301 = EDGE_LOOP ( 'NONE', ( #2025 ) ) ;
#3302 = PLANE ( 'NONE',  #2380 ) ;
#3303 = ORIENTED_EDGE ( 'NONE', *, *, #3700, .T. ) ;
#3304 = CARTESIAN_POINT ( 'NONE',  ( 9.297378561140417830, 23.84742946735008928, -90.61874999413097953 ) ) ;
#3305 = SURFACE_STYLE_USAGE ( .BOTH. , #1913 ) ;
#3306 = CARTESIAN_POINT ( 'NONE',  ( -2.024999999999999911, 18.02250000000000085, -53.56125000000000114 ) ) ;
#3307 = CARTESIAN_POINT ( 'NONE',  ( -7.796249999999991687, 18.02249999999999375, -35.26856028832671797 ) ) ;
#3308 = CARTESIAN_POINT ( 'NONE',  ( 1.776328546778545681, 29.16000000000000014, -95.51411566398019204 ) ) ;
#3309 = VERTEX_POINT ( 'NONE', #358 ) ;
#3310 = SURFACE_STYLE_USAGE ( .BOTH. , #5741 ) ;
#3311 = CARTESIAN_POINT ( 'NONE',  ( 5.124129633560488450, -2.166906393696539812, -90.61874997400278176 ) ) ;
#3312 = CARTESIAN_POINT ( 'NONE',  ( 5.048405050310488917, -3.037499999999999645, -92.54427845288529397 ) ) ;
#3313 = PRODUCT_DEFINITION_CONTEXT ( 'detailed design', #5752, 'design' ) ;
#3314 = COLOUR_RGB ( '',0.1019607843137254888, 0.1019607843137254888, 0.1019607843137254888 ) ;
#3315 = CARTESIAN_POINT ( 'NONE',  ( 7.866043189547060166, 29.16000000000003212, -36.85595934221434078 ) ) ;
#3316 = CARTESIAN_POINT ( 'NONE',  ( 1.439227467121092063, 29.15999999999999304, -41.88693544904607791 ) ) ;
#3317 = ORIENTED_EDGE ( 'NONE', *, *, #4716, .T. ) ;
#3318 = CARTESIAN_POINT ( 'NONE',  ( 1.242034969776134146, -4.050000000000007816, -42.01593079085468929 ) ) ;
#3319 = CARTESIAN_POINT ( 'NONE',  ( -10.12500000000003730, 7.087499999999995026, -42.06036481966498997 ) ) ;
#3320 = CARTESIAN_POINT ( 'NONE',  ( -9.423643927200140880, 21.59067226707494669, -93.54860376329212102 ) ) ;
#3321 = FILL_AREA_STYLE ('',( #19 ) ) ;
#3322 = CARTESIAN_POINT ( 'NONE',  ( 10.62500000000000000, 25.10999999999999588, -91.12500000000000000 ) ) ;
#3323 = ADVANCED_FACE ( 'NONE', ( #4147 ), #2320, .F. ) ;
#3324 = DIRECTION ( 'NONE',  ( 0.000000000000000000, -0.7071067811865469066, 0.7071067811865481278 ) ) ;
#3325 = ORIENTED_EDGE ( 'NONE', *, *, #2290, .F. ) ;
#3326 = CARTESIAN_POINT ( 'NONE',  ( -7.578847391416589474, 0.000000000000000000, -90.61874999999999147 ) ) ;
#3327 = CARTESIAN_POINT ( 'NONE',  ( 3.274065535898553314, -4.049999999999990052, -97.26459471081986408 ) ) ;
#3328 = PRESENTATION_LAYER_ASSIGNMENT (  '', '', ( #3332 ) ) ;
#3329 =( NAMED_UNIT ( * ) SI_UNIT ( $, .STERADIAN. ) SOLID_ANGLE_UNIT ( ) );
#3330 = EDGE_CURVE ( 'NONE', #898, #2861, #3645, .T. ) ;
#3331 = CARTESIAN_POINT ( 'NONE',  ( -0.1903663679645419271, 1.274968718785639332, -50.66306191503802836 ) ) ;
#3332 = STYLED_ITEM ( 'NONE', ( #679 ), #1388 ) ;
#3333 = ORIENTED_EDGE ( 'NONE', *, *, #3591, .F. ) ;
#3334 = DIRECTION ( 'NONE',  ( -3.122502256758269410E-17, 1.000000000000000000, 5.595882180570350110E-16 ) ) ;
#3335 = VERTEX_POINT ( 'NONE', #3173 ) ;
#3336 = CARTESIAN_POINT ( 'NONE',  ( 4.596204370569867415, 29.16000000000021686, -92.65192674591726529 ) ) ;
#3337 = LINE ( 'NONE', #5279, #4151 ) ;
#3338 = VECTOR ( 'NONE', #1012, 1000.000000000000000 ) ;
#3339 = VECTOR ( 'NONE', #1973, 1000.000000000000000 ) ;
#3340 =( NAMED_UNIT ( * ) PLANE_ANGLE_UNIT ( ) SI_UNIT ( $, .RADIAN. ) );
#3341 = EDGE_CURVE ( 'NONE', #5975, #3592, #800, .T. ) ;
#3342 = DIRECTION ( 'NONE',  ( 1.000000000000000000, 0.000000000000000000, 0.000000000000000000 ) ) ;
#3343 = ORIENTED_EDGE ( 'NONE', *, *, #4958, .T. ) ;
#3344 = DIRECTION ( 'NONE',  ( 0.000000000000000000, 0.000000000000000000, -1.000000000000000000 ) ) ;
#3345 = PRESENTATION_LAYER_ASSIGNMENT (  '', '', ( #1248 ) ) ;
#3346 = COLOUR_RGB ( '',0.1019607843137254888, 0.1019607843137254888, 0.1019607843137254888 ) ;
#3347 = CARTESIAN_POINT ( 'NONE',  ( 8.113050789628438508, -0.1390244780456110774, -90.61874998396973524 ) ) ;
#3348 = CARTESIAN_POINT ( 'NONE',  ( -9.112499999999998934, 10.93500000000000050, -102.2625000000000028 ) ) ;
#3349 = AXIS2_PLACEMENT_3D ( 'NONE', #5934, #3054, #1154 ) ;
#3350 = CARTESIAN_POINT ( 'NONE',  ( -5.973749999999999893, 23.08500000000000085, -110.3999999999999915 ) ) ;
#3351 = CARTESIAN_POINT ( 'NONE',  ( 6.712246415326031723, 26.41341458229285166, -46.47374993541489374 ) ) ;
#3352 = ORIENTED_EDGE ( 'NONE', *, *, #495, .T. ) ;
#3353 = FACE_OUTER_BOUND ( 'NONE', #668, .T. ) ;
#3354 = CIRCLE ( 'NONE', #2141, 10.12500000000000000 ) ;
#3355 = CARTESIAN_POINT ( 'NONE',  ( 1.012499999999961542, 7.087499999999995914, -90.61874999999999147 ) ) ;
#3356 = DIRECTION ( 'NONE',  ( -1.000000000000000000, 0.000000000000000000, 0.000000000000000000 ) ) ;
#3357 = COLOUR_RGB ( '',0.1019607843137254888, 0.1019607843137254888, 0.1019607843137254888 ) ;
#3358 = CARTESIAN_POINT ( 'NONE',  ( 0.3365111746360487377, -3.020568446281183927, -137.1094315537188209 ) ) ;
#3359 = ORIENTED_EDGE ( 'NONE', *, *, #636, .T. ) ;
#3360 = CARTESIAN_POINT ( 'NONE',  ( -1.872552142836917177, 5.334767350027545874, -83.86854175123072253 ) ) ;
#3361 = PRESENTATION_LAYER_ASSIGNMENT (  '', '', ( #1846 ) ) ;
#3362 = DIRECTION ( 'NONE',  ( 0.7071067811865515695, 0.000000000000000000, 0.7071067811865435759 ) ) ;
#3363 = DIRECTION ( 'NONE',  ( 0.000000000000000000, 0.000000000000000000, 1.000000000000000000 ) ) ;
#3364 = CARTESIAN_POINT ( 'NONE',  ( -0.4186258124433774319, 1.601998923780224571, -50.93629084550618558 ) ) ;
#3365 = ORIENTED_EDGE ( 'NONE', *, *, #5347, .T. ) ;
#3366 = CARTESIAN_POINT ( 'NONE',  ( 8.000577896563624947, 28.14749999999999730, -95.47949519549331399 ) ) ;
#3367 = ORIENTED_EDGE ( 'NONE', *, *, #5428, .T. ) ;
#3368 = CARTESIAN_POINT ( 'NONE',  ( 3.722244480510016107, 27.78859768695658516, -90.61874993210642515 ) ) ;
#3369 =( NAMED_UNIT ( * ) PLANE_ANGLE_UNIT ( ) SI_UNIT ( $, .RADIAN. ) );
#3370 = UNCERTAINTY_MEASURE_WITH_UNIT (LENGTH_MEASURE( 1.000000000000000082E-05 ), #4620, 'distance_accuracy_value', 'NONE');
#3371 = ADVANCED_FACE ( 'NONE', ( #2695, #6143, #4627 ), #1760, .F. ) ;
#3372 = DIRECTION ( 'NONE',  ( -2.775557561562890365E-16, 1.885568995626964780E-16, -1.000000000000000000 ) ) ;
#3373 = MECHANICAL_DESIGN_GEOMETRIC_PRESENTATION_REPRESENTATION (  '', ( #5613 ), #5401 ) ;
#3374 = FILL_AREA_STYLE ('',( #1431 ) ) ;
#3375 = ORIENTED_EDGE ( 'NONE', *, *, #2403, .F. ) ;
#3376 = VECTOR ( 'NONE', #6137, 1000.000000000000000 ) ;
#3377 = CARTESIAN_POINT ( 'NONE',  ( 4.568528209927573691, -2.394682976871253643, -90.61874996594939091 ) ) ;
#3378 = SURFACE_STYLE_USAGE ( .BOTH. , #4799 ) ;
#3379 = ADVANCED_FACE ( 'NONE', ( #3831 ), #2470, .T. ) ;
#3380 = VECTOR ( 'NONE', #2862, 1000.000000000000000 ) ;
#3381 = CARTESIAN_POINT ( 'NONE',  ( 3.121512803102595157, 29.15999999999994685, -44.40015562373962865 ) ) ;
#3382 = ORIENTED_EDGE ( 'NONE', *, *, #5472, .F. ) ;
#3383 = CARTESIAN_POINT ( 'NONE',  ( -9.112499999999975842, -3.356902052527122737E-14, -110.3999999999999915 ) ) ;
#3384 = VECTOR ( 'NONE', #4883, 1000.000000000000000 ) ;
#3385 = SURFACE_SIDE_STYLE ('',( #2484 ) ) ;
#3386 = CARTESIAN_POINT ( 'NONE',  ( -8.407456657271129785, 23.67358853741844626, -93.28000714558109507 ) ) ;
#3387 = SURFACE_STYLE_FILL_AREA ( #2934 ) ;
#3388 =( GEOMETRIC_REPRESENTATION_CONTEXT ( 3 ) GLOBAL_UNCERTAINTY_ASSIGNED_CONTEXT ( ( #948 ) ) GLOBAL_UNIT_ASSIGNED_CONTEXT ( ( #2191, #2278, #3193 ) ) REPRESENTATION_CONTEXT ( 'NONE', 'WORKASPACE' ) );
#3389 =( NAMED_UNIT ( * ) PLANE_ANGLE_UNIT ( ) SI_UNIT ( $, .RADIAN. ) );
#3390 = CARTESIAN_POINT ( 'NONE',  ( 10.62500000000000000, 28.14749999999999375, -3.843567104199589366E-15 ) ) ;
#3391 = VERTEX_POINT ( 'NONE', #1420 ) ;
#3392 = CARTESIAN_POINT ( 'NONE',  ( 0.4570157279946018836, 0.4392126862308467494, -87.16187679874872174 ) ) ;
#3393 = ORIENTED_EDGE ( 'NONE', *, *, #5261, .T. ) ;
#3394 = COLOUR_RGB ( '',0.1019607843137254888, 0.1019607843137254888, 0.1019607843137254888 ) ;
#3395 = CARTESIAN_POINT ( 'NONE',  ( 0.000000000000000000, 0.000000000000000000, 0.000000000000000000 ) ) ;
#3396 = VERTEX_POINT ( 'NONE', #4300 ) ;
#3397 = CARTESIAN_POINT ( 'NONE',  ( 10.62500000000000000, 25.10999999999999588, 3.037499999999999645 ) ) ;
#3398 = CARTESIAN_POINT ( 'NONE',  ( 5.789210545704890798, 29.15999999999942816, -92.58517605969959163 ) ) ;
#3399 =( NAMED_UNIT ( * ) SI_UNIT ( $, .STERADIAN. ) SOLID_ANGLE_UNIT ( ) );
#3400 =( LENGTH_UNIT ( ) NAMED_UNIT ( * ) SI_UNIT ( .MILLI., .METRE. ) );
#3401 = CARTESIAN_POINT ( 'NONE',  ( 1.012499999999999512, -4.050000000000006928, -42.06036481966480522 ) ) ;
#3402 = CARTESIAN_POINT ( 'NONE',  ( 4.276877045862049087, 29.16000000000001791, -98.21511596699453150 ) ) ;
#3403 = ORIENTED_EDGE ( 'NONE', *, *, #4876, .F. ) ;
#3404 = EDGE_CURVE ( 'NONE', #4694, #2198, #2848, .T. ) ;
#3405 =( NAMED_UNIT ( * ) PLANE_ANGLE_UNIT ( ) SI_UNIT ( $, .RADIAN. ) );
#3406 = CARTESIAN_POINT ( 'NONE',  ( 1.012499999999973754, -0.1431962838996157783, -49.36805371610030591 ) ) ;
#3407 =( NAMED_UNIT ( * ) PLANE_ANGLE_UNIT ( ) SI_UNIT ( $, .RADIAN. ) );
#3408 = DIRECTION ( 'NONE',  ( -1.000000000000000000, 5.165278571223799760E-17, 2.582639285611905427E-16 ) ) ;
#3409 = ADVANCED_FACE ( 'NONE', ( #2882 ), #5288, .F. ) ;
#3410 = FILL_AREA_STYLE_COLOUR ( '', #5619 ) ;
#3411 = EDGE_LOOP ( 'NONE', ( #290, #708 ) ) ;
#3412 = DIRECTION ( 'NONE',  ( 1.000000000000000000, 0.000000000000000000, 0.000000000000000000 ) ) ;
#3413 = CARTESIAN_POINT ( 'NONE',  ( -7.796250000000000568, 3.138750000000146034, -110.3624999999999829 ) ) ;
#3414 = AXIS2_PLACEMENT_3D ( 'NONE', #2666, #6021, #3111 ) ;
#3415 = DIRECTION ( 'NONE',  ( 0.000000000000000000, 0.000000000000000000, 1.000000000000000000 ) ) ;
#3416 = EDGE_CURVE ( 'NONE', #803, #280, #2062, .T. ) ;
#3417 = CARTESIAN_POINT ( 'NONE',  ( -2.024999999999999911, 5.796144814107491913E-16, -83.53125000000000000 ) ) ;
#3418 = ORIENTED_EDGE ( 'NONE', *, *, #1423, .F. ) ;
#3419 = CARTESIAN_POINT ( 'NONE',  ( -1.153035191326629016, 2.976900410097460981, -85.13988168662179135 ) ) ;
#3420 = UNCERTAINTY_MEASURE_WITH_UNIT (LENGTH_MEASURE( 1.000000000000000082E-05 ), #1412, 'distance_accuracy_value', 'NONE');
#3421 =( NAMED_UNIT ( * ) PLANE_ANGLE_UNIT ( ) SI_UNIT ( $, .RADIAN. ) );
#3422 = MECHANICAL_DESIGN_GEOMETRIC_PRESENTATION_REPRESENTATION (  '', ( #6178 ), #722 ) ;
#3423 =( NAMED_UNIT ( * ) SI_UNIT ( $, .STERADIAN. ) SOLID_ANGLE_UNIT ( ) );
#3424 = LINE ( 'NONE', #927, #366 ) ;
#3425 = ORIENTED_EDGE ( 'NONE', *, *, #1981, .T. ) ;
#3426 = LINE ( 'NONE', #5458, #2493 ) ;
#3427 = CIRCLE ( 'NONE', #323, 11.13749999999999751 ) ;
#3428 = SURFACE_SIDE_STYLE ('',( #2981 ) ) ;
#3429 = DIRECTION ( 'NONE',  ( 4.510281037539699678E-17, 1.000000000000000000, 9.409999753317280493E-33 ) ) ;
#3430 = FILL_AREA_STYLE ('',( #5282 ) ) ;
#3431 = ORIENTED_EDGE ( 'NONE', *, *, #2598, .F. ) ;
#3432 = SURFACE_STYLE_USAGE ( .BOTH. , #605 ) ;
#3433 = CARTESIAN_POINT ( 'NONE',  ( 7.614788988108420753, -4.049999999999762679, -92.38505025951579341 ) ) ;
#3434 =( LENGTH_UNIT ( ) NAMED_UNIT ( * ) SI_UNIT ( .MILLI., .METRE. ) );
#3435 = EDGE_CURVE ( 'NONE', #3987, #2315, #4010, .T. ) ;
#3436 = PRESENTATION_LAYER_ASSIGNMENT (  '', '', ( #235 ) ) ;
#3437 = DIRECTION ( 'NONE',  ( 0.000000000000000000, 2.252887631138709814E-16, -1.000000000000000000 ) ) ;
#3438 = PRESENTATION_LAYER_ASSIGNMENT (  '', '', ( #3932 ) ) ;
#3439 = CARTESIAN_POINT ( 'NONE',  ( 10.88750242027166948, 20.26976826869864468, -46.47374999916757332 ) ) ;
#3440 = ORIENTED_EDGE ( 'NONE', *, *, #5423, .T. ) ;
#3441 = LINE ( 'NONE', #3475, #68 ) ;
#3442 = PRESENTATION_STYLE_ASSIGNMENT (( #2930 ) ) ;
#3443 = PRESENTATION_LAYER_ASSIGNMENT (  '', '', ( #6201 ) ) ;
#3444 =( GEOMETRIC_REPRESENTATION_CONTEXT ( 3 ) GLOBAL_UNCERTAINTY_ASSIGNED_CONTEXT ( ( #2518 ) ) GLOBAL_UNIT_ASSIGNED_CONTEXT ( ( #1639, #3087, #4538 ) ) REPRESENTATION_CONTEXT ( 'NONE', 'WORKASPACE' ) );
#3445 = EDGE_CURVE ( 'NONE', #5118, #5341, #5951, .T. ) ;
#3446 = DIRECTION ( 'NONE',  ( -1.000000000000000000, -6.071532165918857963E-15, 4.905214477351502437E-12 ) ) ;
#3447 = SURFACE_STYLE_FILL_AREA ( #5876 ) ;
#3448 = SURFACE_STYLE_FILL_AREA ( #5974 ) ;
#3449 = MECHANICAL_DESIGN_GEOMETRIC_PRESENTATION_REPRESENTATION (  '', ( #2936 ), #6205 ) ;
#3450 = VECTOR ( 'NONE', #799, 1000.000000000000000 ) ;
#3451 = ORIENTED_EDGE ( 'NONE', *, *, #2283, .T. ) ;
#3452 = CARTESIAN_POINT ( 'NONE',  ( -1.149337948961618672, 2.968594599358931774, -85.14551549088818660 ) ) ;
#3453 = EDGE_CURVE ( 'NONE', #6192, #2098, #729, .T. ) ;
#3454 = CARTESIAN_POINT ( 'NONE',  ( -7.796250000000000568, 3.138750000000141593, -26.73000000000000043 ) ) ;
#3455 = MECHANICAL_DESIGN_GEOMETRIC_PRESENTATION_REPRESENTATION (  '', ( #4966 ), #1353 ) ;
#3456 = SURFACE_SIDE_STYLE ('',( #1202 ) ) ;
#3457 = CARTESIAN_POINT ( 'NONE',  ( 2.595609339309955299, 28.14749999999999019, -46.21785911465358510 ) ) ;
#3458 = CARTESIAN_POINT ( 'NONE',  ( -0.9035576675183991657, 2.453636179958072816, -51.58532277411206479 ) ) ;
#3459 = EDGE_LOOP ( 'NONE', ( #4472, #2277, #2355, #42 ) ) ;
#3460 = COLOUR_RGB ( '',0.1019607843137254888, 0.1019607843137254888, 0.1019607843137254888 ) ;
#3461 = ORIENTED_EDGE ( 'NONE', *, *, #1227, .T. ) ;
#3462 = DIRECTION ( 'NONE',  ( -1.000000000000000000, -0.000000000000000000, -0.000000000000000000 ) ) ;
#3463 = FILL_AREA_STYLE_COLOUR ( '', #6206 ) ;
#3464 = DIRECTION ( 'NONE',  ( 0.000000000000000000, -0.7071067811865474617, -0.7071067811865474617 ) ) ;
#3465 = ORIENTED_EDGE ( 'NONE', *, *, #1518, .F. ) ;
#3466 =( NAMED_UNIT ( * ) PLANE_ANGLE_UNIT ( ) SI_UNIT ( $, .RADIAN. ) );
#3467 = CARTESIAN_POINT ( 'NONE',  ( 7.906692841181135023, -4.049999999999959854, -92.33431339352836176 ) ) ;
#3468 = COLOUR_RGB ( '',0.1019607843137254888, 0.1019607843137254888, 0.1019607843137254888 ) ;
#3469 = FILL_AREA_STYLE_COLOUR ( '', #3346 ) ;
#3470 = B_SPLINE_CURVE_WITH_KNOTS ( 'NONE', 3,
 ( #4811, #1478, #4397, #3300, #89, #6271, #6244, #1908, #1451, #5729, #3331, #2410, #2849, #5270, #961, #3364, #4330, #32, #3458, #6018, #4427, #3109, #4047, #5394, #1565, #2626, #3492, #597, #2534, #1174, #2126, #2565, #123, #4464, #5529, #5885, #1657, #5456, #3074, #5037, #1107, #1136, #4494, #701, #3517, #4561, #2977, #2036, #3006, #3919, #3040, #4974 ),
 .UNSPECIFIED., .F., .F.,
 ( 4, 2, 2, 2, 1, 1, 1, 1, 2, 2, 2, 2, 1, 1, 1, 1, 1, 2, 2, 2, 2, 1, 1, 1, 1, 2, 2, 2, 1, 1, 1, 2, 2, 4 ),
 ( 0.000000000000000000, 0.1250000000001184053, 0.1875000000001782186, 0.2187500000002089440, 0.2343750000002252365, 0.2421875000002333689, 0.2460937500002384759, 0.2480468750002410294, 0.2490234375002413625, 0.2500000000002416956, 0.3750000000001873501, 0.4375000000001607603, 0.4687500000001468825, 0.4843750000001398326, 0.4921875000001362799, 0.4960937500001344480, 0.4980468750001336153, 0.4990234375001331713, 0.5000000000001327827, 0.6250000000000927036, 0.6875000000000733857, 0.7187500000000631717, 0.7343750000000577316, 0.7421875000000549560, 0.7460937500000536238, 0.7480468750000528466, 0.7500000000000521805, 0.8125000000000331957, 0.8437500000000243139, 0.8593750000000199840, 0.8671875000000178746, 0.8710937500000170974, 0.8750000000000163203, 1.000000000000000000 ),
 .UNSPECIFIED. ) ;
#3471 = STYLED_ITEM ( 'NONE', ( #3943 ), #4917 ) ;
#3472 = SURFACE_STYLE_FILL_AREA ( #3022 ) ;
#3473 = FILL_AREA_STYLE ('',( #3410 ) ) ;
#3474 = ORIENTED_EDGE ( 'NONE', *, *, #1872, .T. ) ;
#3475 = CARTESIAN_POINT ( 'NONE',  ( 20.25000000000000000, 28.14749999999999375, -3.843567104199589366E-15 ) ) ;
#3476 = UNCERTAINTY_MEASURE_WITH_UNIT (LENGTH_MEASURE( 1.000000000000000082E-05 ), #4909, 'distance_accuracy_value', 'NONE');
#3477 = SURFACE_STYLE_FILL_AREA ( #1553 ) ;
#3478 = CARTESIAN_POINT ( 'NONE',  ( 0.7055232090355922914, 24.95229884324723812, -87.42354884324730335 ) ) ;
#3479 = FILL_AREA_STYLE ('',( #146 ) ) ;
#3480 = CARTESIAN_POINT ( 'NONE',  ( -101.2500000000000000, 25.10999999999999588, 0.000000000000000000 ) ) ;
#3481 = PRESENTATION_LAYER_ASSIGNMENT (  '', '', ( #6242 ) ) ;
#3482 = CARTESIAN_POINT ( 'NONE',  ( -7.756007213317454685, 2.024999999999999911, -26.73000000000000043 ) ) ;
#3483 = COLOUR_RGB ( '',0.1019607843137254888, 0.1019607843137254888, 0.1019607843137254888 ) ;
#3484 = ORIENTED_EDGE ( 'NONE', *, *, #4327, .T. ) ;
#3485 = ADVANCED_FACE ( 'NONE', ( #2623 ), #5981, .F. ) ;
#3486 = CARTESIAN_POINT ( 'NONE',  ( 4.452767762974386478, 28.14749999999999375, -91.95462118015700526 ) ) ;
#3487 = CARTESIAN_POINT ( 'NONE',  ( 10.62500000000000000, 28.14749999999999019, -96.25054039609378265 ) ) ;
#3488 = UNCERTAINTY_MEASURE_WITH_UNIT (LENGTH_MEASURE( 1.000000000000000082E-05 ), #2538, 'distance_accuracy_value', 'NONE');
#3489 = MECHANICAL_DESIGN_GEOMETRIC_PRESENTATION_REPRESENTATION (  '', ( #5940 ), #5842 ) ;
#3490 =( NAMED_UNIT ( * ) SI_UNIT ( $, .STERADIAN. ) SOLID_ANGLE_UNIT ( ) );
#3491 = CARTESIAN_POINT ( 'NONE',  ( 5.047979701603884983, 28.14749999999999375, -44.54868778364214421 ) ) ;
#3492 = CARTESIAN_POINT ( 'NONE',  ( -1.143216206142577684, 2.954875728785126388, -51.93766713029923210 ) ) ;
#3493 = ORIENTED_EDGE ( 'NONE', *, *, #2145, .T. ) ;
#3494 = ADVANCED_FACE ( 'NONE', ( #1593 ), #1134, .F. ) ;
#3495 =( GEOMETRIC_REPRESENTATION_CONTEXT ( 3 ) GLOBAL_UNCERTAINTY_ASSIGNED_CONTEXT ( ( #5092 ) ) GLOBAL_UNIT_ASSIGNED_CONTEXT ( ( #4936, #4463, #4973 ) ) REPRESENTATION_CONTEXT ( 'NONE', 'WORKASPACE' ) );
#3496 = DIRECTION ( 'NONE',  ( -6.938893903907279222E-18, 1.000000000000000000, 0.000000000000000000 ) ) ;
#3497 = DIRECTION ( 'NONE',  ( -0.000000000000000000, 1.000000000000000000, 0.000000000000000000 ) ) ;
#3498 =( NAMED_UNIT ( * ) SI_UNIT ( $, .STERADIAN. ) SOLID_ANGLE_UNIT ( ) );
#3499 = CARTESIAN_POINT ( 'NONE',  ( 2.375961753400943621, -4.049999999999998046, -40.86062453538075090 ) ) ;
#3500 = ORIENTED_EDGE ( 'NONE', *, *, #3788, .F. ) ;
#3501 = CARTESIAN_POINT ( 'NONE',  ( 5.425044474222496582, -4.049999999999974953, -99.06719580286099358 ) ) ;
#3502 = LINE ( 'NONE', #3964, #728 ) ;
#3503 = SURFACE_SIDE_STYLE ('',( #4505 ) ) ;
#3504 = LINE ( 'NONE', #5435, #4250 ) ;
#3505 = ORIENTED_EDGE ( 'NONE', *, *, #4059, .T. ) ;
#3506 = PRESENTATION_STYLE_ASSIGNMENT (( #1584 ) ) ;
#3507 = B_SPLINE_CURVE_WITH_KNOTS ( 'NONE', 3,
 ( #337, #1340, #3785, #1739, #5743, #2795, #3250, #4701, #2243, #3312, #3655, #402, #2682, #5611, #3189, #6124, #2954, #1980, #4407, #4312, #3815, #5251 ),
 .UNSPECIFIED., .F., .F.,
 ( 4, 2, 2, 2, 2, 2, 2, 2, 2, 2, 4 ),
 ( 0.000000000000000000, 0.001374655377052483871, 0.002061983065578719843, 0.002749310754104956032, 0.004123966131157426676, 0.005498621508209899054, 0.006873276885262370565, 0.008247932262314841209, 0.008935259950841089108, 0.009622587639367335272, 0.01099724301641982933 ),
 .UNSPECIFIED. ) ;
#3508 = DIRECTION ( 'NONE',  ( 1.000000000000000000, -4.119968255434187355E-16, -4.417996204345118576E-14 ) ) ;
#3509 = ORIENTED_EDGE ( 'NONE', *, *, #3253, .F. ) ;
#3510 = CARTESIAN_POINT ( 'NONE',  ( 4.101823527350861198, 28.14749999999999019, -91.66197378114139838 ) ) ;
#3511 = MECHANICAL_DESIGN_GEOMETRIC_PRESENTATION_REPRESENTATION (  '', ( #1409 ), #1505 ) ;
#3512 = CARTESIAN_POINT ( 'NONE',  ( 4.365973800551584461, 27.57869053434272288, -90.61875003394678174 ) ) ;
#3513 = VERTEX_POINT ( 'NONE', #1691 ) ;
#3514 = FILL_AREA_STYLE_COLOUR ( '', #1436 ) ;
#3515 = ADVANCED_FACE ( 'NONE', ( #6163 ), #3667, .T. ) ;
#3516 = CIRCLE ( 'NONE', #5139, 11.13749999999999396 ) ;
#3517 = CARTESIAN_POINT ( 'NONE',  ( -1.943067173379585899, 5.800753503570496683, -53.37566795055027313 ) ) ;
#3518 = ORIENTED_EDGE ( 'NONE', *, *, #2967, .F. ) ;
#3519 = CARTESIAN_POINT ( 'NONE',  ( 8.099999999999999645, -3.037499999999999645, -90.61874999999999147 ) ) ;
#3520 = DIRECTION ( 'NONE',  ( 1.000000000000000000, -0.000000000000000000, -0.000000000000000000 ) ) ;
#3521 = ADVANCED_FACE ( 'NONE', ( #5132 ), #3944, .T. ) ;
#3522 = CARTESIAN_POINT ( 'NONE',  ( 4.019870675260415638, -4.050000000000035350, -44.42121165246934567 ) ) ;
#3523 = EDGE_LOOP ( 'NONE', ( #2073, #4928, #5561, #392, #35, #1590, #2826, #4110, #2685, #207, #4836, #6029, #3041, #4073, #2201, #5223, #4593, #759, #4967, #5013, #3451, #1424, #5418, #5634 ) ) ;
#3524 = LINE ( 'NONE', #5863, #5516 ) ;
#3525 = CARTESIAN_POINT ( 'NONE',  ( 7.054348704948318449, -4.049999999999966960, -99.93189844553421608 ) ) ;
#3526 = FILL_AREA_STYLE_COLOUR ( '', #114 ) ;
#3527 = DIRECTION ( 'NONE',  ( -1.000000000000000000, 3.212450881438532241E-16, 6.057297782015011241E-32 ) ) ;
#3528 = PRESENTATION_LAYER_ASSIGNMENT (  '', '', ( #5459 ) ) ;
#3529 = EDGE_CURVE ( 'NONE', #2315, #2920, #1934, .T. ) ;
#3530 = PRESENTATION_STYLE_ASSIGNMENT (( #2452 ) ) ;
#3531 = CARTESIAN_POINT ( 'NONE',  ( 5.817704853811990873, 29.16000000000001435, -37.78311742024405362 ) ) ;
#3532 = ORIENTED_EDGE ( 'NONE', *, *, #811, .T. ) ;
#3533 =( GEOMETRIC_REPRESENTATION_CONTEXT ( 3 ) GLOBAL_UNCERTAINTY_ASSIGNED_CONTEXT ( ( #3488 ) ) GLOBAL_UNIT_ASSIGNED_CONTEXT ( ( #2538, #2568, #4468 ) ) REPRESENTATION_CONTEXT ( 'NONE', 'WORKASPACE' ) );
#3534 = FILL_AREA_STYLE_COLOUR ( '', #2071 ) ;
#3535 = UNCERTAINTY_MEASURE_WITH_UNIT (LENGTH_MEASURE( 1.000000000000000082E-05 ), #543, 'distance_accuracy_value', 'NONE');
#3536 = FILL_AREA_STYLE ('',( #6034 ) ) ;
#3537 = CARTESIAN_POINT ( 'NONE',  ( -0.9035576683133158538, 22.65636381848745629, -85.50717722474546179 ) ) ;
#3538 = VECTOR ( 'NONE', #3915, 1000.000000000000000 ) ;
#3539 =( NAMED_UNIT ( * ) PLANE_ANGLE_UNIT ( ) SI_UNIT ( $, .RADIAN. ) );
#3540 = EDGE_LOOP ( 'NONE', ( #2750, #1175, #3317, #4539 ) ) ;
#3541 = CARTESIAN_POINT ( 'NONE',  ( -1.789132968316936578, 20.19526913490866349, -53.05334665497360191 ) ) ;
#3542 = PRESENTATION_LAYER_ASSIGNMENT (  '', '', ( #1144 ) ) ;
#3543 = CARTESIAN_POINT ( 'NONE',  ( 11.02899686258639811, 29.16000000000005343, -90.82710612999517252 ) ) ;
#3544 = PRESENTATION_STYLE_ASSIGNMENT (( #1619 ) ) ;
#3545 = VECTOR ( 'NONE', #1534, 1000.000000000000000 ) ;
#3546 = DIRECTION ( 'NONE',  ( -3.212450881438532241E-15, 1.000000000000000000, 0.000000000000000000 ) ) ;
#3547 = VECTOR ( 'NONE', #415, 1000.000000000000000 ) ;
#3548 = FILL_AREA_STYLE ('',( #4937 ) ) ;
#3549 = ORIENTED_EDGE ( 'NONE', *, *, #100, .T. ) ;
#3550 = LINE ( 'NONE', #5497, #1434 ) ;
#3551 = DIRECTION ( 'NONE',  ( 1.000000000000000000, 0.000000000000000000, -2.498001805406600244E-16 ) ) ;
#3552 = CARTESIAN_POINT ( 'NONE',  ( 9.297378561140959619, 1.262570532650738375, -46.47375000586895766 ) ) ;
#3553 = PRESENTATION_LAYER_ASSIGNMENT (  '', '', ( #3656 ) ) ;
#3554 = DIRECTION ( 'NONE',  ( -0.000000000000000000, 1.000000000000000000, 0.000000000000000000 ) ) ;
#3555 = ORIENTED_EDGE ( 'NONE', *, *, #2803, .F. ) ;
#3556 = EDGE_CURVE ( 'NONE', #4495, #1566, #1253, .T. ) ;
#3557 = PRESENTATION_STYLE_ASSIGNMENT (( #2641 ) ) ;
#3558 = CARTESIAN_POINT ( 'NONE',  ( 10.62500000000000000, 29.16000000000004988, -99.93229604271928679 ) ) ;
#3559 = PRESENTATION_LAYER_ASSIGNMENT (  '', '', ( #3262 ) ) ;
#3560 = DIRECTION ( 'NONE',  ( -0.000000000000000000, 1.885568995626964780E-16, -1.000000000000000000 ) ) ;
#3561 = ORIENTED_EDGE ( 'NONE', *, *, #1084, .F. ) ;
#3562 = PRESENTATION_STYLE_ASSIGNMENT (( #1305 ) ) ;
#3563 = STYLED_ITEM ( 'NONE', ( #861 ), #4746 ) ;
#3564 = VERTEX_POINT ( 'NONE', #2195 ) ;
#3565 = FILL_AREA_STYLE ('',( #3534 ) ) ;
#3566 = EDGE_CURVE ( 'NONE', #5297, #1501, #6100, .T. ) ;
#3567 = CARTESIAN_POINT ( 'NONE',  ( 10.62500000000000000, 25.10999999999999588, -3.037499999999999645 ) ) ;
#3568 = AXIS2_PLACEMENT_3D ( 'NONE', #384, #3136, #4622 ) ;
#3569 = LINE ( 'NONE', #1684, #47 ) ;
#3570 = ORIENTED_EDGE ( 'NONE', *, *, #688, .T. ) ;
#3571 = CARTESIAN_POINT ( 'NONE',  ( -1.815420598042585487, 20.07286713468358741, -53.10617464021181888 ) ) ;
#3572 =( GEOMETRIC_REPRESENTATION_CONTEXT ( 3 ) GLOBAL_UNCERTAINTY_ASSIGNED_CONTEXT ( ( #1350 ) ) GLOBAL_UNIT_ASSIGNED_CONTEXT ( ( #2890, #4223, #1399 ) ) REPRESENTATION_CONTEXT ( 'NONE', 'WORKASPACE' ) );
#3573 =( NAMED_UNIT ( * ) SI_UNIT ( $, .STERADIAN. ) SOLID_ANGLE_UNIT ( ) );
#3574 = CARTESIAN_POINT ( 'NONE',  ( 10.92349068601806472, 20.09851115555803958, -90.61874999973035472 ) ) ;
#3575 = DIRECTION ( 'NONE',  ( 0.000000000000000000, -0.7071067811865441310, 0.7071067811865510144 ) ) ;
#3576 =( LENGTH_UNIT ( ) NAMED_UNIT ( * ) SI_UNIT ( .MILLI., .METRE. ) );
#3577 = PRODUCT_DEFINITION_FORMATION_WITH_SPECIFIED_SOURCE ( 'ANY', '', #4261, .NOT_KNOWN. ) ;
#3578 = AXIS2_PLACEMENT_3D ( 'NONE', #4341, #3874, #4850 ) ;
#3579 =( NAMED_UNIT ( * ) PLANE_ANGLE_UNIT ( ) SI_UNIT ( $, .RADIAN. ) );
#3580 = FACE_OUTER_BOUND ( 'NONE', #1294, .T. ) ;
#3581 = ORIENTED_EDGE ( 'NONE', *, *, #5720, .T. ) ;
#3582 = VECTOR ( 'NONE', #1011, 1000.000000000000000 ) ;
#3583 = CARTESIAN_POINT ( 'NONE',  ( -1.518749999999973621, 18.02250000000000085, -54.06749999999999545 ) ) ;
#3584 = CARTESIAN_POINT ( 'NONE',  ( 8.801213444041264822, 0.6120531126645645248, -46.47375000940597545 ) ) ;
#3585 = MECHANICAL_DESIGN_GEOMETRIC_PRESENTATION_REPRESENTATION (  '', ( #1580 ), #3495 ) ;
#3586 = VERTEX_POINT ( 'NONE', #5591 ) ;
#3587 = CARTESIAN_POINT ( 'NONE',  ( 5.415263989499595532, -3.037499999999999201, -46.47374999999986045 ) ) ;
#3588 = PRESENTATION_STYLE_ASSIGNMENT (( #1183 ) ) ;
#3589 =( NAMED_UNIT ( * ) SI_UNIT ( $, .STERADIAN. ) SOLID_ANGLE_UNIT ( ) );
#3590 = CARTESIAN_POINT ( 'NONE',  ( 10.62500000000000000, -3.037499999999999645, -96.25054039609395318 ) ) ;
#3591 = EDGE_CURVE ( 'NONE', #4495, #721, #2786, .T. ) ;
#3592 = VERTEX_POINT ( 'NONE', #4833 ) ;
#3593 = DIRECTION ( 'NONE',  ( 1.000000000000000000, 0.000000000000000000, 0.000000000000000000 ) ) ;
#3594 = VERTEX_POINT ( 'NONE', #2312 ) ;
#3595 = CARTESIAN_POINT ( 'NONE',  ( 10.62500000000000000, 28.48043086460504725, -96.94745616557155188 ) ) ;
#3596 = FACE_BOUND ( 'NONE', #2097, .T. ) ;
#3597 = SURFACE_STYLE_FILL_AREA ( #1648 ) ;
#3598 = EDGE_CURVE ( 'NONE', #622, #882, #5541, .T. ) ;
#3599 = EDGE_CURVE ( 'NONE', #406, #1447, #1931, .T. ) ;
#3600 = PRESENTATION_STYLE_ASSIGNMENT (( #3629 ) ) ;
#3601 = LINE ( 'NONE', #4101, #986 ) ;
#3602 = VERTEX_POINT ( 'NONE', #5262 ) ;
#3603 = DIRECTION ( 'NONE',  ( -3.212450881438532241E-16, -1.000000000000000000, 6.108134582636244116E-49 ) ) ;
#3604 = CARTESIAN_POINT ( 'NONE',  ( 7.929295875874790234, 29.16000000000003567, -100.2573101703312375 ) ) ;
#3605 = SURFACE_STYLE_FILL_AREA ( #2280 ) ;
#3606 = DIRECTION ( 'NONE',  ( 1.000000000000000000, 0.000000000000000000, -6.057297782015010146E-32 ) ) ;
#3607 = ADVANCED_FACE ( 'NONE', ( #1899 ), #4356, .T. ) ;
#3608 = CARTESIAN_POINT ( 'NONE',  ( -7.796250000000000568, 3.138750000000141593, -40.70249999999999346 ) ) ;
#3609 = SURFACE_STYLE_FILL_AREA ( #4205 ) ;
#3610 = ORIENTED_EDGE ( 'NONE', *, *, #3677, .T. ) ;
#3611 = VECTOR ( 'NONE', #3496, 1000.000000000000000 ) ;
#3612 =( NAMED_UNIT ( * ) PLANE_ANGLE_UNIT ( ) SI_UNIT ( $, .RADIAN. ) );
#3613 = CARTESIAN_POINT ( 'NONE',  ( -9.502907415114416168, 21.61206311589256046, -42.79984175686264081 ) ) ;
#3614 = CARTESIAN_POINT ( 'NONE',  ( -9.329440137854001946, 3.091787974225244096, -94.01168640157987966 ) ) ;
#3615 = CARTESIAN_POINT ( 'NONE',  ( 1.392022295295599843, -4.050000000000003375, -41.92146141218746180 ) ) ;
#3616 = VERTEX_POINT ( 'NONE', #1472 ) ;
#3617 = CARTESIAN_POINT ( 'NONE',  ( 0.000000000000000000, 8.457484033760292845E-15, -113.4000000000000057 ) ) ;
#3618 = VECTOR ( 'NONE', #4207, 1000.000000000000000 ) ;
#3619 = CARTESIAN_POINT ( 'NONE',  ( 10.62500000000000000, 1.580766767483863887E-14, 3.037499999999999645 ) ) ;
#3620 = SURFACE_STYLE_FILL_AREA ( #2732 ) ;
#3621 =( GEOMETRIC_REPRESENTATION_CONTEXT ( 3 ) GLOBAL_UNCERTAINTY_ASSIGNED_CONTEXT ( ( #5131 ) ) GLOBAL_UNIT_ASSIGNED_CONTEXT ( ( #273, #750, #2184 ) ) REPRESENTATION_CONTEXT ( 'NONE', 'WORKASPACE' ) );
#3622 = ORIENTED_EDGE ( 'NONE', *, *, #4359, .F. ) ;
#3623 = CARTESIAN_POINT ( 'NONE',  ( 10.12500000000000000, 29.07345230499048228, -99.16834132042960448 ) ) ;
#3624 = DIRECTION ( 'NONE',  ( 5.165278571223799760E-17, 1.000000000000000000, 0.000000000000000000 ) ) ;
#3625 = FILL_AREA_STYLE_COLOUR ( '', #5564 ) ;
#3626 =( GEOMETRIC_REPRESENTATION_CONTEXT ( 3 ) GLOBAL_UNCERTAINTY_ASSIGNED_CONTEXT ( ( #1839 ) ) GLOBAL_UNIT_ASSIGNED_CONTEXT ( ( #1670, #234, #3589 ) ) REPRESENTATION_CONTEXT ( 'NONE', 'WORKASPACE' ) );
#3627 = EDGE_CURVE ( 'NONE', #4398, #936, #6198, .T. ) ;
#3628 = FACE_OUTER_BOUND ( 'NONE', #5740, .T. ) ;
#3629 = SURFACE_STYLE_USAGE ( .BOTH. , #1311 ) ;
#3630 = VECTOR ( 'NONE', #3966, 1000.000000000000000 ) ;
#3631 = CARTESIAN_POINT ( 'NONE',  ( -40.50000000000000000, 2.024999999999999911, -110.3624999999999829 ) ) ;
#3632 = ORIENTED_EDGE ( 'NONE', *, *, #2823, .T. ) ;
#3633 = ORIENTED_EDGE ( 'NONE', *, *, #1458, .T. ) ;
#3634 = SURFACE_SIDE_STYLE ('',( #3132 ) ) ;
#3635 = ADVANCED_FACE ( 'NONE', ( #6236 ), #985, .F. ) ;
#3636 = CARTESIAN_POINT ( 'NONE',  ( 3.293786375690841428, 29.16000000000000725, -97.27833985215791301 ) ) ;
#3637 = CIRCLE ( 'NONE', #1821, 11.13749999999999751 ) ;
#3638 = STYLED_ITEM ( 'NONE', ( #2327 ), #3263 ) ;
#3639 = ORIENTED_EDGE ( 'NONE', *, *, #3529, .F. ) ;
#3640 = ADVANCED_FACE ( 'NONE', ( #2461 ), #5483, .T. ) ;
#3641 = CARTESIAN_POINT ( 'NONE',  ( -8.890715314174654438, 23.11859975285975111, -42.06036481966484075 ) ) ;
#3642 = CARTESIAN_POINT ( 'NONE',  ( -9.318071928038092366, 3.208247595982109512, -93.58709919400384081 ) ) ;
#3643 = AXIS2_PLACEMENT_3D ( 'NONE', #287, #3729, #1352 ) ;
#3644 = CIRCLE ( 'NONE', #2035, 11.13749999999999751 ) ;
#3645 = LINE ( 'NONE', #5631, #3845 ) ;
#3646 = DIRECTION ( 'NONE',  ( 1.000000000000000000, -3.212450881438530269E-16, 0.000000000000000000 ) ) ;
#3647 = EDGE_LOOP ( 'NONE', ( #4849, #1776, #3622, #3978, #992, #249, #1334, #1595 ) ) ;
#3648 = COLOUR_RGB ( '',0.1019607843137254888, 0.1019607843137254888, 0.1019607843137254888 ) ;
#3649 = SURFACE_SIDE_STYLE ('',( #2640 ) ) ;
#3650 = CARTESIAN_POINT ( 'NONE',  ( 8.099999999999999645, 28.14749999999999375, 0.000000000000000000 ) ) ;
#3651 = CIRCLE ( 'NONE', #136, 10.12499999999999467 ) ;
#3652 = VERTEX_POINT ( 'NONE', #2023 ) ;
#3653 = CARTESIAN_POINT ( 'NONE',  ( -10.12500000000003730, 7.087499999999992362, -46.47374999999998835 ) ) ;
#3654 = PRESENTATION_STYLE_ASSIGNMENT (( #369 ) ) ;
#3655 = CARTESIAN_POINT ( 'NONE',  ( 5.344708509711760591, -3.037499999999999645, -92.89694102494698313 ) ) ;
#3656 = STYLED_ITEM ( 'NONE', ( #2749 ), #3890 ) ;
#3657 = CARTESIAN_POINT ( 'NONE',  ( 2.870641726253340575, -3.037500000000000089, -46.11629123777476025 ) ) ;
#3658 = FILL_AREA_STYLE_COLOUR ( '', #644 ) ;
#3659 = PRESENTATION_LAYER_ASSIGNMENT (  '', '', ( #2850 ) ) ;
#3660 = FILL_AREA_STYLE ('',( #756 ) ) ;
#3661 = CARTESIAN_POINT ( 'NONE',  ( 1.012499999999486144, 29.15999999999998238, -44.38319912510439735 ) ) ;
#3662 = ORIENTED_EDGE ( 'NONE', *, *, #502, .F. ) ;
#3663 = SURFACE_STYLE_USAGE ( .BOTH. , #2743 ) ;
#3664 = CARTESIAN_POINT ( 'NONE',  ( -101.2500000000000000, 0.000000000000000000, -91.12500000000000000 ) ) ;
#3665 = CARTESIAN_POINT ( 'NONE',  ( 10.19083460900542448, 29.16000000000004633, -100.7044708889488192 ) ) ;
#3666 = CARTESIAN_POINT ( 'NONE',  ( -51.32951142158430713, 21.97125000000000128, -40.70249999999999346 ) ) ;
#3667 = PLANE ( 'NONE',  #3748 ) ;
#3668 = FILL_AREA_STYLE ('',( #3166 ) ) ;
#3669 = ADVANCED_FACE ( 'NONE', ( #3910 ), #3030, .F. ) ;
#3670 = SURFACE_STYLE_FILL_AREA ( #3230 ) ;
#3671 = VECTOR ( 'NONE', #4808, 1000.000000000000000 ) ;
#3672 = VERTEX_POINT ( 'NONE', #2587 ) ;
#3673 = CARTESIAN_POINT ( 'NONE',  ( -8.588082512997269546, 23.37880695606089176, -43.76500910141977840 ) ) ;
#3674 = CARTESIAN_POINT ( 'NONE',  ( -8.724953040303065066, 1.681400247138141735, -42.06036481966481944 ) ) ;
#3675 = VECTOR ( 'NONE', #4608, 1000.000000000000000 ) ;
#3676 = CARTESIAN_POINT ( 'NONE',  ( 10.19083460900540494, -4.049999999999950973, -36.38802911105116777 ) ) ;
#3677 = EDGE_CURVE ( 'NONE', #1096, #2248, #4514, .T. ) ;
#3678 = VERTEX_POINT ( 'NONE', #5633 ) ;
#3679 = VERTEX_POINT ( 'NONE', #4389 ) ;
#3680 = CARTESIAN_POINT ( 'NONE',  ( 2.929785006852001938, -2.022511491249903592, -47.48873850874997515 ) ) ;
#3681 = CARTESIAN_POINT ( 'NONE',  ( -8.928049417417344813, 23.04604864889705951, -42.02418329932763186 ) ) ;
#3682 = VERTEX_POINT ( 'NONE', #2116 ) ;
#3683 = CARTESIAN_POINT ( 'NONE',  ( 1.012499999999961542, 18.02250000000000085, -113.4000000000000057 ) ) ;
#3684 = SURFACE_STYLE_USAGE ( .BOTH. , #1677 ) ;
#3685 = AXIS2_PLACEMENT_3D ( 'NONE', #1800, #4096, #6058 ) ;
#3686 =( NAMED_UNIT ( * ) SI_UNIT ( $, .STERADIAN. ) SOLID_ANGLE_UNIT ( ) );
#3687 =( LENGTH_UNIT ( ) NAMED_UNIT ( * ) SI_UNIT ( .MILLI., .METRE. ) );
#3688 = ORIENTED_EDGE ( 'NONE', *, *, #2372, .T. ) ;
#3689 = CARTESIAN_POINT ( 'NONE',  ( -0.2100836332506779702, 23.80680147713335870, -50.68665644988057295 ) ) ;
#3690 = SURFACE_STYLE_FILL_AREA ( #946 ) ;
#3691 = FACE_OUTER_BOUND ( 'NONE', #4064, .T. ) ;
#3692 = CARTESIAN_POINT ( 'NONE',  ( 1.012499999999967315, 18.02250000000000085, -90.61874999999999147 ) ) ;
#3693 = FILL_AREA_STYLE ('',( #1263 ) ) ;
#3694 = CARTESIAN_POINT ( 'NONE',  ( -5.973749999999990123, 22.32513839812875034, -101.8999999999999915 ) ) ;
#3695 =( BOUNDED_CURVE ( )  B_SPLINE_CURVE ( 3, ( #1247, #2325, #4252, #873 ),
 .UNSPECIFIED., .F., .T. ) 
 B_SPLINE_CURVE_WITH_KNOTS ( ( 4, 4 ),
 ( 6.183017886018030040, 6.283185307179590673 ),
 .UNSPECIFIED. ) 
 CURVE ( )  GEOMETRIC_REPRESENTATION_ITEM ( )  RATIONAL_B_SPLINE_CURVE ( ( 1.000000000000000000, 0.9991640487402220216, 0.9991640487402220216, 1.000000000000000000 ) ) 
 REPRESENTATION_ITEM ( '' )  );
#3696 = LINE ( 'NONE', #2721, #2366 ) ;
#3697 = ORIENTED_EDGE ( 'NONE', *, *, #1896, .T. ) ;
#3698 = PLANE ( 'NONE',  #1414 ) ;
#3699 = PLANE ( 'NONE',  #2129 ) ;
#3700 = EDGE_CURVE ( 'NONE', #769, #936, #3651, .T. ) ;
#3701 = CARTESIAN_POINT ( 'NONE',  ( -10.12500000000003730, 7.087499999999992362, -38.19250000000000256 ) ) ;
#3702 = SURFACE_STYLE_FILL_AREA ( #3201 ) ;
#3703 = CARTESIAN_POINT ( 'NONE',  ( 1.012499999999961542, -3.037499999999999645, -113.4000000000000057 ) ) ;
#3704 = CARTESIAN_POINT ( 'NONE',  ( -9.408907984070140174, 21.85646020699663694, -94.21260061185044776 ) ) ;
#3705 = VERTEX_POINT ( 'NONE', #1071 ) ;
#3706 = CARTESIAN_POINT ( 'NONE',  ( -9.112500000000013145, 11.43500000000000227, -102.2625000000000028 ) ) ;
#3707 = EDGE_LOOP ( 'NONE', ( #5560 ) ) ;
#3708 = SURFACE_STYLE_USAGE ( .BOTH. , #6150 ) ;
#3709 = CARTESIAN_POINT ( 'NONE',  ( 1.012499999999961542, 7.087499999999992362, -42.06036481966481944 ) ) ;
#3710 = VECTOR ( 'NONE', #703, 1000.000000000000000 ) ;
#3711 = EDGE_CURVE ( 'NONE', #1513, #4266, #2965, .T. ) ;
#3712 =( NAMED_UNIT ( * ) PLANE_ANGLE_UNIT ( ) SI_UNIT ( $, .RADIAN. ) );
#3713 =( GEOMETRIC_REPRESENTATION_CONTEXT ( 3 ) GLOBAL_UNCERTAINTY_ASSIGNED_CONTEXT ( ( #4555 ) ) GLOBAL_UNIT_ASSIGNED_CONTEXT ( ( #2227, #5532, #5725 ) ) REPRESENTATION_CONTEXT ( 'NONE', 'WORKASPACE' ) );
#3714 = ORIENTED_EDGE ( 'NONE', *, *, #4259, .T. ) ;
#3715 = CARTESIAN_POINT ( 'NONE',  ( 10.62500000000000000, -3.037499999999999645, -23.69249999999998835 ) ) ;
#3716 = CARTESIAN_POINT ( 'NONE',  ( 1.012499999999983746, 7.087500000000000355, -26.73000000000000043 ) ) ;
#3717 = ADVANCED_FACE ( 'NONE', ( #2487 ), #5122, .F. ) ;
#3718 = CARTESIAN_POINT ( 'NONE',  ( 2.648525788204025400, -3.037500000000000533, -46.19994806708003665 ) ) ;
#3719 = VECTOR ( 'NONE', #2766, 1000.000000000000000 ) ;
#3720 =( NAMED_UNIT ( * ) PLANE_ANGLE_UNIT ( ) SI_UNIT ( $, .RADIAN. ) );
#3721 = PRESENTATION_STYLE_ASSIGNMENT (( #4583 ) ) ;
#3722 = VERTEX_POINT ( 'NONE', #2614 ) ;
#3723 = PRESENTATION_LAYER_ASSIGNMENT (  '', '', ( #220 ) ) ;
#3724 = FILL_AREA_STYLE_COLOUR ( '', #1089 ) ;
#3725 = DIRECTION ( 'NONE',  ( 0.000000000000000000, -0.000000000000000000, 1.000000000000000000 ) ) ;
#3726 =( LENGTH_UNIT ( ) NAMED_UNIT ( * ) SI_UNIT ( .MILLI., .METRE. ) );
#3727 = CARTESIAN_POINT ( 'NONE',  ( -9.364045683945233733, 21.62257201611561186, -93.26591676758792460 ) ) ;
#3728 = VECTOR ( 'NONE', #4678, 1000.000000000000000 ) ;
#3729 = DIRECTION ( 'NONE',  ( 0.000000000000000000, 1.000000000000000000, 0.000000000000000000 ) ) ;
#3730 = DIRECTION ( 'NONE',  ( 0.000000000000000000, -1.000000000000000000, 0.000000000000000000 ) ) ;
#3731 = CYLINDRICAL_SURFACE ( 'NONE', #5823, 10.12500000000000000 ) ;
#3732 = ORIENTED_EDGE ( 'NONE', *, *, #2299, .F. ) ;
#3733 =( NAMED_UNIT ( * ) PLANE_ANGLE_UNIT ( ) SI_UNIT ( $, .RADIAN. ) );
#3734 = CARTESIAN_POINT ( 'NONE',  ( 1.528036435431740836, -4.050000000000000711, -95.27545063353892374 ) ) ;
#3735 = DIRECTION ( 'NONE',  ( -0.000000000000000000, 1.000000000000000000, 0.000000000000000000 ) ) ;
#3736 = CARTESIAN_POINT ( 'NONE',  ( 10.95482697017960660, -4.050000000000145484, -46.13517350621426516 ) ) ;
#3737 = STYLED_ITEM ( 'NONE', ( #3544 ), #2782 ) ;
#3738 = AXIS2_PLACEMENT_3D ( 'NONE', #5124, #4728, #2767 ) ;
#3739 = ORIENTED_EDGE ( 'NONE', *, *, #2771, .T. ) ;
#3740 = FACE_OUTER_BOUND ( 'NONE', #5568, .T. ) ;
#3741 = EDGE_LOOP ( 'NONE', ( #2897, #1034, #6252, #2472, #261 ) ) ;
#3742 = MECHANICAL_DESIGN_GEOMETRIC_PRESENTATION_REPRESENTATION (  '', ( #5473 ), #5580 ) ;
#3743 = DIRECTION ( 'NONE',  ( 3.469446951953614189E-16, 1.000000000000000000, -8.755402904681385301E-16 ) ) ;
#3744 = PRESENTATION_LAYER_ASSIGNMENT (  '', '', ( #31 ) ) ;
#3745 = UNCERTAINTY_MEASURE_WITH_UNIT (LENGTH_MEASURE( 1.000000000000000082E-05 ), #5819, 'distance_accuracy_value', 'NONE');
#3746 = DIRECTION ( 'NONE',  ( 1.000000000000000000, 0.000000000000000000, 0.000000000000000000 ) ) ;
#3747 = CARTESIAN_POINT ( 'NONE',  ( -1.922962794440375545, 19.46103593664293641, -83.76095044539496826 ) ) ;
#3748 = AXIS2_PLACEMENT_3D ( 'NONE', #2719, #5161, #1752 ) ;
#3749 = MECHANICAL_DESIGN_GEOMETRIC_PRESENTATION_REPRESENTATION (  '', ( #5165 ), #2838 ) ;
#3750 = ORIENTED_EDGE ( 'NONE', *, *, #4535, .F. ) ;
#3751 = ADVANCED_FACE ( 'NONE', ( #3628 ), #4549, .T. ) ;
#3752 = CARTESIAN_POINT ( 'NONE',  ( 2.004705808206705964, -4.049999999999998046, -95.78515258018511247 ) ) ;
#3753 = CARTESIAN_POINT ( 'NONE',  ( -9.577591108555285615, 3.638750000000138041, -46.47374999999998835 ) ) ;
#3754 = STYLED_ITEM ( 'NONE', ( #4322 ), #3635 ) ;
#3755 = UNCERTAINTY_MEASURE_WITH_UNIT (LENGTH_MEASURE( 1.000000000000000082E-05 ), #700, 'distance_accuracy_value', 'NONE');
#3756 = CARTESIAN_POINT ( 'NONE',  ( 1.130329431511480465, 29.15999999999998948, -42.06036481966470575 ) ) ;
#3757 = EDGE_CURVE ( 'NONE', #649, #1702, #855, .T. ) ;
#3758 = CARTESIAN_POINT ( 'NONE',  ( 8.424428059070111274, 29.16000000000002856, -44.86261682143410923 ) ) ;
#3759 = ORIENTED_EDGE ( 'NONE', *, *, #2976, .T. ) ;
#3760 = CARTESIAN_POINT ( 'NONE',  ( 1.012499999999961542, -4.050000000000006928, -42.06036481966481944 ) ) ;
#3761 = CARTESIAN_POINT ( 'NONE',  ( -9.392037956631201112, 3.187823098549052769, -42.79820005822192286 ) ) ;
#3762 = CARTESIAN_POINT ( 'NONE',  ( 0.000000000000000000, -67.02749999999998920, -67.02749999999998920 ) ) ;
#3763 = LINE ( 'NONE', #5228, #2128 ) ;
#3764 = STYLED_ITEM ( 'NONE', ( #2080 ), #4364 ) ;
#3765 =( LENGTH_UNIT ( ) NAMED_UNIT ( * ) SI_UNIT ( .MILLI., .METRE. ) );
#3766 = PRESENTATION_STYLE_ASSIGNMENT (( #444 ) ) ;
#3767 = ORIENTED_EDGE ( 'NONE', *, *, #1491, .T. ) ;
#3768 = VECTOR ( 'NONE', #204, 1000.000000000000000 ) ;
#3769 = CARTESIAN_POINT ( 'NONE',  ( -5.973749999999985683, 22.65000000000064517, -93.52499999999982094 ) ) ;
#3770 = FILL_AREA_STYLE_COLOUR ( '', #4347 ) ;
#3771 = CARTESIAN_POINT ( 'NONE',  ( 20.25000000000000000, 22.07249999999999801, 6.175755471531950543E-15 ) ) ;
#3772 = ORIENTED_EDGE ( 'NONE', *, *, #4373, .T. ) ;
#3773 = EDGE_LOOP ( 'NONE', ( #3393, #3116, #486, #328 ) ) ;
#3774 = CARTESIAN_POINT ( 'NONE',  ( 4.019870675260607484, 29.15999999999991843, -92.67128834753000888 ) ) ;
#3775 =( GEOMETRIC_REPRESENTATION_CONTEXT ( 3 ) GLOBAL_UNCERTAINTY_ASSIGNED_CONTEXT ( ( #3163 ) ) GLOBAL_UNIT_ASSIGNED_CONTEXT ( ( #4551, #1709, #2214 ) ) REPRESENTATION_CONTEXT ( 'NONE', 'WORKASPACE' ) );
#3776 = PLANE ( 'NONE',  #1921 ) ;
#3777 = DIRECTION ( 'NONE',  ( 1.000000000000000000, 0.000000000000000000, 0.000000000000000000 ) ) ;
#3778 = LINE ( 'NONE', #4581, #1440 ) ;
#3779 = AXIS2_PLACEMENT_3D ( 'NONE', #3145, #2671, #1814 ) ;
#3780 = COLOUR_RGB ( '',0.1019607843137254888, 0.1019607843137254888, 0.1019607843137254888 ) ;
#3781 = PLANE ( 'NONE',  #2384 ) ;
#3782 = ORIENTED_EDGE ( 'NONE', *, *, #1764, .F. ) ;
#3783 = DIRECTION ( 'NONE',  ( -2.498001805406605174E-16, 1.885568995626959849E-16, -1.000000000000000000 ) ) ;
#3784 = CARTESIAN_POINT ( 'NONE',  ( 1.392022295297119738, -4.049999999999999822, -95.17103858781354120 ) ) ;
#3785 = CARTESIAN_POINT ( 'NONE',  ( 1.931284556262703456, -3.037499999999999645, -90.68378600307609361 ) ) ;
#3786 = CARTESIAN_POINT ( 'NONE',  ( 6.915046852600940319, -3.037499999999999201, -42.42798605974007842 ) ) ;
#3787 = AXIS2_PLACEMENT_3D ( 'NONE', #6098, #3412, #4351 ) ;
#3788 = EDGE_CURVE ( 'NONE', #4304, #5323, #2254, .T. ) ;
#3789 = CARTESIAN_POINT ( 'NONE',  ( 4.925878795895987317, 29.16000000000021330, -44.45556786170837427 ) ) ;
#3790 = STYLED_ITEM ( 'NONE', ( #3654 ), #6054 ) ;
#3791 = VERTEX_POINT ( 'NONE', #730 ) ;
#3792 = FACE_OUTER_BOUND ( 'NONE', #5256, .T. ) ;
#3793 = CARTESIAN_POINT ( 'NONE',  ( -7.578847391416594803, 0.000000000000000000, -26.69249999999999901 ) ) ;
#3794 = CARTESIAN_POINT ( 'NONE',  ( -10.12500000000003197, 23.85999999999999588, -38.19250000000000256 ) ) ;
#3795 = EDGE_CURVE ( 'NONE', #173, #3945, #5374, .T. ) ;
#3796 = CARTESIAN_POINT ( 'NONE',  ( -9.430884221105094056, 21.76779835461071144, -94.09897922106341639 ) ) ;
#3797 = AXIS2_PLACEMENT_3D ( 'NONE', #4945, #3554, #4533 ) ;
#3798 = CARTESIAN_POINT ( 'NONE',  ( 10.12500000000000000, -3.625305056040521556, -39.41116908515341066 ) ) ;
#3799 = DIRECTION ( 'NONE',  ( 1.000000000000000000, 0.000000000000000000, 0.000000000000000000 ) ) ;
#3800 = ORIENTED_EDGE ( 'NONE', *, *, #1764, .T. ) ;
#3801 = UNCERTAINTY_MEASURE_WITH_UNIT (LENGTH_MEASURE( 1.000000000000000082E-05 ), #4348, 'distance_accuracy_value', 'NONE');
#3802 = EDGE_CURVE ( 'NONE', #3309, #4796, #3150, .T. ) ;
#3803 = PRESENTATION_STYLE_ASSIGNMENT (( #5825 ) ) ;
#3804 = DIRECTION ( 'NONE',  ( -0.000000000000000000, 1.000000000000000000, 0.000000000000000000 ) ) ;
#3805 = ORIENTED_EDGE ( 'NONE', *, *, #5206, .T. ) ;
#3806 = ORIENTED_EDGE ( 'NONE', *, *, #4824, .F. ) ;
#3807 = CARTESIAN_POINT ( 'NONE',  ( 1.012499999999456390, 28.14749999999992269, -90.61874999999999147 ) ) ;
#3808 = CARTESIAN_POINT ( 'NONE',  ( 32.92873889984950608, -3.037499999999849543, -23.69249999999998835 ) ) ;
#3809 = FILL_AREA_STYLE ('',( #2416 ) ) ;
#3810 = SURFACE_STYLE_USAGE ( .BOTH. , #5739 ) ;
#3811 = VERTEX_POINT ( 'NONE', #5162 ) ;
#3812 = CARTESIAN_POINT ( 'NONE',  ( 10.62500000000000000, 0.000000000000000000, -91.12500000000000000 ) ) ;
#3813 = STYLED_ITEM ( 'NONE', ( #6045 ), #231 ) ;
#3814 = CARTESIAN_POINT ( 'NONE',  ( 9.150241880904385283, 1.056527704271958523, -90.61875000940599989 ) ) ;
#3815 = CARTESIAN_POINT ( 'NONE',  ( 9.665249163004789423, -3.037499999999999645, -96.17384405028447247 ) ) ;
#3816 = STYLED_ITEM ( 'NONE', ( #5258 ), #568 ) ;
#3817 = DIRECTION ( 'NONE',  ( 1.000000000000000000, 0.000000000000000000, 0.000000000000000000 ) ) ;
#3818 = CARTESIAN_POINT ( 'NONE',  ( 2.674096028898477417, 29.16000000000000014, -40.50432772664776593 ) ) ;
#3819 = ORIENTED_EDGE ( 'NONE', *, *, #5955, .F. ) ;
#3820 =( NAMED_UNIT ( * ) SI_UNIT ( $, .STERADIAN. ) SOLID_ANGLE_UNIT ( ) );
#3821 = VECTOR ( 'NONE', #1829, 1000.000000000000000 ) ;
#3822 = UNCERTAINTY_MEASURE_WITH_UNIT (LENGTH_MEASURE( 1.000000000000000082E-05 ), #5439, 'distance_accuracy_value', 'NONE');
#3823 = CARTESIAN_POINT ( 'NONE',  ( 1.012499999999978639, -3.037499999999999645, -46.47375000000000256 ) ) ;
#3824 = PRESENTATION_LAYER_ASSIGNMENT (  '', '', ( #2811 ) ) ;
#3825 = CARTESIAN_POINT ( 'NONE',  ( 1.012499999999961542, -4.050000000000006928, -23.69249999999998835 ) ) ;
#3826 = EDGE_LOOP ( 'NONE', ( #1910, #1330, #1454, #3750, #1634, #4384, #5112, #1807, #2912, #3352, #3570, #3248 ) ) ;
#3827 = EDGE_CURVE ( 'NONE', #4694, #461, #4080, .T. ) ;
#3828 = FILL_AREA_STYLE ('',( #5204 ) ) ;
#3829 =( GEOMETRIC_REPRESENTATION_CONTEXT ( 3 ) GLOBAL_UNCERTAINTY_ASSIGNED_CONTEXT ( ( #3161 ) ) GLOBAL_UNIT_ASSIGNED_CONTEXT ( ( #4604, #4634, #4153 ) ) REPRESENTATION_CONTEXT ( 'NONE', 'WORKASPACE' ) );
#3830 = CARTESIAN_POINT ( 'NONE',  ( -8.636732476913618228, 1.565475685140081952, -94.39725401827944040 ) ) ;
#3831 = FACE_OUTER_BOUND ( 'NONE', #5147, .T. ) ;
#3832 = CARTESIAN_POINT ( 'NONE',  ( 0.000000000000000000, 79.58249999999999602, -79.58249999999999602 ) ) ;
#3833 = STYLED_ITEM ( 'NONE', ( #630 ), #1599 ) ;
#3834 = VERTEX_POINT ( 'NONE', #5133 ) ;
#3835 = EDGE_CURVE ( 'NONE', #4906, #1439, #3949, .T. ) ;
#3836 = PLANE ( 'NONE',  #1964 ) ;
#3837 = ORIENTED_EDGE ( 'NONE', *, *, #2299, .T. ) ;
#3838 = CARTESIAN_POINT ( 'NONE',  ( 1.439227467121004356, 29.16000000000000014, -95.20556455095407955 ) ) ;
#3839 = SURFACE_SIDE_STYLE ('',( #2359 ) ) ;
#3840 = MECHANICAL_DESIGN_GEOMETRIC_PRESENTATION_REPRESENTATION (  '', ( #335 ), #1138 ) ;
#3841 =( LENGTH_UNIT ( ) NAMED_UNIT ( * ) SI_UNIT ( .MILLI., .METRE. ) );
#3842 = CARTESIAN_POINT ( 'NONE',  ( 9.662779266497464548, 29.16000000000004988, -100.6548863116118611 ) ) ;
#3843 = ORIENTED_EDGE ( 'NONE', *, *, #2212, .T. ) ;
#3844 = CARTESIAN_POINT ( 'NONE',  ( 1.012499999999961542, 29.15999999999998948, -42.06036481966484075 ) ) ;
#3845 = VECTOR ( 'NONE', #1271, 999.9999999999998863 ) ;
#3846 = AXIS2_PLACEMENT_3D ( 'NONE', #4345, #3408, #4887 ) ;
#3847 = CARTESIAN_POINT ( 'NONE',  ( 3.480726024205443636, -4.049999999999910116, -92.68515870432021586 ) ) ;
#3848 = LINE ( 'NONE', #3967, #1049 ) ;
#3849 = COLOUR_RGB ( '',0.1019607843137254888, 0.1019607843137254888, 0.1019607843137254888 ) ;
#3850 = VECTOR ( 'NONE', #2540, 1000.000000000000000 ) ;
#3851 = CARTESIAN_POINT ( 'NONE',  ( -1.518749999999963407, 7.087500000000000355, -54.06749999999999545 ) ) ;
#3852 = CARTESIAN_POINT ( 'NONE',  ( 8.646844020900855909, 29.16000000000003567, -44.91612200837086277 ) ) ;
#3853 = ORIENTED_EDGE ( 'NONE', *, *, #968, .T. ) ;
#3854 = CARTESIAN_POINT ( 'NONE',  ( 3.595478647395105032, -4.049999999999992717, -39.49875409938291426 ) ) ;
#3855 = CARTESIAN_POINT ( 'NONE',  ( 20.25000000000000000, 28.14749999999999375, 0.000000000000000000 ) ) ;
#3856 = PRESENTATION_LAYER_ASSIGNMENT (  '', '', ( #4353 ) ) ;
#3857 = ORIENTED_EDGE ( 'NONE', *, *, #193, .T. ) ;
#3858 = UNCERTAINTY_MEASURE_WITH_UNIT (LENGTH_MEASURE( 1.000000000000000082E-05 ), #2812, 'distance_accuracy_value', 'NONE');
#3859 = CARTESIAN_POINT ( 'NONE',  ( 0.000000000000000000, -2.986747800704527389, 0.05075219929546743308 ) ) ;
#3860 = DIRECTION ( 'NONE',  ( -6.938893903907279222E-18, 1.000000000000000000, 0.000000000000000000 ) ) ;
#3861 = EDGE_LOOP ( 'NONE', ( #6114, #2781, #3239, #2986 ) ) ;
#3862 = CARTESIAN_POINT ( 'NONE',  ( -1.146869353738865227, 2.963055631552697911, -85.14927492734948089 ) ) ;
#3863 = SURFACE_STYLE_FILL_AREA ( #2881 ) ;
#3864 = EDGE_CURVE ( 'NONE', #936, #3602, #551, .T. ) ;
#3865 = VECTOR ( 'NONE', #4148, 1000.000000000000000 ) ;
#3866 = VERTEX_POINT ( 'NONE', #3608 ) ;
#3867 = DIRECTION ( 'NONE',  ( -6.938893903907220489E-16, 1.000000000000000000, 1.432702293493328890E-15 ) ) ;
#3868 = CARTESIAN_POINT ( 'NONE',  ( 5.523511352505253491, 29.16000000000042292, -92.60357682832081139 ) ) ;
#3869 = PRESENTATION_STYLE_ASSIGNMENT (( #3305 ) ) ;
#3870 = CARTESIAN_POINT ( 'NONE',  ( 1.012499999999978639, 7.087500000000000355, -46.47375000000000256 ) ) ;
#3871 = EDGE_CURVE ( 'NONE', #4479, #3616, #6164, .T. ) ;
#3872 = CYLINDRICAL_SURFACE ( 'NONE', #573, 10.12499999999999822 ) ;
#3873 = ORIENTED_EDGE ( 'NONE', *, *, #310, .F. ) ;
#3874 = DIRECTION ( 'NONE',  ( 2.498001805406600244E-16, 0.000000000000000000, 1.000000000000000000 ) ) ;
#3875 = CARTESIAN_POINT ( 'NONE',  ( 1.305070731047787369, -3.037499989988730498, -90.61874997933060172 ) ) ;
#3876 =( LENGTH_UNIT ( ) NAMED_UNIT ( * ) SI_UNIT ( .MILLI., .METRE. ) );
#3877 =( NAMED_UNIT ( * ) PLANE_ANGLE_UNIT ( ) SI_UNIT ( $, .RADIAN. ) );
#3878 =( LENGTH_UNIT ( ) NAMED_UNIT ( * ) SI_UNIT ( .MILLI., .METRE. ) );
#3879 = ORIENTED_EDGE ( 'NONE', *, *, #92, .F. ) ;
#3880 = FILL_AREA_STYLE_COLOUR ( '', #3217 ) ;
#3881 =( GEOMETRIC_REPRESENTATION_CONTEXT ( 3 ) GLOBAL_UNCERTAINTY_ASSIGNED_CONTEXT ( ( #4127 ) ) GLOBAL_UNIT_ASSIGNED_CONTEXT ( ( #3148, #298, #5082 ) ) REPRESENTATION_CONTEXT ( 'NONE', 'WORKASPACE' ) );
#3882 = DIRECTION ( 'NONE',  ( 1.000000000000000000, -4.510281037539689201E-17, -2.636779683484745304E-16 ) ) ;
#3883 =( LENGTH_UNIT ( ) NAMED_UNIT ( * ) SI_UNIT ( .MILLI., .METRE. ) );
#3884 = ORIENTED_EDGE ( 'NONE', *, *, #177, .F. ) ;
#3885 = DIRECTION ( 'NONE',  ( -1.000000000000000000, 0.000000000000000000, 0.000000000000000000 ) ) ;
#3886 = DIRECTION ( 'NONE',  ( 0.000000000000000000, 0.7071067811865435759, -0.7071067811865514585 ) ) ;
#3887 =( NAMED_UNIT ( * ) PLANE_ANGLE_UNIT ( ) SI_UNIT ( $, .RADIAN. ) );
#3888 = ORIENTED_EDGE ( 'NONE', *, *, #1007, .F. ) ;
#3889 = VERTEX_POINT ( 'NONE', #4560 ) ;
#3890 = ADVANCED_FACE ( 'NONE', ( #5625 ), #6106, .F. ) ;
#3891 = CARTESIAN_POINT ( 'NONE',  ( 1.070778906246497630, 29.16000000000000014, -95.03475944039662693 ) ) ;
#3892 = LINE ( 'NONE', #902, #4136 ) ;
#3893 = DIRECTION ( 'NONE',  ( 0.000000000000000000, 0.000000000000000000, 1.000000000000000000 ) ) ;
#3894 = CARTESIAN_POINT ( 'NONE',  ( 1.675682038083033287, -4.049999999999884359, -44.38463250306715224 ) ) ;
#3895 = PRESENTATION_STYLE_ASSIGNMENT (( #3810 ) ) ;
#3896 = ORIENTED_EDGE ( 'NONE', *, *, #5428, .F. ) ;
#3897 = DIRECTION ( 'NONE',  ( 0.000000000000000000, 0.000000000000000000, 1.000000000000000000 ) ) ;
#3898 = CARTESIAN_POINT ( 'NONE',  ( 11.07037555298880882, 5.922238896355203508, -90.61875000001133174 ) ) ;
#3899 = EDGE_CURVE ( 'NONE', #862, #3192, #824, .T. ) ;
#3900 = CARTESIAN_POINT ( 'NONE',  ( 10.62499999999999822, 29.16000000000003567, -37.16537435373638232 ) ) ;
#3901 = CARTESIAN_POINT ( 'NONE',  ( 1.012499999999961542, 18.02250000000000085, -110.3999999999999915 ) ) ;
#3902 = DIRECTION ( 'NONE',  ( 0.000000000000000000, -1.000000000000000000, 0.000000000000000000 ) ) ;
#3903 = CARTESIAN_POINT ( 'NONE',  ( 10.62500000000000000, 0.000000000000000000, -45.96750000000000114 ) ) ;
#3904 = EDGE_LOOP ( 'NONE', ( #3732, #1626, #1520, #3879, #6089, #2164 ) ) ;
#3905 = CARTESIAN_POINT ( 'NONE',  ( 10.62500000000000000, 28.14749999999999375, -40.84195960390618296 ) ) ;
#3906 = ADVANCED_FACE ( 'NONE', ( #2161 ), #1692, .F. ) ;
#3907 = CARTESIAN_POINT ( 'NONE',  ( 1.012499999999961542, 18.02249999999999730, -95.03213518033508933 ) ) ;
#3908 = PLANE ( 'NONE',  #4141 ) ;
#3909 = CARTESIAN_POINT ( 'NONE',  ( -0.1775707681331536447, 23.85325759309597871, -86.44471111149771048 ) ) ;
#3910 = FACE_OUTER_BOUND ( 'NONE', #796, .T. ) ;
#3911 =( NAMED_UNIT ( * ) SI_UNIT ( $, .STERADIAN. ) SOLID_ANGLE_UNIT ( ) );
#3912 = ORIENTED_EDGE ( 'NONE', *, *, #3341, .F. ) ;
#3913 = PRESENTATION_LAYER_ASSIGNMENT (  '', '', ( #5972 ) ) ;
#3914 = CARTESIAN_POINT ( 'NONE',  ( -1.717578902697762588, 4.595048118329794207, -84.18150085592701259 ) ) ;
#3915 = DIRECTION ( 'NONE',  ( -1.000000000000000000, 0.000000000000000000, 0.000000000000000000 ) ) ;
#3916 = AXIS2_PLACEMENT_3D ( 'NONE', #430, #1281, #3282 ) ;
#3917 = DIRECTION ( 'NONE',  ( 0.000000000000000000, 1.885568995626964780E-16, -1.000000000000000000 ) ) ;
#3918 = SURFACE_STYLE_USAGE ( .BOTH. , #1535 ) ;
#3919 = CARTESIAN_POINT ( 'NONE',  ( -2.004649221996556374, 6.337092389206979703, -53.51260083651634858 ) ) ;
#3920 = ORIENTED_EDGE ( 'NONE', *, *, #3788, .T. ) ;
#3921 = ORIENTED_EDGE ( 'NONE', *, *, #2442, .T. ) ;
#3922 = PLANE ( 'NONE',  #5283 ) ;
#3923 = EDGE_CURVE ( 'NONE', #6267, #6248, #3264, .T. ) ;
#3924 = DIRECTION ( 'NONE',  ( -1.000000000000000000, 0.000000000000000000, 0.000000000000000000 ) ) ;
#3925 = VERTEX_POINT ( 'NONE', #5721 ) ;
#3926 = CARTESIAN_POINT ( 'NONE',  ( 2.825404186851333321, -4.049999999999992717, -96.76417493252731106 ) ) ;
#3927 = DIRECTION ( 'NONE',  ( -0.000000000000000000, 0.000000000000000000, -1.000000000000000000 ) ) ;
#3928 = SURFACE_STYLE_USAGE ( .BOTH. , #2011 ) ;
#3929 = EDGE_CURVE ( 'NONE', #2946, #546, #2805, .T. ) ;
#3930 = VECTOR ( 'NONE', #4355, 1000.000000000000000 ) ;
#3931 = FACE_OUTER_BOUND ( 'NONE', #1018, .T. ) ;
#3932 = STYLED_ITEM ( 'NONE', ( #4067 ), #1932 ) ;
#3933 = CARTESIAN_POINT ( 'NONE',  ( 5.425044474222457502, 29.16000000000001435, -38.02530419713622223 ) ) ;
#3934 = ORIENTED_EDGE ( 'NONE', *, *, #527, .F. ) ;
#3935 = CARTESIAN_POINT ( 'NONE',  ( -7.796249999999990798, 21.97124999999999417, -101.4888745617487018 ) ) ;
#3936 = CARTESIAN_POINT ( 'NONE',  ( 1.242034969776096398, -4.050000000000002487, -95.07656920914513421 ) ) ;
#3937 = VECTOR ( 'NONE', #3372, 1000.000000000000000 ) ;
#3938 = ORIENTED_EDGE ( 'NONE', *, *, #1981, .F. ) ;
#3939 = DIRECTION ( 'NONE',  ( -1.000000000000000000, 0.000000000000000000, 0.000000000000000000 ) ) ;
#3940 = DIRECTION ( 'NONE',  ( 0.000000000000000000, 1.000000000000000000, 0.000000000000000000 ) ) ;
#3941 = EDGE_CURVE ( 'NONE', #3945, #1452, #4295, .T. ) ;
#3942 = LINE ( 'NONE', #5912, #2741 ) ;
#3943 = PRESENTATION_STYLE_ASSIGNMENT (( #5485 ) ) ;
#3944 = CONICAL_SURFACE ( 'NONE', #131, 2.531249999999863665, 0.7853981633974539411 ) ;
#3945 = VERTEX_POINT ( 'NONE', #4740 ) ;
#3946 = CARTESIAN_POINT ( 'NONE',  ( -0.9106474273625653204, 22.65121940510938714, -51.59177824862003803 ) ) ;
#3947 = CARTESIAN_POINT ( 'NONE',  ( -1.276406588561916022, 3.264656628577330189, -84.94850374897626466 ) ) ;
#3948 = SURFACE_SIDE_STYLE ('',( #2031 ) ) ;
#3949 = CIRCLE ( 'NONE', #1257, 11.13749999999999751 ) ;
#3950 = CARTESIAN_POINT ( 'NONE',  ( -9.112499999999998934, 7.087500000000000355, -46.47375000000000256 ) ) ;
#3951 = FILL_AREA_STYLE ('',( #5006 ) ) ;
#3952 = LINE ( 'NONE', #3986, #4979 ) ;
#3953 = ORIENTED_EDGE ( 'NONE', *, *, #4677, .T. ) ;
#3954 = VECTOR ( 'NONE', #2522, 1000.000000000000000 ) ;
#3955 = ORIENTED_EDGE ( 'NONE', *, *, #4686, .F. ) ;
#3956 = PRESENTATION_STYLE_ASSIGNMENT (( #5460 ) ) ;
#3957 =( LENGTH_UNIT ( ) NAMED_UNIT ( * ) SI_UNIT ( .MILLI., .METRE. ) );
#3958 = CARTESIAN_POINT ( 'NONE',  ( 8.424428059070407926, -4.049999999999760014, -44.86261682143489793 ) ) ;
#3959 = CIRCLE ( 'NONE', #977, 3.000000000000000000 ) ;
#3960 = CARTESIAN_POINT ( 'NONE',  ( -7.578847391416594803, 2.602085213965210642E-15, -46.47374999999998835 ) ) ;
#3961 = ORIENTED_EDGE ( 'NONE', *, *, #425, .T. ) ;
#3962 = PRESENTATION_STYLE_ASSIGNMENT (( #3432 ) ) ;
#3963 = CARTESIAN_POINT ( 'NONE',  ( 10.62499999999999645, -3.700801000489423398, -98.03958722513043256 ) ) ;
#3964 = CARTESIAN_POINT ( 'NONE',  ( 32.92873889984932134, 28.14750000000014651, -113.4000000000000057 ) ) ;
#3965 = VECTOR ( 'NONE', #390, 1000.000000000000000 ) ;
#3966 = DIRECTION ( 'NONE',  ( -1.000000000000000000, -6.071532165918857963E-15, -1.144829280800842736E-30 ) ) ;
#3967 = CARTESIAN_POINT ( 'NONE',  ( 1.012499999999978639, 20.55375000000000085, -54.06749999999999545 ) ) ;
#3968 = VECTOR ( 'NONE', #1500, 1000.000000000000000 ) ;
#3969 = CARTESIAN_POINT ( 'NONE',  ( 0.000000000000000000, 3.156971437514674074E-14, -140.1299999999999670 ) ) ;
#3970 = ORIENTED_EDGE ( 'NONE', *, *, #2516, .F. ) ;
#3971 = SURFACE_SIDE_STYLE ('',( #2051 ) ) ;
#3972 = ADVANCED_FACE ( 'NONE', ( #5200 ), #4775, .T. ) ;
#3973 = CARTESIAN_POINT ( 'NONE',  ( 8.099999999999999645, 28.14749999999999375, -90.61874999999999147 ) ) ;
#3974 =( NAMED_UNIT ( * ) SI_UNIT ( $, .STERADIAN. ) SOLID_ANGLE_UNIT ( ) );
#3975 = CARTESIAN_POINT ( 'NONE',  ( -101.2500000000000000, 25.10999999999999588, -134.0549999999999784 ) ) ;
#3976 = CYLINDRICAL_SURFACE ( 'NONE', #2664, 10.12500000000000000 ) ;
#3977 = MECHANICAL_DESIGN_GEOMETRIC_PRESENTATION_REPRESENTATION (  '', ( #5407 ), #5101 ) ;
#3978 = ORIENTED_EDGE ( 'NONE', *, *, #3757, .F. ) ;
#3979 = CARTESIAN_POINT ( 'NONE',  ( 8.404419717552581659, 28.14750000000000085, -95.70302473058637815 ) ) ;
#3980 = CARTESIAN_POINT ( 'NONE',  ( -0.09305895230497888970, 1.135278791640876861, -86.54604004117938132 ) ) ;
#3981 = ADVANCED_FACE ( 'NONE', ( #1354 ), #1444, .T. ) ;
#3982 = UNCERTAINTY_MEASURE_WITH_UNIT (LENGTH_MEASURE( 1.000000000000000082E-05 ), #4160, 'distance_accuracy_value', 'NONE');
#3983 = LINE ( 'NONE', #5950, #1137 ) ;
#3984 = MECHANICAL_DESIGN_GEOMETRIC_PRESENTATION_REPRESENTATION (  '', ( #4287 ), #4892 ) ;
#3985 = CARTESIAN_POINT ( 'NONE',  ( 10.12500000000000000, -4.049999999999950973, -36.39402376808406814 ) ) ;
#3986 = CARTESIAN_POINT ( 'NONE',  ( 10.62500000000000000, -4.049999999999947420, -100.6984762319159046 ) ) ;
#3987 = VERTEX_POINT ( 'NONE', #4964 ) ;
#3988 = PRESENTATION_LAYER_ASSIGNMENT (  '', '', ( #2979 ) ) ;
#3989 = CARTESIAN_POINT ( 'NONE',  ( 2.929785006851990836, -2.022511491249903592, -89.60376149124995493 ) ) ;
#3990 = EDGE_CURVE ( 'NONE', #5608, #5323, #2087, .T. ) ;
#3991 = FILL_AREA_STYLE_COLOUR ( '', #3648 ) ;
#3992 = CARTESIAN_POINT ( 'NONE',  ( 10.88750242027046866, 4.840231731299221352, -46.47374999916803517 ) ) ;
#3993 =( LENGTH_UNIT ( ) NAMED_UNIT ( * ) SI_UNIT ( .MILLI., .METRE. ) );
#3994 = ORIENTED_EDGE ( 'NONE', *, *, #2100, .F. ) ;
#3995 = FILL_AREA_STYLE_COLOUR ( '', #3780 ) ;
#3996 = CARTESIAN_POINT ( 'NONE',  ( 7.091236425153790712, -4.050000000000066436, -92.45725027594487244 ) ) ;
#3997 = PLANE ( 'NONE',  #119 ) ;
#3998 = PLANE ( 'NONE',  #5689 ) ;
#3999 = PLANE ( 'NONE',  #1080 ) ;
#4000 = ORIENTED_EDGE ( 'NONE', *, *, #811, .F. ) ;
#4001 = CARTESIAN_POINT ( 'NONE',  ( 0.3365111746360598399, -3.020568446281178154, 0.01693155371881308741 ) ) ;
#4002 = DIRECTION ( 'NONE',  ( 2.582639285611905427E-16, -8.296601849501747658E-32, -1.000000000000000000 ) ) ;
#4003 = CARTESIAN_POINT ( 'NONE',  ( 1.012499999999961542, 18.02249999999999730, -90.61874999999999147 ) ) ;
#4004 = SURFACE_STYLE_USAGE ( .BOTH. , #148 ) ;
#4005 = CARTESIAN_POINT ( 'NONE',  ( 0.000000000000000000, -2.986747800704527389, -137.1432521992954605 ) ) ;
#4006 = ORIENTED_EDGE ( 'NONE', *, *, #100, .F. ) ;
#4007 = CARTESIAN_POINT ( 'NONE',  ( -1.782640357799503583, 20.22456280737221235, -53.04039888826726212 ) ) ;
#4008 = AXIS2_PLACEMENT_3D ( 'NONE', #1942, #3867, #2536 ) ;
#4009 = CARTESIAN_POINT ( 'NONE',  ( 10.90472645478734748, 29.15999999999761627, -91.02885861984908900 ) ) ;
#4010 = LINE ( 'NONE', #3950, #4448 ) ;
#4011 = PLANE ( 'NONE',  #1292 ) ;
#4012 = EDGE_CURVE ( 'NONE', #4819, #5292, #4767, .T. ) ;
#4013 =( NAMED_UNIT ( * ) SI_UNIT ( $, .STERADIAN. ) SOLID_ANGLE_UNIT ( ) );
#4014 = ORIENTED_EDGE ( 'NONE', *, *, #5980, .F. ) ;
#4015 = ORIENTED_EDGE ( 'NONE', *, *, #4210, .T. ) ;
#4016 = CARTESIAN_POINT ( 'NONE',  ( -40.50000000000000000, 3.638750000000151807, -26.73000000000000043 ) ) ;
#4017 = FACE_OUTER_BOUND ( 'NONE', #4102, .T. ) ;
#4018 = PRESENTATION_LAYER_ASSIGNMENT (  '', '', ( #6178 ) ) ;
#4019 = CARTESIAN_POINT ( 'NONE',  ( 0.000000000000000000, 25.10999999999999588, -3.037499999999999645 ) ) ;
#4020 = CARTESIAN_POINT ( 'NONE',  ( 8.113050789623525105, -0.1390244780503660793, -46.47375001603028721 ) ) ;
#4021 = EDGE_CURVE ( 'NONE', #4206, #2482, #4927, .T. ) ;
#4022 =( NAMED_UNIT ( * ) PLANE_ANGLE_UNIT ( ) SI_UNIT ( $, .RADIAN. ) );
#4023 = ORIENTED_EDGE ( 'NONE', *, *, #1974, .T. ) ;
#4024 = FILL_AREA_STYLE_COLOUR ( '', #4794 ) ;
#4025 = CARTESIAN_POINT ( 'NONE',  ( 10.97997002584937931, 5.302254918692841379, -90.61875000026957139 ) ) ;
#4026 = CARTESIAN_POINT ( 'NONE',  ( 31.87499999999997868, 22.65000000000063096, -93.52499999999982094 ) ) ;
#4027 = FILL_AREA_STYLE_COLOUR ( '', #2634 ) ;
#4028 = VECTOR ( 'NONE', #3018, 1000.000000000000000 ) ;
#4029 =( LENGTH_UNIT ( ) NAMED_UNIT ( * ) SI_UNIT ( .MILLI., .METRE. ) );
#4030 = ORIENTED_EDGE ( 'NONE', *, *, #4574, .F. ) ;
#4031 = LINE ( 'NONE', #4062, #1864 ) ;
#4032 = ORIENTED_EDGE ( 'NONE', *, *, #4535, .T. ) ;
#4033 = AXIS2_PLACEMENT_3D ( 'NONE', #1246, #4154, #2177 ) ;
#4034 = CARTESIAN_POINT ( 'NONE',  ( -5.973749999999999893, 1.323342920529794754E-14, -137.0924999999999727 ) ) ;
#4035 = PRESENTATION_LAYER_ASSIGNMENT (  '', '', ( #335 ) ) ;
#4036 = CARTESIAN_POINT ( 'NONE',  ( 1.012500000002381384, 6.074999999999996625, -95.03213518033163609 ) ) ;
#4037 = DIRECTION ( 'NONE',  ( 0.000000000000000000, 0.000000000000000000, -1.000000000000000000 ) ) ;
#4038 = CARTESIAN_POINT ( 'NONE',  ( 1.012499999999978639, 4.556250000000059863, -54.06749999999999545 ) ) ;
#4039 = ORIENTED_EDGE ( 'NONE', *, *, #348, .T. ) ;
#4040 = CARTESIAN_POINT ( 'NONE',  ( -1.637784128118866311, 20.81620343449648658, -52.75760001237856045 ) ) ;
#4041 = SURFACE_SIDE_STYLE ('',( #6039 ) ) ;
#4042 = CARTESIAN_POINT ( 'NONE',  ( 8.424428059070141472, 29.16000000000003212, -92.22988317856585638 ) ) ;
#4043 =( NAMED_UNIT ( * ) PLANE_ANGLE_UNIT ( ) SI_UNIT ( $, .RADIAN. ) );
#4044 =( GEOMETRIC_REPRESENTATION_CONTEXT ( 3 ) GLOBAL_UNCERTAINTY_ASSIGNED_CONTEXT ( ( #4879 ) ) GLOBAL_UNIT_ASSIGNED_CONTEXT ( ( #3576, #2095, #2032 ) ) REPRESENTATION_CONTEXT ( 'NONE', 'WORKASPACE' ) );
#4045 = CARTESIAN_POINT ( 'NONE',  ( 9.216660257966594827, 28.14749999999998664, -41.05023908400859511 ) ) ;
#4046 = STYLED_ITEM ( 'NONE', ( #4499 ), #2509 ) ;
#4047 = CARTESIAN_POINT ( 'NONE',  ( -1.121235914210965579, 2.906003368625095895, -51.90433752421233748 ) ) ;
#4048 = ORIENTED_EDGE ( 'NONE', *, *, #2008, .F. ) ;
#4049 =( GEOMETRIC_REPRESENTATION_CONTEXT ( 3 ) GLOBAL_UNCERTAINTY_ASSIGNED_CONTEXT ( ( #4188 ) ) GLOBAL_UNIT_ASSIGNED_CONTEXT ( ( #475, #2405, #4739 ) ) REPRESENTATION_CONTEXT ( 'NONE', 'WORKASPACE' ) );
#4050 = FACE_OUTER_BOUND ( 'NONE', #353, .T. ) ;
#4051 = EDGE_CURVE ( 'NONE', #4206, #3240, #5445, .T. ) ;
#4052 = LINE ( 'NONE', #163, #2733 ) ;
#4053 = CARTESIAN_POINT ( 'NONE',  ( 2.004705808205140993, -4.049999999999999822, -41.30734741981654423 ) ) ;
#4054 =( NAMED_UNIT ( * ) PLANE_ANGLE_UNIT ( ) SI_UNIT ( $, .RADIAN. ) );
#4055 = ORIENTED_EDGE ( 'NONE', *, *, #2290, .T. ) ;
#4056 = CARTESIAN_POINT ( 'NONE',  ( -9.577591108555292720, 3.638750000000142037, -26.69249999999999901 ) ) ;
#4057 = FILL_AREA_STYLE ('',( #3526 ) ) ;
#4058 = CARTESIAN_POINT ( 'NONE',  ( 0.000000000000000000, 25.10999999999999588, -113.4000000000000057 ) ) ;
#4059 = EDGE_CURVE ( 'NONE', #5007, #3240, #113, .T. ) ;
#4060 =( GEOMETRIC_REPRESENTATION_CONTEXT ( 3 ) GLOBAL_UNCERTAINTY_ASSIGNED_CONTEXT ( ( #4815 ) ) GLOBAL_UNIT_ASSIGNED_CONTEXT ( ( #341, #1221, #2188 ) ) REPRESENTATION_CONTEXT ( 'NONE', 'WORKASPACE' ) );
#4061 = ORIENTED_EDGE ( 'NONE', *, *, #2089, .T. ) ;
#4062 = CARTESIAN_POINT ( 'NONE',  ( -10.12500000000003375, 18.02249999999999730, -90.61874999999999147 ) ) ;
#4063 = CIRCLE ( 'NONE', #557, 3.000000000000002665 ) ;
#4064 = EDGE_LOOP ( 'NONE', ( #4419 ) ) ;
#4065 = LINE ( 'NONE', #5547, #5943 ) ;
#4066 = ADVANCED_FACE ( 'NONE', ( #1127 ), #53, .F. ) ;
#4067 = PRESENTATION_STYLE_ASSIGNMENT (( #276 ) ) ;
#4068 = FILL_AREA_STYLE ('',( #2152 ) ) ;
#4069 = COLOUR_RGB ( '',0.1019607843137254888, 0.1019607843137254888, 0.1019607843137254888 ) ;
#4070 = CARTESIAN_POINT ( 'NONE',  ( 10.62500000000000000, 29.16000000000003922, -36.39402376808405393 ) ) ;
#4071 = DIRECTION ( 'NONE',  ( 1.000000000000000000, 0.000000000000000000, 0.000000000000000000 ) ) ;
#4072 = CARTESIAN_POINT ( 'NONE',  ( 1.305070731027130337, 28.14749998998926728, -46.47375002066939942 ) ) ;
#4073 = ORIENTED_EDGE ( 'NONE', *, *, #847, .T. ) ;
#4074 = SURFACE_STYLE_FILL_AREA ( #2714 ) ;
#4075 = STYLED_ITEM ( 'NONE', ( #5249 ), #5354 ) ;
#4076 = CARTESIAN_POINT ( 'NONE',  ( 10.12500000000000000, -4.049999999999948308, -99.92606461597443968 ) ) ;
#4077 =( LENGTH_UNIT ( ) NAMED_UNIT ( * ) SI_UNIT ( .MILLI., .METRE. ) );
#4078 = PRESENTATION_STYLE_ASSIGNMENT (( #5033 ) ) ;
#4079 = DIRECTION ( 'NONE',  ( -0.000000000000000000, 1.885568995626964780E-16, -1.000000000000000000 ) ) ;
#4080 = LINE ( 'NONE', #2624, #455 ) ;
#4081 =( NAMED_UNIT ( * ) SI_UNIT ( $, .STERADIAN. ) SOLID_ANGLE_UNIT ( ) );
#4082 = ORIENTED_EDGE ( 'NONE', *, *, #1328, .T. ) ;
#4083 = COLOUR_RGB ( '',0.1019607843137254888, 0.1019607843137254888, 0.1019607843137254888 ) ;
#4084 = CARTESIAN_POINT ( 'NONE',  ( -8.555056283115581195, 23.67842081748124272, -42.75624752640433002 ) ) ;
#4085 = CARTESIAN_POINT ( 'NONE',  ( -9.215329571973599698, 3.138206716496091175, -93.16343318810739049 ) ) ;
#4086 = CARTESIAN_POINT ( 'NONE',  ( 5.918359913717806897, -1.774942999478834160, -46.47375003229250012 ) ) ;
#4087 = ORIENTED_EDGE ( 'NONE', *, *, #2598, .T. ) ;
#4088 = EDGE_CURVE ( 'NONE', #3396, #4479, #3942, .T. ) ;
#4089 = DIRECTION ( 'NONE',  ( 1.000000000000000000, -0.000000000000000000, -0.000000000000000000 ) ) ;
#4090 = FILL_AREA_STYLE_COLOUR ( '', #5356 ) ;
#4091 = DIRECTION ( 'NONE',  ( 0.000000000000000000, 0.7071067811865441310, 0.7071067811865510144 ) ) ;
#4092 = ORIENTED_EDGE ( 'NONE', *, *, #1715, .F. ) ;
#4093 = EDGE_CURVE ( 'NONE', #428, #4803, #4863, .T. ) ;
#4094 = DIRECTION ( 'NONE',  ( 0.000000000000000000, -2.557080595484679171E-18, -1.000000000000000000 ) ) ;
#4095 = ORIENTED_EDGE ( 'NONE', *, *, #5909, .T. ) ;
#4096 = DIRECTION ( 'NONE',  ( 0.000000000000000000, -0.7071067811865480168, 0.7071067811865470176 ) ) ;
#4097 = DIRECTION ( 'NONE',  ( 5.165278571223799760E-17, 1.000000000000000000, 0.000000000000000000 ) ) ;
#4098 =( NAMED_UNIT ( * ) PLANE_ANGLE_UNIT ( ) SI_UNIT ( $, .RADIAN. ) );
#4099 = CARTESIAN_POINT ( 'NONE',  ( 10.12500000000000000, 28.48037825301807757, -40.14515396493453636 ) ) ;
#4100 = EDGE_CURVE ( 'NONE', #1474, #629, #2935, .T. ) ;
#4101 = CARTESIAN_POINT ( 'NONE',  ( -51.32951142158430713, 3.138750000000141593, -40.70249999999999346 ) ) ;
#4102 = EDGE_LOOP ( 'NONE', ( #509, #5178, #198, #2226 ) ) ;
#4103 = DIRECTION ( 'NONE',  ( -1.000000000000000000, 0.000000000000000000, 0.000000000000000000 ) ) ;
#4104 = CARTESIAN_POINT ( 'NONE',  ( 9.867290423520044484, 22.94322051626181391, -90.61874999485065985 ) ) ;
#4105 = UNCERTAINTY_MEASURE_WITH_UNIT (LENGTH_MEASURE( 1.000000000000000082E-05 ), #3876, 'distance_accuracy_value', 'NONE');
#4106 = DIRECTION ( 'NONE',  ( 0.000000000000000000, 0.000000000000000000, -1.000000000000000000 ) ) ;
#4107 = DIRECTION ( 'NONE',  ( -1.000000000000000000, 0.000000000000000000, 0.000000000000000000 ) ) ;
#4108 = PRESENTATION_STYLE_ASSIGNMENT (( #288 ) ) ;
#4109 = LINE ( 'NONE', #2255, #3376 ) ;
#4110 = ORIENTED_EDGE ( 'NONE', *, *, #886, .T. ) ;
#4111 = CARTESIAN_POINT ( 'NONE',  ( 10.62500000000000000, 25.10999999999999588, -140.1299999999999670 ) ) ;
#4112 = CARTESIAN_POINT ( 'NONE',  ( -9.383137845503897623, 21.72264823967762837, -43.50581937029414092 ) ) ;
#4113 = CARTESIAN_POINT ( 'NONE',  ( -9.008086442229814139, 2.225426107810550391, -41.94964630260789562 ) ) ;
#4114 = APPLICATION_PROTOCOL_DEFINITION ( 'draft international standard', 'automotive_design', 1998, #661 ) ;
#4115 = ORIENTED_EDGE ( 'NONE', *, *, #5878, .F. ) ;
#4116 = FILL_AREA_STYLE_COLOUR ( '', #2275 ) ;
#4117 = CIRCLE ( 'NONE', #3916, 1.050000000237263809 ) ;
#4118 = DIRECTION ( 'NONE',  ( 0.000000000000000000, 0.7071067811865512365, -0.7071067811865439090 ) ) ;
#4119 = DIRECTION ( 'NONE',  ( 0.000000000000000000, 0.000000000000000000, 1.000000000000000000 ) ) ;
#4120 = MECHANICAL_DESIGN_GEOMETRIC_PRESENTATION_REPRESENTATION (  '', ( #220 ), #1911 ) ;
#4121 = ORIENTED_EDGE ( 'NONE', *, *, #4100, .F. ) ;
#4122 = CARTESIAN_POINT ( 'NONE',  ( -7.516400807564940223, 22.58500000000000441, -101.4841705526875586 ) ) ;
#4123 = PRESENTATION_STYLE_ASSIGNMENT (( #3684 ) ) ;
#4124 = LINE ( 'NONE', #3753, #3719 ) ;
#4125 = B_SPLINE_CURVE_WITH_KNOTS ( 'NONE', 3,
 ( #1770, #2147, #1189, #3152, #4122, #4669, #3091, #4158, #6056, #2608, #5575, #6122, #5545, #303 ),
 .UNSPECIFIED., .F., .F.,
 ( 4, 2, 2, 2, 2, 2, 4 ),
 ( 0.000000000000000000, 0.001198425417522869935, 0.001797638126284305769, 0.002396850835045742038, 0.002996063543807177439, 0.003595276252568613707, 0.004793701670091485810 ),
 .UNSPECIFIED. ) ;
#4126 = CARTESIAN_POINT ( 'NONE',  ( 5.098240179699572217, -3.037500000000000089, -44.49229672431709304 ) ) ;
#4127 = UNCERTAINTY_MEASURE_WITH_UNIT (LENGTH_MEASURE( 1.000000000000000082E-05 ), #3148, 'distance_accuracy_value', 'NONE');
#4128 = ADVANCED_FACE ( 'NONE', ( #2462, #4390, #5944 ), #82, .F. ) ;
#4129 = VECTOR ( 'NONE', #2001, 1000.000000000000000 ) ;
#4130 = SURFACE_STYLE_FILL_AREA ( #3220 ) ;
#4131 = ORIENTED_EDGE ( 'NONE', *, *, #3566, .F. ) ;
#4132 =( NAMED_UNIT ( * ) PLANE_ANGLE_UNIT ( ) SI_UNIT ( $, .RADIAN. ) );
#4133 =( NAMED_UNIT ( * ) PLANE_ANGLE_UNIT ( ) SI_UNIT ( $, .RADIAN. ) );
#4134 = CARTESIAN_POINT ( 'NONE',  ( 11.05289438369824140, 29.15999999998647496, -90.76837210604874429 ) ) ;
#4135 = VECTOR ( 'NONE', #5883, 1000.000000000000000 ) ;
#4136 = VECTOR ( 'NONE', #5242, 1000.000000000000000 ) ;
#4137 = EDGE_CURVE ( 'NONE', #5141, #3335, #3569, .T. ) ;
#4138 = DIRECTION ( 'NONE',  ( 0.000000000000000000, 1.000000000000000000, 0.000000000000000000 ) ) ;
#4139 =( LENGTH_UNIT ( ) NAMED_UNIT ( * ) SI_UNIT ( .MILLI., .METRE. ) );
#4140 =( NAMED_UNIT ( * ) SI_UNIT ( $, .STERADIAN. ) SOLID_ANGLE_UNIT ( ) );
#4141 = AXIS2_PLACEMENT_3D ( 'NONE', #1585, #2186, #653 ) ;
#4142 = EDGE_LOOP ( 'NONE', ( #5494, #584, #3632, #4445 ) ) ;
#4143 = DIRECTION ( 'NONE',  ( 0.000000000000000000, 0.000000000000000000, -1.000000000000000000 ) ) ;
#4144 = PLANE ( 'NONE',  #5892 ) ;
#4145 = CARTESIAN_POINT ( 'NONE',  ( -10.06842941945841652, 5.929600403689845756, -37.59342110951421034 ) ) ;
#4146 = VECTOR ( 'NONE', #3071, 1000.000000000000000 ) ;
#4147 = FACE_OUTER_BOUND ( 'NONE', #505, .T. ) ;
#4148 = DIRECTION ( 'NONE',  ( -2.498001805406605174E-16, 0.000000000000000000, -1.000000000000000000 ) ) ;
#4149 = VERTEX_POINT ( 'NONE', #5615 ) ;
#4150 = DIRECTION ( 'NONE',  ( 1.000000000000000000, -4.510281037539699678E-17, 0.000000000000000000 ) ) ;
#4151 = VECTOR ( 'NONE', #3520, 1000.000000000000000 ) ;
#4152 = SURFACE_STYLE_USAGE ( .BOTH. , #330 ) ;
#4153 =( NAMED_UNIT ( * ) SI_UNIT ( $, .STERADIAN. ) SOLID_ANGLE_UNIT ( ) );
#4154 = DIRECTION ( 'NONE',  ( -0.000000000000000000, 0.7071067811865435759, 0.7071067811865514585 ) ) ;
#4155 = FILL_AREA_STYLE_COLOUR ( '', #5066 ) ;
#4156 = STYLED_ITEM ( 'NONE', ( #5387 ), #4066 ) ;
#4157 = ORIENTED_EDGE ( 'NONE', *, *, #1665, .F. ) ;
#4158 = CARTESIAN_POINT ( 'NONE',  ( -8.319052185059518933, 22.58500000000000796, -100.8939232542379187 ) ) ;
#4159 = FACE_OUTER_BOUND ( 'NONE', #2951, .T. ) ;
#4160 =( LENGTH_UNIT ( ) NAMED_UNIT ( * ) SI_UNIT ( .MILLI., .METRE. ) );
#4161 = MECHANICAL_DESIGN_GEOMETRIC_PRESENTATION_REPRESENTATION (  '', ( #2850 ), #2858 ) ;
#4162 = CARTESIAN_POINT ( 'NONE',  ( 4.101823489718048776, -3.037500000000000089, -45.43052624778950843 ) ) ;
#4163 = CARTESIAN_POINT ( 'NONE',  ( 10.12500000000000000, 29.07130540213517733, -37.93832813541065718 ) ) ;
#4164 = CONICAL_SURFACE ( 'NONE', #4274, 2.531249999999863665, 0.7853981633974532750 ) ;
#4165 =( NAMED_UNIT ( * ) SI_UNIT ( $, .STERADIAN. ) SOLID_ANGLE_UNIT ( ) );
#4166 = ORIENTED_EDGE ( 'NONE', *, *, #3795, .F. ) ;
#4167 = EDGE_CURVE ( 'NONE', #3925, #5000, #3959, .T. ) ;
#4168 = DIRECTION ( 'NONE',  ( 0.000000000000000000, 1.000000000000000000, 1.885568995626965026E-16 ) ) ;
#4169 = CARTESIAN_POINT ( 'NONE',  ( 10.62500000000000000, 25.10999999999999588, -134.0549999999999784 ) ) ;
#4170 = DIRECTION ( 'NONE',  ( 0.000000000000000000, 1.885568995626965026E-16, -1.000000000000000000 ) ) ;
#4171 = VECTOR ( 'NONE', #3860, 1000.000000000000000 ) ;
#4172 = DIRECTION ( 'NONE',  ( 8.052543542805917346E-15, 0.000000000000000000, 1.000000000000000000 ) ) ;
#4173 = CARTESIAN_POINT ( 'NONE',  ( 1.012499999999969535, 7.087500000000000355, -83.02500000000000568 ) ) ;
#4174 = CARTESIAN_POINT ( 'NONE',  ( -5.973749999999989235, 22.45512915221909722, -101.8977794053910628 ) ) ;
#4175 =( NAMED_UNIT ( * ) PLANE_ANGLE_UNIT ( ) SI_UNIT ( $, .RADIAN. ) );
#4176 = EDGE_LOOP ( 'NONE', ( #1422, #1745, #1926, #1736, #2119, #840 ) ) ;
#4177 = EDGE_CURVE ( 'NONE', #5975, #5141, #3219, .T. ) ;
#4178 = LINE ( 'NONE', #2286, #1903 ) ;
#4179 = CARTESIAN_POINT ( 'NONE',  ( -8.396478736714405144, 1.722532350098552989, -92.55585372191369231 ) ) ;
#4180 = CARTESIAN_POINT ( 'NONE',  ( 9.730663367755322923, -4.049999999999953637, -36.42843621265066645 ) ) ;
#4181 = DIRECTION ( 'NONE',  ( -2.498001805406605174E-16, 0.000000000000000000, -1.000000000000000000 ) ) ;
#4182 = EDGE_LOOP ( 'NONE', ( #5465, #2088, #4457, #2544 ) ) ;
#4183 = ADVANCED_FACE ( 'NONE', ( #815 ), #2213, .T. ) ;
#4184 = FILL_AREA_STYLE ('',( #2783 ) ) ;
#4185 = PRESENTATION_LAYER_ASSIGNMENT (  '', '', ( #1773 ) ) ;
#4186 = SURFACE_STYLE_FILL_AREA ( #2701 ) ;
#4187 = CARTESIAN_POINT ( 'NONE',  ( 10.12500000000000000, -3.621089756750340616, -97.66761197181881471 ) ) ;
#4188 = UNCERTAINTY_MEASURE_WITH_UNIT (LENGTH_MEASURE( 1.000000000000000082E-05 ), #475, 'distance_accuracy_value', 'NONE');
#4189 = CARTESIAN_POINT ( 'NONE',  ( 0.000000000000000000, -3.849269726015902252E-16, 3.037499999999999645 ) ) ;
#4190 = CARTESIAN_POINT ( 'NONE',  ( -1.586374864559659370, 20.97515624629776099, -84.42544442155332263 ) ) ;
#4191 = ORIENTED_EDGE ( 'NONE', *, *, #471, .T. ) ;
#4192 = DIRECTION ( 'NONE',  ( 0.000000000000000000, 0.000000000000000000, -1.000000000000000000 ) ) ;
#4193 = COLOUR_RGB ( '',0.1019607843137254888, 0.1019607843137254888, 0.1019607843137254888 ) ;
#4194 = CARTESIAN_POINT ( 'NONE',  ( 0.000000000000000000, 0.000000000000000000, -23.69249999999999901 ) ) ;
#4195 = SURFACE_SIDE_STYLE ('',( #1830 ) ) ;
#4196 =( NAMED_UNIT ( * ) SI_UNIT ( $, .STERADIAN. ) SOLID_ANGLE_UNIT ( ) );
#4197 = SURFACE_STYLE_FILL_AREA ( #1312 ) ;
#4198 = ORIENTED_EDGE ( 'NONE', *, *, #1905, .F. ) ;
#4199 = PRESENTATION_STYLE_ASSIGNMENT (( #407 ) ) ;
#4200 = DIRECTION ( 'NONE',  ( -1.000000000000000000, 3.212450881438532241E-16, 0.000000000000000000 ) ) ;
#4201 =( NAMED_UNIT ( * ) SI_UNIT ( $, .STERADIAN. ) SOLID_ANGLE_UNIT ( ) );
#4202 = DIRECTION ( 'NONE',  ( 1.000000000000000000, 0.000000000000000000, -2.498001805406600244E-16 ) ) ;
#4203 =( LENGTH_UNIT ( ) NAMED_UNIT ( * ) SI_UNIT ( .MILLI., .METRE. ) );
#4204 = CARTESIAN_POINT ( 'NONE',  ( -5.973749999999990123, 22.19517506373316706, -101.8999999999999915 ) ) ;
#4205 = FILL_AREA_STYLE ('',( #2225 ) ) ;
#4206 = VERTEX_POINT ( 'NONE', #6095 ) ;
#4207 = DIRECTION ( 'NONE',  ( -1.000000000000000000, 0.000000000000000000, 0.000000000000000000 ) ) ;
#4208 = CARTESIAN_POINT ( 'NONE',  ( -9.469222211975839798, 21.60657422180621623, -43.16722993867644931 ) ) ;
#4209 = DIRECTION ( 'NONE',  ( 1.000000000000000000, 0.000000000000000000, 0.000000000000000000 ) ) ;
#4210 = EDGE_CURVE ( 'NONE', #4809, #1566, #360, .T. ) ;
#4211 = CARTESIAN_POINT ( 'NONE',  ( 10.97997002584962800, 5.302254918693856567, -46.47374999973034448 ) ) ;
#4212 =( NAMED_UNIT ( * ) PLANE_ANGLE_UNIT ( ) SI_UNIT ( $, .RADIAN. ) );
#4213 = VERTEX_POINT ( 'NONE', #4515 ) ;
#4214 = CARTESIAN_POINT ( 'NONE',  ( 0.000000000000000000, 3.073713158996406964E-14, -140.1299999999999670 ) ) ;
#4215 = ORIENTED_EDGE ( 'NONE', *, *, #3435, .F. ) ;
#4216 = CARTESIAN_POINT ( 'NONE',  ( 1.012499999999962430, 7.087500000000000355, -110.3624999999999829 ) ) ;
#4217 = FILL_AREA_STYLE ('',( #5180 ) ) ;
#4218 = CIRCLE ( 'NONE', #4008, 10.12500000000000178 ) ;
#4219 = CARTESIAN_POINT ( 'NONE',  ( -5.973749999999992788, 3.085608286484817143E-16, -26.69249999999999901 ) ) ;
#4220 = EDGE_CURVE ( 'NONE', #803, #2248, #2253, .T. ) ;
#4221 = CARTESIAN_POINT ( 'NONE',  ( -1.943067173367874823, 19.30924649652229519, -83.71683204948783441 ) ) ;
#4222 = VERTEX_POINT ( 'NONE', #3100 ) ;
#4223 =( NAMED_UNIT ( * ) PLANE_ANGLE_UNIT ( ) SI_UNIT ( $, .RADIAN. ) );
#4224 = CARTESIAN_POINT ( 'NONE',  ( 2.446840192456303686, -2.939031273453998505, -90.61874994933317851 ) ) ;
#4225 = CARTESIAN_POINT ( 'NONE',  ( -7.796250000000000568, 21.97125000000000128, -40.70249999999999346 ) ) ;
#4226 =( NAMED_UNIT ( * ) SI_UNIT ( $, .STERADIAN. ) SOLID_ANGLE_UNIT ( ) );
#4227 = STYLED_ITEM ( 'NONE', ( #4352 ), #733 ) ;
#4228 = CARTESIAN_POINT ( 'NONE',  ( 10.12500000000000178, 29.16000000000004277, -36.39402376808405393 ) ) ;
#4229 = CARTESIAN_POINT ( 'NONE',  ( 3.246079154730839633, 27.91284361522007273, -46.47374989866631978 ) ) ;
#4230 = ORIENTED_EDGE ( 'NONE', *, *, #5784, .F. ) ;
#4231 =( GEOMETRIC_REPRESENTATION_CONTEXT ( 3 ) GLOBAL_UNCERTAINTY_ASSIGNED_CONTEXT ( ( #4105 ) ) GLOBAL_UNIT_ASSIGNED_CONTEXT ( ( #3876, #3407, #549 ) ) REPRESENTATION_CONTEXT ( 'NONE', 'WORKASPACE' ) );
#4232 = SURFACE_STYLE_USAGE ( .BOTH. , #5845 ) ;
#4233 = CARTESIAN_POINT ( 'NONE',  ( -10.12500000000003375, 18.02249999999999730, -95.03213518033507512 ) ) ;
#4234 = CARTESIAN_POINT ( 'NONE',  ( -9.163879777106645363, 21.89049640583966649, -92.78808130357838024 ) ) ;
#4235 = DIRECTION ( 'NONE',  ( 0.000000000000000000, 0.000000000000000000, 1.000000000000000000 ) ) ;
#4236 = SURFACE_STYLE_FILL_AREA ( #503 ) ;
#4237 = DIRECTION ( 'NONE',  ( 0.000000000000000000, -1.885568995626964780E-16, 1.000000000000000000 ) ) ;
#4238 = ORIENTED_EDGE ( 'NONE', *, *, #3556, .T. ) ;
#4239 = PRESENTATION_LAYER_ASSIGNMENT (  '', '', ( #942 ) ) ;
#4240 = SURFACE_STYLE_FILL_AREA ( #4781 ) ;
#4241 = CARTESIAN_POINT ( 'NONE',  ( -9.099871123248888694, 2.446374410472646144, -94.54104672802716891 ) ) ;
#4242 = SURFACE_STYLE_USAGE ( .BOTH. , #3269 ) ;
#4243 = PRESENTATION_LAYER_ASSIGNMENT (  '', '', ( #124 ) ) ;
#4244 = DIRECTION ( 'NONE',  ( 0.000000000000000000, -1.000000000000000000, 0.000000000000000000 ) ) ;
#4245 = ORIENTED_EDGE ( 'NONE', *, *, #4755, .T. ) ;
#4246 = SURFACE_STYLE_FILL_AREA ( #1329 ) ;
#4247 = VERTEX_POINT ( 'NONE', #5025 ) ;
#4248 = ADVANCED_FACE ( 'NONE', ( #4550 ), #248, .T. ) ;
#4249 = DIRECTION ( 'NONE',  ( 1.000000000000000000, 0.000000000000000000, 0.000000000000000000 ) ) ;
#4250 = VECTOR ( 'NONE', #1119, 1000.000000000000000 ) ;
#4251 = UNCERTAINTY_MEASURE_WITH_UNIT (LENGTH_MEASURE( 1.000000000000000082E-05 ), #1587, 'distance_accuracy_value', 'NONE');
#4252 = CARTESIAN_POINT ( 'NONE',  ( 0.6742935442334330176, 28.14749999999997954, -137.0924999999998875 ) ) ;
#4253 = CARTESIAN_POINT ( 'NONE',  ( -1.959582731528557886, 19.17165975436395442, -83.68023806316878677 ) ) ;
#4254 = PRESENTATION_LAYER_ASSIGNMENT (  '', '', ( #5592 ) ) ;
#4255 = MECHANICAL_DESIGN_GEOMETRIC_PRESENTATION_REPRESENTATION (  '', ( #4757 ), #854 ) ;
#4256 = ORIENTED_EDGE ( 'NONE', *, *, #1302, .F. ) ;
#4257 = DIRECTION ( 'NONE',  ( -1.000000000000000000, 0.000000000000000000, -0.000000000000000000 ) ) ;
#4258 = CARTESIAN_POINT ( 'NONE',  ( 2.227799725878738535, -4.049999999999996270, -96.05286042999637175 ) ) ;
#4259 = EDGE_CURVE ( 'NONE', #5829, #2328, #941, .T. ) ;
#4260 = FILL_AREA_STYLE_COLOUR ( '', #1707 ) ;
#4261 = PRODUCT ( 'RD_BACKUPLV3PROTOTYPEV4__Default__C9F33F7A5020', 'RD_BACKUPLV3PROTOTYPEV4__Default__C9F33F7A5020', '', ( #2756 ) ) ;
#4262 = CARTESIAN_POINT ( 'NONE',  ( 9.673224603496720420, -3.037499999999999645, -40.91732547439553969 ) ) ;
#4263 = CARTESIAN_POINT ( 'NONE',  ( 3.274065535898539547, 29.16000000000000014, -39.82790528917989548 ) ) ;
#4264 = CARTESIAN_POINT ( 'NONE',  ( 2.308688586928361541, 29.16000000000009251, -44.38883037974111545 ) ) ;
#4265 = MECHANICAL_DESIGN_GEOMETRIC_PRESENTATION_REPRESENTATION (  '', ( #459 ), #2945 ) ;
#4266 = VERTEX_POINT ( 'NONE', #3284 ) ;
#4267 = CARTESIAN_POINT ( 'NONE',  ( 6.567686363338145483, -4.049999999999973177, -37.34771208523952168 ) ) ;
#4268 = CARTESIAN_POINT ( 'NONE',  ( -9.275425907889534471, 3.095472376214861487, -43.51624445962212917 ) ) ;
#4269 = PRESENTATION_STYLE_ASSIGNMENT (( #1381 ) ) ;
#4270 = DIRECTION ( 'NONE',  ( -0.000000000000000000, -0.000000000000000000, -1.000000000000000000 ) ) ;
#4271 = MECHANICAL_DESIGN_GEOMETRIC_PRESENTATION_REPRESENTATION (  '', ( #4362 ), #154 ) ;
#4272 =( NAMED_UNIT ( * ) SI_UNIT ( $, .STERADIAN. ) SOLID_ANGLE_UNIT ( ) );
#4273 = ORIENTED_EDGE ( 'NONE', *, *, #138, .F. ) ;
#4274 = AXIS2_PLACEMENT_3D ( 'NONE', #4918, #1640, #5632 ) ;
#4275 = ORIENTED_EDGE ( 'NONE', *, *, #5022, .F. ) ;
#4276 =( NAMED_UNIT ( * ) SI_UNIT ( $, .STERADIAN. ) SOLID_ANGLE_UNIT ( ) );
#4277 = ORIENTED_EDGE ( 'NONE', *, *, #5347, .F. ) ;
#4278 = CARTESIAN_POINT ( 'NONE',  ( 1.392022295295467949, 29.16000000000000014, -95.17103858781223380 ) ) ;
#4279 =( GEOMETRIC_REPRESENTATION_CONTEXT ( 3 ) GLOBAL_UNCERTAINTY_ASSIGNED_CONTEXT ( ( #588 ) ) GLOBAL_UNIT_ASSIGNED_CONTEXT ( ( #5582, #2155, #4165 ) ) REPRESENTATION_CONTEXT ( 'NONE', 'WORKASPACE' ) );
#4280 = FACE_OUTER_BOUND ( 'NONE', #1391, .T. ) ;
#4281 = DIRECTION ( 'NONE',  ( 1.000000000000000000, -4.510281037539699678E-17, 0.000000000000000000 ) ) ;
#4282 = CARTESIAN_POINT ( 'NONE',  ( 1.041755643827490641, -4.050000000000006928, -42.06036480884825579 ) ) ;
#4283 =( GEOMETRIC_REPRESENTATION_CONTEXT ( 3 ) GLOBAL_UNCERTAINTY_ASSIGNED_CONTEXT ( ( #1435 ) ) GLOBAL_UNIT_ASSIGNED_CONTEXT ( ( #3014, #2005, #3047 ) ) REPRESENTATION_CONTEXT ( 'NONE', 'WORKASPACE' ) );
#4284 = FACE_OUTER_BOUND ( 'NONE', #242, .T. ) ;
#4285 = VERTEX_POINT ( 'NONE', #4673 ) ;
#4286 = CARTESIAN_POINT ( 'NONE',  ( 1.041755643829467948, -4.050000000000003375, -95.03213519115176666 ) ) ;
#4287 = STYLED_ITEM ( 'NONE', ( #1551 ), #5869 ) ;
#4288 = EDGE_CURVE ( 'NONE', #3866, #2835, #5745, .T. ) ;
#4289 = CARTESIAN_POINT ( 'NONE',  ( 1.528036435431674223, 29.16000000000000014, -41.81704936646091397 ) ) ;
#4290 = CARTESIAN_POINT ( 'NONE',  ( 6.497110340785194005, 29.16000000000022752, -44.56788078392264651 ) ) ;
#4291 = ORIENTED_EDGE ( 'NONE', *, *, #2740, .F. ) ;
#4292 = CARTESIAN_POINT ( 'NONE',  ( 1.012499999999961542, 7.087500000000000355, -113.4000000000000057 ) ) ;
#4293 =( NAMED_UNIT ( * ) PLANE_ANGLE_UNIT ( ) SI_UNIT ( $, .RADIAN. ) );
#4294 = EDGE_CURVE ( 'NONE', #1659, #2315, #4729, .T. ) ;
#4295 = LINE ( 'NONE', #6237, #1646 ) ;
#4296 = FACE_OUTER_BOUND ( 'NONE', #5053, .T. ) ;
#4297 = VERTEX_POINT ( 'NONE', #3350 ) ;
#4298 = CARTESIAN_POINT ( 'NONE',  ( -1.969916484885778640, 6.032302430086342149, -83.65719250319664013 ) ) ;
#4299 = FILL_AREA_STYLE_COLOUR ( '', #645 ) ;
#4300 = CARTESIAN_POINT ( 'NONE',  ( -7.796250000000000568, 21.97125000000000128, -96.39000000000000057 ) ) ;
#4301 = CARTESIAN_POINT ( 'NONE',  ( 0.3365111746360618383, 28.13056844628113851, 0.01693155371881460702 ) ) ;
#4302 = ORIENTED_EDGE ( 'NONE', *, *, #347, .T. ) ;
#4303 = SURFACE_SIDE_STYLE ('',( #4246 ) ) ;
#4304 = VERTEX_POINT ( 'NONE', #1832 ) ;
#4305 = CARTESIAN_POINT ( 'NONE',  ( 3.246079154732206096, 27.91284361521981694, -90.61875010133357478 ) ) ;
#4306 = UNCERTAINTY_MEASURE_WITH_UNIT (LENGTH_MEASURE( 1.000000000000000082E-05 ), #6064, 'distance_accuracy_value', 'NONE');
#4307 = SURFACE_STYLE_USAGE ( .BOTH. , #5368 ) ;
#4308 = CARTESIAN_POINT ( 'NONE',  ( 7.866043189547101910, 29.16000000000004277, -100.2365406577856817 ) ) ;
#4309 = ORIENTED_EDGE ( 'NONE', *, *, #892, .F. ) ;
#4310 = LINE ( 'NONE', #1888, #6130 ) ;
#4311 = CARTESIAN_POINT ( 'NONE',  ( 1.292717133357546011, -4.050000000000001599, -95.10783654508546192 ) ) ;
#4312 = CARTESIAN_POINT ( 'NONE',  ( 9.216894052448516561, -3.037499999999999645, -96.04233592934286889 ) ) ;
#4313 = PLANE ( 'NONE',  #6101 ) ;
#4314 = VECTOR ( 'NONE', #3885, 1000.000000000000000 ) ;
#4315 = LINE ( 'NONE', #6259, #5708 ) ;
#4316 = CARTESIAN_POINT ( 'NONE',  ( 3.722244480509456555, 27.78859768695674504, -46.47375006789352625 ) ) ;
#4317 = ORIENTED_EDGE ( 'NONE', *, *, #5549, .F. ) ;
#4318 = LINE ( 'NONE', #4857, #686 ) ;
#4319 =( GEOMETRIC_REPRESENTATION_CONTEXT ( 3 ) GLOBAL_UNCERTAINTY_ASSIGNED_CONTEXT ( ( #3982 ) ) GLOBAL_UNIT_ASSIGNED_CONTEXT ( ( #4160, #6224, #1863 ) ) REPRESENTATION_CONTEXT ( 'NONE', 'WORKASPACE' ) );
#4320 = EDGE_CURVE ( 'NONE', #5358, #5292, #5920, .T. ) ;
#4321 = CARTESIAN_POINT ( 'NONE',  ( -8.413206489391262366, 23.68825245514912936, -93.35255953110437588 ) ) ;
#4322 = PRESENTATION_STYLE_ASSIGNMENT (( #5719 ) ) ;
#4323 = CARTESIAN_POINT ( 'NONE',  ( -4.391018798566292958E-14, -1.228023479635042760E-14, -42.06036481966498997 ) ) ;
#4324 = ORIENTED_EDGE ( 'NONE', *, *, #2166, .F. ) ;
#4325 = DIRECTION ( 'NONE',  ( 0.000000000000000000, -1.000000000000000000, -2.344019796382526573E-16 ) ) ;
#4326 = EDGE_CURVE ( 'NONE', #3791, #712, #4315, .T. ) ;
#4327 = EDGE_CURVE ( 'NONE', #3564, #5958, #2950, .T. ) ;
#4328 = CARTESIAN_POINT ( 'NONE',  ( 1.012499999999961542, 7.087499999999992362, -26.69249999999999901 ) ) ;
#4329 = SURFACE_STYLE_FILL_AREA ( #60 ) ;
#4330 = CARTESIAN_POINT ( 'NONE',  ( -0.6006320760991238350, 1.899373968211980124, -51.17058944868745129 ) ) ;
#4331 = COLOUR_RGB ( '',0.1019607843137254888, 0.1019607843137254888, 0.1019607843137254888 ) ;
#4332 = ORIENTED_EDGE ( 'NONE', *, *, #5862, .T. ) ;
#4333 = LINE ( 'NONE', #3042, #915 ) ;
#4334 = CARTESIAN_POINT ( 'NONE',  ( 1.675682038082950021, 29.15999999999984027, -92.70786749693269257 ) ) ;
#4335 =( NAMED_UNIT ( * ) SI_UNIT ( $, .STERADIAN. ) SOLID_ANGLE_UNIT ( ) );
#4336 = PLANE ( 'NONE',  #2326 ) ;
#4337 = COLOUR_RGB ( '',0.1019607843137254888, 0.1019607843137254888, 0.1019607843137254888 ) ;
#4338 =( LENGTH_UNIT ( ) NAMED_UNIT ( * ) SI_UNIT ( .MILLI., .METRE. ) );
#4339 = DIRECTION ( 'NONE',  ( 0.000000000000000000, 1.885568995626965026E-16, -1.000000000000000000 ) ) ;
#4340 = ORIENTED_EDGE ( 'NONE', *, *, #2931, .T. ) ;
#4341 = CARTESIAN_POINT ( 'NONE',  ( 1.012499999999999956, 18.02250000000000085, 4.805530973150956219E-15 ) ) ;
#4342 = COLOUR_RGB ( '',0.1019607843137254888, 0.1019607843137254888, 0.1019607843137254888 ) ;
#4343 =( GEOMETRIC_REPRESENTATION_CONTEXT ( 3 ) GLOBAL_UNCERTAINTY_ASSIGNED_CONTEXT ( ( #3182 ) ) GLOBAL_UNIT_ASSIGNED_CONTEXT ( ( #467, #5811, #2867 ) ) REPRESENTATION_CONTEXT ( 'NONE', 'WORKASPACE' ) );
#4344 = CARTESIAN_POINT ( 'NONE',  ( 2.595112484799039443, -4.049999999999994493, -92.70048708671528459 ) ) ;
#4345 = CARTESIAN_POINT ( 'NONE',  ( -5.973749999999985683, 2.150000000000648726, -93.52499999999982094 ) ) ;
#4346 = MECHANICAL_DESIGN_GEOMETRIC_PRESENTATION_REPRESENTATION (  '', ( #4559 ), #5799 ) ;
#4347 = COLOUR_RGB ( '',0.1019607843137254888, 0.1019607843137254888, 0.1019607843137254888 ) ;
#4348 =( LENGTH_UNIT ( ) NAMED_UNIT ( * ) SI_UNIT ( .MILLI., .METRE. ) );
#4349 = CARTESIAN_POINT ( 'NONE',  ( 2.446840192436072314, 28.04903127345685121, -46.47375005066681553 ) ) ;
#4350 = VERTEX_POINT ( 'NONE', #880 ) ;
#4351 = DIRECTION ( 'NONE',  ( 0.000000000000000000, 1.000000000000000000, 0.000000000000000000 ) ) ;
#4352 = PRESENTATION_STYLE_ASSIGNMENT (( #1895 ) ) ;
#4353 = STYLED_ITEM ( 'NONE', ( #5059 ), #3751 ) ;
#4354 = UNCERTAINTY_MEASURE_WITH_UNIT (LENGTH_MEASURE( 1.000000000000000082E-05 ), #5550, 'distance_accuracy_value', 'NONE');
#4355 = DIRECTION ( 'NONE',  ( 1.000000000000000000, -4.510281037539689201E-17, -2.636779683484745304E-16 ) ) ;
#4356 = PLANE ( 'NONE',  #5697 ) ;
#4357 = AXIS2_PLACEMENT_3D ( 'NONE', #5820, #5328, #3799 ) ;
#4358 = FILL_AREA_STYLE_COLOUR ( '', #3460 ) ;
#4359 = EDGE_CURVE ( 'NONE', #1702, #2645, #2768, .T. ) ;
#4360 = ORIENTED_EDGE ( 'NONE', *, *, #2145, .F. ) ;
#4361 = CARTESIAN_POINT ( 'NONE',  ( -1.963349866948460587, 5.971810668534631716, -83.67184919329571358 ) ) ;
#4362 = STYLED_ITEM ( 'NONE', ( #5254 ), #4248 ) ;
#4363 =( LENGTH_UNIT ( ) NAMED_UNIT ( * ) SI_UNIT ( .MILLI., .METRE. ) );
#4364 = ADVANCED_FACE ( 'NONE', ( #6228 ), #4765, .F. ) ;
#4365 = MECHANICAL_DESIGN_GEOMETRIC_PRESENTATION_REPRESENTATION (  '', ( #3563 ), #3266 ) ;
#4366 = ORIENTED_EDGE ( 'NONE', *, *, #1238, .T. ) ;
#4367 = CARTESIAN_POINT ( 'NONE',  ( -5.973749999999990123, 22.19517506373316706, -101.8999999999999915 ) ) ;
#4368 = CARTESIAN_POINT ( 'NONE',  ( 6.712246415324649718, 26.41341458229367589, -90.61875006458505766 ) ) ;
#4369 = LINE ( 'NONE', #5734, #528 ) ;
#4370 =( NAMED_UNIT ( * ) PLANE_ANGLE_UNIT ( ) SI_UNIT ( $, .RADIAN. ) );
#4371 = PRESENTATION_LAYER_ASSIGNMENT (  '', '', ( #3471 ) ) ;
#4372 =( NAMED_UNIT ( * ) SI_UNIT ( $, .STERADIAN. ) SOLID_ANGLE_UNIT ( ) );
#4373 = EDGE_CURVE ( 'NONE', #539, #6267, #1581, .T. ) ;
#4374 = DIRECTION ( 'NONE',  ( -0.000000000000000000, 1.000000000000000000, 0.000000000000000000 ) ) ;
#4375 = ORIENTED_EDGE ( 'NONE', *, *, #2625, .T. ) ;
#4376 = FILL_AREA_STYLE ('',( #3995 ) ) ;
#4377 = CARTESIAN_POINT ( 'NONE',  ( 10.62499999999999822, -3.421980026675463638, -97.12819465152927023 ) ) ;
#4378 = CARTESIAN_POINT ( 'NONE',  ( 0.000000000000000000, 1.580766767483863887E-14, 3.037499999999999645 ) ) ;
#4379 = DIRECTION ( 'NONE',  ( 0.000000000000000000, -5.595882180570350110E-16, 1.000000000000000000 ) ) ;
#4380 = MECHANICAL_DESIGN_GEOMETRIC_PRESENTATION_REPRESENTATION (  '', ( #1962 ), #2983 ) ;
#4381 = AXIS2_PLACEMENT_3D ( 'NONE', #1363, #2295, #870 ) ;
#4382 = SURFACE_STYLE_FILL_AREA ( #2926 ) ;
#4383 =( NAMED_UNIT ( * ) SI_UNIT ( $, .STERADIAN. ) SOLID_ANGLE_UNIT ( ) );
#4384 = ORIENTED_EDGE ( 'NONE', *, *, #5280, .F. ) ;
#4385 =( NAMED_UNIT ( * ) PLANE_ANGLE_UNIT ( ) SI_UNIT ( $, .RADIAN. ) );
#4386 = DIRECTION ( 'NONE',  ( 0.000000000000000000, 0.000000000000000000, -1.000000000000000000 ) ) ;
#4387 = CARTESIAN_POINT ( 'NONE',  ( 1.925071415036229139, -4.049999999999998046, -95.69018885849688161 ) ) ;
#4388 = DIRECTION ( 'NONE',  ( -1.000000000000000000, -6.071532165918857963E-15, -1.144829280800842736E-30 ) ) ;
#4389 = CARTESIAN_POINT ( 'NONE',  ( -7.578847391416579704, 25.10999999999999588, -23.69249999999999901 ) ) ;
#4390 = FACE_BOUND ( 'NONE', #2742, .T. ) ;
#4391 = DIRECTION ( 'NONE',  ( 0.000000000000000000, 1.000000000000000000, 2.252887631138709814E-16 ) ) ;
#4392 = EDGE_LOOP ( 'NONE', ( #2215, #2853, #5248, #1643 ) ) ;
#4393 = CARTESIAN_POINT ( 'NONE',  ( -1.785245042211758726, 4.897159500295145129, -84.04691001559288566 ) ) ;
#4394 = ADVANCED_FACE ( 'NONE', ( #3931 ), #4441, .T. ) ;
#4395 = LINE ( 'NONE', #5003, #5576 ) ;
#4396 = CARTESIAN_POINT ( 'NONE',  ( 6.864914931997457614, 28.14749999999999375, -42.47419224068928401 ) ) ;
#4397 = CARTESIAN_POINT ( 'NONE',  ( 0.4589800411190219642, 0.4370079732932437566, -49.92856646093513717 ) ) ;
#4398 = VERTEX_POINT ( 'NONE', #2550 ) ;
#4399 = CARTESIAN_POINT ( 'NONE',  ( -9.112499999999998934, -9.952631280260221957E-14, -110.3624999999999829 ) ) ;
#4400 = ADVANCED_FACE ( 'NONE', ( #1032 ), #4164, .T. ) ;
#4401 = DIRECTION ( 'NONE',  ( 1.000000000000000000, -3.212450881438532241E-16, 0.000000000000000000 ) ) ;
#4402 = CARTESIAN_POINT ( 'NONE',  ( 1.157216739054487853, -4.050000000000004263, -42.03992321244376740 ) ) ;
#4403 = SURFACE_SIDE_STYLE ('',( #1147 ) ) ;
#4404 = ORIENTED_EDGE ( 'NONE', *, *, #734, .T. ) ;
#4405 = PRESENTATION_STYLE_ASSIGNMENT (( #2477 ) ) ;
#4406 = CARTESIAN_POINT ( 'NONE',  ( -7.796250000000000568, -3.758395519461499596E-15, -96.39000000000000057 ) ) ;
#4407 = CARTESIAN_POINT ( 'NONE',  ( 8.581594678379969920, -3.037499999999999201, -95.77513999881091422 ) ) ;
#4408 = FILL_AREA_STYLE ('',( #3053 ) ) ;
#4409 = EDGE_CURVE ( 'NONE', #157, #1356, #4628, .T. ) ;
#4410 = SURFACE_SIDE_STYLE ('',( #5774 ) ) ;
#4411 = CARTESIAN_POINT ( 'NONE',  ( 11.03219711801343017, 19.48269491428425582, -46.47374999991203026 ) ) ;
#4412 = VERTEX_POINT ( 'NONE', #802 ) ;
#4413 = CARTESIAN_POINT ( 'NONE',  ( 10.62500000000000000, 29.07345230499048228, -99.16834132042960448 ) ) ;
#4414 = DIRECTION ( 'NONE',  ( -6.071532165918857963E-15, 1.000000000000000000, 0.000000000000000000 ) ) ;
#4415 = CARTESIAN_POINT ( 'NONE',  ( 2.369239150974359998, -4.049999999999995381, -96.22025408137884028 ) ) ;
#4416 = DIRECTION ( 'NONE',  ( 0.000000000000000000, -1.000000000000000000, 0.000000000000000000 ) ) ;
#4417 = SURFACE_STYLE_USAGE ( .BOTH. , #2488 ) ;
#4418 = LINE ( 'NONE', #115, #5505 ) ;
#4419 = ORIENTED_EDGE ( 'NONE', *, *, #376, .F. ) ;
#4420 = COLOUR_RGB ( '',0.1019607843137254888, 0.1019607843137254888, 0.1019607843137254888 ) ;
#4421 = CARTESIAN_POINT ( 'NONE',  ( -1.037919749040576489, 22.39081614366959627, -51.77749546160300298 ) ) ;
#4422 = CARTESIAN_POINT ( 'NONE',  ( -1.798071630685379674, 4.955645716527068423, -84.02126426257751746 ) ) ;
#4423 = LINE ( 'NONE', #2530, #3538 ) ;
#4424 = VECTOR ( 'NONE', #5187, 1000.000000000000114 ) ;
#4425 = FILL_AREA_STYLE_COLOUR ( '', #5170 ) ;
#4426 = SURFACE_SIDE_STYLE ('',( #2975 ) ) ;
#4427 = CARTESIAN_POINT ( 'NONE',  ( -1.046753201890213036, 2.744596220409829535, -51.79280049338065339 ) ) ;
#4428 = ORIENTED_EDGE ( 'NONE', *, *, #5673, .T. ) ;
#4429 = ORIENTED_EDGE ( 'NONE', *, *, #5306, .F. ) ;
#4430 = MECHANICAL_DESIGN_GEOMETRIC_PRESENTATION_REPRESENTATION (  '', ( #5877 ), #5454 ) ;
#4431 = CARTESIAN_POINT ( 'NONE',  ( -7.796249999999989910, 11.43500000000000050, -101.8239397116732761 ) ) ;
#4432 = CARTESIAN_POINT ( 'NONE',  ( 1.697147183542805360, -4.050000000000002487, -41.65425124088987729 ) ) ;
#4433 = VECTOR ( 'NONE', #4170, 1000.000000000000000 ) ;
#4434 = PRESENTATION_STYLE_ASSIGNMENT (( #2072 ) ) ;
#4435 = ORIENTED_EDGE ( 'NONE', *, *, #4220, .T. ) ;
#4436 = EDGE_CURVE ( 'NONE', #420, #3705, #2233, .T. ) ;
#4437 =( LENGTH_UNIT ( ) NAMED_UNIT ( * ) SI_UNIT ( .MILLI., .METRE. ) );
#4438 = CARTESIAN_POINT ( 'NONE',  ( 10.67633700754881509, -4.049999999997730527, -91.26913246777920108 ) ) ;
#4439 = DIRECTION ( 'NONE',  ( 0.000000000000000000, -1.000000000000000000, -1.885568995626964780E-16 ) ) ;
#4440 = AXIS2_PLACEMENT_3D ( 'NONE', #618, #3415, #4926 ) ;
#4441 = PLANE ( 'NONE',  #2048 ) ;
#4442 =( GEOMETRIC_REPRESENTATION_CONTEXT ( 3 ) GLOBAL_UNCERTAINTY_ASSIGNED_CONTEXT ( ( #1647 ) ) GLOBAL_UNIT_ASSIGNED_CONTEXT ( ( #1219, #4098, #5579 ) ) REPRESENTATION_CONTEXT ( 'NONE', 'WORKASPACE' ) );
#4443 = ADVANCED_FACE ( 'NONE', ( #1156 ), #5210, .T. ) ;
#4444 = CARTESIAN_POINT ( 'NONE',  ( 9.275647114868347032, 29.16000000000003922, -36.49957854212913588 ) ) ;
#4445 = ORIENTED_EDGE ( 'NONE', *, *, #4436, .T. ) ;
#4446 = FILL_AREA_STYLE_COLOUR ( '', #110 ) ;
#4447 = DIRECTION ( 'NONE',  ( -1.000000000000000000, 3.212450881438532734E-16, 0.000000000000000000 ) ) ;
#4448 = VECTOR ( 'NONE', #1173, 1000.000000000000000 ) ;
#4449 = STYLED_ITEM ( 'NONE', ( #5215 ), #2317 ) ;
#4450 = CARTESIAN_POINT ( 'NONE',  ( -0.07736946844386016764, 23.99321838109661442, -86.56311682805298346 ) ) ;
#4451 = DIRECTION ( 'NONE',  ( 0.000000000000000000, 1.000000000000000000, 0.000000000000000000 ) ) ;
#4452 = DIRECTION ( 'NONE',  ( -0.000000000000000000, 1.000000000000000000, 0.000000000000000000 ) ) ;
#4453 = EDGE_CURVE ( 'NONE', #4569, #6202, #4717, .T. ) ;
#4454 = CARTESIAN_POINT ( 'NONE',  ( 0.000000000000000000, 28.14749999999999375, -140.1299999999999670 ) ) ;
#4455 = PRESENTATION_LAYER_ASSIGNMENT (  '', '', ( #958 ) ) ;
#4456 = AXIS2_PLACEMENT_3D ( 'NONE', #4, #1429, #4401 ) ;
#4457 = ORIENTED_EDGE ( 'NONE', *, *, #5077, .T. ) ;
#4458 = CARTESIAN_POINT ( 'NONE',  ( -2.019891361818024311, 18.39622708673927676, -53.54902813464050837 ) ) ;
#4459 = CARTESIAN_POINT ( 'NONE',  ( -5.973749999999999893, 3.138750000000156692, -137.0924999999999727 ) ) ;
#4460 = DIRECTION ( 'NONE',  ( 0.000000000000000000, 0.000000000000000000, 1.000000000000000000 ) ) ;
#4461 = AXIS2_PLACEMENT_3D ( 'NONE', #767, #3108, #5652 ) ;
#4462 = CARTESIAN_POINT ( 'NONE',  ( -8.026262014236273501, 22.58500000000000085, -90.61874999999999147 ) ) ;
#4463 =( NAMED_UNIT ( * ) PLANE_ANGLE_UNIT ( ) SI_UNIT ( $, .RADIAN. ) );
#4464 = CARTESIAN_POINT ( 'NONE',  ( -1.721866900144439994, 4.626557060678974764, -52.92087795451776344 ) ) ;
#4465 = ORIENTED_EDGE ( 'NONE', *, *, #471, .F. ) ;
#4466 = COLOUR_RGB ( '',0.1019607843137254888, 0.1019607843137254888, 0.1019607843137254888 ) ;
#4467 = DIRECTION ( 'NONE',  ( -6.938893903907279222E-18, 1.000000000000000000, 0.000000000000000000 ) ) ;
#4468 =( NAMED_UNIT ( * ) SI_UNIT ( $, .STERADIAN. ) SOLID_ANGLE_UNIT ( ) );
#4469 = DIRECTION ( 'NONE',  ( 0.000000000000000000, 0.000000000000000000, 1.000000000000000000 ) ) ;
#4470 = CARTESIAN_POINT ( 'NONE',  ( 6.497110340786370841, -4.049999999999773337, -44.56788078392262520 ) ) ;
#4471 = AXIS2_PLACEMENT_3D ( 'NONE', #6010, #2246, #719 ) ;
#4472 = ORIENTED_EDGE ( 'NONE', *, *, #2903, .F. ) ;
#4473 = CARTESIAN_POINT ( 'NONE',  ( 9.683029876858435969, 1.838585689252648647, -90.61875001173795852 ) ) ;
#4474 = DIRECTION ( 'NONE',  ( -1.000000000000000000, 3.212450881438532241E-16, -0.000000000000000000 ) ) ;
#4475 = FILL_AREA_STYLE ('',( #238 ) ) ;
#4476 = COLOUR_RGB ( '',0.1019607843137254888, 0.1019607843137254888, 0.1019607843137254888 ) ;
#4477 =( NAMED_UNIT ( * ) SI_UNIT ( $, .STERADIAN. ) SOLID_ANGLE_UNIT ( ) );
#4478 = CARTESIAN_POINT ( 'NONE',  ( 8.375829477255022582, 29.16000000000003212, -36.70262605864714800 ) ) ;
#4479 = VERTEX_POINT ( 'NONE', #4663 ) ;
#4480 = DIRECTION ( 'NONE',  ( -1.000000000000000000, 0.000000000000000000, 0.000000000000000000 ) ) ;
#4481 = EDGE_CURVE ( 'NONE', #1792, #3059, #6208, .T. ) ;
#4482 = CARTESIAN_POINT ( 'NONE',  ( -0.2012159006386841364, 23.81952063503561945, -86.41646474552231894 ) ) ;
#4483 = DIRECTION ( 'NONE',  ( -0.000000000000000000, 0.7071067811865461294, 0.7071067811865490160 ) ) ;
#4484 = SURFACE_STYLE_FILL_AREA ( #2558 ) ;
#4485 = COLOUR_RGB ( '',0.1019607843137254888, 0.1019607843137254888, 0.1019607843137254888 ) ;
#4486 = EDGE_LOOP ( 'NONE', ( #3772, #2524, #2884, #1129 ) ) ;
#4487 = CARTESIAN_POINT ( 'NONE',  ( -1.212050083890472862, 21.99809421856076952, -52.04332626211927249 ) ) ;
#4488 =( NAMED_UNIT ( * ) PLANE_ANGLE_UNIT ( ) SI_UNIT ( $, .RADIAN. ) );
#4489 = FILL_AREA_STYLE_COLOUR ( '', #1521 ) ;
#4490 = EDGE_CURVE ( 'NONE', #280, #1274, #1850, .T. ) ;
#4491 = CARTESIAN_POINT ( 'NONE',  ( 0.000000000000000000, 3.073713158996406964E-14, -140.1299999999999670 ) ) ;
#4492 = PRESENTATION_LAYER_ASSIGNMENT (  '', '', ( #994 ) ) ;
#4493 = CARTESIAN_POINT ( 'NONE',  ( 1.012499999999961542, -3.037499999999999645, -113.4000000000000057 ) ) ;
#4494 = CARTESIAN_POINT ( 'NONE',  ( -1.902742823100817215, 5.516187898687596736, -53.28796885364022273 ) ) ;
#4495 = VERTEX_POINT ( 'NONE', #5474 ) ;
#4496 = ORIENTED_EDGE ( 'NONE', *, *, #5793, .T. ) ;
#4497 = PRESENTATION_LAYER_ASSIGNMENT (  '', '', ( #3790 ) ) ;
#4498 = DIRECTION ( 'NONE',  ( 0.000000000000000000, 0.000000000000000000, -1.000000000000000000 ) ) ;
#4499 = PRESENTATION_STYLE_ASSIGNMENT (( #4942 ) ) ;
#4500 = CARTESIAN_POINT ( 'NONE',  ( 7.614788988104498557, -4.050000000000069100, -44.70744974048381692 ) ) ;
#4501 = ORIENTED_EDGE ( 'NONE', *, *, #534, .F. ) ;
#4502 =( NAMED_UNIT ( * ) SI_UNIT ( $, .STERADIAN. ) SOLID_ANGLE_UNIT ( ) );
#4503 = CARTESIAN_POINT ( 'NONE',  ( 10.62500000000000000, -3.037499999999999645, -96.25054039609395318 ) ) ;
#4504 = FACE_OUTER_BOUND ( 'NONE', #523, .T. ) ;
#4505 = SURFACE_STYLE_FILL_AREA ( #5933 ) ;
#4506 =( LENGTH_UNIT ( ) NAMED_UNIT ( * ) SI_UNIT ( .MILLI., .METRE. ) );
#4507 = CARTESIAN_POINT ( 'NONE',  ( -5.973749999999999893, 10.93500000000000050, -110.3624999999999829 ) ) ;
#4508 = SURFACE_SIDE_STYLE ('',( #5967 ) ) ;
#4509 = ORIENTED_EDGE ( 'NONE', *, *, #4100, .T. ) ;
#4510 =( NAMED_UNIT ( * ) PLANE_ANGLE_UNIT ( ) SI_UNIT ( $, .RADIAN. ) );
#4511 = CARTESIAN_POINT ( 'NONE',  ( 1.012499999999961542, -4.050000000000002487, -95.03213518033500407 ) ) ;
#4512 = FACE_OUTER_BOUND ( 'NONE', #790, .T. ) ;
#4513 = FILL_AREA_STYLE_COLOUR ( '', #5057 ) ;
#4514 = LINE ( 'NONE', #558, #351 ) ;
#4515 = CARTESIAN_POINT ( 'NONE',  ( -7.796250000000000568, 10.93500000000000050, -110.3624999999999829 ) ) ;
#4516 = DIRECTION ( 'NONE',  ( -1.000000000000000000, -0.000000000000000000, -0.000000000000000000 ) ) ;
#4517 = EDGE_LOOP ( 'NONE', ( #4768, #1216, #3888, #2566 ) ) ;
#4518 = EDGE_CURVE ( 'NONE', #4350, #4213, #2580, .T. ) ;
#4519 = CARTESIAN_POINT ( 'NONE',  ( -1.993976947953117307, 18.82470720899132033, -53.48944654101298113 ) ) ;
#4520 =( LENGTH_UNIT ( ) NAMED_UNIT ( * ) SI_UNIT ( .MILLI., .METRE. ) );
#4521 = CARTESIAN_POINT ( 'NONE',  ( 9.684320183276996730, 29.15999999999841208, -91.85120925540145720 ) ) ;
#4522 = SURFACE_STYLE_FILL_AREA ( #4970 ) ;
#4523 = CARTESIAN_POINT ( 'NONE',  ( 10.12500000000000000, -4.049999999999950973, -37.16650842017332224 ) ) ;
#4524 = CARTESIAN_POINT ( 'NONE',  ( -3.688455790795686084E-14, 7.087499999999996803, -95.03213518033500407 ) ) ;
#4525 = VECTOR ( 'NONE', #1778, 1000.000000000000000 ) ;
#4526 = PRESENTATION_STYLE_ASSIGNMENT (( #5922 ) ) ;
#4527 = EDGE_LOOP ( 'NONE', ( #3158, #3096, #3500, #905 ) ) ;
#4528 = EDGE_CURVE ( 'NONE', #3265, #3564, #4063, .T. ) ;
#4529 = EDGE_CURVE ( 'NONE', #2098, #48, #1070, .T. ) ;
#4530 = FILL_AREA_STYLE ('',( #2068 ) ) ;
#4531 = AXIS2_PLACEMENT_3D ( 'NONE', #3716, #785, #5675 ) ;
#4532 = CARTESIAN_POINT ( 'NONE',  ( 5.789210545704364996, -4.050000000000025580, -44.50732394029996897 ) ) ;
#4533 = DIRECTION ( 'NONE',  ( 1.000000000000000000, 0.000000000000000000, 0.000000000000000000 ) ) ;
#4534 = ORIENTED_EDGE ( 'NONE', *, *, #4288, .F. ) ;
#4535 = EDGE_CURVE ( 'NONE', #5218, #2665, #5506, .T. ) ;
#4536 = CARTESIAN_POINT ( 'NONE',  ( 31.87499999999997868, 22.64999999999886526, -42.99999999999656808 ) ) ;
#4537 = DIRECTION ( 'NONE',  ( 0.000000000000000000, -1.000000000000000000, 0.000000000000000000 ) ) ;
#4538 =( NAMED_UNIT ( * ) SI_UNIT ( $, .STERADIAN. ) SOLID_ANGLE_UNIT ( ) );
#4539 = ORIENTED_EDGE ( 'NONE', *, *, #5683, .F. ) ;
#4540 = DIRECTION ( 'NONE',  ( -2.775557561562890365E-16, 0.000000000000000000, 1.000000000000000000 ) ) ;
#4541 = B_SPLINE_CURVE_WITH_KNOTS ( 'NONE', 3,
 ( #3235, #6171, #1811, #324, #4145, #2200, #1297, #6080, #2261, #3701 ),
 .UNSPECIFIED., .F., .F.,
 ( 4, 2, 2, 2, 4 ),
 ( 0.000000000000000000, 0.001948074037470622685, 0.002922111056205930774, 0.003409129565573579181, 0.003896148074941227155 ),
 .UNSPECIFIED. ) ;
#4542 = ORIENTED_EDGE ( 'NONE', *, *, #4801, .F. ) ;
#4543 = FILL_AREA_STYLE ('',( #304 ) ) ;
#4544 = DIRECTION ( 'NONE',  ( -0.000000000000000000, 1.885568995626964780E-16, -1.000000000000000000 ) ) ;
#4545 = FILL_AREA_STYLE ('',( #1680 ) ) ;
#4546 = LINE ( 'NONE', #3567, #2429 ) ;
#4547 = AXIS2_PLACEMENT_3D ( 'NONE', #1418, #1533, #3070 ) ;
#4548 =( GEOMETRIC_REPRESENTATION_CONTEXT ( 3 ) GLOBAL_UNCERTAINTY_ASSIGNED_CONTEXT ( ( #153 ) ) GLOBAL_UNIT_ASSIGNED_CONTEXT ( ( #6141, #1660, #1295 ) ) REPRESENTATION_CONTEXT ( 'NONE', 'WORKASPACE' ) );
#4549 = PLANE ( 'NONE',  #5486 ) ;
#4550 = FACE_OUTER_BOUND ( 'NONE', #456, .T. ) ;
#4551 =( LENGTH_UNIT ( ) NAMED_UNIT ( * ) SI_UNIT ( .MILLI., .METRE. ) );
#4552 = VERTEX_POINT ( 'NONE', #1325 ) ;
#4553 = CARTESIAN_POINT ( 'NONE',  ( 10.12500000000000000, 29.16000000000003922, -37.16643538402556146 ) ) ;
#4554 = SURFACE_SIDE_STYLE ('',( #1170 ) ) ;
#4555 = UNCERTAINTY_MEASURE_WITH_UNIT (LENGTH_MEASURE( 1.000000000000000082E-05 ), #2227, 'distance_accuracy_value', 'NONE');
#4556 = CARTESIAN_POINT ( 'NONE',  ( -8.472619925441142286, 23.85999999999999588, -38.02105177986489792 ) ) ;
#4557 = EDGE_CURVE ( 'NONE', #2655, #5297, #5110, .T. ) ;
#4558 = CARTESIAN_POINT ( 'NONE',  ( 10.62500000000000000, -4.049999999999950973, -37.16650842017332224 ) ) ;
#4559 = STYLED_ITEM ( 'NONE', ( #1937 ), #3409 ) ;
#4560 = CARTESIAN_POINT ( 'NONE',  ( 10.12500000000000000, 28.14749999999999375, -40.84195960390618296 ) ) ;
#4561 = CARTESIAN_POINT ( 'NONE',  ( -1.952280980578909864, 5.875855401509348930, -53.39604570965981623 ) ) ;
#4562 = ORIENTED_EDGE ( 'NONE', *, *, #1405, .F. ) ;
#4563 = CARTESIAN_POINT ( 'NONE',  ( 1.012499999999961542, 29.15999999999999659, -113.4000000000000057 ) ) ;
#4564 = LINE ( 'NONE', #2667, #5997 ) ;
#4565 = CARTESIAN_POINT ( 'NONE',  ( -8.455272690743202091, 1.851289500754337514, -92.50975492229434849 ) ) ;
#4566 = ADVANCED_FACE ( 'NONE', ( #1791 ), #3238, .T. ) ;
#4567 = CARTESIAN_POINT ( 'NONE',  ( 10.70601442737302911, 4.140718317844403806, -46.47374999741074220 ) ) ;
#4568 = VECTOR ( 'NONE', #5355, 1000.000000000000000 ) ;
#4569 = VERTEX_POINT ( 'NONE', #5334 ) ;
#4570 = CARTESIAN_POINT ( 'NONE',  ( 8.099999999999999645, -3.037499999999999645, -46.47375000000000256 ) ) ;
#4571 = FILL_AREA_STYLE_COLOUR ( '', #3394 ) ;
#4572 = CARTESIAN_POINT ( 'NONE',  ( -5.973749999999999893, 22.58500000000000085, -102.2625000000000028 ) ) ;
#4573 = DIRECTION ( 'NONE',  ( -0.000000000000000000, 0.7071067811865510144, 0.7071067811865441310 ) ) ;
#4574 = EDGE_CURVE ( 'NONE', #4222, #2655, #2651, .T. ) ;
#4575 = ORIENTED_EDGE ( 'NONE', *, *, #1458, .F. ) ;
#4576 = DIRECTION ( 'NONE',  ( -1.000000000000000000, 0.000000000000000000, 0.000000000000000000 ) ) ;
#4577 = ORIENTED_EDGE ( 'NONE', *, *, #3404, .F. ) ;
#4578 = FILL_AREA_STYLE_COLOUR ( '', #2281 ) ;
#4579 = SURFACE_STYLE_FILL_AREA ( #176 ) ;
#4580 = SURFACE_SIDE_STYLE ('',( #2151 ) ) ;
#4581 = CARTESIAN_POINT ( 'NONE',  ( -9.147593503506774582, 22.58500000000000085, -90.61874999999999147 ) ) ;
#4582 = FILL_AREA_STYLE ('',( #2154 ) ) ;
#4583 = SURFACE_STYLE_USAGE ( .BOTH. , #374 ) ;
#4584 = ORIENTED_EDGE ( 'NONE', *, *, #886, .F. ) ;
#4585 = STYLED_ITEM ( 'NONE', ( #3562 ), #5148 ) ;
#4586 = CARTESIAN_POINT ( 'NONE',  ( 0.000000000000000000, 28.09674780070452726, -113.4000000000000057 ) ) ;
#4587 = CARTESIAN_POINT ( 'NONE',  ( 10.67633700755093429, 29.15999999999925052, -91.26913246778249800 ) ) ;
#4588 = CARTESIAN_POINT ( 'NONE',  ( -7.943978990377710936, 23.85999999999999588, -36.60913018508944106 ) ) ;
#4589 = SURFACE_STYLE_USAGE ( .BOTH. , #823 ) ;
#4590 = PRESENTATION_LAYER_ASSIGNMENT (  '', '', ( #1962 ) ) ;
#4591 = STYLED_ITEM ( 'NONE', ( #3962 ), #5390 ) ;
#4592 =( BOUNDED_SURFACE ( )  B_SPLINE_SURFACE ( 3, 2, ( 
 ( #3101, #3661, #311 ),
 ( #720, #2617, #4072 ),
 ( #6096, #1286, #3191 ),
 ( #5126, #816, #435 ),
 ( #2338, #881, #4349 ),
 ( #4730, #4264, #4229 ),
 ( #46, #5813, #4316 ),
 ( #3255, #497, #1955 ),
 ( #2398, #3381, #2896 ),
 ( #3316, #3285, #2373 ),
 ( #1438, #4802, #1867 ),
 ( #13, #2769, #981 ),
 ( #5746, #6230, #5222 ),
 ( #5321, #4766, #3351 ),
 ( #4826, #3789, #1009 ),
 ( #2833, #468, #1403 ),
 ( #5681, #522, #5255 ),
 ( #5192, #2425, #1344 ),
 ( #943, #4290, #908 ),
 ( #4704, #5290, #1466 ),
 ( #6260, #2798, #1893 ),
 ( #3818, #405, #2305 ),
 ( #5775, #2870, #6191 ),
 ( #1833, #3758, #1925 ),
 ( #5711, #3852, #1375 ),
 ( #4955, #1608, #1157 ),
 ( #1549, #1519, #613 ),
 ( #5937, #3023, #106 ),
 ( #647, #1033, #5437 ),
 ( #3933, #4889, #3439 ),
 ( #3531, #2991, #1582 ),
 ( #3057, #583, #5476 ),
 ( #1095, #2551, #683 ),
 ( #2481, #4990, #4411 ),
 ( #4478, #2081, #2512 ),
 ( #4444, #1064, #1493 ),
 ( #5409, #2015, #2581 ),
 ( #1122, #4919, #172 ) ),
 .UNSPECIFIED., .F., .F., .F. ) 
 B_SPLINE_SURFACE_WITH_KNOTS ( ( 4, 2, 2, 2, 2, 2, 2, 2, 2, 2, 2, 2, 2, 2, 2, 2, 2, 2, 4 ),
 ( 3, 3 ),
 ( 0.01803614591985415808, 0.01812300996936208608, 0.01820987401887001061, 0.01838360211788586662, 0.01847046616739379116, 0.01855733021690171916, 0.01873105831591757170, 0.01907851451394927678, 0.01942597071198098185, 0.01977342691001268693, 0.02012088310804439201, 0.02081579550410780216, 0.02151070790017121231, 0.02220562029623462247, 0.02359544508836144278, 0.02498526988048826308, 0.02637509467261508339, 0.02776491946474190370, 0.02915474425686872401 ),
 ( 0.000000000000000000, 1.000000000000000000 ),
 .UNSPECIFIED. ) 
 GEOMETRIC_REPRESENTATION_ITEM ( )  RATIONAL_B_SPLINE_SURFACE ( (
 ( 1.000000000000000000, 0.9746794344808941135, 1.000000000000000000),
 ( 1.000000000000000000, 0.9746799479852629178, 1.000000000000000000),
 ( 1.000000000000000000, 0.9743568196694328831, 1.000000000000000000),
 ( 1.000000000000000000, 0.9731141381503135568, 1.000000000000000000),
 ( 1.000000000000000000, 0.9721824285868081450, 1.000000000000000000),
 ( 1.000000000000000000, 0.9687194485353632922, 1.000000000000000000),
 ( 1.000000000000000000, 0.9655513060546542237, 1.000000000000000000),
 ( 1.000000000000000000, 0.9601634611580228684, 1.000000000000000000),
 ( 1.000000000000000000, 0.9582586981073072385, 1.000000000000000000),
 ( 1.000000000000000000, 0.9543671507068985926, 1.000000000000000000),
 ( 1.000000000000000000, 0.9523716756011901818, 1.000000000000000000),
 ( 1.000000000000000000, 0.9463063569838333633, 1.000000000000000000),
 ( 1.000000000000000000, 0.9421616744664107479, 1.000000000000000000),
 ( 1.000000000000000000, 0.9297497655257680460, 1.000000000000000000),
 ( 1.000000000000000000, 0.9215223295673440340, 1.000000000000000000),
 ( 1.000000000000000000, 0.9058000326082873421, 1.000000000000000000),
 ( 1.000000000000000000, 0.8982849355800661684, 1.000000000000000000),
 ( 1.000000000000000000, 0.8840834982022935939, 1.000000000000000000),
 ( 1.000000000000000000, 0.8773909257624886715, 1.000000000000000000),
 ( 1.000000000000000000, 0.8647921572181546113, 1.000000000000000000),
 ( 1.000000000000000000, 0.8588839873657589941, 1.000000000000000000),
 ( 1.000000000000000000, 0.8422167834826752575, 1.000000000000000000),
 ( 1.000000000000000000, 0.8325102047506269809, 1.000000000000000000),
 ( 1.000000000000000000, 0.8152246893039680753, 1.000000000000000000),
 ( 1.000000000000000000, 0.8076429853543033444, 1.000000000000000000),
 ( 1.000000000000000000, 0.7940519269257299007, 1.000000000000000000),
 ( 1.000000000000000000, 0.7880434873699270204, 1.000000000000000000),
 ( 1.000000000000000000, 0.7717756809104542315, 1.000000000000000000),
 ( 1.000000000000000000, 0.7632188848040289963, 1.000000000000000000),
 ( 1.000000000000000000, 0.7490171115735123619, 1.000000000000000000),
 ( 1.000000000000000000, 0.7433321590432623305, 1.000000000000000000),
 ( 1.000000000000000000, 0.7336101691056534646, 1.000000000000000000),
 ( 1.000000000000000000, 0.7295865456048090669, 1.000000000000000000),
 ( 1.000000000000000000, 0.7225791767270267618, 1.000000000000000000),
 ( 1.000000000000000000, 0.7196540846722968565, 1.000000000000000000),
 ( 1.000000000000000000, 0.7145796383773511673, 1.000000000000000000),
 ( 1.000000000000000000, 0.7124233275652542829, 1.000000000000000000),
 ( 1.000000000000000000, 0.7105100200589955506, 1.000000000000000000) ) ) 
 REPRESENTATION_ITEM ( '' )  SURFACE ( )  );
#4593 = ORIENTED_EDGE ( 'NONE', *, *, #4177, .T. ) ;
#4594 = SURFACE_SIDE_STYLE ('',( #2692 ) ) ;
#4595 = PRESENTATION_LAYER_ASSIGNMENT (  '', '', ( #6247 ) ) ;
#4596 = CARTESIAN_POINT ( 'NONE',  ( -9.113582049136775609, 22.20784782572757976, -43.97868255384099001 ) ) ;
#4597 = CARTESIAN_POINT ( 'NONE',  ( -8.792721320055212786, 2.509980998289902843, -92.50501938136535784 ) ) ;
#4598 =( NAMED_UNIT ( * ) SI_UNIT ( $, .STERADIAN. ) SOLID_ANGLE_UNIT ( ) );
#4599 =( GEOMETRIC_REPRESENTATION_CONTEXT ( 3 ) GLOBAL_UNCERTAINTY_ASSIGNED_CONTEXT ( ( #1006 ) ) GLOBAL_UNIT_ASSIGNED_CONTEXT ( ( #1644, #4510, #2455 ) ) REPRESENTATION_CONTEXT ( 'NONE', 'WORKASPACE' ) );
#4600 = SHAPE_DEFINITION_REPRESENTATION ( #2293, #2901 ) ;
#4601 = ORIENTED_EDGE ( 'NONE', *, *, #646, .T. ) ;
#4602 = CARTESIAN_POINT ( 'NONE',  ( -2.024999999999999911, 0.000000000000000000, 0.000000000000000000 ) ) ;
#4603 = EDGE_CURVE ( 'NONE', #3672, #4956, #508, .T. ) ;
#4604 =( LENGTH_UNIT ( ) NAMED_UNIT ( * ) SI_UNIT ( .MILLI., .METRE. ) );
#4605 = LINE ( 'NONE', #299, #125 ) ;
#4606 = DIRECTION ( 'NONE',  ( 0.000000000000000000, 0.7071067811865474617, 0.7071067811865474617 ) ) ;
#4607 = ORIENTED_EDGE ( 'NONE', *, *, #67, .F. ) ;
#4608 = DIRECTION ( 'NONE',  ( 1.000000000000000000, 3.922054542492255428E-16, 7.395304444481290019E-32 ) ) ;
#4609 = LINE ( 'NONE', #4641, #2579 ) ;
#4610 = EDGE_CURVE ( 'NONE', #674, #4956, #1939, .T. ) ;
#4611 = DIRECTION ( 'NONE',  ( 0.000000000000000000, -1.000000000000000000, 0.000000000000000000 ) ) ;
#4612 = CARTESIAN_POINT ( 'NONE',  ( 7.257668962329698381, -3.037499999999999201, -42.13154745710662752 ) ) ;
#4613 =( NAMED_UNIT ( * ) PLANE_ANGLE_UNIT ( ) SI_UNIT ( $, .RADIAN. ) );
#4614 = ORIENTED_EDGE ( 'NONE', *, *, #4481, .F. ) ;
#4615 = CARTESIAN_POINT ( 'NONE',  ( -0.2987641061869147352, 23.67759505747921267, -50.79377000717796875 ) ) ;
#4616 = CARTESIAN_POINT ( 'NONE',  ( -7.796249999999990798, 21.97125000000000128, -35.60362543825130643 ) ) ;
#4617 = CARTESIAN_POINT ( 'NONE',  ( 10.99999668998637326, 19.68875609750989497, -90.61874999991226787 ) ) ;
#4618 = UNCERTAINTY_MEASURE_WITH_UNIT (LENGTH_MEASURE( 1.000000000000000082E-05 ), #4077, 'distance_accuracy_value', 'NONE');
#4619 = CARTESIAN_POINT ( 'NONE',  ( -7.066966454485952731, 23.85999999999999588, -35.81070189779778445 ) ) ;
#4620 =( LENGTH_UNIT ( ) NAMED_UNIT ( * ) SI_UNIT ( .MILLI., .METRE. ) );
#4621 = DIRECTION ( 'NONE',  ( -0.000000000000000000, 0.000000000000000000, 1.000000000000000000 ) ) ;
#4622 = DIRECTION ( 'NONE',  ( 1.000000000000000000, 0.000000000000000000, 0.000000000000000000 ) ) ;
#4623 = ORIENTED_EDGE ( 'NONE', *, *, #2865, .T. ) ;
#4624 = DIRECTION ( 'NONE',  ( -3.922054542492255428E-16, 1.000000000000000000, 1.885568995626964780E-16 ) ) ;
#4625 = DIRECTION ( 'NONE',  ( 2.498001805406605174E-16, 0.000000000000000000, 1.000000000000000000 ) ) ;
#4626 = CARTESIAN_POINT ( 'NONE',  ( -9.121128174697918922, 2.465690468620132858, -41.99528545542418101 ) ) ;
#4627 = FACE_BOUND ( 'NONE', #4176, .T. ) ;
#4628 = LINE ( 'NONE', #325, #3965 ) ;
#4629 = VERTEX_POINT ( 'NONE', #5174 ) ;
#4630 = VERTEX_POINT ( 'NONE', #1017 ) ;
#4631 =( NAMED_UNIT ( * ) SI_UNIT ( $, .STERADIAN. ) SOLID_ANGLE_UNIT ( ) );
#4632 = VECTOR ( 'NONE', #5090, 1000.000000000000000 ) ;
#4633 = DIRECTION ( 'NONE',  ( 0.000000000000000000, -1.000000000000000000, 0.000000000000000000 ) ) ;
#4634 =( NAMED_UNIT ( * ) PLANE_ANGLE_UNIT ( ) SI_UNIT ( $, .RADIAN. ) );
#4635 = CARTESIAN_POINT ( 'NONE',  ( 10.62500000000000000, -4.049999999999948308, -99.92606461597443968 ) ) ;
#4636 = UNCERTAINTY_MEASURE_WITH_UNIT (LENGTH_MEASURE( 1.000000000000000082E-05 ), #1231, 'distance_accuracy_value', 'NONE');
#4637 = LINE ( 'NONE', #4189, #1342 ) ;
#4638 = EDGE_CURVE ( 'NONE', #1474, #2037, #569, .T. ) ;
#4639 = ORIENTED_EDGE ( 'NONE', *, *, #4603, .T. ) ;
#4640 = FILL_AREA_STYLE ('',( #2707 ) ) ;
#4641 = CARTESIAN_POINT ( 'NONE',  ( -5.973749999999999893, -7.163394896620398925E-15, -96.39000000000000057 ) ) ;
#4642 = SURFACE_SIDE_STYLE ('',( #306 ) ) ;
#4643 = COLOUR_RGB ( '',0.1019607843137254888, 0.1019607843137254888, 0.1019607843137254888 ) ;
#4644 = CARTESIAN_POINT ( 'NONE',  ( 1.252371460143023807, -3.037500000000000977, -46.47374977579055866 ) ) ;
#4645 = UNCERTAINTY_MEASURE_WITH_UNIT (LENGTH_MEASURE( 1.000000000000000082E-05 ), #336, 'distance_accuracy_value', 'NONE');
#4646 = EDGE_CURVE ( 'NONE', #862, #3866, #1506, .T. ) ;
#4647 = DIRECTION ( 'NONE',  ( 1.000000000000000000, -4.510281037539699678E-17, 2.636779683484745304E-16 ) ) ;
#4648 = EDGE_LOOP ( 'NONE', ( #6097, #4584, #1123, #385 ) ) ;
#4649 = CARTESIAN_POINT ( 'NONE',  ( 10.62500000000000000, 29.16000000000003922, -36.39402376808405393 ) ) ;
#4650 = AXIS2_PLACEMENT_3D ( 'NONE', #1716, #1261, #4202 ) ;
#4651 = MECHANICAL_DESIGN_GEOMETRIC_PRESENTATION_REPRESENTATION (  '', ( #4951 ), #3138 ) ;
#4652 = CARTESIAN_POINT ( 'NONE',  ( -5.973749999999985683, 22.64999999999887947, -42.99999999999656808 ) ) ;
#4653 = PRESENTATION_STYLE_ASSIGNMENT (( #4589 ) ) ;
#4654 = EDGE_CURVE ( 'NONE', #3586, #871, #3424, .T. ) ;
#4655 = CARTESIAN_POINT ( 'NONE',  ( -5.973749999999989235, 22.58500000000000085, -101.8928772442464918 ) ) ;
#4656 = PRESENTATION_LAYER_ASSIGNMENT (  '', '', ( #5473 ) ) ;
#4657 = ORIENTED_EDGE ( 'NONE', *, *, #5803, .T. ) ;
#4658 = FACE_OUTER_BOUND ( 'NONE', #1459, .T. ) ;
#4659 = CARTESIAN_POINT ( 'NONE',  ( -9.500884217325154424, 21.64320838647941514, -42.67783388868139127 ) ) ;
#4660 = CARTESIAN_POINT ( 'NONE',  ( -8.214188840637246969, 1.210012157975523639, -93.03527151111599380 ) ) ;
#4661 = PRESENTATION_LAYER_ASSIGNMENT (  '', '', ( #2532 ) ) ;
#4662 = DIRECTION ( 'NONE',  ( -1.000000000000000000, -6.071532165918857963E-15, -1.144829280800842736E-30 ) ) ;
#4663 = CARTESIAN_POINT ( 'NONE',  ( -5.973749999999999893, 21.97125000000000128, -96.39000000000000057 ) ) ;
#4664 = ORIENTED_EDGE ( 'NONE', *, *, #1343, .T. ) ;
#4665 = PRESENTATION_LAYER_ASSIGNMENT (  '', '', ( #3754 ) ) ;
#4666 = LINE ( 'NONE', #363, #2718 ) ;
#4667 = VECTOR ( 'NONE', #559, 1000.000000000000000 ) ;
#4668 = ORIENTED_EDGE ( 'NONE', *, *, #1674, .T. ) ;
#4669 = CARTESIAN_POINT ( 'NONE',  ( -7.857656711990611775, 22.58500000000000796, -101.2788565441361754 ) ) ;
#4670 = DIRECTION ( 'NONE',  ( 0.000000000000000000, 0.7071067811865489050, -0.7071067811865460184 ) ) ;
#4671 = CARTESIAN_POINT ( 'NONE',  ( -9.112499999999998934, 7.087500000000000355, -110.3624999999999829 ) ) ;
#4672 = CIRCLE ( 'NONE', #1951, 10.12499999999999467 ) ;
#4673 = CARTESIAN_POINT ( 'NONE',  ( -10.12500000000003375, 18.02249999999999375, -42.06036481966498997 ) ) ;
#4674 = EDGE_LOOP ( 'NONE', ( #3168, #1148, #1879, #5795 ) ) ;
#4675 = CARTESIAN_POINT ( 'NONE',  ( 1.012499999999973754, 25.25319628389963000, -49.36805371610030591 ) ) ;
#4676 = CARTESIAN_POINT ( 'NONE',  ( -8.330084929739550503, 1.209480289828614996, -43.48235046525395120 ) ) ;
#4677 = EDGE_CURVE ( 'NONE', #4731, #1258, #1050, .T. ) ;
#4678 = DIRECTION ( 'NONE',  ( 0.000000000000000000, 1.885568995626965026E-16, -1.000000000000000000 ) ) ;
#4679 = UNCERTAINTY_MEASURE_WITH_UNIT (LENGTH_MEASURE( 1.000000000000000082E-05 ), #2886, 'distance_accuracy_value', 'NONE');
#4680 =( GEOMETRIC_REPRESENTATION_CONTEXT ( 3 ) GLOBAL_UNCERTAINTY_ASSIGNED_CONTEXT ( ( #4868 ) ) GLOBAL_UNIT_ASSIGNED_CONTEXT ( ( #1652, #1992, #3911 ) ) REPRESENTATION_CONTEXT ( 'NONE', 'WORKASPACE' ) );
#4681 = CARTESIAN_POINT ( 'NONE',  ( -7.479713328937134698, 23.85999999999999943, -36.11261171257342539 ) ) ;
#4682 = PRESENTATION_STYLE_ASSIGNMENT (( #2662 ) ) ;
#4683 = CIRCLE ( 'NONE', #2564, 10.12499999999999645 ) ;
#4684 = ORIENTED_EDGE ( 'NONE', *, *, #6144, .T. ) ;
#4685 = LINE ( 'NONE', #5655, #3618 ) ;
#4686 = EDGE_CURVE ( 'NONE', #6066, #1659, #3470, .T. ) ;
#4687 = CARTESIAN_POINT ( 'NONE',  ( -8.515608725639950194, 23.70690495014930477, -42.99592905895539729 ) ) ;
#4688 = CARTESIAN_POINT ( 'NONE',  ( -8.646115121149390959, 2.242465817493561442, -92.44622653363076381 ) ) ;
#4689 =( GEOMETRIC_REPRESENTATION_CONTEXT ( 3 ) GLOBAL_UNCERTAINTY_ASSIGNED_CONTEXT ( ( #6060 ) ) GLOBAL_UNIT_ASSIGNED_CONTEXT ( ( #929, #899, #963 ) ) REPRESENTATION_CONTEXT ( 'NONE', 'WORKASPACE' ) );
#4690 = DIRECTION ( 'NONE',  ( -1.000000000000000000, -6.938893903907290007E-18, 3.053113317719179993E-16 ) ) ;
#4691 = APPLICATION_PROTOCOL_DEFINITION ( 'draft international standard', 'automotive_design', 1998, #5752 ) ;
#4692 = ORIENTED_EDGE ( 'NONE', *, *, #780, .F. ) ;
#4693 = CARTESIAN_POINT ( 'NONE',  ( 20.25000000000000000, 1.580766767483863887E-14, 3.037499999999999645 ) ) ;
#4694 = VERTEX_POINT ( 'NONE', #666 ) ;
#4695 =( LENGTH_UNIT ( ) NAMED_UNIT ( * ) SI_UNIT ( .MILLI., .METRE. ) );
#4696 = CARTESIAN_POINT ( 'NONE',  ( -7.756007213317465343, 23.08500000000000085, -102.2625000000000028 ) ) ;
#4697 = PRESENTATION_LAYER_ASSIGNMENT (  '', '', ( #1486 ) ) ;
#4698 = EDGE_LOOP ( 'NONE', ( #6274, #5045, #4256, #2400, #5430, #6160, #3110, #107 ) ) ;
#4699 = CARTESIAN_POINT ( 'NONE',  ( 1.775762833514548555, -4.049999999999999822, -95.52323086241158023 ) ) ;
#4700 = PRESENTATION_LAYER_ASSIGNMENT (  '', '', ( #275 ) ) ;
#4701 = CARTESIAN_POINT ( 'NONE',  ( 4.027565633680658230, -3.037499999999999645, -91.60712239392296397 ) ) ;
#4702 = FILL_AREA_STYLE_COLOUR ( '', #1732 ) ;
#4703 = CARTESIAN_POINT ( 'NONE',  ( -5.973749999999999893, 0.000000000000000000, 1.208290729181724625E-14 ) ) ;
#4704 = CARTESIAN_POINT ( 'NONE',  ( 2.375961753401211851, 29.16000000000000014, -40.86062453538037431 ) ) ;
#4705 = VERTEX_POINT ( 'NONE', #2498 ) ;
#4706 = SURFACE_SIDE_STYLE ('',( #4074 ) ) ;
#4707 = CARTESIAN_POINT ( 'NONE',  ( 10.12500000000000178, -4.049999999999950973, -36.39402376808406814 ) ) ;
#4708 = FILL_AREA_STYLE_COLOUR ( '', #3228 ) ;
#4709 = CARTESIAN_POINT ( 'NONE',  ( -9.408907984070140174, 21.85646020699663339, -94.21260061185046197 ) ) ;
#4710 = EDGE_CURVE ( 'NONE', #4552, #1854, #3952, .T. ) ;
#4711 = ORIENTED_EDGE ( 'NONE', *, *, #3835, .F. ) ;
#4712 = CARTESIAN_POINT ( 'NONE',  ( 10.62500000000000178, -3.371481716458895050, -40.14284411278572406 ) ) ;
#4713 = SURFACE_SIDE_STYLE ('',( #6270 ) ) ;
#4714 = CARTESIAN_POINT ( 'NONE',  ( 9.275647114869151721, -4.049999999999955413, -36.49957854212916430 ) ) ;
#4715 = ADVANCED_FACE ( 'NONE', ( #3580 ), #1205, .T. ) ;
#4716 = EDGE_CURVE ( 'NONE', #3594, #4149, #4672, .T. ) ;
#4717 = LINE ( 'NONE', #1298, #663 ) ;
#4718 = ORIENTED_EDGE ( 'NONE', *, *, #2206, .F. ) ;
#4719 = SURFACE_SIDE_STYLE ('',( #6246 ) ) ;
#4720 = ORIENTED_EDGE ( 'NONE', *, *, #6187, .T. ) ;
#4721 = SURFACE_STYLE_FILL_AREA ( #2 ) ;
#4722 = DIRECTION ( 'NONE',  ( 0.000000000000000000, 1.000000000000000000, 0.000000000000000000 ) ) ;
#4723 = EDGE_CURVE ( 'NONE', #3265, #3925, #2162, .T. ) ;
#4724 = ORIENTED_EDGE ( 'NONE', *, *, #6264, .T. ) ;
#4725 = FILL_AREA_STYLE ('',( #1799 ) ) ;
#4726 = CARTESIAN_POINT ( 'NONE',  ( 4.365973800566210983, -2.468690534337632858, -90.61875003394678174 ) ) ;
#4727 = CARTESIAN_POINT ( 'NONE',  ( 10.62500000000000000, -4.050000000000006928, -23.69249999999998835 ) ) ;
#4728 = DIRECTION ( 'NONE',  ( -0.000000000000000000, 1.885568995626964780E-16, -1.000000000000000000 ) ) ;
#4729 = LINE ( 'NONE', #3851, #1268 ) ;
#4730 = CARTESIAN_POINT ( 'NONE',  ( 1.240646695223164730, 29.15999999999999304, -42.01122901875608306 ) ) ;
#4731 = VERTEX_POINT ( 'NONE', #2690 ) ;
#4732 = COLOUR_RGB ( '',0.1019607843137254888, 0.1019607843137254888, 0.1019607843137254888 ) ;
#4733 = CARTESIAN_POINT ( 'NONE',  ( 10.62500000000000000, -3.037499999999999645, -6.093251410737770232E-15 ) ) ;
#4734 = LINE ( 'NONE', #2377, #5658 ) ;
#4735 = CARTESIAN_POINT ( 'NONE',  ( 1.012499999999961542, -4.050000000000003375, -90.61874999999999147 ) ) ;
#4736 = UNCERTAINTY_MEASURE_WITH_UNIT (LENGTH_MEASURE( 1.000000000000000082E-05 ), #1847, 'distance_accuracy_value', 'NONE');
#4737 = CARTESIAN_POINT ( 'NONE',  ( -9.197551180995263920, 22.44723156804451492, -94.56366997437103805 ) ) ;
#4738 = VECTOR ( 'NONE', #6132, 1000.000000000000000 ) ;
#4739 =( NAMED_UNIT ( * ) SI_UNIT ( $, .STERADIAN. ) SOLID_ANGLE_UNIT ( ) );
#4740 = CARTESIAN_POINT ( 'NONE',  ( -5.973749999999989235, 22.58500000000000085, -101.8928772442464918 ) ) ;
#4741 = SURFACE_SIDE_STYLE ('',( #5329 ) ) ;
#4742 = ORIENTED_EDGE ( 'NONE', *, *, #393, .T. ) ;
#4743 = VECTOR ( 'NONE', #4138, 1000.000000000000000 ) ;
#4744 = CIRCLE ( 'NONE', #2022, 10.12499999999999467 ) ;
#4745 = DIRECTION ( 'NONE',  ( -5.165278571223809621E-17, -1.000000000000000000, 0.000000000000000000 ) ) ;
#4746 = ADVANCED_FACE ( 'NONE', ( #1234 ), #2197, .T. ) ;
#4747 = CARTESIAN_POINT ( 'NONE',  ( 20.25000000000000000, 28.14749999999999375, -137.0924999999999727 ) ) ;
#4748 = MECHANICAL_DESIGN_GEOMETRIC_PRESENTATION_REPRESENTATION (  '', ( #26 ), #1532 ) ;
#4749 = EDGE_LOOP ( 'NONE', ( #1139, #1413, #2712, #2757 ) ) ;
#4750 = ORIENTED_EDGE ( 'NONE', *, *, #4910, .T. ) ;
#4751 = CARTESIAN_POINT ( 'NONE',  ( 1.128390649127235079, 29.16000000000000014, -95.04493097550151504 ) ) ;
#4752 = AXIS2_PLACEMENT_3D ( 'NONE', #960, #1878, #3363 ) ;
#4753 = CARTESIAN_POINT ( 'NONE',  ( -52.37500000000000000, 25.10999999999999588, -26.69249999999999901 ) ) ;
#4754 = UNCERTAINTY_MEASURE_WITH_UNIT (LENGTH_MEASURE( 1.000000000000000082E-05 ), #20, 'distance_accuracy_value', 'NONE');
#4755 = EDGE_CURVE ( 'NONE', #5218, #898, #5559, .T. ) ;
#4756 = CARTESIAN_POINT ( 'NONE',  ( 3.274065535898567969, 29.16000000000000369, -97.26459471082007724 ) ) ;
#4757 = STYLED_ITEM ( 'NONE', ( #3803 ), #2706 ) ;
#4758 = ORIENTED_EDGE ( 'NONE', *, *, #3864, .T. ) ;
#4759 = CARTESIAN_POINT ( 'NONE',  ( -2.024999999999999911, 18.02250000000000085, 0.000000000000000000 ) ) ;
#4760 = CARTESIAN_POINT ( 'NONE',  ( 1.697147183543783022, -4.049999999999998934, -95.43824875911089123 ) ) ;
#4761 = CARTESIAN_POINT ( 'NONE',  ( 10.62499999999999645, 29.07373252648095274, -37.92790245830700968 ) ) ;
#4762 = ADVANCED_FACE ( 'NONE', ( #6043 ), #3731, .T. ) ;
#4763 = CARTESIAN_POINT ( 'NONE',  ( 1.012499999999955547, -3.037500000000042721, -23.69249999999998835 ) ) ;
#4764 = AXIS2_PLACEMENT_3D ( 'NONE', #1318, #4621, #1293 ) ;
#4765 = PLANE ( 'NONE',  #1164 ) ;
#4766 = CARTESIAN_POINT ( 'NONE',  ( 4.596204370570469599, 29.16000000000041581, -44.44057325408309822 ) ) ;
#4767 = CIRCLE ( 'NONE', #6218, 10.12500000000000178 ) ;
#4768 = ORIENTED_EDGE ( 'NONE', *, *, #5674, .T. ) ;
#4769 = FILL_AREA_STYLE_COLOUR ( '', #3077 ) ;
#4770 = CARTESIAN_POINT ( 'NONE',  ( -9.189109521595574037, 2.618599752859620988, -42.06036481966481944 ) ) ;
#4771 = UNCERTAINTY_MEASURE_WITH_UNIT (LENGTH_MEASURE( 1.000000000000000082E-05 ), #2427, 'distance_accuracy_value', 'NONE');
#4772 = CARTESIAN_POINT ( 'NONE',  ( -9.322091062805238693, 21.66712145912895693, -93.13078639278874959 ) ) ;
#4773 = COLOUR_RGB ( '',0.1019607843137254888, 0.1019607843137254888, 0.1019607843137254888 ) ;
#4774 = CARTESIAN_POINT ( 'NONE',  ( 10.12500000000000000, -3.037499999999999645, -40.84195960390601954 ) ) ;
#4775 = CYLINDRICAL_SURFACE ( 'NONE', #2350, 10.12500000000000178 ) ;
#4776 = FILL_AREA_STYLE_COLOUR ( '', #4476 ) ;
#4777 = ORIENTED_EDGE ( 'NONE', *, *, #5189, .T. ) ;
#4778 = AXIS2_PLACEMENT_3D ( 'NONE', #2353, #3804, #482 ) ;
#4779 = CARTESIAN_POINT ( 'NONE',  ( -8.026262014236278830, 22.58500000000000085, -110.3999999999999915 ) ) ;
#4780 = B_SPLINE_CURVE_WITH_KNOTS ( 'NONE', 3,
 ( #4924, #1809, #5235, #2810, #4712, #555 ),
 .UNSPECIFIED., .F., .F.,
 ( 4, 2, 4 ),
 ( 0.000000000000000000, 0.5000000000000000000, 1.000000000000000000 ),
 .UNSPECIFIED. ) ;
#4781 = FILL_AREA_STYLE ('',( #894 ) ) ;
#4782 = CARTESIAN_POINT ( 'NONE',  ( 20.25000000000000000, -3.037499999999999645, -90.61874999999999147 ) ) ;
#4783 =( LENGTH_UNIT ( ) NAMED_UNIT ( * ) SI_UNIT ( .MILLI., .METRE. ) );
#4784 = MECHANICAL_DESIGN_GEOMETRIC_PRESENTATION_REPRESENTATION (  '', ( #5093 ), #1275 ) ;
#4785 =( NAMED_UNIT ( * ) PLANE_ANGLE_UNIT ( ) SI_UNIT ( $, .RADIAN. ) );
#4786 = ORIENTED_EDGE ( 'NONE', *, *, #5639, .F. ) ;
#4787 = CARTESIAN_POINT ( 'NONE',  ( 10.12500000000000000, 28.14749999999999375, -40.84195960390618296 ) ) ;
#4788 = ORIENTED_EDGE ( 'NONE', *, *, #636, .F. ) ;
#4789 = CARTESIAN_POINT ( 'NONE',  ( 7.091236425151317135, 29.15999999999983672, -92.45725027594524192 ) ) ;
#4790 = COLOUR_RGB ( '',0.1019607843137254888, 0.1019607843137254888, 0.1019607843137254888 ) ;
#4791 = DIRECTION ( 'NONE',  ( 6.071532165918857963E-15, -1.000000000000000000, 0.000000000000000000 ) ) ;
#4792 = LINE ( 'NONE', #4816, #3937 ) ;
#4793 = CARTESIAN_POINT ( 'NONE',  ( 1.367625313886551952, -4.050000000000005151, -41.93811654823537083 ) ) ;
#4794 = COLOUR_RGB ( '',0.1019607843137254888, 0.1019607843137254888, 0.1019607843137254888 ) ;
#4795 = CARTESIAN_POINT ( 'NONE',  ( 10.62500000000000000, 28.14749999999999375, -23.69249999999998835 ) ) ;
#4796 = VERTEX_POINT ( 'NONE', #825 ) ;
#4797 = EDGE_CURVE ( 'NONE', #1180, #2799, #3696, .T. ) ;
#4798 = PLANE ( 'NONE',  #574 ) ;
#4799 = SURFACE_SIDE_STYLE ('',( #1890 ) ) ;
#4800 = PRESENTATION_LAYER_ASSIGNMENT (  '', '', ( #2876 ) ) ;
#4801 = EDGE_CURVE ( 'NONE', #2130, #4630, #4109, .T. ) ;
#4802 = CARTESIAN_POINT ( 'NONE',  ( 3.480726024198071755, 29.15999999999994330, -44.40734129567975685 ) ) ;
#4803 = VERTEX_POINT ( 'NONE', #5201 ) ;
#4804 = CARTESIAN_POINT ( 'NONE',  ( 2.659814543569062550, -4.049999999999998046, -40.51356804853265459 ) ) ;
#4805 = CARTESIAN_POINT ( 'NONE',  ( -8.395243234078415995, 1.155986991431641409, -42.64178930242439236 ) ) ;
#4806 = DIRECTION ( 'NONE',  ( 0.000000000000000000, 1.885568995626965026E-16, -1.000000000000000000 ) ) ;
#4807 = CARTESIAN_POINT ( 'NONE',  ( -7.796249999999988134, 20.66507558980253023, -101.7193039876324008 ) ) ;
#4808 = DIRECTION ( 'NONE',  ( 0.000000000000000000, -1.000000000000000000, -6.938893903907199874E-18 ) ) ;
#4809 = VERTEX_POINT ( 'NONE', #889 ) ;
#4810 = CARTESIAN_POINT ( 'NONE',  ( 1.012499999999969535, -0.1431962838996078680, -87.72444628389968102 ) ) ;
#4811 = CARTESIAN_POINT ( 'NONE',  ( 1.012499999999973754, -0.1431962838996157783, -49.36805371610030591 ) ) ;
#4812 = EDGE_LOOP ( 'NONE', ( #1917, #232, #5447, #5284 ) ) ;
#4813 = ORIENTED_EDGE ( 'NONE', *, *, #4948, .T. ) ;
#4814 = CARTESIAN_POINT ( 'NONE',  ( 5.624831523286407453, 27.04345717280136796, -90.61875005199443933 ) ) ;
#4815 = UNCERTAINTY_MEASURE_WITH_UNIT (LENGTH_MEASURE( 1.000000000000000082E-05 ), #341, 'distance_accuracy_value', 'NONE');
#4816 = CARTESIAN_POINT ( 'NONE',  ( -7.796250000000000568, 21.97125000000000128, -137.0924999999999727 ) ) ;
#4817 = FACE_OUTER_BOUND ( 'NONE', #4812, .T. ) ;
#4818 = CARTESIAN_POINT ( 'NONE',  ( 1.130329431511561511, 29.15999999999999304, -95.03213518033507512 ) ) ;
#4819 = VERTEX_POINT ( 'NONE', #2775 ) ;
#4820 = CARTESIAN_POINT ( 'NONE',  ( 10.12500000000000178, 29.16000000000004277, -36.39402376808405393 ) ) ;
#4821 = CARTESIAN_POINT ( 'NONE',  ( 1.462153963605779428, -4.049999999999998934, -95.22350942129891394 ) ) ;
#4822 = CARTESIAN_POINT ( 'NONE',  ( 1.012499999999976641, 7.087500000000000355, -54.06749999999999545 ) ) ;
#4823 = DIRECTION ( 'NONE',  ( 0.000000000000000000, 0.000000000000000000, -1.000000000000000000 ) ) ;
#4824 = EDGE_CURVE ( 'NONE', #4149, #469, #5357, .T. ) ;
#4825 = MECHANICAL_DESIGN_GEOMETRIC_PRESENTATION_REPRESENTATION (  '', ( #3816 ), #5442 ) ;
#4826 = CARTESIAN_POINT ( 'NONE',  ( 1.775762833513758965, 29.15999999999999304, -41.56926913758933040 ) ) ;
#4827 = ORIENTED_EDGE ( 'NONE', *, *, #1382, .F. ) ;
#4828 = CARTESIAN_POINT ( 'NONE',  ( -10.12500000000003553, 11.43500000000000227, -110.3999999999999915 ) ) ;
#4829 = CARTESIAN_POINT ( 'NONE',  ( 0.000000000000000000, -2.986747800704532274, -113.4000000000000057 ) ) ;
#4830 = CIRCLE ( 'NONE', #4531, 10.12500000000000000 ) ;
#4831 = EDGE_CURVE ( 'NONE', #2553, #3811, #2381, .T. ) ;
#4832 = DIRECTION ( 'NONE',  ( 0.000000000000000000, 1.000000000000000000, 0.000000000000000000 ) ) ;
#4833 = CARTESIAN_POINT ( 'NONE',  ( 1.012499999999961542, -4.049999999999998934, -113.4000000000000057 ) ) ;
#4834 = PRESENTATION_LAYER_ASSIGNMENT (  '', '', ( #5146 ) ) ;
#4835 = CARTESIAN_POINT ( 'NONE',  ( 1.012499999999967315, 28.14749999999999375, -90.61874999999999147 ) ) ;
#4836 = ORIENTED_EDGE ( 'NONE', *, *, #2008, .T. ) ;
#4837 = CARTESIAN_POINT ( 'NONE',  ( -1.212050083897162622, 3.111905781454794795, -85.04917373785366408 ) ) ;
#4838 = PRESENTATION_LAYER_ASSIGNMENT (  '', '', ( #5676 ) ) ;
#4839 = EDGE_CURVE ( 'NONE', #712, #4213, #3293, .T. ) ;
#4840 =( NAMED_UNIT ( * ) PLANE_ANGLE_UNIT ( ) SI_UNIT ( $, .RADIAN. ) );
#4841 = FILL_AREA_STYLE ('',( #2910 ) ) ;
#4842 = ORIENTED_EDGE ( 'NONE', *, *, #2363, .T. ) ;
#4843 = ORIENTED_EDGE ( 'NONE', *, *, #2676, .T. ) ;
#4844 = CARTESIAN_POINT ( 'NONE',  ( 2.004705808205209383, 29.16000000000000014, -95.78515258018298084 ) ) ;
#4845 = LINE ( 'NONE', #2445, #3339 ) ;
#4846 = FILL_AREA_STYLE_COLOUR ( '', #5475 ) ;
#4847 = VECTOR ( 'NONE', #3575, 999.9999999999998863 ) ;
#4848 =( NAMED_UNIT ( * ) SI_UNIT ( $, .STERADIAN. ) SOLID_ANGLE_UNIT ( ) );
#4849 = ORIENTED_EDGE ( 'NONE', *, *, #5155, .T. ) ;
#4850 = DIRECTION ( 'NONE',  ( 1.000000000000000000, 0.000000000000000000, -2.498001805406600244E-16 ) ) ;
#4851 = COLOUR_RGB ( '',0.1019607843137254888, 0.1019607843137254888, 0.1019607843137254888 ) ;
#4852 = PRESENTATION_LAYER_ASSIGNMENT (  '', '', ( #4961 ) ) ;
#4853 = CARTESIAN_POINT ( 'NONE',  ( 11.05289438370582289, -4.049999999998744826, -90.76837210605097539 ) ) ;
#4854 = AXIS2_PLACEMENT_3D ( 'NONE', #766, #2222, #3606 ) ;
#4855 = FILL_AREA_STYLE_COLOUR ( '', #6113 ) ;
#4856 = ORIENTED_EDGE ( 'NONE', *, *, #697, .F. ) ;
#4857 = CARTESIAN_POINT ( 'NONE',  ( -5.973749999999999893, 3.085608286484815171E-16, -26.73000000000000043 ) ) ;
#4858 = DIRECTION ( 'NONE',  ( -1.000000000000000000, -6.071532165918857963E-15, 0.000000000000000000 ) ) ;
#4859 = AXIS2_PLACEMENT_3D ( 'NONE', #4995, #4483, #690 ) ;
#4860 = CARTESIAN_POINT ( 'NONE',  ( -0.1511912881482524451, 23.89060794337166982, -86.47610377106093438 ) ) ;
#4861 =( NAMED_UNIT ( * ) PLANE_ANGLE_UNIT ( ) SI_UNIT ( $, .RADIAN. ) );
#4862 = VECTOR ( 'NONE', #3730, 1000.000000000000000 ) ;
#4863 = LINE ( 'NONE', #5848, #4568 ) ;
#4864 = ORIENTED_EDGE ( 'NONE', *, *, #5238, .F. ) ;
#4865 = ADVANCED_FACE ( 'NONE', ( #530 ), #504, .T. ) ;
#4866 = CARTESIAN_POINT ( 'NONE',  ( -1.780992135433046686, 4.878056783164645083, -84.05538188973402214 ) ) ;
#4867 = AXIS2_PLACEMENT_3D ( 'NONE', #433, #1866, #3817 ) ;
#4868 = UNCERTAINTY_MEASURE_WITH_UNIT (LENGTH_MEASURE( 1.000000000000000082E-05 ), #1652, 'distance_accuracy_value', 'NONE');
#4869 = FACE_OUTER_BOUND ( 'NONE', #2181, .T. ) ;
#4870 = DIRECTION ( 'NONE',  ( -0.7071067811865510144, 1.284233233869057821E-16, -0.7071067811865441310 ) ) ;
#4871 = DIRECTION ( 'NONE',  ( 1.000000000000000000, 3.212450881438532241E-15, 6.057297782015009052E-31 ) ) ;
#4872 = CARTESIAN_POINT ( 'NONE',  ( -10.12500000000003908, -1.042955350706152921E-15, -95.03213518033507512 ) ) ;
#4873 = AXIS2_PLACEMENT_3D ( 'NONE', #731, #1623, #5493 ) ;
#4874 = ORIENTED_EDGE ( 'NONE', *, *, #4320, .F. ) ;
#4875 = ORIENTED_EDGE ( 'NONE', *, *, #2903, .T. ) ;
#4876 = EDGE_CURVE ( 'NONE', #2705, #22, #1933, .T. ) ;
#4877 = CARTESIAN_POINT ( 'NONE',  ( -9.112499999999998934, 18.02250000000000085, -90.61874999999999147 ) ) ;
#4878 =( NAMED_UNIT ( * ) SI_UNIT ( $, .STERADIAN. ) SOLID_ANGLE_UNIT ( ) );
#4879 = UNCERTAINTY_MEASURE_WITH_UNIT (LENGTH_MEASURE( 1.000000000000000082E-05 ), #3576, 'distance_accuracy_value', 'NONE');
#4880 = MECHANICAL_DESIGN_GEOMETRIC_PRESENTATION_REPRESENTATION (  '', ( #1658 ), #4279 ) ;
#4881 = CARTESIAN_POINT ( 'NONE',  ( 1.180338374032223081, -4.050000000000303579, -44.38319912629177821 ) ) ;
#4882 = EDGE_LOOP ( 'NONE', ( #1999, #1376, #3739, #3197 ) ) ;
#4883 = DIRECTION ( 'NONE',  ( -1.000000000000000000, -0.000000000000000000, -0.000000000000000000 ) ) ;
#4884 = VECTOR ( 'NONE', #4094, 1000.000000000000000 ) ;
#4885 = CARTESIAN_POINT ( 'NONE',  ( 9.297378561142313202, 1.262570532652500743, -90.61874999413102216 ) ) ;
#4886 = DIRECTION ( 'NONE',  ( -1.000000000000000000, 0.000000000000000000, 0.000000000000000000 ) ) ;
#4887 = DIRECTION ( 'NONE',  ( 0.000000000000000000, 0.000000000000000000, 1.000000000000000000 ) ) ;
#4888 = PRESENTATION_LAYER_ASSIGNMENT (  '', '', ( #4993 ) ) ;
#4889 = CARTESIAN_POINT ( 'NONE',  ( 10.29915589869395554, 29.16000000000004277, -45.54933628051747974 ) ) ;
#4890 = EDGE_LOOP ( 'NONE', ( #5894, #2791, #3837, #436 ) ) ;
#4891 = SURFACE_STYLE_USAGE ( .BOTH. , #2584 ) ;
#4892 =( GEOMETRIC_REPRESENTATION_CONTEXT ( 3 ) GLOBAL_UNCERTAINTY_ASSIGNED_CONTEXT ( ( #3822 ) ) GLOBAL_UNIT_ASSIGNED_CONTEXT ( ( #5439, #4385, #5939 ) ) REPRESENTATION_CONTEXT ( 'NONE', 'WORKASPACE' ) );
#4893 = CARTESIAN_POINT ( 'NONE',  ( -8.364308622431156692, 1.120866263017562314, -42.75816813291459084 ) ) ;
#4894 = CARTESIAN_POINT ( 'NONE',  ( 4.638564266609139786, -4.049999999999981171, -98.50874706848451012 ) ) ;
#4895 = CARTESIAN_POINT ( 'NONE',  ( -1.139027793781941522, 22.16448260689222849, -85.16119874334370365 ) ) ;
#4896 = CARTESIAN_POINT ( 'NONE',  ( 52.87499999999997158, 23.85999999999997456, -26.69249999999999901 ) ) ;
#4897 = AXIS2_PLACEMENT_3D ( 'NONE', #4602, #5114, #3084 ) ;
#4898 = FACE_OUTER_BOUND ( 'NONE', #1010, .T. ) ;
#4899 = ORIENTED_EDGE ( 'NONE', *, *, #2592, .F. ) ;
#4900 = CARTESIAN_POINT ( 'NONE',  ( 3.513144189389025840, 28.14749999999999019, -91.28953818653386065 ) ) ;
#4901 = CARTESIAN_POINT ( 'NONE',  ( -1.145226943395234898, 2.959375980066873524, -85.15177436404553646 ) ) ;
#4902 = ADVANCED_FACE ( 'NONE', ( #4296 ), #1901, .F. ) ;
#4903 = SURFACE_STYLE_USAGE ( .BOTH. , #1079 ) ;
#4904 = PRESENTATION_STYLE_ASSIGNMENT (( #1081 ) ) ;
#4905 = DIRECTION ( 'NONE',  ( 1.000000000000000000, 0.000000000000000000, -1.343158400149977062E-15 ) ) ;
#4906 = VERTEX_POINT ( 'NONE', #3825 ) ;
#4907 = DIRECTION ( 'NONE',  ( 1.000000000000000000, -5.782411586589356653E-16, 0.000000000000000000 ) ) ;
#4908 =( NAMED_UNIT ( * ) PLANE_ANGLE_UNIT ( ) SI_UNIT ( $, .RADIAN. ) );
#4909 =( LENGTH_UNIT ( ) NAMED_UNIT ( * ) SI_UNIT ( .MILLI., .METRE. ) );
#4910 = EDGE_CURVE ( 'NONE', #3705, #2146, #3298, .T. ) ;
#4911 = CARTESIAN_POINT ( 'NONE',  ( 10.27535052360862089, 2.992119492960038762, -46.47375000250087140 ) ) ;
#4912 = DIRECTION ( 'NONE',  ( -0.000000000000000000, -0.000000000000000000, -1.000000000000000000 ) ) ;
#4913 = VERTEX_POINT ( 'NONE', #2807 ) ;
#4914 = CARTESIAN_POINT ( 'NONE',  ( 10.44270494462241494, -4.050000000002129674, -91.44821490943532183 ) ) ;
#4915 = PLANE ( 'NONE',  #2216 ) ;
#4916 = FILL_AREA_STYLE ('',( #4027 ) ) ;
#4917 = ADVANCED_FACE ( 'NONE', ( #4898 ), #3976, .T. ) ;
#4918 = CARTESIAN_POINT ( 'NONE',  ( 1.012499999999969535, 18.02250000000000085, -83.02500000000000568 ) ) ;
#4919 = CARTESIAN_POINT ( 'NONE',  ( 11.06798640584921678, 29.16000000000004633, -46.37736314359221268 ) ) ;
#4920 = B_SPLINE_CURVE_WITH_KNOTS ( 'NONE', 3,
 ( #2334, #4262, #403, #6226, #2684, #4612, #3786, #2210, #1772, #371, #4126, #3216, #4162, #2274, #1740, #3657, #3718, #5612, #813, #2709, #4644, #338 ),
 .UNSPECIFIED., .F., .F.,
 ( 4, 2, 2, 2, 2, 2, 2, 2, 2, 2, 4 ),
 ( 0.000000000000000000, 0.001353584189270895088, 0.002707168378541790175, 0.004060752567812685697, 0.005414336757083580351, 0.006767920946354475872, 0.008121505135625371394, 0.008798297230260819154, 0.009475089324896266915, 0.01015188141953171641, 0.01082867351416716591 ),
 .UNSPECIFIED. ) ;
#4921 = ORIENTED_EDGE ( 'NONE', *, *, #3627, .T. ) ;
#4922 = PLANE ( 'NONE',  #1806 ) ;
#4923 = UNCERTAINTY_MEASURE_WITH_UNIT (LENGTH_MEASURE( 1.000000000000000082E-05 ), #1016, 'distance_accuracy_value', 'NONE');
#4924 = CARTESIAN_POINT ( 'NONE',  ( 10.62500000000000000, -4.049999999999950973, -36.39402376808406814 ) ) ;
#4925 = STYLED_ITEM ( 'NONE', ( #2349 ), #339 ) ;
#4926 = DIRECTION ( 'NONE',  ( 1.000000000000000000, 0.000000000000000000, 0.000000000000000000 ) ) ;
#4927 = LINE ( 'NONE', #1499, #4667 ) ;
#4928 = ORIENTED_EDGE ( 'NONE', *, *, #417, .T. ) ;
#4929 = CIRCLE ( 'NONE', #1606, 11.13749999999999751 ) ;
#4930 = CARTESIAN_POINT ( 'NONE',  ( 5.391982238534156480, 28.14749999999999375, -92.95397815247956430 ) ) ;
#4931 = CARTESIAN_POINT ( 'NONE',  ( -1.789132968319053552, 4.914730865100952251, -84.03915334502899270 ) ) ;
#4932 = UNCERTAINTY_MEASURE_WITH_UNIT (LENGTH_MEASURE( 1.000000000000000082E-05 ), #1245, 'distance_accuracy_value', 'NONE');
#4933 = DIRECTION ( 'NONE',  ( 0.000000000000000000, 1.885568995626964780E-16, -1.000000000000000000 ) ) ;
#4934 = MECHANICAL_DESIGN_GEOMETRIC_PRESENTATION_REPRESENTATION (  '', ( #2811 ), #3626 ) ;
#4935 = CARTESIAN_POINT ( 'NONE',  ( 10.62500000000000000, 0.000000000000000000, -45.96750000000000114 ) ) ;
#4936 =( LENGTH_UNIT ( ) NAMED_UNIT ( * ) SI_UNIT ( .MILLI., .METRE. ) );
#4937 = FILL_AREA_STYLE_COLOUR ( '', #3468 ) ;
#4938 = ORIENTED_EDGE ( 'NONE', *, *, #5793, .F. ) ;
#4939 = DIRECTION ( 'NONE',  ( 6.938893903907229918E-18, -1.000000000000000000, 0.000000000000000000 ) ) ;
#4940 = SURFACE_SIDE_STYLE ('',( #600 ) ) ;
#4941 = UNCERTAINTY_MEASURE_WITH_UNIT (LENGTH_MEASURE( 1.000000000000000082E-05 ), #4203, 'distance_accuracy_value', 'NONE');
#4942 = SURFACE_STYLE_USAGE ( .BOTH. , #5042 ) ;
#4943 = CARTESIAN_POINT ( 'NONE',  ( 4.668372417381380757, -4.049999999999984723, -38.56048922527283196 ) ) ;
#4944 =( GEOMETRIC_REPRESENTATION_CONTEXT ( 3 ) GLOBAL_UNCERTAINTY_ASSIGNED_CONTEXT ( ( #1349 ) ) GLOBAL_UNIT_ASSIGNED_CONTEXT ( ( #2414, #3369, #3399 ) ) REPRESENTATION_CONTEXT ( 'NONE', 'WORKASPACE' ) );
#4945 = CARTESIAN_POINT ( 'NONE',  ( 20.25000000000000000, -3.037499999999999645, 0.000000000000000000 ) ) ;
#4946 = ORIENTED_EDGE ( 'NONE', *, *, #6154, .F. ) ;
#4947 = CARTESIAN_POINT ( 'NONE',  ( 10.62499999999999822, -3.963732526480872931, -99.16459754167625817 ) ) ;
#4948 = EDGE_CURVE ( 'NONE', #4412, #269, #213, .T. ) ;
#4949 = MECHANICAL_DESIGN_GEOMETRIC_PRESENTATION_REPRESENTATION (  '', ( #124 ), #5265 ) ;
#4950 = CYLINDRICAL_SURFACE ( 'NONE', #524, 1.050000000240355114 ) ;
#4951 = STYLED_ITEM ( 'NONE', ( #2846 ), #1789 ) ;
#4952 = LINE ( 'NONE', #643, #1536 ) ;
#4953 =( GEOMETRIC_REPRESENTATION_CONTEXT ( 3 ) GLOBAL_UNCERTAINTY_ASSIGNED_CONTEXT ( ( #914 ) ) GLOBAL_UNIT_ASSIGNED_CONTEXT ( ( #2486, #3062, #3974 ) ) REPRESENTATION_CONTEXT ( 'NONE', 'WORKASPACE' ) );
#4954 = COLOUR_RGB ( '',0.1019607843137254888, 0.1019607843137254888, 0.1019607843137254888 ) ;
#4955 = CARTESIAN_POINT ( 'NONE',  ( 3.619549155324788714, 29.16000000000000369, -39.48431724159213019 ) ) ;
#4956 = VERTEX_POINT ( 'NONE', #561 ) ;
#4957 = DIRECTION ( 'NONE',  ( 1.000000000000000000, 0.000000000000000000, 0.000000000000000000 ) ) ;
#4958 = EDGE_CURVE ( 'NONE', #2947, #5546, #1166, .T. ) ;
#4959 = LINE ( 'NONE', #2555, #632 ) ;
#4960 = VECTOR ( 'NONE', #2432, 1000.000000000000000 ) ;
#4961 = STYLED_ITEM ( 'NONE', ( #1212 ), #2137 ) ;
#4962 = CARTESIAN_POINT ( 'NONE',  ( 1.012499999999969535, 25.25319628389958382, -87.72444628389968102 ) ) ;
#4963 = CARTESIAN_POINT ( 'NONE',  ( 1.012499999999961542, 18.02249999999999730, -90.61874999999999147 ) ) ;
#4964 = CARTESIAN_POINT ( 'NONE',  ( -9.112499999999998934, 18.02250000000000085, -46.47375000000000256 ) ) ;
#4965 = CARTESIAN_POINT ( 'NONE',  ( 1.012499999999999956, 7.087500000000000355, 4.805530973150956219E-15 ) ) ;
#4966 = STYLED_ITEM ( 'NONE', ( #2086 ), #3669 ) ;
#4967 = ORIENTED_EDGE ( 'NONE', *, *, #1482, .T. ) ;
#4968 = CARTESIAN_POINT ( 'NONE',  ( -1.798071630681344901, 20.15435428349157121, -53.07123573742753564 ) ) ;
#4969 = CARTESIAN_POINT ( 'NONE',  ( 9.150241880902404645, 24.05347229573057177, -90.61875000940588620 ) ) ;
#4970 = FILL_AREA_STYLE ('',( #3514 ) ) ;
#4971 = VECTOR ( 'NONE', #2433, 1000.000000000000000 ) ;
#4972 = SURFACE_STYLE_USAGE ( .BOTH. , #3456 ) ;
#4973 =( NAMED_UNIT ( * ) SI_UNIT ( $, .STERADIAN. ) SOLID_ANGLE_UNIT ( ) );
#4974 = CARTESIAN_POINT ( 'NONE',  ( -2.024999999999999911, 7.087500000000000355, -53.56125000000000114 ) ) ;
#4975 = ORIENTED_EDGE ( 'NONE', *, *, #5919, .F. ) ;
#4976 = ORIENTED_EDGE ( 'NONE', *, *, #4987, .T. ) ;
#4977 = CARTESIAN_POINT ( 'NONE',  ( -5.973749999999990123, 22.19517506373316351, -35.19250000000000256 ) ) ;
#4978 = CARTESIAN_POINT ( 'NONE',  ( 3.480726024197743129, -4.049999999999966960, -44.40734129567962896 ) ) ;
#4979 = VECTOR ( 'NONE', #1082, 1000.000000000000000 ) ;
#4980 = PLANE ( 'NONE',  #291 ) ;
#4981 = ORIENTED_EDGE ( 'NONE', *, *, #657, .F. ) ;
#4982 = CARTESIAN_POINT ( 'NONE',  ( 8.375829477253775579, -4.049999999999957190, -100.3898739413512828 ) ) ;
#4983 = SURFACE_STYLE_USAGE ( .BOTH. , #3052 ) ;
#4984 = VECTOR ( 'NONE', #5945, 999.9999999999998863 ) ;
#4985 = SURFACE_STYLE_FILL_AREA ( #4408 ) ;
#4986 = SURFACE_STYLE_FILL_AREA ( #4916 ) ;
#4987 = EDGE_CURVE ( 'NONE', #6066, #3059, #621, .T. ) ;
#4988 = VECTOR ( 'NONE', #342, 1000.000000000000000 ) ;
#4989 = CARTESIAN_POINT ( 'NONE',  ( 20.25000000000000000, -3.037499999999999645, -46.47375000000000256 ) ) ;
#4990 = CARTESIAN_POINT ( 'NONE',  ( 10.90472645478896929, 29.15999999999923631, -46.06364138015089793 ) ) ;
#4991 = ORIENTED_EDGE ( 'NONE', *, *, #3871, .F. ) ;
#4992 = UNCERTAINTY_MEASURE_WITH_UNIT (LENGTH_MEASURE( 1.000000000000000082E-05 ), #3957, 'distance_accuracy_value', 'NONE');
#4993 = STYLED_ITEM ( 'NONE', ( #5113 ), #5503 ) ;
#4994 = CARTESIAN_POINT ( 'NONE',  ( -1.000521304291769997, 22.46112781542498027, -85.36736252662971935 ) ) ;
#4995 = CARTESIAN_POINT ( 'NONE',  ( 20.25000000000000000, 11.03624999999999901, 11.03624999999999901 ) ) ;
#4996 = ADVANCED_FACE ( 'NONE', ( #3065 ), #5446, .F. ) ;
#4997 = SURFACE_STYLE_USAGE ( .BOTH. , #5879 ) ;
#4998 = CIRCLE ( 'NONE', #1477, 11.13749999999999751 ) ;
#4999 =( BOUNDED_CURVE ( )  B_SPLINE_CURVE ( 3, ( #1124, #4001, #3026, #5969 ),
 .UNSPECIFIED., .F., .F. ) 
 B_SPLINE_CURVE_WITH_KNOTS ( ( 4, 4 ),
 ( 3.041425232428235148, 3.141592653589795336 ),
 .UNSPECIFIED. ) 
 CURVE ( )  GEOMETRIC_REPRESENTATION_ITEM ( )  RATIONAL_B_SPLINE_CURVE ( ( 1.000000000000000000, 0.9991640487402220216, 0.9991640487402220216, 1.000000000000000000 ) ) 
 REPRESENTATION_ITEM ( '' )  );
#5000 = VERTEX_POINT ( 'NONE', #2489 ) ;
#5001 = CARTESIAN_POINT ( 'NONE',  ( -1.969916484890473996, 19.07769756986933984, -53.43530749680334679 ) ) ;
#5002 = CARTESIAN_POINT ( 'NONE',  ( 10.44270494461968291, 29.16000000000085279, -91.44821490943229492 ) ) ;
#5003 = CARTESIAN_POINT ( 'NONE',  ( -10.12500000000003375, 18.02249999999999375, -46.47374999999998835 ) ) ;
#5004 = AXIS2_PLACEMENT_3D ( 'NONE', #2307, #6193, #983 ) ;
#5005 = FILL_AREA_STYLE ('',( #4425 ) ) ;
#5006 = FILL_AREA_STYLE_COLOUR ( '', #4193 ) ;
#5007 = VERTEX_POINT ( 'NONE', #3482 ) ;
#5008 = VECTOR ( 'NONE', #99, 1000.000000000000000 ) ;
#5009 = B_SPLINE_CURVE_WITH_KNOTS ( 'NONE', 3,
 ( #3641, #5137, #2167, #356, #1758, #1322, #4084, #4687, #3234, #1695, #5040, #2693, #3673, #2287, #1207, #2260, #4596, #5533, #2199, #4112, #827, #4208, #1239, #3613, #4659, #2630, #6078, #5598, #387, #3199 ),
 .UNSPECIFIED., .F., .F.,
 ( 4, 2, 2, 2, 2, 2, 2, 2, 2, 2, 2, 2, 2, 2, 4 ),
 ( 4.869565850539295431E-07, 0.0003664425148205238572, 0.0007323980730559938616, 0.001098353631291463812, 0.001464309189526933654, 0.001830264747762403712, 0.002196220305997873771, 0.002928131422468813454, 0.003660042538939753572, 0.004025998097175219510, 0.004391953655410684582, 0.004757909213646150520, 0.005123864771881615592, 0.005489820330117080663, 0.005855775888352546601 ),
 .UNSPECIFIED. ) ;
#5010 = LINE ( 'NONE', #4016, #3710 ) ;
#5011 = FILL_AREA_STYLE ('',( #3991 ) ) ;
#5012 = CARTESIAN_POINT ( 'NONE',  ( 6.904859113988509378, -4.050000000000175682, -44.61211079158246662 ) ) ;
#5013 = ORIENTED_EDGE ( 'NONE', *, *, #2939, .T. ) ;
#5014 =( LENGTH_UNIT ( ) NAMED_UNIT ( * ) SI_UNIT ( .MILLI., .METRE. ) );
#5015 = PLANE ( 'NONE',  #4897 ) ;
#5016 = DIRECTION ( 'NONE',  ( -1.000000000000000000, -6.938893903907229918E-18, -3.053113317719179993E-16 ) ) ;
#5017 = PRESENTATION_STYLE_ASSIGNMENT (( #1118 ) ) ;
#5018 = ORIENTED_EDGE ( 'NONE', *, *, #2223, .F. ) ;
#5019 = CARTESIAN_POINT ( 'NONE',  ( 10.12500000000000000, 29.16000000000004988, -99.92599157982661495 ) ) ;
#5020 = ORIENTED_EDGE ( 'NONE', *, *, #646, .F. ) ;
#5021 =( NAMED_UNIT ( * ) PLANE_ANGLE_UNIT ( ) SI_UNIT ( $, .RADIAN. ) );
#5022 = EDGE_CURVE ( 'NONE', #936, #6261, #4418, .T. ) ;
#5023 = CARTESIAN_POINT ( 'NONE',  ( 10.62500000000000000, -4.049999999999950973, -36.39402376808406814 ) ) ;
#5024 = CARTESIAN_POINT ( 'NONE',  ( -1.430899130678567888, 21.45633669721317816, -84.69937023363505091 ) ) ;
#5025 = CARTESIAN_POINT ( 'NONE',  ( 10.62500000000000000, 1.580766767483863887E-14, 3.037499999999999645 ) ) ;
#5026 = FILL_AREA_STYLE_COLOUR ( '', #2755 ) ;
#5027 = VERTEX_POINT ( 'NONE', #5913 ) ;
#5028 = CARTESIAN_POINT ( 'NONE',  ( 9.239255802691680231, 28.14749999999999730, -96.04916967108503911 ) ) ;
#5029 = CARTESIAN_POINT ( 'NONE',  ( 1.012499999999961542, 18.02249999999999730, -101.8999999999999915 ) ) ;
#5030 = TOROIDAL_SURFACE ( 'NONE', #3414, 1.012499999999995515, 10.12500000000000000 ) ;
#5031 = ADVANCED_FACE ( 'NONE', ( #1558 ), #1277, .T. ) ;
#5032 = CARTESIAN_POINT ( 'NONE',  ( 8.646844020902271666, 29.16000000000003922, -92.17637799162912415 ) ) ;
#5033 = SURFACE_STYLE_USAGE ( .BOTH. , #1201 ) ;
#5034 = CARTESIAN_POINT ( 'NONE',  ( 10.62500000000000000, -3.037499999999990319, -40.84195960390601954 ) ) ;
#5035 =( NAMED_UNIT ( * ) SI_UNIT ( $, .STERADIAN. ) SOLID_ANGLE_UNIT ( ) );
#5036 = VECTOR ( 'NONE', #5420, 1000.000000000000000 ) ;
#5037 = CARTESIAN_POINT ( 'NONE',  ( -1.779069646331824961, 4.869472911651476110, -53.03329404356544785 ) ) ;
#5038 = ORIENTED_EDGE ( 'NONE', *, *, #3591, .T. ) ;
#5039 = EDGE_CURVE ( 'NONE', #3866, #428, #3601, .T. ) ;
#5040 = CARTESIAN_POINT ( 'NONE',  ( -8.516901325002647738, 23.59499634395426426, -43.47363622800272509 ) ) ;
#5041 = AXIS2_PLACEMENT_3D ( 'NONE', #4034, #3094, #4097 ) ;
#5042 = SURFACE_SIDE_STYLE ('',( #228 ) ) ;
#5043 = CARTESIAN_POINT ( 'NONE',  ( 9.867290423520243436, 2.166779483737995449, -46.47375000514896470 ) ) ;
#5044 = AXIS2_PLACEMENT_3D ( 'NONE', #4822, #2451, #1950 ) ;
#5045 = ORIENTED_EDGE ( 'NONE', *, *, #2625, .F. ) ;
#5046 = CARTESIAN_POINT ( 'NONE',  ( 10.62500000000000178, -4.049999999999950084, -99.92712564624686422 ) ) ;
#5047 = PLANE ( 'NONE',  #2913 ) ;
#5048 =( NAMED_UNIT ( * ) PLANE_ANGLE_UNIT ( ) SI_UNIT ( $, .RADIAN. ) );
#5049 =( NAMED_UNIT ( * ) SI_UNIT ( $, .STERADIAN. ) SOLID_ANGLE_UNIT ( ) );
#5050 = MECHANICAL_DESIGN_GEOMETRIC_PRESENTATION_REPRESENTATION (  '', ( #5152 ), #5985 ) ;
#5051 = EDGE_LOOP ( 'NONE', ( #3509, #4015, #3273, #33, #982, #1798, #2944, #4360 ) ) ;
#5052 = SURFACE_SIDE_STYLE ('',( #3187 ) ) ;
#5053 = EDGE_LOOP ( 'NONE', ( #3884, #4664, #4435, #6048 ) ) ;
#5054 = FACE_OUTER_BOUND ( 'NONE', #995, .T. ) ;
#5055 = CARTESIAN_POINT ( 'NONE',  ( 10.62500000000000000, -3.037499999999999645, -96.25054039609395318 ) ) ;
#5056 = DIRECTION ( 'NONE',  ( 0.000000000000000000, 1.000000000000000000, 0.000000000000000000 ) ) ;
#5057 = COLOUR_RGB ( '',0.1019607843137254888, 0.1019607843137254888, 0.1019607843137254888 ) ;
#5058 = AXIS2_PLACEMENT_3D ( 'NONE', #3901, #5900, #5345 ) ;
#5059 = PRESENTATION_STYLE_ASSIGNMENT (( #5125 ) ) ;
#5060 = DIRECTION ( 'NONE',  ( 1.000000000000000000, -2.891205793294678326E-16, 0.000000000000000000 ) ) ;
#5061 = FILL_AREA_STYLE_COLOUR ( '', #4790 ) ;
#5062 = ORIENTED_EDGE ( 'NONE', *, *, #2259, .F. ) ;
#5063 = CARTESIAN_POINT ( 'NONE',  ( -5.973749999999992788, 25.10999999999999588, -26.69249999999999901 ) ) ;
#5064 = CARTESIAN_POINT ( 'NONE',  ( 1.012499999999961542, 18.02249999999999375, -42.06036481966484075 ) ) ;
#5065 = AXIS2_PLACEMENT_3D ( 'NONE', #1988, #1554, #3939 ) ;
#5066 = COLOUR_RGB ( '',0.1019607843137254888, 0.1019607843137254888, 0.1019607843137254888 ) ;
#5067 = CARTESIAN_POINT ( 'NONE',  ( 10.45795950726123280, 21.67706373720120894, -90.61875000250094558 ) ) ;
#5068 = CARTESIAN_POINT ( 'NONE',  ( -5.973749999999992788, 0.000000000000000000, -110.3999999999999915 ) ) ;
#5069 =( NAMED_UNIT ( * ) SI_UNIT ( $, .STERADIAN. ) SOLID_ANGLE_UNIT ( ) );
#5070 = SURFACE_SIDE_STYLE ('',( #1233 ) ) ;
#5071 = VECTOR ( 'NONE', #5767, 1000.000000000000000 ) ;
#5072 = EDGE_CURVE ( 'NONE', #5341, #2729, #1686, .T. ) ;
#5073 = CARTESIAN_POINT ( 'NONE',  ( -4.391018798566292958E-14, -7.286138404572872835E-15, -95.03213518033507512 ) ) ;
#5074 = VERTEX_POINT ( 'NONE', #6065 ) ;
#5075 = LINE ( 'NONE', #2230, #753 ) ;
#5076 = CARTESIAN_POINT ( 'NONE',  ( 11.04399226383023702, 5.712614827231313974, -46.47375000002924850 ) ) ;
#5077 = EDGE_CURVE ( 'NONE', #1935, #2362, #1222, .T. ) ;
#5078 = MECHANICAL_DESIGN_GEOMETRIC_PRESENTATION_REPRESENTATION (  '', ( #5184 ), #764 ) ;
#5079 = VERTEX_POINT ( 'NONE', #3704 ) ;
#5080 = ORIENTED_EDGE ( 'NONE', *, *, #978, .T. ) ;
#5081 = FACE_OUTER_BOUND ( 'NONE', #6177, .T. ) ;
#5082 =( NAMED_UNIT ( * ) SI_UNIT ( $, .STERADIAN. ) SOLID_ANGLE_UNIT ( ) );
#5083 = FILL_AREA_STYLE_COLOUR ( '', #4643 ) ;
#5084 = CARTESIAN_POINT ( 'NONE',  ( 32.92873889984931424, 29.16000000000018133, -23.69249999999998835 ) ) ;
#5085 = MECHANICAL_DESIGN_GEOMETRIC_PRESENTATION_REPRESENTATION (  '', ( #3764 ), #5918 ) ;
#5086 = ORIENTED_EDGE ( 'NONE', *, *, #1518, .T. ) ;
#5087 =( LENGTH_UNIT ( ) NAMED_UNIT ( * ) SI_UNIT ( .MILLI., .METRE. ) );
#5088 = AXIS2_PLACEMENT_3D ( 'NONE', #2727, #896, #2321 ) ;
#5089 = CARTESIAN_POINT ( 'NONE',  ( 10.12500000000000000, 28.48043086460504725, -96.94745616557155188 ) ) ;
#5090 = DIRECTION ( 'NONE',  ( 0.000000000000000000, 2.731520261113486647E-16, 1.000000000000000000 ) ) ;
#5091 =( NAMED_UNIT ( * ) PLANE_ANGLE_UNIT ( ) SI_UNIT ( $, .RADIAN. ) );
#5092 = UNCERTAINTY_MEASURE_WITH_UNIT (LENGTH_MEASURE( 1.000000000000000082E-05 ), #4936, 'distance_accuracy_value', 'NONE');
#5093 = STYLED_ITEM ( 'NONE', ( #5722 ), #4865 ) ;
#5094 =( NAMED_UNIT ( * ) SI_UNIT ( $, .STERADIAN. ) SOLID_ANGLE_UNIT ( ) );
#5095 = CARTESIAN_POINT ( 'NONE',  ( 10.62500000000000000, 25.10999999999999588, -45.96750000000000114 ) ) ;
#5096 = VERTEX_POINT ( 'NONE', #6127 ) ;
#5097 = STYLED_ITEM ( 'NONE', ( #3721 ), #5107 ) ;
#5098 = SURFACE_STYLE_USAGE ( .BOTH. , #3634 ) ;
#5099 = CARTESIAN_POINT ( 'NONE',  ( 3.786783009627744168, 29.16000000000001080, -97.76893678826282041 ) ) ;
#5100 = CARTESIAN_POINT ( 'NONE',  ( -8.208430559340616384, 23.85999999999999943, -37.04247677478998924 ) ) ;
#5101 =( GEOMETRIC_REPRESENTATION_CONTEXT ( 3 ) GLOBAL_UNCERTAINTY_ASSIGNED_CONTEXT ( ( #654 ) ) GLOBAL_UNIT_ASSIGNED_CONTEXT ( ( #4437, #3466, #2074 ) ) REPRESENTATION_CONTEXT ( 'NONE', 'WORKASPACE' ) );
#5102 = CARTESIAN_POINT ( 'NONE',  ( -7.796250000000000568, -1.060526496784164747E-13, -102.2625000000000028 ) ) ;
#5103 = SURFACE_SIDE_STYLE ('',( #3670 ) ) ;
#5104 = ORIENTED_EDGE ( 'NONE', *, *, #1685, .F. ) ;
#5105 =( NAMED_UNIT ( * ) SI_UNIT ( $, .STERADIAN. ) SOLID_ANGLE_UNIT ( ) );
#5106 = VECTOR ( 'NONE', #5511, 1000.000000000000000 ) ;
#5107 = ADVANCED_FACE ( 'NONE', ( #5616 ), #4592, .T. ) ;
#5108 = CARTESIAN_POINT ( 'NONE',  ( -9.285721205957901958, 2.923226403549558761, -94.25022353156224142 ) ) ;
#5109 = CARTESIAN_POINT ( 'NONE',  ( 11.05289438370166799, -4.049999999999748468, -46.32412789394894048 ) ) ;
#5110 = LINE ( 'NONE', #2696, #5923 ) ;
#5111 = PRESENTATION_LAYER_ASSIGNMENT (  '', '', ( #1580 ) ) ;
#5112 = ORIENTED_EDGE ( 'NONE', *, *, #4638, .F. ) ;
#5113 = PRESENTATION_STYLE_ASSIGNMENT (( #6083 ) ) ;
#5114 = DIRECTION ( 'NONE',  ( 1.000000000000000000, 0.000000000000000000, 0.000000000000000000 ) ) ;
#5115 = LINE ( 'NONE', #3276, #6091 ) ;
#5116 = ADVANCED_FACE ( 'NONE', ( #5903 ), #3999, .F. ) ;
#5117 = CARTESIAN_POINT ( 'NONE',  ( 10.62500000000000000, 25.10999999999999588, -140.1299999999999670 ) ) ;
#5118 = VERTEX_POINT ( 'NONE', #3903 ) ;
#5119 =( NAMED_UNIT ( * ) PLANE_ANGLE_UNIT ( ) SI_UNIT ( $, .RADIAN. ) );
#5120 =( NAMED_UNIT ( * ) SI_UNIT ( $, .STERADIAN. ) SOLID_ANGLE_UNIT ( ) );
#5121 = CARTESIAN_POINT ( 'NONE',  ( 10.62500000000000000, -3.037499999999990319, -40.84195960390601954 ) ) ;
#5122 = B_SPLINE_SURFACE_WITH_KNOTS ( 'NONE', 3, 1, ( 
 ( #5614, #787 ),
 ( #1284, #4099 ),
 ( #718, #5581 ),
 ( #2211, #4163 ),
 ( #3099, #5644 ),
 ( #4070, #308 ) ),
 .UNSPECIFIED., .F., .F., .F.,
 ( 4, 2, 4 ),
 ( 2, 2 ),
 ( 0.000000000000000000, 0.5000000000000000000, 1.000000000000000000 ),
 ( 0.000000000000000000, 1.000000000000000000 ),
 .UNSPECIFIED. ) ;
#5123 = EDGE_CURVE ( 'NONE', #1014, #4304, #5870, .T. ) ;
#5124 = CARTESIAN_POINT ( 'NONE',  ( 1.012499999999974865, 7.087499999999999467, -42.06036481966481944 ) ) ;
#5125 = SURFACE_STYLE_USAGE ( .BOTH. , #6036 ) ;
#5126 = CARTESIAN_POINT ( 'NONE',  ( 1.128390649127214207, 29.15999999999999304, -42.04756902449843636 ) ) ;
#5127 = EDGE_LOOP ( 'NONE', ( #6038, #5410, #3493, #2319, #1986, #4899 ) ) ;
#5128 = CARTESIAN_POINT ( 'NONE',  ( -0.2184361612793589980, 23.79478764861064022, -50.69667566507789758 ) ) ;
#5129 = CARTESIAN_POINT ( 'NONE',  ( -8.861478602724279341, 2.370377364547000543, -44.04987884705087708 ) ) ;
#5130 = CARTESIAN_POINT ( 'NONE',  ( 3.135276948311313649, 29.16000000000000369, -97.10923230674522699 ) ) ;
#5131 = UNCERTAINTY_MEASURE_WITH_UNIT (LENGTH_MEASURE( 1.000000000000000082E-05 ), #273, 'distance_accuracy_value', 'NONE');
#5132 = FACE_OUTER_BOUND ( 'NONE', #4392, .T. ) ;
#5133 = CARTESIAN_POINT ( 'NONE',  ( 0.000000000000000000, 25.10999999999999588, 3.037499999999999645 ) ) ;
#5134 = EDGE_LOOP ( 'NONE', ( #1345 ) ) ;
#5135 = CLOSED_SHELL ( 'NONE', ( #5840, #1075, #5354, #1599, #6229, #4443, #3379, #2745, #1828, #2317, #4566, #1629, #186, #4902, #5116, #3172, #1746, #2585, #541, #5390, #1008, #2137, #1415, #4400, #3981, #3521, #2706, #1120, #2509, #3751, #3485, #2782, #1045, #258, #5503, #2408, #3263, #5750, #2873, #740, #1932, #4248, #4917, #4364, #4128, #6109, #3323, #5471, #1335, #5602, #6221, #733, #4394, #4183, #3607, #5999, #4066, #3906, #6170, #339, #2176, #2060, #926, #3669, #3890, #4715, #3515, #4996, #6145, #3019, #6180, #3635, #3640, #4746, #1789, #4865, #1527, #1496, #5666, #723, #5596, #6054, #3289, #4762, #231, #1159, #3296, #1938, #3972, #5709, #5107, #3371, #5947, #3717, #3409, #1388, #5325, #560, #2099, #1859, #6102, #1037, #1296, #5869, #1187, #3494, #2396, #568, #5148, #6269, #1106, #5031 ) ) ;
#5136 = LINE ( 'NONE', #923, #6172 ) ;
#5137 = CARTESIAN_POINT ( 'NONE',  ( -8.838997374665245488, 23.21910286610426510, -42.11048611675324338 ) ) ;
#5138 = CARTESIAN_POINT ( 'NONE',  ( -8.336247329622059610, 1.153071973854696397, -93.88376834676677163 ) ) ;
#5139 = AXIS2_PLACEMENT_3D ( 'NONE', #5064, #5554, #725 ) ;
#5140 = CARTESIAN_POINT ( 'NONE',  ( 11.07037555298913389, 5.922238896355590754, -46.47374999998862677 ) ) ;
#5141 = VERTEX_POINT ( 'NONE', #6003 ) ;
#5142 = MECHANICAL_DESIGN_GEOMETRIC_PRESENTATION_REPRESENTATION (  '', ( #1711 ), #3621 ) ;
#5143 = DIRECTION ( 'NONE',  ( 1.000000000000000000, 2.655626061989186179E-15, 0.000000000000000000 ) ) ;
#5144 = SURFACE_STYLE_USAGE ( .BOTH. , #806 ) ;
#5145 = DIRECTION ( 'NONE',  ( 0.000000000000000000, -1.000000000000000000, -1.267249292515524055E-16 ) ) ;
#5146 = STYLED_ITEM ( 'NONE', ( #678 ), #1106 ) ;
#5147 = EDGE_LOOP ( 'NONE', ( #3970, #973, #5682, #4215 ) ) ;
#5148 = ADVANCED_FACE ( 'NONE', ( #5149 ), #1768, .T. ) ;
#5149 = FACE_OUTER_BOUND ( 'NONE', #928, .T. ) ;
#5150 = SURFACE_STYLE_FILL_AREA ( #1339 ) ;
#5151 = FILL_AREA_STYLE ('',( #4260 ) ) ;
#5152 = STYLED_ITEM ( 'NONE', ( #1749 ), #1187 ) ;
#5153 = SURFACE_STYLE_USAGE ( .BOTH. , #4195 ) ;
#5154 = PRESENTATION_LAYER_ASSIGNMENT (  '', '', ( #18 ) ) ;
#5155 = EDGE_CURVE ( 'NONE', #1447, #5118, #2680, .T. ) ;
#5156 = ORIENTED_EDGE ( 'NONE', *, *, #805, .F. ) ;
#5157 = FACE_OUTER_BOUND ( 'NONE', #1488, .T. ) ;
#5158 = CARTESIAN_POINT ( 'NONE',  ( -8.377616096173726490, 1.344367416305000340, -43.68424808120944647 ) ) ;
#5159 = FACE_OUTER_BOUND ( 'NONE', #3707, .T. ) ;
#5160 = CARTESIAN_POINT ( 'NONE',  ( 0.000000000000000000, -2.986747800704532274, -137.1432521992954605 ) ) ;
#5161 = DIRECTION ( 'NONE',  ( -0.000000000000000000, 1.000000000000000000, 0.000000000000000000 ) ) ;
#5162 = CARTESIAN_POINT ( 'NONE',  ( -2.024999999999999911, 7.087500000000000355, -83.53125000000000000 ) ) ;
#5163 = SURFACE_STYLE_USAGE ( .BOTH. , #5103 ) ;
#5164 = PRESENTATION_LAYER_ASSIGNMENT (  '', '', ( #1631 ) ) ;
#5165 = STYLED_ITEM ( 'NONE', ( #5736 ), #2396 ) ;
#5166 = ORIENTED_EDGE ( 'NONE', *, *, #2771, .F. ) ;
#5167 = DIRECTION ( 'NONE',  ( 1.000000000000000000, 0.000000000000000000, 0.000000000000000000 ) ) ;
#5168 = B_SPLINE_CURVE_WITH_KNOTS ( 'NONE', 3,
 ( #580, #5287, #2368, #44, #1029, #5899, #4761, #3900, #1920 ),
 .UNSPECIFIED., .F., .F.,
 ( 4, 1, 2, 2, 4 ),
 ( 0.000000000000000000, 0.2500000000000022204, 0.3750000000000012212, 0.5000000000000002220, 1.000000000000000000 ),
 .UNSPECIFIED. ) ;
#5169 = CARTESIAN_POINT ( 'NONE',  ( -5.973749999999999893, -9.106646484257996782E-22, -45.96750000000000114 ) ) ;
#5170 = COLOUR_RGB ( '',0.1019607843137254888, 0.1019607843137254888, 0.1019607843137254888 ) ;
#5171 = PRESENTATION_LAYER_ASSIGNMENT (  '', '', ( #1636 ) ) ;
#5172 = CARTESIAN_POINT ( 'NONE',  ( 11.07645002354539621, 5.977304105764298825, -46.47374999999999545 ) ) ;
#5173 = DIRECTION ( 'NONE',  ( 0.000000000000000000, 0.000000000000000000, -1.000000000000000000 ) ) ;
#5174 = CARTESIAN_POINT ( 'NONE',  ( -5.973749999999985683, 2.149999999998877698, -41.94999999975932070 ) ) ;
#5175 = ORIENTED_EDGE ( 'NONE', *, *, #4529, .T. ) ;
#5176 = DIRECTION ( 'NONE',  ( 6.071532165918857963E-15, -1.000000000000000000, 0.000000000000000000 ) ) ;
#5177 = COLOUR_RGB ( '',0.1019607843137254888, 0.1019607843137254888, 0.1019607843137254888 ) ;
#5178 = ORIENTED_EDGE ( 'NONE', *, *, #1818, .F. ) ;
#5179 = PRESENTATION_STYLE_ASSIGNMENT (( #3274 ) ) ;
#5180 = FILL_AREA_STYLE_COLOUR ( '', #327 ) ;
#5181 = B_SPLINE_CURVE_WITH_KNOTS ( 'NONE', 3,
 ( #1976, #4818, #1397, #2888, #972, #3308, #2825, #935, #5860, #4756, #1000, #3402, #515, #1487, #5340, #4308, #6, #1886, #3842, #2417 ),
 .UNSPECIFIED., .F., .F.,
 ( 4, 2, 2, 2, 2, 2, 2, 2, 2, 4 ),
 ( 0.000000000000000000, 0.0003499984973325641477, 0.0006999969946651282953, 0.001399993989330257241, 0.002799987978660514482, 0.004199981967990771940, 0.005599975957321031567, 0.008399963935981549085, 0.009799957925311816517, 0.01119995191464208222 ),
 .UNSPECIFIED. ) ;
#5182 = CARTESIAN_POINT ( 'NONE',  ( -2.024999999999999911, 7.087500000000000355, 0.000000000000000000 ) ) ;
#5183 = CARTESIAN_POINT ( 'NONE',  ( -2.004649221976988915, 18.77290761096614347, -83.57989916348370230 ) ) ;
#5184 = STYLED_ITEM ( 'NONE', ( #1013 ), #3972 ) ;
#5185 = ORIENTED_EDGE ( 'NONE', *, *, #3246, .T. ) ;
#5186 = CARTESIAN_POINT ( 'NONE',  ( 5.918359913728105326, -1.774942999473169580, -90.61874996770747259 ) ) ;
#5187 = DIRECTION ( 'NONE',  ( 0.000000000000000000, 0.7071067811865474617, 0.7071067811865474617 ) ) ;
#5188 = VECTOR ( 'NONE', #2832, 1000.000000000000000 ) ;
#5189 = EDGE_CURVE ( 'NONE', #269, #2799, #2399, .T. ) ;
#5190 =( GEOMETRIC_REPRESENTATION_CONTEXT ( 3 ) GLOBAL_UNCERTAINTY_ASSIGNED_CONTEXT ( ( #2539 ) ) GLOBAL_UNIT_ASSIGNED_CONTEXT ( ( #4029, #4212, #3270 ) ) REPRESENTATION_CONTEXT ( 'NONE', 'WORKASPACE' ) );
#5191 = DIRECTION ( 'NONE',  ( 0.000000000000000000, -0.000000000000000000, -1.000000000000000000 ) ) ;
#5192 = CARTESIAN_POINT ( 'NONE',  ( 2.153821655295041104, 29.16000000000000014, -41.12924565395601206 ) ) ;
#5193 = ORIENTED_EDGE ( 'NONE', *, *, #4167, .T. ) ;
#5194 = CARTESIAN_POINT ( 'NONE',  ( -0.2532012488848782716, 23.74444015146690390, -50.73853108074613516 ) ) ;
#5195 = CARTESIAN_POINT ( 'NONE',  ( -0.1250000000000348055, 11.43499999999999872, -110.3999999999999915 ) ) ;
#5196 = LINE ( 'NONE', #4649, #2118 ) ;
#5197 = EDGE_CURVE ( 'NONE', #3945, #4809, #4125, .T. ) ;
#5198 = CARTESIAN_POINT ( 'NONE',  ( -9.442608046179362447, 21.69742534236150888, -93.97258620506552518 ) ) ;
#5199 = CARTESIAN_POINT ( 'NONE',  ( 1.012499999999961542, 18.02249999999999375, -23.69249999999998835 ) ) ;
#5200 = FACE_OUTER_BOUND ( 'NONE', #4749, .T. ) ;
#5201 = CARTESIAN_POINT ( 'NONE',  ( -5.973749999999999893, 3.138750000000141593, -26.73000000000000043 ) ) ;
#5202 = STYLED_ITEM ( 'NONE', ( #5314 ), #5325 ) ;
#5203 = ORIENTED_EDGE ( 'NONE', *, *, #5758, .T. ) ;
#5204 = FILL_AREA_STYLE_COLOUR ( '', #3314 ) ;
#5205 = PRESENTATION_STYLE_ASSIGNMENT (( #5692 ) ) ;
#5206 = EDGE_CURVE ( 'NONE', #1327, #5732, #241, .T. ) ;
#5207 = CARTESIAN_POINT ( 'NONE',  ( -8.888949218481512204, 1.984829587258244210, -41.95073993562209580 ) ) ;
#5208 = AXIS2_PLACEMENT_3D ( 'NONE', #6273, #3205, #394 ) ;
#5209 = CARTESIAN_POINT ( 'NONE',  ( 11.02899686258690082, -4.049999999999744915, -46.26539387000641312 ) ) ;
#5210 = PLANE ( 'NONE',  #5088 ) ;
#5211 = ORIENTED_EDGE ( 'NONE', *, *, #266, .F. ) ;
#5212 = SURFACE_STYLE_USAGE ( .BOTH. , #4719 ) ;
#5213 = ORIENTED_EDGE ( 'NONE', *, *, #4831, .F. ) ;
#5214 =( NAMED_UNIT ( * ) SI_UNIT ( $, .STERADIAN. ) SOLID_ANGLE_UNIT ( ) );
#5215 = PRESENTATION_STYLE_ASSIGNMENT (( #837 ) ) ;
#5216 = FILL_AREA_STYLE_COLOUR ( '', #2135 ) ;
#5217 = MECHANICAL_DESIGN_GEOMETRIC_PRESENTATION_REPRESENTATION (  '', ( #1486 ), #1875 ) ;
#5218 = VERTEX_POINT ( 'NONE', #783 ) ;
#5219 = CARTESIAN_POINT ( 'NONE',  ( 1.157216739056530441, -4.050000000000000711, -95.05257678755671691 ) ) ;
#5220 = PRESENTATION_STYLE_ASSIGNMENT (( #5153 ) ) ;
#5221 = DIRECTION ( 'NONE',  ( -3.212450881438532241E-16, -1.000000000000000000, 0.000000000000000000 ) ) ;
#5222 = CARTESIAN_POINT ( 'NONE',  ( 5.918359913717348597, 26.88494299947910449, -46.47375003229252854 ) ) ;
#5223 = ORIENTED_EDGE ( 'NONE', *, *, #5549, .T. ) ;
#5224 = EDGE_CURVE ( 'NONE', #1258, #1566, #4031, .T. ) ;
#5225 = CARTESIAN_POINT ( 'NONE',  ( 3.274065535898643020, -4.049999999999993605, -39.82790528917991679 ) ) ;
#5226 =( LENGTH_UNIT ( ) NAMED_UNIT ( * ) SI_UNIT ( .MILLI., .METRE. ) );
#5227 = LINE ( 'NONE', #3794, #1128 ) ;
#5228 = CARTESIAN_POINT ( 'NONE',  ( -8.507045600368838834, 3.638750000000137597, -46.47374999999998835 ) ) ;
#5229 = CARTESIAN_POINT ( 'NONE',  ( -7.796249999999990798, 21.32158956113294224, -101.6444737884497584 ) ) ;
#5230 = SURFACE_STYLE_USAGE ( .BOTH. , #3292 ) ;
#5231 = FILL_AREA_STYLE ('',( #6238 ) ) ;
#5232 = EDGE_LOOP ( 'NONE', ( #5850, #2698, #1041, #3767 ) ) ;
#5233 = EDGE_CURVE ( 'NONE', #2920, #1019, #1737, .T. ) ;
#5234 = CARTESIAN_POINT ( 'NONE',  ( -2.019891361812007347, 6.713772913097806772, -83.54347186535949277 ) ) ;
#5235 = CARTESIAN_POINT ( 'NONE',  ( 10.62500000000000178, -3.964982751066865596, -37.91724889245276842 ) ) ;
#5236 = CARTESIAN_POINT ( 'NONE',  ( -8.910177848111031196, 2.049722499704111467, -94.57821187847297040 ) ) ;
#5237 = ORIENTED_EDGE ( 'NONE', *, *, #2333, .T. ) ;
#5238 = EDGE_CURVE ( 'NONE', #1439, #871, #1675, .T. ) ;
#5239 = CARTESIAN_POINT ( 'NONE',  ( 32.92873889984931424, 29.16000000000018133, -23.69249999999998835 ) ) ;
#5240 = EDGE_LOOP ( 'NONE', ( #3806, #6166, #2406, #1101 ) ) ;
#5241 = CARTESIAN_POINT ( 'NONE',  ( 9.683029876856510398, 23.27141431075050804, -90.61875001173801536 ) ) ;
#5242 = DIRECTION ( 'NONE',  ( 0.000000000000000000, 1.000000000000000000, 0.000000000000000000 ) ) ;
#5243 =( GEOMETRIC_REPRESENTATION_CONTEXT ( 3 ) GLOBAL_UNCERTAINTY_ASSIGNED_CONTEXT ( ( #1104 ) ) GLOBAL_UNIT_ASSIGNED_CONTEXT ( ( #660, #4488, #1616 ) ) REPRESENTATION_CONTEXT ( 'NONE', 'WORKASPACE' ) );
#5244 = FACE_BOUND ( 'NONE', #921, .T. ) ;
#5245 =( LENGTH_UNIT ( ) NAMED_UNIT ( * ) SI_UNIT ( .MILLI., .METRE. ) );
#5246 =( BOUNDED_CURVE ( )  B_SPLINE_CURVE ( 3, ( #4570, #3587, #3680, #2638 ),
 .UNSPECIFIED., .F., .T. ) 
 B_SPLINE_CURVE_WITH_KNOTS ( ( 4, 4 ),
 ( 0.000000000000000000, 0.7753974966107559652 ),
 .UNSPECIFIED. ) 
 CURVE ( )  GEOMETRIC_REPRESENTATION_ITEM ( )  RATIONAL_B_SPLINE_CURVE ( ( 1.000000000000000000, 0.9505210128485650500, 0.9505210128485650500, 1.000000000000000000 ) ) 
 REPRESENTATION_ITEM ( '' )  );
#5247 = AXIS2_PLACEMENT_3D ( 'NONE', #2961, #4414, #4858 ) ;
#5248 = ORIENTED_EDGE ( 'NONE', *, *, #2865, .F. ) ;
#5249 = PRESENTATION_STYLE_ASSIGNMENT (( #3310 ) ) ;
#5250 = CARTESIAN_POINT ( 'NONE',  ( 1.240646695224839835, -4.050000000000000711, -95.08127098124487020 ) ) ;
#5251 = CARTESIAN_POINT ( 'NONE',  ( 10.12500000000000000, -3.037499999999999645, -96.25054039609395318 ) ) ;
#5252 = DIRECTION ( 'NONE',  ( 1.000000000000000000, 0.000000000000000000, 0.000000000000000000 ) ) ;
#5253 = UNCERTAINTY_MEASURE_WITH_UNIT (LENGTH_MEASURE( 1.000000000000000082E-05 ), #2173, 'distance_accuracy_value', 'NONE');
#5254 = PRESENTATION_STYLE_ASSIGNMENT (( #1437 ) ) ;
#5255 = CARTESIAN_POINT ( 'NONE',  ( 8.113050789623930115, 25.24902447805009942, -46.47375001603011668 ) ) ;
#5256 = EDGE_LOOP ( 'NONE', ( #2448 ) ) ;
#5257 = CARTESIAN_POINT ( 'NONE',  ( 1.440443597846338797, -4.050000000000003375, -41.89309093300369113 ) ) ;
#5258 = PRESENTATION_STYLE_ASSIGNMENT (( #2772 ) ) ;
#5259 = CARTESIAN_POINT ( 'NONE',  ( -9.221414515750712582, 21.80197733799952076, -92.89071917974037262 ) ) ;
#5260 = VECTOR ( 'NONE', #2045, 1000.000000000000000 ) ;
#5261 = EDGE_CURVE ( 'NONE', #90, #3722, #4683, .T. ) ;
#5262 = CARTESIAN_POINT ( 'NONE',  ( -9.112499999999998934, 7.087500000000000355, -90.61874999999999147 ) ) ;
#5263 =( NAMED_UNIT ( * ) PLANE_ANGLE_UNIT ( ) SI_UNIT ( $, .RADIAN. ) );
#5264 = ORIENTED_EDGE ( 'NONE', *, *, #2803, .T. ) ;
#5265 =( GEOMETRIC_REPRESENTATION_CONTEXT ( 3 ) GLOBAL_UNCERTAINTY_ASSIGNED_CONTEXT ( ( #4636 ) ) GLOBAL_UNIT_ASSIGNED_CONTEXT ( ( #1231, #4293, #2840 ) ) REPRESENTATION_CONTEXT ( 'NONE', 'WORKASPACE' ) );
#5266 = VECTOR ( 'NONE', #2358, 1000.000000000000000 ) ;
#5267 = PRESENTATION_STYLE_ASSIGNMENT (( #1389 ) ) ;
#5268 = EDGE_CURVE ( 'NONE', #1014, #4350, #4310, .T. ) ;
#5269 = TOROIDAL_SURFACE ( 'NONE', #3738, 1.012499999999999067, 10.12500000000000000 ) ;
#5270 = CARTESIAN_POINT ( 'NONE',  ( -0.2011267879911424195, 1.290352298870322656, -50.67592883093833933 ) ) ;
#5271 = ORIENTED_EDGE ( 'NONE', *, *, #4051, .T. ) ;
#5272 = DIRECTION ( 'NONE',  ( 1.000000000000000000, 6.071532165918857963E-15, 0.000000000000000000 ) ) ;
#5273 = ORIENTED_EDGE ( 'NONE', *, *, #6031, .T. ) ;
#5274 = CARTESIAN_POINT ( 'NONE',  ( 8.599549465186505870, 24.73645251360571606, -90.61875001603020507 ) ) ;
#5275 = COLOUR_RGB ( '',0.1019607843137254888, 0.1019607843137254888, 0.1019607843137254888 ) ;
#5276 = PRESENTATION_STYLE_ASSIGNMENT (( #1394 ) ) ;
#5277 = VECTOR ( 'NONE', #1023, 1000.000000000000000 ) ;
#5278 = UNCERTAINTY_MEASURE_WITH_UNIT (LENGTH_MEASURE( 1.000000000000000082E-05 ), #1612, 'distance_accuracy_value', 'NONE');
#5279 = CARTESIAN_POINT ( 'NONE',  ( -52.37500000000000000, 0.000000000000000000, -110.3999999999999915 ) ) ;
#5280 = EDGE_CURVE ( 'NONE', #2037, #3652, #2365, .T. ) ;
#5281 = CARTESIAN_POINT ( 'NONE',  ( 1.292717133355612225, -4.050000000000005151, -41.98466345491522844 ) ) ;
#5282 = FILL_AREA_STYLE_COLOUR ( '', #2463 ) ;
#5283 = AXIS2_PLACEMENT_3D ( 'NONE', #5657, #3735, #6111 ) ;
#5284 = ORIENTED_EDGE ( 'NONE', *, *, #1974, .F. ) ;
#5285 = CARTESIAN_POINT ( 'NONE',  ( 10.62500000000000000, 25.10999999999999588, -45.96750000000000114 ) ) ;
#5286 = CARTESIAN_POINT ( 'NONE',  ( 1.180338374043795158, -4.049999999999775113, -92.70930087370855688 ) ) ;
#5287 = CARTESIAN_POINT ( 'NONE',  ( 10.62500000000000000, 28.31336733100087955, -40.49475370951478226 ) ) ;
#5288 = B_SPLINE_SURFACE_WITH_KNOTS ( 'NONE', 3, 1, ( 
 ( #1046, #3985 ),
 ( #4558, #4523 ),
 ( #3004, #156 ),
 ( #2531, #5421 ),
 ( #221, #5884 ),
 ( #5034, #6017 ) ),
 .UNSPECIFIED., .F., .F., .F.,
 ( 4, 2, 4 ),
 ( 2, 2 ),
 ( 0.000000000000000000, 0.5000000000000000000, 1.000000000000000000 ),
 ( 0.000000000000000000, 1.000000000000000000 ),
 .UNSPECIFIED. ) ;
#5289 = CARTESIAN_POINT ( 'NONE',  ( 9.207420387001835849, 29.16000000000003212, -36.51206584997515847 ) ) ;
#5290 = CARTESIAN_POINT ( 'NONE',  ( 6.904859113989554764, 29.15999999999982606, -44.61211079158250215 ) ) ;
#5291 = VECTOR ( 'NONE', #2869, 1000.000000000000000 ) ;
#5292 = VERTEX_POINT ( 'NONE', #3844 ) ;
#5293 = PLANE ( 'NONE',  #5004 ) ;
#5294 = DIRECTION ( 'NONE',  ( 1.000000000000000000, 0.000000000000000000, -0.000000000000000000 ) ) ;
#5295 = AXIS2_PLACEMENT_3D ( 'NONE', #309, #2654, #4071 ) ;
#5296 = SURFACE_STYLE_FILL_AREA ( #1842 ) ;
#5297 = VERTEX_POINT ( 'NONE', #2394 ) ;
#5298 = STYLED_ITEM ( 'NONE', ( #2440 ), #4566 ) ;
#5299 = DIRECTION ( 'NONE',  ( -2.582639285611905427E-16, 1.885568995626964780E-16, -1.000000000000000000 ) ) ;
#5300 = CARTESIAN_POINT ( 'NONE',  ( -2.024999999999999911, 9.727687405591804024E-15, -53.56125000000000114 ) ) ;
#5301 = AXIS2_PLACEMENT_3D ( 'NONE', #1384, #4237, #6200 ) ;
#5302 =( LENGTH_UNIT ( ) NAMED_UNIT ( * ) SI_UNIT ( .MILLI., .METRE. ) );
#5303 = ORIENTED_EDGE ( 'NONE', *, *, #892, .T. ) ;
#5304 = CARTESIAN_POINT ( 'NONE',  ( 7.257668977476860128, 28.14749999999999375, -94.96095255484274844 ) ) ;
#5305 = ORIENTED_EDGE ( 'NONE', *, *, #3941, .F. ) ;
#5306 = EDGE_CURVE ( 'NONE', #2393, #2553, #1369, .T. ) ;
#5307 = CARTESIAN_POINT ( 'NONE',  ( 3.480726024198468771, 29.16000000000002146, -92.68515870432041481 ) ) ;
#5308 = AXIS2_PLACEMENT_3D ( 'NONE', #2735, #1215, #4576 ) ;
#5309 = DIRECTION ( 'NONE',  ( 1.000000000000000000, 6.071532165918857963E-15, 0.000000000000000000 ) ) ;
#5310 = LINE ( 'NONE', #1485, #5277 ) ;
#5311 = PRESENTATION_STYLE_ASSIGNMENT (( #5802 ) ) ;
#5312 = MECHANICAL_DESIGN_GEOMETRIC_PRESENTATION_REPRESENTATION (  '', ( #1773 ), #4689 ) ;
#5313 = EDGE_LOOP ( 'NONE', ( #3518 ) ) ;
#5314 = PRESENTATION_STYLE_ASSIGNMENT (( #1003 ) ) ;
#5315 = CARTESIAN_POINT ( 'NONE',  ( 3.722244480525347399, -2.678597686952355783, -90.61874993210642515 ) ) ;
#5316 = EDGE_CURVE ( 'NONE', #6248, #898, #2792, .T. ) ;
#5317 = PRESENTATION_STYLE_ASSIGNMENT (( #101 ) ) ;
#5318 = CARTESIAN_POINT ( 'NONE',  ( 2.929785006851996165, 27.13251149124992168, -47.48873850874992542 ) ) ;
#5319 =( GEOMETRIC_REPRESENTATION_CONTEXT ( 3 ) GLOBAL_UNCERTAINTY_ASSIGNED_CONTEXT ( ( #1681 ) ) GLOBAL_UNIT_ASSIGNED_CONTEXT ( ( #2249, #4132, #3258 ) ) REPRESENTATION_CONTEXT ( 'NONE', 'WORKASPACE' ) );
#5320 =( LENGTH_UNIT ( ) NAMED_UNIT ( * ) SI_UNIT ( .MILLI., .METRE. ) );
#5321 = CARTESIAN_POINT ( 'NONE',  ( 1.697147183542688120, 29.15999999999999304, -41.65425124089031783 ) ) ;
#5322 =( GEOMETRIC_REPRESENTATION_CONTEXT ( 3 ) GLOBAL_UNCERTAINTY_ASSIGNED_CONTEXT ( ( #5346 ) ) GLOBAL_UNIT_ASSIGNED_CONTEXT ( ( #3119, #5570, #2235 ) ) REPRESENTATION_CONTEXT ( 'NONE', 'WORKASPACE' ) );
#5323 = VERTEX_POINT ( 'NONE', #5772 ) ;
#5324 = DIRECTION ( 'NONE',  ( 3.212450881438532241E-15, -1.000000000000000000, -0.000000000000000000 ) ) ;
#5325 = ADVANCED_FACE ( 'NONE', ( #5807 ), #1824, .F. ) ;
#5326 = CARTESIAN_POINT ( 'NONE',  ( 1.012499999999961542, 7.087500000000000355, -113.4000000000000057 ) ) ;
#5327 = UNCERTAINTY_MEASURE_WITH_UNIT (LENGTH_MEASURE( 1.000000000000000082E-05 ), #1563, 'distance_accuracy_value', 'NONE');
#5328 = DIRECTION ( 'NONE',  ( 0.000000000000000000, 0.000000000000000000, 1.000000000000000000 ) ) ;
#5329 = SURFACE_STYLE_FILL_AREA ( #5849 ) ;
#5330 = EDGE_LOOP ( 'NONE', ( #4981, #4562, #3639, #3286, #1083, #4324 ) ) ;
#5331 = CARTESIAN_POINT ( 'NONE',  ( 10.62500000000000000, 22.07249999999999801, 6.175755471531950543E-15 ) ) ;
#5332 = DIRECTION ( 'NONE',  ( -1.000000000000000000, 0.000000000000000000, 0.000000000000000000 ) ) ;
#5333 = SURFACE_SIDE_STYLE ('',( #4329 ) ) ;
#5334 = CARTESIAN_POINT ( 'NONE',  ( 10.62500000000000000, 29.16000000000004277, -23.69249999999998835 ) ) ;
#5335 = ORIENTED_EDGE ( 'NONE', *, *, #6072, .F. ) ;
#5336 = FILL_AREA_STYLE ('',( #5830 ) ) ;
#5337 = CARTESIAN_POINT ( 'NONE',  ( 1.305070731027525799, 28.14749998998931346, -90.61874997933064435 ) ) ;
#5338 = CARTESIAN_POINT ( 'NONE',  ( -5.973749999999999893, 2.024999999999999911, -110.3624999999999829 ) ) ;
#5339 = PRODUCT_RELATED_PRODUCT_CATEGORY ( 'part', '', ( #4261 ) ) ;
#5340 = CARTESIAN_POINT ( 'NONE',  ( 6.567686363338084199, 29.16000000000002501, -99.74478791476046524 ) ) ;
#5341 = VERTEX_POINT ( 'NONE', #5285 ) ;
#5342 = DIRECTION ( 'NONE',  ( 1.000000000000000000, 0.000000000000000000, 0.000000000000000000 ) ) ;
#5343 = AXIS2_PLACEMENT_3D ( 'NONE', #2980, #5426, #4907 ) ;
#5344 = CARTESIAN_POINT ( 'NONE',  ( 4.302999391114021854, -4.049999999999982059, -98.23730114405846336 ) ) ;
#5345 = DIRECTION ( 'NONE',  ( 1.000000000000000000, -2.844089847033580922E-14, 0.000000000000000000 ) ) ;
#5346 = UNCERTAINTY_MEASURE_WITH_UNIT (LENGTH_MEASURE( 1.000000000000000082E-05 ), #3119, 'distance_accuracy_value', 'NONE');
#5347 = EDGE_CURVE ( 'NONE', #721, #2356, #2834, .T. ) ;
#5348 =( NAMED_UNIT ( * ) PLANE_ANGLE_UNIT ( ) SI_UNIT ( $, .RADIAN. ) );
#5349 = ORIENTED_EDGE ( 'NONE', *, *, #302, .F. ) ;
#5350 =( NAMED_UNIT ( * ) PLANE_ANGLE_UNIT ( ) SI_UNIT ( $, .RADIAN. ) );
#5351 = CARTESIAN_POINT ( 'NONE',  ( -8.312881167656840375, 1.100344540732030918, -43.12711348392486599 ) ) ;
#5352 = CIRCLE ( 'NONE', #1025, 11.13749999999999396 ) ;
#5353 = CARTESIAN_POINT ( 'NONE',  ( -0.1272103348605735929, 23.92414733006082983, -86.50446309003173440 ) ) ;
#5354 = ADVANCED_FACE ( 'NONE', ( #2764 ), #4798, .F. ) ;
#5355 = DIRECTION ( 'NONE',  ( -2.582639285611905427E-16, 2.238429243383175034E-33, 1.000000000000000000 ) ) ;
#5356 = COLOUR_RGB ( '',0.1019607843137254888, 0.1019607843137254888, 0.1019607843137254888 ) ;
#5357 = LINE ( 'NONE', #4835, #3968 ) ;
#5358 = VERTEX_POINT ( 'NONE', #4820 ) ;
#5359 = CARTESIAN_POINT ( 'NONE',  ( 0.7043844951666337062, 0.1588173195992438891, -87.42243268040081716 ) ) ;
#5360 =( GEOMETRIC_REPRESENTATION_CONTEXT ( 3 ) GLOBAL_UNCERTAINTY_ASSIGNED_CONTEXT ( ( #1780 ) ) GLOBAL_UNIT_ASSIGNED_CONTEXT ( ( #3726, #2839, #4201 ) ) REPRESENTATION_CONTEXT ( 'NONE', 'WORKASPACE' ) );
#5361 = DIRECTION ( 'NONE',  ( -1.000000000000000000, 0.000000000000000000, 0.000000000000000000 ) ) ;
#5362 = CARTESIAN_POINT ( 'NONE',  ( -9.112499999999998934, -1.036882349681998622E-13, -46.47375000000000256 ) ) ;
#5363 = DIRECTION ( 'NONE',  ( 0.000000000000000000, 0.000000000000000000, -1.000000000000000000 ) ) ;
#5364 = MECHANICAL_DESIGN_GEOMETRIC_PRESENTATION_REPRESENTATION (  '', ( #3833 ), #3533 ) ;
#5365 = ORIENTED_EDGE ( 'NONE', *, *, #5630, .T. ) ;
#5366 = DIRECTION ( 'NONE',  ( -1.445602896647339903E-16, 1.000000000000000000, 1.885568995626964780E-16 ) ) ;
#5367 = FILL_AREA_STYLE ('',( #162 ) ) ;
#5368 = SURFACE_SIDE_STYLE ('',( #969 ) ) ;
#5369 = CIRCLE ( 'NONE', #2231, 1.050000000237291786 ) ;
#5370 = CARTESIAN_POINT ( 'NONE',  ( 1.070778906246636408, -4.050000000000005151, -42.05774055960335289 ) ) ;
#5371 = SURFACE_SIDE_STYLE ('',( #41 ) ) ;
#5372 = ORIENTED_EDGE ( 'NONE', *, *, #2469, .F. ) ;
#5373 = DIRECTION ( 'NONE',  ( 1.000000000000000000, 0.000000000000000000, 0.000000000000000000 ) ) ;
#5374 = B_SPLINE_CURVE_WITH_KNOTS ( 'NONE', 3,
 ( #4204, #3694, #4174, #4655 ),
 .UNSPECIFIED., .F., .F.,
 ( 4, 4 ),
 ( 0.000000000000000000, 0.0003898900031867529948 ),
 .UNSPECIFIED. ) ;
#5375 = AXIS2_PLACEMENT_3D ( 'NONE', #169, #4573, #2578 ) ;
#5376 = CARTESIAN_POINT ( 'NONE',  ( 2.674096028900059263, -4.049999999999991829, -96.58817227335337918 ) ) ;
#5377 = CARTESIAN_POINT ( 'NONE',  ( 1.012499999999961542, 7.087499999999999467, -110.3999999999999915 ) ) ;
#5378 = SURFACE_STYLE_USAGE ( .BOTH. , #1547 ) ;
#5379 = AXIS2_PLACEMENT_3D ( 'NONE', #1661, #5462, #3551 ) ;
#5380 = EDGE_LOOP ( 'NONE', ( #5595, #5156, #832, #4607, #2476, #3231 ) ) ;
#5381 = FILL_AREA_STYLE ('',( #208 ) ) ;
#5382 = PRESENTATION_LAYER_ASSIGNMENT (  '', '', ( #2439 ) ) ;
#5383 = EDGE_CURVE ( 'NONE', #5341, #1327, #5466, .T. ) ;
#5384 = LINE ( 'NONE', #1162, #1928 ) ;
#5385 = DIRECTION ( 'NONE',  ( 4.905219748903754489E-12, 0.000000000000000000, 1.000000000000000000 ) ) ;
#5386 = VECTOR ( 'NONE', #1753, 1000.000000000000000 ) ;
#5387 = PRESENTATION_STYLE_ASSIGNMENT (( #4004 ) ) ;
#5388 = ORIENTED_EDGE ( 'NONE', *, *, #2182, .F. ) ;
#5389 = CARTESIAN_POINT ( 'NONE',  ( -0.2134270885031578080, 1.308004899722657655, -86.40183412437146160 ) ) ;
#5390 = ADVANCED_FACE ( 'NONE', ( #1149 ), #6243, .T. ) ;
#5391 = CYLINDRICAL_SURFACE ( 'NONE', #4650, 10.12500000000000000 ) ;
#5392 = PRESENTATION_STYLE_ASSIGNMENT (( #4972 ) ) ;
#5393 = CARTESIAN_POINT ( 'NONE',  ( 5.932005944680382115, 28.14749999999999375, -43.48601057771930556 ) ) ;
#5394 = CARTESIAN_POINT ( 'NONE',  ( -1.133133377431715605, 2.932383666512665243, -51.92235425804759075 ) ) ;
#5395 =( GEOMETRIC_REPRESENTATION_CONTEXT ( 3 ) GLOBAL_UNCERTAINTY_ASSIGNED_CONTEXT ( ( #2094 ) ) GLOBAL_UNIT_ASSIGNED_CONTEXT ( ( #5302, #4785, #452 ) ) REPRESENTATION_CONTEXT ( 'NONE', 'WORKASPACE' ) );
#5396 = ORIENTED_EDGE ( 'NONE', *, *, #6136, .T. ) ;
#5397 = ORIENTED_EDGE ( 'NONE', *, *, #1674, .F. ) ;
#5398 = DIRECTION ( 'NONE',  ( 0.000000000000000000, 0.7071067811865489050, 0.7071067811865460184 ) ) ;
#5399 = UNCERTAINTY_MEASURE_WITH_UNIT (LENGTH_MEASURE( 1.000000000000000082E-05 ), #3687, 'distance_accuracy_value', 'NONE');
#5400 = PRESENTATION_STYLE_ASSIGNMENT (( #1541 ) ) ;
#5401 =( GEOMETRIC_REPRESENTATION_CONTEXT ( 3 ) GLOBAL_UNCERTAINTY_ASSIGNED_CONTEXT ( ( #3420 ) ) GLOBAL_UNIT_ASSIGNED_CONTEXT ( ( #1412, #2904, #4272 ) ) REPRESENTATION_CONTEXT ( 'NONE', 'WORKASPACE' ) );
#5402 = DIRECTION ( 'NONE',  ( -0.000000000000000000, -0.000000000000000000, 1.000000000000000000 ) ) ;
#5403 = CARTESIAN_POINT ( 'NONE',  ( 1.012499999999969535, -0.1431962838996078680, -87.72444628389968102 ) ) ;
#5404 = EDGE_LOOP ( 'NONE', ( #3048, #6148, #1823 ) ) ;
#5405 = PRESENTATION_LAYER_ASSIGNMENT (  '', '', ( #4075 ) ) ;
#5406 = CARTESIAN_POINT ( 'NONE',  ( 11.04399226383031163, 5.712614827230766856, -90.61874999997075975 ) ) ;
#5407 = STYLED_ITEM ( 'NONE', ( #4405 ), #5471 ) ;
#5408 =( NAMED_UNIT ( * ) SI_UNIT ( $, .STERADIAN. ) SOLID_ANGLE_UNIT ( ) );
#5409 = CARTESIAN_POINT ( 'NONE',  ( 9.730663367756010373, 29.16000000000003567, -36.42843621265017617 ) ) ;
#5410 = ORIENTED_EDGE ( 'NONE', *, *, #4490, .T. ) ;
#5411 = LINE ( 'NONE', #6005, #5106 ) ;
#5412 = CARTESIAN_POINT ( 'NONE',  ( 4.276877045862010007, -4.049999999999982947, -98.21511596699427571 ) ) ;
#5413 = CARTESIAN_POINT ( 'NONE',  ( 0.4589800397654268949, 24.67299202515156153, -87.16393353762234142 ) ) ;
#5414 = SURFACE_SIDE_STYLE ('',( #1099 ) ) ;
#5415 = STYLED_ITEM ( 'NONE', ( #4123 ), #5999 ) ;
#5416 = CARTESIAN_POINT ( 'NONE',  ( 1.012499999999957545, 19.03499999999998948, -42.06036481966508944 ) ) ;
#5417 = CARTESIAN_POINT ( 'NONE',  ( 10.62500000000000000, 29.16000000000004988, -100.6984762319159188 ) ) ;
#5418 = ORIENTED_EDGE ( 'NONE', *, *, #2206, .T. ) ;
#5419 = CARTESIAN_POINT ( 'NONE',  ( -1.872552142824847721, 19.77523265004112929, -53.22395824878761061 ) ) ;
#5420 = DIRECTION ( 'NONE',  ( -5.165278571223819482E-17, -1.000000000000000000, 3.125627884642895048E-16 ) ) ;
#5421 = CARTESIAN_POINT ( 'NONE',  ( 10.12500000000000000, -3.625305056040521556, -39.41116908515341066 ) ) ;
#5422 = PRESENTATION_STYLE_ASSIGNMENT (( #3918 ) ) ;
#5423 = EDGE_CURVE ( 'NONE', #4731, #2328, #3524, .T. ) ;
#5424 = VERTEX_POINT ( 'NONE', #1092 ) ;
#5425 = ORIENTED_EDGE ( 'NONE', *, *, #1756, .T. ) ;
#5426 = DIRECTION ( 'NONE',  ( -3.212450881438532241E-16, -1.000000000000000000, 0.000000000000000000 ) ) ;
#5427 = CARTESIAN_POINT ( 'NONE',  ( 9.683029876855371754, 1.838585689247949739, -46.47374998826204973 ) ) ;
#5428 = EDGE_CURVE ( 'NONE', #769, #4731, #4998, .T. ) ;
#5429 =( NAMED_UNIT ( * ) SI_UNIT ( $, .STERADIAN. ) SOLID_ANGLE_UNIT ( ) );
#5430 = ORIENTED_EDGE ( 'NONE', *, *, #5206, .F. ) ;
#5431 = CARTESIAN_POINT ( 'NONE',  ( 1.012499999999976641, 18.02250000000000085, -54.06749999999999545 ) ) ;
#5432 = CARTESIAN_POINT ( 'NONE',  ( 11.06309069025867764, 5.859993152899234836, -90.61875000002923741 ) ) ;
#5433 = FACE_OUTER_BOUND ( 'NONE', #4674, .T. ) ;
#5434 = LINE ( 'NONE', #1094, #4028 ) ;
#5435 = CARTESIAN_POINT ( 'NONE',  ( -51.32951142158430713, 3.138750000000141593, -26.73000000000000043 ) ) ;
#5436 = AXIS2_PLACEMENT_3D ( 'NONE', #257, #4143, #3198 ) ;
#5437 = CARTESIAN_POINT ( 'NONE',  ( 10.77835238475628543, 20.70466603229369440, -46.47375000083239627 ) ) ;
#5438 = ORIENTED_EDGE ( 'NONE', *, *, #4710, .F. ) ;
#5439 =( LENGTH_UNIT ( ) NAMED_UNIT ( * ) SI_UNIT ( .MILLI., .METRE. ) );
#5440 =( LENGTH_UNIT ( ) NAMED_UNIT ( * ) SI_UNIT ( .MILLI., .METRE. ) );
#5441 = CARTESIAN_POINT ( 'NONE',  ( 5.415263989499585762, 28.14749999999999375, -90.61875000000003411 ) ) ;
#5442 =( GEOMETRIC_REPRESENTATION_CONTEXT ( 3 ) GLOBAL_UNCERTAINTY_ASSIGNED_CONTEXT ( ( #2030 ) ) GLOBAL_UNIT_ASSIGNED_CONTEXT ( ( #5226, #6161, #2837 ) ) REPRESENTATION_CONTEXT ( 'NONE', 'WORKASPACE' ) );
#5443 = UNCERTAINTY_MEASURE_WITH_UNIT (LENGTH_MEASURE( 1.000000000000000082E-05 ), #2545, 'distance_accuracy_value', 'NONE');
#5444 = CARTESIAN_POINT ( 'NONE',  ( -0.6006320770750183113, 23.21062603015143111, -85.92191055006618683 ) ) ;
#5445 = LINE ( 'NONE', #1588, #1548 ) ;
#5446 = PLANE ( 'NONE',  #1953 ) ;
#5447 = ORIENTED_EDGE ( 'NONE', *, *, #2894, .F. ) ;
#5448 = MECHANICAL_DESIGN_GEOMETRIC_PRESENTATION_REPRESENTATION (  '', ( #4227 ), #5665 ) ;
#5449 = CARTESIAN_POINT ( 'NONE',  ( 2.195288347987315536, 28.14749999999999019, -90.75744899964878698 ) ) ;
#5450 = FILL_AREA_STYLE ('',( #2158 ) ) ;
#5451 = CARTESIAN_POINT ( 'NONE',  ( 8.801213444040243417, 24.49794688733689085, -90.61874999059411095 ) ) ;
#5452 = UNCERTAINTY_MEASURE_WITH_UNIT (LENGTH_MEASURE( 1.000000000000000082E-05 ), #4520, 'distance_accuracy_value', 'NONE');
#5453 = CARTESIAN_POINT ( 'NONE',  ( -51.32951142158430713, 3.138750000000156692, -137.0924999999999727 ) ) ;
#5454 =( GEOMETRIC_REPRESENTATION_CONTEXT ( 3 ) GLOBAL_UNCERTAINTY_ASSIGNED_CONTEXT ( ( #1714 ) ) GLOBAL_UNIT_ASSIGNED_CONTEXT ( ( #5962, #263, #2604 ) ) REPRESENTATION_CONTEXT ( 'NONE', 'WORKASPACE' ) );
#5455 = FILL_AREA_STYLE ('',( #1996 ) ) ;
#5456 = CARTESIAN_POINT ( 'NONE',  ( -1.776462847408821100, 4.857897645633932449, -53.02811500238413345 ) ) ;
#5457 = ORIENTED_EDGE ( 'NONE', *, *, #464, .T. ) ;
#5458 = CARTESIAN_POINT ( 'NONE',  ( -5.973749999999999893, 23.08500000000000085, -102.2625000000000028 ) ) ;
#5459 = STYLED_ITEM ( 'NONE', ( #331 ), #1415 ) ;
#5460 = SURFACE_STYLE_USAGE ( .BOTH. , #3428 ) ;
#5461 = EDGE_CURVE ( 'NONE', #5887, #3889, #2952, .T. ) ;
#5462 = DIRECTION ( 'NONE',  ( 2.498001805406600244E-16, 0.000000000000000000, 1.000000000000000000 ) ) ;
#5463 = CARTESIAN_POINT ( 'NONE',  ( 7.828694725839326907, -0.4133409605511506602, -46.47374997017033138 ) ) ;
#5464 =( GEOMETRIC_REPRESENTATION_CONTEXT ( 3 ) GLOBAL_UNCERTAINTY_ASSIGNED_CONTEXT ( ( #5917 ) ) GLOBAL_UNIT_ASSIGNED_CONTEXT ( ( #3181, #1700, #1731 ) ) REPRESENTATION_CONTEXT ( 'NONE', 'WORKASPACE' ) );
#5465 = ORIENTED_EDGE ( 'NONE', *, *, #3089, .F. ) ;
#5466 = LINE ( 'NONE', #5929, #1182 ) ;
#5467 = CARTESIAN_POINT ( 'NONE',  ( 9.684320183278728678, -4.049999999997710098, -91.85120925540122983 ) ) ;
#5468 = SURFACE_STYLE_FILL_AREA ( #641 ) ;
#5469 = CIRCLE ( 'NONE', #2627, 10.12500000000000178 ) ;
#5470 = FACE_OUTER_BOUND ( 'NONE', #2843, .T. ) ;
#5471 = ADVANCED_FACE ( 'NONE', ( #578 ), #2921, .T. ) ;
#5472 = EDGE_CURVE ( 'NONE', #3616, #173, #3117, .T. ) ;
#5473 = STYLED_ITEM ( 'NONE', ( #2361 ), #3289 ) ;
#5474 = CARTESIAN_POINT ( 'NONE',  ( -7.796249999999988134, 18.02249999999999730, -101.8239397116732761 ) ) ;
#5475 = COLOUR_RGB ( '',0.1019607843137254888, 0.1019607843137254888, 0.1019607843137254888 ) ;
#5476 = CARTESIAN_POINT ( 'NONE',  ( 10.97997002584924076, 19.80774508130782152, -46.47374999973038001 ) ) ;
#5477 = ORIENTED_EDGE ( 'NONE', *, *, #2372, .F. ) ;
#5478 = CARTESIAN_POINT ( 'NONE',  ( 10.62500000000000000, 29.16000000000004988, -100.6984762319159188 ) ) ;
#5479 = LINE ( 'NONE', #4727, #3821 ) ;
#5480 = UNCERTAINTY_MEASURE_WITH_UNIT (LENGTH_MEASURE( 1.000000000000000082E-05 ), #362, 'distance_accuracy_value', 'NONE');
#5481 = CIRCLE ( 'NONE', #1054, 10.12500000000000000 ) ;
#5482 = CARTESIAN_POINT ( 'NONE',  ( 0.1609055945425290068, 24.30828207732028190, -86.83643378172592975 ) ) ;
#5483 = CYLINDRICAL_SURFACE ( 'NONE', #758, 11.13749999999999396 ) ;
#5484 =( NAMED_UNIT ( * ) SI_UNIT ( $, .STERADIAN. ) SOLID_ANGLE_UNIT ( ) );
#5485 = SURFACE_STYLE_USAGE ( .BOTH. , #2998 ) ;
#5486 = AXIS2_PLACEMENT_3D ( 'NONE', #278, #6094, #340 ) ;
#5487 = EDGE_LOOP ( 'NONE', ( #4092, #2208, #6175, #3066, #3204, #3934 ) ) ;
#5488 = CARTESIAN_POINT ( 'NONE',  ( -1.785245042210524602, 20.21284049971042052, -53.04558998440870710 ) ) ;
#5489 = CARTESIAN_POINT ( 'NONE',  ( 11.07037555298870757, 19.18776110364431631, -90.61875000001131752 ) ) ;
#5490 =( NAMED_UNIT ( * ) SI_UNIT ( $, .STERADIAN. ) SOLID_ANGLE_UNIT ( ) );
#5491 = VECTOR ( 'NONE', #5557, 1000.000000000000000 ) ;
#5492 = CARTESIAN_POINT ( 'NONE',  ( 1.477440166823306589, 28.14749999999999375, -46.47374956427617576 ) ) ;
#5493 = DIRECTION ( 'NONE',  ( -1.000000000000000000, 0.000000000000000000, 0.000000000000000000 ) ) ;
#5494 = ORIENTED_EDGE ( 'NONE', *, *, #3106, .T. ) ;
#5495 = VECTOR ( 'NONE', #1285, 1000.000000000000000 ) ;
#5496 = FACE_OUTER_BOUND ( 'NONE', #5661, .T. ) ;
#5497 = CARTESIAN_POINT ( 'NONE',  ( -5.973749999999992788, 1.323342920529794754E-14, -110.3999999999999915 ) ) ;
#5498 =( NAMED_UNIT ( * ) PLANE_ANGLE_UNIT ( ) SI_UNIT ( $, .RADIAN. ) );
#5499 = CARTESIAN_POINT ( 'NONE',  ( 4.302999391112417804, -4.049999999999985612, -38.85519885594379019 ) ) ;
#5500 = VECTOR ( 'NONE', #1266, 1000.000000000000000 ) ;
#5501 = SURFACE_STYLE_FILL_AREA ( #634 ) ;
#5502 = ORIENTED_EDGE ( 'NONE', *, *, #3011, .F. ) ;
#5503 = ADVANCED_FACE ( 'NONE', ( #5081 ), #5992, .F. ) ;
#5504 = FILL_AREA_STYLE ('',( #4571 ) ) ;
#5505 = VECTOR ( 'NONE', #2024, 1000.000000000000000 ) ;
#5506 = LINE ( 'NONE', #1273, #5610 ) ;
#5507 = ORIENTED_EDGE ( 'NONE', *, *, #4088, .T. ) ;
#5508 = EDGE_CURVE ( 'NONE', #90, #1356, #6115, .T. ) ;
#5509 = CARTESIAN_POINT ( 'NONE',  ( 10.12500000000000000, 29.16000000000004988, -100.6984762319159188 ) ) ;
#5510 = ORIENTED_EDGE ( 'NONE', *, *, #1111, .F. ) ;
#5511 = DIRECTION ( 'NONE',  ( 3.212450881438532241E-16, 1.000000000000000000, -6.108134582636268424E-49 ) ) ;
#5512 = SURFACE_SIDE_STYLE ('',( #4579 ) ) ;
#5513 = VECTOR ( 'NONE', #4912, 1000.000000000000000 ) ;
#5514 = UNCERTAINTY_MEASURE_WITH_UNIT (LENGTH_MEASURE( 1.000000000000000082E-05 ), #3400, 'distance_accuracy_value', 'NONE');
#5515 = CARTESIAN_POINT ( 'NONE',  ( -5.973749999999991012, 3.085608286484815664E-16, -35.19250000000000256 ) ) ;
#5516 = VECTOR ( 'NONE', #1060, 1000.000000000000000 ) ;
#5517 = FACE_OUTER_BOUND ( 'NONE', #2323, .T. ) ;
#5518 =( LENGTH_UNIT ( ) NAMED_UNIT ( * ) SI_UNIT ( .MILLI., .METRE. ) );
#5519 = DIRECTION ( 'NONE',  ( 6.057297782015010146E-32, -1.884795814070615786E-47, 1.000000000000000000 ) ) ;
#5520 = EDGE_CURVE ( 'NONE', #1792, #6066, #5246, .T. ) ;
#5521 = DIRECTION ( 'NONE',  ( 2.498001805406600244E-16, 0.000000000000000000, 1.000000000000000000 ) ) ;
#5522 = AXIS2_PLACEMENT_3D ( 'NONE', #344, #1225, #4168 ) ;
#5523 = ORIENTED_EDGE ( 'NONE', *, *, #4654, .T. ) ;
#5524 = CARTESIAN_POINT ( 'NONE',  ( -1.149337948961069555, 22.14140540064229867, -51.94698450910974685 ) ) ;
#5525 = CARTESIAN_POINT ( 'NONE',  ( 9.918654630622491197, 29.16000000000004988, -91.74481406578438225 ) ) ;
#5526 = UNCERTAINTY_MEASURE_WITH_UNIT (LENGTH_MEASURE( 1.000000000000000082E-05 ), #2065, 'distance_accuracy_value', 'NONE');
#5527 = LINE ( 'NONE', #2194, #4743 ) ;
#5528 = CARTESIAN_POINT ( 'NONE',  ( -51.32951142158430713, 21.97125000000000128, -137.0924999999999727 ) ) ;
#5529 = CARTESIAN_POINT ( 'NONE',  ( -1.752114810786285393, 4.752166152321953163, -52.97999275218815995 ) ) ;
#5530 = ORIENTED_EDGE ( 'NONE', *, *, #5316, .T. ) ;
#5531 =( GEOMETRIC_REPRESENTATION_CONTEXT ( 3 ) GLOBAL_UNCERTAINTY_ASSIGNED_CONTEXT ( ( #5678 ) ) GLOBAL_UNIT_ASSIGNED_CONTEXT ( ( #3993, #4022, #5429 ) ) REPRESENTATION_CONTEXT ( 'NONE', 'WORKASPACE' ) );
#5532 =( NAMED_UNIT ( * ) PLANE_ANGLE_UNIT ( ) SI_UNIT ( $, .RADIAN. ) );
#5533 = CARTESIAN_POINT ( 'NONE',  ( -9.258753008895642012, 21.93578289591180663, -43.77788074291696319 ) ) ;
#5534 = CARTESIAN_POINT ( 'NONE',  ( -5.973749999999989235, 23.31143732514220090, -35.23276545776507618 ) ) ;
#5535 = CARTESIAN_POINT ( 'NONE',  ( 2.450132085366210521, -4.049999999999997158, -40.77120253898760893 ) ) ;
#5536 = CARTESIAN_POINT ( 'NONE',  ( -49.50701142158430912, 8.457484033760292845E-15, -113.4000000000000057 ) ) ;
#5537 = ORIENTED_EDGE ( 'NONE', *, *, #4327, .F. ) ;
#5538 = SURFACE_SIDE_STYLE ('',( #675 ) ) ;
#5539 = CARTESIAN_POINT ( 'NONE',  ( 1.012504595659421858, 28.14749999999999375, -46.47375000000000256 ) ) ;
#5540 = SURFACE_STYLE_FILL_AREA ( #6051 ) ;
#5541 = B_SPLINE_CURVE_WITH_KNOTS ( 'NONE', 3,
 ( #529, #1040, #2379, #3798, #5753, #4774 ),
 .UNSPECIFIED., .F., .F.,
 ( 4, 2, 4 ),
 ( 0.000000000000000000, 0.5000000000000000000, 1.000000000000000000 ),
 .UNSPECIFIED. ) ;
#5542 = DIRECTION ( 'NONE',  ( 0.000000000000000000, 0.000000000000000000, 1.000000000000000000 ) ) ;
#5543 = DIRECTION ( 'NONE',  ( 0.000000000000000000, 0.7071067811865461294, -0.7071067811865490160 ) ) ;
#5544 = ORIENTED_EDGE ( 'NONE', *, *, #92, .T. ) ;
#5545 = CARTESIAN_POINT ( 'NONE',  ( -9.147593503506779911, 22.58500000000000441, -99.30668355417975590 ) ) ;
#5546 = VERTEX_POINT ( 'NONE', #3050 ) ;
#5547 = CARTESIAN_POINT ( 'NONE',  ( -5.973749999999992788, 1.323342920529794754E-14, -110.3999999999999915 ) ) ;
#5548 = FACE_BOUND ( 'NONE', #6210, .T. ) ;
#5549 = EDGE_CURVE ( 'NONE', #4552, #5975, #262, .T. ) ;
#5550 =( LENGTH_UNIT ( ) NAMED_UNIT ( * ) SI_UNIT ( .MILLI., .METRE. ) );
#5551 = DIRECTION ( 'NONE',  ( 0.000000000000000000, 0.000000000000000000, -1.000000000000000000 ) ) ;
#5552 = PRESENTATION_STYLE_ASSIGNMENT (( #6159 ) ) ;
#5553 = ORIENTED_EDGE ( 'NONE', *, *, #4710, .T. ) ;
#5554 = DIRECTION ( 'NONE',  ( 0.000000000000000000, -1.885568995626964780E-16, 1.000000000000000000 ) ) ;
#5555 = CARTESIAN_POINT ( 'NONE',  ( 10.70601442737356201, 20.96928168215366384, -90.61875000258909552 ) ) ;
#5556 = EDGE_CURVE ( 'NONE', #5096, #2911, #2674, .T. ) ;
#5557 = DIRECTION ( 'NONE',  ( -2.582639285611905427E-16, 1.885568995626964780E-16, -1.000000000000000000 ) ) ;
#5558 = VECTOR ( 'NONE', #6014, 1000.000000000000000 ) ;
#5559 = LINE ( 'NONE', #319, #1076 ) ;
#5560 = ORIENTED_EDGE ( 'NONE', *, *, #3056, .T. ) ;
#5561 = ORIENTED_EDGE ( 'NONE', *, *, #1007, .T. ) ;
#5562 = FILL_AREA_STYLE_COLOUR ( '', #1310 ) ;
#5563 = DIRECTION ( 'NONE',  ( -3.053113317719179993E-16, 2.040851148208008245E-16, 1.000000000000000000 ) ) ;
#5564 = COLOUR_RGB ( '',0.1019607843137254888, 0.1019607843137254888, 0.1019607843137254888 ) ;
#5565 = CARTESIAN_POINT ( 'NONE',  ( -9.156401969413181519, 2.577391864291981083, -94.49415968730605186 ) ) ;
#5566 = CARTESIAN_POINT ( 'NONE',  ( 7.091236425151918432, -4.049999999999916334, -44.63524972405471658 ) ) ;
#5567 = AXIS2_PLACEMENT_3D ( 'NONE', #1184, #2576, #2547 ) ;
#5568 = EDGE_LOOP ( 'NONE', ( #4575, #4692, #2148, #1364, #3688 ) ) ;
#5569 = DIRECTION ( 'NONE',  ( 0.000000000000000000, 1.885568995626965026E-16, -1.000000000000000000 ) ) ;
#5570 =( NAMED_UNIT ( * ) PLANE_ANGLE_UNIT ( ) SI_UNIT ( $, .RADIAN. ) );
#5571 = DIRECTION ( 'NONE',  ( -1.000000000000000000, 5.782411586589355667E-16, 0.000000000000000000 ) ) ;
#5572 = CARTESIAN_POINT ( 'NONE',  ( 10.12500000000000000, -4.049999999999947420, -100.6984762319159046 ) ) ;
#5573 = VECTOR ( 'NONE', #5542, 1000.000000000000000 ) ;
#5574 = VERTEX_POINT ( 'NONE', #2574 ) ;
#5575 = CARTESIAN_POINT ( 'NONE',  ( -8.800862042103636540, 22.58499999999999730, -100.2537745976289472 ) ) ;
#5576 = VECTOR ( 'NONE', #4460, 1000.000000000000000 ) ;
#5577 = STYLED_ITEM ( 'NONE', ( #5276 ), #1496 ) ;
#5578 = SURFACE_SIDE_STYLE ('',( #5150 ) ) ;
#5579 =( NAMED_UNIT ( * ) SI_UNIT ( $, .STERADIAN. ) SOLID_ANGLE_UNIT ( ) );
#5580 =( GEOMETRIC_REPRESENTATION_CONTEXT ( 3 ) GLOBAL_UNCERTAINTY_ASSIGNED_CONTEXT ( ( #2345 ) ) GLOBAL_UNIT_ASSIGNED_CONTEXT ( ( #3841, #3340, #4372 ) ) REPRESENTATION_CONTEXT ( 'NONE', 'WORKASPACE' ) );
#5581 = CARTESIAN_POINT ( 'NONE',  ( 10.12500000000000000, 28.73108975675040000, -39.42488802818125748 ) ) ;
#5582 =( LENGTH_UNIT ( ) NAMED_UNIT ( * ) SI_UNIT ( .MILLI., .METRE. ) );
#5583 = ORIENTED_EDGE ( 'NONE', *, *, #6063, .F. ) ;
#5584 = EDGE_CURVE ( 'NONE', #5096, #157, #6049, .T. ) ;
#5585 = LINE ( 'NONE', #4586, #5558 ) ;
#5586 = PRESENTATION_LAYER_ASSIGNMENT (  '', '', ( #2936 ) ) ;
#5587 = STYLED_ITEM ( 'NONE', ( #5998 ), #2176 ) ;
#5588 = CARTESIAN_POINT ( 'NONE',  ( 7.906692841180086972, 29.16000000000003567, -92.33431339352873124 ) ) ;
#5589 = UNCERTAINTY_MEASURE_WITH_UNIT (LENGTH_MEASURE( 1.000000000000000082E-05 ), #4695, 'distance_accuracy_value', 'NONE');
#5590 = CARTESIAN_POINT ( 'NONE',  ( -8.472619925441140509, 23.85999999999999588, -38.19250000000000256 ) ) ;
#5591 = CARTESIAN_POINT ( 'NONE',  ( 0.000000000000000000, 1.097754699641572746E-16, -3.037499999999999645 ) ) ;
#5592 = STYLED_ITEM ( 'NONE', ( #5392 ), #3494 ) ;
#5593 = COLOUR_RGB ( '',0.1019607843137254888, 0.1019607843137254888, 0.1019607843137254888 ) ;
#5594 = DIRECTION ( 'NONE',  ( -1.349229370204183975E-15, 0.000000000000000000, -1.000000000000000000 ) ) ;
#5595 = ORIENTED_EDGE ( 'NONE', *, *, #2014, .F. ) ;
#5596 = ADVANCED_FACE ( 'NONE', ( #199 ), #2104, .F. ) ;
#5597 = VECTOR ( 'NONE', #590, 1000.000000000000000 ) ;
#5598 = CARTESIAN_POINT ( 'NONE',  ( -9.397793239815225519, 21.98095741169507633, -42.18193152788067835 ) ) ;
#5599 = CARTESIAN_POINT ( 'NONE',  ( -9.047354871560610690, 2.307242340571642458, -41.95866113373600825 ) ) ;
#5600 =( GEOMETRIC_REPRESENTATION_CONTEXT ( 3 ) GLOBAL_UNCERTAINTY_ASSIGNED_CONTEXT ( ( #5278 ) ) GLOBAL_UNIT_ASSIGNED_CONTEXT ( ( #1612, #3539, #5484 ) ) REPRESENTATION_CONTEXT ( 'NONE', 'WORKASPACE' ) );
#5601 = ORIENTED_EDGE ( 'NONE', *, *, #274, .F. ) ;
#5602 = ADVANCED_FACE ( 'NONE', ( #6176 ), #3836, .T. ) ;
#5603 = SURFACE_STYLE_FILL_AREA ( #3083 ) ;
#5604 = FACE_OUTER_BOUND ( 'NONE', #3540, .T. ) ;
#5605 = PLANE ( 'NONE',  #4033 ) ;
#5606 = LINE ( 'NONE', #5117, #1145 ) ;
#5607 = COLOUR_RGB ( '',0.1019607843137254888, 0.1019607843137254888, 0.1019607843137254888 ) ;
#5608 = VERTEX_POINT ( 'NONE', #3706 ) ;
#5609 = DIRECTION ( 'NONE',  ( 0.000000000000000000, 0.000000000000000000, 1.000000000000000000 ) ) ;
#5610 = VECTOR ( 'NONE', #3174, 1000.000000000000000 ) ;
#5611 = CARTESIAN_POINT ( 'NONE',  ( 6.865310071664747937, -3.037499999999998757, -94.61867150285770833 ) ) ;
#5612 = CARTESIAN_POINT ( 'NONE',  ( 2.195288287845476916, -3.037500000000000533, -46.33505101529207337 ) ) ;
#5613 = STYLED_ITEM ( 'NONE', ( #3766 ), #4902 ) ;
#5614 = CARTESIAN_POINT ( 'NONE',  ( 10.62500000000000000, 28.14749999999999375, -40.84195960390618296 ) ) ;
#5615 = CARTESIAN_POINT ( 'NONE',  ( 1.012499999999967315, 28.14749999999999375, -90.61874999999999147 ) ) ;
#5616 = FACE_OUTER_BOUND ( 'NONE', #517, .T. ) ;
#5617 = VERTEX_POINT ( 'NONE', #834 ) ;
#5618 = CARTESIAN_POINT ( 'NONE',  ( -0.3872148994229062668, 23.54492077590615295, -50.90229942189606760 ) ) ;
#5619 = COLOUR_RGB ( '',0.1019607843137254888, 0.1019607843137254888, 0.1019607843137254888 ) ;
#5620 = LINE ( 'NONE', #5195, #4525 ) ;
#5621 = CARTESIAN_POINT ( 'NONE',  ( 2.825404186850979826, 29.16000000000000369, -96.76417493252783686 ) ) ;
#5622 = CARTESIAN_POINT ( 'NONE',  ( -5.973749999999989235, 23.85999999999999233, -35.35247501224862532 ) ) ;
#5623 = SURFACE_STYLE_FILL_AREA ( #3135 ) ;
#5624 = AXIS2_PLACEMENT_3D ( 'NONE', #5431, #3897, #5342 ) ;
#5625 = FACE_OUTER_BOUND ( 'NONE', #4882, .T. ) ;
#5626 = EDGE_LOOP ( 'NONE', ( #4657, #5502, #1313, #1664 ) ) ;
#5627 = PRESENTATION_STYLE_ASSIGNMENT (( #1236 ) ) ;
#5628 = AXIS2_PLACEMENT_3D ( 'NONE', #4292, #5748, #1406 ) ;
#5629 = CARTESIAN_POINT ( 'NONE',  ( -8.569045522477725996, 1.456441379241234513, -94.32418676766646115 ) ) ;
#5630 = EDGE_CURVE ( 'NONE', #2647, #5027, #1668, .T. ) ;
#5631 = CARTESIAN_POINT ( 'NONE',  ( 10.62500000000000000, 0.000000000000000000, -134.0549999999999784 ) ) ;
#5632 = DIRECTION ( 'NONE',  ( -1.000000000000000000, 0.000000000000000000, 0.000000000000000000 ) ) ;
#5633 = CARTESIAN_POINT ( 'NONE',  ( -8.636732476913620005, 1.565475685140082174, -94.39725401827944040 ) ) ;
#5634 = ORIENTED_EDGE ( 'NONE', *, *, #2469, .T. ) ;
#5635 =( NAMED_UNIT ( * ) PLANE_ANGLE_UNIT ( ) SI_UNIT ( $, .RADIAN. ) );
#5636 =( NAMED_UNIT ( * ) SI_UNIT ( $, .STERADIAN. ) SOLID_ANGLE_UNIT ( ) );
#5637 = CARTESIAN_POINT ( 'NONE',  ( 10.12500000000000000, -4.049999999999948308, -99.92606461597443968 ) ) ;
#5638 =( LENGTH_UNIT ( ) NAMED_UNIT ( * ) SI_UNIT ( .MILLI., .METRE. ) );
#5639 = EDGE_CURVE ( 'NONE', #987, #4247, #5731, .T. ) ;
#5640 = ORIENTED_EDGE ( 'NONE', *, *, #5123, .T. ) ;
#5641 = DIRECTION ( 'NONE',  ( 0.000000000000000000, 0.000000000000000000, -1.000000000000000000 ) ) ;
#5642 = CARTESIAN_POINT ( 'NONE',  ( 20.25000000000000000, 25.10999999999999588, 0.000000000000000000 ) ) ;
#5643 = CARTESIAN_POINT ( 'NONE',  ( -51.32951142158430713, 3.138750000000151807, -110.3624999999999829 ) ) ;
#5644 = CARTESIAN_POINT ( 'NONE',  ( 10.12500000000000000, 29.16000000000003922, -37.16643538402556146 ) ) ;
#5645 = CARTESIAN_POINT ( 'NONE',  ( 1.012499999999961542, 18.02249999999999730, -98.89999999999999147 ) ) ;
#5646 = VERTEX_POINT ( 'NONE', #6211 ) ;
#5647 = CARTESIAN_POINT ( 'NONE',  ( -0.2134270885096421488, 23.80199510026801946, -50.69066587563641235 ) ) ;
#5648 = CARTESIAN_POINT ( 'NONE',  ( -9.376469524193357330, 3.206306985797851894, -43.04489490100804971 ) ) ;
#5649 = CARTESIAN_POINT ( 'NONE',  ( 20.25000000000000000, 28.14749999999999375, -90.61874999999999147 ) ) ;
#5650 = UNCERTAINTY_MEASURE_WITH_UNIT (LENGTH_MEASURE( 1.000000000000000082E-05 ), #5996, 'distance_accuracy_value', 'NONE');
#5651 = DIRECTION ( 'NONE',  ( -1.000000000000000000, -6.071532165918857963E-15, 8.058950400899664760E-15 ) ) ;
#5652 = DIRECTION ( 'NONE',  ( 0.000000000000000000, -1.000000000000000000, -5.595882180570350110E-16 ) ) ;
#5653 = FILL_AREA_STYLE_COLOUR ( '', #52 ) ;
#5654 = ORIENTED_EDGE ( 'NONE', *, *, #4797, .T. ) ;
#5655 = CARTESIAN_POINT ( 'NONE',  ( 20.25000000000000000, 25.10999999999999588, -3.037499999999999645 ) ) ;
#5656 = PRESENTATION_STYLE_ASSIGNMENT (( #3169 ) ) ;
#5657 = CARTESIAN_POINT ( 'NONE',  ( -40.50000000000000000, 2.024999999999999911, 0.000000000000000000 ) ) ;
#5658 = VECTOR ( 'NONE', #1346, 1000.000000000000000 ) ;
#5659 = CARTESIAN_POINT ( 'NONE',  ( 7.054348704948110615, -4.049999999999970512, -37.16060155446743352 ) ) ;
#5660 = CARTESIAN_POINT ( 'NONE',  ( -7.125000000000039080, -6.168612780735334482E-15, -38.19250000000000256 ) ) ;
#5661 = EDGE_LOOP ( 'NONE', ( #6220, #3759, #1763, #4856 ) ) ;
#5662 = FILL_AREA_STYLE_COLOUR ( '', #3278 ) ;
#5663 = ORIENTED_EDGE ( 'NONE', *, *, #5077, .F. ) ;
#5664 =( BOUNDED_SURFACE ( )  B_SPLINE_SURFACE ( 3, 2, ( 
 ( #43, #2891, #3281 ),
 ( #4286, #5286, #3875 ),
 ( #5773, #6184, #5742 ),
 ( #2419, #5706, #1004 ),
 ( #5219, #9, #4224 ),
 ( #5250, #1949, #493 ),
 ( #4311, #4344, #5315 ),
 ( #2794, #5839, #4726 ),
 ( #3784, #1919, #3377 ),
 ( #1371, #1400, #519 ),
 ( #4821, #3847, #3311 ),
 ( #3249, #937, #429 ),
 ( #5808, #1461, #5186 ),
 ( #4760, #879, #2765 ),
 ( #4699, #401, #6254 ),
 ( #2864, #2828, #463 ),
 ( #3752, #2301, #3347 ),
 ( #906, #1826, #2331 ),
 ( #4258, #1889, #975 ),
 ( #6223, #2367, #3814 ),
 ( #1433, #3996, #4885 ),
 ( #5376, #3433, #4473 ),
 ( #3926, #3467, #200 ),
 ( #1116, #2546, #2575 ),
 ( #2922, #1061, #2106 ),
 ( #70, #2009, #640 ),
 ( #2044, #5864, #5898 ),
 ( #5344, #5467, #2075 ),
 ( #2508, #1515, #168 ),
 ( #3501, #2478, #5961 ),
 ( #2987, #4914, #1602 ),
 ( #1979, #4438, #4025 ),
 ( #3525, #1152, #1028 ),
 ( #1490, #5931, #3051 ),
 ( #4982, #1544, #5406 ),
 ( #133, #2953, #5432 ),
 ( #1093, #4853, #3898 ),
 ( #2450, #677, #579 ) ),
 .UNSPECIFIED., .F., .F., .F. ) 
 B_SPLINE_SURFACE_WITH_KNOTS ( ( 4, 2, 2, 2, 2, 2, 2, 2, 2, 2, 2, 2, 2, 2, 2, 2, 2, 2, 4 ),
 ( 3, 3 ),
 ( 0.01803614591985622934, 0.01812300996936413999, 0.01820987401887205065, 0.01838360211788786849, 0.01847046616739577568, 0.01855733021690368634, 0.01873105831591950765, 0.01907851451395114334, 0.01942597071198278250, 0.01977342691001442165, 0.02012088310804605734, 0.02081579550410933566, 0.02151070790017261397, 0.02220562029623588882, 0.02359544508836244198, 0.02498526988048899514, 0.02637509467261554830, 0.02776491946474210493, 0.02915474425686865809 ),
 ( 0.000000000000000000, 1.000000000000000000 ),
 .UNSPECIFIED. ) 
 GEOMETRIC_REPRESENTATION_ITEM ( )  RATIONAL_B_SPLINE_SURFACE ( (
 ( 1.000000000000000000, 0.9746794344808953348, 1.000000000000000000),
 ( 1.000000000000000000, 0.9746799479852478187, 1.000000000000000000),
 ( 1.000000000000000000, 0.9743568196694057937, 1.000000000000000000),
 ( 1.000000000000000000, 0.9731141381502542709, 1.000000000000000000),
 ( 1.000000000000000000, 0.9721824285867358695, 1.000000000000000000),
 ( 1.000000000000000000, 0.9687194485352672579, 1.000000000000000000),
 ( 1.000000000000000000, 0.9655513060545429793, 1.000000000000000000),
 ( 1.000000000000000000, 0.9601634611578937495, 1.000000000000000000),
 ( 1.000000000000000000, 0.9582586981071753440, 1.000000000000000000),
 ( 1.000000000000000000, 0.9543671507067642557, 1.000000000000000000),
 ( 1.000000000000000000, 0.9523716756010657258, 1.000000000000000000),
 ( 1.000000000000000000, 0.9463063569836810407, 1.000000000000000000),
 ( 1.000000000000000000, 0.9421616744662554277, 1.000000000000000000),
 ( 1.000000000000000000, 0.9297497655256728999, 1.000000000000000000),
 ( 1.000000000000000000, 0.9215223295672817505, 1.000000000000000000),
 ( 1.000000000000000000, 0.9058000326080994924, 1.000000000000000000),
 ( 1.000000000000000000, 0.8982849355799389368, 1.000000000000000000),
 ( 1.000000000000000000, 0.8840834982022076627, 1.000000000000000000),
 ( 1.000000000000000000, 0.8773909257623633273, 1.000000000000000000),
 ( 1.000000000000000000, 0.8647921572180963246, 1.000000000000000000),
 ( 1.000000000000000000, 0.8588839873656729518, 1.000000000000000000),
 ( 1.000000000000000000, 0.8422167834826117527, 1.000000000000000000),
 ( 1.000000000000000000, 0.8325102047505837932, 1.000000000000000000),
 ( 1.000000000000000000, 0.8152246893039024611, 1.000000000000000000),
 ( 1.000000000000000000, 0.8076429853542891335, 1.000000000000000000),
 ( 1.000000000000000000, 0.7940519269256667290, 1.000000000000000000),
 ( 1.000000000000000000, 0.7880434873698989318, 1.000000000000000000),
 ( 1.000000000000000000, 0.7717756809104293625, 1.000000000000000000),
 ( 1.000000000000000000, 0.7632188848039370699, 1.000000000000000000),
 ( 1.000000000000000000, 0.7490171115735774210, 1.000000000000000000),
 ( 1.000000000000000000, 0.7433321590431782866, 1.000000000000000000),
 ( 1.000000000000000000, 0.7336101691057248519, 1.000000000000000000),
 ( 1.000000000000000000, 0.7295865456047022635, 1.000000000000000000),
 ( 1.000000000000000000, 0.7225791767271284582, 1.000000000000000000),
 ( 1.000000000000000000, 0.7196540846723469276, 1.000000000000000000),
 ( 1.000000000000000000, 0.7145796383772997640, 1.000000000000000000),
 ( 1.000000000000000000, 0.7124233275652931408, 1.000000000000000000),
 ( 1.000000000000000000, 0.7105100200589962167, 1.000000000000000000) ) ) 
 REPRESENTATION_ITEM ( '' )  SURFACE ( )  );
#5665 =( GEOMETRIC_REPRESENTATION_CONTEXT ( 3 ) GLOBAL_UNCERTAINTY_ASSIGNED_CONTEXT ( ( #2093 ) ) GLOBAL_UNIT_ASSIGNED_CONTEXT ( ( #6263, #1097, #50 ) ) REPRESENTATION_CONTEXT ( 'NONE', 'WORKASPACE' ) );
#5666 = ADVANCED_FACE ( 'NONE', ( #3740 ), #3302, .F. ) ;
#5667 = CARTESIAN_POINT ( 'NONE',  ( 10.12500000000000000, -3.037499999999999645, -96.25054039609395318 ) ) ;
#5668 = CARTESIAN_POINT ( 'NONE',  ( -9.258825700431689398, 22.33179919796673829, -41.98536027251276437 ) ) ;
#5669 = CARTESIAN_POINT ( 'NONE',  ( -1.952280980572966174, 19.23414459854037872, -83.69645429036063433 ) ) ;
#5670 = PRESENTATION_LAYER_ASSIGNMENT (  '', '', ( #3222 ) ) ;
#5671 = ORIENTED_EDGE ( 'NONE', *, *, #3566, .T. ) ;
#5672 = CARTESIAN_POINT ( 'NONE',  ( 10.12500000000000000, 28.73530505604057339, -97.68133091484642705 ) ) ;
#5673 = EDGE_CURVE ( 'NONE', #2645, #1327, #454, .T. ) ;
#5674 = EDGE_CURVE ( 'NONE', #3889, #5358, #305, .T. ) ;
#5675 = DIRECTION ( 'NONE',  ( -1.000000000000000000, 0.000000000000000000, 0.000000000000000000 ) ) ;
#5676 = STYLED_ITEM ( 'NONE', ( #777 ), #1159 ) ;
#5677 = DIRECTION ( 'NONE',  ( 1.000000000000000000, -4.510281037539699678E-17, 0.000000000000000000 ) ) ;
#5678 = UNCERTAINTY_MEASURE_WITH_UNIT (LENGTH_MEASURE( 1.000000000000000082E-05 ), #3993, 'distance_accuracy_value', 'NONE');
#5679 = CARTESIAN_POINT ( 'NONE',  ( 1.012499999999961542, 18.02249999999999375, -38.19250000000000256 ) ) ;
#5680 = COLOUR_RGB ( '',0.1019607843137254888, 0.1019607843137254888, 0.1019607843137254888 ) ;
#5681 = CARTESIAN_POINT ( 'NONE',  ( 2.004705808205011763, 29.16000000000000014, -41.30734741981697056 ) ) ;
#5682 = ORIENTED_EDGE ( 'NONE', *, *, #4294, .T. ) ;
#5683 = EDGE_CURVE ( 'NONE', #2799, #4149, #755, .T. ) ;
#5684 = FILL_AREA_STYLE_COLOUR ( '', #6068 ) ;
#5685 = VECTOR ( 'NONE', #5294, 1000.000000000000000 ) ;
#5686 = CARTESIAN_POINT ( 'NONE',  ( -8.470484361746265733, 23.34193797164848405, -92.73214434619445967 ) ) ;
#5687 =( NAMED_UNIT ( * ) PLANE_ANGLE_UNIT ( ) SI_UNIT ( $, .RADIAN. ) );
#5688 = COLOUR_RGB ( '',0.1019607843137254888, 0.1019607843137254888, 0.1019607843137254888 ) ;
#5689 = AXIS2_PLACEMENT_3D ( 'NONE', #1579, #5543, #2046 ) ;
#5690 = VERTEX_POINT ( 'NONE', #3103 ) ;
#5691 = DIRECTION ( 'NONE',  ( 0.000000000000000000, 0.000000000000000000, 1.000000000000000000 ) ) ;
#5692 = SURFACE_STYLE_USAGE ( .BOTH. , #2994 ) ;
#5693 = COLOUR_RGB ( '',0.1019607843137254888, 0.1019607843137254888, 0.1019607843137254888 ) ;
#5694 = CARTESIAN_POINT ( 'NONE',  ( 11.06309069025859948, 5.859993152898609559, -46.47374999997072820 ) ) ;
#5695 = ORIENTED_EDGE ( 'NONE', *, *, #1594, .F. ) ;
#5696 =( NAMED_UNIT ( * ) PLANE_ANGLE_UNIT ( ) SI_UNIT ( $, .RADIAN. ) );
#5697 = AXIS2_PLACEMENT_3D ( 'NONE', #5782, #4235, #1443 ) ;
#5698 = ORIENTED_EDGE ( 'NONE', *, *, #417, .F. ) ;
#5699 = DIRECTION ( 'NONE',  ( 0.000000000000000000, -1.000000000000000000, 0.000000000000000000 ) ) ;
#5700 =( NAMED_UNIT ( * ) PLANE_ANGLE_UNIT ( ) SI_UNIT ( $, .RADIAN. ) );
#5701 = CARTESIAN_POINT ( 'NONE',  ( -10.12500000000003730, 7.087499999999999467, -110.3999999999999915 ) ) ;
#5702 = CARTESIAN_POINT ( 'NONE',  ( -2.024999999999999911, 18.02250000000000085, -83.53125000000000000 ) ) ;
#5703 = EDGE_CURVE ( 'NONE', #2393, #3294, #909, .T. ) ;
#5704 = VERTEX_POINT ( 'NONE', #3131 ) ;
#5705 = CARTESIAN_POINT ( 'NONE',  ( 0.000000000000000000, 0.000000000000000000, -137.0924999999999727 ) ) ;
#5706 = CARTESIAN_POINT ( 'NONE',  ( 1.675682038094306936, -4.049999999999993605, -92.70786749693287732 ) ) ;
#5707 = FACE_OUTER_BOUND ( 'NONE', #4698, .T. ) ;
#5708 = VECTOR ( 'NONE', #12, 1000.000000000000000 ) ;
#5709 = ADVANCED_FACE ( 'NONE', ( #6129 ), #2571, .T. ) ;
#5710 = CARTESIAN_POINT ( 'NONE',  ( -10.12500000000003908, -1.042955350706152921E-15, -110.3999999999999915 ) ) ;
#5711 = CARTESIAN_POINT ( 'NONE',  ( 3.293786375690824109, 29.16000000000000369, -39.81416014784285551 ) ) ;
#5712 = B_SPLINE_CURVE_WITH_KNOTS ( 'NONE', 3,
 ( #903, #3681, #1303, #1276, #365, #3183, #5668, #2760 ),
 .UNSPECIFIED., .F., .F.,
 ( 4, 2, 2, 4 ),
 ( 3.741215827887270495E-16, 0.0002639721260286845175, 0.0005279442520569949853, 0.001055888504113627197 ),
 .UNSPECIFIED. ) ;
#5713 = VERTEX_POINT ( 'NONE', #1289 ) ;
#5714 = CARTESIAN_POINT ( 'NONE',  ( 1.528036435431766371, -4.050000000000004263, -41.81704936646088555 ) ) ;
#5715 = DIRECTION ( 'NONE',  ( 3.212450881438532241E-16, 1.000000000000000000, -0.000000000000000000 ) ) ;
#5716 = CARTESIAN_POINT ( 'NONE',  ( -9.112499999999998934, 7.087499999999995914, -90.61874999999999147 ) ) ;
#5717 = MECHANICAL_DESIGN_GEOMETRIC_PRESENTATION_REPRESENTATION (  '', ( #2163 ), #4680 ) ;
#5718 = CARTESIAN_POINT ( 'NONE',  ( 20.25000000000000000, -3.037499999999999645, -137.0924999999999727 ) ) ;
#5719 = SURFACE_STYLE_USAGE ( .BOTH. , #2875 ) ;
#5720 = EDGE_CURVE ( 'NONE', #1566, #5424, #3223, .T. ) ;
#5721 = CARTESIAN_POINT ( 'NONE',  ( -7.796249999999989910, 3.638750000000139817, -35.26856028832671086 ) ) ;
#5722 = PRESENTATION_STYLE_ASSIGNMENT (( #1843 ) ) ;
#5723 = VECTOR ( 'NONE', #4540, 1000.000000000000000 ) ;
#5724 = ORIENTED_EDGE ( 'NONE', *, *, #2813, .F. ) ;
#5725 =( NAMED_UNIT ( * ) SI_UNIT ( $, .STERADIAN. ) SOLID_ANGLE_UNIT ( ) );
#5726 = PRESENTATION_LAYER_ASSIGNMENT (  '', '', ( #1666 ) ) ;
#5727 = CARTESIAN_POINT ( 'NONE',  ( 10.62500000000000000, 25.10999999999999588, -3.037499999999999645 ) ) ;
#5728 = SURFACE_SIDE_STYLE ('',( #565 ) ) ;
#5729 = CARTESIAN_POINT ( 'NONE',  ( -0.1775707679656523541, 1.256742406665921630, -50.64778888829852121 ) ) ;
#5730 = ORIENTED_EDGE ( 'NONE', *, *, #4093, .T. ) ;
#5731 = LINE ( 'NONE', #4693, #2465 ) ;
#5732 = VERTEX_POINT ( 'NONE', #5063 ) ;
#5733 = CARTESIAN_POINT ( 'NONE',  ( 2.375961753401425014, 29.16000000000000369, -96.23187546462000341 ) ) ;
#5734 = CARTESIAN_POINT ( 'NONE',  ( 32.92873889984950608, -4.049999999999812417, -23.69249999999998835 ) ) ;
#5735 = UNCERTAINTY_MEASURE_WITH_UNIT (LENGTH_MEASURE( 1.000000000000000082E-05 ), #3765, 'distance_accuracy_value', 'NONE');
#5736 = PRESENTATION_STYLE_ASSIGNMENT (( #4307 ) ) ;
#5737 = CARTESIAN_POINT ( 'NONE',  ( 0.000000000000000000, 0.000000000000000000, 0.000000000000000000 ) ) ;
#5738 = CIRCLE ( 'NONE', #73, 10.12499999999999467 ) ;
#5739 = SURFACE_SIDE_STYLE ('',( #2392 ) ) ;
#5740 = EDGE_LOOP ( 'NONE', ( #5507, #5273, #5854, #5583 ) ) ;
#5741 = SURFACE_SIDE_STYLE ('',( #2272 ) ) ;
#5742 = CARTESIAN_POINT ( 'NONE',  ( 1.595252968584912168, -3.024759260618541390, -90.61874998168164552 ) ) ;
#5743 = CARTESIAN_POINT ( 'NONE',  ( 2.815389110515339688, -3.037500000000000089, -90.95471323492171223 ) ) ;
#5744 = CARTESIAN_POINT ( 'NONE',  ( -49.50701142158430912, 8.457484033760292845E-15, -113.4000000000000057 ) ) ;
#5745 = LINE ( 'NONE', #373, #5291 ) ;
#5746 = CARTESIAN_POINT ( 'NONE',  ( 1.572237184918079400, 29.15999999999999304, -41.77467794334078377 ) ) ;
#5747 = ORIENTED_EDGE ( 'NONE', *, *, #1872, .F. ) ;
#5748 = DIRECTION ( 'NONE',  ( 0.000000000000000000, 0.000000000000000000, -1.000000000000000000 ) ) ;
#5749 = LINE ( 'NONE', #3319, #1022 ) ;
#5750 = ADVANCED_FACE ( 'NONE', ( #5157 ), #791, .F. ) ;
#5751 = DIRECTION ( 'NONE',  ( -1.000000000000000000, 0.000000000000000000, 0.000000000000000000 ) ) ;
#5752 = APPLICATION_CONTEXT ( 'automotive_design' ) ;
#5753 = CARTESIAN_POINT ( 'NONE',  ( 10.12500000000000000, -3.370430864605014953, -40.14504383442829294 ) ) ;
#5754 = DIRECTION ( 'NONE',  ( -2.582639285611905427E-16, 8.296601849501745469E-32, -1.000000000000000000 ) ) ;
#5755 =( NAMED_UNIT ( * ) PLANE_ANGLE_UNIT ( ) SI_UNIT ( $, .RADIAN. ) );
#5756 = ORIENTED_EDGE ( 'NONE', *, *, #2592, .T. ) ;
#5757 = CARTESIAN_POINT ( 'NONE',  ( 20.25000000000000000, 25.10999999999999588, 3.037499999999999645 ) ) ;
#5758 = EDGE_CURVE ( 'NONE', #2057, #5027, #1468, .T. ) ;
#5759 = CARTESIAN_POINT ( 'NONE',  ( 8.310017158150989403, -4.049999999999958078, -100.3716456845544229 ) ) ;
#5760 = SURFACE_SIDE_STYLE ('',( #3863 ) ) ;
#5761 = PRESENTATION_STYLE_ASSIGNMENT (( #5826 ) ) ;
#5762 = DIRECTION ( 'NONE',  ( 0.000000000000000000, -0.7071067811865470176, -0.7071067811865480168 ) ) ;
#5763 = VERTEX_POINT ( 'NONE', #2836 ) ;
#5764 = ORIENTED_EDGE ( 'NONE', *, *, #4177, .F. ) ;
#5765 = CARTESIAN_POINT ( 'NONE',  ( 1.012499999999853850, 29.16000000000000014, -95.03213518033508933 ) ) ;
#5766 = CIRCLE ( 'NONE', #2309, 8.137499999999995737 ) ;
#5767 = DIRECTION ( 'NONE',  ( -1.000000000000000000, -6.071532165918857963E-15, -1.144829280800842736E-30 ) ) ;
#5768 = CARTESIAN_POINT ( 'NONE',  ( 2.595112484788845375, -4.049999999999691624, -44.39201291328389942 ) ) ;
#5769 = PLANE ( 'NONE',  #3797 ) ;
#5770 = VECTOR ( 'NONE', #5941, 1000.000000000000000 ) ;
#5771 = ORIENTED_EDGE ( 'NONE', *, *, #4529, .F. ) ;
#5772 = CARTESIAN_POINT ( 'NONE',  ( -7.796250000000000568, 11.43500000000000050, -102.2625000000000028 ) ) ;
#5773 = CARTESIAN_POINT ( 'NONE',  ( 1.070778906248776918, -4.050000000000001599, -95.03475944039672640 ) ) ;
#5774 = SURFACE_STYLE_FILL_AREA ( #6256 ) ;
#5775 = CARTESIAN_POINT ( 'NONE',  ( 2.825404186850561050, 29.16000000000000014, -40.32832506747294588 ) ) ;
#5776 = ORIENTED_EDGE ( 'NONE', *, *, #2124, .T. ) ;
#5777 = AXIS2_PLACEMENT_3D ( 'NONE', #3709, #872, #3207 ) ;
#5778 = CARTESIAN_POINT ( 'NONE',  ( 1.130329431511557958, -4.050000000000006928, -42.06036481966481233 ) ) ;
#5779 = UNCERTAINTY_MEASURE_WITH_UNIT (LENGTH_MEASURE( 1.000000000000000082E-05 ), #5638, 'distance_accuracy_value', 'NONE');
#5780 = CARTESIAN_POINT ( 'NONE',  ( -9.021409017832551669, 22.84262461444185988, -94.59045631868687565 ) ) ;
#5781 = VECTOR ( 'NONE', #5563, 1000.000000000000000 ) ;
#5782 = CARTESIAN_POINT ( 'NONE',  ( -101.2500000000000000, 0.000000000000000000, -137.0924999999999727 ) ) ;
#5783 =( NAMED_UNIT ( * ) SI_UNIT ( $, .STERADIAN. ) SOLID_ANGLE_UNIT ( ) );
#5784 = EDGE_CURVE ( 'NONE', #5546, #225, #2929, .T. ) ;
#5785 = CARTESIAN_POINT ( 'NONE',  ( 1.012499999999955547, -3.037499999999999645, -137.0924999999999727 ) ) ;
#5786 = VERTEX_POINT ( 'NONE', #470 ) ;
#5787 = LINE ( 'NONE', #3326, #2105 ) ;
#5788 = AXIS2_PLACEMENT_3D ( 'NONE', #5453, #1105, #4933 ) ;
#5789 = PRESENTATION_LAYER_ASSIGNMENT (  '', '', ( #2232 ) ) ;
#5790 = FILL_AREA_STYLE ('',( #536 ) ) ;
#5791 =( GEOMETRIC_REPRESENTATION_CONTEXT ( 3 ) GLOBAL_UNCERTAINTY_ASSIGNED_CONTEXT ( ( #4354 ) ) GLOBAL_UNIT_ASSIGNED_CONTEXT ( ( #5550, #426, #6153 ) ) REPRESENTATION_CONTEXT ( 'NONE', 'WORKASPACE' ) );
#5792 = MECHANICAL_DESIGN_GEOMETRIC_PRESENTATION_REPRESENTATION (  '', ( #746 ), #2533 ) ;
#5793 = EDGE_CURVE ( 'NONE', #4803, #3240, #4318, .T. ) ;
#5794 = DIRECTION ( 'NONE',  ( 3.122502256758244142E-17, -1.000000000000000000, 3.125627884642895048E-16 ) ) ;
#5795 = ORIENTED_EDGE ( 'NONE', *, *, #5909, .F. ) ;
#5796 = CARTESIAN_POINT ( 'NONE',  ( 2.648525844037487254, 28.14749999999999375, -90.89255195254933994 ) ) ;
#5797 = ORIENTED_EDGE ( 'NONE', *, *, #1552, .T. ) ;
#5798 = CARTESIAN_POINT ( 'NONE',  ( 5.124129633550030150, 27.27690639370112535, -90.61874997400278176 ) ) ;
#5799 =( GEOMETRIC_REPRESENTATION_CONTEXT ( 3 ) GLOBAL_UNCERTAINTY_ASSIGNED_CONTEXT ( ( #2731 ) ) GLOBAL_UNIT_ASSIGNED_CONTEXT ( ( #4783, #3887, #2352 ) ) REPRESENTATION_CONTEXT ( 'NONE', 'WORKASPACE' ) );
#5800 = PRESENTATION_LAYER_ASSIGNMENT (  '', '', ( #5587 ) ) ;
#5801 = PRESENTATION_STYLE_ASSIGNMENT (( #2948 ) ) ;
#5802 = SURFACE_STYLE_USAGE ( .BOTH. , #544 ) ;
#5803 = EDGE_CURVE ( 'NONE', #420, #658, #3081, .T. ) ;
#5804 =( GEOMETRIC_REPRESENTATION_CONTEXT ( 3 ) GLOBAL_UNCERTAINTY_ASSIGNED_CONTEXT ( ( #1484 ) ) GLOBAL_UNIT_ASSIGNED_CONTEXT ( ( #6126, #4613, #814 ) ) REPRESENTATION_CONTEXT ( 'NONE', 'WORKASPACE' ) );
#5805 = FACE_OUTER_BOUND ( 'NONE', #4142, .T. ) ;
#5806 = ORIENTED_EDGE ( 'NONE', *, *, #6154, .T. ) ;
#5807 = FACE_OUTER_BOUND ( 'NONE', #140, .T. ) ;
#5808 = CARTESIAN_POINT ( 'NONE',  ( 1.572237184919800246, -4.049999999999999822, -95.31782205666043239 ) ) ;
#5809 = B_SPLINE_CURVE_WITH_KNOTS ( 'NONE', 3,
 ( #5539, #5492, #5952, #3457, #5921, #2596, #2942, #3073, #5982, #3491, #158, #5393, #189, #4396, #1135, #122, #1621, #2034, #567, #4045, #1048, #665 ),
 .UNSPECIFIED., .F., .F.,
 ( 4, 2, 2, 2, 2, 2, 2, 2, 2, 2, 4 ),
 ( 0.000000000000000000, 0.001374480804111921986, 0.002061721206167879510, 0.002748961608223837467, 0.004123442412335753815, 0.005497923216447670597, 0.006872404020559587379, 0.008246884824671502426, 0.008934125226727467756, 0.009621365628783431351, 0.01099584643289536895 ),
 .UNSPECIFIED. ) ;
#5810 = FILL_AREA_STYLE ('',( #6255 ) ) ;
#5811 =( NAMED_UNIT ( * ) PLANE_ANGLE_UNIT ( ) SI_UNIT ( $, .RADIAN. ) );
#5812 = CARTESIAN_POINT ( 'NONE',  ( 6.567686363338039790, 29.16000000000002501, -37.34771208523955011 ) ) ;
#5813 = CARTESIAN_POINT ( 'NONE',  ( 2.595112484789388052, 29.15999999999969461, -44.39201291328431864 ) ) ;
#5814 = PRESENTATION_LAYER_ASSIGNMENT (  '', '', ( #4362 ) ) ;
#5815 = ORIENTED_EDGE ( 'NONE', *, *, #5423, .F. ) ;
#5816 = CARTESIAN_POINT ( 'NONE',  ( 9.662779266497473429, -4.049999999999954525, -36.43761368838813297 ) ) ;
#5817 = DIRECTION ( 'NONE',  ( -0.000000000000000000, 1.000000000000000000, 0.000000000000000000 ) ) ;
#5818 = LINE ( 'NONE', #5718, #3338 ) ;
#5819 =( LENGTH_UNIT ( ) NAMED_UNIT ( * ) SI_UNIT ( .MILLI., .METRE. ) );
#5820 = CARTESIAN_POINT ( 'NONE',  ( -101.2500000000000000, 0.000000000000000000, -91.12500000000000000 ) ) ;
#5821 = SURFACE_STYLE_FILL_AREA ( #5231 ) ;
#5822 = ORIENTED_EDGE ( 'NONE', *, *, #2931, .F. ) ;
#5823 = AXIS2_PLACEMENT_3D ( 'NONE', #5073, #1355, #289 ) ;
#5824 = CARTESIAN_POINT ( 'NONE',  ( -0.5955904893786124754, 1.897859470736446008, -85.92559905254526598 ) ) ;
#5825 = SURFACE_STYLE_USAGE ( .BOTH. , #4713 ) ;
#5826 = SURFACE_STYLE_USAGE ( .BOTH. , #1324 ) ;
#5827 = MECHANICAL_DESIGN_GEOMETRIC_PRESENTATION_REPRESENTATION (  '', ( #5202 ), #3572 ) ;
#5828 = CARTESIAN_POINT ( 'NONE',  ( 0.6742935442334532237, 28.14749999999997954, -3.469749350493081992E-15 ) ) ;
#5829 = VERTEX_POINT ( 'NONE', #4828 ) ;
#5830 = FILL_AREA_STYLE_COLOUR ( '', #1997 ) ;
#5831 = CARTESIAN_POINT ( 'NONE',  ( 1.529408302791129382, 29.16000000000000014, -95.27888226498777158 ) ) ;
#5832 = AXIS2_PLACEMENT_3D ( 'NONE', #741, #297, #4150 ) ;
#5833 = CARTESIAN_POINT ( 'NONE',  ( 1.012499999999999956, 28.14749999999999375, 4.805530973150956219E-15 ) ) ;
#5834 = EDGE_CURVE ( 'NONE', #5690, #6030, #1495, .T. ) ;
#5835 = CARTESIAN_POINT ( 'NONE',  ( 1.012499999999578959, -3.037499999999885958, -46.47374999999998835 ) ) ;
#5836 = STYLED_ITEM ( 'NONE', ( #2656 ), #5750 ) ;
#5837 = CARTESIAN_POINT ( 'NONE',  ( 1.012499999999961542, 7.087499999999995914, -90.61874999999999147 ) ) ;
#5838 = ORIENTED_EDGE ( 'NONE', *, *, #3213, .T. ) ;
#5839 = CARTESIAN_POINT ( 'NONE',  ( 2.993629074594287509, -4.049999999999994493, -92.69453586646019971 ) ) ;
#5840 = ADVANCED_FACE ( 'NONE', ( #6262 ), #5293, .F. ) ;
#5841 = CARTESIAN_POINT ( 'NONE',  ( 0.000000000000000000, 22.07249999999999801, -137.0924999999999727 ) ) ;
#5842 =( GEOMETRIC_REPRESENTATION_CONTEXT ( 3 ) GLOBAL_UNCERTAINTY_ASSIGNED_CONTEXT ( ( #5480 ) ) GLOBAL_UNIT_ASSIGNED_CONTEXT ( ( #362, #5696, #4276 ) ) REPRESENTATION_CONTEXT ( 'NONE', 'WORKASPACE' ) );
#5843 =( GEOMETRIC_REPRESENTATION_CONTEXT ( 3 ) GLOBAL_UNCERTAINTY_ASSIGNED_CONTEXT ( ( #1983 ) ) GLOBAL_UNIT_ASSIGNED_CONTEXT ( ( #6156, #5021, #3188 ) ) REPRESENTATION_CONTEXT ( 'NONE', 'WORKASPACE' ) );
#5844 = ORIENTED_EDGE ( 'NONE', *, *, #4326, .T. ) ;
#5845 = SURFACE_SIDE_STYLE ('',( #525 ) ) ;
#5846 = CARTESIAN_POINT ( 'NONE',  ( -7.796249999999990798, 21.97125000000000128, -35.60362543825130643 ) ) ;
#5847 = CARTESIAN_POINT ( 'NONE',  ( -7.796249999999990798, 21.97124999999999417, -101.4888745617487018 ) ) ;
#5848 = CARTESIAN_POINT ( 'NONE',  ( -5.973749999999999893, 3.138750000000141593, -1.542804143242412762E-15 ) ) ;
#5849 = FILL_AREA_STYLE ('',( #4776 ) ) ;
#5850 = ORIENTED_EDGE ( 'NONE', *, *, #5901, .T. ) ;
#5851 = CARTESIAN_POINT ( 'NONE',  ( -0.2987641061028870060, 1.432404942396569458, -86.29872999292624058 ) ) ;
#5852 = DIRECTION ( 'NONE',  ( 0.000000000000000000, -1.000000000000000000, -1.885568995626964780E-16 ) ) ;
#5853 = DIRECTION ( 'NONE',  ( -1.000000000000000000, 0.000000000000000000, 0.000000000000000000 ) ) ;
#5854 = ORIENTED_EDGE ( 'NONE', *, *, #3049, .F. ) ;
#5855 = SURFACE_STYLE_FILL_AREA ( #5336 ) ;
#5856 = CARTESIAN_POINT ( 'NONE',  ( 6.276705081060214297, 29.16000000000063253, -92.54570170524092987 ) ) ;
#5857 = FACE_OUTER_BOUND ( 'NONE', #453, .T. ) ;
#5858 = UNCERTAINTY_MEASURE_WITH_UNIT (LENGTH_MEASURE( 1.000000000000000082E-05 ), #4363, 'distance_accuracy_value', 'NONE');
#5859 = FACE_OUTER_BOUND ( 'NONE', #1051, .T. ) ;
#5860 = CARTESIAN_POINT ( 'NONE',  ( 2.659814543569006595, 29.16000000000000725, -96.57893195146736787 ) ) ;
#5861 = EDGE_LOOP ( 'NONE', ( #395, #5756, #5349, #3610 ) ) ;
#5862 = EDGE_CURVE ( 'NONE', #5713, #622, #5964, .T. ) ;
#5863 = CARTESIAN_POINT ( 'NONE',  ( -10.12500000000003730, 7.087499999999995914, -90.61874999999999147 ) ) ;
#5864 = CARTESIAN_POINT ( 'NONE',  ( 9.216604350570454685, -4.050000000001059419, -92.01428646122523958 ) ) ;
#5865 =( NAMED_UNIT ( * ) PLANE_ANGLE_UNIT ( ) SI_UNIT ( $, .RADIAN. ) );
#5866 = LINE ( 'NONE', #2369, #1625 ) ;
#5867 = VECTOR ( 'NONE', #1845, 1000.000000000000000 ) ;
#5868 =( NAMED_UNIT ( * ) PLANE_ANGLE_UNIT ( ) SI_UNIT ( $, .RADIAN. ) );
#5869 = ADVANCED_FACE ( 'NONE', ( #3792, #615 ), #2554, .F. ) ;
#5870 = LINE ( 'NONE', #1642, #3675 ) ;
#5871 = ORIENTED_EDGE ( 'NONE', *, *, #3404, .T. ) ;
#5872 = CARTESIAN_POINT ( 'NONE',  ( 10.12500000000000000, 29.16000000000004988, -100.6984762319159188 ) ) ;
#5873 = FILL_AREA_STYLE ('',( #586 ) ) ;
#5874 = FILL_AREA_STYLE_COLOUR ( '', #2330 ) ;
#5875 = CARTESIAN_POINT ( 'NONE',  ( -1.097002727300394165, 22.25720634633285044, -85.22468688994887032 ) ) ;
#5876 = FILL_AREA_STYLE ('',( #1991 ) ) ;
#5877 = STYLED_ITEM ( 'NONE', ( #3557 ), #1075 ) ;
#5878 = EDGE_CURVE ( 'NONE', #3082, #6192, #4999, .T. ) ;
#5879 = SURFACE_SIDE_STYLE ('',( #2056 ) ) ;
#5880 = ORIENTED_EDGE ( 'NONE', *, *, #4409, .T. ) ;
#5881 = CARTESIAN_POINT ( 'NONE',  ( -1.037919748891436456, 2.719183855996575971, -85.31500453865103850 ) ) ;
#5882 = PRESENTATION_LAYER_ASSIGNMENT (  '', '', ( #1237 ) ) ;
#5883 = DIRECTION ( 'NONE',  ( -1.000000000000000000, -6.071532165918857963E-15, -1.144829280800842736E-30 ) ) ;
#5884 = CARTESIAN_POINT ( 'NONE',  ( 10.12500000000000000, -3.370430864605014953, -40.14504383442829294 ) ) ;
#5885 = CARTESIAN_POINT ( 'NONE',  ( -1.766492541612049383, 4.814062191302264537, -53.00835129155103687 ) ) ;
#5886 = VECTOR ( 'NONE', #3362, 1000.000000000000000 ) ;
#5887 = VERTEX_POINT ( 'NONE', #3905 ) ;
#5888 = DIRECTION ( 'NONE',  ( 0.000000000000000000, 1.000000000000000000, 0.000000000000000000 ) ) ;
#5889 = LINE ( 'NONE', #1540, #2228 ) ;
#5890 = SURFACE_SIDE_STYLE ('',( #5987 ) ) ;
#5891 = PRESENTATION_LAYER_ASSIGNMENT (  '', '', ( #2329 ) ) ;
#5892 = AXIS2_PLACEMENT_3D ( 'NONE', #2316, #6241, #6169 ) ;
#5893 = CARTESIAN_POINT ( 'NONE',  ( 2.165035872641967174, -2.975752446337750268, -46.47374998168164240 ) ) ;
#5894 = ORIENTED_EDGE ( 'NONE', *, *, #5306, .T. ) ;
#5895 = SURFACE_SIDE_STYLE ('',( #1114 ) ) ;
#5896 = MECHANICAL_DESIGN_GEOMETRIC_PRESENTATION_REPRESENTATION (  '', ( #1248 ), #2335 ) ;
#5897 = MECHANICAL_DESIGN_GEOMETRIC_PRESENTATION_REPRESENTATION (  '', ( #4449 ), #2932 ) ;
#5898 = CARTESIAN_POINT ( 'NONE',  ( 10.52882189869620611, 3.625091548011158071, -90.61874999870555314 ) ) ;
#5899 = CARTESIAN_POINT ( 'NONE',  ( 10.62500000000000178, 28.85806384268324720, -38.87003448766818536 ) ) ;
#5900 = DIRECTION ( 'NONE',  ( -0.000000000000000000, 0.000000000000000000, -1.000000000000000000 ) ) ;
#5901 = EDGE_CURVE ( 'NONE', #4222, #2705, #3441, .T. ) ;
#5902 = STYLED_ITEM ( 'NONE', ( #5801 ), #2408 ) ;
#5903 = FACE_OUTER_BOUND ( 'NONE', #5861, .T. ) ;
#5904 = ORIENTED_EDGE ( 'NONE', *, *, #1343, .F. ) ;
#5905 = SURFACE_SIDE_STYLE ('',( #2050 ) ) ;
#5906 = FILL_AREA_STYLE ('',( #3880 ) ) ;
#5907 = VECTOR ( 'NONE', #2196, 1000.000000000000000 ) ;
#5908 = UNCERTAINTY_MEASURE_WITH_UNIT (LENGTH_MEASURE( 1.000000000000000082E-05 ), #4506, 'distance_accuracy_value', 'NONE');
#5909 = EDGE_CURVE ( 'NONE', #1614, #4495, #5411, .T. ) ;
#5910 = DIRECTION ( 'NONE',  ( 0.000000000000000000, 1.885568995626965026E-16, -1.000000000000000000 ) ) ;
#5911 = COLOUR_RGB ( '',0.1019607843137254888, 0.1019607843137254888, 0.1019607843137254888 ) ;
#5912 = CARTESIAN_POINT ( 'NONE',  ( -51.32951142158430713, 21.97125000000000128, -96.39000000000000057 ) ) ;
#5913 = CARTESIAN_POINT ( 'NONE',  ( -9.112499999999998934, 7.087500000000000355, -110.3999999999999915 ) ) ;
#5914 = ORIENTED_EDGE ( 'NONE', *, *, #772, .T. ) ;
#5915 = CARTESIAN_POINT ( 'NONE',  ( -0.6794047837717014371, 23.06858491709706982, -51.27757384591221523 ) ) ;
#5916 = CARTESIAN_POINT ( 'NONE',  ( -0.6794047834983412137, 2.041415082427326055, -85.81492615446884997 ) ) ;
#5917 = UNCERTAINTY_MEASURE_WITH_UNIT (LENGTH_MEASURE( 1.000000000000000082E-05 ), #3181, 'distance_accuracy_value', 'NONE');
#5918 =( GEOMETRIC_REPRESENTATION_CONTEXT ( 3 ) GLOBAL_UNCERTAINTY_ASSIGNED_CONTEXT ( ( #2916 ) ) GLOBAL_UNIT_ASSIGNED_CONTEXT ( ( #2423, #3877, #2047 ) ) REPRESENTATION_CONTEXT ( 'NONE', 'WORKASPACE' ) );
#5919 = EDGE_CURVE ( 'NONE', #22, #3834, #1066, .T. ) ;
#5920 = B_SPLINE_CURVE_WITH_KNOTS ( 'NONE', 3,
 ( #4228, #907, #5289, #2276, #3315, #5812, #496, #1924, #6158, #1374, #4263, #980, #6189, #1892, #1802, #4289, #2397, #2337, #3756, #2304 ),
 .UNSPECIFIED., .F., .F.,
 ( 4, 2, 2, 2, 2, 2, 2, 2, 2, 4 ),
 ( 0.000000000000000000, 0.001381990502438160779, 0.002763981004876321559, 0.005527962009752648322, 0.006909952512190811053, 0.008291943014628974651, 0.009673933517067138249, 0.01036492876828621831, 0.01071042639389576702, 0.01105592401950531573 ),
 .UNSPECIFIED. ) ;
#5921 = CARTESIAN_POINT ( 'NONE',  ( 2.815155342004374450, 28.14749999999999375, -46.13787614099615553 ) ) ;
#5922 = SURFACE_STYLE_USAGE ( .BOTH. , #190 ) ;
#5923 = VECTOR ( 'NONE', #4181, 1000.000000000000000 ) ;
#5924 = ORIENTED_EDGE ( 'NONE', *, *, #5703, .F. ) ;
#5925 = ORIENTED_EDGE ( 'NONE', *, *, #1827, .F. ) ;
#5926 =( NAMED_UNIT ( * ) PLANE_ANGLE_UNIT ( ) SI_UNIT ( $, .RADIAN. ) );
#5927 = CARTESIAN_POINT ( 'NONE',  ( 1.775762833513489625, -4.050000000000003375, -41.56926913758928777 ) ) ;
#5928 = ORIENTED_EDGE ( 'NONE', *, *, #1905, .T. ) ;
#5929 = CARTESIAN_POINT ( 'NONE',  ( 20.25000000000000000, 25.10999999999999588, -45.96750000000000114 ) ) ;
#5930 = VECTOR ( 'NONE', #5609, 1000.000000000000000 ) ;
#5931 = CARTESIAN_POINT ( 'NONE',  ( 10.90472645478797098, -4.049999999997095479, -91.02885861984906057 ) ) ;
#5932 = CARTESIAN_POINT ( 'NONE',  ( -5.973749999999999893, 23.08500000000000085, -102.2625000000000028 ) ) ;
#5933 = FILL_AREA_STYLE ('',( #1546 ) ) ;
#5934 = CARTESIAN_POINT ( 'NONE',  ( 1.012499999999961542, 18.02250000000000085, -110.3999999999999915 ) ) ;
#5935 = VECTOR ( 'NONE', #4089, 1000.000000000000000 ) ;
#5936 = SURFACE_SIDE_STYLE ('',( #4382 ) ) ;
#5937 = CARTESIAN_POINT ( 'NONE',  ( 4.302999391113059957, 29.16000000000000725, -38.85519885594383283 ) ) ;
#5938 = EDGE_LOOP ( 'NONE', ( #5747, #2234, #1074 ) ) ;
#5939 =( NAMED_UNIT ( * ) SI_UNIT ( $, .STERADIAN. ) SOLID_ANGLE_UNIT ( ) );
#5940 = STYLED_ITEM ( 'NONE', ( #2852 ), #5666 ) ;
#5941 = DIRECTION ( 'NONE',  ( -1.000000000000000000, 0.000000000000000000, 0.000000000000000000 ) ) ;
#5942 = CARTESIAN_POINT ( 'NONE',  ( -0.2011267880034017241, 23.81964770111211749, -86.41657116904663383 ) ) ;
#5943 = VECTOR ( 'NONE', #3624, 1000.000000000000000 ) ;
#5944 = FACE_OUTER_BOUND ( 'NONE', #2139, .T. ) ;
#5945 = DIRECTION ( 'NONE',  ( 0.000000000000000000, -0.7071067811865441310, 0.7071067811865510144 ) ) ;
#5946 = ORIENTED_EDGE ( 'NONE', *, *, #657, .T. ) ;
#5947 = ADVANCED_FACE ( 'NONE', ( #174 ), #6209, .F. ) ;
#5948 = CARTESIAN_POINT ( 'NONE',  ( 5.098240205550505166, 28.14749999999999375, -92.60020330500189800 ) ) ;
#5949 = CARTESIAN_POINT ( 'NONE',  ( -0.9106474271118192299, 2.458780594402486308, -85.50072175176100586 ) ) ;
#5950 = CARTESIAN_POINT ( 'NONE',  ( -9.112499999999998934, 7.087500000000000355, -90.61874999999999147 ) ) ;
#5951 = LINE ( 'NONE', #4935, #3545 ) ;
#5952 = CARTESIAN_POINT ( 'NONE',  ( 1.931153318147863729, 28.14749999999998664, -46.40873410172360991 ) ) ;
#5953 =( NAMED_UNIT ( * ) PLANE_ANGLE_UNIT ( ) SI_UNIT ( $, .RADIAN. ) );
#5954 = ORIENTED_EDGE ( 'NONE', *, *, #1552, .F. ) ;
#5955 = EDGE_CURVE ( 'NONE', #3682, #882, #1280, .T. ) ;
#5956 = CARTESIAN_POINT ( 'NONE',  ( -5.973749999999999893, 2.024999999999999911, -110.3999999999999915 ) ) ;
#5957 = CARTESIAN_POINT ( 'NONE',  ( 10.29915589869282755, -4.049999999999952749, -45.54933628051909267 ) ) ;
#5958 = VERTEX_POINT ( 'NONE', #843 ) ;
#5959 = DIRECTION ( 'NONE',  ( 0.000000000000000000, 1.885568995626964780E-16, -1.000000000000000000 ) ) ;
#5960 = EDGE_LOOP ( 'NONE', ( #910, #5271, #1567, #1769 ) ) ;
#5961 = CARTESIAN_POINT ( 'NONE',  ( 10.88750242027087722, 4.840231731299260431, -90.61875000083217913 ) ) ;
#5962 =( LENGTH_UNIT ( ) NAMED_UNIT ( * ) SI_UNIT ( .MILLI., .METRE. ) );
#5963 = CARTESIAN_POINT ( 'NONE',  ( 10.62500000000000000, 29.16000000000004988, -100.6984762319159188 ) ) ;
#5964 = B_SPLINE_CURVE_WITH_KNOTS ( 'NONE', 3,
 ( #3760, #5778, #3318, #5257, #5714, #1377, #3287, #2872, #4804, #5225, #3854, #2401, #911, #2340, #4267, #6232, #1927, #945, #5816, #1869 ),
 .UNSPECIFIED., .F., .F.,
 ( 4, 2, 2, 2, 2, 2, 2, 2, 2, 4 ),
 ( 0.000000000000000000, 0.0003499984973325615998, 0.0006999969946651231996, 0.001399993989330246399, 0.002799987978660492798, 0.004199981967990738981, 0.005599975957320985596, 0.008399963935981488369, 0.009799957925311740189, 0.01119995191464199374 ),
 .UNSPECIFIED. ) ;
#5965 = DIRECTION ( 'NONE',  ( 1.000000000000000000, 0.000000000000000000, 0.000000000000000000 ) ) ;
#5966 = CIRCLE ( 'NONE', #5436, 11.13749999999999396 ) ;
#5967 = SURFACE_STYLE_FILL_AREA ( #3473 ) ;
#5968 = ORIENTED_EDGE ( 'NONE', *, *, #1708, .T. ) ;
#5969 = CARTESIAN_POINT ( 'NONE',  ( 1.012499999999999956, -3.037499999999999645, -6.093251410737770232E-15 ) ) ;
#5970 = CARTESIAN_POINT ( 'NONE',  ( 1.012499999999961542, 18.02249999999999375, -23.69249999999998835 ) ) ;
#5971 =( NAMED_UNIT ( * ) PLANE_ANGLE_UNIT ( ) SI_UNIT ( $, .RADIAN. ) );
#5972 = STYLED_ITEM ( 'NONE', ( #3068 ), #541 ) ;
#5973 = CARTESIAN_POINT ( 'NONE',  ( -0.8329175117401531603, 22.79157916057036104, -85.60637189925289192 ) ) ;
#5974 = FILL_AREA_STYLE ('',( #692 ) ) ;
#5975 = VERTEX_POINT ( 'NONE', #2610 ) ;
#5976 = VECTOR ( 'NONE', #4611, 1000.000000000000000 ) ;
#5977 = CARTESIAN_POINT ( 'NONE',  ( -1.153035191325691766, 22.13309958990463855, -51.95261831337464997 ) ) ;
#5978 = CARTESIAN_POINT ( 'NONE',  ( 10.16404665332529511, 22.36646107972496367, -90.61875000514933731 ) ) ;
#5979 = DIRECTION ( 'NONE',  ( 0.000000000000000000, 0.7071067811865460184, -0.7071067811865489050 ) ) ;
#5980 = EDGE_CURVE ( 'NONE', #2362, #126, #6123, .T. ) ;
#5981 = PLANE ( 'NONE',  #3038 ) ;
#5982 = CARTESIAN_POINT ( 'NONE',  ( 4.391507501005249559, 28.14750000000000085, -45.19189253616703184 ) ) ;
#5983 = ORIENTED_EDGE ( 'NONE', *, *, #765, .T. ) ;
#5984 =( LENGTH_UNIT ( ) NAMED_UNIT ( * ) SI_UNIT ( .MILLI., .METRE. ) );
#5985 =( GEOMETRIC_REPRESENTATION_CONTEXT ( 3 ) GLOBAL_UNCERTAINTY_ASSIGNED_CONTEXT ( ( #4618 ) ) GLOBAL_UNIT_ASSIGNED_CONTEXT ( ( #4077, #1779, #2251 ) ) REPRESENTATION_CONTEXT ( 'NONE', 'WORKASPACE' ) );
#5986 = UNCERTAINTY_MEASURE_WITH_UNIT (LENGTH_MEASURE( 1.000000000000000082E-05 ), #1121, 'distance_accuracy_value', 'NONE');
#5987 = SURFACE_STYLE_FILL_AREA ( #1630 ) ;
#5988 = EDGE_CURVE ( 'NONE', #4956, #2560, #243, .T. ) ;
#5989 = CARTESIAN_POINT ( 'NONE',  ( 3.121512803102987732, -4.049999999999978506, -44.40015562373961444 ) ) ;
#5990 =( GEOMETRIC_REPRESENTATION_CONTEXT ( 3 ) GLOBAL_UNCERTAINTY_ASSIGNED_CONTEXT ( ( #4679 ) ) GLOBAL_UNIT_ASSIGNED_CONTEXT ( ( #2886, #967, #4335 ) ) REPRESENTATION_CONTEXT ( 'NONE', 'WORKASPACE' ) );
#5991 = EDGE_LOOP ( 'NONE', ( #5946, #3431 ) ) ;
#5992 = PLANE ( 'NONE',  #5832 ) ;
#5993 = FACE_OUTER_BOUND ( 'NONE', #3411, .T. ) ;
#5994 = CARTESIAN_POINT ( 'NONE',  ( 0.000000000000000000, 6.357431564880761464E-15, -102.2625000000000028 ) ) ;
#5995 = CIRCLE ( 'NONE', #1242, 10.12500000000000178 ) ;
#5996 =( LENGTH_UNIT ( ) NAMED_UNIT ( * ) SI_UNIT ( .MILLI., .METRE. ) );
#5997 = VECTOR ( 'NONE', #322, 1000.000000000000000 ) ;
#5998 = PRESENTATION_STYLE_ASSIGNMENT (( #2511 ) ) ;
#5999 = ADVANCED_FACE ( 'NONE', ( #4159 ), #3212, .T. ) ;
#6000 = COLOUR_RGB ( '',0.1019607843137254888, 0.1019607843137254888, 0.1019607843137254888 ) ;
#6001 = CARTESIAN_POINT ( 'NONE',  ( 1.012499999999961542, 7.087499999999992362, -23.69249999999998835 ) ) ;
#6002 = ORIENTED_EDGE ( 'NONE', *, *, #502, .T. ) ;
#6003 = CARTESIAN_POINT ( 'NONE',  ( 10.62500000000000000, -3.037499999999999645, -113.3999999999999915 ) ) ;
#6004 = VERTEX_POINT ( 'NONE', #1738 ) ;
#6005 = CARTESIAN_POINT ( 'NONE',  ( -7.796249999999989910, 11.43500000000000050, -101.8239397116732761 ) ) ;
#6006 = LINE ( 'NONE', #5121, #3121 ) ;
#6007 = CARTESIAN_POINT ( 'NONE',  ( 52.87499999999997158, 23.85999999999997456, -26.69249999999999901 ) ) ;
#6008 = CARTESIAN_POINT ( 'NONE',  ( -7.578847391416589474, 0.000000000000000000, -113.4000000000000057 ) ) ;
#6009 =( NAMED_UNIT ( * ) SI_UNIT ( $, .STERADIAN. ) SOLID_ANGLE_UNIT ( ) );
#6010 = CARTESIAN_POINT ( 'NONE',  ( -5.973749999999999893, 3.085608286484820101E-16, -1.542804143242412762E-15 ) ) ;
#6011 =( NAMED_UNIT ( * ) SI_UNIT ( $, .STERADIAN. ) SOLID_ANGLE_UNIT ( ) );
#6012 = ORIENTED_EDGE ( 'NONE', *, *, #3923, .F. ) ;
#6013 = CARTESIAN_POINT ( 'NONE',  ( 2.870641779993730935, 28.14750000000000085, -90.97620878398552691 ) ) ;
#6014 = DIRECTION ( 'NONE',  ( -2.498001805406605174E-16, 0.000000000000000000, -1.000000000000000000 ) ) ;
#6015 = CARTESIAN_POINT ( 'NONE',  ( 7.054348704946126425, 29.16000000000002856, -99.93189844553407397 ) ) ;
#6016 = B_SPLINE_CURVE_WITH_KNOTS ( 'NONE', 3,
 ( #3045, #5534, #3113, #4977 ),
 .UNSPECIFIED., .F., .F.,
 ( 4, 4 ),
 ( 0.000000000000000000, 0.001672493370079476118 ),
 .UNSPECIFIED. ) ;
#6017 = CARTESIAN_POINT ( 'NONE',  ( 10.12500000000000000, -3.037499999999990319, -40.84195960390601954 ) ) ;
#6018 = CARTESIAN_POINT ( 'NONE',  ( -1.000521303736185974, 2.648872183433313321, -51.72513747253939442 ) ) ;
#6019 = ORIENTED_EDGE ( 'NONE', *, *, #5703, .T. ) ;
#6020 = AXIS2_PLACEMENT_3D ( 'NONE', #5679, #5191, #2371 ) ;
#6021 = DIRECTION ( 'NONE',  ( -0.000000000000000000, -0.000000000000000000, 1.000000000000000000 ) ) ;
#6022 = DIRECTION ( 'NONE',  ( 0.000000000000000000, 0.000000000000000000, -1.000000000000000000 ) ) ;
#6023 = CYLINDRICAL_SURFACE ( 'NONE', #5379, 10.12500000000000000 ) ;
#6024 = CARTESIAN_POINT ( 'NONE',  ( 2.674096028899017430, -4.049999999999995381, -40.50432772664774461 ) ) ;
#6025 = ORIENTED_EDGE ( 'NONE', *, *, #2854, .F. ) ;
#6026 = SURFACE_STYLE_USAGE ( .BOTH. , #1244 ) ;
#6027 = EDGE_CURVE ( 'NONE', #4297, #2911, #4065, .T. ) ;
#6028 = CARTESIAN_POINT ( 'NONE',  ( -7.796250000000000568, 11.43500000000000050, -137.0924999999999727 ) ) ;
#6029 = ORIENTED_EDGE ( 'NONE', *, *, #839, .T. ) ;
#6030 = VERTEX_POINT ( 'NONE', #3715 ) ;
#6031 = EDGE_CURVE ( 'NONE', #4479, #2628, #4609, .T. ) ;
#6032 = PLANE ( 'NONE',  #5041 ) ;
#6033 = MECHANICAL_DESIGN_GEOMETRIC_PRESENTATION_REPRESENTATION (  '', ( #1666 ), #2673 ) ;
#6034 = FILL_AREA_STYLE_COLOUR ( '', #1441 ) ;
#6035 = CARTESIAN_POINT ( 'NONE',  ( -1.956053623699565147, 19.20212940307574101, -83.68808127334038716 ) ) ;
#6036 = SURFACE_SIDE_STYLE ('',( #2153 ) ) ;
#6037 = MECHANICAL_DESIGN_GEOMETRIC_PRESENTATION_REPRESENTATION (  '', ( #5836 ), #3388 ) ;
#6038 = ORIENTED_EDGE ( 'NONE', *, *, #2052, .F. ) ;
#6039 = SURFACE_STYLE_FILL_AREA ( #2591 ) ;
#6040 = UNCERTAINTY_MEASURE_WITH_UNIT (LENGTH_MEASURE( 1.000000000000000082E-05 ), #1754, 'distance_accuracy_value', 'NONE');
#6041 = CARTESIAN_POINT ( 'NONE',  ( 1.012499999999978639, 18.02250000000000085, -46.47375000000000256 ) ) ;
#6042 = COLOUR_RGB ( '',0.1019607843137254888, 0.1019607843137254888, 0.1019607843137254888 ) ;
#6043 = FACE_OUTER_BOUND ( 'NONE', #1494, .T. ) ;
#6044 = ORIENTED_EDGE ( 'NONE', *, *, #1328, .F. ) ;
#6045 = PRESENTATION_STYLE_ASSIGNMENT (( #669 ) ) ;
#6046 = CARTESIAN_POINT ( 'NONE',  ( -9.237311773632050915, 3.160539907761111156, -93.23126259307690589 ) ) ;
#6047 = CARTESIAN_POINT ( 'NONE',  ( 3.815554330455635412, -4.050000000000042455, -44.41531023316975535 ) ) ;
#6048 = ORIENTED_EDGE ( 'NONE', *, *, #3677, .F. ) ;
#6049 = LINE ( 'NONE', #1699, #1283 ) ;
#6050 = FILL_AREA_STYLE ('',( #6084 ) ) ;
#6051 = FILL_AREA_STYLE ('',( #4090 ) ) ;
#6052 = CARTESIAN_POINT ( 'NONE',  ( -7.578847391416594803, 0.000000000000000000, -23.69249999999999901 ) ) ;
#6053 = DIRECTION ( 'NONE',  ( 1.771715334611554217E-15, 1.000000000000000000, 0.000000000000000000 ) ) ;
#6054 = ADVANCED_FACE ( 'NONE', ( #714 ), #5664, .T. ) ;
#6055 = EDGE_LOOP ( 'NONE', ( #4788, #5203, #1537, #2466, #4157, #930, #6082, #2256 ) ) ;
#6056 = CARTESIAN_POINT ( 'NONE',  ( -8.457542103933816335, 22.58500000000000085, -100.7440388352560348 ) ) ;
#6057 = ORIENTED_EDGE ( 'NONE', *, *, #527, .T. ) ;
#6058 = DIRECTION ( 'NONE',  ( -1.000000000000000000, 0.000000000000000000, 0.000000000000000000 ) ) ;
#6059 = LINE ( 'NONE', #2611, #5770 ) ;
#6060 = UNCERTAINTY_MEASURE_WITH_UNIT (LENGTH_MEASURE( 1.000000000000000082E-05 ), #929, 'distance_accuracy_value', 'NONE');
#6061 = AXIS2_PLACEMENT_3D ( 'NONE', #1627, #4624, #1176 ) ;
#6062 = PRESENTATION_STYLE_ASSIGNMENT (( #3190 ) ) ;
#6063 = EDGE_CURVE ( 'NONE', #3396, #3791, #3017, .T. ) ;
#6064 =( LENGTH_UNIT ( ) NAMED_UNIT ( * ) SI_UNIT ( .MILLI., .METRE. ) );
#6065 = CARTESIAN_POINT ( 'NONE',  ( -8.507045600368838834, 3.638750000000137597, -26.73000000000000043 ) ) ;
#6066 = VERTEX_POINT ( 'NONE', #3406 ) ;
#6067 = PLANE ( 'NONE',  #2497 ) ;
#6068 = COLOUR_RGB ( '',0.1019607843137254888, 0.1019607843137254888, 0.1019607843137254888 ) ;
#6069 = PLANE ( 'NONE',  #6088 ) ;
#6070 = FACE_OUTER_BOUND ( 'NONE', #2928, .T. ) ;
#6071 = DIRECTION ( 'NONE',  ( -1.000000000000000000, 0.000000000000000000, 0.000000000000000000 ) ) ;
#6072 = EDGE_CURVE ( 'NONE', #6004, #4552, #1622, .T. ) ;
#6073 = SURFACE_SIDE_STYLE ('',( #1204 ) ) ;
#6074 = STYLED_ITEM ( 'NONE', ( #844 ), #926 ) ;
#6075 =( LENGTH_UNIT ( ) NAMED_UNIT ( * ) SI_UNIT ( .MILLI., .METRE. ) );
#6076 = EDGE_LOOP ( 'NONE', ( #5530, #2776, #4032, #4006, #635, #3921, #1529, #2959 ) ) ;
#6077 = FILL_AREA_STYLE ('',( #2165 ) ) ;
#6078 = CARTESIAN_POINT ( 'NONE',  ( -9.456060323183660188, 21.81386583268366408, -42.35367681127257811 ) ) ;
#6079 = MECHANICAL_DESIGN_GEOMETRIC_PRESENTATION_REPRESENTATION (  '', ( #5146 ), #1030 ) ;
#6080 = CARTESIAN_POINT ( 'NONE',  ( -10.12215297537913195, 6.796922460673082256, -38.04169059513932893 ) ) ;
#6081 = CARTESIAN_POINT ( 'NONE',  ( -7.796250000000000568, -9.948521286664769410E-14, -137.0924999999999727 ) ) ;
#6082 = ORIENTED_EDGE ( 'NONE', *, *, #1031, .T. ) ;
#6083 = SURFACE_STYLE_USAGE ( .BOTH. , #5538 ) ;
#6084 = FILL_AREA_STYLE_COLOUR ( '', #3088 ) ;
#6085 = DIRECTION ( 'NONE',  ( 0.000000000000000000, 0.000000000000000000, -1.000000000000000000 ) ) ;
#6086 = LINE ( 'NONE', #5833, #1332 ) ;
#6087 = CARTESIAN_POINT ( 'NONE',  ( 20.25000000000000000, -3.037499999999999645, 0.000000000000000000 ) ) ;
#6088 = AXIS2_PLACEMENT_3D ( 'NONE', #887, #913, #3290 ) ;
#6089 = ORIENTED_EDGE ( 'NONE', *, *, #5520, .T. ) ;
#6090 = DIRECTION ( 'NONE',  ( 0.000000000000000000, 1.885568995626965026E-16, -1.000000000000000000 ) ) ;
#6091 = VECTOR ( 'NONE', #364, 1000.000000000000000 ) ;
#6092 = AXIS2_PLACEMENT_3D ( 'NONE', #514, #5402, #1975 ) ;
#6093 = VECTOR ( 'NONE', #1982, 1000.000000000000000 ) ;
#6094 = DIRECTION ( 'NONE',  ( -2.636779683484745304E-16, 5.011196880269860074E-16, -1.000000000000000000 ) ) ;
#6095 = CARTESIAN_POINT ( 'NONE',  ( -5.973749999999999893, 2.024999999999999911, -26.69249999999999901 ) ) ;
#6096 = CARTESIAN_POINT ( 'NONE',  ( 1.070778906246476758, 29.15999999999999304, -42.05774055960331026 ) ) ;
#6097 = ORIENTED_EDGE ( 'NONE', *, *, #5639, .T. ) ;
#6098 = CARTESIAN_POINT ( 'NONE',  ( 0.000000000000000000, 0.000000000000000000, 0.000000000000000000 ) ) ;
#6099 = DIRECTION ( 'NONE',  ( 1.000000000000000000, 0.000000000000000000, -0.000000000000000000 ) ) ;
#6100 = CIRCLE ( 'NONE', #638, 10.12499999999999645 ) ;
#6101 = AXIS2_PLACEMENT_3D ( 'NONE', #10, #4823, #1005 ) ;
#6102 = ADVANCED_FACE ( 'NONE', ( #5993, #1728 ), #2700, .F. ) ;
#6103 = FILL_AREA_STYLE ('',( #4489 ) ) ;
#6104 = CYLINDRICAL_SURFACE ( 'NONE', #1531, 11.13749999999999751 ) ;
#6105 =( NAMED_UNIT ( * ) SI_UNIT ( $, .STERADIAN. ) SOLID_ANGLE_UNIT ( ) );
#6106 = PLANE ( 'NONE',  #4461 ) ;
#6107 = MECHANICAL_DESIGN_GEOMETRIC_PRESENTATION_REPRESENTATION (  '', ( #5902 ), #346 ) ;
#6108 = ORIENTED_EDGE ( 'NONE', *, *, #858, .F. ) ;
#6109 = ADVANCED_FACE ( 'NONE', ( #3179 ), #5015, .F. ) ;
#6110 = FILL_AREA_STYLE ('',( #293 ) ) ;
#6111 = DIRECTION ( 'NONE',  ( 1.000000000000000000, 0.000000000000000000, 0.000000000000000000 ) ) ;
#6112 = FILL_AREA_STYLE_COLOUR ( '', #2360 ) ;
#6113 = COLOUR_RGB ( '',0.1019607843137254888, 0.1019607843137254888, 0.1019607843137254888 ) ;
#6114 = ORIENTED_EDGE ( 'NONE', *, *, #2437, .F. ) ;
#6115 = LINE ( 'NONE', #3617, #884 ) ;
#6116 = DIRECTION ( 'NONE',  ( -1.000000000000000000, 3.212450881438532241E-16, -0.000000000000000000 ) ) ;
#6117 = CARTESIAN_POINT ( 'NONE',  ( 10.62500000000000000, -3.370378253018048831, -96.94734603506556425 ) ) ;
#6118 = UNCERTAINTY_MEASURE_WITH_UNIT (LENGTH_MEASURE( 1.000000000000000082E-05 ), #4139, 'distance_accuracy_value', 'NONE');
#6119 = DIRECTION ( 'NONE',  ( -0.000000000000000000, 1.000000000000000000, 0.000000000000000000 ) ) ;
#6120 = MECHANICAL_DESIGN_GEOMETRIC_PRESENTATION_REPRESENTATION (  '', ( #979 ), #5190 ) ;
#6121 = ORIENTED_EDGE ( 'NONE', *, *, #4373, .F. ) ;
#6122 = CARTESIAN_POINT ( 'NONE',  ( -9.057409669586416356, 22.58500000000000085, -99.70394550380397902 ) ) ;
#6123 = LINE ( 'NONE', #784, #1387 ) ;
#6124 = CARTESIAN_POINT ( 'NONE',  ( 7.774964702481920398, -3.037500000000000089, -95.32399041040282839 ) ) ;
#6125 = LINE ( 'NONE', #5643, #2528 ) ;
#6126 =( LENGTH_UNIT ( ) NAMED_UNIT ( * ) SI_UNIT ( .MILLI., .METRE. ) );
#6127 = CARTESIAN_POINT ( 'NONE',  ( -7.578847391416585921, 25.10999999999999588, -110.3999999999999915 ) ) ;
#6128 = ORIENTED_EDGE ( 'NONE', *, *, #4574, .T. ) ;
#6129 = FACE_OUTER_BOUND ( 'NONE', #5487, .T. ) ;
#6130 = VECTOR ( 'NONE', #3783, 1000.000000000000000 ) ;
#6131 = CARTESIAN_POINT ( 'NONE',  ( -9.184564627096117206, 2.950766124510181054, -43.71506348792072316 ) ) ;
#6132 = DIRECTION ( 'NONE',  ( 0.000000000000000000, 0.000000000000000000, 1.000000000000000000 ) ) ;
#6133 = CARTESIAN_POINT ( 'NONE',  ( -7.837198038657695598, 23.85999999999998877, -36.47381157271787799 ) ) ;
#6134 = DIRECTION ( 'NONE',  ( 0.000000000000000000, 0.000000000000000000, -1.000000000000000000 ) ) ;
#6135 = DIRECTION ( 'NONE',  ( -0.000000000000000000, 1.885568995626964780E-16, -1.000000000000000000 ) ) ;
#6136 = EDGE_CURVE ( 'NONE', #539, #2911, #709, .T. ) ;
#6137 = DIRECTION ( 'NONE',  ( -2.582639285611905427E-16, 2.238429243383175034E-33, 1.000000000000000000 ) ) ;
#6138 = VERTEX_POINT ( 'NONE', #4056 ) ;
#6139 = SURFACE_STYLE_FILL_AREA ( #3828 ) ;
#6140 = PRESENTATION_LAYER_ASSIGNMENT (  '', '', ( #5836 ) ) ;
#6141 =( LENGTH_UNIT ( ) NAMED_UNIT ( * ) SI_UNIT ( .MILLI., .METRE. ) );
#6142 = CARTESIAN_POINT ( 'NONE',  ( -9.189109521595574037, 2.618599752859620988, -42.06036481966481944 ) ) ;
#6143 = FACE_OUTER_BOUND ( 'NONE', #3523, .T. ) ;
#6144 = EDGE_CURVE ( 'NONE', #4819, #3889, #5809, .T. ) ;
#6145 = ADVANCED_FACE ( 'NONE', ( #3005 ), #4011, .T. ) ;
#6146 = DIRECTION ( 'NONE',  ( -1.000000000000000000, 0.000000000000000000, 0.000000000000000000 ) ) ;
#6147 = VERTEX_POINT ( 'NONE', #326 ) ;
#6148 = ORIENTED_EDGE ( 'NONE', *, *, #4481, .T. ) ;
#6149 = DIRECTION ( 'NONE',  ( 0.000000000000000000, -0.7071067811865510144, -0.7071067811865441310 ) ) ;
#6150 = SURFACE_SIDE_STYLE ('',( #4186 ) ) ;
#6151 = CARTESIAN_POINT ( 'NONE',  ( 10.12500000000000000, -3.961305402135091747, -99.15417186458940080 ) ) ;
#6152 =( NAMED_UNIT ( * ) SI_UNIT ( $, .STERADIAN. ) SOLID_ANGLE_UNIT ( ) );
#6153 =( NAMED_UNIT ( * ) SI_UNIT ( $, .STERADIAN. ) SOLID_ANGLE_UNIT ( ) );
#6154 = EDGE_CURVE ( 'NONE', #4731, #3602, #5738, .T. ) ;
#6155 = EDGE_LOOP ( 'NONE', ( #1362, #1601, #6012, #2374, #4309, #2992 ) ) ;
#6156 =( LENGTH_UNIT ( ) NAMED_UNIT ( * ) SI_UNIT ( .MILLI., .METRE. ) );
#6157 = CARTESIAN_POINT ( 'NONE',  ( 10.62500000000000000, 22.07249999999999801, -137.0924999999999727 ) ) ;
#6158 = CARTESIAN_POINT ( 'NONE',  ( 4.276877045862018001, 29.16000000000001435, -38.87738403300551226 ) ) ;
#6159 = SURFACE_STYLE_USAGE ( .BOTH. , #1743 ) ;
#6160 = ORIENTED_EDGE ( 'NONE', *, *, #5383, .F. ) ;
#6161 =( NAMED_UNIT ( * ) PLANE_ANGLE_UNIT ( ) SI_UNIT ( $, .RADIAN. ) );
#6162 = CARTESIAN_POINT ( 'NONE',  ( 1.012499999999976863, 6.074999999999993072, -42.06036481966479812 ) ) ;
#6163 = FACE_OUTER_BOUND ( 'NONE', #3647, .T. ) ;
#6164 = LINE ( 'NONE', #2224, #5491 ) ;
#6165 = PRESENTATION_STYLE_ASSIGNMENT (( #768 ) ) ;
#6166 = ORIENTED_EDGE ( 'NONE', *, *, #2976, .F. ) ;
#6167 = PRESENTATION_LAYER_ASSIGNMENT (  '', '', ( #1409 ) ) ;
#6168 = DIRECTION ( 'NONE',  ( 0.000000000000000000, 1.885568995626965026E-16, -1.000000000000000000 ) ) ;
#6169 = DIRECTION ( 'NONE',  ( -3.212450881438532241E-16, -1.000000000000000000, 0.000000000000000000 ) ) ;
#6170 = ADVANCED_FACE ( 'NONE', ( #88 ), #3781, .T. ) ;
#6171 = CARTESIAN_POINT ( 'NONE',  ( -9.763724428103474295, 4.210310366032235407, -36.72907947409422746 ) ) ;
#6172 = VECTOR ( 'NONE', #414, 1000.000000000000000 ) ;
#6173 = CARTESIAN_POINT ( 'NONE',  ( 10.99999668998635549, 5.421243902489661259, -46.47375000008769064 ) ) ;
#6174 = SURFACE_STYLE_FILL_AREA ( #1762 ) ;
#6175 = ORIENTED_EDGE ( 'NONE', *, *, #4012, .F. ) ;
#6176 = FACE_OUTER_BOUND ( 'NONE', #2978, .T. ) ;
#6177 = EDGE_LOOP ( 'NONE', ( #4082, #4191, #3031, #4875, #483 ) ) ;
#6178 = STYLED_ITEM ( 'NONE', ( #3442 ), #723 ) ;
#6179 = FACE_OUTER_BOUND ( 'NONE', #3904, .T. ) ;
#6180 = ADVANCED_FACE ( 'NONE', ( #4284 ), #3872, .F. ) ;
#6181 = CARTESIAN_POINT ( 'NONE',  ( -2.025000000000000799, 18.39302304079693684, -83.53125000000000000 ) ) ;
#6182 = VERTEX_POINT ( 'NONE', #460 ) ;
#6183 = SURFACE_STYLE_FILL_AREA ( #4725 ) ;
#6184 = CARTESIAN_POINT ( 'NONE',  ( 1.346932820426246513, -4.050000000000020250, -92.70901047273787299 ) ) ;
#6185 = CARTESIAN_POINT ( 'NONE',  ( 10.62500000000000000, 25.10999999999999588, 3.037499999999999645 ) ) ;
#6186 = MECHANICAL_DESIGN_GEOMETRIC_PRESENTATION_REPRESENTATION (  '', ( #1237 ), #3128 ) ;
#6187 = EDGE_CURVE ( 'NONE', #3594, #269, #5181, .T. ) ;
#6188 = DIRECTION ( 'NONE',  ( -1.000000000000000000, 0.000000000000000000, 0.000000000000000000 ) ) ;
#6189 = CARTESIAN_POINT ( 'NONE',  ( 2.369239150974326691, 29.16000000000000014, -40.87224591862090506 ) ) ;
#6190 = AXIS2_PLACEMENT_3D ( 'NONE', #2133, #4498, #2502 ) ;
#6191 = CARTESIAN_POINT ( 'NONE',  ( 9.867290423519820664, 22.94322051626252446, -46.47375000514914234 ) ) ;
#6192 = VERTEX_POINT ( 'NONE', #1512 ) ;
#6193 = DIRECTION ( 'NONE',  ( 1.000000000000000000, -3.212450881438532241E-16, -6.057297782015009052E-32 ) ) ;
#6194 = FILL_AREA_STYLE ('',( #4708 ) ) ;
#6195 = VECTOR ( 'NONE', #556, 1000.000000000000000 ) ;
#6196 = COLOUR_RGB ( '',0.1019607843137254888, 0.1019607843137254888, 0.1019607843137254888 ) ;
#6197 = CARTESIAN_POINT ( 'NONE',  ( -9.441056662490986184, 21.60401699407561793, -93.69660289231187278 ) ) ;
#6198 = LINE ( 'NONE', #2804, #2941 ) ;
#6199 =( NAMED_UNIT ( * ) SI_UNIT ( $, .STERADIAN. ) SOLID_ANGLE_UNIT ( ) );
#6200 = DIRECTION ( 'NONE',  ( 0.000000000000000000, -1.000000000000000000, -1.885568995626964780E-16 ) ) ;
#6201 = STYLED_ITEM ( 'NONE', ( #5311 ), #3296 ) ;
#6202 = VERTEX_POINT ( 'NONE', #4795 ) ;
#6203 = CARTESIAN_POINT ( 'NONE',  ( 8.099999999999999645, -3.037499999999999645, -46.47375000000000256 ) ) ;
#6204 = CYLINDRICAL_SURFACE ( 'NONE', #4547, 10.12499999999999822 ) ;
#6205 =( GEOMETRIC_REPRESENTATION_CONTEXT ( 3 ) GLOBAL_UNCERTAINTY_ASSIGNED_CONTEXT ( ( #3370 ) ) GLOBAL_UNIT_ASSIGNED_CONTEXT ( ( #4620, #2688, #6105 ) ) REPRESENTATION_CONTEXT ( 'NONE', 'WORKASPACE' ) );
#6206 = COLOUR_RGB ( '',0.1019607843137254888, 0.1019607843137254888, 0.1019607843137254888 ) ;
#6207 = CARTESIAN_POINT ( 'NONE',  ( 8.375829477254237432, -4.049999999999960743, -36.70262605864716932 ) ) ;
#6208 = LINE ( 'NONE', #4989, #1761 ) ;
#6209 = B_SPLINE_SURFACE_WITH_KNOTS ( 'NONE', 3, 1, ( 
 ( #5478, #5872 ),
 ( #585, #2483 ),
 ( #4413, #108 ),
 ( #2018, #5672 ),
 ( #3595, #5089 ),
 ( #2736, #1217 ) ),
 .UNSPECIFIED., .F., .F., .F.,
 ( 4, 2, 4 ),
 ( 2, 2 ),
 ( 0.000000000000000000, 0.5000000000000000000, 1.000000000000000000 ),
 ( 0.000000000000000000, 1.000000000000000000 ),
 .UNSPECIFIED. ) ;
#6210 = EDGE_LOOP ( 'NONE', ( #4061 ) ) ;
#6211 = CARTESIAN_POINT ( 'NONE',  ( -5.973749999999989235, 23.85999999999999233, -35.35247501224862532 ) ) ;
#6212 = MECHANICAL_DESIGN_GEOMETRIC_PRESENTATION_REPRESENTATION (  '', ( #3754 ), #3043 ) ;
#6213 = ORIENTED_EDGE ( 'NONE', *, *, #3802, .T. ) ;
#6214 = CARTESIAN_POINT ( 'NONE',  ( 1.839338872853176321, 29.16000000000009607, -92.70700159089774672 ) ) ;
#6215 = FILL_AREA_STYLE_COLOUR ( '', #4331 ) ;
#6216 = CARTESIAN_POINT ( 'NONE',  ( -9.112499999999998934, 7.087500000000000355, -46.47375000000000256 ) ) ;
#6217 = DIRECTION ( 'NONE',  ( 0.000000000000000000, 1.885568995626965026E-16, -1.000000000000000000 ) ) ;
#6218 = AXIS2_PLACEMENT_3D ( 'NONE', #5416, #3508, #1557 ) ;
#6219 =( LENGTH_UNIT ( ) NAMED_UNIT ( * ) SI_UNIT ( .MILLI., .METRE. ) );
#6220 = ORIENTED_EDGE ( 'NONE', *, *, #1423, .T. ) ;
#6221 = ADVANCED_FACE ( 'NONE', ( #5805 ), #5769, .F. ) ;
#6222 = CARTESIAN_POINT ( 'NONE',  ( -6.693888710217533067, 21.97124999999999773, -101.8662027549869151 ) ) ;
#6223 = CARTESIAN_POINT ( 'NONE',  ( 2.375961753402435761, -4.049999999999994493, -96.23187546462042974 ) ) ;
#6224 =( NAMED_UNIT ( * ) PLANE_ANGLE_UNIT ( ) SI_UNIT ( $, .RADIAN. ) );
#6225 = STYLED_ITEM ( 'NONE', ( #3530 ), #4394 ) ;
#6226 = CARTESIAN_POINT ( 'NONE',  ( 8.404419707584937171, -3.037499999999998757, -41.38947527421066042 ) ) ;
#6227 = VECTOR ( 'NONE', #5762, 1000.000000000000000 ) ;
#6228 = FACE_OUTER_BOUND ( 'NONE', #2043, .T. ) ;
#6229 = ADVANCED_FACE ( 'NONE', ( #2543 ), #4980, .T. ) ;
#6230 = CARTESIAN_POINT ( 'NONE',  ( 4.019870675260222015, 29.15999999999980830, -44.42121165246976489 ) ) ;
#6231 = ORIENTED_EDGE ( 'NONE', *, *, #576, .F. ) ;
#6232 = CARTESIAN_POINT ( 'NONE',  ( 7.866043189547599290, -4.049999999999965183, -36.85595934221419157 ) ) ;
#6233 = CARTESIAN_POINT ( 'NONE',  ( -0.1250000000000365263, 3.638750000000138929, -26.69249999999999901 ) ) ;
#6234 = LINE ( 'NONE', #5716, #3728 ) ;
#6235 = CARTESIAN_POINT ( 'NONE',  ( -8.660563660229540162, 22.85578903320767452, -92.48700282920061966 ) ) ;
#6236 = FACE_OUTER_BOUND ( 'NONE', #1299, .T. ) ;
#6237 = CARTESIAN_POINT ( 'NONE',  ( -5.973749999999999005, 22.58500000000000085, -137.0924999999999727 ) ) ;
#6238 = FILL_AREA_STYLE_COLOUR ( '', #3167 ) ;
#6239 = EDGE_LOOP ( 'NONE', ( #5213, #4291, #1398, #4623 ) ) ;
#6240 = CARTESIAN_POINT ( 'NONE',  ( -1.993976947941333622, 6.285292790866564339, -83.60305345898703422 ) ) ;
#6241 = DIRECTION ( 'NONE',  ( -1.000000000000000000, 3.212450881438532241E-16, 0.000000000000000000 ) ) ;
#6242 = STYLED_ITEM ( 'NONE', ( #96 ), #6229 ) ;
#6243 = CONICAL_SURFACE ( 'NONE', #5624, 2.531249999999944045, 0.7853981633974433940 ) ;
#6244 = CARTESIAN_POINT ( 'NONE',  ( -0.07736946776147252125, 1.116781617966347229, -50.52938317113558497 ) ) ;
#6245 = ORIENTED_EDGE ( 'NONE', *, *, #3827, .F. ) ;
#6246 = SURFACE_STYLE_FILL_AREA ( #4184 ) ;
#6247 = STYLED_ITEM ( 'NONE', ( #2375 ), #5840 ) ;
#6248 = VERTEX_POINT ( 'NONE', #166 ) ;
#6249 = CARTESIAN_POINT ( 'NONE',  ( 4.947086934155674243, 27.35396060334031532, -90.61875003405057782 ) ) ;
#6250 = CARTESIAN_POINT ( 'NONE',  ( 3.246079154730373784, -2.802843615220096396, -46.47374989866636241 ) ) ;
#6251 = DIRECTION ( 'NONE',  ( 0.000000000000000000, 1.000000000000000000, 0.000000000000000000 ) ) ;
#6252 = ORIENTED_EDGE ( 'NONE', *, *, #4528, .T. ) ;
#6253 = CARTESIAN_POINT ( 'NONE',  ( -52.37500000000000000, 3.673940397442059375E-16, -26.69249999999999901 ) ) ;
#6254 = CARTESIAN_POINT ( 'NONE',  ( 7.127597562419182964, -0.9951175694296945373, -90.61874997017037003 ) ) ;
#6255 = FILL_AREA_STYLE_COLOUR ( '', #4732 ) ;
#6256 = FILL_AREA_STYLE ('',( #581 ) ) ;
#6257 = UNCERTAINTY_MEASURE_WITH_UNIT (LENGTH_MEASURE( 1.000000000000000082E-05 ), #5245, 'distance_accuracy_value', 'NONE');
#6258 = EDGE_CURVE ( 'NONE', #674, #3586, #1209, .T. ) ;
#6259 = CARTESIAN_POINT ( 'NONE',  ( -7.796250000000000568, 3.138750000000156692, -137.0924999999999727 ) ) ;
#6260 = CARTESIAN_POINT ( 'NONE',  ( 2.450132085366272694, 29.16000000000000014, -40.77120253898764446 ) ) ;
#6261 = VERTEX_POINT ( 'NONE', #5403 ) ;
#6262 = FACE_OUTER_BOUND ( 'NONE', #1206, .T. ) ;
#6263 =( LENGTH_UNIT ( ) NAMED_UNIT ( * ) SI_UNIT ( .MILLI., .METRE. ) );
#6264 = EDGE_CURVE ( 'NONE', #1439, #649, #1090, .T. ) ;
#6265 = CARTESIAN_POINT ( 'NONE',  ( -8.444653667421217591, 23.70157809013320360, -93.56770383496230181 ) ) ;
#6266 = CARTESIAN_POINT ( 'NONE',  ( -5.973749999999999893, 1.292486837664946873E-14, -137.0924999999999727 ) ) ;
#6267 = VERTEX_POINT ( 'NONE', #603 ) ;
#6268 = CARTESIAN_POINT ( 'NONE',  ( -1.966003910476549210, 5.996015459006379444, -83.66592922726221104 ) ) ;
#6269 = ADVANCED_FACE ( 'NONE', ( #2505 ), #2572, .T. ) ;
#6270 = SURFACE_STYLE_FILL_AREA ( #1503 ) ;
#6271 = CARTESIAN_POINT ( 'NONE',  ( -0.04163784258559895951, 1.068076664757618532, -50.48770054553198605 ) ) ;
#6272 = EDGE_LOOP ( 'NONE', ( #5020, #3151, #1687, #592, #5193, #3102 ) ) ;
#6273 = CARTESIAN_POINT ( 'NONE',  ( 1.012499999999961542, 7.087499999999999467, -110.3999999999999915 ) ) ;
#6274 = ORIENTED_EDGE ( 'NONE', *, *, #2984, .T. ) ;
ENDSEC;
END-ISO-10303-21;
