ISO-10303-21;
HEADER;
FILE_DESCRIPTION (( 'STEP AP214' ),
    '1' );
FILE_NAME('Leg_Link_LV2_Original.step','2026-09-10T00:00:00',('RIVERDOG'),(''),'SOLIDWORKS STEP exporter','SOLIDWORKS','');
FILE_SCHEMA (( 'AUTOMOTIVE_DESIGN' ));
ENDSEC;

DATA;
#1 = CARTESIAN_POINT ( 'NONE',  ( 18.05471167566076574, -3.037499999999999645, -90.75744899377396280 ) ) ;
#2 = ORIENTED_EDGE ( 'NONE', *, *, #2277, .F. ) ;
#3 = DIRECTION ( 'NONE',  ( -1.000000000000000000, 0.000000000000000000, 0.000000000000000000 ) ) ;
#4 = CARTESIAN_POINT ( 'NONE',  ( 27.33749999999999858, -3.079415780812730085E-15, -9.484600604903112325E-15 ) ) ;
#5 = CIRCLE ( 'NONE', #3267, 10.12500000000000178 ) ;
#6 = CARTESIAN_POINT ( 'NONE',  ( 9.624999999999998224, 28.81080100049178583, -98.03958722513444002 ) ) ;
#7 = AXIS2_PLACEMENT_3D ( 'NONE', #803, #56, #1512 ) ;
#8 = LINE ( 'NONE', #1550, #516 ) ;
#9 = CARTESIAN_POINT ( 'NONE',  ( 19.23749999999999716, 29.16000000000000369, -113.3999999999999915 ) ) ;
#10 = LINE ( 'NONE', #3211, #4669 ) ;
#11 = CARTESIAN_POINT ( 'NONE',  ( 11.82557194092926522, 29.15999999999984027, -44.86261682143440765 ) ) ;
#12 =( GEOMETRIC_REPRESENTATION_CONTEXT ( 3 ) GLOBAL_UNCERTAINTY_ASSIGNED_CONTEXT ( ( #4821 ) ) GLOBAL_UNIT_ASSIGNED_CONTEXT ( ( #1825, #1802, #1028 ) ) REPRESENTATION_CONTEXT ( 'NONE', 'WORKASPACE' ) );
#13 = CARTESIAN_POINT ( 'NONE',  ( 15.68147179008579783, 27.50468297687624286, -90.61874996594943354 ) ) ;
#14 = ORIENTED_EDGE ( 'NONE', *, *, #1968, .T. ) ;
#15 =( GEOMETRIC_REPRESENTATION_CONTEXT ( 3 ) GLOBAL_UNCERTAINTY_ASSIGNED_CONTEXT ( ( #2182 ) ) GLOBAL_UNIT_ASSIGNED_CONTEXT ( ( #4140, #4131, #1721 ) ) REPRESENTATION_CONTEXT ( 'NONE', 'WORKASPACE' ) );
#16 = VECTOR ( 'NONE', #2449, 1000.000000000000114 ) ;
#17 = FILL_AREA_STYLE ('',( #2733 ) ) ;
#18 = EDGE_LOOP ( 'NONE', ( #217, #2011, #3626, #3387, #3233 ) ) ;
#19 =( LENGTH_UNIT ( ) NAMED_UNIT ( * ) SI_UNIT ( .MILLI., .METRE. ) );
#20 = EDGE_LOOP ( 'NONE', ( #1775, #810, #999, #2350 ) ) ;
#21 = CARTESIAN_POINT ( 'NONE',  ( 70.87076142158512937, 5.366250000056608904, -137.0924999999999727 ) ) ;
#22 = CARTESIAN_POINT ( 'NONE',  ( 29.36250000000000071, 18.02250000000000085, -90.61874999999999147 ) ) ;
#23 = SURFACE_SIDE_STYLE ('',( #823 ) ) ;
#24 = PRESENTATION_LAYER_ASSIGNMENT (  '', '', ( #1558 ) ) ;
#25 = DIRECTION ( 'NONE',  ( 0.000000000000000000, 1.000000000000000000, -0.000000000000000000 ) ) ;
#26 = EDGE_CURVE ( 'NONE', #501, #2795, #4234, .T. ) ;
#27 =( LENGTH_UNIT ( ) NAMED_UNIT ( * ) SI_UNIT ( .MILLI., .METRE. ) );
#28 = CARTESIAN_POINT ( 'NONE',  ( 28.98243056833186770, 1.694318760336748220, -38.59666468220684976 ) ) ;
#29 = ORIENTED_EDGE ( 'NONE', *, *, #3917, .F. ) ;
#30 = CARTESIAN_POINT ( 'NONE',  ( 18.09617834470372699, -4.049999999999959854, -41.12924565395564969 ) ) ;
#31 =( GEOMETRIC_REPRESENTATION_CONTEXT ( 3 ) GLOBAL_UNCERTAINTY_ASSIGNED_CONTEXT ( ( #1542 ) ) GLOBAL_UNIT_ASSIGNED_CONTEXT ( ( #1180, #2345, #43 ) ) REPRESENTATION_CONTEXT ( 'NONE', 'WORKASPACE' ) );
#32 = CARTESIAN_POINT ( 'NONE',  ( 23.23687499999994799, 17.71874999999998224, -84.49312499999948045 ) ) ;
#33 = DIRECTION ( 'NONE',  ( 1.000000000000000000, 0.000000000000000000, 0.000000000000000000 ) ) ;
#34 = AXIS2_PLACEMENT_3D ( 'NONE', #4, #4285, #2647 ) ;
#35 = EDGE_CURVE ( 'NONE', #3134, #2802, #3771, .T. ) ;
#36 = ORIENTED_EDGE ( 'NONE', *, *, #4090, .T. ) ;
#37 = AXIS2_PLACEMENT_3D ( 'NONE', #2590, #3685, #4168 ) ;
#38 = UNCERTAINTY_MEASURE_WITH_UNIT (LENGTH_MEASURE( 1.000000000000000082E-05 ), #1032, 'distance_accuracy_value', 'NONE');
#39 = CARTESIAN_POINT ( 'NONE',  ( 22.01649254162133573, 4.814062191342766361, -84.08414870842725009 ) ) ;
#40 = CARTESIAN_POINT ( 'NONE',  ( 19.23749999999999716, 18.02250000000000085, -23.69250000000030099 ) ) ;
#41 = SURFACE_STYLE_FILL_AREA ( #553 ) ;
#42 = PRESENTATION_STYLE_ASSIGNMENT (( #2015 ) ) ;
#43 =( NAMED_UNIT ( * ) SI_UNIT ( $, .STERADIAN. ) SOLID_ANGLE_UNIT ( ) );
#44 = STYLED_ITEM ( 'NONE', ( #471 ), #345 ) ;
#45 = SURFACE_SIDE_STYLE ('',( #760 ) ) ;
#46 = FILL_AREA_STYLE ('',( #4718 ) ) ;
#47 = ORIENTED_EDGE ( 'NONE', *, *, #3911, .F. ) ;
#48 = CARTESIAN_POINT ( 'NONE',  ( 26.22375000000045375, -1.359327070329307694E-15, -45.96750000000000114 ) ) ;
#49 = ORIENTED_EDGE ( 'NONE', *, *, #416, .T. ) ;
#50 = CARTESIAN_POINT ( 'NONE',  ( 20.25000000000000000, -2.986747800704522504, 0.05075219929546986863 ) ) ;
#51 = LINE ( 'NONE', #2328, #2870 ) ;
#52 = CARTESIAN_POINT ( 'NONE',  ( 20.25000000000000000, 1.580766767483863887E-14, 3.037499999999999645 ) ) ;
#53 = PRESENTATION_STYLE_ASSIGNMENT (( #3501 ) ) ;
#54 = CARTESIAN_POINT ( 'NONE',  ( 14.33164008627305286, -1.774942999474055538, -46.47375003229288382 ) ) ;
#55 = SURFACE_STYLE_FILL_AREA ( #3474 ) ;
#56 = DIRECTION ( 'NONE',  ( -0.000000000000000000, 0.000000000000000000, 1.000000000000000000 ) ) ;
#57 = COLOUR_RGB ( '',0.1019607843137254888, 0.1019607843137254888, 0.1019607843137254888 ) ;
#58 = FACE_OUTER_BOUND ( 'NONE', #4683, .T. ) ;
#59 = STYLED_ITEM ( 'NONE', ( #5002 ), #1672 ) ;
#60 = MECHANICAL_DESIGN_GEOMETRIC_PRESENTATION_REPRESENTATION (  '', ( #5000 ), #1497 ) ;
#61 = LINE ( 'NONE', #1603, #2837 ) ;
#62 = EDGE_CURVE ( 'NONE', #2183, #1426, #951, .T. ) ;
#63 = VERTEX_POINT ( 'NONE', #567 ) ;
#64 = CARTESIAN_POINT ( 'NONE',  ( 9.625000000000000000, -3.037499999999999645, -137.0924999999999727 ) ) ;
#65 = DIRECTION ( 'NONE',  ( -3.122502256758254619E-17, 1.000000000000000000, 1.235002576838313896E-32 ) ) ;
#66 = PLANE ( 'NONE',  #2914 ) ;
#67 = COLOUR_RGB ( '',0.1019607843137254888, 0.1019607843137254888, 0.1019607843137254888 ) ;
#68 = CARTESIAN_POINT ( 'NONE',  ( 14.82495552577607434, 29.16000000000015646, -99.06719580286386417 ) ) ;
#69 = ORIENTED_EDGE ( 'NONE', *, *, #2619, .F. ) ;
#70 = ADVANCED_FACE ( 'NONE', ( #1794, #4870 ), #2512, .F. ) ;
#71 =( LENGTH_UNIT ( ) NAMED_UNIT ( * ) SI_UNIT ( .MILLI., .METRE. ) );
#72 = ORIENTED_EDGE ( 'NONE', *, *, #1605, .F. ) ;
#73 = CARTESIAN_POINT ( 'NONE',  ( 20.25000000000000000, -3.849269726015902252E-16, 3.037499999999999645 ) ) ;
#74 = LINE ( 'NONE', #871, #2217 ) ;
#75 = VERTEX_POINT ( 'NONE', #640 ) ;
#76 = FACE_OUTER_BOUND ( 'NONE', #3534, .T. ) ;
#77 = DIRECTION ( 'NONE',  ( 0.000000000000000000, 1.000000000000000000, 0.000000000000000000 ) ) ;
#78 = FACE_OUTER_BOUND ( 'NONE', #2806, .T. ) ;
#79 = FACE_BOUND ( 'NONE', #3473, .T. ) ;
#80 =( NAMED_UNIT ( * ) SI_UNIT ( $, .STERADIAN. ) SOLID_ANGLE_UNIT ( ) );
#81 = CARTESIAN_POINT ( 'NONE',  ( 14.62516847670171671, -1.933457172795686407, -46.47374994800586023 ) ) ;
#82 = CARTESIAN_POINT ( 'NONE',  ( 10.12500000000000000, -3.961305402134851494, -37.93832813541076376 ) ) ;
#83 = CARTESIAN_POINT ( 'NONE',  ( 18.41066112714659297, -4.050000000000036238, -92.70700159089776093 ) ) ;
#84 = DIRECTION ( 'NONE',  ( 0.000000000000000000, 1.885568995626962808E-16, -1.000000000000000000 ) ) ;
#85 = EDGE_CURVE ( 'NONE', #3087, #3640, #4972, .T. ) ;
#86 = ORIENTED_EDGE ( 'NONE', *, *, #3337, .T. ) ;
#87 = CARTESIAN_POINT ( 'NONE',  ( 19.23750000000000426, 28.14749999999999375, -23.69250000000030099 ) ) ;
#88 = CARTESIAN_POINT ( 'NONE',  ( 19.11967056848847690, 29.16000000000001080, -95.03213518033534513 ) ) ;
#89 = CARTESIAN_POINT ( 'NONE',  ( 21.94327137756933155, 4.515823322703922393, -84.22640224728961300 ) ) ;
#90 = SURFACE_SIDE_STYLE ('',( #2397 ) ) ;
#91 = DIRECTION ( 'NONE',  ( 0.000000000000000000, 6.227866195338764976E-14, -1.000000000000000000 ) ) ;
#92 = DIRECTION ( 'NONE',  ( -1.000000000000000000, 0.000000000000000000, 0.000000000000000000 ) ) ;
#93 = STYLED_ITEM ( 'NONE', ( #3529 ), #4279 ) ;
#94 = ORIENTED_EDGE ( 'NONE', *, *, #1451, .F. ) ;
#95 = COLOUR_RGB ( '',0.1019607843137254888, 0.1019607843137254888, 0.1019607843137254888 ) ;
#96 = ADVANCED_FACE ( 'NONE', ( #2189, #207 ), #3360, .F. ) ;
#97 = PRESENTATION_STYLE_ASSIGNMENT (( #1210 ) ) ;
#98 = ORIENTED_EDGE ( 'NONE', *, *, #3274, .T. ) ;
#99 = STYLED_ITEM ( 'NONE', ( #2361 ), #2369 ) ;
#100 = SURFACE_SIDE_STYLE ('',( #2860 ) ) ;
#101 = ORIENTED_EDGE ( 'NONE', *, *, #4547, .F. ) ;
#102 = CARTESIAN_POINT ( 'NONE',  ( 19.23749999999999716, 7.087500000000000355, -23.69250000000030099 ) ) ;
#103 =( NAMED_UNIT ( * ) SI_UNIT ( $, .STERADIAN. ) SOLID_ANGLE_UNIT ( ) );
#104 = DIRECTION ( 'NONE',  ( 0.000000000000000000, 0.7071067811865435759, 0.7071067811865515695 ) ) ;
#105 = CIRCLE ( 'NONE', #5035, 11.13749999999999751 ) ;
#106 = DIRECTION ( 'NONE',  ( -5.204170427930228012E-16, 1.000000000000000000, 1.074526720119979362E-15 ) ) ;
#107 = SURFACE_SIDE_STYLE ('',( #185 ) ) ;
#108 =( GEOMETRIC_REPRESENTATION_CONTEXT ( 3 ) GLOBAL_UNCERTAINTY_ASSIGNED_CONTEXT ( ( #4315 ) ) GLOBAL_UNIT_ASSIGNED_CONTEXT ( ( #4757, #1625, #886 ) ) REPRESENTATION_CONTEXT ( 'NONE', 'WORKASPACE' ) );
#109 = CARTESIAN_POINT ( 'NONE',  ( 16.43444566954412878, -4.049999999999828404, -92.67718976683002552 ) ) ;
#110 = DIRECTION ( 'NONE',  ( 1.000000000000000000, -7.791591302140609850E-32, 4.132222856978965360E-16 ) ) ;
#111 = EDGE_CURVE ( 'NONE', #4392, #2910, #1820, .T. ) ;
#112 = VECTOR ( 'NONE', #4918, 1000.000000000000000 ) ;
#113 =( NAMED_UNIT ( * ) PLANE_ANGLE_UNIT ( ) SI_UNIT ( $, .RADIAN. ) );
#114 = ORIENTED_EDGE ( 'NONE', *, *, #694, .T. ) ;
#115 = ORIENTED_EDGE ( 'NONE', *, *, #4720, .F. ) ;
#116 = FILL_AREA_STYLE_COLOUR ( '', #3834 ) ;
#117 = LINE ( 'NONE', #64, #3446 ) ;
#118 = CARTESIAN_POINT ( 'NONE',  ( 19.23749999999999716, -4.049999999999998934, -46.47375000000030809 ) ) ;
#119 = EDGE_CURVE ( 'NONE', #357, #2734, #3592, .T. ) ;
#120 = FACE_BOUND ( 'NONE', #5090, .T. ) ;
#121 = CARTESIAN_POINT ( 'NONE',  ( 9.950844101307113831, 29.16000000000112991, -91.54316371948088715 ) ) ;
#122 = ORIENTED_EDGE ( 'NONE', *, *, #2464, .F. ) ;
#123 = LINE ( 'NONE', #2803, #4561 ) ;
#124 = EDGE_CURVE ( 'NONE', #2335, #63, #4853, .T. ) ;
#125 = SURFACE_STYLE_FILL_AREA ( #2077 ) ;
#126 = VECTOR ( 'NONE', #1975, 1000.000000000000000 ) ;
#127 = ORIENTED_EDGE ( 'NONE', *, *, #327, .T. ) ;
#128 = FACE_OUTER_BOUND ( 'NONE', #428, .T. ) ;
#129 = CARTESIAN_POINT ( 'NONE',  ( 19.23749999999999716, 25.25319628389963000, -87.72444628389918364 ) ) ;
#130 = PLANE ( 'NONE',  #3732 ) ;
#131 = FILL_AREA_STYLE ('',( #1342 ) ) ;
#132 = CARTESIAN_POINT ( 'NONE',  ( 29.36250000000000071, 18.02250000000000085, -90.61874999999999147 ) ) ;
#133 = CARTESIAN_POINT ( 'NONE',  ( 17.79986791463277385, -4.049999999999947420, -40.77120253898731761 ) ) ;
#134 = CARTESIAN_POINT ( 'NONE',  ( 9.625000000000000000, 3.073713158996406964E-14, -140.1299999999999670 ) ) ;
#135 = CARTESIAN_POINT ( 'NONE',  ( 18.78784603639552842, -4.049999999999975842, -95.22350942129770601 ) ) ;
#136 = CARTESIAN_POINT ( 'NONE',  ( -101.2500000000000000, 22.07249999999999801, -137.0924999999999727 ) ) ;
#137 = CARTESIAN_POINT ( 'NONE',  ( 22.21991648488177873, 6.032302430048640751, -53.43530749680377312 ) ) ;
#138 = PLANE ( 'NONE',  #3313 ) ;
#139 = CARTESIAN_POINT ( 'NONE',  ( 10.33134536937792447, 29.15999999999951342, -45.34768593421601679 ) ) ;
#140 = STYLED_ITEM ( 'NONE', ( #2800 ), #883 ) ;
#141 = ORIENTED_EDGE ( 'NONE', *, *, #243, .F. ) ;
#142 =( NAMED_UNIT ( * ) PLANE_ANGLE_UNIT ( ) SI_UNIT ( $, .RADIAN. ) );
#143 = DIRECTION ( 'NONE',  ( 1.000000000000000000, -0.000000000000000000, -0.000000000000000000 ) ) ;
#144 = UNCERTAINTY_MEASURE_WITH_UNIT (LENGTH_MEASURE( 1.000000000000000082E-05 ), #1787, 'distance_accuracy_value', 'NONE');
#145 = SURFACE_SIDE_STYLE ('',( #914 ) ) ;
#146 = FILL_AREA_STYLE ('',( #3645 ) ) ;
#147 =( NAMED_UNIT ( * ) SI_UNIT ( $, .STERADIAN. ) SOLID_ANGLE_UNIT ( ) );
#148 = CARTESIAN_POINT ( 'NONE',  ( 9.221003137413070760, 29.16000000000034120, -90.82710612999191824 ) ) ;
#149 = VECTOR ( 'NONE', #3349, 1000.000000000000000 ) ;
#150 = PRESENTATION_STYLE_ASSIGNMENT (( #1283 ) ) ;
#151 = PRESENTATION_LAYER_ASSIGNMENT (  '', '', ( #2355 ) ) ;
#152 = DIRECTION ( 'NONE',  ( -1.000000000000000000, 0.000000000000000000, -3.469446951953585100E-16 ) ) ;
#153 = ORIENTED_EDGE ( 'NONE', *, *, #3031, .F. ) ;
#154 = CYLINDRICAL_SURFACE ( 'NONE', #4478, 2.581874999999997478 ) ;
#155 = ORIENTED_EDGE ( 'NONE', *, *, #2648, .F. ) ;
#156 = SURFACE_STYLE_USAGE ( .BOTH. , #177 ) ;
#157 = CARTESIAN_POINT ( 'NONE',  ( 20.25000000000000000, 25.10999999999999588, 3.037499999999999645 ) ) ;
#158 = DIRECTION ( 'NONE',  ( 1.000000000000000000, 0.000000000000000000, 0.000000000000000000 ) ) ;
#159 = ORIENTED_EDGE ( 'NONE', *, *, #3520, .F. ) ;
#160 = CARTESIAN_POINT ( 'NONE',  ( 9.625000000000000000, 28.73108975675055987, -97.66761197181834575 ) ) ;
#161 = CARTESIAN_POINT ( 'NONE',  ( 29.02921270438400470, 1.777867574365509462, -39.87898289278777497 ) ) ;
#162 = CARTESIAN_POINT ( 'NONE',  ( 9.173549976454259181, 5.977304105764519093, -46.47375000000030809 ) ) ;
#163 = DIRECTION ( 'NONE',  ( 0.000000000000000000, -0.7071067811865490160, 0.7071067811865461294 ) ) ;
#164 = CARTESIAN_POINT ( 'NONE',  ( 12.13694921037613206, -0.1390244780501867505, -90.61874998396982051 ) ) ;
#165 = CARTESIAN_POINT ( 'NONE',  ( 29.00110164196864204, 23.38141088427752123, -39.00579065523233879 ) ) ;
#166 = CARTESIAN_POINT ( 'NONE',  ( 22.26989136180689144, 6.713772912959220740, -53.54902813464055100 ) ) ;
#167 = FACE_OUTER_BOUND ( 'NONE', #3988, .T. ) ;
#168 = ORIENTED_EDGE ( 'NONE', *, *, #2046, .F. ) ;
#169 = FACE_OUTER_BOUND ( 'NONE', #3066, .T. ) ;
#170 =( NAMED_UNIT ( * ) PLANE_ANGLE_UNIT ( ) SI_UNIT ( $, .RADIAN. ) );
#171 =( NAMED_UNIT ( * ) PLANE_ANGLE_UNIT ( ) SI_UNIT ( $, .RADIAN. ) );
#172 = SURFACE_SIDE_STYLE ('',( #1685 ) ) ;
#173 = CARTESIAN_POINT ( 'NONE',  ( 19.06966162596821235, 29.15999999999993264, -44.38319912629170716 ) ) ;
#174 =( GEOMETRIC_REPRESENTATION_CONTEXT ( 3 ) GLOBAL_UNCERTAINTY_ASSIGNED_CONTEXT ( ( #780 ) ) GLOBAL_UNIT_ASSIGNED_CONTEXT ( ( #1932, #4280, #2743 ) ) REPRESENTATION_CONTEXT ( 'NONE', 'WORKASPACE' ) );
#175 = CARTESIAN_POINT ( 'NONE',  ( 19.23749999999999716, 28.14749999999999375, -90.61874999999999147 ) ) ;
#176 = ORIENTED_EDGE ( 'NONE', *, *, #3031, .T. ) ;
#177 = SURFACE_SIDE_STYLE ('',( #974 ) ) ;
#178 = VECTOR ( 'NONE', #77, 1000.000000000000000 ) ;
#179 = DIRECTION ( 'NONE',  ( 0.000000000000000000, 1.885568995626963301E-16, -1.000000000000000000 ) ) ;
#180 = FILL_AREA_STYLE_COLOUR ( '', #459 ) ;
#181 = AXIS2_PLACEMENT_3D ( 'NONE', #2079, #2422, #948 ) ;
#182 = UNCERTAINTY_MEASURE_WITH_UNIT (LENGTH_MEASURE( 1.000000000000000082E-05 ), #3221, 'distance_accuracy_value', 'NONE');
#183 = CARTESIAN_POINT ( 'NONE',  ( 26.22375000000045375, -2.273718713308171052E-13, -45.96750000000000114 ) ) ;
#184 = CARTESIAN_POINT ( 'NONE',  ( 9.974649476391256542, 2.992119492959770088, -46.47375000250132615 ) ) ;
#185 = SURFACE_STYLE_FILL_AREA ( #3262 ) ;
#186 = CARTESIAN_POINT ( 'NONE',  ( 12.63521101189510354, -4.049999999999976730, -92.38505025951617711 ) ) ;
#187 = CARTESIAN_POINT ( 'NONE',  ( 27.33749999999999858, 19.74375000005680292, -113.4000000000000057 ) ) ;
#188 = VECTOR ( 'NONE', #699, 1000.000000000000000 ) ;
#189 = VECTOR ( 'NONE', #4765, 1000.000000000000000 ) ;
#190 = CARTESIAN_POINT ( 'NONE',  ( 21.39933794895191355, 2.968594599337141648, -51.94698450909864107 ) ) ;
#191 = COLOUR_RGB ( '',0.1019607843137254888, 0.1019607843137254888, 0.1019607843137254888 ) ;
#192 = SURFACE_STYLE_USAGE ( .BOTH. , #961 ) ;
#193 = ORIENTED_EDGE ( 'NONE', *, *, #4682, .T. ) ;
#194 =( LENGTH_UNIT ( ) NAMED_UNIT ( * ) SI_UNIT ( .MILLI., .METRE. ) );
#195 = CARTESIAN_POINT ( 'NONE',  ( 20.25000000000000355, 3.744113379722900967E-14, -42.06036481966473417 ) ) ;
#196 = VECTOR ( 'NONE', #4926, 1000.000000000000000 ) ;
#197 = EDGE_CURVE ( 'NONE', #1398, #3494, #932, .T. ) ;
#198 = CARTESIAN_POINT ( 'NONE',  ( 17.94131141306110067, -4.050000000000200551, -44.38883037974193968 ) ) ;
#199 =( NAMED_UNIT ( * ) SI_UNIT ( $, .STERADIAN. ) SOLID_ANGLE_UNIT ( ) );
#200 = SURFACE_STYLE_USAGE ( .BOTH. , #4082 ) ;
#201 = PRESENTATION_LAYER_ASSIGNMENT (  '', '', ( #1966 ) ) ;
#202 = CARTESIAN_POINT ( 'NONE',  ( 9.625000000000000000, 25.10999999999999588, -91.12500000000000000 ) ) ;
#203 = PRESENTATION_LAYER_ASSIGNMENT (  '', '', ( #1090 ) ) ;
#204 = CARTESIAN_POINT ( 'NONE',  ( 20.25000000000000000, -3.037499999999999645, -6.093251410737770232E-15 ) ) ;
#205 = ORIENTED_EDGE ( 'NONE', *, *, #2603, .F. ) ;
#206 = CARTESIAN_POINT ( 'NONE',  ( 22.00211481077911913, 20.35783384770849480, -52.97999275217092929 ) ) ;
#207 = FACE_OUTER_BOUND ( 'NONE', #502, .T. ) ;
#208 = EDGE_CURVE ( 'NONE', #2344, #4091, #1096, .T. ) ;
#209 = FILL_AREA_STYLE ('',( #1272 ) ) ;
#210 = EDGE_CURVE ( 'NONE', #4587, #3733, #3367, .T. ) ;
#211 = SURFACE_STYLE_USAGE ( .BOTH. , #4929 ) ;
#212 = CARTESIAN_POINT ( 'NONE',  ( 10.05916539099459861, -4.049999999999681854, -36.38802911105154436 ) ) ;
#213 = VERTEX_POINT ( 'NONE', #1754 ) ;
#214 = CARTESIAN_POINT ( 'NONE',  ( 14.46078945429494667, -4.049999999999817746, -92.58517605970037323 ) ) ;
#215 = CARTESIAN_POINT ( 'NONE',  ( 29.18225099531850120, 23.03949916080929938, -38.53001031190526504 ) ) ;
#216 = CARTESIAN_POINT ( 'NONE',  ( 21.46205008377342693, 3.111905781166738549, -52.04332626196665501 ) ) ;
#217 = ORIENTED_EDGE ( 'NONE', *, *, #3706, .F. ) ;
#218 = PRODUCT_DEFINITION_SHAPE ( 'NONE', 'NONE',  #1630 ) ;
#219 = CARTESIAN_POINT ( 'NONE',  ( 14.43229514618799669, 29.16000000000016357, -37.78311742024403230 ) ) ;
#220 = EDGE_LOOP ( 'NONE', ( #3271, #3072, #4352, #2685 ) ) ;
#221 = EDGE_CURVE ( 'NONE', #3876, #4311, #4813, .T. ) ;
#222 = SURFACE_SIDE_STYLE ('',( #2600 ) ) ;
#223 = EDGE_CURVE ( 'NONE', #5053, #4166, #4196, .T. ) ;
#224 = CARTESIAN_POINT ( 'NONE',  ( 17.37499999999999645, 2.149999999999298250, -39.19999999999776463 ) ) ;
#225 = SURFACE_STYLE_USAGE ( .BOTH. , #4451 ) ;
#226 = CARTESIAN_POINT ( 'NONE',  ( -101.2500000000000000, 79.58249999999999602, -79.58249999999999602 ) ) ;
#227 = CIRCLE ( 'NONE', #2250, 10.12500000000000178 ) ;
#228 = CARTESIAN_POINT ( 'NONE',  ( 19.00935330477726382, 29.16000000000000725, -42.01122901875528726 ) ) ;
#229 =( GEOMETRIC_REPRESENTATION_CONTEXT ( 3 ) GLOBAL_UNCERTAINTY_ASSIGNED_CONTEXT ( ( #3202 ) ) GLOBAL_UNIT_ASSIGNED_CONTEXT ( ( #2905, #967, #2557 ) ) REPRESENTATION_CONTEXT ( 'NONE', 'WORKASPACE' ) );
#231 = EDGE_CURVE ( 'NONE', #1024, #1024, #3223, .T. ) ;
#230 = CARTESIAN_POINT ( 'NONE',  ( 18.95728286664459006, 29.16000000000001080, -95.10783654508463769 ) ) ;
#232 = EDGE_LOOP ( 'NONE', ( #1060, #1792, #4802, #4779, #2450, #1266, #962, #2935, #1500, #2863, #4766, #2778, #5058, #872, #591, #585, #4611, #4034, #1864, #4831, #2636, #4320, #2266, #4300 ) ) ;
#233 = FACE_OUTER_BOUND ( 'NONE', #1517, .T. ) ;
#234 = DIRECTION ( 'NONE',  ( -0.000000000000000000, 0.7071067811865490160, 0.7071067811865461294 ) ) ;
#235 = FILL_AREA_STYLE ('',( #4138 ) ) ;
#236 = STYLED_ITEM ( 'NONE', ( #4948 ), #1335 ) ;
#237 =( NAMED_UNIT ( * ) PLANE_ANGLE_UNIT ( ) SI_UNIT ( $, .RADIAN. ) );
#238 = CARTESIAN_POINT ( 'NONE',  ( 20.25000000000000000, -2.986747800704537603, -137.1432521992954605 ) ) ;
#239 = CARTESIAN_POINT ( 'NONE',  ( 19.23749999999999716, 7.087500000000000355, -3.512815038853157133E-16 ) ) ;
#240 = STYLED_ITEM ( 'NONE', ( #1559 ), #1458 ) ;
#241 = DIRECTION ( 'NONE',  ( 0.000000000000000000, 2.557080595484679171E-18, 1.000000000000000000 ) ) ;
#242 = CARTESIAN_POINT ( 'NONE',  ( 20.25000000001037748, -2.248201624865943761E-13, -23.69250000000030099 ) ) ;
#243 = EDGE_CURVE ( 'NONE', #1255, #4756, #1696, .T. ) ;
#244 = LINE ( 'NONE', #3725, #3374 ) ;
#245 = CARTESIAN_POINT ( 'NONE',  ( 21.67446243060275535, 3.647566655980853056, -52.38505572000481436 ) ) ;
#246 = UNCERTAINTY_MEASURE_WITH_UNIT (LENGTH_MEASURE( 1.000000000000000082E-05 ), #434, 'distance_accuracy_value', 'NONE');
#247 = SURFACE_STYLE_USAGE ( .BOTH. , #3760 ) ;
#248 = LINE ( 'NONE', #4594, #2969 ) ;
#249 = EDGE_CURVE ( 'NONE', #4423, #5046, #4176, .T. ) ;
#250 = CARTESIAN_POINT ( 'NONE',  ( 19.23749999998955929, -4.050000000000000711, -44.38319912510496579 ) ) ;
#251 = ADVANCED_FACE ( 'NONE', ( #3776 ), #1780, .T. ) ;
#252 = CARTESIAN_POINT ( 'NONE',  ( 16.94419374387104682, -3.037499999999999201, -91.17595401754215345 ) ) ;
#253 = FACE_OUTER_BOUND ( 'NONE', #324, .T. ) ;
#254 = PLANE ( 'NONE',  #34 ) ;
#255 = SURFACE_STYLE_FILL_AREA ( #5036 ) ;
#256 = CARTESIAN_POINT ( 'NONE',  ( 10.12500000000000000, 28.73530505604074037, -39.41116908515416384 ) ) ;
#257 = ORIENTED_EDGE ( 'NONE', *, *, #3783, .T. ) ;
#258 = CARTESIAN_POINT ( 'NONE',  ( 22.01649254160842517, 20.29593780871348230, -53.00835129154237535 ) ) ;
#259 = EDGE_CURVE ( 'NONE', #865, #4719, #1478, .T. ) ;
#260 = VERTEX_POINT ( 'NONE', #3747 ) ;
#261 = CARTESIAN_POINT ( 'NONE',  ( 12.47503519199618793, -3.037500000000000089, -41.76850952131592720 ) ) ;
#262 = CARTESIAN_POINT ( 'NONE',  ( 9.270029974149972318, 5.302254918693773078, -46.47374999973060739 ) ) ;
#263 = STYLED_ITEM ( 'NONE', ( #1713 ), #2019 ) ;
#264 = SURFACE_STYLE_USAGE ( .BOTH. , #3723 ) ;
#265 = FILL_AREA_STYLE ('',( #2194 ) ) ;
#266 = FILL_AREA_STYLE ('',( #2521 ) ) ;
#267 = CARTESIAN_POINT ( 'NONE',  ( 20.25000000000000000, 25.10999999999999588, -140.1299999999999670 ) ) ;
#268 = STYLED_ITEM ( 'NONE', ( #652 ), #2212 ) ;
#269 = VECTOR ( 'NONE', #1865, 1000.000000000000000 ) ;
#270 = SURFACE_SIDE_STYLE ('',( #2662 ) ) ;
#271 =( GEOMETRIC_REPRESENTATION_CONTEXT ( 3 ) GLOBAL_UNCERTAINTY_ASSIGNED_CONTEXT ( ( #1769 ) ) GLOBAL_UNIT_ASSIGNED_CONTEXT ( ( #3505, #4698, #2815 ) ) REPRESENTATION_CONTEXT ( 'NONE', 'WORKASPACE' ) );
#272 = DIRECTION ( 'NONE',  ( 1.000000000000000000, 0.000000000000000000, 0.000000000000000000 ) ) ;
#273 =( LENGTH_UNIT ( ) NAMED_UNIT ( * ) SI_UNIT ( .MILLI., .METRE. ) );
#274 = PRESENTATION_LAYER_ASSIGNMENT (  '', '', ( #3789 ) ) ;
#275 = LINE ( 'NONE', #3709, #2304 ) ;
#276 = PRESENTATION_LAYER_ASSIGNMENT (  '', '', ( #1716 ) ) ;
#277 = AXIS2_PLACEMENT_3D ( 'NONE', #852, #2107, #4092 ) ;
#278 = SURFACE_SIDE_STYLE ('',( #4996 ) ) ;
#279 = ORIENTED_EDGE ( 'NONE', *, *, #2896, .T. ) ;
#280 = CARTESIAN_POINT ( 'NONE',  ( 22.02906964633384135, 20.24052708833951897, -53.03329404356978216 ) ) ;
#281 = EDGE_CURVE ( 'NONE', #3012, #3012, #3550, .T. ) ;
#282 =( GEOMETRIC_REPRESENTATION_CONTEXT ( 3 ) GLOBAL_UNCERTAINTY_ASSIGNED_CONTEXT ( ( #806 ) ) GLOBAL_UNIT_ASSIGNED_CONTEXT ( ( #1576, #4419, #1201 ) ) REPRESENTATION_CONTEXT ( 'NONE', 'WORKASPACE' ) );
#283 =( NAMED_UNIT ( * ) SI_UNIT ( $, .STERADIAN. ) SOLID_ANGLE_UNIT ( ) );
#284 = DIRECTION ( 'NONE',  ( 0.000000000000000000, 0.7071067811865431318, -0.7071067811865520136 ) ) ;
#285 = DIRECTION ( 'NONE',  ( -2.293844479350194917E-32, -1.000000000000000000, -1.330457483314383798E-16 ) ) ;
#286 = VERTEX_POINT ( 'NONE', #767 ) ;
#287 = MECHANICAL_DESIGN_GEOMETRIC_PRESENTATION_REPRESENTATION (  '', ( #2490 ), #769 ) ;
#288 = CARTESIAN_POINT ( 'NONE',  ( 19.23749999999999716, 29.16000000000000369, -90.61874999999999147 ) ) ;
#289 = CARTESIAN_POINT ( 'NONE',  ( 21.39522694339204989, 22.15062401994027041, -85.15177436405035394 ) ) ;
#290 = CARTESIAN_POINT ( 'NONE',  ( 28.87844778661476042, 1.510900588377852571, -97.73053758085373488 ) ) ;
#291 = UNCERTAINTY_MEASURE_WITH_UNIT (LENGTH_MEASURE( 1.000000000000000082E-05 ), #3369, 'distance_accuracy_value', 'NONE');
#292 =( NAMED_UNIT ( * ) PLANE_ANGLE_UNIT ( ) SI_UNIT ( $, .RADIAN. ) );
#293 = SURFACE_STYLE_USAGE ( .BOTH. , #1852 ) ;
#294 =( LENGTH_UNIT ( ) NAMED_UNIT ( * ) SI_UNIT ( .MILLI., .METRE. ) );
#295 = LINE ( 'NONE', #2692, #4422 ) ;
#296 = LINE ( 'NONE', #1905, #1956 ) ;
#297 = ORIENTED_EDGE ( 'NONE', *, *, #4063, .F. ) ;
#298 = SURFACE_STYLE_USAGE ( .BOTH. , #2979 ) ;
#299 = UNCERTAINTY_MEASURE_WITH_UNIT (LENGTH_MEASURE( 1.000000000000000082E-05 ), #3183, 'distance_accuracy_value', 'NONE');
#300 = CARTESIAN_POINT ( 'NONE',  ( 30.37500000000000000, 18.02250000000000085, -46.47375000000030809 ) ) ;
#301 = CARTESIAN_POINT ( 'NONE',  ( 9.974649476391016734, 22.11788050703865949, -46.47375000250104193 ) ) ;
#302 = SURFACE_SIDE_STYLE ('',( #4217 ) ) ;
#303 = STYLED_ITEM ( 'NONE', ( #3811 ), #900 ) ;
#304 = ORIENTED_EDGE ( 'NONE', *, *, #3937, .F. ) ;
#305 = CARTESIAN_POINT ( 'NONE',  ( 21.68089913047825590, 21.45633669776913877, -52.39312976610116124 ) ) ;
#306 = DIRECTION ( 'NONE',  ( 0.000000000000000000, 0.000000000000000000, 1.000000000000000000 ) ) ;
#307 = ORIENTED_EDGE ( 'NONE', *, *, #85, .F. ) ;
#308 = CARTESIAN_POINT ( 'NONE',  ( 19.23749999999999716, -3.037499999999999645, -6.093251410737770232E-15 ) ) ;
#309 = FILL_AREA_STYLE_COLOUR ( '', #1308 ) ;
#310 = EDGE_LOOP ( 'NONE', ( #1429 ) ) ;
#311 = CARTESIAN_POINT ( 'NONE',  ( 22.27500000000000568, 18.20818585691541358, -83.53125000000002842 ) ) ;
#312 = AXIS2_PLACEMENT_3D ( 'NONE', #601, #622, #2145 ) ;
#313 = SURFACE_SIDE_STYLE ('',( #3830 ) ) ;
#314 =( NAMED_UNIT ( * ) PLANE_ANGLE_UNIT ( ) SI_UNIT ( $, .RADIAN. ) );
#315 = FACE_OUTER_BOUND ( 'NONE', #1729, .T. ) ;
#316 = EDGE_CURVE ( 'NONE', #3518, #1624, #2710, .T. ) ;
#317 = LINE ( 'NONE', #5015, #188 ) ;
#318 = ORIENTED_EDGE ( 'NONE', *, *, #3118, .T. ) ;
#319 = DIRECTION ( 'NONE',  ( -2.775557561562890365E-16, 1.733336949948484899E-32, 1.000000000000000000 ) ) ;
#320 = DIRECTION ( 'NONE',  ( -1.000000000000000000, -2.775557561562829721E-17, -2.775557561562890365E-16 ) ) ;
#321 = ORIENTED_EDGE ( 'NONE', *, *, #3451, .T. ) ;
#322 = CARTESIAN_POINT ( 'NONE',  ( 17.79986791463389650, 29.16000000000004277, -40.77120253898734603 ) ) ;
#323 = CARTESIAN_POINT ( 'NONE',  ( 12.63521101189562224, 29.16000000000022396, -92.38505025951610605 ) ) ;
#324 = EDGE_LOOP ( 'NONE', ( #605, #2819, #4538, #3715, #3769, #4723, #596, #2368 ) ) ;
#325 = FILL_AREA_STYLE ('',( #1964 ) ) ;
#326 = UNCERTAINTY_MEASURE_WITH_UNIT (LENGTH_MEASURE( 1.000000000000000082E-05 ), #2916, 'distance_accuracy_value', 'NONE');
#327 = EDGE_CURVE ( 'NONE', #3945, #4423, #4613, .T. ) ;
#328 =( NAMED_UNIT ( * ) PLANE_ANGLE_UNIT ( ) SI_UNIT ( $, .RADIAN. ) );
#329 = ORIENTED_EDGE ( 'NONE', *, *, #4601, .T. ) ;
#330 = ORIENTED_EDGE ( 'NONE', *, *, #2470, .T. ) ;
#331 = CARTESIAN_POINT ( 'NONE',  ( 19.23749999999999716, 7.087500000000008349, -113.4000000000000057 ) ) ;
#332 = ORIENTED_EDGE ( 'NONE', *, *, #2036, .F. ) ;
#333 = CARTESIAN_POINT ( 'NONE',  ( 22.27499999999999503, 18.02250000000000085, 0.000000000000000000 ) ) ;
#334 = SURFACE_STYLE_USAGE ( .BOTH. , #4197 ) ;
#335 = EDGE_CURVE ( 'NONE', #3518, #996, #3795, .T. ) ;
#336 = EDGE_CURVE ( 'NONE', #3168, #4998, #3240, .T. ) ;
#337 =( NAMED_UNIT ( * ) PLANE_ANGLE_UNIT ( ) SI_UNIT ( $, .RADIAN. ) );
#338 = ORIENTED_EDGE ( 'NONE', *, *, #2970, .T. ) ;
#339 = CARTESIAN_POINT ( 'NONE',  ( 28.40062499999999801, 12.55499999999999794, -89.65687499999999943 ) ) ;
#340 = STYLED_ITEM ( 'NONE', ( #2090 ), #4417 ) ;
#341 = CARTESIAN_POINT ( 'NONE',  ( 19.23749999999999716, 28.14749999999999375, -3.843567104199589366E-15 ) ) ;
#342 = PLANE ( 'NONE',  #1038 ) ;
#343 = VECTOR ( 'NONE', #3684, 1000.000000000000000 ) ;
#344 = FILL_AREA_STYLE_COLOUR ( '', #57 ) ;
#345 = ADVANCED_FACE ( 'NONE', ( #4408 ), #1948, .F. ) ;
#346 = CARTESIAN_POINT ( 'NONE',  ( 22.27499999999999503, 7.087500000000000355, 0.000000000000000000 ) ) ;
#347 = ORIENTED_EDGE ( 'NONE', *, *, #2505, .T. ) ;
#348 = CARTESIAN_POINT ( 'NONE',  ( 16.22279224863839886, 28.14750000000000085, -91.60686547475395969 ) ) ;
#349 = EDGE_CURVE ( 'NONE', #286, #849, #4749, .T. ) ;
#350 = EDGE_CURVE ( 'NONE', #849, #1211, #4014, .T. ) ;
#351 = CIRCLE ( 'NONE', #523, 10.12500000000000000 ) ;
#352 = COLOUR_RGB ( '',0.1019607843137254888, 0.1019607843137254888, 0.1019607843137254888 ) ;
#353 =( GEOMETRIC_REPRESENTATION_CONTEXT ( 3 ) GLOBAL_UNCERTAINTY_ASSIGNED_CONTEXT ( ( #1000 ) ) GLOBAL_UNIT_ASSIGNED_CONTEXT ( ( #1164, #1142, #4694 ) ) REPRESENTATION_CONTEXT ( 'NONE', 'WORKASPACE' ) );
#354 = CARTESIAN_POINT ( 'NONE',  ( 11.03339564942997875, 29.16000000000029502, -45.07821353877645976 ) ) ;
#355 = COLOUR_RGB ( '',0.1019607843137254888, 0.1019607843137254888, 0.1019607843137254888 ) ;
#356 = CARTESIAN_POINT ( 'NONE',  ( 15.65379562942918135, 29.15999999999970882, -92.65192674591484945 ) ) ;
#357 = VERTEX_POINT ( 'NONE', #4771 ) ;
#358 = CARTESIAN_POINT ( 'NONE',  ( 10.12500000000000000, -3.370378253017963122, -40.14515396493430899 ) ) ;
#359 = AXIS2_PLACEMENT_3D ( 'NONE', #1115, #3488, #1557 ) ;
#360 = ORIENTED_EDGE ( 'NONE', *, *, #4983, .T. ) ;
#361 =( NAMED_UNIT ( * ) PLANE_ANGLE_UNIT ( ) SI_UNIT ( $, .RADIAN. ) );
#362 = ORIENTED_EDGE ( 'NONE', *, *, #3764, .F. ) ;
#363 = SURFACE_STYLE_USAGE ( .BOTH. , #2406 ) ;
#364 = VECTOR ( 'NONE', #1053, 1000.000000000000000 ) ;
#365 = SURFACE_STYLE_FILL_AREA ( #394 ) ;
#366 = CARTESIAN_POINT ( 'NONE',  ( 22.21182831797995050, 19.15181382310927916, -83.67523907453858101 ) ) ;
#367 = CARTESIAN_POINT ( 'NONE',  ( 29.67754903517734988, 21.90184089967647196, -39.08448606303808504 ) ) ;
#368 = SURFACE_STYLE_FILL_AREA ( #2427 ) ;
#369 = ORIENTED_EDGE ( 'NONE', *, *, #1231, .T. ) ;
#370 = ORIENTED_EDGE ( 'NONE', *, *, #124, .T. ) ;
#371 = CARTESIAN_POINT ( 'NONE',  ( 29.36250000000000071, 18.02250000000000085, -46.47375000000000256 ) ) ;
#372 = CARTESIAN_POINT ( 'NONE',  ( 19.23750000000001492, -4.049999999999987388, -92.70930087489556115 ) ) ;
#373 = DIRECTION ( 'NONE',  ( 1.000000000000000000, -3.469446951953623655E-14, -6.541881604576222387E-30 ) ) ;
#374 = VECTOR ( 'NONE', #1347, 1000.000000000000000 ) ;
#375 = ORIENTED_EDGE ( 'NONE', *, *, #3423, .T. ) ;
#376 = LINE ( 'NONE', #3102, #1920 ) ;
#377 = CARTESIAN_POINT ( 'NONE',  ( 69.75701142159087453, 25.10999999999969390, -113.4000000000000057 ) ) ;
#378 =( NAMED_UNIT ( * ) SI_UNIT ( $, .STERADIAN. ) SOLID_ANGLE_UNIT ( ) );
#379 = UNCERTAINTY_MEASURE_WITH_UNIT (LENGTH_MEASURE( 1.000000000000000082E-05 ), #1807, 'distance_accuracy_value', 'NONE');
#380 = CARTESIAN_POINT ( 'NONE',  ( 20.44036636778766791, 1.274968718533186163, -86.42943808517725301 ) ) ;
#381 = CARTESIAN_POINT ( 'NONE',  ( 27.33749999999999858, 19.74375000005680292, -137.0924999999999727 ) ) ;
#382 = CARTESIAN_POINT ( 'NONE',  ( 10.38270957648064297, 22.94322051626276959, -46.47375000514945498 ) ) ;
#383 = CARTESIAN_POINT ( 'NONE',  ( 9.471647615242529739, 20.70466603229174396, -90.61874999916804541 ) ) ;
#384 = EDGE_LOOP ( 'NONE', ( #3908, #1963, #332, #800 ) ) ;
#385 = LINE ( 'NONE', #4347, #3365 ) ;
#386 = FILL_AREA_STYLE ('',( #1088 ) ) ;
#387 = DIRECTION ( 'NONE',  ( -1.000000000000000000, 0.000000000000000000, 0.000000000000000000 ) ) ;
#388 = EDGE_CURVE ( 'NONE', #1680, #918, #3575, .T. ) ;
#389 = CARTESIAN_POINT ( 'NONE',  ( 26.22375000000045375, 25.10999999999999588, -1.208290729181609136E-14 ) ) ;
#390 = VERTEX_POINT ( 'NONE', #3524 ) ;
#391 = VECTOR ( 'NONE', #91, 1000.000000000000000 ) ;
#392 = CARTESIAN_POINT ( 'NONE',  ( 19.23749479280288099, -3.037499999999999645, -46.47375000000000256 ) ) ;
#393 = VERTEX_POINT ( 'NONE', #3219 ) ;
#394 = FILL_AREA_STYLE ('',( #4379 ) ) ;
#395 = CARTESIAN_POINT ( 'NONE',  ( 22.21991648488578974, 19.07769756991358889, -83.65719250319621381 ) ) ;
#396 = DIRECTION ( 'NONE',  ( -0.000000000000000000, 1.000000000000000000, 0.000000000000000000 ) ) ;
#397 = COLOUR_RGB ( '',0.1019607843137254888, 0.1019607843137254888, 0.1019607843137254888 ) ;
#398 = CARTESIAN_POINT ( 'NONE',  ( 19.23749999999999716, 28.14749999999999375, -46.47375000000000256 ) ) ;
#399 =( GEOMETRIC_REPRESENTATION_CONTEXT ( 3 ) GLOBAL_UNCERTAINTY_ASSIGNED_CONTEXT ( ( #908 ) ) GLOBAL_UNIT_ASSIGNED_CONTEXT ( ( #2453, #3292, #4848 ) ) REPRESENTATION_CONTEXT ( 'NONE', 'WORKASPACE' ) );
#400 = SURFACE_SIDE_STYLE ('',( #2333 ) ) ;
#401 =( NAMED_UNIT ( * ) SI_UNIT ( $, .STERADIAN. ) SOLID_ANGLE_UNIT ( ) );
#402 = VECTOR ( 'NONE', #4071, 1000.000000000000000 ) ;
#403 = CARTESIAN_POINT ( 'NONE',  ( 19.54561550433724548, 0.1588173191129394479, -49.67006731911344986 ) ) ;
#404 = ORIENTED_EDGE ( 'NONE', *, *, #316, .F. ) ;
#405 = CARTESIAN_POINT ( 'NONE',  ( 9.625000000000000000, -4.049999999999674749, -100.6984762319158762 ) ) ;
#406 = DIRECTION ( 'NONE',  ( -1.000000000000000000, 0.000000000000000000, 0.000000000000000000 ) ) ;
#407 = EDGE_CURVE ( 'NONE', #3134, #1687, #4039, .T. ) ;
#408 = CARTESIAN_POINT ( 'NONE',  ( 22.17296279447445428, 5.648964063599930974, -83.76095044530588041 ) ) ;
#409 = DIRECTION ( 'NONE',  ( -0.000000000000000000, 1.000000000000000000, 0.000000000000000000 ) ) ;
#410 = LINE ( 'NONE', #3979, #391 ) ;
#411 = CARTESIAN_POINT ( 'NONE',  ( 18.67776281508217551, 29.16000000000001791, -41.77467794334042850 ) ) ;
#412 = CARTESIAN_POINT ( 'NONE',  ( 11.44878655595872985, 24.49794688733546266, -90.61874999059398306 ) ) ;
#413 = EDGE_LOOP ( 'NONE', ( #3111, #710, #1563, #2121 ) ) ;
#414 = CARTESIAN_POINT ( 'NONE',  ( 10.12500000000000000, -3.961305402134851494, -37.93832813541076376 ) ) ;
#415 = ADVANCED_FACE ( 'NONE', ( #78 ), #2995, .F. ) ;
#416 = EDGE_CURVE ( 'NONE', #5048, #5053, #2920, .T. ) ;
#417 = DIRECTION ( 'NONE',  ( 1.000000000000000000, -3.469446951953623655E-14, 0.000000000000000000 ) ) ;
#418 = CARTESIAN_POINT ( 'NONE',  ( -101.2500000000000000, -67.02749999999998920, -67.02749999999998920 ) ) ;
#419 = ORIENTED_EDGE ( 'NONE', *, *, #208, .T. ) ;
#420 = SURFACE_STYLE_USAGE ( .BOTH. , #2707 ) ;
#421 = ORIENTED_EDGE ( 'NONE', *, *, #1235, .F. ) ;
#422 = CARTESIAN_POINT ( 'NONE',  ( 9.625000000000000000, -3.595310271125702783, -39.41939770820833644 ) ) ;
#423 = EDGE_CURVE ( 'NONE', #859, #4604, #3938, .T. ) ;
#424 = CARTESIAN_POINT ( 'NONE',  ( 29.51762680055852428, 2.802087708618435702, -97.70965672498681442 ) ) ;
#425 = CARTESIAN_POINT ( 'NONE',  ( 13.12240243757966773, -0.9951175694290288476, -46.47375002982987979 ) ) ;
#426 = CARTESIAN_POINT ( 'NONE',  ( 19.00796503022373685, 29.16000000000000369, -42.01593079085411375 ) ) ;
#427 = SURFACE_STYLE_FILL_AREA ( #1675 ) ;
#428 = EDGE_LOOP ( 'NONE', ( #921, #375, #4542, #362 ) ) ;
#429 = FILL_AREA_STYLE ('',( #4057 ) ) ;
#430 =( GEOMETRIC_REPRESENTATION_CONTEXT ( 3 ) GLOBAL_UNCERTAINTY_ASSIGNED_CONTEXT ( ( #2724 ) ) GLOBAL_UNIT_ASSIGNED_CONTEXT ( ( #2172, #5029, #648 ) ) REPRESENTATION_CONTEXT ( 'NONE', 'WORKASPACE' ) );
#431 = EDGE_CURVE ( 'NONE', #3933, #865, #5074, .T. ) ;
#432 = VECTOR ( 'NONE', #3555, 1000.000000000000000 ) ;
#433 = CARTESIAN_POINT ( 'NONE',  ( 21.39154238306690914, 2.951134012504572190, -85.15737746581351075 ) ) ;
#434 =( LENGTH_UNIT ( ) NAMED_UNIT ( * ) SI_UNIT ( .MILLI., .METRE. ) );
#435 = CARTESIAN_POINT ( 'NONE',  ( 30.37500000000000000, 7.087500000000000355, -42.06036481966473417 ) ) ;
#436 = CARTESIAN_POINT ( 'NONE',  ( 9.270029974150700625, 19.80774508130633649, -46.47374999973066423 ) ) ;
#437 = VECTOR ( 'NONE', #3546, 1000.000000000000000 ) ;
#438 = EDGE_LOOP ( 'NONE', ( #3919, #1327 ) ) ;
#439 = PRESENTATION_LAYER_ASSIGNMENT (  '', '', ( #4557 ) ) ;
#440 = AXIS2_PLACEMENT_3D ( 'NONE', #1172, #2749, #1853 ) ;
#441 = FILL_AREA_STYLE_COLOUR ( '', #2263 ) ;
#442 = PRESENTATION_LAYER_ASSIGNMENT (  '', '', ( #4803 ) ) ;
#443 = FACE_OUTER_BOUND ( 'NONE', #3101, .T. ) ;
#444 = ORIENTED_EDGE ( 'NONE', *, *, #869, .T. ) ;
#445 = CARTESIAN_POINT ( 'NONE',  ( 23.23687500000000128, 12.55499999999999794, -52.59937500000000199 ) ) ;
#446 = ORIENTED_EDGE ( 'NONE', *, *, #2186, .T. ) ;
#447 = CARTESIAN_POINT ( 'NONE',  ( 20.25000000000000000, 0.000000000000000000, -45.96750000000000114 ) ) ;
#448 = PLANE ( 'NONE',  #3862 ) ;
#449 = CARTESIAN_POINT ( 'NONE',  ( 20.25000000000000000, 1.518749999999999822, -1.518749999999999822 ) ) ;
#450 = SURFACE_SIDE_STYLE ('',( #798 ) ) ;
#451 = ORIENTED_EDGE ( 'NONE', *, *, #2307, .F. ) ;
#452 = CARTESIAN_POINT ( 'NONE',  ( 18.80955640215358926, 29.16000000000001791, -41.89309093300303743 ) ) ;
#453 = CARTESIAN_POINT ( 'NONE',  ( 19.17922109375304629, -4.049999999999988276, -95.03475944039664114 ) ) ;
#454 = LINE ( 'NONE', #4390, #536 ) ;
#455 =( LENGTH_UNIT ( ) NAMED_UNIT ( * ) SI_UNIT ( .MILLI., .METRE. ) );
#456 = ORIENTED_EDGE ( 'NONE', *, *, #4826, .T. ) ;
#457 = CARTESIAN_POINT ( 'NONE',  ( 26.22375000000045375, 5.366250000056598246, -46.06875000000000142 ) ) ;
#458 = CARTESIAN_POINT ( 'NONE',  ( 11.93998284184906744, 29.16000000000026304, -100.3716456845545224 ) ) ;
#459 = COLOUR_RGB ( '',0.1019607843137254888, 0.1019607843137254888, 0.1019607843137254888 ) ;
#460 = CARTESIAN_POINT ( 'NONE',  ( 22.20958273152788820, 5.938340245630125303, -83.68023806316828939 ) ) ;
#461 = SURFACE_STYLE_USAGE ( .BOTH. , #90 ) ;
#462 = CARTESIAN_POINT ( 'NONE',  ( 19.23750000000003624, 18.02250000000000085, -113.4000000000000057 ) ) ;
#463 = CARTESIAN_POINT ( 'NONE',  ( 16.14817648744647016, -3.037500000000000089, -91.66197376976568023 ) ) ;
#464 = ORIENTED_EDGE ( 'NONE', *, *, #2458, .F. ) ;
#465 = FACE_OUTER_BOUND ( 'NONE', #4606, .T. ) ;
#466 = SURFACE_STYLE_FILL_AREA ( #46 ) ;
#467 = ORIENTED_EDGE ( 'NONE', *, *, #2755, .T. ) ;
#468 = CARTESIAN_POINT ( 'NONE',  ( 20.25000000001022471, 25.10999999999969390, -113.4000000000000057 ) ) ;
#469 = ORIENTED_EDGE ( 'NONE', *, *, #632, .T. ) ;
#470 = FILL_AREA_STYLE_COLOUR ( '', #4480 ) ;
#471 = PRESENTATION_STYLE_ASSIGNMENT (( #1289 ) ) ;
#472 = ADVANCED_FACE ( 'NONE', ( #3150 ), #3851, .F. ) ;
#473 = CARTESIAN_POINT ( 'NONE',  ( 29.51673297901880844, 2.799940666807230638, -39.58808480030099730 ) ) ;
#474 = CARTESIAN_POINT ( 'NONE',  ( 10.12500000000000000, -3.037499999999999645, -40.84195960390587032 ) ) ;
#475 = VECTOR ( 'NONE', #3490, 1000.000000000000000 ) ;
#476 =( GEOMETRIC_REPRESENTATION_CONTEXT ( 3 ) GLOBAL_UNCERTAINTY_ASSIGNED_CONTEXT ( ( #3395 ) ) GLOBAL_UNIT_ASSIGNED_CONTEXT ( ( #3729, #113, #2065 ) ) REPRESENTATION_CONTEXT ( 'NONE', 'WORKASPACE' ) );
#477 = AXIS2_PLACEMENT_3D ( 'NONE', #1682, #538, #2853 ) ;
#478 = EDGE_LOOP ( 'NONE', ( #3249, #1872 ) ) ;
#479 = SURFACE_STYLE_FILL_AREA ( #429 ) ;
#480 = ORIENTED_EDGE ( 'NONE', *, *, #4511, .T. ) ;
#481 = CARTESIAN_POINT ( 'NONE',  ( 18.80955640215363189, 29.16000000000001791, -95.19940906699658001 ) ) ;
#482 = ADVANCED_FACE ( 'NONE', ( #2085 ), #130, .T. ) ;
#483 = CARTESIAN_POINT ( 'NONE',  ( 21.34700272690640688, 2.852793652807965596, -85.22468689054663571 ) ) ;
#484 = PRESENTATION_STYLE_ASSIGNMENT (( #1632 ) ) ;
#485 = DIRECTION ( 'NONE',  ( 0.000000000000000000, -0.7071067811865477948, 0.7071067811865473507 ) ) ;
#486 =( GEOMETRIC_REPRESENTATION_CONTEXT ( 3 ) GLOBAL_UNCERTAINTY_ASSIGNED_CONTEXT ( ( #500 ) ) GLOBAL_UNIT_ASSIGNED_CONTEXT ( ( #2630, #2191, #2264 ) ) REPRESENTATION_CONTEXT ( 'NONE', 'WORKASPACE' ) );
#487 = FILL_AREA_STYLE ('',( #2856 ) ) ;
#488 = SURFACE_SIDE_STYLE ('',( #4815 ) ) ;
#489 = ORIENTED_EDGE ( 'NONE', *, *, #3487, .F. ) ;
#490 = FACE_OUTER_BOUND ( 'NONE', #2677, .T. ) ;
#491 = ORIENTED_EDGE ( 'NONE', *, *, #505, .F. ) ;
#492 = CARTESIAN_POINT ( 'NONE',  ( 20.44036636796528228, 23.83503128121331471, -50.66306191503934997 ) ) ;
#493 = CARTESIAN_POINT ( 'NONE',  ( 21.76874999999999716, 18.02250000000000085, -54.06749999999999545 ) ) ;
#494 = UNCERTAINTY_MEASURE_WITH_UNIT (LENGTH_MEASURE( 1.000000000000000082E-05 ), #4931, 'distance_accuracy_value', 'NONE');
#495 = CARTESIAN_POINT ( 'NONE',  ( 10.12500000000000000, 28.73108975675055987, -97.66761197181834575 ) ) ;
#496 = FILL_AREA_STYLE ('',( #3962 ) ) ;
#497 = CARTESIAN_POINT ( 'NONE',  ( 15.32412120410651823, -4.049999999999995381, -92.63693213829320428 ) ) ;
#498 = EDGE_CURVE ( 'NONE', #1879, #1863, #3600, .T. ) ;
#499 = DIRECTION ( 'NONE',  ( 3.469446951953585100E-16, 0.000000000000000000, -1.000000000000000000 ) ) ;
#500 = UNCERTAINTY_MEASURE_WITH_UNIT (LENGTH_MEASURE( 1.000000000000000082E-05 ), #2630, 'distance_accuracy_value', 'NONE');
#501 = VERTEX_POINT ( 'NONE', #4820 ) ;
#502 = EDGE_LOOP ( 'NONE', ( #2719 ) ) ;
#503 = FACE_OUTER_BOUND ( 'NONE', #2959, .T. ) ;
#505 = EDGE_CURVE ( 'NONE', #1048, #2679, #854, .T. ) ;
#504 =( NAMED_UNIT ( * ) SI_UNIT ( $, .STERADIAN. ) SOLID_ANGLE_UNIT ( ) );
#506 = FACE_OUTER_BOUND ( 'NONE', #4206, .T. ) ;
#507 =( BOUNDED_CURVE ( )  B_SPLINE_CURVE ( 3, ( #3781, #3734, #1759, #1012 ),
 .UNSPECIFIED., .F., .F. ) 
 B_SPLINE_CURVE_WITH_KNOTS ( ( 4, 4 ),
 ( 3.141592653589795336, 3.916990150200545084 ),
 .UNSPECIFIED. ) 
 CURVE ( )  GEOMETRIC_REPRESENTATION_ITEM ( )  RATIONAL_B_SPLINE_CURVE ( ( 1.000000000000000000, 0.9505210128485660492, 0.9505210128485660492, 1.000000000000000000 ) ) 
 REPRESENTATION_ITEM ( '' )  );
#508 = SURFACE_STYLE_FILL_AREA ( #2473 ) ;
#509 = DIRECTION ( 'NONE',  ( 1.000000000000000000, 0.000000000000000000, 0.000000000000000000 ) ) ;
#510 = CARTESIAN_POINT ( 'NONE',  ( 19.91348882536390974, -3.020568446281183927, -137.1094315537188209 ) ) ;
#511 = AXIS2_PLACEMENT_3D ( 'NONE', #1855, #723, #634 ) ;
#512 = MECHANICAL_DESIGN_GEOMETRIC_PRESENTATION_REPRESENTATION (  '', ( #3431 ), #1628 ) ;
#513 = CARTESIAN_POINT ( 'NONE',  ( 18.94492926895465246, -3.037499989989034255, -46.47375002066966232 ) ) ;
#514 = CARTESIAN_POINT ( 'NONE',  ( 20.25000000000000000, 28.14749999999999375, 0.000000000000000000 ) ) ;
#515 = EDGE_LOOP ( 'NONE', ( #153, #3094, #4941, #992, #1106 ) ) ;
#516 = VECTOR ( 'NONE', #3139, 1000.000000000000000 ) ;
#517 = ORIENTED_EDGE ( 'NONE', *, *, #2608, .F. ) ;
#518 =( LENGTH_UNIT ( ) NAMED_UNIT ( * ) SI_UNIT ( .MILLI., .METRE. ) );
#519 = DIRECTION ( 'NONE',  ( 1.000000000000000000, 0.000000000000000000, 0.000000000000000000 ) ) ;
#520 = CARTESIAN_POINT ( 'NONE',  ( 69.75701142159100243, -2.248201624865943761E-13, -23.69250000000030099 ) ) ;
#521 = STYLED_ITEM ( 'NONE', ( #807 ), #4969 ) ;
#522 = DIRECTION ( 'NONE',  ( 0.000000000000000000, -1.000000000000000000, 0.000000000000000000 ) ) ;
#523 = AXIS2_PLACEMENT_3D ( 'NONE', #3837, #2646, #2311 ) ;
#524 = DIRECTION ( 'NONE',  ( 1.000000000000000000, -7.791591302140609850E-32, 4.132222856978965360E-16 ) ) ;
#525 = COLOUR_RGB ( '',0.1019607843137254888, 0.1019607843137254888, 0.1019607843137254888 ) ;
#526 = CARTESIAN_POINT ( 'NONE',  ( 13.97329491893922793, -4.049999999999817746, -92.54570170524013406 ) ) ;
#527 = PRESENTATION_STYLE_ASSIGNMENT (( #2459 ) ) ;
#528 = CARTESIAN_POINT ( 'NONE',  ( 22.03913296829617963, 4.914730864997153503, -53.05334665494053326 ) ) ;
#529 =( GEOMETRIC_REPRESENTATION_CONTEXT ( 3 ) GLOBAL_UNCERTAINTY_ASSIGNED_CONTEXT ( ( #2601 ) ) GLOBAL_UNIT_ASSIGNED_CONTEXT ( ( #518, #4460, #1712 ) ) REPRESENTATION_CONTEXT ( 'NONE', 'WORKASPACE' ) );
#530 = ORIENTED_EDGE ( 'NONE', *, *, #3937, .T. ) ;
#531 = CARTESIAN_POINT ( 'NONE',  ( 10.97435288513083051, 29.16000000000028436, -36.49957854212770769 ) ) ;
#532 = ORIENTED_EDGE ( 'NONE', *, *, #653, .T. ) ;
#533 = CARTESIAN_POINT ( 'NONE',  ( 9.625000000000000000, 3.037499999999999645, -137.0924999999999727 ) ) ;
#534 = DIRECTION ( 'NONE',  ( 0.000000000000000000, 0.000000000000000000, 1.000000000000000000 ) ) ;
#535 = COLOUR_RGB ( '',0.1019607843137254888, 0.1019607843137254888, 0.1019607843137254888 ) ;
#536 = VECTOR ( 'NONE', #4443, 1000.000000000000000 ) ;
#537 = SURFACE_STYLE_USAGE ( .BOTH. , #3737 ) ;
#538 = DIRECTION ( 'NONE',  ( -3.955169525227120175E-16, 0.000000000000000000, -1.000000000000000000 ) ) ;
#539 = DIRECTION ( 'NONE',  ( 0.000000000000000000, -0.000000000000000000, -1.000000000000000000 ) ) ;
#540 = FACE_OUTER_BOUND ( 'NONE', #2241, .T. ) ;
#541 = COLOUR_RGB ( '',0.1019607843137254888, 0.1019607843137254888, 0.1019607843137254888 ) ;
#542 = AXIS2_PLACEMENT_3D ( 'NONE', #3849, #2638, #1141 ) ;
#543 = FACE_OUTER_BOUND ( 'NONE', #3590, .T. ) ;
#544 = ORIENTED_EDGE ( 'NONE', *, *, #737, .F. ) ;
#545 = CARTESIAN_POINT ( 'NONE',  ( 20.17647725252692581, 24.19564215852807010, -50.35491226850627555 ) ) ;
#546 = VERTEX_POINT ( 'NONE', #4871 ) ;
#547 = EDGE_CURVE ( 'NONE', #4746, #764, #952, .T. ) ;
#548 = CARTESIAN_POINT ( 'NONE',  ( 13.19565129505330070, -4.049999999999790212, -37.16060155446660218 ) ) ;
#549 = CARTESIAN_POINT ( 'NONE',  ( 11.20612277400755374, -4.049999999999517541, -92.06848604386787827 ) ) ;
#550 = CARTESIAN_POINT ( 'NONE',  ( 20.25000000000000000, 82.62000000000000455, -82.62000000000000455 ) ) ;
#551 = CARTESIAN_POINT ( 'NONE',  ( 29.07560994467011994, 23.24375105284788745, -96.85685493211344976 ) ) ;
#552 = ORIENTED_EDGE ( 'NONE', *, *, #221, .T. ) ;
#553 = FILL_AREA_STYLE ('',( #4857 ) ) ;
#554 = ORIENTED_EDGE ( 'NONE', *, *, #3740, .F. ) ;
#555 = CARTESIAN_POINT ( 'NONE',  ( 28.40062499999994117, 17.71874999999998224, -47.43562500000030724 ) ) ;
#556 = CARTESIAN_POINT ( 'NONE',  ( 26.22375000000045375, 19.74375000005680292, -45.96750000000000114 ) ) ;
#557 = FACE_OUTER_BOUND ( 'NONE', #220, .T. ) ;
#558 = CARTESIAN_POINT ( 'NONE',  ( 9.625000000000000000, 25.10999999999999588, -140.1299999999999670 ) ) ;
#559 = EDGE_CURVE ( 'NONE', #2502, #4998, #1899, .T. ) ;
#560 = VECTOR ( 'NONE', #3090, 1000.000000000000000 ) ;
#561 = FILL_AREA_STYLE ('',( #4133 ) ) ;
#562 = CARTESIAN_POINT ( 'NONE',  ( 10.12500000000000000, 28.48043086460513251, -40.14504383442915270 ) ) ;
#563 = PLANE ( 'NONE',  #2711 ) ;
#564 = ORIENTED_EDGE ( 'NONE', *, *, #3259, .F. ) ;
#565 = DIRECTION ( 'NONE',  ( -0.000000000000000000, 0.000000000000000000, 1.000000000000000000 ) ) ;
#566 = CARTESIAN_POINT ( 'NONE',  ( 22.27499999999999503, 0.000000000000000000, 0.000000000000000000 ) ) ;
#567 = CARTESIAN_POINT ( 'NONE',  ( 20.25000000000000000, 25.10999999999999588, 3.037499999999999645 ) ) ;
#568 = DIRECTION ( 'NONE',  ( 1.000000000000000000, 0.000000000000000000, 3.955169525227120175E-16 ) ) ;
#569 = EDGE_CURVE ( 'NONE', #2734, #1238, #2497, .T. ) ;
#570 = CARTESIAN_POINT ( 'NONE',  ( 16.65452135260504107, -4.049999999999911893, -39.49875409938402271 ) ) ;
#571 = ADVANCED_FACE ( 'NONE', ( #315 ), #138, .T. ) ;
#572 = CARTESIAN_POINT ( 'NONE',  ( 18.67776281508148628, -4.049999999999970512, -95.31782205665913921 ) ) ;
#573 = CARTESIAN_POINT ( 'NONE',  ( 13.68231363666181544, -4.049999999999798206, -99.74478791476030892 ) ) ;
#574 = CARTESIAN_POINT ( 'NONE',  ( 22.16729321688514531, 5.603440182314302298, -53.31881069785288219 ) ) ;
#575 = CARTESIAN_POINT ( 'NONE',  ( 9.173549976454930643, 19.13269589423602213, -46.47375000000030809 ) ) ;
#576 = VERTEX_POINT ( 'NONE', #3671 ) ;
#577 = FILL_AREA_STYLE_COLOUR ( '', #355 ) ;
#578 = CARTESIAN_POINT ( 'NONE',  ( 16.94419393796563256, 28.14749999999999730, -45.91654608291377571 ) ) ;
#579 = FACE_BOUND ( 'NONE', #4303, .T. ) ;
#580 = FACE_OUTER_BOUND ( 'NONE', #2373, .T. ) ;
#581 = ORIENTED_EDGE ( 'NONE', *, *, #2048, .T. ) ;
#582 = DIRECTION ( 'NONE',  ( 1.000000000000000000, 0.000000000000000000, 0.000000000000000000 ) ) ;
#583 = LINE ( 'NONE', #1814, #112 ) ;
#584 =( GEOMETRIC_REPRESENTATION_CONTEXT ( 3 ) GLOBAL_UNCERTAINTY_ASSIGNED_CONTEXT ( ( #602 ) ) GLOBAL_UNIT_ASSIGNED_CONTEXT ( ( #1740, #2049, #4457 ) ) REPRESENTATION_CONTEXT ( 'NONE', 'WORKASPACE' ) );
#585 = ORIENTED_EDGE ( 'NONE', *, *, #2533, .T. ) ;
#586 = MECHANICAL_DESIGN_GEOMETRIC_PRESENTATION_REPRESENTATION (  '', ( #1306 ), #4040 ) ;
#587 = FILL_AREA_STYLE_COLOUR ( '', #4211 ) ;
#588 = VERTEX_POINT ( 'NONE', #984 ) ;
#589 = CARTESIAN_POINT ( 'NONE',  ( 27.33749999999999858, 5.366250000056598246, -91.02374999999999261 ) ) ;
#590 = VECTOR ( 'NONE', #1835, 1000.000000000000000 ) ;
#591 = ORIENTED_EDGE ( 'NONE', *, *, #3062, .T. ) ;
#592 =( GEOMETRIC_REPRESENTATION_CONTEXT ( 3 ) GLOBAL_UNCERTAINTY_ASSIGNED_CONTEXT ( ( #3338 ) ) GLOBAL_UNIT_ASSIGNED_CONTEXT ( ( #4494, #3594, #2478 ) ) REPRESENTATION_CONTEXT ( 'NONE', 'WORKASPACE' ) );
#593 = CARTESIAN_POINT ( 'NONE',  ( 28.87664442254179775, 1.507791506595916431, -39.60057627742435216 ) ) ;
#594 = MECHANICAL_DESIGN_GEOMETRIC_PRESENTATION_REPRESENTATION (  '', ( #4376 ), #3275 ) ;
#595 = CARTESIAN_POINT ( 'NONE',  ( 11.60315597909850993, -4.049999999999828404, -44.91612200837141700 ) ) ;
#596 = ORIENTED_EDGE ( 'NONE', *, *, #1451, .T. ) ;
#597 = CARTESIAN_POINT ( 'NONE',  ( 20.25000000000000000, -2.986747800704522504, 0.05075219929546966047 ) ) ;
#598 = STYLED_ITEM ( 'NONE', ( #4109 ), #4921 ) ;
#599 = CARTESIAN_POINT ( 'NONE',  ( 18.02220027412147374, -4.049999999999948308, -96.05286042999505014 ) ) ;
#600 = VECTOR ( 'NONE', #2204, 1000.000000000000000 ) ;
#601 = CARTESIAN_POINT ( 'NONE',  ( 19.23749999999999716, 18.02250000000000796, -95.03213518033511775 ) ) ;
#602 = UNCERTAINTY_MEASURE_WITH_UNIT (LENGTH_MEASURE( 1.000000000000000082E-05 ), #1740, 'distance_accuracy_value', 'NONE');
#603 = STYLED_ITEM ( 'NONE', ( #3467 ), #3077 ) ;
#604 = CARTESIAN_POINT ( 'NONE',  ( 9.807295055380395254, 29.16000000000112280, -45.64428509056813255 ) ) ;
#605 = ORIENTED_EDGE ( 'NONE', *, *, #3421, .T. ) ;
#606 =( NAMED_UNIT ( * ) PLANE_ANGLE_UNIT ( ) SI_UNIT ( $, .RADIAN. ) );
#607 = CARTESIAN_POINT ( 'NONE',  ( 18.99762876612847862, 28.14749999999999730, -46.47374978709454751 ) ) ;
#608 = CARTESIAN_POINT ( 'NONE',  ( 18.95728286664231987, -4.049999999999987388, -41.98466345491521423 ) ) ;
#609 = VECTOR ( 'NONE', #5055, 1000.000000000000000 ) ;
#610 = VECTOR ( 'NONE', #3777, 1000.000000000000114 ) ;
#611 =( NAMED_UNIT ( * ) SI_UNIT ( $, .STERADIAN. ) SOLID_ANGLE_UNIT ( ) );
#612 = CARTESIAN_POINT ( 'NONE',  ( 19.12160935087302249, 29.16000000000000369, -95.04493097550175662 ) ) ;
#613 = EDGE_LOOP ( 'NONE', ( #307, #4011, #2729, #329 ) ) ;
#614 = CARTESIAN_POINT ( 'NONE',  ( 19.23749999999999716, 29.16000000000000014, -23.69250000000030099 ) ) ;
#615 = SURFACE_STYLE_FILL_AREA ( #235 ) ;
#616 = FILL_AREA_STYLE_COLOUR ( '', #4095 ) ;
#617 = VECTOR ( 'NONE', #1271, 1000.000000000000000 ) ;
#618 = DIRECTION ( 'NONE',  ( 0.000000000000000000, -1.000000000000000000, -1.885568995626962808E-16 ) ) ;
#619 = CARTESIAN_POINT ( 'NONE',  ( 9.573662992449449405, -4.049999999998649791, -91.26913246778254063 ) ) ;
#620 = CARTESIAN_POINT ( 'NONE',  ( 10.12500000000000000, -4.049999999999674749, -100.6984762319158762 ) ) ;
#621 = EDGE_CURVE ( 'NONE', #2652, #1048, #1501, .T. ) ;
#622 = DIRECTION ( 'NONE',  ( 0.000000000000000000, 1.885568995626962808E-16, -1.000000000000000000 ) ) ;
#623 = FILL_AREA_STYLE_COLOUR ( '', #1790 ) ;
#624 = FILL_AREA_STYLE ('',( #577 ) ) ;
#625 = CARTESIAN_POINT ( 'NONE',  ( 20.25000000000000000, 28.09674780070452726, 0.05075219929546794656 ) ) ;
#626 = DIRECTION ( 'NONE',  ( 0.000000000000000000, 1.000000000000000000, -1.086577499661819722E-15 ) ) ;
#627 = LINE ( 'NONE', #3810, #1507 ) ;
#628 = EDGE_CURVE ( 'NONE', #4026, #2821, #688, .T. ) ;
#629 = FILL_AREA_STYLE_COLOUR ( '', #3130 ) ;
#630 = CARTESIAN_POINT ( 'NONE',  ( 23.23687500000002260, 7.391250000000011866, -84.49312499999956572 ) ) ;
#631 = PRESENTATION_STYLE_ASSIGNMENT (( #678 ) ) ;
#632 = EDGE_CURVE ( 'NONE', #2941, #3060, #2364, .T. ) ;
#633 = COLOUR_RGB ( '',0.1019607843137254888, 0.1019607843137254888, 0.1019607843137254888 ) ;
#634 = DIRECTION ( 'NONE',  ( -1.000000000000000000, 0.000000000000000000, -3.469446951953585100E-16 ) ) ;
#635 =( NAMED_UNIT ( * ) PLANE_ANGLE_UNIT ( ) SI_UNIT ( $, .RADIAN. ) );
#636 =( GEOMETRIC_REPRESENTATION_CONTEXT ( 3 ) GLOBAL_UNCERTAINTY_ASSIGNED_CONTEXT ( ( #246 ) ) GLOBAL_UNIT_ASSIGNED_CONTEXT ( ( #434, #2101, #4488 ) ) REPRESENTATION_CONTEXT ( 'NONE', 'WORKASPACE' ) );
#637 = CARTESIAN_POINT ( 'NONE',  ( 19.20824435617289083, 29.16000000000000369, -95.03213519115126928 ) ) ;
#638 = EDGE_LOOP ( 'NONE', ( #2776, #1087, #168, #4005, #338 ) ) ;
#639 = FILL_AREA_STYLE_COLOUR ( '', #3048 ) ;
#640 = CARTESIAN_POINT ( 'NONE',  ( 20.25000000000000000, -2.986747800704507405, -23.69249999999999901 ) ) ;
#641 = PRESENTATION_LAYER_ASSIGNMENT (  '', '', ( #2841 ) ) ;
#642 = CARTESIAN_POINT ( 'NONE',  ( 13.04127378885696942, -3.037500000000000089, -42.17040732503484435 ) ) ;
#643 = DIRECTION ( 'NONE',  ( 1.000000000000000000, 0.000000000000000000, -4.132222856978965360E-16 ) ) ;
#644 = CARTESIAN_POINT ( 'NONE',  ( 10.12500000000000000, -3.625305056040362572, -97.68133091484692443 ) ) ;
#645 = CARTESIAN_POINT ( 'NONE',  ( 19.23749999999999716, 18.02250000000000085, -54.06749999999999545 ) ) ;
#646 = CARTESIAN_POINT ( 'NONE',  ( 19.00796503022383632, -4.049999999999981171, -95.07656920914510579 ) ) ;
#647 = UNCERTAINTY_MEASURE_WITH_UNIT (LENGTH_MEASURE( 1.000000000000000082E-05 ), #4498, 'distance_accuracy_value', 'NONE');
#648 =( NAMED_UNIT ( * ) SI_UNIT ( $, .STERADIAN. ) SOLID_ANGLE_UNIT ( ) );
#649 = CARTESIAN_POINT ( 'NONE',  ( 19.23749999999999716, -3.037499999999999645, -6.093251410737770232E-15 ) ) ;
#650 = DIRECTION ( 'NONE',  ( -0.000000000000000000, 0.000000000000000000, 1.000000000000000000 ) ) ;
#651 =( NAMED_UNIT ( * ) SI_UNIT ( $, .STERADIAN. ) SOLID_ANGLE_UNIT ( ) );
#652 = PRESENTATION_STYLE_ASSIGNMENT (( #4862 ) ) ;
#653 = EDGE_CURVE ( 'NONE', #5048, #1494, #711, .T. ) ;
#654 = CARTESIAN_POINT ( 'NONE',  ( 29.52829496006194532, 22.28312482927121962, -97.98621594942605384 ) ) ;
#655 = FILL_AREA_STYLE ('',( #344 ) ) ;
#656 = CARTESIAN_POINT ( 'NONE',  ( 19.23749999999999716, 18.02250000000001151, -113.3999999999999915 ) ) ;
#657 = ORIENTED_EDGE ( 'NONE', *, *, #3425, .F. ) ;
#658 = CARTESIAN_POINT ( 'NONE',  ( 9.625000000000000000, 28.31336733099967873, -96.59774629048207828 ) ) ;
#659 = ORIENTED_EDGE ( 'NONE', *, *, #945, .F. ) ;
#660 = CARTESIAN_POINT ( 'NONE',  ( 21.83637486438742670, 20.97515624686279523, -52.66705557818286110 ) ) ;
#661 = VERTEX_POINT ( 'NONE', #2190 ) ;
#662 =( NAMED_UNIT ( * ) PLANE_ANGLE_UNIT ( ) SI_UNIT ( $, .RADIAN. ) );
#663 = FILL_AREA_STYLE_COLOUR ( '', #3397 ) ;
#664 = ORIENTED_EDGE ( 'NONE', *, *, #2814, .T. ) ;
#665 = MECHANICAL_DESIGN_GEOMETRIC_PRESENTATION_REPRESENTATION (  '', ( #263 ), #1381 ) ;
#666 = FILL_AREA_STYLE ('',( #309 ) ) ;
#667 = CARTESIAN_POINT ( 'NONE',  ( 14.82495552577639053, -4.049999999999837286, -99.06719580286366522 ) ) ;
#668 = CARTESIAN_POINT ( 'NONE',  ( 21.73227800508603025, 21.29724756808593611, -84.60882937073041887 ) ) ;
#669 = COLOUR_RGB ( '',0.1019607843137254888, 0.1019607843137254888, 0.1019607843137254888 ) ;
#670 = PRESENTATION_LAYER_ASSIGNMENT (  '', '', ( #3431 ) ) ;
#671 = LINE ( 'NONE', #721, #679 ) ;
#672 = AXIS2_PLACEMENT_3D ( 'NONE', #3588, #539, #92 ) ;
#673 = CARTESIAN_POINT ( 'NONE',  ( 17.80315980754769711, -2.939031273454838278, -46.47375005066712106 ) ) ;
#674 = ORIENTED_EDGE ( 'NONE', *, *, #4720, .T. ) ;
#675 = CARTESIAN_POINT ( 'NONE',  ( -101.2500000000000000, 25.10999999999999588, -91.12500000000000000 ) ) ;
#676 = CARTESIAN_POINT ( 'NONE',  ( 28.40062500000002998, 7.391250000000011866, -89.65687499999958732 ) ) ;
#677 = COLOUR_RGB ( '',0.1019607843137254888, 0.1019607843137254888, 0.1019607843137254888 ) ;
#678 = SURFACE_STYLE_USAGE ( .BOTH. , #4348 ) ;
#679 = VECTOR ( 'NONE', #2275, 1000.000000000000000 ) ;
#680 = DIRECTION ( 'NONE',  ( -4.132222856978965360E-16, 1.839572674815094671E-33, -1.000000000000000000 ) ) ;
#681 = CARTESIAN_POINT ( 'NONE',  ( 16.23012932474003023, 29.16000000000000725, -44.42121165246927461 ) ) ;
#682 = ORIENTED_EDGE ( 'NONE', *, *, #3759, .T. ) ;
#683 = SURFACE_STYLE_USAGE ( .BOTH. , #4629 ) ;
#684 = VECTOR ( 'NONE', #3422, 1000.000000000000000 ) ;
#685 = UNCERTAINTY_MEASURE_WITH_UNIT (LENGTH_MEASURE( 1.000000000000000082E-05 ), #4864, 'distance_accuracy_value', 'NONE');
#686 =( NAMED_UNIT ( * ) PLANE_ANGLE_UNIT ( ) SI_UNIT ( $, .RADIAN. ) );
#687 = ORIENTED_EDGE ( 'NONE', *, *, #3321, .F. ) ;
#688 = LINE ( 'NONE', #1891, #1909 ) ;
#689 = CIRCLE ( 'NONE', #941, 0.7499999999993206545 ) ;
#690 = ORIENTED_EDGE ( 'NONE', *, *, #3274, .F. ) ;
#691 = DIRECTION ( 'NONE',  ( 0.000000000000000000, 1.885568995626963301E-16, -1.000000000000000000 ) ) ;
#692 = CARTESIAN_POINT ( 'NONE',  ( 20.70855877322741989, 23.43306431167028236, -86.10051554475319335 ) ) ;
#693 = FILL_AREA_STYLE_COLOUR ( '', #4230 ) ;
#694 = EDGE_CURVE ( 'NONE', #828, #5046, #3846, .T. ) ;
#695 = DIRECTION ( 'NONE',  ( 0.000000000000000000, 0.000000000000000000, -1.000000000000000000 ) ) ;
#696 = VECTOR ( 'NONE', #4329, 1000.000000000000000 ) ;
#697 = FACE_OUTER_BOUND ( 'NONE', #1969, .T. ) ;
#698 = EDGE_CURVE ( 'NONE', #63, #5005, #1212, .T. ) ;
#699 = DIRECTION ( 'NONE',  ( 1.000000000000000000, -3.469446951953623655E-14, -6.541881604576222387E-30 ) ) ;
#700 = CARTESIAN_POINT ( 'NONE',  ( 15.20202027751946972, 28.14749999999999019, -92.54381223958031910 ) ) ;
#701 =( NAMED_UNIT ( * ) SI_UNIT ( $, .STERADIAN. ) SOLID_ANGLE_UNIT ( ) );
#702 = CARTESIAN_POINT ( 'NONE',  ( 18.02220027412230507, 29.16000000000003567, -41.03963957000458151 ) ) ;
#703 = CARTESIAN_POINT ( 'NONE',  ( 13.15876357484837555, 29.16000000000022396, -92.45725027594522771 ) ) ;
#704 = MECHANICAL_DESIGN_GEOMETRIC_PRESENTATION_REPRESENTATION (  '', ( #240 ), #1994 ) ;
#705 = EDGE_CURVE ( 'NONE', #1282, #4267, #4428, .T. ) ;
#706 = VECTOR ( 'NONE', #1084, 1000.000000000000000 ) ;
#707 = ORIENTED_EDGE ( 'NONE', *, *, #1136, .F. ) ;
#708 = PRESENTATION_LAYER_ASSIGNMENT (  '', '', ( #2919 ) ) ;
#709 = FILL_AREA_STYLE ('',( #3462 ) ) ;
#710 = ORIENTED_EDGE ( 'NONE', *, *, #3595, .T. ) ;
#711 = LINE ( 'NONE', #2705, #2338 ) ;
#712 = EDGE_CURVE ( 'NONE', #3279, #2669, #3108, .T. ) ;
#713 = LINE ( 'NONE', #1502, #2127 ) ;
#714 = ORIENTED_EDGE ( 'NONE', *, *, #3063, .T. ) ;
#715 = CARTESIAN_POINT ( 'NONE',  ( 20.84559049008133158, 23.21214052809437689, -85.92559905162775635 ) ) ;
#716 = PLANE ( 'NONE',  #2893 ) ;
#717 =( NAMED_UNIT ( * ) PLANE_ANGLE_UNIT ( ) SI_UNIT ( $, .RADIAN. ) );
#718 = CARTESIAN_POINT ( 'NONE',  ( 28.86995737339448098, 1.496283460416826028, -96.94365076593403785 ) ) ;
#719 = COLOUR_RGB ( '',0.1019607843137254888, 0.1019607843137254888, 0.1019607843137254888 ) ;
#720 = ADVANCED_FACE ( 'NONE', ( #3084 ), #3393, .T. ) ;
#721 = CARTESIAN_POINT ( 'NONE',  ( 70.87076142158512937, 19.74375000005680292, -46.06875000000000142 ) ) ;
#722 = CARTESIAN_POINT ( 'NONE',  ( 20.25000000000000000, -2.163626784528340123E-13, -113.4000000000000057 ) ) ;
#723 = DIRECTION ( 'NONE',  ( 3.469446951953585100E-16, 0.000000000000000000, -1.000000000000000000 ) ) ;
#724 = CARTESIAN_POINT ( 'NONE',  ( 17.11472305168802421, 29.16000000000007475, -39.98326769325286278 ) ) ;
#725 = CARTESIAN_POINT ( 'NONE',  ( 17.57590397110173797, 29.16000000000005699, -96.58817227335229916 ) ) ;
#726 = ORIENTED_EDGE ( 'NONE', *, *, #4059, .F. ) ;
#727 = EDGE_CURVE ( 'NONE', #1944, #1191, #4920, .T. ) ;
#728 = SURFACE_STYLE_USAGE ( .BOTH. , #2288 ) ;
#729 = DIRECTION ( 'NONE',  ( 0.000000000000000000, -1.330457483314383798E-16, 1.000000000000000000 ) ) ;
#730 = EDGE_LOOP ( 'NONE', ( #47, #3433, #4469, #469, #5069 ) ) ;
#731 = LINE ( 'NONE', #4690, #437 ) ;
#732 = VERTEX_POINT ( 'NONE', #3864 ) ;
#733 = CARTESIAN_POINT ( 'NONE',  ( 9.625000000000000000, -4.049999999999683631, -36.39402376808444473 ) ) ;
#734 = SURFACE_STYLE_USAGE ( .BOTH. , #853 ) ;
#735 = CARTESIAN_POINT ( 'NONE',  ( 20.25000000000000000, -70.06499999999998352, -70.06499999999998352 ) ) ;
#736 =( LENGTH_UNIT ( ) NAMED_UNIT ( * ) SI_UNIT ( .MILLI., .METRE. ) );
#737 = EDGE_CURVE ( 'NONE', #4026, #4746, #410, .T. ) ;
#738 = EDGE_CURVE ( 'NONE', #1744, #3191, #2421, .T. ) ;
#739 = CARTESIAN_POINT ( 'NONE',  ( 30.37500000000000000, 0.000000000000000000, -23.69250000000030099 ) ) ;
#740 = COLOUR_RGB ( '',0.1019607843137254888, 0.1019607843137254888, 0.1019607843137254888 ) ;
#741 = COLOUR_RGB ( '',0.1019607843137254888, 0.1019607843137254888, 0.1019607843137254888 ) ;
#742 = CARTESIAN_POINT ( 'NONE',  ( 19.79298427132118476, 0.4392126854442595096, -49.93062320052244019 ) ) ;
#743 = UNCERTAINTY_MEASURE_WITH_UNIT (LENGTH_MEASURE( 1.000000000000000082E-05 ), #1774, 'distance_accuracy_value', 'NONE');
#744 = CARTESIAN_POINT ( 'NONE',  ( 15.30291306583283983, -2.243960603335768855, -46.47374996594970753 ) ) ;
#745 = VECTOR ( 'NONE', #241, 1000.000000000000000 ) ;
#746 = SURFACE_SIDE_STYLE ('',( #3005 ) ) ;
#747 = DIRECTION ( 'NONE',  ( -1.000000000000000000, 0.000000000000000000, 0.000000000000000000 ) ) ;
#748 = STYLED_ITEM ( 'NONE', ( #1846 ), #4967 ) ;
#749 = CARTESIAN_POINT ( 'NONE',  ( 11.87516870932569546, 28.14749999999999375, -95.67407142090367245 ) ) ;
#750 = CARTESIAN_POINT ( 'NONE',  ( 9.625000000000000000, 28.85806384268343905, -98.22246551233293133 ) ) ;
#751 =( GEOMETRIC_REPRESENTATION_CONTEXT ( 3 ) GLOBAL_UNCERTAINTY_ASSIGNED_CONTEXT ( ( #3106 ) ) GLOBAL_UNIT_ASSIGNED_CONTEXT ( ( #1334, #4583, #2558 ) ) REPRESENTATION_CONTEXT ( 'NONE', 'WORKASPACE' ) );
#752 = VECTOR ( 'NONE', #4632, 1000.000000000000000 ) ;
#753 = CARTESIAN_POINT ( 'NONE',  ( 22.20852996869396279, 5.929175831121917817, -83.68257933050028896 ) ) ;
#754 = DIRECTION ( 'NONE',  ( -1.000000000000000000, 0.000000000000000000, 0.000000000000000000 ) ) ;
#755 = CARTESIAN_POINT ( 'NONE',  ( 13.75288965921348527, 29.16000000000019199, -44.56788078392326469 ) ) ;
#756 = PRESENTATION_LAYER_ASSIGNMENT (  '', '', ( #930 ) ) ;
#757 = CARTESIAN_POINT ( 'NONE',  ( 9.543985572626722202, 20.96928168215539046, -90.61875000258933710 ) ) ;
#758 = ORIENTED_EDGE ( 'NONE', *, *, #4953, .T. ) ;
#759 =( NAMED_UNIT ( * ) PLANE_ANGLE_UNIT ( ) SI_UNIT ( $, .RADIAN. ) );
#760 = SURFACE_STYLE_FILL_AREA ( #4323 ) ;
#761 = CYLINDRICAL_SURFACE ( 'NONE', #4169, 11.13749999999999751 ) ;
#762 = ORIENTED_EDGE ( 'NONE', *, *, #1243, .F. ) ;
#763 = DIRECTION ( 'NONE',  ( 2.775557561562890365E-16, -5.551115123125779621E-17, -1.000000000000000000 ) ) ;
#764 = VERTEX_POINT ( 'NONE', #3512 ) ;
#765 = DIRECTION ( 'NONE',  ( -1.000000000000000000, 0.000000000000000000, 0.000000000000000000 ) ) ;
#766 = VECTOR ( 'NONE', #319, 1000.000000000000000 ) ;
#767 = CARTESIAN_POINT ( 'NONE',  ( 20.25000000000000000, 3.037499999999999645, 1.713913789117811707E-15 ) ) ;
#768 =( NAMED_UNIT ( * ) PLANE_ANGLE_UNIT ( ) SI_UNIT ( $, .RADIAN. ) );
#769 =( GEOMETRIC_REPRESENTATION_CONTEXT ( 3 ) GLOBAL_UNCERTAINTY_ASSIGNED_CONTEXT ( ( #1811 ) ) GLOBAL_UNIT_ASSIGNED_CONTEXT ( ( #830, #3531, #2061 ) ) REPRESENTATION_CONTEXT ( 'NONE', 'WORKASPACE' ) );
#770 = ORIENTED_EDGE ( 'NONE', *, *, #2970, .F. ) ;
#771 = CARTESIAN_POINT ( 'NONE',  ( 20.24999999999999645, 18.02250000000000085, -42.06036481966473417 ) ) ;
#772 = EDGE_CURVE ( 'NONE', #2873, #732, #4002, .T. ) ;
#773 = CARTESIAN_POINT ( 'NONE',  ( 20.25000000000000000, -2.248201624865943761E-13, -23.69249999999999901 ) ) ;
#774 = EDGE_CURVE ( 'NONE', #1561, #1863, #2598, .T. ) ;
#775 = PRESENTATION_LAYER_ASSIGNMENT (  '', '', ( #2323 ) ) ;
#776 = MECHANICAL_DESIGN_GEOMETRIC_PRESENTATION_REPRESENTATION (  '', ( #1026 ), #1480 ) ;
#777 = ORIENTED_EDGE ( 'NONE', *, *, #4484, .T. ) ;
#778 = DIRECTION ( 'NONE',  ( 0.000000000000000000, 1.000000000000000000, 1.330457483314383798E-16 ) ) ;
#779 = CARTESIAN_POINT ( 'NONE',  ( 70.87076142158512937, 5.366250000056598246, -46.06875000000000142 ) ) ;
#780 = UNCERTAINTY_MEASURE_WITH_UNIT (LENGTH_MEASURE( 1.000000000000000082E-05 ), #1932, 'distance_accuracy_value', 'NONE');
#781 = CARTESIAN_POINT ( 'NONE',  ( 22.00211481080470222, 4.752166152400262078, -84.11250724777018206 ) ) ;
#782 = DIRECTION ( 'NONE',  ( 1.000000000000000000, 0.000000000000000000, 0.000000000000000000 ) ) ;
#783 = SURFACE_STYLE_USAGE ( .BOTH. , #4995 ) ;
#784 = CARTESIAN_POINT ( 'NONE',  ( 9.792040492739463531, 21.67706373720157131, -46.47374999749957425 ) ) ;
#786 = EDGE_CURVE ( 'NONE', #918, #4635, #10, .T. ) ;
#785 = CARTESIAN_POINT ( 'NONE',  ( 17.79986791463394979, 29.16000000000004988, -96.32129746101242063 ) ) ;
#787 = ORIENTED_EDGE ( 'NONE', *, *, #3884, .F. ) ;
#788 = SURFACE_STYLE_FILL_AREA ( #5091 ) ;
#789 = DIRECTION ( 'NONE',  ( 0.000000000000000000, 0.000000000000000000, -1.000000000000000000 ) ) ;
#790 = ORIENTED_EDGE ( 'NONE', *, *, #2152, .F. ) ;
#791 = FILL_AREA_STYLE_COLOUR ( '', #3124 ) ;
#792 = ORIENTED_EDGE ( 'NONE', *, *, #4256, .F. ) ;
#793 = DIRECTION ( 'NONE',  ( 0.000000000000000000, 0.7071067811865475727, -0.7071067811865475727 ) ) ;
#794 =( NAMED_UNIT ( * ) PLANE_ANGLE_UNIT ( ) SI_UNIT ( $, .RADIAN. ) );
#795 = FILL_AREA_STYLE_COLOUR ( '', #3986 ) ;
#796 = AXIS2_PLACEMENT_3D ( 'NONE', #4513, #1735, #509 ) ;
#797 = SURFACE_STYLE_USAGE ( .BOTH. , #4330 ) ;
#798 = SURFACE_STYLE_FILL_AREA ( #496 ) ;
#799 = CARTESIAN_POINT ( 'NONE',  ( 15.65379562942488079, -4.049999999999892353, -44.44057325408418535 ) ) ;
#800 = ORIENTED_EDGE ( 'NONE', *, *, #3118, .F. ) ;
#801 = LINE ( 'NONE', #2360, #5030 ) ;
#802 = COLOUR_RGB ( '',0.1019607843137254888, 0.1019607843137254888, 0.1019607843137254888 ) ;
#803 = CARTESIAN_POINT ( 'NONE',  ( 19.23749999999999716, 18.02250000000000085, -23.69250000000030099 ) ) ;
#804 =( LENGTH_UNIT ( ) NAMED_UNIT ( * ) SI_UNIT ( .MILLI., .METRE. ) );
#805 = TOROIDAL_SURFACE ( 'NONE', #2665, 1.012499999999999067, 10.12500000000000000 ) ;
#806 = UNCERTAINTY_MEASURE_WITH_UNIT (LENGTH_MEASURE( 1.000000000000000082E-05 ), #1576, 'distance_accuracy_value', 'NONE');
#807 = PRESENTATION_STYLE_ASSIGNMENT (( #2390 ) ) ;
#808 = ORIENTED_EDGE ( 'NONE', *, *, #3421, .F. ) ;
#809 = SURFACE_STYLE_USAGE ( .BOTH. , #1222 ) ;
#810 = ORIENTED_EDGE ( 'NONE', *, *, #4574, .F. ) ;
#811 = EDGE_CURVE ( 'NONE', #3255, #4635, #227, .T. ) ;
#812 = CARTESIAN_POINT ( 'NONE',  ( 19.23749999999999716, 6.075000000000009059, -95.03213518033510354 ) ) ;
#813 = SURFACE_STYLE_FILL_AREA ( #1551 ) ;
#814 = CARTESIAN_POINT ( 'NONE',  ( 26.22375000000045375, -2.248201624865943761E-13, -23.69249999999999901 ) ) ;
#815 = CARTESIAN_POINT ( 'NONE',  ( 13.97329491893897568, 29.15999999999997883, -92.54570170524011985 ) ) ;
#816 = ORIENTED_EDGE ( 'NONE', *, *, #3759, .F. ) ;
#817 = CARTESIAN_POINT ( 'NONE',  ( 20.70855877233845632, 1.676935686926855684, -50.99198445414161540 ) ) ;
#818 = FACE_OUTER_BOUND ( 'NONE', #3508, .T. ) ;
#819 = ORIENTED_EDGE ( 'NONE', *, *, #4861, .T. ) ;
#820 = LINE ( 'NONE', #2374, #1541 ) ;
#821 = ORIENTED_EDGE ( 'NONE', *, *, #4598, .F. ) ;
#822 = FILL_AREA_STYLE_COLOUR ( '', #2221 ) ;
#823 = SURFACE_STYLE_FILL_AREA ( #2354 ) ;
#824 = CARTESIAN_POINT ( 'NONE',  ( 20.25000000000000000, 28.14749999999999375, 0.000000000000000000 ) ) ;
#825 = CARTESIAN_POINT ( 'NONE',  ( 28.82560839207033965, 1.420563765177615734, -38.99868300431258206 ) ) ;
#826 = ORIENTED_EDGE ( 'NONE', *, *, #4449, .F. ) ;
#827 = CARTESIAN_POINT ( 'NONE',  ( 16.43444566953753849, -4.049999999999707612, -44.41531023317065063 ) ) ;
#828 = VERTEX_POINT ( 'NONE', #814 ) ;
#829 = CARTESIAN_POINT ( 'NONE',  ( 16.97593446410140672, 29.16000000000008185, -39.82790528917947626 ) ) ;
#830 =( LENGTH_UNIT ( ) NAMED_UNIT ( * ) SI_UNIT ( .MILLI., .METRE. ) );
#831 = MECHANICAL_DESIGN_GEOMETRIC_PRESENTATION_REPRESENTATION (  '', ( #2463 ), #3113 ) ;
#832 = STYLED_ITEM ( 'NONE', ( #1140 ), #1982 ) ;
#833 = VERTEX_POINT ( 'NONE', #4452 ) ;
#834 = CARTESIAN_POINT ( 'NONE',  ( 19.23749999999999716, 18.02250000000000085, -3.512815038853151709E-16 ) ) ;
#835 = CARTESIAN_POINT ( 'NONE',  ( 22.27499999999999503, 18.02250000000000085, -83.53125000000000000 ) ) ;
#836 = CIRCLE ( 'NONE', #3435, 10.12499999999999467 ) ;
#837 = CARTESIAN_POINT ( 'NONE',  ( 20.66862581185116099, 1.601998922931660019, -86.15620915512099032 ) ) ;
#838 = CYLINDRICAL_SURFACE ( 'NONE', #4334, 10.12500000000000178 ) ;
#839 = DIRECTION ( 'NONE',  ( 1.000000000000000000, 0.000000000000000000, 0.000000000000000000 ) ) ;
#840 = VECTOR ( 'NONE', #4767, 1000.000000000000000 ) ;
#841 = CARTESIAN_POINT ( 'NONE',  ( 14.85801777058712503, -3.037500000000000089, -92.95397814143566961 ) ) ;
#842 = ORIENTED_EDGE ( 'NONE', *, *, #3655, .F. ) ;
#843 = CARTESIAN_POINT ( 'NONE',  ( 10.12500000000000000, 29.16000000000031989, -99.92606461597434020 ) ) ;
#844 = VECTOR ( 'NONE', #406, 1000.000000000000000 ) ;
#845 = AXIS2_PLACEMENT_3D ( 'NONE', #418, #1237, #5094 ) ;
#846 = MECHANICAL_DESIGN_GEOMETRIC_PRESENTATION_REPRESENTATION (  '', ( #3040 ), #3132 ) ;
#847 = LINE ( 'NONE', #2732, #3089 ) ;
#848 = VECTOR ( 'NONE', #4079, 1000.000000000000000 ) ;
#849 = VERTEX_POINT ( 'NONE', #1228 ) ;
#850 = DIRECTION ( 'NONE',  ( -1.000000000000000000, 2.775557561562899979E-17, -3.955169525227120175E-16 ) ) ;
#851 = ORIENTED_EDGE ( 'NONE', *, *, #3521, .F. ) ;
#852 = CARTESIAN_POINT ( 'NONE',  ( 19.23749999999999716, 7.087500000000000355, -54.06750000000060652 ) ) ;
#853 = SURFACE_SIDE_STYLE ('',( #365 ) ) ;
#854 = LINE ( 'NONE', #3686, #617 ) ;
#855 = CARTESIAN_POINT ( 'NONE',  ( 29.16568983604348020, 2.039166481030886491, -38.45245909855189126 ) ) ;
#856 = CARTESIAN_POINT ( 'NONE',  ( 30.37500000000000000, 7.087500000000000355, -23.69250000000030099 ) ) ;
#857 = FILL_AREA_STYLE ('',( #4828 ) ) ;
#858 =( GEOMETRIC_REPRESENTATION_CONTEXT ( 3 ) GLOBAL_UNCERTAINTY_ASSIGNED_CONTEXT ( ( #1521 ) ) GLOBAL_UNIT_ASSIGNED_CONTEXT ( ( #804, #1250, #1196 ) ) REPRESENTATION_CONTEXT ( 'NONE', 'WORKASPACE' ) );
#859 = VERTEX_POINT ( 'NONE', #435 ) ;
#860 = CARTESIAN_POINT ( 'NONE',  ( 18.32492858496388521, 29.16000000000003212, -95.69018885849735057 ) ) ;
#861 =( GEOMETRIC_REPRESENTATION_CONTEXT ( 3 ) GLOBAL_UNCERTAINTY_ASSIGNED_CONTEXT ( ( #1650 ) ) GLOBAL_UNIT_ASSIGNED_CONTEXT ( ( #4016, #924, #1644 ) ) REPRESENTATION_CONTEXT ( 'NONE', 'WORKASPACE' ) );
#862 = SURFACE_SIDE_STYLE ('',( #813 ) ) ;
#863 = DIRECTION ( 'NONE',  ( 1.000000000000000000, 0.000000000000000000, 0.000000000000000000 ) ) ;
#864 = CARTESIAN_POINT ( 'NONE',  ( 9.807295055380174986, 29.16000000000033410, -91.44821490943225228 ) ) ;
#865 = VERTEX_POINT ( 'NONE', #2042 ) ;
#866 = FILL_AREA_STYLE ('',( #4840 ) ) ;
#867 = SURFACE_STYLE_FILL_AREA ( #2805 ) ;
#868 = ORIENTED_EDGE ( 'NONE', *, *, #3099, .T. ) ;
#869 = EDGE_CURVE ( 'NONE', #4166, #1926, #3915, .T. ) ;
#870 =( NAMED_UNIT ( * ) PLANE_ANGLE_UNIT ( ) SI_UNIT ( $, .RADIAN. ) );
#871 = CARTESIAN_POINT ( 'NONE',  ( 20.25000000000000000, 25.10999999999999588, 0.000000000000000000 ) ) ;
#872 = ORIENTED_EDGE ( 'NONE', *, *, #569, .T. ) ;
#873 = CARTESIAN_POINT ( 'NONE',  ( 20.40119128782519908, 23.89060794382711705, -50.61639622854869458 ) ) ;
#874 = SURFACE_STYLE_USAGE ( .BOTH. , #1288 ) ;
#875 = CARTESIAN_POINT ( 'NONE',  ( 20.19163419269759174, 24.18261788031551873, -86.72368047866919483 ) ) ;
#876 = CARTESIAN_POINT ( 'NONE',  ( 29.31357387268522885, 2.337710967859418787, -98.07500000000030127 ) ) ;
#877 = EDGE_CURVE ( 'NONE', #4470, #1879, #916, .T. ) ;
#878 = ORIENTED_EDGE ( 'NONE', *, *, #547, .F. ) ;
#879 = CARTESIAN_POINT ( 'NONE',  ( 10.12500000000000000, -4.049999999999683631, -36.39402376808444473 ) ) ;
#880 = CARTESIAN_POINT ( 'NONE',  ( 13.12240243758713376, -0.9951175694344240874, -90.61874997017032740 ) ) ;
#881 = MECHANICAL_DESIGN_GEOMETRIC_PRESENTATION_REPRESENTATION (  '', ( #140 ), #4085 ) ;
#882 = SURFACE_SIDE_STYLE ('',( #1955 ) ) ;
#883 = ADVANCED_FACE ( 'NONE', ( #3564 ), #66, .F. ) ;
#884 = VECTOR ( 'NONE', #3857, 1000.000000000000000 ) ;
#885 = ORIENTED_EDGE ( 'NONE', *, *, #3448, .F. ) ;
#886 =( NAMED_UNIT ( * ) SI_UNIT ( $, .STERADIAN. ) SOLID_ANGLE_UNIT ( ) );
#887 = CARTESIAN_POINT ( 'NONE',  ( 10.58722073350253545, 29.16000000000030923, -100.6548863116118895 ) ) ;
#888 = AXIS2_PLACEMENT_3D ( 'NONE', #1343, #2963, #1001 ) ;
#889 = FACE_BOUND ( 'NONE', #3981, .T. ) ;
#890 =( NAMED_UNIT ( * ) PLANE_ANGLE_UNIT ( ) SI_UNIT ( $, .RADIAN. ) );
#891 = ORIENTED_EDGE ( 'NONE', *, *, #4675, .F. ) ;
#892 =( LENGTH_UNIT ( ) NAMED_UNIT ( * ) SI_UNIT ( .MILLI., .METRE. ) );
#893 = VERTEX_POINT ( 'NONE', #3304 ) ;
#894 = CARTESIAN_POINT ( 'NONE',  ( 19.23749999999999716, -4.049999999999994493, -90.61874999999999147 ) ) ;
#895 = CARTESIAN_POINT ( 'NONE',  ( 9.625000000000000000, -3.037499999999999645, -113.4000000000000057 ) ) ;
#896 = VERTEX_POINT ( 'NONE', #4916 ) ;
#897 = CARTESIAN_POINT ( 'NONE',  ( 20.45112678799119621, 23.81964770112958263, -50.67592883093887224 ) ) ;
#898 = CARTESIAN_POINT ( 'NONE',  ( 19.79101995606044184, 0.4370079700526117161, -87.16393354207026789 ) ) ;
#899 = DIRECTION ( 'NONE',  ( -1.000000000000000000, 0.000000000000000000, 0.000000000000000000 ) ) ;
#900 = ADVANCED_FACE ( 'NONE', ( #1418 ), #4649, .F. ) ;
#901 = CARTESIAN_POINT ( 'NONE',  ( 9.625000000000000000, 29.16000000000031989, -99.92606461597434020 ) ) ;
#902 = FACE_OUTER_BOUND ( 'NONE', #2882, .T. ) ;
#903 = CARTESIAN_POINT ( 'NONE',  ( 13.53775358466862500, -1.303414582289403212, -46.47374993541514954 ) ) ;
#904 = ORIENTED_EDGE ( 'NONE', *, *, #559, .T. ) ;
#905 = LINE ( 'NONE', #2059, #4118 ) ;
#906 = CARTESIAN_POINT ( 'NONE',  ( 17.42459581314941275, -4.049999999999927880, -96.76417493252615998 ) ) ;
#907 = CARTESIAN_POINT ( 'NONE',  ( 28.99127085068666787, 23.39910314971212912, -97.43433684890025859 ) ) ;
#908 = UNCERTAINTY_MEASURE_WITH_UNIT (LENGTH_MEASURE( 1.000000000000000082E-05 ), #2453, 'distance_accuracy_value', 'NONE');
#909 = CARTESIAN_POINT ( 'NONE',  ( 15.94700060888773052, 29.16000000000011383, -38.85519885594356282 ) ) ;
#910 = ORIENTED_EDGE ( 'NONE', *, *, #4574, .T. ) ;
#911 = FACE_OUTER_BOUND ( 'NONE', #20, .T. ) ;
#912 = FACE_OUTER_BOUND ( 'NONE', #1174, .T. ) ;
#913 = PRESENTATION_LAYER_ASSIGNMENT (  '', '', ( #3265 ) ) ;
#914 = SURFACE_STYLE_FILL_AREA ( #4450 ) ;
#915 = PRESENTATION_STYLE_ASSIGNMENT (( #225 ) ) ;
#916 = LINE ( 'NONE', #1990, #3478 ) ;
#917 = AXIS2_PLACEMENT_3D ( 'NONE', #1728, #3248, #4532 ) ;
#918 = VERTEX_POINT ( 'NONE', #2391 ) ;
#919 = DIRECTION ( 'NONE',  ( -0.000000000000000000, 1.000000000000000000, 0.000000000000000000 ) ) ;
#920 = LINE ( 'NONE', #175, #4124 ) ;
#921 = ORIENTED_EDGE ( 'NONE', *, *, #3832, .F. ) ;
#922 = CARTESIAN_POINT ( 'NONE',  ( 21.15355766749583211, 22.65636382008604954, -51.58532277407807243 ) ) ;
#923 = CARTESIAN_POINT ( 'NONE',  ( 20.29163784088547473, 1.068076662454287229, -86.60479945647144007 ) ) ;
#924 =( NAMED_UNIT ( * ) PLANE_ANGLE_UNIT ( ) SI_UNIT ( $, .RADIAN. ) );
#925 = MECHANICAL_DESIGN_GEOMETRIC_PRESENTATION_REPRESENTATION (  '', ( #2715 ), #1153 ) ;
#926 = PRESENTATION_STYLE_ASSIGNMENT (( #4847 ) ) ;
#927 = LINE ( 'NONE', #132, #968 ) ;
#928 = CARTESIAN_POINT ( 'NONE',  ( 9.326509313981576454, 5.011488844442756552, -46.47375000027000880 ) ) ;
#929 = CARTESIAN_POINT ( 'NONE',  ( 0.000000000000000000, 25.10999999999999588, -140.1299999999999670 ) ) ;
#930 = STYLED_ITEM ( 'NONE', ( #2199 ), #2945 ) ;
#931 = CARTESIAN_POINT ( 'NONE',  ( 9.792040492738413704, 3.432936262800137861, -90.61875000250071821 ) ) ;
#932 = LINE ( 'NONE', #3155, #2493 ) ;
#933 = CARTESIAN_POINT ( 'NONE',  ( 29.08103558074137140, 23.23355556137886069, -39.68103754950048767 ) ) ;
#934 = CARTESIAN_POINT ( 'NONE',  ( 29.63783571508466252, 22.00733548310504517, -96.92513907782677052 ) ) ;
#935 = MECHANICAL_DESIGN_GEOMETRIC_PRESENTATION_REPRESENTATION (  '', ( #2053 ), #529 ) ;
#936 = EDGE_CURVE ( 'NONE', #3104, #3279, #61, .T. ) ;
#937 = EDGE_LOOP ( 'NONE', ( #1020, #4278, #1940, #347 ) ) ;
#938 = LINE ( 'NONE', #1328, #1806 ) ;
#939 = FILL_AREA_STYLE_COLOUR ( '', #2486 ) ;
#940 = STYLED_ITEM ( 'NONE', ( #1392 ), #3615 ) ;
#941 = AXIS2_PLACEMENT_3D ( 'NONE', #2434, #110, #3227 ) ;
#942 = DIRECTION ( 'NONE',  ( -0.000000000000000000, 1.000000000000000000, 0.000000000000000000 ) ) ;
#943 = FILL_AREA_STYLE ('',( #2501 ) ) ;
#944 = DIRECTION ( 'NONE',  ( 3.122502256758254619E-17, -1.000000000000000000, -1.330457483314383798E-16 ) ) ;
#945 = EDGE_CURVE ( 'NONE', #357, #1602, #3812, .T. ) ;
#946 = EDGE_LOOP ( 'NONE', ( #4628, #1405, #279, #1832 ) ) ;
#947 = VECTOR ( 'NONE', #3549, 1000.000000000000000 ) ;
#948 = DIRECTION ( 'NONE',  ( 0.000000000000000000, -1.000000000000000000, -1.275134399224513907E-15 ) ) ;
#949 = EDGE_LOOP ( 'NONE', ( #3687 ) ) ;
#950 = FILL_AREA_STYLE_COLOUR ( '', #5043 ) ;
#951 = LINE ( 'NONE', #4927, #2154 ) ;
#952 = LINE ( 'NONE', #2513, #4154 ) ;
#953 =( NAMED_UNIT ( * ) SI_UNIT ( $, .STERADIAN. ) SOLID_ANGLE_UNIT ( ) );
#954 = CARTESIAN_POINT ( 'NONE',  ( 29.22073594832822607, 2.149999999999297362, -39.94999999999693330 ) ) ;
#955 = CARTESIAN_POINT ( 'NONE',  ( 15.58162758261701342, -4.049999999999871925, -38.56048922527304512 ) ) ;
#956 = CARTESIAN_POINT ( 'NONE',  ( 16.97593446410142448, -4.049999999999920774, -39.82790528918101103 ) ) ;
#957 = CARTESIAN_POINT ( 'NONE',  ( 14.33164008628224373, -1.774942999478879457, -90.61874996770742996 ) ) ;
#958 = DIRECTION ( 'NONE',  ( 1.000000000000000000, -0.000000000000000000, -0.000000000000000000 ) ) ;
#959 = CARTESIAN_POINT ( 'NONE',  ( 21.96757890253067558, 4.595048117584113356, -52.91099914363424972 ) ) ;
#960 = UNCERTAINTY_MEASURE_WITH_UNIT (LENGTH_MEASURE( 1.000000000000000082E-05 ), #2931, 'distance_accuracy_value', 'NONE');
#961 = SURFACE_SIDE_STYLE ('',( #41 ) ) ;
#962 = ORIENTED_EDGE ( 'NONE', *, *, #1965, .T. ) ;
#963 = SURFACE_SIDE_STYLE ('',( #1368 ) ) ;
#964 = PRESENTATION_LAYER_ASSIGNMENT (  '', '', ( #59 ) ) ;
#965 = AXIS2_PLACEMENT_3D ( 'NONE', #4915, #1659, #3277 ) ;
#966 = FILL_AREA_STYLE_COLOUR ( '', #1456 ) ;
#967 =( NAMED_UNIT ( * ) PLANE_ANGLE_UNIT ( ) SI_UNIT ( $, .RADIAN. ) );
#968 = VECTOR ( 'NONE', #4569, 1000.000000000000000 ) ;
#969 = COLOUR_RGB ( '',0.1019607843137254888, 0.1019607843137254888, 0.1019607843137254888 ) ;
#970 = FILL_AREA_STYLE_COLOUR ( '', #352 ) ;
#971 = CARTESIAN_POINT ( 'NONE',  ( 19.09278326094590028, 29.16000000000000369, -42.03992321244344765 ) ) ;
#972 = PRESENTATION_STYLE_ASSIGNMENT (( #1743 ) ) ;
#973 = ORIENTED_EDGE ( 'NONE', *, *, #3650, .F. ) ;
#974 = SURFACE_STYLE_FILL_AREA ( #3194 ) ;
#975 = FILL_AREA_STYLE ('',( #1714 ) ) ;
#976 = FILL_AREA_STYLE_COLOUR ( '', #802 ) ;
#977 = CARTESIAN_POINT ( 'NONE',  ( 12.32070412412644700, -4.049999999999758238, -36.83518982966950261 ) ) ;
#978 = FACE_OUTER_BOUND ( 'NONE', #2234, .T. ) ;
#979 = CARTESIAN_POINT ( 'NONE',  ( 17.87403824659896046, -4.049999999999942979, -96.23187546461912234 ) ) ;
#980 = SURFACE_SIDE_STYLE ('',( #2993 ) ) ;
#981 = CARTESIAN_POINT ( 'NONE',  ( 17.88076084902545659, -4.049999999999942979, -96.22025408137874081 ) ) ;
#982 = EDGE_CURVE ( 'NONE', #2734, #896, #295, .T. ) ;
#983 = CARTESIAN_POINT ( 'NONE',  ( 21.52640658833879783, 3.264656628036397557, -52.14399625068793398 ) ) ;
#984 = CARTESIAN_POINT ( 'NONE',  ( 20.25000000000000000, 3.037499999999999645, -137.0924999999999727 ) ) ;
#985 = CYLINDRICAL_SURFACE ( 'NONE', #2950, 0.7499999999993206545 ) ;
#986 = ORIENTED_EDGE ( 'NONE', *, *, #1897, .T. ) ;
#987 = CARTESIAN_POINT ( 'NONE',  ( 14.83473601050038759, -3.037499999999996980, -46.47375000000039336 ) ) ;
#988 = CARTESIAN_POINT ( 'NONE',  ( 16.73685600739024437, 28.14749999999999730, -45.80296192694149227 ) ) ;
#989 = CARTESIAN_POINT ( 'NONE',  ( 20.25000000000000000, 25.10999999999999588, 0.000000000000000000 ) ) ;
#990 = MECHANICAL_DESIGN_GEOMETRIC_PRESENTATION_REPRESENTATION (  '', ( #3597 ), #3707 ) ;
#991 = SURFACE_STYLE_USAGE ( .BOTH. , #172 ) ;
#992 = ORIENTED_EDGE ( 'NONE', *, *, #124, .F. ) ;
#993 = CARTESIAN_POINT ( 'NONE',  ( 17.00392084526878733, 27.91284361521961088, -46.47374989866674611 ) ) ;
#994 =( BOUNDED_CURVE ( )  B_SPLINE_CURVE ( 3, ( #2104, #3712, #1771, #3624 ),
 .UNSPECIFIED., .F., .F. ) 
 B_SPLINE_CURVE_WITH_KNOTS ( ( 4, 4 ),
 ( 2.366195156979039815, 3.141592653589795336 ),
 .UNSPECIFIED. ) 
 CURVE ( )  GEOMETRIC_REPRESENTATION_ITEM ( )  RATIONAL_B_SPLINE_CURVE ( ( 1.000000000000000000, 0.9505210128485650500, 0.9505210128485650500, 1.000000000000000000 ) ) 
 REPRESENTATION_ITEM ( '' )  );
#995 = CARTESIAN_POINT ( 'NONE',  ( 19.17922109375376039, 29.16000000000000369, -95.03475944039649903 ) ) ;
#996 = VERTEX_POINT ( 'NONE', #3892 ) ;
#997 = CARTESIAN_POINT ( 'NONE',  ( 22.17296279440857276, 19.46103593686952848, -53.33154955451065149 ) ) ;
#998 = PRESENTATION_LAYER_ASSIGNMENT (  '', '', ( #1951 ) ) ;
#999 = ORIENTED_EDGE ( 'NONE', *, *, #3649, .F. ) ;
#1000 = UNCERTAINTY_MEASURE_WITH_UNIT (LENGTH_MEASURE( 1.000000000000000082E-05 ), #1164, 'distance_accuracy_value', 'NONE');
#1001 = DIRECTION ( 'NONE',  ( 1.000000000000000000, 0.000000000000000000, 0.000000000000000000 ) ) ;
#1002 = MECHANICAL_DESIGN_GEOMETRIC_PRESENTATION_REPRESENTATION (  '', ( #1225 ), #2129 ) ;
#1003 = CARTESIAN_POINT ( 'NONE',  ( 10.56567981672283985, -4.049999999999093880, -45.24129074459569466 ) ) ;
#1004 = CARTESIAN_POINT ( 'NONE',  ( 13.19565129505247647, -4.049999999999781330, -99.93189844553411660 ) ) ;
#1005 = CARTESIAN_POINT ( 'NONE',  ( 19.23749999999999716, 4.556250000000070521, -54.06750000000060652 ) ) ;
#1006 = STYLED_ITEM ( 'NONE', ( #2412 ), #2782 ) ;
#1007 = CARTESIAN_POINT ( 'NONE',  ( 29.44623903156703548, 22.47982626864322597, -96.57106111457453324 ) ) ;
#1008 = AXIS2_PLACEMENT_3D ( 'NONE', #3989, #3576, #2811 ) ;
#1009 = EDGE_CURVE ( 'NONE', #2423, #1687, #376, .T. ) ;
#1010 = AXIS2_PLACEMENT_3D ( 'NONE', #4578, #272, #4483 ) ;
#1011 = ADVANCED_FACE ( 'NONE', ( #503 ), #838, .T. ) ;
#1012 = CARTESIAN_POINT ( 'NONE',  ( 19.23749999999999716, -0.1431962838996500009, -87.72444628389918364 ) ) ;
#1013 = CARTESIAN_POINT ( 'NONE',  ( 14.85801786127497870, 28.14749999999999730, -44.13852196836798214 ) ) ;
#1014 = COLOUR_RGB ( '',0.1019607843137254888, 0.1019607843137254888, 0.1019607843137254888 ) ;
#1015 = DIRECTION ( 'NONE',  ( 0.000000000000000000, -1.000000000000000000, -5.595882180570350110E-16 ) ) ;
#1016 = DIRECTION ( 'NONE',  ( 1.000000000000000000, -0.000000000000000000, -0.000000000000000000 ) ) ;
#1017 = CARTESIAN_POINT ( 'NONE',  ( 70.87076142158512937, 19.74375000005680292, -113.4000000000000057 ) ) ;
#1018 = FILL_AREA_STYLE ('',( #1766 ) ) ;
#1019 = PLANE ( 'NONE',  #1623 ) ;
#1020 = ORIENTED_EDGE ( 'NONE', *, *, #2408, .F. ) ;
#1021 = AXIS2_PLACEMENT_3D ( 'NONE', #1409, #3752, #2918 ) ;
#1022 = CARTESIAN_POINT ( 'NONE',  ( 9.625000000000000000, -1.866626928662905881E-17, -45.96750000000000114 ) ) ;
#1023 = EDGE_LOOP ( 'NONE', ( #69, #5020, #36, #3334, #530, #2989, #480, #1626, #2977, #4748, #4839, #321 ) ) ;
#1024 = VERTEX_POINT ( 'NONE', #3797 ) ;
#1025 =( BOUNDED_SURFACE ( )  B_SPLINE_SURFACE ( 3, 2, ( 
 ( #2508, #1358, #3332 ),
 ( #4087, #173, #4942 ),
 ( #1709, #1772, #2933 ),
 ( #3285, #4893, #1338 ),
 ( #2561, #2908, #971 ),
 ( #993, #4134, #228 ),
 ( #1373, #3458, #3925 ),
 ( #2233, #3430, #3029 ),
 ( #1058, #4318, #4680 ),
 ( #3058, #1442, #4215 ),
 ( #2671, #3085, #1491 ),
 ( #4626, #5088, #1523 ),
 ( #5061, #681, #411 ),
 ( #3109, #2650, #4292 ),
 ( #4710, #1111, #4605 ),
 ( #1130, #1085, #1553 ),
 ( #3817, #2625, #5038 ),
 ( #1467, #4655, #4265 ),
 ( #4239, #755, #702 ),
 ( #1155, #2727, #2316 ),
 ( #2257, #3841, #322 ),
 ( #3897, #3513, #2695 ),
 ( #382, #1914, #1856 ),
 ( #3483, #11, #724 ),
 ( #301, #1836, #3405 ),
 ( #784, #2284, #3865 ),
 ( #2341, #354, #1938 ),
 ( #5017, #1882, #909 ),
 ( #1205, #139, #2550 ),
 ( #2466, #4481, #1350 ),
 ( #3300, #604, #219 ),
 ( #436, #4344, #4054 ),
 ( #3141, #2120, #2148 ),
 ( #4102, #3699, #4907 ),
 ( #2525, #2849, #1326 ),
 ( #2897, #2753, #531 ),
 ( #3731, #2924, #2095 ),
 ( #575, #4077, #2066 ) ),
 .UNSPECIFIED., .F., .F., .F. ) 
 B_SPLINE_SURFACE_WITH_KNOTS ( ( 4, 2, 2, 2, 2, 2, 2, 2, 2, 2, 2, 2, 2, 2, 2, 2, 2, 2, 4 ),
 ( 3, 3 ),
 ( 0.01803614591985461951, 0.01812300996936254752, 0.01820987401887047552, 0.01838360211788633153, 0.01847046616739425953, 0.01855733021690218754, 0.01873105831591804354, 0.01907851451394975556, 0.01942597071198146411, 0.01977342691001317265, 0.02012088310804488467, 0.02081579550410830870, 0.02151070790017173273, 0.02220562029623515329, 0.02359544508836199789, 0.02498526988048884248, 0.02637509467261568707, 0.02776491946474252820, 0.02915474425686937279 ),
 ( 0.000000000000000000, 1.000000000000000000 ),
 .UNSPECIFIED. ) 
 GEOMETRIC_REPRESENTATION_ITEM ( )  RATIONAL_B_SPLINE_SURFACE ( (
 ( 1.000000000000000000, 0.9746794344808854538, 1.000000000000000000),
 ( 1.000000000000000000, 0.9746799479852537029, 1.000000000000000000),
 ( 1.000000000000000000, 0.9743568196694248895, 1.000000000000000000),
 ( 1.000000000000000000, 0.9731141381503022325, 1.000000000000000000),
 ( 1.000000000000000000, 0.9721824285868005955, 1.000000000000000000),
 ( 1.000000000000000000, 0.9687194485353459728, 1.000000000000000000),
 ( 1.000000000000000000, 0.9655513060546404569, 1.000000000000000000),
 ( 1.000000000000000000, 0.9601634611580096568, 1.000000000000000000),
 ( 1.000000000000000000, 0.9582586981072966914, 1.000000000000000000),
 ( 1.000000000000000000, 0.9543671507068847149, 1.000000000000000000),
 ( 1.000000000000000000, 0.9523716756011783025, 1.000000000000000000),
 ( 1.000000000000000000, 0.9463063569838213729, 1.000000000000000000),
 ( 1.000000000000000000, 0.9421616744663936505, 1.000000000000000000),
 ( 1.000000000000000000, 0.9297497655257699334, 1.000000000000000000),
 ( 1.000000000000000000, 0.9215223295673750092, 1.000000000000000000),
 ( 1.000000000000000000, 0.9058000326082280562, 1.000000000000000000),
 ( 1.000000000000000000, 0.8982849355800588409, 1.000000000000000000),
 ( 1.000000000000000000, 0.8840834982022731658, 1.000000000000000000),
 ( 1.000000000000000000, 0.8773909257624304958, 1.000000000000000000),
 ( 1.000000000000000000, 0.8647921572181866967, 1.000000000000000000),
 ( 1.000000000000000000, 0.8588839873657193591, 1.000000000000000000),
 ( 1.000000000000000000, 0.8422167834827126720, 1.000000000000000000),
 ( 1.000000000000000000, 0.8325102047506272029, 1.000000000000000000),
 ( 1.000000000000000000, 0.8152246893039420961, 1.000000000000000000),
 ( 1.000000000000000000, 0.8076429853542522741, 1.000000000000000000),
 ( 1.000000000000000000, 0.7940519269257556578, 1.000000000000000000),
 ( 1.000000000000000000, 0.7880434873698889398, 1.000000000000000000),
 ( 1.000000000000000000, 0.7717756809104933113, 1.000000000000000000),
 ( 1.000000000000000000, 0.7632188848039958007, 1.000000000000000000),
 ( 1.000000000000000000, 0.7490171115735302365, 1.000000000000000000),
 ( 1.000000000000000000, 0.7433321590433078496, 1.000000000000000000),
 ( 1.000000000000000000, 0.7336101691055963991, 1.000000000000000000),
 ( 1.000000000000000000, 0.7295865456047752051, 1.000000000000000000),
 ( 1.000000000000000000, 0.7225791767270446364, 1.000000000000000000),
 ( 1.000000000000000000, 0.7196540846722681017, 1.000000000000000000),
 ( 1.000000000000000000, 0.7145796383773734828, 1.000000000000000000),
 ( 1.000000000000000000, 0.7124233275652336328, 1.000000000000000000),
 ( 1.000000000000000000, 0.7105100200589931081, 1.000000000000000000) ) ) 
 REPRESENTATION_ITEM ( '' )  SURFACE ( )  );
#1026 = STYLED_ITEM ( 'NONE', ( #1188 ), #472 ) ;
#1027 = CARTESIAN_POINT ( 'NONE',  ( 9.221003137413710249, -4.049999999999853273, -46.26539387000504888 ) ) ;
#1028 =( NAMED_UNIT ( * ) SI_UNIT ( $, .STERADIAN. ) SOLID_ANGLE_UNIT ( ) );
#1029 = CARTESIAN_POINT ( 'NONE',  ( 15.58162758261838654, -4.049999999999863931, -98.53201077472706970 ) ) ;
#1030 = CARTESIAN_POINT ( 'NONE',  ( 29.19168345594270519, 23.02086814848921392, -39.88021591089200513 ) ) ;
#1031 = EDGE_CURVE ( 'NONE', #4999, #4999, #3001, .T. ) ;
#1032 =( LENGTH_UNIT ( ) NAMED_UNIT ( * ) SI_UNIT ( .MILLI., .METRE. ) );
#1033 = CARTESIAN_POINT ( 'NONE',  ( 19.23749999999999716, 7.087500000000000355, -42.06036481966574314 ) ) ;
#1034 = CARTESIAN_POINT ( 'NONE',  ( 12.14999999999999858, 7.087500000000000355, 0.000000000000000000 ) ) ;
#1035 = VECTOR ( 'NONE', #2240, 1000.000000000000000 ) ;
#1036 = PRESENTATION_LAYER_ASSIGNMENT (  '', '', ( #3236 ) ) ;
#1037 = CARTESIAN_POINT ( 'NONE',  ( 9.625000000000000000, 29.07345230499073097, -37.92415867957085851 ) ) ;
#1038 = AXIS2_PLACEMENT_3D ( 'NONE', #5051, #4982, #3020 ) ;
#1039 = CARTESIAN_POINT ( 'NONE',  ( 18.08496412735859948, 28.08575244633782830, -90.61875001831835164 ) ) ;
#1040 = ORIENTED_EDGE ( 'NONE', *, *, #3327, .F. ) ;
#1041 = DIRECTION ( 'NONE',  ( 1.086577499661831949E-15, -1.000000000000000000, 0.000000000000000000 ) ) ;
#1042 = PLANE ( 'NONE',  #1635 ) ;
#1043 = MECHANICAL_DESIGN_GEOMETRIC_PRESENTATION_REPRESENTATION (  '', ( #2184 ), #3402 ) ;
#1044 = APPLICATION_PROTOCOL_DEFINITION ( 'draft international standard', 'automotive_design', 1998, #2565 ) ;
#1045 = EDGE_CURVE ( 'NONE', #4493, #4056, #3511, .T. ) ;
#1046 = CARTESIAN_POINT ( 'NONE',  ( 15.20159468066579933, -3.037500000000000977, -44.54822124783184023 ) ) ;
#1047 = CARTESIAN_POINT ( 'NONE',  ( 22.27499999999999503, 18.02250000000000085, -53.56125000000000114 ) ) ;
#1048 = VERTEX_POINT ( 'NONE', #1912 ) ;
#1049 = DIRECTION ( 'NONE',  ( 0.000000000000000000, -1.000000000000000000, 0.000000000000000000 ) ) ;
#1050 = CARTESIAN_POINT ( 'NONE',  ( 12.32070412412545934, -4.049999999999750244, -100.2573101703312801 ) ) ;
#1051 = CARTESIAN_POINT ( 'NONE',  ( 26.22375000000045375, -1.359327070329307694E-15, -45.96750000000000114 ) ) ;
#1052 = FILL_AREA_STYLE ('',( #3019 ) ) ;
#1053 = DIRECTION ( 'NONE',  ( 1.000000000000000000, 0.000000000000000000, 0.000000000000000000 ) ) ;
#1054 = CARTESIAN_POINT ( 'NONE',  ( 19.06966162595741920, -4.050000000000051337, -44.38319912629184927 ) ) ;
#1055 = DIRECTION ( 'NONE',  ( 0.000000000000000000, 0.000000000000000000, 1.000000000000000000 ) ) ;
#1056 = DIRECTION ( 'NONE',  ( -0.000000000000000000, -1.885568995626962808E-16, 1.000000000000000000 ) ) ;
#1057 = LINE ( 'NONE', #4213, #2292 ) ;
#1058 = CARTESIAN_POINT ( 'NONE',  ( 15.68147179008607495, 27.50468297687599062, -46.47375003405087313 ) ) ;
#1059 =( LENGTH_UNIT ( ) NAMED_UNIT ( * ) SI_UNIT ( .MILLI., .METRE. ) );
#1060 = ORIENTED_EDGE ( 'NONE', *, *, #2582, .T. ) ;
#1061 = DIRECTION ( 'NONE',  ( 0.7071067811865435759, 7.683263182956006128E-16, 0.7071067811865514585 ) ) ;
#1062 = B_SPLINE_CURVE_WITH_KNOTS ( 'NONE', 3,
 ( #474, #3578, #4413, #82, #2813, #879 ),
 .UNSPECIFIED., .F., .F.,
 ( 4, 2, 4 ),
 ( 0.000000000000000000, 0.5000000000000000000, 1.000000000000000000 ),
 .UNSPECIFIED. ) ;
#1063 = MECHANICAL_DESIGN_GEOMETRIC_PRESENTATION_REPRESENTATION (  '', ( #4201 ), #430 ) ;
#1064 = PLANE ( 'NONE',  #1681 ) ;
#1065 = SURFACE_SIDE_STYLE ('',( #2654 ) ) ;
#1066 = VERTEX_POINT ( 'NONE', #4785 ) ;
#1067 = PRESENTATION_LAYER_ASSIGNMENT (  '', '', ( #3348 ) ) ;
#1068 = ORIENTED_EDGE ( 'NONE', *, *, #727, .T. ) ;
#1069 = CARTESIAN_POINT ( 'NONE',  ( 9.197105616296122221, -4.049999999999240430, -90.76837210605037853 ) ) ;
#1070 = CARTESIAN_POINT ( 'NONE',  ( 20.46843616129871890, 23.79478764858275142, -86.39582433489916014 ) ) ;
#1071 = COLOUR_RGB ( '',0.1019607843137254888, 0.1019607843137254888, 0.1019607843137254888 ) ;
#1072 = DIRECTION ( 'NONE',  ( -0.000000000000000000, 1.000000000000000000, 0.000000000000000000 ) ) ;
#1073 = VECTOR ( 'NONE', #2634, 1000.000000000000000 ) ;
#1074 =( NAMED_UNIT ( * ) SI_UNIT ( $, .STERADIAN. ) SOLID_ANGLE_UNIT ( ) );
#1075 = VECTOR ( 'NONE', #4084, 1000.000000000000000 ) ;
#1076 = CARTESIAN_POINT ( 'NONE',  ( 26.22375000000045375, 25.10999999999999588, -23.69250000000075929 ) ) ;
#1077 =( NAMED_UNIT ( * ) SI_UNIT ( $, .STERADIAN. ) SOLID_ANGLE_UNIT ( ) );
#1078 = VECTOR ( 'NONE', #626, 1000.000000000000000 ) ;
#1079 = DIRECTION ( 'NONE',  ( 3.122502256758254619E-17, -1.000000000000000000, -1.330457483314383798E-16 ) ) ;
#1080 = EDGE_LOOP ( 'NONE', ( #3032, #3492, #98, #3873 ) ) ;
#1081 = VECTOR ( 'NONE', #2504, 1000.000000000000000 ) ;
#1082 = AXIS2_PLACEMENT_3D ( 'NONE', #1033, #3100, #2249 ) ;
#1083 = CYLINDRICAL_SURFACE ( 'NONE', #511, 10.12500000000000000 ) ;
#1084 = DIRECTION ( 'NONE',  ( 0.000000000000000000, 1.885568995626963301E-16, -1.000000000000000000 ) ) ;
#1085 = CARTESIAN_POINT ( 'NONE',  ( 14.72648864749482023, 29.16000000000014225, -44.48892317167931054 ) ) ;
#1086 = CARTESIAN_POINT ( 'NONE',  ( 18.02220027412253600, 29.16000000000004277, -96.05286042999517804 ) ) ;
#1087 = ORIENTED_EDGE ( 'NONE', *, *, #4336, .T. ) ;
#1088 = FILL_AREA_STYLE_COLOUR ( '', #2878 ) ;
#1089 = ADVANCED_FACE ( 'NONE', ( #5086 ), #2726, .F. ) ;
#1090 = STYLED_ITEM ( 'NONE', ( #4922 ), #4155 ) ;
#1091 = EDGE_CURVE ( 'NONE', #3933, #4751, #2340, .T. ) ;
#1092 =( NAMED_UNIT ( * ) SI_UNIT ( $, .STERADIAN. ) SOLID_ANGLE_UNIT ( ) );
#1093 = DIRECTION ( 'NONE',  ( 0.000000000000000000, 0.000000000000000000, 1.000000000000000000 ) ) ;
#1094 = ORIENTED_EDGE ( 'NONE', *, *, #111, .T. ) ;
#1095 = CARTESIAN_POINT ( 'NONE',  ( 20.25000000000000000, -2.986747800704522504, 0.05075219929546986863 ) ) ;
#1096 = CIRCLE ( 'NONE', #3983, 10.12499999999999467 ) ;
#1097 = ORIENTED_EDGE ( 'NONE', *, *, #1776, .T. ) ;
#1098 = CARTESIAN_POINT ( 'NONE',  ( 9.471647615242147822, 4.405333967708465082, -90.61874999916827278 ) ) ;
#1099 = CARTESIAN_POINT ( 'NONE',  ( 20.45762215159609809, 23.81033565755501513, -86.40879339759987943 ) ) ;
#1100 = CARTESIAN_POINT ( 'NONE',  ( 29.63696212513228545, 22.00961899238065200, -38.79663537932466966 ) ) ;
#1101 =( GEOMETRIC_REPRESENTATION_CONTEXT ( 3 ) GLOBAL_UNCERTAINTY_ASSIGNED_CONTEXT ( ( #4984 ) ) GLOBAL_UNIT_ASSIGNED_CONTEXT ( ( #2547, #2967, #2595 ) ) REPRESENTATION_CONTEXT ( 'NONE', 'WORKASPACE' ) );
#1102 = CARTESIAN_POINT ( 'NONE',  ( 28.81222187298868675, 1.398157982248521947, -97.23523954434394057 ) ) ;
#1103 = UNCERTAINTY_MEASURE_WITH_UNIT (LENGTH_MEASURE( 1.000000000000000082E-05 ), #2903, 'distance_accuracy_value', 'NONE');
#1104 = CARTESIAN_POINT ( 'NONE',  ( 30.37500000000000000, 7.087500000000000355, -46.47375000000030809 ) ) ;
#1105 = FILL_AREA_STYLE_COLOUR ( '', #4322 ) ;
#1106 = ORIENTED_EDGE ( 'NONE', *, *, #3649, .T. ) ;
#1107 = VERTEX_POINT ( 'NONE', #9 ) ;
#1108 = CARTESIAN_POINT ( 'NONE',  ( 69.75701142158077062, -2.163626784528340123E-13, -113.4000000000000057 ) ) ;
#1109 = B_SPLINE_SURFACE_WITH_KNOTS ( 'NONE', 3, 1, ( 
 ( #3468, #1589 ),
 ( #3149, #4356 ),
 ( #4665, #2738 ),
 ( #3878, #1895 ),
 ( #3958, #5071 ),
 ( #1947, #1505 ) ),
 .UNSPECIFIED., .F., .F., .F.,
 ( 4, 2, 4 ),
 ( 2, 2 ),
 ( 0.000000000000000000, 0.5000000000000000000, 1.000000000000000000 ),
 ( 0.000000000000000000, 1.000000000000000000 ),
 .UNSPECIFIED. ) ;
#1110 = PRESENTATION_STYLE_ASSIGNMENT (( #3863 ) ) ;
#1111 = CARTESIAN_POINT ( 'NONE',  ( 15.32412120410584144, 29.16000000000013870, -44.45556786170853059 ) ) ;
#1112 = CARTESIAN_POINT ( 'NONE',  ( 15.12587036645120442, 27.27690639370167602, -90.61874997400273912 ) ) ;
#1113 = VECTOR ( 'NONE', #2656, 1000.000000000000000 ) ;
#1114 = ORIENTED_EDGE ( 'NONE', *, *, #4826, .F. ) ;
#1115 = CARTESIAN_POINT ( 'NONE',  ( 20.25000000000000000, 28.14749999999999375, -90.61874999999999147 ) ) ;
#1116 = CARTESIAN_POINT ( 'NONE',  ( 17.37499999999999645, 2.150000000001048850, -97.32500000000098339 ) ) ;
#1117 = SURFACE_STYLE_USAGE ( .BOTH. , #1843 ) ;
#1118 = ORIENTED_EDGE ( 'NONE', *, *, #431, .F. ) ;
#1119 = LINE ( 'NONE', #3932, #2384 ) ;
#1120 = ORIENTED_EDGE ( 'NONE', *, *, #2036, .T. ) ;
#1121 = CARTESIAN_POINT ( 'NONE',  ( 21.52640658858857492, 21.84534337135802673, -84.94850374899094447 ) ) ;
#1122 = CIRCLE ( 'NONE', #2180, 10.12499999999999467 ) ;
#1123 = SURFACE_STYLE_FILL_AREA ( #2642 ) ;
#1124 = CARTESIAN_POINT ( 'NONE',  ( 11.04257961299811264, 29.16000000000029146, -36.51206584997537163 ) ) ;
#1125 = ADVANCED_FACE ( 'NONE', ( #1227 ), #3586, .F. ) ;
#1126 = CARTESIAN_POINT ( 'NONE',  ( 10.12500000000000000, 29.07345230499073097, -37.92415867957085851 ) ) ;
#1127 = CARTESIAN_POINT ( 'NONE',  ( 15.85849247389275973, 28.14750000000000085, -91.90060748565970528 ) ) ;
#1128 = CARTESIAN_POINT ( 'NONE',  ( 20.85063207530378548, 1.899373966878180831, -85.92191055225356422 ) ) ;
#1129 = CARTESIAN_POINT ( 'NONE',  ( 19.23749999999999716, -3.037499999999999645, -137.0924999999999727 ) ) ;
#1130 = CARTESIAN_POINT ( 'NONE',  ( 12.42130527416081875, 25.52334096055088963, -46.47374997017062981 ) ) ;
#1131 = CARTESIAN_POINT ( 'NONE',  ( 11.82557194092717801, 29.15999999999984382, -92.22988317856423635 ) ) ;
#1132 = EDGE_LOOP ( 'NONE', ( #2160, #4103, #4816, #2322 ) ) ;
#1133 = PRESENTATION_STYLE_ASSIGNMENT (( #3112 ) ) ;
#1134 = PRESENTATION_STYLE_ASSIGNMENT (( #1473 ) ) ;
#1135 = ORIENTED_EDGE ( 'NONE', *, *, #197, .F. ) ;
#1136 = EDGE_CURVE ( 'NONE', #2795, #1561, #2074, .T. ) ;
#1137 = LINE ( 'NONE', #48, #1706 ) ;
#1138 = ORIENTED_EDGE ( 'NONE', *, *, #4434, .T. ) ;
#1139 = FILL_AREA_STYLE ('',( #470 ) ) ;
#1140 = PRESENTATION_STYLE_ASSIGNMENT (( #734 ) ) ;
#1141 = DIRECTION ( 'NONE',  ( 1.000000000000000000, 0.000000000000000000, 0.000000000000000000 ) ) ;
#1142 =( NAMED_UNIT ( * ) PLANE_ANGLE_UNIT ( ) SI_UNIT ( $, .RADIAN. ) );
#1143 = CARTESIAN_POINT ( 'NONE',  ( 19.23750000000000071, 18.02250000000000085, -95.03213518033511775 ) ) ;
#1144 = CARTESIAN_POINT ( 'NONE',  ( 30.37500000000000000, 7.087499999999992362, -95.03213518033477669 ) ) ;
#1145 = FACE_OUTER_BOUND ( 'NONE', #1640, .T. ) ;
#1146 = SURFACE_STYLE_FILL_AREA ( #2690 ) ;
#1147 = ADVANCED_FACE ( 'NONE', ( #1259 ), #2442, .F. ) ;
#1148 = ADVANCED_FACE ( 'NONE', ( #580 ), #1704, .T. ) ;
#1149 = COLOUR_RGB ( '',0.1019607843137254888, 0.1019607843137254888, 0.1019607843137254888 ) ;
#1150 = ORIENTED_EDGE ( 'NONE', *, *, #2378, .F. ) ;
#1151 = LINE ( 'NONE', #722, #3038 ) ;
#1152 = LINE ( 'NONE', #2722, #2401 ) ;
#1153 =( GEOMETRIC_REPRESENTATION_CONTEXT ( 3 ) GLOBAL_UNCERTAINTY_ASSIGNED_CONTEXT ( ( #144 ) ) GLOBAL_UNIT_ASSIGNED_CONTEXT ( ( #1787, #171, #1419 ) ) REPRESENTATION_CONTEXT ( 'NONE', 'WORKASPACE' ) );
#1154 = LINE ( 'NONE', #4342, #1307 ) ;
#1155 = CARTESIAN_POINT ( 'NONE',  ( 11.09975811909906440, 24.05347229573193601, -46.47374999059439915 ) ) ;
#1156 = AXIS2_PLACEMENT_3D ( 'NONE', #21, #4355, #2376 ) ;
#1157 = CARTESIAN_POINT ( 'NONE',  ( 17.87403824659920915, 29.16000000000004988, -96.23187546461929287 ) ) ;
#1158 = EDGE_LOOP ( 'NONE', ( #2444, #1263, #4354, #3522, #122, #114 ) ) ;
#1159 = PLANE ( 'NONE',  #1510 ) ;
#1160 = ORIENTED_EDGE ( 'NONE', *, *, #3498, .T. ) ;
#1161 = ORIENTED_EDGE ( 'NONE', *, *, #2146, .F. ) ;
#1162 = CARTESIAN_POINT ( 'NONE',  ( 9.625000000000000000, -3.203367330996069295, -40.49475370952445985 ) ) ;
#1163 = CARTESIAN_POINT ( 'NONE',  ( 21.46205008391192237, 21.99809421851081837, -85.04917373786135215 ) ) ;
#1164 =( LENGTH_UNIT ( ) NAMED_UNIT ( * ) SI_UNIT ( .MILLI., .METRE. ) );
#1165 = CARTESIAN_POINT ( 'NONE',  ( 29.02692925145682779, 1.775214014831251852, -38.54376355385333852 ) ) ;
#1166 = CONICAL_SURFACE ( 'NONE', #1569, 2.531249999999860112, 0.7853981633974532750 ) ;
#1167 = CARTESIAN_POINT ( 'NONE',  ( 17.57590397109940739, -4.049999999999940314, -40.50432772664749592 ) ) ;
#1168 = LINE ( 'NONE', #1952, #2701 ) ;
#1169 = CARTESIAN_POINT ( 'NONE',  ( 19.06966162596768299, -4.050000000000610001, -92.70930087370898320 ) ) ;
#1170 = ADVANCED_FACE ( 'NONE', ( #4836 ), #1280, .T. ) ;
#1171 = VECTOR ( 'NONE', #4846, 1000.000000000000000 ) ;
#1172 = CARTESIAN_POINT ( 'NONE',  ( 20.25000000000000000, 0.000000000000000000, 0.000000000000000000 ) ) ;
#1173 = EDGE_CURVE ( 'NONE', #4056, #3148, #1394, .T. ) ;
#1174 = EDGE_LOOP ( 'NONE', ( #1575 ) ) ;
#1175 = CARTESIAN_POINT ( 'NONE',  ( 20.24999999999999645, 7.087500000000000355, -42.06036481966574314 ) ) ;
#1176 = CARTESIAN_POINT ( 'NONE',  ( 14.90570510413252237, 28.14749999999999375, -92.89644401110430749 ) ) ;
#1177 = CARTESIAN_POINT ( 'NONE',  ( 21.37123591412055035, 2.906003368425286837, -85.18816247592026514 ) ) ;
#1178 = CARTESIAN_POINT ( 'NONE',  ( 14.33164008628255104, 26.88494299947904764, -90.61874996770741575 ) ) ;
#1179 = VERTEX_POINT ( 'NONE', #4205 ) ;
#1180 =( LENGTH_UNIT ( ) NAMED_UNIT ( * ) SI_UNIT ( .MILLI., .METRE. ) );
#1181 =( NAMED_UNIT ( * ) SI_UNIT ( $, .STERADIAN. ) SOLID_ANGLE_UNIT ( ) );
#1182 = EDGE_LOOP ( 'NONE', ( #2215, #3823, #2465, #2140 ) ) ;
#1183 = COLOUR_RGB ( '',0.1019607843137254888, 0.1019607843137254888, 0.1019607843137254888 ) ;
#1184 = EDGE_LOOP ( 'NONE', ( #2279, #4687, #1923, #973 ) ) ;
#1185 = CARTESIAN_POINT ( 'NONE',  ( 9.625000000000001776, -3.748063842682998636, -38.87003448766269997 ) ) ;
#1186 = CARTESIAN_POINT ( 'NONE',  ( 9.625000000000000000, 28.14749999999999375, -137.0924999999999727 ) ) ;
#1187 =( LENGTH_UNIT ( ) NAMED_UNIT ( * ) SI_UNIT ( .MILLI., .METRE. ) );
#1188 = PRESENTATION_STYLE_ASSIGNMENT (( #3125 ) ) ;
#1189 =( GEOMETRIC_REPRESENTATION_CONTEXT ( 3 ) GLOBAL_UNCERTAINTY_ASSIGNED_CONTEXT ( ( #4479 ) ) GLOBAL_UNIT_ASSIGNED_CONTEXT ( ( #3386, #686, #3413 ) ) REPRESENTATION_CONTEXT ( 'NONE', 'WORKASPACE' ) );
#1190 = MECHANICAL_DESIGN_GEOMETRIC_PRESENTATION_REPRESENTATION (  '', ( #3398 ), #3165 ) ;
#1191 = VERTEX_POINT ( 'NONE', #2203 ) ;
#1192 =( NAMED_UNIT ( * ) PLANE_ANGLE_UNIT ( ) SI_UNIT ( $, .RADIAN. ) );
#1193 = CARTESIAN_POINT ( 'NONE',  ( 28.90539577757705558, 1.557412577601298365, -38.73042674193257540 ) ) ;
#1194 =( GEOMETRIC_REPRESENTATION_CONTEXT ( 3 ) GLOBAL_UNCERTAINTY_ASSIGNED_CONTEXT ( ( #3831 ) ) GLOBAL_UNIT_ASSIGNED_CONTEXT ( ( #2620, #4990, #2178 ) ) REPRESENTATION_CONTEXT ( 'NONE', 'WORKASPACE' ) );
#1195 = CARTESIAN_POINT ( 'NONE',  ( 18.94492926897244089, -3.037499989989309146, -90.61874997933067277 ) ) ;
#1196 =( NAMED_UNIT ( * ) SI_UNIT ( $, .STERADIAN. ) SOLID_ANGLE_UNIT ( ) );
#1197 = SURFACE_STYLE_FILL_AREA ( #1573 ) ;
#1198 = FILL_AREA_STYLE ('',( #4734 ) ) ;
#1199 = VERTEX_POINT ( 'NONE', #2226 ) ;
#1200 = DIRECTION ( 'NONE',  ( -4.132222856978965360E-16, 0.000000000000000000, -1.000000000000000000 ) ) ;
#1201 =( NAMED_UNIT ( * ) SI_UNIT ( $, .STERADIAN. ) SOLID_ANGLE_UNIT ( ) );
#1202 = UNCERTAINTY_MEASURE_WITH_UNIT (LENGTH_MEASURE( 1.000000000000000082E-05 ), #194, 'distance_accuracy_value', 'NONE');
#1203 = DIRECTION ( 'NONE',  ( -1.000000000000000000, 0.000000000000000000, 0.000000000000000000 ) ) ;
#1204 =( NAMED_UNIT ( * ) SI_UNIT ( $, .STERADIAN. ) SOLID_ANGLE_UNIT ( ) );
#1205 = CARTESIAN_POINT ( 'NONE',  ( 9.471647615243565355, 20.70466603229397862, -46.47375000083234653 ) ) ;
#1206 = CARTESIAN_POINT ( 'NONE',  ( 13.97613158357113683, -3.037499999999999201, -94.01483233184151800 ) ) ;
#1207 = FACE_OUTER_BOUND ( 'NONE', #1900, .T. ) ;
#1208 = FILL_AREA_STYLE_COLOUR ( '', #3325 ) ;
#1209 = EDGE_CURVE ( 'NONE', #3092, #3191, #627, .T. ) ;
#1210 = SURFACE_STYLE_USAGE ( .BOTH. , #488 ) ;
#1211 = VERTEX_POINT ( 'NONE', #3765 ) ;
#1212 = LINE ( 'NONE', #73, #3476 ) ;
#1213 = LINE ( 'NONE', #895, #2130 ) ;
#1214 = ORIENTED_EDGE ( 'NONE', *, *, #316, .T. ) ;
#1215 = LINE ( 'NONE', #1927, #5039 ) ;
#1216 = DIRECTION ( 'NONE',  ( -2.293844479350194917E-32, -1.000000000000000000, -5.551115123125779621E-17 ) ) ;
#1217 = CARTESIAN_POINT ( 'NONE',  ( 29.55855265332565551, 2.901836025791738383, -97.41437853724195861 ) ) ;
#1218 = CARTESIAN_POINT ( 'NONE',  ( 17.42459581314857431, -4.049999999999936762, -40.32832506747353563 ) ) ;
#1219 = CARTESIAN_POINT ( 'NONE',  ( 18.08496412735796710, -2.975752446337779134, -90.61875001831835164 ) ) ;
#1220 = CARTESIAN_POINT ( 'NONE',  ( 9.624999999999998224, -3.371481716474632240, -96.94965588724787153 ) ) ;
#1221 = ORIENTED_EDGE ( 'NONE', *, *, #249, .T. ) ;
#1222 = SURFACE_SIDE_STYLE ('',( #3158 ) ) ;
#1223 = LINE ( 'NONE', #118, #4566 ) ;
#1224 =( GEOMETRIC_REPRESENTATION_CONTEXT ( 3 ) GLOBAL_UNCERTAINTY_ASSIGNED_CONTEXT ( ( #4659 ) ) GLOBAL_UNIT_ASSIGNED_CONTEXT ( ( #19, #1686, #2777 ) ) REPRESENTATION_CONTEXT ( 'NONE', 'WORKASPACE' ) );
#1225 = STYLED_ITEM ( 'NONE', ( #4913 ), #2196 ) ;
#1226 = CARTESIAN_POINT ( 'NONE',  ( 21.38902779373080065, 2.945517392993646677, -85.16119874342240337 ) ) ;
#1227 = FACE_OUTER_BOUND ( 'NONE', #2769, .T. ) ;
#1228 = CARTESIAN_POINT ( 'NONE',  ( 20.25000000000000000, 1.097754699641572746E-16, -3.037499999999999645 ) ) ;
#1229 = CARTESIAN_POINT ( 'NONE',  ( 9.206007736170526812, 19.39738517276963492, -90.61874999997057500 ) ) ;
#1230 = VERTEX_POINT ( 'NONE', #4157 ) ;
#1231 = EDGE_CURVE ( 'NONE', #4170, #4170, #2122, .T. ) ;
#1232 = SURFACE_STYLE_USAGE ( .BOTH. , #4865 ) ;
#1233 = VECTOR ( 'NONE', #3078, 1000.000000000000000 ) ;
#1234 = APPLICATION_CONTEXT ( 'automotive_design' ) ;
#1235 = EDGE_CURVE ( 'NONE', #4091, #1191, #5008, .T. ) ;
#1236 = MECHANICAL_DESIGN_GEOMETRIC_PRESENTATION_REPRESENTATION (  '', ( #603 ), #1637 ) ;
#1237 = DIRECTION ( 'NONE',  ( -0.000000000000000000, 0.7071067811865475727, 0.7071067811865475727 ) ) ;
#1238 = VERTEX_POINT ( 'NONE', #4507 ) ;
#1239 = CARTESIAN_POINT ( 'NONE',  ( 9.625000000000000000, 29.16000000000111214, -113.3999999999999915 ) ) ;
#1240 = ORIENTED_EDGE ( 'NONE', *, *, #1598, .F. ) ;
#1241 = DIRECTION ( 'NONE',  ( -1.000000000000000000, 3.469446951953623655E-14, 0.000000000000000000 ) ) ;
#1242 = DIRECTION ( 'NONE',  ( 0.000000000000000000, -0.7071067811865474617, -0.7071067811865474617 ) ) ;
#1243 = EDGE_CURVE ( 'NONE', #1958, #3900, #2922, .T. ) ;
#1244 = DIRECTION ( 'NONE',  ( 1.000000000000000000, 0.000000000000000000, 0.000000000000000000 ) ) ;
#1245 = CARTESIAN_POINT ( 'NONE',  ( 29.30388664491202988, 2.317317600741716443, -38.44573831229823924 ) ) ;
#1246 = CARTESIAN_POINT ( 'NONE',  ( 18.24529419179332734, -4.049999999999965183, -41.30734741981656555 ) ) ;
#1247 = VECTOR ( 'NONE', #2876, 1000.000000000000000 ) ;
#1248 = CARTESIAN_POINT ( 'NONE',  ( 18.80955640215363545, -4.049999999999983835, -41.89309093300487064 ) ) ;
#1249 = CARTESIAN_POINT ( 'NONE',  ( 20.25000000000000000, 14.07374999999999687, 14.07374999999999687 ) ) ;
#1250 =( NAMED_UNIT ( * ) PLANE_ANGLE_UNIT ( ) SI_UNIT ( $, .RADIAN. ) );
#1251 = COLOUR_RGB ( '',0.1019607843137254888, 0.1019607843137254888, 0.1019607843137254888 ) ;
#1252 = UNCERTAINTY_MEASURE_WITH_UNIT (LENGTH_MEASURE( 1.000000000000000082E-05 ), #3071, 'distance_accuracy_value', 'NONE');
#1253 = ORIENTED_EDGE ( 'NONE', *, *, #2543, .F. ) ;
#1254 = PRESENTATION_STYLE_ASSIGNMENT (( #3612 ) ) ;
#1255 = VERTEX_POINT ( 'NONE', #2664 ) ;
#1256 = CARTESIAN_POINT ( 'NONE',  ( 10.57677540559258489, 28.14749999999999375, -40.91732547591274027 ) ) ;
#1257 = VECTOR ( 'NONE', #25, 1000.000000000000000 ) ;
#1258 = FILL_AREA_STYLE_COLOUR ( '', #3270 ) ;
#1259 = FACE_OUTER_BOUND ( 'NONE', #4246, .T. ) ;
#1260 = FILL_AREA_STYLE_COLOUR ( '', #1183 ) ;
#1261 = CARTESIAN_POINT ( 'NONE',  ( 10.51933663224441950, 29.16000000000030568, -100.6640637873565538 ) ) ;
#1262 = ADVANCED_FACE ( 'NONE', ( #4259 ), #342, .F. ) ;
#1263 = ORIENTED_EDGE ( 'NONE', *, *, #2378, .T. ) ;
#1264 = SURFACE_STYLE_FILL_AREA ( #3677 ) ;
#1265 = SURFACE_STYLE_USAGE ( .BOTH. , #2447 ) ;
#1266 = ORIENTED_EDGE ( 'NONE', *, *, #3666, .T. ) ;
#1267 = CARTESIAN_POINT ( 'NONE',  ( 0.000000000000000000, 3.156971437514674074E-14, -140.1299999999999670 ) ) ;
#1268 = ORIENTED_EDGE ( 'NONE', *, *, #4668, .F. ) ;
#1269 = CARTESIAN_POINT ( 'NONE',  ( 20.17647725012375304, 0.9143578383323500702, -86.73758773426121138 ) ) ;
#1270 = CARTESIAN_POINT ( 'NONE',  ( 20.34305895255997498, 23.97472120799323747, -86.54604004086669988 ) ) ;
#1271 = DIRECTION ( 'NONE',  ( -1.126443815569355893E-16, -1.000000000000000000, -1.126443815569355893E-16 ) ) ;
#1272 = FILL_AREA_STYLE_COLOUR ( '', #191 ) ;
#1273 = CARTESIAN_POINT ( 'NONE',  ( 29.01998204149190030, 1.760943732655197769, -96.65486948156950575 ) ) ;
#1274 = CARTESIAN_POINT ( 'NONE',  ( 12.38395681045419039, -4.049999999999760902, -36.85595934221532843 ) ) ;
#1275 = CARTESIAN_POINT ( 'NONE',  ( 17.57590397110109137, -4.049999999999931433, -96.58817227335374866 ) ) ;
#1276 = EDGE_LOOP ( 'NONE', ( #4066 ) ) ;
#1277 = LINE ( 'NONE', #2438, #1390 ) ;
#1278 = CARTESIAN_POINT ( 'NONE',  ( 15.97312295413808414, 29.16000000000012449, -98.21511596699465940 ) ) ;
#1279 = FACE_OUTER_BOUND ( 'NONE', #2326, .T. ) ;
#1280 = CYLINDRICAL_SURFACE ( 'NONE', #2524, 10.12500000000000000 ) ;
#1281 = CARTESIAN_POINT ( 'NONE',  ( 9.173549976454594912, 19.13269589423605410, -90.61874999999999147 ) ) ;
#1282 = VERTEX_POINT ( 'NONE', #1411 ) ;
#1283 = SURFACE_STYLE_USAGE ( .BOTH. , #2417 ) ;
#1284 = SURFACE_STYLE_USAGE ( .BOTH. , #4866 ) ;
#1285 = DIRECTION ( 'NONE',  ( 0.000000000000000000, -0.7071067811865510144, 0.7071067811865441310 ) ) ;
#1286 = EDGE_LOOP ( 'NONE', ( #404, #2023, #1340, #94, #4794, #318 ) ) ;
#1287 = PRESENTATION_STYLE_ASSIGNMENT (( #156 ) ) ;
#1288 = SURFACE_SIDE_STYLE ('',( #1973 ) ) ;
#1289 = SURFACE_STYLE_USAGE ( .BOTH. , #2764 ) ;
#1290 = ADVANCED_FACE ( 'NONE', ( #2998 ), #3241, .T. ) ;
#1291 = PRESENTATION_STYLE_ASSIGNMENT (( #4437 ) ) ;
#1292 = LINE ( 'NONE', #3339, #402 ) ;
#1293 = ORIENTED_EDGE ( 'NONE', *, *, #3832, .T. ) ;
#1294 = CARTESIAN_POINT ( 'NONE',  ( 10.58722073350256920, -4.049999999999699618, -36.43761368838855930 ) ) ;
#1295 = CARTESIAN_POINT ( 'NONE',  ( 11.60315597909853480, -4.049999999999919886, -92.17637799162915258 ) ) ;
#1296 = CARTESIAN_POINT ( 'NONE',  ( 29.52738048419729466, 22.28712965234900167, -96.63904051169886600 ) ) ;
#1297 = UNCERTAINTY_MEASURE_WITH_UNIT (LENGTH_MEASURE( 1.000000000000000082E-05 ), #2321, 'distance_accuracy_value', 'NONE');
#1298 = ORIENTED_EDGE ( 'NONE', *, *, #1636, .T. ) ;
#1299 = EDGE_CURVE ( 'NONE', #661, #661, #4731, .T. ) ;
#1300 = LINE ( 'NONE', #2070, #1247 ) ;
#1301 = EDGE_CURVE ( 'NONE', #4392, #3087, #1122, .T. ) ;
#1302 = ADVANCED_FACE ( 'NONE', ( #4019, #902 ), #1568, .F. ) ;
#1303 = FILL_AREA_STYLE_COLOUR ( '', #2472 ) ;
#1304 =( LENGTH_UNIT ( ) NAMED_UNIT ( * ) SI_UNIT ( .MILLI., .METRE. ) );
#1305 = CARTESIAN_POINT ( 'NONE',  ( 9.345273545211286503, 29.16000000000278192, -91.02885861984906057 ) ) ;
#1306 = STYLED_ITEM ( 'NONE', ( #4231 ), #4187 ) ;
#1307 = VECTOR ( 'NONE', #65, 1000.000000000000000 ) ;
#1308 = COLOUR_RGB ( '',0.1019607843137254888, 0.1019607843137254888, 0.1019607843137254888 ) ;
#1309 = DIRECTION ( 'NONE',  ( -1.000000000000000000, 0.000000000000000000, 0.000000000000000000 ) ) ;
#1310 = MECHANICAL_DESIGN_GEOMETRIC_PRESENTATION_REPRESENTATION (  '', ( #1543 ), #751 ) ;
#1311 = CARTESIAN_POINT ( 'NONE',  ( 20.25000000000000000, 25.10999999999999588, -3.037499999999999645 ) ) ;
#1312 = ORIENTED_EDGE ( 'NONE', *, *, #774, .F. ) ;
#1313 = CARTESIAN_POINT ( 'NONE',  ( 20.44666630368007176, 23.82603084858344289, -50.67059260262428921 ) ) ;
#1314 = PRESENTATION_LAYER_ASSIGNMENT (  '', '', ( #521 ) ) ;
#1315 = COLOUR_RGB ( '',0.1019607843137254888, 0.1019607843137254888, 0.1019607843137254888 ) ;
#1316 = SURFACE_STYLE_FILL_AREA ( #1748 ) ;
#1317 = CARTESIAN_POINT ( 'NONE',  ( 9.792040492737108082, 3.432936262801924876, -46.47374999749928293 ) ) ;
#1318 = VECTOR ( 'NONE', #2986, 1000.000000000000000 ) ;
#1319 =( NAMED_UNIT ( * ) PLANE_ANGLE_UNIT ( ) SI_UNIT ( $, .RADIAN. ) );
#1320 = FACE_OUTER_BOUND ( 'NONE', #515, .T. ) ;
#1321 = AXIS2_PLACEMENT_3D ( 'NONE', #102, #565, #3683 ) ;
#1322 = CARTESIAN_POINT ( 'NONE',  ( 11.82557194092827579, -4.049999999999744027, -92.22988317856591323 ) ) ;
#1323 = LINE ( 'NONE', #550, #610 ) ;
#1324 = CARTESIAN_POINT ( 'NONE',  ( 22.03264035779334051, 4.885437192600218026, -53.04039888825784743 ) ) ;
#1325 = AXIS2_PLACEMENT_3D ( 'NONE', #1485, #5031, #1460 ) ;
#1326 = CARTESIAN_POINT ( 'NONE',  ( 11.87417052274576967, 29.16000000000025594, -36.70262605864892436 ) ) ;
#1327 = ORIENTED_EDGE ( 'NONE', *, *, #3359, .T. ) ;
#1328 = CARTESIAN_POINT ( 'NONE',  ( -12.67873889984931068, 28.14750000000111640, -113.3999999999999915 ) ) ;
#1329 = SURFACE_STYLE_USAGE ( .BOTH. , #222 ) ;
#1330 = VECTOR ( 'NONE', #4667, 999.9999999999998863 ) ;
#1331 = EDGE_CURVE ( 'NONE', #4142, #4142, #2499, .T. ) ;
#1332 = DIRECTION ( 'NONE',  ( 2.775557561562890365E-16, -2.440680507939539845E-16, 1.000000000000000000 ) ) ;
#1333 = CARTESIAN_POINT ( 'NONE',  ( 70.87076142158512937, 19.74375000005680292, -137.0924999999999727 ) ) ;
#1334 =( LENGTH_UNIT ( ) NAMED_UNIT ( * ) SI_UNIT ( .MILLI., .METRE. ) );
#1335 = ADVANCED_FACE ( 'NONE', ( #2056 ), #3260, .F. ) ;
#1336 = ORIENTED_EDGE ( 'NONE', *, *, #349, .F. ) ;
#1337 =( LENGTH_UNIT ( ) NAMED_UNIT ( * ) SI_UNIT ( .MILLI., .METRE. ) );
#1338 = CARTESIAN_POINT ( 'NONE',  ( 19.12160935087311842, 29.16000000000000014, -42.04756902449805978 ) ) ;
#1339 = STYLED_ITEM ( 'NONE', ( #1567 ), #415 ) ;
#1340 = ORIENTED_EDGE ( 'NONE', *, *, #1770, .T. ) ;
#1341 = DIRECTION ( 'NONE',  ( 1.000000000000000000, 0.000000000000000000, 0.000000000000000000 ) ) ;
#1342 = FILL_AREA_STYLE_COLOUR ( '', #2961 ) ;
#1343 = CARTESIAN_POINT ( 'NONE',  ( 20.25000000000000000, 11.03624999999999901, 11.03624999999999901 ) ) ;
#1344 = CARTESIAN_POINT ( 'NONE',  ( 13.61763061055873614, -4.049999999999804423, -37.35078812755092059 ) ) ;
#1345 = CARTESIAN_POINT ( 'NONE',  ( 17.88076084902550633, -4.049999999999951861, -40.87224591862203482 ) ) ;
#1346 = CARTESIAN_POINT ( 'NONE',  ( 18.32039984904932695, -4.049999999999958966, -95.69661816433760748 ) ) ;
#1347 = DIRECTION ( 'NONE',  ( -3.469446951953585100E-16, 0.000000000000000000, 1.000000000000000000 ) ) ;
#1348 = LINE ( 'NONE', #3343, #1887 ) ;
#1349 = CARTESIAN_POINT ( 'NONE',  ( 21.16064742665323806, 2.458780593509768408, -51.59177824758203457 ) ) ;
#1350 = CARTESIAN_POINT ( 'NONE',  ( 14.82495552577752562, 29.16000000000014936, -38.02530419713608723 ) ) ;
#1351 = PRESENTATION_LAYER_ASSIGNMENT (  '', '', ( #1416 ) ) ;
#1352 = ORIENTED_EDGE ( 'NONE', *, *, #1737, .F. ) ;
#1353 = CARTESIAN_POINT ( 'NONE',  ( 19.23749999999999716, 18.02250000000000085, -42.06036481966448548 ) ) ;
#1354 = COLOUR_RGB ( '',0.1019607843137254888, 0.1019607843137254888, 0.1019607843137254888 ) ;
#1355 = MECHANICAL_DESIGN_GEOMETRIC_PRESENTATION_REPRESENTATION (  '', ( #4015 ), #3838 ) ;
#1356 = CYLINDRICAL_SURFACE ( 'NONE', #3427, 10.12500000000000000 ) ;
#1357 = ORIENTED_EDGE ( 'NONE', *, *, #4090, .F. ) ;
#1358 = CARTESIAN_POINT ( 'NONE',  ( 19.23750000000042704, 29.15999999999998593, -44.38319912510443999 ) ) ;
#1359 = DIRECTION ( 'NONE',  ( 0.000000000000000000, 0.000000000000000000, 1.000000000000000000 ) ) ;
#1360 = EDGE_LOOP ( 'NONE', ( #3447 ) ) ;
#1361 = SURFACE_STYLE_FILL_AREA ( #4607 ) ;
#1362 = CARTESIAN_POINT ( 'NONE',  ( 27.33749999999999858, 5.366250000056608904, -137.0924999999999727 ) ) ;
#1363 = EDGE_CURVE ( 'NONE', #1944, #3518, #927, .T. ) ;
#1364 = ORIENTED_EDGE ( 'NONE', *, *, #2533, .F. ) ;
#1365 = CARTESIAN_POINT ( 'NONE',  ( 15.30291306584461708, -2.243960603340416693, -90.61875003405054940 ) ) ;
#1366 = CARTESIAN_POINT ( 'NONE',  ( 17.59018545643080955, -4.049999999999934097, -96.57893195146704102 ) ) ;
#1367 = CARTESIAN_POINT ( 'NONE',  ( 29.56195912491552491, 22.20046296134920283, -97.93353317088764243 ) ) ;
#1368 = SURFACE_STYLE_FILL_AREA ( #2527 ) ;
#1369 = SURFACE_STYLE_USAGE ( .BOTH. , #2929 ) ;
#1370 = PRESENTATION_STYLE_ASSIGNMENT (( #4814 ) ) ;
#1371 = CARTESIAN_POINT ( 'NONE',  ( 16.73685582859416954, -3.037499999999999201, -91.28953817616358890 ) ) ;
#1372 = ORIENTED_EDGE ( 'NONE', *, *, #653, .F. ) ;
#1373 = CARTESIAN_POINT ( 'NONE',  ( 16.52775551949029875, 27.78859768695634358, -46.47375006789386731 ) ) ;
#1374 = CARTESIAN_POINT ( 'NONE',  ( 17.65488751521085220, 29.15999999999986159, -92.70048708671586724 ) ) ;
#1375 = ORIENTED_EDGE ( 'NONE', *, *, #4383, .T. ) ;
#1376 = CARTESIAN_POINT ( 'NONE',  ( 9.625000000000000000, -3.037499999999683897, -23.69250000000030099 ) ) ;
#1377 = DIRECTION ( 'NONE',  ( -2.775557561562890365E-16, 1.885568995626964780E-16, -1.000000000000000000 ) ) ;
#1378 =( GEOMETRIC_REPRESENTATION_CONTEXT ( 3 ) GLOBAL_UNCERTAINTY_ASSIGNED_CONTEXT ( ( #326 ) ) GLOBAL_UNIT_ASSIGNED_CONTEXT ( ( #2916, #1319, #4098 ) ) REPRESENTATION_CONTEXT ( 'NONE', 'WORKASPACE' ) );
#1379 = UNCERTAINTY_MEASURE_WITH_UNIT (LENGTH_MEASURE( 1.000000000000000082E-05 ), #2736, 'distance_accuracy_value', 'NONE');
#1380 = CARTESIAN_POINT ( 'NONE',  ( 0.000000000000000000, 0.000000000000000000, 0.000000000000000000 ) ) ;
#1381 =( GEOMETRIC_REPRESENTATION_CONTEXT ( 3 ) GLOBAL_UNCERTAINTY_ASSIGNED_CONTEXT ( ( #3047 ) ) GLOBAL_UNIT_ASSIGNED_CONTEXT ( ( #3257, #2809, #103 ) ) REPRESENTATION_CONTEXT ( 'NONE', 'WORKASPACE' ) );
#1382 = CARTESIAN_POINT ( 'NONE',  ( 9.721178101303481256, 3.625091548011787790, -46.47375000129490275 ) ) ;
#1383 = CARTESIAN_POINT ( 'NONE',  ( -12.67873889984927338, 29.16000000000110504, -23.69250000000030099 ) ) ;
#1384 = AXIS2_PLACEMENT_3D ( 'NONE', #824, #5075, #1244 ) ;
#1385 = CARTESIAN_POINT ( 'NONE',  ( 9.179624447010446886, 5.922238896357027826, -90.61875000001138858 ) ) ;
#1386 = PRESENTATION_STYLE_ASSIGNMENT (( #3342 ) ) ;
#1387 = CARTESIAN_POINT ( 'NONE',  ( 11.93998284184868375, -4.049999999999737810, -100.3716456845544371 ) ) ;
#1388 = CARTESIAN_POINT ( 'NONE',  ( 22.24397694793131208, 6.285292790745636182, -53.48944654101322982 ) ) ;
#1389 = ADVANCED_FACE ( 'NONE', ( #3630 ), #2517, .F. ) ;
#1390 = VECTOR ( 'NONE', #3946, 1000.000000000000000 ) ;
#1391 = SURFACE_STYLE_USAGE ( .BOTH. , #963 ) ;
#1392 = PRESENTATION_STYLE_ASSIGNMENT (( #1329 ) ) ;
#1393 =( GEOMETRIC_REPRESENTATION_CONTEXT ( 3 ) GLOBAL_UNCERTAINTY_ASSIGNED_CONTEXT ( ( #743 ) ) GLOBAL_UNIT_ASSIGNED_CONTEXT ( ( #1774, #2936, #2188 ) ) REPRESENTATION_CONTEXT ( 'NONE', 'WORKASPACE' ) );
#1394 = LINE ( 'NONE', #1017, #149 ) ;
#1395 = SURFACE_SIDE_STYLE ('',( #2585 ) ) ;
#1396 = FILL_AREA_STYLE_COLOUR ( '', #2804 ) ;
#1397 = ADVANCED_FACE ( 'NONE', ( #2113 ), #3689, .F. ) ;
#1398 = VERTEX_POINT ( 'NONE', #5001 ) ;
#1399 = CARTESIAN_POINT ( 'NONE',  ( 26.22375000000045375, 19.74375000005680292, -113.4000000000000057 ) ) ;
#1400 = VECTOR ( 'NONE', #1377, 1000.000000000000000 ) ;
#1401 = APPLICATION_PROTOCOL_DEFINITION ( 'draft international standard', 'automotive_design', 1998, #1234 ) ;
#1402 = PRESENTATION_LAYER_ASSIGNMENT (  '', '', ( #1026 ) ) ;
#1403 = EDGE_CURVE ( 'NONE', #4493, #2423, #4172, .T. ) ;
#1404 = SURFACE_SIDE_STYLE ('',( #4661 ) ) ;
#1405 = ORIENTED_EDGE ( 'NONE', *, *, #772, .T. ) ;
#1406 = FACE_OUTER_BOUND ( 'NONE', #1276, .T. ) ;
#1407 = FACE_OUTER_BOUND ( 'NONE', #638, .T. ) ;
#1408 = CARTESIAN_POINT ( 'NONE',  ( 13.61763061055897950, -4.049999999999794653, -99.74171187244779446 ) ) ;
#1409 = CARTESIAN_POINT ( 'NONE',  ( 26.22375000000043954, 2.150000000001048850, -97.32500000000098339 ) ) ;
#1410 = PRESENTATION_STYLE_ASSIGNMENT (( #334 ) ) ;
#1411 = CARTESIAN_POINT ( 'NONE',  ( 19.23749999999999716, -4.049999999999993605, -95.03213518033511775 ) ) ;
#1412 = DIRECTION ( 'NONE',  ( -1.000000000000000000, 0.000000000000000000, 0.000000000000000000 ) ) ;
#1413 = CARTESIAN_POINT ( 'NONE',  ( 15.15175990567542463, 28.14749999999999375, -44.49229682114577855 ) ) ;
#1414 = EDGE_CURVE ( 'NONE', #4635, #390, #2616, .T. ) ;
#1415 = DIRECTION ( 'NONE',  ( 0.000000000000000000, -5.595882180570350110E-16, 1.000000000000000000 ) ) ;
#1416 = STYLED_ITEM ( 'NONE', ( #2848 ), #571 ) ;
#1417 = PRESENTATION_STYLE_ASSIGNMENT (( #2952 ) ) ;
#1418 = FACE_OUTER_BOUND ( 'NONE', #1080, .T. ) ;
#1419 =( NAMED_UNIT ( * ) SI_UNIT ( $, .STERADIAN. ) SOLID_ANGLE_UNIT ( ) );
#1420 = CARTESIAN_POINT ( 'NONE',  ( 20.25000000000000000, 0.000000000000000000, 0.000000000000000000 ) ) ;
#1421 =( NAMED_UNIT ( * ) SI_UNIT ( $, .STERADIAN. ) SOLID_ANGLE_UNIT ( ) );
#1422 = MECHANICAL_DESIGN_GEOMETRIC_PRESENTATION_REPRESENTATION (  '', ( #3658 ), #486 ) ;
#1423 = VERTEX_POINT ( 'NONE', #3013 ) ;
#1424 = CARTESIAN_POINT ( 'NONE',  ( 9.625000000000000000, 12.55499999999999794, -84.49312499999997783 ) ) ;
#1425 = CARTESIAN_POINT ( 'NONE',  ( 10.58475081410509766, -3.037500000000000533, -40.91865594589687305 ) ) ;
#1426 = VERTEX_POINT ( 'NONE', #3362 ) ;
#1427 = SURFACE_STYLE_FILL_AREA ( #3825 ) ;
#1428 = CARTESIAN_POINT ( 'NONE',  ( 20.25000000001037748, -2.163626784528340123E-13, -113.4000000000000057 ) ) ;
#1429 = ORIENTED_EDGE ( 'NONE', *, *, #1331, .F. ) ;
#1430 = CARTESIAN_POINT ( 'NONE',  ( 15.94700060888650661, -4.049999999999874589, -98.23730114405448433 ) ) ;
#1431 = CARTESIAN_POINT ( 'NONE',  ( 20.92940478423991379, 23.06858491628244323, -85.81492615346795105 ) ) ;
#1432 = CARTESIAN_POINT ( 'NONE',  ( 19.23749999999999716, 29.16000000000000369, -95.03213518033511775 ) ) ;
#1433 = ADVANCED_FACE ( 'NONE', ( #2676 ), #1064, .F. ) ;
#1434 = CARTESIAN_POINT ( 'NONE',  ( 29.12789802397295347, 1.962289032142704226, -98.07500000000025864 ) ) ;
#1435 = SURFACE_STYLE_USAGE ( .BOTH. , #5011 ) ;
#1436 = CARTESIAN_POINT ( 'NONE',  ( 26.22375000000045375, -1.359327070329307694E-15, -45.96750000000000114 ) ) ;
#1437 = DIRECTION ( 'NONE',  ( 0.000000000000000000, -1.565392445696213171E-16, 1.000000000000000000 ) ) ;
#1438 = EDGE_LOOP ( 'NONE', ( #1998 ) ) ;
#1439 = CARTESIAN_POINT ( 'NONE',  ( 19.23749999999999716, 25.25319628389968685, -49.36805371610081039 ) ) ;
#1440 = ADVANCED_FACE ( 'NONE', ( #465 ), #805, .T. ) ;
#1441 = CARTESIAN_POINT ( 'NONE',  ( 19.23749999999996163, 28.14750000000001151, -113.3999999999999915 ) ) ;
#1442 = CARTESIAN_POINT ( 'NONE',  ( 16.88524988333190180, 29.16000000000008185, -44.40483867171096222 ) ) ;
#1443 = CARTESIAN_POINT ( 'NONE',  ( 16.63045084467460555, 29.16000000000009962, -97.60818275840874492 ) ) ;
#1444 = ORIENTED_EDGE ( 'NONE', *, *, #2691, .T. ) ;
#1445 = STYLED_ITEM ( 'NONE', ( #1707 ), #1817 ) ;
#1446 = B_SPLINE_SURFACE_WITH_KNOTS ( 'NONE', 3, 1, ( 
 ( #2887, #2938 ),
 ( #4822, #2865 ),
 ( #160, #495 ),
 ( #4096, #4543 ),
 ( #901, #3602 ),
 ( #2086, #3688 ) ),
 .UNSPECIFIED., .F., .F., .F.,
 ( 4, 2, 4 ),
 ( 2, 2 ),
 ( 0.000000000000000000, 0.5000000000000000000, 1.000000000000000000 ),
 ( 0.000000000000000000, 1.000000000000000000 ),
 .UNSPECIFIED. ) ;
#1447 = AXIS2_PLACEMENT_3D ( 'NONE', #771, #3129, #4730 ) ;
#1448 = ORIENTED_EDGE ( 'NONE', *, *, #3783, .F. ) ;
#1449 = MECHANICAL_DESIGN_GEOMETRIC_PRESENTATION_REPRESENTATION (  '', ( #832 ), #4954 ) ;
#1450 =( LENGTH_UNIT ( ) NAMED_UNIT ( * ) SI_UNIT ( .MILLI., .METRE. ) );
#1451 = EDGE_CURVE ( 'NONE', #1179, #2627, #847, .T. ) ;
#1452 = ORIENTED_EDGE ( 'NONE', *, *, #3583, .T. ) ;
#1453 = CARTESIAN_POINT ( 'NONE',  ( 9.950844101307678713, -4.050000000000272493, -91.54316371948091557 ) ) ;
#1454 = CARTESIAN_POINT ( 'NONE',  ( 22.25398832062007770, 18.68136800223069827, -83.58013746143780054 ) ) ;
#1455 = AXIS2_PLACEMENT_3D ( 'NONE', #929, #163, #4073 ) ;
#1456 = COLOUR_RGB ( '',0.1019607843137254888, 0.1019607843137254888, 0.1019607843137254888 ) ;
#1457 = CYLINDRICAL_SURFACE ( 'NONE', #3516, 10.12500000000000000 ) ;
#1458 = ADVANCED_FACE ( 'NONE', ( #2347 ), #1159, .F. ) ;
#1459 = COLOUR_RGB ( '',0.1019607843137254888, 0.1019607843137254888, 0.1019607843137254888 ) ;
#1460 = DIRECTION ( 'NONE',  ( 1.000000000000000000, 0.000000000000000000, 0.000000000000000000 ) ) ;
#1461 = PRESENTATION_LAYER_ASSIGNMENT (  '', '', ( #1006 ) ) ;
#1462 = CARTESIAN_POINT ( 'NONE',  ( 22.27499999999999503, -6.668748910796168903E-13, -83.53125000000000000 ) ) ;
#1463 = DIRECTION ( 'NONE',  ( -4.132222856978965360E-16, 1.839572674815099802E-33, -1.000000000000000000 ) ) ;
#1464 = VECTOR ( 'NONE', #3982, 1000.000000000000000 ) ;
#1465 = MECHANICAL_DESIGN_GEOMETRIC_PRESENTATION_REPRESENTATION (  '', ( #1813 ), #282 ) ;
#1466 = DIRECTION ( 'NONE',  ( 0.000000000000000000, 0.000000000000000000, -1.000000000000000000 ) ) ;
#1467 = CARTESIAN_POINT ( 'NONE',  ( 11.65045053481319393, 24.73645251360495223, -46.47374998397006607 ) ) ;
#1468 = CARTESIAN_POINT ( 'NONE',  ( 18.47423716648686920, 29.16000000000002856, -95.52323086241032968 ) ) ;
#1469 = ORIENTED_EDGE ( 'NONE', *, *, #869, .F. ) ;
#1470 = CARTESIAN_POINT ( 'NONE',  ( 70.87076142158512937, 19.74375000005680292, -2.849488781128229246E-14 ) ) ;
#1471 = VECTOR ( 'NONE', #499, 1000.000000000000000 ) ;
#1472 = EDGE_CURVE ( 'NONE', #1654, #3820, #4374, .T. ) ;
#1473 = SURFACE_STYLE_USAGE ( .BOTH. , #1404 ) ;
#1474 = ORIENTED_EDGE ( 'NONE', *, *, #259, .T. ) ;
#1475 = FACE_OUTER_BOUND ( 'NONE', #3311, .T. ) ;
#1476 = ORIENTED_EDGE ( 'NONE', *, *, #281, .T. ) ;
#1477 = CARTESIAN_POINT ( 'NONE',  ( 10.33134536937512138, -4.049999999999067235, -91.74481406578439646 ) ) ;
#1478 = LINE ( 'NONE', #2298, #2981 ) ;
#1479 = CARTESIAN_POINT ( 'NONE',  ( 29.40241201376479552, 22.57541938198179565, -38.44786805784209349 ) ) ;
#1480 =( GEOMETRIC_REPRESENTATION_CONTEXT ( 3 ) GLOBAL_UNCERTAINTY_ASSIGNED_CONTEXT ( ( #1699 ) ) GLOBAL_UNIT_ASSIGNED_CONTEXT ( ( #736, #717, #1508 ) ) REPRESENTATION_CONTEXT ( 'NONE', 'WORKASPACE' ) );
#1481 = DIRECTION ( 'NONE',  ( -0.000000000000000000, -1.885568995626962808E-16, 1.000000000000000000 ) ) ;
#1482 = ORIENTED_EDGE ( 'NONE', *, *, #3967, .F. ) ;
#1483 = CARTESIAN_POINT ( 'NONE',  ( 12.38395681045217955, 29.16000000000024173, -36.85595934221419157 ) ) ;
#1484 =( BOUNDED_CURVE ( )  B_SPLINE_CURVE ( 3, ( #3702, #4884, #987, #3674 ),
 .UNSPECIFIED., .F., .F. ) 
 B_SPLINE_CURVE_WITH_KNOTS ( ( 4, 4 ),
 ( 5.507787810568840037, 6.283185307179590673 ),
 .UNSPECIFIED. ) 
 CURVE ( )  GEOMETRIC_REPRESENTATION_ITEM ( )  RATIONAL_B_SPLINE_CURVE ( ( 1.000000000000000000, 0.9505210128485660492, 0.9505210128485660492, 1.000000000000000000 ) ) 
 REPRESENTATION_ITEM ( '' )  );
#1485 = CARTESIAN_POINT ( 'NONE',  ( -101.2500000000000000, 0.000000000000000000, -91.12500000000000000 ) ) ;
#1486 = UNCERTAINTY_MEASURE_WITH_UNIT (LENGTH_MEASURE( 1.000000000000000082E-05 ), #2445, 'distance_accuracy_value', 'NONE');
#1487 = SURFACE_STYLE_FILL_AREA ( #1198 ) ;
#1488 =( NAMED_UNIT ( * ) PLANE_ANGLE_UNIT ( ) SI_UNIT ( $, .RADIAN. ) );
#1489 = ADVANCED_FACE ( 'NONE', ( #818 ), #2370, .T. ) ;
#1490 = ADVANCED_FACE ( 'NONE', ( #3326 ), #1516, .T. ) ;
#1491 = CARTESIAN_POINT ( 'NONE',  ( 18.78784603639609330, 29.16000000000001080, -41.86899057870174801 ) ) ;
#1492 = CARTESIAN_POINT ( 'NONE',  ( 15.94700060888874127, 29.16000000000012093, -98.23730114405462643 ) ) ;
#1493 = COLOUR_RGB ( '',0.1019607843137254888, 0.1019607843137254888, 0.1019607843137254888 ) ;
#1494 = VERTEX_POINT ( 'NONE', #2573 ) ;
#1495 = SURFACE_STYLE_FILL_AREA ( #325 ) ;
#1496 = CARTESIAN_POINT ( 'NONE',  ( 20.63721489898835060, 1.565079223431674826, -50.90229942136647878 ) ) ;
#1497 =( GEOMETRIC_REPRESENTATION_CONTEXT ( 3 ) GLOBAL_UNCERTAINTY_ASSIGNED_CONTEXT ( ( #4935 ) ) GLOBAL_UNIT_ASSIGNED_CONTEXT ( ( #1579, #3924, #1204 ) ) REPRESENTATION_CONTEXT ( 'NONE', 'WORKASPACE' ) );
#1498 = CARTESIAN_POINT ( 'NONE',  ( 14.31756897750600288, -3.037500000000000089, -43.48549431748167393 ) ) ;
#1499 = PLANE ( 'NONE',  #2255 ) ;
#1500 = ORIENTED_EDGE ( 'NONE', *, *, #877, .T. ) ;
#1501 = LINE ( 'NONE', #2291, #1113 ) ;
#1502 = CARTESIAN_POINT ( 'NONE',  ( 9.625000000000000000, -4.049999999999998934, -23.69250000000030099 ) ) ;
#1503 = EDGE_LOOP ( 'NONE', ( #1525, #4508, #3068, #3479 ) ) ;
#1504 = SURFACE_SIDE_STYLE ('',( #2296 ) ) ;
#1505 = CARTESIAN_POINT ( 'NONE',  ( 10.12500000000000000, -3.037499999999991207, -96.25054039609449319 ) ) ;
#1506 = CARTESIAN_POINT ( 'NONE',  ( 21.16064742779205687, 22.65121940427329861, -85.50072175076019221 ) ) ;
#1507 = VECTOR ( 'NONE', #2584, 1000.000000000000000 ) ;
#1508 =( NAMED_UNIT ( * ) SI_UNIT ( $, .STERADIAN. ) SOLID_ANGLE_UNIT ( ) );
#1509 = EDGE_CURVE ( 'NONE', #1624, #1958, #4850, .T. ) ;
#1510 = AXIS2_PLACEMENT_3D ( 'NONE', #4350, #5093, #3904 ) ;
#1511 = DIRECTION ( 'NONE',  ( 1.126443815569362056E-16, 1.000000000000000000, 1.387778780781450014E-15 ) ) ;
#1512 = DIRECTION ( 'NONE',  ( 1.000000000000000000, 0.000000000000000000, 0.000000000000000000 ) ) ;
#1513 = DIRECTION ( 'NONE',  ( 0.000000000000000000, -1.000000000000000000, 0.000000000000000000 ) ) ;
#1514 = EDGE_CURVE ( 'NONE', #2551, #3640, #3314, .T. ) ;
#1515 = CARTESIAN_POINT ( 'NONE',  ( 16.88524988332415688, -4.049999999999870148, -44.40483867171155907 ) ) ;
#1516 =( BOUNDED_SURFACE ( )  B_SPLINE_SURFACE ( 3, 2, ( 
 ( #4596, #250, #2202 ),
 ( #2446, #1054, #513 ),
 ( #2556, #4032, #3623 ),
 ( #2225, #3784, #2618 ),
 ( #4202, #4127, #673 ),
 ( #3808, #198, #1733 ),
 ( #608, #4535, #2153 ),
 ( #3763, #1785, #3347 ),
 ( #3450, #3075, #3944 ),
 ( #4621, #1515, #744 ),
 ( #3889, #4830, #2358 ),
 ( #4331, #827, #81 ),
 ( #3224, #3941, #54 ),
 ( #3991, #799, #903 ),
 ( #2057, #4824, #425 ),
 ( #2382, #3577, #3528 ),
 ( #1246, #2454, #4773 ),
 ( #30, #4411, #4020 ),
 ( #2030, #4439, #4042 ),
 ( #3964, #1979, #3553 ),
 ( #133, #1670, #3242 ),
 ( #1167, #1595, #3175 ),
 ( #1218, #3293, #4930 ),
 ( #4949, #2940, #3661 ),
 ( #3690, #595, #184 ),
 ( #1719, #2518, #1317 ),
 ( #2888, #1777, #1382 ),
 ( #4545, #1003, #4500 ),
 ( #955, #4901, #1692 ),
 ( #4097, #2089, #2114 ),
 ( #2165, #4468, #928 ),
 ( #1344, #2915, #262 ),
 ( #548, #4524, #3750 ),
 ( #977, #2542, #2964 ),
 ( #4570, #2192, #1800 ),
 ( #4112, #1027, #2139 ),
 ( #4173, #3721, #2866 ),
 ( #212, #2485, #162 ) ),
 .UNSPECIFIED., .F., .F., .F. ) 
 B_SPLINE_SURFACE_WITH_KNOTS ( ( 4, 2, 2, 2, 2, 2, 2, 2, 2, 2, 2, 2, 2, 2, 2, 2, 2, 2, 4 ),
 ( 3, 3 ),
 ( 0.01803614591985532034, 0.01812300996936322753, 0.01820987401887113472, 0.01838360211788695256, 0.01847046616739485975, 0.01855733021690277040, 0.01873105831591858478, 0.01907851451395021353, 0.01942597071198184575, 0.01977342691001347796, 0.02012088310804510671, 0.02081579550410837115, 0.02151070790017163559, 0.02220562029623489655, 0.02359544508836142196, 0.02498526988048794736, 0.02637509467261447277, 0.02776491946474100164, 0.02915474425686752705 ),
 ( 0.000000000000000000, 1.000000000000000000 ),
 .UNSPECIFIED. ) 
 GEOMETRIC_REPRESENTATION_ITEM ( )  RATIONAL_B_SPLINE_SURFACE ( (
 ( 1.000000000000000000, 0.9746794344809008859, 1.000000000000000000),
 ( 1.000000000000000000, 0.9746799479852568115, 1.000000000000000000),
 ( 1.000000000000000000, 0.9743568196694136763, 1.000000000000000000),
 ( 1.000000000000000000, 0.9731141381502685928, 1.000000000000000000),
 ( 1.000000000000000000, 0.9721824285867592952, 1.000000000000000000),
 ( 1.000000000000000000, 0.9687194485352710327, 1.000000000000000000),
 ( 1.000000000000000000, 0.9655513060545534154, 1.000000000000000000),
 ( 1.000000000000000000, 0.9601634611579188405, 1.000000000000000000),
 ( 1.000000000000000000, 0.9582586981071974375, 1.000000000000000000),
 ( 1.000000000000000000, 0.9543671507067863491, 1.000000000000000000),
 ( 1.000000000000000000, 0.9523716756010869311, 1.000000000000000000),
 ( 1.000000000000000000, 0.9463063569837023570, 1.000000000000000000),
 ( 1.000000000000000000, 0.9421616744662834053, 1.000000000000000000),
 ( 1.000000000000000000, 0.9297497655256820037, 1.000000000000000000),
 ( 1.000000000000000000, 0.9215223295672719805, 1.000000000000000000),
 ( 1.000000000000000000, 0.9058000326081543374, 1.000000000000000000),
 ( 1.000000000000000000, 0.8982849355799721325, 1.000000000000000000),
 ( 1.000000000000000000, 0.8840834982022153232, 1.000000000000000000),
 ( 1.000000000000000000, 0.8773909257623765390, 1.000000000000000000),
 ( 1.000000000000000000, 0.8647921572181227479, 1.000000000000000000),
 ( 1.000000000000000000, 0.8588839873656731738, 1.000000000000000000),
 ( 1.000000000000000000, 0.8422167834826703725, 1.000000000000000000),
 ( 1.000000000000000000, 0.8325102047506004466, 1.000000000000000000),
 ( 1.000000000000000000, 0.8152246893039193365, 1.000000000000000000),
 ( 1.000000000000000000, 0.8076429853542924642, 1.000000000000000000),
 ( 1.000000000000000000, 0.7940519269256961499, 1.000000000000000000),
 ( 1.000000000000000000, 0.7880434873699022624, 1.000000000000000000),
 ( 1.000000000000000000, 0.7717756809104716620, 1.000000000000000000),
 ( 1.000000000000000000, 0.7632188848039974660, 1.000000000000000000),
 ( 1.000000000000000000, 0.7490171115735352325, 1.000000000000000000),
 ( 1.000000000000000000, 0.7433321590432871995, 1.000000000000000000),
 ( 1.000000000000000000, 0.7336101691056292617, 1.000000000000000000),
 ( 1.000000000000000000, 0.7295865456048421516, 1.000000000000000000),
 ( 1.000000000000000000, 0.7225791767270094423, 1.000000000000000000),
 ( 1.000000000000000000, 0.7196540846723248341, 1.000000000000000000),
 ( 1.000000000000000000, 0.7145796383773289628, 1.000000000000000000),
 ( 1.000000000000000000, 0.7124233275652750441, 1.000000000000000000),
 ( 1.000000000000000000, 0.7105100200589985482, 1.000000000000000000) ) ) 
 REPRESENTATION_ITEM ( '' )  SURFACE ( )  );
#1517 = EDGE_LOOP ( 'NONE', ( #2080, #1536, #816, #3957 ) ) ;
#1518 = CARTESIAN_POINT ( 'NONE',  ( 9.625000000000001776, 29.16000000000031633, -37.16020395727508685 ) ) ;
#1519 = CARTESIAN_POINT ( 'NONE',  ( 11.66868226611137871, 28.14749999999999730, -95.77501185197016298 ) ) ;
#1520 = B_SPLINE_CURVE_WITH_KNOTS ( 'NONE', 3,
 ( #3253, #1582, #4421, #2879, #4490, #3541, #3164, #1206, #4762, #841, #2399, #3980, #463, #1371, #252, #2974, #5079, #1, #1833, #1751, #2293, #1801 ),
 .UNSPECIFIED., .F., .F.,
 ( 4, 2, 2, 2, 2, 2, 2, 2, 2, 2, 4 ),
 ( 0.000000000000000000, 0.001353584184267336756, 0.002707168368534673512, 0.004060752552802009835, 0.005414336737069347025, 0.006767920921336683347, 0.008121505105604016200, 0.008798297197737682193, 0.009475089289871349921, 0.01015188138200501765, 0.01082867347413868364 ),
 .UNSPECIFIED. ) ;
#1521 = UNCERTAINTY_MEASURE_WITH_UNIT (LENGTH_MEASURE( 1.000000000000000082E-05 ), #804, 'distance_accuracy_value', 'NONE');
#1522 = CARTESIAN_POINT ( 'NONE',  ( 20.32736946633951192, 1.116781616013758027, -86.56311683055467654 ) ) ;
#1523 = CARTESIAN_POINT ( 'NONE',  ( 18.72059169720912308, 29.16000000000001080, -41.81361773501161849 ) ) ;
#1524 = CARTESIAN_POINT ( 'NONE',  ( 16.88524988333199772, 29.15999999999992554, -92.68766132828891102 ) ) ;
#1525 = ORIENTED_EDGE ( 'NONE', *, *, #3081, .T. ) ;
#1526 = CARTESIAN_POINT ( 'NONE',  ( 9.625000000000000000, -4.049999999999684519, -37.16643538402582436 ) ) ;
#1527 = FILL_AREA_STYLE ('',( #441 ) ) ;
#1528 = ORIENTED_EDGE ( 'NONE', *, *, #243, .T. ) ;
#1529 = CARTESIAN_POINT ( 'NONE',  ( 30.37500000000000000, 18.02250000000000085, -42.06036481966473417 ) ) ;
#1530 = ORIENTED_EDGE ( 'NONE', *, *, #936, .T. ) ;
#1531 = DIRECTION ( 'NONE',  ( 0.000000000000000000, -0.7071067811865474617, -0.7071067811865474617 ) ) ;
#1532 = CARTESIAN_POINT ( 'NONE',  ( 22.03099213543271162, 20.23194321683679320, -84.05538188973316949 ) ) ;
#1533 = FILL_AREA_STYLE_COLOUR ( '', #4050 ) ;
#1534 = CARTESIAN_POINT ( 'NONE',  ( 29.39047856820402771, 2.506398799069639693, -96.63610979317552108 ) ) ;
#1535 = MECHANICAL_DESIGN_GEOMETRIC_PRESENTATION_REPRESENTATION (  '', ( #3265 ), #3603 ) ;
#1536 = ORIENTED_EDGE ( 'NONE', *, *, #4983, .F. ) ;
#1537 = DIRECTION ( 'NONE',  ( 1.000000000000000000, 0.000000000000000000, 0.000000000000000000 ) ) ;
#1538 = PRESENTATION_LAYER_ASSIGNMENT (  '', '', ( #4201 ) ) ;
#1539 = FILL_AREA_STYLE ('',( #3475 ) ) ;
#1540 = CARTESIAN_POINT ( 'NONE',  ( 9.625000000000000000, 29.16000000000110504, -23.69250000000030099 ) ) ;
#1541 = VECTOR ( 'NONE', #3441, 1000.000000000000000 ) ;
#1542 = UNCERTAINTY_MEASURE_WITH_UNIT (LENGTH_MEASURE( 1.000000000000000082E-05 ), #1180, 'distance_accuracy_value', 'NONE');
#1543 = STYLED_ITEM ( 'NONE', ( #2978 ), #2534 ) ;
#1544 = ORIENTED_EDGE ( 'NONE', *, *, #712, .F. ) ;
#1545 = CARTESIAN_POINT ( 'NONE',  ( 9.625000000000001776, 29.07498275105769636, -37.91724889247318231 ) ) ;
#1546 = STYLED_ITEM ( 'NONE', ( #972 ), #4914 ) ;
#1547 =( GEOMETRIC_REPRESENTATION_CONTEXT ( 3 ) GLOBAL_UNCERTAINTY_ASSIGNED_CONTEXT ( ( #1202 ) ) GLOBAL_UNIT_ASSIGNED_CONTEXT ( ( #194, #606, #3345 ) ) REPRESENTATION_CONTEXT ( 'NONE', 'WORKASPACE' ) );
#1548 = UNCERTAINTY_MEASURE_WITH_UNIT (LENGTH_MEASURE( 1.000000000000000082E-05 ), #3998, 'distance_accuracy_value', 'NONE');
#1549 = MECHANICAL_DESIGN_GEOMETRIC_PRESENTATION_REPRESENTATION (  '', ( #3708 ), #3206 ) ;
#1550 = CARTESIAN_POINT ( 'NONE',  ( 70.87076142158512937, 5.366250000056598246, -23.69249999999999901 ) ) ;
#1551 = FILL_AREA_STYLE ('',( #4001 ) ) ;
#1552 = CARTESIAN_POINT ( 'NONE',  ( 19.23749999999787264, 6.075000000000000178, -42.06036481966909690 ) ) ;
#1553 = CARTESIAN_POINT ( 'NONE',  ( 18.32039984904996999, 29.16000000000002856, -41.39588183566235102 ) ) ;
#1554 = VECTOR ( 'NONE', #4179, 1000.000000000000000 ) ;
#1555 = CARTESIAN_POINT ( 'NONE',  ( 14.72648864749477760, 29.15999999999953829, -92.60357682832081139 ) ) ;
#1556 = ORIENTED_EDGE ( 'NONE', *, *, #1363, .F. ) ;
#1557 = DIRECTION ( 'NONE',  ( 1.000000000000000000, 0.000000000000000000, 0.000000000000000000 ) ) ;
#1558 = STYLED_ITEM ( 'NONE', ( #4242 ), #3272 ) ;
#1559 = PRESENTATION_STYLE_ASSIGNMENT (( #3929 ) ) ;
#1560 =( NAMED_UNIT ( * ) PLANE_ANGLE_UNIT ( ) SI_UNIT ( $, .RADIAN. ) );
#1561 = VERTEX_POINT ( 'NONE', #238 ) ;
#1562 = PRESENTATION_STYLE_ASSIGNMENT (( #3169 ) ) ;
#1563 = ORIENTED_EDGE ( 'NONE', *, *, #1209, .T. ) ;
#1564 = CARTESIAN_POINT ( 'NONE',  ( 9.625000000000001776, -3.700801000488299408, -39.05291277487156520 ) ) ;
#1565 =( GEOMETRIC_REPRESENTATION_CONTEXT ( 3 ) GLOBAL_UNCERTAINTY_ASSIGNED_CONTEXT ( ( #2748 ) ) GLOBAL_UNIT_ASSIGNED_CONTEXT ( ( #3306, #3455, #378 ) ) REPRESENTATION_CONTEXT ( 'NONE', 'WORKASPACE' ) );
#1566 = FACE_OUTER_BOUND ( 'NONE', #1652, .T. ) ;
#1567 = PRESENTATION_STYLE_ASSIGNMENT (( #3196 ) ) ;
#1568 = PLANE ( 'NONE',  #3004 ) ;
#1569 = AXIS2_PLACEMENT_3D ( 'NONE', #4645, #3635, #2386 ) ;
#1570 = CARTESIAN_POINT ( 'NONE',  ( 19.23749999999999716, 29.16000000000000014, -42.06036481966448548 ) ) ;
#1571 = CARTESIAN_POINT ( 'NONE',  ( 18.57431796191685436, -4.049999999999958966, -92.70786749693328943 ) ) ;
#1572 = CARTESIAN_POINT ( 'NONE',  ( 9.625000000000001776, -3.964982751050793119, -99.17525110751431328 ) ) ;
#1573 = FILL_AREA_STYLE ('',( #3609 ) ) ;
#1574 = PRESENTATION_LAYER_ASSIGNMENT (  '', '', ( #1339 ) ) ;
#1575 = ORIENTED_EDGE ( 'NONE', *, *, #3720, .F. ) ;
#1576 =( LENGTH_UNIT ( ) NAMED_UNIT ( * ) SI_UNIT ( .MILLI., .METRE. ) );
#1577 = EDGE_CURVE ( 'NONE', #286, #2704, #1292, .T. ) ;
#1578 = CARTESIAN_POINT ( 'NONE',  ( 20.40119128714289687, 1.219392055211001802, -86.47610377227677247 ) ) ;
#1579 =( LENGTH_UNIT ( ) NAMED_UNIT ( * ) SI_UNIT ( .MILLI., .METRE. ) );
#1580 = DIRECTION ( 'NONE',  ( -4.269561384823903735E-12, 0.000000000000000000, -1.000000000000000000 ) ) ;
#1581 =( LENGTH_UNIT ( ) NAMED_UNIT ( * ) SI_UNIT ( .MILLI., .METRE. ) );
#1582 = CARTESIAN_POINT ( 'NONE',  ( 10.57677539483327678, -3.037500000000000977, -96.17517452588354843 ) ) ;
#1583 = CARTESIAN_POINT ( 'NONE',  ( 9.625000000000000000, -4.049999999999683631, -36.39402376808444473 ) ) ;
#1584 = SURFACE_SIDE_STYLE ('',( #3114 ) ) ;
#1585 = SURFACE_STYLE_USAGE ( .BOTH. , #3954 ) ;
#1586 = ORIENTED_EDGE ( 'NONE', *, *, #3936, .T. ) ;
#1587 = EDGE_LOOP ( 'NONE', ( #1612, #4247, #3675, #4856 ) ) ;
#1588 = CARTESIAN_POINT ( 'NONE',  ( 9.625000000000000000, -3.421980026673436370, -39.96430534847463889 ) ) ;
#1589 = CARTESIAN_POINT ( 'NONE',  ( 10.12500000000000000, -4.049999999999674749, -100.6984762319158762 ) ) ;
#1590 = CARTESIAN_POINT ( 'NONE',  ( 20.25000000000000000, 28.09674780070452726, -137.1432521992956595 ) ) ;
#1591 = VECTOR ( 'NONE', #3439, 1000.000000000000000 ) ;
#1592 = COLOUR_RGB ( '',0.1019607843137254888, 0.1019607843137254888, 0.1019607843137254888 ) ;
#1593 = ORIENTED_EDGE ( 'NONE', *, *, #2272, .F. ) ;
#1594 = DIRECTION ( 'NONE',  ( 1.000000000000000000, 0.000000000000000000, -4.132222856978965360E-16 ) ) ;
#1595 = CARTESIAN_POINT ( 'NONE',  ( 12.63521101189299500, -4.050000000000088640, -44.70744974048449905 ) ) ;
#1596 = SURFACE_SIDE_STYLE ('',( #55 ) ) ;
#1597 = COLOUR_RGB ( '',0.1019607843137254888, 0.1019607843137254888, 0.1019607843137254888 ) ;
#1598 = EDGE_CURVE ( 'NONE', #260, #260, #3244, .T. ) ;
#1599 = CARTESIAN_POINT ( 'NONE',  ( 19.23749999999999716, 7.087500000000005684, -95.03213518033511775 ) ) ;
#1600 = STYLED_ITEM ( 'NONE', ( #1370 ), #1490 ) ;
#1601 =( NAMED_UNIT ( * ) PLANE_ANGLE_UNIT ( ) SI_UNIT ( $, .RADIAN. ) );
#1602 = VERTEX_POINT ( 'NONE', #3773 ) ;
#1603 = CARTESIAN_POINT ( 'NONE',  ( 9.625000000000000000, 22.07249999999999801, 6.175755471531950543E-15 ) ) ;
#1604 = ORIENTED_EDGE ( 'NONE', *, *, #423, .T. ) ;
#1605 = EDGE_CURVE ( 'NONE', #4482, #893, #4686, .T. ) ;
#1606 = CARTESIAN_POINT ( 'NONE',  ( 14.48754105278383619, 29.16000000000016712, -99.30992670044868476 ) ) ;
#1607 = LINE ( 'NONE', #2823, #2040 ) ;
#1608 = SURFACE_SIDE_STYLE ('',( #2824 ) ) ;
#1610 = ADVANCED_FACE ( 'NONE', ( #4975 ), #1499, .F. ) ;
#1609 = CARTESIAN_POINT ( 'NONE',  ( 11.87417052274501295, 29.16000000000025949, -100.3898739413544945 ) ) ;
#1611 = CARTESIAN_POINT ( 'NONE',  ( 20.25000000000000000, -3.037499999999999645, -6.093251410737770232E-15 ) ) ;
#1612 = ORIENTED_EDGE ( 'NONE', *, *, #407, .T. ) ;
#1613 = EDGE_LOOP ( 'NONE', ( #1701, #489 ) ) ;
#1614 = PLANE ( 'NONE',  #3137 ) ;
#1615 = SURFACE_STYLE_USAGE ( .BOTH. , #2783 ) ;
#1616 = CARTESIAN_POINT ( 'NONE',  ( 29.22073594832822607, 2.149999999999297362, -39.94999999999693330 ) ) ;
#1617 = VERTEX_POINT ( 'NONE', #2289 ) ;
#1618 = CARTESIAN_POINT ( 'NONE',  ( 17.00392084526788494, -2.802843615219832163, -90.61875010133360320 ) ) ;
#1619 = CARTESIAN_POINT ( 'NONE',  ( 19.23749999999999716, 28.14749999999999375, -3.512815038853157133E-16 ) ) ;
#1620 = STYLED_ITEM ( 'NONE', ( #2775 ), #1763 ) ;
#1621 = MECHANICAL_DESIGN_GEOMETRIC_PRESENTATION_REPRESENTATION (  '', ( #340 ), #1378 ) ;
#1622 = ORIENTED_EDGE ( 'NONE', *, *, #4059, .T. ) ;
#1623 = AXIS2_PLACEMENT_3D ( 'NONE', #2206, #320, #3790 ) ;
#1624 = VERTEX_POINT ( 'NONE', #1047 ) ;
#1625 =( NAMED_UNIT ( * ) PLANE_ANGLE_UNIT ( ) SI_UNIT ( $, .RADIAN. ) );
#1626 = ORIENTED_EDGE ( 'NONE', *, *, #259, .F. ) ;
#1627 = CARTESIAN_POINT ( 'NONE',  ( 19.23749999999999716, 29.16000000000000369, -95.03213518033511775 ) ) ;
#1628 =( GEOMETRIC_REPRESENTATION_CONTEXT ( 3 ) GLOBAL_UNCERTAINTY_ASSIGNED_CONTEXT ( ( #1379 ) ) GLOBAL_UNIT_ASSIGNED_CONTEXT ( ( #2736, #361, #3093 ) ) REPRESENTATION_CONTEXT ( 'NONE', 'WORKASPACE' ) );
#1629 = VECTOR ( 'NONE', #3885, 1000.000000000000000 ) ;
#1630 = PRODUCT_DEFINITION ( 'UNKNOWN', '', #4485, #2162 ) ;
#1631 = CARTESIAN_POINT ( 'NONE',  ( 22.02906964633136866, 4.869472911649456393, -84.05920595643469539 ) ) ;
#1632 = SURFACE_STYLE_USAGE ( .BOTH. , #862 ) ;
#1633 = DIRECTION ( 'NONE',  ( -0.000000000000000000, 0.000000000000000000, 1.000000000000000000 ) ) ;
#1634 = PRESENTATION_LAYER_ASSIGNMENT (  '', '', ( #1546 ) ) ;
#1635 = AXIS2_PLACEMENT_3D ( 'NONE', #1470, #2774, #2980 ) ;
#1636 = EDGE_CURVE ( 'NONE', #1255, #2335, #2611, .T. ) ;
#1637 =( GEOMETRIC_REPRESENTATION_CONTEXT ( 3 ) GLOBAL_UNCERTAINTY_ASSIGNED_CONTEXT ( ( #3252 ) ) GLOBAL_UNIT_ASSIGNED_CONTEXT ( ( #3122, #4327, #3256 ) ) REPRESENTATION_CONTEXT ( 'NONE', 'WORKASPACE' ) );
#1638 = ORIENTED_EDGE ( 'NONE', *, *, #2146, .T. ) ;
#1639 = FILL_AREA_STYLE ('',( #3625 ) ) ;
#1640 = EDGE_LOOP ( 'NONE', ( #101, #1482, #790, #2411 ) ) ;
#1641 = DIRECTION ( 'NONE',  ( 0.000000000000000000, 0.000000000000000000, 1.000000000000000000 ) ) ;
#1642 = CARTESIAN_POINT ( 'NONE',  ( 12.14999999999999858, -3.037499999999999645, 0.000000000000000000 ) ) ;
#1643 = AXIS2_PLACEMENT_3D ( 'NONE', #4812, #4401, #2045 ) ;
#1644 =( NAMED_UNIT ( * ) SI_UNIT ( $, .STERADIAN. ) SOLID_ANGLE_UNIT ( ) );
#1645 = UNCERTAINTY_MEASURE_WITH_UNIT (LENGTH_MEASURE( 1.000000000000000082E-05 ), #1059, 'distance_accuracy_value', 'NONE');
#1646 = SURFACE_STYLE_FILL_AREA ( #209 ) ;
#1647 = VECTOR ( 'NONE', #4579, 1000.000000000000000 ) ;
#1648 = CARTESIAN_POINT ( 'NONE',  ( 16.76927397580207568, -4.049999999999942091, -92.68515870432042902 ) ) ;
#1649 = CARTESIAN_POINT ( 'NONE',  ( 26.22375000000045375, 5.366250000056598246, -91.12500000000000000 ) ) ;
#1650 = UNCERTAINTY_MEASURE_WITH_UNIT (LENGTH_MEASURE( 1.000000000000000082E-05 ), #4016, 'distance_accuracy_value', 'NONE');
#1651 = EDGE_CURVE ( 'NONE', #1654, #2669, #1862, .T. ) ;
#1652 = EDGE_LOOP ( 'NONE', ( #1847, #4945, #2953, #2826 ) ) ;
#1653 = VECTOR ( 'NONE', #4114, 1000.000000000000000 ) ;
#1654 = VERTEX_POINT ( 'NONE', #1889 ) ;
#1655 = FILL_AREA_STYLE ('',( #4780 ) ) ;
#1656 = DIRECTION ( 'NONE',  ( 0.000000000000000000, 0.000000000000000000, 1.000000000000000000 ) ) ;
#1657 =( GEOMETRIC_REPRESENTATION_CONTEXT ( 3 ) GLOBAL_UNCERTAINTY_ASSIGNED_CONTEXT ( ( #3778 ) ) GLOBAL_UNIT_ASSIGNED_CONTEXT ( ( #1187, #2810, #4357 ) ) REPRESENTATION_CONTEXT ( 'NONE', 'WORKASPACE' ) );
#1658 =( NAMED_UNIT ( * ) SI_UNIT ( $, .STERADIAN. ) SOLID_ANGLE_UNIT ( ) );
#1659 = DIRECTION ( 'NONE',  ( 0.000000000000000000, -0.7071067811865510144, -0.7071067811865441310 ) ) ;
#1660 = FILL_AREA_STYLE ('',( #1260 ) ) ;
#1661 = CARTESIAN_POINT ( 'NONE',  ( 13.19565129505242851, 29.16000000000021330, -99.93189844553413081 ) ) ;
#1663 = EDGE_CURVE ( 'NONE', #3134, #4493, #3091, .T. ) ;
#1662 = CARTESIAN_POINT ( 'NONE',  ( 20.25000000000000000, 25.10999999999999588, -3.037499999999999645 ) ) ;
#1664 = VERTEX_POINT ( 'NONE', #5045 ) ;
#1665 = CARTESIAN_POINT ( 'NONE',  ( 20.85063207607142033, 23.21062603183446527, -51.17058944865033254 ) ) ;
#1666 = CARTESIAN_POINT ( 'NONE',  ( 70.87076142158512937, 5.366250000056598246, -91.02374999999999261 ) ) ;
#1667 = CARTESIAN_POINT ( 'NONE',  ( 26.22375000000045375, 1.292486837664946873E-14, -137.0924999999999727 ) ) ;
#1668 = AXIS2_PLACEMENT_3D ( 'NONE', #462, #2014, #3587 ) ;
#1669 = PRESENTATION_STYLE_ASSIGNMENT (( #211 ) ) ;
#1670 = CARTESIAN_POINT ( 'NONE',  ( 13.15876357484562398, -4.049999999999633005, -44.63524972405540581 ) ) ;
#1671 = FILL_AREA_STYLE_COLOUR ( '', #2554 ) ;
#1672 = ADVANCED_FACE ( 'NONE', ( #2632, #4299 ), #761, .T. ) ;
#1673 = CARTESIAN_POINT ( 'NONE',  ( 10.08595334667373677, 2.743538920277266424, -90.61875000514912415 ) ) ;
#1674 = CARTESIAN_POINT ( 'NONE',  ( 9.625000000000001776, -4.049999999999672085, -99.93229604273992095 ) ) ;
#1675 = FILL_AREA_STYLE ('',( #4805 ) ) ;
#1676 = CARTESIAN_POINT ( 'NONE',  ( 29.18279389664821366, 23.03836382594460375, -96.65531797988042229 ) ) ;
#1677 = PRESENTATION_LAYER_ASSIGNMENT (  '', '', ( #4928 ) ) ;
#1678 = DIRECTION ( 'NONE',  ( 0.000000000000000000, 0.7071067811865514585, -0.7071067811865435759 ) ) ;
#1679 = FACE_OUTER_BOUND ( 'NONE', #1360, .T. ) ;
#1680 = VERTEX_POINT ( 'NONE', #3569 ) ;
#1681 = AXIS2_PLACEMENT_3D ( 'NONE', #3568, #4790, #417 ) ;
#1682 = CARTESIAN_POINT ( 'NONE',  ( 70.87076142158512937, -1.239203501523641709E-15, -46.06875000000000142 ) ) ;
#1683 = FACE_OUTER_BOUND ( 'NONE', #4162, .T. ) ;
#1684 =( NAMED_UNIT ( * ) SI_UNIT ( $, .STERADIAN. ) SOLID_ANGLE_UNIT ( ) );
#1685 = SURFACE_STYLE_FILL_AREA ( #561 ) ;
#1686 =( NAMED_UNIT ( * ) PLANE_ANGLE_UNIT ( ) SI_UNIT ( $, .RADIAN. ) );
#1687 = VERTEX_POINT ( 'NONE', #4745 ) ;
#1688 = CARTESIAN_POINT ( 'NONE',  ( 20.08909440418981873, 24.30828207892135140, -50.25606621684521969 ) ) ;
#1689 = FILL_AREA_STYLE ('',( #2083 ) ) ;
#1690 =( NAMED_UNIT ( * ) PLANE_ANGLE_UNIT ( ) SI_UNIT ( $, .RADIAN. ) );
#1691 = CARTESIAN_POINT ( 'NONE',  ( 70.87076142158512937, 5.366250000056598246, -2.849488781128229246E-14 ) ) ;
#1692 = CARTESIAN_POINT ( 'NONE',  ( 9.471647615242071439, 4.405333967708682685, -46.47375000083221863 ) ) ;
#1693 = ORIENTED_EDGE ( 'NONE', *, *, #3063, .F. ) ;
#1694 = CARTESIAN_POINT ( 'NONE',  ( 14.48754105278374915, -4.049999999999834621, -37.78257329955216903 ) ) ;
#1695 = CARTESIAN_POINT ( 'NONE',  ( 18.95728286664386886, -4.049999999999980282, -95.10783654508445295 ) ) ;
#1696 = LINE ( 'NONE', #242, #1653 ) ;
#1697 = CARTESIAN_POINT ( 'NONE',  ( 9.625000000000000000, 28.14749999999999375, -40.84195960390699298 ) ) ;
#1698 = CARTESIAN_POINT ( 'NONE',  ( 22.21600391047415712, 5.996015458984301993, -53.42657077273822352 ) ) ;
#1699 = UNCERTAINTY_MEASURE_WITH_UNIT (LENGTH_MEASURE( 1.000000000000000082E-05 ), #736, 'distance_accuracy_value', 'NONE');
#1700 = SURFACE_STYLE_FILL_AREA ( #3672 ) ;
#1701 = ORIENTED_EDGE ( 'NONE', *, *, #4055, .F. ) ;
#1702 = PRESENTATION_STYLE_ASSIGNMENT (( #247 ) ) ;
#1703 = FACE_OUTER_BOUND ( 'NONE', #232, .T. ) ;
#1704 = PLANE ( 'NONE',  #965 ) ;
#1705 =( GEOMETRIC_REPRESENTATION_CONTEXT ( 3 ) GLOBAL_UNCERTAINTY_ASSIGNED_CONTEXT ( ( #494 ) ) GLOBAL_UNIT_ASSIGNED_CONTEXT ( ( #4931, #3826, #4546 ) ) REPRESENTATION_CONTEXT ( 'NONE', 'WORKASPACE' ) );
#1706 = VECTOR ( 'NONE', #3493, 1000.000000000000000 ) ;
#1707 = PRESENTATION_STYLE_ASSIGNMENT (( #1284 ) ) ;
#1708 = EDGE_LOOP ( 'NONE', ( #127, #1221, #4183, #3229 ) ) ;
#1709 = CARTESIAN_POINT ( 'NONE',  ( 18.65474703143546265, 28.13475926061932242, -46.47375001831865404 ) ) ;
#1710 = CONICAL_SURFACE ( 'NONE', #3705, 2.531249999999939604, 0.7853981633974433940 ) ;
#1711 = ORIENTED_EDGE ( 'NONE', *, *, #2603, .T. ) ;
#1712 =( NAMED_UNIT ( * ) SI_UNIT ( $, .STERADIAN. ) SOLID_ANGLE_UNIT ( ) );
#1713 = PRESENTATION_STYLE_ASSIGNMENT (( #2836 ) ) ;
#1714 = FILL_AREA_STYLE_COLOUR ( '', #541 ) ;
#1715 = FILL_AREA_STYLE ('',( #180 ) ) ;
#1716 = STYLED_ITEM ( 'NONE', ( #1702 ), #2984 ) ;
#1717 = PLANE ( 'NONE',  #3532 ) ;
#1718 = FILL_AREA_STYLE ('',( #616 ) ) ;
#1719 = CARTESIAN_POINT ( 'NONE',  ( 16.63045084467373869, -4.049999999999907452, -39.48431724159215861 ) ) ;
#1720 = PRESENTATION_LAYER_ASSIGNMENT (  '', '', ( #3040 ) ) ;
#1721 =( NAMED_UNIT ( * ) SI_UNIT ( $, .STERADIAN. ) SOLID_ANGLE_UNIT ( ) );
#1722 = CARTESIAN_POINT ( 'NONE',  ( 14.72648864749331388, -4.049999999999693401, -92.60357682831920556 ) ) ;
#1723 = DIRECTION ( 'NONE',  ( 0.000000000000000000, 1.000000000000000000, 0.000000000000000000 ) ) ;
#1724 = DIRECTION ( 'NONE',  ( 0.000000000000000000, -0.7071067811865435759, 0.7071067811865515695 ) ) ;
#1725 = CARTESIAN_POINT ( 'NONE',  ( 21.39686935373397247, 2.963055631541732016, -51.94322507264416799 ) ) ;
#1726 = VECTOR ( 'NONE', #4758, 1000.000000000000000 ) ;
#1727 = ORIENTED_EDGE ( 'NONE', *, *, #388, .F. ) ;
#1728 = CARTESIAN_POINT ( 'NONE',  ( 41.51250000000000284, 12.55499999999999794, -87.07499999999998863 ) ) ;
#1729 = EDGE_LOOP ( 'NONE', ( #155, #2526, #4600 ) ) ;
#1730 = PLANE ( 'NONE',  #1156 ) ;
#1731 = CARTESIAN_POINT ( 'NONE',  ( 30.37500000000000000, 7.087500000000008349, -113.4000000000000057 ) ) ;
#1732 = B_SPLINE_CURVE_WITH_KNOTS ( 'NONE', 3,
 ( #3025, #4623, #1126, #4235, #2693, #3509 ),
 .UNSPECIFIED., .F., .F.,
 ( 4, 2, 4 ),
 ( 0.000000000000000000, 0.5000000000000000000, 1.000000000000000000 ),
 .UNSPECIFIED. ) ;
#1733 = CARTESIAN_POINT ( 'NONE',  ( 17.00392084525170588, -2.802843615216449979, -46.47374989866668216 ) ) ;
#1734 = VECTOR ( 'NONE', #1723, 1000.000000000000000 ) ;
#1735 = DIRECTION ( 'NONE',  ( -0.000000000000000000, 1.000000000000000000, 0.000000000000000000 ) ) ;
#1736 = ADVANCED_FACE ( 'NONE', ( #3491 ), #1922, .F. ) ;
#1737 = EDGE_CURVE ( 'NONE', #1863, #501, #2419, .T. ) ;
#1738 = LINE ( 'NONE', #3006, #600 ) ;
#1739 =( GEOMETRIC_REPRESENTATION_CONTEXT ( 3 ) GLOBAL_UNCERTAINTY_ASSIGNED_CONTEXT ( ( #1757 ) ) GLOBAL_UNIT_ASSIGNED_CONTEXT ( ( #2377, #1974, #4380 ) ) REPRESENTATION_CONTEXT ( 'NONE', 'WORKASPACE' ) );
#1740 =( LENGTH_UNIT ( ) NAMED_UNIT ( * ) SI_UNIT ( .MILLI., .METRE. ) );
#1741 = CARTESIAN_POINT ( 'NONE',  ( 10.12500000000000000, 29.07345230499073097, -37.92415867957085851 ) ) ;
#1742 = B_SPLINE_CURVE_WITH_KNOTS ( 'NONE', 3,
 ( #3598, #3218, #898, #4819, #1269, #923, #1522, #2771, #1578, #2694, #380, #3948, #4397, #3160, #4368, #837, #1128, #2414, #3482, #2315, #3923, #483, #1177, #4290, #1226, #433, #3895, #3107, #3585, #1960, #4000, #4739, #89, #4784, #781, #39, #1936, #2725, #4316, #1631, #2396, #3562, #4759, #408, #2339, #3210, #3978, #753, #460, #2752, #1989, #1911 ),
 .UNSPECIFIED., .F., .F.,
 ( 4, 2, 2, 2, 1, 1, 1, 1, 2, 2, 2, 2, 1, 1, 1, 1, 1, 2, 2, 2, 2, 1, 1, 1, 1, 2, 2, 2, 1, 1, 1, 2, 2, 4 ),
 ( 0.000000000000000000, 0.1249999999999895639, 0.1874999999999830413, 0.2187499999999801548, 0.2343749999999772959, 0.2421874999999758804, 0.2460937499999771294, 0.2480468749999777955, 0.2490234374999781286, 0.2499999999999784617, 0.3749999999999587552, 0.4374999999999479305, 0.4687499999999439337, 0.4843749999999431566, 0.4921874999999426570, 0.4960937499999423239, 0.4980468749999424904, 0.4990234374999425460, 0.4999999999999426570, 0.6249999999999606981, 0.6874999999999704681, 0.7187499999999743538, 0.7343749999999754641, 0.7421874999999759082, 0.7460937499999760192, 0.7480468749999760192, 0.7499999999999761302, 0.8124999999999702460, 0.8437499999999673594, 0.8593749999999665823, 0.8671874999999669154, 0.8710937499999676925, 0.8749999999999684697, 1.000000000000000000 ),
 .UNSPECIFIED. ) ;
#1743 = SURFACE_STYLE_USAGE ( .BOTH. , #278 ) ;
#1744 = VERTEX_POINT ( 'NONE', #4008 ) ;
#1745 = CARTESIAN_POINT ( 'NONE',  ( 22.27499999999999503, 18.02250000000000085, -53.56125000000000114 ) ) ;
#1746 =( LENGTH_UNIT ( ) NAMED_UNIT ( * ) SI_UNIT ( .MILLI., .METRE. ) );
#1747 =( NAMED_UNIT ( * ) PLANE_ANGLE_UNIT ( ) SI_UNIT ( $, .RADIAN. ) );
#1748 = FILL_AREA_STYLE ('',( #4872 ) ) ;
#1749 = CARTESIAN_POINT ( 'NONE',  ( 22.27499999999999503, 7.039717834641194515E-14, -53.56125000000000114 ) ) ;
#1750 = ORIENTED_EDGE ( 'NONE', *, *, #1651, .F. ) ;
#1751 = CARTESIAN_POINT ( 'NONE',  ( 18.75741260885180139, -3.037499999999999201, -90.63650390374398569 ) ) ;
#1752 = ADVANCED_FACE ( 'NONE', ( #1993 ), #2829, .T. ) ;
#1753 = CARTESIAN_POINT ( 'NONE',  ( 17.65488751521026600, -4.049999999999802647, -92.70048708671583881 ) ) ;
#1754 = CARTESIAN_POINT ( 'NONE',  ( 23.23687500000000128, 12.55499999999999794, -84.49312499999999204 ) ) ;
#1755 = CARTESIAN_POINT ( 'NONE',  ( 29.04314511219141437, 23.30408752861650257, -38.81941012080717002 ) ) ;
#1756 = CARTESIAN_POINT ( 'NONE',  ( 29.00207227917163877, 23.37964568672695265, -97.12464784368403059 ) ) ;
#1757 = UNCERTAINTY_MEASURE_WITH_UNIT (LENGTH_MEASURE( 1.000000000000000082E-05 ), #2377, 'distance_accuracy_value', 'NONE');
#1758 = AXIS2_PLACEMENT_3D ( 'NONE', #2283, #3057, #4654 ) ;
#1759 = CARTESIAN_POINT ( 'NONE',  ( 17.32021499314798518, -2.022511491249916915, -89.60376149124932965 ) ) ;
#1760 = PRESENTATION_LAYER_ASSIGNMENT (  '', '', ( #4834 ) ) ;
#1761 =( NAMED_UNIT ( * ) PLANE_ANGLE_UNIT ( ) SI_UNIT ( $, .RADIAN. ) );
#1762 = CARTESIAN_POINT ( 'NONE',  ( -12.67873889985042624, -4.049999999998882494, -113.4000000000000057 ) ) ;
#1763 = ADVANCED_FACE ( 'NONE', ( #443 ), #3116, .T. ) ;
#1764 = DIRECTION ( 'NONE',  ( 3.469446951953585100E-16, 0.000000000000000000, -1.000000000000000000 ) ) ;
#1765 =( NAMED_UNIT ( * ) PLANE_ANGLE_UNIT ( ) SI_UNIT ( $, .RADIAN. ) );
#1766 = FILL_AREA_STYLE_COLOUR ( '', #3526 ) ;
#1767 = MECHANICAL_DESIGN_GEOMETRIC_PRESENTATION_REPRESENTATION (  '', ( #2919 ), #1194 ) ;
#1768 = FILL_AREA_STYLE ('',( #1396 ) ) ;
#1769 = UNCERTAINTY_MEASURE_WITH_UNIT (LENGTH_MEASURE( 1.000000000000000082E-05 ), #3505, 'distance_accuracy_value', 'NONE');
#1770 = EDGE_CURVE ( 'NONE', #996, #2627, #994, .T. ) ;
#1771 = CARTESIAN_POINT ( 'NONE',  ( 14.83473601050040358, 28.14749999999999375, -90.61874999999960778 ) ) ;
#1772 = CARTESIAN_POINT ( 'NONE',  ( 18.90306717958565841, 29.16000000000021686, -44.38348952726208552 ) ) ;
#1773 = VERTEX_POINT ( 'NONE', #2477 ) ;
#1774 =( LENGTH_UNIT ( ) NAMED_UNIT ( * ) SI_UNIT ( .MILLI., .METRE. ) );
#1775 = ORIENTED_EDGE ( 'NONE', *, *, #2272, .T. ) ;
#1776 = EDGE_CURVE ( 'NONE', #2941, #1066, #3307, .T. ) ;
#1777 = CARTESIAN_POINT ( 'NONE',  ( 11.03339564942866069, -4.050000000000008704, -45.07821353877653792 ) ) ;
#1778 = DIRECTION ( 'NONE',  ( 3.469446951953585100E-16, 0.000000000000000000, -1.000000000000000000 ) ) ;
#1779 = LINE ( 'NONE', #288, #3607 ) ;
#1780 = PLANE ( 'NONE',  #542 ) ;
#1781 = CARTESIAN_POINT ( 'NONE',  ( 28.40062500000002998, 7.391249999999997655, -47.43562500000045645 ) ) ;
#1782 = CARTESIAN_POINT ( 'NONE',  ( 22.04807163064185005, 4.955645716326046113, -53.07123573736315336 ) ) ;
#1783 = CYLINDRICAL_SURFACE ( 'NONE', #2123, 11.13749999999999751 ) ;
#1784 = DIRECTION ( 'NONE',  ( 1.000000000000000000, -0.000000000000000000, -0.000000000000000000 ) ) ;
#1785 = CARTESIAN_POINT ( 'NONE',  ( 17.25637092540665307, -4.049999999999878142, -44.39796413354027749 ) ) ;
#1786 = B_SPLINE_CURVE_WITH_KNOTS ( 'NONE', 3,
 ( #1570, #3942, #426, #452, #3153, #1980, #2409, #5054, #2767, #829, #4671, #3554, #3966, #5105, #4360, #1483, #2383, #1124, #2687, #2303 ),
 .UNSPECIFIED., .F., .F.,
 ( 4, 2, 2, 2, 2, 2, 2, 2, 2, 4 ),
 ( 0.000000000000000000, 0.0003499984973325796517, 0.0006999969946651593035, 0.001399993989330333569, 0.002799987978660658464, 0.004199981967990982709, 0.005599975957321308255, 0.008399963935981953275, 0.009799957925312283158, 0.01119995191464261131 ),
 .UNSPECIFIED. ) ;
#1787 =( LENGTH_UNIT ( ) NAMED_UNIT ( * ) SI_UNIT ( .MILLI., .METRE. ) );
#1788 = CARTESIAN_POINT ( 'NONE',  ( 9.625000000000000000, 28.14749999999999375, -96.25054039609325685 ) ) ;
#1789 = CARTESIAN_POINT ( 'NONE',  ( 10.12500000000000000, 29.16000000000031278, -37.16650842017372014 ) ) ;
#1790 = COLOUR_RGB ( '',0.1019607843137254888, 0.1019607843137254888, 0.1019607843137254888 ) ;
#1791 = CARTESIAN_POINT ( 'NONE',  ( 18.41066112714693404, 29.16000000000008896, -92.70700159089753356 ) ) ;
#1792 = ORIENTED_EDGE ( 'NONE', *, *, #2262, .T. ) ;
#1793 = CARTESIAN_POINT ( 'NONE',  ( 21.39364823896887557, 22.15415843817904218, -51.93832393763141653 ) ) ;
#1794 = FACE_BOUND ( 'NONE', #1970, .T. ) ;
#1795 = STYLED_ITEM ( 'NONE', ( #3015 ), #4537 ) ;
#1796 = EDGE_CURVE ( 'NONE', #2261, #3148, #4841, .T. ) ;
#1797 = VERTEX_POINT ( 'NONE', #4947 ) ;
#1798 = CARTESIAN_POINT ( 'NONE',  ( 12.27766568195755426, -3.037500000000000089, -41.64342565623291392 ) ) ;
#1799 = AXIS2_PLACEMENT_3D ( 'NONE', #2155, #3231, #2124 ) ;
#1800 = CARTESIAN_POINT ( 'NONE',  ( 9.206007736169752320, 5.712614827232003201, -46.47375000002966772 ) ) ;
#1801 = CARTESIAN_POINT ( 'NONE',  ( 19.23749999999999716, -3.037499999999999645, -90.61874999999999147 ) ) ;
#1802 =( NAMED_UNIT ( * ) PLANE_ANGLE_UNIT ( ) SI_UNIT ( $, .RADIAN. ) );
#1803 = MECHANICAL_DESIGN_GEOMETRIC_PRESENTATION_REPRESENTATION (  '', ( #3436 ), #2388 ) ;
#1804 = SURFACE_STYLE_FILL_AREA ( #265 ) ;
#1805 = CARTESIAN_POINT ( 'NONE',  ( 23.23687500000002260, 7.391249999999997655, -52.59937500000046384 ) ) ;
#1806 = VECTOR ( 'NONE', #3323, 1000.000000000000000 ) ;
#1807 =( LENGTH_UNIT ( ) NAMED_UNIT ( * ) SI_UNIT ( .MILLI., .METRE. ) );
#1808 = CARTESIAN_POINT ( 'NONE',  ( 19.23749999999999716, -3.037499999999999645, -90.61874999999999147 ) ) ;
#1809 = CARTESIAN_POINT ( 'NONE',  ( 18.05471191077780446, 28.14749999999999375, -46.33505106463545786 ) ) ;
#1810 = VECTOR ( 'NONE', #4321, 1000.000000000000000 ) ;
#1811 = UNCERTAINTY_MEASURE_WITH_UNIT (LENGTH_MEASURE( 1.000000000000000082E-05 ), #830, 'distance_accuracy_value', 'NONE');
#1812 = FILL_AREA_STYLE_COLOUR ( '', #4677 ) ;
#1813 = STYLED_ITEM ( 'NONE', ( #3537 ), #3503 ) ;
#1814 = CARTESIAN_POINT ( 'NONE',  ( 0.000000000000000000, 3.073713158996406964E-14, -140.1299999999999670 ) ) ;
#1815 = VECTOR ( 'NONE', #958, 1000.000000000000000 ) ;
#1816 = CARTESIAN_POINT ( 'NONE',  ( 19.23750000000052296, 28.14749999999990848, -90.61874999999999147 ) ) ;
#1817 = ADVANCED_FACE ( 'NONE', ( #2859 ), #1356, .T. ) ;
#1818 = EDGE_LOOP ( 'NONE', ( #2850 ) ) ;
#1819 = CARTESIAN_POINT ( 'NONE',  ( 9.625000000000000000, -4.049999999999990052, -113.4000000000000057 ) ) ;
#1820 = CIRCLE ( 'NONE', #4738, 10.12500000000000000 ) ;
#1821 = CARTESIAN_POINT ( 'NONE',  ( 9.625000000000000000, 12.55499999999999794, -47.43562499999999460 ) ) ;
#1822 = CARTESIAN_POINT ( 'NONE',  ( 14.02336140300752021, -3.037499999999999645, -43.13082708341121929 ) ) ;
#1823 = CARTESIAN_POINT ( 'NONE',  ( 69.75701142159100243, -2.163626784528340123E-13, -113.4000000000000057 ) ) ;
#1824 = EDGE_LOOP ( 'NONE', ( #4564, #1364, #1957, #1138, #2830 ) ) ;
#1825 =( LENGTH_UNIT ( ) NAMED_UNIT ( * ) SI_UNIT ( .MILLI., .METRE. ) );
#1826 = ORIENTED_EDGE ( 'NONE', *, *, #2230, .T. ) ;
#1827 = CARTESIAN_POINT ( 'NONE',  ( 21.28791974929604791, 22.39081614309774437, -85.31500453798366834 ) ) ;
#1828 = SURFACE_STYLE_FILL_AREA ( #1052 ) ;
#1829 = ADVANCED_FACE ( 'NONE', ( #3283 ), #1019, .F. ) ;
#1830 = FACE_BOUND ( 'NONE', #310, .T. ) ;
#1831 = LINE ( 'NONE', #3399, #2147 ) ;
#1832 = ORIENTED_EDGE ( 'NONE', *, *, #4086, .F. ) ;
#1833 = CARTESIAN_POINT ( 'NONE',  ( 18.28582909809264834, -3.037500000000000089, -90.70598807088866522 ) ) ;
#1834 = CARTESIAN_POINT ( 'NONE',  ( 9.625000000000000000, 0.000000000000000000, -134.0549999999999784 ) ) ;
#1835 = DIRECTION ( 'NONE',  ( 0.000000000000000000, 0.000000000000000000, 1.000000000000000000 ) ) ;
#1836 = CARTESIAN_POINT ( 'NONE',  ( 11.60315597909817242, 29.16000000000026660, -44.91612200837201385 ) ) ;
#1837 = MECHANICAL_DESIGN_GEOMETRIC_PRESENTATION_REPRESENTATION (  '', ( #236 ), #2094 ) ;
#1838 = CARTESIAN_POINT ( 'NONE',  ( 15.30291306584451583, 27.35396060334038637, -90.61875003405056361 ) ) ;
#1839 = ORIENTED_EDGE ( 'NONE', *, *, #5084, .F. ) ;
#1840 = CARTESIAN_POINT ( 'NONE',  ( 21.88222022335776984, 20.81959766600243711, -52.75105684828905339 ) ) ;
#1841 = MECHANICAL_DESIGN_GEOMETRIC_PRESENTATION_REPRESENTATION (  '', ( #1600 ), #4761 ) ;
#1842 = CARTESIAN_POINT ( 'NONE',  ( 19.23749999999999716, 28.14749999999999375, -3.843567104199589366E-15 ) ) ;
#1843 = SURFACE_SIDE_STYLE ('',( #2541 ) ) ;
#1844 = ORIENTED_EDGE ( 'NONE', *, *, #85, .T. ) ;
#1845 = CARTESIAN_POINT ( 'NONE',  ( 19.57570645576649682, -3.037499999999998757, -5.151883622570516422E-15 ) ) ;
#1846 = PRESENTATION_STYLE_ASSIGNMENT (( #2990 ) ) ;
#1847 = ORIENTED_EDGE ( 'NONE', *, *, #4547, .T. ) ;
#1848 = CARTESIAN_POINT ( 'NONE',  ( 10.05916539099447604, -4.049999999999671196, -100.7044708889487907 ) ) ;
#1849 = CARTESIAN_POINT ( 'NONE',  ( 22.22856828509193505, 18.99317134716164190, -83.63780938860276137 ) ) ;
#1850 = DIRECTION ( 'NONE',  ( 0.000000000000000000, -0.7071067811865474617, 0.7071067811865474617 ) ) ;
#1851 = UNCERTAINTY_MEASURE_WITH_UNIT (LENGTH_MEASURE( 1.000000000000000082E-05 ), #2353, 'distance_accuracy_value', 'NONE');
#1852 = SURFACE_SIDE_STYLE ('',( #1146 ) ) ;
#1853 = DIRECTION ( 'NONE',  ( 0.000000000000000000, 1.000000000000000000, 0.000000000000000000 ) ) ;
#1854 = CARTESIAN_POINT ( 'NONE',  ( 12.14999999999999858, 28.14749999999999375, -46.47375000000000256 ) ) ;
#1855 = CARTESIAN_POINT ( 'NONE',  ( 19.23749999999999716, 7.087500000000000355, -3.512815038853157133E-16 ) ) ;
#1856 = CARTESIAN_POINT ( 'NONE',  ( 17.42459581314996697, 29.16000000000006054, -40.32832506747348589 ) ) ;
#1857 = CARTESIAN_POINT ( 'NONE',  ( 9.792040492738017576, 21.67706373719941482, -90.61875000250091716 ) ) ;
#1858 = ORIENTED_EDGE ( 'NONE', *, *, #936, .F. ) ;
#1859 = SURFACE_STYLE_FILL_AREA ( #386 ) ;
#1860 = PRESENTATION_LAYER_ASSIGNMENT (  '', '', ( #93 ) ) ;
#1861 = CARTESIAN_POINT ( 'NONE',  ( 18.31871496284983891, -3.037499999999999201, -46.40871390459358281 ) ) ;
#1862 = LINE ( 'NONE', #3905, #4004 ) ;
#1863 = VERTEX_POINT ( 'NONE', #1129 ) ;
#1864 = ORIENTED_EDGE ( 'NONE', *, *, #4017, .T. ) ;
#1865 = DIRECTION ( 'NONE',  ( 3.469446951953585100E-16, 0.000000000000000000, -1.000000000000000000 ) ) ;
#1866 = EDGE_LOOP ( 'NONE', ( #4072, #2468, #986, #1268 ) ) ;
#1867 = DIRECTION ( 'NONE',  ( 0.000000000000000000, 0.000000000000000000, 1.000000000000000000 ) ) ;
#1868 = CARTESIAN_POINT ( 'NONE',  ( 21.39686935373942234, 22.14694436844607139, -85.14927492734939563 ) ) ;
#1869 = MECHANICAL_DESIGN_GEOMETRIC_PRESENTATION_REPRESENTATION (  '', ( #1795 ), #1705 ) ;
#1870 = CARTESIAN_POINT ( 'NONE',  ( 9.625000000000000000, 29.16000000000031278, -36.39402376808431683 ) ) ;
#1871 = MECHANICAL_DESIGN_GEOMETRIC_PRESENTATION_REPRESENTATION (  '', ( #598 ), #2043 ) ;
#1872 = ORIENTED_EDGE ( 'NONE', *, *, #4055, .T. ) ;
#1873 = VECTOR ( 'NONE', #3305, 1000.000000000000000 ) ;
#1874 = VECTOR ( 'NONE', #1309, 1000.000000000000000 ) ;
#1875 = DIRECTION ( 'NONE',  ( 0.000000000000000000, 0.7071067811865489050, -0.7071067811865460184 ) ) ;
#1876 = ADVANCED_FACE ( 'NONE', ( #2281 ), #1083, .T. ) ;
#1877 = DIRECTION ( 'NONE',  ( 1.000000000000000000, -1.126443815569357865E-16, 3.469446951953585100E-16 ) ) ;
#1878 = DIRECTION ( 'NONE',  ( 0.000000000000000000, 0.000000000000000000, -1.000000000000000000 ) ) ;
#1879 = VERTEX_POINT ( 'NONE', #4653 ) ;
#1880 = CARTESIAN_POINT ( 'NONE',  ( 13.04159045292408159, 28.14749999999999375, -94.92185586992464152 ) ) ;
#1881 = VECTOR ( 'NONE', #4732, 1000.000000000000000 ) ;
#1882 = CARTESIAN_POINT ( 'NONE',  ( 10.56567981672406020, 29.16000000000029146, -45.24129074459565913 ) ) ;
#1884 = ADVANCED_FACE ( 'NONE', ( #3379 ), #2232, .T. ) ;
#1883 = CARTESIAN_POINT ( 'NONE',  ( 18.72059169720892768, 29.16000000000001791, -95.27888226498782842 ) ) ;
#1885 = ORIENTED_EDGE ( 'NONE', *, *, #3589, .F. ) ;
#1886 = CARTESIAN_POINT ( 'NONE',  ( 10.12500000000000000, -3.621089756750193622, -39.42488802818114380 ) ) ;
#1887 = VECTOR ( 'NONE', #2489, 1000.000000000000000 ) ;
#1888 = CARTESIAN_POINT ( 'NONE',  ( 19.23749479280288099, -3.037499999999999645, -46.47375000000000256 ) ) ;
#1889 = CARTESIAN_POINT ( 'NONE',  ( 26.22375000000045375, 25.10999999999999588, -45.96750000000000114 ) ) ;
#1890 = EDGE_LOOP ( 'NONE', ( #787, #2633, #682, #4145 ) ) ;
#1891 = CARTESIAN_POINT ( 'NONE',  ( 9.625000000000000000, 29.16000000000031989, -100.6984762319159472 ) ) ;
#1892 = AXIS2_PLACEMENT_3D ( 'NONE', #1116, #2287, #3869 ) ;
#1893 = FILL_AREA_STYLE ('',( #3875 ) ) ;
#1894 = ORIENTED_EDGE ( 'NONE', *, *, #1514, .F. ) ;
#1895 = CARTESIAN_POINT ( 'NONE',  ( 10.12500000000000000, -3.625305056040362572, -97.68133091484692443 ) ) ;
#1896 = CARTESIAN_POINT ( 'NONE',  ( 22.16729321694762689, 19.50655981726400157, -83.77368930200989894 ) ) ;
#1897 = EDGE_CURVE ( 'NONE', #4423, #2792, #1057, .T. ) ;
#1898 = CARTESIAN_POINT ( 'NONE',  ( 29.67154301187884258, 21.91819558003267332, -39.39375993410560284 ) ) ;
#1899 = CIRCLE ( 'NONE', #3902, 10.12500000000000178 ) ;
#1900 = EDGE_LOOP ( 'NONE', ( #1114, #2021, #3284 ) ) ;
#1901 = CARTESIAN_POINT ( 'NONE',  ( 19.23749999999999716, 7.087500000000000355, -46.47375000000000256 ) ) ;
#1902 = LINE ( 'NONE', #773, #1629 ) ;
#1903 = CARTESIAN_POINT ( 'NONE',  ( 29.36250000000000071, 7.087500000000000355, -90.61874999999999147 ) ) ;
#1904 = ORIENTED_EDGE ( 'NONE', *, *, #982, .T. ) ;
#1905 = CARTESIAN_POINT ( 'NONE',  ( 26.22375000000045375, 2.898052025671948817E-15, -91.12500000000000000 ) ) ;
#1906 = CARTESIAN_POINT ( 'NONE',  ( 18.31884664450367239, 28.14749999999999019, -90.68376590544680482 ) ) ;
#1907 = B_SPLINE_CURVE_WITH_KNOTS ( 'NONE', 3,
 ( #3136, #2280, #1906, #4340, #3510, #4236, #3859, #348, #1127, #700, #1176, #5083, #2751, #3080, #1880, #2254, #4678, #749, #1519, #3105, #4704, #2312 ),
 .UNSPECIFIED., .F., .F.,
 ( 4, 2, 2, 2, 2, 2, 2, 2, 2, 2, 4 ),
 ( 0.000000000000000000, 0.001374480801755451282, 0.002061721202633172260, 0.002748961603510892589, 0.004123442405266355797, 0.005497923207021823341, 0.006872404008777290886, 0.008246884810532756696, 0.008934125211410492637, 0.009621365612288228578, 0.01099584641404370046 ),
 .UNSPECIFIED. ) ;
#1908 = B_SPLINE_SURFACE_WITH_KNOTS ( 'NONE', 3, 1, ( 
 ( #1870, #4966 ),
 ( #3767, #1789 ),
 ( #1037, #1741 ),
 ( #2132, #256 ),
 ( #3355, #562 ),
 ( #2536, #4108 ) ),
 .UNSPECIFIED., .F., .F., .F.,
 ( 4, 2, 4 ),
 ( 2, 2 ),
 ( 0.000000000000000000, 0.5000000000000000000, 1.000000000000000000 ),
 ( 0.000000000000000000, 1.000000000000000000 ),
 .UNSPECIFIED. ) ;
#1909 = VECTOR ( 'NONE', #4688, 1000.000000000000000 ) ;
#1910 = EDGE_CURVE ( 'NONE', #4604, #1744, #3815, .T. ) ;
#1911 = CARTESIAN_POINT ( 'NONE',  ( 22.27499999999999503, 7.087500000000000355, -83.53125000000000000 ) ) ;
#1912 = CARTESIAN_POINT ( 'NONE',  ( 27.33749999999999858, 19.74375000005680292, -23.69249999999999901 ) ) ;
#1913 = DIRECTION ( 'NONE',  ( -1.000000000000000000, 0.000000000000000000, 0.000000000000000000 ) ) ;
#1914 = CARTESIAN_POINT ( 'NONE',  ( 12.34330715882093443, 29.16000000000065029, -44.75818660647159675 ) ) ;
#1915 = CARTESIAN_POINT ( 'NONE',  ( 18.24529419179521739, 29.16000000000003567, -95.78515258018308032 ) ) ;
#1916 = STYLED_ITEM ( 'NONE', ( #4033 ), #1736 ) ;
#1917 = VECTOR ( 'NONE', #4343, 1000.000000000000000 ) ;
#1918 = ORIENTED_EDGE ( 'NONE', *, *, #774, .T. ) ;
#1919 = CARTESIAN_POINT ( 'NONE',  ( 27.33749999999999858, 28.14749999999999375, -113.4000000000000057 ) ) ;
#1920 = VECTOR ( 'NONE', #2720, 1000.000000000000000 ) ;
#1921 =( LENGTH_UNIT ( ) NAMED_UNIT ( * ) SI_UNIT ( .MILLI., .METRE. ) );
#1922 = PLANE ( 'NONE',  #3195 ) ;
#1923 = ORIENTED_EDGE ( 'NONE', *, *, #2755, .F. ) ;
#1924 =( NAMED_UNIT ( * ) SI_UNIT ( $, .STERADIAN. ) SOLID_ANGLE_UNIT ( ) );
#1925 = DIRECTION ( 'NONE',  ( 0.000000000000000000, 1.000000000000000000, 0.000000000000000000 ) ) ;
#1926 = VERTEX_POINT ( 'NONE', #1441 ) ;
#1927 = CARTESIAN_POINT ( 'NONE',  ( 20.25000000000000000, 28.14749999999999375, -3.843567104199589366E-15 ) ) ;
#1928 = CARTESIAN_POINT ( 'NONE',  ( 22.12255214278050985, 19.77523265029338617, -83.86854175131180966 ) ) ;
#1929 = MECHANICAL_DESIGN_GEOMETRIC_PRESENTATION_REPRESENTATION (  '', ( #3836 ), #399 ) ;
#1930 = CARTESIAN_POINT ( 'NONE',  ( 30.37500000000000000, 0.000000000000000000, -42.06036481966473417 ) ) ;
#1931 = CARTESIAN_POINT ( 'NONE',  ( 29.43008906925842538, 2.597379838698385068, -39.81016285042603897 ) ) ;
#1932 =( LENGTH_UNIT ( ) NAMED_UNIT ( * ) SI_UNIT ( .MILLI., .METRE. ) );
#1933 = CARTESIAN_POINT ( 'NONE',  ( 20.34305895190776425, 1.135278791070923443, -50.54645995833486438 ) ) ;
#1934 = ORIENTED_EDGE ( 'NONE', *, *, #2597, .F. ) ;
#1935 = LINE ( 'NONE', #377, #4384 ) ;
#1936 = CARTESIAN_POINT ( 'NONE',  ( 22.02349884275092151, 4.844781444108412494, -84.07026915362435204 ) ) ;
#1937 = DIRECTION ( 'NONE',  ( 1.275134399224530079E-15, -1.000000000000000000, -1.885568995626961821E-16 ) ) ;
#1938 = CARTESIAN_POINT ( 'NONE',  ( 16.46321699037184061, 29.16000000000009607, -39.32356321173607228 ) ) ;
#1939 = CARTESIAN_POINT ( 'NONE',  ( 14.62516847671128417, 27.04345717280034123, -90.61875005199452460 ) ) ;
#1940 = ORIENTED_EDGE ( 'NONE', *, *, #4449, .T. ) ;
#1941 = CARTESIAN_POINT ( 'NONE',  ( 10.12500000000000000, -4.049999999999683631, -36.39402376808444473 ) ) ;
#1942 = EDGE_CURVE ( 'NONE', #3079, #3104, #4238, .T. ) ;
#1943 = CARTESIAN_POINT ( 'NONE',  ( 19.23750000000000071, 7.087500000000001243, -95.03213518033511775 ) ) ;
#1944 = VERTEX_POINT ( 'NONE', #22 ) ;
#1945 = ORIENTED_EDGE ( 'NONE', *, *, #2972, .F. ) ;
#1946 = FACE_OUTER_BOUND ( 'NONE', #1132, .T. ) ;
#1947 = CARTESIAN_POINT ( 'NONE',  ( 9.625000000000000000, -3.037499999999991207, -96.25054039609449319 ) ) ;
#1948 = PLANE ( 'NONE',  #2157 ) ;
#1949 = PRESENTATION_STYLE_ASSIGNMENT (( #797 ) ) ;
#1950 = CARTESIAN_POINT ( 'NONE',  ( 26.22375000000045375, 0.000000000000000000, -1.083623791457039653E-14 ) ) ;
#1951 = STYLED_ITEM ( 'NONE', ( #4462 ), #1983 ) ;
#1952 = CARTESIAN_POINT ( 'NONE',  ( 0.000000000000000000, 25.10999999999999588, -140.1299999999999670 ) ) ;
#1953 = EDGE_CURVE ( 'NONE', #3945, #828, #2297, .T. ) ;
#1954 = CARTESIAN_POINT ( 'NONE',  ( 18.65474703143581792, -3.024759260619689361, -90.61874998168163131 ) ) ;
#1955 = SURFACE_STYLE_FILL_AREA ( #857 ) ;
#1956 = VECTOR ( 'NONE', #1079, 1000.000000000000000 ) ;
#1957 = ORIENTED_EDGE ( 'NONE', *, *, #3648, .T. ) ;
#1958 = VERTEX_POINT ( 'NONE', #2709 ) ;
#1959 = AXIS2_PLACEMENT_3D ( 'NONE', #2770, #2793, #1200 ) ;
#1960 = CARTESIAN_POINT ( 'NONE',  ( 21.68089913061685436, 3.653663302615508091, -84.69937023368318307 ) ) ;
#1961 =( NAMED_UNIT ( * ) PLANE_ANGLE_UNIT ( ) SI_UNIT ( $, .RADIAN. ) );
#1962 = CARTESIAN_POINT ( 'NONE',  ( 9.362497579729559760, 20.26976826870108894, -90.61875000083193754 ) ) ;
#1963 = ORIENTED_EDGE ( 'NONE', *, *, #559, .F. ) ;
#1964 = FILL_AREA_STYLE_COLOUR ( '', #2222 ) ;
#1965 = EDGE_CURVE ( 'NONE', #1494, #3331, #2000, .T. ) ;
#1966 = STYLED_ITEM ( 'NONE', ( #2128 ), #3419 ) ;
#1967 = DIRECTION ( 'NONE',  ( -0.000000000000000000, -1.885568995626962808E-16, 1.000000000000000000 ) ) ;
#1968 = EDGE_CURVE ( 'NONE', #1680, #2910, #51, .T. ) ;
#1969 = EDGE_LOOP ( 'NONE', ( #456, #4375, #1556, #4696 ) ) ;
#1970 = EDGE_LOOP ( 'NONE', ( #2510 ) ) ;
#1971 = PLANE ( 'NONE',  #2047 ) ;
#1972 = VECTOR ( 'NONE', #3580, 999.9999999999998863 ) ;
#1973 = SURFACE_STYLE_FILL_AREA ( #4305 ) ;
#1974 =( NAMED_UNIT ( * ) PLANE_ANGLE_UNIT ( ) SI_UNIT ( $, .RADIAN. ) );
#1975 = DIRECTION ( 'NONE',  ( 1.000000000000000000, 0.000000000000000000, 0.000000000000000000 ) ) ;
#1976 = UNCERTAINTY_MEASURE_WITH_UNIT (LENGTH_MEASURE( 1.000000000000000082E-05 ), #2818, 'distance_accuracy_value', 'NONE');
#1977 = PLANE ( 'NONE',  #1384 ) ;
#1978 = EDGE_CURVE ( 'NONE', #1423, #2051, #4274, .T. ) ;
#1979 = CARTESIAN_POINT ( 'NONE',  ( 13.34514088600905524, -4.049999999999804423, -44.61211079158317006 ) ) ;
#1980 = CARTESIAN_POINT ( 'NONE',  ( 18.47367145322151671, 29.16000000000002501, -41.57838433601924066 ) ) ;
#1981 = CARTESIAN_POINT ( 'NONE',  ( -101.2500000000000000, 25.10999999999999588, 0.000000000000000000 ) ) ;
#1982 = ADVANCED_FACE ( 'NONE', ( #1566 ), #1109, .F. ) ;
#1983 = ADVANCED_FACE ( 'NONE', ( #3934 ), #448, .T. ) ;
#1984 = AXIS2_PLACEMENT_3D ( 'NONE', #2002, #2027, #1341 ) ;
#1985 = B_SPLINE_CURVE_WITH_KNOTS ( 'NONE', 3,
 ( #1788, #658, #3352, #4287, #6, #750, #3138, #2156, #4599 ),
 .UNSPECIFIED., .F., .F.,
 ( 4, 1, 2, 2, 4 ),
 ( 0.000000000000000000, 0.2499999999999933942, 0.3749999999999943934, 0.4999999999999954481, 1.000000000000000000 ),
 .UNSPECIFIED. ) ;
#1986 = ORIENTED_EDGE ( 'NONE', *, *, #1605, .T. ) ;
#1987 = ORIENTED_EDGE ( 'NONE', *, *, #4434, .F. ) ;
#1988 = CARTESIAN_POINT ( 'NONE',  ( 12.38395681045311036, 29.16000000000024528, -100.2365406577856533 ) ) ;
#1989 = CARTESIAN_POINT ( 'NONE',  ( 22.27500000000000568, 6.716976959392619406, -83.53125000000001421 ) ) ;
#1990 = CARTESIAN_POINT ( 'NONE',  ( 9.625000000000000000, 3.073713158996406964E-14, -140.1299999999999670 ) ) ;
#1991 = CARTESIAN_POINT ( 'NONE',  ( 10.97435288513165474, 29.16000000000029502, -100.5929214578693092 ) ) ;
#1992 = FACE_OUTER_BOUND ( 'NONE', #1184, .T. ) ;
#1993 = FACE_OUTER_BOUND ( 'NONE', #946, .T. ) ;
#1994 =( GEOMETRIC_REPRESENTATION_CONTEXT ( 3 ) GLOBAL_UNCERTAINTY_ASSIGNED_CONTEXT ( ( #2846 ) ) GLOBAL_UNIT_ASSIGNED_CONTEXT ( ( #71, #2020, #1181 ) ) REPRESENTATION_CONTEXT ( 'NONE', 'WORKASPACE' ) );
#1995 = ORIENTED_EDGE ( 'NONE', *, *, #3899, .T. ) ;
#1996 = STYLED_ITEM ( 'NONE', ( #3816 ), #720 ) ;
#1997 = CARTESIAN_POINT ( 'NONE',  ( 20.25000000000000000, 79.58249999999999602, -79.58249999999999602 ) ) ;
#1998 = ORIENTED_EDGE ( 'NONE', *, *, #3861, .F. ) ;
#1999 = CARTESIAN_POINT ( 'NONE',  ( 9.625000000000000000, 22.07249999999999801, 6.175755471531950543E-15 ) ) ;
#2000 = LINE ( 'NONE', #1186, #4700 ) ;
#2001 = DIRECTION ( 'NONE',  ( 0.000000000000000000, 5.551115123125790098E-17, -1.000000000000000000 ) ) ;
#2002 = CARTESIAN_POINT ( 'NONE',  ( 20.25000000000000000, -3.037499999999999645, -46.47375000000000256 ) ) ;
#2003 =( GEOMETRIC_REPRESENTATION_CONTEXT ( 3 ) GLOBAL_UNCERTAINTY_ASSIGNED_CONTEXT ( ( #2010 ) ) GLOBAL_UNIT_ASSIGNED_CONTEXT ( ( #4260, #1488, #2251 ) ) REPRESENTATION_CONTEXT ( 'NONE', 'WORKASPACE' ) );
#2004 = CYLINDRICAL_SURFACE ( 'NONE', #1008, 11.13749999999999751 ) ;
#2005 = CARTESIAN_POINT ( 'NONE',  ( 20.25000000000000000, 28.14749999999999375, -46.47375000000000256 ) ) ;
#2006 = MECHANICAL_DESIGN_GEOMETRIC_PRESENTATION_REPRESENTATION (  '', ( #2841 ), #4674 ) ;
#2007 = CARTESIAN_POINT ( 'NONE',  ( 26.22375000000045375, 25.10999999999999588, -113.4000000000000057 ) ) ;
#2008 = SURFACE_SIDE_STYLE ('',( #427 ) ) ;
#2009 = MECHANICAL_DESIGN_GEOMETRIC_PRESENTATION_REPRESENTATION (  '', ( #2928 ), #4420 ) ;
#2010 = UNCERTAINTY_MEASURE_WITH_UNIT (LENGTH_MEASURE( 1.000000000000000082E-05 ), #4260, 'distance_accuracy_value', 'NONE');
#2011 = ORIENTED_EDGE ( 'NONE', *, *, #621, .T. ) ;
#2012 = SURFACE_STYLE_FILL_AREA ( #3182 ) ;
#2013 =( LENGTH_UNIT ( ) NAMED_UNIT ( * ) SI_UNIT ( .MILLI., .METRE. ) );
#2014 = DIRECTION ( 'NONE',  ( -0.000000000000000000, -1.885568995626962808E-16, 1.000000000000000000 ) ) ;
#2015 = SURFACE_STYLE_USAGE ( .BOTH. , #4454 ) ;
#2016 =( BOUNDED_CURVE ( )  B_SPLINE_CURVE ( 3, ( #3504, #32, #3177, #339 ),
 .UNSPECIFIED., .F., .F. ) 
 B_SPLINE_CURVE_WITH_KNOTS ( ( 4, 4 ),
 ( 2.739899324768539862E-16, 3.141592653589790007 ),
 .UNSPECIFIED. ) 
 CURVE ( )  GEOMETRIC_REPRESENTATION_ITEM ( )  RATIONAL_B_SPLINE_CURVE ( ( 1.000000000000000000, 0.3333333333333340365, 0.3333333333333340365, 1.000000000000000000 ) ) 
 REPRESENTATION_ITEM ( '' )  );
#2017 = ORIENTED_EDGE ( 'NONE', *, *, #4367, .F. ) ;
#2018 = DIRECTION ( 'NONE',  ( 0.000000000000000000, -0.000000000000000000, -1.000000000000000000 ) ) ;
#2019 = ADVANCED_FACE ( 'NONE', ( #128 ), #4407, .T. ) ;
#2020 =( NAMED_UNIT ( * ) PLANE_ANGLE_UNIT ( ) SI_UNIT ( $, .RADIAN. ) );
#2021 = ORIENTED_EDGE ( 'NONE', *, *, #2904, .F. ) ;
#2022 = PRESENTATION_STYLE_ASSIGNMENT (( #4035 ) ) ;
#2023 = ORIENTED_EDGE ( 'NONE', *, *, #335, .T. ) ;
#2024 = CARTESIAN_POINT ( 'NONE',  ( 20.44934537621811543, 23.82219772878416464, -50.67379736320688011 ) ) ;
#2025 = CARTESIAN_POINT ( 'NONE',  ( 20.25000000000000000, 3.161533534967732192E-14, -140.1299999999999670 ) ) ;
#2026 = CARTESIAN_POINT ( 'NONE',  ( 20.25000000000000000, 1.097754699641572746E-16, -3.037499999999999645 ) ) ;
#2027 = DIRECTION ( 'NONE',  ( -0.000000000000000000, 0.7071067811865510144, 0.7071067811865441310 ) ) ;
#2028 = CARTESIAN_POINT ( 'NONE',  ( -12.67873889985042624, -4.049999999998891376, -23.69250000000030099 ) ) ;
#2029 = CARTESIAN_POINT ( 'NONE',  ( 29.48595330931170722, 2.726364831348167872, -96.83502445321826713 ) ) ;
#2030 = CARTESIAN_POINT ( 'NONE',  ( 18.02220027412049674, -4.049999999999957190, -41.03963957000449625 ) ) ;
#2031 = CARTESIAN_POINT ( 'NONE',  ( 11.93998284184954528, -4.049999999999746692, -36.72085431544618928 ) ) ;
#2032 = CARTESIAN_POINT ( 'NONE',  ( 18.55285281645688400, -4.049999999999966072, -95.43824875910961225 ) ) ;
#2033 = DIRECTION ( 'NONE',  ( 0.000000000000000000, -1.000000000000000000, 0.000000000000000000 ) ) ;
#2034 = PRESENTATION_LAYER_ASSIGNMENT (  '', '', ( #2781 ) ) ;
#2035 = SURFACE_SIDE_STYLE ('',( #3969 ) ) ;
#2036 = EDGE_CURVE ( 'NONE', #1624, #2502, #4013, .T. ) ;
#2037 = VECTOR ( 'NONE', #1216, 1000.000000000000000 ) ;
#2038 = VERTEX_POINT ( 'NONE', #2025 ) ;
#2039 = PRESENTATION_LAYER_ASSIGNMENT (  '', '', ( #1795 ) ) ;
#2040 = VECTOR ( 'NONE', #1332, 1000.000000000000000 ) ;
#2041 = CYLINDRICAL_SURFACE ( 'NONE', #1799, 11.13749999999999751 ) ;
#2042 = CARTESIAN_POINT ( 'NONE',  ( 20.25000000000000000, 25.10999999999999588, -134.0549999999999784 ) ) ;
#2043 =( GEOMETRIC_REPRESENTATION_CONTEXT ( 3 ) GLOBAL_UNCERTAINTY_ASSIGNED_CONTEXT ( ( #1645 ) ) GLOBAL_UNIT_ASSIGNED_CONTEXT ( ( #1059, #4894, #4518 ) ) REPRESENTATION_CONTEXT ( 'NONE', 'WORKASPACE' ) );
#2044 = CARTESIAN_POINT ( 'NONE',  ( 9.186909309740633134, 19.25000684710112608, -90.61875000002942215 ) ) ;
#2045 = DIRECTION ( 'NONE',  ( 0.000000000000000000, 0.000000000000000000, -1.000000000000000000 ) ) ;
#2046 = EDGE_CURVE ( 'NONE', #4925, #4272, #4432, .T. ) ;
#2047 = AXIS2_PLACEMENT_3D ( 'NONE', #4304, #793, #765 ) ;
#2048 = EDGE_CURVE ( 'NONE', #3009, #2875, #1742, .T. ) ;
#2049 =( NAMED_UNIT ( * ) PLANE_ANGLE_UNIT ( ) SI_UNIT ( $, .RADIAN. ) );
#2050 = ORIENTED_EDGE ( 'NONE', *, *, #221, .F. ) ;
#2051 = VERTEX_POINT ( 'NONE', #5085 ) ;
#2052 = CARTESIAN_POINT ( 'NONE',  ( -12.67873889985042624, -4.049999999998882494, -113.4000000000000057 ) ) ;
#2053 = STYLED_ITEM ( 'NONE', ( #1287 ), #3115 ) ;
#2054 = CARTESIAN_POINT ( 'NONE',  ( 19.23749999999999716, 18.02250000000000085, -46.47375000000000256 ) ) ;
#2055 = SURFACE_SIDE_STYLE ('',( #1646 ) ) ;
#2056 = FACE_OUTER_BOUND ( 'NONE', #2134, .T. ) ;
#2057 = CARTESIAN_POINT ( 'NONE',  ( 18.47423716648468073, -4.049999999999973177, -41.56926913758891118 ) ) ;
#2058 = CIRCLE ( 'NONE', #4808, 11.13749999999999751 ) ;
#2059 = CARTESIAN_POINT ( 'NONE',  ( 30.37500000000000000, 18.02250000000000796, -90.61874999999999147 ) ) ;
#2060 = CARTESIAN_POINT ( 'NONE',  ( 17.12848719689675292, -4.050000000000049560, -92.69234437626052170 ) ) ;
#2061 =( NAMED_UNIT ( * ) SI_UNIT ( $, .STERADIAN. ) SOLID_ANGLE_UNIT ( ) );
#2062 = VECTOR ( 'NONE', #33, 1000.000000000000000 ) ;
#2063 = CARTESIAN_POINT ( 'NONE',  ( 29.04866309628008736, 23.29385560866432314, -97.72279505539246713 ) ) ;
#2064 = UNCERTAINTY_MEASURE_WITH_UNIT (LENGTH_MEASURE( 1.000000000000000082E-05 ), #892, 'distance_accuracy_value', 'NONE');
#2065 =( NAMED_UNIT ( * ) SI_UNIT ( $, .STERADIAN. ) SOLID_ANGLE_UNIT ( ) );
#2066 = CARTESIAN_POINT ( 'NONE',  ( 10.05916539099460749, 29.16000000000031633, -36.38802911105143068 ) ) ;
#2067 = STYLED_ITEM ( 'NONE', ( #2109 ), #70 ) ;
#2068 = ORIENTED_EDGE ( 'NONE', *, *, #2514, .F. ) ;
#2069 = SURFACE_SIDE_STYLE ('',( #479 ) ) ;
#2070 = CARTESIAN_POINT ( 'NONE',  ( 9.625000000000000000, 28.14749999999999375, -96.25054039609325685 ) ) ;
#2071 = EDGE_CURVE ( 'NONE', #3092, #4998, #3785, .T. ) ;
#2072 = VECTOR ( 'NONE', #3910, 1000.000000000000000 ) ;
#2073 = FACE_BOUND ( 'NONE', #4806, .T. ) ;
#2074 = LINE ( 'NONE', #4029, #4255 ) ;
#2075 = CARTESIAN_POINT ( 'NONE',  ( 9.250003310013978464, 19.68875609750854849, -90.61874999991205470 ) ) ;
#2076 = EDGE_CURVE ( 'NONE', #1199, #2652, #1154, .T. ) ;
#2077 = FILL_AREA_STYLE ('',( #970 ) ) ;
#2078 = EDGE_LOOP ( 'NONE', ( #1469, #3642, #4858, #5063 ) ) ;
#2079 = CARTESIAN_POINT ( 'NONE',  ( 29.36250000000000071, 6.135966329190820307E-14, -46.47375000000000256 ) ) ;
#2080 = ORIENTED_EDGE ( 'NONE', *, *, #1363, .T. ) ;
#2081 = CARTESIAN_POINT ( 'NONE',  ( 20.29163784259304748, 24.04192333523229763, -50.48770054554125863 ) ) ;
#2082 = PLANE ( 'NONE',  #3792 ) ;
#2083 = FILL_AREA_STYLE_COLOUR ( '', #740 ) ;
#2084 = DIRECTION ( 'NONE',  ( 1.000000000000000000, 0.000000000000000000, 0.000000000000000000 ) ) ;
#2085 = FACE_OUTER_BOUND ( 'NONE', #2243, .T. ) ;
#2086 = CARTESIAN_POINT ( 'NONE',  ( 9.625000000000000000, 29.16000000000031989, -100.6984762319159472 ) ) ;
#2087 =( GEOMETRIC_REPRESENTATION_CONTEXT ( 3 ) GLOBAL_UNCERTAINTY_ASSIGNED_CONTEXT ( ( #2119 ) ) GLOBAL_UNIT_ASSIGNED_CONTEXT ( ( #3840, #3404, #5087 ) ) REPRESENTATION_CONTEXT ( 'NONE', 'WORKASPACE' ) );
#2088 = CARTESIAN_POINT ( 'NONE',  ( 28.91102056706567325, 1.567229348012577406, -39.68179709931400367 ) ) ;
#2089 = CARTESIAN_POINT ( 'NONE',  ( 9.950844101306445921, -4.050000000000085976, -45.54933628051948347 ) ) ;
#2090 = PRESENTATION_STYLE_ASSIGNMENT (( #2456 ) ) ;
#2091 = CARTESIAN_POINT ( 'NONE',  ( 9.721178101304401409, 3.625091548011080800, -90.61874999870505576 ) ) ;
#2092 = CARTESIAN_POINT ( 'NONE',  ( 18.47367145322125381, -4.049999999999964295, -95.51411566397987940 ) ) ;
#2093 = CARTESIAN_POINT ( 'NONE',  ( 29.66942713697473266, 21.92388347547755956, -97.11131511243740988 ) ) ;
#2094 =( GEOMETRIC_REPRESENTATION_CONTEXT ( 3 ) GLOBAL_UNCERTAINTY_ASSIGNED_CONTEXT ( ( #647 ) ) GLOBAL_UNIT_ASSIGNED_CONTEXT ( ( #4498, #2164, #3749 ) ) REPRESENTATION_CONTEXT ( 'NONE', 'WORKASPACE' ) );
#2095 = CARTESIAN_POINT ( 'NONE',  ( 10.51933663224472681, 29.16000000000029857, -36.42843621265252807 ) ) ;
#2096 = ORIENTED_EDGE ( 'NONE', *, *, #249, .F. ) ;
#2097 =( NAMED_UNIT ( * ) SI_UNIT ( $, .STERADIAN. ) SOLID_ANGLE_UNIT ( ) );
#2098 = CARTESIAN_POINT ( 'NONE',  ( 11.84558032533402105, 28.14749999999999730, -41.38947529005443471 ) ) ;
#2099 = SURFACE_STYLE_FILL_AREA ( #4912 ) ;
#2100 = LINE ( 'NONE', #1762, #3119 ) ;
#2101 =( NAMED_UNIT ( * ) PLANE_ANGLE_UNIT ( ) SI_UNIT ( $, .RADIAN. ) );
#2102 = LINE ( 'NONE', #3766, #1075 ) ;
#2103 = FILL_AREA_STYLE_COLOUR ( '', #1014 ) ;
#2104 = CARTESIAN_POINT ( 'NONE',  ( 19.23749999999999716, 25.25319628389963000, -87.72444628389918364 ) ) ;
#2105 = CARTESIAN_POINT ( 'NONE',  ( 20.25000000001022471, 25.10999999999969390, -23.69250000000075929 ) ) ;
#2106 = ORIENTED_EDGE ( 'NONE', *, *, #2186, .F. ) ;
#2107 = DIRECTION ( 'NONE',  ( 0.000000000000000000, 0.000000000000000000, 1.000000000000000000 ) ) ;
#2108 = SURFACE_STYLE_FILL_AREA ( #1689 ) ;
#2109 = PRESENTATION_STYLE_ASSIGNMENT (( #2960 ) ) ;
#2110 = DIRECTION ( 'NONE',  ( 1.000000000000000000, -2.775557561562889810E-17, 0.000000000000000000 ) ) ;
#2111 = UNCERTAINTY_MEASURE_WITH_UNIT (LENGTH_MEASURE( 1.000000000000000082E-05 ), #27, 'distance_accuracy_value', 'NONE');
#2112 =( NAMED_UNIT ( * ) SI_UNIT ( $, .STERADIAN. ) SOLID_ANGLE_UNIT ( ) );
#2113 = FACE_OUTER_BOUND ( 'NONE', #3827, .T. ) ;
#2114 = CARTESIAN_POINT ( 'NONE',  ( 9.362497579729074815, 4.840231731300014495, -46.47374999916839755 ) ) ;
#2115 = CARTESIAN_POINT ( 'NONE',  ( 17.59018545643089126, -4.049999999999942091, -40.51356804853373461 ) ) ;
#2116 = CARTESIAN_POINT ( 'NONE',  ( 11.09975811909856880, 1.056527704268185763, -90.61875000940588620 ) ) ;
#2117 = LINE ( 'NONE', #1697, #1815 ) ;
#2118 = CARTESIAN_POINT ( 'NONE',  ( 22.09803947312494543, 5.198716938014588784, -53.17269539707889692 ) ) ;
#2119 = UNCERTAINTY_MEASURE_WITH_UNIT (LENGTH_MEASURE( 1.000000000000000082E-05 ), #3840, 'distance_accuracy_value', 'NONE');
#2120 = CARTESIAN_POINT ( 'NONE',  ( 9.485467577983301979, 29.15999999999953474, -45.90695847911936056 ) ) ;
#2121 = ORIENTED_EDGE ( 'NONE', *, *, #738, .F. ) ;
#2122 = B_SPLINE_CURVE_WITH_KNOTS ( 'NONE', 3,
 ( #2976, #4581, #4182, #654, #1367, #4553, #2946, #4117, #2549, #4076, #2093, #934, #2894, #1296, #1007, #2491, #1676, #551, #3670, #1756, #4049, #907, #2923, #2063, #4529, #3757, #4444, #4854 ),
 .UNSPECIFIED., .T., .F.,
 ( 4, 2, 2, 2, 2, 2, 2, 2, 2, 2, 2, 2, 2, 4 ),
 ( 0.000000000000000000, 0.0003076125048517151426, 0.0006152250097034302851, 0.0009228375145551452651, 0.001230450019406860570, 0.001538062524258575767, 0.001845675029110290530, 0.002460900038813725477, 0.003076125048517160208, 0.003383737553368892752, 0.003691350058220624862, 0.003998962563072357840, 0.004306575067924089950, 0.004921800077627552436 ),
 .UNSPECIFIED. ) ;
#2123 = AXIS2_PLACEMENT_3D ( 'NONE', #3371, #3000, #3780 ) ;
#2124 = DIRECTION ( 'NONE',  ( 0.000000000000000000, 1.000000000000000000, 0.000000000000000000 ) ) ;
#2125 = SURFACE_STYLE_FILL_AREA ( #146 ) ;
#2126 = CARTESIAN_POINT ( 'NONE',  ( 26.22375000000045375, 29.76750000005679908, -91.12499999992000710 ) ) ;
#2127 = VECTOR ( 'NONE', #1925, 1000.000000000000000 ) ;
#2128 = PRESENTATION_STYLE_ASSIGNMENT (( #298 ) ) ;
#2129 =( GEOMETRIC_REPRESENTATION_CONTEXT ( 3 ) GLOBAL_UNCERTAINTY_ASSIGNED_CONTEXT ( ( #1103 ) ) GLOBAL_UNIT_ASSIGNED_CONTEXT ( ( #2903, #3276, #1658 ) ) REPRESENTATION_CONTEXT ( 'NONE', 'WORKASPACE' ) );
#2130 = VECTOR ( 'NONE', #4842, 1000.000000000000000 ) ;
#2131 = DIRECTION ( 'NONE',  ( 1.000000000000000000, 0.000000000000000000, 0.000000000000000000 ) ) ;
#2132 = CARTESIAN_POINT ( 'NONE',  ( 9.625000000000000000, 28.73530505604074037, -39.41116908515416384 ) ) ;
#2133 = VECTOR ( 'NONE', #3, 1000.000000000000000 ) ;
#2134 = EDGE_LOOP ( 'NONE', ( #1375, #1530, #3204, #5014 ) ) ;
#2135 = CARTESIAN_POINT ( 'NONE',  ( 21.55334227563443505, 21.79659153587198261, -52.18128322236242411 ) ) ;
#2136 =( GEOMETRIC_REPRESENTATION_CONTEXT ( 3 ) GLOBAL_UNCERTAINTY_ASSIGNED_CONTEXT ( ( #38 ) ) GLOBAL_UNIT_ASSIGNED_CONTEXT ( ( #1032, #4859, #2097 ) ) REPRESENTATION_CONTEXT ( 'NONE', 'WORKASPACE' ) );
#2137 = DIRECTION ( 'NONE',  ( 3.469446951953623655E-14, 1.000000000000000000, 0.000000000000000000 ) ) ;
#2138 = CARTESIAN_POINT ( 'NONE',  ( 28.82775179519497044, 1.424168597482236231, -39.41462031160992296 ) ) ;
#2139 = CARTESIAN_POINT ( 'NONE',  ( 9.186909309740713070, 5.859993152898380409, -46.47374999997096268 ) ) ;
#2140 = ORIENTED_EDGE ( 'NONE', *, *, #2046, .T. ) ;
#2141 = CARTESIAN_POINT ( 'NONE',  ( 19.23749999999999716, -3.037499999999999645, -23.69250000000030099 ) ) ;
#2142 = PRESENTATION_LAYER_ASSIGNMENT (  '', '', ( #4308 ) ) ;
#2143 = CARTESIAN_POINT ( 'NONE',  ( 13.53775358467447987, -1.303414582293207724, -90.61875006458514292 ) ) ;
#2144 = CARTESIAN_POINT ( 'NONE',  ( 29.07368540814155011, 23.24738990685694517, -38.73615816942488976 ) ) ;
#2145 = DIRECTION ( 'NONE',  ( 0.000000000000000000, -1.000000000000000000, 0.000000000000000000 ) ) ;
#2146 = EDGE_CURVE ( 'NONE', #2679, #3945, #8, .T. ) ;
#2147 = VECTOR ( 'NONE', #1513, 1000.000000000000000 ) ;
#2148 = CARTESIAN_POINT ( 'NONE',  ( 13.19565129505259016, 29.16000000000020620, -37.16060155446581348 ) ) ;
#2149 = EDGE_LOOP ( 'NONE', ( #3673, #2535, #1693, #4736, #2351 ) ) ;
#2150 = CARTESIAN_POINT ( 'NONE',  ( 19.23749999999999716, 28.14749999999999375, -46.47375000000000256 ) ) ;
#2151 = VECTOR ( 'NONE', #2994, 1000.000000000000000 ) ;
#2152 = EDGE_CURVE ( 'NONE', #2910, #1282, #836, .T. ) ;
#2153 = CARTESIAN_POINT ( 'NONE',  ( 16.52775551947563670, -2.678597686952830959, -46.47375006789390994 ) ) ;
#2154 = VECTOR ( 'NONE', #3656, 1000.000000000000000 ) ;
#2155 = CARTESIAN_POINT ( 'NONE',  ( 19.23749999999999716, 18.02250000000000796, -90.61874999999999147 ) ) ;
#2156 = CARTESIAN_POINT ( 'NONE',  ( 9.625000000000000000, 29.16000000000031989, -99.92712564625773553 ) ) ;
#2157 = AXIS2_PLACEMENT_3D ( 'NONE', #520, #2001, #899 ) ;
#2158 = DIRECTION ( 'NONE',  ( 3.469446951953585100E-16, 0.000000000000000000, -1.000000000000000000 ) ) ;
#2159 = CARTESIAN_POINT ( 'NONE',  ( 19.00935330477707552, 29.16000000000001080, -95.08127098124433019 ) ) ;
#2160 = ORIENTED_EDGE ( 'NONE', *, *, #350, .T. ) ;
#2161 = CARTESIAN_POINT ( 'NONE',  ( 22.10801308444659696, 19.86278346438616538, -53.19312087388686905 ) ) ;
#2162 = PRODUCT_DEFINITION_CONTEXT ( 'detailed design', #2565, 'design' ) ;
#2163 = LINE ( 'NONE', #2571, #752 ) ;
#2164 =( NAMED_UNIT ( * ) PLANE_ANGLE_UNIT ( ) SI_UNIT ( $, .RADIAN. ) );
#2165 = CARTESIAN_POINT ( 'NONE',  ( 14.43229514618730569, -4.049999999999831957, -37.78311742024600761 ) ) ;
#2166 = DIRECTION ( 'NONE',  ( 3.469446951953585100E-16, 0.000000000000000000, -1.000000000000000000 ) ) ;
#2167 = LINE ( 'NONE', #3751, #745 ) ;
#2168 = DIRECTION ( 'NONE',  ( 1.000000000000000000, 0.000000000000000000, 0.000000000000000000 ) ) ;
#2169 = DIRECTION ( 'NONE',  ( 0.000000000000000000, 0.7071067811865486830, 0.7071067811865464625 ) ) ;
#2170 = CARTESIAN_POINT ( 'NONE',  ( 22.03099213543563550, 4.878056783176242917, -53.03711811027336154 ) ) ;
#2171 = UNCERTAINTY_MEASURE_WITH_UNIT (LENGTH_MEASURE( 1.000000000000000082E-05 ), #4582, 'distance_accuracy_value', 'NONE');
#2172 =( LENGTH_UNIT ( ) NAMED_UNIT ( * ) SI_UNIT ( .MILLI., .METRE. ) );
#2173 = MECHANICAL_DESIGN_GEOMETRIC_PRESENTATION_REPRESENTATION (  '', ( #1996 ), #2087 ) ;
#2175 = EDGE_CURVE ( 'NONE', #893, #3494, #1607, .T. ) ;
#2174 = CARTESIAN_POINT ( 'NONE',  ( -12.67873889984927338, 29.16000000000110504, -23.69250000000030099 ) ) ;
#2176 = CARTESIAN_POINT ( 'NONE',  ( 18.28582934186936271, 28.14749999999999730, -46.38651197752492550 ) ) ;
#2177 = MECHANICAL_DESIGN_GEOMETRIC_PRESENTATION_REPRESENTATION (  '', ( #4834 ), #2343 ) ;
#2178 =( NAMED_UNIT ( * ) SI_UNIT ( $, .STERADIAN. ) SOLID_ANGLE_UNIT ( ) );
#2179 = LINE ( 'NONE', #202, #1873 ) ;
#2180 = AXIS2_PLACEMENT_3D ( 'NONE', #3152, #106, #3552 ) ;
#2181 = LINE ( 'NONE', #3007, #3214 ) ;
#2182 = UNCERTAINTY_MEASURE_WITH_UNIT (LENGTH_MEASURE( 1.000000000000000082E-05 ), #4140, 'distance_accuracy_value', 'NONE');
#2183 = VERTEX_POINT ( 'NONE', #556 ) ;
#2184 = STYLED_ITEM ( 'NONE', ( #2238 ), #1433 ) ;
#2186 = EDGE_CURVE ( 'NONE', #576, #4267, #2100, .T. ) ;
#2185 = CARTESIAN_POINT ( 'NONE',  ( 19.09278326094601752, 29.16000000000000725, -95.05257678755617690 ) ) ;
#2187 = ORIENTED_EDGE ( 'NONE', *, *, #3880, .F. ) ;
#2188 =( NAMED_UNIT ( * ) SI_UNIT ( $, .STERADIAN. ) SOLID_ANGLE_UNIT ( ) );
#2189 = FACE_OUTER_BOUND ( 'NONE', #1818, .T. ) ;
#2190 = CARTESIAN_POINT ( 'NONE',  ( 29.22073594832909293, 2.150000000001048850, -98.07500000000028706 ) ) ;
#2191 =( NAMED_UNIT ( * ) PLANE_ANGLE_UNIT ( ) SI_UNIT ( $, .RADIAN. ) );
#2192 = CARTESIAN_POINT ( 'NONE',  ( 9.295173029818586841, -4.049999999999452704, -46.13517350621615520 ) ) ;
#2193 = CARTESIAN_POINT ( 'NONE',  ( 10.12500000000000000, -3.037499999999991207, -96.25054039609449319 ) ) ;
#2194 = FILL_AREA_STYLE_COLOUR ( '', #1149 ) ;
#2195 = DIRECTION ( 'NONE',  ( -0.000000000000000000, 0.000000000000000000, 1.000000000000000000 ) ) ;
#2196 = ADVANCED_FACE ( 'NONE', ( #1279 ), #2441, .F. ) ;
#2197 = LINE ( 'NONE', #3695, #4068 ) ;
#2198 = FILL_AREA_STYLE_COLOUR ( '', #4370 ) ;
#2199 = PRESENTATION_STYLE_ASSIGNMENT (( #1391 ) ) ;
#2200 = CARTESIAN_POINT ( 'NONE',  ( 12.99233108769507261, 28.14749999999999730, -42.13154749657139320 ) ) ;
#2201 = ADVANCED_FACE ( 'NONE', ( #579, #2852 ), #2041, .T. ) ;
#2202 = CARTESIAN_POINT ( 'NONE',  ( 19.23749999998212701, -3.037500000000175504, -46.47375000000030809 ) ) ;
#2203 = CARTESIAN_POINT ( 'NONE',  ( 30.37500000000000000, 18.02250000000000796, -95.03213518033477669 ) ) ;
#2204 = DIRECTION ( 'NONE',  ( 0.000000000000000000, -2.478854636960472933E-14, 1.000000000000000000 ) ) ;
#2205 = PRESENTATION_LAYER_ASSIGNMENT (  '', '', ( #263 ) ) ;
#2206 = CARTESIAN_POINT ( 'NONE',  ( 26.22375000000045375, 29.76750000005679908, -45.96750000007998693 ) ) ;
#2207 = PRESENTATION_LAYER_ASSIGNMENT (  '', '', ( #2463 ) ) ;
#2208 = CARTESIAN_POINT ( 'NONE',  ( 17.25637092541477813, 29.16000000000016712, -92.69453586646018550 ) ) ;
#2209 = ORIENTED_EDGE ( 'NONE', *, *, #3706, .T. ) ;
#2210 = CARTESIAN_POINT ( 'NONE',  ( 22.20605362369469304, 19.20212940311737526, -53.40441872664283096 ) ) ;
#2211 = CIRCLE ( 'NONE', #7, 10.12499999999998757 ) ;
#2212 = ADVANCED_FACE ( 'NONE', ( #889, #1703, #2073, #120, #3644 ), #4835, .F. ) ;
#2213 = CARTESIAN_POINT ( 'NONE',  ( 15.85809605228306474, -3.037500000000000089, -45.19155355967095744 ) ) ;
#2214 = SURFACE_STYLE_USAGE ( .BOTH. , #1065 ) ;
#2215 = ORIENTED_EDGE ( 'NONE', *, *, #2688, .T. ) ;
#2216 = LINE ( 'NONE', #597, #4875 ) ;
#2217 = VECTOR ( 'NONE', #3237, 1000.000000000000000 ) ;
#2218 =( LENGTH_UNIT ( ) NAMED_UNIT ( * ) SI_UNIT ( .MILLI., .METRE. ) );
#2219 = CARTESIAN_POINT ( 'NONE',  ( 21.67446243100599901, 21.46243334291394689, -84.70744427941842503 ) ) ;
#2220 = CARTESIAN_POINT ( 'NONE',  ( 29.67883727649815029, 21.89837223102363950, -39.29022863144304267 ) ) ;
#2221 = COLOUR_RGB ( '',0.1019607843137254888, 0.1019607843137254888, 0.1019607843137254888 ) ;
#2222 = COLOUR_RGB ( '',0.1019607843137254888, 0.1019607843137254888, 0.1019607843137254888 ) ;
#2223 = CARTESIAN_POINT ( 'NONE',  ( 12.14999999999999858, 18.02250000000000085, 0.000000000000000000 ) ) ;
#2224 =( LENGTH_UNIT ( ) NAMED_UNIT ( * ) SI_UNIT ( .MILLI., .METRE. ) );
#2225 = CARTESIAN_POINT ( 'NONE',  ( 19.12160935087051428, -4.049999999999995381, -42.04756902449889822 ) ) ;
#2226 = CARTESIAN_POINT ( 'NONE',  ( 27.33749999999999858, 5.366250000056598246, -46.06875000000000142 ) ) ;
#2227 = PRESENTATION_LAYER_ASSIGNMENT (  '', '', ( #940 ) ) ;
#2228 = CARTESIAN_POINT ( 'NONE',  ( 9.625000000000000000, -3.037499999999999645, -113.4000000000000057 ) ) ;
#2230 = EDGE_CURVE ( 'NONE', #1664, #3906, #4781, .T. ) ;
#2229 = SURFACE_STYLE_FILL_AREA ( #1768 ) ;
#2231 = MECHANICAL_DESIGN_GEOMETRIC_PRESENTATION_REPRESENTATION (  '', ( #3543 ), #3890 ) ;
#2232 = PLANE ( 'NONE',  #4288 ) ;
#2233 = CARTESIAN_POINT ( 'NONE',  ( 15.88402619944805139, 27.57869053434223616, -46.47374996605352493 ) ) ;
#2234 = EDGE_LOOP ( 'NONE', ( #4339, #2403, #1372, #49, #304 ) ) ;
#2235 = CARTESIAN_POINT ( 'NONE',  ( 22.07247450742795891, 20.04666307971608674, -53.11964011755312498 ) ) ;
#2236 = CLOSED_SHELL ( 'NONE', ( #1089, #1147, #4985, #4141, #3419, #1125, #2440, #482, #1389, #883, #900, #2984, #720, #1983, #3824, #3187, #3077, #2410, #4689, #2997, #1458, #4969, #1262, #70, #2532, #5012, #1610, #3713, #3852, #2534, #2019, #3272, #4221, #571, #2828, #2433, #4537, #472, #1170, #1397, #1736, #415, #1876, #4783, #2945, #1817, #1763, #4417, #1148, #251, #1752, #345, #1335, #2196, #1302, #1829, #2782, #1884, #1489, #4159, #4914, #1672, #4595, #4237, #5009, #3322, #2201, #1433, #4515, #5056, #3115, #2369, #1440, #1011, #1290, #4921, #1490, #3308, #3615, #4944, #4155, #2212, #4150, #5041, #1982, #3213, #4187, #96, #4967, #3503 ) ) ;
#2237 = VERTEX_POINT ( 'NONE', #4609 ) ;
#2238 = PRESENTATION_STYLE_ASSIGNMENT (( #728 ) ) ;
#2239 = MECHANICAL_DESIGN_GEOMETRIC_PRESENTATION_REPRESENTATION (  '', ( #2323 ), #1101 ) ;
#2240 = DIRECTION ( 'NONE',  ( -3.469446951953585100E-16, 0.000000000000000000, 1.000000000000000000 ) ) ;
#2241 = EDGE_LOOP ( 'NONE', ( #826, #4768, #1844, #1894 ) ) ;
#2242 = FILL_AREA_STYLE_COLOUR ( '', #3788 ) ;
#2243 = EDGE_LOOP ( 'NONE', ( #657, #4895, #4078, #2290, #1161 ) ) ;
#2244 = SURFACE_STYLE_USAGE ( .BOTH. , #3366 ) ;
#2245 = CARTESIAN_POINT ( 'NONE',  ( 26.22375000000045375, 5.366250000056598246, -1.083623791457039653E-14 ) ) ;
#2246 = FILL_AREA_STYLE ('',( #693 ) ) ;
#2247 =( NAMED_UNIT ( * ) PLANE_ANGLE_UNIT ( ) SI_UNIT ( $, .RADIAN. ) );
#2248 =( LENGTH_UNIT ( ) NAMED_UNIT ( * ) SI_UNIT ( .MILLI., .METRE. ) );
#2249 = DIRECTION ( 'NONE',  ( -1.000000000000000000, 8.566535683836085975E-16, 0.000000000000000000 ) ) ;
#2250 = AXIS2_PLACEMENT_3D ( 'NONE', #1552, #3140, #1580 ) ;
#2251 =( NAMED_UNIT ( * ) SI_UNIT ( $, .STERADIAN. ) SOLID_ANGLE_UNIT ( ) );
#2252 = DIRECTION ( 'NONE',  ( 1.000000000000000000, 0.000000000000000000, 0.000000000000000000 ) ) ;
#2253 = ORIENTED_EDGE ( 'NONE', *, *, #3363, .F. ) ;
#2254 = CARTESIAN_POINT ( 'NONE',  ( 12.47505017674018646, 28.14750000000000441, -95.32398586380928407 ) ) ;
#2255 = AXIS2_PLACEMENT_3D ( 'NONE', #1823, #729, #2703 ) ;
#2256 =( LENGTH_UNIT ( ) NAMED_UNIT ( * ) SI_UNIT ( .MILLI., .METRE. ) );
#2257 = CARTESIAN_POINT ( 'NONE',  ( 10.95262143885932282, 23.84742946734920821, -46.47375000586923477 ) ) ;
#2258 = STYLED_ITEM ( 'NONE', ( #53 ), #1302 ) ;
#2259 = CARTESIAN_POINT ( 'NONE',  ( 16.23012932474020431, 29.16000000000031278, -92.67128834753121680 ) ) ;
#2260 = DIRECTION ( 'NONE',  ( 1.000000000000000000, 0.000000000000000000, 0.000000000000000000 ) ) ;
#2261 = VERTEX_POINT ( 'NONE', #2007 ) ;
#2262 = EDGE_CURVE ( 'NONE', #4270, #833, #3993, .T. ) ;
#2263 = COLOUR_RGB ( '',0.1019607843137254888, 0.1019607843137254888, 0.1019607843137254888 ) ;
#2264 =( NAMED_UNIT ( * ) SI_UNIT ( $, .STERADIAN. ) SOLID_ANGLE_UNIT ( ) );
#2265 = CARTESIAN_POINT ( 'NONE',  ( 27.33749999999999858, 1.639757138067417757E-15, -91.02374999999999261 ) ) ;
#2266 = ORIENTED_EDGE ( 'NONE', *, *, #210, .T. ) ;
#2267 = DIRECTION ( 'NONE',  ( -1.000000000000000000, 0.000000000000000000, 0.000000000000000000 ) ) ;
#2268 = FACE_OUTER_BOUND ( 'NONE', #4646, .T. ) ;
#2269 = ORIENTED_EDGE ( 'NONE', *, *, #4763, .T. ) ;
#2270 = CARTESIAN_POINT ( 'NONE',  ( 20.25000000000000000, -67.02749999999998920, -67.02749999999998920 ) ) ;
#2271 = CARTESIAN_POINT ( 'NONE',  ( 19.23749999999999716, 28.14749999999999375, -137.0924999999999727 ) ) ;
#2272 = EDGE_CURVE ( 'NONE', #1255, #2861, #2211, .T. ) ;
#2273 = CARTESIAN_POINT ( 'NONE',  ( 28.90302449706880950, 1.553256147007231691, -96.86036929004210094 ) ) ;
#2274 = UNCERTAINTY_MEASURE_WITH_UNIT (LENGTH_MEASURE( 1.000000000000000082E-05 ), #3027, 'distance_accuracy_value', 'NONE');
#2275 = DIRECTION ( 'NONE',  ( -1.000000000000000000, 2.775557561562889810E-17, 3.955169525227120175E-16 ) ) ;
#2276 = UNCERTAINTY_MEASURE_WITH_UNIT (LENGTH_MEASURE( 1.000000000000000082E-05 ), #2858, 'distance_accuracy_value', 'NONE');
#2277 = EDGE_CURVE ( 'NONE', #75, #393, #1902, .T. ) ;
#2278 = CARTESIAN_POINT ( 'NONE',  ( 20.25000000000000000, 3.037499999999999645, 1.713913789117811707E-15 ) ) ;
#2279 = ORIENTED_EDGE ( 'NONE', *, *, #811, .T. ) ;
#2280 = CARTESIAN_POINT ( 'NONE',  ( 18.77255979454747958, 28.14749999999999375, -90.61875043946069752 ) ) ;
#2281 = FACE_OUTER_BOUND ( 'NONE', #3407, .T. ) ;
#2282 = ORIENTED_EDGE ( 'NONE', *, *, #1472, .T. ) ;
#2283 = CARTESIAN_POINT ( 'NONE',  ( 20.25000000000000000, 18.02249999999999730, -95.03213518033493301 ) ) ;
#2284 = CARTESIAN_POINT ( 'NONE',  ( 11.20612277400918622, 29.16000000000026660, -45.02401395613163970 ) ) ;
#2285 = CARTESIAN_POINT ( 'NONE',  ( 10.08595334667293564, 22.36646107972120490, -90.61875000514912415 ) ) ;
#2286 = ORIENTED_EDGE ( 'NONE', *, *, #2505, .F. ) ;
#2287 = DIRECTION ( 'NONE',  ( 1.000000000000000000, -0.000000000000000000, -0.000000000000000000 ) ) ;
#2288 = SURFACE_SIDE_STYLE ('',( #4192 ) ) ;
#2289 = CARTESIAN_POINT ( 'NONE',  ( 10.12500000000000000, -4.049999999999683631, -36.39402376808444473 ) ) ;
#2290 = ORIENTED_EDGE ( 'NONE', *, *, #327, .F. ) ;
#2291 = CARTESIAN_POINT ( 'NONE',  ( 27.33749999999999858, 19.74375000005680292, -4.057779510309979273E-14 ) ) ;
#2292 = VECTOR ( 'NONE', #680, 1000.000000000000000 ) ;
#2293 = CARTESIAN_POINT ( 'NONE',  ( 18.99762849828336186, -3.037500000000000533, -90.61875022628636600 ) ) ;
#2294 = PLANE ( 'NONE',  #181 ) ;
#2295 = ORIENTED_EDGE ( 'NONE', *, *, #1910, .T. ) ;
#2296 = SURFACE_STYLE_FILL_AREA ( #1139 ) ;
#2297 = LINE ( 'NONE', #4328, #2037 ) ;
#2298 = CARTESIAN_POINT ( 'NONE',  ( 20.25000000000000000, 25.10999999999999588, 0.000000000000000000 ) ) ;
#2299 = PRESENTATION_LAYER_ASSIGNMENT (  '', '', ( #4554 ) ) ;
#2300 = CARTESIAN_POINT ( 'NONE',  ( 19.57570645576655011, 28.14749999999997954, -137.0924999999998875 ) ) ;
#2301 = COLOUR_RGB ( '',0.1019607843137254888, 0.1019607843137254888, 0.1019607843137254888 ) ;
#2302 = COLOUR_RGB ( '',0.1019607843137254888, 0.1019607843137254888, 0.1019607843137254888 ) ;
#2303 = CARTESIAN_POINT ( 'NONE',  ( 10.12500000000000000, 29.16000000000031278, -36.39402376808431683 ) ) ;
#2304 = VECTOR ( 'NONE', #4992, 1000.000000000000000 ) ;
#2305 = CARTESIAN_POINT ( 'NONE',  ( 9.625000000000000000, 28.14749999999999375, -40.84195960390699298 ) ) ;
#2306 = CARTESIAN_POINT ( 'NONE',  ( 20.25000000000000000, -1.518749999999999822, 1.518749999999999822 ) ) ;
#2307 = EDGE_CURVE ( 'NONE', #4482, #3906, #4414, .T. ) ;
#2308 = MECHANICAL_DESIGN_GEOMETRIC_PRESENTATION_REPRESENTATION (  '', ( #3281 ), #2476 ) ;
#2309 = MECHANICAL_DESIGN_GEOMETRIC_PRESENTATION_REPRESENTATION (  '', ( #1006 ), #108 ) ;
#2310 = DIRECTION ( 'NONE',  ( 1.000000000000000000, -0.000000000000000000, -0.000000000000000000 ) ) ;
#2311 = DIRECTION ( 'NONE',  ( -1.000000000000000000, 0.000000000000000000, 0.000000000000000000 ) ) ;
#2312 = CARTESIAN_POINT ( 'NONE',  ( 10.12500000000000000, 28.14749999999999375, -96.25054039609325685 ) ) ;
#2313 = AXIS2_PLACEMENT_3D ( 'NONE', #3621, #2018, #3591 ) ;
#2314 = UNCERTAINTY_MEASURE_WITH_UNIT (LENGTH_MEASURE( 1.000000000000000082E-05 ), #1581, 'distance_accuracy_value', 'NONE');
#2315 = CARTESIAN_POINT ( 'NONE',  ( 21.25052130328339217, 2.648872182502822969, -85.36736252808782410 ) ) ;
#2316 = CARTESIAN_POINT ( 'NONE',  ( 17.87403824659938678, 29.16000000000004277, -40.86062453538048089 ) ) ;
#2317 = CARTESIAN_POINT ( 'NONE',  ( 15.58162758261972591, 29.16000000000013159, -98.53201077472721181 ) ) ;
#2318 = ORIENTED_EDGE ( 'NONE', *, *, #4435, .F. ) ;
#2319 =( NAMED_UNIT ( * ) SI_UNIT ( $, .STERADIAN. ) SOLID_ANGLE_UNIT ( ) );
#2320 =( GEOMETRIC_REPRESENTATION_CONTEXT ( 3 ) GLOBAL_UNCERTAINTY_ASSIGNED_CONTEXT ( ( #4707 ) ) GLOBAL_UNIT_ASSIGNED_CONTEXT ( ( #3791, #3742, #1421 ) ) REPRESENTATION_CONTEXT ( 'NONE', 'WORKASPACE' ) );
#2321 =( LENGTH_UNIT ( ) NAMED_UNIT ( * ) SI_UNIT ( .MILLI., .METRE. ) );
#2322 = ORIENTED_EDGE ( 'NONE', *, *, #349, .T. ) ;
#2323 = STYLED_ITEM ( 'NONE', ( #1386 ), #251 ) ;
#2324 = PLANE ( 'NONE',  #4208 ) ;
#2325 =( NAMED_UNIT ( * ) SI_UNIT ( $, .STERADIAN. ) SOLID_ANGLE_UNIT ( ) );
#2326 = EDGE_LOOP ( 'NONE', ( #2269, #3891, #1750, #2282, #3572, #2872 ) ) ;
#2327 = CARTESIAN_POINT ( 'NONE',  ( 19.23749999999999716, -0.1431962838996500009, -87.72444628389918364 ) ) ;
#2328 = CARTESIAN_POINT ( 'NONE',  ( 20.25000000000000000, -3.037499999999999645, -90.61874999999999147 ) ) ;
#2329 = CARTESIAN_POINT ( 'NONE',  ( 22.19141003228207509, 19.33202102893912055, -83.72068534071063084 ) ) ;
#2330 = VECTOR ( 'NONE', #104, 1000.000000000000000 ) ;
#2331 = FILL_AREA_STYLE_COLOUR ( '', #525 ) ;
#2332 = DIRECTION ( 'NONE',  ( 1.000000000000000000, 0.000000000000000000, 0.000000000000000000 ) ) ;
#2333 = SURFACE_STYLE_FILL_AREA ( #1539 ) ;
#2334 = PLANE ( 'NONE',  #1325 ) ;
#2335 = VERTEX_POINT ( 'NONE', #2716 ) ;
#2336 = CARTESIAN_POINT ( 'NONE',  ( 9.625000000000000000, 25.10999999999999588, -45.96750000000000114 ) ) ;
#2337 = DIRECTION ( 'NONE',  ( 0.000000000000000000, -1.000000000000000000, 0.000000000000000000 ) ) ;
#2338 = VECTOR ( 'NONE', #2267, 1000.000000000000000 ) ;
#2339 = CARTESIAN_POINT ( 'NONE',  ( 22.19306717338579205, 5.800753503619644924, -83.71683204943566636 ) ) ;
#2340 = LINE ( 'NONE', #3539, #4088 ) ;
#2341 = CARTESIAN_POINT ( 'NONE',  ( 9.721178101304097652, 21.48490845198791632, -46.47375000129495248 ) ) ;
#2342 = CARTESIAN_POINT ( 'NONE',  ( 17.42459581315045369, 29.16000000000006764, -96.76417493252631630 ) ) ;
#2343 =( GEOMETRIC_REPRESENTATION_CONTEXT ( 3 ) GLOBAL_UNCERTAINTY_ASSIGNED_CONTEXT ( ( #4151 ) ) GLOBAL_UNIT_ASSIGNED_CONTEXT ( ( #2013, #1961, #3185 ) ) REPRESENTATION_CONTEXT ( 'NONE', 'WORKASPACE' ) );
#2344 = VERTEX_POINT ( 'NONE', #2385 ) ;
#2345 =( NAMED_UNIT ( * ) PLANE_ANGLE_UNIT ( ) SI_UNIT ( $, .RADIAN. ) );
#2346 = AXIS2_PLACEMENT_3D ( 'NONE', #4111, #2939, #568 ) ;
#2347 = FACE_OUTER_BOUND ( 'NONE', #3701, .T. ) ;
#2348 = FILL_AREA_STYLE ('',( #4403 ) ) ;
#2349 = ORIENTED_EDGE ( 'NONE', *, *, #2538, .F. ) ;
#2350 = ORIENTED_EDGE ( 'NONE', *, *, #1636, .F. ) ;
#2351 = ORIENTED_EDGE ( 'NONE', *, *, #1045, .F. ) ;
#2352 = FILL_AREA_STYLE ('',( #822 ) ) ;
#2353 =( LENGTH_UNIT ( ) NAMED_UNIT ( * ) SI_UNIT ( .MILLI., .METRE. ) );
#2354 = FILL_AREA_STYLE ('',( #795 ) ) ;
#2355 = STYLED_ITEM ( 'NONE', ( #3145 ), #1440 ) ;
#2356 = UNCERTAINTY_MEASURE_WITH_UNIT (LENGTH_MEASURE( 1.000000000000000082E-05 ), #4060, 'distance_accuracy_value', 'NONE');
#2357 =( LENGTH_UNIT ( ) NAMED_UNIT ( * ) SI_UNIT ( .MILLI., .METRE. ) );
#2358 = CARTESIAN_POINT ( 'NONE',  ( 15.12587036644062977, -2.166906393697289435, -46.47375002599753202 ) ) ;
#2359 = B_SPLINE_CURVE_WITH_KNOTS ( 'NONE', 3,
 ( #3225, #1294, #4825, #2031, #1274, #3692, #1694, #2890, #4502, #570, #956, #2115, #1345, #4525, #2519, #3295, #1248, #4902, #3992, #4043 ),
 .UNSPECIFIED., .F., .F.,
 ( 4, 2, 2, 2, 2, 2, 2, 2, 2, 4 ),
 ( 0.000000000000000000, 0.001381990502438787231, 0.002763981004877574463, 0.005527962009755148926, 0.006909952512193932687, 0.008291943014632716449, 0.009673933517071501079, 0.01036492876829089166, 0.01071042639390057914, 0.01105592401951026663 ),
 .UNSPECIFIED. ) ;
#2360 = CARTESIAN_POINT ( 'NONE',  ( 20.25000000000000000, 22.07249999999999801, 6.175755471531950543E-15 ) ) ;
#2361 = PRESENTATION_STYLE_ASSIGNMENT (( #3200 ) ) ;
#2362 = ORIENTED_EDGE ( 'NONE', *, *, #738, .T. ) ;
#2363 = CARTESIAN_POINT ( 'NONE',  ( 20.25000000000000000, -2.986747800704512290, -113.4000000000000057 ) ) ;
#2364 =( BOUNDED_CURVE ( )  B_SPLINE_CURVE ( 3, ( #308, #1845, #4636, #1095 ),
 .UNSPECIFIED., .F., .F. ) 
 B_SPLINE_CURVE_WITH_KNOTS ( ( 4, 4 ),
 ( 6.240013019814650470E-30, 0.1001674211615644211 ),
 .UNSPECIFIED. ) 
 CURVE ( )  GEOMETRIC_REPRESENTATION_ITEM ( )  RATIONAL_B_SPLINE_CURVE ( ( 1.000000000000000000, 0.9991640487402220216, 0.9991640487402220216, 1.000000000000000000 ) ) 
 REPRESENTATION_ITEM ( '' )  );
#2365 = B_SPLINE_CURVE_WITH_KNOTS ( 'NONE', 3,
 ( #2621, #1518, #1545, #4284, #3480, #4702 ),
 .UNSPECIFIED., .F., .F.,
 ( 4, 2, 4 ),
 ( 0.000000000000000000, 0.5000000000000000000, 1.000000000000000000 ),
 .UNSPECIFIED. ) ;
#2366 = DIRECTION ( 'NONE',  ( -6.442034834244738925E-14, 0.000000000000000000, -1.000000000000000000 ) ) ;
#2367 = CARTESIAN_POINT ( 'NONE',  ( 10.95262143885914696, 23.84742946734954927, -90.61874999413106480 ) ) ;
#2368 = ORIENTED_EDGE ( 'NONE', *, *, #2904, .T. ) ;
#2369 = ADVANCED_FACE ( 'NONE', ( #1145 ), #5018, .T. ) ;
#2370 = PLANE ( 'NONE',  #4345 ) ;
#2371 = SURFACE_STYLE_FILL_AREA ( #2348 ) ;
#2372 = ORIENTED_EDGE ( 'NONE', *, *, #3595, .F. ) ;
#2373 = EDGE_LOOP ( 'NONE', ( #4774, #3596, #2253, #1357, #1918 ) ) ;
#2374 = CARTESIAN_POINT ( 'NONE',  ( 20.25000000000000000, 0.000000000000000000, 0.000000000000000000 ) ) ;
#2375 = VERTEX_POINT ( 'NONE', #4612 ) ;
#2376 = DIRECTION ( 'NONE',  ( 0.000000000000000000, 1.885568995626964780E-16, -1.000000000000000000 ) ) ;
#2377 =( LENGTH_UNIT ( ) NAMED_UNIT ( * ) SI_UNIT ( .MILLI., .METRE. ) );
#2378 = EDGE_CURVE ( 'NONE', #2436, #1211, #2167, .T. ) ;
#2379 = FILL_AREA_STYLE ('',( #1533 ) ) ;
#2380 = CARTESIAN_POINT ( 'NONE',  ( 29.54719400603458723, 2.873681833750603598, -97.10316172008404578 ) ) ;
#2381 = STYLED_ITEM ( 'NONE', ( #1110 ), #1884 ) ;
#2382 = CARTESIAN_POINT ( 'NONE',  ( 18.32039984904863417, -4.049999999999967848, -41.39588183566233681 ) ) ;
#2383 = CARTESIAN_POINT ( 'NONE',  ( 11.93998284184865355, 29.16000000000025594, -36.72085431544556400 ) ) ;
#2384 = VECTOR ( 'NONE', #3847, 1000.000000000000000 ) ;
#2385 = CARTESIAN_POINT ( 'NONE',  ( 19.23749536492696421, 28.14749999999999375, -90.61874999999999147 ) ) ;
#2386 = DIRECTION ( 'NONE',  ( -1.000000000000000000, 0.000000000000000000, 0.000000000000000000 ) ) ;
#2387 = PRESENTATION_LAYER_ASSIGNMENT (  '', '', ( #4376 ) ) ;
#2388 =( GEOMETRIC_REPRESENTATION_CONTEXT ( 3 ) GLOBAL_UNCERTAINTY_ASSIGNED_CONTEXT ( ( #685 ) ) GLOBAL_UNIT_ASSIGNED_CONTEXT ( ( #4864, #890, #3646 ) ) REPRESENTATION_CONTEXT ( 'NONE', 'WORKASPACE' ) );
#2389 = AXIS2_PLACEMENT_3D ( 'NONE', #2126, #3350, #4917 ) ;
#2390 = SURFACE_STYLE_USAGE ( .BOTH. , #4335 ) ;
#2391 = CARTESIAN_POINT ( 'NONE',  ( 12.14999999999999858, -3.037499999999754063, -46.47375000000000256 ) ) ;
#2392 = ORIENTED_EDGE ( 'NONE', *, *, #3359, .F. ) ;
#2393 = DIRECTION ( 'NONE',  ( -1.000000000000000000, 0.000000000000000000, -3.469446951953585100E-16 ) ) ;
#2394 = VECTOR ( 'NONE', #2833, 1000.000000000000000 ) ;
#2395 = CARTESIAN_POINT ( 'NONE',  ( 11.04257961299819968, 29.16000000000028436, -100.5804341500248427 ) ) ;
#2396 = CARTESIAN_POINT ( 'NONE',  ( 22.07247450750687179, 5.063336920636337446, -83.97285988230711951 ) ) ;
#2397 = SURFACE_STYLE_FILL_AREA ( #2799 ) ;
#2398 = MECHANICAL_DESIGN_GEOMETRIC_PRESENTATION_REPRESENTATION (  '', ( #3970 ), #4132 ) ;
#2399 = CARTESIAN_POINT ( 'NONE',  ( 15.15175980461413552, -3.037499999999999645, -92.60020329347362633 ) ) ;
#2400 = CARTESIAN_POINT ( 'NONE',  ( 10.12500000000000000, 29.16000000000031989, -100.6984762319159472 ) ) ;
#2401 = VECTOR ( 'NONE', #2337, 1000.000000000000000 ) ;
#2402 = FILL_AREA_STYLE_COLOUR ( '', #969 ) ;
#2403 = ORIENTED_EDGE ( 'NONE', *, *, #1965, .F. ) ;
#2404 = DIRECTION ( 'NONE',  ( -1.000000000000000000, 0.000000000000000000, 0.000000000000000000 ) ) ;
#2405 = EDGE_LOOP ( 'NONE', ( #3442 ) ) ;
#2406 = SURFACE_SIDE_STYLE ('',( #3877 ) ) ;
#2407 = DIRECTION ( 'NONE',  ( 0.000000000000000000, 0.000000000000000000, 1.000000000000000000 ) ) ;
#2408 = EDGE_CURVE ( 'NONE', #4091, #1107, #1779, .T. ) ;
#2409 = CARTESIAN_POINT ( 'NONE',  ( 18.32492858496385324, 29.16000000000002856, -41.40231114150235925 ) ) ;
#2410 = ADVANCED_FACE ( 'NONE', ( #2966 ), #1710, .T. ) ;
#2411 = ORIENTED_EDGE ( 'NONE', *, *, #4953, .F. ) ;
#2412 = PRESENTATION_STYLE_ASSIGNMENT (( #809 ) ) ;
#2413 = CARTESIAN_POINT ( 'NONE',  ( 18.47367145322153092, 29.16000000000002146, -95.51411566398043362 ) ) ;
#2414 = CARTESIAN_POINT ( 'NONE',  ( 21.08291751011198656, 2.318420836379933903, -85.60637190144034037 ) ) ;
#2415 = DIRECTION ( 'NONE',  ( 0.000000000000000000, 0.000000000000000000, 1.000000000000000000 ) ) ;
#2416 = CARTESIAN_POINT ( 'NONE',  ( 13.61763061055935786, 29.16000000000019909, -99.74171187244800763 ) ) ;
#2417 = SURFACE_SIDE_STYLE ('',( #4062 ) ) ;
#2418 = CARTESIAN_POINT ( 'NONE',  ( 20.46843616124733600, 1.315212351343235442, -50.69667566504084988 ) ) ;
#2419 = LINE ( 'NONE', #3930, #189 ) ;
#2420 = EDGE_LOOP ( 'NONE', ( #3179, #3955, #714, #1040 ) ) ;
#2421 = CIRCLE ( 'NONE', #4997, 11.13749999999999751 ) ;
#2422 = DIRECTION ( 'NONE',  ( 0.7071067811865510144, 9.016561806158836666E-16, -0.7071067811865441310 ) ) ;
#2423 = VERTEX_POINT ( 'NONE', #5049 ) ;
#2424 = CARTESIAN_POINT ( 'NONE',  ( 20.42757076796713633, 23.85325759333196061, -50.64778888830078785 ) ) ;
#2425 = CARTESIAN_POINT ( 'NONE',  ( -101.2500000000000000, 0.000000000000000000, -137.0924999999999727 ) ) ;
#2426 = AXIS2_PLACEMENT_3D ( 'NONE', #4317, #409, #782 ) ;
#2427 = FILL_AREA_STYLE ('',( #3551 ) ) ;
#2428 = CARTESIAN_POINT ( 'NONE',  ( 29.51176939012385247, 2.788029970398353097, -96.91775882353368843 ) ) ;
#2429 = ORIENTED_EDGE ( 'NONE', *, *, #3423, .F. ) ;
#2430 = LINE ( 'NONE', #4021, #2471 ) ;
#2431 = COLOUR_RGB ( '',0.1019607843137254888, 0.1019607843137254888, 0.1019607843137254888 ) ;
#2432 = CARTESIAN_POINT ( 'NONE',  ( 14.62516847671131615, -1.933457172800289170, -90.61875005199441091 ) ) ;
#2433 = ADVANCED_FACE ( 'NONE', ( #1320 ), #2082, .T. ) ;
#2434 = CARTESIAN_POINT ( 'NONE',  ( 26.22375000000043954, 22.65000000000104308, -97.32500000000096918 ) ) ;
#2435 = PRESENTATION_LAYER_ASSIGNMENT (  '', '', ( #1600 ) ) ;
#2436 = VERTEX_POINT ( 'NONE', #1022 ) ;
#2437 = ORIENTED_EDGE ( 'NONE', *, *, #628, .T. ) ;
#2438 = CARTESIAN_POINT ( 'NONE',  ( -12.67873889985042624, -4.049999999998891376, -23.69250000000030099 ) ) ;
#2439 = CARTESIAN_POINT ( 'NONE',  ( 15.61143573339093216, 29.16000000000013159, -98.50874706848479434 ) ) ;
#2440 = ADVANCED_FACE ( 'NONE', ( #3034 ), #1042, .F. ) ;
#2441 = PLANE ( 'NONE',  #2629 ) ;
#2442 = PLANE ( 'NONE',  #796 ) ;
#2443 = SURFACE_STYLE_FILL_AREA ( #487 ) ;
#2444 = ORIENTED_EDGE ( 'NONE', *, *, #3050, .T. ) ;
#2445 =( LENGTH_UNIT ( ) NAMED_UNIT ( * ) SI_UNIT ( .MILLI., .METRE. ) );
#2446 = CARTESIAN_POINT ( 'NONE',  ( 19.20824435617036841, -4.049999999999997158, -42.06036480884929318 ) ) ;
#2447 = SURFACE_SIDE_STYLE ('',( #466 ) ) ;
#2448 = EDGE_LOOP ( 'NONE', ( #4818, #2761, #3486, #72, #115, #690, #3839, #4463, #3217, #3997, #444, #2537, #878, #3843, #2286, #4909, #3463, #2106, #3593, #1452 ) ) ;
#2449 = DIRECTION ( 'NONE',  ( 0.000000000000000000, 0.7071067811865469066, -0.7071067811865481278 ) ) ;
#2450 = ORIENTED_EDGE ( 'NONE', *, *, #547, .T. ) ;
#2451 = SURFACE_SIDE_STYLE ('',( #2108 ) ) ;
#2452 =( NAMED_UNIT ( * ) PLANE_ANGLE_UNIT ( ) SI_UNIT ( $, .RADIAN. ) );
#2453 =( LENGTH_UNIT ( ) NAMED_UNIT ( * ) SI_UNIT ( .MILLI., .METRE. ) );
#2454 = CARTESIAN_POINT ( 'NONE',  ( 14.46078945429136198, -4.049999999999830180, -44.50732394030070793 ) ) ;
#2455 = EDGE_LOOP ( 'NONE', ( #2834, #3238, #2750, #4136 ) ) ;
#2456 = SURFACE_STYLE_USAGE ( .BOTH. , #107 ) ;
#2457 = CARTESIAN_POINT ( 'NONE',  ( 11.44878655595849537, 0.6120531126646957532, -90.61874999059411095 ) ) ;
#2458 = EDGE_CURVE ( 'NONE', #833, #4026, #1985, .T. ) ;
#2459 = SURFACE_STYLE_USAGE ( .BOTH. , #882 ) ;
#2460 =( GEOMETRIC_REPRESENTATION_CONTEXT ( 3 ) GLOBAL_UNCERTAINTY_ASSIGNED_CONTEXT ( ( #5028 ) ) GLOBAL_UNIT_ASSIGNED_CONTEXT ( ( #3289, #4795, #2481 ) ) REPRESENTATION_CONTEXT ( 'NONE', 'WORKASPACE' ) );
#2461 = CARTESIAN_POINT ( 'NONE',  ( 22.22856828508499660, 6.116828652767759777, -53.45469061139728950 ) ) ;
#2462 = SURFACE_STYLE_USAGE ( .BOTH. , #2845 ) ;
#2463 = STYLED_ITEM ( 'NONE', ( #3758 ), #4221 ) ;
#2464 = EDGE_CURVE ( 'NONE', #828, #393, #275, .T. ) ;
#2465 = ORIENTED_EDGE ( 'NONE', *, *, #2582, .F. ) ;
#2466 = CARTESIAN_POINT ( 'NONE',  ( 9.362497579729121000, 20.26976826869848480, -46.47374999916826255 ) ) ;
#2467 = VECTOR ( 'NONE', #5099, 1000.000000000000000 ) ;
#2468 = ORIENTED_EDGE ( 'NONE', *, *, #3819, .T. ) ;
#2470 = EDGE_CURVE ( 'NONE', #3258, #3933, #2179, .T. ) ;
#2469 = DIRECTION ( 'NONE',  ( -0.000000000000000000, 1.000000000000000000, 0.000000000000000000 ) ) ;
#2471 = VECTOR ( 'NONE', #2840, 1000.000000000000000 ) ;
#2472 = COLOUR_RGB ( '',0.1019607843137254888, 0.1019607843137254888, 0.1019607843137254888 ) ;
#2473 = FILL_AREA_STYLE ('',( #1258 ) ) ;
#2474 = CARTESIAN_POINT ( 'NONE',  ( 19.23749999999999716, -3.037499999999999645, -137.0924999999999727 ) ) ;
#2475 = CARTESIAN_POINT ( 'NONE',  ( 9.625000000000000000, 1.097754699641572746E-16, -3.037499999999999645 ) ) ;
#2476 =( GEOMETRIC_REPRESENTATION_CONTEXT ( 3 ) GLOBAL_UNCERTAINTY_ASSIGNED_CONTEXT ( ( #4567 ) ) GLOBAL_UNIT_ASSIGNED_CONTEXT ( ( #4466, #2452, #953 ) ) REPRESENTATION_CONTEXT ( 'NONE', 'WORKASPACE' ) );
#2477 = CARTESIAN_POINT ( 'NONE',  ( 9.625000000000000000, -4.049999999999998934, -23.69250000000030099 ) ) ;
#2478 =( NAMED_UNIT ( * ) SI_UNIT ( $, .STERADIAN. ) SOLID_ANGLE_UNIT ( ) );
#2479 = EDGE_LOOP ( 'NONE', ( #1448, #1604, #2295, #3117 ) ) ;
#2480 = CARTESIAN_POINT ( 'NONE',  ( 21.34700272707714674, 22.25720634681967880, -51.86781310970054903 ) ) ;
#2481 =( NAMED_UNIT ( * ) SI_UNIT ( $, .STERADIAN. ) SOLID_ANGLE_UNIT ( ) );
#2482 = ORIENTED_EDGE ( 'NONE', *, *, #4349, .T. ) ;
#2483 = TOROIDAL_SURFACE ( 'NONE', #2313, 1.012499999999999067, 10.12500000000000000 ) ;
#2484 = DIRECTION ( 'NONE',  ( -4.132222856978965360E-16, 0.000000000000000000, 1.000000000000000000 ) ) ;
#2485 = CARTESIAN_POINT ( 'NONE',  ( 9.182013594150037150, -4.049999999999649880, -46.37736314359244716 ) ) ;
#2486 = COLOUR_RGB ( '',0.1019607843137254888, 0.1019607843137254888, 0.1019607843137254888 ) ;
#2487 = B_SPLINE_CURVE_WITH_KNOTS ( 'NONE', 3,
 ( #4491, #3234, #2773, #4371, #843, #2400 ),
 .UNSPECIFIED., .F., .F.,
 ( 4, 2, 4 ),
 ( 0.000000000000000000, 0.5000000000000000000, 1.000000000000000000 ),
 .UNSPECIFIED. ) ;
#2488 = CARTESIAN_POINT ( 'NONE',  ( 10.56697012314393191, 1.838585689249283561, -90.61875001173764588 ) ) ;
#2489 = DIRECTION ( 'NONE',  ( 1.000000000000000000, 0.000000000000000000, 0.000000000000000000 ) ) ;
#2490 = STYLED_ITEM ( 'NONE', ( #527 ), #3824 ) ;
#2491 = CARTESIAN_POINT ( 'NONE',  ( 29.27491623784763064, 22.85327481859478738, -96.57930415722863415 ) ) ;
#2492 = FACE_OUTER_BOUND ( 'NONE', #1438, .T. ) ;
#2493 = VECTOR ( 'NONE', #4753, 1000.000000000000000 ) ;
#2494 = ORIENTED_EDGE ( 'NONE', *, *, #4367, .T. ) ;
#2495 = LINE ( 'NONE', #2926, #1554 ) ;
#2496 = SURFACE_STYLE_USAGE ( .BOTH. , #3230 ) ;
#2497 = LINE ( 'NONE', #4911, #4577 ) ;
#2498 = VECTOR ( 'NONE', #1242, 1000.000000000000114 ) ;
#2499 = B_SPLINE_CURVE_WITH_KNOTS ( 'NONE', 3,
 ( #1616, #4750, #4823, #3174, #1931, #4772, #473, #4438, #5103, #3197, #2742, #4801, #4359, #3527, #1245, #855, #2812, #1165, #28, #1193, #2766, #825, #2572, #4544, #2138, #593, #2088, #161, #4070, #954 ),
 .UNSPECIFIED., .T., .F.,
 ( 4, 2, 2, 2, 2, 2, 2, 2, 2, 2, 2, 2, 2, 2, 4 ),
 ( 0.000000000000000000, 0.0003099647644880731902, 0.0006199295289761463804, 0.0009298942934642197332, 0.001239859057952292761, 0.001549823822440365897, 0.001859788586928439466, 0.002479718115904585522, 0.002789682880392659308, 0.003099647644880733095, 0.003409612409368806881, 0.003719577173856881101, 0.004029541938344954888, 0.004339506702833028674, 0.004959436231809161502 ),
 .UNSPECIFIED. ) ;
#2500 = SURFACE_SIDE_STYLE ('',( #508 ) ) ;
#2501 = FILL_AREA_STYLE_COLOUR ( '', #4755 ) ;
#2502 = VERTEX_POINT ( 'NONE', #3377 ) ;
#2503 = CARTESIAN_POINT ( 'NONE',  ( 9.182013594151051450, 29.16000000000036252, -90.71513685640772451 ) ) ;
#2504 = DIRECTION ( 'NONE',  ( -1.000000000000000000, 2.775557561562889810E-17, 3.955169525227120175E-16 ) ) ;
#2505 = EDGE_CURVE ( 'NONE', #2551, #1107, #105, .T. ) ;
#2506 =( NAMED_UNIT ( * ) PLANE_ANGLE_UNIT ( ) SI_UNIT ( $, .RADIAN. ) );
#2507 = ORIENTED_EDGE ( 'NONE', *, *, #5059, .T. ) ;
#2508 = CARTESIAN_POINT ( 'NONE',  ( 19.23750000000041283, 28.14749999999956387, -46.47375000000030809 ) ) ;
#2509 = CARTESIAN_POINT ( 'NONE',  ( 70.87076142158512937, 5.366250000056608904, -113.4000000000000057 ) ) ;
#2510 = ORIENTED_EDGE ( 'NONE', *, *, #231, .T. ) ;
#2511 = CARTESIAN_POINT ( 'NONE',  ( 9.625000000000000000, 29.16000000000031278, -36.39402376808431683 ) ) ;
#2512 = PLANE ( 'NONE',  #37 ) ;
#2513 = CARTESIAN_POINT ( 'NONE',  ( 9.625000000000000000, 29.16000000000111214, -113.3999999999999915 ) ) ;
#2514 = EDGE_CURVE ( 'NONE', #4746, #1107, #2102, .T. ) ;
#2515 =( NAMED_UNIT ( * ) SI_UNIT ( $, .STERADIAN. ) SOLID_ANGLE_UNIT ( ) );
#2516 = VECTOR ( 'NONE', #485, 999.9999999999998863 ) ;
#2517 = PLANE ( 'NONE',  #2346 ) ;
#2518 = CARTESIAN_POINT ( 'NONE',  ( 11.20612277400559442, -4.049999999999627676, -45.02401395613264157 ) ) ;
#2519 = CARTESIAN_POINT ( 'NONE',  ( 18.47367145322124671, -4.049999999999972289, -41.57838433602090333 ) ) ;
#2520 = CARTESIAN_POINT ( 'NONE',  ( 12.42130527415939589, -0.4133409605501478512, -90.61875002982966976 ) ) ;
#2521 = FILL_AREA_STYLE_COLOUR ( '', #4575 ) ;
#2522 = CARTESIAN_POINT ( 'NONE',  ( 9.625000000000000000, -3.037499999999999645, -6.093251410737770232E-15 ) ) ;
#2523 = CARTESIAN_POINT ( 'NONE',  ( 22.25398832061103249, 6.428631997630560591, -53.51236253856219349 ) ) ;
#2524 = AXIS2_PLACEMENT_3D ( 'NONE', #1034, #1055, #4559 ) ;
#2525 = CARTESIAN_POINT ( 'NONE',  ( 9.206007736170473521, 19.39738517276878582, -46.47375000002965351 ) ) ;
#2526 = ORIENTED_EDGE ( 'NONE', *, *, #4399, .T. ) ;
#2527 = FILL_AREA_STYLE ('',( #4957 ) ) ;
#2528 = ORIENTED_EDGE ( 'NONE', *, *, #3099, .F. ) ;
#2529 = CYLINDRICAL_SURFACE ( 'NONE', #2723, 10.12500000000000000 ) ;
#2530 = VECTOR ( 'NONE', #618, 1000.000000000000000 ) ;
#2532 = ADVANCED_FACE ( 'NONE', ( #557 ), #4184, .F. ) ;
#2531 = CARTESIAN_POINT ( 'NONE',  ( 23.23687500000000128, 12.55499999999999794, -84.49312499999999204 ) ) ;
#2533 = EDGE_CURVE ( 'NONE', #3193, #1773, #1738, .T. ) ;
#2534 = ADVANCED_FACE ( 'NONE', ( #4106 ), #3738, .T. ) ;
#2535 = ORIENTED_EDGE ( 'NONE', *, *, #4890, .F. ) ;
#2536 = CARTESIAN_POINT ( 'NONE',  ( 9.625000000000000000, 28.14749999999999019, -40.84195960390698588 ) ) ;
#2537 = ORIENTED_EDGE ( 'NONE', *, *, #2957, .F. ) ;
#2538 = EDGE_CURVE ( 'NONE', #3906, #3494, #296, .T. ) ;
#2539 = PRESENTATION_STYLE_ASSIGNMENT (( #2912 ) ) ;
#2540 = UNCERTAINTY_MEASURE_WITH_UNIT (LENGTH_MEASURE( 1.000000000000000082E-05 ), #3356, 'distance_accuracy_value', 'NONE');
#2541 = SURFACE_STYLE_FILL_AREA ( #4899 ) ;
#2542 = CARTESIAN_POINT ( 'NONE',  ( 9.345273545210849520, -4.049999999999049471, -46.06364138014940579 ) ) ;
#2543 = EDGE_CURVE ( 'NONE', #546, #4587, #4737, .T. ) ;
#2544 = FACE_OUTER_BOUND ( 'NONE', #3542, .T. ) ;
#2545 = EDGE_CURVE ( 'NONE', #2344, #1944, #351, .T. ) ;
#2546 = CARTESIAN_POINT ( 'NONE',  ( 10.95262143885914874, 1.262570532650308053, -90.61874999413116427 ) ) ;
#2547 =( LENGTH_UNIT ( ) NAMED_UNIT ( * ) SI_UNIT ( .MILLI., .METRE. ) );
#2548 = CARTESIAN_POINT ( 'NONE',  ( 18.32492858496360100, -4.049999999999959854, -95.69018885849678213 ) ) ;
#2549 = CARTESIAN_POINT ( 'NONE',  ( 29.67861599436669451, 21.89896802541715104, -97.41985430386242228 ) ) ;
#2550 = CARTESIAN_POINT ( 'NONE',  ( 15.58162758261794778, 29.16000000000012449, -38.56048922527271117 ) ) ;
#2551 = VERTEX_POINT ( 'NONE', #3103 ) ;
#2552 = FACE_OUTER_BOUND ( 'NONE', #1023, .T. ) ;
#2553 = DIRECTION ( 'NONE',  ( -1.275134399224500497E-15, 1.000000000000000000, 0.000000000000000000 ) ) ;
#2554 = COLOUR_RGB ( '',0.1019607843137254888, 0.1019607843137254888, 0.1019607843137254888 ) ;
#2555 = UNCERTAINTY_MEASURE_WITH_UNIT (LENGTH_MEASURE( 1.000000000000000082E-05 ), #273, 'distance_accuracy_value', 'NONE');
#2556 = CARTESIAN_POINT ( 'NONE',  ( 19.17922109375123441, -4.049999999999997158, -42.05774055960397106 ) ) ;
#2557 =( NAMED_UNIT ( * ) SI_UNIT ( $, .STERADIAN. ) SOLID_ANGLE_UNIT ( ) );
#2558 =( NAMED_UNIT ( * ) SI_UNIT ( $, .STERADIAN. ) SOLID_ANGLE_UNIT ( ) );
#2559 = PRESENTATION_LAYER_ASSIGNMENT (  '', '', ( #3698 ) ) ;
#2560 = PRESENTATION_LAYER_ASSIGNMENT (  '', '', ( #598 ) ) ;
#2561 = CARTESIAN_POINT ( 'NONE',  ( 17.80315980756377314, 28.04903127345653502, -46.47375005066708553 ) ) ;
#2562 = AXIS2_PLACEMENT_3D ( 'NONE', #1175, #2469, #3535 ) ;
#2563 = CARTESIAN_POINT ( 'NONE',  ( 18.65474703143547330, 28.13475926061966348, -90.61874998168164552 ) ) ;
#2564 = VECTOR ( 'NONE', #4940, 1000.000000000000000 ) ;
#2565 = APPLICATION_CONTEXT ( 'automotive_design' ) ;
#2566 = ORIENTED_EDGE ( 'NONE', *, *, #208, .F. ) ;
#2567 = CARTESIAN_POINT ( 'NONE',  ( 21.97186690013043631, 20.48344293937766381, -52.92087795448509979 ) ) ;
#2568 = EDGE_LOOP ( 'NONE', ( #3581, #3928, #4445, #1727, #2925, #581 ) ) ;
#2569 = STYLED_ITEM ( 'NONE', ( #3173 ), #5009 ) ;
#2570 = VECTOR ( 'NONE', #4104, 1000.000000000000000 ) ;
#2571 = CARTESIAN_POINT ( 'NONE',  ( 9.625000000000000000, -3.037499999999683897, -23.69250000000030099 ) ) ;
#2572 = CARTESIAN_POINT ( 'NONE',  ( 28.81276287106743084, 1.399068893300321026, -39.10324070878606051 ) ) ;
#2573 = CARTESIAN_POINT ( 'NONE',  ( 9.625000000000000000, 28.14749999999999375, -137.0924999999999727 ) ) ;
#2574 = STYLED_ITEM ( 'NONE', ( #3382 ), #3187 ) ;
#2575 = CARTESIAN_POINT ( 'NONE',  ( 9.186909309741327689, 5.859993152897280844, -90.61875000002930847 ) ) ;
#2576 = CARTESIAN_POINT ( 'NONE',  ( 16.65452135260478883, -4.049999999999903011, -97.59374590061682397 ) ) ;
#2577 = CARTESIAN_POINT ( 'NONE',  ( 22.12255214270673065, 5.334767349286793525, -53.22395824855095725 ) ) ;
#2578 = VECTOR ( 'NONE', #1875, 1000.000000000000114 ) ;
#2579 = DIRECTION ( 'NONE',  ( 0.000000000000000000, 0.000000000000000000, 1.000000000000000000 ) ) ;
#2580 = CARTESIAN_POINT ( 'NONE',  ( 19.91348882536390974, 28.13056844628113851, 0.01693155371881465560 ) ) ;
#2581 = MECHANICAL_DESIGN_GEOMETRIC_PRESENTATION_REPRESENTATION (  '', ( #1090 ), #2320 ) ;
#2582 = EDGE_CURVE ( 'NONE', #4925, #4270, #2365, .T. ) ;
#2583 = AXIS2_PLACEMENT_3D ( 'NONE', #2943, #2195, #2168 ) ;
#2584 = DIRECTION ( 'NONE',  ( 0.000000000000000000, 0.000000000000000000, 1.000000000000000000 ) ) ;
#2585 = SURFACE_STYLE_FILL_AREA ( #4889 ) ;
#2586 = VECTOR ( 'NONE', #3069, 1000.000000000000000 ) ;
#2587 =( LENGTH_UNIT ( ) NAMED_UNIT ( * ) SI_UNIT ( .MILLI., .METRE. ) );
#2588 = EDGE_LOOP ( 'NONE', ( #1118, #3176, #1293, #4691 ) ) ;
#2589 = PLANE ( 'NONE',  #3801 ) ;
#2590 = CARTESIAN_POINT ( 'NONE',  ( 26.22375000000045375, 1.292486837664946873E-14, -137.0924999999999727 ) ) ;
#2591 = CARTESIAN_POINT ( 'NONE',  ( 29.36815397691532681, 22.65000000000104308, -98.07500000000028706 ) ) ;
#2592 = CARTESIAN_POINT ( 'NONE',  ( 26.22375000000043954, 2.149999999999298250, -39.19999999999776463 ) ) ;
#2593 = LINE ( 'NONE', #1428, #1073 ) ;
#2594 = CARTESIAN_POINT ( 'NONE',  ( 9.807295055379093185, -4.050000000000649969, -91.44821490943233755 ) ) ;
#2595 =( NAMED_UNIT ( * ) SI_UNIT ( $, .STERADIAN. ) SOLID_ANGLE_UNIT ( ) );
#2596 = CARTESIAN_POINT ( 'NONE',  ( 19.23749999999999716, -4.049999999999993605, -95.03213518033511775 ) ) ;
#2597 = EDGE_CURVE ( 'NONE', #732, #1398, #3813, .T. ) ;
#2598 =( BOUNDED_CURVE ( )  B_SPLINE_CURVE ( 3, ( #3186, #510, #2854, #2474 ),
 .UNSPECIFIED., .F., .F. ) 
 B_SPLINE_CURVE_WITH_KNOTS ( ( 4, 4 ),
 ( 3.041425232428235148, 3.141592653589795336 ),
 .UNSPECIFIED. ) 
 CURVE ( )  GEOMETRIC_REPRESENTATION_ITEM ( )  RATIONAL_B_SPLINE_CURVE ( ( 1.000000000000000000, 0.9991640487402220216, 0.9991640487402220216, 1.000000000000000000 ) ) 
 REPRESENTATION_ITEM ( '' )  );
#2599 = LINE ( 'NONE', #2174, #848 ) ;
#2600 = SURFACE_STYLE_FILL_AREA ( #4958 ) ;
#2601 = UNCERTAINTY_MEASURE_WITH_UNIT (LENGTH_MEASURE( 1.000000000000000082E-05 ), #518, 'distance_accuracy_value', 'NONE');
#2602 = SURFACE_STYLE_FILL_AREA ( #3786 ) ;
#2603 = EDGE_CURVE ( 'NONE', #3258, #3216, #3893, .T. ) ;
#2604 = FILL_AREA_STYLE_COLOUR ( '', #1251 ) ;
#2605 = CARTESIAN_POINT ( 'NONE',  ( 17.80315980756430250, 28.04903127345696134, -90.61874994933320693 ) ) ;
#2606 = VERTEX_POINT ( 'NONE', #2228 ) ;
#2607 = CARTESIAN_POINT ( 'NONE',  ( 22.02843029852099477, 20.24336917041594575, -53.03202350092650619 ) ) ;
#2608 = EDGE_CURVE ( 'NONE', #4587, #2861, #317, .T. ) ;
#2609 = SHAPE_DEFINITION_REPRESENTATION ( #218, #3502 ) ;
#2610 = CARTESIAN_POINT ( 'NONE',  ( 11.03310586780111358, -3.037500000000000533, -41.05016404617720127 ) ) ;
#2611 = LINE ( 'NONE', #3872, #1035 ) ;
#2612 = ORIENTED_EDGE ( 'NONE', *, *, #3363, .T. ) ;
#2613 = CARTESIAN_POINT ( 'NONE',  ( 27.33749999999999858, 19.74375000005680292, -91.02374999999999261 ) ) ;
#2614 = CARTESIAN_POINT ( 'NONE',  ( 9.543985572625397040, 4.140718317846849850, -90.61875000258987711 ) ) ;
#2615 = CARTESIAN_POINT ( 'NONE',  ( 29.44430253849419898, 22.48059251449553386, -38.46316261010380799 ) ) ;
#2616 = B_SPLINE_CURVE_WITH_KNOTS ( 'NONE', 3,
 ( #1888, #3411, #1861, #5066, #5023, #3037, #3437, #4633, #2213, #1046, #5044, #1498, #1822, #4222, #642, #261, #1798, #3385, #4660, #2610, #1425, #3821 ),
 .UNSPECIFIED., .F., .F.,
 ( 4, 2, 2, 2, 2, 2, 2, 2, 2, 2, 4 ),
 ( 0.000000000000000000, 0.001374655346840785060, 0.002061983020261182360, 0.002749310693681580094, 0.004123966040522383802, 0.005498621387363184475, 0.006873276734203984280, 0.008247932081044783217, 0.008935259754465185722, 0.009622587427885589961, 0.01099724277472638630 ),
 .UNSPECIFIED. ) ;
#2617 = DIRECTION ( 'NONE',  ( 1.000000000000000000, -0.000000000000000000, -0.000000000000000000 ) ) ;
#2618 = CARTESIAN_POINT ( 'NONE',  ( 18.08496412734086434, -2.975752446336067614, -46.47374998168194793 ) ) ;
#2619 = EDGE_CURVE ( 'NONE', #2795, #3620, #1151, .T. ) ;
#2620 =( LENGTH_UNIT ( ) NAMED_UNIT ( * ) SI_UNIT ( .MILLI., .METRE. ) );
#2621 = CARTESIAN_POINT ( 'NONE',  ( 9.625000000000000000, 29.16000000000031278, -36.39402376808431683 ) ) ;
#2622 = MECHANICAL_DESIGN_GEOMETRIC_PRESENTATION_REPRESENTATION (  '', ( #3348 ), #2706 ) ;
#2623 = FILL_AREA_STYLE_COLOUR ( '', #4618 ) ;
#2624 = DIRECTION ( 'NONE',  ( 0.000000000000000000, 0.000000000000000000, -1.000000000000000000 ) ) ;
#2625 = CARTESIAN_POINT ( 'NONE',  ( 14.46078945429612617, 29.16000000000036962, -44.50732394030018924 ) ) ;
#2626 = FILL_AREA_STYLE ('',( #587 ) ) ;
#2627 = VERTEX_POINT ( 'NONE', #5081 ) ;
#2628 = CARTESIAN_POINT ( 'NONE',  ( 21.38313337743009868, 22.17761633349092065, -51.92235425804530280 ) ) ;
#2629 = AXIS2_PLACEMENT_3D ( 'NONE', #989, #942, #2930 ) ;
#2630 =( LENGTH_UNIT ( ) NAMED_UNIT ( * ) SI_UNIT ( .MILLI., .METRE. ) );
#2631 = VECTOR ( 'NONE', #4651, 1000.000000000000000 ) ;
#2632 = FACE_BOUND ( 'NONE', #3985, .T. ) ;
#2633 = ORIENTED_EDGE ( 'NONE', *, *, #111, .F. ) ;
#2634 = DIRECTION ( 'NONE',  ( -3.903127820947819660E-17, -1.000000000000000000, -1.330457483314383798E-16 ) ) ;
#2635 = MECHANICAL_DESIGN_GEOMETRIC_PRESENTATION_REPRESENTATION (  '', ( #521 ), #4959 ) ;
#2636 = ORIENTED_EDGE ( 'NONE', *, *, #4908, .T. ) ;
#2637 = CARTESIAN_POINT ( 'NONE',  ( 10.97435288513149132, -4.049999999999704059, -100.5929214578723645 ) ) ;
#2638 = DIRECTION ( 'NONE',  ( -0.000000000000000000, 1.000000000000000000, 0.000000000000000000 ) ) ;
#2639 = DIRECTION ( 'NONE',  ( 1.000000000000000000, 0.000000000000000000, 0.000000000000000000 ) ) ;
#2640 = MECHANICAL_DESIGN_GEOMETRIC_PRESENTATION_REPRESENTATION (  '', ( #3044 ), #2880 ) ;
#2641 = PRESENTATION_LAYER_ASSIGNMENT (  '', '', ( #3281 ) ) ;
#2642 = FILL_AREA_STYLE ('',( #4615 ) ) ;
#2643 = LINE ( 'NONE', #4257, #2578 ) ;
#2644 = CIRCLE ( 'NONE', #1082, 11.13749999999999751 ) ;
#2645 = PRESENTATION_LAYER_ASSIGNMENT (  '', '', ( #4891 ) ) ;
#2646 = DIRECTION ( 'NONE',  ( 0.000000000000000000, 0.000000000000000000, -1.000000000000000000 ) ) ;
#2647 = DIRECTION ( 'NONE',  ( -3.469446951953585100E-16, 0.000000000000000000, -1.000000000000000000 ) ) ;
#2648 = EDGE_CURVE ( 'NONE', #1179, #3168, #3634, .T. ) ;
#2649 =( NAMED_UNIT ( * ) SI_UNIT ( $, .STERADIAN. ) SOLID_ANGLE_UNIT ( ) );
#2650 = CARTESIAN_POINT ( 'NONE',  ( 15.65379562942962544, 29.16000000000031278, -44.44057325408441272 ) ) ;
#2651 = CARTESIAN_POINT ( 'NONE',  ( 13.34514088601178017, 29.16000000000019909, -92.48038920841749189 ) ) ;
#2652 = VERTEX_POINT ( 'NONE', #4312 ) ;
#2653 = CARTESIAN_POINT ( 'NONE',  ( 9.625000000000000000, -3.037499999999999645, -40.84195960390587032 ) ) ;
#2654 = SURFACE_STYLE_FILL_AREA ( #3822 ) ;
#2655 = ORIENTED_EDGE ( 'NONE', *, *, #4383, .F. ) ;
#2656 = DIRECTION ( 'NONE',  ( -2.775557561562890365E-16, 1.733336949948484899E-32, 1.000000000000000000 ) ) ;
#2657 = ORIENTED_EDGE ( 'NONE', *, *, #2076, .F. ) ;
#2658 =( NAMED_UNIT ( * ) PLANE_ANGLE_UNIT ( ) SI_UNIT ( $, .RADIAN. ) );
#2659 = DIRECTION ( 'NONE',  ( 0.000000000000000000, 0.000000000000000000, 1.000000000000000000 ) ) ;
#2660 = CARTESIAN_POINT ( 'NONE',  ( 29.45451409637619733, 22.46093798213752990, -39.94999999999692619 ) ) ;
#2661 = CARTESIAN_POINT ( 'NONE',  ( 28.82439207940052484, 1.418510874882730644, -97.13084487572389492 ) ) ;
#2662 = SURFACE_STYLE_FILL_AREA ( #3344 ) ;
#2663 = CARTESIAN_POINT ( 'NONE',  ( 9.625000000000000000, 28.14750000000032770, -113.3999999999999915 ) ) ;
#2664 = CARTESIAN_POINT ( 'NONE',  ( 20.25000000001037748, 28.09674780070346500, -23.69250000000030099 ) ) ;
#2665 = AXIS2_PLACEMENT_3D ( 'NONE', #1943, #1967, #2702 ) ;
#2666 = CARTESIAN_POINT ( 'NONE',  ( 27.33749999999999858, 9.845452595836745746E-15, -137.0924999999999727 ) ) ;
#2667 = ORIENTED_EDGE ( 'NONE', *, *, #3648, .F. ) ;
#2668 = LINE ( 'NONE', #346, #3438 ) ;
#2669 = VERTEX_POINT ( 'NONE', #2336 ) ;
#2670 = MECHANICAL_DESIGN_GEOMETRIC_PRESENTATION_REPRESENTATION (  '', ( #59 ), #1189 ) ;
#2671 = CARTESIAN_POINT ( 'NONE',  ( 15.12587036645057381, 27.27690639370102943, -46.47375002599752492 ) ) ;
#2672 = CARTESIAN_POINT ( 'NONE',  ( 13.12240243758608926, 26.10511756943360595, -90.61874997017038424 ) ) ;
#2673 = EDGE_CURVE ( 'NONE', #286, #3079, #3920, .T. ) ;
#2674 = ORIENTED_EDGE ( 'NONE', *, *, #4283, .F. ) ;
#2675 = CARTESIAN_POINT ( 'NONE',  ( 9.625000000000000000, 25.10999999999999588, -3.037499999999999645 ) ) ;
#2676 = FACE_OUTER_BOUND ( 'NONE', #3974, .T. ) ;
#2677 = EDGE_LOOP ( 'NONE', ( #2612, #564, #4377, #2507 ) ) ;
#2678 = FACE_BOUND ( 'NONE', #478, .T. ) ;
#2679 = VERTEX_POINT ( 'NONE', #3858 ) ;
#2680 = CARTESIAN_POINT ( 'NONE',  ( 9.625000000000000000, 3.037499999999999645, 1.713913789117811707E-15 ) ) ;
#2681 = CARTESIAN_POINT ( 'NONE',  ( 20.46342708852074210, 23.80199510025206067, -86.40183412435024479 ) ) ;
#2682 = CARTESIAN_POINT ( 'NONE',  ( 29.61352525023900739, 22.07072683080897590, -38.71350578000011211 ) ) ;
#2683 = CARTESIAN_POINT ( 'NONE',  ( -101.2500000000000000, 25.10999999999999588, -134.0549999999999784 ) ) ;
#2684 =( NAMED_UNIT ( * ) SI_UNIT ( $, .STERADIAN. ) SOLID_ANGLE_UNIT ( ) );
#2685 = ORIENTED_EDGE ( 'NONE', *, *, #2230, .F. ) ;
#2686 = EDGE_CURVE ( 'NONE', #2261, #4719, #1935, .T. ) ;
#2687 = CARTESIAN_POINT ( 'NONE',  ( 10.58722073350249815, 29.16000000000029857, -36.43761368838836034 ) ) ;
#2688 = EDGE_CURVE ( 'NONE', #4272, #3268, #1732, .T. ) ;
#2689 = PRODUCT_RELATED_PRODUCT_CATEGORY ( 'part', '', ( #4658 ) ) ;
#2690 = FILL_AREA_STYLE ('',( #3835 ) ) ;
#2691 = EDGE_CURVE ( 'NONE', #893, #3620, #3424, .T. ) ;
#2692 = CARTESIAN_POINT ( 'NONE',  ( 9.625000000000000000, -3.037499999999991207, -96.25054039609449319 ) ) ;
#2693 = CARTESIAN_POINT ( 'NONE',  ( 10.12500000000000000, 28.48043086460513251, -40.14504383442915270 ) ) ;
#2694 = CARTESIAN_POINT ( 'NONE',  ( 20.42757076761656876, 1.256742406169712112, -86.44471111212557446 ) ) ;
#2695 = CARTESIAN_POINT ( 'NONE',  ( 17.57590397110168468, 29.16000000000004988, -40.50432772664746750 ) ) ;
#2696 = CARTESIAN_POINT ( 'NONE',  ( 10.56567981672489154, 29.15999999999703007, -91.85120925540473991 ) ) ;
#2697 = ORIENTED_EDGE ( 'NONE', *, *, #4436, .T. ) ;
#2698 = CARTESIAN_POINT ( 'NONE',  ( 10.12500000000000000, -3.037499999999999645, -40.84195960390587032 ) ) ;
#2699 =( NAMED_UNIT ( * ) SI_UNIT ( $, .STERADIAN. ) SOLID_ANGLE_UNIT ( ) );
#2700 = CARTESIAN_POINT ( 'NONE',  ( 20.54876410594918212, 1.432404942169337891, -50.79377000689449773 ) ) ;
#2701 = VECTOR ( 'NONE', #2332, 1000.000000000000000 ) ;
#2702 = DIRECTION ( 'NONE',  ( 0.000000000000000000, -1.000000000000000000, -1.885568995626962808E-16 ) ) ;
#2703 = DIRECTION ( 'NONE',  ( 0.000000000000000000, -1.000000000000000000, -1.330457483314383798E-16 ) ) ;
#2704 = VERTEX_POINT ( 'NONE', #4676 ) ;
#2705 = CARTESIAN_POINT ( 'NONE',  ( 20.25000000000000000, 28.14749999999999375, -137.0924999999999727 ) ) ;
#2706 =( GEOMETRIC_REPRESENTATION_CONTEXT ( 3 ) GLOBAL_UNCERTAINTY_ASSIGNED_CONTEXT ( ( #4254 ) ) GLOBAL_UNIT_ASSIGNED_CONTEXT ( ( #2256, #3083, #2649 ) ) REPRESENTATION_CONTEXT ( 'NONE', 'WORKASPACE' ) );
#2707 = SURFACE_SIDE_STYLE ('',( #3465 ) ) ;
#2708 = EDGE_LOOP ( 'NONE', ( #4742, #4337, #4430, #3557, #1336, #4970, #3039, #819, #141, #1298, #370, #4241 ) ) ;
#2709 = CARTESIAN_POINT ( 'NONE',  ( 22.27499999999999503, 7.087500000000000355, -53.56125000000000114 ) ) ;
#2710 = LINE ( 'NONE', #333, #2072 ) ;
#2711 = AXIS2_PLACEMENT_3D ( 'NONE', #1267, #3987, #3681 ) ;
#2712 = STYLED_ITEM ( 'NONE', ( #4536 ), #2201 ) ;
#2713 = SURFACE_STYLE_FILL_AREA ( #2379 ) ;
#2714 = DIRECTION ( 'NONE',  ( 0.000000000000000000, -1.000000000000000000, -1.885568995626962314E-16 ) ) ;
#2715 = STYLED_ITEM ( 'NONE', ( #4939 ), #2532 ) ;
#2716 = CARTESIAN_POINT ( 'NONE',  ( 20.25000000000000000, 28.09674780070452726, 0.05075219929546794656 ) ) ;
#2717 = FACE_OUTER_BOUND ( 'NONE', #2820, .T. ) ;
#2718 = EDGE_CURVE ( 'NONE', #2807, #2183, #3135, .T. ) ;
#2719 = ORIENTED_EDGE ( 'NONE', *, *, #231, .F. ) ;
#2720 = DIRECTION ( 'NONE',  ( 0.000000000000000000, -1.000000000000000000, -1.885568995626964780E-16 ) ) ;
#2721 = CARTESIAN_POINT ( 'NONE',  ( 14.83473601050038759, 28.14750000000000796, -46.47375000000039336 ) ) ;
#2722 = CARTESIAN_POINT ( 'NONE',  ( 9.625000000000000000, 22.07249999999999801, -137.0924999999999727 ) ) ;
#2723 = AXIS2_PLACEMENT_3D ( 'NONE', #195, #2553, #2949 ) ;
#2724 = UNCERTAINTY_MEASURE_WITH_UNIT (LENGTH_MEASURE( 1.000000000000000082E-05 ), #2172, 'distance_accuracy_value', 'NONE');
#2725 = CARTESIAN_POINT ( 'NONE',  ( 22.02646284741147653, 4.857897645645729234, -84.06438499760926675 ) ) ;
#2726 = PLANE ( 'NONE',  #2426 ) ;
#2727 = CARTESIAN_POINT ( 'NONE',  ( 13.34514088601213722, 29.16000000000018844, -44.61211079158230319 ) ) ;
#2728 = CARTESIAN_POINT ( 'NONE',  ( 11.09975811909868249, 24.05347229573210655, -90.61875000940601410 ) ) ;
#2729 = ORIENTED_EDGE ( 'NONE', *, *, #705, .T. ) ;
#2730 = CARTESIAN_POINT ( 'NONE',  ( 19.23749999999999716, -4.049999999999998934, -42.06036481966574314 ) ) ;
#2731 = AXIS2_PLACEMENT_3D ( 'NONE', #1981, #3994, #3968 ) ;
#2732 = CARTESIAN_POINT ( 'NONE',  ( 12.14999999999999858, 28.14749999999999375, 0.000000000000000000 ) ) ;
#2733 = FILL_AREA_STYLE_COLOUR ( '', #4799 ) ;
#2734 = VERTEX_POINT ( 'NONE', #3055 ) ;
#2735 = MECHANICAL_DESIGN_GEOMETRIC_PRESENTATION_REPRESENTATION (  '', ( #2067 ), #4314 ) ;
#2736 =( LENGTH_UNIT ( ) NAMED_UNIT ( * ) SI_UNIT ( .MILLI., .METRE. ) );
#2737 = ORIENTED_EDGE ( 'NONE', *, *, #2152, .T. ) ;
#2738 = CARTESIAN_POINT ( 'NONE',  ( 10.12500000000000000, -3.963452304990142672, -99.16834132042984606 ) ) ;
#2739 = CARTESIAN_POINT ( 'NONE',  ( 9.625000000000000000, 12.55499999999999794, -50.01749999999999829 ) ) ;
#2740 = CARTESIAN_POINT ( 'NONE',  ( 19.91348882536390974, 28.13056844628113851, -137.1094315537188209 ) ) ;
#2741 = MECHANICAL_DESIGN_GEOMETRIC_PRESENTATION_REPRESENTATION (  '', ( #44 ), #1657 ) ;
#2742 = CARTESIAN_POINT ( 'NONE',  ( 29.54792848623520030, 2.875485347908450340, -38.98392619940877779 ) ) ;
#2743 =( NAMED_UNIT ( * ) SI_UNIT ( $, .STERADIAN. ) SOLID_ANGLE_UNIT ( ) );
#2744 = EDGE_CURVE ( 'NONE', #1958, #2875, #2668, .T. ) ;
#2745 = CARTESIAN_POINT ( 'NONE',  ( 19.20824435617219095, -4.049999999999988276, -95.03213519115124086 ) ) ;
#2746 = EDGE_CURVE ( 'NONE', #3733, #4925, #3454, .T. ) ;
#2747 = CARTESIAN_POINT ( 'NONE',  ( 29.36250000000000071, 7.087500000000000355, -46.47375000000000256 ) ) ;
#2748 = UNCERTAINTY_MEASURE_WITH_UNIT (LENGTH_MEASURE( 1.000000000000000082E-05 ), #3306, 'distance_accuracy_value', 'NONE');
#2749 = DIRECTION ( 'NONE',  ( 1.000000000000000000, 0.000000000000000000, 0.000000000000000000 ) ) ;
#2750 = ORIENTED_EDGE ( 'NONE', *, *, #498, .T. ) ;
#2751 = CARTESIAN_POINT ( 'NONE',  ( 14.02381149021014650, 28.14749999999999375, -93.96116710331990873 ) ) ;
#2752 = CARTESIAN_POINT ( 'NONE',  ( 22.25464922199828166, 6.337092389222208411, -83.57989916348353177 ) ) ;
#2753 = CARTESIAN_POINT ( 'NONE',  ( 9.221003137414191642, 29.16000000000034120, -46.26539387000681103 ) ) ;
#2755 = EDGE_CURVE ( 'NONE', #859, #3663, #4125, .T. ) ;
#2754 = CARTESIAN_POINT ( 'NONE',  ( 13.53775358467433776, 26.41341458229316430, -90.61875006458518556 ) ) ;
#2756 = MECHANICAL_DESIGN_GEOMETRIC_PRESENTATION_REPRESENTATION (  '', ( #3082 ), #636 ) ;
#2757 = ORIENTED_EDGE ( 'NONE', *, *, #1301, .F. ) ;
#2758 = CARTESIAN_POINT ( 'NONE',  ( 9.625000000000000000, -3.370378253017963122, -40.14515396493430899 ) ) ;
#2759 = ORIENTED_EDGE ( 'NONE', *, *, #4436, .F. ) ;
#2760 = SURFACE_STYLE_FILL_AREA ( #4302 ) ;
#2761 = ORIENTED_EDGE ( 'NONE', *, *, #2619, .T. ) ;
#2762 = FACE_OUTER_BOUND ( 'NONE', #5025, .T. ) ;
#2763 = CARTESIAN_POINT ( 'NONE',  ( 9.625000000000000000, 1.580766767483863887E-14, 3.037499999999999645 ) ) ;
#2764 = SURFACE_SIDE_STYLE ('',( #3629 ) ) ;
#2765 = PRESENTATION_LAYER_ASSIGNMENT (  '', '', ( #240 ) ) ;
#2766 = CARTESIAN_POINT ( 'NONE',  ( 28.87172555996368217, 1.499326175987784726, -38.81369787967124552 ) ) ;
#2767 = CARTESIAN_POINT ( 'NONE',  ( 17.59018545643102271, 29.16000000000005699, -40.51356804853214300 ) ) ;
#2768 = CARTESIAN_POINT ( 'NONE',  ( 19.23749999999999361, 19.03500000000000725, -95.03213518033491880 ) ) ;
#2769 = EDGE_LOOP ( 'NONE', ( #885, #4400, #2209, #4069 ) ) ;
#2770 = CARTESIAN_POINT ( 'NONE',  ( 26.22375000000045375, 0.000000000000000000, -1.083623791457039653E-14 ) ) ;
#2771 = CARTESIAN_POINT ( 'NONE',  ( 20.37721033347241928, 1.185852668002105759, -86.50446309169944925 ) ) ;
#2772 = FILL_AREA_STYLE_COLOUR ( '', #1592 ) ;
#2773 = CARTESIAN_POINT ( 'NONE',  ( 10.12500000000000000, 28.73108975675055987, -97.66761197181834575 ) ) ;
#2774 = DIRECTION ( 'NONE',  ( 2.775557561562889810E-17, 1.000000000000000000, -9.629649721935879574E-33 ) ) ;
#2775 = PRESENTATION_STYLE_ASSIGNMENT (( #1585 ) ) ;
#2776 = ORIENTED_EDGE ( 'NONE', *, *, #1209, .F. ) ;
#2777 =( NAMED_UNIT ( * ) SI_UNIT ( $, .STERADIAN. ) SOLID_ANGLE_UNIT ( ) );
#2778 = ORIENTED_EDGE ( 'NONE', *, *, #3133, .T. ) ;
#2779 = CARTESIAN_POINT ( 'NONE',  ( 26.22375000000045375, 19.74375000005680292, -137.0924999999999727 ) ) ;
#2780 = FILL_AREA_STYLE_COLOUR ( '', #3151 ) ;
#2781 = STYLED_ITEM ( 'NONE', ( #4740 ), #4159 ) ;
#2782 = ADVANCED_FACE ( 'NONE', ( #4832, #3250 ), #3973, .F. ) ;
#2783 = SURFACE_SIDE_STYLE ('',( #368 ) ) ;
#2784 = CARTESIAN_POINT ( 'NONE',  ( 29.49302078768739221, 2.743046402009343243, -97.79479964164339378 ) ) ;
#2785 = MECHANICAL_DESIGN_GEOMETRIC_PRESENTATION_REPRESENTATION (  '', ( #1951 ), #2460 ) ;
#2786 = VECTOR ( 'NONE', #2404, 1000.000000000000000 ) ;
#2787 = CARTESIAN_POINT ( 'NONE',  ( 9.625000000000000000, -3.037499999999991207, -96.25054039609449319 ) ) ;
#2788 = PRESENTATION_LAYER_ASSIGNMENT (  '', '', ( #2712 ) ) ;
#2789 =( GEOMETRIC_REPRESENTATION_CONTEXT ( 3 ) GLOBAL_UNCERTAINTY_ASSIGNED_CONTEXT ( ( #2540 ) ) GLOBAL_UNIT_ASSIGNED_CONTEXT ( ( #3356, #2909, #3333 ) ) REPRESENTATION_CONTEXT ( 'NONE', 'WORKASPACE' ) );
#2790 = UNCERTAINTY_MEASURE_WITH_UNIT (LENGTH_MEASURE( 1.000000000000000082E-05 ), #1921, 'distance_accuracy_value', 'NONE');
#2791 = VECTOR ( 'NONE', #1463, 1000.000000000000000 ) ;
#2792 = VERTEX_POINT ( 'NONE', #457 ) ;
#2793 = DIRECTION ( 'NONE',  ( 1.000000000000000000, 0.000000000000000000, -4.132222856978965360E-16 ) ) ;
#2794 =( GEOMETRIC_REPRESENTATION_CONTEXT ( 3 ) GLOBAL_UNCERTAINTY_ASSIGNED_CONTEXT ( ( #4608 ) ) GLOBAL_UNIT_ASSIGNED_CONTEXT ( ( #5022, #237, #283 ) ) REPRESENTATION_CONTEXT ( 'NONE', 'WORKASPACE' ) );
#2795 = VERTEX_POINT ( 'NONE', #2363 ) ;
#2796 = CYLINDRICAL_SURFACE ( 'NONE', #4309, 0.7499999999991888711 ) ;
#2797 = VECTOR ( 'NONE', #3909, 1000.000000000000000 ) ;
#2798 = DIRECTION ( 'NONE',  ( 0.000000000000000000, 0.000000000000000000, 1.000000000000000000 ) ) ;
#2799 = FILL_AREA_STYLE ('',( #2772 ) ) ;
#2800 = PRESENTATION_STYLE_ASSIGNMENT (( #3617 ) ) ;
#2801 = CARTESIAN_POINT ( 'NONE',  ( 9.179624447009972599, 19.18776110364533949, -90.61875000001144542 ) ) ;
#2802 = VERTEX_POINT ( 'NONE', #4365 ) ;
#2803 = CARTESIAN_POINT ( 'NONE',  ( 26.22375000000045375, 2.898052025671948817E-15, -91.12500000000000000 ) ) ;
#2804 = COLOUR_RGB ( '',0.1019607843137254888, 0.1019607843137254888, 0.1019607843137254888 ) ;
#2805 = FILL_AREA_STYLE ('',( #1208 ) ) ;
#2806 = EDGE_LOOP ( 'NONE', ( #1097, #1839, #3121, #4404 ) ) ;
#2807 = VERTEX_POINT ( 'NONE', #4447 ) ;
#2808 = CARTESIAN_POINT ( 'NONE',  ( 19.79101995889336152, 24.67299202669251557, -49.92856646094884354 ) ) ;
#2809 =( NAMED_UNIT ( * ) PLANE_ANGLE_UNIT ( ) SI_UNIT ( $, .RADIAN. ) );
#2810 =( NAMED_UNIT ( * ) PLANE_ANGLE_UNIT ( ) SI_UNIT ( $, .RADIAN. ) );
#2811 = DIRECTION ( 'NONE',  ( 0.000000000000000000, 1.000000000000000000, 0.000000000000000000 ) ) ;
#2812 = CARTESIAN_POINT ( 'NONE',  ( 29.11793290775228371, 1.946454093484012438, -38.47220890918426051 ) ) ;
#2813 = CARTESIAN_POINT ( 'NONE',  ( 10.12500000000000000, -4.049999999999684519, -37.16643538402582436 ) ) ;
#2814 = EDGE_CURVE ( 'NONE', #1773, #3876, #1277, .T. ) ;
#2815 =( NAMED_UNIT ( * ) SI_UNIT ( $, .STERADIAN. ) SOLID_ANGLE_UNIT ( ) );
#2816 = PRESENTATION_STYLE_ASSIGNMENT (( #3246 ) ) ;
#2817 = VECTOR ( 'NONE', #2864, 1000.000000000000000 ) ;
#2818 =( LENGTH_UNIT ( ) NAMED_UNIT ( * ) SI_UNIT ( .MILLI., .METRE. ) );
#2819 = ORIENTED_EDGE ( 'NONE', *, *, #3498, .F. ) ;
#2820 = EDGE_LOOP ( 'NONE', ( #1135, #193, #1711, #3931, #1826, #5003 ) ) ;
#2821 = VERTEX_POINT ( 'NONE', #3641 ) ;
#2822 = CARTESIAN_POINT ( 'NONE',  ( 11.01074422006743703, 28.14749999999999375, -41.04333033549377774 ) ) ;
#2823 = CARTESIAN_POINT ( 'NONE',  ( 26.22375000000045375, -2.118952941099449074E-13, -137.0924999999999727 ) ) ;
#2824 = SURFACE_STYLE_FILL_AREA ( #1660 ) ;
#2825 = CARTESIAN_POINT ( 'NONE',  ( 9.295173029821171440, 29.16000000000034831, -90.95732649378724943 ) ) ;
#2826 = ORIENTED_EDGE ( 'NONE', *, *, #945, .T. ) ;
#2827 = PRESENTATION_STYLE_ASSIGNMENT (( #1232 ) ) ;
#2828 = ADVANCED_FACE ( 'NONE', ( #911 ), #3558, .T. ) ;
#2829 = PLANE ( 'NONE',  #845 ) ;
#2830 = ORIENTED_EDGE ( 'NONE', *, *, #3499, .T. ) ;
#2831 = DIRECTION ( 'NONE',  ( 0.000000000000000000, -1.000000000000000000, -1.267249292515524055E-16 ) ) ;
#2832 = EDGE_CURVE ( 'NONE', #1879, #2606, #117, .T. ) ;
#2833 = DIRECTION ( 'NONE',  ( 0.000000000000000000, -0.7071067811865470176, -0.7071067811865480168 ) ) ;
#2834 = ORIENTED_EDGE ( 'NONE', *, *, #3583, .F. ) ;
#2835 = CARTESIAN_POINT ( 'NONE',  ( 19.23749999999999716, 25.25319628389968685, -49.36805371610081039 ) ) ;
#2836 = SURFACE_STYLE_USAGE ( .BOTH. , #2451 ) ;
#2837 = VECTOR ( 'NONE', #3054, 1000.000000000000114 ) ;
#2838 = CARTESIAN_POINT ( 'NONE',  ( 19.23749999999999716, 28.14749999999999375, -137.0924999999999727 ) ) ;
#2839 = CARTESIAN_POINT ( 'NONE',  ( 29.55050060495998920, 2.881815268023421250, -97.51897316643398028 ) ) ;
#2840 = DIRECTION ( 'NONE',  ( -5.181877588928640785E-31, -1.000000000000000000, -1.254016970594141996E-15 ) ) ;
#2841 = STYLED_ITEM ( 'NONE', ( #5010 ), #1290 ) ;
#2842 = CARTESIAN_POINT ( 'NONE',  ( 10.38270957648064119, 2.166779483736441581, -90.61874999485087301 ) ) ;
#2843 = SURFACE_STYLE_USAGE ( .BOTH. , #4754 ) ;
#2844 =( GEOMETRIC_REPRESENTATION_CONTEXT ( 3 ) GLOBAL_UNCERTAINTY_ASSIGNED_CONTEXT ( ( #2790 ) ) GLOBAL_UNIT_ASSIGNED_CONTEXT ( ( #1921, #4007, #4402 ) ) REPRESENTATION_CONTEXT ( 'NONE', 'WORKASPACE' ) );
#2845 = SURFACE_SIDE_STYLE ('',( #1197 ) ) ;
#2846 = UNCERTAINTY_MEASURE_WITH_UNIT (LENGTH_MEASURE( 1.000000000000000082E-05 ), #71, 'distance_accuracy_value', 'NONE');
#2847 = B_SPLINE_CURVE_WITH_KNOTS ( 'NONE', 3,
 ( #2835, #4431, #2808, #1688, #545, #2081, #4406, #4868, #873, #2424, #492, #1313, #2024, #897, #4037, #3627, #1665, #3239, #922, #4844, #2884, #2480, #2862, #2628, #3310, #4565, #4137, #1793, #2135, #305, #660, #1840, #4167, #2567, #206, #258, #3770, #4189, #2607, #280, #2235, #2161, #3335, #997, #4219, #3358, #2210, #3794, #4946, #3408, #4971, #1745 ),
 .UNSPECIFIED., .F., .F.,
 ( 4, 2, 2, 2, 1, 1, 1, 1, 2, 2, 2, 2, 1, 1, 1, 1, 1, 2, 2, 2, 2, 1, 1, 1, 1, 2, 2, 2, 1, 1, 1, 2, 2, 4 ),
 ( 0.000000000000000000, 0.1250000000000728861, 0.1875000000001090239, 0.2187500000001267320, 0.2343750000001365297, 0.2421875000001415812, 0.2460937500001441069, 0.2480468750001447731, 0.2490234375001440792, 0.2500000000001433853, 0.3750000000001201816, 0.4375000000001079137, 0.4687500000001025291, 0.4843750000000990874, 0.4921875000000971445, 0.4960937500000951461, 0.4980468750000939249, 0.4990234375000935918, 0.5000000000000931477, 0.6250000000000970335, 0.6875000000000978106, 0.7187500000000975886, 0.7343750000000970335, 0.7421875000000963674, 0.7460937500000967004, 0.7480468750000963674, 0.7500000000000959233, 0.8125000000000781597, 0.8437500000000689448, 0.8593750000000648370, 0.8671875000000622835, 0.8710937500000608402, 0.8750000000000592859, 1.000000000000000000 ),
 .UNSPECIFIED. ) ;
#2848 = PRESENTATION_STYLE_ASSIGNMENT (( #3228 ) ) ;
#2849 = CARTESIAN_POINT ( 'NONE',  ( 9.295173029820686494, 29.16000000000034476, -46.13517350621467727 ) ) ;
#2850 = ORIENTED_EDGE ( 'NONE', *, *, #1299, .F. ) ;
#2851 = LINE ( 'NONE', #4860, #3449 ) ;
#2852 = FACE_OUTER_BOUND ( 'NONE', #937, .T. ) ;
#2853 = DIRECTION ( 'NONE',  ( -1.000000000000000000, 0.000000000000000000, 3.955169525227120175E-16 ) ) ;
#2854 = CARTESIAN_POINT ( 'NONE',  ( 19.57570645576655011, -3.037499999999998757, -137.0924999999998875 ) ) ;
#2855 = ORIENTED_EDGE ( 'NONE', *, *, #4652, .F. ) ;
#2856 = FILL_AREA_STYLE_COLOUR ( '', #4797 ) ;
#2857 = ORIENTED_EDGE ( 'NONE', *, *, #1968, .F. ) ;
#2858 =( LENGTH_UNIT ( ) NAMED_UNIT ( * ) SI_UNIT ( .MILLI., .METRE. ) );
#2859 = FACE_OUTER_BOUND ( 'NONE', #2078, .T. ) ;
#2860 = SURFACE_STYLE_FILL_AREA ( #1639 ) ;
#2861 = VERTEX_POINT ( 'NONE', #87 ) ;
#2862 = CARTESIAN_POINT ( 'NONE',  ( 21.37123591420778368, 22.20399663138190505, -51.90433752420743474 ) ) ;
#2863 = ORIENTED_EDGE ( 'NONE', *, *, #2832, .T. ) ;
#2864 = DIRECTION ( 'NONE',  ( 1.000000000000000000, 0.000000000000000000, 0.000000000000000000 ) ) ;
#2865 = CARTESIAN_POINT ( 'NONE',  ( 10.12500000000000000, 28.48037825301815573, -96.94734603506498161 ) ) ;
#2866 = CARTESIAN_POINT ( 'NONE',  ( 9.179624447010702681, 5.922238896356209814, -46.47374999998895362 ) ) ;
#2867 = PLANE ( 'NONE',  #1455 ) ;
#2868 = CARTESIAN_POINT ( 'NONE',  ( 16.95621362430996015, -4.049999999999909228, -97.27833985215625034 ) ) ;
#2869 = CARTESIAN_POINT ( 'NONE',  ( 9.625000000000000000, 25.10999999999999588, -134.0549999999999784 ) ) ;
#2870 = VECTOR ( 'NONE', #3523, 1000.000000000000000 ) ;
#2871 = CARTESIAN_POINT ( 'NONE',  ( 21.57747037722758776, 3.393362409531720303, -52.22617568568755075 ) ) ;
#2872 = ORIENTED_EDGE ( 'NONE', *, *, #4861, .F. ) ;
#2873 = VERTEX_POINT ( 'NONE', #533 ) ;
#2874 =( NAMED_UNIT ( * ) PLANE_ANGLE_UNIT ( ) SI_UNIT ( $, .RADIAN. ) );
#2875 = VERTEX_POINT ( 'NONE', #3205 ) ;
#2876 = DIRECTION ( 'NONE',  ( 1.000000000000000000, -0.000000000000000000, -0.000000000000000000 ) ) ;
#2877 = AXIS2_PLACEMENT_3D ( 'NONE', #239, #1778, #4571 ) ;
#2878 = COLOUR_RGB ( '',0.1019607843137254888, 0.1019607843137254888, 0.1019607843137254888 ) ;
#2879 = CARTESIAN_POINT ( 'NONE',  ( 11.84558028636674365, -3.037499999999999201, -95.70302472870058352 ) ) ;
#2880 =( GEOMETRIC_REPRESENTATION_CONTEXT ( 3 ) GLOBAL_UNCERTAINTY_ASSIGNED_CONTEXT ( ( #1548 ) ) GLOBAL_UNIT_ASSIGNED_CONTEXT ( ( #3998, #142, #504 ) ) REPRESENTATION_CONTEXT ( 'NONE', 'WORKASPACE' ) );
#2881 = MECHANICAL_DESIGN_GEOMETRIC_PRESENTATION_REPRESENTATION (  '', ( #4391 ), #3282 ) ;
#2882 = EDGE_LOOP ( 'NONE', ( #3429, #3848, #5042, #2759 ) ) ;
#2883 = ORIENTED_EDGE ( 'NONE', *, *, #1598, .T. ) ;
#2884 = CARTESIAN_POINT ( 'NONE',  ( 21.29675320187844179, 22.36540377961516768, -51.79280049336193770 ) ) ;
#2885 =( BOUNDED_CURVE ( )  B_SPLINE_CURVE ( 3, ( #3330, #676, #630, #2531 ),
 .UNSPECIFIED., .F., .T. ) 
 B_SPLINE_CURVE_WITH_KNOTS ( ( 4, 4 ),
 ( 3.141592653589790007, 6.283185307179590673 ),
 .UNSPECIFIED. ) 
 CURVE ( )  GEOMETRIC_REPRESENTATION_ITEM ( )  RATIONAL_B_SPLINE_CURVE ( ( 1.000000000000000000, 0.3333333333333329818, 0.3333333333333329818, 1.000000000000000000 ) ) 
 REPRESENTATION_ITEM ( '' )  );
#2886 = PRESENTATION_STYLE_ASSIGNMENT (( #2843 ) ) ;
#2887 = CARTESIAN_POINT ( 'NONE',  ( 9.625000000000000000, 28.14749999999999375, -96.25054039609325685 ) ) ;
#2888 = CARTESIAN_POINT ( 'NONE',  ( 16.46321699037047992, -4.049999999999902123, -39.32356321173649150 ) ) ;
#2889 = MECHANICAL_DESIGN_GEOMETRIC_PRESENTATION_REPRESENTATION (  '', ( #940 ), #4973 ) ;
#2890 = CARTESIAN_POINT ( 'NONE',  ( 15.61143573339107071, -4.049999999999873701, -38.58375293151642893 ) ) ;
#2891 = CARTESIAN_POINT ( 'NONE',  ( 18.88237468611323777, -4.049999999999978506, -95.15438345176461610 ) ) ;
#2892 = CARTESIAN_POINT ( 'NONE',  ( 29.04993509426854104, 23.29149223877438857, -39.60153673011467390 ) ) ;
#2893 = AXIS2_PLACEMENT_3D ( 'NONE', #4614, #1072, #2639 ) ;
#2894 = CARTESIAN_POINT ( 'NONE',  ( 29.61472793472267995, 22.06765100966590509, -96.84199018575897355 ) ) ;
#2895 = UNCERTAINTY_MEASURE_WITH_UNIT (LENGTH_MEASURE( 1.000000000000000082E-05 ), #3517, 'distance_accuracy_value', 'NONE');
#2896 = EDGE_CURVE ( 'NONE', #732, #4662, #2495, .T. ) ;
#2897 = CARTESIAN_POINT ( 'NONE',  ( 9.186909309741350782, 19.25000684710187926, -46.47374999997094847 ) ) ;
#2898 = VECTOR ( 'NONE', #4474, 1000.000000000000114 ) ;
#2899 = ORIENTED_EDGE ( 'NONE', *, *, #407, .F. ) ;
#2900 = SURFACE_STYLE_FILL_AREA ( #624 ) ;
#2901 = B_SPLINE_CURVE_WITH_KNOTS ( 'NONE', 3,
 ( #3340, #4950, #4174, #644, #4591, #2193 ),
 .UNSPECIFIED., .F., .F.,
 ( 4, 2, 4 ),
 ( 0.000000000000000000, 0.5000000000000000000, 1.000000000000000000 ),
 .UNSPECIFIED. ) ;
#2902 = COLOUR_RGB ( '',0.1019607843137254888, 0.1019607843137254888, 0.1019607843137254888 ) ;
#2903 =( LENGTH_UNIT ( ) NAMED_UNIT ( * ) SI_UNIT ( .MILLI., .METRE. ) );
#2904 = EDGE_CURVE ( 'NONE', #2627, #2344, #2948, .T. ) ;
#2905 =( LENGTH_UNIT ( ) NAMED_UNIT ( * ) SI_UNIT ( .MILLI., .METRE. ) );
#2906 = DIRECTION ( 'NONE',  ( 2.775557561562889810E-17, 1.000000000000000000, 1.885568995626964780E-16 ) ) ;
#2907 = EDGE_CURVE ( 'NONE', #1680, #3009, #507, .T. ) ;
#2908 = CARTESIAN_POINT ( 'NONE',  ( 18.41066112714658587, 29.15999999999998593, -44.38549840910226152 ) ) ;
#2909 =( NAMED_UNIT ( * ) PLANE_ANGLE_UNIT ( ) SI_UNIT ( $, .RADIAN. ) );
#2910 = VERTEX_POINT ( 'NONE', #1808 ) ;
#2911 = CARTESIAN_POINT ( 'NONE',  ( 30.37500000000000000, 7.087500000000005684, -95.03213518033477669 ) ) ;
#2912 = SURFACE_STYLE_USAGE ( .BOTH. , #4897 ) ;
#2913 = SURFACE_STYLE_FILL_AREA ( #131 ) ;
#2914 = AXIS2_PLACEMENT_3D ( 'NONE', #1333, #2906, #4083 ) ;
#2915 = CARTESIAN_POINT ( 'NONE',  ( 9.573662992449161635, -4.050000000000070877, -45.82336753221778025 ) ) ;
#2916 =( LENGTH_UNIT ( ) NAMED_UNIT ( * ) SI_UNIT ( .MILLI., .METRE. ) );
#2917 = CARTESIAN_POINT ( 'NONE',  ( 16.63045084467358947, -4.049999999999899458, -97.60818275840857439 ) ) ;
#2918 = DIRECTION ( 'NONE',  ( 0.000000000000000000, 0.000000000000000000, -1.000000000000000000 ) ) ;
#2919 = STYLED_ITEM ( 'NONE', ( #1417 ), #1170 ) ;
#2920 =( BOUNDED_CURVE ( )  B_SPLINE_CURVE ( 3, ( #2271, #2300, #2740, #1590 ),
 .UNSPECIFIED., .F., .F. ) 
 B_SPLINE_CURVE_WITH_KNOTS ( ( 4, 4 ),
 ( 3.141592653589795336, 3.241760074751355081 ),
 .UNSPECIFIED. ) 
 CURVE ( )  GEOMETRIC_REPRESENTATION_ITEM ( )  RATIONAL_B_SPLINE_CURVE ( ( 1.000000000000000000, 0.9991640487402220216, 0.9991640487402220216, 1.000000000000000000 ) ) 
 REPRESENTATION_ITEM ( '' )  );
#2921 = CARTESIAN_POINT ( 'NONE',  ( 18.80955640215358926, -4.049999999999976730, -95.19940906699596894 ) ) ;
#2922 = B_SPLINE_CURVE_WITH_KNOTS ( 'NONE', 3,
 ( #3728, #4955, #166, #2523, #1388, #2461, #137, #1698, #3320, #3266, #4878, #574, #2577, #2118, #4149, #1782, #528, #4934, #1324, #2170, #959, #3637, #3247, #245, #2871, #983, #216, #4477, #4101, #3697, #190, #1725, #3299, #4906, #1349, #4198, #5065, #817, #1496, #2700, #3489, #5092, #2418, #4031, #4282, #3916, #1933, #3506, #742, #403, #4647 ),
 .UNSPECIFIED., .F., .F.,
 ( 4, 2, 1, 1, 1, 2, 2, 2, 1, 1, 1, 1, 2, 2, 2, 2, 1, 1, 1, 1, 1, 2, 2, 2, 2, 1, 1, 1, 1, 1, 2, 2, 2, 4 ),
 ( 0.000000000000000000, 0.06249999999995076161, 0.09374999999992614241, 0.1093749999999137218, 0.1171874999999072825, 0.1210937499999037437, 0.1249999999999002187, 0.1874999999998469558, 0.2187499999998206157, 0.2343749999998074596, 0.2421874999998003541, 0.2460937499997966904, 0.2480468749997944422, 0.2499999999997922218, 0.3749999999996566080, 0.4374999999995893285, 0.4687499999995557998, 0.4843749999995390354, 0.4921874999995304867, 0.4960937499995261568, 0.4980468749995243805, 0.4990234374995236588, 0.4999999999995229372, 0.6249999999995747846, 0.6874999999995997646, 0.7187499999996115330, 0.7343749999996173061, 0.7421874999996201927, 0.7460937499996217470, 0.7480468749996224131, 0.7490234374996235234, 0.7499999999996246336, 0.8749999999998122613, 1.000000000000000000 ),
 .UNSPECIFIED. ) ;
#2923 = CARTESIAN_POINT ( 'NONE',  ( 29.00386533188969551, 23.37639759510470583, -97.53745584183326400 ) ) ;
#2924 = CARTESIAN_POINT ( 'NONE',  ( 9.197105616300865094, 29.16000000000034476, -46.32412789394992103 ) ) ;
#2925 = ORIENTED_EDGE ( 'NONE', *, *, #2907, .T. ) ;
#2926 = CARTESIAN_POINT ( 'NONE',  ( -101.2500000000000000, 0.000000000000000000, -134.0549999999999784 ) ) ;
#2927 = LINE ( 'NONE', #3303, #364 ) ;
#2928 = STYLED_ITEM ( 'NONE', ( #1134 ), #1610 ) ;
#2929 = SURFACE_SIDE_STYLE ('',( #2099 ) ) ;
#2930 = DIRECTION ( 'NONE',  ( 1.000000000000000000, 0.000000000000000000, 0.000000000000000000 ) ) ;
#2931 =( LENGTH_UNIT ( ) NAMED_UNIT ( * ) SI_UNIT ( .MILLI., .METRE. ) );
#2932 = EDGE_LOOP ( 'NONE', ( #2318, #3547, #3146, #1987 ) ) ;
#2933 = CARTESIAN_POINT ( 'NONE',  ( 19.17922109375365380, 29.16000000000000014, -42.05774055960294078 ) ) ;
#2934 = FACE_OUTER_BOUND ( 'NONE', #4453, .T. ) ;
#2935 = ORIENTED_EDGE ( 'NONE', *, *, #3259, .T. ) ;
#2936 =( NAMED_UNIT ( * ) PLANE_ANGLE_UNIT ( ) SI_UNIT ( $, .RADIAN. ) );
#2937 = CARTESIAN_POINT ( 'NONE',  ( 19.23749999999999716, 7.087500000000008349, -113.4000000000000057 ) ) ;
#2938 = CARTESIAN_POINT ( 'NONE',  ( 10.12500000000000000, 28.14749999999999375, -96.25054039609325685 ) ) ;
#2939 = DIRECTION ( 'NONE',  ( -3.955169525227120175E-16, -1.885568995626964780E-16, 1.000000000000000000 ) ) ;
#2940 = CARTESIAN_POINT ( 'NONE',  ( 11.82557194092726860, -4.049999999999651656, -44.86261682143469898 ) ) ;
#2941 = VERTEX_POINT ( 'NONE', #649 ) ;
#2942 = CARTESIAN_POINT ( 'NONE',  ( 15.12587036645127547, -2.166906393701741429, -90.61874997400279597 ) ) ;
#2943 = CARTESIAN_POINT ( 'NONE',  ( 19.23749999999999716, 7.087500000000000355, -23.69250000000030099 ) ) ;
#2944 = CARTESIAN_POINT ( 'NONE',  ( 19.11967056848840585, -4.049999999999986500, -95.03213518033506091 ) ) ;
#2945 = ADVANCED_FACE ( 'NONE', ( #2552 ), #4122, .T. ) ;
#2946 = CARTESIAN_POINT ( 'NONE',  ( 29.64101201565777544, 21.99901174027415607, -97.71112590766514927 ) ) ;
#2947 =( NAMED_UNIT ( * ) PLANE_ANGLE_UNIT ( ) SI_UNIT ( $, .RADIAN. ) );
#2948 = LINE ( 'NONE', #4509, #2570 ) ;
#2949 = DIRECTION ( 'NONE',  ( -1.000000000000000000, -1.275134399224500694E-15, 0.000000000000000000 ) ) ;
#2950 = AXIS2_PLACEMENT_3D ( 'NONE', #3049, #2617, #695 ) ;
#2951 =( NAMED_UNIT ( * ) PLANE_ANGLE_UNIT ( ) SI_UNIT ( $, .RADIAN. ) );
#2952 = SURFACE_STYLE_USAGE ( .BOTH. , #3376 ) ;
#2953 = ORIENTED_EDGE ( 'NONE', *, *, #119, .F. ) ;
#2954 = DIRECTION ( 'NONE',  ( 0.000000000000000000, -0.7071067811865480168, 0.7071067811865470176 ) ) ;
#2955 = MECHANICAL_DESIGN_GEOMETRIC_PRESENTATION_REPRESENTATION (  '', ( #4554 ), #1224 ) ;
#2956 = MECHANICAL_DESIGN_GEOMETRIC_PRESENTATION_REPRESENTATION (  '', ( #5034 ), #3608 ) ;
#2957 = EDGE_CURVE ( 'NONE', #764, #1926, #938, .T. ) ;
#2958 = CARTESIAN_POINT ( 'NONE',  ( 16.52775551949044441, 27.78859768695673438, -90.61874993210642515 ) ) ;
#2959 = EDGE_LOOP ( 'NONE', ( #5076, #3143, #4670, #3682 ) ) ;
#2960 = SURFACE_STYLE_USAGE ( .BOTH. , #3717 ) ;
#2961 = COLOUR_RGB ( '',0.1019607843137254888, 0.1019607843137254888, 0.1019607843137254888 ) ;
#2962 = VERTEX_POINT ( 'NONE', #3410 ) ;
#2963 = DIRECTION ( 'NONE',  ( -0.000000000000000000, 0.7071067811865461294, 0.7071067811865490160 ) ) ;
#2964 = CARTESIAN_POINT ( 'NONE',  ( 9.217802881986591146, 5.627305085715880395, -46.47374999991247790 ) ) ;
#2965 = DIRECTION ( 'NONE',  ( 1.000000000000000000, -3.469446951953623655E-14, 0.000000000000000000 ) ) ;
#2966 = FACE_OUTER_BOUND ( 'NONE', #384, .T. ) ;
#2967 =( NAMED_UNIT ( * ) PLANE_ANGLE_UNIT ( ) SI_UNIT ( $, .RADIAN. ) );
#2968 = LINE ( 'NONE', #2522, #4396 ) ;
#2969 = VECTOR ( 'NONE', #1784, 1000.000000000000000 ) ;
#2970 = EDGE_CURVE ( 'NONE', #3733, #3191, #2599, .T. ) ;
#2971 = CARTESIAN_POINT ( 'NONE',  ( 28.40062499999999801, 12.55499999999999794, -89.65687499999999943 ) ) ;
#2972 = EDGE_CURVE ( 'NONE', #3900, #918, #1484, .T. ) ;
#2973 = VECTOR ( 'NONE', #4617, 1000.000000000000000 ) ;
#2974 = CARTESIAN_POINT ( 'NONE',  ( 17.37935824113719363, -3.037499999999998757, -90.97620877542927076 ) ) ;
#2975 = VECTOR ( 'NONE', #4505, 1000.000000000000000 ) ;
#2976 = CARTESIAN_POINT ( 'NONE',  ( 29.36815397691531970, 22.65000000000104308, -98.07500000000028706 ) ) ;
#2977 = ORIENTED_EDGE ( 'NONE', *, *, #4849, .T. ) ;
#2978 = PRESENTATION_STYLE_ASSIGNMENT (( #3280 ) ) ;
#2979 = SURFACE_SIDE_STYLE ('',( #2229 ) ) ;
#2980 = DIRECTION ( 'NONE',  ( 1.000000000000000000, -2.775557561562889810E-17, 0.000000000000000000 ) ) ;
#2981 = VECTOR ( 'NONE', #2659, 1000.000000000000000 ) ;
#2982 =( NAMED_UNIT ( * ) SI_UNIT ( $, .STERADIAN. ) SOLID_ANGLE_UNIT ( ) );
#2983 = CARTESIAN_POINT ( 'NONE',  ( 18.90306717958572236, 29.16000000000007830, -92.70901047273792983 ) ) ;
#2984 = ADVANCED_FACE ( 'NONE', ( #169 ), #1730, .T. ) ;
#2985 = VERTEX_POINT ( 'NONE', #5070 ) ;
#2986 = DIRECTION ( 'NONE',  ( 0.000000000000000000, -1.000000000000000000, -2.252887631138709814E-16 ) ) ;
#2987 =( LENGTH_UNIT ( ) NAMED_UNIT ( * ) SI_UNIT ( .MILLI., .METRE. ) );
#2988 =( NAMED_UNIT ( * ) SI_UNIT ( $, .STERADIAN. ) SOLID_ANGLE_UNIT ( ) );
#2989 = ORIENTED_EDGE ( 'NONE', *, *, #223, .T. ) ;
#2990 = SURFACE_STYLE_USAGE ( .BOTH. , #4977 ) ;
#2991 = FILL_AREA_STYLE ('',( #2242 ) ) ;
#2992 = CARTESIAN_POINT ( 'NONE',  ( 9.206007736169670608, 5.712614827233185366, -90.61874999997068869 ) ) ;
#2993 = SURFACE_STYLE_FILL_AREA ( #266 ) ;
#2994 = DIRECTION ( 'NONE',  ( -2.775557561562890365E-16, 4.661126557189860815E-16, -1.000000000000000000 ) ) ;
#2995 = PLANE ( 'NONE',  #3636 ) ;
#2996 = PRESENTATION_LAYER_ASSIGNMENT (  '', '', ( #1996 ) ) ;
#2997 = ADVANCED_FACE ( 'NONE', ( #1946 ), #1971, .T. ) ;
#2998 = FACE_OUTER_BOUND ( 'NONE', #3545, .T. ) ;
#2999 = UNCERTAINTY_MEASURE_WITH_UNIT (LENGTH_MEASURE( 1.000000000000000082E-05 ), #1304, 'distance_accuracy_value', 'NONE');
#3000 = DIRECTION ( 'NONE',  ( 0.000000000000000000, 0.000000000000000000, 1.000000000000000000 ) ) ;
#3001 = CIRCLE ( 'NONE', #4171, 2.581875000000011244 ) ;
#3002 = CARTESIAN_POINT ( 'NONE',  ( 9.625000000000000000, -3.963732526480632679, -37.92790245832900808 ) ) ;
#3003 = CARTESIAN_POINT ( 'NONE',  ( -12.67873889985039071, -3.037499999998892530, -113.4000000000000057 ) ) ;
#3004 = AXIS2_PLACEMENT_3D ( 'NONE', #1950, #1594, #3940 ) ;
#3005 = SURFACE_STYLE_FILL_AREA ( #655 ) ;
#3006 = CARTESIAN_POINT ( 'NONE',  ( 9.625000000000000000, -4.049999999999683631, -36.39402376808444473 ) ) ;
#3007 = CARTESIAN_POINT ( 'NONE',  ( 29.36250000000000071, 7.087500000000000355, -90.61874999999999147 ) ) ;
#3008 = DIRECTION ( 'NONE',  ( -0.000000000000000000, 1.000000000000000000, 0.000000000000000000 ) ) ;
#3009 = VERTEX_POINT ( 'NONE', #2327 ) ;
#3010 = ORIENTED_EDGE ( 'NONE', *, *, #1651, .T. ) ;
#3011 = FACE_OUTER_BOUND ( 'NONE', #4446, .T. ) ;
#3012 = VERTEX_POINT ( 'NONE', #1821 ) ;
#3013 = CARTESIAN_POINT ( 'NONE',  ( 9.625000000000000000, 1.580766767483863887E-14, 3.037499999999999645 ) ) ;
#3014 = EDGE_LOOP ( 'NONE', ( #2657, #3653, #491, #4622 ) ) ;
#3015 = PRESENTATION_STYLE_ASSIGNMENT (( #5004 ) ) ;
#3016 = ORIENTED_EDGE ( 'NONE', *, *, #2896, .F. ) ;
#3017 = CARTESIAN_POINT ( 'NONE',  ( 10.56567981672048973, -4.050000000000927969, -91.85120925540799419 ) ) ;
#3018 = CARTESIAN_POINT ( 'NONE',  ( 20.63721489968600054, 23.54492077550523632, -86.19020057778730859 ) ) ;
#3019 = FILL_AREA_STYLE_COLOUR ( '', #5052 ) ;
#3020 = DIRECTION ( 'NONE',  ( -1.000000000000000000, 0.000000000000000000, 0.000000000000000000 ) ) ;
#3021 = SURFACE_STYLE_FILL_AREA ( #4986 ) ;
#3022 = LINE ( 'NONE', #2306, #3976 ) ;
#3023 = MECHANICAL_DESIGN_GEOMETRIC_PRESENTATION_REPRESENTATION (  '', ( #1445 ), #4869 ) ;
#3024 = ORIENTED_EDGE ( 'NONE', *, *, #26, .F. ) ;
#3025 = CARTESIAN_POINT ( 'NONE',  ( 10.12500000000000000, 29.16000000000031278, -36.39402376808431683 ) ) ;
#3026 = VECTOR ( 'NONE', #1511, 1000.000000000000000 ) ;
#3027 =( LENGTH_UNIT ( ) NAMED_UNIT ( * ) SI_UNIT ( .MILLI., .METRE. ) );
#3028 = ORIENTED_EDGE ( 'NONE', *, *, #4435, .T. ) ;
#3029 = CARTESIAN_POINT ( 'NONE',  ( 18.88237468611380621, 29.16000000000001080, -41.93811654823504398 ) ) ;
#3031 = EDGE_CURVE ( 'NONE', #546, #5095, #1215, .T. ) ;
#3030 = CARTESIAN_POINT ( 'NONE',  ( 16.76927397580248424, 29.16000000000019554, -92.68515870432041481 ) ) ;
#3032 = ORIENTED_EDGE ( 'NONE', *, *, #1663, .T. ) ;
#3033 = CARTESIAN_POINT ( 'NONE',  ( 21.76874999999999716, -6.663248112204130690E-13, -83.02500000000000568 ) ) ;
#3034 = FACE_OUTER_BOUND ( 'NONE', #18, .T. ) ;
#3035 =( GEOMETRIC_REPRESENTATION_CONTEXT ( 3 ) GLOBAL_UNCERTAINTY_ASSIGNED_CONTEXT ( ( #4190 ) ) GLOBAL_UNIT_ASSIGNED_CONTEXT ( ( #1450, #870, #1924 ) ) REPRESENTATION_CONTEXT ( 'NONE', 'WORKASPACE' ) );
#3036 = UNCERTAINTY_MEASURE_WITH_UNIT (LENGTH_MEASURE( 1.000000000000000082E-05 ), #3472, 'distance_accuracy_value', 'NONE');
#3037 = CARTESIAN_POINT ( 'NONE',  ( 17.01356909160867303, -3.037499999999999645, -45.95125717403149679 ) ) ;
#3038 = VECTOR ( 'NONE', #778, 1000.000000000000000 ) ;
#3039 = ORIENTED_EDGE ( 'NONE', *, *, #3662, .T. ) ;
#3040 = STYLED_ITEM ( 'NONE', ( #926 ), #5041 ) ;
#3041 = ORIENTED_EDGE ( 'NONE', *, *, #3666, .F. ) ;
#3042 = CARTESIAN_POINT ( 'NONE',  ( 9.326509313981835803, 5.011488844442515855, -90.61874999973034051 ) ) ;
#3043 = CARTESIAN_POINT ( 'NONE',  ( 20.46008363325623591, 23.80680147712536510, -86.40584355011246487 ) ) ;
#3044 = STYLED_ITEM ( 'NONE', ( #1254 ), #2828 ) ;
#3045 = AXIS2_PLACEMENT_3D ( 'NONE', #1667, #524, #2484 ) ;
#3046 = CARTESIAN_POINT ( 'NONE',  ( 29.03145786516583371, 1.781958253462293085, -98.00655009860356870 ) ) ;
#3047 = UNCERTAINTY_MEASURE_WITH_UNIT (LENGTH_MEASURE( 1.000000000000000082E-05 ), #3257, 'distance_accuracy_value', 'NONE');
#3048 = COLOUR_RGB ( '',0.1019607843137254888, 0.1019607843137254888, 0.1019607843137254888 ) ;
#3049 = CARTESIAN_POINT ( 'NONE',  ( 17.37499999999999645, 22.65000000000104308, -97.32500000000096918 ) ) ;
#3050 = EDGE_CURVE ( 'NONE', #5046, #2436, #3548, .T. ) ;
#3051 = DIRECTION ( 'NONE',  ( 0.000000000000000000, -0.7071067811865489050, -0.7071067811865460184 ) ) ;
#3052 = VECTOR ( 'NONE', #4910, 1000.000000000000000 ) ;
#3053 = COLOUR_RGB ( '',0.1019607843137254888, 0.1019607843137254888, 0.1019607843137254888 ) ;
#3054 = DIRECTION ( 'NONE',  ( 0.000000000000000000, 0.7071067811865465735, -0.7071067811865483499 ) ) ;
#3055 = CARTESIAN_POINT ( 'NONE',  ( 9.625000000000000000, -3.037499999999991207, -96.25054039609449319 ) ) ;
#3056 = SURFACE_SIDE_STYLE ('',( #255 ) ) ;
#3057 = DIRECTION ( 'NONE',  ( -1.040834085586105161E-15, 1.000000000000000000, 1.353107721632660084E-15 ) ) ;
#3058 = CARTESIAN_POINT ( 'NONE',  ( 15.30291306584438082, 27.35396060333996360, -46.47374996594973595 ) ) ;
#3059 = CARTESIAN_POINT ( 'NONE',  ( 11.03339564942958084, 29.16000000000189729, -92.01428646122393218 ) ) ;
#3060 = VERTEX_POINT ( 'NONE', #50 ) ;
#3061 = FILL_AREA_STYLE_COLOUR ( '', #677 ) ;
#3062 = EDGE_CURVE ( 'NONE', #1238, #3193, #4160, .T. ) ;
#3063 = EDGE_CURVE ( 'NONE', #3148, #1664, #3171, .T. ) ;
#3064 = DIRECTION ( 'NONE',  ( -1.000000000000000000, 0.000000000000000000, 0.000000000000000000 ) ) ;
#3065 = CARTESIAN_POINT ( 'NONE',  ( 26.22375000000045375, 9.772681984306874970E-15, -113.4000000000000057 ) ) ;
#3066 = EDGE_LOOP ( 'NONE', ( #4867, #674, #3074, #4009, #2899 ) ) ;
#3067 = SURFACE_SIDE_STYLE ('',( #2760 ) ) ;
#3068 = ORIENTED_EDGE ( 'NONE', *, *, #3911, .T. ) ;
#3069 = DIRECTION ( 'NONE',  ( -4.132222856978965360E-16, 1.839572674815094671E-33, -1.000000000000000000 ) ) ;
#3070 = CARTESIAN_POINT ( 'NONE',  ( 26.22375000000045375, 25.10999999999999588, -137.0924999999999727 ) ) ;
#3071 =( LENGTH_UNIT ( ) NAMED_UNIT ( * ) SI_UNIT ( .MILLI., .METRE. ) );
#3072 = ORIENTED_EDGE ( 'NONE', *, *, #1009, .T. ) ;
#3073 = CARTESIAN_POINT ( 'NONE',  ( 26.22375000000043954, 22.64999999999929869, -39.19999999999775042 ) ) ;
#3074 = ORIENTED_EDGE ( 'NONE', *, *, #2307, .T. ) ;
#3075 = CARTESIAN_POINT ( 'NONE',  ( 17.12848719688927446, -4.049999999999970512, -44.40015562374031077 ) ) ;
#3076 = PRESENTATION_LAYER_ASSIGNMENT (  '', '', ( #140 ) ) ;
#3077 = ADVANCED_FACE ( 'NONE', ( #2762 ), #4560, .T. ) ;
#3078 = DIRECTION ( 'NONE',  ( 0.000000000000000000, -6.227866195338773812E-14, -1.000000000000000000 ) ) ;
#3079 = VERTEX_POINT ( 'NONE', #4067 ) ;
#3080 = CARTESIAN_POINT ( 'NONE',  ( 13.38508505338505117, 28.14749999999999375, -94.61830777276699678 ) ) ;
#3081 = EDGE_CURVE ( 'NONE', #63, #2051, #3654, .T. ) ;
#3082 = STYLED_ITEM ( 'NONE', ( #484 ), #1125 ) ;
#3083 =( NAMED_UNIT ( * ) PLANE_ANGLE_UNIT ( ) SI_UNIT ( $, .RADIAN. ) );
#3084 = FACE_OUTER_BOUND ( 'NONE', #1890, .T. ) ;
#3085 = CARTESIAN_POINT ( 'NONE',  ( 16.76927397580195489, 29.15999999999998593, -44.40734129567964317 ) ) ;
#3086 = CARTESIAN_POINT ( 'NONE',  ( 17.12848719689727517, 29.16000000000023462, -92.69234437626055012 ) ) ;
#3087 = VERTEX_POINT ( 'NONE', #2911 ) ;
#3088 = SURFACE_SIDE_STYLE ('',( #1495 ) ) ;
#3089 = VECTOR ( 'NONE', #789, 1000.000000000000000 ) ;
#3090 = DIRECTION ( 'NONE',  ( -1.000000000000000000, 2.775557561562899979E-17, -3.955169525227120175E-16 ) ) ;
#3091 = LINE ( 'NONE', #2265, #1591 ) ;
#3092 = VERTEX_POINT ( 'NONE', #3288 ) ;
#3093 =( NAMED_UNIT ( * ) SI_UNIT ( $, .STERADIAN. ) SOLID_ANGLE_UNIT ( ) );
#3094 = ORIENTED_EDGE ( 'NONE', *, *, #4908, .F. ) ;
#3095 = DIRECTION ( 'NONE',  ( -1.000000000000000000, 0.000000000000000000, 0.000000000000000000 ) ) ;
#3096 = LINE ( 'NONE', #2270, #4735 ) ;
#3097 =( NAMED_UNIT ( * ) SI_UNIT ( $, .STERADIAN. ) SOLID_ANGLE_UNIT ( ) );
#3098 = DIRECTION ( 'NONE',  ( 0.000000000000000000, 0.000000000000000000, 1.000000000000000000 ) ) ;
#3099 = EDGE_CURVE ( 'NONE', #4533, #75, #3618, .T. ) ;
#3100 = DIRECTION ( 'NONE',  ( -0.000000000000000000, 0.000000000000000000, 1.000000000000000000 ) ) ;
#3101 = EDGE_LOOP ( 'NONE', ( #517, #1253, #176, #910 ) ) ;
#3102 = CARTESIAN_POINT ( 'NONE',  ( 26.22375000000045375, 4.238287709920528679E-15, -91.02374999999999261 ) ) ;
#3103 = CARTESIAN_POINT ( 'NONE',  ( 30.37500000000000000, 18.02250000000001151, -113.3999999999999915 ) ) ;
#3104 = VERTEX_POINT ( 'NONE', #1999 ) ;
#3105 = CARTESIAN_POINT ( 'NONE',  ( 11.03333973592644313, 28.14749999999999730, -96.04226091786118502 ) ) ;
#3106 = UNCERTAINTY_MEASURE_WITH_UNIT (LENGTH_MEASURE( 1.000000000000000082E-05 ), #1334, 'distance_accuracy_value', 'NONE');
#3107 = CARTESIAN_POINT ( 'NONE',  ( 21.39364823896801582, 2.955841561819029017, -85.15417606236971437 ) ) ;
#3108 = LINE ( 'NONE', #4709, #4253 ) ;
#3109 = CARTESIAN_POINT ( 'NONE',  ( 13.53775358467464685, 26.41341458229292627, -46.47374993541516375 ) ) ;
#3110 = CARTESIAN_POINT ( 'NONE',  ( 12.13694921037673602, 25.24902447805080641, -90.61874998396982051 ) ) ;
#3111 = ORIENTED_EDGE ( 'NONE', *, *, #1910, .F. ) ;
#3112 = SURFACE_STYLE_USAGE ( .BOTH. , #4684 ) ;
#3113 =( GEOMETRIC_REPRESENTATION_CONTEXT ( 3 ) GLOBAL_UNCERTAINTY_ASSIGNED_CONTEXT ( ( #3481 ) ) GLOBAL_UNIT_ASSIGNED_CONTEXT ( ( #2248, #292, #4936 ) ) REPRESENTATION_CONTEXT ( 'NONE', 'WORKASPACE' ) );
#3114 = SURFACE_STYLE_FILL_AREA ( #1527 ) ;
#3115 = ADVANCED_FACE ( 'NONE', ( #76 ), #1614, .F. ) ;
#3116 = PLANE ( 'NONE',  #4126 ) ;
#3117 = ORIENTED_EDGE ( 'NONE', *, *, #3655, .T. ) ;
#3118 = EDGE_CURVE ( 'NONE', #3168, #1624, #2847, .T. ) ;
#3119 = VECTOR ( 'NONE', #4512, 1000.000000000000000 ) ;
#3120 = CARTESIAN_POINT ( 'NONE',  ( 69.75701142159087453, 25.10999999999969390, -23.69250000000075929 ) ) ;
#3121 = ORIENTED_EDGE ( 'NONE', *, *, #3740, .T. ) ;
#3122 =( LENGTH_UNIT ( ) NAMED_UNIT ( * ) SI_UNIT ( .MILLI., .METRE. ) );
#3123 = CARTESIAN_POINT ( 'NONE',  ( 22.09803947319572615, 19.91128306161920491, -83.91980460280102250 ) ) ;
#3124 = COLOUR_RGB ( '',0.1019607843137254888, 0.1019607843137254888, 0.1019607843137254888 ) ;
#3125 = SURFACE_STYLE_USAGE ( .BOTH. , #4277 ) ;
#3126 = ORIENTED_EDGE ( 'NONE', *, *, #2957, .T. ) ;
#3127 = PRESENTATION_STYLE_ASSIGNMENT (( #1615 ) ) ;
#3128 = CARTESIAN_POINT ( 'NONE',  ( 29.55695254177864939, 2.897892617955270200, -97.20709086292650625 ) ) ;
#3129 = DIRECTION ( 'NONE',  ( -0.000000000000000000, 1.000000000000000000, 0.000000000000000000 ) ) ;
#3130 = COLOUR_RGB ( '',0.1019607843137254888, 0.1019607843137254888, 0.1019607843137254888 ) ;
#3131 = LINE ( 'NONE', #1104, #1881 ) ;
#3132 =( GEOMETRIC_REPRESENTATION_CONTEXT ( 3 ) GLOBAL_UNCERTAINTY_ASSIGNED_CONTEXT ( ( #182 ) ) GLOBAL_UNIT_ASSIGNED_CONTEXT ( ( #3221, #1747, #2112 ) ) REPRESENTATION_CONTEXT ( 'NONE', 'WORKASPACE' ) );
#3133 = EDGE_CURVE ( 'NONE', #576, #357, #3745, .T. ) ;
#3134 = VERTEX_POINT ( 'NONE', #589 ) ;
#3135 = LINE ( 'NONE', #5033, #2791 ) ;
#3136 = CARTESIAN_POINT ( 'NONE',  ( 19.23749536492696421, 28.14749999999999375, -90.61874999999999147 ) ) ;
#3137 = AXIS2_PLACEMENT_3D ( 'NONE', #2052, #4012, #1241 ) ;
#3138 = CARTESIAN_POINT ( 'NONE',  ( 9.625000000000000000, 29.07373252648120854, -99.16459754168701579 ) ) ;
#3139 = DIRECTION ( 'NONE',  ( -1.000000000000000000, 2.775557561562889810E-17, 3.955169525227120175E-16 ) ) ;
#3140 = DIRECTION ( 'NONE',  ( 1.000000000000000000, -3.469446951953623655E-14, -4.269452834613904411E-12 ) ) ;
#3141 = CARTESIAN_POINT ( 'NONE',  ( 9.250003310014669466, 19.68875609750996603, -46.47375000008830170 ) ) ;
#3142 = CARTESIAN_POINT ( 'NONE',  ( 18.55285281645756967, 29.16000000000002856, -95.43824875910971173 ) ) ;
#3143 = ORIENTED_EDGE ( 'NONE', *, *, #4351, .F. ) ;
#3144 =( LENGTH_UNIT ( ) NAMED_UNIT ( * ) SI_UNIT ( .MILLI., .METRE. ) );
#3145 = PRESENTATION_STYLE_ASSIGNMENT (( #4685 ) ) ;
#3146 = ORIENTED_EDGE ( 'NONE', *, *, #811, .F. ) ;
#3147 = DIRECTION ( 'NONE',  ( -1.000000000000000000, 0.000000000000000000, 0.000000000000000000 ) ) ;
#3148 = VERTEX_POINT ( 'NONE', #1399 ) ;
#3149 = CARTESIAN_POINT ( 'NONE',  ( 9.625000000000000000, -4.049999999999674749, -99.92599157982670022 ) ) ;
#3150 = FACE_OUTER_BOUND ( 'NONE', #3389, .T. ) ;
#3151 = COLOUR_RGB ( '',0.1019607843137254888, 0.1019607843137254888, 0.1019607843137254888 ) ;
#3152 = CARTESIAN_POINT ( 'NONE',  ( 20.25000000000000000, 7.087500000000000355, -95.03213518033493301 ) ) ;
#3153 = CARTESIAN_POINT ( 'NONE',  ( 18.72196356456833044, 29.16000000000001791, -41.81704936646031712 ) ) ;
#3154 = CARTESIAN_POINT ( 'NONE',  ( 17.80315980756434868, -2.939031273456960136, -90.61874994933319272 ) ) ;
#3155 = CARTESIAN_POINT ( 'NONE',  ( -101.2500000000000000, 0.000000000000000000, -91.12500000000000000 ) ) ;
#3156 = FILL_AREA_STYLE ('',( #1105 ) ) ;
#3157 = VERTEX_POINT ( 'NONE', #1376 ) ;
#3158 = SURFACE_STYLE_FILL_AREA ( #1655 ) ;
#3159 = PRESENTATION_LAYER_ASSIGNMENT (  '', '', ( #303 ) ) ;
#3160 = CARTESIAN_POINT ( 'NONE',  ( 20.45112678796556693, 1.290352298833682188, -86.41657116909242120 ) ) ;
#3161 = DIRECTION ( 'NONE',  ( 0.000000000000000000, -0.7071067811865474617, -0.7071067811865474617 ) ) ;
#3162 = CARTESIAN_POINT ( 'NONE',  ( 9.625000000000000000, 3.037499999999999645, -137.0924999999999727 ) ) ;
#3163 = CARTESIAN_POINT ( 'NONE',  ( 20.25000000001037748, 28.09674780070346500, -113.4000000000000057 ) ) ;
#3164 = CARTESIAN_POINT ( 'NONE',  ( 13.33495313744381505, -3.037499999999999201, -94.66451394925461216 ) ) ;
#3165 =( GEOMETRIC_REPRESENTATION_CONTEXT ( 3 ) GLOBAL_UNCERTAINTY_ASSIGNED_CONTEXT ( ( #2999 ) ) GLOBAL_UNIT_ASSIGNED_CONTEXT ( ( #1304, #4129, #3616 ) ) REPRESENTATION_CONTEXT ( 'NONE', 'WORKASPACE' ) );
#3166 = PRESENTATION_LAYER_ASSIGNMENT (  '', '', ( #2258 ) ) ;
#3167 =( LENGTH_UNIT ( ) NAMED_UNIT ( * ) SI_UNIT ( .MILLI., .METRE. ) );
#3168 = VERTEX_POINT ( 'NONE', #5021 ) ;
#3169 = SURFACE_STYLE_USAGE ( .BOTH. , #3067 ) ;
#3170 = ORIENTED_EDGE ( 'NONE', *, *, #569, .F. ) ;
#3171 = LINE ( 'NONE', #2779, #2797 ) ;
#3172 = FILL_AREA_STYLE ('',( #3599 ) ) ;
#3173 = PRESENTATION_STYLE_ASSIGNMENT (( #4727 ) ) ;
#3174 = CARTESIAN_POINT ( 'NONE',  ( 29.39359363579865558, 2.515043517574481413, -39.86218096866713267 ) ) ;
#3175 = CARTESIAN_POINT ( 'NONE',  ( 10.56697012314262984, 1.838585689250534561, -46.47374998826230552 ) ) ;
#3176 = ORIENTED_EDGE ( 'NONE', *, *, #1091, .T. ) ;
#3177 = CARTESIAN_POINT ( 'NONE',  ( 28.40062499999994117, 17.71874999999998224, -89.65687499999947363 ) ) ;
#3178 = LINE ( 'NONE', #1619, #1471 ) ;
#3179 = ORIENTED_EDGE ( 'NONE', *, *, #4063, .T. ) ;
#3180 = DIRECTION ( 'NONE',  ( 0.000000000000000000, 0.000000000000000000, 1.000000000000000000 ) ) ;
#3181 = CARTESIAN_POINT ( 'NONE',  ( 9.625000000000000000, 28.90437868051573389, -38.66766388236250407 ) ) ;
#3182 = FILL_AREA_STYLE ('',( #939 ) ) ;
#3183 =( LENGTH_UNIT ( ) NAMED_UNIT ( * ) SI_UNIT ( .MILLI., .METRE. ) );
#3184 = DIRECTION ( 'NONE',  ( 1.000000000000000000, -3.469446951953623655E-14, -6.447160320719827734E-14 ) ) ;
#3185 =( NAMED_UNIT ( * ) SI_UNIT ( $, .STERADIAN. ) SOLID_ANGLE_UNIT ( ) );
#3186 = CARTESIAN_POINT ( 'NONE',  ( 20.25000000000000000, -2.986747800704537603, -137.1432521992954605 ) ) ;
#3187 = ADVANCED_FACE ( 'NONE', ( #3716, #233 ), #2589, .T. ) ;
#3188 = CARTESIAN_POINT ( 'NONE',  ( 9.270029974150768126, 19.80774508130807021, -90.61875000026959981 ) ) ;
#3189 = SURFACE_SIDE_STYLE ('',( #867 ) ) ;
#3190 = DIRECTION ( 'NONE',  ( -1.000000000000000000, 0.000000000000000000, 0.000000000000000000 ) ) ;
#3191 = VERTEX_POINT ( 'NONE', #614 ) ;
#3192 = LINE ( 'NONE', #4793, #16 ) ;
#3193 = VERTEX_POINT ( 'NONE', #4541 ) ;
#3194 = FILL_AREA_STYLE ('',( #950 ) ) ;
#3195 = AXIS2_PLACEMENT_3D ( 'NONE', #1611, #3544, #3190 ) ;
#3196 = SURFACE_STYLE_USAGE ( .BOTH. , #23 ) ;
#3197 = CARTESIAN_POINT ( 'NONE',  ( 29.55730443337310120, 2.898759812564720928, -39.08784693413446121 ) ) ;
#3198 = CARTESIAN_POINT ( 'NONE',  ( 26.22375000000045375, 5.366250000056598246, -45.96750000000000114 ) ) ;
#3199 = MECHANICAL_DESIGN_GEOMETRIC_PRESENTATION_REPRESENTATION (  '', ( #3698 ), #592 ) ;
#3200 = SURFACE_STYLE_USAGE ( .BOTH. , #400 ) ;
#3201 = PRESENTATION_LAYER_ASSIGNMENT (  '', '', ( #1225 ) ) ;
#3202 = UNCERTAINTY_MEASURE_WITH_UNIT (LENGTH_MEASURE( 1.000000000000000082E-05 ), #2905, 'distance_accuracy_value', 'NONE');
#3203 = COLOUR_RGB ( '',0.1019607843137254888, 0.1019607843137254888, 0.1019607843137254888 ) ;
#3204 = ORIENTED_EDGE ( 'NONE', *, *, #4763, .F. ) ;
#3205 = CARTESIAN_POINT ( 'NONE',  ( 22.27499999999999503, 7.087500000000000355, -83.53125000000000000 ) ) ;
#3206 =( GEOMETRIC_REPRESENTATION_CONTEXT ( 3 ) GLOBAL_UNCERTAINTY_ASSIGNED_CONTEXT ( ( #2111 ) ) GLOBAL_UNIT_ASSIGNED_CONTEXT ( ( #27, #1192, #2515 ) ) REPRESENTATION_CONTEXT ( 'NONE', 'WORKASPACE' ) );
#3207 = EDGE_LOOP ( 'NONE', ( #86, #3856, #464, #1160 ) ) ;
#3208 = CARTESIAN_POINT ( 'NONE',  ( 10.12500000000000000, 28.14749999999999375, -40.84195960390699298 ) ) ;
#3209 = VECTOR ( 'NONE', #3573, 1000.000000000000000 ) ;
#3210 = CARTESIAN_POINT ( 'NONE',  ( 22.20228098058205646, 5.875855401535690525, -83.69645429033248263 ) ) ;
#3211 = CARTESIAN_POINT ( 'NONE',  ( 20.25000000000000000, -3.037499999999999645, -46.47375000000000966 ) ) ;
#3212 = PLANE ( 'NONE',  #1643 ) ;
#3213 = ADVANCED_FACE ( 'NONE', ( #3011 ), #3779, .F. ) ;
#3214 = VECTOR ( 'NONE', #3739, 1000.000000000000000 ) ;
#3215 = FILL_AREA_STYLE ('',( #1812 ) ) ;
#3216 = VERTEX_POINT ( 'NONE', #3515 ) ;
#3217 = ORIENTED_EDGE ( 'NONE', *, *, #2686, .T. ) ;
#3218 = CARTESIAN_POINT ( 'NONE',  ( 19.54447678793885856, 0.1577011537871295110, -87.42354884621242661 ) ) ;
#3219 = CARTESIAN_POINT ( 'NONE',  ( 20.25000000000000000, -2.248201624865943761E-13, -23.69249999999999901 ) ) ;
#3220 = DIRECTION ( 'NONE',  ( 2.775557561562889810E-17, 1.000000000000000000, -9.629649721935889153E-33 ) ) ;
#3221 =( LENGTH_UNIT ( ) NAMED_UNIT ( * ) SI_UNIT ( .MILLI., .METRE. ) );
#3222 = CARTESIAN_POINT ( 'NONE',  ( 29.40028974578796550, 2.528342117228898012, -98.00251029160061478 ) ) ;
#3223 = CIRCLE ( 'NONE', #1021, 0.7499999999993067767 ) ;
#3224 = CARTESIAN_POINT ( 'NONE',  ( 18.67776281508022151, -4.049999999999979394, -41.77467794334063456 ) ) ;
#3225 = CARTESIAN_POINT ( 'NONE',  ( 10.12500000000000000, -4.049999999999683631, -36.39402376808444473 ) ) ;
#3226 = CARTESIAN_POINT ( 'NONE',  ( 15.65379562942897174, -4.049999999999828404, -92.65192674591648370 ) ) ;
#3227 = DIRECTION ( 'NONE',  ( 0.000000000000000000, 0.000000000000000000, -1.000000000000000000 ) ) ;
#3228 = SURFACE_STYLE_USAGE ( .BOTH. , #2035 ) ;
#3229 = ORIENTED_EDGE ( 'NONE', *, *, #1953, .F. ) ;
#3230 = SURFACE_SIDE_STYLE ('',( #2012 ) ) ;
#3231 = DIRECTION ( 'NONE',  ( 0.000000000000000000, 1.885568995626963301E-16, -1.000000000000000000 ) ) ;
#3232 = CARTESIAN_POINT ( 'NONE',  ( 9.217802881986974839, 19.48269491428694167, -90.61875000008794245 ) ) ;
#3233 = ORIENTED_EDGE ( 'NONE', *, *, #62, .T. ) ;
#3234 = CARTESIAN_POINT ( 'NONE',  ( 10.12500000000000000, 28.48037825301815573, -96.94734603506498161 ) ) ;
#3235 = MECHANICAL_DESIGN_GEOMETRIC_PRESENTATION_REPRESENTATION (  '', ( #1916 ), #4204 ) ;
#3236 = STYLED_ITEM ( 'NONE', ( #915 ), #1147 ) ;
#3237 = DIRECTION ( 'NONE',  ( 0.000000000000000000, 0.000000000000000000, -1.000000000000000000 ) ) ;
#3238 = ORIENTED_EDGE ( 'NONE', *, *, #2832, .F. ) ;
#3239 = CARTESIAN_POINT ( 'NONE',  ( 21.08291751081761589, 22.79157916229834058, -51.48612809946362034 ) ) ;
#3240 = LINE ( 'NONE', #4433, #2330 ) ;
#3241 = TOROIDAL_SURFACE ( 'NONE', #4521, 1.012499999999999067, 10.12500000000000000 ) ;
#3242 = CARTESIAN_POINT ( 'NONE',  ( 10.95262143885715034, 1.262570532652911082, -46.47375000586930582 ) ) ;
#3243 = CARTESIAN_POINT ( 'NONE',  ( 26.22375000000045375, 5.366250000056608904, -113.4000000000000057 ) ) ;
#3244 = CIRCLE ( 'NONE', #3926, 0.7499999999991611155 ) ;
#3245 = CARTESIAN_POINT ( 'NONE',  ( 17.11472305168748420, -4.049999999999917222, -97.10923230674677598 ) ) ;
#3246 = SURFACE_STYLE_USAGE ( .BOTH. , #2008 ) ;
#3247 = CARTESIAN_POINT ( 'NONE',  ( 21.73227800467099158, 3.812752430699573480, -52.48367062864033272 ) ) ;
#3248 = DIRECTION ( 'NONE',  ( -1.000000000000000000, 0.000000000000000000, 0.000000000000000000 ) ) ;
#3249 = ORIENTED_EDGE ( 'NONE', *, *, #3487, .T. ) ;
#3250 = FACE_OUTER_BOUND ( 'NONE', #1708, .T. ) ;
#3251 = CARTESIAN_POINT ( 'NONE',  ( 26.22375000000045375, -2.231144922348160423E-13, -91.12500000000000000 ) ) ;
#3252 = UNCERTAINTY_MEASURE_WITH_UNIT (LENGTH_MEASURE( 1.000000000000000082E-05 ), #3122, 'distance_accuracy_value', 'NONE');
#3253 = CARTESIAN_POINT ( 'NONE',  ( 10.12500000000000000, -3.037499999999991207, -96.25054039609449319 ) ) ;
#3254 = LINE ( 'NONE', #4788, #1081 ) ;
#3255 = VERTEX_POINT ( 'NONE', #2730 ) ;
#3256 =( NAMED_UNIT ( * ) SI_UNIT ( $, .STERADIAN. ) SOLID_ANGLE_UNIT ( ) );
#3257 =( LENGTH_UNIT ( ) NAMED_UNIT ( * ) SI_UNIT ( .MILLI., .METRE. ) );
#3258 = VERTEX_POINT ( 'NONE', #4743 ) ;
#3259 = EDGE_CURVE ( 'NONE', #3331, #4470, #385, .T. ) ;
#3260 = PLANE ( 'NONE',  #888 ) ;
#3261 = CARTESIAN_POINT ( 'NONE',  ( 30.37500000000000000, 8.457484033760259713E-15, -113.4000000000000057 ) ) ;
#3262 = FILL_AREA_STYLE ('',( #1671 ) ) ;
#3263 = CARTESIAN_POINT ( 'NONE',  ( 18.09617834470472175, -4.049999999999950973, -95.96325434604389670 ) ) ;
#3264 = CARTESIAN_POINT ( 'NONE',  ( 12.38395681045234653, -4.049999999999754685, -100.2365406577857101 ) ) ;
#3265 = STYLED_ITEM ( 'NONE', ( #4892 ), #1829 ) ;
#3266 = CARTESIAN_POINT ( 'NONE',  ( 22.21182831798195068, 5.958186176908418119, -53.41726092546711158 ) ) ;
#3267 = AXIS2_PLACEMENT_3D ( 'NONE', #1901, #3098, #1537 ) ;
#3268 = VERTEX_POINT ( 'NONE', #4764 ) ;
#3269 = SURFACE_SIDE_STYLE ('',( #1700 ) ) ;
#3270 = COLOUR_RGB ( '',0.1019607843137254888, 0.1019607843137254888, 0.1019607843137254888 ) ;
#3271 = ORIENTED_EDGE ( 'NONE', *, *, #4890, .T. ) ;
#3272 = ADVANCED_FACE ( 'NONE', ( #1207 ), #3434, .T. ) ;
#3273 =( NAMED_UNIT ( * ) SI_UNIT ( $, .STERADIAN. ) SOLID_ANGLE_UNIT ( ) );
#3274 = EDGE_CURVE ( 'NONE', #4056, #2802, #3901, .T. ) ;
#3275 =( GEOMETRIC_REPRESENTATION_CONTEXT ( 3 ) GLOBAL_UNCERTAINTY_ASSIGNED_CONTEXT ( ( #4161 ) ) GLOBAL_UNIT_ASSIGNED_CONTEXT ( ( #2218, #2658, #4249 ) ) REPRESENTATION_CONTEXT ( 'NONE', 'WORKASPACE' ) );
#3276 =( NAMED_UNIT ( * ) PLANE_ANGLE_UNIT ( ) SI_UNIT ( $, .RADIAN. ) );
#3277 = DIRECTION ( 'NONE',  ( 0.000000000000000000, 0.7071067811865441310, -0.7071067811865510144 ) ) ;
#3278 = MECHANICAL_DESIGN_GEOMETRIC_PRESENTATION_REPRESENTATION (  '', ( #748 ), #3035 ) ;
#3279 = VERTEX_POINT ( 'NONE', #2675 ) ;
#3280 = SURFACE_STYLE_USAGE ( .BOTH. , #4963 ) ;
#3281 = STYLED_ITEM ( 'NONE', ( #1291 ), #5056 ) ;
#3282 =( GEOMETRIC_REPRESENTATION_CONTEXT ( 3 ) GLOBAL_UNCERTAINTY_ASSIGNED_CONTEXT ( ( #2276 ) ) GLOBAL_UNIT_ASSIGNED_CONTEXT ( ( #2858, #4456, #4030 ) ) REPRESENTATION_CONTEXT ( 'NONE', 'WORKASPACE' ) );
#3283 = FACE_OUTER_BOUND ( 'NONE', #1866, .T. ) ;
#3284 = ORIENTED_EDGE ( 'NONE', *, *, #1770, .F. ) ;
#3285 = CARTESIAN_POINT ( 'NONE',  ( 18.08496412735859593, 28.08575244633749080, -46.47374998168196214 ) ) ;
#3286 = SURFACE_STYLE_USAGE ( .BOTH. , #302 ) ;
#3287 = EDGE_LOOP ( 'NONE', ( #4638 ) ) ;
#3288 = CARTESIAN_POINT ( 'NONE',  ( 19.23749999999999716, 29.16000000000000014, -42.06036481966448548 ) ) ;
#3289 =( LENGTH_UNIT ( ) NAMED_UNIT ( * ) SI_UNIT ( .MILLI., .METRE. ) );
#3290 = SURFACE_STYLE_FILL_AREA ( #975 ) ;
#3291 = SURFACE_SIDE_STYLE ('',( #3657 ) ) ;
#3292 =( NAMED_UNIT ( * ) PLANE_ANGLE_UNIT ( ) SI_UNIT ( $, .RADIAN. ) );
#3293 = CARTESIAN_POINT ( 'NONE',  ( 12.34330715881882234, -4.049999999999853273, -44.75818660647190228 ) ) ;
#3294 =( GEOMETRIC_REPRESENTATION_CONTEXT ( 3 ) GLOBAL_UNCERTAINTY_ASSIGNED_CONTEXT ( ( #4289 ) ) GLOBAL_UNIT_ASSIGNED_CONTEXT ( ( #2587, #635, #611 ) ) REPRESENTATION_CONTEXT ( 'NONE', 'WORKASPACE' ) );
#3295 = CARTESIAN_POINT ( 'NONE',  ( 18.72196356456811728, -4.049999999999979394, -41.81704936646197268 ) ) ;
#3296 = CARTESIAN_POINT ( 'NONE',  ( 12.34330715882072838, -4.049999999999744027, -92.33431339352875966 ) ) ;
#3297 = EDGE_CURVE ( 'NONE', #1211, #3079, #4268, .T. ) ;
#3298 = CARTESIAN_POINT ( 'NONE',  ( 28.99177541780176171, 23.39818796818552116, -39.31542614049087092 ) ) ;
#3299 = CARTESIAN_POINT ( 'NONE',  ( 21.39522694339732212, 2.959375980071556000, -51.94072563595837977 ) ) ;
#3300 = CARTESIAN_POINT ( 'NONE',  ( 9.326509313982278115, 20.09851115555814260, -46.47375000026995195 ) ) ;
#3301 = PRESENTATION_LAYER_ASSIGNMENT (  '', '', ( #3814 ) ) ;
#3302 = ORIENTED_EDGE ( 'NONE', *, *, #705, .F. ) ;
#3303 = CARTESIAN_POINT ( 'NONE',  ( -101.2500000000000000, 3.037499999999999645, -137.0924999999999727 ) ) ;
#3304 = CARTESIAN_POINT ( 'NONE',  ( 26.22375000000045375, -2.163626784528340123E-13, -113.4000000000000057 ) ) ;
#3305 = DIRECTION ( 'NONE',  ( 0.000000000000000000, 0.000000000000000000, -1.000000000000000000 ) ) ;
#3306 =( LENGTH_UNIT ( ) NAMED_UNIT ( * ) SI_UNIT ( .MILLI., .METRE. ) );
#3307 = LINE ( 'NONE', #204, #1874 ) ;
#3308 = ADVANCED_FACE ( 'NONE', ( #1992 ), #2483, .T. ) ;
#3309 = ORIENTED_EDGE ( 'NONE', *, *, #2175, .T. ) ;
#3310 = CARTESIAN_POINT ( 'NONE',  ( 21.38902779375295182, 22.16448260695692341, -51.93130125661031826 ) ) ;
#3311 = EDGE_LOOP ( 'NONE', ( #1120, #4843, #4590, #4225 ) ) ;
#3312 = FACE_OUTER_BOUND ( 'NONE', #3207, .T. ) ;
#3313 = AXIS2_PLACEMENT_3D ( 'NONE', #4531, #1678, #4855 ) ;
#3314 = LINE ( 'NONE', #3261, #2530 ) ;
#3315 = ORIENTED_EDGE ( 'NONE', *, *, #1942, .T. ) ;
#3316 = SURFACE_SIDE_STYLE ('',( #3388 ) ) ;
#3317 = CARTESIAN_POINT ( 'NONE',  ( 13.15876357484784265, -4.049999999999672973, -92.45725027594527035 ) ) ;
#3318 = MECHANICAL_DESIGN_GEOMETRIC_PRESENTATION_REPRESENTATION (  '', ( #3236 ), #229 ) ;
#3319 = CARTESIAN_POINT ( 'NONE',  ( 29.27352369004581334, 22.85618951510742036, -38.45498671700065785 ) ) ;
#3320 = CARTESIAN_POINT ( 'NONE',  ( 22.21334986694719049, 5.971810668523328758, -53.42065080670473520 ) ) ;
#3321 = EDGE_CURVE ( 'NONE', #1048, #2807, #3254, .T. ) ;
#3322 = ADVANCED_FACE ( 'NONE', ( #540 ), #3212, .T. ) ;
#3323 = DIRECTION ( 'NONE',  ( 1.000000000000000000, -3.469446951953623655E-14, -6.541881604576222387E-30 ) ) ;
#3324 = CARTESIAN_POINT ( 'NONE',  ( 17.37935845122880352, 28.14749999999999375, -46.11629130963988388 ) ) ;
#3325 = COLOUR_RGB ( '',0.1019607843137254888, 0.1019607843137254888, 0.1019607843137254888 ) ;
#3326 = FACE_OUTER_BOUND ( 'NONE', #2932, .T. ) ;
#3327 = EDGE_CURVE ( 'NONE', #3216, #1664, #123, .T. ) ;
#3328 = VERTEX_POINT ( 'NONE', #1662 ) ;
#3329 = DIRECTION ( 'NONE',  ( -1.000000000000000000, 0.000000000000000000, 0.000000000000000000 ) ) ;
#3330 = CARTESIAN_POINT ( 'NONE',  ( 28.40062499999999801, 12.55499999999999794, -89.65687499999999943 ) ) ;
#3331 = VERTEX_POINT ( 'NONE', #558 ) ;
#3332 = CARTESIAN_POINT ( 'NONE',  ( 19.23750000000039151, 29.16000000000000014, -42.06036481966448548 ) ) ;
#3333 =( NAMED_UNIT ( * ) SI_UNIT ( $, .STERADIAN. ) SOLID_ANGLE_UNIT ( ) );
#3334 = ORIENTED_EDGE ( 'NONE', *, *, #5059, .F. ) ;
#3335 = CARTESIAN_POINT ( 'NONE',  ( 22.15274282303179376, 19.59381210175179433, -53.28796885345766299 ) ) ;
#3336 = DIRECTION ( 'NONE',  ( -0.000000000000000000, -1.885568995626962808E-16, 1.000000000000000000 ) ) ;
#3337 = EDGE_CURVE ( 'NONE', #1230, #2821, #2487, .T. ) ;
#3338 = UNCERTAINTY_MEASURE_WITH_UNIT (LENGTH_MEASURE( 1.000000000000000082E-05 ), #4494, 'distance_accuracy_value', 'NONE');
#3339 = CARTESIAN_POINT ( 'NONE',  ( 20.25000000000000000, 0.000000000000000000, 0.000000000000000000 ) ) ;
#3340 = CARTESIAN_POINT ( 'NONE',  ( 10.12500000000000000, -4.049999999999674749, -100.6984762319158762 ) ) ;
#3341 = CARTESIAN_POINT ( 'NONE',  ( 9.221003137412742134, -4.050000000003070255, -90.82710612999520094 ) ) ;
#3342 = SURFACE_STYLE_USAGE ( .BOTH. , #980 ) ;
#3343 = CARTESIAN_POINT ( 'NONE',  ( 20.25000000000000000, 1.580766767483863887E-14, 3.037499999999999645 ) ) ;
#3344 = FILL_AREA_STYLE ('',( #623 ) ) ;
#3345 =( NAMED_UNIT ( * ) SI_UNIT ( $, .STERADIAN. ) SOLID_ANGLE_UNIT ( ) );
#3346 = FACE_OUTER_BOUND ( 'NONE', #3868, .T. ) ;
#3347 = CARTESIAN_POINT ( 'NONE',  ( 15.88402619943540550, -2.468690534338438436, -46.47374996605351072 ) ) ;
#3348 = STYLED_ITEM ( 'NONE', ( #4263 ), #1876 ) ;
#3349 = DIRECTION ( 'NONE',  ( -1.000000000000000000, 2.775557561562899979E-17, -3.955169525227120175E-16 ) ) ;
#3350 = DIRECTION ( 'NONE',  ( -1.000000000000000000, -2.775557561562834960E-17, 2.775557561562890365E-16 ) ) ;
#3351 = COLOUR_RGB ( '',0.1019607843137254888, 0.1019607843137254888, 0.1019607843137254888 ) ;
#3352 = CARTESIAN_POINT ( 'NONE',  ( 9.625000000000001776, 28.53198002667981470, -97.12819465153754095 ) ) ;
#3353 =( GEOMETRIC_REPRESENTATION_CONTEXT ( 3 ) GLOBAL_UNCERTAINTY_ASSIGNED_CONTEXT ( ( #1976 ) ) GLOBAL_UNIT_ASSIGNED_CONTEXT ( ( #2818, #4153, #2325 ) ) REPRESENTATION_CONTEXT ( 'NONE', 'WORKASPACE' ) );
#3354 = COLOUR_RGB ( '',0.1019607843137254888, 0.1019607843137254888, 0.1019607843137254888 ) ;
#3355 = CARTESIAN_POINT ( 'NONE',  ( 9.625000000000000000, 28.48043086460513251, -40.14504383442915270 ) ) ;
#3356 =( LENGTH_UNIT ( ) NAMED_UNIT ( * ) SI_UNIT ( .MILLI., .METRE. ) );
#3357 = ORIENTED_EDGE ( 'NONE', *, *, #2464, .T. ) ;
#3358 = CARTESIAN_POINT ( 'NONE',  ( 22.20228098056448118, 19.23414459861141168, -53.39604570961026297 ) ) ;
#3359 = EDGE_CURVE ( 'NONE', #4188, #213, #2885, .T. ) ;
#3360 = CYLINDRICAL_SURFACE ( 'NONE', #1892, 0.7499999999993067767 ) ;
#3361 = MECHANICAL_DESIGN_GEOMETRIC_PRESENTATION_REPRESENTATION (  '', ( #1716 ), #1547 ) ;
#3362 = CARTESIAN_POINT ( 'NONE',  ( 26.22375000000045375, 19.74375000005680292, -46.06875000000000142 ) ) ;
#3363 = EDGE_CURVE ( 'NONE', #2038, #4470, #583, .T. ) ;
#3364 = DIRECTION ( 'NONE',  ( -3.469446951953623655E-14, -1.000000000000000000, 0.000000000000000000 ) ) ;
#3365 = VECTOR ( 'NONE', #4713, 1000.000000000000000 ) ;
#3366 = SURFACE_SIDE_STYLE ('',( #1804 ) ) ;
#3367 = LINE ( 'NONE', #4980, #1734 ) ;
#3368 = CARTESIAN_POINT ( 'NONE',  ( 29.00464399598148901, 23.37498165370608660, -39.41713046729847747 ) ) ;
#3369 =( LENGTH_UNIT ( ) NAMED_UNIT ( * ) SI_UNIT ( .MILLI., .METRE. ) );
#3370 = PRESENTATION_LAYER_ASSIGNMENT (  '', '', ( #4226 ) ) ;
#3371 = CARTESIAN_POINT ( 'NONE',  ( 19.23749999999999716, 7.087500000000000355, -46.47375000000030809 ) ) ;
#3372 =( NAMED_UNIT ( * ) SI_UNIT ( $, .STERADIAN. ) SOLID_ANGLE_UNIT ( ) );
#3373 = CARTESIAN_POINT ( 'NONE',  ( 18.75741287061658014, 28.14749999999999730, -46.45599612232921061 ) ) ;
#3374 = VECTOR ( 'NONE', #4952, 1000.000000000000000 ) ;
#3375 = MECHANICAL_DESIGN_GEOMETRIC_PRESENTATION_REPRESENTATION (  '', ( #3809 ), #3631 ) ;
#3376 = SURFACE_SIDE_STYLE ('',( #2602 ) ) ;
#3377 = CARTESIAN_POINT ( 'NONE',  ( 29.36250000000000071, 18.02250000000000085, -46.47375000000000256 ) ) ;
#3378 = ORIENTED_EDGE ( 'NONE', *, *, #4682, .F. ) ;
#3379 = FACE_OUTER_BOUND ( 'NONE', #1158, .T. ) ;
#3380 = FACE_OUTER_BOUND ( 'NONE', #5024, .T. ) ;
#3381 = ORIENTED_EDGE ( 'NONE', *, *, #1509, .T. ) ;
#3382 = PRESENTATION_STYLE_ASSIGNMENT (( #683 ) ) ;
#3383 = B_SPLINE_CURVE_WITH_KNOTS ( 'NONE', 3,
 ( #4486, #887, #2395, #458, #1988, #3559, #1606, #2439, #1278, #4393, #4027, #4448, #4058, #860, #2413, #3999, #481, #3584, #88, #1627 ),
 .UNSPECIFIED., .F., .F.,
 ( 4, 2, 2, 2, 2, 2, 2, 2, 2, 4 ),
 ( 0.000000000000000000, 0.001381990502438229735, 0.002763981004876459469, 0.005527962009752933684, 0.006909952512191171008, 0.008291943014629408332, 0.009673933517067644788, 0.01036492876828676822, 0.01071042639389634295, 0.01105592401950591941 ),
 .UNSPECIFIED. ) ;
#3384 = CARTESIAN_POINT ( 'NONE',  ( 20.25000000000000000, 28.14749999999999375, -140.1299999999999670 ) ) ;
#3385 = CARTESIAN_POINT ( 'NONE',  ( 11.87492000001531522, -3.037500000000000533, -41.41829842099789971 ) ) ;
#3386 =( LENGTH_UNIT ( ) NAMED_UNIT ( * ) SI_UNIT ( .MILLI., .METRE. ) );
#3387 = ORIENTED_EDGE ( 'NONE', *, *, #2718, .T. ) ;
#3388 = SURFACE_STYLE_FILL_AREA ( #2991 ) ;
#3389 = EDGE_LOOP ( 'NONE', ( #4991, #4325, #1945 ) ) ;
#3390 = CARTESIAN_POINT ( 'NONE',  ( 10.51933663224352422, -4.049999999999686295, -100.6640637873431245 ) ) ;
#3391 = CARTESIAN_POINT ( 'NONE',  ( 22.03524504220598956, 20.21284049973089836, -84.04691001559906738 ) ) ;
#3392 =( NAMED_UNIT ( * ) SI_UNIT ( $, .STERADIAN. ) SOLID_ANGLE_UNIT ( ) );
#3393 = CONICAL_SURFACE ( 'NONE', #4514, 2.531249999999853006, 0.7853981633974532750 ) ;
#3394 = SURFACE_SIDE_STYLE ('',( #1123 ) ) ;
#3395 = UNCERTAINTY_MEASURE_WITH_UNIT (LENGTH_MEASURE( 1.000000000000000082E-05 ), #3729, 'distance_accuracy_value', 'NONE');
#3396 = FACE_OUTER_BOUND ( 'NONE', #1286, .T. ) ;
#3397 = COLOUR_RGB ( '',0.1019607843137254888, 0.1019607843137254888, 0.1019607843137254888 ) ;
#3398 = STYLED_ITEM ( 'NONE', ( #4887 ), #1148 ) ;
#3399 = CARTESIAN_POINT ( 'NONE',  ( 20.25000000000000000, 0.000000000000000000, -137.0924999999999727 ) ) ;
#3400 =( BOUNDED_CURVE ( )  B_SPLINE_CURVE ( 3, ( #3754, #1805, #1781, #3669 ),
 .UNSPECIFIED., .F., .F. ) 
 B_SPLINE_CURVE_WITH_KNOTS ( ( 4, 4 ),
 ( 0.000000000000000000, 3.141592653589795336 ),
 .UNSPECIFIED. ) 
 CURVE ( )  GEOMETRIC_REPRESENTATION_ITEM ( )  RATIONAL_B_SPLINE_CURVE ( ( 1.000000000000000000, 0.3333333333333329818, 0.3333333333333329818, 1.000000000000000000 ) ) 
 REPRESENTATION_ITEM ( '' )  );
#3401 = CARTESIAN_POINT ( 'NONE',  ( 17.32021499314793189, 27.13251149124988970, -47.48873850875045832 ) ) ;
#3402 =( GEOMETRIC_REPRESENTATION_CONTEXT ( 3 ) GLOBAL_UNCERTAINTY_ASSIGNED_CONTEXT ( ( #3610 ) ) GLOBAL_UNIT_ASSIGNED_CONTEXT ( ( #2987, #662, #1092 ) ) REPRESENTATION_CONTEXT ( 'NONE', 'WORKASPACE' ) );
#3403 = FILL_AREA_STYLE_COLOUR ( '', #95 ) ;
#3404 =( NAMED_UNIT ( * ) PLANE_ANGLE_UNIT ( ) SI_UNIT ( $, .RADIAN. ) );
#3405 = CARTESIAN_POINT ( 'NONE',  ( 16.95621362431004542, 29.16000000000007475, -39.81416014784339552 ) ) ;
#3406 = CARTESIAN_POINT ( 'NONE',  ( 11.60315597909995411, 29.16000000000027725, -92.17637799162909573 ) ) ;
#3407 = EDGE_LOOP ( 'NONE', ( #3024, #1352, #1312, #707 ) ) ;
#3408 = CARTESIAN_POINT ( 'NONE',  ( 22.25464922194758088, 18.77290761122634066, -53.51260083651650490 ) ) ;
#3409 = DIRECTION ( 'NONE',  ( 1.000000000000000000, 0.000000000000000000, 0.000000000000000000 ) ) ;
#3410 = CARTESIAN_POINT ( 'NONE',  ( 29.36815397691612262, 22.64999999999929869, -39.94999999999694040 ) ) ;
#3411 = CARTESIAN_POINT ( 'NONE',  ( 18.77248603002570704, -3.037500000000000533, -46.47374950621735223 ) ) ;
#3412 = EDGE_CURVE ( 'NONE', #1944, #4392, #2181, .T. ) ;
#3413 =( NAMED_UNIT ( * ) SI_UNIT ( $, .STERADIAN. ) SOLID_ANGLE_UNIT ( ) );
#3414 = ORIENTED_EDGE ( 'NONE', *, *, #281, .F. ) ;
#3415 = CARTESIAN_POINT ( 'NONE',  ( 9.625000000000000000, 25.10999999999999588, -45.96750000000000114 ) ) ;
#3416 = ORIENTED_EDGE ( 'NONE', *, *, #2597, .T. ) ;
#3417 = DIRECTION ( 'NONE',  ( 0.000000000000000000, 0.000000000000000000, 1.000000000000000000 ) ) ;
#3418 = LINE ( 'NONE', #735, #1330 ) ;
#3419 = ADVANCED_FACE ( 'NONE', ( #4210 ), #254, .F. ) ;
#3420 = CARTESIAN_POINT ( 'NONE',  ( 29.22073594832908583, 2.150000000001048850, -98.07500000000027285 ) ) ;
#3421 = EDGE_CURVE ( 'NONE', #2344, #1230, #1907, .T. ) ;
#3422 = DIRECTION ( 'NONE',  ( 0.000000000000000000, -1.000000000000000000, 0.000000000000000000 ) ) ;
#3423 = EDGE_CURVE ( 'NONE', #4751, #2873, #1152, .T. ) ;
#3424 = LINE ( 'NONE', #1108, #2133 ) ;
#3425 = EDGE_CURVE ( 'NONE', #1199, #2679, #4313, .T. ) ;
#3426 = CIRCLE ( 'NONE', #1447, 10.12500000000000178 ) ;
#3427 = AXIS2_PLACEMENT_3D ( 'NONE', #4064, #2158, #152 ) ;
#3428 = FILL_AREA_STYLE ('',( #2623 ) ) ;
#3429 = ORIENTED_EDGE ( 'NONE', *, *, #1472, .F. ) ;
#3430 = CARTESIAN_POINT ( 'NONE',  ( 17.25637092541477458, 29.16000000000001435, -44.39796413353985116 ) ) ;
#3431 = STYLED_ITEM ( 'NONE', ( #1562 ), #4595 ) ;
#3432 = CARTESIAN_POINT ( 'NONE',  ( 18.32039984904997709, 29.16000000000003567, -95.69661816433774959 ) ) ;
#3433 = ORIENTED_EDGE ( 'NONE', *, *, #4017, .F. ) ;
#3434 = PLANE ( 'NONE',  #359 ) ;
#3435 = AXIS2_PLACEMENT_3D ( 'NONE', #812, #3184, #2366 ) ;
#3436 = STYLED_ITEM ( 'NONE', ( #42 ), #4944 ) ;
#3437 = CARTESIAN_POINT ( 'NONE',  ( 16.81051248893780325, -3.037500000000000533, -45.84439373639574455 ) ) ;
#3438 = VECTOR ( 'NONE', #1878, 1000.000000000000000 ) ;
#3439 = DIRECTION ( 'NONE',  ( -3.122502256758254619E-17, 1.000000000000000000, 1.885568995626964780E-16 ) ) ;
#3440 = EDGE_LOOP ( 'NONE', ( #2883 ) ) ;
#3441 = DIRECTION ( 'NONE',  ( 0.000000000000000000, 0.000000000000000000, -1.000000000000000000 ) ) ;
#3442 = ORIENTED_EDGE ( 'NONE', *, *, #1299, .T. ) ;
#3443 = DIRECTION ( 'NONE',  ( 1.000000000000000000, 0.000000000000000000, 0.000000000000000000 ) ) ;
#3444 = CARTESIAN_POINT ( 'NONE',  ( 20.54876410633082884, 23.67759505726645841, -86.29872999265218425 ) ) ;
#3445 = CARTESIAN_POINT ( 'NONE',  ( 29.61929169995774558, 22.05588378972150210, -39.66840940460310350 ) ) ;
#3446 = VECTOR ( 'NONE', #3180, 1000.000000000000000 ) ;
#3447 = ORIENTED_EDGE ( 'NONE', *, *, #1031, .T. ) ;
#3448 = EDGE_CURVE ( 'NONE', #1199, #2792, #3921, .T. ) ;
#3449 = VECTOR ( 'NONE', #1656, 1000.000000000000000 ) ;
#3450 = CARTESIAN_POINT ( 'NONE',  ( 18.85797770470272994, -4.049999999999984723, -41.92146141218734101 ) ) ;
#3451 = EDGE_CURVE ( 'NONE', #4662, #3620, #2851, .T. ) ;
#3452 = SURFACE_STYLE_USAGE ( .BOTH. , #746 ) ;
#3453 = VECTOR ( 'NONE', #1724, 1000.000000000000000 ) ;
#3454 = LINE ( 'NONE', #5057, #1233 ) ;
#3455 =( NAMED_UNIT ( * ) PLANE_ANGLE_UNIT ( ) SI_UNIT ( $, .RADIAN. ) );
#3456 = PRESENTATION_LAYER_ASSIGNMENT (  '', '', ( #2067 ) ) ;
#3457 = SURFACE_SIDE_STYLE ('',( #4679 ) ) ;
#3458 = CARTESIAN_POINT ( 'NONE',  ( 17.65488751521072430, 29.16000000000016357, -44.39201291328416943 ) ) ;
#3459 = CARTESIAN_POINT ( 'NONE',  ( 17.11472305168769736, 29.16000000000008185, -97.10923230674694651 ) ) ;
#3460 = ORIENTED_EDGE ( 'NONE', *, *, #3589, .T. ) ;
#3461 = CARTESIAN_POINT ( 'NONE',  ( 10.12500000000000000, -4.049999999999684519, -37.16643538402582436 ) ) ;
#3462 = FILL_AREA_STYLE_COLOUR ( '', #67 ) ;
#3463 = ORIENTED_EDGE ( 'NONE', *, *, #4601, .F. ) ;
#3464 = FILL_AREA_STYLE_COLOUR ( '', #4715 ) ;
#3465 = SURFACE_STYLE_FILL_AREA ( #1893 ) ;
#3466 = ORIENTED_EDGE ( 'NONE', *, *, #3062, .F. ) ;
#3467 = PRESENTATION_STYLE_ASSIGNMENT (( #363 ) ) ;
#3468 = CARTESIAN_POINT ( 'NONE',  ( 9.625000000000000000, -4.049999999999674749, -100.6984762319158762 ) ) ;
#3469 = CARTESIAN_POINT ( 'NONE',  ( 22.04807163066650588, 20.15435428356005687, -84.02126426259934533 ) ) ;
#3470 =( LENGTH_UNIT ( ) NAMED_UNIT ( * ) SI_UNIT ( .MILLI., .METRE. ) );
#3471 = DIRECTION ( 'NONE',  ( 1.000000000000000000, 0.000000000000000000, 0.000000000000000000 ) ) ;
#3472 =( LENGTH_UNIT ( ) NAMED_UNIT ( * ) SI_UNIT ( .MILLI., .METRE. ) );
#3473 = EDGE_LOOP ( 'NONE', ( #4326 ) ) ;
#3474 = FILL_AREA_STYLE ('',( #4387 ) ) ;
#3475 = FILL_AREA_STYLE_COLOUR ( '', #2301 ) ;
#3476 = VECTOR ( 'NONE', #2831, 1000.000000000000000 ) ;
#3477 = DIRECTION ( 'NONE',  ( -0.7071067811865515695, 8.995321377875664781E-16, 0.7071067811865435759 ) ) ;
#3478 = VECTOR ( 'NONE', #4810, 999.9999999999998863 ) ;
#3479 = ORIENTED_EDGE ( 'NONE', *, *, #698, .F. ) ;
#3480 = CARTESIAN_POINT ( 'NONE',  ( 9.625000000000000000, 28.48148171646852944, -40.14284411276666020 ) ) ;
#3481 = UNCERTAINTY_MEASURE_WITH_UNIT (LENGTH_MEASURE( 1.000000000000000082E-05 ), #2248, 'distance_accuracy_value', 'NONE');
#3482 = CARTESIAN_POINT ( 'NONE',  ( 21.15355766687055095, 2.453636178691201319, -85.50717722675052812 ) ) ;
#3483 = CARTESIAN_POINT ( 'NONE',  ( 10.08595334667458054, 22.36646107972370245, -46.47374999485115410 ) ) ;
#3484 =( GEOMETRIC_REPRESENTATION_CONTEXT ( 3 ) GLOBAL_UNCERTAINTY_ASSIGNED_CONTEXT ( ( #4777 ) ) GLOBAL_UNIT_ASSIGNED_CONTEXT ( ( #2357, #4386, #80 ) ) REPRESENTATION_CONTEXT ( 'NONE', 'WORKASPACE' ) );
#3485 = CARTESIAN_POINT ( 'NONE',  ( 12.42130527416056829, 25.52334096055107793, -90.61875002982961291 ) ) ;
#3486 = ORIENTED_EDGE ( 'NONE', *, *, #2691, .F. ) ;
#3487 = EDGE_CURVE ( 'NONE', #2985, #4664, #3601, .T. ) ;
#3488 = DIRECTION ( 'NONE',  ( -0.000000000000000000, 0.7071067811865441310, 0.7071067811865510144 ) ) ;
#3489 = CARTESIAN_POINT ( 'NONE',  ( 20.50320124876077799, 1.365559848352372763, -50.73853108059990547 ) ) ;
#3490 = DIRECTION ( 'NONE',  ( -2.775557561562890365E-16, 2.775557561562895295E-16, 1.000000000000000000 ) ) ;
#3491 = FACE_OUTER_BOUND ( 'NONE', #730, .T. ) ;
#3492 = ORIENTED_EDGE ( 'NONE', *, *, #1045, .T. ) ;
#3493 = DIRECTION ( 'NONE',  ( 3.122502256758254619E-17, -1.000000000000000000, -5.551115123125790098E-17 ) ) ;
#3494 = VERTEX_POINT ( 'NONE', #3251 ) ;
#3495 = PRESENTATION_STYLE_ASSIGNMENT (( #4378 ) ) ;
#3496 = CARTESIAN_POINT ( 'NONE',  ( 22.03913296830915414, 20.19526913494404496, -84.03915334504006296 ) ) ;
#3497 = FILL_AREA_STYLE ('',( #2780 ) ) ;
#3498 = EDGE_CURVE ( 'NONE', #833, #1230, #1300, .T. ) ;
#3499 = EDGE_CURVE ( 'NONE', #3255, #3876, #1223, .T. ) ;
#3500 = FACE_OUTER_BOUND ( 'NONE', #613, .T. ) ;
#3501 = SURFACE_STYLE_USAGE ( .BOTH. , #450 ) ;
#3502 = ADVANCED_BREP_SHAPE_REPRESENTATION ( 'RD_BACKUPLV2PROTOTYPE__Default__69BEFE7AC751', ( #4279, #3796 ), #2794 ) ;
#3503 = ADVANCED_FACE ( 'NONE', ( #506, #912 ), #2796, .F. ) ;
#3504 = CARTESIAN_POINT ( 'NONE',  ( 23.23687500000000128, 12.55499999999999794, -84.49312499999999204 ) ) ;
#3505 =( LENGTH_UNIT ( ) NAMED_UNIT ( * ) SI_UNIT ( .MILLI., .METRE. ) );
#3506 = CARTESIAN_POINT ( 'NONE',  ( 20.19163419165657913, 0.9273821183255255285, -50.36881952013312969 ) ) ;
#3507 =( NAMED_UNIT ( * ) SI_UNIT ( $, .STERADIAN. ) SOLID_ANGLE_UNIT ( ) );
#3508 = EDGE_LOOP ( 'NONE', ( #3010, #777, #4427, #2096, #3799, #891 ) ) ;
#3509 = CARTESIAN_POINT ( 'NONE',  ( 10.12500000000000000, 28.14749999999999375, -40.84195960390699298 ) ) ;
#3510 = CARTESIAN_POINT ( 'NONE',  ( 17.43484462420326864, 28.14749999999999730, -90.95462387221236611 ) ) ;
#3511 = LINE ( 'NONE', #381, #1917 ) ;
#3512 = CARTESIAN_POINT ( 'NONE',  ( 9.625000000000000000, 28.14750000000032770, -113.3999999999999915 ) ) ;
#3513 = CARTESIAN_POINT ( 'NONE',  ( 12.63521101189603613, 29.16000000000020265, -44.70744974048408693 ) ) ;
#3514 = CARTESIAN_POINT ( 'NONE',  ( 14.46078945429612794, 29.16000000000037673, -92.58517605970035902 ) ) ;
#3515 = CARTESIAN_POINT ( 'NONE',  ( 26.22375000000045375, 25.10999999999999588, -91.12500000000000000 ) ) ;
#3516 = AXIS2_PLACEMENT_3D ( 'NONE', #2223, #2579, #3833 ) ;
#3517 =( LENGTH_UNIT ( ) NAMED_UNIT ( * ) SI_UNIT ( .MILLI., .METRE. ) );
#3518 = VERTEX_POINT ( 'NONE', #835 ) ;
#3519 = VECTOR ( 'NONE', #4845, 999.9999999999998863 ) ;
#3520 = EDGE_CURVE ( 'NONE', #2821, #4091, #3383, .T. ) ;
#3521 = EDGE_CURVE ( 'NONE', #3268, #4998, #4960, .T. ) ;
#3522 = ORIENTED_EDGE ( 'NONE', *, *, #4602, .T. ) ;
#3523 = DIRECTION ( 'NONE',  ( 1.000000000000000000, -0.000000000000000000, 0.000000000000000000 ) ) ;
#3524 = CARTESIAN_POINT ( 'NONE',  ( 10.12500000000000000, -3.037499999999999645, -40.84195960390587032 ) ) ;
#3525 = STYLED_ITEM ( 'NONE', ( #3800 ), #4515 ) ;
#3526 = COLOUR_RGB ( '',0.1019607843137254888, 0.1019607843137254888, 0.1019607843137254888 ) ;
#3527 = CARTESIAN_POINT ( 'NONE',  ( 29.39179643025452648, 2.509307749188780523, -38.51217529837168740 ) ) ;
#3528 = CARTESIAN_POINT ( 'NONE',  ( 12.42130527415647734, -0.4133409605476276449, -46.47374997017072928 ) ) ;
#3529 = PRESENTATION_STYLE_ASSIGNMENT (( #4332 ) ) ;
#3530 = CARTESIAN_POINT ( 'NONE',  ( 18.90306717958546656, -4.049999999999984723, -92.70901047273748929 ) ) ;
#3531 =( NAMED_UNIT ( * ) PLANE_ANGLE_UNIT ( ) SI_UNIT ( $, .RADIAN. ) );
#3532 = AXIS2_PLACEMENT_3D ( 'NONE', #2028, #2137, #4191 ) ;
#3533 = PRESENTATION_LAYER_ASSIGNMENT (  '', '', ( #2053 ) ) ;
#3534 = EDGE_LOOP ( 'NONE', ( #3302, #3793, #659, #4610, #446 ) ) ;
#3535 = DIRECTION ( 'NONE',  ( 0.000000000000000000, 0.000000000000000000, 1.000000000000000000 ) ) ;
#3536 = ORIENTED_EDGE ( 'NONE', *, *, #505, .T. ) ;
#3537 = PRESENTATION_STYLE_ASSIGNMENT (( #2496 ) ) ;
#3538 = PRESENTATION_LAYER_ASSIGNMENT (  '', '', ( #2490 ) ) ;
#3539 = CARTESIAN_POINT ( 'NONE',  ( 9.625000000000000000, 25.10999999999999588, -134.0549999999999784 ) ) ;
#3540 =( NAMED_UNIT ( * ) SI_UNIT ( $, .STERADIAN. ) SOLID_ANGLE_UNIT ( ) );
#3541 = CARTESIAN_POINT ( 'NONE',  ( 12.99233102847906274, -3.037499999999999201, -94.96095255014449776 ) ) ;
#3542 = EDGE_LOOP ( 'NONE', ( #868, #4418, #5067, #2187 ) ) ;
#3543 = STYLED_ITEM ( 'NONE', ( #1410 ), #4141 ) ;
#3544 = DIRECTION ( 'NONE',  ( 0.000000000000000000, 0.7071067811865461294, -0.7071067811865490160 ) ) ;
#3545 = EDGE_LOOP ( 'NONE', ( #1068, #421, #2566, #4105 ) ) ;
#3546 = DIRECTION ( 'NONE',  ( 0.000000000000000000, -1.000000000000000000, 0.000000000000000000 ) ) ;
#3547 = ORIENTED_EDGE ( 'NONE', *, *, #1414, .F. ) ;
#3548 = LINE ( 'NONE', #447, #4964 ) ;
#3549 = DIRECTION ( 'NONE',  ( -1.000000000000000000, 0.000000000000000000, 0.000000000000000000 ) ) ;
#3550 = CIRCLE ( 'NONE', #4987, 2.581875000000004139 ) ;
#3551 = FILL_AREA_STYLE_COLOUR ( '', #3354 ) ;
#3552 = DIRECTION ( 'NONE',  ( 0.000000000000000000, -1.113649638898691532E-15, 1.000000000000000000 ) ) ;
#3553 = CARTESIAN_POINT ( 'NONE',  ( 11.09975811909630927, 1.056527704270726842, -46.47374999059436362 ) ) ;
#3554 = CARTESIAN_POINT ( 'NONE',  ( 15.97312295413778216, 29.16000000000011738, -38.87738403300510726 ) ) ;
#3555 = DIRECTION ( 'NONE',  ( 3.122502256758254619E-17, -1.000000000000000000, -1.330457483314383798E-16 ) ) ;
#3556 = LINE ( 'NONE', #4415, #1972 ) ;
#3557 = ORIENTED_EDGE ( 'NONE', *, *, #4602, .F. ) ;
#3558 = CYLINDRICAL_SURFACE ( 'NONE', #4881, 10.12500000000000000 ) ;
#3559 = CARTESIAN_POINT ( 'NONE',  ( 13.68231363666198419, 29.16000000000019199, -99.74478791476057893 ) ) ;
#3560 = AXIS2_PLACEMENT_3D ( 'NONE', #3844, #284, #3064 ) ;
#3561 = UNCERTAINTY_MEASURE_WITH_UNIT (LENGTH_MEASURE( 1.000000000000000082E-05 ), #4692, 'distance_accuracy_value', 'NONE');
#3562 = CARTESIAN_POINT ( 'NONE',  ( 22.10801308454507108, 5.247216536146638965, -83.89937912590346514 ) ) ;
#3563 = DIRECTION ( 'NONE',  ( 1.000000000000000000, 1.275134399224529684E-15, 0.000000000000000000 ) ) ;
#3564 = FACE_OUTER_BOUND ( 'NONE', #2149, .T. ) ;
#3565 = CARTESIAN_POINT ( 'NONE',  ( 9.485467577983502707, 29.15999999999791825, -91.18554152088107401 ) ) ;
#3566 = PRESENTATION_LAYER_ASSIGNMENT (  '', '', ( #3398 ) ) ;
#3567 = MECHANICAL_DESIGN_GEOMETRIC_PRESENTATION_REPRESENTATION (  '', ( #4928 ), #4341 ) ;
#3568 = CARTESIAN_POINT ( 'NONE',  ( -12.67873889984927338, 29.16000000000111214, -90.61874999999999147 ) ) ;
#3569 = CARTESIAN_POINT ( 'NONE',  ( 12.14999999999999858, -3.037499999999754063, -90.61874999999999147 ) ) ;
#3570 = ORIENTED_EDGE ( 'NONE', *, *, #786, .T. ) ;
#3571 = LINE ( 'NONE', #1997, #2394 ) ;
#3572 = ORIENTED_EDGE ( 'NONE', *, *, #4652, .T. ) ;
#3573 = DIRECTION ( 'NONE',  ( -1.000000000000000000, 0.000000000000000000, 0.000000000000000000 ) ) ;
#3574 =( NAMED_UNIT ( * ) SI_UNIT ( $, .STERADIAN. ) SOLID_ANGLE_UNIT ( ) );
#3575 = LINE ( 'NONE', #1642, #696 ) ;
#3576 = DIRECTION ( 'NONE',  ( 0.000000000000000000, 1.885568995626963301E-16, -1.000000000000000000 ) ) ;
#3577 = CARTESIAN_POINT ( 'NONE',  ( 14.72648864749086428, -4.049999999999906564, -44.48892317167987898 ) ) ;
#3578 = CARTESIAN_POINT ( 'NONE',  ( 10.12500000000000000, -3.370378253017963122, -40.14515396493430899 ) ) ;
#3579 = CARTESIAN_POINT ( 'NONE',  ( 19.23749999999968452, -4.049999999999989164, -95.03213518033510354 ) ) ;
#3580 = DIRECTION ( 'NONE',  ( 0.000000000000000000, 0.7071067811865510144, 0.7071067811865441310 ) ) ;
#3581 = ORIENTED_EDGE ( 'NONE', *, *, #2744, .F. ) ;
#3583 = EDGE_CURVE ( 'NONE', #2606, #501, #4510, .T. ) ;
#3582 = DIRECTION ( 'NONE',  ( 3.469446951953585100E-16, 0.000000000000000000, -1.000000000000000000 ) ) ;
#3584 = CARTESIAN_POINT ( 'NONE',  ( 19.00796503022376172, 29.16000000000002146, -95.07656920914551790 ) ) ;
#3585 = CARTESIAN_POINT ( 'NONE',  ( 21.55334227574552131, 3.313408464376756513, -84.91121677749379160 ) ) ;
#3586 = PLANE ( 'NONE',  #477 ) ;
#3587 = DIRECTION ( 'NONE',  ( 4.458025169868299091E-13, 1.000000000000000000, 0.000000000000000000 ) ) ;
#3589 = EDGE_CURVE ( 'NONE', #1238, #390, #248, .T. ) ;
#3588 = CARTESIAN_POINT ( 'NONE',  ( 19.23749999999999716, 18.02250000000000085, -42.06036481966448548 ) ) ;
#3590 = EDGE_LOOP ( 'NONE', ( #1476 ) ) ;
#3591 = DIRECTION ( 'NONE',  ( -1.000000000000000000, 0.000000000000000000, 0.000000000000000000 ) ) ;
#3592 = B_SPLINE_CURVE_WITH_KNOTS ( 'NONE', 3,
 ( #4046, #1674, #1572, #4776, #1220, #2787 ),
 .UNSPECIFIED., .F., .F.,
 ( 4, 2, 4 ),
 ( 0.000000000000000000, 0.5000000000000001110, 1.000000000000000000 ),
 .UNSPECIFIED. ) ;
#3593 = ORIENTED_EDGE ( 'NONE', *, *, #4905, .F. ) ;
#3595 = EDGE_CURVE ( 'NONE', #4604, #3092, #2058, .T. ) ;
#3594 =( NAMED_UNIT ( * ) PLANE_ANGLE_UNIT ( ) SI_UNIT ( $, .RADIAN. ) );
#3596 = ORIENTED_EDGE ( 'NONE', *, *, #877, .F. ) ;
#3597 = STYLED_ITEM ( 'NONE', ( #97 ), #1752 ) ;
#3598 = CARTESIAN_POINT ( 'NONE',  ( 19.23749999999999716, -0.1431962838996500009, -87.72444628389918364 ) ) ;
#3599 = FILL_AREA_STYLE_COLOUR ( '', #2902 ) ;
#3600 = LINE ( 'NONE', #4898, #2817 ) ;
#3601 =( BOUNDED_CURVE ( )  B_SPLINE_CURVE ( 3, ( #4080, #555, #4366, #4782 ),
 .UNSPECIFIED., .F., .F. ) 
 B_SPLINE_CURVE_WITH_KNOTS ( ( 4, 4 ),
 ( 3.141592653589795336, 6.283185307179590673 ),
 .UNSPECIFIED. ) 
 CURVE ( )  GEOMETRIC_REPRESENTATION_ITEM ( )  RATIONAL_B_SPLINE_CURVE ( ( 1.000000000000000000, 0.3333333333333340365, 0.3333333333333340365, 1.000000000000000000 ) ) 
 REPRESENTATION_ITEM ( '' )  );
#3602 = CARTESIAN_POINT ( 'NONE',  ( 10.12500000000000000, 29.16000000000031989, -99.92606461597434020 ) ) ;
#3603 =( GEOMETRIC_REPRESENTATION_CONTEXT ( 3 ) GLOBAL_UNCERTAINTY_ASSIGNED_CONTEXT ( ( #4530 ) ) GLOBAL_UNIT_ASSIGNED_CONTEXT ( ( #1337, #4107, #701 ) ) REPRESENTATION_CONTEXT ( 'NONE', 'WORKASPACE' ) );
#3604 = DIRECTION ( 'NONE',  ( 1.000000000000000000, -0.000000000000000000, 0.000000000000000000 ) ) ;
#3605 = CARTESIAN_POINT ( 'NONE',  ( 17.79986791463329254, -4.049999999999939426, -96.32129746101146850 ) ) ;
#3606 = CARTESIAN_POINT ( 'NONE',  ( 19.23749999999999716, -0.1431962838996623522, -49.36805371610081039 ) ) ;
#3607 = VECTOR ( 'NONE', #691, 1000.000000000000000 ) ;
#3608 =( GEOMETRIC_REPRESENTATION_CONTEXT ( 3 ) GLOBAL_UNCERTAINTY_ASSIGNED_CONTEXT ( ( #3036 ) ) GLOBAL_UNIT_ASSIGNED_CONTEXT ( ( #3472, #768, #5102 ) ) REPRESENTATION_CONTEXT ( 'NONE', 'WORKASPACE' ) );
#3609 = FILL_AREA_STYLE_COLOUR ( '', #1597 ) ;
#3610 = UNCERTAINTY_MEASURE_WITH_UNIT (LENGTH_MEASURE( 1.000000000000000082E-05 ), #2987, 'distance_accuracy_value', 'NONE');
#3611 = ORIENTED_EDGE ( 'NONE', *, *, #1231, .F. ) ;
#3612 = SURFACE_STYLE_USAGE ( .BOTH. , #2069 ) ;
#3613 = CARTESIAN_POINT ( 'NONE',  ( 26.22375000000045375, 2.898052025671948817E-15, -91.12500000000000000 ) ) ;
#3614 = MECHANICAL_DESIGN_GEOMETRIC_PRESENTATION_REPRESENTATION (  '', ( #930 ), #2136 ) ;
#3615 = ADVANCED_FACE ( 'NONE', ( #3346 ), #2529, .T. ) ;
#3616 =( NAMED_UNIT ( * ) SI_UNIT ( $, .STERADIAN. ) SOLID_ANGLE_UNIT ( ) );
#3617 = SURFACE_STYLE_USAGE ( .BOTH. , #1608 ) ;
#3618 = CIRCLE ( 'NONE', #1321, 10.12499999999998757 ) ;
#3619 = CARTESIAN_POINT ( 'NONE',  ( 14.43229514618812814, 29.16000000000017067, -99.30938257975601857 ) ) ;
#3620 = VERTEX_POINT ( 'NONE', #4556 ) ;
#3621 = CARTESIAN_POINT ( 'NONE',  ( 19.23749999999999716, 7.087500000000000355, -42.06036481966574314 ) ) ;
#3622 = PRESENTATION_LAYER_ASSIGNMENT (  '', '', ( #1813 ) ) ;
#3623 = CARTESIAN_POINT ( 'NONE',  ( 18.65474703141718393, -3.024759260618864687, -46.47375001831866825 ) ) ;
#3624 = CARTESIAN_POINT ( 'NONE',  ( 12.15000000000031122, 28.14750000000025665, -90.61874999999999147 ) ) ;
#3625 = FILL_AREA_STYLE_COLOUR ( '', #741 ) ;
#3626 = ORIENTED_EDGE ( 'NONE', *, *, #3321, .T. ) ;
#3627 = CARTESIAN_POINT ( 'NONE',  ( 20.66862581242273222, 23.50800107624934654, -50.93629084548157238 ) ) ;
#3628 = STYLED_ITEM ( 'NONE', ( #2816 ), #3852 ) ;
#3629 = SURFACE_STYLE_FILL_AREA ( #3172 ) ;
#3630 = FACE_OUTER_BOUND ( 'NONE', #1587, .T. ) ;
#3631 =( GEOMETRIC_REPRESENTATION_CONTEXT ( 3 ) GLOBAL_UNCERTAINTY_ASSIGNED_CONTEXT ( ( #4576 ) ) GLOBAL_UNIT_ASSIGNED_CONTEXT ( ( #1746, #4630, #2699 ) ) REPRESENTATION_CONTEXT ( 'NONE', 'WORKASPACE' ) );
#3632 = DIRECTION ( 'NONE',  ( 0.000000000000000000, 1.885568995626963301E-16, -1.000000000000000000 ) ) ;
#3633 = CARTESIAN_POINT ( 'NONE',  ( 16.88524988333169929, -4.049999999999769784, -92.68766132828889681 ) ) ;
#3634 =( BOUNDED_CURVE ( )  B_SPLINE_CURVE ( 3, ( #1854, #2721, #3401, #1439 ),
 .UNSPECIFIED., .F., .F. ) 
 B_SPLINE_CURVE_WITH_KNOTS ( ( 4, 4 ),
 ( 0.000000000000000000, 0.7753974966107488598 ),
 .UNSPECIFIED. ) 
 CURVE ( )  GEOMETRIC_REPRESENTATION_ITEM ( )  RATIONAL_B_SPLINE_CURVE ( ( 1.000000000000000000, 0.9505210128485660492, 0.9505210128485660492, 1.000000000000000000 ) ) 
 REPRESENTATION_ITEM ( '' )  );
#3635 = DIRECTION ( 'NONE',  ( 0.000000000000000000, 0.000000000000000000, -1.000000000000000000 ) ) ;
#3636 = AXIS2_PLACEMENT_3D ( 'NONE', #3755, #396, #3471 ) ;
#3637 = CARTESIAN_POINT ( 'NONE',  ( 21.88778412781963567, 4.293796564460522269, -52.75760001181902226 ) ) ;
#3638 = ORIENTED_EDGE ( 'NONE', *, *, #1414, .T. ) ;
#3639 = FACE_OUTER_BOUND ( 'NONE', #4993, .T. ) ;
#3640 = VERTEX_POINT ( 'NONE', #1731 ) ;
#3641 = CARTESIAN_POINT ( 'NONE',  ( 10.12500000000000000, 29.16000000000031989, -100.6984762319159472 ) ) ;
#3642 = ORIENTED_EDGE ( 'NONE', *, *, #223, .F. ) ;
#3643 = EDGE_CURVE ( 'NONE', #2873, #588, #2927, .T. ) ;
#3644 = FACE_BOUND ( 'NONE', #949, .T. ) ;
#3645 = FILL_AREA_STYLE_COLOUR ( '', #397 ) ;
#3646 =( NAMED_UNIT ( * ) SI_UNIT ( $, .STERADIAN. ) SOLID_ANGLE_UNIT ( ) );
#3648 = EDGE_CURVE ( 'NONE', #3193, #1617, #4534, .T. ) ;
#3647 =( NAMED_UNIT ( * ) PLANE_ANGLE_UNIT ( ) SI_UNIT ( $, .RADIAN. ) );
#3649 = EDGE_CURVE ( 'NONE', #2335, #5095, #4726, .T. ) ;
#3650 = EDGE_CURVE ( 'NONE', #3255, #859, #2644, .T. ) ;
#3651 = MECHANICAL_DESIGN_GEOMETRIC_PRESENTATION_REPRESENTATION (  '', ( #303 ), #2003 ) ;
#3652 = FACE_OUTER_BOUND ( 'NONE', #1613, .T. ) ;
#3653 = ORIENTED_EDGE ( 'NONE', *, *, #3425, .T. ) ;
#3654 = LINE ( 'NONE', #4496, #3209 ) ;
#3655 = EDGE_CURVE ( 'NONE', #1744, #4311, #4699, .T. ) ;
#3656 = DIRECTION ( 'NONE',  ( -4.132222856978965360E-16, 1.839572674815099802E-33, -1.000000000000000000 ) ) ;
#3657 = SURFACE_STYLE_FILL_AREA ( #1715 ) ;
#3658 = STYLED_ITEM ( 'NONE', ( #3798 ), #1397 ) ;
#3659 = UNCERTAINTY_MEASURE_WITH_UNIT (LENGTH_MEASURE( 1.000000000000000082E-05 ), #455, 'distance_accuracy_value', 'NONE');
#3660 = CARTESIAN_POINT ( 'NONE',  ( 20.25000000000000000, 28.09674780070452726, -137.1432521992956595 ) ) ;
#3661 = CARTESIAN_POINT ( 'NONE',  ( 10.08595334667330334, 2.743538920277733162, -46.47374999485123226 ) ) ;
#3662 = EDGE_CURVE ( 'NONE', #2704, #3328, #2643, .T. ) ;
#3663 = VERTEX_POINT ( 'NONE', #2747 ) ;
#3664 = LINE ( 'NONE', #2005, #4787 ) ;
#3665 = PRESENTATION_LAYER_ASSIGNMENT (  '', '', ( #4015 ) ) ;
#3666 = EDGE_CURVE ( 'NONE', #764, #1494, #4673, .T. ) ;
#3667 = CARTESIAN_POINT ( 'NONE',  ( 18.72059169720825977, -4.049999999999973177, -95.27888226498814106 ) ) ;
#3668 = CARTESIAN_POINT ( 'NONE',  ( 20.25000000000000000, 28.09674780070452726, -137.1432521992956595 ) ) ;
#3669 = CARTESIAN_POINT ( 'NONE',  ( 28.40062499999999801, 12.55499999999999794, -47.43562500000000171 ) ) ;
#3670 = CARTESIAN_POINT ( 'NONE',  ( 29.04451778679552376, 23.30154194276396851, -96.94027033969484819 ) ) ;
#3671 = CARTESIAN_POINT ( 'NONE',  ( 9.625000000000000000, -4.049999999999990052, -113.4000000000000057 ) ) ;
#3672 = FILL_AREA_STYLE ('',( #4119 ) ) ;
#3673 = ORIENTED_EDGE ( 'NONE', *, *, #1403, .T. ) ;
#3674 = CARTESIAN_POINT ( 'NONE',  ( 12.14999999999999858, -3.037499999999754063, -46.47375000000000256 ) ) ;
#3675 = ORIENTED_EDGE ( 'NONE', *, *, #1403, .F. ) ;
#3676 = CARTESIAN_POINT ( 'NONE',  ( 17.60147439619058574, 28.14749999999999730, -46.19994813190760397 ) ) ;
#3677 = FILL_AREA_STYLE ('',( #2103 ) ) ;
#3678 = CARTESIAN_POINT ( 'NONE',  ( 26.22375000000045375, 3.816828110956212386E-14, -113.4000000000000057 ) ) ;
#3679 = ORIENTED_EDGE ( 'NONE', *, *, #2071, .T. ) ;
#3680 = SURFACE_SIDE_STYLE ('',( #4516 ) ) ;
#3681 = DIRECTION ( 'NONE',  ( -1.000000000000000000, 0.000000000000000000, 0.000000000000000000 ) ) ;
#3682 = ORIENTED_EDGE ( 'NONE', *, *, #3412, .T. ) ;
#3683 = DIRECTION ( 'NONE',  ( 1.000000000000000000, 0.000000000000000000, 0.000000000000000000 ) ) ;
#3684 = DIRECTION ( 'NONE',  ( 1.000000000000000000, -0.000000000000000000, -0.000000000000000000 ) ) ;
#3685 = DIRECTION ( 'NONE',  ( 1.000000000000000000, -7.791591302140609850E-32, 4.132222856978965360E-16 ) ) ;
#3686 = CARTESIAN_POINT ( 'NONE',  ( 27.33749999999999858, 28.14749999999999375, -23.69250000000030099 ) ) ;
#3687 = ORIENTED_EDGE ( 'NONE', *, *, #1031, .F. ) ;
#3688 = CARTESIAN_POINT ( 'NONE',  ( 10.12500000000000000, 29.16000000000031989, -100.6984762319159472 ) ) ;
#3689 = PLANE ( 'NONE',  #3560 ) ;
#3690 = CARTESIAN_POINT ( 'NONE',  ( 16.95621362430843604, -4.049999999999918110, -39.81416014784281288 ) ) ;
#3691 = PRESENTATION_LAYER_ASSIGNMENT (  '', '', ( #1620 ) ) ;
#3692 = CARTESIAN_POINT ( 'NONE',  ( 13.68231363666205880, -4.049999999999807088, -37.34771208524035302 ) ) ;
#3693 = CARTESIAN_POINT ( 'NONE',  ( 13.34514088601153325, -4.049999999999592148, -92.48038920841750610 ) ) ;
#3694 = VECTOR ( 'NONE', #2714, 1000.000000000000000 ) ;
#3695 = CARTESIAN_POINT ( 'NONE',  ( 21.76874999999999716, 7.087500000000000355, -54.06750000000060652 ) ) ;
#3696 = PRESENTATION_LAYER_ASSIGNMENT (  '', '', ( #832 ) ) ;
#3697 = CARTESIAN_POINT ( 'NONE',  ( 21.40303519130974763, 2.976900410059478475, -51.95261831335490399 ) ) ;
#3698 = STYLED_ITEM ( 'NONE', ( #2022 ), #4783 ) ;
#3699 = CARTESIAN_POINT ( 'NONE',  ( 9.345273545211899346, 29.16000000000114767, -46.06364138015139531 ) ) ;
#3700 = PRESENTATION_LAYER_ASSIGNMENT (  '', '', ( #268 ) ) ;
#3701 = EDGE_LOOP ( 'NONE', ( #4110, #3315, #2655, #4294 ) ) ;
#3702 = CARTESIAN_POINT ( 'NONE',  ( 19.23749999999999716, -0.1431962838996623522, -49.36805371610081039 ) ) ;
#3703 = CARTESIAN_POINT ( 'NONE',  ( 14.27159082074352092, 28.14749999999999730, -43.42984267932380504 ) ) ;
#3704 = PRESENTATION_LAYER_ASSIGNMENT (  '', '', ( #3436 ) ) ;
#3705 = AXIS2_PLACEMENT_3D ( 'NONE', #645, #1867, #3443 ) ;
#3706 = EDGE_CURVE ( 'NONE', #2652, #1426, #671, .T. ) ;
#3707 =( GEOMETRIC_REPRESENTATION_CONTEXT ( 3 ) GLOBAL_UNCERTAINTY_ASSIGNED_CONTEXT ( ( #2895 ) ) GLOBAL_UNIT_ASSIGNED_CONTEXT ( ( #3517, #1560, #3984 ) ) REPRESENTATION_CONTEXT ( 'NONE', 'WORKASPACE' ) );
#3708 = STYLED_ITEM ( 'NONE', ( #1949 ), #5012 ) ;
#3709 = CARTESIAN_POINT ( 'NONE',  ( 69.75701142158077062, -2.248201624865943761E-13, -23.69249999999999901 ) ) ;
#3710 = COLOUR_RGB ( '',0.1019607843137254888, 0.1019607843137254888, 0.1019607843137254888 ) ;
#3711 =( GEOMETRIC_REPRESENTATION_CONTEXT ( 3 ) GLOBAL_UNCERTAINTY_ASSIGNED_CONTEXT ( ( #4620 ) ) GLOBAL_UNIT_ASSIGNED_CONTEXT ( ( #3144, #759, #2319 ) ) REPRESENTATION_CONTEXT ( 'NONE', 'WORKASPACE' ) );
#3712 = CARTESIAN_POINT ( 'NONE',  ( 17.32021499314794610, 27.13251149124992168, -89.60376149124954281 ) ) ;
#3713 = ADVANCED_FACE ( 'NONE', ( #2717 ), #2334, .F. ) ;
#3714 = CARTESIAN_POINT ( 'NONE',  ( 19.23750000000049099, 29.16000000000001080, -92.70930087489558957 ) ) ;
#3715 = ORIENTED_EDGE ( 'NONE', *, *, #3995, .T. ) ;
#3716 = FACE_BOUND ( 'NONE', #438, .T. ) ;
#3717 = SURFACE_SIDE_STYLE ('',( #615 ) ) ;
#3718 = MECHANICAL_DESIGN_GEOMETRIC_PRESENTATION_REPRESENTATION (  '', ( #4226 ), #4139 ) ;
#3719 = SURFACE_STYLE_USAGE ( .BOTH. , #4143 ) ;
#3720 = EDGE_CURVE ( 'NONE', #2237, #2237, #4888, .T. ) ;
#3721 = CARTESIAN_POINT ( 'NONE',  ( 9.197105616297784891, -4.050000000002448530, -46.32412789395070973 ) ) ;
#3722 = AXIS2_PLACEMENT_3D ( 'NONE', #1599, #84, #2033 ) ;
#3723 = SURFACE_SIDE_STYLE ('',( #4224 ) ) ;
#3724 = CARTESIAN_POINT ( 'NONE',  ( 19.00935330477638985, -4.049999999999981171, -95.08127098124427334 ) ) ;
#3725 = CARTESIAN_POINT ( 'NONE',  ( 26.22375000000045375, 5.366250000056608904, -137.0924999999999727 ) ) ;
#3726 = EDGE_CURVE ( 'NONE', #5005, #3060, #3022, .T. ) ;
#3727 = VECTOR ( 'NONE', #179, 1000.000000000000000 ) ;
#3728 = CARTESIAN_POINT ( 'NONE',  ( 22.27499999999999503, 7.087500000000000355, -53.56125000000000114 ) ) ;
#3729 =( LENGTH_UNIT ( ) NAMED_UNIT ( * ) SI_UNIT ( .MILLI., .METRE. ) );
#3730 = ORIENTED_EDGE ( 'NONE', *, *, #2470, .F. ) ;
#3731 = CARTESIAN_POINT ( 'NONE',  ( 9.179624447010294119, 19.18776110364470711, -46.47374999998885414 ) ) ;
#3732 = AXIS2_PLACEMENT_3D ( 'NONE', #1691, #3220, #2110 ) ;
#3733 = VERTEX_POINT ( 'NONE', #1540 ) ;
#3734 = CARTESIAN_POINT ( 'NONE',  ( 14.83473601050038759, -3.037499999999996980, -90.61874999999950830 ) ) ;
#3735 = DIRECTION ( 'NONE',  ( -1.000000000000000000, 0.000000000000000000, 0.000000000000000000 ) ) ;
#3736 = UNCERTAINTY_MEASURE_WITH_UNIT (LENGTH_MEASURE( 1.000000000000000082E-05 ), #2224, 'distance_accuracy_value', 'NONE');
#3737 = SURFACE_SIDE_STYLE ('',( #4028 ) ) ;
#3738 = PLANE ( 'NONE',  #4961 ) ;
#3739 = DIRECTION ( 'NONE',  ( -1.126443815569362056E-16, -1.000000000000000000, 1.199221881218754054E-15 ) ) ;
#3740 = EDGE_CURVE ( 'NONE', #3157, #4533, #3887, .T. ) ;
#3741 = ORIENTED_EDGE ( 'NONE', *, *, #423, .F. ) ;
#3742 =( NAMED_UNIT ( * ) PLANE_ANGLE_UNIT ( ) SI_UNIT ( $, .RADIAN. ) );
#3743 = CARTESIAN_POINT ( 'NONE',  ( 17.94131141307092747, 29.15999999999993975, -92.70366962025883595 ) ) ;
#3744 = ORIENTED_EDGE ( 'NONE', *, *, #1953, .T. ) ;
#3745 = LINE ( 'NONE', #1819, #196 ) ;
#3746 =( NAMED_UNIT ( * ) SI_UNIT ( $, .STERADIAN. ) SOLID_ANGLE_UNIT ( ) );
#3747 = CARTESIAN_POINT ( 'NONE',  ( 26.22375000000043954, 2.149999999999298250, -39.94999999999692619 ) ) ;
#3748 = VECTOR ( 'NONE', #763, 1000.000000000000000 ) ;
#3749 =( NAMED_UNIT ( * ) SI_UNIT ( $, .STERADIAN. ) SOLID_ANGLE_UNIT ( ) );
#3750 = CARTESIAN_POINT ( 'NONE',  ( 9.250003310013676483, 5.421243902489482736, -46.47375000008813117 ) ) ;
#3751 = CARTESIAN_POINT ( 'NONE',  ( 9.625000000000000000, 0.000000000000000000, -45.96750000000000114 ) ) ;
#3752 = DIRECTION ( 'NONE',  ( 1.000000000000000000, -7.791591302140609850E-32, 4.132222856978965360E-16 ) ) ;
#3753 = COLOUR_RGB ( '',0.1019607843137254888, 0.1019607843137254888, 0.1019607843137254888 ) ;
#3754 = CARTESIAN_POINT ( 'NONE',  ( 23.23687500000000128, 12.55499999999999794, -52.59937500000000199 ) ) ;
#3755 = CARTESIAN_POINT ( 'NONE',  ( 20.25000000000000000, -3.037499999999999645, 0.000000000000000000 ) ) ;
#3756 = PRESENTATION_STYLE_ASSIGNMENT (( #1369 ) ) ;
#3757 = CARTESIAN_POINT ( 'NONE',  ( 29.18979083078152925, 23.02457855537018361, -98.00275072070257920 ) ) ;
#3758 = PRESENTATION_STYLE_ASSIGNMENT (( #4199 ) ) ;
#3759 = EDGE_CURVE ( 'NONE', #4392, #2875, #3806, .T. ) ;
#3760 = SURFACE_SIDE_STYLE ('',( #2900 ) ) ;
#3761 = FILL_AREA_STYLE_COLOUR ( '', #4492 ) ;
#3762 = VECTOR ( 'NONE', #4144, 1000.000000000000000 ) ;
#3763 = CARTESIAN_POINT ( 'NONE',  ( 18.88237468611169945, -4.049999999999984723, -41.93811654823536372 ) ) ;
#3764 = EDGE_CURVE ( 'NONE', #2375, #588, #1831, .T. ) ;
#3765 = CARTESIAN_POINT ( 'NONE',  ( 9.625000000000000000, 1.097754699641572746E-16, -3.037499999999999645 ) ) ;
#3766 = CARTESIAN_POINT ( 'NONE',  ( -12.67873889984927338, 29.16000000000111214, -113.3999999999999915 ) ) ;
#3767 = CARTESIAN_POINT ( 'NONE',  ( 9.625000000000000000, 29.16000000000031278, -37.16650842017372014 ) ) ;
#3768 = CARTESIAN_POINT ( 'NONE',  ( 18.88237468611391279, 29.16000000000001080, -95.15438345176463031 ) ) ;
#3769 = ORIENTED_EDGE ( 'NONE', *, *, #3521, .T. ) ;
#3770 = CARTESIAN_POINT ( 'NONE',  ( 22.02349884274443781, 20.26521855592016763, -53.02223084636026584 ) ) ;
#3771 = LINE ( 'NONE', #1362, #1400 ) ;
#3772 = CARTESIAN_POINT ( 'NONE',  ( 29.22073594832822607, 2.149999999999298250, -39.94999999999692619 ) ) ;
#3773 = CARTESIAN_POINT ( 'NONE',  ( 10.12500000000000000, -4.049999999999674749, -100.6984762319158762 ) ) ;
#3774 = LINE ( 'NONE', #4978, #269 ) ;
#3775 = CARTESIAN_POINT ( 'NONE',  ( 9.217802881986823849, 5.627305085716161059, -90.61875000008781456 ) ) ;
#3776 = FACE_OUTER_BOUND ( 'NONE', #4412, .T. ) ;
#3777 = DIRECTION ( 'NONE',  ( 0.000000000000000000, 0.7071067811865460184, 0.7071067811865489050 ) ) ;
#3778 = UNCERTAINTY_MEASURE_WITH_UNIT (LENGTH_MEASURE( 1.000000000000000082E-05 ), #1187, 'distance_accuracy_value', 'NONE');
#3779 = B_SPLINE_SURFACE_WITH_KNOTS ( 'NONE', 3, 1, ( 
 ( #2653, #2698 ),
 ( #2758, #358 ),
 ( #5064, #1886 ),
 ( #3952, #414 ),
 ( #1526, #3461 ),
 ( #1583, #1941 ) ),
 .UNSPECIFIED., .F., .F., .F.,
 ( 4, 2, 4 ),
 ( 2, 2 ),
 ( 0.000000000000000000, 0.5000000000000000000, 1.000000000000000000 ),
 ( 0.000000000000000000, 1.000000000000000000 ),
 .UNSPECIFIED. ) ;
#3780 = DIRECTION ( 'NONE',  ( 1.000000000000000000, 0.000000000000000000, 0.000000000000000000 ) ) ;
#3781 = CARTESIAN_POINT ( 'NONE',  ( 12.14999999999999858, -3.037499999999754063, -90.61874999999999147 ) ) ;
#3782 = CARTESIAN_POINT ( 'NONE',  ( 13.97613165686394154, 28.14749999999999730, -43.07766774946359334 ) ) ;
#3783 = EDGE_CURVE ( 'NONE', #859, #4311, #3131, .T. ) ;
#3784 = CARTESIAN_POINT ( 'NONE',  ( 18.57431796190688189, -4.049999999999859490, -44.38463250306774910 ) ) ;
#3785 = CIRCLE ( 'NONE', #5032, 10.12500000000000178 ) ;
#3786 = FILL_AREA_STYLE ('',( #4597 ) ) ;
#3787 = SURFACE_STYLE_FILL_AREA ( #1018 ) ;
#3788 = COLOUR_RGB ( '',0.1019607843137254888, 0.1019607843137254888, 0.1019607843137254888 ) ;
#3789 = STYLED_ITEM ( 'NONE', ( #631 ), #2440 ) ;
#3790 = DIRECTION ( 'NONE',  ( -2.775557561562890365E-16, 0.000000000000000000, 1.000000000000000000 ) ) ;
#3791 =( LENGTH_UNIT ( ) NAMED_UNIT ( * ) SI_UNIT ( .MILLI., .METRE. ) );
#3792 = AXIS2_PLACEMENT_3D ( 'NONE', #157, #234, #3409 ) ;
#3793 = ORIENTED_EDGE ( 'NONE', *, *, #3967, .T. ) ;
#3794 = CARTESIAN_POINT ( 'NONE',  ( 22.20852996868890727, 19.18082416892224984, -53.40992066948263783 ) ) ;
#3795 = B_SPLINE_CURVE_WITH_KNOTS ( 'NONE', 3,
 ( #4306, #311, #4666, #1454, #3829, #1849, #395, #3879, #4275, #366, #2329, #1896, #1928, #3123, #4724, #3469, #3496, #3391, #5100, #1532, #4250, #5072, #668, #2219, #5026, #1121, #1163, #3803, #5007, #4641, #4228, #1868, #289, #1827, #1506, #1431, #715, #692, #3018, #3444, #5050, #4693, #1070, #2681, #3043, #1099, #1270, #875, #4796, #3935, #129 ),
 .UNSPECIFIED., .F., .F.,
 ( 4, 2, 1, 1, 1, 2, 2, 2, 1, 1, 1, 1, 2, 2, 2, 2, 1, 1, 1, 1, 1, 2, 2, 2, 2, 1, 1, 1, 1, 1, 2, 2, 2, 4 ),
 ( 0.000000000000000000, 0.06250000000006741829, 0.09375000000010141887, 0.1093750000001183775, 0.1171875000001263156, 0.1210937500001303124, 0.1250000000001343092, 0.1875000000002044198, 0.2187500000002389755, 0.2343750000002562395, 0.2421875000002643719, 0.2460937500002693679, 0.2480468750002716161, 0.2500000000002738920, 0.3750000000004499734, 0.4375000000005385137, 0.4687500000005811462, 0.4843750000006024070, 0.4921875000006130652, 0.4960937500006172285, 0.4980468750006191714, 0.4990234375006199485, 0.5000000000006207257, 0.6250000000005281331, 0.6875000000004807266, 0.7187500000004559686, 0.7343750000004438672, 0.7421875000004377609, 0.7460937500004346523, 0.7480468750004330980, 0.7490234375004312106, 0.7500000000004292122, 0.8750000000002146061, 1.000000000000000000 ),
 .UNSPECIFIED. ) ;
#3796 = AXIS2_PLACEMENT_3D ( 'NONE', #1380, #306, #4568 ) ;
#3797 = CARTESIAN_POINT ( 'NONE',  ( 26.22375000000043954, 2.150000000001048850, -98.07500000000028706 ) ) ;
#3798 = PRESENTATION_STYLE_ASSIGNMENT (( #1117 ) ) ;
#3799 = ORIENTED_EDGE ( 'NONE', *, *, #3819, .F. ) ;
#3800 = PRESENTATION_STYLE_ASSIGNMENT (( #264 ) ) ;
#3801 = AXIS2_PLACEMENT_3D ( 'NONE', #3033, #1061, #1041 ) ;
#3802 = CARTESIAN_POINT ( 'NONE',  ( 9.173549976454525634, 5.977304105764567055, -90.61874999999999147 ) ) ;
#3803 = CARTESIAN_POINT ( 'NONE',  ( 21.42864007610591415, 22.07508921367684707, -85.10070722761064133 ) ) ;
#3804 =( NAMED_UNIT ( * ) PLANE_ANGLE_UNIT ( ) SI_UNIT ( $, .RADIAN. ) );
#3805 = DIRECTION ( 'NONE',  ( 0.000000000000000000, -1.000000000000000000, -1.885568995626962808E-16 ) ) ;
#3806 = LINE ( 'NONE', #1903, #4639 ) ;
#3807 = PRESENTATION_LAYER_ASSIGNMENT (  '', '', ( #3543 ) ) ;
#3808 = CARTESIAN_POINT ( 'NONE',  ( 19.00935330477468099, -4.049999999999991829, -42.01122901875596938 ) ) ;
#3809 = STYLED_ITEM ( 'NONE', ( #2539 ), #96 ) ;
#3810 = CARTESIAN_POINT ( 'NONE',  ( 19.23749999999999716, 29.16000000000000014, -46.47375000000030809 ) ) ;
#3811 = PRESENTATION_STYLE_ASSIGNMENT (( #3452 ) ) ;
#3812 = LINE ( 'NONE', #405, #884 ) ;
#3813 = LINE ( 'NONE', #1834, #4798 ) ;
#3814 = STYLED_ITEM ( 'NONE', ( #4464 ), #482 ) ;
#3815 = LINE ( 'NONE', #300, #590 ) ;
#3816 = PRESENTATION_STYLE_ASSIGNMENT (( #783 ) ) ;
#3817 = CARTESIAN_POINT ( 'NONE',  ( 12.13694921037679997, 25.24902447805034100, -46.47375001603054301 ) ) ;
#3818 = FILL_AREA_STYLE ('',( #4968 ) ) ;
#3819 = EDGE_CURVE ( 'NONE', #2183, #4423, #5013, .T. ) ;
#3820 = VERTEX_POINT ( 'NONE', #1076 ) ;
#3821 = CARTESIAN_POINT ( 'NONE',  ( 10.12500000000000000, -3.037499999999999645, -40.84195960390587032 ) ) ;
#3822 = FILL_AREA_STYLE ('',( #663 ) ) ;
#3823 = ORIENTED_EDGE ( 'NONE', *, *, #3995, .F. ) ;
#3824 = ADVANCED_FACE ( 'NONE', ( #697 ), #1166, .T. ) ;
#3825 = FILL_AREA_STYLE ('',( #3464 ) ) ;
#3826 =( NAMED_UNIT ( * ) PLANE_ANGLE_UNIT ( ) SI_UNIT ( $, .RADIAN. ) );
#3827 = EDGE_LOOP ( 'NONE', ( #4223, #14, #3951 ) ) ;
#3828 = CARTESIAN_POINT ( 'NONE',  ( 9.182013594150298275, -4.049999999999640998, -90.71513685640780977 ) ) ;
#3829 = CARTESIAN_POINT ( 'NONE',  ( 22.24397694794135916, 18.82470720913314111, -83.60305345898677842 ) ) ;
#3830 = SURFACE_STYLE_FILL_AREA ( #2246 ) ;
#3831 = UNCERTAINTY_MEASURE_WITH_UNIT (LENGTH_MEASURE( 1.000000000000000082E-05 ), #2620, 'distance_accuracy_value', 'NONE');
#3832 = EDGE_CURVE ( 'NONE', #4751, #2375, #4047, .T. ) ;
#3833 = DIRECTION ( 'NONE',  ( 1.000000000000000000, 0.000000000000000000, 0.000000000000000000 ) ) ;
#3834 = COLOUR_RGB ( '',0.1019607843137254888, 0.1019607843137254888, 0.1019607843137254888 ) ;
#3835 = FILL_AREA_STYLE_COLOUR ( '', #535 ) ;
#3836 = STYLED_ITEM ( 'NONE', ( #1669 ), #1389 ) ;
#3837 = CARTESIAN_POINT ( 'NONE',  ( 19.23749999999999716, 18.02250000000000085, -90.61874999999999147 ) ) ;
#3838 =( GEOMETRIC_REPRESENTATION_CONTEXT ( 3 ) GLOBAL_UNCERTAINTY_ASSIGNED_CONTEXT ( ( #4052 ) ) GLOBAL_UNIT_ASSIGNED_CONTEXT ( ( #294, #1761, #651 ) ) REPRESENTATION_CONTEXT ( 'NONE', 'WORKASPACE' ) );
#3839 = ORIENTED_EDGE ( 'NONE', *, *, #1173, .T. ) ;
#3840 =( LENGTH_UNIT ( ) NAMED_UNIT ( * ) SI_UNIT ( .MILLI., .METRE. ) );
#3841 = CARTESIAN_POINT ( 'NONE',  ( 13.15876357484817483, 29.16000000000020265, -44.63524972405498659 ) ) ;
#3842 = CARTESIAN_POINT ( 'NONE',  ( 11.20612277400734236, 29.16000000000027725, -92.06848604386784984 ) ) ;
#3843 = ORIENTED_EDGE ( 'NONE', *, *, #2514, .T. ) ;
#3844 = CARTESIAN_POINT ( 'NONE',  ( 20.25000000000000000, -3.037499999999999645, -90.61874999999999147 ) ) ;
#3845 = ORIENTED_EDGE ( 'NONE', *, *, #3650, .T. ) ;
#3846 = LINE ( 'NONE', #4301, #3748 ) ;
#3847 = DIRECTION ( 'NONE',  ( 0.000000000000000000, 1.000000000000000000, 0.000000000000000000 ) ) ;
#3848 = ORIENTED_EDGE ( 'NONE', *, *, #4675, .T. ) ;
#3849 = CARTESIAN_POINT ( 'NONE',  ( -101.2500000000000000, 0.000000000000000000, 0.000000000000000000 ) ) ;
#3850 = LINE ( 'NONE', #3070, #2151 ) ;
#3851 = PLANE ( 'NONE',  #1984 ) ;
#3852 = ADVANCED_FACE ( 'NONE', ( #58 ), #4363, .F. ) ;
#3853 = CARTESIAN_POINT ( 'NONE',  ( 28.82871712066989289, 1.425796248821811885, -97.54508569739853385 ) ) ;
#3854 = DIRECTION ( 'NONE',  ( 1.000000000000000000, 0.000000000000000000, -4.132222856978965360E-16 ) ) ;
#3855 = PLANE ( 'NONE',  #440 ) ;
#3856 = ORIENTED_EDGE ( 'NONE', *, *, #628, .F. ) ;
#3857 = DIRECTION ( 'NONE',  ( 1.000000000000000000, -0.000000000000000000, -0.000000000000000000 ) ) ;
#3858 = CARTESIAN_POINT ( 'NONE',  ( 27.33749999999999858, 5.366250000056598246, -23.69250000000030099 ) ) ;
#3859 = CARTESIAN_POINT ( 'NONE',  ( 16.81082907695700612, 28.14749999999999375, -91.24793225386810036 ) ) ;
#3860 = PRESENTATION_LAYER_ASSIGNMENT (  '', '', ( #340 ) ) ;
#3861 = EDGE_CURVE ( 'NONE', #1797, #1797, #689, .T. ) ;
#3862 = AXIS2_PLACEMENT_3D ( 'NONE', #566, #158, #4093 ) ;
#3863 = SURFACE_STYLE_USAGE ( .BOTH. , #3457 ) ;
#3864 = CARTESIAN_POINT ( 'NONE',  ( 9.625000000000000000, 0.000000000000000000, -134.0549999999999784 ) ) ;
#3865 = CARTESIAN_POINT ( 'NONE',  ( 16.63045084467446699, 29.16000000000008896, -39.48431724159105727 ) ) ;
#3866 = AXIS2_PLACEMENT_3D ( 'NONE', #1383, #3364, #2965 ) ;
#3867 = CARTESIAN_POINT ( 'NONE',  ( 9.721178101304035479, 21.48490845198867660, -90.61874999870532577 ) ) ;
#3868 = EDGE_LOOP ( 'NONE', ( #467, #2482, #2017, #3741 ) ) ;
#3869 = DIRECTION ( 'NONE',  ( 0.000000000000000000, 0.000000000000000000, -1.000000000000000000 ) ) ;
#3870 = TOROIDAL_SURFACE ( 'NONE', #672, 1.012499999999999067, 10.12500000000000000 ) ;
#3871 = MECHANICAL_DESIGN_GEOMETRIC_PRESENTATION_REPRESENTATION (  '', ( #3789 ), #4298 ) ;
#3872 = CARTESIAN_POINT ( 'NONE',  ( 20.25000000001037748, 28.09674780070346500, -23.69250000000030099 ) ) ;
#3873 = ORIENTED_EDGE ( 'NONE', *, *, #35, .F. ) ;
#3874 = CYLINDRICAL_SURFACE ( 'NONE', #4879, 0.7499999999991611155 ) ;
#3875 = FILL_AREA_STYLE_COLOUR ( '', #3351 ) ;
#3876 = VERTEX_POINT ( 'NONE', #4024 ) ;
#3877 = SURFACE_STYLE_FILL_AREA ( #2352 ) ;
#3878 = CARTESIAN_POINT ( 'NONE',  ( 9.625000000000000000, -3.625305056040362572, -97.68133091484692443 ) ) ;
#3879 = CARTESIAN_POINT ( 'NONE',  ( 22.21600391047654810, 19.11398454099360578, -83.66592922726178472 ) ) ;
#3880 = EDGE_CURVE ( 'NONE', #4533, #2941, #454, .T. ) ;
#3881 = CARTESIAN_POINT ( 'NONE',  ( 29.52076444342386452, 22.30127077140468117, -38.52916756159435607 ) ) ;
#3882 = PRESENTATION_LAYER_ASSIGNMENT (  '', '', ( #3970 ) ) ;
#3883 = LINE ( 'NONE', #371, #3026 ) ;
#3884 = EDGE_CURVE ( 'NONE', #2910, #3009, #3556, .T. ) ;
#3885 = DIRECTION ( 'NONE',  ( 0.000000000000000000, 1.000000000000000000, 5.551115123125779621E-17 ) ) ;
#3886 = EDGE_CURVE ( 'NONE', #3087, #1282, #3977, .T. ) ;
#3887 = LINE ( 'NONE', #5078, #4394 ) ;
#3888 = AXIS2_PLACEMENT_3D ( 'NONE', #3073, #3854, #4281 ) ;
#3889 = CARTESIAN_POINT ( 'NONE',  ( 18.78784603639415351, -4.049999999999983835, -41.86899057870187590 ) ) ;
#3890 =( GEOMETRIC_REPRESENTATION_CONTEXT ( 3 ) GLOBAL_UNCERTAINTY_ASSIGNED_CONTEXT ( ( #5060 ) ) GLOBAL_UNIT_ASSIGNED_CONTEXT ( ( #3470, #3804, #3392 ) ) REPRESENTATION_CONTEXT ( 'NONE', 'WORKASPACE' ) );
#3891 = ORIENTED_EDGE ( 'NONE', *, *, #712, .T. ) ;
#3892 = CARTESIAN_POINT ( 'NONE',  ( 19.23749999999999716, 25.25319628389963000, -87.72444628389918364 ) ) ;
#3893 = LINE ( 'NONE', #675, #3960 ) ;
#3894 = ORIENTED_EDGE ( 'NONE', *, *, #3337, .F. ) ;
#3895 = CARTESIAN_POINT ( 'NONE',  ( 21.39321620613598540, 2.954875728770364418, -85.15483286971016241 ) ) ;
#3896 = CARTESIAN_POINT ( 'NONE',  ( 20.25000000000000355, 4.243523018900782346E-14, -95.03213518033477669 ) ) ;
#3897 = CARTESIAN_POINT ( 'NONE',  ( 10.56697012314475970, 23.27141431075162004, -46.47374998826244763 ) ) ;
#3899 = EDGE_CURVE ( 'NONE', #1926, #5048, #3178, .T. ) ;
#3898 = CARTESIAN_POINT ( 'NONE',  ( 10.33134536937698833, 29.15999999999952408, -91.74481406578438225 ) ) ;
#3900 = VERTEX_POINT ( 'NONE', #3606 ) ;
#3901 = LINE ( 'NONE', #1919, #1810 ) ;
#3902 = AXIS2_PLACEMENT_3D ( 'NONE', #2054, #2407, #2260 ) ;
#3903 = DIRECTION ( 'NONE',  ( 0.000000000000000000, 0.000000000000000000, -1.000000000000000000 ) ) ;
#3904 = DIRECTION ( 'NONE',  ( 0.000000000000000000, -1.000000000000000000, -5.595882180570350110E-16 ) ) ;
#3905 = CARTESIAN_POINT ( 'NONE',  ( 20.25000000000000000, 25.10999999999999588, -45.96750000000000114 ) ) ;
#3906 = VERTEX_POINT ( 'NONE', #1649 ) ;
#3907 = DIRECTION ( 'NONE',  ( -0.000000000000000000, -1.885568995626962808E-16, 1.000000000000000000 ) ) ;
#3908 = ORIENTED_EDGE ( 'NONE', *, *, #336, .T. ) ;
#3909 = DIRECTION ( 'NONE',  ( -4.132222856978965360E-16, -1.885568995626964780E-16, 1.000000000000000000 ) ) ;
#3910 = DIRECTION ( 'NONE',  ( 0.000000000000000000, 0.000000000000000000, 1.000000000000000000 ) ) ;
#3911 = EDGE_CURVE ( 'NONE', #1423, #5005, #1348, .T. ) ;
#3912 = FILL_AREA_STYLE ('',( #2331 ) ) ;
#3913 = CARTESIAN_POINT ( 'NONE',  ( 10.12500000000000000, 29.16000000000031278, -36.39402376808431683 ) ) ;
#3914 = DIRECTION ( 'NONE',  ( -4.132222856978965360E-16, -1.885568995626964780E-16, 1.000000000000000000 ) ) ;
#3915 = CIRCLE ( 'NONE', #1668, 10.12499999999999822 ) ;
#3916 = CARTESIAN_POINT ( 'NONE',  ( 20.45762215160119979, 1.299664342452301780, -50.68370660240635317 ) ) ;
#3917 = EDGE_CURVE ( 'NONE', #3900, #4635, #4075, .T. ) ;
#3918 = FACE_OUTER_BOUND ( 'NONE', #2708, .T. ) ;
#3919 = ORIENTED_EDGE ( 'NONE', *, *, #4283, .T. ) ;
#3920 = LINE ( 'NONE', #2278, #844 ) ;
#3921 = LINE ( 'NONE', #779, #1726 ) ;
#3922 = EDGE_CURVE ( 'NONE', #3906, #1687, #244, .T. ) ;
#3923 = CARTESIAN_POINT ( 'NONE',  ( 21.29675320155253004, 2.744596219693107741, -85.29969950709947568 ) ) ;
#3924 =( NAMED_UNIT ( * ) PLANE_ANGLE_UNIT ( ) SI_UNIT ( $, .RADIAN. ) );
#3925 = CARTESIAN_POINT ( 'NONE',  ( 18.95728286664474638, 29.16000000000001080, -41.98466345491490159 ) ) ;
#3926 = AXIS2_PLACEMENT_3D ( 'NONE', #2592, #643, #4874 ) ;
#3927 = CARTESIAN_POINT ( 'NONE',  ( 16.95621362431019108, 29.16000000000008541, -97.27833985215639245 ) ) ;
#3928 = ORIENTED_EDGE ( 'NONE', *, *, #1243, .T. ) ;
#3929 = SURFACE_STYLE_USAGE ( .BOTH. , #45 ) ;
#3930 = CARTESIAN_POINT ( 'NONE',  ( 19.23749999999999716, -3.037499999999999645, -83.02500000000000568 ) ) ;
#3931 = ORIENTED_EDGE ( 'NONE', *, *, #3327, .T. ) ;
#3932 = CARTESIAN_POINT ( 'NONE',  ( 9.625000000000000000, 0.000000000000000000, -91.12500000000000000 ) ) ;
#3933 = VERTEX_POINT ( 'NONE', #2869 ) ;
#3934 = FACE_OUTER_BOUND ( 'NONE', #4540, .T. ) ;
#3935 = CARTESIAN_POINT ( 'NONE',  ( 19.54561550515187207, 24.95118268008856077, -87.42243268008810730 ) ) ;
#3936 = EDGE_CURVE ( 'NONE', #1958, #3663, #2197, .T. ) ;
#3937 = EDGE_CURVE ( 'NONE', #3963, #5053, #1323, .T. ) ;
#3938 = LINE ( 'NONE', #1930, #1257 ) ;
#3939 = SURFACE_STYLE_FILL_AREA ( #3912 ) ;
#3940 = DIRECTION ( 'NONE',  ( -4.132222856978965360E-16, 0.000000000000000000, -1.000000000000000000 ) ) ;
#3941 = CARTESIAN_POINT ( 'NONE',  ( 16.23012932473303138, -4.049999999999892353, -44.42121165247024805 ) ) ;
#3942 = CARTESIAN_POINT ( 'NONE',  ( 19.11967056848840230, 29.16000000000000014, -42.06036481966440732 ) ) ;
#3943 = CARTESIAN_POINT ( 'NONE',  ( 19.23750000000034888, -3.037499999999908162, -90.61874999999999147 ) ) ;
#3944 = CARTESIAN_POINT ( 'NONE',  ( 15.68147179007379322, -2.394682976872013924, -46.47375003405090155 ) ) ;
#3945 = VERTEX_POINT ( 'NONE', #4551 ) ;
#3946 = DIRECTION ( 'NONE',  ( 1.000000000000000000, -3.469446951953623655E-14, -6.541881604576222387E-30 ) ) ;
#3947 = PRESENTATION_LAYER_ASSIGNMENT (  '', '', ( #1445 ) ) ;
#3948 = CARTESIAN_POINT ( 'NONE',  ( 20.44666630359068549, 1.283969151288734123, -86.42190739748482997 ) ) ;
#3949 = CARTESIAN_POINT ( 'NONE',  ( 9.625000000000000000, 12.55499999999999794, -87.07499999999998863 ) ) ;
#3950 = CARTESIAN_POINT ( 'NONE',  ( 10.38270957648186332, 22.94322051626589243, -90.61874999485087301 ) ) ;
#3951 = ORIENTED_EDGE ( 'NONE', *, *, #3884, .T. ) ;
#3952 = CARTESIAN_POINT ( 'NONE',  ( 9.625000000000000000, -3.961305402134851494, -37.93832813541076376 ) ) ;
#3953 = PRESENTATION_LAYER_ASSIGNMENT (  '', '', ( #3525 ) ) ;
#3954 = SURFACE_SIDE_STYLE ('',( #2371 ) ) ;
#3955 = ORIENTED_EDGE ( 'NONE', *, *, #1796, .T. ) ;
#3956 = CARTESIAN_POINT ( 'NONE',  ( 20.25000000000000000, 0.000000000000000000, -134.0549999999999784 ) ) ;
#3957 = ORIENTED_EDGE ( 'NONE', *, *, #3412, .F. ) ;
#3958 = CARTESIAN_POINT ( 'NONE',  ( 9.625000000000000000, -3.370430864604926580, -96.94745616557213452 ) ) ;
#3959 = VECTOR ( 'NONE', #850, 1000.000000000000000 ) ;
#3960 = VECTOR ( 'NONE', #2252, 1000.000000000000000 ) ;
#3961 = SURFACE_SIDE_STYLE ('',( #2713 ) ) ;
#3962 = FILL_AREA_STYLE_COLOUR ( '', #2431 ) ;
#3963 = VERTEX_POINT ( 'NONE', #267 ) ;
#3964 = CARTESIAN_POINT ( 'NONE',  ( 17.87403824659801188, -4.049999999999951861, -40.86062453538043826 ) ) ;
#3965 = PRESENTATION_LAYER_ASSIGNMENT (  '', '', ( #5034 ) ) ;
#3966 = CARTESIAN_POINT ( 'NONE',  ( 15.61143573339066215, 29.16000000000012804, -38.58375293151504337 ) ) ;
#3967 = EDGE_CURVE ( 'NONE', #1282, #1602, #4333, .T. ) ;
#3968 = DIRECTION ( 'NONE',  ( 1.000000000000000000, 0.000000000000000000, 0.000000000000000000 ) ) ;
#3969 = SURFACE_STYLE_FILL_AREA ( #3156 ) ;
#3970 = STYLED_ITEM ( 'NONE', ( #2827 ), #3322 ) ;
#3971 = DIRECTION ( 'NONE',  ( -3.469446951953585100E-16, 0.000000000000000000, 1.000000000000000000 ) ) ;
#3972 = ORIENTED_EDGE ( 'NONE', *, *, #3520, .T. ) ;
#3973 = PLANE ( 'NONE',  #1959 ) ;
#3974 = EDGE_LOOP ( 'NONE', ( #2068, #544, #2437, #3972, #4364 ) ) ;
#3975 = CARTESIAN_POINT ( 'NONE',  ( 17.37499999999999645, 22.64999999999929869, -39.19999999999775042 ) ) ;
#3976 = VECTOR ( 'NONE', #3051, 1000.000000000000114 ) ;
#3977 = CIRCLE ( 'NONE', #3722, 11.13749999999999751 ) ;
#3978 = CARTESIAN_POINT ( 'NONE',  ( 22.20605362370478275, 5.907870596968816557, -83.68808127332364677 ) ) ;
#3979 = CARTESIAN_POINT ( 'NONE',  ( 9.625000000000000000, 29.16000000000031989, -100.6984762319159472 ) ) ;
#3980 = CARTESIAN_POINT ( 'NONE',  ( 15.79723225005307974, -3.037499999999999645, -91.95462116848932510 ) ) ;
#3981 = EDGE_LOOP ( 'NONE', ( #5097, #1150, #4036, #1544, #1858, #4495 ) ) ;
#3982 = DIRECTION ( 'NONE',  ( 0.000000000000000000, 0.7071067811865473507, 0.7071067811865477948 ) ) ;
#3983 = AXIS2_PLACEMENT_3D ( 'NONE', #2768, #4362, #4549 ) ;
#3984 =( NAMED_UNIT ( * ) SI_UNIT ( $, .STERADIAN. ) SOLID_ANGLE_UNIT ( ) );
#3985 = EDGE_LOOP ( 'NONE', ( #726 ) ) ;
#3986 = COLOUR_RGB ( '',0.1019607843137254888, 0.1019607843137254888, 0.1019607843137254888 ) ;
#3987 = DIRECTION ( 'NONE',  ( 0.000000000000000000, 2.252887631138709814E-16, -1.000000000000000000 ) ) ;
#3988 = EDGE_LOOP ( 'NONE', ( #3611 ) ) ;
#3989 = CARTESIAN_POINT ( 'NONE',  ( 19.23749999999999716, 7.087500000000004796, -90.61874999999999147 ) ) ;
#3990 = CARTESIAN_POINT ( 'NONE',  ( 29.11774039842642381, 1.942804306504911871, -96.58056437077830481 ) ) ;
#3991 = CARTESIAN_POINT ( 'NONE',  ( 18.55285281645564055, -4.049999999999974953, -41.65425124088959308 ) ) ;
#3992 = CARTESIAN_POINT ( 'NONE',  ( 19.11967056848846624, -4.049999999999995381, -42.06036481966570761 ) ) ;
#3993 = LINE ( 'NONE', #2305, #4467 ) ;
#3994 = DIRECTION ( 'NONE',  ( -0.000000000000000000, 1.000000000000000000, 0.000000000000000000 ) ) ;
#3995 = EDGE_CURVE ( 'NONE', #4270, #3268, #2117, .T. ) ;
#3996 = ORIENTED_EDGE ( 'NONE', *, *, #210, .F. ) ;
#3997 = ORIENTED_EDGE ( 'NONE', *, *, #4511, .F. ) ;
#3998 =( LENGTH_UNIT ( ) NAMED_UNIT ( * ) SI_UNIT ( .MILLI., .METRE. ) );
#3999 = CARTESIAN_POINT ( 'NONE',  ( 18.72196356456835176, 29.16000000000002146, -95.27545063353932164 ) ) ;
#4000 = CARTESIAN_POINT ( 'NONE',  ( 21.83637486450658471, 4.134843753528115506, -84.42544442160146900 ) ) ;
#4001 = FILL_AREA_STYLE_COLOUR ( '', #3753 ) ;
#4002 = LINE ( 'NONE', #3162, #2516 ) ;
#4003 = CARTESIAN_POINT ( 'NONE',  ( 9.573662992449717635, 29.16000000000033410, -91.26913246778244115 ) ) ;
#4004 = VECTOR ( 'NONE', #4193, 1000.000000000000000 ) ;
#4005 = ORIENTED_EDGE ( 'NONE', *, *, #2746, .F. ) ;
#4006 = MECHANICAL_DESIGN_GEOMETRIC_PRESENTATION_REPRESENTATION (  '', ( #2258 ), #3484 ) ;
#4007 =( NAMED_UNIT ( * ) PLANE_ANGLE_UNIT ( ) SI_UNIT ( $, .RADIAN. ) );
#4008 = CARTESIAN_POINT ( 'NONE',  ( 30.37500000000000000, 18.02250000000000085, -23.69250000000030099 ) ) ;
#4009 = ORIENTED_EDGE ( 'NONE', *, *, #3922, .T. ) ;
#4010 = CARTESIAN_POINT ( 'NONE',  ( 9.625000000000000000, 22.07249999999999801, -137.0924999999999727 ) ) ;
#4011 = ORIENTED_EDGE ( 'NONE', *, *, #3886, .T. ) ;
#4012 = DIRECTION ( 'NONE',  ( 3.469446951953623655E-14, 1.000000000000000000, -0.000000000000000000 ) ) ;
#4013 = LINE ( 'NONE', #493, #3519 ) ;
#4014 = LINE ( 'NONE', #2026, #947 ) ;
#4015 = STYLED_ITEM ( 'NONE', ( #4580 ), #1489 ) ;
#4016 =( LENGTH_UNIT ( ) NAMED_UNIT ( * ) SI_UNIT ( .MILLI., .METRE. ) );
#4017 = EDGE_CURVE ( 'NONE', #1066, #1423, #2968, .T. ) ;
#4018 = FACE_OUTER_BOUND ( 'NONE', #1824, .T. ) ;
#4019 = FACE_BOUND ( 'NONE', #3287, .T. ) ;
#4020 = CARTESIAN_POINT ( 'NONE',  ( 11.65045053481037485, 0.3735474863974583837, -46.47374998397014423 ) ) ;
#4021 = CARTESIAN_POINT ( 'NONE',  ( 26.22375000000045375, 2.971079707580188623E-14, -23.69249999999999901 ) ) ;
#4022 = CARTESIAN_POINT ( 'NONE',  ( 17.94131141307061839, -4.049999999999807088, -92.70366962025842383 ) ) ;
#4023 =( BOUNDED_SURFACE ( )  B_SPLINE_SURFACE ( 3, 2, ( 
 ( #4943, #3714, #1816 ),
 ( #637, #4135, #4539 ),
 ( #995, #2983, #2563 ),
 ( #612, #4164, #1039 ),
 ( #2185, #1791, #2605 ),
 ( #2159, #3743, #4186 ),
 ( #230, #1374, #2958 ),
 ( #3768, #2208, #4319 ),
 ( #4656, #3086, #13 ),
 ( #5089, #1524, #1838 ),
 ( #4240, #3030, #1112 ),
 ( #1883, #5019, #1939 ),
 ( #4627, #2259, #1178 ),
 ( #3142, #356, #2754 ),
 ( #1468, #4293, #2672 ),
 ( #3432, #1555, #3485 ),
 ( #1915, #3514, #3110 ),
 ( #4346, #815, #4711 ),
 ( #1086, #4741, #412 ),
 ( #1157, #2651, #2728 ),
 ( #785, #703, #2367 ),
 ( #725, #323, #4681 ),
 ( #2342, #4266, #3950 ),
 ( #3459, #1131, #2285 ),
 ( #3927, #3406, #5062 ),
 ( #1443, #3842, #1857 ),
 ( #5040, #3059, #3867 ),
 ( #1492, #2696, #757 ),
 ( #2317, #3898, #383 ),
 ( #68, #121, #1962 ),
 ( #3619, #864, #4369 ),
 ( #2416, #4003, #3188 ),
 ( #1661, #3565, #2075 ),
 ( #4398, #1305, #3232 ),
 ( #1609, #2825, #1229 ),
 ( #1991, #148, #2044 ),
 ( #1261, #4786, #2801 ),
 ( #4837, #2503, #1281 ) ),
 .UNSPECIFIED., .F., .F., .F. ) 
 B_SPLINE_SURFACE_WITH_KNOTS ( ( 4, 2, 2, 2, 2, 2, 2, 2, 2, 2, 2, 2, 2, 2, 2, 2, 2, 2, 4 ),
 ( 3, 3 ),
 ( 0.01803614591985415114, 0.01812300996936207914, 0.01820987401887001061, 0.01838360211788586662, 0.01847046616739379810, 0.01855733021690172610, 0.01873105831591758558, 0.01907851451394930453, 0.01942597071198102349, 0.01977342691001274244, 0.02012088310804445793, 0.02081579550410789237, 0.02151070790017132681, 0.02220562029623476125, 0.02359544508836163013, 0.02498526988048849901, 0.02637509467261537136, 0.02776491946474224370, 0.02915474425686911258 ),
 ( 0.000000000000000000, 1.000000000000000000 ),
 .UNSPECIFIED. ) 
 GEOMETRIC_REPRESENTATION_ITEM ( )  RATIONAL_B_SPLINE_SURFACE ( (
 ( 1.000000000000000000, 0.9746794344808940025, 1.000000000000000000),
 ( 1.000000000000000000, 0.9746799479852605863, 1.000000000000000000),
 ( 1.000000000000000000, 0.9743568196694347705, 1.000000000000000000),
 ( 1.000000000000000000, 0.9731141381503088938, 1.000000000000000000),
 ( 1.000000000000000000, 0.9721824285868109206, 1.000000000000000000),
 ( 1.000000000000000000, 0.9687194485353513018, 1.000000000000000000),
 ( 1.000000000000000000, 0.9655513060546532245, 1.000000000000000000),
 ( 1.000000000000000000, 0.9601634611580168732, 1.000000000000000000),
 ( 1.000000000000000000, 0.9582586981073004662, 1.000000000000000000),
 ( 1.000000000000000000, 0.9543671507068981485, 1.000000000000000000),
 ( 1.000000000000000000, 0.9523716756011928464, 1.000000000000000000),
 ( 1.000000000000000000, 0.9463063569838164879, 1.000000000000000000),
 ( 1.000000000000000000, 0.9421616744664019771, 1.000000000000000000),
 ( 1.000000000000000000, 0.9297497655257780380, 1.000000000000000000),
 ( 1.000000000000000000, 0.9215223295673833359, 1.000000000000000000),
 ( 1.000000000000000000, 0.9058000326082358278, 1.000000000000000000),
 ( 1.000000000000000000, 0.8982849355800743840, 1.000000000000000000),
 ( 1.000000000000000000, 0.8840834982022753863, 1.000000000000000000),
 ( 1.000000000000000000, 0.8773909257624449287, 1.000000000000000000),
 ( 1.000000000000000000, 0.8647921572181879180, 1.000000000000000000),
 ( 1.000000000000000000, 0.8588839873657290180, 1.000000000000000000),
 ( 1.000000000000000000, 0.8422167834827219979, 1.000000000000000000),
 ( 1.000000000000000000, 0.8325102047507136893, 1.000000000000000000),
 ( 1.000000000000000000, 0.8152246893038738174, 1.000000000000000000),
 ( 1.000000000000000000, 0.8076429853543141135, 1.000000000000000000),
 ( 1.000000000000000000, 0.7940519269257144686, 1.000000000000000000),
 ( 1.000000000000000000, 0.7880434873698610732, 1.000000000000000000),
 ( 1.000000000000000000, 0.7717756809105812410, 1.000000000000000000),
 ( 1.000000000000000000, 0.7632188848039246354, 1.000000000000000000),
 ( 1.000000000000000000, 0.7490171115736131702, 1.000000000000000000),
 ( 1.000000000000000000, 0.7433321590432606651, 1.000000000000000000),
 ( 1.000000000000000000, 0.7336101691056514662, 1.000000000000000000),
 ( 1.000000000000000000, 0.7295865456048596931, 1.000000000000000000),
 ( 1.000000000000000000, 0.7225791767269734711, 1.000000000000000000),
 ( 1.000000000000000000, 0.7196540846723208373, 1.000000000000000000),
 ( 1.000000000000000000, 0.7145796383773236338, 1.000000000000000000),
 ( 1.000000000000000000, 0.7124233275652713804, 1.000000000000000000),
 ( 1.000000000000000000, 0.7105100200589941073, 1.000000000000000000) ) ) 
 REPRESENTATION_ITEM ( '' )  SURFACE ( )  );
#4024 = CARTESIAN_POINT ( 'NONE',  ( 19.23749999999884608, -4.049999999999998934, -23.69250000000030099 ) ) ;
#4025 = SURFACE_STYLE_FILL_AREA ( #4829 ) ;
#4026 = VERTEX_POINT ( 'NONE', #4475 ) ;
#4027 = CARTESIAN_POINT ( 'NONE',  ( 16.97593446410154883, 29.16000000000008896, -97.26459471082029040 ) ) ;
#4028 = SURFACE_STYLE_FILL_AREA ( #4886 ) ;
#4029 = CARTESIAN_POINT ( 'NONE',  ( 20.25000000000000000, -2.986747800704512290, -113.4000000000000057 ) ) ;
#4030 =( NAMED_UNIT ( * ) SI_UNIT ( $, .STERADIAN. ) SOLID_ANGLE_UNIT ( ) );
#4031 = CARTESIAN_POINT ( 'NONE',  ( 20.46342708849126524, 1.308004899705544899, -50.69066587561542292 ) ) ;
#4032 = CARTESIAN_POINT ( 'NONE',  ( 18.90306717957482618, -4.050000000000114397, -44.38348952726253316 ) ) ;
#4033 = PRESENTATION_STYLE_ASSIGNMENT (( #1265 ) ) ;
#4034 = ORIENTED_EDGE ( 'NONE', *, *, #5084, .T. ) ;
#4035 = SURFACE_STYLE_USAGE ( .BOTH. , #100 ) ;
#4036 = ORIENTED_EDGE ( 'NONE', *, *, #4484, .F. ) ;
#4037 = CARTESIAN_POINT ( 'NONE',  ( 20.45121590064448114, 23.81952063502730610, -50.67603525448475210 ) ) ;
#4038 = PRESENTATION_LAYER_ASSIGNMENT (  '', '', ( #3597 ) ) ;
#4039 = LINE ( 'NONE', #1666, #1171 ) ;
#4040 =( GEOMETRIC_REPRESENTATION_CONTEXT ( 3 ) GLOBAL_UNCERTAINTY_ASSIGNED_CONTEXT ( ( #379 ) ) GLOBAL_UNIT_ASSIGNED_CONTEXT ( ( #1807, #2947, #1074 ) ) REPRESENTATION_CONTEXT ( 'NONE', 'WORKASPACE' ) );
#4041 = COLOUR_RGB ( '',0.1019607843137254888, 0.1019607843137254888, 0.1019607843137254888 ) ;
#4042 = CARTESIAN_POINT ( 'NONE',  ( 11.44878655595583972, 0.6120531126675234912, -46.47375000940624545 ) ) ;
#4043 = CARTESIAN_POINT ( 'NONE',  ( 19.23749999999999716, -4.049999999999998934, -42.06036481966574314 ) ) ;
#4044 = VECTOR ( 'NONE', #1049, 1000.000000000000000 ) ;
#4045 = CARTESIAN_POINT ( 'NONE',  ( 13.75288965921306605, -4.049999999999994493, -92.52461921607736883 ) ) ;
#4046 = CARTESIAN_POINT ( 'NONE',  ( 9.625000000000000000, -4.049999999999674749, -100.6984762319158762 ) ) ;
#4047 = LINE ( 'NONE', #136, #2062 ) ;
#4048 = AXIS2_PLACEMENT_3D ( 'NONE', #2425, #1641, #519 ) ;
#4049 = CARTESIAN_POINT ( 'NONE',  ( 28.99031140044406740, 23.40084333457501131, -97.22833375790921195 ) ) ;
#4050 = COLOUR_RGB ( '',0.1019607843137254888, 0.1019607843137254888, 0.1019607843137254888 ) ;
#4051 = PRESENTATION_STYLE_ASSIGNMENT (( #2462 ) ) ;
#4052 = UNCERTAINTY_MEASURE_WITH_UNIT (LENGTH_MEASURE( 1.000000000000000082E-05 ), #294, 'distance_accuracy_value', 'NONE');
#4053 = COLOUR_RGB ( '',0.1019607843137254888, 0.1019607843137254888, 0.1019607843137254888 ) ;
#4054 = CARTESIAN_POINT ( 'NONE',  ( 13.61763061055924062, 29.16000000000019199, -37.35078812755205746 ) ) ;
#4055 = EDGE_CURVE ( 'NONE', #4664, #2985, #3400, .T. ) ;
#4056 = VERTEX_POINT ( 'NONE', #187 ) ;
#4057 = FILL_AREA_STYLE_COLOUR ( '', #3710 ) ;
#4058 = CARTESIAN_POINT ( 'NONE',  ( 17.88076084902575857, 29.16000000000004633, -96.22025408137930924 ) ) ;
#4059 = EDGE_CURVE ( 'NONE', #2962, #2962, #4212, .T. ) ;
#4060 =( LENGTH_UNIT ( ) NAMED_UNIT ( * ) SI_UNIT ( .MILLI., .METRE. ) );
#4061 = MECHANICAL_DESIGN_GEOMETRIC_PRESENTATION_REPRESENTATION (  '', ( #2574 ), #1393 ) ;
#4062 = SURFACE_STYLE_FILL_AREA ( #866 ) ;
#4063 = EDGE_CURVE ( 'NONE', #3216, #2261, #3850, .T. ) ;
#4064 = CARTESIAN_POINT ( 'NONE',  ( 19.23749999999999716, 18.02250000000000085, -3.512815038853151709E-16 ) ) ;
#4065 = LINE ( 'NONE', #4429, #840 ) ;
#4066 = ORIENTED_EDGE ( 'NONE', *, *, #1331, .T. ) ;
#4067 = CARTESIAN_POINT ( 'NONE',  ( 9.625000000000000000, 3.037499999999999645, 1.713913789117811707E-15 ) ) ;
#4068 = VECTOR ( 'NONE', #4177, 1000.000000000000000 ) ;
#4069 = ORIENTED_EDGE ( 'NONE', *, *, #4668, .T. ) ;
#4070 = CARTESIAN_POINT ( 'NONE',  ( 29.12786825204295127, 1.962228835646166347, -39.94999999999693330 ) ) ;
#4071 = DIRECTION ( 'NONE',  ( 0.000000000000000000, 1.000000000000000000, 5.595882180570350110E-16 ) ) ;
#4072 = ORIENTED_EDGE ( 'NONE', *, *, #62, .F. ) ;
#4073 = DIRECTION ( 'NONE',  ( -1.000000000000000000, 0.000000000000000000, 0.000000000000000000 ) ) ;
#4074 = CARTESIAN_POINT ( 'NONE',  ( 18.81077253287855555, -4.049999999999974953, -95.20556455095406534 ) ) ;
#4075 = LINE ( 'NONE', #1005, #3453 ) ;
#4076 = CARTESIAN_POINT ( 'NONE',  ( 29.67781906836271588, 21.90111383881966134, -97.21447451244517879 ) ) ;
#4077 = CARTESIAN_POINT ( 'NONE',  ( 9.182013594151381852, 29.16000000000034120, -46.37736314359260348 ) ) ;
#4078 = ORIENTED_EDGE ( 'NONE', *, *, #1897, .F. ) ;
#4079 = DIRECTION ( 'NONE',  ( 1.000000000000000000, -3.469446951953623655E-14, -6.541881604576222387E-30 ) ) ;
#4080 = CARTESIAN_POINT ( 'NONE',  ( 28.40062499999999801, 12.55499999999999794, -47.43562500000000171 ) ) ;
#4081 = SURFACE_STYLE_USAGE ( .BOTH. , #2500 ) ;
#4082 = SURFACE_SIDE_STYLE ('',( #4863 ) ) ;
#4083 = DIRECTION ( 'NONE',  ( 0.000000000000000000, 1.885568995626964780E-16, -1.000000000000000000 ) ) ;
#4084 = DIRECTION ( 'NONE',  ( 1.000000000000000000, -3.469446951953623655E-14, -6.541881604576222387E-30 ) ) ;
#4085 =( GEOMETRIC_REPRESENTATION_CONTEXT ( 3 ) GLOBAL_UNCERTAINTY_ASSIGNED_CONTEXT ( ( #2171 ) ) GLOBAL_UNIT_ASSIGNED_CONTEXT ( ( #4582, #1765, #147 ) ) REPRESENTATION_CONTEXT ( 'NONE', 'WORKASPACE' ) );
#4086 = EDGE_CURVE ( 'NONE', #588, #4662, #3096, .T. ) ;
#4087 = CARTESIAN_POINT ( 'NONE',  ( 18.94492926897278195, 28.14749998998898306, -46.47375002066959837 ) ) ;
#4088 = VECTOR ( 'NONE', #3161, 1000.000000000000114 ) ;
#4089 = LINE ( 'NONE', #1311, #2786 ) ;
#4090 = EDGE_CURVE ( 'NONE', #1561, #2038, #3418, .T. ) ;
#4091 = VERTEX_POINT ( 'NONE', #1432 ) ;
#4092 = DIRECTION ( 'NONE',  ( 1.000000000000000000, 0.000000000000000000, 0.000000000000000000 ) ) ;
#4093 = DIRECTION ( 'NONE',  ( 0.000000000000000000, 1.000000000000000000, 0.000000000000000000 ) ) ;
#4094 = CARTESIAN_POINT ( 'NONE',  ( 30.37500000000000000, 7.087500000000004796, -90.61874999999999147 ) ) ;
#4095 = COLOUR_RGB ( '',0.1019607843137254888, 0.1019607843137254888, 0.1019607843137254888 ) ;
#4096 = CARTESIAN_POINT ( 'NONE',  ( 9.625000000000000000, 29.07130540213542957, -99.15417186458911658 ) ) ;
#4097 = CARTESIAN_POINT ( 'NONE',  ( 14.82495552577676534, -4.049999999999846167, -38.02530419713653487 ) ) ;
#4098 =( NAMED_UNIT ( * ) SI_UNIT ( $, .STERADIAN. ) SOLID_ANGLE_UNIT ( ) );
#4099 = CARTESIAN_POINT ( 'NONE',  ( 16.23012932473964653, -4.049999999999904787, -92.67128834753044941 ) ) ;
#4100 = CARTESIAN_POINT ( 'NONE',  ( 29.28179385745604435, 22.83906201786107459, -39.94999999999694040 ) ) ;
#4101 = CARTESIAN_POINT ( 'NONE',  ( 21.41162260760756197, 2.996262088705818449, -51.96572640364119167 ) ) ;
#4102 = CARTESIAN_POINT ( 'NONE',  ( 9.217802881986896679, 19.48269491428512268, -46.47374999991231448 ) ) ;
#4103 = ORIENTED_EDGE ( 'NONE', *, *, #3297, .T. ) ;
#4104 = DIRECTION ( 'NONE',  ( 1.000000000000000000, 0.000000000000000000, 0.000000000000000000 ) ) ;
#4105 = ORIENTED_EDGE ( 'NONE', *, *, #2545, .T. ) ;
#4106 = FACE_OUTER_BOUND ( 'NONE', #2588, .T. ) ;
#4107 =( NAMED_UNIT ( * ) PLANE_ANGLE_UNIT ( ) SI_UNIT ( $, .RADIAN. ) );
#4108 = CARTESIAN_POINT ( 'NONE',  ( 10.12500000000000000, 28.14749999999999019, -40.84195960390698588 ) ) ;
#4109 = PRESENTATION_STYLE_ASSIGNMENT (( #3286 ) ) ;
#4110 = ORIENTED_EDGE ( 'NONE', *, *, #2673, .T. ) ;
#4111 = CARTESIAN_POINT ( 'NONE',  ( 70.87076142158512937, 2.999084208396882632E-15, -91.02374999999999261 ) ) ;
#4112 = CARTESIAN_POINT ( 'NONE',  ( 10.97435288513158369, -4.049999999999712941, -36.49957854212801323 ) ) ;
#4113 = CARTESIAN_POINT ( 'NONE',  ( 11.03339564943068041, -4.049999999999100986, -92.01428646122232635 ) ) ;
#4114 = DIRECTION ( 'NONE',  ( -3.903127820947819660E-17, -1.000000000000000000, -5.551115123125779621E-17 ) ) ;
#4115 = PRESENTATION_LAYER_ASSIGNMENT (  '', '', ( #1306 ) ) ;
#4116 = CARTESIAN_POINT ( 'NONE',  ( 11.04257961299805224, -4.049999999999705835, -100.5804341500247432 ) ) ;
#4117 = CARTESIAN_POINT ( 'NONE',  ( 29.67101878054166164, 21.91960068340025813, -97.52348367484808023 ) ) ;
#4118 = VECTOR ( 'NONE', #3632, 1000.000000000000000 ) ;
#4119 = FILL_AREA_STYLE_COLOUR ( '', #669 ) ;
#4120 =( GEOMETRIC_REPRESENTATION_CONTEXT ( 3 ) GLOBAL_UNCERTAINTY_ASSIGNED_CONTEXT ( ( #2356 ) ) GLOBAL_UNIT_ASSIGNED_CONTEXT ( ( #4060, #4128, #199 ) ) REPRESENTATION_CONTEXT ( 'NONE', 'WORKASPACE' ) );
#4121 = ORIENTED_EDGE ( 'NONE', *, *, #2688, .F. ) ;
#4122 = PLANE ( 'NONE',  #1010 ) ;
#4123 = CARTESIAN_POINT ( 'NONE',  ( 9.625000000000000000, -4.049999999999683631, -36.39402376808444473 ) ) ;
#4124 = VECTOR ( 'NONE', #1285, 999.9999999999998863 ) ;
#4125 = CIRCLE ( 'NONE', #2562, 10.12500000000000178 ) ;
#4126 = AXIS2_PLACEMENT_3D ( 'NONE', #514, #919, #2131 ) ;
#4127 = CARTESIAN_POINT ( 'NONE',  ( 18.41066112713684433, -4.049999999999856826, -44.38549840910294364 ) ) ;
#4128 =( NAMED_UNIT ( * ) PLANE_ANGLE_UNIT ( ) SI_UNIT ( $, .RADIAN. ) );
#4129 =( NAMED_UNIT ( * ) PLANE_ANGLE_UNIT ( ) SI_UNIT ( $, .RADIAN. ) );
#4130 = MECHANICAL_DESIGN_GEOMETRIC_PRESENTATION_REPRESENTATION (  '', ( #2569 ), #353 ) ;
#4131 =( NAMED_UNIT ( * ) PLANE_ANGLE_UNIT ( ) SI_UNIT ( $, .RADIAN. ) );
#4132 =( GEOMETRIC_REPRESENTATION_CONTEXT ( 3 ) GLOBAL_UNCERTAINTY_ASSIGNED_CONTEXT ( ( #1486 ) ) GLOBAL_UNIT_ASSIGNED_CONTEXT ( ( #2445, #3647, #1684 ) ) REPRESENTATION_CONTEXT ( 'NONE', 'WORKASPACE' ) );
#4133 = FILL_AREA_STYLE_COLOUR ( '', #4372 ) ;
#4134 = CARTESIAN_POINT ( 'NONE',  ( 17.94131141307150656, 29.16000000000013515, -44.38883037974156309 ) ) ;
#4135 = CARTESIAN_POINT ( 'NONE',  ( 19.06966162596821945, 29.15999999999980830, -92.70930087370699368 ) ) ;
#4136 = ORIENTED_EDGE ( 'NONE', *, *, #1737, .T. ) ;
#4137 = CARTESIAN_POINT ( 'NONE',  ( 21.39321620614232700, 22.15512427121543837, -51.93766713029923920 ) ) ;
#4138 = FILL_AREA_STYLE_COLOUR ( '', #4499 ) ;
#4139 =( GEOMETRIC_REPRESENTATION_CONTEXT ( 3 ) GLOBAL_UNCERTAINTY_ASSIGNED_CONTEXT ( ( #3736 ) ) GLOBAL_UNIT_ASSIGNED_CONTEXT ( ( #2224, #314, #401 ) ) REPRESENTATION_CONTEXT ( 'NONE', 'WORKASPACE' ) );
#4140 =( LENGTH_UNIT ( ) NAMED_UNIT ( * ) SI_UNIT ( .MILLI., .METRE. ) );
#4141 = ADVANCED_FACE ( 'NONE', ( #4276 ), #716, .T. ) ;
#4142 = VERTEX_POINT ( 'NONE', #3772 ) ;
#4143 = SURFACE_SIDE_STYLE ('',( #4523 ) ) ;
#4144 = DIRECTION ( 'NONE',  ( 0.000000000000000000, -1.000000000000000000, -1.275134399224513907E-15 ) ) ;
#4145 = ORIENTED_EDGE ( 'NONE', *, *, #2048, .F. ) ;
#4146 = CYLINDRICAL_SURFACE ( 'NONE', #2877, 10.12500000000000000 ) ;
#4147 = CARTESIAN_POINT ( 'NONE',  ( 16.46321699037180508, -4.049999999999893241, -97.76893678826441203 ) ) ;
#4148 = CARTESIAN_POINT ( 'NONE',  ( 10.58722073350251769, -4.049999999999688960, -100.6548863116117758 ) ) ;
#4149 = CARTESIAN_POINT ( 'NONE',  ( 22.06542059797134669, 5.037132864975468749, -53.10617464009122557 ) ) ;
#4150 = ADVANCED_FACE ( 'NONE', ( #4229 ), #1908, .F. ) ;
#4151 = UNCERTAINTY_MEASURE_WITH_UNIT (LENGTH_MEASURE( 1.000000000000000082E-05 ), #2013, 'distance_accuracy_value', 'NONE');
#4152 = FACE_OUTER_BOUND ( 'NONE', #4791, .T. ) ;
#4153 =( NAMED_UNIT ( * ) PLANE_ANGLE_UNIT ( ) SI_UNIT ( $, .RADIAN. ) );
#4154 = VECTOR ( 'NONE', #522, 1000.000000000000000 ) ;
#4155 = ADVANCED_FACE ( 'NONE', ( #3380 ), #1025, .T. ) ;
#4156 = CARTESIAN_POINT ( 'NONE',  ( 19.57570645576649682, 28.14749999999997954, -5.151883622570516422E-15 ) ) ;
#4157 = CARTESIAN_POINT ( 'NONE',  ( 10.12500000000000000, 28.14749999999999375, -96.25054039609325685 ) ) ;
#4158 = SURFACE_STYLE_USAGE ( .BOTH. , #1395 ) ;
#4159 = ADVANCED_FACE ( 'NONE', ( #3639, #1679 ), #4760, .F. ) ;
#4160 = B_SPLINE_CURVE_WITH_KNOTS ( 'NONE', 3,
 ( #4273, #1162, #1588, #422, #1564, #1185, #3002, #4769, #733 ),
 .UNSPECIFIED., .F., .F.,
 ( 4, 1, 2, 2, 4 ),
 ( 0.000000000000000000, 0.2499999999999978351, 0.3749999999999967804, 0.4999999999999956701, 1.000000000000000000 ),
 .UNSPECIFIED. ) ;
#4161 = UNCERTAINTY_MEASURE_WITH_UNIT (LENGTH_MEASURE( 1.000000000000000082E-05 ), #2218, 'distance_accuracy_value', 'NONE');
#4162 = EDGE_LOOP ( 'NONE', ( #2494, #904, #4712, #2372 ) ) ;
#4163 = PRESENTATION_STYLE_ASSIGNMENT (( #4563 ) ) ;
#4164 = CARTESIAN_POINT ( 'NONE',  ( 18.57431796191748674, 29.15999999999997883, -92.70786749693291995 ) ) ;
#4165 = MECHANICAL_DESIGN_GEOMETRIC_PRESENTATION_REPRESENTATION (  '', ( #1416 ), #476 ) ;
#4166 = VERTEX_POINT ( 'NONE', #3163 ) ;
#4167 = CARTESIAN_POINT ( 'NONE',  ( 21.94327137750039469, 20.59417667755960579, -52.86609775256666666 ) ) ;
#4168 = DIRECTION ( 'NONE',  ( -4.132222856978965360E-16, 0.000000000000000000, 1.000000000000000000 ) ) ;
#4169 = AXIS2_PLACEMENT_3D ( 'NONE', #4634, #1093, #4245 ) ;
#4170 = VERTEX_POINT ( 'NONE', #2591 ) ;
#4171 = AXIS2_PLACEMENT_3D ( 'NONE', #3949, #754, #2415 ) ;
#4172 = LINE ( 'NONE', #4244, #560 ) ;
#4173 = CARTESIAN_POINT ( 'NONE',  ( 10.51933663224371429, -4.049999999999696954, -36.42843621265060960 ) ) ;
#4174 = CARTESIAN_POINT ( 'NONE',  ( 10.12500000000000000, -3.963452304990142672, -99.16834132042984606 ) ) ;
#4175 = CARTESIAN_POINT ( 'NONE',  ( 11.87417052274479445, -4.049999999999735145, -100.3898739413511692 ) ) ;
#4176 = LINE ( 'NONE', #1051, #2975 ) ;
#4177 = DIRECTION ( 'NONE',  ( 0.7071067811865435759, -1.063083435567125203E-15, 0.7071067811865515695 ) ) ;
#4178 = PRESENTATION_LAYER_ASSIGNMENT (  '', '', ( #3836 ) ) ;
#4179 = DIRECTION ( 'NONE',  ( 1.000000000000000000, 0.000000000000000000, 0.000000000000000000 ) ) ;
#4180 = CARTESIAN_POINT ( 'NONE',  ( 15.79723237957762016, 28.14749999999999730, -45.13787894751578023 ) ) ;
#4181 =( NAMED_UNIT ( * ) SI_UNIT ( $, .STERADIAN. ) SOLID_ANGLE_UNIT ( ) );
#4182 = CARTESIAN_POINT ( 'NONE',  ( 29.45223984945763718, 22.46237327000912742, -98.05752995356237989 ) ) ;
#4183 = ORIENTED_EDGE ( 'NONE', *, *, #694, .F. ) ;
#4184 = PLANE ( 'NONE',  #2389 ) ;
#4185 = SURFACE_STYLE_USAGE ( .BOTH. , #3680 ) ;
#4187 = ADVANCED_FACE ( 'NONE', ( #167, #2492 ), #985, .F. ) ;
#4186 = CARTESIAN_POINT ( 'NONE',  ( 17.00392084526778902, 27.91284361521980628, -90.61875010133357478 ) ) ;
#4188 = VERTEX_POINT ( 'NONE', #2971 ) ;
#4189 = CARTESIAN_POINT ( 'NONE',  ( 22.02646284740778526, 20.25210235437069528, -53.02811500238196629 ) ) ;
#4190 = UNCERTAINTY_MEASURE_WITH_UNIT (LENGTH_MEASURE( 1.000000000000000082E-05 ), #1450, 'distance_accuracy_value', 'NONE');
#4191 = DIRECTION ( 'NONE',  ( -1.000000000000000000, 3.469446951953623655E-14, 0.000000000000000000 ) ) ;
#4192 = SURFACE_STYLE_FILL_AREA ( #4974 ) ;
#4193 = DIRECTION ( 'NONE',  ( -1.000000000000000000, 0.000000000000000000, 0.000000000000000000 ) ) ;
#4194 = EDGE_LOOP ( 'NONE', ( #451, #1986, #3309, #2349 ) ) ;
#4195 = CARTESIAN_POINT ( 'NONE',  ( 9.295173029820038124, -4.049999999996270361, -90.95732649378413726 ) ) ;
#4196 = LINE ( 'NONE', #3668, #374 ) ;
#4197 = SURFACE_SIDE_STYLE ('',( #1828 ) ) ;
#4198 = CARTESIAN_POINT ( 'NONE',  ( 20.92940478299841445, 2.041415081557524935, -51.27757384487420467 ) ) ;
#4199 = SURFACE_STYLE_USAGE ( .BOTH. , #270 ) ;
#4200 =( GEOMETRIC_REPRESENTATION_CONTEXT ( 3 ) GLOBAL_UNCERTAINTY_ASSIGNED_CONTEXT ( ( #2274 ) ) GLOBAL_UNIT_ASSIGNED_CONTEXT ( ( #3027, #4994, #2982 ) ) REPRESENTATION_CONTEXT ( 'NONE', 'WORKASPACE' ) );
#4201 = STYLED_ITEM ( 'NONE', ( #4616 ), #4237 ) ;
#4202 = CARTESIAN_POINT ( 'NONE',  ( 19.09278326094360168, -4.049999999999994493, -42.03992321244410846 ) ) ;
#4203 = PRESENTATION_LAYER_ASSIGNMENT (  '', '', ( #99 ) ) ;
#4204 =( GEOMETRIC_REPRESENTATION_CONTEXT ( 3 ) GLOBAL_UNCERTAINTY_ASSIGNED_CONTEXT ( ( #4880 ) ) GLOBAL_UNIT_ASSIGNED_CONTEXT ( ( #3167, #4426, #4324 ) ) REPRESENTATION_CONTEXT ( 'NONE', 'WORKASPACE' ) );
#4205 = CARTESIAN_POINT ( 'NONE',  ( 12.14999999999999858, 28.14749999999999375, -46.47375000000000256 ) ) ;
#4206 = EDGE_LOOP ( 'NONE', ( #1622 ) ) ;
#4207 = DIRECTION ( 'NONE',  ( 0.000000000000000000, 0.000000000000000000, 1.000000000000000000 ) ) ;
#4208 = AXIS2_PLACEMENT_3D ( 'NONE', #4663, #3147, #4747 ) ;
#4209 = ORIENTED_EDGE ( 'NONE', *, *, #388, .T. ) ;
#4210 = FACE_OUTER_BOUND ( 'NONE', #3014, .T. ) ;
#4211 = COLOUR_RGB ( '',0.1019607843137254888, 0.1019607843137254888, 0.1019607843137254888 ) ;
#4212 = B_SPLINE_CURVE_WITH_KNOTS ( 'NONE', 3,
 ( #4528, #4100, #1030, #933, #2892, #3368, #3298, #4904, #165, #1755, #2144, #215, #3319, #1479, #2615, #3881, #5027, #2682, #1100, #4592, #367, #2220, #1898, #4642, #3445, #5073, #2660, #4251 ),
 .UNSPECIFIED., .T., .F.,
 ( 4, 2, 2, 2, 2, 2, 2, 2, 2, 2, 2, 2, 2, 4 ),
 ( 0.000000000000000000, 0.0006147570970545037121, 0.0009221356455817490087, 0.001229514194108994197, 0.001536892742636239602, 0.001844271291163484790, 0.002459028388217975383, 0.002766406936745223390, 0.003073785485272471397, 0.003381164033799719405, 0.003688542582326967412, 0.003995921130854214985, 0.004303299679381463426, 0.004918056776435937756 ),
 .UNSPECIFIED. ) ;
#4213 = CARTESIAN_POINT ( 'NONE',  ( 26.22375000000045375, 5.366250000056598246, -1.083623791457039653E-14 ) ) ;
#4214 = FILL_AREA_STYLE_COLOUR ( '', #1493 ) ;
#4215 = CARTESIAN_POINT ( 'NONE',  ( 18.81077253287914530, 29.16000000000001080, -41.88693544904559474 ) ) ;
#4216 = PRESENTATION_LAYER_ASSIGNMENT (  '', '', ( #603 ) ) ;
#4217 = SURFACE_STYLE_FILL_AREA ( #3818 ) ;
#4218 = ORIENTED_EDGE ( 'NONE', *, *, #1091, .F. ) ;
#4219 = CARTESIAN_POINT ( 'NONE',  ( 22.19306717335115664, 19.30924649665473680, -53.37566795045734835 ) ) ;
#4220 = PRESENTATION_LAYER_ASSIGNMENT (  '', '', ( #4391 ) ) ;
#4221 = ADVANCED_FACE ( 'NONE', ( #3396 ), #1457, .T. ) ;
#4222 = CARTESIAN_POINT ( 'NONE',  ( 13.38468973753608893, -3.037500000000000089, -42.47382832143660636 ) ) ;
#4223 = ORIENTED_EDGE ( 'NONE', *, *, #2907, .F. ) ;
#4224 = SURFACE_STYLE_FILL_AREA ( #666 ) ;
#4225 = ORIENTED_EDGE ( 'NONE', *, *, #1509, .F. ) ;
#4226 = STYLED_ITEM ( 'NONE', ( #4232 ), #3713 ) ;
#4227 = CARTESIAN_POINT ( 'NONE',  ( 14.43229514618770004, -4.049999999999822187, -99.30938257975583383 ) ) ;
#4228 = CARTESIAN_POINT ( 'NONE',  ( 21.39933794896274222, 22.14140540063853280, -85.14551549088842819 ) ) ;
#4229 = FACE_OUTER_BOUND ( 'NONE', #1182, .T. ) ;
#4230 = COLOUR_RGB ( '',0.1019607843137254888, 0.1019607843137254888, 0.1019607843137254888 ) ;
#4231 = PRESENTATION_STYLE_ASSIGNMENT (( #4882 ) ) ;
#4232 = PRESENTATION_STYLE_ASSIGNMENT (( #293 ) ) ;
#4233 = AXIS2_PLACEMENT_3D ( 'NONE', #2937, #3336, #2084 ) ;
#4234 = CIRCLE ( 'NONE', #4233, 10.12499999999998757 ) ;
#4235 = CARTESIAN_POINT ( 'NONE',  ( 10.12500000000000000, 28.73530505604074037, -39.41116908515416384 ) ) ;
#4236 = CARTESIAN_POINT ( 'NONE',  ( 17.01386439569865061, 28.14750000000000441, -91.14109780950610684 ) ) ;
#4237 = ADVANCED_FACE ( 'NONE', ( #1830, #4152 ), #1783, .T. ) ;
#4238 = LINE ( 'NONE', #2680, #2467 ) ;
#4239 = CARTESIAN_POINT ( 'NONE',  ( 11.44878655595875827, 24.49794688733507186, -46.47375000940620993 ) ) ;
#4240 = CARTESIAN_POINT ( 'NONE',  ( 18.78784603639620343, 29.16000000000001791, -95.22350942129800444 ) ) ;
#4241 = ORIENTED_EDGE ( 'NONE', *, *, #698, .T. ) ;
#4242 = PRESENTATION_STYLE_ASSIGNMENT (( #4295 ) ) ;
#4243 = LINE ( 'NONE', #3384, #1318 ) ;
#4244 = CARTESIAN_POINT ( 'NONE',  ( 70.87076142158512937, 19.74375000005680292, -91.02374999999999261 ) ) ;
#4245 = DIRECTION ( 'NONE',  ( 1.000000000000000000, 0.000000000000000000, 0.000000000000000000 ) ) ;
#4246 = EDGE_LOOP ( 'NONE', ( #3638, #1885, #3170, #1904, #758, #2857, #4209, #3570 ) ) ;
#4247 = ORIENTED_EDGE ( 'NONE', *, *, #1009, .F. ) ;
#4248 = ORIENTED_EDGE ( 'NONE', *, *, #4336, .F. ) ;
#4249 =( NAMED_UNIT ( * ) SI_UNIT ( $, .STERADIAN. ) SOLID_ANGLE_UNIT ( ) );
#4250 = CARTESIAN_POINT ( 'NONE',  ( 21.96757890271773306, 20.51495188158108007, -84.18150085594628251 ) ) ;
#4252 = EDGE_CURVE ( 'NONE', #3331, #3963, #1168, .T. ) ;
#4251 = CARTESIAN_POINT ( 'NONE',  ( 29.36815397691612262, 22.64999999999929514, -39.94999999999693330 ) ) ;
#4253 = VECTOR ( 'NONE', #2624, 1000.000000000000000 ) ;
#4254 = UNCERTAINTY_MEASURE_WITH_UNIT (LENGTH_MEASURE( 1.000000000000000082E-05 ), #2256, 'distance_accuracy_value', 'NONE');
#4255 = VECTOR ( 'NONE', #1764, 1000.000000000000000 ) ;
#4256 = EDGE_CURVE ( 'NONE', #4635, #3663, #5, .T. ) ;
#4257 = CARTESIAN_POINT ( 'NONE',  ( 20.25000000000000000, 11.03624999999999901, 11.03624999999999901 ) ) ;
#4258 = PRESENTATION_LAYER_ASSIGNMENT (  '', '', ( #3658 ) ) ;
#4259 = FACE_OUTER_BOUND ( 'NONE', #1503, .T. ) ;
#4260 =( LENGTH_UNIT ( ) NAMED_UNIT ( * ) SI_UNIT ( .MILLI., .METRE. ) );
#4261 = CARTESIAN_POINT ( 'NONE',  ( 9.625000000000000000, 28.14749999999999375, -3.843567104199589366E-15 ) ) ;
#4262 = PRESENTATION_LAYER_ASSIGNMENT (  '', '', ( #2928 ) ) ;
#4263 = PRESENTATION_STYLE_ASSIGNMENT (( #4584 ) ) ;
#4264 = SURFACE_STYLE_FILL_AREA ( #4291 ) ;
#4265 = CARTESIAN_POINT ( 'NONE',  ( 18.09617834470516229, 29.16000000000003922, -41.12924565395568521 ) ) ;
#4266 = CARTESIAN_POINT ( 'NONE',  ( 12.34330715882288132, 29.16000000000065029, -92.33431339353028022 ) ) ;
#4267 = VERTEX_POINT ( 'NONE', #4775 ) ;
#4268 = LINE ( 'NONE', #2475, #1464 ) ;
#4269 = FILL_AREA_STYLE_COLOUR ( '', #719 ) ;
#4270 = VERTEX_POINT ( 'NONE', #4752 ) ;
#4271 = DIRECTION ( 'NONE',  ( -1.000000000000000000, 0.000000000000000000, 0.000000000000000000 ) ) ;
#4272 = VERTEX_POINT ( 'NONE', #3913 ) ;
#4273 = CARTESIAN_POINT ( 'NONE',  ( 9.625000000000000000, -3.037499999999999645, -40.84195960390587032 ) ) ;
#4274 = LINE ( 'NONE', #2763, #178 ) ;
#4275 = CARTESIAN_POINT ( 'NONE',  ( 22.21334986694847302, 19.13818933146538015, -83.67184919329525883 ) ) ;
#4276 = FACE_OUTER_BOUND ( 'NONE', #5104, .T. ) ;
#4277 = SURFACE_SIDE_STYLE ('',( #5101 ) ) ;
#4278 = ORIENTED_EDGE ( 'NONE', *, *, #1235, .T. ) ;
#4279 = MANIFOLD_SOLID_BREP ( 'Cut-Extrude1', #2236 ) ;
#4280 =( NAMED_UNIT ( * ) PLANE_ANGLE_UNIT ( ) SI_UNIT ( $, .RADIAN. ) );
#4281 = DIRECTION ( 'NONE',  ( 0.000000000000000000, 0.000000000000000000, -1.000000000000000000 ) ) ;
#4282 = CARTESIAN_POINT ( 'NONE',  ( 20.46008363324143531, 1.303198522853376895, -50.68665644987027719 ) ) ;
#4283 = EDGE_CURVE ( 'NONE', #213, #4188, #2016, .T. ) ;
#4284 = CARTESIAN_POINT ( 'NONE',  ( 9.625000000000000000, 28.73377460997377142, -39.41807887225182583 ) ) ;
#4285 = DIRECTION ( 'NONE',  ( 1.000000000000000000, -1.126443815569355893E-16, -3.469446951953585100E-16 ) ) ;
#4286 = COLOUR_RGB ( '',0.1019607843137254888, 0.1019607843137254888, 0.1019607843137254888 ) ;
#4287 = CARTESIAN_POINT ( 'NONE',  ( 9.624999999999998224, 28.70531027113086964, -97.67310229180125702 ) ) ;
#4288 = AXIS2_PLACEMENT_3D ( 'NONE', #1420, #3008, #4603 ) ;
#4289 = UNCERTAINTY_MEASURE_WITH_UNIT (LENGTH_MEASURE( 1.000000000000000082E-05 ), #2587, 'distance_accuracy_value', 'NONE');
#4290 = CARTESIAN_POINT ( 'NONE',  ( 21.38313337738600595, 2.932383666411013667, -85.17014574201957089 ) ) ;
#4291 = FILL_AREA_STYLE ('',( #4214 ) ) ;
#4292 = CARTESIAN_POINT ( 'NONE',  ( 18.55285281645756257, 29.16000000000002146, -41.65425124088995545 ) ) ;
#4293 = CARTESIAN_POINT ( 'NONE',  ( 15.32412120410581124, 29.16000000000075332, -92.63693213829159845 ) ) ;
#4294 = ORIENTED_EDGE ( 'NONE', *, *, #1577, .F. ) ;
#4295 = SURFACE_STYLE_USAGE ( .BOTH. , #3088 ) ;
#4296 = CARTESIAN_POINT ( 'NONE',  ( 19.23749999999999716, 7.087500000000000355, -90.61874999999999147 ) ) ;
#4297 = MECHANICAL_DESIGN_GEOMETRIC_PRESENTATION_REPRESENTATION (  '', ( #1546 ), #2789 ) ;
#4298 =( GEOMETRIC_REPRESENTATION_CONTEXT ( 3 ) GLOBAL_UNCERTAINTY_ASSIGNED_CONTEXT ( ( #299 ) ) GLOBAL_UNIT_ASSIGNED_CONTEXT ( ( #3183, #4395, #1077 ) ) REPRESENTATION_CONTEXT ( 'NONE', 'WORKASPACE' ) );
#4299 = FACE_OUTER_BOUND ( 'NONE', #413, .T. ) ;
#4300 = ORIENTED_EDGE ( 'NONE', *, *, #2746, .T. ) ;
#4301 = CARTESIAN_POINT ( 'NONE',  ( 26.22375000000045375, -2.248201624865943761E-13, -1.208290729181609136E-14 ) ) ;
#4302 = FILL_AREA_STYLE ('',( #791 ) ) ;
#4303 = EDGE_LOOP ( 'NONE', ( #369 ) ) ;
#4304 = CARTESIAN_POINT ( 'NONE',  ( 20.25000000000000000, 1.518749999999999822, -1.518749999999999822 ) ) ;
#4305 = FILL_AREA_STYLE ('',( #4770 ) ) ;
#4306 = CARTESIAN_POINT ( 'NONE',  ( 22.27499999999999503, 18.02250000000000085, -83.53125000000000000 ) ) ;
#4307 =( GEOMETRIC_REPRESENTATION_CONTEXT ( 3 ) GLOBAL_UNCERTAINTY_ASSIGNED_CONTEXT ( ( #3561 ) ) GLOBAL_UNIT_ASSIGNED_CONTEXT ( ( #4692, #4988, #3372 ) ) REPRESENTATION_CONTEXT ( 'NONE', 'WORKASPACE' ) );
#4308 = STYLED_ITEM ( 'NONE', ( #1133 ), #3213 ) ;
#4309 = AXIS2_PLACEMENT_3D ( 'NONE', #3975, #143, #4807 ) ;
#4310 = COLOUR_RGB ( '',0.1019607843137254888, 0.1019607843137254888, 0.1019607843137254888 ) ;
#4311 = VERTEX_POINT ( 'NONE', #856 ) ;
#4312 = CARTESIAN_POINT ( 'NONE',  ( 27.33749999999999858, 19.74375000005680292, -46.06875000000000142 ) ) ;
#4313 = LINE ( 'NONE', #5016, #766 ) ;
#4314 =( GEOMETRIC_REPRESENTATION_CONTEXT ( 3 ) GLOBAL_UNCERTAINTY_ASSIGNED_CONTEXT ( ( #4416 ) ) GLOBAL_UNIT_ASSIGNED_CONTEXT ( ( #4520, #1690, #3746 ) ) REPRESENTATION_CONTEXT ( 'NONE', 'WORKASPACE' ) );
#4315 = UNCERTAINTY_MEASURE_WITH_UNIT (LENGTH_MEASURE( 1.000000000000000082E-05 ), #4757, 'distance_accuracy_value', 'NONE');
#4316 = CARTESIAN_POINT ( 'NONE',  ( 22.02843029852283507, 4.866630829592297758, -84.06047649906911090 ) ) ;
#4317 = CARTESIAN_POINT ( 'NONE',  ( 20.25000000000000000, -3.037499999999999645, 0.000000000000000000 ) ) ;
#4318 = CARTESIAN_POINT ( 'NONE',  ( 17.12848719689737820, 29.16000000000008185, -44.40015562373971392 ) ) ;
#4319 = CARTESIAN_POINT ( 'NONE',  ( 15.88402619944800875, 27.57869053434258078, -90.61875003394678174 ) ) ;
#4320 = ORIENTED_EDGE ( 'NONE', *, *, #2543, .T. ) ;
#4321 = DIRECTION ( 'NONE',  ( -1.126443815569355893E-16, -1.000000000000000000, -7.591251800576059282E-17 ) ) ;
#4322 = COLOUR_RGB ( '',0.1019607843137254888, 0.1019607843137254888, 0.1019607843137254888 ) ;
#4323 = FILL_AREA_STYLE ('',( #2402 ) ) ;
#4324 =( NAMED_UNIT ( * ) SI_UNIT ( $, .STERADIAN. ) SOLID_ANGLE_UNIT ( ) );
#4325 = ORIENTED_EDGE ( 'NONE', *, *, #786, .F. ) ;
#4326 = ORIENTED_EDGE ( 'NONE', *, *, #3861, .T. ) ;
#4327 =( NAMED_UNIT ( * ) PLANE_ANGLE_UNIT ( ) SI_UNIT ( $, .RADIAN. ) );
#4328 = CARTESIAN_POINT ( 'NONE',  ( 26.22375000000045375, 1.315197950546574828E-15, -23.69249999999999901 ) ) ;
#4329 = DIRECTION ( 'NONE',  ( 0.000000000000000000, 0.000000000000000000, 1.000000000000000000 ) ) ;
#4330 = SURFACE_SIDE_STYLE ('',( #3939 ) ) ;
#4331 = CARTESIAN_POINT ( 'NONE',  ( 18.72059169720689553, -4.049999999999981171, -41.81361773501176060 ) ) ;
#4332 = SURFACE_STYLE_USAGE ( .BOTH. , #1596 ) ;
#4333 = B_SPLINE_CURVE_WITH_KNOTS ( 'NONE', 3,
 ( #2596, #2944, #646, #2921, #4877, #2092, #2548, #981, #1366, #4933, #2576, #4573, #4981, #4506, #573, #3264, #1387, #4116, #4148, #620 ),
 .UNSPECIFIED., .F., .F.,
 ( 4, 2, 2, 2, 2, 2, 2, 2, 2, 4 ),
 ( 0.000000000000000000, 0.0003499984973325544983, 0.0006999969946651089965, 0.001399993989330210404, 0.002799987978660413001, 0.004199981967990615815, 0.005599975957320819063, 0.008399963935981200405, 0.009799957925311388041, 0.01119995191464157568 ),
 .UNSPECIFIED. ) ;
#4334 = AXIS2_PLACEMENT_3D ( 'NONE', #3896, #1937, #3563 ) ;
#4335 = SURFACE_SIDE_STYLE ('',( #1487 ) ) ;
#4336 = EDGE_CURVE ( 'NONE', #3092, #4272, #1786, .T. ) ;
#4337 = ORIENTED_EDGE ( 'NONE', *, *, #4487, .T. ) ;
#4338 = DIRECTION ( 'NONE',  ( 0.000000000000000000, 0.000000000000000000, -1.000000000000000000 ) ) ;
#4339 = ORIENTED_EDGE ( 'NONE', *, *, #4252, .F. ) ;
#4340 = CARTESIAN_POINT ( 'NONE',  ( 17.65439062595343245, 28.14749999999999019, -90.87464089710412907 ) ) ;
#4341 =( GEOMETRIC_REPRESENTATION_CONTEXT ( 3 ) GLOBAL_UNCERTAINTY_ASSIGNED_CONTEXT ( ( #291 ) ) GLOBAL_UNIT_ASSIGNED_CONTEXT ( ( #3369, #2247, #2684 ) ) REPRESENTATION_CONTEXT ( 'NONE', 'WORKASPACE' ) );
#4342 = CARTESIAN_POINT ( 'NONE',  ( 27.33749999999999858, -2.598530571853105203E-15, -46.06875000000000142 ) ) ;
#4343 = DIRECTION ( 'NONE',  ( -2.775557561562890365E-16, 1.885568995626964780E-16, -1.000000000000000000 ) ) ;
#4344 = CARTESIAN_POINT ( 'NONE',  ( 9.573662992449945008, 29.15999999999952408, -45.82336753221790815 ) ) ;
#4345 = AXIS2_PLACEMENT_3D ( 'NONE', #4558, #1415, #1015 ) ;
#4346 = CARTESIAN_POINT ( 'NONE',  ( 18.09617834470518360, 29.16000000000004277, -95.96325434604405302 ) ) ;
#4347 = CARTESIAN_POINT ( 'NONE',  ( 9.625000000000000000, 25.10999999999999588, -140.1299999999999670 ) ) ;
#4348 = SURFACE_SIDE_STYLE ('',( #1859 ) ) ;
#4349 = EDGE_CURVE ( 'NONE', #3663, #2502, #3883, .T. ) ;
#4350 = CARTESIAN_POINT ( 'NONE',  ( 20.25000000000000000, 0.000000000000000000, 0.000000000000000000 ) ) ;
#4351 = EDGE_CURVE ( 'NONE', #1191, #3087, #4697, .T. ) ;
#4352 = ORIENTED_EDGE ( 'NONE', *, *, #3922, .F. ) ;
#4353 = DIRECTION ( 'NONE',  ( 1.000000000000000000, 0.000000000000000000, 0.000000000000000000 ) ) ;
#4354 = ORIENTED_EDGE ( 'NONE', *, *, #350, .F. ) ;
#4355 = DIRECTION ( 'NONE',  ( 2.775557561562889810E-17, 1.000000000000000000, 1.885568995626964780E-16 ) ) ;
#4356 = CARTESIAN_POINT ( 'NONE',  ( 10.12500000000000000, -4.049999999999674749, -99.92599157982670022 ) ) ;
#4357 =( NAMED_UNIT ( * ) SI_UNIT ( $, .STERADIAN. ) SOLID_ANGLE_UNIT ( ) );
#4358 = FACE_BOUND ( 'NONE', #2405, .T. ) ;
#4359 = CARTESIAN_POINT ( 'NONE',  ( 29.48742129220685726, 2.729812739447527559, -38.71395122994351823 ) ) ;
#4360 = CARTESIAN_POINT ( 'NONE',  ( 13.68231363666183853, 29.16000000000019199, -37.34771208523945774 ) ) ;
#4361 = CARTESIAN_POINT ( 'NONE',  ( 19.09278326094532474, -4.049999999999983835, -95.05257678755612005 ) ) ;
#4362 = DIRECTION ( 'NONE',  ( -1.000000000000000000, 3.469446951952083799E-16, -7.879862614213182774E-15 ) ) ;
#4363 = PLANE ( 'NONE',  #2731 ) ;
#4364 = ORIENTED_EDGE ( 'NONE', *, *, #2408, .T. ) ;
#4365 = CARTESIAN_POINT ( 'NONE',  ( 27.33749999999999858, 5.366250000056608904, -113.4000000000000057 ) ) ;
#4366 = CARTESIAN_POINT ( 'NONE',  ( 23.23687499999994799, 17.71874999999998224, -52.59937500000045674 ) ) ;
#4367 = EDGE_CURVE ( 'NONE', #4604, #2502, #3426, .T. ) ;
#4368 = CARTESIAN_POINT ( 'NONE',  ( 20.45121590064897177, 1.290479364979117305, -86.41646474551042445 ) ) ;
#4369 = CARTESIAN_POINT ( 'NONE',  ( 9.326509313981585336, 20.09851115555666823, -90.61874999973039735 ) ) ;
#4370 = COLOUR_RGB ( '',0.1019607843137254888, 0.1019607843137254888, 0.1019607843137254888 ) ;
#4371 = CARTESIAN_POINT ( 'NONE',  ( 10.12500000000000000, 29.07130540213542957, -99.15417186458911658 ) ) ;
#4372 = COLOUR_RGB ( '',0.1019607843137254888, 0.1019607843137254888, 0.1019607843137254888 ) ;
#4373 = MECHANICAL_DESIGN_GEOMETRIC_PRESENTATION_REPRESENTATION (  '', ( #3525 ), #12 ) ;
#4374 = LINE ( 'NONE', #389, #475 ) ;
#4375 = ORIENTED_EDGE ( 'NONE', *, *, #335, .F. ) ;
#4376 = STYLED_ITEM ( 'NONE', ( #4979 ), #2410 ) ;
#4377 = ORIENTED_EDGE ( 'NONE', *, *, #4252, .T. ) ;
#4378 = SURFACE_STYLE_USAGE ( .BOTH. , #1504 ) ;
#4379 = FILL_AREA_STYLE_COLOUR ( '', #4041 ) ;
#4380 =( NAMED_UNIT ( * ) SI_UNIT ( $, .STERADIAN. ) SOLID_ANGLE_UNIT ( ) );
#4381 = PRESENTATION_LAYER_ASSIGNMENT (  '', '', ( #748 ) ) ;
#4382 = SURFACE_STYLE_USAGE ( .BOTH. , #3291 ) ;
#4383 = EDGE_CURVE ( 'NONE', #2704, #3104, #801, .T. ) ;
#4384 = VECTOR ( 'NONE', #747, 1000.000000000000000 ) ;
#4385 = MECHANICAL_DESIGN_GEOMETRIC_PRESENTATION_REPRESENTATION (  '', ( #1620 ), #584 ) ;
#4386 =( NAMED_UNIT ( * ) PLANE_ANGLE_UNIT ( ) SI_UNIT ( $, .RADIAN. ) );
#4387 = FILL_AREA_STYLE_COLOUR ( '', #4286 ) ;
#4388 = MECHANICAL_DESIGN_GEOMETRIC_PRESENTATION_REPRESENTATION (  '', ( #4803 ), #4307 ) ;
#4389 = CARTESIAN_POINT ( 'NONE',  ( 19.12160935087231195, -4.049999999999986500, -95.04493097550152925 ) ) ;
#4390 = CARTESIAN_POINT ( 'NONE',  ( 19.23749999999999716, -3.037499999999999645, -83.02500000000000568 ) ) ;
#4391 = STYLED_ITEM ( 'NONE', ( #150 ), #3308 ) ;
#4392 = VERTEX_POINT ( 'NONE', #4441 ) ;
#4393 = CARTESIAN_POINT ( 'NONE',  ( 16.65452135260510502, 29.16000000000009962, -97.59374590061725030 ) ) ;
#4394 = VECTOR ( 'NONE', #373, 1000.000000000000000 ) ;
#4395 =( NAMED_UNIT ( * ) PLANE_ANGLE_UNIT ( ) SI_UNIT ( $, .RADIAN. ) );
#4396 = VECTOR ( 'NONE', #2169, 1000.000000000000000 ) ;
#4397 = CARTESIAN_POINT ( 'NONE',  ( 20.44934537616692083, 1.287802271142565846, -86.41870263685562747 ) ) ;
#4398 = CARTESIAN_POINT ( 'NONE',  ( 12.32070412412697635, 29.16000000000024173, -100.2573101703312943 ) ) ;
#4399 = EDGE_CURVE ( 'NONE', #1179, #4998, #3664, .T. ) ;
#4400 = ORIENTED_EDGE ( 'NONE', *, *, #2076, .T. ) ;
#4401 = DIRECTION ( 'NONE',  ( 1.000000000000000000, 0.000000000000000000, 0.000000000000000000 ) ) ;
#4402 =( NAMED_UNIT ( * ) SI_UNIT ( $, .STERADIAN. ) SOLID_ANGLE_UNIT ( ) );
#4403 = FILL_AREA_STYLE_COLOUR ( '', #1459 ) ;
#4404 = ORIENTED_EDGE ( 'NONE', *, *, #3880, .T. ) ;
#4405 = ORIENTED_EDGE ( 'NONE', *, *, #772, .F. ) ;
#4406 = CARTESIAN_POINT ( 'NONE',  ( 20.32736946776769571, 23.99321838202511614, -50.52938317114346489 ) ) ;
#4407 = PLANE ( 'NONE',  #4048 ) ;
#4408 = FACE_OUTER_BOUND ( 'NONE', #4519, .T. ) ;
#4409 = PLANE ( 'NONE',  #3045 ) ;
#4410 = CARTESIAN_POINT ( 'NONE',  ( 29.30268480823761834, 2.314754575677939297, -96.57003616560029968 ) ) ;
#4411 = CARTESIAN_POINT ( 'NONE',  ( 13.97329491893614417, -4.049999999999830180, -44.54679829476015129 ) ) ;
#4412 = EDGE_LOOP ( 'NONE', ( #3016, #3416, #4701, #4458, #1444, #4501 ) ) ;
#4413 = CARTESIAN_POINT ( 'NONE',  ( 10.12500000000000000, -3.621089756750193622, -39.42488802818114380 ) ) ;
#4414 = LINE ( 'NONE', #4804, #4555 ) ;
#4415 = CARTESIAN_POINT ( 'NONE',  ( 19.23749999999999716, -3.037499999999999645, -90.61874999999999147 ) ) ;
#4416 = UNCERTAINTY_MEASURE_WITH_UNIT (LENGTH_MEASURE( 1.000000000000000082E-05 ), #4520, 'distance_accuracy_value', 'NONE');
#4417 = ADVANCED_FACE ( 'NONE', ( #978 ), #2867, .F. ) ;
#4418 = ORIENTED_EDGE ( 'NONE', *, *, #4487, .F. ) ;
#4419 =( NAMED_UNIT ( * ) PLANE_ANGLE_UNIT ( ) SI_UNIT ( $, .RADIAN. ) );
#4420 =( GEOMETRIC_REPRESENTATION_CONTEXT ( 3 ) GLOBAL_UNCERTAINTY_ASSIGNED_CONTEXT ( ( #1297 ) ) GLOBAL_UNIT_ASSIGNED_CONTEXT ( ( #2321, #328, #2988 ) ) REPRESENTATION_CONTEXT ( 'NONE', 'WORKASPACE' ) );
#4421 = CARTESIAN_POINT ( 'NONE',  ( 11.01074419938823823, -3.037499999999999645, -96.04916967048443155 ) ) ;
#4422 = VECTOR ( 'NONE', #2310, 1000.000000000000000 ) ;
#4423 = VERTEX_POINT ( 'NONE', #3198 ) ;
#4424 = COLOUR_RGB ( '',0.1019607843137254888, 0.1019607843137254888, 0.1019607843137254888 ) ;
#4425 = SURFACE_SIDE_STYLE ('',( #4938 ) ) ;
#4426 =( NAMED_UNIT ( * ) PLANE_ANGLE_UNIT ( ) SI_UNIT ( $, .RADIAN. ) );
#4427 = ORIENTED_EDGE ( 'NONE', *, *, #3050, .F. ) ;
#4428 = LINE ( 'NONE', #894, #706 ) ;
#4429 = CARTESIAN_POINT ( 'NONE',  ( 26.22375000000045375, 19.74375000005680292, -137.0924999999999727 ) ) ;
#4430 = ORIENTED_EDGE ( 'NONE', *, *, #2277, .T. ) ;
#4431 = CARTESIAN_POINT ( 'NONE',  ( 19.54447678999223470, 24.95229884420015409, -49.66895115580033604 ) ) ;
#4432 = LINE ( 'NONE', #2511, #343 ) ;
#4433 = CARTESIAN_POINT ( 'NONE',  ( 19.23749999999999716, 20.55375000000000085, -54.06749999999999545 ) ) ;
#4434 = EDGE_CURVE ( 'NONE', #1617, #3255, #2359, .T. ) ;
#4435 = EDGE_CURVE ( 'NONE', #390, #1617, #1062, .T. ) ;
#4436 = EDGE_CURVE ( 'NONE', #3820, #2807, #2430, .T. ) ;
#4437 = SURFACE_STYLE_USAGE ( .BOTH. , #4522 ) ;
#4438 = CARTESIAN_POINT ( 'NONE',  ( 29.54988634449392393, 2.880305738441440333, -39.39921398292970878 ) ) ;
#4439 = CARTESIAN_POINT ( 'NONE',  ( 13.75288965921010664, -4.049999999999804423, -44.56788078392333574 ) ) ;
#4440 = ORIENTED_EDGE ( 'NONE', *, *, #3499, .F. ) ;
#4441 = CARTESIAN_POINT ( 'NONE',  ( 29.36250000000000071, 7.087500000000000355, -90.61874999999999147 ) ) ;
#4442 = CARTESIAN_POINT ( 'NONE',  ( 18.85797770470409063, -4.049999999999976730, -95.17103858781221959 ) ) ;
#4443 = DIRECTION ( 'NONE',  ( -3.469446951953585100E-16, 0.000000000000000000, 1.000000000000000000 ) ) ;
#4444 = CARTESIAN_POINT ( 'NONE',  ( 29.28177343515097419, 22.83910672694925736, -98.07500000000030127 ) ) ;
#4445 = ORIENTED_EDGE ( 'NONE', *, *, #2972, .T. ) ;
#4446 = EDGE_LOOP ( 'NONE', ( #3028, #2667, #3466, #3460 ) ) ;
#4447 = CARTESIAN_POINT ( 'NONE',  ( 26.22375000000045375, 19.74375000005680292, -23.69249999999999901 ) ) ;
#4448 = CARTESIAN_POINT ( 'NONE',  ( 17.59018545643111153, 29.16000000000006054, -96.57893195146760945 ) ) ;
#4449 = EDGE_CURVE ( 'NONE', #1191, #2551, #905, .T. ) ;
#4450 = FILL_AREA_STYLE ('',( #1303 ) ) ;
#4451 = SURFACE_SIDE_STYLE ('',( #2125 ) ) ;
#4452 = CARTESIAN_POINT ( 'NONE',  ( 9.625000000000000000, 28.14749999999999375, -96.25054039609325685 ) ) ;
#4453 = EDGE_LOOP ( 'NONE', ( #3894, #808, #419, #159 ) ) ;
#4454 = SURFACE_SIDE_STYLE ('',( #2443 ) ) ;
#4455 = ORIENTED_EDGE ( 'NONE', *, *, #2744, .T. ) ;
#4456 =( NAMED_UNIT ( * ) PLANE_ANGLE_UNIT ( ) SI_UNIT ( $, .RADIAN. ) );
#4457 =( NAMED_UNIT ( * ) SI_UNIT ( $, .STERADIAN. ) SOLID_ANGLE_UNIT ( ) );
#4458 = ORIENTED_EDGE ( 'NONE', *, *, #2175, .F. ) ;
#4459 = ORIENTED_EDGE ( 'NONE', *, *, #2686, .F. ) ;
#4460 =( NAMED_UNIT ( * ) PLANE_ANGLE_UNIT ( ) SI_UNIT ( $, .RADIAN. ) );
#4461 = PRESENTATION_LAYER_ASSIGNMENT (  '', '', ( #2381 ) ) ;
#4462 = PRESENTATION_STYLE_ASSIGNMENT (( #874 ) ) ;
#4463 = ORIENTED_EDGE ( 'NONE', *, *, #1796, .F. ) ;
#4464 = PRESENTATION_STYLE_ASSIGNMENT (( #4382 ) ) ;
#4465 =( GEOMETRIC_REPRESENTATION_CONTEXT ( 3 ) GLOBAL_UNCERTAINTY_ASSIGNED_CONTEXT ( ( #2314 ) ) GLOBAL_UNIT_ASSIGNED_CONTEXT ( ( #1581, #2874, #3540 ) ) REPRESENTATION_CONTEXT ( 'NONE', 'WORKASPACE' ) );
#4466 =( LENGTH_UNIT ( ) NAMED_UNIT ( * ) SI_UNIT ( .MILLI., .METRE. ) );
#4467 = VECTOR ( 'NONE', #5077, 1000.000000000000000 ) ;
#4468 = CARTESIAN_POINT ( 'NONE',  ( 9.807295055378757453, -4.049999999999270628, -45.64428509056804018 ) ) ;
#4469 = ORIENTED_EDGE ( 'NONE', *, *, #1776, .F. ) ;
#4470 = VERTEX_POINT ( 'NONE', #134 ) ;
#4471 = DIRECTION ( 'NONE',  ( -1.000000000000000000, 0.000000000000000000, 0.000000000000000000 ) ) ;
#4472 = VECTOR ( 'NONE', #4271, 1000.000000000000000 ) ;
#4473 = CARTESIAN_POINT ( 'NONE',  ( 18.24529419179434697, -4.049999999999956302, -95.78515258018295242 ) ) ;
#4474 = DIRECTION ( 'NONE',  ( 0.000000000000000000, -0.7071067811865460184, 0.7071067811865489050 ) ) ;
#4475 = CARTESIAN_POINT ( 'NONE',  ( 9.625000000000000000, 29.16000000000031989, -100.6984762319159472 ) ) ;
#4476 = PRESENTATION_LAYER_ASSIGNMENT (  '', '', ( #1543 ) ) ;
#4477 = CARTESIAN_POINT ( 'NONE',  ( 21.42864007603315457, 3.034910786157090534, -51.99179277230057039 ) ) ;
#4478 = AXIS2_PLACEMENT_3D ( 'NONE', #4924, #4586, #1359 ) ;
#4479 = UNCERTAINTY_MEASURE_WITH_UNIT (LENGTH_MEASURE( 1.000000000000000082E-05 ), #3386, 'distance_accuracy_value', 'NONE');
#4480 = COLOUR_RGB ( '',0.1019607843137254888, 0.1019607843137254888, 0.1019607843137254888 ) ;
#4481 = CARTESIAN_POINT ( 'NONE',  ( 9.950844101306449474, 29.16000000000112280, -45.54933628051951899 ) ) ;
#4482 = VERTEX_POINT ( 'NONE', #3243 ) ;
#4484 = EDGE_CURVE ( 'NONE', #2669, #2436, #4851, .T. ) ;
#4483 = DIRECTION ( 'NONE',  ( 0.000000000000000000, 1.000000000000000000, 0.000000000000000000 ) ) ;
#4485 = PRODUCT_DEFINITION_FORMATION_WITH_SPECIFIED_SOURCE ( 'ANY', '', #4658, .NOT_KNOWN. ) ;
#4486 = CARTESIAN_POINT ( 'NONE',  ( 10.12500000000000000, 29.16000000000031989, -100.6984762319159472 ) ) ;
#4487 = EDGE_CURVE ( 'NONE', #3060, #75, #2216, .T. ) ;
#4488 =( NAMED_UNIT ( * ) SI_UNIT ( $, .STERADIAN. ) SOLID_ANGLE_UNIT ( ) );
#4489 = MECHANICAL_DESIGN_GEOMETRIC_PRESENTATION_REPRESENTATION (  '', ( #1558 ), #3711 ) ;
#4490 = CARTESIAN_POINT ( 'NONE',  ( 12.24942210815771659, -3.037499999999999201, -95.47949519273973351 ) ) ;
#4491 = CARTESIAN_POINT ( 'NONE',  ( 10.12500000000000000, 28.14749999999999375, -96.25054039609325685 ) ) ;
#4492 = COLOUR_RGB ( '',0.1019607843137254888, 0.1019607843137254888, 0.1019607843137254888 ) ;
#4493 = VERTEX_POINT ( 'NONE', #2613 ) ;
#4494 =( LENGTH_UNIT ( ) NAMED_UNIT ( * ) SI_UNIT ( .MILLI., .METRE. ) );
#4495 = ORIENTED_EDGE ( 'NONE', *, *, #1942, .F. ) ;
#4496 = CARTESIAN_POINT ( 'NONE',  ( 0.000000000000000000, 25.10999999999999588, 3.037499999999999645 ) ) ;
#4497 = MECHANICAL_DESIGN_GEOMETRIC_PRESENTATION_REPRESENTATION (  '', ( #3628 ), #858 ) ;
#4498 =( LENGTH_UNIT ( ) NAMED_UNIT ( * ) SI_UNIT ( .MILLI., .METRE. ) );
#4499 = COLOUR_RGB ( '',0.1019607843137254888, 0.1019607843137254888, 0.1019607843137254888 ) ;
#4500 = CARTESIAN_POINT ( 'NONE',  ( 9.543985572625995673, 4.140718317846534546, -46.47374999741111878 ) ) ;
#4501 = ORIENTED_EDGE ( 'NONE', *, *, #3451, .F. ) ;
#4502 = CARTESIAN_POINT ( 'NONE',  ( 15.97312295413821204, -4.049999999999886136, -38.87738403300666334 ) ) ;
#4503 = FILL_AREA_STYLE_COLOUR ( '', #4053 ) ;
#4504 = CARTESIAN_POINT ( 'NONE',  ( 15.68147179008549585, -2.394682976876132852, -90.61874996594944776 ) ) ;
#4505 = DIRECTION ( 'NONE',  ( 3.122502256758254619E-17, -1.000000000000000000, -5.551115123125790098E-17 ) ) ;
#4506 = CARTESIAN_POINT ( 'NONE',  ( 14.48754105278372251, -4.049999999999825739, -99.30992670044825843 ) ) ;
#4507 = CARTESIAN_POINT ( 'NONE',  ( 9.625000000000000000, -3.037499999999999645, -40.84195960390587032 ) ) ;
#4508 = ORIENTED_EDGE ( 'NONE', *, *, #1978, .F. ) ;
#4509 = CARTESIAN_POINT ( 'NONE',  ( 20.25000000000000000, 28.14749999999999375, -90.61874999999997726 ) ) ;
#4510 = LINE ( 'NONE', #3003, #3052 ) ;
#4511 = EDGE_CURVE ( 'NONE', #4166, #4719, #2593, .T. ) ;
#4512 = DIRECTION ( 'NONE',  ( 1.000000000000000000, -3.469446951953623655E-14, -6.541881604576222387E-30 ) ) ;
#4513 = CARTESIAN_POINT ( 'NONE',  ( 20.25000000000000000, -3.037499999999999645, 0.000000000000000000 ) ) ;
#4514 = AXIS2_PLACEMENT_3D ( 'NONE', #5037, #1466, #1913 ) ;
#4515 = ADVANCED_FACE ( 'NONE', ( #1407 ), #4637, .F. ) ;
#4516 = SURFACE_STYLE_FILL_AREA ( #4585 ) ;
#4517 = COLOUR_RGB ( '',0.1019607843137254888, 0.1019607843137254888, 0.1019607843137254888 ) ;
#4518 =( NAMED_UNIT ( * ) SI_UNIT ( $, .STERADIAN. ) SOLID_ANGLE_UNIT ( ) );
#4519 = EDGE_LOOP ( 'NONE', ( #1593, #1528, #2855, #2697, #687, #3536, #1638, #3744, #3357, #2, #2528, #554, #821, #664, #552, #842, #2362, #770, #3996, #4657 ) ) ;
#4520 =( LENGTH_UNIT ( ) NAMED_UNIT ( * ) SI_UNIT ( .MILLI., .METRE. ) );
#4521 = AXIS2_PLACEMENT_3D ( 'NONE', #1143, #1481, #3805 ) ;
#4522 = SURFACE_SIDE_STYLE ('',( #2913 ) ) ;
#4523 = SURFACE_STYLE_FILL_AREA ( #1718 ) ;
#4524 = CARTESIAN_POINT ( 'NONE',  ( 9.485467577982220178, -4.050000000000264500, -45.90695847912063954 ) ) ;
#4525 = CARTESIAN_POINT ( 'NONE',  ( 18.32492858496361521, -4.049999999999966960, -41.40231114150402192 ) ) ;
#4526 = VECTOR ( 'NONE', #285, 1000.000000000000000 ) ;
#4527 = CARTESIAN_POINT ( 'NONE',  ( 11.65045053481318860, 0.3735474863946303126, -90.61875001603017665 ) ) ;
#4528 = CARTESIAN_POINT ( 'NONE',  ( 29.36815397691612262, 22.64999999999929514, -39.94999999999693330 ) ) ;
#4529 = CARTESIAN_POINT ( 'NONE',  ( 29.08033902974267093, 23.23485744991770829, -97.80430214548424317 ) ) ;
#4530 = UNCERTAINTY_MEASURE_WITH_UNIT (LENGTH_MEASURE( 1.000000000000000082E-05 ), #1337, 'distance_accuracy_value', 'NONE');
#4531 = CARTESIAN_POINT ( 'NONE',  ( 20.25000000000000000, 28.14749999999999375, -46.47375000000000256 ) ) ;
#4532 = DIRECTION ( 'NONE',  ( 0.000000000000000000, 0.000000000000000000, 1.000000000000000000 ) ) ;
#4533 = VERTEX_POINT ( 'NONE', #2141 ) ;
#4534 = LINE ( 'NONE', #4123, #1647 ) ;
#4535 = CARTESIAN_POINT ( 'NONE',  ( 17.65488751520129540, -4.050000000000030909, -44.39201291328519972 ) ) ;
#4536 = PRESENTATION_STYLE_ASSIGNMENT (( #4081 ) ) ;
#4537 = ADVANCED_FACE ( 'NONE', ( #2544 ), #4146, .T. ) ;
#4538 = ORIENTED_EDGE ( 'NONE', *, *, #2262, .F. ) ;
#4539 = CARTESIAN_POINT ( 'NONE',  ( 18.94492926897286722, 28.14749998998935610, -90.61874997933077225 ) ) ;
#4540 = EDGE_LOOP ( 'NONE', ( #1214, #3381, #4455, #360 ) ) ;
#4541 = CARTESIAN_POINT ( 'NONE',  ( 9.625000000000000000, -4.049999999999683631, -36.39402376808444473 ) ) ;
#4542 = ORIENTED_EDGE ( 'NONE', *, *, #3643, .T. ) ;
#4543 = CARTESIAN_POINT ( 'NONE',  ( 10.12500000000000000, 29.07130540213542957, -99.15417186458911658 ) ) ;
#4544 = CARTESIAN_POINT ( 'NONE',  ( 28.81390734342010163, 1.400995810376954642, -39.31069151445174015 ) ) ;
#4545 = CARTESIAN_POINT ( 'NONE',  ( 15.94700060888770032, -4.049999999999883471, -38.85519885594408152 ) ) ;
#4546 =( NAMED_UNIT ( * ) SI_UNIT ( $, .STERADIAN. ) SOLID_ANGLE_UNIT ( ) );
#4547 = EDGE_CURVE ( 'NONE', #1602, #896, #2901, .T. ) ;
#4548 = CARTESIAN_POINT ( 'NONE',  ( 9.270029974150281404, 5.302254918693908081, -90.61875000026965665 ) ) ;
#4549 = DIRECTION ( 'NONE',  ( -7.881212829129201306E-15, 0.000000000000000000, 1.000000000000000000 ) ) ;
#4550 = MECHANICAL_DESIGN_GEOMETRIC_PRESENTATION_REPRESENTATION (  '', ( #93 ), #174 ) ;
#4551 = CARTESIAN_POINT ( 'NONE',  ( 26.22375000000045375, 5.366250000056598246, -23.69249999999999901 ) ) ;
#4552 = MECHANICAL_DESIGN_GEOMETRIC_PRESENTATION_REPRESENTATION (  '', ( #2381 ), #4200 ) ;
#4553 = CARTESIAN_POINT ( 'NONE',  ( 29.61871753049719302, 22.05736719892428610, -97.79530047020824668 ) ) ;
#4554 = STYLED_ITEM ( 'NONE', ( #4721 ), #4689 ) ;
#4555 = VECTOR ( 'NONE', #3914, 1000.000000000000000 ) ;
#4556 = CARTESIAN_POINT ( 'NONE',  ( 20.25000000000000000, -2.163626784528340123E-13, -113.4000000000000057 ) ) ;
#4557 = STYLED_ITEM ( 'NONE', ( #2886 ), #2433 ) ;
#4558 = CARTESIAN_POINT ( 'NONE',  ( 20.25000000000000000, 2.572287141353671465E-14, -45.96750000000000114 ) ) ;
#4559 = DIRECTION ( 'NONE',  ( 1.000000000000000000, 0.000000000000000000, 0.000000000000000000 ) ) ;
#4560 = CONICAL_SURFACE ( 'NONE', #277, 2.531249999999932943, 0.7853981633974426169 ) ;
#4561 = VECTOR ( 'NONE', #944, 1000.000000000000000 ) ;
#4562 =( NAMED_UNIT ( * ) SI_UNIT ( $, .STERADIAN. ) SOLID_ANGLE_UNIT ( ) );
#4563 = SURFACE_STYLE_USAGE ( .BOTH. , #313 ) ;
#4564 = ORIENTED_EDGE ( 'NONE', *, *, #2814, .F. ) ;
#4565 = CARTESIAN_POINT ( 'NONE',  ( 21.39154238307959588, 22.15886598746710234, -51.93512253420521319 ) ) ;
#4566 = VECTOR ( 'NONE', #534, 1000.000000000000000 ) ;
#4567 = UNCERTAINTY_MEASURE_WITH_UNIT (LENGTH_MEASURE( 1.000000000000000082E-05 ), #4466, 'distance_accuracy_value', 'NONE');
#4568 = DIRECTION ( 'NONE',  ( 1.000000000000000000, 0.000000000000000000, 0.000000000000000000 ) ) ;
#4569 = DIRECTION ( 'NONE',  ( -0.7071067811865515695, 9.813077866773454461E-16, 0.7071067811865435759 ) ) ;
#4570 = CARTESIAN_POINT ( 'NONE',  ( 11.87417052274471807, -4.049999999999744027, -36.70262605864918726 ) ) ;
#4571 = DIRECTION ( 'NONE',  ( -1.000000000000000000, 0.000000000000000000, -3.469446951953585100E-16 ) ) ;
#4572 = CARTESIAN_POINT ( 'NONE',  ( 9.485467577982738874, -4.050000000000456346, -91.18554152088111664 ) ) ;
#4573 = CARTESIAN_POINT ( 'NONE',  ( 15.97312295413770578, -4.049999999999879030, -98.21511596699433255 ) ) ;
#4574 = EDGE_CURVE ( 'NONE', #5095, #2861, #3774, .T. ) ;
#4575 = COLOUR_RGB ( '',0.1019607843137254888, 0.1019607843137254888, 0.1019607843137254888 ) ;
#4576 = UNCERTAINTY_MEASURE_WITH_UNIT (LENGTH_MEASURE( 1.000000000000000082E-05 ), #1746, 'distance_accuracy_value', 'NONE');
#4577 = VECTOR ( 'NONE', #1437, 1000.000000000000000 ) ;
#4578 = CARTESIAN_POINT ( 'NONE',  ( 20.25000000000000000, 0.000000000000000000, 0.000000000000000000 ) ) ;
#4579 = DIRECTION ( 'NONE',  ( 1.000000000000000000, -0.000000000000000000, -0.000000000000000000 ) ) ;
#4580 = PRESENTATION_STYLE_ASSIGNMENT (( #4716 ) ) ;
#4581 = CARTESIAN_POINT ( 'NONE',  ( 29.41134424779749423, 22.55544663652694126, -98.07500000000027285 ) ) ;
#4582 =( LENGTH_UNIT ( ) NAMED_UNIT ( * ) SI_UNIT ( .MILLI., .METRE. ) );
#4583 =( NAMED_UNIT ( * ) PLANE_ANGLE_UNIT ( ) SI_UNIT ( $, .RADIAN. ) );
#4584 = SURFACE_STYLE_USAGE ( .BOTH. , #3056 ) ;
#4585 = FILL_AREA_STYLE ('',( #2604 ) ) ;
#4586 = DIRECTION ( 'NONE',  ( -1.000000000000000000, 0.000000000000000000, 0.000000000000000000 ) ) ;
#4587 = VERTEX_POINT ( 'NONE', #5096 ) ;
#4588 = PRODUCT_CONTEXT ( 'NONE', #1234, 'mechanical' ) ;
#4589 = PRESENTATION_LAYER_ASSIGNMENT (  '', '', ( #5000 ) ) ;
#4590 = ORIENTED_EDGE ( 'NONE', *, *, #3936, .F. ) ;
#4591 = CARTESIAN_POINT ( 'NONE',  ( 10.12500000000000000, -3.370430864604926580, -96.94745616557213452 ) ) ;
#4592 = CARTESIAN_POINT ( 'NONE',  ( 29.66883421048193981, 21.92547283371176192, -38.98125074299152004 ) ) ;
#4593 = SURFACE_STYLE_USAGE ( .BOTH. , #3394 ) ;
#4594 = CARTESIAN_POINT ( 'NONE',  ( 9.625000000000000000, -3.037499999999999645, -40.84195960390587032 ) ) ;
#4595 = ADVANCED_FACE ( 'NONE', ( #5068 ), #2324, .F. ) ;
#4596 = CARTESIAN_POINT ( 'NONE',  ( 19.23749999999786198, -4.049999999999998046, -42.06036481966574314 ) ) ;
#4597 = FILL_AREA_STYLE_COLOUR ( '', #4517 ) ;
#4598 = EDGE_CURVE ( 'NONE', #1773, #3157, #713, .T. ) ;
#4599 = CARTESIAN_POINT ( 'NONE',  ( 9.625000000000000000, 29.16000000000031989, -100.6984762319159472 ) ) ;
#4600 = ORIENTED_EDGE ( 'NONE', *, *, #336, .F. ) ;
#4601 = EDGE_CURVE ( 'NONE', #4267, #3640, #4619, .T. ) ;
#4602 = EDGE_CURVE ( 'NONE', #849, #393, #820, .T. ) ;
#4603 = DIRECTION ( 'NONE',  ( 1.000000000000000000, 0.000000000000000000, 0.000000000000000000 ) ) ;
#4604 = VERTEX_POINT ( 'NONE', #1529 ) ;
#4605 = CARTESIAN_POINT ( 'NONE',  ( 18.47423716648685499, 29.16000000000002146, -41.56926913758897513 ) ) ;
#4606 = EDGE_LOOP ( 'NONE', ( #2737, #4883, #2757, #1094 ) ) ;
#4607 = FILL_AREA_STYLE ('',( #639 ) ) ;
#4608 = UNCERTAINTY_MEASURE_WITH_UNIT (LENGTH_MEASURE( 1.000000000000000082E-05 ), #5022, 'distance_accuracy_value', 'NONE');
#4609 = CARTESIAN_POINT ( 'NONE',  ( 26.22375000000043954, 22.64999999999929869, -39.94999999999694040 ) ) ;
#4610 = ORIENTED_EDGE ( 'NONE', *, *, #3133, .F. ) ;
#4611 = ORIENTED_EDGE ( 'NONE', *, *, #4598, .T. ) ;
#4612 = CARTESIAN_POINT ( 'NONE',  ( 20.25000000000000000, 22.07249999999999801, -137.0924999999999727 ) ) ;
#4613 = LINE ( 'NONE', #2245, #2586 ) ;
#4614 = CARTESIAN_POINT ( 'NONE',  ( 20.25000000000000000, 28.14749999999999375, 0.000000000000000000 ) ) ;
#4615 = FILL_AREA_STYLE_COLOUR ( '', #4424 ) ;
#4616 = PRESENTATION_STYLE_ASSIGNMENT (( #1435 ) ) ;
#4617 = DIRECTION ( 'NONE',  ( 3.122502256758254619E-17, -1.000000000000000000, -5.551115123125790098E-17 ) ) ;
#4618 = COLOUR_RGB ( '',0.1019607843137254888, 0.1019607843137254888, 0.1019607843137254888 ) ;
#4619 = CIRCLE ( 'NONE', #4789, 11.13749999999999751 ) ;
#4620 = UNCERTAINTY_MEASURE_WITH_UNIT (LENGTH_MEASURE( 1.000000000000000082E-05 ), #3144, 'distance_accuracy_value', 'NONE');
#4621 = CARTESIAN_POINT ( 'NONE',  ( 18.81077253287700302, -4.049999999999982947, -41.88693544904589317 ) ) ;
#4622 = ORIENTED_EDGE ( 'NONE', *, *, #621, .F. ) ;
#4623 = CARTESIAN_POINT ( 'NONE',  ( 10.12500000000000000, 29.16000000000031278, -37.16650842017372014 ) ) ;
#4624 = PRESENTATION_LAYER_ASSIGNMENT (  '', '', ( #2715 ) ) ;
#4625 = COLOUR_RGB ( '',0.1019607843137254888, 0.1019607843137254888, 0.1019607843137254888 ) ;
#4626 = CARTESIAN_POINT ( 'NONE',  ( 14.62516847671290243, 27.04345717280067163, -46.47374994800586023 ) ) ;
#4627 = CARTESIAN_POINT ( 'NONE',  ( 18.67776281508218261, 29.16000000000002501, -95.31782205665923868 ) ) ;
#4628 = ORIENTED_EDGE ( 'NONE', *, *, #3643, .F. ) ;
#4629 = SURFACE_SIDE_STYLE ('',( #1361 ) ) ;
#4630 =( NAMED_UNIT ( * ) PLANE_ANGLE_UNIT ( ) SI_UNIT ( $, .RADIAN. ) );
#4631 = MECHANICAL_DESIGN_GEOMETRIC_PRESENTATION_REPRESENTATION (  '', ( #4308 ), #31 ) ;
#4632 = DIRECTION ( 'NONE',  ( 0.000000000000000000, -1.334402673828296596E-14, 1.000000000000000000 ) ) ;
#4633 = CARTESIAN_POINT ( 'NONE',  ( 16.22243401278182517, -3.037499999999999201, -45.48537734574138369 ) ) ;
#4634 = CARTESIAN_POINT ( 'NONE',  ( 19.23749999999999716, 18.02250000000000085, -46.47375000000030809 ) ) ;
#4635 = VERTEX_POINT ( 'NONE', #392 ) ;
#4636 = CARTESIAN_POINT ( 'NONE',  ( 19.91348882536390974, -3.020568446281178154, 0.01693155371881602256 ) ) ;
#4637 = PLANE ( 'NONE',  #3866 ) ;
#4638 = ORIENTED_EDGE ( 'NONE', *, *, #3720, .T. ) ;
#4639 = VECTOR ( 'NONE', #3477, 1000.000000000000000 ) ;
#4640 = CARTESIAN_POINT ( 'NONE',  ( 9.345273545210531552, -4.049999999998834532, -91.02885861984907478 ) ) ;
#4641 = CARTESIAN_POINT ( 'NONE',  ( 21.40303519132861254, 22.13309958989806958, -85.13988168662243083 ) ) ;
#4642 = CARTESIAN_POINT ( 'NONE',  ( 29.64163328734836611, 21.99738467318407942, -39.58363244955597082 ) ) ;
#4643 = CARTESIAN_POINT ( 'NONE',  ( 28.81457087181383159, 1.402113024930034424, -97.44327270005081232 ) ) ;
#4644 = MECHANICAL_DESIGN_GEOMETRIC_PRESENTATION_REPRESENTATION (  '', ( #4891 ), #3294 ) ;
#4645 = CARTESIAN_POINT ( 'NONE',  ( 19.23749999999999716, 18.02250000000000085, -83.02500000000000568 ) ) ;
#4646 = EDGE_LOOP ( 'NONE', ( #1240 ) ) ;
#4647 = CARTESIAN_POINT ( 'NONE',  ( 19.23749999999999716, -0.1431962838996623522, -49.36805371610081039 ) ) ;
#4648 = MECHANICAL_DESIGN_GEOMETRIC_PRESENTATION_REPRESENTATION (  '', ( #3814 ), #861 ) ;
#4649 = PLANE ( 'NONE',  #4672 ) ;
#4650 = LINE ( 'NONE', #1462, #1078 ) ;
#4651 = DIRECTION ( 'NONE',  ( 0.000000000000000000, 0.000000000000000000, -1.000000000000000000 ) ) ;
#4652 = EDGE_CURVE ( 'NONE', #3820, #4756, #5047, .T. ) ;
#4653 = CARTESIAN_POINT ( 'NONE',  ( 9.625000000000000000, -3.037499999999999645, -137.0924999999999727 ) ) ;
#4654 = DIRECTION ( 'NONE',  ( 0.000000000000000000, -1.370645709413774269E-15, 1.000000000000000000 ) ) ;
#4655 = CARTESIAN_POINT ( 'NONE',  ( 13.97329491893898812, 29.15999999999997172, -44.54679829475964681 ) ) ;
#4656 = CARTESIAN_POINT ( 'NONE',  ( 18.85797770470479051, 29.16000000000001791, -95.17103858781248960 ) ) ;
#4657 = ORIENTED_EDGE ( 'NONE', *, *, #2608, .T. ) ;
#4658 = PRODUCT ( 'RD_BACKUPLV2PROTOTYPE__Default__69BEFE7AC751', 'RD_BACKUPLV2PROTOTYPE__Default__69BEFE7AC751', '', ( #4588 ) ) ;
#4659 = UNCERTAINTY_MEASURE_WITH_UNIT (LENGTH_MEASURE( 1.000000000000000082E-05 ), #19, 'distance_accuracy_value', 'NONE');
#4660 = CARTESIAN_POINT ( 'NONE',  ( 11.66840520846299789, -3.037500000000000533, -41.31735994906637899 ) ) ;
#4661 = SURFACE_STYLE_FILL_AREA ( #709 ) ;
#4662 = VERTEX_POINT ( 'NONE', #3956 ) ;
#4663 = CARTESIAN_POINT ( 'NONE',  ( 30.37500000000000000, 0.000000000000000000, -46.47375000000030809 ) ) ;
#4664 = VERTEX_POINT ( 'NONE', #445 ) ;
#4665 = CARTESIAN_POINT ( 'NONE',  ( 9.625000000000000000, -3.963452304990142672, -99.16834132042984606 ) ) ;
#4666 = CARTESIAN_POINT ( 'NONE',  ( 22.26989136181202156, 18.39622708690182762, -83.54347186535943592 ) ) ;
#4667 = DIRECTION ( 'NONE',  ( 0.000000000000000000, 0.7071067811865441310, -0.7071067811865510144 ) ) ;
#4668 = EDGE_CURVE ( 'NONE', #1426, #2792, #731, .T. ) ;
#4669 = VECTOR ( 'NONE', #863, 1000.000000000000000 ) ;
#4670 = ORIENTED_EDGE ( 'NONE', *, *, #727, .F. ) ;
#4671 = CARTESIAN_POINT ( 'NONE',  ( 16.65452135260492383, 29.16000000000008896, -39.49875409938250215 ) ) ;
#4672 = AXIS2_PLACEMENT_3D ( 'NONE', #2666, #1877, #3971 ) ;
#4673 = LINE ( 'NONE', #2663, #609 ) ;
#4674 =( GEOMETRIC_REPRESENTATION_CONTEXT ( 3 ) GLOBAL_UNCERTAINTY_ASSIGNED_CONTEXT ( ( #1252 ) ) GLOBAL_UNIT_ASSIGNED_CONTEXT ( ( #3071, #337, #3097 ) ) REPRESENTATION_CONTEXT ( 'NONE', 'WORKASPACE' ) );
#4675 = EDGE_CURVE ( 'NONE', #1654, #2183, #1137, .T. ) ;
#4676 = CARTESIAN_POINT ( 'NONE',  ( 20.25000000000000000, 22.07249999999999801, 6.175755471531950543E-15 ) ) ;
#4677 = COLOUR_RGB ( '',0.1019607843137254888, 0.1019607843137254888, 0.1019607843137254888 ) ;
#4678 = CARTESIAN_POINT ( 'NONE',  ( 12.27778606635539127, 28.14749999999999730, -95.44899817731682390 ) ) ;
#4679 = SURFACE_STYLE_FILL_AREA ( #3428 ) ;
#4680 = CARTESIAN_POINT ( 'NONE',  ( 18.85797770470488999, 29.16000000000001080, -41.92146141218724864 ) ) ;
#4681 = CARTESIAN_POINT ( 'NONE',  ( 10.56697012314457140, 23.27141431075196110, -90.61875001173785904 ) ) ;
#4682 = EDGE_CURVE ( 'NONE', #1398, #3258, #1119, .T. ) ;
#4683 = EDGE_LOOP ( 'NONE', ( #205, #330, #5080, #1474, #4459, #297 ) ) ;
#4684 = SURFACE_SIDE_STYLE ('',( #788 ) ) ;
#4685 = SURFACE_STYLE_USAGE ( .BOTH. , #3189 ) ;
#4686 = LINE ( 'NONE', #3065, #4526 ) ;
#4687 = ORIENTED_EDGE ( 'NONE', *, *, #4256, .T. ) ;
#4688 = DIRECTION ( 'NONE',  ( 1.000000000000000000, -0.000000000000000000, -0.000000000000000000 ) ) ;
#4689 = ADVANCED_FACE ( 'NONE', ( #2678, #1475 ), #2294, .T. ) ;
#4690 = CARTESIAN_POINT ( 'NONE',  ( 26.22375000000045375, 0.000000000000000000, -46.06875000000000142 ) ) ;
#4691 = ORIENTED_EDGE ( 'NONE', *, *, #4849, .F. ) ;
#4692 =( LENGTH_UNIT ( ) NAMED_UNIT ( * ) SI_UNIT ( .MILLI., .METRE. ) );
#4693 = CARTESIAN_POINT ( 'NONE',  ( 20.48008129187099158, 23.77798513007408943, -86.38183193719305564 ) ) ;
#4694 =( NAMED_UNIT ( * ) SI_UNIT ( $, .STERADIAN. ) SOLID_ANGLE_UNIT ( ) );
#4695 = CARTESIAN_POINT ( 'NONE',  ( 28.91207611083459028, 1.569067003632900636, -97.80913135589010210 ) ) ;
#4696 = ORIENTED_EDGE ( 'NONE', *, *, #2545, .F. ) ;
#4697 = LINE ( 'NONE', #1144, #3694 ) ;
#4698 =( NAMED_UNIT ( * ) PLANE_ANGLE_UNIT ( ) SI_UNIT ( $, .RADIAN. ) );
#4699 = LINE ( 'NONE', #739, #684 ) ;
#4700 = VECTOR ( 'NONE', #1531, 1000.000000000000114 ) ;
#4701 = ORIENTED_EDGE ( 'NONE', *, *, #197, .T. ) ;
#4702 = CARTESIAN_POINT ( 'NONE',  ( 9.625000000000000000, 28.14749999999999375, -40.84195960390699298 ) ) ;
#4703 = DIRECTION ( 'NONE',  ( 1.000000000000000000, 0.000000000000000000, 0.000000000000000000 ) ) ;
#4704 = CARTESIAN_POINT ( 'NONE',  ( 10.58475717333700139, 28.14749999999999375, -96.17384299324550057 ) ) ;
#4705 = MECHANICAL_DESIGN_GEOMETRIC_PRESENTATION_REPRESENTATION (  '', ( #2781 ), #4465 ) ;
#4706 = COLOUR_RGB ( '',0.1019607843137254888, 0.1019607843137254888, 0.1019607843137254888 ) ;
#4707 = UNCERTAINTY_MEASURE_WITH_UNIT (LENGTH_MEASURE( 1.000000000000000082E-05 ), #3791, 'distance_accuracy_value', 'NONE');
#4708 = CARTESIAN_POINT ( 'NONE',  ( 19.23749999999999716, 19.03499999999999659, -42.06036481966448548 ) ) ;
#4709 = CARTESIAN_POINT ( 'NONE',  ( 9.625000000000000000, 25.10999999999999588, -3.037499999999999645 ) ) ;
#4710 = CARTESIAN_POINT ( 'NONE',  ( 13.12240243758617098, 26.10511756943318673, -46.47375002982997927 ) ) ;
#4711 = CARTESIAN_POINT ( 'NONE',  ( 11.65045053481296300, 24.73645251360514763, -90.61875001603017665 ) ) ;
#4712 = ORIENTED_EDGE ( 'NONE', *, *, #2071, .F. ) ;
#4713 = DIRECTION ( 'NONE',  ( 0.000000000000000000, -1.000000000000000000, 0.000000000000000000 ) ) ;
#4714 = MECHANICAL_DESIGN_GEOMETRIC_PRESENTATION_REPRESENTATION (  '', ( #2712 ), #4120 ) ;
#4715 = COLOUR_RGB ( '',0.1019607843137254888, 0.1019607843137254888, 0.1019607843137254888 ) ;
#4716 = SURFACE_STYLE_USAGE ( .BOTH. , #1584 ) ;
#4717 = MECHANICAL_DESIGN_GEOMETRIC_PRESENTATION_REPRESENTATION (  '', ( #4557 ), #15 ) ;
#4718 = FILL_AREA_STYLE_COLOUR ( '', #633 ) ;
#4719 = VERTEX_POINT ( 'NONE', #468 ) ;
#4720 = EDGE_CURVE ( 'NONE', #2802, #4482, #4817, .T. ) ;
#4721 = PRESENTATION_STYLE_ASSIGNMENT (( #420 ) ) ;
#4722 = PRESENTATION_LAYER_ASSIGNMENT (  '', '', ( #2569 ) ) ;
#4723 = ORIENTED_EDGE ( 'NONE', *, *, #4399, .F. ) ;
#4724 = CARTESIAN_POINT ( 'NONE',  ( 22.06542059801584443, 20.07286713481156681, -83.98632535983873026 ) ) ;
#4725 = PRESENTATION_LAYER_ASSIGNMENT (  '', '', ( #3044 ) ) ;
#4726 =( BOUNDED_CURVE ( )  B_SPLINE_CURVE ( 3, ( #625, #2580, #4156, #341 ),
 .UNSPECIFIED., .F., .F. ) 
 B_SPLINE_CURVE_WITH_KNOTS ( ( 4, 4 ),
 ( 6.183017886018020270, 6.283185307179590673 ),
 .UNSPECIFIED. ) 
 CURVE ( )  GEOMETRIC_REPRESENTATION_ITEM ( )  RATIONAL_B_SPLINE_CURVE ( ( 1.000000000000000000, 0.9991640487402220216, 0.9991640487402220216, 1.000000000000000000 ) ) 
 REPRESENTATION_ITEM ( '' )  );
#4727 = SURFACE_STYLE_USAGE ( .BOTH. , #3961 ) ;
#4728 = CARTESIAN_POINT ( 'NONE',  ( 29.22073594832908583, 2.150000000001048850, -98.07500000000027285 ) ) ;
#4729 = COLOUR_RGB ( '',0.1019607843137254888, 0.1019607843137254888, 0.1019607843137254888 ) ;
#4730 = DIRECTION ( 'NONE',  ( 0.000000000000000000, 0.000000000000000000, 1.000000000000000000 ) ) ;
#4731 = B_SPLINE_CURVE_WITH_KNOTS ( 'NONE', 3,
 ( #3420, #1434, #3046, #4695, #290, #3853, #4643, #1102, #2661, #718, #2273, #1273, #3990, #4410, #1534, #2029, #2428, #2380, #3128, #1217, #2839, #424, #2784, #3222, #876, #4728 ),
 .UNSPECIFIED., .T., .F.,
 ( 4, 2, 2, 2, 2, 2, 2, 2, 2, 2, 2, 2, 4 ),
 ( 0.000000000000000000, 0.0006193845706224975541, 0.0009290768559337595585, 0.001238769141245021563, 0.001548461426556283459, 0.001858153711867545571, 0.002477538282490100371, 0.003096922853112655388, 0.003406615138423946774, 0.003716307423735238594, 0.004025999709046530414, 0.004335691994357821800, 0.004955076564980405440 ),
 .UNSPECIFIED. ) ;
#4732 = DIRECTION ( 'NONE',  ( 0.000000000000000000, 0.000000000000000000, 1.000000000000000000 ) ) ;
#4733 = MECHANICAL_DESIGN_GEOMETRIC_PRESENTATION_REPRESENTATION (  '', ( #1966 ), #1565 ) ;
#4734 = FILL_AREA_STYLE_COLOUR ( '', #2302 ) ;
#4735 = VECTOR ( 'NONE', #1850, 1000.000000000000114 ) ;
#4736 = ORIENTED_EDGE ( 'NONE', *, *, #1173, .F. ) ;
#4737 = LINE ( 'NONE', #4261, #2631 ) ;
#4738 = AXIS2_PLACEMENT_3D ( 'NONE', #4296, #3903, #387 ) ;
#4739 = CARTESIAN_POINT ( 'NONE',  ( 21.88222022346023010, 4.290402334357861669, -84.34144315151328897 ) ) ;
#4740 = PRESENTATION_STYLE_ASSIGNMENT (( #192 ) ) ;
#4741 = CARTESIAN_POINT ( 'NONE',  ( 13.75288965921373752, 29.16000000000019909, -92.52461921607734041 ) ) ;
#4742 = ORIENTED_EDGE ( 'NONE', *, *, #3726, .T. ) ;
#4743 = CARTESIAN_POINT ( 'NONE',  ( 9.625000000000000000, 25.10999999999999588, -91.12500000000000000 ) ) ;
#4744 = MECHANICAL_DESIGN_GEOMETRIC_PRESENTATION_REPRESENTATION (  '', ( #1339 ), #1739 ) ;
#4745 = CARTESIAN_POINT ( 'NONE',  ( 26.22375000000045375, 5.366250000056598246, -91.02374999999999261 ) ) ;
#4746 = VERTEX_POINT ( 'NONE', #1239 ) ;
#4747 = DIRECTION ( 'NONE',  ( 0.000000000000000000, 0.000000000000000000, 1.000000000000000000 ) ) ;
#4748 = ORIENTED_EDGE ( 'NONE', *, *, #3764, .T. ) ;
#4749 = LINE ( 'NONE', #449, #2498 ) ;
#4750 = CARTESIAN_POINT ( 'NONE',  ( 29.26716979647085992, 2.243885582175865423, -39.94999999999694040 ) ) ;
#4751 = VERTEX_POINT ( 'NONE', #4010 ) ;
#4752 = CARTESIAN_POINT ( 'NONE',  ( 9.625000000000000000, 28.14749999999999375, -40.84195960390699298 ) ) ;
#4753 = DIRECTION ( 'NONE',  ( 1.000000000000000000, 0.000000000000000000, 0.000000000000000000 ) ) ;
#4754 = SURFACE_SIDE_STYLE ('',( #4025 ) ) ;
#4755 = COLOUR_RGB ( '',0.1019607843137254888, 0.1019607843137254888, 0.1019607843137254888 ) ;
#4756 = VERTEX_POINT ( 'NONE', #2105 ) ;
#4757 =( LENGTH_UNIT ( ) NAMED_UNIT ( * ) SI_UNIT ( .MILLI., .METRE. ) );
#4758 = DIRECTION ( 'NONE',  ( -1.000000000000000000, 2.775557561562889810E-17, 3.955169525227120175E-16 ) ) ;
#4759 = CARTESIAN_POINT ( 'NONE',  ( 22.15274282311586518, 5.516187898783414312, -83.80453114633262146 ) ) ;
#4760 = CYLINDRICAL_SURFACE ( 'NONE', #917, 2.581874999999997478 ) ;
#4761 =( GEOMETRIC_REPRESENTATION_CONTEXT ( 3 ) GLOBAL_UNCERTAINTY_ASSIGNED_CONTEXT ( ( #2064 ) ) GLOBAL_UNIT_ASSIGNED_CONTEXT ( ( #892, #2951, #4181 ) ) REPRESENTATION_CONTEXT ( 'NONE', 'WORKASPACE' ) );
#4763 = EDGE_CURVE ( 'NONE', #3328, #3279, #4089, .T. ) ;
#4762 = CARTESIAN_POINT ( 'NONE',  ( 14.27159074383722448, -3.037499999999999201, -93.66265741340502871 ) ) ;
#4764 = CARTESIAN_POINT ( 'NONE',  ( 10.12500000000000000, 28.14749999999999375, -40.84195960390699298 ) ) ;
#4765 = DIRECTION ( 'NONE',  ( -3.469446951953585100E-16, 0.000000000000000000, 1.000000000000000000 ) ) ;
#4766 = ORIENTED_EDGE ( 'NONE', *, *, #4905, .T. ) ;
#4767 = DIRECTION ( 'NONE',  ( -4.132222856978965360E-16, -1.885568995626964780E-16, 1.000000000000000000 ) ) ;
#4768 = ORIENTED_EDGE ( 'NONE', *, *, #4351, .T. ) ;
#4769 = CARTESIAN_POINT ( 'NONE',  ( 9.625000000000000000, -4.049999999999685407, -37.16537435375850151 ) ) ;
#4770 = FILL_AREA_STYLE_COLOUR ( '', #4706 ) ;
#4771 = CARTESIAN_POINT ( 'NONE',  ( 9.625000000000000000, -4.049999999999674749, -100.6984762319158762 ) ) ;
#4772 = CARTESIAN_POINT ( 'NONE',  ( 29.49228129176992041, 2.741293417742430183, -39.67203762376392007 ) ) ;
#4773 = CARTESIAN_POINT ( 'NONE',  ( 12.13694921037204821, -0.1390244780465252350, -46.47375001603047195 ) ) ;
#4774 = ORIENTED_EDGE ( 'NONE', *, *, #498, .F. ) ;
#4775 = CARTESIAN_POINT ( 'NONE',  ( 19.23749999999999716, -4.049999999999990052, -113.4000000000000057 ) ) ;
#4776 = CARTESIAN_POINT ( 'NONE',  ( 9.625000000000001776, -3.623774609979721006, -97.67442112776249985 ) ) ;
#4777 = UNCERTAINTY_MEASURE_WITH_UNIT (LENGTH_MEASURE( 1.000000000000000082E-05 ), #2357, 'distance_accuracy_value', 'NONE');
#4778 = DIRECTION ( 'NONE',  ( 0.000000000000000000, 0.000000000000000000, -1.000000000000000000 ) ) ;
#4779 = ORIENTED_EDGE ( 'NONE', *, *, #737, .T. ) ;
#4780 = FILL_AREA_STYLE_COLOUR ( '', #3203 ) ;
#4781 = LINE ( 'NONE', #3613, #432 ) ;
#4782 = CARTESIAN_POINT ( 'NONE',  ( 23.23687500000000128, 12.55499999999999794, -52.59937500000000199 ) ) ;
#4783 = ADVANCED_FACE ( 'NONE', ( #490 ), #563, .T. ) ;
#4784 = CARTESIAN_POINT ( 'NONE',  ( 21.97186690018046917, 4.626557060824790568, -84.17162204540485959 ) ) ;
#4785 = CARTESIAN_POINT ( 'NONE',  ( 9.625000000000000000, -3.037499999999999645, -6.093251410737770232E-15 ) ) ;
#4786 = CARTESIAN_POINT ( 'NONE',  ( 9.197105616292697405, 29.16000000001315229, -90.76837210605388861 ) ) ;
#4787 = VECTOR ( 'NONE', #3604, 1000.000000000000000 ) ;
#4788 = CARTESIAN_POINT ( 'NONE',  ( 70.87076142158512937, 19.74375000005680292, -23.69249999999999901 ) ) ;
#4789 = AXIS2_PLACEMENT_3D ( 'NONE', #331, #3907, #4353 ) ;
#4790 = DIRECTION ( 'NONE',  ( -3.469446951953623655E-14, -1.000000000000000000, 0.000000000000000000 ) ) ;
#4791 = EDGE_LOOP ( 'NONE', ( #4440, #3845, #257, #2050 ) ) ;
#4792 = MECHANICAL_DESIGN_GEOMETRIC_PRESENTATION_REPRESENTATION (  '', ( #268 ), #3353 ) ;
#4793 = CARTESIAN_POINT ( 'NONE',  ( 9.625000000000000000, 25.10999999999999588, 3.037499999999999645 ) ) ;
#4794 = ORIENTED_EDGE ( 'NONE', *, *, #2648, .T. ) ;
#4795 =( NAMED_UNIT ( * ) PLANE_ANGLE_UNIT ( ) SI_UNIT ( $, .RADIAN. ) );
#4796 = CARTESIAN_POINT ( 'NONE',  ( 19.79298427244468428, 24.67078731326414953, -87.16187679827991985 ) ) ;
#4797 = COLOUR_RGB ( '',0.1019607843137254888, 0.1019607843137254888, 0.1019607843137254888 ) ;
#4798 = VECTOR ( 'NONE', #4207, 1000.000000000000000 ) ;
#4799 = COLOUR_RGB ( '',0.1019607843137254888, 0.1019607843137254888, 0.1019607843137254888 ) ;
#4800 = FACE_OUTER_BOUND ( 'NONE', #2420, .T. ) ;
#4801 = CARTESIAN_POINT ( 'NONE',  ( 29.51294629865583374, 2.790849401842858679, -38.79709936523952507 ) ) ;
#4802 = ORIENTED_EDGE ( 'NONE', *, *, #2458, .T. ) ;
#4803 = STYLED_ITEM ( 'NONE', ( #3495 ), #2997 ) ;
#4804 = CARTESIAN_POINT ( 'NONE',  ( 26.22375000000045375, 5.366250000056608904, -137.0924999999999727 ) ) ;
#4805 = FILL_AREA_STYLE_COLOUR ( '', #3053 ) ;
#4806 = EDGE_LOOP ( 'NONE', ( #3378, #1934, #4405, #2429, #4218, #3730 ) ) ;
#4807 = DIRECTION ( 'NONE',  ( 0.000000000000000000, 0.000000000000000000, -1.000000000000000000 ) ) ;
#4808 = AXIS2_PLACEMENT_3D ( 'NONE', #1353, #650, #3735 ) ;
#4809 = PRESENTATION_STYLE_ASSIGNMENT (( #461 ) ) ;
#4810 = DIRECTION ( 'NONE',  ( 0.000000000000000000, -0.7071067811865512365, 0.7071067811865439090 ) ) ;
#4811 = CARTESIAN_POINT ( 'NONE',  ( 9.625000000000000000, 29.16000000000031278, -36.39402376808431683 ) ) ;
#4812 = CARTESIAN_POINT ( 'NONE',  ( 30.37500000000000000, 4.161922165597585009E-15, -90.61874999999999147 ) ) ;
#4813 = CIRCLE ( 'NONE', #2583, 11.13749999999999751 ) ;
#4814 = SURFACE_STYLE_USAGE ( .BOTH. , #4425 ) ;
#4815 = SURFACE_STYLE_FILL_AREA ( #17 ) ;
#4816 = ORIENTED_EDGE ( 'NONE', *, *, #2673, .F. ) ;
#4817 = LINE ( 'NONE', #2509, #3959 ) ;
#4818 = ORIENTED_EDGE ( 'NONE', *, *, #26, .T. ) ;
#4819 = CARTESIAN_POINT ( 'NONE',  ( 20.08909440151224857, 0.8017179176968176613, -86.83643378617387043 ) ) ;
#4820 = CARTESIAN_POINT ( 'NONE',  ( 19.23750000000000782, -3.037499999999999645, -113.4000000000000057 ) ) ;
#4821 = UNCERTAINTY_MEASURE_WITH_UNIT (LENGTH_MEASURE( 1.000000000000000082E-05 ), #1825, 'distance_accuracy_value', 'NONE');
#4822 = CARTESIAN_POINT ( 'NONE',  ( 9.625000000000000000, 28.48037825301815573, -96.94734603506498161 ) ) ;
#4823 = CARTESIAN_POINT ( 'NONE',  ( 29.31118695850419797, 2.336244662213205370, -39.93283922574129718 ) ) ;
#4824 = CARTESIAN_POINT ( 'NONE',  ( 15.32412120410033651, -4.049999999999806199, -44.45556786170909902 ) ) ;
#4825 = CARTESIAN_POINT ( 'NONE',  ( 11.04257961299833468, -4.049999999999715605, -36.51206584997564164 ) ) ;
#4826 = EDGE_CURVE ( 'NONE', #2344, #996, #920, .T. ) ;
#4827 = CARTESIAN_POINT ( 'NONE',  ( 16.52775551949025967, -2.678597686956689650, -90.61874993210645357 ) ) ;
#4828 = FILL_AREA_STYLE_COLOUR ( '', #4310 ) ;
#4829 = FILL_AREA_STYLE ('',( #4503 ) ) ;
#4830 = CARTESIAN_POINT ( 'NONE',  ( 16.76927397579512302, -4.050000000000009592, -44.40734129568023292 ) ) ;
#4831 = ORIENTED_EDGE ( 'NONE', *, *, #1978, .T. ) ;
#4832 = FACE_BOUND ( 'NONE', #3440, .T. ) ;
#4833 = PRESENTATION_LAYER_ASSIGNMENT (  '', '', ( #1916 ) ) ;
#4834 = STYLED_ITEM ( 'NONE', ( #4809 ), #1089 ) ;
#4835 = PLANE ( 'NONE',  #4956 ) ;
#4836 = FACE_OUTER_BOUND ( 'NONE', #2568, .T. ) ;
#4837 = CARTESIAN_POINT ( 'NONE',  ( 10.05916539099454354, 29.16000000000032344, -100.7044708889488476 ) ) ;
#4838 = PRESENTATION_LAYER_ASSIGNMENT (  '', '', ( #236 ) ) ;
#4839 = ORIENTED_EDGE ( 'NONE', *, *, #4086, .T. ) ;
#4840 = FILL_AREA_STYLE_COLOUR ( '', #4729 ) ;
#4841 = LINE ( 'NONE', #3678, #2564 ) ;
#4842 = DIRECTION ( 'NONE',  ( 0.000000000000000000, -1.000000000000000000, 0.000000000000000000 ) ) ;
#4843 = ORIENTED_EDGE ( 'NONE', *, *, #4349, .F. ) ;
#4844 = CARTESIAN_POINT ( 'NONE',  ( 21.25052130372041503, 22.46112781659910240, -51.72513747251480254 ) ) ;
#4845 = DIRECTION ( 'NONE',  ( 0.7071067811865441310, -9.813077866773470238E-16, 0.7071067811865510144 ) ) ;
#4846 = DIRECTION ( 'NONE',  ( -1.000000000000000000, 2.775557561562899979E-17, -3.955169525227120175E-16 ) ) ;
#4847 = SURFACE_STYLE_USAGE ( .BOTH. , #2055 ) ;
#4848 =( NAMED_UNIT ( * ) SI_UNIT ( $, .STERADIAN. ) SOLID_ANGLE_UNIT ( ) );
#4849 = EDGE_CURVE ( 'NONE', #865, #2375, #3571, .T. ) ;
#4850 = LINE ( 'NONE', #1749, #3762 ) ;
#4851 = LINE ( 'NONE', #3415, #4044 ) ;
#4852 = CARTESIAN_POINT ( 'NONE',  ( 9.974649476391199698, 2.992119492959962379, -90.61874999749927895 ) ) ;
#4853 = LINE ( 'NONE', #1249, #2898 ) ;
#4854 = CARTESIAN_POINT ( 'NONE',  ( 29.36815397691531970, 22.65000000000104308, -98.07500000000028706 ) ) ;
#4855 = DIRECTION ( 'NONE',  ( -1.000000000000000000, 0.000000000000000000, 0.000000000000000000 ) ) ;
#4856 = ORIENTED_EDGE ( 'NONE', *, *, #1663, .F. ) ;
#4857 = FILL_AREA_STYLE_COLOUR ( '', #1071 ) ;
#4858 = ORIENTED_EDGE ( 'NONE', *, *, #416, .F. ) ;
#4859 =( NAMED_UNIT ( * ) PLANE_ANGLE_UNIT ( ) SI_UNIT ( $, .RADIAN. ) );
#4860 = CARTESIAN_POINT ( 'NONE',  ( 20.25000000000000000, 0.000000000000000000, 0.000000000000000000 ) ) ;
#4861 = EDGE_CURVE ( 'NONE', #3328, #4756, #74, .T. ) ;
#4862 = SURFACE_STYLE_USAGE ( .BOTH. , #145 ) ;
#4863 = SURFACE_STYLE_FILL_AREA ( #943 ) ;
#4864 =( LENGTH_UNIT ( ) NAMED_UNIT ( * ) SI_UNIT ( .MILLI., .METRE. ) );
#4865 = SURFACE_SIDE_STYLE ('',( #1264 ) ) ;
#4866 = SURFACE_SIDE_STYLE ('',( #125 ) ) ;
#4867 = ORIENTED_EDGE ( 'NONE', *, *, #35, .T. ) ;
#4868 = CARTESIAN_POINT ( 'NONE',  ( 20.37721033441452079, 23.92414733068325461, -50.58803690943262410 ) ) ;
#4869 =( GEOMETRIC_REPRESENTATION_CONTEXT ( 3 ) GLOBAL_UNCERTAINTY_ASSIGNED_CONTEXT ( ( #960 ) ) GLOBAL_UNIT_ASSIGNED_CONTEXT ( ( #2931, #2506, #4562 ) ) REPRESENTATION_CONTEXT ( 'NONE', 'WORKASPACE' ) );
#4870 = FACE_OUTER_BOUND ( 'NONE', #4194, .T. ) ;
#4871 = CARTESIAN_POINT ( 'NONE',  ( 9.625000000000000000, 28.14749999999999375, -3.843567104199589366E-15 ) ) ;
#4872 = FILL_AREA_STYLE_COLOUR ( '', #1354 ) ;
#4873 = MECHANICAL_DESIGN_GEOMETRIC_PRESENTATION_REPRESENTATION (  '', ( #99 ), #271 ) ;
#4874 = DIRECTION ( 'NONE',  ( 0.000000000000000000, 0.000000000000000000, -1.000000000000000000 ) ) ;
#4875 = VECTOR ( 'NONE', #2166, 1000.000000000000000 ) ;
#4876 = CARTESIAN_POINT ( 'NONE',  ( 17.25637092541447970, -4.049999999999992717, -92.69453586646018550 ) ) ;
#4877 = CARTESIAN_POINT ( 'NONE',  ( 18.72196356456812438, -4.049999999999974065, -95.27545063353882426 ) ) ;
#4878 = CARTESIAN_POINT ( 'NONE',  ( 22.19141003225009356, 5.777978970778554491, -53.37181465919786660 ) ) ;
#4879 = AXIS2_PLACEMENT_3D ( 'NONE', #224, #1016, #4778 ) ;
#4880 = UNCERTAINTY_MEASURE_WITH_UNIT (LENGTH_MEASURE( 1.000000000000000082E-05 ), #3167, 'distance_accuracy_value', 'NONE');
#4881 = AXIS2_PLACEMENT_3D ( 'NONE', #834, #3582, #2393 ) ;
#4882 = SURFACE_STYLE_USAGE ( .BOTH. , #3269 ) ;
#4883 = ORIENTED_EDGE ( 'NONE', *, *, #3886, .F. ) ;
#4884 = CARTESIAN_POINT ( 'NONE',  ( 17.32021499314793189, -2.022511491249922688, -47.48873850875050806 ) ) ;
#4885 = CARTESIAN_POINT ( 'NONE',  ( 16.14817663456755170, 28.14749999999999375, -45.43052634333639617 ) ) ;
#4886 = FILL_AREA_STYLE ('',( #966 ) ) ;
#4887 = PRESENTATION_STYLE_ASSIGNMENT (( #200 ) ) ;
#4888 = CIRCLE ( 'NONE', #3888, 0.7499999999991888711 ) ;
#4889 = FILL_AREA_STYLE ('',( #629 ) ) ;
#4890 = EDGE_CURVE ( 'NONE', #1664, #2423, #4065, .T. ) ;
#4891 = STYLED_ITEM ( 'NONE', ( #4163 ), #4150 ) ;
#4892 = PRESENTATION_STYLE_ASSIGNMENT (( #991 ) ) ;
#4893 = CARTESIAN_POINT ( 'NONE',  ( 18.57431796191753293, 29.15999999999980119, -44.38463250306710250 ) ) ;
#4894 =( NAMED_UNIT ( * ) PLANE_ANGLE_UNIT ( ) SI_UNIT ( $, .RADIAN. ) );
#4895 = ORIENTED_EDGE ( 'NONE', *, *, #3448, .T. ) ;
#4896 = PRESENTATION_LAYER_ASSIGNMENT (  '', '', ( #3809 ) ) ;
#4897 = SURFACE_SIDE_STYLE ('',( #3290 ) ) ;
#4898 = CARTESIAN_POINT ( 'NONE',  ( 20.25000000000000000, -3.037499999999999645, -137.0924999999999727 ) ) ;
#4899 = FILL_AREA_STYLE ('',( #976 ) ) ;
#4900 = PRESENTATION_LAYER_ASSIGNMENT (  '', '', ( #44 ) ) ;
#4901 = CARTESIAN_POINT ( 'NONE',  ( 10.33134536937542514, -4.049999999999282174, -45.34768593421602390 ) ) ;
#4902 = CARTESIAN_POINT ( 'NONE',  ( 19.00796503022384698, -4.049999999999991829, -42.01593079085575511 ) ) ;
#4903 = CARTESIAN_POINT ( 'NONE',  ( 18.47423716648620839, -4.049999999999964295, -95.52323086241018757 ) ) ;
#4904 = CARTESIAN_POINT ( 'NONE',  ( 28.98989115540329564, 23.40160557710457923, -39.10946003030486651 ) ) ;
#4905 = EDGE_CURVE ( 'NONE', #2606, #576, #1213, .T. ) ;
#4906 = CARTESIAN_POINT ( 'NONE',  ( 21.28791974861863778, 2.719183855385958637, -51.77749546091116173 ) ) ;
#4907 = CARTESIAN_POINT ( 'NONE',  ( 12.32070412412553750, 29.16000000000023462, -36.83518982966864996 ) ) ;
#4908 = EDGE_CURVE ( 'NONE', #2051, #546, #3192, .T. ) ;
#4909 = ORIENTED_EDGE ( 'NONE', *, *, #1514, .T. ) ;
#4910 = DIRECTION ( 'NONE',  ( 1.000000000000000000, -3.469446951953623655E-14, -6.541881604576222387E-30 ) ) ;
#4911 = CARTESIAN_POINT ( 'NONE',  ( 9.625000000000000000, -3.037499999999991207, -96.25054039609449319 ) ) ;
#4912 = FILL_AREA_STYLE ('',( #116 ) ) ;
#4913 = PRESENTATION_STYLE_ASSIGNMENT (( #537 ) ) ;
#4914 = ADVANCED_FACE ( 'NONE', ( #3652, #543 ), #154, .F. ) ;
#4915 = CARTESIAN_POINT ( 'NONE',  ( 0.000000000000000000, 3.073713158996406964E-14, -140.1299999999999670 ) ) ;
#4916 = CARTESIAN_POINT ( 'NONE',  ( 10.12500000000000000, -3.037499999999991207, -96.25054039609449319 ) ) ;
#4917 = DIRECTION ( 'NONE',  ( -2.775557561562834960E-17, 1.000000000000000000, 0.000000000000000000 ) ) ;
#4918 = DIRECTION ( 'NONE',  ( -1.000000000000000000, 0.000000000000000000, 0.000000000000000000 ) ) ;
#4919 = MECHANICAL_DESIGN_GEOMETRIC_PRESENTATION_REPRESENTATION (  '', ( #2355 ), #2844 ) ;
#4920 = CIRCLE ( 'NONE', #1758, 10.12499999999999467 ) ;
#4921 = ADVANCED_FACE ( 'NONE', ( #2934 ), #4023, .T. ) ;
#4922 = PRESENTATION_STYLE_ASSIGNMENT (( #4185 ) ) ;
#4923 = PRESENTATION_LAYER_ASSIGNMENT (  '', '', ( #3082 ) ) ;
#4924 = CARTESIAN_POINT ( 'NONE',  ( 41.51250000000000284, 12.55499999999999794, -50.01749999999999829 ) ) ;
#4925 = VERTEX_POINT ( 'NONE', #4811 ) ;
#4926 = DIRECTION ( 'NONE',  ( 0.000000000000000000, 2.485683437613260591E-14, 1.000000000000000000 ) ) ;
#4927 = CARTESIAN_POINT ( 'NONE',  ( 26.22375000000045375, 19.74375000005680292, -1.083623791457039653E-14 ) ) ;
#4928 = STYLED_ITEM ( 'NONE', ( #4051 ), #1262 ) ;
#4929 = SURFACE_SIDE_STYLE ('',( #1316 ) ) ;
#4930 = CARTESIAN_POINT ( 'NONE',  ( 10.38270957647906911, 2.166779483738688228, -46.47375000514938392 ) ) ;
#4931 =( LENGTH_UNIT ( ) NAMED_UNIT ( * ) SI_UNIT ( .MILLI., .METRE. ) );
#4932 = CARTESIAN_POINT ( 'NONE',  ( 15.88402619944801231, -2.468690534342573351, -90.61875003394676753 ) ) ;
#4933 = CARTESIAN_POINT ( 'NONE',  ( 16.97593446410124685, -4.049999999999911893, -97.26459471081982144 ) ) ;
#4934 = CARTESIAN_POINT ( 'NONE',  ( 22.03524504219845426, 4.897159500235110485, -53.04558998438976403 ) ) ;
#4935 = UNCERTAINTY_MEASURE_WITH_UNIT (LENGTH_MEASURE( 1.000000000000000082E-05 ), #1579, 'distance_accuracy_value', 'NONE');
#4936 =( NAMED_UNIT ( * ) SI_UNIT ( $, .STERADIAN. ) SOLID_ANGLE_UNIT ( ) );
#4937 = CARTESIAN_POINT ( 'NONE',  ( 13.33495320158201203, 28.14749999999999730, -42.42798610869460418 ) ) ;
#4938 = SURFACE_STYLE_FILL_AREA ( #3215 ) ;
#4939 = PRESENTATION_STYLE_ASSIGNMENT (( #4158 ) ) ;
#4940 = DIRECTION ( 'NONE',  ( -5.181877588928640785E-31, -1.000000000000000000, 1.065460071031446035E-15 ) ) ;
#4941 = ORIENTED_EDGE ( 'NONE', *, *, #3081, .F. ) ;
#4942 = CARTESIAN_POINT ( 'NONE',  ( 19.20824435617296189, 29.16000000000000014, -42.06036480884834816 ) ) ;
#4943 = CARTESIAN_POINT ( 'NONE',  ( 19.23750000000040572, 29.16000000000000369, -95.03213518033513196 ) ) ;
#4944 = ADVANCED_FACE ( 'NONE', ( #1683 ), #3870, .T. ) ;
#4945 = ORIENTED_EDGE ( 'NONE', *, *, #982, .F. ) ;
#4946 = CARTESIAN_POINT ( 'NONE',  ( 22.20958273152946916, 19.17165975435587910, -53.41226193683181833 ) ) ;
#4947 = CARTESIAN_POINT ( 'NONE',  ( 26.22375000000043954, 22.65000000000104308, -98.07500000000028706 ) ) ;
#4948 = PRESENTATION_STYLE_ASSIGNMENT (( #3719 ) ) ;
#4949 = CARTESIAN_POINT ( 'NONE',  ( 17.11472305168669905, -4.049999999999926104, -39.98326769325299779 ) ) ;
#4950 = CARTESIAN_POINT ( 'NONE',  ( 10.12500000000000000, -4.049999999999674749, -99.92599157982670022 ) ) ;
#4951 = CARTESIAN_POINT ( 'NONE',  ( 9.362497579729668118, 4.840231731299813767, -90.61875000083172438 ) ) ;
#4952 = DIRECTION ( 'NONE',  ( -4.132222856978965360E-16, -1.885568995626964780E-16, 1.000000000000000000 ) ) ;
#4953 = EDGE_CURVE ( 'NONE', #896, #2910, #1520, .T. ) ;
#4954 =( GEOMETRIC_REPRESENTATION_CONTEXT ( 3 ) GLOBAL_UNCERTAINTY_ASSIGNED_CONTEXT ( ( #1851 ) ) GLOBAL_UNIT_ASSIGNED_CONTEXT ( ( #2353, #794, #3574 ) ) REPRESENTATION_CONTEXT ( 'NONE', 'WORKASPACE' ) );
#4955 = CARTESIAN_POINT ( 'NONE',  ( 22.27500000000000213, 6.901814142991923084, -53.56125000000001535 ) ) ;
#4956 = AXIS2_PLACEMENT_3D ( 'NONE', #3181, #4703, #4338 ) ;
#4957 = FILL_AREA_STYLE_COLOUR ( '', #1315 ) ;
#4958 = FILL_AREA_STYLE ('',( #3761 ) ) ;
#4959 =( GEOMETRIC_REPRESENTATION_CONTEXT ( 3 ) GLOBAL_UNCERTAINTY_ASSIGNED_CONTEXT ( ( #3659 ) ) GLOBAL_UNIT_ASSIGNED_CONTEXT ( ( #455, #1601, #3507 ) ) REPRESENTATION_CONTEXT ( 'NONE', 'WORKASPACE' ) );
#4960 = B_SPLINE_CURVE_WITH_KNOTS ( 'NONE', 3,
 ( #3208, #1256, #2822, #2098, #4989, #2200, #4937, #3782, #3703, #1013, #1413, #4180, #4885, #988, #578, #3324, #3676, #1809, #2176, #3373, #607, #2150 ),
 .UNSPECIFIED., .F., .F.,
 ( 4, 2, 2, 2, 2, 2, 2, 2, 2, 2, 4 ),
 ( 0.000000000000000000, 0.001353584216503719807, 0.002707168433007439614, 0.004060752649511159204, 0.005414336866014879228, 0.006767921082518599252, 0.008121505299022318408, 0.008798297407274174517, 0.009475089515526028891, 0.01015188162377788500, 0.01082867373202973937 ),
 .UNSPECIFIED. ) ;
#4961 = AXIS2_PLACEMENT_3D ( 'NONE', #226, #2954, #3329 ) ;
#4962 = PRESENTATION_LAYER_ASSIGNMENT (  '', '', ( #3708 ) ) ;
#4963 = SURFACE_SIDE_STYLE ('',( #3787 ) ) ;
#4964 = VECTOR ( 'NONE', #1412, 1000.000000000000000 ) ;
#4965 = PRESENTATION_LAYER_ASSIGNMENT (  '', '', ( #2574 ) ) ;
#4966 = CARTESIAN_POINT ( 'NONE',  ( 10.12500000000000000, 29.16000000000031278, -36.39402376808431683 ) ) ;
#4967 = ADVANCED_FACE ( 'NONE', ( #1406, #2268 ), #3874, .F. ) ;
#4968 = FILL_AREA_STYLE_COLOUR ( '', #4625 ) ;
#4969 = ADVANCED_FACE ( 'NONE', ( #3918 ), #3855, .T. ) ;
#4970 = ORIENTED_EDGE ( 'NONE', *, *, #1577, .T. ) ;
#4971 = CARTESIAN_POINT ( 'NONE',  ( 22.27500000000000213, 18.39302304105878250, -53.56125000000000114 ) ) ;
#4972 = LINE ( 'NONE', #4094, #3727 ) ;
#4973 =( GEOMETRIC_REPRESENTATION_CONTEXT ( 3 ) GLOBAL_UNCERTAINTY_ASSIGNED_CONTEXT ( ( #2555 ) ) GLOBAL_UNIT_ASSIGNED_CONTEXT ( ( #273, #170, #3273 ) ) REPRESENTATION_CONTEXT ( 'NONE', 'WORKASPACE' ) );
#4974 = FILL_AREA_STYLE ('',( #4269 ) ) ;
#4975 = FACE_OUTER_BOUND ( 'NONE', #2448, .T. ) ;
#4976 = PRESENTATION_LAYER_ASSIGNMENT (  '', '', ( #3628 ) ) ;
#4977 = SURFACE_SIDE_STYLE ('',( #1427 ) ) ;
#4978 = CARTESIAN_POINT ( 'NONE',  ( 19.23749999999999716, 28.14749999999999375, -3.512815038853157133E-16 ) ) ;
#4979 = PRESENTATION_STYLE_ASSIGNMENT (( #2244 ) ) ;
#4980 = CARTESIAN_POINT ( 'NONE',  ( 9.625000000000000000, 28.14749999999999375, -23.69250000000030099 ) ) ;
#4981 = CARTESIAN_POINT ( 'NONE',  ( 15.61143573339060886, -4.049999999999866596, -98.50874706848443907 ) ) ;
#4982 = DIRECTION ( 'NONE',  ( 0.000000000000000000, 1.267249292515524055E-16, -1.000000000000000000 ) ) ;
#4983 = EDGE_CURVE ( 'NONE', #2875, #3518, #4650, .T. ) ;
#4984 = UNCERTAINTY_MEASURE_WITH_UNIT (LENGTH_MEASURE( 1.000000000000000082E-05 ), #2547, 'distance_accuracy_value', 'NONE');
#4985 = ADVANCED_FACE ( 'NONE', ( #253 ), #1977, .T. ) ;
#4986 = FILL_AREA_STYLE ('',( #2198 ) ) ;
#4987 = AXIS2_PLACEMENT_3D ( 'NONE', #2739, #3095, #3417 ) ;
#4988 =( NAMED_UNIT ( * ) PLANE_ANGLE_UNIT ( ) SI_UNIT ( $, .RADIAN. ) );
#4989 = CARTESIAN_POINT ( 'NONE',  ( 12.24942215509893728, 28.14749999999999730, -41.61300483464252409 ) ) ;
#4990 =( NAMED_UNIT ( * ) PLANE_ANGLE_UNIT ( ) SI_UNIT ( $, .RADIAN. ) );
#4991 = ORIENTED_EDGE ( 'NONE', *, *, #3917, .T. ) ;
#4992 = DIRECTION ( 'NONE',  ( -1.000000000000000000, 0.000000000000000000, 0.000000000000000000 ) ) ;
#4993 = EDGE_LOOP ( 'NONE', ( #2392, #2674 ) ) ;
#4994 =( NAMED_UNIT ( * ) PLANE_ANGLE_UNIT ( ) SI_UNIT ( $, .RADIAN. ) );
#4995 = SURFACE_SIDE_STYLE ('',( #4264 ) ) ;
#4996 = SURFACE_STYLE_FILL_AREA ( #2626 ) ;
#4997 = AXIS2_PLACEMENT_3D ( 'NONE', #40, #1633, #839 ) ;
#4998 = VERTEX_POINT ( 'NONE', #398 ) ;
#4999 = VERTEX_POINT ( 'NONE', #1424 ) ;
#5000 = STYLED_ITEM ( 'NONE', ( #3756 ), #1011 ) ;
#5001 = CARTESIAN_POINT ( 'NONE',  ( 9.625000000000000000, 0.000000000000000000, -91.12500000000000000 ) ) ;
#5002 = PRESENTATION_STYLE_ASSIGNMENT (( #2214 ) ) ;
#5003 = ORIENTED_EDGE ( 'NONE', *, *, #2538, .T. ) ;
#5004 = SURFACE_STYLE_USAGE ( .BOTH. , #3316 ) ;
#5005 = VERTEX_POINT ( 'NONE', #52 ) ;
#5006 = CARTESIAN_POINT ( 'NONE',  ( 9.250003310013912738, 5.421243902489724320, -90.61874999991218260 ) ) ;
#5007 = CARTESIAN_POINT ( 'NONE',  ( 21.41162260764484415, 22.11373791120992394, -85.12677359631376817 ) ) ;
#5008 = CIRCLE ( 'NONE', #312, 11.13749999999999751 ) ;
#5009 = ADVANCED_FACE ( 'NONE', ( #4358, #3500 ), #2004, .T. ) ;
#5010 = PRESENTATION_STYLE_ASSIGNMENT (( #4593 ) ) ;
#5011 = SURFACE_SIDE_STYLE ('',( #3021 ) ) ;
#5012 = ADVANCED_FACE ( 'NONE', ( #79, #4800 ), #4409, .F. ) ;
#5013 = LINE ( 'NONE', #1436, #2973 ) ;
#5014 = ORIENTED_EDGE ( 'NONE', *, *, #3662, .F. ) ;
#5015 = CARTESIAN_POINT ( 'NONE',  ( -12.67873889984931068, 28.14750000000086061, -23.69250000000030099 ) ) ;
#5016 = CARTESIAN_POINT ( 'NONE',  ( 27.33749999999999858, 5.366250000056598246, -4.057779510309979273E-14 ) ) ;
#5017 = CARTESIAN_POINT ( 'NONE',  ( 9.543985572627317282, 20.96928168215587718, -46.47374999741101931 ) ) ;
#5018 =( BOUNDED_SURFACE ( )  B_SPLINE_SURFACE ( 3, 2, ( 
 ( #3943, #372, #3579 ),
 ( #1195, #1169, #2745 ),
 ( #1954, #3530, #453 ),
 ( #1219, #1571, #4389 ),
 ( #3154, #83, #4361 ),
 ( #1618, #4022, #3724 ),
 ( #4827, #1753, #1695 ),
 ( #4932, #4876, #2891 ),
 ( #4504, #2060, #4442 ),
 ( #1365, #3633, #4074 ),
 ( #2942, #1648, #135 ),
 ( #2432, #109, #3667 ),
 ( #957, #4099, #572 ),
 ( #2143, #3226, #2032 ),
 ( #880, #497, #4903 ),
 ( #2520, #1722, #1346 ),
 ( #164, #214, #4473 ),
 ( #4527, #526, #3263 ),
 ( #2457, #4045, #599 ),
 ( #2116, #3693, #979 ),
 ( #2546, #3317, #3605 ),
 ( #2488, #186, #1275 ),
 ( #2842, #3296, #906 ),
 ( #1673, #1322, #3245 ),
 ( #4852, #1295, #2868 ),
 ( #931, #549, #2917 ),
 ( #2091, #4113, #4147 ),
 ( #2614, #3017, #1430 ),
 ( #1098, #1477, #1029 ),
 ( #4951, #1453, #667 ),
 ( #3042, #2594, #4227 ),
 ( #4548, #619, #1408 ),
 ( #5006, #4572, #1004 ),
 ( #3775, #4640, #1050 ),
 ( #2992, #4195, #4175 ),
 ( #2575, #3341, #2637 ),
 ( #1385, #1069, #3390 ),
 ( #3802, #3828, #1848 ) ),
 .UNSPECIFIED., .F., .F., .F. ) 
 B_SPLINE_SURFACE_WITH_KNOTS ( ( 4, 2, 2, 2, 2, 2, 2, 2, 2, 2, 2, 2, 2, 2, 2, 2, 2, 2, 4 ),
 ( 3, 3 ),
 ( 0.01803614591985445298, 0.01812300996936237751, 0.01820987401887030205, 0.01838360211788615112, 0.01847046616739407565, 0.01855733021690200019, 0.01873105831591784579, 0.01907851451394954045, 0.01942597071198123859, 0.01977342691001293673, 0.02012088310804463140, 0.02081579550410802421, 0.02151070790017141701, 0.02220562029623480982, 0.02359544508836159543, 0.02498526988048838104, 0.02637509467261516666, 0.02776491946474195227, 0.02915474425686874135 ),
 ( 0.000000000000000000, 1.000000000000000000 ),
 .UNSPECIFIED. ) 
 GEOMETRIC_REPRESENTATION_ITEM ( )  RATIONAL_B_SPLINE_SURFACE ( (
 ( 1.000000000000000000, 0.9746794344808943356, 1.000000000000000000),
 ( 1.000000000000000000, 0.9746799479852625847, 1.000000000000000000),
 ( 1.000000000000000000, 0.9743568196694347705, 1.000000000000000000),
 ( 1.000000000000000000, 0.9731141381503121135, 1.000000000000000000),
 ( 1.000000000000000000, 0.9721824285868144733, 1.000000000000000000),
 ( 1.000000000000000000, 0.9687194485353550766, 1.000000000000000000),
 ( 1.000000000000000000, 0.9655513060546579984, 1.000000000000000000),
 ( 1.000000000000000000, 0.9601634611580225354, 1.000000000000000000),
 ( 1.000000000000000000, 0.9582586981073079047, 1.000000000000000000),
 ( 1.000000000000000000, 0.9543671507069025894, 1.000000000000000000),
 ( 1.000000000000000000, 0.9523716756012029494, 1.000000000000000000),
 ( 1.000000000000000000, 0.9463063569838221500, 1.000000000000000000),
 ( 1.000000000000000000, 0.9421616744664056409, 1.000000000000000000),
 ( 1.000000000000000000, 0.9297497655257922489, 1.000000000000000000),
 ( 1.000000000000000000, 0.9215223295674193071, 1.000000000000000000),
 ( 1.000000000000000000, 0.9058000326082215059, 1.000000000000000000),
 ( 1.000000000000000000, 0.8982849355800828217, 1.000000000000000000),
 ( 1.000000000000000000, 0.8840834982022847122, 1.000000000000000000),
 ( 1.000000000000000000, 0.8773909257624541436, 1.000000000000000000),
 ( 1.000000000000000000, 0.8647921572181979100, 1.000000000000000000),
 ( 1.000000000000000000, 0.8588839873657561075, 1.000000000000000000),
 ( 1.000000000000000000, 0.8422167834826921329, 1.000000000000000000),
 ( 1.000000000000000000, 0.8325102047506686143, 1.000000000000000000),
 ( 1.000000000000000000, 0.8152246893039328812, 1.000000000000000000),
 ( 1.000000000000000000, 0.8076429853542800297, 1.000000000000000000),
 ( 1.000000000000000000, 0.7940519269257583224, 1.000000000000000000),
 ( 1.000000000000000000, 0.7880434873699410092, 1.000000000000000000),
 ( 1.000000000000000000, 0.7717756809104299176, 1.000000000000000000),
 ( 1.000000000000000000, 0.7632188848039805906, 1.000000000000000000),
 ( 1.000000000000000000, 0.7490171115735672069, 1.000000000000000000),
 ( 1.000000000000000000, 0.7433321590432901971, 1.000000000000000000),
 ( 1.000000000000000000, 0.7336101691056304830, 1.000000000000000000),
 ( 1.000000000000000000, 0.7295865456047824216, 1.000000000000000000),
 ( 1.000000000000000000, 0.7225791767270520749, 1.000000000000000000),
 ( 1.000000000000000000, 0.7196540846723747942, 1.000000000000000000),
 ( 1.000000000000000000, 0.7145796383772756721, 1.000000000000000000),
 ( 1.000000000000000000, 0.7124233275653146791, 1.000000000000000000),
 ( 1.000000000000000000, 0.7105100200589972159, 1.000000000000000000) ) ) 
 REPRESENTATION_ITEM ( '' )  SURFACE ( )  );
#5019 = CARTESIAN_POINT ( 'NONE',  ( 16.43444566954421404, 29.15999999999989356, -92.67718976683001131 ) ) ;
#5020 = ORIENTED_EDGE ( 'NONE', *, *, #1136, .T. ) ;
#5021 = CARTESIAN_POINT ( 'NONE',  ( 19.23749999999999716, 25.25319628389968685, -49.36805371610081039 ) ) ;
#5022 =( LENGTH_UNIT ( ) NAMED_UNIT ( * ) SI_UNIT ( .MILLI., .METRE. ) );
#5023 = CARTESIAN_POINT ( 'NONE',  ( 17.43461045431007150, -3.037500000000000089, -46.13778659495437040 ) ) ;
#5024 = EDGE_LOOP ( 'NONE', ( #4121, #4248, #3679, #851 ) ) ;
#5025 = EDGE_LOOP ( 'NONE', ( #1586, #792, #29, #762 ) ) ;
#5026 = CARTESIAN_POINT ( 'NONE',  ( 21.57747037754063157, 21.71663758967202540, -84.86632431389300280 ) ) ;
#5027 = CARTESIAN_POINT ( 'NONE',  ( 29.55556592016099415, 22.21625203540832771, -38.58024461773140246 ) ) ;
#5028 = UNCERTAINTY_MEASURE_WITH_UNIT (LENGTH_MEASURE( 1.000000000000000082E-05 ), #3289, 'distance_accuracy_value', 'NONE');
#5029 =( NAMED_UNIT ( * ) PLANE_ANGLE_UNIT ( ) SI_UNIT ( $, .RADIAN. ) );
#5030 = VECTOR ( 'NONE', #4471, 1000.000000000000000 ) ;
#5031 = DIRECTION ( 'NONE',  ( 0.000000000000000000, 0.000000000000000000, 1.000000000000000000 ) ) ;
#5032 = AXIS2_PLACEMENT_3D ( 'NONE', #4708, #1203, #2798 ) ;
#5033 = CARTESIAN_POINT ( 'NONE',  ( 26.22375000000045375, 19.74375000005680292, -1.083623791457039653E-14 ) ) ;
#5034 = STYLED_ITEM ( 'NONE', ( #3127 ), #4985 ) ;
#5035 = AXIS2_PLACEMENT_3D ( 'NONE', #656, #1056, #582 ) ;
#5036 = FILL_AREA_STYLE ('',( #3403 ) ) ;
#5037 = CARTESIAN_POINT ( 'NONE',  ( 19.23749999999999716, 7.087500000000000355, -83.02500000000000568 ) ) ;
#5038 = CARTESIAN_POINT ( 'NONE',  ( 18.24529419179518896, 29.16000000000003212, -41.30734741981664371 ) ) ;
#5039 = VECTOR ( 'NONE', #5098, 1000.000000000000000 ) ;
#5041 = ADVANCED_FACE ( 'NONE', ( #3312 ), #1446, .F. ) ;
#5040 = CARTESIAN_POINT ( 'NONE',  ( 16.46321699037164876, 29.16000000000010317, -97.76893678826452572 ) ) ;
#5042 = ORIENTED_EDGE ( 'NONE', *, *, #2718, .F. ) ;
#5043 = COLOUR_RGB ( '',0.1019607843137254888, 0.1019607843137254888, 0.1019607843137254888 ) ;
#5044 = CARTESIAN_POINT ( 'NONE',  ( 14.90529124457806098, -3.037500000000000533, -44.19555867968238516 ) ) ;
#5045 = CARTESIAN_POINT ( 'NONE',  ( 26.22375000000045375, 19.74375000005680292, -91.12500000000000000 ) ) ;
#5046 = VERTEX_POINT ( 'NONE', #183 ) ;
#5047 = LINE ( 'NONE', #3120, #4472 ) ;
#5048 = VERTEX_POINT ( 'NONE', #2838 ) ;
#5049 = CARTESIAN_POINT ( 'NONE',  ( 26.22375000000045375, 19.74375000005680292, -91.02374999999999261 ) ) ;
#5050 = CARTESIAN_POINT ( 'NONE',  ( 20.50320124895998930, 23.74444015135749808, -86.35396891916586526 ) ) ;
#5051 = CARTESIAN_POINT ( 'NONE',  ( 20.25000000000000000, -3.849269726015902252E-16, 3.037499999999999645 ) ) ;
#5052 = COLOUR_RGB ( '',0.1019607843137254888, 0.1019607843137254888, 0.1019607843137254888 ) ;
#5053 = VERTEX_POINT ( 'NONE', #3660 ) ;
#5054 = CARTESIAN_POINT ( 'NONE',  ( 17.88076084902569463, 29.16000000000003567, -40.87224591862040057 ) ) ;
#5055 = DIRECTION ( 'NONE',  ( 0.000000000000000000, -1.405790471193614457E-14, -1.000000000000000000 ) ) ;
#5056 = ADVANCED_FACE ( 'NONE', ( #4018 ), #1717, .F. ) ;
#5057 = CARTESIAN_POINT ( 'NONE',  ( 9.625000000000000000, 29.16000000000110504, -23.69250000000030099 ) ) ;
#5058 = ORIENTED_EDGE ( 'NONE', *, *, #119, .T. ) ;
#5059 = EDGE_CURVE ( 'NONE', #3963, #2038, #4243, .T. ) ;
#5060 = UNCERTAINTY_MEASURE_WITH_UNIT (LENGTH_MEASURE( 1.000000000000000082E-05 ), #3470, 'distance_accuracy_value', 'NONE');
#5061 = CARTESIAN_POINT ( 'NONE',  ( 14.33164008628260255, 26.88494299947869592, -46.47375003229287671 ) ) ;
#5062 = CARTESIAN_POINT ( 'NONE',  ( 9.974649476392013270, 22.11788050704149100, -90.61874999749908000 ) ) ;
#5063 = ORIENTED_EDGE ( 'NONE', *, *, #3899, .F. ) ;
#5064 = CARTESIAN_POINT ( 'NONE',  ( 9.625000000000000000, -3.621089756750193622, -39.42488802818114380 ) ) ;
#5065 = CARTESIAN_POINT ( 'NONE',  ( 20.84559048890487176, 1.897859469948248723, -51.16690094685257861 ) ) ;
#5066 = CARTESIAN_POINT ( 'NONE',  ( 17.65419171006840671, -3.037499999999998757, -46.21779313725536298 ) ) ;
#5067 = ORIENTED_EDGE ( 'NONE', *, *, #632, .F. ) ;
#5068 = FACE_OUTER_BOUND ( 'NONE', #2479, .T. ) ;
#5069 = ORIENTED_EDGE ( 'NONE', *, *, #3726, .F. ) ;
#5070 = CARTESIAN_POINT ( 'NONE',  ( 28.40062499999999801, 12.55499999999999794, -47.43562500000000171 ) ) ;
#5071 = CARTESIAN_POINT ( 'NONE',  ( 10.12500000000000000, -3.370430864604926580, -96.94745616557213452 ) ) ;
#5072 = CARTESIAN_POINT ( 'NONE',  ( 21.88778412817372043, 20.81620343430528663, -84.33489998755173644 ) ) ;
#5073 = CARTESIAN_POINT ( 'NONE',  ( 29.53452911072453801, 22.26968819089637108, -39.87630517845672529 ) ) ;
#5074 = LINE ( 'NONE', #2683, #126 ) ;
#5075 = DIRECTION ( 'NONE',  ( -0.000000000000000000, 1.000000000000000000, 0.000000000000000000 ) ) ;
#5076 = ORIENTED_EDGE ( 'NONE', *, *, #1301, .T. ) ;
#5077 = DIRECTION ( 'NONE',  ( 0.000000000000000000, 0.000000000000000000, -1.000000000000000000 ) ) ;
#5078 = CARTESIAN_POINT ( 'NONE',  ( -12.67873889985039071, -3.037499999998892530, -23.69250000000030099 ) ) ;
#5079 = CARTESIAN_POINT ( 'NONE',  ( 17.60147417791647939, -3.037500000000000089, -90.89255194483097000 ) ) ;
#5080 = ORIENTED_EDGE ( 'NONE', *, *, #431, .T. ) ;
#5081 = CARTESIAN_POINT ( 'NONE',  ( 12.15000000000031122, 28.14750000000025665, -90.61874999999999147 ) ) ;
#5082 = PRESENTATION_LAYER_ASSIGNMENT (  '', '', ( #2184 ) ) ;
#5083 = CARTESIAN_POINT ( 'NONE',  ( 14.31799403835336904, 28.14749999999999375, -93.60648944289486906 ) ) ;
#5084 = EDGE_CURVE ( 'NONE', #3157, #1066, #2163, .T. ) ;
#5085 = CARTESIAN_POINT ( 'NONE',  ( 9.625000000000000000, 25.10999999999999588, 3.037499999999999645 ) ) ;
#5086 = FACE_OUTER_BOUND ( 'NONE', #2455, .T. ) ;
#5087 =( NAMED_UNIT ( * ) SI_UNIT ( $, .STERADIAN. ) SOLID_ANGLE_UNIT ( ) );
#5088 = CARTESIAN_POINT ( 'NONE',  ( 16.43444566954535802, 29.16000000000028081, -44.41531023317005378 ) ) ;
#5089 = CARTESIAN_POINT ( 'NONE',  ( 18.81077253287925188, 29.16000000000001791, -95.20556455095395165 ) ) ;
#5090 = EDGE_LOOP ( 'NONE', ( #3414 ) ) ;
#5091 = FILL_AREA_STYLE ('',( #3061 ) ) ;
#5092 = CARTESIAN_POINT ( 'NONE',  ( 20.48008129176927383, 1.332014869778863631, -50.71066806268798643 ) ) ;
#5093 = DIRECTION ( 'NONE',  ( 0.000000000000000000, -5.595882180570350110E-16, 1.000000000000000000 ) ) ;
#5094 = DIRECTION ( 'NONE',  ( 1.000000000000000000, 0.000000000000000000, 0.000000000000000000 ) ) ;
#5095 = VERTEX_POINT ( 'NONE', #1842 ) ;
#5096 = CARTESIAN_POINT ( 'NONE',  ( 9.625000000000000000, 28.14749999999999375, -23.69250000000030099 ) ) ;
#5097 = ORIENTED_EDGE ( 'NONE', *, *, #3297, .F. ) ;
#5098 = DIRECTION ( 'NONE',  ( 1.000000000000000000, 0.000000000000000000, 0.000000000000000000 ) ) ;
#5099 = DIRECTION ( 'NONE',  ( 0.000000000000000000, 1.000000000000000000, 2.344019796382526573E-16 ) ) ;
#5100 = CARTESIAN_POINT ( 'NONE',  ( 22.03264035779718455, 20.22456280738258272, -84.05210111173649068 ) ) ;
#5101 = SURFACE_STYLE_FILL_AREA ( #3497 ) ;
#5102 =( NAMED_UNIT ( * ) SI_UNIT ( $, .STERADIAN. ) SOLID_ANGLE_UNIT ( ) );
#5103 = CARTESIAN_POINT ( 'NONE',  ( 29.55827062427585261, 2.901141006556314128, -39.29490392701904256 ) ) ;
#5104 = EDGE_LOOP ( 'NONE', ( #532, #3041, #3126, #1995 ) ) ;
#5105 = CARTESIAN_POINT ( 'NONE',  ( 14.48754105278379356, 29.16000000000016357, -37.78257329955141586 ) ) ;
ENDSEC;
END-ISO-10303-21;
