ISO-10303-21;
HEADER;
FILE_DESCRIPTION (( 'STEP AP214' ),
    '1' );
FILE_NAME('Lower_Electronics_Tray.step','2026-09-10T00:00:00',('RIVERDOG'),(''),'SOLIDWORKS STEP exporter','SOLIDWORKS','');
FILE_SCHEMA (( 'AUTOMOTIVE_DESIGN' ));
ENDSEC;

DATA;
#1 = CYLINDRICAL_SURFACE ( 'NONE', #1214, 4.999999999999997335 ) ;
#2 = DIRECTION ( 'NONE',  ( 1.000000000000000000, 0.000000000000000000, 0.000000000000000000 ) ) ;
#3 = CARTESIAN_POINT ( 'NONE',  ( 0.000000000000000000, 0.000000000000000000, 6.250000000000000000 ) ) ;
#4 = EDGE_CURVE ( 'NONE', #819, #355, #1926, .T. ) ;
#5 = DIRECTION ( 'NONE',  ( 1.000000000000000000, 0.000000000000000000, 0.000000000000000000 ) ) ;
#6 = PLANE ( 'NONE',  #1877 ) ;
#7 = EDGE_LOOP ( 'NONE', ( #242, #778, #209, #871 ) ) ;
#8 = UNCERTAINTY_MEASURE_WITH_UNIT (LENGTH_MEASURE( 1.000000000000000082E-05 ), #1526, 'distance_accuracy_value', 'NONE');
#9 = LINE ( 'NONE', #1015, #80 ) ;
#10 = CARTESIAN_POINT ( 'NONE',  ( -5.951665989118919420, 0.000000000000000000, 0.000000000000000000 ) ) ;
#11 = VERTEX_POINT ( 'NONE', #2063 ) ;
#12 = VECTOR ( 'NONE', #1559, 1000.000000000000000 ) ;
#13 = CARTESIAN_POINT ( 'NONE',  ( 24.54833401088108147, 28.01182741477552085, 19.25000000000000000 ) ) ;
#14 = VECTOR ( 'NONE', #1967, 1000.000000000000000 ) ;
#15 = AXIS2_PLACEMENT_3D ( 'NONE', #471, #269, #1810 ) ;
#16 = CIRCLE ( 'NONE', #717, 2.499999999999998668 ) ;
#17 = CARTESIAN_POINT ( 'NONE',  ( 67.35664573211299455, -8.988172585224475597, 19.25000000000000000 ) ) ;
#18 = CARTESIAN_POINT ( 'NONE',  ( -3.451665989118919420, -8.988172585224475597, 19.25000000000000000 ) ) ;
#19 = DIRECTION ( 'NONE',  ( -0.000000000000000000, 1.000000000000000000, 0.000000000000000000 ) ) ;
#20 = EDGE_LOOP ( 'NONE', ( #1752 ) ) ;
#21 = ADVANCED_FACE ( 'NONE', ( #432, #1588 ), #2088, .T. ) ;
#22 = FACE_OUTER_BOUND ( 'NONE', #341, .T. ) ;
#23 = CARTESIAN_POINT ( 'NONE',  ( 24.54833401088108857, -8.988172585224480926, 19.25000000000000000 ) ) ;
#24 = CARTESIAN_POINT ( 'NONE',  ( 0.000000000000000000, 132.6490616716830573, -3.750000000000000000 ) ) ;
#25 = FACE_OUTER_BOUND ( 'NONE', #943, .T. ) ;
#26 = DIRECTION ( 'NONE',  ( 1.000000000000000000, 0.000000000000000000, 0.000000000000000000 ) ) ;
#27 = ORIENTED_EDGE ( 'NONE', *, *, #1751, .F. ) ;
#28 = DIRECTION ( 'NONE',  ( 1.000000000000000000, 0.000000000000000000, -0.000000000000000000 ) ) ;
#29 = VERTEX_POINT ( 'NONE', #1063 ) ;
#30 = EDGE_CURVE ( 'NONE', #1086, #375, #1580, .T. ) ;
#31 = DIRECTION ( 'NONE',  ( 0.000000000000000000, 0.000000000000000000, 1.000000000000000000 ) ) ;
#32 = DIRECTION ( 'NONE',  ( 1.000000000000000000, 0.000000000000000000, 0.000000000000000000 ) ) ;
#33 = EDGE_LOOP ( 'NONE', ( #302 ) ) ;
#34 = CARTESIAN_POINT ( 'NONE',  ( -2.201665989118919864, 28.01182741477552085, 6.250000000000000000 ) ) ;
#35 = DIRECTION ( 'NONE',  ( -0.000000000000000000, 0.000000000000000000, 1.000000000000000000 ) ) ;
#36 = ORIENTED_EDGE ( 'NONE', *, *, #796, .F. ) ;
#37 = VERTEX_POINT ( 'NONE', #1233 ) ;
#38 = FACE_OUTER_BOUND ( 'NONE', #957, .T. ) ;
#39 = EDGE_CURVE ( 'NONE', #1426, #1141, #1268, .T. ) ;
#40 = FACE_OUTER_BOUND ( 'NONE', #1293, .T. ) ;
#41 = EDGE_CURVE ( 'NONE', #2051, #348, #1603, .T. ) ;
#42 = CIRCLE ( 'NONE', #1283, 2.500000000000000000 ) ;
#43 = EDGE_LOOP ( 'NONE', ( #468 ) ) ;
#44 = AXIS2_PLACEMENT_3D ( 'NONE', #116, #303, #798 ) ;
#45 = VECTOR ( 'NONE', #1442, 1000.000000000000000 ) ;
#46 = CARTESIAN_POINT ( 'NONE',  ( 93.50000000000000000, 0.000000000000000000, 0.000000000000000000 ) ) ;
#47 = ORIENTED_EDGE ( 'NONE', *, *, #462, .T. ) ;
#48 = VERTEX_POINT ( 'NONE', #1548 ) ;
#49 = CARTESIAN_POINT ( 'NONE',  ( -5.951665989118919420, -16.98817258522447560, -175.2603257679863304 ) ) ;
#50 = DIRECTION ( 'NONE',  ( 1.000000000000000000, -0.000000000000000000, 0.000000000000000000 ) ) ;
#51 = ORIENTED_EDGE ( 'NONE', *, *, #396, .F. ) ;
#52 = DIRECTION ( 'NONE',  ( 1.000000000000000000, 0.000000000000000000, 0.000000000000000000 ) ) ;
#53 = FACE_BOUND ( 'NONE', #1719, .T. ) ;
#54 = EDGE_CURVE ( 'NONE', #602, #550, #97, .T. ) ;
#55 = EDGE_LOOP ( 'NONE', ( #173 ) ) ;
#56 = EDGE_LOOP ( 'NONE', ( #1067, #492, #1560, #584 ) ) ;
#57 = VERTEX_POINT ( 'NONE', #1909 ) ;
#58 = LINE ( 'NONE', #1402, #154 ) ;
#59 = VERTEX_POINT ( 'NONE', #571 ) ;
#60 = CARTESIAN_POINT ( 'NONE',  ( 63.85664573211297323, 9.710685196903375171, 6.250000000000000000 ) ) ;
#61 = ORIENTED_EDGE ( 'NONE', *, *, #267, .T. ) ;
#62 = DIRECTION ( 'NONE',  ( 1.000000000000000000, 0.000000000000000000, 0.000000000000000000 ) ) ;
#63 = LINE ( 'NONE', #1595, #300 ) ;
#64 = ORIENTED_EDGE ( 'NONE', *, *, #191, .T. ) ;
#65 = EDGE_CURVE ( 'NONE', #1426, #1023, #1893, .T. ) ;
#66 = CARTESIAN_POINT ( 'NONE',  ( 0.000000000000000000, 9.710685196903375171, 0.000000000000000000 ) ) ;
#67 = DIRECTION ( 'NONE',  ( -1.000000000000000000, 0.000000000000000000, 0.000000000000000000 ) ) ;
#68 = CARTESIAN_POINT ( 'NONE',  ( -0.000000000000000000, 139.6490616716830573, 0.000000000000000000 ) ) ;
#69 = CARTESIAN_POINT ( 'NONE',  ( 25.79833401088108857, -8.988172585224480926, 6.250000000000000000 ) ) ;
#70 = EDGE_LOOP ( 'NONE', ( #912 ) ) ;
#71 = EDGE_LOOP ( 'NONE', ( #424 ) ) ;
#72 = DIRECTION ( 'NONE',  ( 1.000000000000000000, 0.000000000000000000, 0.000000000000000000 ) ) ;
#73 = FACE_BOUND ( 'NONE', #894, .T. ) ;
#74 = CARTESIAN_POINT ( 'NONE',  ( 14.04833401088108680, -5.689314803096623407, 0.000000000000000000 ) ) ;
#75 = EDGE_LOOP ( 'NONE', ( #1942 ) ) ;
#76 = AXIS2_PLACEMENT_3D ( 'NONE', #600, #1409, #390 ) ;
#77 = DIRECTION ( 'NONE',  ( 0.000000000000000000, -1.000000000000000000, 0.000000000000000000 ) ) ;
#78 = EDGE_LOOP ( 'NONE', ( #373 ) ) ;
#79 = AXIS2_PLACEMENT_3D ( 'NONE', #2022, #1192, #1185 ) ;
#80 = VECTOR ( 'NONE', #810, 1000.000000000000000 ) ;
#81 = APPLICATION_PROTOCOL_DEFINITION ( 'draft international standard', 'automotive_design', 1998, #1236 ) ;
#82 = CIRCLE ( 'NONE', #122, 1.250000000000001110 ) ;
#83 = AXIS2_PLACEMENT_3D ( 'NONE', #1167, #1990, #826 ) ;
#84 = DIRECTION ( 'NONE',  ( -0.000000000000000000, -0.000000000000000000, 1.000000000000000000 ) ) ;
#85 = ADVANCED_FACE ( 'NONE', ( #2056 ), #1406, .T. ) ;
#86 = EDGE_LOOP ( 'NONE', ( #1463 ) ) ;
#87 = COLOUR_RGB ( '',0.8941176470588234615, 0.8941176470588234615, 0.8941176470588234615 ) ;
#88 = CARTESIAN_POINT ( 'NONE',  ( 63.85664573211297323, -16.08410752204747496, -175.2603257679863304 ) ) ;
#89 = CYLINDRICAL_SURFACE ( 'NONE', #1803, 1.250000000000001110 ) ;
#90 = CARTESIAN_POINT ( 'NONE',  ( 41.96488807819015676, 79.14906167168305728, 11.25000000000000000 ) ) ;
#91 = FACE_BOUND ( 'NONE', #78, .T. ) ;
#92 = ORIENTED_EDGE ( 'NONE', *, *, #574, .F. ) ;
#93 = LINE ( 'NONE', #1343, #712 ) ;
#94 = CARTESIAN_POINT ( 'NONE',  ( 69.85664573211298034, -8.988172585224475597, 6.250000000000000000 ) ) ;
#95 = DIRECTION ( 'NONE',  ( 1.000000000000000000, 0.000000000000000000, 0.000000000000000000 ) ) ;
#96 = EDGE_LOOP ( 'NONE', ( #1306, #1397, #347, #1757 ) ) ;
#97 = LINE ( 'NONE', #1570, #1208 ) ;
#98 = DIRECTION ( 'NONE',  ( 0.000000000000000000, -0.000000000000000000, -1.000000000000000000 ) ) ;
#99 = ORIENTED_EDGE ( 'NONE', *, *, #1368, .F. ) ;
#100 = ADVANCED_FACE ( 'NONE', ( #387 ), #1722, .F. ) ;
#101 = CARTESIAN_POINT ( 'NONE',  ( 98.50000000000000000, -16.08410752204747496, 6.250000000000000000 ) ) ;
#102 = CARTESIAN_POINT ( 'NONE',  ( 95.35664573211296613, 28.01182741477551730, 19.25000000000000000 ) ) ;
#103 = PLANE ( 'NONE',  #187 ) ;
#104 = ORIENTED_EDGE ( 'NONE', *, *, #1817, .T. ) ;
#105 = FACE_OUTER_BOUND ( 'NONE', #785, .T. ) ;
#106 = FACE_OUTER_BOUND ( 'NONE', #671, .T. ) ;
#107 = DIRECTION ( 'NONE',  ( 1.000000000000000000, 0.000000000000000000, 0.000000000000000000 ) ) ;
#108 = DIRECTION ( 'NONE',  ( -0.000000000000000000, -0.000000000000000000, -1.000000000000000000 ) ) ;
#109 = ORIENTED_EDGE ( 'NONE', *, *, #1629, .F. ) ;
#110 = FACE_BOUND ( 'NONE', #416, .T. ) ;
#111 = CARTESIAN_POINT ( 'NONE',  ( 27.75664573211297892, -16.98817258522447204, 6.250000000000000000 ) ) ;
#112 = EDGE_LOOP ( 'NONE', ( #1855 ) ) ;
#113 = EDGE_CURVE ( 'NONE', #1364, #1364, #750, .T. ) ;
#114 = ORIENTED_EDGE ( 'NONE', *, *, #1219, .T. ) ;
#115 = DIRECTION ( 'NONE',  ( 0.000000000000000000, 0.000000000000000000, 1.000000000000000000 ) ) ;
#116 = CARTESIAN_POINT ( 'NONE',  ( 24.54833401088108147, 28.01182741477552085, 19.25000000000000000 ) ) ;
#117 = AXIS2_PLACEMENT_3D ( 'NONE', #2076, #591, #250 ) ;
#118 = VECTOR ( 'NONE', #1984, 1000.000000000000000 ) ;
#119 = CARTESIAN_POINT ( 'NONE',  ( 22.57048167804276417, 41.87565853515451408, -175.2603257679863304 ) ) ;
#120 = CARTESIAN_POINT ( 'NONE',  ( 1.748517222769856663E-15, -16.98817258522447560, 0.000000000000000000 ) ) ;
#121 = ORIENTED_EDGE ( 'NONE', *, *, #1599, .T. ) ;
#122 = AXIS2_PLACEMENT_3D ( 'NONE', #794, #475, #772 ) ;
#123 = AXIS2_PLACEMENT_3D ( 'NONE', #548, #1706, #1203 ) ;
#124 = CARTESIAN_POINT ( 'NONE',  ( 95.35664573211296613, 28.01182741477551730, 19.25000000000000000 ) ) ;
#125 = FACE_OUTER_BOUND ( 'NONE', #1760, .T. ) ;
#126 = AXIS2_PLACEMENT_3D ( 'NONE', #835, #1354, #1007 ) ;
#127 = EDGE_CURVE ( 'NONE', #1001, #593, #1066, .T. ) ;
#128 = AXIS2_PLACEMENT_3D ( 'NONE', #460, #1259, #797 ) ;
#129 = VERTEX_POINT ( 'NONE', #1798 ) ;
#130 = FACE_OUTER_BOUND ( 'NONE', #719, .T. ) ;
#131 = FACE_OUTER_BOUND ( 'NONE', #1547, .T. ) ;
#132 = ORIENTED_EDGE ( 'NONE', *, *, #2127, .T. ) ;
#133 = DIRECTION ( 'NONE',  ( 0.000000000000000000, 0.000000000000000000, 1.000000000000000000 ) ) ;
#134 = DIRECTION ( 'NONE',  ( 1.000000000000000000, 0.000000000000000000, 0.000000000000000000 ) ) ;
#135 = ADVANCED_FACE ( 'NONE', ( #2144, #1130 ), #2129, .T. ) ;
#136 = PLANE ( 'NONE',  #857 ) ;
#137 = PLANE ( 'NONE',  #1108 ) ;
#138 = EDGE_LOOP ( 'NONE', ( #1795, #1823, #212, #384 ) ) ;
#139 = EDGE_CURVE ( 'NONE', #1239, #473, #1484, .T. ) ;
#140 = DIRECTION ( 'NONE',  ( 0.000000000000000000, 0.000000000000000000, 1.000000000000000000 ) ) ;
#141 = DIRECTION ( 'NONE',  ( 1.000000000000000000, 0.000000000000000000, 0.000000000000000000 ) ) ;
#142 = FACE_OUTER_BOUND ( 'NONE', #1478, .T. ) ;
#143 = DIRECTION ( 'NONE',  ( 1.000000000000000000, 0.000000000000000000, 0.000000000000000000 ) ) ;
#144 = EDGE_LOOP ( 'NONE', ( #114 ) ) ;
#145 = DIRECTION ( 'NONE',  ( -0.000000000000000000, -0.000000000000000000, -1.000000000000000000 ) ) ;
#146 = VECTOR ( 'NONE', #628, 1000.000000000000000 ) ;
#147 = VECTOR ( 'NONE', #735, 1000.000000000000000 ) ;
#148 = PLANE ( 'NONE',  #478 ) ;
#149 = ADVANCED_FACE ( 'NONE', ( #2135 ), #1453, .T. ) ;
#150 = CIRCLE ( 'NONE', #1210, 2.499999999999998668 ) ;
#151 = AXIS2_PLACEMENT_3D ( 'NONE', #171, #140, #160 ) ;
#152 = CARTESIAN_POINT ( 'NONE',  ( 18.40248987149702842, -20.48817258522447560, 6.250000000000000000 ) ) ;
#153 = CIRCLE ( 'NONE', #1494, 2.500000000000015987 ) ;
#154 = VECTOR ( 'NONE', #2071, 1000.000000000000000 ) ;
#155 = CIRCLE ( 'NONE', #1764, 1.249999999999999778 ) ;
#156 = CARTESIAN_POINT ( 'NONE',  ( 90.96488807819015676, 79.14906167168305728, 11.25000000000000000 ) ) ;
#157 = DIRECTION ( 'NONE',  ( -0.000000000000000000, -0.000000000000000000, 1.000000000000000000 ) ) ;
#158 = DIRECTION ( 'NONE',  ( 0.000000000000000000, -0.000000000000000000, -1.000000000000000000 ) ) ;
#159 = ORIENTED_EDGE ( 'NONE', *, *, #1416, .T. ) ;
#160 = DIRECTION ( 'NONE',  ( 1.000000000000000000, 0.000000000000000000, 0.000000000000000000 ) ) ;
#161 = CARTESIAN_POINT ( 'NONE',  ( 30.99999999999999289, 47.14906167168310702, 6.250000000000000000 ) ) ;
#162 = DIRECTION ( 'NONE',  ( -1.000000000000000000, 0.000000000000000000, 0.000000000000000000 ) ) ;
#163 = ORIENTED_EDGE ( 'NONE', *, *, #849, .T. ) ;
#164 = ADVANCED_FACE ( 'NONE', ( #631, #639 ), #1957, .F. ) ;
#165 = FACE_BOUND ( 'NONE', #1517, .T. ) ;
#166 = VERTEX_POINT ( 'NONE', #953 ) ;
#167 = FACE_OUTER_BOUND ( 'NONE', #394, .T. ) ;
#168 = DIRECTION ( 'NONE',  ( -0.000000000000000000, -0.000000000000000000, -1.000000000000000000 ) ) ;
#169 = CARTESIAN_POINT ( 'NONE',  ( 73.67832286605647596, -12.58410752204747496, -3.750000000000000000 ) ) ;
#170 = ORIENTED_EDGE ( 'NONE', *, *, #1563, .F. ) ;
#171 = CARTESIAN_POINT ( 'NONE',  ( 95.35664573211296613, 28.01182741477551730, 19.25000000000000000 ) ) ;
#172 = DIRECTION ( 'NONE',  ( -0.000000000000000000, -1.000000000000000000, -0.000000000000000000 ) ) ;
#173 = ORIENTED_EDGE ( 'NONE', *, *, #1632, .F. ) ;
#174 = DIRECTION ( 'NONE',  ( 0.000000000000000000, 0.000000000000000000, 1.000000000000000000 ) ) ;
#175 = CARTESIAN_POINT ( 'NONE',  ( 38.50000000000000000, 22.14906167168309281, 6.250000000000000000 ) ) ;
#176 = LINE ( 'NONE', #2032, #225 ) ;
#177 = ADVANCED_FACE ( 'NONE', ( #1971, #1324 ), #1277, .F. ) ;
#178 = DIRECTION ( 'NONE',  ( 1.000000000000000000, 0.000000000000000000, 0.000000000000000000 ) ) ;
#179 = DIRECTION ( 'NONE',  ( 0.000000000000000000, 0.000000000000000000, 1.000000000000000000 ) ) ;
#180 = CARTESIAN_POINT ( 'NONE',  ( 93.50000000000000000, 137.1490616716830573, 0.000000000000000000 ) ) ;
#181 = DIRECTION ( 'NONE',  ( 0.000000000000000000, -1.000000000000000000, 0.000000000000000000 ) ) ;
#182 = ORIENTED_EDGE ( 'NONE', *, *, #1475, .F. ) ;
#183 = LINE ( 'NONE', #860, #1247 ) ;
#184 = VECTOR ( 'NONE', #1550, 1000.000000000000000 ) ;
#185 = AXIS2_PLACEMENT_3D ( 'NONE', #1160, #311, #987 ) ;
#186 = AXIS2_PLACEMENT_3D ( 'NONE', #1337, #2002, #1255 ) ;
#187 = AXIS2_PLACEMENT_3D ( 'NONE', #813, #665, #502 ) ;
#188 = PLANE ( 'NONE',  #754 ) ;
#189 = CARTESIAN_POINT ( 'NONE',  ( -3.451665989118919420, 28.01182741477552085, 6.250000000000000000 ) ) ;
#190 = VECTOR ( 'NONE', #1340, 1000.000000000000000 ) ;
#191 = EDGE_CURVE ( 'NONE', #792, #1239, #472, .T. ) ;
#192 = CARTESIAN_POINT ( 'NONE',  ( 68.60664573211298034, 28.01182741477552085, 19.25000000000000000 ) ) ;
#193 = EDGE_LOOP ( 'NONE', ( #2027 ) ) ;
#194 = EDGE_CURVE ( 'NONE', #602, #1649, #1966, .T. ) ;
#195 = CARTESIAN_POINT ( 'NONE',  ( 81.10000000000000853, 112.1490616716830857, 0.000000000000000000 ) ) ;
#196 = CARTESIAN_POINT ( 'NONE',  ( 28.49999999999999645, 47.14906167168310702, 31.25000000000000000 ) ) ;
#197 = FACE_OUTER_BOUND ( 'NONE', #2046, .T. ) ;
#198 = ADVANCED_FACE ( 'NONE', ( #130, #482 ), #1152, .F. ) ;
#199 = FACE_OUTER_BOUND ( 'NONE', #1328, .T. ) ;
#200 = ORIENTED_EDGE ( 'NONE', *, *, #2059, .F. ) ;
#201 = FACE_BOUND ( 'NONE', #444, .T. ) ;
#202 = EDGE_LOOP ( 'NONE', ( #573 ) ) ;
#203 = ORIENTED_EDGE ( 'NONE', *, *, #474, .F. ) ;
#204 = ADVANCED_FACE ( 'NONE', ( #1986, #2104 ), #1468, .T. ) ;
#205 = CARTESIAN_POINT ( 'NONE',  ( 97.85664573211299455, -8.988172585224480926, 19.25000000000000000 ) ) ;
#206 = EDGE_CURVE ( 'NONE', #1411, #1411, #1733, .T. ) ;
#207 = DIRECTION ( 'NONE',  ( 0.000000000000000000, 0.000000000000000000, 1.000000000000000000 ) ) ;
#208 = CARTESIAN_POINT ( 'NONE',  ( 63.85664573211297323, 9.710685196903375171, 6.250000000000000000 ) ) ;
#209 = ORIENTED_EDGE ( 'NONE', *, *, #270, .T. ) ;
#210 = VERTEX_POINT ( 'NONE', #382 ) ;
#211 = LINE ( 'NONE', #2069, #687 ) ;
#212 = ORIENTED_EDGE ( 'NONE', *, *, #194, .T. ) ;
#213 = VERTEX_POINT ( 'NONE', #2039 ) ;
#214 = DIRECTION ( 'NONE',  ( -1.000000000000000000, 0.000000000000000000, 0.000000000000000000 ) ) ;
#215 = ORIENTED_EDGE ( 'NONE', *, *, #2072, .T. ) ;
#216 = EDGE_LOOP ( 'NONE', ( #725 ) ) ;
#217 = ADVANCED_FACE ( 'NONE', ( #315 ), #944, .T. ) ;
#218 = DIRECTION ( 'NONE',  ( -0.000000000000000000, -0.000000000000000000, 1.000000000000000000 ) ) ;
#219 = FACE_BOUND ( 'NONE', #1847, .T. ) ;
#220 = AXIS2_PLACEMENT_3D ( 'NONE', #1502, #1631, #1858 ) ;
#221 = EDGE_LOOP ( 'NONE', ( #1235 ) ) ;
#222 = AXIS2_PLACEMENT_3D ( 'NONE', #1898, #739, #418 ) ;
#223 = AXIS2_PLACEMENT_3D ( 'NONE', #2145, #1308, #1958 ) ;
#224 = DIRECTION ( 'NONE',  ( -0.000000000000000000, 0.000000000000000000, 1.000000000000000000 ) ) ;
#225 = VECTOR ( 'NONE', #706, 1000.000000000000000 ) ;
#226 = VERTEX_POINT ( 'NONE', #1376 ) ;
#227 = FACE_OUTER_BOUND ( 'NONE', #1778, .T. ) ;
#228 = ORIENTED_EDGE ( 'NONE', *, *, #633, .F. ) ;
#229 = ORIENTED_EDGE ( 'NONE', *, *, #812, .T. ) ;
#230 = CARTESIAN_POINT ( 'NONE',  ( 22.57048167804276417, 41.87565853515451408, 6.250000000000000000 ) ) ;
#231 = EDGE_CURVE ( 'NONE', #473, #1947, #1439, .T. ) ;
#232 = EDGE_LOOP ( 'NONE', ( #1338 ) ) ;
#233 = CARTESIAN_POINT ( 'NONE',  ( 67.35664573211298034, 28.01182741477552085, 19.25000000000000000 ) ) ;
#234 = DIRECTION ( 'NONE',  ( -0.000000000000000000, -0.000000000000000000, -1.000000000000000000 ) ) ;
#235 = CARTESIAN_POINT ( 'NONE',  ( 18.40248987149702842, -16.98817258522447204, 0.000000000000000000 ) ) ;
#236 = VERTEX_POINT ( 'NONE', #1578 ) ;
#237 = DIRECTION ( 'NONE',  ( -1.000000000000000000, -1.029255627112380433E-16, 0.000000000000000000 ) ) ;
#238 = ORIENTED_EDGE ( 'NONE', *, *, #986, .T. ) ;
#239 = EDGE_LOOP ( 'NONE', ( #693, #1136, #317, #104 ) ) ;
#240 = CARTESIAN_POINT ( 'NONE',  ( 22.57048167804276417, 155.0000000000000000, 6.250000000000000000 ) ) ;
#241 = ORIENTED_EDGE ( 'NONE', *, *, #1204, .F. ) ;
#242 = ORIENTED_EDGE ( 'NONE', *, *, #1640, .F. ) ;
#243 = EDGE_CURVE ( 'NONE', #1581, #1581, #2011, .T. ) ;
#244 = LINE ( 'NONE', #1299, #1556 ) ;
#245 = FACE_OUTER_BOUND ( 'NONE', #1121, .T. ) ;
#246 = ORIENTED_EDGE ( 'NONE', *, *, #892, .F. ) ;
#247 = ORIENTED_EDGE ( 'NONE', *, *, #667, .F. ) ;
#248 = ORIENTED_EDGE ( 'NONE', *, *, #2153, .T. ) ;
#249 = CYLINDRICAL_SURFACE ( 'NONE', #2016, 1.250000000000001110 ) ;
#250 = DIRECTION ( 'NONE',  ( 1.000000000000000000, 0.000000000000000000, -0.000000000000000000 ) ) ;
#251 = EDGE_LOOP ( 'NONE', ( #883 ) ) ;
#252 = AXIS2_PLACEMENT_3D ( 'NONE', #1545, #35, #932 ) ;
#253 = CARTESIAN_POINT ( 'NONE',  ( 93.50000000000000000, 0.000000000000000000, 6.250000000000000000 ) ) ;
#254 = CIRCLE ( 'NONE', #293, 4.999999999999997335 ) ;
#255 = AXIS2_PLACEMENT_3D ( 'NONE', #1326, #511, #642 ) ;
#256 = EDGE_CURVE ( 'NONE', #2049, #2049, #617, .T. ) ;
#257 = AXIS2_PLACEMENT_3D ( 'NONE', #1105, #1281, #1771 ) ;
#258 = CIRCLE ( 'NONE', #519, 2.500000000000015987 ) ;
#259 = ORIENTED_EDGE ( 'NONE', *, *, #474, .T. ) ;
#260 = CYLINDRICAL_SURFACE ( 'NONE', #1695, 2.500000000000002220 ) ;
#261 = ORIENTED_EDGE ( 'NONE', *, *, #1085, .F. ) ;
#262 = EDGE_CURVE ( 'NONE', #57, #57, #1590, .T. ) ;
#263 = VECTOR ( 'NONE', #734, 1000.000000000000000 ) ;
#264 = DIRECTION ( 'NONE',  ( -0.000000000000000000, -0.000000000000000000, -1.000000000000000000 ) ) ;
#265 = LINE ( 'NONE', #1951, #546 ) ;
#266 = ORIENTED_EDGE ( 'NONE', *, *, #2019, .T. ) ;
#267 = EDGE_CURVE ( 'NONE', #1581, #1164, #1644, .T. ) ;
#268 = DIRECTION ( 'NONE',  ( -1.000000000000000000, 0.000000000000000000, 0.000000000000000000 ) ) ;
#269 = DIRECTION ( 'NONE',  ( -1.000000000000000000, 0.000000000000000000, 0.000000000000000000 ) ) ;
#270 = EDGE_CURVE ( 'NONE', #792, #833, #305, .T. ) ;
#271 = DIRECTION ( 'NONE',  ( -1.000000000000000000, -0.000000000000000000, -0.000000000000000000 ) ) ;
#272 = FACE_OUTER_BOUND ( 'NONE', #2124, .T. ) ;
#273 = ORIENTED_EDGE ( 'NONE', *, *, #139, .F. ) ;
#274 = FACE_OUTER_BOUND ( 'NONE', #2157, .T. ) ;
#275 = ADVANCED_FACE ( 'NONE', ( #945 ), #137, .T. ) ;
#276 = FACE_OUTER_BOUND ( 'NONE', #1983, .T. ) ;
#277 = EDGE_LOOP ( 'NONE', ( #1968 ) ) ;
#278 = VERTEX_POINT ( 'NONE', #808 ) ;
#279 = CARTESIAN_POINT ( 'NONE',  ( 73.67832286605647596, -16.08410752204747496, 6.250000000000000000 ) ) ;
#280 = DIRECTION ( 'NONE',  ( 1.000000000000000000, 0.000000000000000000, 0.000000000000000000 ) ) ;
#281 = PRODUCT_CONTEXT ( 'NONE', #1236, 'mechanical' ) ;
#282 = DIRECTION ( 'NONE',  ( -0.000000000000000000, 0.000000000000000000, 1.000000000000000000 ) ) ;
#283 = CARTESIAN_POINT ( 'NONE',  ( 24.54833401088108857, -8.988172585224480926, 19.25000000000000000 ) ) ;
#284 = CARTESIAN_POINT ( 'NONE',  ( 0.000000000000000000, -16.08410752204747496, -175.2603257679863304 ) ) ;
#285 = EDGE_LOOP ( 'NONE', ( #1786 ) ) ;
#286 = PLANE ( 'NONE',  #1949 ) ;
#287 = DIRECTION ( 'NONE',  ( -0.000000000000000000, -0.000000000000000000, -1.000000000000000000 ) ) ;
#288 = ADVANCED_FACE ( 'NONE', ( #131, #980 ), #1485, .T. ) ;
#289 = VERTEX_POINT ( 'NONE', #621 ) ;
#290 = DIRECTION ( 'NONE',  ( -1.000000000000000000, 0.000000000000000000, 0.000000000000000000 ) ) ;
#291 = AXIS2_PLACEMENT_3D ( 'NONE', #1393, #50, #724 ) ;
#292 = VERTEX_POINT ( 'NONE', #1128 ) ;
#293 = AXIS2_PLACEMENT_3D ( 'NONE', #175, #31, #1797 ) ;
#294 = AXIS2_PLACEMENT_3D ( 'NONE', #2130, #108, #640 ) ;
#295 = DIRECTION ( 'NONE',  ( 0.000000000000000000, 1.000000000000000000, 0.000000000000000000 ) ) ;
#296 = ORIENTED_EDGE ( 'NONE', *, *, #824, .T. ) ;
#297 = CIRCLE ( 'NONE', #186, 2.499999999999988454 ) ;
#298 = VECTOR ( 'NONE', #1689, 1000.000000000000000 ) ;
#299 = DIRECTION ( 'NONE',  ( -1.000000000000000000, 0.000000000000000000, 0.000000000000000000 ) ) ;
#300 = VECTOR ( 'NONE', #1750, 1000.000000000000000 ) ;
#301 = EDGE_CURVE ( 'NONE', #11, #1756, #1477, .T. ) ;
#302 = ORIENTED_EDGE ( 'NONE', *, *, #2059, .T. ) ;
#303 = DIRECTION ( 'NONE',  ( -0.000000000000000000, -0.000000000000000000, -1.000000000000000000 ) ) ;
#304 = DIRECTION ( 'NONE',  ( 0.000000000000000000, 0.000000000000000000, 1.000000000000000000 ) ) ;
#305 = LINE ( 'NONE', #120, #14 ) ;
#306 = ORIENTED_EDGE ( 'NONE', *, *, #774, .F. ) ;
#307 = DIRECTION ( 'NONE',  ( 1.000000000000000000, 0.000000000000000000, 0.000000000000000000 ) ) ;
#308 = FACE_OUTER_BOUND ( 'NONE', #1787, .T. ) ;
#309 = DIRECTION ( 'NONE',  ( 0.000000000000000000, 0.000000000000000000, 1.000000000000000000 ) ) ;
#310 = FACE_OUTER_BOUND ( 'NONE', #216, .T. ) ;
#311 = DIRECTION ( 'NONE',  ( 0.000000000000000000, 0.000000000000000000, 1.000000000000000000 ) ) ;
#312 = FACE_BOUND ( 'NONE', #1163, .T. ) ;
#313 = EDGE_CURVE ( 'NONE', #2079, #2079, #1626, .T. ) ;
#314 = DIRECTION ( 'NONE',  ( -1.000000000000000000, 0.000000000000000000, 0.000000000000000000 ) ) ;
#315 = FACE_OUTER_BOUND ( 'NONE', #1842, .T. ) ;
#316 = EDGE_LOOP ( 'NONE', ( #1449 ) ) ;
#317 = ORIENTED_EDGE ( 'NONE', *, *, #1836, .T. ) ;
#318 = DIRECTION ( 'NONE',  ( 0.000000000000000000, 0.000000000000000000, 1.000000000000000000 ) ) ;
#319 = CARTESIAN_POINT ( 'NONE',  ( 24.54833401088108147, 28.01182741477552085, 6.250000000000000000 ) ) ;
#320 = PLANE ( 'NONE',  #83 ) ;
#321 = ADVANCED_BREP_SHAPE_REPRESENTATION ( 'RD_ElectronicHolderBottomMostRecent__Default__6105A83FE3D9', ( #1297, #128 ), #1704 ) ;
#322 = DIRECTION ( 'NONE',  ( 1.000000000000000000, 0.000000000000000000, 0.000000000000000000 ) ) ;
#323 = DIRECTION ( 'NONE',  ( 0.000000000000000000, 0.000000000000000000, 1.000000000000000000 ) ) ;
#324 = CARTESIAN_POINT ( 'NONE',  ( -5.951665989118919420, 41.87565853515451408, 0.000000000000000000 ) ) ;
#325 = ADVANCED_FACE ( 'NONE', ( #272 ), #453, .T. ) ;
#326 = EDGE_LOOP ( 'NONE', ( #1613 ) ) ;
#327 = CARTESIAN_POINT ( 'NONE',  ( 24.54833401088108857, -8.988172585224480926, 19.25000000000000000 ) ) ;
#328 = VECTOR ( 'NONE', #1584, 1000.000000000000000 ) ;
#329 = DIRECTION ( 'NONE',  ( 0.000000000000000000, 0.000000000000000000, 1.000000000000000000 ) ) ;
#330 = CIRCLE ( 'NONE', #151, 2.500000000000015987 ) ;
#331 = LINE ( 'NONE', #1703, #1177 ) ;
#332 = AXIS2_PLACEMENT_3D ( 'NONE', #1759, #1597, #1156 ) ;
#333 = EDGE_LOOP ( 'NONE', ( #215 ) ) ;
#334 = DIRECTION ( 'NONE',  ( 0.000000000000000000, 0.000000000000000000, -1.000000000000000000 ) ) ;
#335 = EDGE_LOOP ( 'NONE', ( #229, #51, #561, #509 ) ) ;
#336 = PLANE ( 'NONE',  #579 ) ;
#337 = DIRECTION ( 'NONE',  ( 1.000000000000000000, 0.000000000000000000, 0.000000000000000000 ) ) ;
#338 = EDGE_LOOP ( 'NONE', ( #559 ) ) ;
#339 = CARTESIAN_POINT ( 'NONE',  ( 88.67832286605647596, -12.58410752204747496, 6.250000000000000000 ) ) ;
#340 = PLANE ( 'NONE',  #1151 ) ;
#341 = EDGE_LOOP ( 'NONE', ( #885 ) ) ;
#342 = ADVANCED_FACE ( 'NONE', ( #1102, #1766 ), #260, .T. ) ;
#343 = DIRECTION ( 'NONE',  ( -1.000000000000000000, -0.000000000000000000, -0.000000000000000000 ) ) ;
#344 = FACE_OUTER_BOUND ( 'NONE', #1727, .T. ) ;
#345 = CARTESIAN_POINT ( 'NONE',  ( 3.402489871497028862, -13.48817258522447560, -3.750000000000000000 ) ) ;
#346 = CARTESIAN_POINT ( 'NONE',  ( 98.50000000000000000, 132.6490616716830573, 0.000000000000000000 ) ) ;
#347 = ORIENTED_EDGE ( 'NONE', *, *, #849, .F. ) ;
#348 = VERTEX_POINT ( 'NONE', #1440 ) ;
#349 = LINE ( 'NONE', #1034, #2053 ) ;
#350 = FACE_OUTER_BOUND ( 'NONE', #744, .T. ) ;
#351 = EDGE_CURVE ( 'NONE', #1575, #1575, #650, .T. ) ;
#352 = CYLINDRICAL_SURFACE ( 'NONE', #1288, 1.150000000000012124 ) ;
#353 = FACE_OUTER_BOUND ( 'NONE', #1038, .T. ) ;
#354 = PLANE ( 'NONE',  #406 ) ;
#355 = VERTEX_POINT ( 'NONE', #1332 ) ;
#356 = CARTESIAN_POINT ( 'NONE',  ( 69.85664573211299455, 28.01182741477552085, 6.250000000000000000 ) ) ;
#357 = CARTESIAN_POINT ( 'NONE',  ( -5.951665989118919420, 25.11068519690337197, -3.750000000000000000 ) ) ;
#358 = EDGE_CURVE ( 'NONE', #2058, #1407, #1499, .T. ) ;
#359 = AXIS2_PLACEMENT_3D ( 'NONE', #1553, #1241, #553 ) ;
#360 = AXIS2_PLACEMENT_3D ( 'NONE', #588, #2095, #1245 ) ;
#361 = CARTESIAN_POINT ( 'NONE',  ( 41.96488807819016387, 137.1490616716830573, 11.25000000000000000 ) ) ;
#362 = VECTOR ( 'NONE', #77, 1000.000000000000000 ) ;
#363 = CIRCLE ( 'NONE', #1874, 1.249999999999999778 ) ;
#364 = CIRCLE ( 'NONE', #1421, 1.249999999999999778 ) ;
#365 = CIRCLE ( 'NONE', #1806, 2.599999999999998312 ) ;
#366 = FACE_OUTER_BOUND ( 'NONE', #96, .T. ) ;
#367 = ADVANCED_FACE ( 'NONE', ( #1669, #1656 ), #500, .T. ) ;
#368 = AXIS2_PLACEMENT_3D ( 'NONE', #1753, #115, #777 ) ;
#369 = EDGE_CURVE ( 'NONE', #1743, #1743, #330, .T. ) ;
#370 = CARTESIAN_POINT ( 'NONE',  ( 69.85664573211299455, 28.01182741477552085, 19.25000000000000000 ) ) ;
#371 = PRESENTATION_STYLE_ASSIGNMENT (( #865 ) ) ;
#372 = VERTEX_POINT ( 'NONE', #339 ) ;
#373 = ORIENTED_EDGE ( 'NONE', *, *, #2019, .F. ) ;
#374 = PLANE ( 'NONE',  #547 ) ;
#375 = VERTEX_POINT ( 'NONE', #1183 ) ;
#376 = VERTEX_POINT ( 'NONE', #1045 ) ;
#377 = DIRECTION ( 'NONE',  ( -1.029255627112380433E-16, 1.000000000000000000, 0.000000000000000000 ) ) ;
#378 = DIRECTION ( 'NONE',  ( 1.000000000000000000, 0.000000000000000000, 0.000000000000000000 ) ) ;
#379 = PRODUCT_DEFINITION_SHAPE ( 'NONE', 'NONE',  #662 ) ;
#380 = DIRECTION ( 'NONE',  ( 0.000000000000000000, 0.000000000000000000, 1.000000000000000000 ) ) ;
#381 = EDGE_LOOP ( 'NONE', ( #1111 ) ) ;
#382 = CARTESIAN_POINT ( 'NONE',  ( 83.50000000000000000, 112.1490616716830857, 2.750000000000000444 ) ) ;
#383 = CARTESIAN_POINT ( 'NONE',  ( -5.951665989118919420, 25.11068519690337197, 6.250000000000000000 ) ) ;
#384 = ORIENTED_EDGE ( 'NONE', *, *, #1658, .F. ) ;
#385 = EDGE_CURVE ( 'NONE', #1417, #2051, #9, .T. ) ;
#386 = CARTESIAN_POINT ( 'NONE',  ( 97.85664573211299455, -8.988172585224480926, 6.250000000000000000 ) ) ;
#387 = FACE_OUTER_BOUND ( 'NONE', #1792, .T. ) ;
#388 = VERTEX_POINT ( 'NONE', #1165 ) ;
#389 = FACE_OUTER_BOUND ( 'NONE', #435, .T. ) ;
#390 = DIRECTION ( 'NONE',  ( 1.000000000000000000, 0.000000000000000000, 0.000000000000000000 ) ) ;
#391 = EDGE_LOOP ( 'NONE', ( #437, #530, #2086, #1270 ) ) ;
#392 = ORIENTED_EDGE ( 'NONE', *, *, #658, .T. ) ;
#393 = VERTEX_POINT ( 'NONE', #192 ) ;
#394 = EDGE_LOOP ( 'NONE', ( #2128 ) ) ;
#395 = CARTESIAN_POINT ( 'NONE',  ( 43.11488807819015534, 79.14906167168305728, 6.250000000000000000 ) ) ;
#396 = EDGE_CURVE ( 'NONE', #937, #1001, #2004, .T. ) ;
#397 = DIRECTION ( 'NONE',  ( 1.000000000000000000, -8.673617379884034239E-17, 0.000000000000000000 ) ) ;
#398 = ORIENTED_EDGE ( 'NONE', *, *, #39, .F. ) ;
#399 = FACE_OUTER_BOUND ( 'NONE', #1833, .T. ) ;
#400 = ORIENTED_EDGE ( 'NONE', *, *, #1850, .F. ) ;
#401 = CLOSED_SHELL ( 'NONE', ( #1993, #1115, #1329, #2148, #1923, #1169, #747, #532, #1144, #882, #1943, #1653, #1264, #1244, #275, #677, #696, #1917, #1479, #1638, #1135, #164, #1489, #764, #562, #135, #367, #1574, #149, #876, #2163, #1386, #758, #2045, #659, #828, #2136, #644, #1681, #1290, #1217, #916, #742, #716, #1864, #1819, #1398, #694, #21, #342, #936, #1763, #1808, #288, #198, #476, #204, #534, #426, #1311, #1159, #1615, #1978, #1970, #595, #1872, #1232, #217, #440, #1445, #177, #325, #704, #497, #2087, #814, #807, #919, #1991, #1465, #85, #1885, #1549, #1721, #414, #2021, #100, #1729, #1963 ) ) ;
#402 = LINE ( 'NONE', #1075, #1809 ) ;
#403 = AXIS2_PLACEMENT_3D ( 'NONE', #763, #1582, #72 ) ;
#404 = VECTOR ( 'NONE', #1814, 1000.000000000000000 ) ;
#405 = EDGE_LOOP ( 'NONE', ( #1030 ) ) ;
#406 = AXIS2_PLACEMENT_3D ( 'NONE', #1651, #2025, #1697 ) ;
#407 = CIRCLE ( 'NONE', #1004, 2.499999999999995115 ) ;
#408 = CARTESIAN_POINT ( 'NONE',  ( 93.46488807819017097, 79.14906167168305728, 6.250000000000000000 ) ) ;
#409 = PRESENTATION_LAYER_ASSIGNMENT (  '', '', ( #749 ) ) ;
#410 = CARTESIAN_POINT ( 'NONE',  ( 83.50000000000000000, 112.1490616716830857, 6.250000000000000000 ) ) ;
#411 = CARTESIAN_POINT ( 'NONE',  ( -4.934693975577037156E-16, -5.689314803096622519, 0.000000000000000000 ) ) ;
#412 = EDGE_LOOP ( 'NONE', ( #845, #2105, #1685, #182 ) ) ;
#413 = FACE_OUTER_BOUND ( 'NONE', #232, .T. ) ;
#414 = ADVANCED_FACE ( 'NONE', ( #1172 ), #1515, .F. ) ;
#415 = LINE ( 'NONE', #1940, #933 ) ;
#416 = EDGE_LOOP ( 'NONE', ( #1767 ) ) ;
#417 = ORIENTED_EDGE ( 'NONE', *, *, #525, .T. ) ;
#418 = DIRECTION ( 'NONE',  ( 0.000000000000000000, 0.000000000000000000, -1.000000000000000000 ) ) ;
#419 = CYLINDRICAL_SURFACE ( 'NONE', #2081, 2.499999999999998668 ) ;
#420 = LINE ( 'NONE', #1366, #2013 ) ;
#421 = ORIENTED_EDGE ( 'NONE', *, *, #113, .F. ) ;
#422 = DIRECTION ( 'NONE',  ( 1.000000000000000000, 0.000000000000000000, 0.000000000000000000 ) ) ;
#423 = DIRECTION ( 'NONE',  ( 0.000000000000000000, 0.000000000000000000, 1.000000000000000000 ) ) ;
#424 = ORIENTED_EDGE ( 'NONE', *, *, #1057, .T. ) ;
#425 = PLANE ( 'NONE',  #927 ) ;
#426 = ADVANCED_FACE ( 'NONE', ( #994, #1848 ), #2160, .F. ) ;
#427 = DIRECTION ( 'NONE',  ( -0.000000000000000000, -0.000000000000000000, 1.000000000000000000 ) ) ;
#428 = ORIENTED_EDGE ( 'NONE', *, *, #1602, .T. ) ;
#429 = CARTESIAN_POINT ( 'NONE',  ( 88.67832286605647596, -16.08410752204747496, 6.250000000000000000 ) ) ;
#430 = EDGE_CURVE ( 'NONE', #2033, #11, #1507, .T. ) ;
#431 = ORIENTED_EDGE ( 'NONE', *, *, #1540, .T. ) ;
#432 = FACE_OUTER_BOUND ( 'NONE', #884, .T. ) ;
#433 = CARTESIAN_POINT ( 'NONE',  ( 41.96488807819015676, 79.14906167168305728, 11.25000000000000000 ) ) ;
#434 = EDGE_LOOP ( 'NONE', ( #1003 ) ) ;
#435 = EDGE_LOOP ( 'NONE', ( #2089 ) ) ;
#436 = DIRECTION ( 'NONE',  ( 1.000000000000000000, -8.673617379884034239E-17, 0.000000000000000000 ) ) ;
#437 = ORIENTED_EDGE ( 'NONE', *, *, #993, .F. ) ;
#438 = CYLINDRICAL_SURFACE ( 'NONE', #931, 1.250000000000001110 ) ;
#439 = ORIENTED_EDGE ( 'NONE', *, *, #1690, .T. ) ;
#440 = ADVANCED_FACE ( 'NONE', ( #982, #2168 ), #1005, .T. ) ;
#441 = AXIS2_PLACEMENT_3D ( 'NONE', #23, #1673, #2008 ) ;
#442 = VECTOR ( 'NONE', #397, 1000.000000000000000 ) ;
#443 = DIRECTION ( 'NONE',  ( 0.000000000000000000, 0.000000000000000000, 1.000000000000000000 ) ) ;
#444 = EDGE_LOOP ( 'NONE', ( #203 ) ) ;
#445 = AXIS2_PLACEMENT_3D ( 'NONE', #1123, #1785, #134 ) ;
#446 = AXIS2_PLACEMENT_3D ( 'NONE', #1011, #168, #1853 ) ;
#447 = EDGE_CURVE ( 'NONE', #819, #2058, #843, .T. ) ;
#448 = CIRCLE ( 'NONE', #1662, 2.499999999999998668 ) ;
#449 = CARTESIAN_POINT ( 'NONE',  ( 38.50000000000000000, 22.14906167168309281, 0.000000000000000000 ) ) ;
#450 = CIRCLE ( 'NONE', #1182, 2.499999999999995115 ) ;
#451 = DIRECTION ( 'NONE',  ( 0.000000000000000000, 0.000000000000000000, 1.000000000000000000 ) ) ;
#452 = ORIENTED_EDGE ( 'NONE', *, *, #1712, .F. ) ;
#453 = PLANE ( 'NONE',  #223 ) ;
#454 = ORIENTED_EDGE ( 'NONE', *, *, #630, .F. ) ;
#455 = CARTESIAN_POINT ( 'NONE',  ( 28.49999999999999645, 87.14906167168309992, 31.25000000000000000 ) ) ;
#456 = DIRECTION ( 'NONE',  ( 0.000000000000000000, 0.000000000000000000, 1.000000000000000000 ) ) ;
#457 = LINE ( 'NONE', #1608, #1699 ) ;
#458 = ORIENTED_EDGE ( 'NONE', *, *, #4, .F. ) ;
#459 = DIRECTION ( 'NONE',  ( -1.000000000000000000, 0.000000000000000000, -0.000000000000000000 ) ) ;
#460 = CARTESIAN_POINT ( 'NONE',  ( 0.000000000000000000, 0.000000000000000000, 0.000000000000000000 ) ) ;
#461 = CARTESIAN_POINT ( 'NONE',  ( -3.451665989118919420, 28.01182741477552085, 19.25000000000000000 ) ) ;
#462 = EDGE_CURVE ( 'NONE', #375, #2078, #1154, .T. ) ;
#463 = CARTESIAN_POINT ( 'NONE',  ( 90.96488807819017097, 137.1490616716830573, 11.25000000000000000 ) ) ;
#464 = ORIENTED_EDGE ( 'NONE', *, *, #784, .T. ) ;
#465 = ORIENTED_EDGE ( 'NONE', *, *, #1341, .F. ) ;
#466 = DIRECTION ( 'NONE',  ( 0.000000000000000000, 0.000000000000000000, -1.000000000000000000 ) ) ;
#467 = ORIENTED_EDGE ( 'NONE', *, *, #1524, .F. ) ;
#468 = ORIENTED_EDGE ( 'NONE', *, *, #2110, .F. ) ;
#469 = DIRECTION ( 'NONE',  ( 0.000000000000000000, -1.000000000000000000, 0.000000000000000000 ) ) ;
#470 = VERTEX_POINT ( 'NONE', #1924 ) ;
#471 = CARTESIAN_POINT ( 'NONE',  ( 22.57048167804276417, 0.000000000000000000, -175.2603257679863304 ) ) ;
#472 = LINE ( 'NONE', #806, #2007 ) ;
#473 = VERTEX_POINT ( 'NONE', #655 ) ;
#474 = EDGE_CURVE ( 'NONE', #393, #393, #1285, .T. ) ;
#475 = DIRECTION ( 'NONE',  ( 0.000000000000000000, 0.000000000000000000, 1.000000000000000000 ) ) ;
#476 = ADVANCED_FACE ( 'NONE', ( #1973 ), #485, .T. ) ;
#477 = ORIENTED_EDGE ( 'NONE', *, *, #2092, .T. ) ;
#478 = AXIS2_PLACEMENT_3D ( 'NONE', #1508, #181, #811 ) ;
#479 = EDGE_CURVE ( 'NONE', #1388, #1388, #855, .T. ) ;
#480 = CIRCLE ( 'NONE', #220, 1.250000000000001110 ) ;
#481 = VECTOR ( 'NONE', #271, 1000.000000000000000 ) ;
#482 = FACE_OUTER_BOUND ( 'NONE', #71, .T. ) ;
#483 = ORIENTED_EDGE ( 'NONE', *, *, #1212, .F. ) ;
#484 = AXIS2_PLACEMENT_3D ( 'NONE', #233, #563, #700 ) ;
#485 = PLANE ( 'NONE',  #1735 ) ;
#486 = DIRECTION ( 'NONE',  ( -0.000000000000000000, 0.000000000000000000, 1.000000000000000000 ) ) ;
#487 = CIRCLE ( 'NONE', #1497, 1.250000000000001110 ) ;
#488 = EDGE_CURVE ( 'NONE', #582, #582, #1346, .T. ) ;
#489 = ORIENTED_EDGE ( 'NONE', *, *, #1501, .F. ) ;
#490 = CARTESIAN_POINT ( 'NONE',  ( 93.50000000000000000, 132.6490616716830573, 6.250000000000000000 ) ) ;
#491 = DIRECTION ( 'NONE',  ( 1.000000000000000000, 0.000000000000000000, 0.000000000000000000 ) ) ;
#492 = ORIENTED_EDGE ( 'NONE', *, *, #1276, .F. ) ;
#493 = CARTESIAN_POINT ( 'NONE',  ( 73.67832286605647596, -19.58410752204747496, 6.250000000000000000 ) ) ;
#494 = FACE_OUTER_BOUND ( 'NONE', #632, .T. ) ;
#495 = VERTEX_POINT ( 'NONE', #1994 ) ;
#496 = EDGE_CURVE ( 'NONE', #1062, #1062, #363, .T. ) ;
#497 = ADVANCED_FACE ( 'NONE', ( #1818, #1495 ), #2165, .F. ) ;
#498 = DIRECTION ( 'NONE',  ( 1.000000000000000000, 0.000000000000000000, -0.000000000000000000 ) ) ;
#499 = EDGE_LOOP ( 'NONE', ( #1688 ) ) ;
#500 = CYLINDRICAL_SURFACE ( 'NONE', #960, 2.499999999999998668 ) ;
#501 = DIRECTION ( 'NONE',  ( 1.000000000000000000, 0.000000000000000000, 0.000000000000000000 ) ) ;
#502 = DIRECTION ( 'NONE',  ( 1.000000000000000000, 0.000000000000000000, -0.000000000000000000 ) ) ;
#503 = DIRECTION ( 'NONE',  ( 0.000000000000000000, 1.000000000000000000, 0.000000000000000000 ) ) ;
#504 = ORIENTED_EDGE ( 'NONE', *, *, #231, .T. ) ;
#505 = DIRECTION ( 'NONE',  ( 1.000000000000000000, 0.000000000000000000, 0.000000000000000000 ) ) ;
#506 = CARTESIAN_POINT ( 'NONE',  ( 0.000000000000000000, -16.08410752204747496, 0.000000000000000000 ) ) ;
#507 = CYLINDRICAL_SURFACE ( 'NONE', #653, 1.149999999999998135 ) ;
#508 = PLANE ( 'NONE',  #858 ) ;
#509 = ORIENTED_EDGE ( 'NONE', *, *, #2127, .F. ) ;
#510 = EDGE_CURVE ( 'NONE', #210, #210, #2048, .T. ) ;
#511 = DIRECTION ( 'NONE',  ( 0.000000000000000000, 0.000000000000000000, 1.000000000000000000 ) ) ;
#512 = CIRCLE ( 'NONE', #1732, 2.600000000000004974 ) ;
#513 = AXIS2_PLACEMENT_3D ( 'NONE', #1779, #963, #280 ) ;
#514 = FACE_OUTER_BOUND ( 'NONE', #335, .T. ) ;
#515 = EDGE_LOOP ( 'NONE', ( #981 ) ) ;
#516 = AXIS2_PLACEMENT_3D ( 'NONE', #881, #224, #26 ) ;
#517 = VECTOR ( 'NONE', #307, 1000.000000000000000 ) ;
#518 = DIRECTION ( 'NONE',  ( -1.000000000000000000, 0.000000000000000000, 0.000000000000000000 ) ) ;
#519 = AXIS2_PLACEMENT_3D ( 'NONE', #793, #1471, #2132 ) ;
#520 = CARTESIAN_POINT ( 'NONE',  ( 28.49999999999999645, 47.14906167168310702, 6.250000000000000000 ) ) ;
#521 = FACE_OUTER_BOUND ( 'NONE', #499, .T. ) ;
#522 = LINE ( 'NONE', #1170, #1843 ) ;
#523 = ORIENTED_EDGE ( 'NONE', *, *, #1416, .F. ) ;
#524 = CARTESIAN_POINT ( 'NONE',  ( 41.96488807819016387, 137.1490616716830573, 11.25000000000000000 ) ) ;
#525 = EDGE_CURVE ( 'NONE', #355, #1928, #1829, .T. ) ;
#526 = DIRECTION ( 'NONE',  ( -0.000000000000000000, -0.000000000000000000, -1.000000000000000000 ) ) ;
#527 = PLANE ( 'NONE',  #2123 ) ;
#528 = DIRECTION ( 'NONE',  ( -1.029255627112380433E-16, 1.000000000000000000, 0.000000000000000000 ) ) ;
#529 = SURFACE_STYLE_FILL_AREA ( #2026 ) ;
#530 = ORIENTED_EDGE ( 'NONE', *, *, #301, .F. ) ;
#531 = CYLINDRICAL_SURFACE ( 'NONE', #1530, 2.500000000000000000 ) ;
#532 = ADVANCED_FACE ( 'NONE', ( #25 ), #336, .F. ) ;
#533 = FACE_OUTER_BOUND ( 'NONE', #564, .T. ) ;
#534 = ADVANCED_FACE ( 'NONE', ( #1693, #521 ), #997, .T. ) ;
#535 = DIRECTION ( 'NONE',  ( 0.000000000000000000, 0.000000000000000000, 1.000000000000000000 ) ) ;
#536 = VERTEX_POINT ( 'NONE', #1373 ) ;
#537 = DIRECTION ( 'NONE',  ( -1.000000000000000000, 0.000000000000000000, 0.000000000000000000 ) ) ;
#538 = ORIENTED_EDGE ( 'NONE', *, *, #1341, .T. ) ;
#539 = CARTESIAN_POINT ( 'NONE',  ( -2.201665989118919864, -8.988172585224475597, 6.250000000000000000 ) ) ;
#540 = CARTESIAN_POINT ( 'NONE',  ( 1.748517222769856663E-15, -16.98817258522447560, -175.2603257679863304 ) ) ;
#541 = DIRECTION ( 'NONE',  ( 1.000000000000000000, 0.000000000000000000, 0.000000000000000000 ) ) ;
#542 = CIRCLE ( 'NONE', #368, 2.500000000000002220 ) ;
#543 = PLANE ( 'NONE',  #1492 ) ;
#544 = CIRCLE ( 'NONE', #1146, 2.500000000000002220 ) ;
#545 = AXIS2_PLACEMENT_3D ( 'NONE', #1646, #663, #1988 ) ;
#546 = VECTOR ( 'NONE', #456, 1000.000000000000000 ) ;
#547 = AXIS2_PLACEMENT_3D ( 'NONE', #1223, #1567, #28 ) ;
#548 = CARTESIAN_POINT ( 'NONE',  ( 90.96488807819015676, 79.14906167168305728, 6.250000000000000000 ) ) ;
#549 = EDGE_CURVE ( 'NONE', #908, #1947, #840, .T. ) ;
#550 = VERTEX_POINT ( 'NONE', #1860 ) ;
#551 = VECTOR ( 'NONE', #727, 1000.000000000000000 ) ;
#552 = CARTESIAN_POINT ( 'NONE',  ( 92.11488807819017666, 137.1490616716830573, 11.25000000000000000 ) ) ;
#553 = DIRECTION ( 'NONE',  ( 1.000000000000000000, 0.000000000000000000, 0.000000000000000000 ) ) ;
#554 = EDGE_LOOP ( 'NONE', ( #1934 ) ) ;
#555 = ORIENTED_EDGE ( 'NONE', *, *, #127, .F. ) ;
#556 = CARTESIAN_POINT ( 'NONE',  ( 93.46488807819017097, 137.1490616716830573, 11.25000000000000000 ) ) ;
#557 = FACE_OUTER_BOUND ( 'NONE', #1528, .T. ) ;
#558 = CARTESIAN_POINT ( 'NONE',  ( 98.50000000000000000, 132.6490616716830573, -3.750000000000000000 ) ) ;
#559 = ORIENTED_EDGE ( 'NONE', *, *, #1696, .T. ) ;
#560 = CARTESIAN_POINT ( 'NONE',  ( 91.00000000000000000, 139.6490616716830573, 0.000000000000000000 ) ) ;
#561 = ORIENTED_EDGE ( 'NONE', *, *, #1690, .F. ) ;
#562 = ADVANCED_FACE ( 'NONE', ( #1683, #353 ), #1521, .F. ) ;
#563 = DIRECTION ( 'NONE',  ( 0.000000000000000000, 0.000000000000000000, 1.000000000000000000 ) ) ;
#564 = EDGE_LOOP ( 'NONE', ( #1899 ) ) ;
#565 = VERTEX_POINT ( 'NONE', #69 ) ;
#566 = CARTESIAN_POINT ( 'NONE',  ( -3.451665989118919420, -8.988172585224475597, 19.25000000000000000 ) ) ;
#567 = ORIENTED_EDGE ( 'NONE', *, *, #1158, .T. ) ;
#568 = DIRECTION ( 'NONE',  ( 1.000000000000000000, 0.000000000000000000, 0.000000000000000000 ) ) ;
#569 = ORIENTED_EDGE ( 'NONE', *, *, #1432, .T. ) ;
#570 = CARTESIAN_POINT ( 'NONE',  ( 96.60664573211296613, 28.01182741477551730, 19.25000000000000000 ) ) ;
#571 = CARTESIAN_POINT ( 'NONE',  ( 27.04833401088108147, 28.01182741477552085, 6.250000000000000000 ) ) ;
#572 = DIRECTION ( 'NONE',  ( -1.000000000000000000, 0.000000000000000000, 0.000000000000000000 ) ) ;
#573 = ORIENTED_EDGE ( 'NONE', *, *, #2100, .F. ) ;
#574 = EDGE_CURVE ( 'NONE', #289, #2064, #863, .T. ) ;
#575 = EDGE_LOOP ( 'NONE', ( #1723 ) ) ;
#576 = CARTESIAN_POINT ( 'NONE',  ( -3.451665989118919420, 28.01182741477552085, 19.25000000000000000 ) ) ;
#577 = DIRECTION ( 'NONE',  ( 1.000000000000000000, 0.000000000000000000, 0.000000000000000000 ) ) ;
#578 = AXIS2_PLACEMENT_3D ( 'NONE', #961, #207, #62 ) ;
#579 = AXIS2_PLACEMENT_3D ( 'NONE', #2015, #831, #323 ) ;
#580 = EDGE_LOOP ( 'NONE', ( #760, #1269, #477, #458 ) ) ;
#581 = VECTOR ( 'NONE', #1816, 1000.000000000000000 ) ;
#582 = VERTEX_POINT ( 'NONE', #552 ) ;
#583 = CARTESIAN_POINT ( 'NONE',  ( 3.402489871497028862, -16.98817258522447560, -175.2603257679863304 ) ) ;
#584 = ORIENTED_EDGE ( 'NONE', *, *, #525, .F. ) ;
#585 = VECTOR ( 'NONE', #1849, 1000.000000000000000 ) ;
#586 = CYLINDRICAL_SURFACE ( 'NONE', #1320, 2.500000000000000888 ) ;
#587 = DIRECTION ( 'NONE',  ( 0.000000000000000000, 0.000000000000000000, 1.000000000000000000 ) ) ;
#588 = CARTESIAN_POINT ( 'NONE',  ( 90.96488807819017097, 137.1490616716830573, 11.25000000000000000 ) ) ;
#589 = EDGE_LOOP ( 'NONE', ( #1049 ) ) ;
#590 = EDGE_CURVE ( 'NONE', #1054, #1054, #1147, .T. ) ;
#591 = DIRECTION ( 'NONE',  ( 0.000000000000000000, 0.000000000000000000, 1.000000000000000000 ) ) ;
#592 = DIRECTION ( 'NONE',  ( -0.000000000000000000, -0.000000000000000000, -1.000000000000000000 ) ) ;
#593 = VERTEX_POINT ( 'NONE', #1650 ) ;
#594 = PLANE ( 'NONE',  #1910 ) ;
#595 = ADVANCED_FACE ( 'NONE', ( #142, #110 ), #286, .T. ) ;
#596 = CARTESIAN_POINT ( 'NONE',  ( 0.000000000000000000, 25.11068519690337197, 0.000000000000000000 ) ) ;
#597 = ORIENTED_EDGE ( 'NONE', *, *, #958, .T. ) ;
#598 = FACE_OUTER_BOUND ( 'NONE', #251, .T. ) ;
#599 = EDGE_CURVE ( 'NONE', #1928, #593, #623, .T. ) ;
#600 = CARTESIAN_POINT ( 'NONE',  ( 28.49999999999999645, 87.14906167168309992, 6.249999999999998224 ) ) ;
#601 = EDGE_CURVE ( 'NONE', #1041, #1041, #365, .T. ) ;
#602 = VERTEX_POINT ( 'NONE', #947 ) ;
#603 = LINE ( 'NONE', #907, #1945 ) ;
#604 = DIRECTION ( 'NONE',  ( 0.000000000000000000, 0.000000000000000000, 1.000000000000000000 ) ) ;
#605 = ORIENTED_EDGE ( 'NONE', *, *, #601, .F. ) ;
#606 = CARTESIAN_POINT ( 'NONE',  ( 3.402489871497028862, -13.48817258522447560, 6.250000000000000000 ) ) ;
#607 = EDGE_LOOP ( 'NONE', ( #1206 ) ) ;
#608 = DIRECTION ( 'NONE',  ( -1.000000000000000000, 0.000000000000000000, 0.000000000000000000 ) ) ;
#609 = ORIENTED_EDGE ( 'NONE', *, *, #1793, .T. ) ;
#610 = PLANE ( 'NONE',  #1148 ) ;
#611 = CARTESIAN_POINT ( 'NONE',  ( 0.000000000000000000, 0.000000000000000000, 6.250000000000000000 ) ) ;
#612 = ORIENTED_EDGE ( 'NONE', *, *, #993, .T. ) ;
#613 = EDGE_LOOP ( 'NONE', ( #2117, #431, #1238, #2067 ) ) ;
#614 = EDGE_CURVE ( 'NONE', #864, #864, #16, .T. ) ;
#615 = CARTESIAN_POINT ( 'NONE',  ( 95.35664573211299455, -8.988172585224480926, 19.25000000000000000 ) ) ;
#616 = AXIS2_PLACEMENT_3D ( 'NONE', #1357, #1022, #1012 ) ;
#617 = CIRCLE ( 'NONE', #786, 1.250000000000001110 ) ;
#618 = DIRECTION ( 'NONE',  ( 1.000000000000000000, 0.000000000000000000, 0.000000000000000000 ) ) ;
#619 = ORIENTED_EDGE ( 'NONE', *, *, #599, .T. ) ;
#620 = DIRECTION ( 'NONE',  ( 1.000000000000000000, 0.000000000000000000, 0.000000000000000000 ) ) ;
#621 = CARTESIAN_POINT ( 'NONE',  ( 93.50000000000000000, 132.6490616716830573, 0.000000000000000000 ) ) ;
#622 = ORIENTED_EDGE ( 'NONE', *, *, #1658, .T. ) ;
#623 = LINE ( 'NONE', #88, #45 ) ;
#624 = EDGE_LOOP ( 'NONE', ( #1117 ) ) ;
#625 = DIRECTION ( 'NONE',  ( 1.000000000000000000, 0.000000000000000000, -0.000000000000000000 ) ) ;
#626 = EDGE_LOOP ( 'NONE', ( #1996 ) ) ;
#627 = ORIENTED_EDGE ( 'NONE', *, *, #867, .F. ) ;
#628 = DIRECTION ( 'NONE',  ( 0.000000000000000000, -1.000000000000000000, 0.000000000000000000 ) ) ;
#629 = CARTESIAN_POINT ( 'NONE',  ( 90.96488807819017097, 137.1490616716830573, 11.25000000000000000 ) ) ;
#630 = EDGE_CURVE ( 'NONE', #536, #536, #1561, .T. ) ;
#631 = FACE_OUTER_BOUND ( 'NONE', #1598, .T. ) ;
#632 = EDGE_LOOP ( 'NONE', ( #1090 ) ) ;
#633 = EDGE_CURVE ( 'NONE', #896, #896, #1073, .T. ) ;
#634 = FACE_OUTER_BOUND ( 'NONE', #920, .T. ) ;
#635 = LINE ( 'NONE', #1637, #1592 ) ;
#636 = VERTEX_POINT ( 'NONE', #1938 ) ;
#637 = EDGE_LOOP ( 'NONE', ( #1616 ) ) ;
#638 = DIRECTION ( 'NONE',  ( -0.000000000000000000, -0.000000000000000000, 1.000000000000000000 ) ) ;
#639 = FACE_OUTER_BOUND ( 'NONE', #1981, .T. ) ;
#640 = DIRECTION ( 'NONE',  ( 1.000000000000000000, 0.000000000000000000, 0.000000000000000000 ) ) ;
#641 = ORIENTED_EDGE ( 'NONE', *, *, #256, .T. ) ;
#642 = DIRECTION ( 'NONE',  ( 1.000000000000000000, 0.000000000000000000, 0.000000000000000000 ) ) ;
#643 = CARTESIAN_POINT ( 'NONE',  ( 95.35664573211299455, -8.988172585224480926, 19.25000000000000000 ) ) ;
#644 = ADVANCED_FACE ( 'NONE', ( #771, #1104 ), #1770, .T. ) ;
#645 = FACE_OUTER_BOUND ( 'NONE', #1486, .T. ) ;
#646 = EDGE_LOOP ( 'NONE', ( #1262, #392, #2010, #483 ) ) ;
#647 = APPLICATION_CONTEXT ( 'automotive_design' ) ;
#648 = VECTOR ( 'NONE', #1056, 1000.000000000000000 ) ;
#649 = CYLINDRICAL_SURFACE ( 'NONE', #1527, 2.500000000000015987 ) ;
#650 = CIRCLE ( 'NONE', #1033, 1.524999999999998579 ) ;
#651 = CARTESIAN_POINT ( 'NONE',  ( 0.000000000000000000, 0.000000000000000000, 6.250000000000000000 ) ) ;
#652 = ORIENTED_EDGE ( 'NONE', *, *, #1511, .T. ) ;
#653 = AXIS2_PLACEMENT_3D ( 'NONE', #999, #1861, #314 ) ;
#654 = AXIS2_PLACEMENT_3D ( 'NONE', #611, #1772, #1282 ) ;
#655 = CARTESIAN_POINT ( 'NONE',  ( 18.40248987149702842, -13.48817258522447560, 6.250000000000000000 ) ) ;
#656 = DIRECTION ( 'NONE',  ( 0.000000000000000000, 1.000000000000000000, 0.000000000000000000 ) ) ;
#657 = FACE_BOUND ( 'NONE', #1589, .T. ) ;
#658 = EDGE_CURVE ( 'NONE', #1023, #1365, #1279, .T. ) ;
#659 = ADVANCED_FACE ( 'NONE', ( #634, #2120 ), #249, .F. ) ;
#660 = DIRECTION ( 'NONE',  ( 1.000000000000000000, 0.000000000000000000, 0.000000000000000000 ) ) ;
#661 = EDGE_LOOP ( 'NONE', ( #228 ) ) ;
#662 = PRODUCT_DEFINITION ( 'UNKNOWN', '', #761, #1922 ) ;
#663 = DIRECTION ( 'NONE',  ( -0.000000000000000000, -0.000000000000000000, -1.000000000000000000 ) ) ;
#664 = CARTESIAN_POINT ( 'NONE',  ( 41.96488807819016387, 137.1490616716830573, 11.25000000000000000 ) ) ;
#665 = DIRECTION ( 'NONE',  ( 0.000000000000000000, 0.000000000000000000, 1.000000000000000000 ) ) ;
#666 = CYLINDRICAL_SURFACE ( 'NONE', #1032, 1.250000000000001110 ) ;
#667 = EDGE_CURVE ( 'NONE', #1544, #1544, #258, .T. ) ;
#668 = CARTESIAN_POINT ( 'NONE',  ( 0.000000000000000000, 41.87565853515451408, 0.000000000000000000 ) ) ;
#669 = EDGE_CURVE ( 'NONE', #278, #1755, #1679, .T. ) ;
#670 = CARTESIAN_POINT ( 'NONE',  ( 38.50000000000000000, 22.14906167168309281, 2.750000000000000444 ) ) ;
#671 = EDGE_LOOP ( 'NONE', ( #1125, #64, #746, #1124, #911, #1455, #950, #1707, #1676, #47, #672, #954, #464, #612, #248, #2038, #1731, #2125, #567, #1878, #1953, #417, #1936, #132, #1076 ) ) ;
#672 = ORIENTED_EDGE ( 'NONE', *, *, #986, .F. ) ;
#673 = CARTESIAN_POINT ( 'NONE',  ( 73.67832286605647596, -12.58410752204747496, -3.750000000000000000 ) ) ;
#674 = LINE ( 'NONE', #1516, #190 ) ;
#675 = CARTESIAN_POINT ( 'NONE',  ( 14.04833401088108680, 0.000000000000000000, 0.000000000000000000 ) ) ;
#676 = DIRECTION ( 'NONE',  ( 1.000000000000000000, 1.029255627112380433E-16, 0.000000000000000000 ) ) ;
#677 = ADVANCED_FACE ( 'NONE', ( #1754, #897, #976, #312, #219, #2099, #53, #73, #1250, #1228, #1725, #900, #657 ), #1659, .T. ) ;
#678 = CARTESIAN_POINT ( 'NONE',  ( 95.35664573211296613, 28.01182741477551730, 19.25000000000000000 ) ) ;
#679 = ORIENTED_EDGE ( 'NONE', *, *, #892, .T. ) ;
#680 = DIRECTION ( 'NONE',  ( 0.000000000000000000, 0.000000000000000000, 1.000000000000000000 ) ) ;
#681 = AXIS2_PLACEMENT_3D ( 'NONE', #1921, #443, #767 ) ;
#682 = AXIS2_PLACEMENT_3D ( 'NONE', #1476, #304, #1800 ) ;
#683 = CARTESIAN_POINT ( 'NONE',  ( 27.75664573211297537, 9.710685196903375171, -5.000000000000000000 ) ) ;
#684 = CIRCLE ( 'NONE', #2118, 2.500000000000002220 ) ;
#685 = AXIS2_PLACEMENT_3D ( 'NONE', #156, #1510, #1371 ) ;
#686 = DIRECTION ( 'NONE',  ( 0.000000000000000000, 0.000000000000000000, 1.000000000000000000 ) ) ;
#687 = VECTOR ( 'NONE', #721, 1000.000000000000000 ) ;
#688 = DIRECTION ( 'NONE',  ( -0.000000000000000000, -0.000000000000000000, -1.000000000000000000 ) ) ;
#689 = CARTESIAN_POINT ( 'NONE',  ( 73.67832286605647596, -12.58410752204747496, 6.250000000000000000 ) ) ;
#690 =( NAMED_UNIT ( * ) PLANE_ANGLE_UNIT ( ) SI_UNIT ( $, .RADIAN. ) );
#691 = DIRECTION ( 'NONE',  ( 1.000000000000000000, -0.000000000000000000, 0.000000000000000000 ) ) ;
#692 = ORIENTED_EDGE ( 'NONE', *, *, #1501, .T. ) ;
#693 = ORIENTED_EDGE ( 'NONE', *, *, #385, .T. ) ;
#694 = ADVANCED_FACE ( 'NONE', ( #984 ), #320, .T. ) ;
#695 = DIRECTION ( 'NONE',  ( 1.000000000000000000, 0.000000000000000000, -0.000000000000000000 ) ) ;
#696 = ADVANCED_FACE ( 'NONE', ( #1273, #91 ), #1425, .T. ) ;
#697 = CYLINDRICAL_SURFACE ( 'NONE', #441, 1.250000000000001110 ) ;
#698 = CARTESIAN_POINT ( 'NONE',  ( 0.000000000000000000, 132.6490616716830573, 6.250000000000000000 ) ) ;
#699 = DIRECTION ( 'NONE',  ( -0.000000000000000000, -0.000000000000000000, 1.000000000000000000 ) ) ;
#700 = DIRECTION ( 'NONE',  ( 1.000000000000000000, 0.000000000000000000, -0.000000000000000000 ) ) ;
#701 = ORIENTED_EDGE ( 'NONE', *, *, #127, .T. ) ;
#702 = FACE_OUTER_BOUND ( 'NONE', #326, .T. ) ;
#703 = CARTESIAN_POINT ( 'NONE',  ( -2.201665989118919864, 28.01182741477552085, 19.25000000000000000 ) ) ;
#704 = ADVANCED_FACE ( 'NONE', ( #1435, #996 ), #103, .T. ) ;
#705 = DIRECTION ( 'NONE',  ( 1.000000000000000000, 0.000000000000000000, 0.000000000000000000 ) ) ;
#706 = DIRECTION ( 'NONE',  ( 1.000000000000000000, 0.000000000000000000, 0.000000000000000000 ) ) ;
#707 = ORIENTED_EDGE ( 'NONE', *, *, #256, .F. ) ;
#708 = CARTESIAN_POINT ( 'NONE',  ( 97.85664573211298034, 28.01182741477551730, 19.25000000000000000 ) ) ;
#709 = EDGE_LOOP ( 'NONE', ( #722, #1698, #1447, #1396 ) ) ;
#710 = ORIENTED_EDGE ( 'NONE', *, *, #2030, .F. ) ;
#711 = VERTEX_POINT ( 'NONE', #1745 ) ;
#712 = VECTOR ( 'NONE', #469, 1000.000000000000000 ) ;
#713 = AXIS2_PLACEMENT_3D ( 'NONE', #651, #1811, #491 ) ;
#714 = CARTESIAN_POINT ( 'NONE',  ( 3.402489871497028862, -16.98817258522447560, 0.000000000000000000 ) ) ;
#715 = CIRCLE ( 'NONE', #1284, 1.250000000000001110 ) ;
#716 = ADVANCED_FACE ( 'NONE', ( #1174 ), #1839, .T. ) ;
#717 = AXIS2_PLACEMENT_3D ( 'NONE', #2108, #133, #762 ) ;
#718 = CARTESIAN_POINT ( 'NONE',  ( 27.75664573211297537, 9.710685196903375171, 0.000000000000000000 ) ) ;
#719 = EDGE_LOOP ( 'NONE', ( #992 ) ) ;
#720 = CARTESIAN_POINT ( 'NONE',  ( -0.9516659891189190867, -8.988172585224475597, 19.25000000000000000 ) ) ;
#721 = DIRECTION ( 'NONE',  ( 1.000000000000000000, 0.000000000000000000, 0.000000000000000000 ) ) ;
#722 = ORIENTED_EDGE ( 'NONE', *, *, #39, .T. ) ;
#723 = VERTEX_POINT ( 'NONE', #556 ) ;
#724 = DIRECTION ( 'NONE',  ( 0.000000000000000000, 0.000000000000000000, -1.000000000000000000 ) ) ;
#725 = ORIENTED_EDGE ( 'NONE', *, *, #729, .F. ) ;
#726 = CARTESIAN_POINT ( 'NONE',  ( -5.951665989118915867, -5.689314803096621631, 6.250000000000000000 ) ) ;
#727 = DIRECTION ( 'NONE',  ( -1.000000000000000000, 0.000000000000000000, 0.000000000000000000 ) ) ;
#728 = ORIENTED_EDGE ( 'NONE', *, *, #667, .T. ) ;
#729 = EDGE_CURVE ( 'NONE', #1399, #1399, #1422, .T. ) ;
#730 = CARTESIAN_POINT ( 'NONE',  ( 44.46488807819016387, 137.1490616716830573, 11.25000000000000000 ) ) ;
#731 = DIRECTION ( 'NONE',  ( -1.000000000000000000, 0.000000000000000000, -0.000000000000000000 ) ) ;
#732 = UNCERTAINTY_MEASURE_WITH_UNIT (LENGTH_MEASURE( 1.000000000000000082E-05 ), #1618, 'distance_accuracy_value', 'NONE');
#733 = VERTEX_POINT ( 'NONE', #1392 ) ;
#734 = DIRECTION ( 'NONE',  ( 0.000000000000000000, 0.000000000000000000, 1.000000000000000000 ) ) ;
#735 = DIRECTION ( 'NONE',  ( 0.000000000000000000, -1.000000000000000000, 0.000000000000000000 ) ) ;
#736 = ORIENTED_EDGE ( 'NONE', *, *, #1083, .T. ) ;
#737 = CARTESIAN_POINT ( 'NONE',  ( 27.75664573211297537, 9.710685196903375171, -5.000000000000000000 ) ) ;
#738 = ORIENTED_EDGE ( 'NONE', *, *, #1097, .F. ) ;
#739 = DIRECTION ( 'NONE',  ( 1.000000000000000000, -0.000000000000000000, 0.000000000000000000 ) ) ;
#740 = LINE ( 'NONE', #253, #362 ) ;
#741 = ORIENTED_EDGE ( 'NONE', *, *, #988, .T. ) ;
#742 = ADVANCED_FACE ( 'NONE', ( #775, #1095 ), #438, .F. ) ;
#743 = CARTESIAN_POINT ( 'NONE',  ( 25.79833401088108502, 28.01182741477552085, 6.250000000000000000 ) ) ;
#744 = EDGE_LOOP ( 'NONE', ( #641 ) ) ;
#745 = PLANE ( 'NONE',  #1700 ) ;
#746 = ORIENTED_EDGE ( 'NONE', *, *, #1336, .T. ) ;
#747 = ADVANCED_FACE ( 'NONE', ( #2141, #645 ), #1313, .F. ) ;
#748 = CARTESIAN_POINT ( 'NONE',  ( 24.54833401088108857, -8.988172585224480926, 19.25000000000000000 ) ) ;
#749 = STYLED_ITEM ( 'NONE', ( #371 ), #1297 ) ;
#750 = CIRCLE ( 'NONE', #1520, 2.500000000000000444 ) ;
#751 = CARTESIAN_POINT ( 'NONE',  ( -5.951665989118919420, 28.01182741477552085, 6.250000000000000000 ) ) ;
#752 = EDGE_LOOP ( 'NONE', ( #2142 ) ) ;
#753 = AXIS2_PLACEMENT_3D ( 'NONE', #942, #978, #1452 ) ;
#754 = AXIS2_PLACEMENT_3D ( 'NONE', #870, #847, #334 ) ;
#755 = CARTESIAN_POINT ( 'NONE',  ( -5.951665989118915867, -5.689314803096621631, 0.000000000000000000 ) ) ;
#756 = AXIS2_PLACEMENT_3D ( 'NONE', #524, #1856, #2150 ) ;
#757 =( NAMED_UNIT ( * ) PLANE_ANGLE_UNIT ( ) SI_UNIT ( $, .RADIAN. ) );
#758 = ADVANCED_FACE ( 'NONE', ( #1927, #1730 ), #374, .T. ) ;
#759 = ORIENTED_EDGE ( 'NONE', *, *, #267, .F. ) ;
#760 = ORIENTED_EDGE ( 'NONE', *, *, #447, .T. ) ;
#761 = PRODUCT_DEFINITION_FORMATION_WITH_SPECIFIED_SOURCE ( 'ANY', '', #1585, .NOT_KNOWN. ) ;
#762 = DIRECTION ( 'NONE',  ( 1.000000000000000000, 0.000000000000000000, 0.000000000000000000 ) ) ;
#763 = CARTESIAN_POINT ( 'NONE',  ( 28.49999999999999645, 87.14906167168309992, 31.25000000000000000 ) ) ;
#764 = ADVANCED_FACE ( 'NONE', ( #245, #702 ), #586, .T. ) ;
#765 = CARTESIAN_POINT ( 'NONE',  ( 0.000000000000000000, 0.000000000000000000, 6.250000000000000000 ) ) ;
#766 = EDGE_LOOP ( 'NONE', ( #170 ) ) ;
#767 = DIRECTION ( 'NONE',  ( 1.000000000000000000, 0.000000000000000000, 0.000000000000000000 ) ) ;
#768 = DIRECTION ( 'NONE',  ( 1.000000000000000000, 0.000000000000000000, 0.000000000000000000 ) ) ;
#769 = DIRECTION ( 'NONE',  ( -1.000000000000000000, 0.000000000000000000, 0.000000000000000000 ) ) ;
#770 = EDGE_LOOP ( 'NONE', ( #1441 ) ) ;
#771 = FACE_OUTER_BOUND ( 'NONE', #915, .T. ) ;
#772 = DIRECTION ( 'NONE',  ( 1.000000000000000000, 0.000000000000000000, 0.000000000000000000 ) ) ;
#773 = DIRECTION ( 'NONE',  ( 1.000000000000000000, 0.000000000000000000, 0.000000000000000000 ) ) ;
#774 = EDGE_CURVE ( 'NONE', #1473, #372, #58, .T. ) ;
#775 = FACE_OUTER_BOUND ( 'NONE', #405, .T. ) ;
#776 = EDGE_LOOP ( 'NONE', ( #1551 ) ) ;
#777 = DIRECTION ( 'NONE',  ( 1.000000000000000000, 0.000000000000000000, 0.000000000000000000 ) ) ;
#778 = ORIENTED_EDGE ( 'NONE', *, *, #1053, .T. ) ;
#779 = FACE_OUTER_BOUND ( 'NONE', #138, .T. ) ;
#780 = CARTESIAN_POINT ( 'NONE',  ( 24.54833401088108857, -8.988172585224480926, 19.25000000000000000 ) ) ;
#781 = ORIENTED_EDGE ( 'NONE', *, *, #1602, .F. ) ;
#782 = CARTESIAN_POINT ( 'NONE',  ( 28.49999999999999645, 47.14906167168310702, 31.25000000000000000 ) ) ;
#783 = FACE_OUTER_BOUND ( 'NONE', #70, .T. ) ;
#784 = EDGE_CURVE ( 'NONE', #550, #1756, #1555, .T. ) ;
#785 = EDGE_LOOP ( 'NONE', ( #1717 ) ) ;
#786 = AXIS2_PLACEMENT_3D ( 'NONE', #780, #2116, #620 ) ;
#787 = FACE_OUTER_BOUND ( 'NONE', #974, .T. ) ;
#788 = AXIS2_PLACEMENT_3D ( 'NONE', #1648, #309, #1110 ) ;
#789 = CIRCLE ( 'NONE', #685, 1.149999999999998135 ) ;
#790 = CARTESIAN_POINT ( 'NONE',  ( 41.96488807819015676, 79.14906167168305728, 11.25000000000000000 ) ) ;
#791 = DIRECTION ( 'NONE',  ( 0.000000000000000000, -1.000000000000000000, 0.000000000000000000 ) ) ;
#792 = VERTEX_POINT ( 'NONE', #235 ) ;
#793 = CARTESIAN_POINT ( 'NONE',  ( 67.35664573211298034, 28.01182741477552085, 19.25000000000000000 ) ) ;
#794 = CARTESIAN_POINT ( 'NONE',  ( 24.54833401088108147, 28.01182741477552085, 6.250000000000000000 ) ) ;
#795 = EDGE_LOOP ( 'NONE', ( #1654, #1554, #1784, #1017 ) ) ;
#796 = EDGE_CURVE ( 'NONE', #1914, #937, #420, .T. ) ;
#797 = DIRECTION ( 'NONE',  ( 1.000000000000000000, 0.000000000000000000, 0.000000000000000000 ) ) ;
#798 = DIRECTION ( 'NONE',  ( -1.000000000000000000, 0.000000000000000000, 0.000000000000000000 ) ) ;
#799 = DIRECTION ( 'NONE',  ( -1.000000000000000000, 0.000000000000000000, 0.000000000000000000 ) ) ;
#800 = DIRECTION ( 'NONE',  ( -1.000000000000000000, 0.000000000000000000, 0.000000000000000000 ) ) ;
#801 = ORIENTED_EDGE ( 'NONE', *, *, #1361, .F. ) ;
#802 = DIRECTION ( 'NONE',  ( 1.000000000000000000, 0.000000000000000000, 0.000000000000000000 ) ) ;
#803 = DIRECTION ( 'NONE',  ( -8.673617379884034239E-17, -1.000000000000000000, 0.000000000000000000 ) ) ;
#804 = CARTESIAN_POINT ( 'NONE',  ( 0.000000000000000000, 0.000000000000000000, 6.250000000000000000 ) ) ;
#805 = DIRECTION ( 'NONE',  ( 0.000000000000000000, 0.000000000000000000, 1.000000000000000000 ) ) ;
#806 = CARTESIAN_POINT ( 'NONE',  ( 18.40248987149702842, 0.000000000000000000, 0.000000000000000000 ) ) ;
#807 = ADVANCED_FACE ( 'NONE', ( #909 ), #508, .F. ) ;
#808 = CARTESIAN_POINT ( 'NONE',  ( -5.951665989118919420, -16.98817258522447560, 0.000000000000000000 ) ) ;
#809 = EDGE_LOOP ( 'NONE', ( #679 ) ) ;
#810 = DIRECTION ( 'NONE',  ( 0.000000000000000000, 1.000000000000000000, 0.000000000000000000 ) ) ;
#811 = DIRECTION ( 'NONE',  ( 0.000000000000000000, -0.000000000000000000, -1.000000000000000000 ) ) ;
#812 = EDGE_CURVE ( 'NONE', #636, #1001, #1323, .T. ) ;
#813 = CARTESIAN_POINT ( 'NONE',  ( 78.50000000000000000, 112.1490616716830857, 2.750000000000000444 ) ) ;
#814 = ADVANCED_FACE ( 'NONE', ( #1446, #276 ), #1, .F. ) ;
#815 = DIRECTION ( 'NONE',  ( 0.000000000000000000, 0.000000000000000000, 1.000000000000000000 ) ) ;
#816 = CIRCLE ( 'NONE', #126, 1.249999999999999778 ) ;
#817 = CARTESIAN_POINT ( 'NONE',  ( 90.96488807819017097, 139.6490616716830573, 6.250000000000000000 ) ) ;
#818 = VECTOR ( 'NONE', #877, 1000.000000000000000 ) ;
#819 = VERTEX_POINT ( 'NONE', #973 ) ;
#820 = VECTOR ( 'NONE', #2137, 1000.000000000000000 ) ;
#821 = ORIENTED_EDGE ( 'NONE', *, *, #1083, .F. ) ;
#822 = CIRCLE ( 'NONE', #1773, 2.599999999999998312 ) ;
#823 = CARTESIAN_POINT ( 'NONE',  ( 73.67832286605647596, -19.58410752204747496, -3.750000000000000000 ) ) ;
#824 = EDGE_CURVE ( 'NONE', #2078, #1260, #1639, .T. ) ;
#825 = CARTESIAN_POINT ( 'NONE',  ( -3.451665989118919420, 28.01182741477552085, 19.25000000000000000 ) ) ;
#826 = DIRECTION ( 'NONE',  ( 1.000000000000000000, 0.000000000000000000, 0.000000000000000000 ) ) ;
#827 = AXIS2_PLACEMENT_3D ( 'NONE', #1896, #926, #1060 ) ;
#828 = ADVANCED_FACE ( 'NONE', ( #310 ), #985, .T. ) ;
#829 = FACE_OUTER_BOUND ( 'NONE', #2036, .T. ) ;
#830 = DIRECTION ( 'NONE',  ( 1.000000000000000000, 0.000000000000000000, 0.000000000000000000 ) ) ;
#831 = DIRECTION ( 'NONE',  ( -1.000000000000000000, 0.000000000000000000, 0.000000000000000000 ) ) ;
#832 = PLANE ( 'NONE',  #1627 ) ;
#833 = VERTEX_POINT ( 'NONE', #939 ) ;
#834 = DIRECTION ( 'NONE',  ( -1.000000000000000000, 0.000000000000000000, 0.000000000000000000 ) ) ;
#835 = CARTESIAN_POINT ( 'NONE',  ( -3.451665989118919420, 28.01182741477552085, 19.25000000000000000 ) ) ;
#836 = ORIENTED_EDGE ( 'NONE', *, *, #1857, .T. ) ;
#837 = FACE_OUTER_BOUND ( 'NONE', #554, .T. ) ;
#838 = EDGE_CURVE ( 'NONE', #1050, #1050, #2085, .T. ) ;
#839 = DIRECTION ( 'NONE',  ( -0.000000000000000000, -0.000000000000000000, -1.000000000000000000 ) ) ;
#840 = LINE ( 'NONE', #345, #1378 ) ;
#841 = CARTESIAN_POINT ( 'NONE',  ( 1.748517222769856663E-15, -16.98817258522447560, -175.2603257679863304 ) ) ;
#842 = ORIENTED_EDGE ( 'NONE', *, *, #549, .F. ) ;
#843 = LINE ( 'NONE', #673, #1248 ) ;
#844 = DIRECTION ( 'NONE',  ( -0.000000000000000000, -0.000000000000000000, 1.000000000000000000 ) ) ;
#845 = ORIENTED_EDGE ( 'NONE', *, *, #549, .T. ) ;
#846 = DIRECTION ( 'NONE',  ( 0.000000000000000000, 0.000000000000000000, 1.000000000000000000 ) ) ;
#847 = DIRECTION ( 'NONE',  ( 1.000000000000000000, -0.000000000000000000, 0.000000000000000000 ) ) ;
#848 = EDGE_CURVE ( 'NONE', #1928, #636, #457, .T. ) ;
#849 = EDGE_CURVE ( 'NONE', #348, #2064, #1844, .T. ) ;
#850 = CARTESIAN_POINT ( 'NONE',  ( 24.54833401088108147, 28.01182741477552085, 19.25000000000000000 ) ) ;
#851 = EDGE_LOOP ( 'NONE', ( #1972 ) ) ;
#852 = ORIENTED_EDGE ( 'NONE', *, *, #1219, .F. ) ;
#853 = CARTESIAN_POINT ( 'NONE',  ( 93.46488807819017097, 79.14906167168305728, 11.25000000000000000 ) ) ;
#854 = VECTOR ( 'NONE', #503, 1000.000000000000000 ) ;
#855 = CIRCLE ( 'NONE', #513, 1.250000000000001110 ) ;
#856 = DIRECTION ( 'NONE',  ( -1.000000000000000000, 0.000000000000000000, 0.000000000000000000 ) ) ;
#857 = AXIS2_PLACEMENT_3D ( 'NONE', #1956, #282, #952 ) ;
#858 = AXIS2_PLACEMENT_3D ( 'NONE', #1013, #691, #1642 ) ;
#859 = EDGE_CURVE ( 'NONE', #1718, #1718, #964, .T. ) ;
#860 = CARTESIAN_POINT ( 'NONE',  ( 93.50000000000000000, 137.1490616716830573, -3.750000000000000000 ) ) ;
#861 = CIRCLE ( 'NONE', #966, 1.149999999999998135 ) ;
#862 = DIRECTION ( 'NONE',  ( 0.000000000000000000, 0.000000000000000000, 1.000000000000000000 ) ) ;
#863 = LINE ( 'NONE', #1534, #1804 ) ;
#864 = VERTEX_POINT ( 'NONE', #1875 ) ;
#865 = SURFACE_STYLE_USAGE ( .BOTH. , #1389 ) ;
#866 = ORIENTED_EDGE ( 'NONE', *, *, #1931, .F. ) ;
#867 = EDGE_CURVE ( 'NONE', #1164, #1908, #1176, .T. ) ;
#868 = CARTESIAN_POINT ( 'NONE',  ( 41.09999999999999432, 22.14906167168309281, 0.000000000000000000 ) ) ;
#869 = DIRECTION ( 'NONE',  ( -1.000000000000000000, -0.000000000000000000, -0.000000000000000000 ) ) ;
#870 = CARTESIAN_POINT ( 'NONE',  ( 63.85664573211297323, 0.000000000000000000, -5.000000000000000000 ) ) ;
#871 = ORIENTED_EDGE ( 'NONE', *, *, #1905, .T. ) ;
#872 = LINE ( 'NONE', #46, #1460 ) ;
#873 = PLANE ( 'NONE',  #252 ) ;
#874 = EDGE_LOOP ( 'NONE', ( #866 ) ) ;
#875 = CARTESIAN_POINT ( 'NONE',  ( 43.11488807819015534, 79.14906167168305728, 11.25000000000000000 ) ) ;
#876 = ADVANCED_FACE ( 'NONE', ( #1344 ), #527, .T. ) ;
#877 = DIRECTION ( 'NONE',  ( 0.000000000000000000, -1.000000000000000000, 0.000000000000000000 ) ) ;
#878 = EDGE_CURVE ( 'NONE', #1077, #1077, #1149, .T. ) ;
#879 = DIRECTION ( 'NONE',  ( 1.000000000000000000, 0.000000000000000000, 0.000000000000000000 ) ) ;
#880 = VERTEX_POINT ( 'NONE', #1869 ) ;
#881 = CARTESIAN_POINT ( 'NONE',  ( 0.000000000000000000, 0.000000000000000000, 6.250000000000000000 ) ) ;
#882 = ADVANCED_FACE ( 'NONE', ( #199 ), #188, .F. ) ;
#883 = ORIENTED_EDGE ( 'NONE', *, *, #2030, .T. ) ;
#884 = EDGE_LOOP ( 'NONE', ( #2028 ) ) ;
#885 = ORIENTED_EDGE ( 'NONE', *, *, #590, .T. ) ;
#886 = VERTEX_POINT ( 'NONE', #1568 ) ;
#887 = DIRECTION ( 'NONE',  ( -0.000000000000000000, -0.000000000000000000, 1.000000000000000000 ) ) ;
#888 = ORIENTED_EDGE ( 'NONE', *, *, #669, .T. ) ;
#889 = CIRCLE ( 'NONE', #681, 2.500000000000002220 ) ;
#890 = DIRECTION ( 'NONE',  ( -1.000000000000000000, 0.000000000000000000, 0.000000000000000000 ) ) ;
#891 = CIRCLE ( 'NONE', #962, 1.149999999999998135 ) ;
#892 = EDGE_CURVE ( 'NONE', #1670, #1670, #1980, .T. ) ;
#893 = AXIS2_PLACEMENT_3D ( 'NONE', #765, #1490, #2151 ) ;
#894 = EDGE_LOOP ( 'NONE', ( #523 ) ) ;
#895 = ORIENTED_EDGE ( 'NONE', *, *, #1008, .T. ) ;
#896 = VERTEX_POINT ( 'NONE', #730 ) ;
#897 = FACE_BOUND ( 'NONE', #1103, .T. ) ;
#898 = VERTEX_POINT ( 'NONE', #743 ) ;
#899 = CARTESIAN_POINT ( 'NONE',  ( 18.40248987149702842, -13.48817258522447560, 0.000000000000000000 ) ) ;
#900 = FACE_BOUND ( 'NONE', #1096, .T. ) ;
#901 = CARTESIAN_POINT ( 'NONE',  ( 91.00000000000000000, 137.1490616716830573, -3.750000000000000000 ) ) ;
#902 = EDGE_LOOP ( 'NONE', ( #2061 ) ) ;
#903 = DIRECTION ( 'NONE',  ( 0.000000000000000000, -0.000000000000000000, -1.000000000000000000 ) ) ;
#904 = EDGE_CURVE ( 'NONE', #1359, #1359, #450, .T. ) ;
#905 = ORIENTED_EDGE ( 'NONE', *, *, #812, .F. ) ;
#906 = PLANE ( 'NONE',  #222 ) ;
#907 = CARTESIAN_POINT ( 'NONE',  ( -0.000000000000000000, 139.6490616716830573, 6.250000000000000000 ) ) ;
#908 = VERTEX_POINT ( 'NONE', #1026 ) ;
#909 = FACE_OUTER_BOUND ( 'NONE', #646, .T. ) ;
#910 = VERTEX_POINT ( 'NONE', #703 ) ;
#911 = ORIENTED_EDGE ( 'NONE', *, *, #669, .F. ) ;
#912 = ORIENTED_EDGE ( 'NONE', *, *, #614, .F. ) ;
#913 = DIRECTION ( 'NONE',  ( -1.000000000000000000, 0.000000000000000000, 0.000000000000000000 ) ) ;
#914 = DIRECTION ( 'NONE',  ( 0.000000000000000000, -0.000000000000000000, -1.000000000000000000 ) ) ;
#915 = EDGE_LOOP ( 'NONE', ( #247 ) ) ;
#916 = ADVANCED_FACE ( 'NONE', ( #1852, #1674 ), #1663, .T. ) ;
#917 = LINE ( 'NONE', #2080, #998 ) ;
#918 = ORIENTED_EDGE ( 'NONE', *, *, #1672, .F. ) ;
#919 = ADVANCED_FACE ( 'NONE', ( #366 ), #1533, .T. ) ;
#920 = EDGE_LOOP ( 'NONE', ( #1287 ) ) ;
#921 = ORIENTED_EDGE ( 'NONE', *, *, #2001, .T. ) ;
#922 = EDGE_LOOP ( 'NONE', ( #1635 ) ) ;
#923 = DIRECTION ( 'NONE',  ( -0.000000000000000000, -0.000000000000000000, -1.000000000000000000 ) ) ;
#924 = PLANE ( 'NONE',  #1694 ) ;
#925 = AXIS2_PLACEMENT_3D ( 'NONE', #1579, #1379, #422 ) ;
#926 = DIRECTION ( 'NONE',  ( -0.000000000000000000, 0.000000000000000000, 1.000000000000000000 ) ) ;
#927 = AXIS2_PLACEMENT_3D ( 'NONE', #1094, #1758, #1907 ) ;
#928 = AXIS2_PLACEMENT_3D ( 'NONE', #1664, #157, #5 ) ;
#929 = VERTEX_POINT ( 'NONE', #2023 ) ;
#930 = AXIS2_PLACEMENT_3D ( 'NONE', #643, #2098, #1443 ) ;
#931 = AXIS2_PLACEMENT_3D ( 'NONE', #1481, #592, #1265 ) ;
#932 = DIRECTION ( 'NONE',  ( 1.000000000000000000, 0.000000000000000000, 0.000000000000000000 ) ) ;
#933 = VECTOR ( 'NONE', #1084, 1000.000000000000000 ) ;
#934 = CARTESIAN_POINT ( 'NONE',  ( 63.85664573211297323, -16.08410752204747496, 0.000000000000000000 ) ) ;
#935 = CARTESIAN_POINT ( 'NONE',  ( 73.67832286605647596, 0.000000000000000000, 0.000000000000000000 ) ) ;
#936 = ADVANCED_FACE ( 'NONE', ( #344, #167 ), #352, .F. ) ;
#937 = VERTEX_POINT ( 'NONE', #1859 ) ;
#938 = FACE_BOUND ( 'NONE', #86, .T. ) ;
#939 = CARTESIAN_POINT ( 'NONE',  ( 27.75664573211297892, -16.98817258522447204, 0.000000000000000000 ) ) ;
#940 = ORIENTED_EDGE ( 'NONE', *, *, #369, .T. ) ;
#941 = CARTESIAN_POINT ( 'NONE',  ( 98.50000000000000000, -16.08410752204747496, 0.000000000000000000 ) ) ;
#942 = CARTESIAN_POINT ( 'NONE',  ( 3.402489871497028862, -13.48817258522447560, -3.750000000000000000 ) ) ;
#943 = EDGE_LOOP ( 'NONE', ( #439, #36, #1100, #27 ) ) ;
#944 = PLANE ( 'NONE',  #1461 ) ;
#945 = FACE_OUTER_BOUND ( 'NONE', #56, .T. ) ;
#946 = EDGE_LOOP ( 'NONE', ( #400 ) ) ;
#947 = CARTESIAN_POINT ( 'NONE',  ( 22.57048167804276417, 41.87565853515451408, 0.000000000000000000 ) ) ;
#948 = EDGE_CURVE ( 'NONE', #2169, #2169, #407, .T. ) ;
#949 = CARTESIAN_POINT ( 'NONE',  ( 22.57048167804279259, 139.6490616716830289, 6.250000000000000000 ) ) ;
#950 = ORIENTED_EDGE ( 'NONE', *, *, #65, .T. ) ;
#951 = CYLINDRICAL_SURFACE ( 'NONE', #2009, 1.250000000000001110 ) ;
#952 = DIRECTION ( 'NONE',  ( 1.000000000000000000, 0.000000000000000000, 0.000000000000000000 ) ) ;
#953 = CARTESIAN_POINT ( 'NONE',  ( 88.67832286605647596, -12.58410752204747496, 0.000000000000000000 ) ) ;
#954 = ORIENTED_EDGE ( 'NONE', *, *, #54, .T. ) ;
#955 = DIRECTION ( 'NONE',  ( 0.000000000000000000, 0.000000000000000000, 1.000000000000000000 ) ) ;
#956 = DIRECTION ( 'NONE',  ( 1.000000000000000000, 0.000000000000000000, -0.000000000000000000 ) ) ;
#957 = EDGE_LOOP ( 'NONE', ( #1736 ) ) ;
#958 = EDGE_CURVE ( 'NONE', #1473, #495, #176, .T. ) ;
#959 = VECTOR ( 'NONE', #1362, 1000.000000000000000 ) ;
#960 = AXIS2_PLACEMENT_3D ( 'NONE', #327, #145, #1824 ) ;
#961 = CARTESIAN_POINT ( 'NONE',  ( 24.54833401088108857, -8.988172585224480926, 6.250000000000000000 ) ) ;
#962 = AXIS2_PLACEMENT_3D ( 'NONE', #1666, #158, #2166 ) ;
#963 = DIRECTION ( 'NONE',  ( 0.000000000000000000, 0.000000000000000000, 1.000000000000000000 ) ) ;
#964 = CIRCLE ( 'NONE', #123, 2.500000000000015987 ) ;
#965 = CARTESIAN_POINT ( 'NONE',  ( 3.402489871497028862, -13.48817258522447560, 6.250000000000000000 ) ) ;
#966 = AXIS2_PLACEMENT_3D ( 'NONE', #1424, #1048, #879 ) ;
#967 = ORIENTED_EDGE ( 'NONE', *, *, #206, .F. ) ;
#968 = DIRECTION ( 'NONE',  ( -0.000000000000000000, -0.000000000000000000, -1.000000000000000000 ) ) ;
#969 = DIRECTION ( 'NONE',  ( 0.000000000000000000, -1.000000000000000000, 0.000000000000000000 ) ) ;
#970 = EDGE_LOOP ( 'NONE', ( #990 ) ) ;
#971 = DIRECTION ( 'NONE',  ( -0.000000000000000000, -0.000000000000000000, -1.000000000000000000 ) ) ;
#972 = FACE_OUTER_BOUND ( 'NONE', #709, .T. ) ;
#973 = CARTESIAN_POINT ( 'NONE',  ( 73.67832286605647596, -12.58410752204747496, 0.000000000000000000 ) ) ;
#974 = EDGE_LOOP ( 'NONE', ( #2146, #2096, #1605, #465, #1390 ) ) ;
#975 = EDGE_CURVE ( 'NONE', #1055, #1055, #789, .T. ) ;
#976 = FACE_BOUND ( 'NONE', #1506, .T. ) ;
#977 = EDGE_CURVE ( 'NONE', #886, #886, #155, .T. ) ;
#978 = DIRECTION ( 'NONE',  ( -0.000000000000000000, 1.000000000000000000, 0.000000000000000000 ) ) ;
#979 = CARTESIAN_POINT ( 'NONE',  ( 90.96488807819017097, 137.1490616716830573, 6.250000000000000000 ) ) ;
#980 = FACE_OUTER_BOUND ( 'NONE', #970, .T. ) ;
#981 = ORIENTED_EDGE ( 'NONE', *, *, #975, .T. ) ;
#982 = FACE_OUTER_BOUND ( 'NONE', #1014, .T. ) ;
#983 = DIRECTION ( 'NONE',  ( -0.000000000000000000, -1.000000000000000000, -0.000000000000000000 ) ) ;
#984 = FACE_OUTER_BOUND ( 'NONE', #1583, .T. ) ;
#985 = PLANE ( 'NONE',  #654 ) ;
#986 = EDGE_CURVE ( 'NONE', #602, #2078, #2164, .T. ) ;
#987 = DIRECTION ( 'NONE',  ( 1.000000000000000000, 0.000000000000000000, 0.000000000000000000 ) ) ;
#988 = EDGE_CURVE ( 'NONE', #37, #37, #1114, .T. ) ;
#989 = FACE_OUTER_BOUND ( 'NONE', #1742, .T. ) ;
#990 = ORIENTED_EDGE ( 'NONE', *, *, #878, .T. ) ;
#991 = CARTESIAN_POINT ( 'NONE',  ( 0.000000000000000000, 0.000000000000000000, 6.250000000000000000 ) ) ;
#992 = ORIENTED_EDGE ( 'NONE', *, *, #1040, .T. ) ;
#993 = EDGE_CURVE ( 'NONE', #1756, #1280, #1491, .T. ) ;
#994 = FACE_OUTER_BOUND ( 'NONE', #515, .T. ) ;
#995 = LINE ( 'NONE', #10, #1775 ) ;
#996 = FACE_BOUND ( 'NONE', #575, .T. ) ;
#997 = CYLINDRICAL_SURFACE ( 'NONE', #446, 2.500000000000015987 ) ;
#998 = VECTOR ( 'NONE', #1944, 1000.000000000000000 ) ;
#999 = CARTESIAN_POINT ( 'NONE',  ( 41.96488807819016387, 137.1490616716830573, 11.25000000000000000 ) ) ;
#1000 = CIRCLE ( 'NONE', #616, 2.500000000000002220 ) ;
#1001 = VERTEX_POINT ( 'NONE', #208 ) ;
#1002 = AXIS2_PLACEMENT_3D ( 'NONE', #18, #2024, #1028 ) ;
#1003 = ORIENTED_EDGE ( 'NONE', *, *, #838, .F. ) ;
#1004 = AXIS2_PLACEMENT_3D ( 'NONE', #1883, #1363, #32 ) ;
#1005 = PLANE ( 'NONE',  #2082 ) ;
#1006 = CARTESIAN_POINT ( 'NONE',  ( 44.46488807819015676, 79.14906167168305728, 6.250000000000000000 ) ) ;
#1007 = DIRECTION ( 'NONE',  ( 1.000000000000000000, 0.000000000000000000, 0.000000000000000000 ) ) ;
#1008 = EDGE_CURVE ( 'NONE', #1601, #11, #1315, .T. ) ;
#1009 = DIRECTION ( 'NONE',  ( -0.000000000000000000, 0.000000000000000000, 1.000000000000000000 ) ) ;
#1010 = DIRECTION ( 'NONE',  ( 0.000000000000000000, 0.000000000000000000, 1.000000000000000000 ) ) ;
#1011 = CARTESIAN_POINT ( 'NONE',  ( 90.96488807819015676, 79.14906167168305728, 11.25000000000000000 ) ) ;
#1012 = DIRECTION ( 'NONE',  ( 1.000000000000000000, 0.000000000000000000, 0.000000000000000000 ) ) ;
#1013 = CARTESIAN_POINT ( 'NONE',  ( 14.04833401088108680, -4.289314803096624829, -3.750000000000000000 ) ) ;
#1014 = EDGE_LOOP ( 'NONE', ( #1514 ) ) ;
#1015 = CARTESIAN_POINT ( 'NONE',  ( 98.50000000000000000, -16.08410752204747496, 0.000000000000000000 ) ) ;
#1016 = DIRECTION ( 'NONE',  ( 0.000000000000000000, -0.000000000000000000, -1.000000000000000000 ) ) ;
#1017 = ORIENTED_EDGE ( 'NONE', *, *, #1158, .F. ) ;
#1018 = EDGE_CURVE ( 'NONE', #550, #1906, #402, .T. ) ;
#1019 = LINE ( 'NONE', #1355, #1660 ) ;
#1020 = CARTESIAN_POINT ( 'NONE',  ( 90.96488807819017097, 137.1490616716830573, 11.25000000000000000 ) ) ;
#1021 = DIRECTION ( 'NONE',  ( -0.000000000000000000, -0.000000000000000000, 1.000000000000000000 ) ) ;
#1022 = DIRECTION ( 'NONE',  ( 0.000000000000000000, 0.000000000000000000, 1.000000000000000000 ) ) ;
#1023 = VERTEX_POINT ( 'NONE', #74 ) ;
#1024 = LINE ( 'NONE', #1686, #1870 ) ;
#1025 = FACE_OUTER_BOUND ( 'NONE', #1546, .T. ) ;
#1026 = CARTESIAN_POINT ( 'NONE',  ( 3.402489871497028862, -13.48817258522447560, 0.000000000000000000 ) ) ;
#1027 = EDGE_CURVE ( 'NONE', #166, #819, #63, .T. ) ;
#1028 = DIRECTION ( 'NONE',  ( -1.000000000000000000, 0.000000000000000000, 0.000000000000000000 ) ) ;
#1029 = DIRECTION ( 'NONE',  ( 0.000000000000000000, -0.000000000000000000, 1.000000000000000000 ) ) ;
#1030 = ORIENTED_EDGE ( 'NONE', *, *, #1740, .T. ) ;
#1031 = VERTEX_POINT ( 'NONE', #1199 ) ;
#1032 = AXIS2_PLACEMENT_3D ( 'NONE', #13, #526, #518 ) ;
#1033 = AXIS2_PLACEMENT_3D ( 'NONE', #1120, #2106, #1612 ) ;
#1034 = CARTESIAN_POINT ( 'NONE',  ( 0.000000000000000000, -16.08410752204747496, 0.000000000000000000 ) ) ;
#1035 = AXIS2_PLACEMENT_3D ( 'NONE', #1960, #1815, #956 ) ;
#1036 = DIRECTION ( 'NONE',  ( -0.000000000000000000, -0.000000000000000000, -1.000000000000000000 ) ) ;
#1037 = AXIS2_PLACEMENT_3D ( 'NONE', #540, #377, #237 ) ;
#1038 = EDGE_LOOP ( 'NONE', ( #1482 ) ) ;
#1039 = DIRECTION ( 'NONE',  ( -1.000000000000000000, 0.000000000000000000, 0.000000000000000000 ) ) ;
#1040 = EDGE_CURVE ( 'NONE', #1720, #1720, #1253, .T. ) ;
#1041 = VERTEX_POINT ( 'NONE', #1728 ) ;
#1042 = CARTESIAN_POINT ( 'NONE',  ( 0.000000000000000000, 132.6490616716830573, 0.000000000000000000 ) ) ;
#1043 = EDGE_LOOP ( 'NONE', ( #605 ) ) ;
#1044 = EDGE_LOOP ( 'NONE', ( #1304, #692, #1331, #1189 ) ) ;
#1045 = CARTESIAN_POINT ( 'NONE',  ( 25.79833401088108502, 28.01182741477552085, 19.25000000000000000 ) ) ;
#1046 = LINE ( 'NONE', #49, #263 ) ;
#1047 = LINE ( 'NONE', #1715, #818 ) ;
#1048 = DIRECTION ( 'NONE',  ( 0.000000000000000000, -0.000000000000000000, -1.000000000000000000 ) ) ;
#1049 = ORIENTED_EDGE ( 'NONE', *, *, #1092, .T. ) ;
#1050 = VERTEX_POINT ( 'NONE', #570 ) ;
#1051 = FACE_OUTER_BOUND ( 'NONE', #381, .T. ) ;
#1052 = ORIENTED_EDGE ( 'NONE', *, *, #479, .F. ) ;
#1053 = EDGE_CURVE ( 'NONE', #1796, #792, #415, .T. ) ;
#1054 = VERTEX_POINT ( 'NONE', #751 ) ;
#1055 = VERTEX_POINT ( 'NONE', #1912 ) ;
#1056 = DIRECTION ( 'NONE',  ( -1.000000000000000000, 0.000000000000000000, 0.000000000000000000 ) ) ;
#1057 = EDGE_CURVE ( 'NONE', #1557, #1557, #861, .T. ) ;
#1058 = VERTEX_POINT ( 'NONE', #718 ) ;
#1059 = LINE ( 'NONE', #737, #1317 ) ;
#1060 = DIRECTION ( 'NONE',  ( 1.000000000000000000, 0.000000000000000000, 0.000000000000000000 ) ) ;
#1061 = ORIENTED_EDGE ( 'NONE', *, *, #1257, .T. ) ;
#1062 = VERTEX_POINT ( 'NONE', #34 ) ;
#1063 = CARTESIAN_POINT ( 'NONE',  ( 43.50000000000000000, 22.14906167168309281, 6.250000000000000000 ) ) ;
#1064 = ORIENTED_EDGE ( 'NONE', *, *, #1563, .T. ) ;
#1065 = AXIS2_PLACEMENT_3D ( 'NONE', #461, #1791, #1643 ) ;
#1066 = LINE ( 'NONE', #60, #147 ) ;
#1067 = ORIENTED_EDGE ( 'NONE', *, *, #2092, .F. ) ;
#1068 = AXIS2_PLACEMENT_3D ( 'NONE', #1777, #1576, #1078 ) ;
#1069 = AXIS2_PLACEMENT_3D ( 'NONE', #823, #834, #318 ) ;
#1070 = EDGE_CURVE ( 'NONE', #910, #910, #816, .T. ) ;
#1071 = PLANE ( 'NONE',  #1107 ) ;
#1072 = AXIS2_PLACEMENT_3D ( 'NONE', #1496, #2158, #660 ) ;
#1073 = CIRCLE ( 'NONE', #1628, 2.500000000000002220 ) ;
#1074 =( GEOMETRIC_REPRESENTATION_CONTEXT ( 3 ) GLOBAL_UNCERTAINTY_ASSIGNED_CONTEXT ( ( #8 ) ) GLOBAL_UNIT_ASSIGNED_CONTEXT ( ( #1526, #690, #1862 ) ) REPRESENTATION_CONTEXT ( 'NONE', 'WORKASPACE' ) );
#1075 = CARTESIAN_POINT ( 'NONE',  ( 22.57048167804276417, 139.6490616716830289, -175.2603257679863304 ) ) ;
#1076 = ORIENTED_EDGE ( 'NONE', *, *, #1751, .T. ) ;
#1077 = VERTEX_POINT ( 'NONE', #1006 ) ;
#1078 = DIRECTION ( 'NONE',  ( 1.000000000000000000, 0.000000000000000000, 0.000000000000000000 ) ) ;
#1079 = VERTEX_POINT ( 'NONE', #2062 ) ;
#1080 = ORIENTED_EDGE ( 'NONE', *, *, #139, .T. ) ;
#1081 = EDGE_LOOP ( 'NONE', ( #1577 ) ) ;
#1082 = CARTESIAN_POINT ( 'NONE',  ( 67.35664573211298034, 28.01182741477552085, 19.25000000000000000 ) ) ;
#1083 = EDGE_CURVE ( 'NONE', #59, #59, #1384, .T. ) ;
#1084 = DIRECTION ( 'NONE',  ( 0.000000000000000000, 0.000000000000000000, -1.000000000000000000 ) ) ;
#1085 = EDGE_CURVE ( 'NONE', #278, #1426, #995, .T. ) ;
#1086 = VERTEX_POINT ( 'NONE', #1657 ) ;
#1087 = CARTESIAN_POINT ( 'NONE',  ( 81.10000000000000853, 112.1490616716830857, 2.749999999999999112 ) ) ;
#1088 = CARTESIAN_POINT ( 'NONE',  ( 28.49999999999999645, 87.14906167168309992, 31.25000000000000000 ) ) ;
#1089 = SHAPE_DEFINITION_REPRESENTATION ( #379, #321 ) ;
#1090 = ORIENTED_EDGE ( 'NONE', *, *, #1933, .F. ) ;
#1091 = DIRECTION ( 'NONE',  ( 1.000000000000000000, 0.000000000000000000, 0.000000000000000000 ) ) ;
#1092 = EDGE_CURVE ( 'NONE', #1224, #1224, #487, .T. ) ;
#1093 = EDGE_LOOP ( 'NONE', ( #707 ) ) ;
#1094 = CARTESIAN_POINT ( 'NONE',  ( 88.67832286605647596, -19.58410752204747496, -3.750000000000000000 ) ) ;
#1095 = FACE_OUTER_BOUND ( 'NONE', #1246, .T. ) ;
#1096 = EDGE_LOOP ( 'NONE', ( #109 ) ) ;
#1097 = EDGE_CURVE ( 'NONE', #1417, #880, #349, .T. ) ;
#1098 = DIRECTION ( 'NONE',  ( -0.000000000000000000, -0.000000000000000000, -1.000000000000000000 ) ) ;
#1099 = FACE_OUTER_BOUND ( 'NONE', #1325, .T. ) ;
#1100 = ORIENTED_EDGE ( 'NONE', *, *, #1905, .F. ) ;
#1101 = ORIENTED_EDGE ( 'NONE', *, *, #958, .F. ) ;
#1102 = FACE_OUTER_BOUND ( 'NONE', #626, .T. ) ;
#1103 = EDGE_LOOP ( 'NONE', ( #467 ) ) ;
#1104 = FACE_OUTER_BOUND ( 'NONE', #20, .T. ) ;
#1105 = CARTESIAN_POINT ( 'NONE',  ( 67.35664573211298034, 28.01182741477552085, 6.250000000000000000 ) ) ;
#1106 = VECTOR ( 'NONE', #84, 1000.000000000000000 ) ;
#1107 = AXIS2_PLACEMENT_3D ( 'NONE', #1606, #486, #1155 ) ;
#1108 = AXIS2_PLACEMENT_3D ( 'NONE', #284, #791, #98 ) ;
#1109 = ORIENTED_EDGE ( 'NONE', *, *, #2153, .F. ) ;
#1110 = DIRECTION ( 'NONE',  ( 1.000000000000000000, 0.000000000000000000, -0.000000000000000000 ) ) ;
#1111 = ORIENTED_EDGE ( 'NONE', *, *, #1891, .F. ) ;
#1112 = LINE ( 'NONE', #1610, #146 ) ;
#1113 = ORIENTED_EDGE ( 'NONE', *, *, #1607, .F. ) ;
#1114 = CIRCLE ( 'NONE', #76, 1.524999999999998579 ) ;
#1115 = ADVANCED_FACE ( 'NONE', ( #1327 ), #148, .T. ) ;
#1116 = PLANE ( 'NONE',  #15 ) ;
#1117 = ORIENTED_EDGE ( 'NONE', *, *, #977, .T. ) ;
#1118 = DIRECTION ( 'NONE',  ( -0.000000000000000000, -0.000000000000000000, -1.000000000000000000 ) ) ;
#1119 = ORIENTED_EDGE ( 'NONE', *, *, #1933, .T. ) ;
#1120 = CARTESIAN_POINT ( 'NONE',  ( 28.49999999999999645, 47.14906167168310702, 31.25000000000000000 ) ) ;
#1121 = EDGE_LOOP ( 'NONE', ( #421 ) ) ;
#1122 = DIRECTION ( 'NONE',  ( 1.000000000000000000, 0.000000000000000000, -0.000000000000000000 ) ) ;
#1123 = CARTESIAN_POINT ( 'NONE',  ( 24.54833401088108857, -8.988172585224480926, 6.250000000000000000 ) ) ;
#1124 = ORIENTED_EDGE ( 'NONE', *, *, #1475, .T. ) ;
#1125 = ORIENTED_EDGE ( 'NONE', *, *, #270, .F. ) ;
#1126 = DIRECTION ( 'NONE',  ( 1.000000000000000000, 0.000000000000000000, 0.000000000000000000 ) ) ;
#1127 = ORIENTED_EDGE ( 'NONE', *, *, #191, .F. ) ;
#1128 = CARTESIAN_POINT ( 'NONE',  ( 30.99999999999999645, 87.14906167168309992, 6.250000000000000000 ) ) ;
#1129 = FACE_BOUND ( 'NONE', #1813, .T. ) ;
#1130 = FACE_BOUND ( 'NONE', #1093, .T. ) ;
#1131 = ORIENTED_EDGE ( 'NONE', *, *, #878, .F. ) ;
#1132 = DIRECTION ( 'NONE',  ( 0.000000000000000000, 0.000000000000000000, 1.000000000000000000 ) ) ;
#1133 = ORIENTED_EDGE ( 'NONE', *, *, #1817, .F. ) ;
#1134 = FACE_BOUND ( 'NONE', #1428, .T. ) ;
#1135 = ADVANCED_FACE ( 'NONE', ( #1838, #22 ), #531, .T. ) ;
#1136 = ORIENTED_EDGE ( 'NONE', *, *, #41, .T. ) ;
#1137 = ORIENTED_EDGE ( 'NONE', *, *, #988, .F. ) ;
#1138 = LINE ( 'NONE', #675, #959 ) ;
#1139 = LINE ( 'NONE', #1799, #1805 ) ;
#1140 = DIRECTION ( 'NONE',  ( 0.000000000000000000, 0.000000000000000000, 1.000000000000000000 ) ) ;
#1141 = VERTEX_POINT ( 'NONE', #1702 ) ;
#1142 = CARTESIAN_POINT ( 'NONE',  ( 41.96488807819016387, 137.1490616716830573, 11.25000000000000000 ) ) ;
#1143 = DIRECTION ( 'NONE',  ( 0.000000000000000000, 0.000000000000000000, 1.000000000000000000 ) ) ;
#1144 = ADVANCED_FACE ( 'NONE', ( #514 ), #340, .F. ) ;
#1145 = AXIS2_PLACEMENT_3D ( 'NONE', #1620, #968, #1634 ) ;
#1146 = AXIS2_PLACEMENT_3D ( 'NONE', #1541, #846, #705 ) ;
#1147 = CIRCLE ( 'NONE', #185, 2.500000000000000000 ) ;
#1148 = AXIS2_PLACEMENT_3D ( 'NONE', #1624, #803, #436 ) ;
#1149 = CIRCLE ( 'NONE', #1879, 2.500000000000002220 ) ;
#1150 = DIRECTION ( 'NONE',  ( -0.000000000000000000, 0.000000000000000000, 1.000000000000000000 ) ) ;
#1151 = AXIS2_PLACEMENT_3D ( 'NONE', #683, #1184, #2020 ) ;
#1152 = CYLINDRICAL_SURFACE ( 'NONE', #1318, 1.149999999999998135 ) ;
#1153 = ORIENTED_EDGE ( 'NONE', *, *, #1830, .F. ) ;
#1154 = LINE ( 'NONE', #1339, #1493 ) ;
#1155 = DIRECTION ( 'NONE',  ( 1.000000000000000000, 0.000000000000000000, 0.000000000000000000 ) ) ;
#1156 = DIRECTION ( 'NONE',  ( 1.000000000000000000, 0.000000000000000000, 0.000000000000000000 ) ) ;
#1157 = CARTESIAN_POINT ( 'NONE',  ( -5.951665989118919420, 41.87565853515451408, -175.2603257679863304 ) ) ;
#1158 = EDGE_CURVE ( 'NONE', #880, #166, #1500, .T. ) ;
#1159 = ADVANCED_FACE ( 'NONE', ( #1989, #1200 ), #1488, .T. ) ;
#1160 = CARTESIAN_POINT ( 'NONE',  ( -3.451665989118919420, 28.01182741477552085, 6.250000000000000000 ) ) ;
#1161 = FACE_OUTER_BOUND ( 'NONE', #1044, .T. ) ;
#1162 = DIRECTION ( 'NONE',  ( 0.000000000000000000, -0.000000000000000000, -1.000000000000000000 ) ) ;
#1163 = EDGE_LOOP ( 'NONE', ( #1374 ) ) ;
#1164 = VERTEX_POINT ( 'NONE', #1333 ) ;
#1165 = CARTESIAN_POINT ( 'NONE',  ( 14.04833401088108324, 25.11068519690337197, 6.250000000000000000 ) ) ;
#1166 = CARTESIAN_POINT ( 'NONE',  ( 95.35664573211299455, -8.988172585224480926, 6.250000000000000000 ) ) ;
#1167 = CARTESIAN_POINT ( 'NONE',  ( 0.000000000000000000, 0.000000000000000000, 6.250000000000000000 ) ) ;
#1168 = CARTESIAN_POINT ( 'NONE',  ( 78.50000000000000000, 112.1490616716830857, 2.750000000000000444 ) ) ;
#1169 = ADVANCED_FACE ( 'NONE', ( #494, #1190 ), #1531, .F. ) ;
#1170 = CARTESIAN_POINT ( 'NONE',  ( 73.67832286605647596, -16.08410752204747496, -175.2603257679863304 ) ) ;
#1171 = ORIENTED_EDGE ( 'NONE', *, *, #1607, .T. ) ;
#1172 = FACE_OUTER_BOUND ( 'NONE', #580, .T. ) ;
#1173 = LINE ( 'NONE', #1678, #2090 ) ;
#1174 = FACE_OUTER_BOUND ( 'NONE', #2070, .T. ) ;
#1175 = FACE_OUTER_BOUND ( 'NONE', #613, .T. ) ;
#1176 = LINE ( 'NONE', #1503, #1738 ) ;
#1177 = VECTOR ( 'NONE', #869, 1000.000000000000000 ) ;
#1178 = CARTESIAN_POINT ( 'NONE',  ( 41.96488807819016387, 137.1490616716830573, 6.250000000000000000 ) ) ;
#1179 = VECTOR ( 'NONE', #2068, 1000.000000000000000 ) ;
#1180 = EDGE_CURVE ( 'NONE', #1947, #1908, #1173, .T. ) ;
#1181 = ORIENTED_EDGE ( 'NONE', *, *, #351, .T. ) ;
#1182 = AXIS2_PLACEMENT_3D ( 'NONE', #520, #1010, #1186 ) ;
#1183 = CARTESIAN_POINT ( 'NONE',  ( -5.951665989118919420, 25.11068519690337197, 0.000000000000000000 ) ) ;
#1184 = DIRECTION ( 'NONE',  ( -0.000000000000000000, 1.000000000000000000, 0.000000000000000000 ) ) ;
#1185 = DIRECTION ( 'NONE',  ( 0.000000000000000000, -0.000000000000000000, 1.000000000000000000 ) ) ;
#1186 = DIRECTION ( 'NONE',  ( 1.000000000000000000, 0.000000000000000000, 0.000000000000000000 ) ) ;
#1187 = DIRECTION ( 'NONE',  ( 1.000000000000000000, 0.000000000000000000, 0.000000000000000000 ) ) ;
#1188 = DIRECTION ( 'NONE',  ( 0.000000000000000000, 0.000000000000000000, 1.000000000000000000 ) ) ;
#1189 = ORIENTED_EDGE ( 'NONE', *, *, #1027, .F. ) ;
#1190 = FACE_OUTER_BOUND ( 'NONE', #1043, .T. ) ;
#1191 = EDGE_CURVE ( 'NONE', #1906, #929, #674, .T. ) ;
#1192 = DIRECTION ( 'NONE',  ( -0.000000000000000000, 1.000000000000000000, 0.000000000000000000 ) ) ;
#1193 = EDGE_LOOP ( 'NONE', ( #1737 ) ) ;
#1194 = CARTESIAN_POINT ( 'NONE',  ( 41.96488807819015676, 79.14906167168305728, 6.250000000000000000 ) ) ;
#1195 = ORIENTED_EDGE ( 'NONE', *, *, #1361, .T. ) ;
#1196 = DIRECTION ( 'NONE',  ( 1.000000000000000000, 0.000000000000000000, 0.000000000000000000 ) ) ;
#1197 = FACE_OUTER_BOUND ( 'NONE', #752, .T. ) ;
#1198 = ORIENTED_EDGE ( 'NONE', *, *, #430, .T. ) ;
#1199 = CARTESIAN_POINT ( 'NONE',  ( 43.50000000000000000, 22.14906167168309281, 2.750000000000000444 ) ) ;
#1200 = FACE_BOUND ( 'NONE', #1919, .T. ) ;
#1201 = DIRECTION ( 'NONE',  ( 0.000000000000000000, 0.000000000000000000, 1.000000000000000000 ) ) ;
#1202 = EDGE_CURVE ( 'NONE', #375, #1286, #2006, .T. ) ;
#1203 = DIRECTION ( 'NONE',  ( 1.000000000000000000, 0.000000000000000000, 0.000000000000000000 ) ) ;
#1204 = EDGE_CURVE ( 'NONE', #48, #48, #1594, .T. ) ;
#1205 = FACE_OUTER_BOUND ( 'NONE', #1888, .T. ) ;
#1206 = ORIENTED_EDGE ( 'NONE', *, *, #729, .T. ) ;
#1207 = VECTOR ( 'NONE', #731, 1000.000000000000000 ) ;
#1208 = VECTOR ( 'NONE', #1380, 1000.000000000000000 ) ;
#1209 = VERTEX_POINT ( 'NONE', #1881 ) ;
#1210 = AXIS2_PLACEMENT_3D ( 'NONE', #748, #2057, #568 ) ;
#1211 = AXIS2_PLACEMENT_3D ( 'NONE', #433, #1621, #800 ) ;
#1212 = EDGE_CURVE ( 'NONE', #1086, #388, #1024, .T. ) ;
#1213 = CIRCLE ( 'NONE', #257, 1.250000000000001110 ) ;
#1214 = AXIS2_PLACEMENT_3D ( 'NONE', #1828, #1342, #322 ) ;
#1215 = DIRECTION ( 'NONE',  ( 0.000000000000000000, 0.000000000000000000, 1.000000000000000000 ) ) ;
#1216 = CARTESIAN_POINT ( 'NONE',  ( -3.451665989118919420, -8.988172585224475597, 19.25000000000000000 ) ) ;
#1217 = ADVANCED_FACE ( 'NONE', ( #38, #1903 ), #745, .T. ) ;
#1218 = ORIENTED_EDGE ( 'NONE', *, *, #975, .F. ) ;
#1219 = EDGE_CURVE ( 'NONE', #1031, #1031, #1423, .T. ) ;
#1220 = CARTESIAN_POINT ( 'NONE',  ( 96.60664573211296613, 28.01182741477551730, 6.250000000000000000 ) ) ;
#1221 = LINE ( 'NONE', #1042, #1207 ) ;
#1222 = ORIENTED_EDGE ( 'NONE', *, *, #1180, .F. ) ;
#1223 = CARTESIAN_POINT ( 'NONE',  ( 95.35664573211296613, 28.01182741477551730, 19.25000000000000000 ) ) ;
#1224 = VERTEX_POINT ( 'NONE', #1403 ) ;
#1225 = PLANE ( 'NONE',  #2149 ) ;
#1226 = ORIENTED_EDGE ( 'NONE', *, *, #1640, .T. ) ;
#1227 = LINE ( 'NONE', #726, #2047 ) ;
#1228 = FACE_BOUND ( 'NONE', #874, .T. ) ;
#1229 = EDGE_LOOP ( 'NONE', ( #1711 ) ) ;
#1230 = CARTESIAN_POINT ( 'NONE',  ( 25.79833401088108857, -8.988172585224480926, 19.25000000000000000 ) ) ;
#1231 = CARTESIAN_POINT ( 'NONE',  ( -3.451665989118919420, -8.988172585224475597, 19.25000000000000000 ) ) ;
#1232 = ADVANCED_FACE ( 'NONE', ( #227, #2055 ), #1746, .F. ) ;
#1233 = CARTESIAN_POINT ( 'NONE',  ( 30.02499999999999503, 87.14906167168309992, 6.249999999999998224 ) ) ;
#1234 = DIRECTION ( 'NONE',  ( 0.000000000000000000, 0.000000000000000000, 1.000000000000000000 ) ) ;
#1235 = ORIENTED_EDGE ( 'NONE', *, *, #1057, .F. ) ;
#1236 = APPLICATION_CONTEXT ( 'automotive_design' ) ;
#1237 = LINE ( 'NONE', #1918, #2152 ) ;
#1238 = ORIENTED_EDGE ( 'NONE', *, *, #1202, .F. ) ;
#1239 = VERTEX_POINT ( 'NONE', #899 ) ;
#1240 = DIRECTION ( 'NONE',  ( 0.000000000000000000, -1.000000000000000000, 0.000000000000000000 ) ) ;
#1241 = DIRECTION ( 'NONE',  ( -0.000000000000000000, 0.000000000000000000, 1.000000000000000000 ) ) ;
#1242 = VERTEX_POINT ( 'NONE', #410 ) ;
#1243 = CARTESIAN_POINT ( 'NONE',  ( 67.35664573211299455, -8.988172585224475597, 19.25000000000000000 ) ) ;
#1244 = ADVANCED_FACE ( 'NONE', ( #2040 ), #1569, .F. ) ;
#1245 = DIRECTION ( 'NONE',  ( 1.000000000000000000, 0.000000000000000000, -0.000000000000000000 ) ) ;
#1246 = EDGE_LOOP ( 'NONE', ( #652 ) ) ;
#1247 = VECTOR ( 'NONE', #1201, 1000.000000000000000 ) ;
#1248 = VECTOR ( 'NONE', #1353, 1000.000000000000000 ) ;
#1249 = DIRECTION ( 'NONE',  ( 0.000000000000000000, -1.000000000000000000, 0.000000000000000000 ) ) ;
#1250 = FACE_BOUND ( 'NONE', #43, .T. ) ;
#1251 = AXIS2_PLACEMENT_3D ( 'NONE', #2134, #1150, #95 ) ;
#1252 = AXIS2_PLACEMENT_3D ( 'NONE', #1932, #427, #541 ) ;
#1253 = CIRCLE ( 'NONE', #1880, 1.149999999999998135 ) ;
#1254 = ORIENTED_EDGE ( 'NONE', *, *, #977, .F. ) ;
#1255 = DIRECTION ( 'NONE',  ( 1.000000000000000000, 0.000000000000000000, 0.000000000000000000 ) ) ;
#1256 = FACE_OUTER_BOUND ( 'NONE', #589, .T. ) ;
#1257 = EDGE_CURVE ( 'NONE', #278, #1164, #1046, .T. ) ;
#1258 = ORIENTED_EDGE ( 'NONE', *, *, #488, .F. ) ;
#1259 = DIRECTION ( 'NONE',  ( 0.000000000000000000, 0.000000000000000000, 1.000000000000000000 ) ) ;
#1260 = VERTEX_POINT ( 'NONE', #1714 ) ;
#1261 = CARTESIAN_POINT ( 'NONE',  ( -5.951665989118915867, -5.689314803096621631, -3.750000000000000000 ) ) ;
#1262 = ORIENTED_EDGE ( 'NONE', *, *, #1586, .F. ) ;
#1263 = LINE ( 'NONE', #1724, #184 ) ;
#1264 = ADVANCED_FACE ( 'NONE', ( #557 ), #1225, .T. ) ;
#1265 = DIRECTION ( 'NONE',  ( -1.000000000000000000, 0.000000000000000000, 0.000000000000000000 ) ) ;
#1266 = ORIENTED_EDGE ( 'NONE', *, *, #496, .F. ) ;
#1267 = FACE_OUTER_BOUND ( 'NONE', #316, .T. ) ;
#1268 = LINE ( 'NONE', #1261, #1692 ) ;
#1269 = ORIENTED_EDGE ( 'NONE', *, *, #358, .T. ) ;
#1270 = ORIENTED_EDGE ( 'NONE', *, *, #1599, .F. ) ;
#1271 = CYLINDRICAL_SURFACE ( 'NONE', #2050, 2.499999999999995115 ) ;
#1272 = EDGE_CURVE ( 'NONE', #2051, #289, #1221, .T. ) ;
#1273 = FACE_OUTER_BOUND ( 'NONE', #1193, .T. ) ;
#1274 = EDGE_LOOP ( 'NONE', ( #452 ) ) ;
#1275 = FACE_OUTER_BOUND ( 'NONE', #1394, .T. ) ;
#1276 = EDGE_CURVE ( 'NONE', #593, #1407, #211, .T. ) ;
#1277 = CYLINDRICAL_SURFACE ( 'NONE', #1145, 1.524999999999998579 ) ;
#1278 = ORIENTED_EDGE ( 'NONE', *, *, #1336, .F. ) ;
#1279 = LINE ( 'NONE', #1950, #1529 ) ;
#1280 = VERTEX_POINT ( 'NONE', #180 ) ;
#1281 = DIRECTION ( 'NONE',  ( 0.000000000000000000, -0.000000000000000000, -1.000000000000000000 ) ) ;
#1282 = DIRECTION ( 'NONE',  ( 1.000000000000000000, 0.000000000000000000, 0.000000000000000000 ) ) ;
#1283 = AXIS2_PLACEMENT_3D ( 'NONE', #576, #1408, #52 ) ;
#1284 = AXIS2_PLACEMENT_3D ( 'NONE', #850, #1188, #1846 ) ;
#1285 = CIRCLE ( 'NONE', #255, 1.250000000000001110 ) ;
#1286 = VERTEX_POINT ( 'NONE', #383 ) ;
#1287 = ORIENTED_EDGE ( 'NONE', *, *, #838, .T. ) ;
#1288 = AXIS2_PLACEMENT_3D ( 'NONE', #1020, #839, #1682 ) ;
#1289 = DIRECTION ( 'NONE',  ( -1.000000000000000000, 0.000000000000000000, 0.000000000000000000 ) ) ;
#1290 = ADVANCED_FACE ( 'NONE', ( #1051 ), #1709, .T. ) ;
#1291 = PLANE ( 'NONE',  #753 ) ;
#1292 = CARTESIAN_POINT ( 'NONE',  ( 67.35664573211299455, -8.988172585224475597, 19.25000000000000000 ) ) ;
#1293 = EDGE_LOOP ( 'NONE', ( #259 ) ) ;
#1294 = DIRECTION ( 'NONE',  ( -1.000000000000000000, 0.000000000000000000, 0.000000000000000000 ) ) ;
#1295 = ORIENTED_EDGE ( 'NONE', *, *, #1191, .T. ) ;
#1296 = CARTESIAN_POINT ( 'NONE',  ( 98.50000000000000000, -16.08410752204747496, 6.250000000000000000 ) ) ;
#1297 = MANIFOLD_SOLID_BREP ( 'Cut-Extrude14', #401 ) ;
#1298 = ORIENTED_EDGE ( 'NONE', *, *, #1092, .F. ) ;
#1299 = CARTESIAN_POINT ( 'NONE',  ( 14.04833401088108680, -4.289314803096624829, 6.250000000000000000 ) ) ;
#1300 = DIRECTION ( 'NONE',  ( 0.000000000000000000, 0.000000000000000000, 1.000000000000000000 ) ) ;
#1301 = DIRECTION ( 'NONE',  ( -0.000000000000000000, 0.000000000000000000, 1.000000000000000000 ) ) ;
#1302 = DIRECTION ( 'NONE',  ( 1.000000000000000000, 0.000000000000000000, -0.000000000000000000 ) ) ;
#1303 = EDGE_CURVE ( 'NONE', #1649, #1260, #1400, .T. ) ;
#1304 = ORIENTED_EDGE ( 'NONE', *, *, #1955, .T. ) ;
#1305 = DIRECTION ( 'NONE',  ( 0.000000000000000000, 0.000000000000000000, 1.000000000000000000 ) ) ;
#1306 = ORIENTED_EDGE ( 'NONE', *, *, #1272, .T. ) ;
#1307 = CARTESIAN_POINT ( 'NONE',  ( 18.40248987149702842, -13.48817258522447560, -3.750000000000000000 ) ) ;
#1308 = DIRECTION ( 'NONE',  ( -0.000000000000000000, 0.000000000000000000, 1.000000000000000000 ) ) ;
#1309 = ORIENTED_EDGE ( 'NONE', *, *, #1524, .T. ) ;
#1310 = CARTESIAN_POINT ( 'NONE',  ( 27.75664573211297537, 9.710685196903375171, 6.250000000000000000 ) ) ;
#1311 = ADVANCED_FACE ( 'NONE', ( #1876 ), #873, .T. ) ;
#1312 = DIRECTION ( 'NONE',  ( 1.000000000000000000, 0.000000000000000000, 0.000000000000000000 ) ) ;
#1313 = CYLINDRICAL_SURFACE ( 'NONE', #1252, 2.600000000000004974 ) ;
#1314 = EDGE_CURVE ( 'NONE', #929, #929, #542, .T. ) ;
#1315 = CIRCLE ( 'NONE', #827, 2.500000000000002220 ) ;
#1316 = ORIENTED_EDGE ( 'NONE', *, *, #1257, .F. ) ;
#1317 = VECTOR ( 'NONE', #218, 1000.000000000000000 ) ;
#1318 = AXIS2_PLACEMENT_3D ( 'NONE', #790, #1118, #799 ) ;
#1319 = CIRCLE ( 'NONE', #2154, 2.500000000000015987 ) ;
#1320 = AXIS2_PLACEMENT_3D ( 'NONE', #1231, #1889, #1391 ) ;
#1321 = DIRECTION ( 'NONE',  ( 0.000000000000000000, -0.000000000000000000, -1.000000000000000000 ) ) ;
#1322 = MECHANICAL_DESIGN_GEOMETRIC_PRESENTATION_REPRESENTATION (  '', ( #749 ), #1074 ) ;
#1323 = LINE ( 'NONE', #1821, #1774 ) ;
#1324 = FACE_OUTER_BOUND ( 'NONE', #1401, .T. ) ;
#1325 = EDGE_LOOP ( 'NONE', ( #736 ) ) ;
#1326 = CARTESIAN_POINT ( 'NONE',  ( 67.35664573211298034, 28.01182741477552085, 19.25000000000000000 ) ) ;
#1327 = FACE_OUTER_BOUND ( 'NONE', #1705, .T. ) ;
#1328 = EDGE_LOOP ( 'NONE', ( #1543, #619, #555, #905 ) ) ;
#1329 = ADVANCED_FACE ( 'NONE', ( #787 ), #1466, .T. ) ;
#1330 = FACE_BOUND ( 'NONE', #1470, .T. ) ;
#1331 = ORIENTED_EDGE ( 'NONE', *, *, #447, .F. ) ;
#1332 = CARTESIAN_POINT ( 'NONE',  ( 73.67832286605647596, -16.08410752204747496, 0.000000000000000000 ) ) ;
#1333 = CARTESIAN_POINT ( 'NONE',  ( -5.951665989118919420, -16.98817258522447560, 6.250000000000000000 ) ) ;
#1334 = PLANE ( 'NONE',  #1375 ) ;
#1335 = DIRECTION ( 'NONE',  ( -0.000000000000000000, 0.000000000000000000, 1.000000000000000000 ) ) ;
#1336 = EDGE_CURVE ( 'NONE', #1239, #908, #1788, .T. ) ;
#1337 = CARTESIAN_POINT ( 'NONE',  ( 67.35664573211299455, -8.988172585224475597, 6.250000000000000000 ) ) ;
#1338 = ORIENTED_EDGE ( 'NONE', *, *, #1891, .T. ) ;
#1339 = CARTESIAN_POINT ( 'NONE',  ( -5.951665989118919420, 0.000000000000000000, 0.000000000000000000 ) ) ;
#1340 = DIRECTION ( 'NONE',  ( 1.000000000000000000, 3.986748290005328025E-16, -0.000000000000000000 ) ) ;
#1341 = EDGE_CURVE ( 'NONE', #1260, #1054, #1112, .T. ) ;
#1342 = DIRECTION ( 'NONE',  ( -0.000000000000000000, -0.000000000000000000, 1.000000000000000000 ) ) ;
#1343 = CARTESIAN_POINT ( 'NONE',  ( 3.402489871497028862, 0.000000000000000000, 0.000000000000000000 ) ) ;
#1344 = FACE_OUTER_BOUND ( 'NONE', #193, .T. ) ;
#1345 = VECTOR ( 'NONE', #1591, 1000.000000000000000 ) ;
#1346 = CIRCLE ( 'NONE', #1769, 1.150000000000012124 ) ;
#1347 = FACE_OUTER_BOUND ( 'NONE', #144, .T. ) ;
#1348 = AXIS2_PLACEMENT_3D ( 'NONE', #670, #179, #498 ) ;
#1349 = ORIENTED_EDGE ( 'NONE', *, *, #488, .T. ) ;
#1350 = AXIS2_PLACEMENT_3D ( 'NONE', #1826, #2101, #1941 ) ;
#1351 = EDGE_CURVE ( 'NONE', #1365, #388, #244, .T. ) ;
#1352 = AXIS2_PLACEMENT_3D ( 'NONE', #1434, #914, #1716 ) ;
#1353 = DIRECTION ( 'NONE',  ( -0.000000000000000000, -0.000000000000000000, 1.000000000000000000 ) ) ;
#1354 = DIRECTION ( 'NONE',  ( 0.000000000000000000, 0.000000000000000000, 1.000000000000000000 ) ) ;
#1355 = CARTESIAN_POINT ( 'NONE',  ( -5.951665989118919420, 25.11068519690337197, 6.250000000000000000 ) ) ;
#1356 = DIRECTION ( 'NONE',  ( 0.000000000000000000, -0.000000000000000000, 1.000000000000000000 ) ) ;
#1357 = CARTESIAN_POINT ( 'NONE',  ( 90.96488807819017097, 137.1490616716830573, 6.250000000000000000 ) ) ;
#1358 = ORIENTED_EDGE ( 'NONE', *, *, #194, .F. ) ;
#1359 = VERTEX_POINT ( 'NONE', #161 ) ;
#1360 = CARTESIAN_POINT ( 'NONE',  ( 38.50000000000000000, 22.14906167168309281, -17.85000000000001208 ) ) ;
#1361 = EDGE_CURVE ( 'NONE', #929, #2033, #603, .T. ) ;
#1362 = DIRECTION ( 'NONE',  ( 0.000000000000000000, 1.000000000000000000, 0.000000000000000000 ) ) ;
#1363 = DIRECTION ( 'NONE',  ( 0.000000000000000000, 0.000000000000000000, 1.000000000000000000 ) ) ;
#1364 = VERTEX_POINT ( 'NONE', #720 ) ;
#1365 = VERTEX_POINT ( 'NONE', #1412 ) ;
#1366 = CARTESIAN_POINT ( 'NONE',  ( 27.75664573211297892, -16.98817258522447204, 6.250000000000000000 ) ) ;
#1367 = VERTEX_POINT ( 'NONE', #1734 ) ;
#1368 = EDGE_CURVE ( 'NONE', #1141, #1581, #917, .T. ) ;
#1369 = CARTESIAN_POINT ( 'NONE',  ( 78.50000000000000000, 112.1490616716830857, 0.000000000000000000 ) ) ;
#1370 = EDGE_CURVE ( 'NONE', #1755, #1908, #1600, .T. ) ;
#1371 = DIRECTION ( 'NONE',  ( 1.000000000000000000, 0.000000000000000000, 0.000000000000000000 ) ) ;
#1372 = EDGE_LOOP ( 'NONE', ( #1064 ) ) ;
#1373 = CARTESIAN_POINT ( 'NONE',  ( 30.99999999999999645, 87.14906167168309992, 31.25000000000000000 ) ) ;
#1374 = ORIENTED_EDGE ( 'NONE', *, *, #2042, .F. ) ;
#1375 = AXIS2_PLACEMENT_3D ( 'NONE', #1999, #686, #1532 ) ;
#1376 = CARTESIAN_POINT ( 'NONE',  ( 27.04833401088108857, -8.988172585224480926, 19.25000000000000000 ) ) ;
#1377 = CIRCLE ( 'NONE', #445, 1.250000000000001110 ) ;
#1378 = VECTOR ( 'NONE', #1021, 1000.000000000000000 ) ;
#1379 = DIRECTION ( 'NONE',  ( 0.000000000000000000, 0.000000000000000000, 1.000000000000000000 ) ) ;
#1380 = DIRECTION ( 'NONE',  ( 0.000000000000000000, 1.000000000000000000, 0.000000000000000000 ) ) ;
#1381 = CIRCLE ( 'NONE', #2012, 1.149999999999998135 ) ;
#1382 = AXIS2_PLACEMENT_3D ( 'NONE', #1519, #862, #505 ) ;
#1383 = FACE_OUTER_BOUND ( 'NONE', #1782, .T. ) ;
#1384 = CIRCLE ( 'NONE', #2156, 2.499999999999998668 ) ;
#1385 = ORIENTED_EDGE ( 'NONE', *, *, #1070, .F. ) ;
#1386 = ADVANCED_FACE ( 'NONE', ( #1275 ), #1762, .T. ) ;
#1387 = ORIENTED_EDGE ( 'NONE', *, *, #784, .F. ) ;
#1388 = VERTEX_POINT ( 'NONE', #1886 ) ;
#1389 = SURFACE_SIDE_STYLE ('',( #529 ) ) ;
#1390 = ORIENTED_EDGE ( 'NONE', *, *, #824, .F. ) ;
#1391 = DIRECTION ( 'NONE',  ( -1.000000000000000000, 0.000000000000000000, 0.000000000000000000 ) ) ;
#1392 = CARTESIAN_POINT ( 'NONE',  ( 30.02499999999999503, 87.14906167168309992, 31.25000000000000000 ) ) ;
#1393 = CARTESIAN_POINT ( 'NONE',  ( 18.40248987149702842, -20.48817258522447560, -3.750000000000000000 ) ) ;
#1394 = EDGE_LOOP ( 'NONE', ( #1438 ) ) ;
#1395 = DIRECTION ( 'NONE',  ( 1.000000000000000000, -8.673617379884034239E-17, 0.000000000000000000 ) ) ;
#1396 = ORIENTED_EDGE ( 'NONE', *, *, #65, .F. ) ;
#1397 = ORIENTED_EDGE ( 'NONE', *, *, #574, .T. ) ;
#1398 = ADVANCED_FACE ( 'NONE', ( #1267, #1256 ), #951, .F. ) ;
#1399 = VERTEX_POINT ( 'NONE', #1220 ) ;
#1400 = LINE ( 'NONE', #2035, #1587 ) ;
#1401 = EDGE_LOOP ( 'NONE', ( #741 ) ) ;
#1402 = CARTESIAN_POINT ( 'NONE',  ( 88.67832286605647596, -19.58410752204747496, 6.250000000000000000 ) ) ;
#1403 = CARTESIAN_POINT ( 'NONE',  ( 96.60664573211299455, -8.988172585224480926, 6.250000000000000000 ) ) ;
#1404 = ORIENTED_EDGE ( 'NONE', *, *, #243, .F. ) ;
#1405 = CARTESIAN_POINT ( 'NONE',  ( -5.951665989118919420, 0.000000000000000000, -175.2603257679863304 ) ) ;
#1406 = CYLINDRICAL_SURFACE ( 'NONE', #1871, 2.500000000000002220 ) ;
#1407 = VERTEX_POINT ( 'NONE', #279 ) ;
#1408 = DIRECTION ( 'NONE',  ( 0.000000000000000000, 0.000000000000000000, 1.000000000000000000 ) ) ;
#1409 = DIRECTION ( 'NONE',  ( 0.000000000000000000, -0.000000000000000000, -1.000000000000000000 ) ) ;
#1410 = EDGE_LOOP ( 'NONE', ( #1596 ) ) ;
#1411 = VERTEX_POINT ( 'NONE', #2034 ) ;
#1412 = CARTESIAN_POINT ( 'NONE',  ( 14.04833401088108680, -5.689314803096623407, 6.250000000000000000 ) ) ;
#1413 = VERTEX_POINT ( 'NONE', #2054 ) ;
#1414 = VECTOR ( 'NONE', #1140, 1000.000000000000000 ) ;
#1415 = ORIENTED_EDGE ( 'NONE', *, *, #430, .F. ) ;
#1416 = EDGE_CURVE ( 'NONE', #1902, #1902, #889, .T. ) ;
#1417 = VERTEX_POINT ( 'NONE', #941 ) ;
#1418 = CIRCLE ( 'NONE', #1841, 2.500000000000002220 ) ;
#1419 = AXIS2_PLACEMENT_3D ( 'NONE', #1292, #1132, #1454 ) ;
#1420 = FACE_OUTER_BOUND ( 'NONE', #795, .T. ) ;
#1421 = AXIS2_PLACEMENT_3D ( 'NONE', #1969, #1143, #1312 ) ;
#1422 = CIRCLE ( 'NONE', #1350, 1.250000000000001110 ) ;
#1423 = CIRCLE ( 'NONE', #925, 4.999999999999997335 ) ;
#1424 = CARTESIAN_POINT ( 'NONE',  ( 41.96488807819015676, 79.14906167168305728, 6.250000000000000000 ) ) ;
#1425 = PLANE ( 'NONE',  #788 ) ;
#1426 = VERTEX_POINT ( 'NONE', #755 ) ;
#1427 = CARTESIAN_POINT ( 'NONE',  ( 90.96488807819017097, 137.1490616716830573, 11.25000000000000000 ) ) ;
#1428 = EDGE_LOOP ( 'NONE', ( #1052 ) ) ;
#1429 = EDGE_LOOP ( 'NONE', ( #940 ) ) ;
#1430 = ORIENTED_EDGE ( 'NONE', *, *, #313, .F. ) ;
#1431 = CARTESIAN_POINT ( 'NONE',  ( 38.50000000000000000, 22.14906167168309281, 2.749999999999999112 ) ) ;
#1432 = EDGE_CURVE ( 'NONE', #1601, #2064, #740, .T. ) ;
#1433 = LINE ( 'NONE', #101, #2084 ) ;
#1434 = CARTESIAN_POINT ( 'NONE',  ( 91.00000000000000000, 137.1490616716830573, 0.000000000000000000 ) ) ;
#1435 = FACE_OUTER_BOUND ( 'NONE', #851, .T. ) ;
#1436 = ORIENTED_EDGE ( 'NONE', *, *, #301, .T. ) ;
#1437 = FACE_OUTER_BOUND ( 'NONE', #1645, .T. ) ;
#1438 = ORIENTED_EDGE ( 'NONE', *, *, #1783, .T. ) ;
#1439 = LINE ( 'NONE', #606, #481 ) ;
#1440 = CARTESIAN_POINT ( 'NONE',  ( 98.50000000000000000, 132.6490616716830573, 6.250000000000000000 ) ) ;
#1441 = ORIENTED_EDGE ( 'NONE', *, *, #510, .F. ) ;
#1442 = DIRECTION ( 'NONE',  ( 0.000000000000000000, 0.000000000000000000, 1.000000000000000000 ) ) ;
#1443 = DIRECTION ( 'NONE',  ( -1.000000000000000000, 0.000000000000000000, 0.000000000000000000 ) ) ;
#1444 = DIRECTION ( 'NONE',  ( 0.000000000000000000, 0.000000000000000000, 1.000000000000000000 ) ) ;
#1445 = ADVANCED_FACE ( 'NONE', ( #1437, #105 ), #419, .T. ) ;
#1446 = FACE_OUTER_BOUND ( 'NONE', #2121, .T. ) ;
#1447 = ORIENTED_EDGE ( 'NONE', *, *, #658, .F. ) ;
#1448 = EDGE_CURVE ( 'NONE', #723, #723, #1418, .T. ) ;
#1449 = ORIENTED_EDGE ( 'NONE', *, *, #479, .T. ) ;
#1450 = CARTESIAN_POINT ( 'NONE',  ( -0.000000000000000000, -13.48817258522447560, 0.000000000000000000 ) ) ;
#1451 = APPLICATION_PROTOCOL_DEFINITION ( 'draft international standard', 'automotive_design', 1998, #647 ) ;
#1452 = DIRECTION ( 'NONE',  ( 0.000000000000000000, -0.000000000000000000, 1.000000000000000000 ) ) ;
#1453 = PLANE ( 'NONE',  #713 ) ;
#1454 = DIRECTION ( 'NONE',  ( 1.000000000000000000, 0.000000000000000000, 0.000000000000000000 ) ) ;
#1455 = ORIENTED_EDGE ( 'NONE', *, *, #1085, .T. ) ;
#1456 = DIRECTION ( 'NONE',  ( 1.000000000000000000, 0.000000000000000000, 0.000000000000000000 ) ) ;
#1457 = VECTOR ( 'NONE', #1611, 1000.000000000000000 ) ;
#1458 = CARTESIAN_POINT ( 'NONE',  ( 95.35664573211296613, 28.01182741477551730, 6.250000000000000000 ) ) ;
#1459 = AXIS2_PLACEMENT_3D ( 'NONE', #2162, #1851, #1509 ) ;
#1460 = VECTOR ( 'NONE', #1240, 1000.000000000000000 ) ;
#1461 = AXIS2_PLACEMENT_3D ( 'NONE', #991, #1652, #768 ) ;
#1462 = ORIENTED_EDGE ( 'NONE', *, *, #231, .F. ) ;
#1463 = ORIENTED_EDGE ( 'NONE', *, *, #1040, .F. ) ;
#1464 = VECTOR ( 'NONE', #1901, 1000.000000000000000 ) ;
#1465 = ADVANCED_FACE ( 'NONE', ( #1954 ), #594, .F. ) ;
#1466 = PLANE ( 'NONE',  #1630 ) ;
#1467 = PLANE ( 'NONE',  #1251 ) ;
#1468 = PLANE ( 'NONE',  #682 ) ;
#1469 = CARTESIAN_POINT ( 'NONE',  ( 91.00000000000000000, 139.6490616716830573, -3.750000000000000000 ) ) ;
#1470 = EDGE_LOOP ( 'NONE', ( #1765 ) ) ;
#1471 = DIRECTION ( 'NONE',  ( 0.000000000000000000, 0.000000000000000000, 1.000000000000000000 ) ) ;
#1472 = PLANE ( 'NONE',  #1035 ) ;
#1473 = VERTEX_POINT ( 'NONE', #429 ) ;
#1474 = DIRECTION ( 'NONE',  ( -0.000000000000000000, 0.000000000000000000, 1.000000000000000000 ) ) ;
#1475 = EDGE_CURVE ( 'NONE', #908, #1755, #93, .T. ) ;
#1476 = CARTESIAN_POINT ( 'NONE',  ( 90.96488807819015676, 79.14906167168305728, 11.25000000000000000 ) ) ;
#1477 = LINE ( 'NONE', #1469, #820 ) ;
#1478 = EDGE_LOOP ( 'NONE', ( #1565 ) ) ;
#1479 = ADVANCED_FACE ( 'NONE', ( #197, #829 ), #666, .F. ) ;
#1480 = CARTESIAN_POINT ( 'NONE',  ( 18.40248987149702842, -16.98817258522447204, 6.250000000000000000 ) ) ;
#1481 = CARTESIAN_POINT ( 'NONE',  ( 67.35664573211299455, -8.988172585224475597, 19.25000000000000000 ) ) ;
#1482 = ORIENTED_EDGE ( 'NONE', *, *, #1857, .F. ) ;
#1483 = CARTESIAN_POINT ( 'NONE',  ( 28.49999999999999645, 87.14906167168309992, 6.250000000000000000 ) ) ;
#1484 = LINE ( 'NONE', #1307, #1457 ) ;
#1485 = CYLINDRICAL_SURFACE ( 'NONE', #1211, 2.500000000000002220 ) ;
#1486 = EDGE_LOOP ( 'NONE', ( #1430 ) ) ;
#1487 = CARTESIAN_POINT ( 'NONE',  ( -0.000000000000000000, 139.6490616716830573, 6.250000000000000000 ) ) ;
#1488 = PLANE ( 'NONE',  #1691 ) ;
#1489 = ADVANCED_FACE ( 'NONE', ( #837, #165 ), #1334, .T. ) ;
#1490 = DIRECTION ( 'NONE',  ( -0.000000000000000000, 0.000000000000000000, 1.000000000000000000 ) ) ;
#1491 = CIRCLE ( 'NONE', #1352, 2.500000000000002220 ) ;
#1492 = AXIS2_PLACEMENT_3D ( 'NONE', #1895, #890, #1215 ) ;
#1493 = VECTOR ( 'NONE', #2147, 1000.000000000000000 ) ;
#1494 = AXIS2_PLACEMENT_3D ( 'NONE', #1790, #604, #618 ) ;
#1495 = FACE_OUTER_BOUND ( 'NONE', #2131, .T. ) ;
#1496 = CARTESIAN_POINT ( 'NONE',  ( 28.49999999999999645, 47.14906167168310702, 6.249999999999998224 ) ) ;
#1497 = AXIS2_PLACEMENT_3D ( 'NONE', #1166, #1016, #1671 ) ;
#1498 = ORIENTED_EDGE ( 'NONE', *, *, #1836, .F. ) ;
#1499 = LINE ( 'NONE', #493, #404 ) ;
#1500 = LINE ( 'NONE', #2161, #585 ) ;
#1501 = EDGE_CURVE ( 'NONE', #372, #2058, #331, .T. ) ;
#1502 = CARTESIAN_POINT ( 'NONE',  ( 67.35664573211299455, -8.988172585224475597, 6.250000000000000000 ) ) ;
#1503 = CARTESIAN_POINT ( 'NONE',  ( -5.951665989118919420, -16.98817258522447560, 6.250000000000000000 ) ) ;
#1504 = FACE_OUTER_BOUND ( 'NONE', #7, .T. ) ;
#1505 = EDGE_LOOP ( 'NONE', ( #888, #1747, #627, #1316 ) ) ;
#1506 = EDGE_LOOP ( 'NONE', ( #781 ) ) ;
#1507 = LINE ( 'NONE', #1487, #1558 ) ;
#1508 = CARTESIAN_POINT ( 'NONE',  ( 0.000000000000000000, -16.08410752204747496, -175.2603257679863304 ) ) ;
#1509 = DIRECTION ( 'NONE',  ( 1.000000000000000000, 0.000000000000000000, 0.000000000000000000 ) ) ;
#1510 = DIRECTION ( 'NONE',  ( 0.000000000000000000, 0.000000000000000000, 1.000000000000000000 ) ) ;
#1511 = EDGE_CURVE ( 'NONE', #1079, #1079, #480, .T. ) ;
#1512 = DIRECTION ( 'NONE',  ( 0.000000000000000000, 0.000000000000000000, 1.000000000000000000 ) ) ;
#1513 = FACE_OUTER_BOUND ( 'NONE', #922, .T. ) ;
#1514 = ORIENTED_EDGE ( 'NONE', *, *, #630, .T. ) ;
#1515 = PLANE ( 'NONE',  #1069 ) ;
#1516 = CARTESIAN_POINT ( 'NONE',  ( 83.50000000000000000, 139.6490616716830573, 6.250000000000000000 ) ) ;
#1517 = EDGE_LOOP ( 'NONE', ( #1254 ) ) ;
#1518 = FACE_OUTER_BOUND ( 'NONE', #661, .T. ) ;
#1519 = CARTESIAN_POINT ( 'NONE',  ( 90.96488807819015676, 79.14906167168305728, 11.25000000000000000 ) ) ;
#1520 = AXIS2_PLACEMENT_3D ( 'NONE', #566, #1234, #1904 ) ;
#1521 = CYLINDRICAL_SURFACE ( 'NONE', #1002, 1.249999999999999778 ) ;
#1522 = AXIS2_PLACEMENT_3D ( 'NONE', #361, #1036, #290 ) ;
#1523 = AXIS2_PLACEMENT_3D ( 'NONE', #1168, #815, #178 ) ;
#1524 = EDGE_CURVE ( 'NONE', #1242, #1242, #2115, .T. ) ;
#1525 = FACE_OUTER_BOUND ( 'NONE', #1710, .T. ) ;
#1526 =( LENGTH_UNIT ( ) NAMED_UNIT ( * ) SI_UNIT ( .MILLI., .METRE. ) );
#1527 = AXIS2_PLACEMENT_3D ( 'NONE', #678, #1995, #1985 ) ;
#1528 = EDGE_LOOP ( 'NONE', ( #398, #261, #1061, #759, #99 ) ) ;
#1529 = VECTOR ( 'NONE', #1929, 1000.000000000000000 ) ;
#1530 = AXIS2_PLACEMENT_3D ( 'NONE', #825, #1866, #856 ) ;
#1531 = CYLINDRICAL_SURFACE ( 'NONE', #1916, 2.599999999999998312 ) ;
#1532 = DIRECTION ( 'NONE',  ( 1.000000000000000000, 0.000000000000000000, -0.000000000000000000 ) ) ;
#1533 = PLANE ( 'NONE',  #1665 ) ;
#1534 = CARTESIAN_POINT ( 'NONE',  ( 93.50000000000000000, 132.6490616716830573, -3.750000000000000000 ) ) ;
#1535 = FACE_OUTER_BOUND ( 'NONE', #239, .T. ) ;
#1536 = ORIENTED_EDGE ( 'NONE', *, *, #2072, .F. ) ;
#1537 = EDGE_CURVE ( 'NONE', #1796, #473, #2031, .T. ) ;
#1538 = VERTEX_POINT ( 'NONE', #195 ) ;
#1539 = DIRECTION ( 'NONE',  ( -0.000000000000000000, -0.000000000000000000, -1.000000000000000000 ) ) ;
#1540 = EDGE_CURVE ( 'NONE', #388, #1286, #1019, .T. ) ;
#1541 = CARTESIAN_POINT ( 'NONE',  ( 41.96488807819015676, 79.14906167168305728, 11.25000000000000000 ) ) ;
#1542 = DIRECTION ( 'NONE',  ( 0.000000000000000000, 1.000000000000000000, 0.000000000000000000 ) ) ;
#1543 = ORIENTED_EDGE ( 'NONE', *, *, #848, .F. ) ;
#1544 = VERTEX_POINT ( 'NONE', #370 ) ;
#1545 = CARTESIAN_POINT ( 'NONE',  ( 0.000000000000000000, 0.000000000000000000, 6.250000000000000000 ) ) ;
#1546 = EDGE_LOOP ( 'NONE', ( #1992 ) ) ;
#1547 = EDGE_LOOP ( 'NONE', ( #1113 ) ) ;
#1548 = CARTESIAN_POINT ( 'NONE',  ( 43.11488807819016245, 137.1490616716830573, 11.25000000000000000 ) ) ;
#1549 = ADVANCED_FACE ( 'NONE', ( #1175 ), #1840, .F. ) ;
#1550 = DIRECTION ( 'NONE',  ( 1.000000000000000000, 1.029255627112380433E-16, 0.000000000000000000 ) ) ;
#1551 = ORIENTED_EDGE ( 'NONE', *, *, #1740, .F. ) ;
#1552 = LINE ( 'NONE', #66, #1179 ) ;
#1553 = CARTESIAN_POINT ( 'NONE',  ( 0.000000000000000000, 0.000000000000000000, 6.250000000000000000 ) ) ;
#1554 = ORIENTED_EDGE ( 'NONE', *, *, #774, .T. ) ;
#1555 = LINE ( 'NONE', #68, #2155 ) ;
#1556 = VECTOR ( 'NONE', #2112, 1000.000000000000000 ) ;
#1557 = VERTEX_POINT ( 'NONE', #395 ) ;
#1558 = VECTOR ( 'NONE', #1997, 1000.000000000000000 ) ;
#1559 = DIRECTION ( 'NONE',  ( 0.000000000000000000, -1.000000000000000000, 0.000000000000000000 ) ) ;
#1560 = ORIENTED_EDGE ( 'NONE', *, *, #599, .F. ) ;
#1561 = CIRCLE ( 'NONE', #1845, 2.499999999999998668 ) ;
#1562 = DIRECTION ( 'NONE',  ( 0.000000000000000000, 0.000000000000000000, 1.000000000000000000 ) ) ;
#1563 = EDGE_CURVE ( 'NONE', #1538, #1538, #512, .T. ) ;
#1564 = ORIENTED_EDGE ( 'NONE', *, *, #1537, .F. ) ;
#1565 = ORIENTED_EDGE ( 'NONE', *, *, #948, .T. ) ;
#1566 = FACE_OUTER_BOUND ( 'NONE', #1987, .T. ) ;
#1567 = DIRECTION ( 'NONE',  ( 0.000000000000000000, 0.000000000000000000, 1.000000000000000000 ) ) ;
#1568 = CARTESIAN_POINT ( 'NONE',  ( -2.201665989118919864, -8.988172585224475597, 19.25000000000000000 ) ) ;
#1569 = PLANE ( 'NONE',  #1037 ) ;
#1570 = CARTESIAN_POINT ( 'NONE',  ( 22.57048167804276417, 0.000000000000000000, 0.000000000000000000 ) ) ;
#1571 = EDGE_LOOP ( 'NONE', ( #1080, #504, #842, #1278 ) ) ;
#1572 = CARTESIAN_POINT ( 'NONE',  ( 0.000000000000000000, 41.87565853515451408, -175.2603257679863304 ) ) ;
#1573 = ORIENTED_EDGE ( 'NONE', *, *, #396, .T. ) ;
#1574 = ADVANCED_FACE ( 'NONE', ( #350, #1025 ), #697, .F. ) ;
#1575 = VERTEX_POINT ( 'NONE', #2060 ) ;
#1576 = DIRECTION ( 'NONE',  ( -0.000000000000000000, 0.000000000000000000, 1.000000000000000000 ) ) ;
#1577 = ORIENTED_EDGE ( 'NONE', *, *, #904, .T. ) ;
#1578 = CARTESIAN_POINT ( 'NONE',  ( 27.04833401088108857, -8.988172585224480926, 6.250000000000000000 ) ) ;
#1579 = CARTESIAN_POINT ( 'NONE',  ( 38.50000000000000000, 22.14906167168309281, 2.750000000000000444 ) ) ;
#1580 = LINE ( 'NONE', #596, #648 ) ;
#1581 = VERTEX_POINT ( 'NONE', #1687 ) ;
#1582 = DIRECTION ( 'NONE',  ( 0.000000000000000000, 0.000000000000000000, 1.000000000000000000 ) ) ;
#1583 = EDGE_LOOP ( 'NONE', ( #1298 ) ) ;
#1584 = DIRECTION ( 'NONE',  ( 0.000000000000000000, 0.000000000000000000, 1.000000000000000000 ) ) ;
#1585 = PRODUCT ( 'RD_ElectronicHolderBottomMostRecent__Default__6105A83FE3D9', 'RD_ElectronicHolderBottomMostRecent__Default__6105A83FE3D9', '', ( #281 ) ) ;
#1586 = EDGE_CURVE ( 'NONE', #1023, #1086, #1138, .T. ) ;
#1587 = VECTOR ( 'NONE', #537, 1000.000000000000000 ) ;
#1588 = FACE_BOUND ( 'NONE', #1962, .T. ) ;
#1589 = EDGE_LOOP ( 'NONE', ( #821 ) ) ;
#1590 = CIRCLE ( 'NONE', #1419, 2.499999999999988454 ) ;
#1591 = DIRECTION ( 'NONE',  ( 0.000000000000000000, -1.000000000000000000, 0.000000000000000000 ) ) ;
#1592 = VECTOR ( 'NONE', #1647, 1000.000000000000000 ) ;
#1593 = AXIS2_PLACEMENT_3D ( 'NONE', #2139, #264, #608 ) ;
#1594 = CIRCLE ( 'NONE', #756, 1.149999999999998135 ) ;
#1595 = CARTESIAN_POINT ( 'NONE',  ( -0.000000000000000000, -12.58410752204747496, 0.000000000000000000 ) ) ;
#1596 = ORIENTED_EDGE ( 'NONE', *, *, #1696, .F. ) ;
#1597 = DIRECTION ( 'NONE',  ( -0.000000000000000000, 0.000000000000000000, 1.000000000000000000 ) ) ;
#1598 = EDGE_LOOP ( 'NONE', ( #2102 ) ) ;
#1599 = EDGE_CURVE ( 'NONE', #1280, #1601, #183, .T. ) ;
#1600 = LINE ( 'NONE', #583, #328 ) ;
#1601 = VERTEX_POINT ( 'NONE', #1680 ) ;
#1602 = EDGE_CURVE ( 'NONE', #29, #29, #254, .T. ) ;
#1603 = LINE ( 'NONE', #558, #1106 ) ;
#1604 = DIRECTION ( 'NONE',  ( -0.000000000000000000, -0.000000000000000000, -1.000000000000000000 ) ) ;
#1605 = ORIENTED_EDGE ( 'NONE', *, *, #1793, .F. ) ;
#1606 = CARTESIAN_POINT ( 'NONE',  ( 0.000000000000000000, 0.000000000000000000, 6.250000000000000000 ) ) ;
#1607 = EDGE_CURVE ( 'NONE', #711, #711, #544, .T. ) ;
#1608 = CARTESIAN_POINT ( 'NONE',  ( 63.85664573211297323, 0.000000000000000000, 0.000000000000000000 ) ) ;
#1609 = ORIENTED_EDGE ( 'NONE', *, *, #1537, .T. ) ;
#1610 = CARTESIAN_POINT ( 'NONE',  ( -5.951665989118919420, 41.87565853515451408, 6.250000000000000000 ) ) ;
#1611 = DIRECTION ( 'NONE',  ( -0.000000000000000000, -0.000000000000000000, 1.000000000000000000 ) ) ;
#1612 = DIRECTION ( 'NONE',  ( 1.000000000000000000, 0.000000000000000000, 0.000000000000000000 ) ) ;
#1613 = ORIENTED_EDGE ( 'NONE', *, *, #243, .T. ) ;
#1614 = CARTESIAN_POINT ( 'NONE',  ( 3.402489871497028862, -16.98817258522447560, 6.250000000000000000 ) ) ;
#1615 = ADVANCED_FACE ( 'NONE', ( #1518, #533 ), #1867, .T. ) ;
#1616 = ORIENTED_EDGE ( 'NONE', *, *, #2100, .T. ) ;
#1617 = DIRECTION ( 'NONE',  ( -1.000000000000000000, 0.000000000000000000, 0.000000000000000000 ) ) ;
#1618 =( LENGTH_UNIT ( ) NAMED_UNIT ( * ) SI_UNIT ( .MILLI., .METRE. ) );
#1619 = DIRECTION ( 'NONE',  ( 1.000000000000000000, 0.000000000000000000, 0.000000000000000000 ) ) ;
#1620 = CARTESIAN_POINT ( 'NONE',  ( 28.49999999999999645, 87.14906167168309992, 31.25000000000000000 ) ) ;
#1621 = DIRECTION ( 'NONE',  ( -0.000000000000000000, -0.000000000000000000, -1.000000000000000000 ) ) ;
#1622 = ORIENTED_EDGE ( 'NONE', *, *, #904, .F. ) ;
#1623 = DIRECTION ( 'NONE',  ( 0.000000000000000000, 0.000000000000000000, 1.000000000000000000 ) ) ;
#1624 = CARTESIAN_POINT ( 'NONE',  ( -5.951665989118915867, -5.689314803096621631, -3.750000000000000000 ) ) ;
#1625 = CIRCLE ( 'NONE', #1768, 1.250000000000001110 ) ;
#1626 = CIRCLE ( 'NONE', #294, 2.600000000000004974 ) ;
#1627 = AXIS2_PLACEMENT_3D ( 'NONE', #841, #528, #1820 ) ;
#1628 = AXIS2_PLACEMENT_3D ( 'NONE', #1142, #1623, #1456 ) ;
#1629 = EDGE_CURVE ( 'NONE', #236, #236, #1976, .T. ) ;
#1630 = AXIS2_PLACEMENT_3D ( 'NONE', #2126, #268, #1744 ) ;
#1631 = DIRECTION ( 'NONE',  ( 0.000000000000000000, -0.000000000000000000, -1.000000000000000000 ) ) ;
#1632 = EDGE_CURVE ( 'NONE', #1367, #1367, #42, .T. ) ;
#1633 = FACE_OUTER_BOUND ( 'NONE', #1571, .T. ) ;
#1634 = DIRECTION ( 'NONE',  ( -1.000000000000000000, 0.000000000000000000, 0.000000000000000000 ) ) ;
#1635 = ORIENTED_EDGE ( 'NONE', *, *, #1850, .T. ) ;
#1636 = DIRECTION ( 'NONE',  ( 1.000000000000000000, 0.000000000000000000, 0.000000000000000000 ) ) ;
#1637 = CARTESIAN_POINT ( 'NONE',  ( -5.951665989118919420, 41.87565853515451408, 6.250000000000000000 ) ) ;
#1638 = ADVANCED_FACE ( 'NONE', ( #389, #2091 ), #2065, .T. ) ;
#1639 = LINE ( 'NONE', #1157, #581 ) ;
#1640 = EDGE_CURVE ( 'NONE', #1796, #1914, #1263, .T. ) ;
#1641 = FACE_OUTER_BOUND ( 'NONE', #277, .T. ) ;
#1642 = DIRECTION ( 'NONE',  ( 0.000000000000000000, 0.000000000000000000, -1.000000000000000000 ) ) ;
#1643 = DIRECTION ( 'NONE',  ( -1.000000000000000000, 0.000000000000000000, 0.000000000000000000 ) ) ;
#1644 = LINE ( 'NONE', #1812, #1911 ) ;
#1645 = EDGE_LOOP ( 'NONE', ( #454 ) ) ;
#1646 = CARTESIAN_POINT ( 'NONE',  ( 90.96488807819015676, 79.14906167168305728, 11.25000000000000000 ) ) ;
#1647 = DIRECTION ( 'NONE',  ( 0.000000000000000000, -1.000000000000000000, 0.000000000000000000 ) ) ;
#1648 = CARTESIAN_POINT ( 'NONE',  ( 24.54833401088108147, 28.01182741477552085, 19.25000000000000000 ) ) ;
#1649 = VERTEX_POINT ( 'NONE', #230 ) ;
#1650 = CARTESIAN_POINT ( 'NONE',  ( 63.85664573211297323, -16.08410752204747496, 6.250000000000000000 ) ) ;
#1651 = CARTESIAN_POINT ( 'NONE',  ( 0.000000000000000000, 139.6490616716830573, -3.750000000000000000 ) ) ;
#1652 = DIRECTION ( 'NONE',  ( -0.000000000000000000, 0.000000000000000000, 1.000000000000000000 ) ) ;
#1653 = ADVANCED_FACE ( 'NONE', ( #1383 ), #924, .F. ) ;
#1654 = ORIENTED_EDGE ( 'NONE', *, *, #1672, .T. ) ;
#1655 = ORIENTED_EDGE ( 'NONE', *, *, #358, .F. ) ;
#1656 = FACE_OUTER_BOUND ( 'NONE', #2066, .T. ) ;
#1657 = CARTESIAN_POINT ( 'NONE',  ( 14.04833401088108324, 25.11068519690337197, 0.000000000000000000 ) ) ;
#1658 = EDGE_CURVE ( 'NONE', #1906, #1649, #1739, .T. ) ;
#1659 = PLANE ( 'NONE',  #332 ) ;
#1660 = VECTOR ( 'NONE', #343, 1000.000000000000000 ) ;
#1661 = AXIS2_PLACEMENT_3D ( 'NONE', #283, #1781, #1302 ) ;
#1662 = AXIS2_PLACEMENT_3D ( 'NONE', #1483, #805, #337 ) ;
#1663 = CYLINDRICAL_SURFACE ( 'NONE', #1952, 2.499999999999988454 ) ;
#1664 = CARTESIAN_POINT ( 'NONE',  ( 78.50000000000000000, 112.1490616716830857, 2.750000000000000444 ) ) ;
#1665 = AXIS2_PLACEMENT_3D ( 'NONE', #24, #1542, #1356 ) ;
#1666 = CARTESIAN_POINT ( 'NONE',  ( 90.96488807819015676, 79.14906167168305728, 6.250000000000000000 ) ) ;
#1667 = ORIENTED_EDGE ( 'NONE', *, *, #633, .T. ) ;
#1668 = ORIENTED_EDGE ( 'NONE', *, *, #1368, .T. ) ;
#1669 = FACE_OUTER_BOUND ( 'NONE', #1274, .T. ) ;
#1670 = VERTEX_POINT ( 'NONE', #853 ) ;
#1671 = DIRECTION ( 'NONE',  ( 1.000000000000000000, 0.000000000000000000, 0.000000000000000000 ) ) ;
#1672 = EDGE_CURVE ( 'NONE', #880, #1473, #1237, .T. ) ;
#1673 = DIRECTION ( 'NONE',  ( -0.000000000000000000, -0.000000000000000000, -1.000000000000000000 ) ) ;
#1674 = FACE_OUTER_BOUND ( 'NONE', #1801, .T. ) ;
#1675 = CARTESIAN_POINT ( 'NONE',  ( 95.35664573211299455, -8.988172585224480926, 19.25000000000000000 ) ) ;
#1676 = ORIENTED_EDGE ( 'NONE', *, *, #30, .T. ) ;
#1677 = CARTESIAN_POINT ( 'NONE',  ( 28.49999999999999645, 87.14906167168309992, 31.25000000000000000 ) ) ;
#1678 = CARTESIAN_POINT ( 'NONE',  ( 3.402489871497028862, -20.48817258522447560, 6.250000000000000000 ) ) ;
#1679 = LINE ( 'NONE', #1890, #1464 ) ;
#1680 = CARTESIAN_POINT ( 'NONE',  ( 93.50000000000000000, 137.1490616716830573, 6.250000000000000000 ) ) ;
#1681 = ADVANCED_FACE ( 'NONE', ( #40, #413 ), #89, .F. ) ;
#1682 = DIRECTION ( 'NONE',  ( -1.000000000000000000, 0.000000000000000000, 0.000000000000000000 ) ) ;
#1683 = FACE_OUTER_BOUND ( 'NONE', #624, .T. ) ;
#1684 = DIRECTION ( 'NONE',  ( 0.000000000000000000, 0.000000000000000000, -1.000000000000000000 ) ) ;
#1685 = ORIENTED_EDGE ( 'NONE', *, *, #1370, .F. ) ;
#1686 = CARTESIAN_POINT ( 'NONE',  ( 14.04833401088108324, 25.11068519690337197, -3.750000000000000000 ) ) ;
#1687 = CARTESIAN_POINT ( 'NONE',  ( -5.951665989118920308, -8.988172585224475597, 6.250000000000000000 ) ) ;
#1688 = ORIENTED_EDGE ( 'NONE', *, *, #859, .T. ) ;
#1689 = DIRECTION ( 'NONE',  ( -1.000000000000000000, 0.000000000000000000, 0.000000000000000000 ) ) ;
#1690 = EDGE_CURVE ( 'NONE', #1058, #937, #1059, .T. ) ;
#1691 = AXIS2_PLACEMENT_3D ( 'NONE', #664, #329, #695 ) ;
#1692 = VECTOR ( 'NONE', #887, 1000.000000000000000 ) ;
#1693 = FACE_OUTER_BOUND ( 'NONE', #1807, .T. ) ;
#1694 = AXIS2_PLACEMENT_3D ( 'NONE', #1572, #1249, #903 ) ;
#1695 = AXIS2_PLACEMENT_3D ( 'NONE', #463, #1604, #769 ) ;
#1696 = EDGE_CURVE ( 'NONE', #733, #733, #1873, .T. ) ;
#1697 = DIRECTION ( 'NONE',  ( 0.000000000000000000, -0.000000000000000000, -1.000000000000000000 ) ) ;
#1698 = ORIENTED_EDGE ( 'NONE', *, *, #1761, .T. ) ;
#1699 = VECTOR ( 'NONE', #2043, 1000.000000000000000 ) ;
#1700 = AXIS2_PLACEMENT_3D ( 'NONE', #1243, #587, #1925 ) ;
#1701 = VERTEX_POINT ( 'NONE', #868 ) ;
#1702 = CARTESIAN_POINT ( 'NONE',  ( -5.951665989118915867, -5.689314803096621631, 6.250000000000000000 ) ) ;
#1703 = CARTESIAN_POINT ( 'NONE',  ( 73.67832286605647596, -12.58410752204747496, 6.250000000000000000 ) ) ;
#1704 =( GEOMETRIC_REPRESENTATION_CONTEXT ( 3 ) GLOBAL_UNCERTAINTY_ASSIGNED_CONTEXT ( ( #732 ) ) GLOBAL_UNIT_ASSIGNED_CONTEXT ( ( #1618, #757, #1780 ) ) REPRESENTATION_CONTEXT ( 'NONE', 'WORKASPACE' ) );
#1705 = EDGE_LOOP ( 'NONE', ( #918, #738, #1133, #1101 ) ) ;
#1706 = DIRECTION ( 'NONE',  ( 0.000000000000000000, 0.000000000000000000, 1.000000000000000000 ) ) ;
#1707 = ORIENTED_EDGE ( 'NONE', *, *, #1586, .T. ) ;
#1708 = PLANE ( 'NONE',  #516 ) ;
#1709 = PLANE ( 'NONE',  #359 ) ;
#1710 = EDGE_LOOP ( 'NONE', ( #921 ) ) ;
#1711 = ORIENTED_EDGE ( 'NONE', *, *, #369, .F. ) ;
#1712 = EDGE_CURVE ( 'NONE', #226, #226, #150, .T. ) ;
#1713 = VERTEX_POINT ( 'NONE', #205 ) ;
#1714 = CARTESIAN_POINT ( 'NONE',  ( -5.951665989118919420, 41.87565853515451408, 6.250000000000000000 ) ) ;
#1715 = CARTESIAN_POINT ( 'NONE',  ( 27.75664573211297537, 0.000000000000000000, 0.000000000000000000 ) ) ;
#1716 = DIRECTION ( 'NONE',  ( 1.000000000000000000, 0.000000000000000000, 0.000000000000000000 ) ) ;
#1717 = ORIENTED_EDGE ( 'NONE', *, *, #2042, .T. ) ;
#1718 = VERTEX_POINT ( 'NONE', #408 ) ;
#1719 = EDGE_LOOP ( 'NONE', ( #1131 ) ) ;
#1720 = VERTEX_POINT ( 'NONE', #875 ) ;
#1721 = ADVANCED_FACE ( 'NONE', ( #1420 ), #425, .F. ) ;
#1722 = PLANE ( 'NONE',  #291 ) ;
#1723 = ORIENTED_EDGE ( 'NONE', *, *, #313, .T. ) ;
#1724 = CARTESIAN_POINT ( 'NONE',  ( -5.951665989118919420, -16.98817258522447560, 6.250000000000000000 ) ) ;
#1725 = FACE_BOUND ( 'NONE', #946, .T. ) ;
#1726 = EDGE_LOOP ( 'NONE', ( #1218 ) ) ;
#1727 = EDGE_LOOP ( 'NONE', ( #1349 ) ) ;
#1728 = CARTESIAN_POINT ( 'NONE',  ( 41.09999999999999432, 22.14906167168309281, 2.749999999999999112 ) ) ;
#1729 = ADVANCED_FACE ( 'NONE', ( #2041 ), #543, .F. ) ;
#1730 = FACE_BOUND ( 'NONE', #434, .T. ) ;
#1731 = ORIENTED_EDGE ( 'NONE', *, *, #385, .F. ) ;
#1732 = AXIS2_PLACEMENT_3D ( 'NONE', #1369, #1009, #2 ) ;
#1733 = CIRCLE ( 'NONE', #1977, 1.150000000000012124 ) ;
#1734 = CARTESIAN_POINT ( 'NONE',  ( -0.9516659891189195308, 28.01182741477552085, 19.25000000000000000 ) ) ;
#1735 = AXIS2_PLACEMENT_3D ( 'NONE', #804, #1474, #1789 ) ;
#1736 = ORIENTED_EDGE ( 'NONE', *, *, #262, .T. ) ;
#1737 = ORIENTED_EDGE ( 'NONE', *, *, #614, .T. ) ;
#1738 = VECTOR ( 'NONE', #676, 1000.000000000000000 ) ;
#1739 = LINE ( 'NONE', #240, #1345 ) ;
#1740 = EDGE_CURVE ( 'NONE', #213, #213, #1625, .T. ) ;
#1741 = DIRECTION ( 'NONE',  ( 0.000000000000000000, 0.000000000000000000, 1.000000000000000000 ) ) ;
#1742 = EDGE_LOOP ( 'NONE', ( #1198, #1436, #1387, #2093, #1295, #1195 ) ) ;
#1743 = VERTEX_POINT ( 'NONE', #708 ) ;
#1744 = DIRECTION ( 'NONE',  ( 0.000000000000000000, 0.000000000000000000, 1.000000000000000000 ) ) ;
#1745 = CARTESIAN_POINT ( 'NONE',  ( 44.46488807819015676, 79.14906167168305728, 11.25000000000000000 ) ) ;
#1746 = CYLINDRICAL_SURFACE ( 'NONE', #1974, 1.524999999999998579 ) ;
#1747 = ORIENTED_EDGE ( 'NONE', *, *, #1370, .T. ) ;
#1748 = EDGE_LOOP ( 'NONE', ( #1667 ) ) ;
#1749 = DIRECTION ( 'NONE',  ( -0.000000000000000000, -0.000000000000000000, -1.000000000000000000 ) ) ;
#1750 = DIRECTION ( 'NONE',  ( -1.000000000000000000, 0.000000000000000000, 0.000000000000000000 ) ) ;
#1751 = EDGE_CURVE ( 'NONE', #1058, #833, #1047, .T. ) ;
#1752 = ORIENTED_EDGE ( 'NONE', *, *, #1931, .T. ) ;
#1753 = CARTESIAN_POINT ( 'NONE',  ( 41.96488807819016387, 137.1490616716830573, 6.250000000000000000 ) ) ;
#1754 = FACE_OUTER_BOUND ( 'NONE', #1894, .T. ) ;
#1755 = VERTEX_POINT ( 'NONE', #714 ) ;
#1756 = VERTEX_POINT ( 'NONE', #560 ) ;
#1757 = ORIENTED_EDGE ( 'NONE', *, *, #41, .F. ) ;
#1758 = DIRECTION ( 'NONE',  ( 1.000000000000000000, -0.000000000000000000, 0.000000000000000000 ) ) ;
#1759 = CARTESIAN_POINT ( 'NONE',  ( 0.000000000000000000, 0.000000000000000000, 6.250000000000000000 ) ) ;
#1760 = EDGE_LOOP ( 'NONE', ( #710 ) ) ;
#1761 = EDGE_CURVE ( 'NONE', #1141, #1365, #1227, .T. ) ;
#1762 = PLANE ( 'NONE',  #1068 ) ;
#1763 = ADVANCED_FACE ( 'NONE', ( #399 ), #1071, .T. ) ;
#1764 = AXIS2_PLACEMENT_3D ( 'NONE', #1216, #380, #830 ) ;
#1765 = ORIENTED_EDGE ( 'NONE', *, *, #601, .T. ) ;
#1766 = FACE_OUTER_BOUND ( 'NONE', #33, .T. ) ;
#1767 = ORIENTED_EDGE ( 'NONE', *, *, #351, .F. ) ;
#1768 = AXIS2_PLACEMENT_3D ( 'NONE', #1882, #1562, #378 ) ;
#1769 = AXIS2_PLACEMENT_3D ( 'NONE', #629, #1300, #1196 ) ;
#1770 = CYLINDRICAL_SURFACE ( 'NONE', #1593, 2.500000000000015987 ) ;
#1771 = DIRECTION ( 'NONE',  ( 1.000000000000000000, 0.000000000000000000, 0.000000000000000000 ) ) ;
#1772 = DIRECTION ( 'NONE',  ( -0.000000000000000000, 0.000000000000000000, 1.000000000000000000 ) ) ;
#1773 = AXIS2_PLACEMENT_3D ( 'NONE', #449, #1301, #1619 ) ;
#1774 = VECTOR ( 'NONE', #1832, 1000.000000000000000 ) ;
#1775 = VECTOR ( 'NONE', #656, 1000.000000000000000 ) ;
#1776 = EDGE_LOOP ( 'NONE', ( #1385 ) ) ;
#1777 = CARTESIAN_POINT ( 'NONE',  ( 0.000000000000000000, 0.000000000000000000, 6.250000000000000000 ) ) ;
#1778 = EDGE_LOOP ( 'NONE', ( #1181 ) ) ;
#1779 = CARTESIAN_POINT ( 'NONE',  ( 95.35664573211299455, -8.988172585224480926, 19.25000000000000000 ) ) ;
#1780 =( NAMED_UNIT ( * ) SI_UNIT ( $, .STERADIAN. ) SOLID_ANGLE_UNIT ( ) );
#1781 = DIRECTION ( 'NONE',  ( 0.000000000000000000, 0.000000000000000000, 1.000000000000000000 ) ) ;
#1782 = EDGE_LOOP ( 'NONE', ( #1358, #238, #296, #2111 ) ) ;
#1783 = EDGE_CURVE ( 'NONE', #565, #565, #1377, .T. ) ;
#1784 = ORIENTED_EDGE ( 'NONE', *, *, #1955, .F. ) ;
#1785 = DIRECTION ( 'NONE',  ( 0.000000000000000000, 0.000000000000000000, 1.000000000000000000 ) ) ;
#1786 = ORIENTED_EDGE ( 'NONE', *, *, #859, .F. ) ;
#1787 = EDGE_LOOP ( 'NONE', ( #159 ) ) ;
#1788 = LINE ( 'NONE', #1450, #2044 ) ;
#1789 = DIRECTION ( 'NONE',  ( 1.000000000000000000, 0.000000000000000000, 0.000000000000000000 ) ) ;
#1790 = CARTESIAN_POINT ( 'NONE',  ( 67.35664573211298034, 28.01182741477552085, 6.250000000000000000 ) ) ;
#1791 = DIRECTION ( 'NONE',  ( -0.000000000000000000, -0.000000000000000000, -1.000000000000000000 ) ) ;
#1792 = EDGE_LOOP ( 'NONE', ( #1863, #1609, #273, #1127 ) ) ;
#1793 = EDGE_CURVE ( 'NONE', #1054, #1286, #635, .T. ) ;
#1794 = CARTESIAN_POINT ( 'NONE',  ( 95.35664573211299455, -8.988172585224480926, 19.25000000000000000 ) ) ;
#1795 = ORIENTED_EDGE ( 'NONE', *, *, #1018, .F. ) ;
#1796 = VERTEX_POINT ( 'NONE', #1480 ) ;
#1797 = DIRECTION ( 'NONE',  ( 1.000000000000000000, 0.000000000000000000, 0.000000000000000000 ) ) ;
#1798 = CARTESIAN_POINT ( 'NONE',  ( 92.11488807819014824, 79.14906167168305728, 6.250000000000000000 ) ) ;
#1799 = CARTESIAN_POINT ( 'NONE',  ( 88.67832286605647596, -12.58410752204747496, -3.750000000000000000 ) ) ;
#1800 = DIRECTION ( 'NONE',  ( 1.000000000000000000, 0.000000000000000000, -0.000000000000000000 ) ) ;
#1801 = EDGE_LOOP ( 'NONE', ( #1959 ) ) ;
#1802 = FACE_OUTER_BOUND ( 'NONE', #2138, .T. ) ;
#1803 = AXIS2_PLACEMENT_3D ( 'NONE', #1082, #1749, #913 ) ;
#1804 = VECTOR ( 'NONE', #699, 1000.000000000000000 ) ;
#1805 = VECTOR ( 'NONE', #638, 1000.000000000000000 ) ;
#1806 = AXIS2_PLACEMENT_3D ( 'NONE', #1431, #971, #1636 ) ;
#1807 = EDGE_LOOP ( 'NONE', ( #246 ) ) ;
#1808 = ADVANCED_FACE ( 'NONE', ( #1802, #938 ), #1472, .T. ) ;
#1809 = VECTOR ( 'NONE', #1741, 1000.000000000000000 ) ;
#1810 = DIRECTION ( 'NONE',  ( 0.000000000000000000, 0.000000000000000000, 1.000000000000000000 ) ) ;
#1811 = DIRECTION ( 'NONE',  ( -0.000000000000000000, 0.000000000000000000, 1.000000000000000000 ) ) ;
#1812 = CARTESIAN_POINT ( 'NONE',  ( -5.951665989118919420, 41.87565853515451408, 6.250000000000000000 ) ) ;
#1813 = EDGE_LOOP ( 'NONE', ( #1119 ) ) ;
#1814 = DIRECTION ( 'NONE',  ( -0.000000000000000000, -1.000000000000000000, -0.000000000000000000 ) ) ;
#1815 = DIRECTION ( 'NONE',  ( 0.000000000000000000, 0.000000000000000000, 1.000000000000000000 ) ) ;
#1816 = DIRECTION ( 'NONE',  ( 0.000000000000000000, 0.000000000000000000, 1.000000000000000000 ) ) ;
#1817 = EDGE_CURVE ( 'NONE', #495, #1417, #1433, .T. ) ;
#1818 = FACE_OUTER_BOUND ( 'NONE', #770, .T. ) ;
#1819 = ADVANCED_FACE ( 'NONE', ( #125, #308 ), #2140, .T. ) ;
#1820 = DIRECTION ( 'NONE',  ( -1.000000000000000000, -1.029255627112380433E-16, 0.000000000000000000 ) ) ;
#1821 = CARTESIAN_POINT ( 'NONE',  ( 63.85664573211297323, 9.710685196903375171, -5.000000000000000000 ) ) ;
#1822 = DIRECTION ( 'NONE',  ( 1.000000000000000000, 0.000000000000000000, 0.000000000000000000 ) ) ;
#1823 = ORIENTED_EDGE ( 'NONE', *, *, #54, .F. ) ;
#1824 = DIRECTION ( 'NONE',  ( -1.000000000000000000, 0.000000000000000000, 0.000000000000000000 ) ) ;
#1825 = DIRECTION ( 'NONE',  ( 0.000000000000000000, 0.000000000000000000, 1.000000000000000000 ) ) ;
#1826 = CARTESIAN_POINT ( 'NONE',  ( 95.35664573211296613, 28.01182741477551730, 6.250000000000000000 ) ) ;
#1827 = PRODUCT_RELATED_PRODUCT_CATEGORY ( 'part', '', ( #1585 ) ) ;
#1828 = CARTESIAN_POINT ( 'NONE',  ( 38.50000000000000000, 22.14906167168309281, 2.750000000000000444 ) ) ;
#1829 = LINE ( 'NONE', #506, #118 ) ;
#1830 = EDGE_CURVE ( 'NONE', #898, #898, #82, .T. ) ;
#1831 = DIRECTION ( 'NONE',  ( 0.000000000000000000, 0.000000000000000000, 1.000000000000000000 ) ) ;
#1832 = DIRECTION ( 'NONE',  ( -0.000000000000000000, -0.000000000000000000, 1.000000000000000000 ) ) ;
#1833 = EDGE_LOOP ( 'NONE', ( #967 ) ) ;
#1834 = ORIENTED_EDGE ( 'NONE', *, *, #1191, .F. ) ;
#1835 = ORIENTED_EDGE ( 'NONE', *, *, #1351, .F. ) ;
#1836 = EDGE_CURVE ( 'NONE', #348, #495, #2133, .T. ) ;
#1837 = DIRECTION ( 'NONE',  ( 1.000000000000000000, 0.000000000000000000, -0.000000000000000000 ) ) ;
#1838 = FACE_OUTER_BOUND ( 'NONE', #55, .T. ) ;
#1839 = PLANE ( 'NONE',  #893 ) ;
#1840 = PLANE ( 'NONE',  #79 ) ;
#1841 = AXIS2_PLACEMENT_3D ( 'NONE', #1427, #2094, #1126 ) ;
#1842 = EDGE_LOOP ( 'NONE', ( #1536 ) ) ;
#1843 = VECTOR ( 'NONE', #1684, 1000.000000000000000 ) ;
#1844 = LINE ( 'NONE', #698, #298 ) ;
#1845 = AXIS2_PLACEMENT_3D ( 'NONE', #455, #2097, #802 ) ;
#1846 = DIRECTION ( 'NONE',  ( 1.000000000000000000, 0.000000000000000000, 0.000000000000000000 ) ) ;
#1847 = EDGE_LOOP ( 'NONE', ( #1622 ) ) ;
#1848 = FACE_OUTER_BOUND ( 'NONE', #637, .T. ) ;
#1849 = DIRECTION ( 'NONE',  ( 0.000000000000000000, 1.000000000000000000, 0.000000000000000000 ) ) ;
#1850 = EDGE_CURVE ( 'NONE', #1413, #1413, #1319, .T. ) ;
#1851 = DIRECTION ( 'NONE',  ( 0.000000000000000000, 0.000000000000000000, 1.000000000000000000 ) ) ;
#1852 = FACE_OUTER_BOUND ( 'NONE', #75, .T. ) ;
#1853 = DIRECTION ( 'NONE',  ( -1.000000000000000000, 0.000000000000000000, 0.000000000000000000 ) ) ;
#1854 = DIRECTION ( 'NONE',  ( 1.000000000000000000, 0.000000000000000000, 0.000000000000000000 ) ) ;
#1855 = ORIENTED_EDGE ( 'NONE', *, *, #1712, .T. ) ;
#1856 = DIRECTION ( 'NONE',  ( 0.000000000000000000, 0.000000000000000000, 1.000000000000000000 ) ) ;
#1857 = EDGE_CURVE ( 'NONE', #1892, #1892, #364, .T. ) ;
#1858 = DIRECTION ( 'NONE',  ( 1.000000000000000000, 0.000000000000000000, 0.000000000000000000 ) ) ;
#1859 = CARTESIAN_POINT ( 'NONE',  ( 27.75664573211297537, 9.710685196903375171, 6.250000000000000000 ) ) ;
#1860 = CARTESIAN_POINT ( 'NONE',  ( 22.57048167804276417, 139.6490616716830289, 0.000000000000000000 ) ) ;
#1861 = DIRECTION ( 'NONE',  ( -0.000000000000000000, -0.000000000000000000, -1.000000000000000000 ) ) ;
#1862 =( NAMED_UNIT ( * ) SI_UNIT ( $, .STERADIAN. ) SOLID_ANGLE_UNIT ( ) );
#1863 = ORIENTED_EDGE ( 'NONE', *, *, #1053, .F. ) ;
#1864 = ADVANCED_FACE ( 'NONE', ( #598, #1134 ), #1975, .T. ) ;
#1865 = VERTEX_POINT ( 'NONE', #356 ) ;
#1866 = DIRECTION ( 'NONE',  ( -0.000000000000000000, -0.000000000000000000, -1.000000000000000000 ) ) ;
#1867 = CYLINDRICAL_SURFACE ( 'NONE', #1522, 2.500000000000002220 ) ;
#1868 = ORIENTED_EDGE ( 'NONE', *, *, #1276, .T. ) ;
#1869 = CARTESIAN_POINT ( 'NONE',  ( 88.67832286605647596, -16.08410752204747496, 0.000000000000000000 ) ) ;
#1870 = VECTOR ( 'NONE', #2029, 1000.000000000000000 ) ;
#1871 = AXIS2_PLACEMENT_3D ( 'NONE', #901, #423, #1091 ) ;
#1872 = ADVANCED_FACE ( 'NONE', ( #274, #2122 ), #1271, .T. ) ;
#1873 = CIRCLE ( 'NONE', #403, 1.524999999999998579 ) ;
#1874 = AXIS2_PLACEMENT_3D ( 'NONE', #189, #1512, #1187 ) ;
#1875 = CARTESIAN_POINT ( 'NONE',  ( 27.04833401088108147, 28.01182741477552085, 19.25000000000000000 ) ) ;
#1876 = FACE_OUTER_BOUND ( 'NONE', #202, .T. ) ;
#1877 = AXIS2_PLACEMENT_3D ( 'NONE', #169, #19, #1029 ) ;
#1878 = ORIENTED_EDGE ( 'NONE', *, *, #1027, .T. ) ;
#1879 = AXIS2_PLACEMENT_3D ( 'NONE', #1194, #535, #2000 ) ;
#1880 = AXIS2_PLACEMENT_3D ( 'NONE', #90, #2077, #577 ) ;
#1881 = CARTESIAN_POINT ( 'NONE',  ( 43.11488807819016245, 137.1490616716830573, 6.250000000000000000 ) ) ;
#1882 = CARTESIAN_POINT ( 'NONE',  ( 67.35664573211299455, -8.988172585224475597, 19.25000000000000000 ) ) ;
#1883 = CARTESIAN_POINT ( 'NONE',  ( 28.49999999999999645, 47.14906167168310702, 31.25000000000000000 ) ) ;
#1884 = ORIENTED_EDGE ( 'NONE', *, *, #867, .T. ) ;
#1885 = ADVANCED_FACE ( 'NONE', ( #972 ), #610, .F. ) ;
#1886 = CARTESIAN_POINT ( 'NONE',  ( 96.60664573211299455, -8.988172585224480926, 19.25000000000000000 ) ) ;
#1887 = FILL_AREA_STYLE_COLOUR ( '', #87 ) ;
#1888 = EDGE_LOOP ( 'NONE', ( #728 ) ) ;
#1889 = DIRECTION ( 'NONE',  ( -0.000000000000000000, -0.000000000000000000, -1.000000000000000000 ) ) ;
#1890 = CARTESIAN_POINT ( 'NONE',  ( 1.748517222769856663E-15, -16.98817258522447560, 0.000000000000000000 ) ) ;
#1891 = EDGE_CURVE ( 'NONE', #2073, #2073, #1213, .T. ) ;
#1892 = VERTEX_POINT ( 'NONE', #539 ) ;
#1893 = LINE ( 'NONE', #411, #442 ) ;
#1894 = EDGE_LOOP ( 'NONE', ( #1564, #1226, #2167, #1573, #701, #1868, #1655, #489, #306, #597, #1498, #163, #1897, #895, #1415, #200, #801, #1937, #1834, #622, #2018, #538, #2159, #609, #2107, #1835, #1915, #1668, #1404, #61, #1884, #1222, #1462 ) ) ;
#1895 = CARTESIAN_POINT ( 'NONE',  ( 3.402489871497028862, -20.48817258522447560, -3.750000000000000000 ) ) ;
#1896 = CARTESIAN_POINT ( 'NONE',  ( 91.00000000000000000, 137.1490616716830573, 6.250000000000000000 ) ) ;
#1897 = ORIENTED_EDGE ( 'NONE', *, *, #1432, .F. ) ;
#1898 = CARTESIAN_POINT ( 'NONE',  ( 98.50000000000000000, 0.000000000000000000, 0.000000000000000000 ) ) ;
#1899 = ORIENTED_EDGE ( 'NONE', *, *, #1314, .T. ) ;
#1900 = DIRECTION ( 'NONE',  ( 1.000000000000000000, 0.000000000000000000, 0.000000000000000000 ) ) ;
#1901 = DIRECTION ( 'NONE',  ( 1.000000000000000000, 1.029255627112380433E-16, 0.000000000000000000 ) ) ;
#1902 = VERTEX_POINT ( 'NONE', #386 ) ;
#1903 = FACE_BOUND ( 'NONE', #776, .T. ) ;
#1904 = DIRECTION ( 'NONE',  ( 1.000000000000000000, 0.000000000000000000, 0.000000000000000000 ) ) ;
#1905 = EDGE_CURVE ( 'NONE', #833, #1914, #265, .T. ) ;
#1906 = VERTEX_POINT ( 'NONE', #949 ) ;
#1907 = DIRECTION ( 'NONE',  ( 0.000000000000000000, 0.000000000000000000, -1.000000000000000000 ) ) ;
#1908 = VERTEX_POINT ( 'NONE', #1614 ) ;
#1909 = CARTESIAN_POINT ( 'NONE',  ( 69.85664573211298034, -8.988172585224475597, 19.25000000000000000 ) ) ;
#1910 = AXIS2_PLACEMENT_3D ( 'NONE', #1935, #459, #2103 ) ;
#1911 = VECTOR ( 'NONE', #969, 1000.000000000000000 ) ;
#1912 = CARTESIAN_POINT ( 'NONE',  ( 92.11488807819014824, 79.14906167168305728, 11.25000000000000000 ) ) ;
#1913 = AXIS2_PLACEMENT_3D ( 'NONE', #1794, #2109, #625 ) ;
#1914 = VERTEX_POINT ( 'NONE', #111 ) ;
#1915 = ORIENTED_EDGE ( 'NONE', *, *, #1761, .F. ) ;
#1916 = AXIS2_PLACEMENT_3D ( 'NONE', #1360, #1998, #501 ) ;
#1917 = ADVANCED_FACE ( 'NONE', ( #783, #1099 ), #2114, .T. ) ;
#1918 = CARTESIAN_POINT ( 'NONE',  ( 88.67832286605647596, -16.08410752204747496, -175.2603257679863304 ) ) ;
#1919 = EDGE_LOOP ( 'NONE', ( #241 ) ) ;
#1920 = PLANE ( 'NONE',  #484 ) ;
#1921 = CARTESIAN_POINT ( 'NONE',  ( 95.35664573211299455, -8.988172585224480926, 6.250000000000000000 ) ) ;
#1922 = PRODUCT_DEFINITION_CONTEXT ( 'detailed design', #647, 'design' ) ;
#1923 = ADVANCED_FACE ( 'NONE', ( #106, #1129, #1965 ), #1467, .F. ) ;
#1924 = CARTESIAN_POINT ( 'NONE',  ( 30.02499999999999503, 47.14906167168310702, 6.249999999999998224 ) ) ;
#1925 = DIRECTION ( 'NONE',  ( 1.000000000000000000, 0.000000000000000000, -0.000000000000000000 ) ) ;
#1926 = LINE ( 'NONE', #935, #12 ) ;
#1927 = FACE_OUTER_BOUND ( 'NONE', #1429, .T. ) ;
#1928 = VERTEX_POINT ( 'NONE', #934 ) ;
#1929 = DIRECTION ( 'NONE',  ( -0.000000000000000000, -0.000000000000000000, 1.000000000000000000 ) ) ;
#1930 = DIRECTION ( 'NONE',  ( 0.000000000000000000, 0.000000000000000000, 1.000000000000000000 ) ) ;
#1931 = EDGE_CURVE ( 'NONE', #1865, #1865, #153, .T. ) ;
#1932 = CARTESIAN_POINT ( 'NONE',  ( 78.50000000000000000, 112.1490616716830857, -17.85000000000001208 ) ) ;
#1933 = EDGE_CURVE ( 'NONE', #1701, #1701, #822, .T. ) ;
#1934 = ORIENTED_EDGE ( 'NONE', *, *, #113, .T. ) ;
#1935 = CARTESIAN_POINT ( 'NONE',  ( 93.50000000000000000, 0.000000000000000000, -3.750000000000000000 ) ) ;
#1936 = ORIENTED_EDGE ( 'NONE', *, *, #848, .T. ) ;
#1937 = ORIENTED_EDGE ( 'NONE', *, *, #1314, .F. ) ;
#1938 = CARTESIAN_POINT ( 'NONE',  ( 63.85664573211297323, 9.710685196903375171, 0.000000000000000000 ) ) ;
#1939 = CARTESIAN_POINT ( 'NONE',  ( 28.49999999999999645, 47.14906167168310702, 31.25000000000000000 ) ) ;
#1940 = CARTESIAN_POINT ( 'NONE',  ( 18.40248987149702842, -16.98817258522447204, -175.2603257679863304 ) ) ;
#1941 = DIRECTION ( 'NONE',  ( 1.000000000000000000, 0.000000000000000000, 0.000000000000000000 ) ) ;
#1942 = ORIENTED_EDGE ( 'NONE', *, *, #262, .F. ) ;
#1943 = ADVANCED_FACE ( 'NONE', ( #779 ), #1116, .T. ) ;
#1944 = DIRECTION ( 'NONE',  ( 0.000000000000000000, -1.000000000000000000, 0.000000000000000000 ) ) ;
#1945 = VECTOR ( 'NONE', #1964, 1000.000000000000000 ) ;
#1946 = CARTESIAN_POINT ( 'NONE',  ( -3.451665989118919420, -8.988172585224475597, 6.250000000000000000 ) ) ;
#1947 = VERTEX_POINT ( 'NONE', #965 ) ;
#1948 = CIRCLE ( 'NONE', #1072, 1.524999999999998579 ) ;
#1949 = AXIS2_PLACEMENT_3D ( 'NONE', #782, #955, #1122 ) ;
#1950 = CARTESIAN_POINT ( 'NONE',  ( 14.04833401088108680, -5.689314803096623407, -3.750000000000000000 ) ) ;
#1951 = CARTESIAN_POINT ( 'NONE',  ( 27.75664573211297892, -16.98817258522447204, -175.2603257679863304 ) ) ;
#1952 = AXIS2_PLACEMENT_3D ( 'NONE', #17, #688, #1039 ) ;
#1953 = ORIENTED_EDGE ( 'NONE', *, *, #4, .T. ) ;
#1954 = FACE_OUTER_BOUND ( 'NONE', #1961, .T. ) ;
#1955 = EDGE_CURVE ( 'NONE', #166, #372, #1139, .T. ) ;
#1956 = CARTESIAN_POINT ( 'NONE',  ( 0.000000000000000000, 0.000000000000000000, 6.250000000000000000 ) ) ;
#1957 = CYLINDRICAL_SURFACE ( 'NONE', #1065, 1.249999999999999778 ) ;
#1958 = DIRECTION ( 'NONE',  ( 1.000000000000000000, 0.000000000000000000, 0.000000000000000000 ) ) ;
#1959 = ORIENTED_EDGE ( 'NONE', *, *, #2110, .T. ) ;
#1960 = CARTESIAN_POINT ( 'NONE',  ( 41.96488807819015676, 79.14906167168305728, 11.25000000000000000 ) ) ;
#1961 = EDGE_LOOP ( 'NONE', ( #1109, #121, #569, #92 ) ) ;
#1962 = EDGE_LOOP ( 'NONE', ( #1258 ) ) ;
#1963 = ADVANCED_FACE ( 'NONE', ( #1633 ), #1291, .F. ) ;
#1964 = DIRECTION ( 'NONE',  ( 1.000000000000000000, 0.000000000000000000, 0.000000000000000000 ) ) ;
#1965 = FACE_BOUND ( 'NONE', #1372, .T. ) ;
#1966 = LINE ( 'NONE', #119, #1414 ) ;
#1967 = DIRECTION ( 'NONE',  ( 1.000000000000000000, 1.029255627112380433E-16, 0.000000000000000000 ) ) ;
#1968 = ORIENTED_EDGE ( 'NONE', *, *, #2001, .F. ) ;
#1969 = CARTESIAN_POINT ( 'NONE',  ( -3.451665989118919420, -8.988172585224475597, 6.250000000000000000 ) ) ;
#1970 = ADVANCED_FACE ( 'NONE', ( #1641 ), #136, .T. ) ;
#1971 = FACE_OUTER_BOUND ( 'NONE', #338, .T. ) ;
#1972 = ORIENTED_EDGE ( 'NONE', *, *, #510, .T. ) ;
#1973 = FACE_OUTER_BOUND ( 'NONE', #221, .T. ) ;
#1974 = AXIS2_PLACEMENT_3D ( 'NONE', #196, #1539, #214 ) ;
#1975 = PLANE ( 'NONE',  #1913 ) ;
#1976 = CIRCLE ( 'NONE', #578, 2.499999999999998668 ) ;
#1977 = AXIS2_PLACEMENT_3D ( 'NONE', #979, #1162, #1822 ) ;
#1978 = ADVANCED_FACE ( 'NONE', ( #1197, #1525 ), #507, .F. ) ;
#1979 = VECTOR ( 'NONE', #983, 1000.000000000000000 ) ;
#1980 = CIRCLE ( 'NONE', #1382, 2.500000000000015987 ) ;
#1981 = EDGE_LOOP ( 'NONE', ( #1266 ) ) ;
#1982 = VECTOR ( 'NONE', #844, 1000.000000000000000 ) ;
#1983 = EDGE_LOOP ( 'NONE', ( #428 ) ) ;
#1984 = DIRECTION ( 'NONE',  ( -1.000000000000000000, 0.000000000000000000, 0.000000000000000000 ) ) ;
#1985 = DIRECTION ( 'NONE',  ( -1.000000000000000000, 0.000000000000000000, 0.000000000000000000 ) ) ;
#1986 = FACE_OUTER_BOUND ( 'NONE', #809, .T. ) ;
#1987 = EDGE_LOOP ( 'NONE', ( #836 ) ) ;
#1988 = DIRECTION ( 'NONE',  ( -1.000000000000000000, 0.000000000000000000, 0.000000000000000000 ) ) ;
#1989 = FACE_OUTER_BOUND ( 'NONE', #1748, .T. ) ;
#1990 = DIRECTION ( 'NONE',  ( -0.000000000000000000, 0.000000000000000000, 1.000000000000000000 ) ) ;
#1991 = ADVANCED_FACE ( 'NONE', ( #989 ), #354, .F. ) ;
#1992 = ORIENTED_EDGE ( 'NONE', *, *, #1783, .F. ) ;
#1993 = ADVANCED_FACE ( 'NONE', ( #1504 ), #832, .F. ) ;
#1994 = CARTESIAN_POINT ( 'NONE',  ( 98.50000000000000000, -16.08410752204747496, 6.250000000000000000 ) ) ;
#1995 = DIRECTION ( 'NONE',  ( -0.000000000000000000, -0.000000000000000000, -1.000000000000000000 ) ) ;
#1996 = ORIENTED_EDGE ( 'NONE', *, *, #1448, .F. ) ;
#1997 = DIRECTION ( 'NONE',  ( 1.000000000000000000, 0.000000000000000000, 0.000000000000000000 ) ) ;
#1998 = DIRECTION ( 'NONE',  ( -0.000000000000000000, -0.000000000000000000, 1.000000000000000000 ) ) ;
#1999 = CARTESIAN_POINT ( 'NONE',  ( -3.451665989118919420, -8.988172585224475597, 19.25000000000000000 ) ) ;
#2000 = DIRECTION ( 'NONE',  ( 1.000000000000000000, 0.000000000000000000, 0.000000000000000000 ) ) ;
#2001 = EDGE_CURVE ( 'NONE', #1209, #1209, #1381, .T. ) ;
#2002 = DIRECTION ( 'NONE',  ( 0.000000000000000000, 0.000000000000000000, 1.000000000000000000 ) ) ;
#2003 = ORIENTED_EDGE ( 'NONE', *, *, #1511, .F. ) ;
#2004 = LINE ( 'NONE', #1310, #517 ) ;
#2005 = CARTESIAN_POINT ( 'NONE',  ( 30.99999999999999289, 47.14906167168310702, 31.25000000000000000 ) ) ;
#2006 = LINE ( 'NONE', #357, #1982 ) ;
#2007 = VECTOR ( 'NONE', #295, 1000.000000000000000 ) ;
#2008 = DIRECTION ( 'NONE',  ( -1.000000000000000000, 0.000000000000000000, 0.000000000000000000 ) ) ;
#2009 = AXIS2_PLACEMENT_3D ( 'NONE', #615, #234, #67 ) ;
#2010 = ORIENTED_EDGE ( 'NONE', *, *, #1351, .T. ) ;
#2011 = CIRCLE ( 'NONE', #2119, 2.500000000000000444 ) ;
#2012 = AXIS2_PLACEMENT_3D ( 'NONE', #1178, #1321, #1854 ) ;
#2013 = VECTOR ( 'NONE', #2037, 1000.000000000000000 ) ;
#2014 = DIRECTION ( 'NONE',  ( 1.000000000000000000, 0.000000000000000000, 0.000000000000000000 ) ) ;
#2015 = CARTESIAN_POINT ( 'NONE',  ( 27.75664573211297537, 0.000000000000000000, -5.000000000000000000 ) ) ;
#2016 = AXIS2_PLACEMENT_3D ( 'NONE', #124, #923, #1294 ) ;
#2017 = PLANE ( 'NONE',  #1348 ) ;
#2018 = ORIENTED_EDGE ( 'NONE', *, *, #1303, .T. ) ;
#2019 = EDGE_CURVE ( 'NONE', #376, #376, #715, .T. ) ;
#2020 = DIRECTION ( 'NONE',  ( 0.000000000000000000, -0.000000000000000000, 1.000000000000000000 ) ) ;
#2021 = ADVANCED_FACE ( 'NONE', ( #1161 ), #6, .F. ) ;
#2022 = CARTESIAN_POINT ( 'NONE',  ( -5.951665989118919420, 25.11068519690337197, -3.750000000000000000 ) ) ;
#2023 = CARTESIAN_POINT ( 'NONE',  ( 41.96488807819016387, 139.6490616716830289, 6.250000000000000000 ) ) ;
#2024 = DIRECTION ( 'NONE',  ( -0.000000000000000000, -0.000000000000000000, -1.000000000000000000 ) ) ;
#2025 = DIRECTION ( 'NONE',  ( 0.000000000000000000, -1.000000000000000000, 0.000000000000000000 ) ) ;
#2026 = FILL_AREA_STYLE ('',( #1887 ) ) ;
#2027 = ORIENTED_EDGE ( 'NONE', *, *, #496, .T. ) ;
#2028 = ORIENTED_EDGE ( 'NONE', *, *, #1448, .T. ) ;
#2029 = DIRECTION ( 'NONE',  ( -0.000000000000000000, -0.000000000000000000, 1.000000000000000000 ) ) ;
#2030 = EDGE_CURVE ( 'NONE', #1713, #1713, #684, .T. ) ;
#2031 = LINE ( 'NONE', #152, #854 ) ;
#2032 = CARTESIAN_POINT ( 'NONE',  ( 63.85664573211297323, -16.08410752204747496, 6.250000000000000000 ) ) ;
#2033 = VERTEX_POINT ( 'NONE', #817 ) ;
#2034 = CARTESIAN_POINT ( 'NONE',  ( 92.11488807819017666, 137.1490616716830573, 6.250000000000000000 ) ) ;
#2035 = CARTESIAN_POINT ( 'NONE',  ( 22.57048167804276417, 41.87565853515451408, 6.250000000000000000 ) ) ;
#2036 = EDGE_LOOP ( 'NONE', ( #1153 ) ) ;
#2037 = DIRECTION ( 'NONE',  ( -1.299473925163964715E-16, 1.000000000000000000, 0.000000000000000000 ) ) ;
#2038 = ORIENTED_EDGE ( 'NONE', *, *, #1272, .F. ) ;
#2039 = CARTESIAN_POINT ( 'NONE',  ( 68.60664573211299455, -8.988172585224475597, 19.25000000000000000 ) ) ;
#2040 = FACE_OUTER_BOUND ( 'NONE', #1505, .T. ) ;
#2041 = FACE_OUTER_BOUND ( 'NONE', #412, .T. ) ;
#2042 = EDGE_CURVE ( 'NONE', #292, #292, #448, .T. ) ;
#2043 = DIRECTION ( 'NONE',  ( 0.000000000000000000, 1.000000000000000000, 0.000000000000000000 ) ) ;
#2044 = VECTOR ( 'NONE', #1617, 1000.000000000000000 ) ;
#2045 = ADVANCED_FACE ( 'NONE', ( #2143, #1513 ), #649, .T. ) ;
#2046 = EDGE_LOOP ( 'NONE', ( #266 ) ) ;
#2047 = VECTOR ( 'NONE', #1395, 1000.000000000000000 ) ;
#2048 = CIRCLE ( 'NONE', #1523, 5.000000000000004441 ) ;
#2049 = VERTEX_POINT ( 'NONE', #1230 ) ;
#2050 = AXIS2_PLACEMENT_3D ( 'NONE', #1939, #287, #299 ) ;
#2051 = VERTEX_POINT ( 'NONE', #346 ) ;
#2052 = AXIS2_PLACEMENT_3D ( 'NONE', #102, #1444, #773 ) ;
#2053 = VECTOR ( 'NONE', #162, 1000.000000000000000 ) ;
#2054 = CARTESIAN_POINT ( 'NONE',  ( 97.85664573211298034, 28.01182741477551730, 6.250000000000000000 ) ) ;
#2055 = FACE_OUTER_BOUND ( 'NONE', #333, .T. ) ;
#2056 = FACE_OUTER_BOUND ( 'NONE', #391, .T. ) ;
#2057 = DIRECTION ( 'NONE',  ( 0.000000000000000000, 0.000000000000000000, 1.000000000000000000 ) ) ;
#2058 = VERTEX_POINT ( 'NONE', #689 ) ;
#2059 = EDGE_CURVE ( 'NONE', #2033, #2033, #1000, .T. ) ;
#2060 = CARTESIAN_POINT ( 'NONE',  ( 30.02499999999999503, 47.14906167168310702, 31.25000000000000000 ) ) ;
#2061 = ORIENTED_EDGE ( 'NONE', *, *, #1830, .T. ) ;
#2062 = CARTESIAN_POINT ( 'NONE',  ( 68.60664573211299455, -8.988172585224475597, 6.250000000000000000 ) ) ;
#2063 = CARTESIAN_POINT ( 'NONE',  ( 91.00000000000000000, 139.6490616716830573, 6.250000000000000000 ) ) ;
#2064 = VERTEX_POINT ( 'NONE', #490 ) ;
#2065 = PLANE ( 'NONE',  #117 ) ;
#2066 = EDGE_LOOP ( 'NONE', ( #2074 ) ) ;
#2067 = ORIENTED_EDGE ( 'NONE', *, *, #30, .F. ) ;
#2068 = DIRECTION ( 'NONE',  ( -1.000000000000000000, 0.000000000000000000, 0.000000000000000000 ) ) ;
#2069 = CARTESIAN_POINT ( 'NONE',  ( 63.85664573211297323, -16.08410752204747496, 6.250000000000000000 ) ) ;
#2070 = EDGE_LOOP ( 'NONE', ( #2003 ) ) ;
#2071 = DIRECTION ( 'NONE',  ( 0.000000000000000000, 1.000000000000000000, 0.000000000000000000 ) ) ;
#2072 = EDGE_CURVE ( 'NONE', #470, #470, #1948, .T. ) ;
#2073 = VERTEX_POINT ( 'NONE', #2083 ) ;
#2074 = ORIENTED_EDGE ( 'NONE', *, *, #1629, .T. ) ;
#2075 = ORIENTED_EDGE ( 'NONE', *, *, #948, .F. ) ;
#2076 = CARTESIAN_POINT ( 'NONE',  ( -3.451665989118919420, 28.01182741477552085, 19.25000000000000000 ) ) ;
#2077 = DIRECTION ( 'NONE',  ( 0.000000000000000000, 0.000000000000000000, 1.000000000000000000 ) ) ;
#2078 = VERTEX_POINT ( 'NONE', #324 ) ;
#2079 = VERTEX_POINT ( 'NONE', #1087 ) ;
#2080 = CARTESIAN_POINT ( 'NONE',  ( -5.951665989118919420, 41.87565853515451408, 6.250000000000000000 ) ) ;
#2081 = AXIS2_PLACEMENT_3D ( 'NONE', #1088, #1098, #1289 ) ;
#2082 = AXIS2_PLACEMENT_3D ( 'NONE', #1677, #680, #1837 ) ;
#2083 = CARTESIAN_POINT ( 'NONE',  ( 68.60664573211298034, 28.01182741477552085, 6.250000000000000000 ) ) ;
#2084 = VECTOR ( 'NONE', #466, 1000.000000000000000 ) ;
#2085 = CIRCLE ( 'NONE', #2052, 1.250000000000001110 ) ;
#2086 = ORIENTED_EDGE ( 'NONE', *, *, #1008, .F. ) ;
#2087 = ADVANCED_FACE ( 'NONE', ( #1347, #1330 ), #2017, .T. ) ;
#2088 = PLANE ( 'NONE',  #360 ) ;
#2089 = ORIENTED_EDGE ( 'NONE', *, *, #1632, .T. ) ;
#2090 = VECTOR ( 'NONE', #172, 1000.000000000000000 ) ;
#2091 = FACE_BOUND ( 'NONE', #1776, .T. ) ;
#2092 = EDGE_CURVE ( 'NONE', #1407, #355, #522, .T. ) ;
#2093 = ORIENTED_EDGE ( 'NONE', *, *, #1018, .T. ) ;
#2094 = DIRECTION ( 'NONE',  ( 0.000000000000000000, 0.000000000000000000, 1.000000000000000000 ) ) ;
#2095 = DIRECTION ( 'NONE',  ( 0.000000000000000000, 0.000000000000000000, 1.000000000000000000 ) ) ;
#2096 = ORIENTED_EDGE ( 'NONE', *, *, #1202, .T. ) ;
#2097 = DIRECTION ( 'NONE',  ( 0.000000000000000000, 0.000000000000000000, 1.000000000000000000 ) ) ;
#2098 = DIRECTION ( 'NONE',  ( -0.000000000000000000, -0.000000000000000000, -1.000000000000000000 ) ) ;
#2099 = FACE_BOUND ( 'NONE', #285, .T. ) ;
#2100 = EDGE_CURVE ( 'NONE', #129, #129, #891, .T. ) ;
#2101 = DIRECTION ( 'NONE',  ( 0.000000000000000000, -0.000000000000000000, -1.000000000000000000 ) ) ;
#2102 = ORIENTED_EDGE ( 'NONE', *, *, #1070, .T. ) ;
#2103 = DIRECTION ( 'NONE',  ( -0.000000000000000000, 0.000000000000000000, 1.000000000000000000 ) ) ;
#2104 = FACE_BOUND ( 'NONE', #1726, .T. ) ;
#2105 = ORIENTED_EDGE ( 'NONE', *, *, #1180, .T. ) ;
#2106 = DIRECTION ( 'NONE',  ( 0.000000000000000000, 0.000000000000000000, 1.000000000000000000 ) ) ;
#2107 = ORIENTED_EDGE ( 'NONE', *, *, #1540, .F. ) ;
#2108 = CARTESIAN_POINT ( 'NONE',  ( 24.54833401088108147, 28.01182741477552085, 19.25000000000000000 ) ) ;
#2109 = DIRECTION ( 'NONE',  ( 0.000000000000000000, 0.000000000000000000, 1.000000000000000000 ) ) ;
#2110 = EDGE_CURVE ( 'NONE', #2113, #2113, #297, .T. ) ;
#2111 = ORIENTED_EDGE ( 'NONE', *, *, #1303, .F. ) ;
#2112 = DIRECTION ( 'NONE',  ( 0.000000000000000000, 1.000000000000000000, 0.000000000000000000 ) ) ;
#2113 = VERTEX_POINT ( 'NONE', #94 ) ;
#2114 = CYLINDRICAL_SURFACE ( 'NONE', #44, 2.499999999999998668 ) ;
#2115 = CIRCLE ( 'NONE', #1459, 5.000000000000004441 ) ;
#2116 = DIRECTION ( 'NONE',  ( 0.000000000000000000, 0.000000000000000000, 1.000000000000000000 ) ) ;
#2117 = ORIENTED_EDGE ( 'NONE', *, *, #1212, .T. ) ;
#2118 = AXIS2_PLACEMENT_3D ( 'NONE', #1675, #1831, #143 ) ;
#2119 = AXIS2_PLACEMENT_3D ( 'NONE', #1946, #451, #107 ) ;
#2120 = FACE_OUTER_BOUND ( 'NONE', #607, .T. ) ;
#2121 = EDGE_LOOP ( 'NONE', ( #852 ) ) ;
#2122 = FACE_OUTER_BOUND ( 'NONE', #1081, .T. ) ;
#2123 = AXIS2_PLACEMENT_3D ( 'NONE', #3, #1335, #2014 ) ;
#2124 = EDGE_LOOP ( 'NONE', ( #1137 ) ) ;
#2125 = ORIENTED_EDGE ( 'NONE', *, *, #1097, .T. ) ;
#2126 = CARTESIAN_POINT ( 'NONE',  ( -5.951665989118919420, 0.000000000000000000, -175.2603257679863304 ) ) ;
#2127 = EDGE_CURVE ( 'NONE', #636, #1058, #1552, .T. ) ;
#2128 = ORIENTED_EDGE ( 'NONE', *, *, #206, .T. ) ;
#2129 = PLANE ( 'NONE',  #1661 ) ;
#2130 = CARTESIAN_POINT ( 'NONE',  ( 78.50000000000000000, 112.1490616716830857, 2.749999999999999112 ) ) ;
#2131 = EDGE_LOOP ( 'NONE', ( #1309 ) ) ;
#2132 = DIRECTION ( 'NONE',  ( 1.000000000000000000, 0.000000000000000000, 0.000000000000000000 ) ) ;
#2133 = LINE ( 'NONE', #1296, #1979 ) ;
#2134 = CARTESIAN_POINT ( 'NONE',  ( 0.000000000000000000, 0.000000000000000000, 0.000000000000000000 ) ) ;
#2135 = FACE_OUTER_BOUND ( 'NONE', #902, .T. ) ;
#2136 = ADVANCED_FACE ( 'NONE', ( #1205, #201 ), #1920, .T. ) ;
#2137 = DIRECTION ( 'NONE',  ( -0.000000000000000000, -0.000000000000000000, -1.000000000000000000 ) ) ;
#2138 = EDGE_LOOP ( 'NONE', ( #1171 ) ) ;
#2139 = CARTESIAN_POINT ( 'NONE',  ( 67.35664573211298034, 28.01182741477552085, 19.25000000000000000 ) ) ;
#2140 = CYLINDRICAL_SURFACE ( 'NONE', #930, 2.500000000000002220 ) ;
#2141 = FACE_OUTER_BOUND ( 'NONE', #766, .T. ) ;
#2142 = ORIENTED_EDGE ( 'NONE', *, *, #1204, .T. ) ;
#2143 = FACE_OUTER_BOUND ( 'NONE', #1229, .T. ) ;
#2144 = FACE_OUTER_BOUND ( 'NONE', #112, .T. ) ;
#2145 = CARTESIAN_POINT ( 'NONE',  ( 0.000000000000000000, 0.000000000000000000, 6.250000000000000000 ) ) ;
#2146 = ORIENTED_EDGE ( 'NONE', *, *, #462, .F. ) ;
#2147 = DIRECTION ( 'NONE',  ( 0.000000000000000000, 1.000000000000000000, 0.000000000000000000 ) ) ;
#2148 = ADVANCED_FACE ( 'NONE', ( #1535 ), #906, .T. ) ;
#2149 = AXIS2_PLACEMENT_3D ( 'NONE', #1405, #572, #174 ) ;
#2150 = DIRECTION ( 'NONE',  ( 1.000000000000000000, 0.000000000000000000, 0.000000000000000000 ) ) ;
#2151 = DIRECTION ( 'NONE',  ( 1.000000000000000000, 0.000000000000000000, 0.000000000000000000 ) ) ;
#2152 = VECTOR ( 'NONE', #1930, 1000.000000000000000 ) ;
#2153 = EDGE_CURVE ( 'NONE', #1280, #289, #872, .T. ) ;
#2154 = AXIS2_PLACEMENT_3D ( 'NONE', #1458, #1305, #141 ) ;
#2155 = VECTOR ( 'NONE', #1900, 1000.000000000000000 ) ;
#2156 = AXIS2_PLACEMENT_3D ( 'NONE', #319, #1825, #2170 ) ;
#2157 = EDGE_LOOP ( 'NONE', ( #2075 ) ) ;
#2158 = DIRECTION ( 'NONE',  ( 0.000000000000000000, -0.000000000000000000, -1.000000000000000000 ) ) ;
#2159 = ORIENTED_EDGE ( 'NONE', *, *, #590, .F. ) ;
#2160 = CYLINDRICAL_SURFACE ( 'NONE', #545, 1.149999999999998135 ) ;
#2161 = CARTESIAN_POINT ( 'NONE',  ( 88.67832286605647596, 0.000000000000000000, 0.000000000000000000 ) ) ;
#2162 = CARTESIAN_POINT ( 'NONE',  ( 78.50000000000000000, 112.1490616716830857, 6.250000000000000000 ) ) ;
#2163 = ADVANCED_FACE ( 'NONE', ( #1566 ), #1708, .T. ) ;
#2164 = LINE ( 'NONE', #668, #551 ) ;
#2165 = CYLINDRICAL_SURFACE ( 'NONE', #928, 5.000000000000004441 ) ;
#2166 = DIRECTION ( 'NONE',  ( 1.000000000000000000, 0.000000000000000000, 0.000000000000000000 ) ) ;
#2167 = ORIENTED_EDGE ( 'NONE', *, *, #796, .T. ) ;
#2168 = FACE_BOUND ( 'NONE', #1410, .T. ) ;
#2169 = VERTEX_POINT ( 'NONE', #2005 ) ;
#2170 = DIRECTION ( 'NONE',  ( 1.000000000000000000, 0.000000000000000000, 0.000000000000000000 ) ) ;
ENDSEC;
END-ISO-10303-21;
