ISO-10303-21;
HEADER;
FILE_DESCRIPTION (( 'STEP AP214' ),
    '1' );
FILE_NAME('Shoulder_Mirrored.step','2026-09-10T00:00:00',('RIVERDOG'),(''),'SOLIDWORKS STEP exporter','SOLIDWORKS','');
FILE_SCHEMA (( 'AUTOMOTIVE_DESIGN' ));
ENDSEC;

DATA;
#1 = FACE_BOUND ( 'NONE', #776, .T. ) ;
#2 = SURFACE_STYLE_USAGE ( .BOTH. , #725 ) ;
#3 = LINE ( 'NONE', #3070, #2374 ) ;
#4 = CARTESIAN_POINT ( 'NONE',  ( -2.457951793052532530, -7.013100451082208586, 16.13486816319457162 ) ) ;
#5 = ORIENTED_EDGE ( 'NONE', *, *, #532, .T. ) ;
#6 = EDGE_CURVE ( 'NONE', #3334, #3243, #635, .T. ) ;
#7 = CARTESIAN_POINT ( 'NONE',  ( 43.40000000000000568, 0.000000000000000000, 7.000000000000000000 ) ) ;
#8 = FACE_OUTER_BOUND ( 'NONE', #1411, .T. ) ;
#9 = MECHANICAL_DESIGN_GEOMETRIC_PRESENTATION_REPRESENTATION (  '', ( #290 ), #884 ) ;
#10 =( GEOMETRIC_REPRESENTATION_CONTEXT ( 3 ) GLOBAL_UNCERTAINTY_ASSIGNED_CONTEXT ( ( #2144 ) ) GLOBAL_UNIT_ASSIGNED_CONTEXT ( ( #2639, #1073, #575 ) ) REPRESENTATION_CONTEXT ( 'NONE', 'WORKASPACE' ) );
#11 = CARTESIAN_POINT ( 'NONE',  ( 43.40000000000000568, 0.000000000000000000, -7.000000000000000000 ) ) ;
#12 = FACE_OUTER_BOUND ( 'NONE', #1403, .T. ) ;
#13 = DIRECTION ( 'NONE',  ( 1.000000000000000000, 0.000000000000000000, 0.000000000000000000 ) ) ;
#14 = AXIS2_PLACEMENT_3D ( 'NONE', #2687, #2939, #91 ) ;
#15 =( NAMED_UNIT ( * ) PLANE_ANGLE_UNIT ( ) SI_UNIT ( $, .RADIAN. ) );
#16 = ORIENTED_EDGE ( 'NONE', *, *, #2661, .F. ) ;
#17 =( GEOMETRIC_REPRESENTATION_CONTEXT ( 3 ) GLOBAL_UNCERTAINTY_ASSIGNED_CONTEXT ( ( #3112 ) ) GLOBAL_UNIT_ASSIGNED_CONTEXT ( ( #2335, #1318, #2068 ) ) REPRESENTATION_CONTEXT ( 'NONE', 'WORKASPACE' ) );
#18 = VECTOR ( 'NONE', #2550, 1000.000000000000000 ) ;
#19 = DIRECTION ( 'NONE',  ( -1.000000000000000000, -0.000000000000000000, -0.000000000000000000 ) ) ;
#20 = CARTESIAN_POINT ( 'NONE',  ( 2.000000000000000000, 0.000000000000000000, 3.549999999999999822 ) ) ;
#21 = SURFACE_SIDE_STYLE ('',( #2344 ) ) ;
#22 = SURFACE_STYLE_USAGE ( .BOTH. , #218 ) ;
#23 = PRESENTATION_LAYER_ASSIGNMENT (  '', '', ( #3100 ) ) ;
#24 = VERTEX_POINT ( 'NONE', #2404 ) ;
#25 = STYLED_ITEM ( 'NONE', ( #2047 ), #883 ) ;
#26 = MECHANICAL_DESIGN_GEOMETRIC_PRESENTATION_REPRESENTATION (  '', ( #3264 ), #2773 ) ;
#27 = STYLED_ITEM ( 'NONE', ( #331 ), #1298 ) ;
#28 = DIRECTION ( 'NONE',  ( -1.000000000000000000, 0.000000000000000000, 0.000000000000000000 ) ) ;
#29 = ADVANCED_FACE ( 'NONE', ( #605 ), #907, .F. ) ;
#30 = LINE ( 'NONE', #879, #1689 ) ;
#31 = DIRECTION ( 'NONE',  ( 0.000000000000000000, 1.000000000000000000, 0.000000000000000000 ) ) ;
#32 = VERTEX_POINT ( 'NONE', #2445 ) ;
#33 = CIRCLE ( 'NONE', #476, 1.550000000000002709 ) ;
#34 = AXIS2_PLACEMENT_3D ( 'NONE', #1480, #2979, #1728 ) ;
#35 = CARTESIAN_POINT ( 'NONE',  ( 38.40000000000001279, -10.00000000000000178, 69.40000000000001990 ) ) ;
#36 = ADVANCED_FACE ( 'NONE', ( #1950 ), #46, .T. ) ;
#37 = AXIS2_PLACEMENT_3D ( 'NONE', #97, #863, #1130 ) ;
#38 = SURFACE_STYLE_USAGE ( .BOTH. , #167 ) ;
#39 = MECHANICAL_DESIGN_GEOMETRIC_PRESENTATION_REPRESENTATION (  '', ( #2950 ), #1180 ) ;
#40 = DIRECTION ( 'NONE',  ( 0.000000000000000000, 0.000000000000000000, -1.000000000000000000 ) ) ;
#41 = COLOUR_RGB ( '',0.5999999999999999778, 0.1607843137254901800, 0.7529411764705882248 ) ;
#42 =( NAMED_UNIT ( * ) SI_UNIT ( $, .STERADIAN. ) SOLID_ANGLE_UNIT ( ) );
#43 = UNCERTAINTY_MEASURE_WITH_UNIT (LENGTH_MEASURE( 1.000000000000000082E-05 ), #461, 'distance_accuracy_value', 'NONE');
#44 = DIRECTION ( 'NONE',  ( -1.000000000000000000, -0.000000000000000000, -0.000000000000000000 ) ) ;
#45 = ORIENTED_EDGE ( 'NONE', *, *, #1108, .T. ) ;
#46 = CYLINDRICAL_SURFACE ( 'NONE', #2039, 5.000000000000004441 ) ;
#47 =( NAMED_UNIT ( * ) SI_UNIT ( $, .STERADIAN. ) SOLID_ANGLE_UNIT ( ) );
#48 = FILL_AREA_STYLE_COLOUR ( '', #3316 ) ;
#49 =( BOUNDED_SURFACE ( )  B_SPLINE_SURFACE ( 3, 2, ( 
 ( #3223, #913, #1930 ),
 ( #2971, #1188, #1693 ),
 ( #663, #2698, #927 ),
 ( #405, #1444, #3253 ),
 ( #2435, #1941, #2986 ),
 ( #2538, #1801, #2559 ),
 ( #4, #1036, #2515 ),
 ( #524, #503, #2028 ),
 ( #1510, #2819, #2019 ),
 ( #1551, #2503, #2042 ),
 ( #1739, #2294, #2281 ),
 ( #1267, #3320, #1286 ) ),
 .UNSPECIFIED., .F., .F., .T. ) 
 B_SPLINE_SURFACE_WITH_KNOTS ( ( 4, 2, 2, 2, 2, 4 ),
 ( 3, 3 ),
 ( 6.806784082777885381, 6.937683776677459946, 7.068583470577035399, 7.330382858376184529, 7.592182246175333660, 7.853981633974482790 ),
 ( 0.000000000000000000, 1.000000000000000000 ),
 .UNSPECIFIED. ) 
 GEOMETRIC_REPRESENTATION_ITEM ( )  RATIONAL_B_SPLINE_SURFACE ( (
 ( 1.000000000000000000, 0.7071067811865482389, 1.000000000000000000),
 ( 1.000000000000000000, 0.7249242562426109204, 1.000000000000000000),
 ( 1.000000000000000000, 0.7433949690209594729, 1.000000000000000000),
 ( 1.000000000000000000, 0.7802764543935407637, 1.000000000000000000),
 ( 1.000000000000000000, 0.7986833936665524991, 1.000000000000000000),
 ( 1.000000000000000000, 0.8521229554500769909, 1.000000000000000000),
 ( 1.000000000000000000, 0.8852748551481314232, 1.000000000000000000),
 ( 1.000000000000000000, 0.9404670032024248227, 1.000000000000000000),
 ( 1.000000000000000000, 0.9625354083655885962, 1.000000000000000000),
 ( 1.000000000000000000, 0.9922963503916508721, 1.000000000000000000),
 ( 1.000000000000000000, 1.000033298861846554, 1.000000000000000000),
 ( 1.000000000000000000, 1.000000000000000000, 1.000000000000000000) ) ) 
 REPRESENTATION_ITEM ( '' )  SURFACE ( )  );
#50 = ORIENTED_EDGE ( 'NONE', *, *, #284, .T. ) ;
#51 = FILL_AREA_STYLE ('',( #1818 ) ) ;
#52 = DIRECTION ( 'NONE',  ( -0.000000000000000000, -0.000000000000000000, -1.000000000000000000 ) ) ;
#53 = EDGE_LOOP ( 'NONE', ( #3340 ) ) ;
#54 = DIRECTION ( 'NONE',  ( 0.000000000000000000, 1.000000000000000000, 0.000000000000000000 ) ) ;
#55 = DIRECTION ( 'NONE',  ( 0.000000000000000000, -1.000000000000000000, 0.000000000000000000 ) ) ;
#56 = EDGE_CURVE ( 'NONE', #1974, #1723, #72, .T. ) ;
#57 = CARTESIAN_POINT ( 'NONE',  ( 43.40000000000000568, -10.00000000000000000, -9.999999999999998224 ) ) ;
#58 = SURFACE_STYLE_FILL_AREA ( #2341 ) ;
#59 = ORIENTED_EDGE ( 'NONE', *, *, #655, .F. ) ;
#60 = EDGE_CURVE ( 'NONE', #1619, #1619, #620, .T. ) ;
#61 = CARTESIAN_POINT ( 'NONE',  ( 0.000000000000000000, 0.000000000000000000, 0.000000000000000000 ) ) ;
#62 = CARTESIAN_POINT ( 'NONE',  ( 38.40000000000000568, -7.000000000000000000, 1.550000000000000044 ) ) ;
#63 = FACE_BOUND ( 'NONE', #3221, .T. ) ;
#64 = EDGE_LOOP ( 'NONE', ( #2857, #2400, #1470, #1694 ) ) ;
#65 =( LENGTH_UNIT ( ) NAMED_UNIT ( * ) SI_UNIT ( .MILLI., .METRE. ) );
#66 = CARTESIAN_POINT ( 'NONE',  ( 43.40000000000001279, -6.992832721391624595, 16.05662432702595410 ) ) ;
#67 = ORIENTED_EDGE ( 'NONE', *, *, #3272, .T. ) ;
#68 = DIRECTION ( 'NONE',  ( -0.000000000000000000, -0.000000000000000000, 1.000000000000000000 ) ) ;
#69 = PLANE ( 'NONE',  #2768 ) ;
#70 = DIRECTION ( 'NONE',  ( -1.000000000000000000, 0.000000000000000000, 0.000000000000000000 ) ) ;
#71 = AXIS2_PLACEMENT_3D ( 'NONE', #3234, #1469, #182 ) ;
#72 = CIRCLE ( 'NONE', #1992, 10.00000000000000000 ) ;
#73 = CARTESIAN_POINT ( 'NONE',  ( -3.000000000000002665, 25.49999999999996803, 5.000000000000009770 ) ) ;
#74 = UNCERTAINTY_MEASURE_WITH_UNIT (LENGTH_MEASURE( 1.000000000000000082E-05 ), #1358, 'distance_accuracy_value', 'NONE');
#75 = EDGE_CURVE ( 'NONE', #2223, #1179, #1798, .T. ) ;
#76 = SURFACE_STYLE_USAGE ( .BOTH. , #1568 ) ;
#77 = ORIENTED_EDGE ( 'NONE', *, *, #3087, .T. ) ;
#78 =( GEOMETRIC_REPRESENTATION_CONTEXT ( 3 ) GLOBAL_UNCERTAINTY_ASSIGNED_CONTEXT ( ( #213 ) ) GLOBAL_UNIT_ASSIGNED_CONTEXT ( ( #967, #2729, #1952 ) ) REPRESENTATION_CONTEXT ( 'NONE', 'WORKASPACE' ) );
#79 = FILL_AREA_STYLE ('',( #96 ) ) ;
#80 = ORIENTED_EDGE ( 'NONE', *, *, #138, .T. ) ;
#81 = PRESENTATION_STYLE_ASSIGNMENT (( #307 ) ) ;
#82 = SURFACE_SIDE_STYLE ('',( #2151 ) ) ;
#83 = VERTEX_POINT ( 'NONE', #1032 ) ;
#84 = SURFACE_STYLE_USAGE ( .BOTH. , #1372 ) ;
#85 =( GEOMETRIC_REPRESENTATION_CONTEXT ( 3 ) GLOBAL_UNCERTAINTY_ASSIGNED_CONTEXT ( ( #953 ) ) GLOBAL_UNIT_ASSIGNED_CONTEXT ( ( #2175, #1365, #2572 ) ) REPRESENTATION_CONTEXT ( 'NONE', 'WORKASPACE' ) );
#86 = CARTESIAN_POINT ( 'NONE',  ( 40.40000000000000568, -10.00000000000000000, 15.00000000000001066 ) ) ;
#87 = FILL_AREA_STYLE_COLOUR ( '', #3154 ) ;
#88 = SURFACE_STYLE_USAGE ( .BOTH. , #1378 ) ;
#89 =( GEOMETRIC_REPRESENTATION_CONTEXT ( 3 ) GLOBAL_UNCERTAINTY_ASSIGNED_CONTEXT ( ( #2978 ) ) GLOBAL_UNIT_ASSIGNED_CONTEXT ( ( #1555, #2338, #2053 ) ) REPRESENTATION_CONTEXT ( 'NONE', 'WORKASPACE' ) );
#90 = STYLED_ITEM ( 'NONE', ( #1737 ), #3209 ) ;
#91 = DIRECTION ( 'NONE',  ( 0.000000000000000000, 0.000000000000000000, 1.000000000000000000 ) ) ;
#92 = PRESENTATION_STYLE_ASSIGNMENT (( #2942 ) ) ;
#93 = FILL_AREA_STYLE ('',( #761 ) ) ;
#94 = STYLED_ITEM ( 'NONE', ( #1781 ), #1961 ) ;
#95 = ADVANCED_FACE ( 'NONE', ( #249, #1, #1051, #1309, #500, #1827 ), #2090, .T. ) ;
#96 = FILL_AREA_STYLE_COLOUR ( '', #1894 ) ;
#97 = CARTESIAN_POINT ( 'NONE',  ( 27.20000000000000639, 2.602085213965209064E-15, 15.00000000000000000 ) ) ;
#98 = PLANE ( 'NONE',  #2804 ) ;
#99 = EDGE_CURVE ( 'NONE', #3005, #1986, #1559, .T. ) ;
#100 =( NAMED_UNIT ( * ) PLANE_ANGLE_UNIT ( ) SI_UNIT ( $, .RADIAN. ) );
#101 =( NAMED_UNIT ( * ) SI_UNIT ( $, .STERADIAN. ) SOLID_ANGLE_UNIT ( ) );
#102 = EDGE_LOOP ( 'NONE', ( #2289, #2912, #1162 ) ) ;
#103 = FILL_AREA_STYLE ('',( #2366 ) ) ;
#104 = CARTESIAN_POINT ( 'NONE',  ( -3.000000000000002665, 14.75000000000000355, 64.40000000000000568 ) ) ;
#105 = PLANE ( 'NONE',  #2490 ) ;
#106 = ORIENTED_EDGE ( 'NONE', *, *, #1040, .F. ) ;
#107 = CARTESIAN_POINT ( 'NONE',  ( 43.40000000000000568, 33.00000000000000000, 12.50000000000003197 ) ) ;
#108 = UNCERTAINTY_MEASURE_WITH_UNIT (LENGTH_MEASURE( 1.000000000000000082E-05 ), #647, 'distance_accuracy_value', 'NONE');
#109 = DIRECTION ( 'NONE',  ( 0.000000000000000000, 1.000000000000000000, 0.000000000000000000 ) ) ;
#110 = FACE_OUTER_BOUND ( 'NONE', #3174, .T. ) ;
#111 = CARTESIAN_POINT ( 'NONE',  ( 27.20000000000000639, 1.550000000000000266, 15.00000000000000000 ) ) ;
#112 =( NAMED_UNIT ( * ) PLANE_ANGLE_UNIT ( ) SI_UNIT ( $, .RADIAN. ) );
#113 = ORIENTED_EDGE ( 'NONE', *, *, #1831, .F. ) ;
#114 =( LENGTH_UNIT ( ) NAMED_UNIT ( * ) SI_UNIT ( .MILLI., .METRE. ) );
#115 = ADVANCED_FACE ( 'NONE', ( #3148 ), #1571, .T. ) ;
#116 = FACE_OUTER_BOUND ( 'NONE', #1898, .T. ) ;
#117 = ORIENTED_EDGE ( 'NONE', *, *, #1380, .F. ) ;
#118 = FILL_AREA_STYLE_COLOUR ( '', #1325 ) ;
#119 =( NAMED_UNIT ( * ) SI_UNIT ( $, .STERADIAN. ) SOLID_ANGLE_UNIT ( ) );
#120 = DIRECTION ( 'NONE',  ( 0.000000000000000000, 1.000000000000000000, -3.469446951953612217E-16 ) ) ;
#121 = ORIENTED_EDGE ( 'NONE', *, *, #2353, .T. ) ;
#122 = DIRECTION ( 'NONE',  ( 0.000000000000000000, 0.000000000000000000, -1.000000000000000000 ) ) ;
#123 = FILL_AREA_STYLE ('',( #170 ) ) ;
#124 = FILL_AREA_STYLE_COLOUR ( '', #2305 ) ;
#125 = PRESENTATION_LAYER_ASSIGNMENT (  '', '', ( #290 ) ) ;
#126 = AXIS2_PLACEMENT_3D ( 'NONE', #3079, #3030, #775 ) ;
#127 =( LENGTH_UNIT ( ) NAMED_UNIT ( * ) SI_UNIT ( .MILLI., .METRE. ) );
#128 = CARTESIAN_POINT ( 'NONE',  ( 21.75000000000000711, -6.999999999999996447, 61.40000000000001279 ) ) ;
#129 = COLOUR_RGB ( '',0.5999999999999999778, 0.1607843137254901800, 0.7529411764705882248 ) ;
#130 = FILL_AREA_STYLE ('',( #1926 ) ) ;
#131 = ORIENTED_EDGE ( 'NONE', *, *, #6, .T. ) ;
#132 = COLOUR_RGB ( '',0.5999999999999999778, 0.1607843137254901800, 0.7529411764705882248 ) ;
#133 = CARTESIAN_POINT ( 'NONE',  ( 38.40000000000001279, 0.000000000000000000, 64.40000000000000568 ) ) ;
#134 = DIRECTION ( 'NONE',  ( -0.000000000000000000, -0.000000000000000000, 1.000000000000000000 ) ) ;
#135 = SURFACE_STYLE_FILL_AREA ( #1473 ) ;
#136 =( GEOMETRIC_REPRESENTATION_CONTEXT ( 3 ) GLOBAL_UNCERTAINTY_ASSIGNED_CONTEXT ( ( #2109 ) ) GLOBAL_UNIT_ASSIGNED_CONTEXT ( ( #1995, #1718, #226 ) ) REPRESENTATION_CONTEXT ( 'NONE', 'WORKASPACE' ) );
#137 = VERTEX_POINT ( 'NONE', #2178 ) ;
#138 = EDGE_CURVE ( 'NONE', #1424, #594, #2947, .T. ) ;
#139 =( GEOMETRIC_REPRESENTATION_CONTEXT ( 3 ) GLOBAL_UNCERTAINTY_ASSIGNED_CONTEXT ( ( #74 ) ) GLOBAL_UNIT_ASSIGNED_CONTEXT ( ( #1358, #1376, #2084 ) ) REPRESENTATION_CONTEXT ( 'NONE', 'WORKASPACE' ) );
#140 = DIRECTION ( 'NONE',  ( 0.000000000000000000, -1.000000000000000000, 1.734723475976807094E-16 ) ) ;
#141 = SURFACE_SIDE_STYLE ('',( #2752 ) ) ;
#142 = AXIS2_PLACEMENT_3D ( 'NONE', #2412, #175, #3240 ) ;
#143 = ORIENTED_EDGE ( 'NONE', *, *, #1831, .T. ) ;
#144 = ADVANCED_FACE ( 'NONE', ( #3185 ), #1655, .F. ) ;
#145 = PRESENTATION_LAYER_ASSIGNMENT (  '', '', ( #1114 ) ) ;
#146 = FACE_BOUND ( 'NONE', #2582, .T. ) ;
#147 = STYLED_ITEM ( 'NONE', ( #844 ), #1347 ) ;
#148 = UNCERTAINTY_MEASURE_WITH_UNIT (LENGTH_MEASURE( 1.000000000000000082E-05 ), #1183, 'distance_accuracy_value', 'NONE');
#149 = DIRECTION ( 'NONE',  ( 0.000000000000000000, 1.000000000000000000, 0.000000000000000000 ) ) ;
#150 = FILL_AREA_STYLE_COLOUR ( '', #1375 ) ;
#151 = VECTOR ( 'NONE', #2115, 1000.000000000000227 ) ;
#152 = CIRCLE ( 'NONE', #1226, 4.999999999999997335 ) ;
#153 = ORIENTED_EDGE ( 'NONE', *, *, #2741, .T. ) ;
#154 =( NAMED_UNIT ( * ) PLANE_ANGLE_UNIT ( ) SI_UNIT ( $, .RADIAN. ) );
#155 = VERTEX_POINT ( 'NONE', #1144 ) ;
#156 = STYLED_ITEM ( 'NONE', ( #2285 ), #1788 ) ;
#157 =( NAMED_UNIT ( * ) SI_UNIT ( $, .STERADIAN. ) SOLID_ANGLE_UNIT ( ) );
#158 = ORIENTED_EDGE ( 'NONE', *, *, #2522, .T. ) ;
#159 = FILL_AREA_STYLE ('',( #2733 ) ) ;
#160 = FILL_AREA_STYLE_COLOUR ( '', #3213 ) ;
#161 = EDGE_LOOP ( 'NONE', ( #2850, #1817, #2835, #1845 ) ) ;
#162 = CARTESIAN_POINT ( 'NONE',  ( 2.000000000000000000, -7.000000000000000000, 0.000000000000000000 ) ) ;
#163 = CARTESIAN_POINT ( 'NONE',  ( 26.90000000000000213, 16.74999999999999289, 20.41742430504416106 ) ) ;
#164 =( LENGTH_UNIT ( ) NAMED_UNIT ( * ) SI_UNIT ( .MILLI., .METRE. ) );
#165 = ADVANCED_FACE ( 'NONE', ( #110 ), #1618, .T. ) ;
#166 = ORIENTED_EDGE ( 'NONE', *, *, #551, .F. ) ;
#167 = SURFACE_SIDE_STYLE ('',( #2441 ) ) ;
#168 = SURFACE_STYLE_USAGE ( .BOTH. , #3280 ) ;
#169 = ADVANCED_FACE ( 'NONE', ( #1404, #590 ), #2691, .F. ) ;
#170 = FILL_AREA_STYLE_COLOUR ( '', #2101 ) ;
#171 = FACE_OUTER_BOUND ( 'NONE', #161, .T. ) ;
#172 = CARTESIAN_POINT ( 'NONE',  ( 20.20000000000000284, -5.449999999999996625, 15.00000000000000000 ) ) ;
#173 = DIRECTION ( 'NONE',  ( 1.000000000000000000, 0.000000000000000000, 0.000000000000000000 ) ) ;
#174 = EDGE_LOOP ( 'NONE', ( #868, #1663, #3064 ) ) ;
#175 = DIRECTION ( 'NONE',  ( -0.000000000000000000, -1.000000000000000000, 6.938893903907230350E-16 ) ) ;
#176 = FACE_OUTER_BOUND ( 'NONE', #2410, .T. ) ;
#177 = CARTESIAN_POINT ( 'NONE',  ( -3.000000000000002665, 0.000000000000000000, -7.000000000000000000 ) ) ;
#178 = UNCERTAINTY_MEASURE_WITH_UNIT (LENGTH_MEASURE( 1.000000000000000082E-05 ), #2622, 'distance_accuracy_value', 'NONE');
#179 = ADVANCED_FACE ( 'NONE', ( #2190 ), #1245, .F. ) ;
#180 = VERTEX_POINT ( 'NONE', #2692 ) ;
#181 = UNCERTAINTY_MEASURE_WITH_UNIT (LENGTH_MEASURE( 1.000000000000000082E-05 ), #2327, 'distance_accuracy_value', 'NONE');
#182 = DIRECTION ( 'NONE',  ( -1.000000000000000000, 0.000000000000000000, 0.000000000000000000 ) ) ;
#183 = ORIENTED_EDGE ( 'NONE', *, *, #644, .F. ) ;
#184 = AXIS2_PLACEMENT_3D ( 'NONE', #517, #1545, #3051 ) ;
#185 = AXIS2_PLACEMENT_3D ( 'NONE', #264, #227, #2511 ) ;
#186 =( NAMED_UNIT ( * ) PLANE_ANGLE_UNIT ( ) SI_UNIT ( $, .RADIAN. ) );
#187 =( NAMED_UNIT ( * ) PLANE_ANGLE_UNIT ( ) SI_UNIT ( $, .RADIAN. ) );
#188 = FACE_OUTER_BOUND ( 'NONE', #2489, .T. ) ;
#189 = VERTEX_POINT ( 'NONE', #489 ) ;
#190 = CYLINDRICAL_SURFACE ( 'NONE', #2056, 3.549999999999999822 ) ;
#191 = DIRECTION ( 'NONE',  ( -0.000000000000000000, -0.000000000000000000, 1.000000000000000000 ) ) ;
#192 =( GEOMETRIC_REPRESENTATION_CONTEXT ( 3 ) GLOBAL_UNCERTAINTY_ASSIGNED_CONTEXT ( ( #426 ) ) GLOBAL_UNIT_ASSIGNED_CONTEXT ( ( #3289, #1748, #2221 ) ) REPRESENTATION_CONTEXT ( 'NONE', 'WORKASPACE' ) );
#193 = MECHANICAL_DESIGN_GEOMETRIC_PRESENTATION_REPRESENTATION (  '', ( #1381 ), #136 ) ;
#194 = VECTOR ( 'NONE', #929, 1000.000000000000000 ) ;
#195 = DIRECTION ( 'NONE',  ( 0.000000000000000000, 0.000000000000000000, -1.000000000000000000 ) ) ;
#196 = DIRECTION ( 'NONE',  ( 0.000000000000000000, -0.7071067811865511255, -0.7071067811865440200 ) ) ;
#197 = AXIS2_PLACEMENT_3D ( 'NONE', #1761, #2284, #541 ) ;
#198 = SURFACE_STYLE_FILL_AREA ( #2319 ) ;
#199 = CIRCLE ( 'NONE', #413, 1.550000000000000044 ) ;
#200 = EDGE_LOOP ( 'NONE', ( #1587 ) ) ;
#201 = AXIS2_PLACEMENT_3D ( 'NONE', #759, #773, #1348 ) ;
#202 = AXIS2_PLACEMENT_3D ( 'NONE', #3121, #1041, #1272 ) ;
#203 = CARTESIAN_POINT ( 'NONE',  ( 38.40000000000000568, -7.000000000000000000, 0.000000000000000000 ) ) ;
#204 = LINE ( 'NONE', #1236, #1589 ) ;
#205 =( NAMED_UNIT ( * ) SI_UNIT ( $, .STERADIAN. ) SOLID_ANGLE_UNIT ( ) );
#206 = VERTEX_POINT ( 'NONE', #2712 ) ;
#207 = EDGE_CURVE ( 'NONE', #24, #2593, #3301, .T. ) ;
#208 = CARTESIAN_POINT ( 'NONE',  ( 43.13532249558285514, -5.809570948788993050, 19.73532249558296670 ) ) ;
#209 = FACE_OUTER_BOUND ( 'NONE', #2938, .T. ) ;
#210 =( LENGTH_UNIT ( ) NAMED_UNIT ( * ) SI_UNIT ( .MILLI., .METRE. ) );
#211 = DIRECTION ( 'NONE',  ( -1.000000000000000000, -0.000000000000000000, 0.000000000000000000 ) ) ;
#212 =( LENGTH_UNIT ( ) NAMED_UNIT ( * ) SI_UNIT ( .MILLI., .METRE. ) );
#213 = UNCERTAINTY_MEASURE_WITH_UNIT (LENGTH_MEASURE( 1.000000000000000082E-05 ), #967, 'distance_accuracy_value', 'NONE');
#214 =( NAMED_UNIT ( * ) SI_UNIT ( $, .STERADIAN. ) SOLID_ANGLE_UNIT ( ) );
#215 = ORIENTED_EDGE ( 'NONE', *, *, #1521, .F. ) ;
#216 = EDGE_LOOP ( 'NONE', ( #1431, #1936, #609, #2061 ) ) ;
#217 = DIRECTION ( 'NONE',  ( 1.000000000000000000, 0.000000000000000000, 0.000000000000000000 ) ) ;
#218 = SURFACE_SIDE_STYLE ('',( #1532 ) ) ;
#219 = ORIENTED_EDGE ( 'NONE', *, *, #1195, .T. ) ;
#220 = DIRECTION ( 'NONE',  ( 0.000000000000000000, 1.000000000000000000, 0.000000000000000000 ) ) ;
#221 = ADVANCED_FACE ( 'NONE', ( #171 ), #980, .F. ) ;
#222 = DIRECTION ( 'NONE',  ( 1.000000000000000000, -0.000000000000000000, -0.000000000000000000 ) ) ;
#223 = SURFACE_STYLE_USAGE ( .BOTH. , #1275 ) ;
#224 =( NAMED_UNIT ( * ) PLANE_ANGLE_UNIT ( ) SI_UNIT ( $, .RADIAN. ) );
#225 = ORIENTED_EDGE ( 'NONE', *, *, #1465, .F. ) ;
#226 =( NAMED_UNIT ( * ) SI_UNIT ( $, .STERADIAN. ) SOLID_ANGLE_UNIT ( ) );
#227 = DIRECTION ( 'NONE',  ( 0.000000000000000000, 0.000000000000000000, -1.000000000000000000 ) ) ;
#228 = EDGE_LOOP ( 'NONE', ( #1889 ) ) ;
#229 = DIRECTION ( 'NONE',  ( 0.000000000000000000, 0.000000000000000000, -1.000000000000000000 ) ) ;
#230 = CYLINDRICAL_SURFACE ( 'NONE', #1907, 1.550000000000002709 ) ;
#231 = COLOUR_RGB ( '',0.5999999999999999778, 0.1607843137254901800, 0.7529411764705882248 ) ;
#232 = CARTESIAN_POINT ( 'NONE',  ( 0.000000000000000000, -10.00000000000000000, 1.734723475976807094E-15 ) ) ;
#233 = ORIENTED_EDGE ( 'NONE', *, *, #660, .F. ) ;
#234 = AXIS2_PLACEMENT_3D ( 'NONE', #2909, #1847, #1635 ) ;
#235 = DIRECTION ( 'NONE',  ( 1.000000000000000000, 0.000000000000000000, 0.000000000000000000 ) ) ;
#236 = LINE ( 'NONE', #257, #1634 ) ;
#237 = STYLED_ITEM ( 'NONE', ( #1418 ), #165 ) ;
#238 = EDGE_CURVE ( 'NONE', #1250, #2556, #774, .T. ) ;
#239 = CIRCLE ( 'NONE', #1102, 1.550000000000002709 ) ;
#240 = DIRECTION ( 'NONE',  ( 1.000000000000000000, 0.000000000000000000, 0.000000000000000000 ) ) ;
#241 = MECHANICAL_DESIGN_GEOMETRIC_PRESENTATION_REPRESENTATION (  '', ( #565 ), #3153 ) ;
#242 = AXIS2_PLACEMENT_3D ( 'NONE', #3139, #832, #3208 ) ;
#243 = EDGE_CURVE ( 'NONE', #3114, #2142, #2865, .T. ) ;
#244 = MECHANICAL_DESIGN_GEOMETRIC_PRESENTATION_REPRESENTATION (  '', ( #2526 ), #783 ) ;
#245 = MECHANICAL_DESIGN_GEOMETRIC_PRESENTATION_REPRESENTATION (  '', ( #3100 ), #3206 ) ;
#246 =( GEOMETRIC_REPRESENTATION_CONTEXT ( 3 ) GLOBAL_UNCERTAINTY_ASSIGNED_CONTEXT ( ( #2580 ) ) GLOBAL_UNIT_ASSIGNED_CONTEXT ( ( #3022, #666, #3256 ) ) REPRESENTATION_CONTEXT ( 'NONE', 'WORKASPACE' ) );
#247 = DIRECTION ( 'NONE',  ( 0.000000000000000000, 0.000000000000000000, 1.000000000000000000 ) ) ;
#248 = ORIENTED_EDGE ( 'NONE', *, *, #2988, .T. ) ;
#249 = FACE_BOUND ( 'NONE', #431, .T. ) ;
#250 = AXIS2_PLACEMENT_3D ( 'NONE', #2096, #2876, #373 ) ;
#251 = COLOUR_RGB ( '',0.5999999999999999778, 0.1607843137254901800, 0.7529411764705882248 ) ;
#252 = CARTESIAN_POINT ( 'NONE',  ( 40.18867513459483121, -8.804566037109260890, 18.90192378864669109 ) ) ;
#253 = ORIENTED_EDGE ( 'NONE', *, *, #1084, .T. ) ;
#254 = AXIS2_PLACEMENT_3D ( 'NONE', #1186, #2969, #2745 ) ;
#255 =( GEOMETRIC_REPRESENTATION_CONTEXT ( 3 ) GLOBAL_UNCERTAINTY_ASSIGNED_CONTEXT ( ( #2475 ) ) GLOBAL_UNIT_ASSIGNED_CONTEXT ( ( #2470, #1243, #1224 ) ) REPRESENTATION_CONTEXT ( 'NONE', 'WORKASPACE' ) );
#256 = SURFACE_STYLE_USAGE ( .BOTH. , #1038 ) ;
#257 = CARTESIAN_POINT ( 'NONE',  ( 0.000000000000000000, 25.49999999999996803, 5.000000000000009770 ) ) ;
#258 = AXIS2_PLACEMENT_3D ( 'NONE', #3190, #1598, #1410 ) ;
#259 = CARTESIAN_POINT ( 'NONE',  ( 20.20000000000000284, 3.469446951953615767E-15, 69.40000000000001990 ) ) ;
#260 = LINE ( 'NONE', #1566, #1436 ) ;
#261 = DIRECTION ( 'NONE',  ( 0.5773502691896255090, -0.8164965809277262565, 0.000000000000000000 ) ) ;
#262 = DIRECTION ( 'NONE',  ( -1.000000000000000000, -0.000000000000000000, -0.000000000000000000 ) ) ;
#263 = EDGE_CURVE ( 'NONE', #206, #1942, #808, .T. ) ;
#264 = CARTESIAN_POINT ( 'NONE',  ( 20.20000000000000284, 3.469446951953615767E-15, 61.40000000000001279 ) ) ;
#265 = EDGE_LOOP ( 'NONE', ( #1528 ) ) ;
#266 = CARTESIAN_POINT ( 'NONE',  ( 38.40000000000000568, -7.000000000000000000, 0.000000000000000000 ) ) ;
#267 = DIRECTION ( 'NONE',  ( 0.000000000000000000, 0.000000000000000000, -1.000000000000000000 ) ) ;
#268 = LINE ( 'NONE', #2293, #1172 ) ;
#269 = DIRECTION ( 'NONE',  ( 0.000000000000000000, 0.000000000000000000, -1.000000000000000000 ) ) ;
#270 = ORIENTED_EDGE ( 'NONE', *, *, #1427, .F. ) ;
#271 = CARTESIAN_POINT ( 'NONE',  ( -3.000000000000002665, 9.999999999999992895, 2.250000000000033307 ) ) ;
#272 = FILL_AREA_STYLE ('',( #1015 ) ) ;
#273 =( NAMED_UNIT ( * ) PLANE_ANGLE_UNIT ( ) SI_UNIT ( $, .RADIAN. ) );
#274 = CARTESIAN_POINT ( 'NONE',  ( 38.90000000000000568, 3.465099246690637762E-15, 19.97493718553311126 ) ) ;
#275 = CYLINDRICAL_SURFACE ( 'NONE', #1447, 5.999999999999998224 ) ;
#276 = DIRECTION ( 'NONE',  ( 1.000000000000000000, 0.000000000000000000, -0.000000000000000000 ) ) ;
#277 = FACE_OUTER_BOUND ( 'NONE', #543, .T. ) ;
#278 = ORIENTED_EDGE ( 'NONE', *, *, #1521, .T. ) ;
#279 = EDGE_CURVE ( 'NONE', #2928, #328, #3146, .T. ) ;
#280 = DIRECTION ( 'NONE',  ( 1.000000000000000000, -0.000000000000000000, -0.000000000000000000 ) ) ;
#281 = VERTEX_POINT ( 'NONE', #591 ) ;
#282 = CYLINDRICAL_SURFACE ( 'NONE', #3198, 1.549999999999999378 ) ;
#283 = ORIENTED_EDGE ( 'NONE', *, *, #1727, .F. ) ;
#284 = EDGE_CURVE ( 'NONE', #1974, #1062, #2554, .T. ) ;
#285 = DIRECTION ( 'NONE',  ( -0.000000000000000000, -0.000000000000000000, -1.000000000000000000 ) ) ;
#286 = FILL_AREA_STYLE_COLOUR ( '', #1222 ) ;
#287 = DIRECTION ( 'NONE',  ( 0.000000000000000000, 1.000000000000000000, -1.734723475976807094E-16 ) ) ;
#288 = ORIENTED_EDGE ( 'NONE', *, *, #2833, .T. ) ;
#289 = SURFACE_STYLE_USAGE ( .BOTH. , #498 ) ;
#290 = STYLED_ITEM ( 'NONE', ( #3342 ), #2092 ) ;
#291 = STYLED_ITEM ( 'NONE', ( #1366 ), #2017 ) ;
#292 = CARTESIAN_POINT ( 'NONE',  ( 62.76067977499789663, -10.00000000000000000, 15.00000000000000711 ) ) ;
#293 = CYLINDRICAL_SURFACE ( 'NONE', #1583, 10.00000000000000000 ) ;
#294 = FILL_AREA_STYLE ('',( #545 ) ) ;
#295 = MECHANICAL_DESIGN_GEOMETRIC_PRESENTATION_REPRESENTATION (  '', ( #623 ), #78 ) ;
#296 = CARTESIAN_POINT ( 'NONE',  ( 1.999999999999997335, -4.696699141100892483, 15.00000000000001066 ) ) ;
#297 = FILL_AREA_STYLE ('',( #1350 ) ) ;
#298 = CARTESIAN_POINT ( 'NONE',  ( 26.90000000000000213, 16.74999999999999289, 25.00000000000000711 ) ) ;
#299 = EDGE_LOOP ( 'NONE', ( #1599 ) ) ;
#300 = AXIS2_PLACEMENT_3D ( 'NONE', #11, #2008, #544 ) ;
#301 = DIRECTION ( 'NONE',  ( 1.000000000000000000, 0.000000000000000000, 0.000000000000000000 ) ) ;
#302 = DIRECTION ( 'NONE',  ( 0.000000000000000000, 0.000000000000000000, -1.000000000000000000 ) ) ;
#303 = VERTEX_POINT ( 'NONE', #2024 ) ;
#304 = PRESENTATION_LAYER_ASSIGNMENT (  '', '', ( #1742 ) ) ;
#305 = VECTOR ( 'NONE', #2855, 1000.000000000000000 ) ;
#306 = VECTOR ( 'NONE', #217, 1000.000000000000000 ) ;
#307 = SURFACE_STYLE_USAGE ( .BOTH. , #2392 ) ;
#308 = ADVANCED_FACE ( 'NONE', ( #2602 ), #1792, .F. ) ;
#309 = LINE ( 'NONE', #2081, #2272 ) ;
#310 = ORIENTED_EDGE ( 'NONE', *, *, #655, .T. ) ;
#311 = CARTESIAN_POINT ( 'NONE',  ( 26.90000000000000213, 16.74999999999999289, 15.00000000000001066 ) ) ;
#312 = SURFACE_STYLE_USAGE ( .BOTH. , #2633 ) ;
#313 = COLOUR_RGB ( '',0.5999999999999999778, 0.1607843137254901800, 0.7529411764705882248 ) ;
#314 = PRESENTATION_LAYER_ASSIGNMENT (  '', '', ( #699 ) ) ;
#315 = UNCERTAINTY_MEASURE_WITH_UNIT (LENGTH_MEASURE( 1.000000000000000082E-05 ), #1160, 'distance_accuracy_value', 'NONE');
#316 = DIRECTION ( 'NONE',  ( -0.000000000000000000, -0.4694715627858924711, 0.8829475928589261002 ) ) ;
#317 = ORIENTED_EDGE ( 'NONE', *, *, #2377, .F. ) ;
#318 = CARTESIAN_POINT ( 'NONE',  ( 20.20000000000000284, 10.00000000000000888, 25.00000000000000711 ) ) ;
#319 = PRESENTATION_STYLE_ASSIGNMENT (( #1829 ) ) ;
#320 = SURFACE_STYLE_USAGE ( .BOTH. , #1593 ) ;
#321 = ORIENTED_EDGE ( 'NONE', *, *, #3305, .T. ) ;
#322 =( NAMED_UNIT ( * ) PLANE_ANGLE_UNIT ( ) SI_UNIT ( $, .RADIAN. ) );
#323 = FILL_AREA_STYLE_COLOUR ( '', #2483 ) ;
#324 = CARTESIAN_POINT ( 'NONE',  ( 26.90000000000000213, 10.24999999999999467, 20.00000000000000711 ) ) ;
#325 = ORIENTED_EDGE ( 'NONE', *, *, #478, .T. ) ;
#326 = ADVANCED_FACE ( 'NONE', ( #1775 ), #1584, .T. ) ;
#327 = PRESENTATION_STYLE_ASSIGNMENT (( #312 ) ) ;
#328 = VERTEX_POINT ( 'NONE', #3143 ) ;
#329 = CARTESIAN_POINT ( 'NONE',  ( 20.20000000000000284, -10.00000000000000178, 64.40000000000000568 ) ) ;
#330 = ORIENTED_EDGE ( 'NONE', *, *, #1237, .F. ) ;
#331 = PRESENTATION_STYLE_ASSIGNMENT (( #538 ) ) ;
#332 = ORIENTED_EDGE ( 'NONE', *, *, #2391, .T. ) ;
#333 = SURFACE_STYLE_USAGE ( .BOTH. , #2613 ) ;
#334 =( LENGTH_UNIT ( ) NAMED_UNIT ( * ) SI_UNIT ( .MILLI., .METRE. ) );
#335 = CARTESIAN_POINT ( 'NONE',  ( 42.30192378864670388, -8.804566037109267995, 16.78867513459483263 ) ) ;
#336 = ORIENTED_EDGE ( 'NONE', *, *, #790, .F. ) ;
#337 = DIRECTION ( 'NONE',  ( 0.000000000000000000, -0.000000000000000000, 1.000000000000000000 ) ) ;
#338 =( NAMED_UNIT ( * ) PLANE_ANGLE_UNIT ( ) SI_UNIT ( $, .RADIAN. ) );
#339 = SURFACE_STYLE_FILL_AREA ( #3164 ) ;
#340 = AXIS2_PLACEMENT_3D ( 'NONE', #2585, #1354, #2896 ) ;
#341 =( GEOMETRIC_REPRESENTATION_CONTEXT ( 3 ) GLOBAL_UNCERTAINTY_ASSIGNED_CONTEXT ( ( #181 ) ) GLOBAL_UNIT_ASSIGNED_CONTEXT ( ( #2327, #2608, #842 ) ) REPRESENTATION_CONTEXT ( 'NONE', 'WORKASPACE' ) );
#342 = DIRECTION ( 'NONE',  ( 1.000000000000000000, -0.000000000000000000, -0.000000000000000000 ) ) ;
#343 = UNCERTAINTY_MEASURE_WITH_UNIT (LENGTH_MEASURE( 1.000000000000000082E-05 ), #992, 'distance_accuracy_value', 'NONE');
#344 = EDGE_CURVE ( 'NONE', #2638, #2638, #2415, .T. ) ;
#345 = SURFACE_SIDE_STYLE ('',( #58 ) ) ;
#346 = VERTEX_POINT ( 'NONE', #329 ) ;
#347 = CIRCLE ( 'NONE', #1630, 3.550000000000000711 ) ;
#348 = CARTESIAN_POINT ( 'NONE',  ( 38.40000000000000568, 0.000000000000000000, 8.550000000000000711 ) ) ;
#349 = CARTESIAN_POINT ( 'NONE',  ( 0.000000000000000000, 0.000000000000000000, 15.00000000000001066 ) ) ;
#350 = EDGE_LOOP ( 'NONE', ( #336 ) ) ;
#351 = CIRCLE ( 'NONE', #792, 10.00000000000000178 ) ;
#352 = CIRCLE ( 'NONE', #2211, 1.549999999999997602 ) ;
#353 = FACE_BOUND ( 'NONE', #2864, .T. ) ;
#354 = ORIENTED_EDGE ( 'NONE', *, *, #1715, .T. ) ;
#355 = CARTESIAN_POINT ( 'NONE',  ( 43.40000000000000568, 22.99999999999997868, 69.40000000000001990 ) ) ;
#356 = VECTOR ( 'NONE', #2453, 1000.000000000000000 ) ;
#357 = COLOUR_RGB ( '',0.5999999999999999778, 0.1607843137254901800, 0.7529411764705882248 ) ;
#358 = DIRECTION ( 'NONE',  ( 0.000000000000000000, 0.000000000000000000, -1.000000000000000000 ) ) ;
#359 =( GEOMETRIC_REPRESENTATION_CONTEXT ( 3 ) GLOBAL_UNCERTAINTY_ASSIGNED_CONTEXT ( ( #1159 ) ) GLOBAL_UNIT_ASSIGNED_CONTEXT ( ( #1356, #1869, #1408 ) ) REPRESENTATION_CONTEXT ( 'NONE', 'WORKASPACE' ) );
#360 = COLOUR_RGB ( '',0.5999999999999999778, 0.1607843137254901800, 0.7529411764705882248 ) ;
#361 = EDGE_LOOP ( 'NONE', ( #962 ) ) ;
#362 = COLOUR_RGB ( '',0.5999999999999999778, 0.1607843137254901800, 0.7529411764705882248 ) ;
#363 = CIRCLE ( 'NONE', #2219, 4.999999999999999112 ) ;
#364 = DIRECTION ( 'NONE',  ( 0.000000000000000000, 1.000000000000000000, -4.886545002751567947E-16 ) ) ;
#365 = SURFACE_SIDE_STYLE ('',( #1793 ) ) ;
#366 = VERTEX_POINT ( 'NONE', #73 ) ;
#367 =( GEOMETRIC_REPRESENTATION_CONTEXT ( 3 ) GLOBAL_UNCERTAINTY_ASSIGNED_CONTEXT ( ( #1948 ) ) GLOBAL_UNIT_ASSIGNED_CONTEXT ( ( #961, #2747, #1170 ) ) REPRESENTATION_CONTEXT ( 'NONE', 'WORKASPACE' ) );
#368 = EDGE_CURVE ( 'NONE', #553, #553, #2365, .T. ) ;
#369 = DIRECTION ( 'NONE',  ( 1.000000000000000000, 0.000000000000000000, 0.000000000000000000 ) ) ;
#370 = CARTESIAN_POINT ( 'NONE',  ( 23.75000000000000355, 3.469446951953615767E-15, 61.40000000000001279 ) ) ;
#371 = FACE_BOUND ( 'NONE', #1729, .T. ) ;
#372 = ORIENTED_EDGE ( 'NONE', *, *, #1614, .F. ) ;
#373 = DIRECTION ( 'NONE',  ( 0.000000000000000000, 0.000000000000000000, -1.000000000000000000 ) ) ;
#374 = CARTESIAN_POINT ( 'NONE',  ( 26.90000000000000213, 3.469446951953615767E-15, 20.00000000000001066 ) ) ;
#375 = ORIENTED_EDGE ( 'NONE', *, *, #1732, .T. ) ;
#376 = FILL_AREA_STYLE_COLOUR ( '', #1263 ) ;
#377 =( NAMED_UNIT ( * ) PLANE_ANGLE_UNIT ( ) SI_UNIT ( $, .RADIAN. ) );
#378 = DIRECTION ( 'NONE',  ( -1.000000000000000000, 0.000000000000000000, 0.000000000000000000 ) ) ;
#379 =( NAMED_UNIT ( * ) SI_UNIT ( $, .STERADIAN. ) SOLID_ANGLE_UNIT ( ) );
#380 = ORIENTED_EDGE ( 'NONE', *, *, #2446, .F. ) ;
#381 = CARTESIAN_POINT ( 'NONE',  ( 38.40000000000000568, 0.000000000000000000, 7.000000000000000000 ) ) ;
#382 = UNCERTAINTY_MEASURE_WITH_UNIT (LENGTH_MEASURE( 1.000000000000000082E-05 ), #2437, 'distance_accuracy_value', 'NONE');
#383 = CARTESIAN_POINT ( 'NONE',  ( -3.000000000000002665, 0.000000000000000000, 8.550000000000000711 ) ) ;
#384 = UNCERTAINTY_MEASURE_WITH_UNIT (LENGTH_MEASURE( 1.000000000000000082E-05 ), #595, 'distance_accuracy_value', 'NONE');
#385 = CARTESIAN_POINT ( 'NONE',  ( 35.20384757729337366, -10.00000000000000000, 20.00000000000001066 ) ) ;
#386 = VERTEX_POINT ( 'NONE', #835 ) ;
#387 = EDGE_CURVE ( 'NONE', #1942, #1078, #1361, .T. ) ;
#388 = DIRECTION ( 'NONE',  ( 0.000000000000000000, -1.000000000000000000, 0.000000000000000000 ) ) ;
#389 = FILL_AREA_STYLE_COLOUR ( '', #2106 ) ;
#390 = DIRECTION ( 'NONE',  ( 0.000000000000000000, 0.000000000000000000, 1.000000000000000000 ) ) ;
#391 = VERTEX_POINT ( 'NONE', #107 ) ;
#392 = ADVANCED_FACE ( 'NONE', ( #397, #905 ), #2373, .T. ) ;
#393 = DIRECTION ( 'NONE',  ( -1.000000000000000000, 0.000000000000000000, 0.000000000000000000 ) ) ;
#394 = CARTESIAN_POINT ( 'NONE',  ( 43.40000000000000568, 14.75000000000000355, 15.00000000000000888 ) ) ;
#395 =( BOUNDED_CURVE ( )  B_SPLINE_CURVE ( 3, ( #1518, #2798, #252, #781 ),
 .UNSPECIFIED., .F., .T. ) 
 B_SPLINE_CURVE_WITH_KNOTS ( ( 4, 4 ),
 ( 0.5235987755983019243, 1.570796326794899667 ),
 .UNSPECIFIED. ) 
 CURVE ( )  GEOMETRIC_REPRESENTATION_ITEM ( )  RATIONAL_B_SPLINE_CURVE ( ( 1.000000000000000000, 0.9106836025229589904, 0.9106836025229589904, 1.000000000000000000 ) ) 
 REPRESENTATION_ITEM ( '' )  );
#396 = ORIENTED_EDGE ( 'NONE', *, *, #1654, .T. ) ;
#397 = FACE_OUTER_BOUND ( 'NONE', #921, .T. ) ;
#398 = PRESENTATION_STYLE_ASSIGNMENT (( #695 ) ) ;
#399 = CIRCLE ( 'NONE', #885, 3.550000000000000711 ) ;
#400 = FILL_AREA_STYLE_COLOUR ( '', #129 ) ;
#401 = VERTEX_POINT ( 'NONE', #2980 ) ;
#402 = EDGE_LOOP ( 'NONE', ( #2533 ) ) ;
#403 = DIRECTION ( 'NONE',  ( -1.000000000000000000, -0.000000000000000000, -0.000000000000000000 ) ) ;
#404 =( NAMED_UNIT ( * ) SI_UNIT ( $, .STERADIAN. ) SOLID_ANGLE_UNIT ( ) );
#405 = CARTESIAN_POINT ( 'NONE',  ( -2.914497494298830649, -5.629098289758632134, 15.48742693006007975 ) ) ;
#406 = EDGE_LOOP ( 'NONE', ( #1884, #1415, #2349, #1621 ) ) ;
#407 = COLOUR_RGB ( '',0.5999999999999999778, 0.1607843137254901800, 0.7529411764705882248 ) ;
#408 = CIRCLE ( 'NONE', #2539, 5.000000000000000888 ) ;
#409 = AXIS2_PLACEMENT_3D ( 'NONE', #2878, #3135, #3120 ) ;
#410 = EDGE_CURVE ( 'NONE', #3005, #1250, #1269, .T. ) ;
#411 = LINE ( 'NONE', #2974, #194 ) ;
#412 = SURFACE_STYLE_FILL_AREA ( #3242 ) ;
#413 = AXIS2_PLACEMENT_3D ( 'NONE', #162, #963, #1979 ) ;
#414 = VECTOR ( 'NONE', #2837, 1000.000000000000000 ) ;
#415 = VERTEX_POINT ( 'NONE', #1379 ) ;
#416 = COLOUR_RGB ( '',0.5999999999999999778, 0.1607843137254901800, 0.7529411764705882248 ) ;
#417 = LINE ( 'NONE', #734, #1487 ) ;
#418 = PRESENTATION_LAYER_ASSIGNMENT (  '', '', ( #1334 ) ) ;
#419 = UNCERTAINTY_MEASURE_WITH_UNIT (LENGTH_MEASURE( 1.000000000000000082E-05 ), #2918, 'distance_accuracy_value', 'NONE');
#420 = FILL_AREA_STYLE_COLOUR ( '', #251 ) ;
#421 = SURFACE_SIDE_STYLE ('',( #1970 ) ) ;
#422 = PRESENTATION_LAYER_ASSIGNMENT (  '', '', ( #3002 ) ) ;
#423 = AXIS2_PLACEMENT_3D ( 'NONE', #1359, #1428, #1081 ) ;
#424 = PRESENTATION_STYLE_ASSIGNMENT (( #3199 ) ) ;
#425 = VERTEX_POINT ( 'NONE', #1636 ) ;
#426 = UNCERTAINTY_MEASURE_WITH_UNIT (LENGTH_MEASURE( 1.000000000000000082E-05 ), #3289, 'distance_accuracy_value', 'NONE');
#427 = PRESENTATION_LAYER_ASSIGNMENT (  '', '', ( #3110 ) ) ;
#428 =( NAMED_UNIT ( * ) SI_UNIT ( $, .STERADIAN. ) SOLID_ANGLE_UNIT ( ) );
#429 = DIRECTION ( 'NONE',  ( -0.000000000000000000, 1.000000000000000000, -0.000000000000000000 ) ) ;
#430 = FILL_AREA_STYLE ('',( #714 ) ) ;
#431 = EDGE_LOOP ( 'NONE', ( #3269 ) ) ;
#432 = CARTESIAN_POINT ( 'NONE',  ( 0.000000000000000000, 0.000000000000000000, 5.000000000000009770 ) ) ;
#433 = SURFACE_SIDE_STYLE ('',( #1449 ) ) ;
#434 = DIRECTION ( 'NONE',  ( 0.000000000000000000, 0.000000000000000000, -1.000000000000000000 ) ) ;
#435 = EDGE_CURVE ( 'NONE', #594, #796, #2143, .T. ) ;
#436 = CARTESIAN_POINT ( 'NONE',  ( -3.000000000000002665, 14.75000000000000355, 25.00000000000000711 ) ) ;
#437 = FILL_AREA_STYLE_COLOUR ( '', #2202 ) ;
#438 = CARTESIAN_POINT ( 'NONE',  ( 43.40000000000000568, -1.734723475976807094E-15, 3.550000000000004263 ) ) ;
#439 = PLANE ( 'NONE',  #71 ) ;
#440 = EDGE_LOOP ( 'NONE', ( #233, #1507, #1766, #2020 ) ) ;
#441 =( LENGTH_UNIT ( ) NAMED_UNIT ( * ) SI_UNIT ( .MILLI., .METRE. ) );
#442 = FILL_AREA_STYLE ('',( #160 ) ) ;
#443 = FILL_AREA_STYLE_COLOUR ( '', #41 ) ;
#444 = EDGE_LOOP ( 'NONE', ( #2147, #2992, #3130, #380, #1853, #518 ) ) ;
#445 = EDGE_LOOP ( 'NONE', ( #310, #1453, #158 ) ) ;
#446 = FACE_OUTER_BOUND ( 'NONE', #810, .T. ) ;
#447 = DIRECTION ( 'NONE',  ( -0.000000000000000000, -0.000000000000000000, 1.000000000000000000 ) ) ;
#448 = FILL_AREA_STYLE ('',( #930 ) ) ;
#449 = FACE_BOUND ( 'NONE', #1262, .T. ) ;
#450 = UNCERTAINTY_MEASURE_WITH_UNIT (LENGTH_MEASURE( 1.000000000000000082E-05 ), #2689, 'distance_accuracy_value', 'NONE');
#451 = DIRECTION ( 'NONE',  ( 0.8164965809277261455, -0.5773502691896255090, 8.276853667912524962E-17 ) ) ;
#452 =( NAMED_UNIT ( * ) SI_UNIT ( $, .STERADIAN. ) SOLID_ANGLE_UNIT ( ) );
#453 = EDGE_CURVE ( 'NONE', #1882, #1882, #938, .T. ) ;
#454 = PRESENTATION_STYLE_ASSIGNMENT (( #1163 ) ) ;
#455 = EDGE_LOOP ( 'NONE', ( #3080 ) ) ;
#456 = AXIS2_PLACEMENT_3D ( 'NONE', #1047, #549, #3113 ) ;
#457 = VERTEX_POINT ( 'NONE', #1125 ) ;
#458 = TOROIDAL_SURFACE ( 'NONE', #340, 10.00000000000000000, 5.000000000000000000 ) ;
#459 = MECHANICAL_DESIGN_GEOMETRIC_PRESENTATION_REPRESENTATION (  '', ( #1946 ), #341 ) ;
#460 = SURFACE_STYLE_FILL_AREA ( #2450 ) ;
#461 =( LENGTH_UNIT ( ) NAMED_UNIT ( * ) SI_UNIT ( .MILLI., .METRE. ) );
#462 = ORIENTED_EDGE ( 'NONE', *, *, #2073, .T. ) ;
#463 = AXIS2_PLACEMENT_3D ( 'NONE', #2965, #2659, #369 ) ;
#464 = CARTESIAN_POINT ( 'NONE',  ( 1.999999999999997335, 14.75000000000000355, 20.00000000000000711 ) ) ;
#465 = CARTESIAN_POINT ( 'NONE',  ( 43.40000000000001279, -5.281824339411570257, 15.12595845812162487 ) ) ;
#466 = AXIS2_PLACEMENT_3D ( 'NONE', #381, #888, #1841 ) ;
#467 = COLOUR_RGB ( '',0.5999999999999999778, 0.1607843137254901800, 0.7529411764705882248 ) ;
#468 = DIRECTION ( 'NONE',  ( -1.000000000000000000, -0.000000000000000000, -0.000000000000000000 ) ) ;
#469 = DIRECTION ( 'NONE',  ( 0.000000000000000000, 0.000000000000000000, 1.000000000000000000 ) ) ;
#470 = VECTOR ( 'NONE', #1321, 1000.000000000000000 ) ;
#471 = VECTOR ( 'NONE', #2506, 1000.000000000000000 ) ;
#472 = LINE ( 'NONE', #2477, #2313 ) ;
#473 = VERTEX_POINT ( 'NONE', #1650 ) ;
#474 = COLOUR_RGB ( '',0.5999999999999999778, 0.1607843137254901800, 0.7529411764705882248 ) ;
#475 =( NAMED_UNIT ( * ) PLANE_ANGLE_UNIT ( ) SI_UNIT ( $, .RADIAN. ) );
#476 = AXIS2_PLACEMENT_3D ( 'NONE', #2840, #3335, #1803 ) ;
#477 = EDGE_LOOP ( 'NONE', ( #67, #1007, #2665, #3020 ) ) ;
#478 = EDGE_CURVE ( 'NONE', #346, #346, #1897, .T. ) ;
#479 = CIRCLE ( 'NONE', #1336, 10.00000000000000888 ) ;
#480 = LINE ( 'NONE', #3332, #1280 ) ;
#481 = CARTESIAN_POINT ( 'NONE',  ( -3.000000000000002665, 21.00000000000000000, 69.40000000000001990 ) ) ;
#482 = EDGE_LOOP ( 'NONE', ( #1641 ) ) ;
#483 =( GEOMETRIC_REPRESENTATION_CONTEXT ( 3 ) GLOBAL_UNCERTAINTY_ASSIGNED_CONTEXT ( ( #588 ) ) GLOBAL_UNIT_ASSIGNED_CONTEXT ( ( #3019, #2465, #205 ) ) REPRESENTATION_CONTEXT ( 'NONE', 'WORKASPACE' ) );
#484 = LINE ( 'NONE', #1091, #305 ) ;
#485 = CARTESIAN_POINT ( 'NONE',  ( 40.85346605101202755, -9.714978738036680994, 16.94961488322120857 ) ) ;
#486 = SURFACE_STYLE_USAGE ( .BOTH. , #2776 ) ;
#487 = DIRECTION ( 'NONE',  ( 1.000000000000000000, 0.000000000000000000, 0.000000000000000000 ) ) ;
#488 = DIRECTION ( 'NONE',  ( 0.000000000000000000, 0.000000000000000000, 1.000000000000000000 ) ) ;
#489 = CARTESIAN_POINT ( 'NONE',  ( 26.90000000000000213, 14.75000000000000355, 20.00000000000000711 ) ) ;
#490 = EDGE_LOOP ( 'NONE', ( #354 ) ) ;
#491 = CARTESIAN_POINT ( 'NONE',  ( 38.90000000000000568, 10.24999999999999467, 25.00000000000000711 ) ) ;
#492 = PRODUCT_RELATED_PRODUCT_CATEGORY ( 'part', '', ( #1000 ) ) ;
#493 = ORIENTED_EDGE ( 'NONE', *, *, #2461, .F. ) ;
#494 = DIRECTION ( 'NONE',  ( 0.000000000000000000, 0.000000000000000000, 1.000000000000000000 ) ) ;
#495 = CARTESIAN_POINT ( 'NONE',  ( 40.60159388638010114, -9.714903444319991976, 17.20159388589199523 ) ) ;
#496 = EDGE_CURVE ( 'NONE', #968, #2064, #2339, .T. ) ;
#497 = SURFACE_STYLE_FILL_AREA ( #772 ) ;
#498 = SURFACE_SIDE_STYLE ('',( #1750 ) ) ;
#499 = ORIENTED_EDGE ( 'NONE', *, *, #1993, .T. ) ;
#500 = FACE_BOUND ( 'NONE', #482, .T. ) ;
#501 = CARTESIAN_POINT ( 'NONE',  ( 38.39999999999998437, 16.74999999999999645, 20.41742430504417172 ) ) ;
#502 = PRESENTATION_LAYER_ASSIGNMENT (  '', '', ( #2694 ) ) ;
#503 = CARTESIAN_POINT ( 'NONE',  ( -1.084480171193137998, -8.188713637524356770, 18.08448017119323481 ) ) ;
#504 = ORIENTED_EDGE ( 'NONE', *, *, #1715, .F. ) ;
#505 = VECTOR ( 'NONE', #316, 999.9999999999998863 ) ;
#506 = CARTESIAN_POINT ( 'NONE',  ( -1.951563910473907981E-15, -10.35355339059327129, 16.00000000000001421 ) ) ;
#507 = SURFACE_SIDE_STYLE ('',( #3088 ) ) ;
#508 = VECTOR ( 'NONE', #1349, 1000.000000000000000 ) ;
#509 = EDGE_CURVE ( 'NONE', #2571, #2571, #239, .T. ) ;
#510 = VECTOR ( 'NONE', #1919, 1000.000000000000000 ) ;
#511 = FACE_BOUND ( 'NONE', #1782, .T. ) ;
#512 = FILL_AREA_STYLE ('',( #2023 ) ) ;
#513 =( LENGTH_UNIT ( ) NAMED_UNIT ( * ) SI_UNIT ( .MILLI., .METRE. ) );
#514 = PRESENTATION_LAYER_ASSIGNMENT (  '', '', ( #2367 ) ) ;
#515 = CARTESIAN_POINT ( 'NONE',  ( 40.40000000000000568, 12.75000000000000178, 5.000000000000009770 ) ) ;
#516 = CIRCLE ( 'NONE', #2879, 10.00000000000000000 ) ;
#517 = CARTESIAN_POINT ( 'NONE',  ( 2.000000000000000000, 0.000000000000000000, 0.000000000000000000 ) ) ;
#518 = ORIENTED_EDGE ( 'NONE', *, *, #1023, .F. ) ;
#519 = CIRCLE ( 'NONE', #3265, 10.00000000000000533 ) ;
#520 = DIRECTION ( 'NONE',  ( 1.000000000000000000, 0.000000000000000000, 0.000000000000000000 ) ) ;
#521 = VECTOR ( 'NONE', #2824, 1000.000000000000000 ) ;
#522 = CARTESIAN_POINT ( 'NONE',  ( 38.90000000000000568, 16.74999999999999645, 15.00000000000001066 ) ) ;
#523 = MECHANICAL_DESIGN_GEOMETRIC_PRESENTATION_REPRESENTATION (  '', ( #1964 ), #584 ) ;
#524 = CARTESIAN_POINT ( 'NONE',  ( -1.934353052360713532, -7.876994298131335448, 16.48393399032246975 ) ) ;
#525 = ORIENTED_EDGE ( 'NONE', *, *, #887, .F. ) ;
#526 = COLOUR_RGB ( '',0.5999999999999999778, 0.1607843137254901800, 0.7529411764705882248 ) ;
#527 = FILL_AREA_STYLE_COLOUR ( '', #2547 ) ;
#528 = CARTESIAN_POINT ( 'NONE',  ( -1.901923788646686209, -8.451012646515987825, 16.78867513459482552 ) ) ;
#529 = CARTESIAN_POINT ( 'NONE',  ( 0.000000000000000000, 33.00000000000000000, 12.50000000000003020 ) ) ;
#530 = FACE_OUTER_BOUND ( 'NONE', #1524, .T. ) ;
#531 = CARTESIAN_POINT ( 'NONE',  ( -3.000000000000002665, -7.000000000000000000, -0.000000000000000000 ) ) ;
#532 = EDGE_CURVE ( 'NONE', #3150, #3150, #347, .T. ) ;
#533 =( LENGTH_UNIT ( ) NAMED_UNIT ( * ) SI_UNIT ( .MILLI., .METRE. ) );
#534 = ADVANCED_FACE ( 'NONE', ( #1401 ), #2977, .T. ) ;
#535 = SURFACE_STYLE_USAGE ( .BOTH. , #1985 ) ;
#536 = ORIENTED_EDGE ( 'NONE', *, *, #1019, .F. ) ;
#537 = DIRECTION ( 'NONE',  ( 0.000000000000000000, 0.000000000000000000, 1.000000000000000000 ) ) ;
#538 = SURFACE_STYLE_USAGE ( .BOTH. , #21 ) ;
#539 = ORIENTED_EDGE ( 'NONE', *, *, #2655, .T. ) ;
#540 = CARTESIAN_POINT ( 'NONE',  ( 0.000000000000000000, 10.24999999999999467, 20.00000000000000711 ) ) ;
#541 = DIRECTION ( 'NONE',  ( 0.000000000000000000, -1.000000000000000000, 0.000000000000000000 ) ) ;
#542 = EDGE_LOOP ( 'NONE', ( #727 ) ) ;
#543 = EDGE_LOOP ( 'NONE', ( #845, #3296, #2347, #3204 ) ) ;
#544 = DIRECTION ( 'NONE',  ( 0.000000000000000000, 0.000000000000000000, 1.000000000000000000 ) ) ;
#545 = FILL_AREA_STYLE_COLOUR ( '', #2774 ) ;
#546 = ADVANCED_FACE ( 'NONE', ( #146, #951, #1463, #449, #3244, #2456 ), #1726, .F. ) ;
#547 = DIRECTION ( 'NONE',  ( 0.000000000000000000, 0.000000000000000000, 1.000000000000000000 ) ) ;
#548 = UNCERTAINTY_MEASURE_WITH_UNIT (LENGTH_MEASURE( 1.000000000000000082E-05 ), #2797, 'distance_accuracy_value', 'NONE');
#549 = DIRECTION ( 'NONE',  ( 1.000000000000000000, 0.000000000000000000, 0.000000000000000000 ) ) ;
#550 = ORIENTED_EDGE ( 'NONE', *, *, #1084, .F. ) ;
#551 = EDGE_CURVE ( 'NONE', #1978, #32, #417, .T. ) ;
#552 =( NAMED_UNIT ( * ) PLANE_ANGLE_UNIT ( ) SI_UNIT ( $, .RADIAN. ) );
#553 = VERTEX_POINT ( 'NONE', #625 ) ;
#554 =( LENGTH_UNIT ( ) NAMED_UNIT ( * ) SI_UNIT ( .MILLI., .METRE. ) );
#555 = SURFACE_STYLE_FILL_AREA ( #1620 ) ;
#556 = EDGE_LOOP ( 'NONE', ( #5 ) ) ;
#557 = CARTESIAN_POINT ( 'NONE',  ( 43.40000000000000568, -10.00000000000000000, 1.734723475976807094E-15 ) ) ;
#558 = EDGE_LOOP ( 'NONE', ( #2436 ) ) ;
#559 = SURFACE_SIDE_STYLE ('',( #198 ) ) ;
#560 = COLOUR_RGB ( '',0.5999999999999999778, 0.1607843137254901800, 0.7529411764705882248 ) ;
#561 = STYLED_ITEM ( 'NONE', ( #2389 ), #1998 ) ;
#562 = FILL_AREA_STYLE_COLOUR ( '', #2048 ) ;
#563 =( GEOMETRIC_REPRESENTATION_CONTEXT ( 3 ) GLOBAL_UNCERTAINTY_ASSIGNED_CONTEXT ( ( #2981 ) ) GLOBAL_UNIT_ASSIGNED_CONTEXT ( ( #1984, #2478, #3029 ) ) REPRESENTATION_CONTEXT ( 'NONE', 'WORKASPACE' ) );
#564 = FACE_OUTER_BOUND ( 'NONE', #174, .T. ) ;
#565 = STYLED_ITEM ( 'NONE', ( #2944 ), #2232 ) ;
#566 = AXIS2_PLACEMENT_3D ( 'NONE', #2962, #1615, #2086 ) ;
#567 = DIRECTION ( 'NONE',  ( 0.000000000000000000, 0.000000000000000000, 1.000000000000000000 ) ) ;
#568 =( GEOMETRIC_REPRESENTATION_CONTEXT ( 3 ) GLOBAL_UNCERTAINTY_ASSIGNED_CONTEXT ( ( #2238 ) ) GLOBAL_UNIT_ASSIGNED_CONTEXT ( ( #2808, #2301, #2010 ) ) REPRESENTATION_CONTEXT ( 'NONE', 'WORKASPACE' ) );
#569 = DIRECTION ( 'NONE',  ( 1.000000000000000000, 0.000000000000000000, 0.000000000000000000 ) ) ;
#570 = ORIENTED_EDGE ( 'NONE', *, *, #3082, .F. ) ;
#571 =( GEOMETRIC_REPRESENTATION_CONTEXT ( 3 ) GLOBAL_UNCERTAINTY_ASSIGNED_CONTEXT ( ( #1651 ) ) GLOBAL_UNIT_ASSIGNED_CONTEXT ( ( #1772, #2034, #3303 ) ) REPRESENTATION_CONTEXT ( 'NONE', 'WORKASPACE' ) );
#572 = PRESENTATION_LAYER_ASSIGNMENT (  '', '', ( #25 ) ) ;
#573 = CARTESIAN_POINT ( 'NONE',  ( -3.000000000000002665, -7.000000000000000000, 1.550000000000000266 ) ) ;
#574 = SURFACE_STYLE_FILL_AREA ( #2870 ) ;
#575 =( NAMED_UNIT ( * ) SI_UNIT ( $, .STERADIAN. ) SOLID_ANGLE_UNIT ( ) );
#576 = ORIENTED_EDGE ( 'NONE', *, *, #2296, .F. ) ;
#577 = EDGE_CURVE ( 'NONE', #2852, #2852, #892, .T. ) ;
#578 = PRESENTATION_LAYER_ASSIGNMENT (  '', '', ( #2007 ) ) ;
#579 = PRESENTATION_LAYER_ASSIGNMENT (  '', '', ( #2883 ) ) ;
#580 = CARTESIAN_POINT ( 'NONE',  ( 43.40000000000000568, -7.000000000000000000, 0.000000000000000000 ) ) ;
#581 = EDGE_LOOP ( 'NONE', ( #1090 ) ) ;
#582 = CARTESIAN_POINT ( 'NONE',  ( 20.20000000000000284, 3.469446951953615767E-15, 61.40000000000001279 ) ) ;
#583 = VECTOR ( 'NONE', #429, 1000.000000000000000 ) ;
#584 =( GEOMETRIC_REPRESENTATION_CONTEXT ( 3 ) GLOBAL_UNCERTAINTY_ASSIGNED_CONTEXT ( ( #2340 ) ) GLOBAL_UNIT_ASSIGNED_CONTEXT ( ( #1322, #3339, #3063 ) ) REPRESENTATION_CONTEXT ( 'NONE', 'WORKASPACE' ) );
#585 = CARTESIAN_POINT ( 'NONE',  ( 43.40000000000000568, 33.00000000000000000, 50.59273534653674176 ) ) ;
#586 = COLOUR_RGB ( '',0.5999999999999999778, 0.1607843137254901800, 0.7529411764705882248 ) ;
#587 = FILL_AREA_STYLE_COLOUR ( '', #834 ) ;
#588 = UNCERTAINTY_MEASURE_WITH_UNIT (LENGTH_MEASURE( 1.000000000000000082E-05 ), #3019, 'distance_accuracy_value', 'NONE');
#589 = EDGE_LOOP ( 'NONE', ( #321 ) ) ;
#590 = FACE_OUTER_BOUND ( 'NONE', #2516, .T. ) ;
#591 = CARTESIAN_POINT ( 'NONE',  ( 2.000000000000000000, 0.000000000000000000, 8.550000000000000711 ) ) ;
#592 = DIRECTION ( 'NONE',  ( 1.000000000000000000, 0.000000000000000000, 0.000000000000000000 ) ) ;
#593 = FACE_OUTER_BOUND ( 'NONE', #1171, .T. ) ;
#594 = VERTEX_POINT ( 'NONE', #2495 ) ;
#595 =( LENGTH_UNIT ( ) NAMED_UNIT ( * ) SI_UNIT ( .MILLI., .METRE. ) );
#596 = CARTESIAN_POINT ( 'NONE',  ( 20.20000000000000284, 7.000000000000002665, 15.00000000000000000 ) ) ;
#597 = DIRECTION ( 'NONE',  ( 0.000000000000000000, -1.000000000000000000, 1.734723475976807094E-16 ) ) ;
#598 = EDGE_LOOP ( 'NONE', ( #1833 ) ) ;
#599 = LINE ( 'NONE', #2153, #994 ) ;
#600 =( LENGTH_UNIT ( ) NAMED_UNIT ( * ) SI_UNIT ( .MILLI., .METRE. ) );
#601 = ADVANCED_FACE ( 'NONE', ( #209, #1244 ), #2234, .F. ) ;
#602 = FACE_OUTER_BOUND ( 'NONE', #444, .T. ) ;
#603 = CARTESIAN_POINT ( 'NONE',  ( 0.000000000000000000, 3.469446951953615767E-15, 20.00000000000001066 ) ) ;
#604 = PRESENTATION_STYLE_ASSIGNMENT (( #1899 ) ) ;
#605 = FACE_OUTER_BOUND ( 'NONE', #2395, .T. ) ;
#606 =( NAMED_UNIT ( * ) PLANE_ANGLE_UNIT ( ) SI_UNIT ( $, .RADIAN. ) );
#607 = CARTESIAN_POINT ( 'NONE',  ( 0.5000000000000073275, -10.00000000000000000, 17.00000000000001421 ) ) ;
#608 = FILL_AREA_STYLE ('',( #1850 ) ) ;
#609 = ORIENTED_EDGE ( 'NONE', *, *, #1981, .F. ) ;
#610 = CARTESIAN_POINT ( 'NONE',  ( -3.000000000000002665, 10.00000000000000178, 28.00000000000000000 ) ) ;
#611 = DIRECTION ( 'NONE',  ( 0.000000000000000000, 1.000000000000000000, -1.734723475976807094E-16 ) ) ;
#612 = EDGE_LOOP ( 'NONE', ( #2192, #1931, #3215, #2163, #1297, #77 ) ) ;
#613 = SURFACE_SIDE_STYLE ('',( #1151 ) ) ;
#614 = CARTESIAN_POINT ( 'NONE',  ( -0.6427669529663342374, -8.737436867076457503, 17.64276695296641861 ) ) ;
#615 = SURFACE_STYLE_USAGE ( .BOTH. , #1646 ) ;
#616 = DIRECTION ( 'NONE',  ( 0.000000000000000000, 1.000000000000000000, 0.000000000000000000 ) ) ;
#617 = COLOUR_RGB ( '',0.5999999999999999778, 0.1607843137254901800, 0.7529411764705882248 ) ;
#618 = ADVANCED_FACE ( 'NONE', ( #2790, #1805 ), #2322, .F. ) ;
#619 = ORIENTED_EDGE ( 'NONE', *, *, #3278, .T. ) ;
#620 = CIRCLE ( 'NONE', #2472, 1.550000000000000044 ) ;
#621 = CARTESIAN_POINT ( 'NONE',  ( 20.20000000000000284, 2.602085213965209064E-15, 15.00000000000000000 ) ) ;
#622 = UNCERTAINTY_MEASURE_WITH_UNIT (LENGTH_MEASURE( 1.000000000000000082E-05 ), #1213, 'distance_accuracy_value', 'NONE');
#623 = STYLED_ITEM ( 'NONE', ( #1467 ), #221 ) ;
#624 = MECHANICAL_DESIGN_GEOMETRIC_PRESENTATION_REPRESENTATION (  '', ( #788 ), #1043 ) ;
#625 = CARTESIAN_POINT ( 'NONE',  ( 25.65000000000000568, 3.469446951953615767E-15, 69.40000000000001990 ) ) ;
#626 =( NAMED_UNIT ( * ) SI_UNIT ( $, .STERADIAN. ) SOLID_ANGLE_UNIT ( ) );
#627 = EDGE_LOOP ( 'NONE', ( #2152 ) ) ;
#628 = AXIS2_PLACEMENT_3D ( 'NONE', #2845, #3124, #3062 ) ;
#629 = SURFACE_SIDE_STYLE ('',( #1857 ) ) ;
#630 =( GEOMETRIC_REPRESENTATION_CONTEXT ( 3 ) GLOBAL_UNCERTAINTY_ASSIGNED_CONTEXT ( ( #3184 ) ) GLOBAL_UNIT_ASSIGNED_CONTEXT ( ( #334, #1832, #1819 ) ) REPRESENTATION_CONTEXT ( 'NONE', 'WORKASPACE' ) );
#631 = ORIENTED_EDGE ( 'NONE', *, *, #3330, .F. ) ;
#632 = MECHANICAL_DESIGN_GEOMETRIC_PRESENTATION_REPRESENTATION (  '', ( #2651 ), #2423 ) ;
#633 = FILL_AREA_STYLE ('',( #2958 ) ) ;
#634 = CIRCLE ( 'NONE', #690, 4.999999999999997335 ) ;
#635 =( BOUNDED_CURVE ( )  B_SPLINE_CURVE ( 3, ( #640, #2145, #2908, #1417 ),
 .UNSPECIFIED., .F., .T. ) 
 B_SPLINE_CURVE_WITH_KNOTS ( ( 4, 4 ),
 ( 0.5235987755983002589, 1.570796326794895892 ),
 .UNSPECIFIED. ) 
 CURVE ( )  GEOMETRIC_REPRESENTATION_ITEM ( )  RATIONAL_B_SPLINE_CURVE ( ( 1.000000000000000000, 0.9106836025229594345, 0.9106836025229594345, 1.000000000000000000 ) ) 
 REPRESENTATION_ITEM ( '' )  );
#636 = ORIENTED_EDGE ( 'NONE', *, *, #3233, .T. ) ;
#637 = DIRECTION ( 'NONE',  ( 0.000000000000000000, 0.000000000000000000, -1.000000000000000000 ) ) ;
#638 = EDGE_CURVE ( 'NONE', #3131, #3131, #1684, .T. ) ;
#639 =( LENGTH_UNIT ( ) NAMED_UNIT ( * ) SI_UNIT ( .MILLI., .METRE. ) );
#640 = CARTESIAN_POINT ( 'NONE',  ( 0.5000000000000073275, -10.00000000000000000, 17.00000000000001421 ) ) ;
#641 = PRESENTATION_LAYER_ASSIGNMENT (  '', '', ( #156 ) ) ;
#642 =( NAMED_UNIT ( * ) SI_UNIT ( $, .STERADIAN. ) SOLID_ANGLE_UNIT ( ) );
#643 = VERTEX_POINT ( 'NONE', #1707 ) ;
#644 = EDGE_CURVE ( 'NONE', #2111, #2134, #1541, .T. ) ;
#645 = EDGE_LOOP ( 'NONE', ( #828 ) ) ;
#646 = DIRECTION ( 'NONE',  ( 0.000000000000000000, 0.000000000000000000, -1.000000000000000000 ) ) ;
#647 =( LENGTH_UNIT ( ) NAMED_UNIT ( * ) SI_UNIT ( .MILLI., .METRE. ) );
#648 = FACE_BOUND ( 'NONE', #299, .T. ) ;
#649 = EDGE_LOOP ( 'NONE', ( #2196 ) ) ;
#650 = SURFACE_STYLE_FILL_AREA ( #2973 ) ;
#651 = PLANE ( 'NONE',  #1337 ) ;
#652 = EDGE_LOOP ( 'NONE', ( #131, #2076, #2640, #2643 ) ) ;
#653 = CARTESIAN_POINT ( 'NONE',  ( 0.000000000000000000, 23.74999999999999645, 15.00000000000000711 ) ) ;
#654 = SURFACE_STYLE_FILL_AREA ( #1923 ) ;
#655 = EDGE_CURVE ( 'NONE', #2064, #1234, #260, .T. ) ;
#656 = FILL_AREA_STYLE ('',( #400 ) ) ;
#657 = VERTEX_POINT ( 'NONE', #2997 ) ;
#658 = PRESENTATION_STYLE_ASSIGNMENT (( #3248 ) ) ;
#659 = EDGE_LOOP ( 'NONE', ( #504 ) ) ;
#660 = EDGE_CURVE ( 'NONE', #2223, #1368, #819, .T. ) ;
#661 = DIRECTION ( 'NONE',  ( 0.000000000000000000, 0.000000000000000000, -1.000000000000000000 ) ) ;
#662 = PLANE ( 'NONE',  #2541 ) ;
#663 = CARTESIAN_POINT ( 'NONE',  ( -2.982840842186904595, -5.161863251215700998, 15.24905611483298351 ) ) ;
#664 = ORIENTED_EDGE ( 'NONE', *, *, #368, .F. ) ;
#665 = SURFACE_STYLE_USAGE ( .BOTH. , #2684 ) ;
#666 =( NAMED_UNIT ( * ) PLANE_ANGLE_UNIT ( ) SI_UNIT ( $, .RADIAN. ) );
#667 = ORIENTED_EDGE ( 'NONE', *, *, #2517, .T. ) ;
#668 = SURFACE_SIDE_STYLE ('',( #1969 ) ) ;
#669 =( GEOMETRIC_REPRESENTATION_CONTEXT ( 3 ) GLOBAL_UNCERTAINTY_ASSIGNED_CONTEXT ( ( #622 ) ) GLOBAL_UNIT_ASSIGNED_CONTEXT ( ( #1213, #2731, #2967 ) ) REPRESENTATION_CONTEXT ( 'NONE', 'WORKASPACE' ) );
#670 = CARTESIAN_POINT ( 'NONE',  ( -3.000000000000002665, 12.75000000000000178, 5.000000000000009770 ) ) ;
#671 = CYLINDRICAL_SURFACE ( 'NONE', #1581, 1.550000000000000044 ) ;
#672 = MECHANICAL_DESIGN_GEOMETRIC_PRESENTATION_REPRESENTATION (  '', ( #1261 ), #3036 ) ;
#673 =( NAMED_UNIT ( * ) PLANE_ANGLE_UNIT ( ) SI_UNIT ( $, .RADIAN. ) );
#674 = CARTESIAN_POINT ( 'NONE',  ( 27.20000000000000639, 1.550000000000001821, 25.00000000000001066 ) ) ;
#675 = AXIS2_PLACEMENT_3D ( 'NONE', #1458, #2207, #1483 ) ;
#676 =( NAMED_UNIT ( * ) PLANE_ANGLE_UNIT ( ) SI_UNIT ( $, .RADIAN. ) );
#677 = EDGE_LOOP ( 'NONE', ( #550, #2282, #2286, #1968 ) ) ;
#678 = STYLED_ITEM ( 'NONE', ( #1703 ), #534 ) ;
#679 = FILL_AREA_STYLE_COLOUR ( '', #3322 ) ;
#680 = ADVANCED_FACE ( 'NONE', ( #530, #3076 ), #293, .T. ) ;
#681 = SURFACE_SIDE_STYLE ('',( #135 ) ) ;
#682 = AXIS2_PLACEMENT_3D ( 'NONE', #890, #2444, #2403 ) ;
#683 = ORIENTED_EDGE ( 'NONE', *, *, #768, .F. ) ;
#684 = MECHANICAL_DESIGN_GEOMETRIC_PRESENTATION_REPRESENTATION (  '', ( #837 ), #139 ) ;
#685 = VECTOR ( 'NONE', #2278, 1000.000000000000000 ) ;
#686 = AXIS2_PLACEMENT_3D ( 'NONE', #35, #2248, #2844 ) ;
#687 = CARTESIAN_POINT ( 'NONE',  ( 38.40000000000000568, 0.000000000000000000, 0.000000000000000000 ) ) ;
#688 = CARTESIAN_POINT ( 'NONE',  ( 41.48448017119206099, -8.542267028118349259, 18.08448017119324902 ) ) ;
#689 = VERTEX_POINT ( 'NONE', #1123 ) ;
#690 = AXIS2_PLACEMENT_3D ( 'NONE', #2574, #285, #754 ) ;
#691 = DIRECTION ( 'NONE',  ( -1.000000000000000000, 0.000000000000000000, 0.000000000000000000 ) ) ;
#692 =( GEOMETRIC_REPRESENTATION_CONTEXT ( 3 ) GLOBAL_UNCERTAINTY_ASSIGNED_CONTEXT ( ( #1194 ) ) GLOBAL_UNIT_ASSIGNED_CONTEXT ( ( #210, #1196, #977 ) ) REPRESENTATION_CONTEXT ( 'NONE', 'WORKASPACE' ) );
#693 = UNCERTAINTY_MEASURE_WITH_UNIT (LENGTH_MEASURE( 1.000000000000000082E-05 ), #1531, 'distance_accuracy_value', 'NONE');
#694 = DIRECTION ( 'NONE',  ( 1.000000000000000000, 0.000000000000000000, 0.000000000000000000 ) ) ;
#695 = SURFACE_STYLE_USAGE ( .BOTH. , #2188 ) ;
#696 = AXIS2_PLACEMENT_3D ( 'NONE', #2148, #3017, #939 ) ;
#697 = AXIS2_PLACEMENT_3D ( 'NONE', #2975, #1175, #707 ) ;
#698 = VERTEX_POINT ( 'NONE', #2677 ) ;
#699 = STYLED_ITEM ( 'NONE', ( #2124 ), #1860 ) ;
#700 = ORIENTED_EDGE ( 'NONE', *, *, #2316, .F. ) ;
#701 = DIRECTION ( 'NONE',  ( 0.000000000000000000, 0.000000000000000000, -1.000000000000000000 ) ) ;
#702 = ORIENTED_EDGE ( 'NONE', *, *, #3305, .F. ) ;
#703 = ORIENTED_EDGE ( 'NONE', *, *, #1939, .T. ) ;
#704 = EDGE_CURVE ( 'NONE', #2892, #1164, #2936, .T. ) ;
#705 = FILL_AREA_STYLE_COLOUR ( '', #3315 ) ;
#706 = SURFACE_STYLE_USAGE ( .BOTH. , #433 ) ;
#707 = DIRECTION ( 'NONE',  ( 0.000000000000000000, 0.000000000000000000, -1.000000000000000000 ) ) ;
#708 = EDGE_CURVE ( 'NONE', #1986, #968, #1900, .T. ) ;
#709 = FILL_AREA_STYLE_COLOUR ( '', #2099 ) ;
#710 = CARTESIAN_POINT ( 'NONE',  ( 37.40000000000001279, -4.978456114237734376, 15.10153546729670282 ) ) ;
#711 = DIRECTION ( 'NONE',  ( 0.000000000000000000, 1.734723475976807094E-16, 1.000000000000000000 ) ) ;
#712 = SURFACE_SIDE_STYLE ('',( #2678 ) ) ;
#713 = EDGE_LOOP ( 'NONE', ( #2003 ) ) ;
#714 = FILL_AREA_STYLE_COLOUR ( '', #1169 ) ;
#715 = ORIENTED_EDGE ( 'NONE', *, *, #1215, .F. ) ;
#716 = CARTESIAN_POINT ( 'NONE',  ( -3.000000000000002665, 21.00000000000000000, 69.40000000000001990 ) ) ;
#717 = FACE_OUTER_BOUND ( 'NONE', #2499, .T. ) ;
#718 = DIRECTION ( 'NONE',  ( 0.000000000000000000, 0.000000000000000000, -1.000000000000000000 ) ) ;
#719 = ADVANCED_FACE ( 'NONE', ( #602 ), #2618, .F. ) ;
#720 = FILL_AREA_STYLE_COLOUR ( '', #1264 ) ;
#721 = UNCERTAINTY_MEASURE_WITH_UNIT (LENGTH_MEASURE( 1.000000000000000082E-05 ), #212, 'distance_accuracy_value', 'NONE');
#722 = FACE_BOUND ( 'NONE', #3016, .T. ) ;
#723 = EDGE_LOOP ( 'NONE', ( #2157, #2173, #1759, #248, #3137, #1777, #396 ) ) ;
#724 = PRESENTATION_LAYER_ASSIGNMENT (  '', '', ( #787 ) ) ;
#725 = SURFACE_SIDE_STYLE ('',( #1550 ) ) ;
#726 = LINE ( 'NONE', #481, #2600 ) ;
#727 = ORIENTED_EDGE ( 'NONE', *, *, #2916, .T. ) ;
#728 = VECTOR ( 'NONE', #262, 1000.000000000000000 ) ;
#729 = FACE_OUTER_BOUND ( 'NONE', #612, .T. ) ;
#730 = FILL_AREA_STYLE ('',( #286 ) ) ;
#731 = STYLED_ITEM ( 'NONE', ( #2249 ), #601 ) ;
#732 = CARTESIAN_POINT ( 'NONE',  ( 43.40000000000000568, 7.000000000000000000, 0.000000000000000000 ) ) ;
#733 = PRESENTATION_LAYER_ASSIGNMENT (  '', '', ( #3308 ) ) ;
#734 = CARTESIAN_POINT ( 'NONE',  ( -3.000000000000002665, 24.75000000000000355, 28.00000000000000000 ) ) ;
#735 = CARTESIAN_POINT ( 'NONE',  ( 0.000000000000000000, 12.75000000000000178, 5.000000000000009770 ) ) ;
#736 = VECTOR ( 'NONE', #140, 1000.000000000000000 ) ;
#737 =( GEOMETRIC_REPRESENTATION_CONTEXT ( 3 ) GLOBAL_UNCERTAINTY_ASSIGNED_CONTEXT ( ( #108 ) ) GLOBAL_UNIT_ASSIGNED_CONTEXT ( ( #647, #1658, #2393 ) ) REPRESENTATION_CONTEXT ( 'NONE', 'WORKASPACE' ) );
#738 = AXIS2_PLACEMENT_3D ( 'NONE', #3187, #2080, #2629 ) ;
#739 = PRESENTATION_LAYER_ASSIGNMENT (  '', '', ( #147 ) ) ;
#740 = ADVANCED_FACE ( 'NONE', ( #3163, #1838 ), #2885, .F. ) ;
#741 = CARTESIAN_POINT ( 'NONE',  ( 38.40000000000001279, 14.75000000000000355, 69.40000000000000568 ) ) ;
#742 = FACE_BOUND ( 'NONE', #645, .T. ) ;
#743 = VECTOR ( 'NONE', #2240, 1000.000000000000000 ) ;
#744 = ORIENTED_EDGE ( 'NONE', *, *, #1147, .F. ) ;
#745 = CIRCLE ( 'NONE', #2658, 1.550000000000000266 ) ;
#746 =( BOUNDED_CURVE ( )  B_SPLINE_CURVE ( 3, ( #1765, #2792, #2645, #2100 ),
 .UNSPECIFIED., .F., .T. ) 
 B_SPLINE_CURVE_WITH_KNOTS ( ( 4, 4 ),
 ( 0.5235987755982983716, 1.570796326794897002 ),
 .UNSPECIFIED. ) 
 CURVE ( )  GEOMETRIC_REPRESENTATION_ITEM ( )  RATIONAL_B_SPLINE_CURVE ( ( 1.000000000000000000, 0.9106836025229588794, 0.9106836025229588794, 1.000000000000000000 ) ) 
 REPRESENTATION_ITEM ( '' )  );
#747 = EDGE_CURVE ( 'NONE', #3114, #2428, #1966, .T. ) ;
#748 = COLOUR_RGB ( '',0.5999999999999999778, 0.1607843137254901800, 0.7529411764705882248 ) ;
#749 = DIRECTION ( 'NONE',  ( 0.000000000000000000, 0.000000000000000000, -1.000000000000000000 ) ) ;
#750 = DIRECTION ( 'NONE',  ( 0.000000000000000000, 0.000000000000000000, 1.000000000000000000 ) ) ;
#751 = FILL_AREA_STYLE ('',( #2260 ) ) ;
#752 = ORIENTED_EDGE ( 'NONE', *, *, #2189, .F. ) ;
#753 = VECTOR ( 'NONE', #269, 1000.000000000000000 ) ;
#754 = DIRECTION ( 'NONE',  ( -1.000000000000000000, 0.000000000000000000, 0.000000000000000000 ) ) ;
#755 = DIRECTION ( 'NONE',  ( 1.000000000000000000, 0.000000000000000000, 0.000000000000000000 ) ) ;
#756 = DIRECTION ( 'NONE',  ( 0.000000000000000000, 0.000000000000000000, -1.000000000000000000 ) ) ;
#757 =( LENGTH_UNIT ( ) NAMED_UNIT ( * ) SI_UNIT ( .MILLI., .METRE. ) );
#758 = CARTESIAN_POINT ( 'NONE',  ( 27.20000000000000639, 3.469446951953615767E-15, 61.40000000000001279 ) ) ;
#759 = CARTESIAN_POINT ( 'NONE',  ( 38.40000000000000568, 24.75000000000000355, 20.00000000000000711 ) ) ;
#760 = CARTESIAN_POINT ( 'NONE',  ( -3.000000000000002665, 14.75000000000000355, 59.40000000000000568 ) ) ;
#761 = FILL_AREA_STYLE_COLOUR ( '', #3297 ) ;
#762 = ORIENTED_EDGE ( 'NONE', *, *, #2439, .T. ) ;
#763 = VERTEX_POINT ( 'NONE', #163 ) ;
#764 = PRESENTATION_STYLE_ASSIGNMENT (( #3202 ) ) ;
#765 = LINE ( 'NONE', #3283, #3104 ) ;
#766 = CARTESIAN_POINT ( 'NONE',  ( 43.40000000000000568, 10.00000000000000000, 1.734723475976807094E-15 ) ) ;
#767 = ORIENTED_EDGE ( 'NONE', *, *, #75, .F. ) ;
#768 = EDGE_CURVE ( 'NONE', #1533, #1667, #1426, .T. ) ;
#769 = DIRECTION ( 'NONE',  ( -0.000000000000000000, -1.734723475976807094E-16, -1.000000000000000000 ) ) ;
#770 =( NAMED_UNIT ( * ) SI_UNIT ( $, .STERADIAN. ) SOLID_ANGLE_UNIT ( ) );
#771 = CARTESIAN_POINT ( 'NONE',  ( -1.547378541243651817, -2.188323719151866964, 14.00000000000001066 ) ) ;
#772 = FILL_AREA_STYLE ('',( #1823 ) ) ;
#773 = DIRECTION ( 'NONE',  ( 0.000000000000000000, 0.000000000000000000, -1.000000000000000000 ) ) ;
#774 = LINE ( 'NONE', #3065, #2411 ) ;
#775 = DIRECTION ( 'NONE',  ( -1.000000000000000000, 0.000000000000000000, 0.000000000000000000 ) ) ;
#776 = EDGE_LOOP ( 'NONE', ( #2119 ) ) ;
#777 = CARTESIAN_POINT ( 'NONE',  ( 38.40000000000000568, 0.000000000000000000, 0.000000000000000000 ) ) ;
#778 =( NAMED_UNIT ( * ) PLANE_ANGLE_UNIT ( ) SI_UNIT ( $, .RADIAN. ) );
#779 = DIRECTION ( 'NONE',  ( -0.000000000000000000, -0.000000000000000000, 1.000000000000000000 ) ) ;
#780 =( GEOMETRIC_REPRESENTATION_CONTEXT ( 3 ) GLOBAL_UNCERTAINTY_ASSIGNED_CONTEXT ( ( #2442 ) ) GLOBAL_UNIT_ASSIGNED_CONTEXT ( ( #1904, #676, #157 ) ) REPRESENTATION_CONTEXT ( 'NONE', 'WORKASPACE' ) );
#781 = CARTESIAN_POINT ( 'NONE',  ( 40.40000000000000568, -10.00000000000000000, 17.00000000000001421 ) ) ;
#782 = ORIENTED_EDGE ( 'NONE', *, *, #1242, .T. ) ;
#783 =( GEOMETRIC_REPRESENTATION_CONTEXT ( 3 ) GLOBAL_UNCERTAINTY_ASSIGNED_CONTEXT ( ( #384 ) ) GLOBAL_UNIT_ASSIGNED_CONTEXT ( ( #595, #3181, #2345 ) ) REPRESENTATION_CONTEXT ( 'NONE', 'WORKASPACE' ) );
#784 = DIRECTION ( 'NONE',  ( -0.000000000000000000, -1.734723475976807094E-16, -1.000000000000000000 ) ) ;
#785 = EDGE_CURVE ( 'NONE', #1667, #24, #351, .T. ) ;
#786 =( NAMED_UNIT ( * ) PLANE_ANGLE_UNIT ( ) SI_UNIT ( $, .RADIAN. ) );
#787 = STYLED_ITEM ( 'NONE', ( #1295 ), #308 ) ;
#788 = STYLED_ITEM ( 'NONE', ( #966 ), #546 ) ;
#789 = SURFACE_STYLE_USAGE ( .BOTH. , #818 ) ;
#790 = EDGE_CURVE ( 'NONE', #2077, #2077, #1219, .T. ) ;
#791 = CARTESIAN_POINT ( 'NONE',  ( 13.20000000000000284, -1.214306433183765124E-14, -70.00000000000000000 ) ) ;
#792 = AXIS2_PLACEMENT_3D ( 'NONE', #2199, #1476, #2685 ) ;
#793 = AXIS2_PLACEMENT_3D ( 'NONE', #2597, #337, #2337 ) ;
#794 = SURFACE_STYLE_USAGE ( .BOTH. , #1306 ) ;
#795 = PLANE ( 'NONE',  #126 ) ;
#796 = VERTEX_POINT ( 'NONE', #2469 ) ;
#797 = DIRECTION ( 'NONE',  ( 1.000000000000000000, 0.000000000000000000, 0.000000000000000000 ) ) ;
#798 = AXIS2_PLACEMENT_3D ( 'NONE', #1471, #661, #173 ) ;
#799 = CARTESIAN_POINT ( 'NONE',  ( 2.000000000000000000, 0.000000000000000000, 0.000000000000000000 ) ) ;
#800 = ORIENTED_EDGE ( 'NONE', *, *, #1732, .F. ) ;
#801 = CIRCLE ( 'NONE', #37, 1.549999999999997602 ) ;
#802 = AXIS2_PLACEMENT_3D ( 'NONE', #1674, #1700, #1991 ) ;
#803 = CARTESIAN_POINT ( 'NONE',  ( 43.40000000000000568, -10.00000000000000000, -9.999999999999998224 ) ) ;
#804 = FACE_OUTER_BOUND ( 'NONE', #1048, .T. ) ;
#805 = EDGE_CURVE ( 'NONE', #796, #2953, #411, .T. ) ;
#806 =( NAMED_UNIT ( * ) PLANE_ANGLE_UNIT ( ) SI_UNIT ( $, .RADIAN. ) );
#807 = ADVANCED_FACE ( 'NONE', ( #176 ), #1653, .T. ) ;
#808 = LINE ( 'NONE', #515, #508 ) ;
#809 = LINE ( 'NONE', #1105, #2807 ) ;
#810 = EDGE_LOOP ( 'NONE', ( #2914 ) ) ;
#811 = SURFACE_STYLE_FILL_AREA ( #1779 ) ;
#812 = DIRECTION ( 'NONE',  ( 0.000000000000000000, 1.734723475976807094E-16, 1.000000000000000000 ) ) ;
#813 = CARTESIAN_POINT ( 'NONE',  ( 0.000000000000000000, 10.00000000000000000, 15.00000000000000178 ) ) ;
#814 = ORIENTED_EDGE ( 'NONE', *, *, #3050, .F. ) ;
#815 = DIRECTION ( 'NONE',  ( 0.000000000000000000, 0.000000000000000000, -1.000000000000000000 ) ) ;
#816 = FILL_AREA_STYLE ('',( #1762 ) ) ;
#817 = DIRECTION ( 'NONE',  ( 1.000000000000000000, 0.000000000000000000, 0.000000000000000000 ) ) ;
#818 = SURFACE_SIDE_STYLE ('',( #1540 ) ) ;
#819 = LINE ( 'NONE', #2830, #1836 ) ;
#820 = CARTESIAN_POINT ( 'NONE',  ( 15.18071187457697846, -21.46876861950506310, 14.00000000000001421 ) ) ;
#821 = UNCERTAINTY_MEASURE_WITH_UNIT (LENGTH_MEASURE( 1.000000000000000082E-05 ), #3034, 'distance_accuracy_value', 'NONE');
#822 = EDGE_CURVE ( 'NONE', #1608, #1533, #516, .T. ) ;
#823 = EDGE_LOOP ( 'NONE', ( #3292 ) ) ;
#824 = CARTESIAN_POINT ( 'NONE',  ( 0.000000000000000000, 23.74999999999999645, 55.59753687109602538 ) ) ;
#825 = VERTEX_POINT ( 'NONE', #2625 ) ;
#826 = SURFACE_SIDE_STYLE ('',( #2078 ) ) ;
#827 =( LENGTH_UNIT ( ) NAMED_UNIT ( * ) SI_UNIT ( .MILLI., .METRE. ) );
#828 = ORIENTED_EDGE ( 'NONE', *, *, #2951, .T. ) ;
#829 = SURFACE_STYLE_FILL_AREA ( #51 ) ;
#830 = DIRECTION ( 'NONE',  ( -1.000000000000000000, -0.000000000000000000, 0.000000000000000000 ) ) ;
#831 = VECTOR ( 'NONE', #3173, 1000.000000000000000 ) ;
#832 = DIRECTION ( 'NONE',  ( 1.000000000000000000, 0.000000000000000000, 0.000000000000000000 ) ) ;
#833 = CARTESIAN_POINT ( 'NONE',  ( 38.40000000000000568, 14.75000000000000355, 59.40000000000000568 ) ) ;
#834 = COLOUR_RGB ( '',0.5999999999999999778, 0.1607843137254901800, 0.7529411764705882248 ) ;
#835 = CARTESIAN_POINT ( 'NONE',  ( 38.90000000000000568, 10.24999999999999467, 15.00000000000001066 ) ) ;
#836 = AXIS2_PLACEMENT_3D ( 'NONE', #760, #1600, #2138 ) ;
#837 = STYLED_ITEM ( 'NONE', ( #327 ), #719 ) ;
#838 = CYLINDRICAL_SURFACE ( 'NONE', #2925, 1.550000000000000933 ) ;
#839 = ORIENTED_EDGE ( 'NONE', *, *, #1807, .F. ) ;
#840 = CIRCLE ( 'NONE', #686, 5.000000000000004441 ) ;
#841 = MECHANICAL_DESIGN_GEOMETRIC_PRESENTATION_REPRESENTATION (  '', ( #1046 ), #3158 ) ;
#842 =( NAMED_UNIT ( * ) SI_UNIT ( $, .STERADIAN. ) SOLID_ANGLE_UNIT ( ) );
#843 = CARTESIAN_POINT ( 'NONE',  ( 21.75000000000000711, 7.000000000000003553, 61.40000000000001279 ) ) ;
#844 = PRESENTATION_STYLE_ASSIGNMENT (( #1182 ) ) ;
#845 = ORIENTED_EDGE ( 'NONE', *, *, #1612, .F. ) ;
#846 = EDGE_CURVE ( 'NONE', #1185, #366, #236, .T. ) ;
#847 = MECHANICAL_DESIGN_GEOMETRIC_PRESENTATION_REPRESENTATION (  '', ( #1334 ), #89 ) ;
#848 = FACE_OUTER_BOUND ( 'NONE', #3068, .T. ) ;
#849 = SURFACE_STYLE_USAGE ( .BOTH. , #1887 ) ;
#850 = CARTESIAN_POINT ( 'NONE',  ( -3.000000000000002665, -10.00000000000000533, 7.500000000000000000 ) ) ;
#851 = ORIENTED_EDGE ( 'NONE', *, *, #1294, .T. ) ;
#852 = CARTESIAN_POINT ( 'NONE',  ( 38.90000000000000568, 16.74999999999999645, 20.39009150965684114 ) ) ;
#853 =( GEOMETRIC_REPRESENTATION_CONTEXT ( 3 ) GLOBAL_UNCERTAINTY_ASSIGNED_CONTEXT ( ( #919 ) ) GLOBAL_UNIT_ASSIGNED_CONTEXT ( ( #1235, #1987, #2767 ) ) REPRESENTATION_CONTEXT ( 'NONE', 'WORKASPACE' ) );
#854 = MECHANICAL_DESIGN_GEOMETRIC_PRESENTATION_REPRESENTATION (  '', ( #2271 ), #1395 ) ;
#855 = SURFACE_SIDE_STYLE ('',( #2917 ) ) ;
#856 = DIRECTION ( 'NONE',  ( 0.000000000000000000, 0.000000000000000000, -1.000000000000000000 ) ) ;
#857 = CIRCLE ( 'NONE', #3222, 3.550000000000000711 ) ;
#858 = CARTESIAN_POINT ( 'NONE',  ( -3.000000000000002665, 14.75000000000000355, 15.00000000000000888 ) ) ;
#859 = EDGE_LOOP ( 'NONE', ( #1872 ) ) ;
#860 = UNCERTAINTY_MEASURE_WITH_UNIT (LENGTH_MEASURE( 1.000000000000000082E-05 ), #2647, 'distance_accuracy_value', 'NONE');
#861 = ORIENTED_EDGE ( 'NONE', *, *, #2595, .F. ) ;
#862 = PRESENTATION_STYLE_ASSIGNMENT (( #2624 ) ) ;
#863 = DIRECTION ( 'NONE',  ( -0.000000000000000000, -2.602085213965210642E-16, -1.000000000000000000 ) ) ;
#864 = EDGE_LOOP ( 'NONE', ( #1461 ) ) ;
#865 = PRESENTATION_STYLE_ASSIGNMENT (( #333 ) ) ;
#866 = EDGE_CURVE ( 'NONE', #303, #3321, #1271, .T. ) ;
#867 = CYLINDRICAL_SURFACE ( 'NONE', #3275, 3.550000000000000711 ) ;
#868 = ORIENTED_EDGE ( 'NONE', *, *, #1200, .T. ) ;
#869 = DIRECTION ( 'NONE',  ( 1.000000000000000000, 0.000000000000000000, 0.000000000000000000 ) ) ;
#870 = FACE_BOUND ( 'NONE', #361, .T. ) ;
#871 =( NAMED_UNIT ( * ) PLANE_ANGLE_UNIT ( ) SI_UNIT ( $, .RADIAN. ) );
#872 = ORIENTED_EDGE ( 'NONE', *, *, #1200, .F. ) ;
#873 = CARTESIAN_POINT ( 'NONE',  ( 20.20000000000000284, 7.000000000000003553, 69.40000000000001990 ) ) ;
#874 = ORIENTED_EDGE ( 'NONE', *, *, #1278, .T. ) ;
#875 = SURFACE_SIDE_STYLE ('',( #1903 ) ) ;
#876 = DIRECTION ( 'NONE',  ( -0.000000000000000000, -0.000000000000000000, 1.000000000000000000 ) ) ;
#877 = PLANE ( 'NONE',  #1430 ) ;
#878 = PLANE ( 'NONE',  #738 ) ;
#879 = CARTESIAN_POINT ( 'NONE',  ( 26.90000000000000213, 16.74999999999999289, 25.00000000000000711 ) ) ;
#880 = CARTESIAN_POINT ( 'NONE',  ( -3.000000000000002665, 22.87499999999998579, 15.12499999999988987 ) ) ;
#881 = EDGE_LOOP ( 'NONE', ( #2364, #372, #874, #1675, #576 ) ) ;
#882 = CARTESIAN_POINT ( 'NONE',  ( 38.39999999999998437, 16.74999999999999645, 20.41742430504417172 ) ) ;
#883 = ADVANCED_FACE ( 'NONE', ( #2545, #2561 ), #3336, .T. ) ;
#884 =( GEOMETRIC_REPRESENTATION_CONTEXT ( 3 ) GLOBAL_UNCERTAINTY_ASSIGNED_CONTEXT ( ( #2941 ) ) GLOBAL_UNIT_ASSIGNED_CONTEXT ( ( #2498, #475, #214 ) ) REPRESENTATION_CONTEXT ( 'NONE', 'WORKASPACE' ) );
#885 = AXIS2_PLACEMENT_3D ( 'NONE', #2015, #2037, #247 ) ;
#886 = ORIENTED_EDGE ( 'NONE', *, *, #1242, .F. ) ;
#887 = EDGE_CURVE ( 'NONE', #328, #2167, #1989, .T. ) ;
#888 = DIRECTION ( 'NONE',  ( -1.000000000000000000, -0.000000000000000000, -0.000000000000000000 ) ) ;
#889 = UNCERTAINTY_MEASURE_WITH_UNIT (LENGTH_MEASURE( 1.000000000000000082E-05 ), #2085, 'distance_accuracy_value', 'NONE');
#890 = CARTESIAN_POINT ( 'NONE',  ( 40.40000000000000568, 0.000000000000000000, 0.000000000000000000 ) ) ;
#891 = MECHANICAL_DESIGN_GEOMETRIC_PRESENTATION_REPRESENTATION (  '', ( #2473 ), #1042 ) ;
#892 = CIRCLE ( 'NONE', #2758, 1.550000000000000266 ) ;
#893 = CARTESIAN_POINT ( 'NONE',  ( 20.20000000000000284, 3.550000000000005151, 25.00000000000001066 ) ) ;
#894 = FILL_AREA_STYLE_COLOUR ( '', #1369 ) ;
#895 = ORIENTED_EDGE ( 'NONE', *, *, #2587, .F. ) ;
#896 = CARTESIAN_POINT ( 'NONE',  ( 43.40000000000000568, 10.00000000000000000, -9.999999999999998224 ) ) ;
#897 = SURFACE_STYLE_USAGE ( .BOTH. , #1691 ) ;
#898 = COLOUR_RGB ( '',0.5999999999999999778, 0.1607843137254901800, 0.7529411764705882248 ) ;
#899 = DIRECTION ( 'NONE',  ( 0.000000000000000000, 1.000000000000000000, -2.602085213965210642E-16 ) ) ;
#900 = EDGE_LOOP ( 'NONE', ( #1012, #225, #1486, #1994, #1906, #2984, #2326, #2360, #1132, #3072, #16, #3023, #1371, #2843 ) ) ;
#901 = PRESENTATION_STYLE_ASSIGNMENT (( #84 ) ) ;
#902 = DIRECTION ( 'NONE',  ( 0.000000000000000000, 0.000000000000000000, -1.000000000000000000 ) ) ;
#903 = PRODUCT_DEFINITION ( 'UNKNOWN', '', #3171, #3214 ) ;
#904 = ORIENTED_EDGE ( 'NONE', *, *, #344, .T. ) ;
#905 = FACE_OUTER_BOUND ( 'NONE', #1519, .T. ) ;
#906 = EDGE_CURVE ( 'NONE', #983, #1723, #1536, .T. ) ;
#907 = PLANE ( 'NONE',  #984 ) ;
#908 = MECHANICAL_DESIGN_GEOMETRIC_PRESENTATION_REPRESENTATION (  '', ( #3110 ), #367 ) ;
#909 = SURFACE_STYLE_FILL_AREA ( #79 ) ;
#910 =( LENGTH_UNIT ( ) NAMED_UNIT ( * ) SI_UNIT ( .MILLI., .METRE. ) );
#911 = ORIENTED_EDGE ( 'NONE', *, *, #1756, .F. ) ;
#912 = SURFACE_SIDE_STYLE ('',( #2451 ) ) ;
#913 = CARTESIAN_POINT ( 'NONE',  ( -2.999999999999998668, -4.696699141100895147, 20.00000000000000711 ) ) ;
#914 = ORIENTED_EDGE ( 'NONE', *, *, #1023, .T. ) ;
#915 = LINE ( 'NONE', #716, #1442 ) ;
#916 = FILL_AREA_STYLE_COLOUR ( '', #467 ) ;
#917 = SURFACE_SIDE_STYLE ('',( #1477 ) ) ;
#918 = ORIENTED_EDGE ( 'NONE', *, *, #790, .T. ) ;
#919 = UNCERTAINTY_MEASURE_WITH_UNIT (LENGTH_MEASURE( 1.000000000000000082E-05 ), #1235, 'distance_accuracy_value', 'NONE');
#920 =( NAMED_UNIT ( * ) SI_UNIT ( $, .STERADIAN. ) SOLID_ANGLE_UNIT ( ) );
#921 = EDGE_LOOP ( 'NONE', ( #972, #1400, #2718, #50 ) ) ;
#922 = EDGE_CURVE ( 'NONE', #473, #2167, #1522, .T. ) ;
#923 = CARTESIAN_POINT ( 'NONE',  ( 18.64999999999999858, -6.999999999999996447, 69.40000000000001990 ) ) ;
#924 =( NAMED_UNIT ( * ) PLANE_ANGLE_UNIT ( ) SI_UNIT ( $, .RADIAN. ) );
#925 = ORIENTED_EDGE ( 'NONE', *, *, #99, .T. ) ;
#926 = DIRECTION ( 'NONE',  ( 0.000000000000000000, 0.000000000000000000, 1.000000000000000000 ) ) ;
#927 = CARTESIAN_POINT ( 'NONE',  ( 1.750943885167057568, -5.161863251215676129, 19.98284084218691703 ) ) ;
#928 = ORIENTED_EDGE ( 'NONE', *, *, #3272, .F. ) ;
#929 = DIRECTION ( 'NONE',  ( -1.000000000000000000, 0.000000000000000000, 0.000000000000000000 ) ) ;
#930 = FILL_AREA_STYLE_COLOUR ( '', #2168 ) ;
#931 =( NAMED_UNIT ( * ) PLANE_ANGLE_UNIT ( ) SI_UNIT ( $, .RADIAN. ) );
#932 =( GEOMETRIC_REPRESENTATION_CONTEXT ( 3 ) GLOBAL_UNCERTAINTY_ASSIGNED_CONTEXT ( ( #821 ) ) GLOBAL_UNIT_ASSIGNED_CONTEXT ( ( #3034, #2838, #1561 ) ) REPRESENTATION_CONTEXT ( 'NONE', 'WORKASPACE' ) );
#933 = FACE_OUTER_BOUND ( 'NONE', #1649, .T. ) ;
#934 = CARTESIAN_POINT ( 'NONE',  ( -27.59999999999999787, 19.75000000000000355, 25.00000000000000711 ) ) ;
#935 = PRESENTATION_LAYER_ASSIGNMENT (  '', '', ( #3141 ) ) ;
#936 = CARTESIAN_POINT ( 'NONE',  ( 43.40000000000000568, 0.000000000000000000, -5.450000000000000178 ) ) ;
#937 = DIRECTION ( 'NONE',  ( -0.000000000000000000, 1.000000000000000000, -1.734723475976807094E-16 ) ) ;
#938 = CIRCLE ( 'NONE', #14, 1.550000000000000266 ) ;
#939 = DIRECTION ( 'NONE',  ( 0.000000000000000000, 0.000000000000000000, 1.000000000000000000 ) ) ;
#940 = SURFACE_STYLE_USAGE ( .BOTH. , #3238 ) ;
#941 = ORIENTED_EDGE ( 'NONE', *, *, #1363, .F. ) ;
#942 = AXIS2_PLACEMENT_3D ( 'NONE', #2738, #2722, #946 ) ;
#943 = EDGE_CURVE ( 'NONE', #24, #2892, #2787, .T. ) ;
#944 = AXIS2_PLACEMENT_3D ( 'NONE', #1394, #830, #2350 ) ;
#945 = DIRECTION ( 'NONE',  ( 0.000000000000000000, -3.469446951953614682E-16, -1.000000000000000000 ) ) ;
#946 = DIRECTION ( 'NONE',  ( 1.000000000000000000, 0.000000000000000000, 0.000000000000000000 ) ) ;
#947 = FACE_OUTER_BOUND ( 'NONE', #1161, .T. ) ;
#948 = VECTOR ( 'NONE', #1661, 1000.000000000000000 ) ;
#949 = CIRCLE ( 'NONE', #1791, 3.549999999999999822 ) ;
#950 = AXIS2_PLACEMENT_3D ( 'NONE', #1024, #1535, #494 ) ;
#951 = FACE_BOUND ( 'NONE', #542, .T. ) ;
#952 = STYLED_ITEM ( 'NONE', ( #3025 ), #1454 ) ;
#953 = UNCERTAINTY_MEASURE_WITH_UNIT (LENGTH_MEASURE( 1.000000000000000082E-05 ), #2175, 'distance_accuracy_value', 'NONE');
#954 = CARTESIAN_POINT ( 'NONE',  ( 38.90000000000000568, 16.74999999999999645, 20.39009150965684114 ) ) ;
#955 = CIRCLE ( 'NONE', #3271, 10.00000000000000000 ) ;
#956 = VERTEX_POINT ( 'NONE', #111 ) ;
#957 = AXIS2_PLACEMENT_3D ( 'NONE', #3066, #1504, #2014 ) ;
#958 = CARTESIAN_POINT ( 'NONE',  ( 40.40000000000000568, -10.00000000000000000, 17.00000000000001421 ) ) ;
#959 = ORIENTED_EDGE ( 'NONE', *, *, #1040, .T. ) ;
#960 = PLANE ( 'NONE',  #2653 ) ;
#961 =( LENGTH_UNIT ( ) NAMED_UNIT ( * ) SI_UNIT ( .MILLI., .METRE. ) );
#962 = ORIENTED_EDGE ( 'NONE', *, *, #1019, .T. ) ;
#963 = DIRECTION ( 'NONE',  ( -1.000000000000000000, -0.000000000000000000, -0.000000000000000000 ) ) ;
#964 = ADVANCED_FACE ( 'NONE', ( #8, #804 ), #2575, .F. ) ;
#965 = CARTESIAN_POINT ( 'NONE',  ( 43.40000000000000568, 24.75000000000000355, 0.000000000000000000 ) ) ;
#966 = PRESENTATION_STYLE_ASSIGNMENT (( #3041 ) ) ;
#967 =( LENGTH_UNIT ( ) NAMED_UNIT ( * ) SI_UNIT ( .MILLI., .METRE. ) );
#968 = VERTEX_POINT ( 'NONE', #557 ) ;
#969 = FILL_AREA_STYLE_COLOUR ( '', #362 ) ;
#970 = DIRECTION ( 'NONE',  ( -0.000000000000000000, -1.734723475976807094E-16, -1.000000000000000000 ) ) ;
#971 = CARTESIAN_POINT ( 'NONE',  ( 2.000000000000000000, 0.000000000000000000, 0.000000000000000000 ) ) ;
#972 = ORIENTED_EDGE ( 'NONE', *, *, #1380, .T. ) ;
#973 = CARTESIAN_POINT ( 'NONE',  ( 1.999999999999997335, 24.75000000000000355, 25.00000000000000711 ) ) ;
#974 = FILL_AREA_STYLE ('',( #1513 ) ) ;
#975 = EDGE_CURVE ( 'NONE', #2894, #2894, #1585, .T. ) ;
#976 = FILL_AREA_STYLE_COLOUR ( '', #1320 ) ;
#977 =( NAMED_UNIT ( * ) SI_UNIT ( $, .STERADIAN. ) SOLID_ANGLE_UNIT ( ) );
#978 = DIRECTION ( 'NONE',  ( 0.000000000000000000, 0.000000000000000000, -1.000000000000000000 ) ) ;
#979 = ADVANCED_FACE ( 'NONE', ( #1623, #2123, #2898, #1391, #1596, #1578 ), #1093, .F. ) ;
#980 = PLANE ( 'NONE',  #2155 ) ;
#981 = APPLICATION_PROTOCOL_DEFINITION ( 'draft international standard', 'automotive_design', 1998, #2851 ) ;
#982 = EDGE_LOOP ( 'NONE', ( #2957 ) ) ;
#983 = VERTEX_POINT ( 'NONE', #2630 ) ;
#984 = AXIS2_PLACEMENT_3D ( 'NONE', #298, #44, #2604 ) ;
#985 = PRESENTATION_LAYER_ASSIGNMENT (  '', '', ( #2473 ) ) ;
#986 = PLANE ( 'NONE',  #1591 ) ;
#987 = DIRECTION ( 'NONE',  ( 1.000000000000000000, 0.000000000000000000, 0.000000000000000000 ) ) ;
#988 = DIRECTION ( 'NONE',  ( 1.000000000000000000, 0.000000000000000000, 0.000000000000000000 ) ) ;
#989 = ORIENTED_EDGE ( 'NONE', *, *, #1654, .F. ) ;
#990 = STYLED_ITEM ( 'NONE', ( #604 ), #392 ) ;
#991 = SURFACE_SIDE_STYLE ('',( #3300 ) ) ;
#992 =( LENGTH_UNIT ( ) NAMED_UNIT ( * ) SI_UNIT ( .MILLI., .METRE. ) );
#993 = AXIS2_PLACEMENT_3D ( 'NONE', #791, #3108, #1255 ) ;
#994 = VECTOR ( 'NONE', #1890, 1000.000000000000000 ) ;
#995 = MECHANICAL_DESIGN_GEOMETRIC_PRESENTATION_REPRESENTATION (  '', ( #1742 ), #737 ) ;
#996 = DIRECTION ( 'NONE',  ( 1.000000000000000000, 0.000000000000000000, 0.000000000000000000 ) ) ;
#997 = SURFACE_STYLE_FILL_AREA ( #512 ) ;
#998 = EDGE_CURVE ( 'NONE', #281, #281, #2372, .T. ) ;
#999 = CIRCLE ( 'NONE', #2882, 5.000000000000000000 ) ;
#1000 = PRODUCT ( 'ML_MirrorShoulderV3__Default__FFC6DB1DC316', 'ML_MirrorShoulderV3__Default__FFC6DB1DC316', '', ( #1231 ) ) ;
#1001 = CARTESIAN_POINT ( 'NONE',  ( 1.999999999999998224, 14.75000000000000355, 59.40000000000000568 ) ) ;
#1002 = EDGE_CURVE ( 'NONE', #763, #2560, #30, .T. ) ;
#1003 = SURFACE_STYLE_FILL_AREA ( #1246 ) ;
#1004 =( GEOMETRIC_REPRESENTATION_CONTEXT ( 3 ) GLOBAL_UNCERTAINTY_ASSIGNED_CONTEXT ( ( #1677 ) ) GLOBAL_UNIT_ASSIGNED_CONTEXT ( ( #441, #186, #2182 ) ) REPRESENTATION_CONTEXT ( 'NONE', 'WORKASPACE' ) );
#1005 = ORIENTED_EDGE ( 'NONE', *, *, #1614, .T. ) ;
#1006 = AXIS2_PLACEMENT_3D ( 'NONE', #2129, #2399, #120 ) ;
#1007 = ORIENTED_EDGE ( 'NONE', *, *, #1153, .T. ) ;
#1008 =( GEOMETRIC_REPRESENTATION_CONTEXT ( 3 ) GLOBAL_UNCERTAINTY_ASSIGNED_CONTEXT ( ( #1083 ) ) GLOBAL_UNIT_ASSIGNED_CONTEXT ( ( #2960, #871, #1662 ) ) REPRESENTATION_CONTEXT ( 'NONE', 'WORKASPACE' ) );
#1009 = SURFACE_STYLE_FILL_AREA ( #1516 ) ;
#1010 = DIRECTION ( 'NONE',  ( 0.000000000000000000, 1.000000000000000000, -3.469446951953612217E-16 ) ) ;
#1011 = DIRECTION ( 'NONE',  ( 0.000000000000000000, 0.000000000000000000, -1.000000000000000000 ) ) ;
#1012 = ORIENTED_EDGE ( 'NONE', *, *, #2391, .F. ) ;
#1013 = PLANE ( 'NONE',  #2323 ) ;
#1014 = CARTESIAN_POINT ( 'NONE',  ( 40.26477344011605908, -9.381260824205456927, 17.87240046380481928 ) ) ;
#1015 = FILL_AREA_STYLE_COLOUR ( '', #586 ) ;
#1016 = FACE_OUTER_BOUND ( 'NONE', #477, .T. ) ;
#1017 = DIRECTION ( 'NONE',  ( 0.000000000000000000, 0.000000000000000000, 1.000000000000000000 ) ) ;
#1018 = ORIENTED_EDGE ( 'NONE', *, *, #410, .F. ) ;
#1019 = EDGE_CURVE ( 'NONE', #2307, #2307, #2421, .T. ) ;
#1020 = CARTESIAN_POINT ( 'NONE',  ( 43.40000000000000568, 25.49999999999996803, 5.000000000000009770 ) ) ;
#1021 = FILL_AREA_STYLE_COLOUR ( '', #1671 ) ;
#1022 = VERTEX_POINT ( 'NONE', #1640 ) ;
#1023 = EDGE_CURVE ( 'NONE', #763, #189, #1902, .T. ) ;
#1024 = CARTESIAN_POINT ( 'NONE',  ( 2.000000000000000000, 7.000000000000000000, 0.000000000000000000 ) ) ;
#1025 = CARTESIAN_POINT ( 'NONE',  ( 42.01288091043651463, -8.639011301018733491, 16.63192302689429880 ) ) ;
#1026 = PLANE ( 'NONE',  #258 ) ;
#1027 = DIRECTION ( 'NONE',  ( 0.000000000000000000, 0.000000000000000000, 1.000000000000000000 ) ) ;
#1028 =( LENGTH_UNIT ( ) NAMED_UNIT ( * ) SI_UNIT ( .MILLI., .METRE. ) );
#1029 = SURFACE_STYLE_USAGE ( .BOTH. , #3077 ) ;
#1030 = FILL_AREA_STYLE_COLOUR ( '', #1212 ) ;
#1031 = ORIENTED_EDGE ( 'NONE', *, *, #1810, .F. ) ;
#1032 = CARTESIAN_POINT ( 'NONE',  ( 38.40000000000001279, -5.050252531694166436, 20.00000000000001421 ) ) ;
#1033 = DIRECTION ( 'NONE',  ( -0.000000000000000000, -0.000000000000000000, 1.000000000000000000 ) ) ;
#1034 = DIRECTION ( 'NONE',  ( 0.000000000000000000, 0.000000000000000000, -1.000000000000000000 ) ) ;
#1035 = ADVANCED_FACE ( 'NONE', ( #1911 ), #662, .F. ) ;
#1036 = CARTESIAN_POINT ( 'NONE',  ( -1.591088632579680473, -7.496966177635891349, 18.59108863257959143 ) ) ;
#1037 = ORIENTED_EDGE ( 'NONE', *, *, #866, .T. ) ;
#1038 = SURFACE_SIDE_STYLE ('',( #2021 ) ) ;
#1039 = DIRECTION ( 'NONE',  ( 0.000000000000000000, 0.000000000000000000, -1.000000000000000000 ) ) ;
#1040 = EDGE_CURVE ( 'NONE', #391, #303, #2409, .T. ) ;
#1041 = DIRECTION ( 'NONE',  ( -0.000000000000000000, -2.602085213965210642E-16, -1.000000000000000000 ) ) ;
#1042 =( GEOMETRIC_REPRESENTATION_CONTEXT ( 3 ) GLOBAL_UNCERTAINTY_ASSIGNED_CONTEXT ( ( #3219 ) ) GLOBAL_UNIT_ASSIGNED_CONTEXT ( ( #127, #606, #642 ) ) REPRESENTATION_CONTEXT ( 'NONE', 'WORKASPACE' ) );
#1043 =( GEOMETRIC_REPRESENTATION_CONTEXT ( 3 ) GLOBAL_UNCERTAINTY_ASSIGNED_CONTEXT ( ( #2762 ) ) GLOBAL_UNIT_ASSIGNED_CONTEXT ( ( #2739, #931, #2994 ) ) REPRESENTATION_CONTEXT ( 'NONE', 'WORKASPACE' ) );
#1044 = STYLED_ITEM ( 'NONE', ( #398 ), #2246 ) ;
#1045 = MECHANICAL_DESIGN_GEOMETRIC_PRESENTATION_REPRESENTATION (  '', ( #3308 ), #2874 ) ;
#1046 = STYLED_ITEM ( 'NONE', ( #3176 ), #979 ) ;
#1047 = CARTESIAN_POINT ( 'NONE',  ( 38.40000000000000568, 0.000000000000000000, 7.000000000000000000 ) ) ;
#1048 = EDGE_LOOP ( 'NONE', ( #2976 ) ) ;
#1049 = AXIS2_PLACEMENT_3D ( 'NONE', #1965, #2750, #3225 ) ;
#1050 = MECHANICAL_DESIGN_GEOMETRIC_PRESENTATION_REPRESENTATION (  '', ( #2883 ), #1960 ) ;
#1051 = FACE_BOUND ( 'NONE', #1205, .T. ) ;
#1052 = CARTESIAN_POINT ( 'NONE',  ( -3.000000000000002665, 33.00000000000000000, 12.50000000000003020 ) ) ;
#1053 = CIRCLE ( 'NONE', #1389, 1.550000000000000266 ) ;
#1054 = CIRCLE ( 'NONE', #2946, 10.00000000000000178 ) ;
#1055 = LINE ( 'NONE', #2771, #753 ) ;
#1056 = EDGE_LOOP ( 'NONE', ( #3274 ) ) ;
#1057 = VECTOR ( 'NONE', #646, 1000.000000000000000 ) ;
#1058 = ADVANCED_BREP_SHAPE_REPRESENTATION ( 'ML_MirrorShoulderV3__Default__FFC6DB1DC316', ( #1075, #957 ), #1341 ) ;
#1059 = COLOUR_RGB ( '',0.5999999999999999778, 0.1607843137254901800, 0.7529411764705882248 ) ;
#1060 = FILL_AREA_STYLE ('',( #323 ) ) ;
#1061 =( NAMED_UNIT ( * ) SI_UNIT ( $, .STERADIAN. ) SOLID_ANGLE_UNIT ( ) );
#1062 = VERTEX_POINT ( 'NONE', #1976 ) ;
#1063 = PRESENTATION_STYLE_ASSIGNMENT (( #289 ) ) ;
#1064 = ADVANCED_FACE ( 'NONE', ( #3018 ), #960, .T. ) ;
#1065 = CARTESIAN_POINT ( 'NONE',  ( 40.40000000000000568, -10.00000000000000000, 17.00000000000001421 ) ) ;
#1066 = DIRECTION ( 'NONE',  ( 0.000000000000000000, 0.000000000000000000, 1.000000000000000000 ) ) ;
#1067 = SURFACE_STYLE_FILL_AREA ( #2579 ) ;
#1068 = PRESENTATION_STYLE_ASSIGNMENT (( #76 ) ) ;
#1069 = ORIENTED_EDGE ( 'NONE', *, *, #1133, .T. ) ;
#1070 = CARTESIAN_POINT ( 'NONE',  ( 38.40000000000001279, 0.000000000000000000, 69.40000000000001990 ) ) ;
#1071 = CARTESIAN_POINT ( 'NONE',  ( 26.90000000000000213, 10.24999999999999467, 15.00000000000001066 ) ) ;
#1072 = FACE_OUTER_BOUND ( 'NONE', #445, .T. ) ;
#1073 =( NAMED_UNIT ( * ) PLANE_ANGLE_UNIT ( ) SI_UNIT ( $, .RADIAN. ) );
#1074 = EDGE_LOOP ( 'NONE', ( #1281 ) ) ;
#1075 = MANIFOLD_SOLID_BREP ( '<ShoulderV4>-<Fillet11>', #1481 ) ;
#1076 =( NAMED_UNIT ( * ) SI_UNIT ( $, .STERADIAN. ) SOLID_ANGLE_UNIT ( ) );
#1077 = DIRECTION ( 'NONE',  ( -1.000000000000000000, 0.000000000000000000, 0.000000000000000000 ) ) ;
#1078 = VERTEX_POINT ( 'NONE', #3033 ) ;
#1079 =( BOUNDED_CURVE ( )  B_SPLINE_CURVE ( 3, ( #1419, #385, #2209, #958 ),
 .UNSPECIFIED., .F., .T. ) 
 B_SPLINE_CURVE_WITH_KNOTS ( ( 4, 4 ),
 ( 1.570796326794896558, 2.617993877991493523 ),
 .UNSPECIFIED. ) 
 CURVE ( )  GEOMETRIC_REPRESENTATION_ITEM ( )  RATIONAL_B_SPLINE_CURVE ( ( 1.000000000000000000, 0.9106836025229592124, 0.9106836025229592124, 1.000000000000000000 ) ) 
 REPRESENTATION_ITEM ( '' )  );
#1080 = FACE_BOUND ( 'NONE', #713, .T. ) ;
#1081 = DIRECTION ( 'NONE',  ( 0.000000000000000000, 0.000000000000000000, -1.000000000000000000 ) ) ;
#1082 = DIRECTION ( 'NONE',  ( 0.000000000000000000, 0.000000000000000000, 1.000000000000000000 ) ) ;
#1083 = UNCERTAINTY_MEASURE_WITH_UNIT (LENGTH_MEASURE( 1.000000000000000082E-05 ), #2960, 'distance_accuracy_value', 'NONE');
#1084 = EDGE_CURVE ( 'NONE', #3114, #1978, #2770, .T. ) ;
#1085 = SURFACE_STYLE_USAGE ( .BOTH. , #345 ) ;
#1086 = EDGE_LOOP ( 'NONE', ( #2440 ) ) ;
#1087 = CARTESIAN_POINT ( 'NONE',  ( 28.75000000000000355, 3.469446951953615767E-15, 61.40000000000001279 ) ) ;
#1088 = CARTESIAN_POINT ( 'NONE',  ( 20.20000000000000284, -6.999999999999996447, 69.40000000000001990 ) ) ;
#1089 = FACE_BOUND ( 'NONE', #2782, .T. ) ;
#1090 = ORIENTED_EDGE ( 'NONE', *, *, #1195, .F. ) ;
#1091 = CARTESIAN_POINT ( 'NONE',  ( 40.40000000000000568, 23.74999999999999645, 55.59753687109602538 ) ) ;
#1092 =( GEOMETRIC_REPRESENTATION_CONTEXT ( 3 ) GLOBAL_UNCERTAINTY_ASSIGNED_CONTEXT ( ( #1402 ) ) GLOBAL_UNIT_ASSIGNED_CONTEXT ( ( #910, #924, #428 ) ) REPRESENTATION_CONTEXT ( 'NONE', 'WORKASPACE' ) );
#1093 = PLANE ( 'NONE',  #1493 ) ;
#1094 = LINE ( 'NONE', #880, #2121 ) ;
#1095 = ORIENTED_EDGE ( 'NONE', *, *, #846, .F. ) ;
#1096 = CARTESIAN_POINT ( 'NONE',  ( 38.56733208982502958, 16.74999999999999645, 20.41513193653536717 ) ) ;
#1097 = COLOUR_RGB ( '',0.5999999999999999778, 0.1607843137254901800, 0.7529411764705882248 ) ;
#1098 = FACE_BOUND ( 'NONE', #1218, .T. ) ;
#1099 = FILL_AREA_STYLE ('',( #562 ) ) ;
#1100 = STYLED_ITEM ( 'NONE', ( #424 ), #169 ) ;
#1101 = CARTESIAN_POINT ( 'NONE',  ( 43.40000000000000568, -10.00000000000000178, 69.40000000000001990 ) ) ;
#1102 = AXIS2_PLACEMENT_3D ( 'NONE', #873, #1878, #2920 ) ;
#1103 =( LENGTH_UNIT ( ) NAMED_UNIT ( * ) SI_UNIT ( .MILLI., .METRE. ) );
#1104 =( GEOMETRIC_REPRESENTATION_CONTEXT ( 3 ) GLOBAL_UNCERTAINTY_ASSIGNED_CONTEXT ( ( #1616 ) ) GLOBAL_UNIT_ASSIGNED_CONTEXT ( ( #2385, #377, #119 ) ) REPRESENTATION_CONTEXT ( 'NONE', 'WORKASPACE' ) );
#1105 = CARTESIAN_POINT ( 'NONE',  ( 26.90000000000000213, 10.24999999999999467, 15.00000000000001066 ) ) ;
#1106 = VERTEX_POINT ( 'NONE', #3081 ) ;
#1107 = COLOUR_RGB ( '',0.5999999999999999778, 0.1607843137254901800, 0.7529411764705882248 ) ;
#1108 = EDGE_CURVE ( 'NONE', #2428, #2968, #765, .T. ) ;
#1109 = DIRECTION ( 'NONE',  ( -0.000000000000000000, 0.7071067811865482389, 0.7071067811865469066 ) ) ;
#1110 = CARTESIAN_POINT ( 'NONE',  ( 1.999999999999994893, -10.00000000000000178, 64.40000000000000568 ) ) ;
#1111 = SURFACE_STYLE_USAGE ( .BOTH. , #1406 ) ;
#1112 = EDGE_LOOP ( 'NONE', ( #1031, #3101, #1830, #1324 ) ) ;
#1113 = AXIS2_PLACEMENT_3D ( 'NONE', #710, #1464, #2204 ) ;
#1114 = STYLED_ITEM ( 'NONE', ( #1760 ), #2983 ) ;
#1115 = CIRCLE ( 'NONE', #3319, 5.000000000000004441 ) ;
#1116 = SURFACE_STYLE_USAGE ( .BOTH. , #629 ) ;
#1117 = CARTESIAN_POINT ( 'NONE',  ( 43.40000000000000568, -1.734723475976807094E-15, 3.469446951953614189E-15 ) ) ;
#1118 = ORIENTED_EDGE ( 'NONE', *, *, #2158, .T. ) ;
#1119 = FACE_OUTER_BOUND ( 'NONE', #677, .T. ) ;
#1120 = MECHANICAL_DESIGN_GEOMETRIC_PRESENTATION_REPRESENTATION (  '', ( #1643 ), #1004 ) ;
#1121 = COLOUR_RGB ( '',0.5999999999999999778, 0.1607843137254901800, 0.7529411764705882248 ) ;
#1122 = FILL_AREA_STYLE ('',( #118 ) ) ;
#1123 = CARTESIAN_POINT ( 'NONE',  ( -3.000000000000002665, 14.75000000000000355, 69.40000000000001990 ) ) ;
#1124 = DIRECTION ( 'NONE',  ( 0.000000000000000000, 1.000000000000000000, -1.734723475976807094E-16 ) ) ;
#1125 = CARTESIAN_POINT ( 'NONE',  ( -3.000000000000002665, 22.99999999999997868, 69.40000000000001990 ) ) ;
#1126 = UNCERTAINTY_MEASURE_WITH_UNIT (LENGTH_MEASURE( 1.000000000000000082E-05 ), #1028, 'distance_accuracy_value', 'NONE');
#1127 =( LENGTH_UNIT ( ) NAMED_UNIT ( * ) SI_UNIT ( .MILLI., .METRE. ) );
#1128 = ORIENTED_EDGE ( 'NONE', *, *, #1137, .T. ) ;
#1129 = SURFACE_STYLE_USAGE ( .BOTH. , #2160 ) ;
#1130 = DIRECTION ( 'NONE',  ( 0.000000000000000000, 1.000000000000000000, 0.000000000000000000 ) ) ;
#1131 = FACE_BOUND ( 'NONE', #598, .T. ) ;
#1132 = ORIENTED_EDGE ( 'NONE', *, *, #2502, .F. ) ;
#1133 = EDGE_CURVE ( 'NONE', #689, #457, #726, .T. ) ;
#1134 = DIRECTION ( 'NONE',  ( 0.000000000000000000, 0.000000000000000000, 1.000000000000000000 ) ) ;
#1135 = LINE ( 'NONE', #374, #2666 ) ;
#1136 = DIRECTION ( 'NONE',  ( -1.000000000000000000, -0.000000000000000000, -0.000000000000000000 ) ) ;
#1137 = EDGE_CURVE ( 'NONE', #1802, #473, #2433, .T. ) ;
#1138 =( NAMED_UNIT ( * ) SI_UNIT ( $, .STERADIAN. ) SOLID_ANGLE_UNIT ( ) );
#1139 = SURFACE_SIDE_STYLE ('',( #1876 ) ) ;
#1140 = EDGE_LOOP ( 'NONE', ( #2025 ) ) ;
#1141 = CARTESIAN_POINT ( 'NONE',  ( 30.28427124746189847, 0.000000000000000000, 0.000000000000000000 ) ) ;
#1142 =( NAMED_UNIT ( * ) PLANE_ANGLE_UNIT ( ) SI_UNIT ( $, .RADIAN. ) );
#1143 = SURFACE_STYLE_FILL_AREA ( #656 ) ;
#1144 = CARTESIAN_POINT ( 'NONE',  ( 38.40000000000000568, 0.000000000000000000, -10.00000000000000000 ) ) ;
#1145 = ORIENTED_EDGE ( 'NONE', *, *, #2569, .T. ) ;
#1146 = SURFACE_SIDE_STYLE ('',( #460 ) ) ;
#1147 = EDGE_CURVE ( 'NONE', #1293, #189, #1780, .T. ) ;
#1148 = DIRECTION ( 'NONE',  ( 0.000000000000000000, -3.469446951953613400E-15, -1.000000000000000000 ) ) ;
#1149 = LINE ( 'NONE', #2930, #1398 ) ;
#1150 = EDGE_LOOP ( 'NONE', ( #539 ) ) ;
#1151 = SURFACE_STYLE_FILL_AREA ( #1873 ) ;
#1152 = SURFACE_SIDE_STYLE ('',( #2083 ) ) ;
#1153 = EDGE_CURVE ( 'NONE', #137, #391, #2259, .T. ) ;
#1154 = DIRECTION ( 'NONE',  ( 0.000000000000000000, 0.000000000000000000, -1.000000000000000000 ) ) ;
#1155 = ORIENTED_EDGE ( 'NONE', *, *, #2176, .T. ) ;
#1156 = EDGE_LOOP ( 'NONE', ( #462 ) ) ;
#1157 = AXIS2_PLACEMENT_3D ( 'NONE', #3310, #276, #547 ) ;
#1158 = DIRECTION ( 'NONE',  ( 0.000000000000000000, 1.000000000000000000, 0.000000000000000000 ) ) ;
#1159 = UNCERTAINTY_MEASURE_WITH_UNIT (LENGTH_MEASURE( 1.000000000000000082E-05 ), #1356, 'distance_accuracy_value', 'NONE');
#1160 =( LENGTH_UNIT ( ) NAMED_UNIT ( * ) SI_UNIT ( .MILLI., .METRE. ) );
#1161 = EDGE_LOOP ( 'NONE', ( #1755 ) ) ;
#1162 = ORIENTED_EDGE ( 'NONE', *, *, #2309, .F. ) ;
#1163 = SURFACE_STYLE_USAGE ( .BOTH. , #3015 ) ;
#1164 = VERTEX_POINT ( 'NONE', #1800 ) ;
#1165 = STYLED_ITEM ( 'NONE', ( #1254 ), #2507 ) ;
#1166 = MECHANICAL_DESIGN_GEOMETRIC_PRESENTATION_REPRESENTATION (  '', ( #2591 ), #2761 ) ;
#1167 = CARTESIAN_POINT ( 'NONE',  ( 43.40000000000000568, 10.00000000000000000, 2.250000000000035083 ) ) ;
#1168 = VECTOR ( 'NONE', #945, 1000.000000000000000 ) ;
#1169 = COLOUR_RGB ( '',0.5999999999999999778, 0.1607843137254901800, 0.7529411764705882248 ) ;
#1170 =( NAMED_UNIT ( * ) SI_UNIT ( $, .STERADIAN. ) SOLID_ANGLE_UNIT ( ) );
#1171 = EDGE_LOOP ( 'NONE', ( #1768 ) ) ;
#1172 = VECTOR ( 'NONE', #779, 1000.000000000000000 ) ;
#1173 = DIRECTION ( 'NONE',  ( -0.000000000000000000, -1.734723475976807094E-16, -1.000000000000000000 ) ) ;
#1174 = CARTESIAN_POINT ( 'NONE',  ( 42.84494627350240137, -6.443646997078918304, 19.44494627350232108 ) ) ;
#1175 = DIRECTION ( 'NONE',  ( -1.000000000000000000, -0.000000000000000000, 0.000000000000000000 ) ) ;
#1176 = AXIS2_PLACEMENT_3D ( 'NONE', #2924, #3116, #2910 ) ;
#1177 = MECHANICAL_DESIGN_GEOMETRIC_PRESENTATION_REPRESENTATION (  '', ( #1390 ), #1639 ) ;
#1178 = EDGE_CURVE ( 'NONE', #386, #1918, #2041, .T. ) ;
#1179 = VERTEX_POINT ( 'NONE', #2280 ) ;
#1180 =( GEOMETRIC_REPRESENTATION_CONTEXT ( 3 ) GLOBAL_UNCERTAINTY_ASSIGNED_CONTEXT ( ( #2725 ) ) GLOBAL_UNIT_ASSIGNED_CONTEXT ( ( #3075, #786, #1564 ) ) REPRESENTATION_CONTEXT ( 'NONE', 'WORKASPACE' ) );
#1181 = SURFACE_STYLE_FILL_AREA ( #3229 ) ;
#1182 = SURFACE_STYLE_USAGE ( .BOTH. , #1935 ) ;
#1183 =( LENGTH_UNIT ( ) NAMED_UNIT ( * ) SI_UNIT ( .MILLI., .METRE. ) );
#1184 = VERTEX_POINT ( 'NONE', #674 ) ;
#1185 = VERTEX_POINT ( 'NONE', #1020 ) ;
#1186 = CARTESIAN_POINT ( 'NONE',  ( 38.40000000000000568, 0.000000000000000000, -7.000000000000000000 ) ) ;
#1187 = PRESENTATION_STYLE_ASSIGNMENT (( #2970 ) ) ;
#1188 = CARTESIAN_POINT ( 'NONE',  ( -2.877062179127862329, -5.096576180348318275, 19.87706217912785434 ) ) ;
#1189 = ORIENTED_EDGE ( 'NONE', *, *, #2937, .F. ) ;
#1190 = LINE ( 'NONE', #1932, #1168 ) ;
#1191 = CARTESIAN_POINT ( 'NONE',  ( 39.53486816319549035, -7.366653841674006387, 19.45795179305293132 ) ) ;
#1192 = FILL_AREA_STYLE ('',( #2491 ) ) ;
#1193 = ORIENTED_EDGE ( 'NONE', *, *, #975, .T. ) ;
#1194 = UNCERTAINTY_MEASURE_WITH_UNIT (LENGTH_MEASURE( 1.000000000000000082E-05 ), #210, 'distance_accuracy_value', 'NONE');
#1195 = EDGE_CURVE ( 'NONE', #825, #825, #1388, .T. ) ;
#1196 =( NAMED_UNIT ( * ) PLANE_ANGLE_UNIT ( ) SI_UNIT ( $, .RADIAN. ) );
#1197 = CARTESIAN_POINT ( 'NONE',  ( 43.40000000000000568, -10.00000000000000178, 64.40000000000000568 ) ) ;
#1198 = SURFACE_STYLE_FILL_AREA ( #1971 ) ;
#1199 = VERTEX_POINT ( 'NONE', #936 ) ;
#1200 = EDGE_CURVE ( 'NONE', #83, #2334, #3318, .T. ) ;
#1201 = CARTESIAN_POINT ( 'NONE',  ( 20.20000000000000284, 4.336808689942019314E-15, 25.00000000000001066 ) ) ;
#1202 = EDGE_LOOP ( 'NONE', ( #3210 ) ) ;
#1203 = DIRECTION ( 'NONE',  ( -1.000000000000000000, -0.000000000000000000, 0.000000000000000000 ) ) ;
#1204 = PRESENTATION_STYLE_ASSIGNMENT (( #1977 ) ) ;
#1205 = EDGE_LOOP ( 'NONE', ( #3152 ) ) ;
#1206 = LINE ( 'NONE', #2169, #356 ) ;
#1207 =( NAMED_UNIT ( * ) PLANE_ANGLE_UNIT ( ) SI_UNIT ( $, .RADIAN. ) );
#1208 = ORIENTED_EDGE ( 'NONE', *, *, #1338, .F. ) ;
#1209 =( NAMED_UNIT ( * ) PLANE_ANGLE_UNIT ( ) SI_UNIT ( $, .RADIAN. ) );
#1210 =( GEOMETRIC_REPRESENTATION_CONTEXT ( 3 ) GLOBAL_UNCERTAINTY_ASSIGNED_CONTEXT ( ( #1505 ) ) GLOBAL_UNIT_ASSIGNED_CONTEXT ( ( #1652, #2710, #379 ) ) REPRESENTATION_CONTEXT ( 'NONE', 'WORKASPACE' ) );
#1211 = VERTEX_POINT ( 'NONE', #383 ) ;
#1212 = COLOUR_RGB ( '',0.5999999999999999778, 0.1607843137254901800, 0.7529411764705882248 ) ;
#1213 =( LENGTH_UNIT ( ) NAMED_UNIT ( * ) SI_UNIT ( .MILLI., .METRE. ) );
#1214 = ORIENTED_EDGE ( 'NONE', *, *, #2759, .F. ) ;
#1215 = EDGE_CURVE ( 'NONE', #1999, #1999, #519, .T. ) ;
#1216 = CYLINDRICAL_SURFACE ( 'NONE', #2949, 1.550000000000000266 ) ;
#1217 = DIRECTION ( 'NONE',  ( 0.000000000000000000, -1.000000000000000000, 0.000000000000000000 ) ) ;
#1218 = EDGE_LOOP ( 'NONE', ( #2214 ) ) ;
#1219 = CIRCLE ( 'NONE', #3097, 1.550000000000002709 ) ;
#1220 = ORIENTED_EDGE ( 'NONE', *, *, #3042, .T. ) ;
#1221 = COLOUR_RGB ( '',0.5999999999999999778, 0.1607843137254901800, 0.7529411764705882248 ) ;
#1222 = COLOUR_RGB ( '',0.5999999999999999778, 0.1607843137254901800, 0.7529411764705882248 ) ;
#1223 = FILL_AREA_STYLE ('',( #916 ) ) ;
#1224 =( NAMED_UNIT ( * ) SI_UNIT ( $, .STERADIAN. ) SOLID_ANGLE_UNIT ( ) );
#1225 = VECTOR ( 'NONE', #1690, 1000.000000000000000 ) ;
#1226 = AXIS2_PLACEMENT_3D ( 'NONE', #833, #2672, #902 ) ;
#1227 = FACE_OUTER_BOUND ( 'NONE', #3145, .T. ) ;
#1228 = SURFACE_STYLE_USAGE ( .BOTH. , #559 ) ;
#1229 = STYLED_ITEM ( 'NONE', ( #2258 ), #3249 ) ;
#1230 = VECTOR ( 'NONE', #2576, 1000.000000000000000 ) ;
#1231 = PRODUCT_CONTEXT ( 'NONE', #2851, 'mechanical' ) ;
#1232 = UNCERTAINTY_MEASURE_WITH_UNIT (LENGTH_MEASURE( 1.000000000000000082E-05 ), #1604, 'distance_accuracy_value', 'NONE');
#1233 = FACE_BOUND ( 'NONE', #2540, .T. ) ;
#1234 = VERTEX_POINT ( 'NONE', #2241 ) ;
#1235 =( LENGTH_UNIT ( ) NAMED_UNIT ( * ) SI_UNIT ( .MILLI., .METRE. ) );
#1236 = CARTESIAN_POINT ( 'NONE',  ( 0.000000000000000000, 23.74999999999999645, 5.000000000000009770 ) ) ;
#1237 = EDGE_CURVE ( 'NONE', #1974, #1106, #3, .T. ) ;
#1238 = DIRECTION ( 'NONE',  ( 1.000000000000000000, 0.000000000000000000, -0.000000000000000000 ) ) ;
#1239 = VERTEX_POINT ( 'NONE', #501 ) ;
#1240 = CARTESIAN_POINT ( 'NONE',  ( 20.20000000000000284, 7.000000000000004441, 25.00000000000001066 ) ) ;
#1241 = CARTESIAN_POINT ( 'NONE',  ( 43.38284084218691561, -5.515416641808955411, 15.24905611483297108 ) ) ;
#1242 = EDGE_CURVE ( 'NONE', #1605, #1605, #949, .T. ) ;
#1243 =( NAMED_UNIT ( * ) PLANE_ANGLE_UNIT ( ) SI_UNIT ( $, .RADIAN. ) );
#1244 = FACE_OUTER_BOUND ( 'NONE', #1202, .T. ) ;
#1245 = PLANE ( 'NONE',  #675 ) ;
#1246 = FILL_AREA_STYLE ('',( #2781 ) ) ;
#1247 = ORIENTED_EDGE ( 'NONE', *, *, #922, .T. ) ;
#1248 = CARTESIAN_POINT ( 'NONE',  ( -3.000000000000002665, -10.00000000000000533, 7.500000000000000000 ) ) ;
#1249 = FACE_OUTER_BOUND ( 'NONE', #2791, .T. ) ;
#1250 = VERTEX_POINT ( 'NONE', #2027 ) ;
#1251 = FILL_AREA_STYLE_COLOUR ( '', #416 ) ;
#1252 = CARTESIAN_POINT ( 'NONE',  ( 43.40000000000000568, 14.75000000000000355, 25.00000000000000711 ) ) ;
#1253 = EDGE_CURVE ( 'NONE', #1546, #3114, #268, .T. ) ;
#1254 = PRESENTATION_STYLE_ASSIGNMENT (( #789 ) ) ;
#1255 = DIRECTION ( 'NONE',  ( 0.000000000000000000, 1.000000000000000000, 0.000000000000000000 ) ) ;
#1256 = CYLINDRICAL_SURFACE ( 'NONE', #201, 4.999999999999997335 ) ;
#1257 = ORIENTED_EDGE ( 'NONE', *, *, #3193, .T. ) ;
#1258 = DIRECTION ( 'NONE',  ( -0.000000000000000000, -0.000000000000000000, 1.000000000000000000 ) ) ;
#1259 = DIRECTION ( 'NONE',  ( -0.000000000000000000, 1.000000000000000000, -0.000000000000000000 ) ) ;
#1260 = CARTESIAN_POINT ( 'NONE',  ( 38.90000000000000568, 14.75000000000000355, 19.97493718553310771 ) ) ;
#1261 = STYLED_ITEM ( 'NONE', ( #1068 ), #2120 ) ;
#1262 = EDGE_LOOP ( 'NONE', ( #3224 ) ) ;
#1263 = COLOUR_RGB ( '',0.5999999999999999778, 0.1607843137254901800, 0.7529411764705882248 ) ;
#1264 = COLOUR_RGB ( '',0.5999999999999999778, 0.1607843137254901800, 0.7529411764705882248 ) ;
#1265 = CARTESIAN_POINT ( 'NONE',  ( 9.499999999999994671, -10.00000000000000000, 20.00000000000001066 ) ) ;
#1266 = DIRECTION ( 'NONE',  ( 0.000000000000000000, 0.000000000000000000, 1.000000000000000000 ) ) ;
#1267 = CARTESIAN_POINT ( 'NONE',  ( -5.204170427930421283E-15, -9.646446609406723383, 17.00000000000000711 ) ) ;
#1268 = ORIENTED_EDGE ( 'NONE', *, *, #2680, .F. ) ;
#1269 = CIRCLE ( 'NONE', #1951, 10.00000000000000000 ) ;
#1270 =( LENGTH_UNIT ( ) NAMED_UNIT ( * ) SI_UNIT ( .MILLI., .METRE. ) );
#1271 = LINE ( 'NONE', #3059, #1440 ) ;
#1272 = DIRECTION ( 'NONE',  ( 0.000000000000000000, 1.000000000000000000, 0.000000000000000000 ) ) ;
#1273 = MECHANICAL_DESIGN_GEOMETRIC_PRESENTATION_REPRESENTATION (  '', ( #1165 ), #571 ) ;
#1274 = LINE ( 'NONE', #3328, #2765 ) ;
#1275 = SURFACE_SIDE_STYLE ('',( #997 ) ) ;
#1276 = SURFACE_STYLE_FILL_AREA ( #294 ) ;
#1277 = PRESENTATION_LAYER_ASSIGNMENT (  '', '', ( #27 ) ) ;
#1278 = EDGE_CURVE ( 'NONE', #2134, #386, #1758, .T. ) ;
#1279 = FACE_BOUND ( 'NONE', #2239, .T. ) ;
#1280 = VECTOR ( 'NONE', #229, 1000.000000000000000 ) ;
#1281 = ORIENTED_EDGE ( 'NONE', *, *, #2457, .F. ) ;
#1282 = PRESENTATION_STYLE_ASSIGNMENT (( #1548 ) ) ;
#1283 = STYLED_ITEM ( 'NONE', ( #1204 ), #1896 ) ;
#1284 = DIRECTION ( 'NONE',  ( 1.000000000000000000, 0.000000000000000000, 0.000000000000000000 ) ) ;
#1285 =( NAMED_UNIT ( * ) SI_UNIT ( $, .STERADIAN. ) SOLID_ANGLE_UNIT ( ) );
#1286 = CARTESIAN_POINT ( 'NONE',  ( -1.084202172485504434E-14, -9.646446609406721606, 17.00000000000001066 ) ) ;
#1287 = EDGE_LOOP ( 'NONE', ( #664 ) ) ;
#1288 =( NAMED_UNIT ( * ) PLANE_ANGLE_UNIT ( ) SI_UNIT ( $, .RADIAN. ) );
#1289 = CARTESIAN_POINT ( 'NONE',  ( -3.000000000000001776, -6.639279330798341761, 16.05662432702594700 ) ) ;
#1290 = SURFACE_STYLE_USAGE ( .BOTH. , #507 ) ;
#1291 = DIRECTION ( 'NONE',  ( -1.000000000000000000, -0.000000000000000000, -0.000000000000000000 ) ) ;
#1292 = FILL_AREA_STYLE_COLOUR ( '', #360 ) ;
#1293 = VERTEX_POINT ( 'NONE', #2487 ) ;
#1294 = EDGE_CURVE ( 'NONE', #1078, #1179, #204, .T. ) ;
#1295 = PRESENTATION_STYLE_ASSIGNMENT (( #794 ) ) ;
#1296 = SURFACE_SIDE_STYLE ('',( #3291 ) ) ;
#1297 = ORIENTED_EDGE ( 'NONE', *, *, #2866, .T. ) ;
#1298 = ADVANCED_FACE ( 'NONE', ( #2228, #2514 ), #230, .F. ) ;
#1299 =( NAMED_UNIT ( * ) SI_UNIT ( $, .STERADIAN. ) SOLID_ANGLE_UNIT ( ) );
#1300 = FACE_OUTER_BOUND ( 'NONE', #1735, .T. ) ;
#1301 = DIRECTION ( 'NONE',  ( 0.000000000000000000, 1.000000000000000000, 0.000000000000000000 ) ) ;
#1302 = FACE_OUTER_BOUND ( 'NONE', #1287, .T. ) ;
#1303 = ORIENTED_EDGE ( 'NONE', *, *, #1002, .T. ) ;
#1304 = DIRECTION ( 'NONE',  ( 5.551115123125780853E-17, 0.5773502691896257311, 0.8164965809277260345 ) ) ;
#1305 = CARTESIAN_POINT ( 'NONE',  ( 43.40000000000000568, 33.00000000000000000, 12.50000000000003020 ) ) ;
#1306 = SURFACE_SIDE_STYLE ('',( #2036 ) ) ;
#1307 =( NAMED_UNIT ( * ) SI_UNIT ( $, .STERADIAN. ) SOLID_ANGLE_UNIT ( ) );
#1308 = EDGE_LOOP ( 'NONE', ( #918 ) ) ;
#1309 = FACE_BOUND ( 'NONE', #1313, .T. ) ;
#1310 = CARTESIAN_POINT ( 'NONE',  ( 43.40000000000000568, -7.000000000000000000, 1.550000000000000266 ) ) ;
#1311 = PRESENTATION_LAYER_ASSIGNMENT (  '', '', ( #2149 ) ) ;
#1312 = CARTESIAN_POINT ( 'NONE',  ( -3.000000000000002665, 24.75000000000000355, 59.40000000000000568 ) ) ;
#1313 = EDGE_LOOP ( 'NONE', ( #3093 ) ) ;
#1314 = EDGE_CURVE ( 'NONE', #2223, #1106, #3117, .T. ) ;
#1315 = DIRECTION ( 'NONE',  ( -1.000000000000000000, 0.000000000000000000, 0.000000000000000000 ) ) ;
#1316 = CARTESIAN_POINT ( 'NONE',  ( 38.40000000000001279, 2.602085213965212219E-15, 15.00000000000001066 ) ) ;
#1317 = VERTEX_POINT ( 'NONE', #1573 ) ;
#1318 =( NAMED_UNIT ( * ) PLANE_ANGLE_UNIT ( ) SI_UNIT ( $, .RADIAN. ) );
#1319 = CIRCLE ( 'NONE', #2873, 5.000000000000004441 ) ;
#1320 = COLOUR_RGB ( '',0.5999999999999999778, 0.1607843137254901800, 0.7529411764705882248 ) ;
#1321 = DIRECTION ( 'NONE',  ( -1.000000000000000000, -0.000000000000000000, 0.000000000000000000 ) ) ;
#1322 =( LENGTH_UNIT ( ) NAMED_UNIT ( * ) SI_UNIT ( .MILLI., .METRE. ) );
#1323 = PRESENTATION_LAYER_ASSIGNMENT (  '', '', ( #2315 ) ) ;
#1324 = ORIENTED_EDGE ( 'NONE', *, *, #660, .T. ) ;
#1325 = COLOUR_RGB ( '',0.5999999999999999778, 0.1607843137254901800, 0.7529411764705882248 ) ;
#1326 = DIRECTION ( 'NONE',  ( -1.734723475976806601E-16, -1.000000000000000000, 1.734723475976806848E-16 ) ) ;
#1327 = UNCERTAINTY_MEASURE_WITH_UNIT (LENGTH_MEASURE( 1.000000000000000082E-05 ), #164, 'distance_accuracy_value', 'NONE');
#1328 =( NAMED_UNIT ( * ) SI_UNIT ( $, .STERADIAN. ) SOLID_ANGLE_UNIT ( ) );
#1329 = VERTEX_POINT ( 'NONE', #1110 ) ;
#1330 = CIRCLE ( 'NONE', #142, 4.999999999999999112 ) ;
#1331 = VECTOR ( 'NONE', #987, 1000.000000000000000 ) ;
#1332 = LINE ( 'NONE', #1590, #1913 ) ;
#1333 = CIRCLE ( 'NONE', #950, 1.550000000000000266 ) ;
#1334 = STYLED_ITEM ( 'NONE', ( #1774 ), #1488 ) ;
#1335 = EDGE_LOOP ( 'NONE', ( #2679 ) ) ;
#1336 = AXIS2_PLACEMENT_3D ( 'NONE', #2132, #876, #301 ) ;
#1337 = AXIS2_PLACEMENT_3D ( 'NONE', #1101, #616, #358 ) ;
#1338 = EDGE_CURVE ( 'NONE', #1828, #1828, #1842, .T. ) ;
#1339 = DIRECTION ( 'NONE',  ( -1.000000000000000000, -0.000000000000000000, -0.000000000000000000 ) ) ;
#1340 = FACE_BOUND ( 'NONE', #1150, .T. ) ;
#1341 =( GEOMETRIC_REPRESENTATION_CONTEXT ( 3 ) GLOBAL_UNCERTAINTY_ASSIGNED_CONTEXT ( ( #2621 ) ) GLOBAL_UNIT_ASSIGNED_CONTEXT ( ( #2948, #2405, #2161 ) ) REPRESENTATION_CONTEXT ( 'NONE', 'WORKASPACE' ) );
#1342 = EDGE_LOOP ( 'NONE', ( #1877 ) ) ;
#1343 = COLOUR_RGB ( '',0.5999999999999999778, 0.1607843137254901800, 0.7529411764705882248 ) ;
#1344 = FACE_OUTER_BOUND ( 'NONE', #1342, .T. ) ;
#1345 = EDGE_LOOP ( 'NONE', ( #1128, #1247, #525, #619 ) ) ;
#1346 =( NAMED_UNIT ( * ) SI_UNIT ( $, .STERADIAN. ) SOLID_ANGLE_UNIT ( ) );
#1347 = ADVANCED_FACE ( 'NONE', ( #2117 ), #2611, .F. ) ;
#1348 = DIRECTION ( 'NONE',  ( 1.000000000000000000, 0.000000000000000000, 0.000000000000000000 ) ) ;
#1349 = DIRECTION ( 'NONE',  ( 0.000000000000000000, 0.7071067811865511255, 0.7071067811865440200 ) ) ;
#1350 = FILL_AREA_STYLE_COLOUR ( '', #1574 ) ;
#1351 = ORIENTED_EDGE ( 'NONE', *, *, #2697, .F. ) ;
#1352 = PRESENTATION_STYLE_ASSIGNMENT (( #1813 ) ) ;
#1353 = DIRECTION ( 'NONE',  ( -0.8164965809277261455, 0.5773502691896255090, -1.001543065824772482E-16 ) ) ;
#1354 = DIRECTION ( 'NONE',  ( -1.000000000000000000, 0.000000000000000000, 0.000000000000000000 ) ) ;
#1355 = ORIENTED_EDGE ( 'NONE', *, *, #1543, .F. ) ;
#1356 =( LENGTH_UNIT ( ) NAMED_UNIT ( * ) SI_UNIT ( .MILLI., .METRE. ) );
#1357 = ORIENTED_EDGE ( 'NONE', *, *, #1314, .T. ) ;
#1358 =( LENGTH_UNIT ( ) NAMED_UNIT ( * ) SI_UNIT ( .MILLI., .METRE. ) );
#1359 = CARTESIAN_POINT ( 'NONE',  ( 1.999999999999997335, 14.75000000000000355, 15.00000000000000711 ) ) ;
#1360 = ADVANCED_FACE ( 'NONE', ( #1072 ), #2330, .T. ) ;
#1361 = LINE ( 'NONE', #2890, #3040 ) ;
#1362 = ORIENTED_EDGE ( 'NONE', *, *, #1153, .F. ) ;
#1363 = EDGE_CURVE ( 'NONE', #415, #3118, #2443, .T. ) ;
#1364 = DIRECTION ( 'NONE',  ( 0.000000000000000000, 1.000000000000000000, 0.000000000000000000 ) ) ;
#1365 =( NAMED_UNIT ( * ) PLANE_ANGLE_UNIT ( ) SI_UNIT ( $, .RADIAN. ) );
#1366 = PRESENTATION_STYLE_ASSIGNMENT (( #1111 ) ) ;
#1367 = ORIENTED_EDGE ( 'NONE', *, *, #704, .T. ) ;
#1368 = VERTEX_POINT ( 'NONE', #1717 ) ;
#1369 = COLOUR_RGB ( '',0.5999999999999999778, 0.1607843137254901800, 0.7529411764705882248 ) ;
#1370 = FACE_BOUND ( 'NONE', #455, .T. ) ;
#1371 = ORIENTED_EDGE ( 'NONE', *, *, #2522, .F. ) ;
#1372 = SURFACE_SIDE_STYLE ('',( #2901 ) ) ;
#1373 = PRESENTATION_LAYER_ASSIGNMENT (  '', '', ( #1626 ) ) ;
#1374 = SURFACE_STYLE_USAGE ( .BOTH. , #855 ) ;
#1375 = COLOUR_RGB ( '',0.5999999999999999778, 0.1607843137254901800, 0.7529411764705882248 ) ;
#1376 =( NAMED_UNIT ( * ) PLANE_ANGLE_UNIT ( ) SI_UNIT ( $, .RADIAN. ) );
#1377 = MECHANICAL_DESIGN_GEOMETRIC_PRESENTATION_REPRESENTATION (  '', ( #3092 ), #1530 ) ;
#1378 = SURFACE_SIDE_STYLE ('',( #339 ) ) ;
#1379 = CARTESIAN_POINT ( 'NONE',  ( 43.40000000000000568, 12.75000000000000178, 5.000000000000009770 ) ) ;
#1380 = EDGE_CURVE ( 'NONE', #1062, #983, #2268, .T. ) ;
#1381 = STYLED_ITEM ( 'NONE', ( #3044 ), #2251 ) ;
#1382 = PRESENTATION_LAYER_ASSIGNMENT (  '', '', ( #2591 ) ) ;
#1383 = PRESENTATION_STYLE_ASSIGNMENT (( #2849 ) ) ;
#1384 =( GEOMETRIC_REPRESENTATION_CONTEXT ( 3 ) GLOBAL_UNCERTAINTY_ASSIGNED_CONTEXT ( ( #2688 ) ) GLOBAL_UNIT_ASSIGNED_CONTEXT ( ( #600, #2902, #1346 ) ) REPRESENTATION_CONTEXT ( 'NONE', 'WORKASPACE' ) );
#1385 = CARTESIAN_POINT ( 'NONE',  ( 18.64999999999999858, 7.000000000000003553, 69.40000000000001990 ) ) ;
#1386 = DIRECTION ( 'NONE',  ( 1.000000000000000000, 0.000000000000000000, 0.000000000000000000 ) ) ;
#1387 = VECTOR ( 'NONE', #1494, 1000.000000000000000 ) ;
#1388 = CIRCLE ( 'NONE', #2264, 1.550000000000000933 ) ;
#1389 = AXIS2_PLACEMENT_3D ( 'NONE', #7, #3324, #2031 ) ;
#1390 = STYLED_ITEM ( 'NONE', ( #2726 ), #1482 ) ;
#1391 = FACE_BOUND ( 'NONE', #982, .T. ) ;
#1392 = SURFACE_STYLE_USAGE ( .BOTH. , #82 ) ;
#1393 = ORIENTED_EDGE ( 'NONE', *, *, #138, .F. ) ;
#1394 = CARTESIAN_POINT ( 'NONE',  ( 2.000000000000000000, 0.000000000000000000, -7.000000000000000000 ) ) ;
#1395 =( GEOMETRIC_REPRESENTATION_CONTEXT ( 3 ) GLOBAL_UNCERTAINTY_ASSIGNED_CONTEXT ( ( #1327 ) ) GLOBAL_UNIT_ASSIGNED_CONTEXT ( ( #164, #1207, #2200 ) ) REPRESENTATION_CONTEXT ( 'NONE', 'WORKASPACE' ) );
#1396 = CARTESIAN_POINT ( 'NONE',  ( 43.40000000000000568, -10.00000000000000000, 8.000000000000017764 ) ) ;
#1397 = PRESENTATION_STYLE_ASSIGNMENT (( #615 ) ) ;
#1398 = VECTOR ( 'NONE', #597, 1000.000000000000000 ) ;
#1399 = FACE_OUTER_BOUND ( 'NONE', #2693, .T. ) ;
#1400 = ORIENTED_EDGE ( 'NONE', *, *, #906, .T. ) ;
#1401 = FACE_OUTER_BOUND ( 'NONE', #2449, .T. ) ;
#1402 = UNCERTAINTY_MEASURE_WITH_UNIT (LENGTH_MEASURE( 1.000000000000000082E-05 ), #910, 'distance_accuracy_value', 'NONE');
#1403 = EDGE_LOOP ( 'NONE', ( #3078 ) ) ;
#1404 = FACE_OUTER_BOUND ( 'NONE', #1796, .T. ) ;
#1405 = VERTEX_POINT ( 'NONE', #923 ) ;
#1406 = SURFACE_SIDE_STYLE ('',( #2063 ) ) ;
#1407 = EDGE_CURVE ( 'NONE', #2142, #689, #1115, .T. ) ;
#1408 =( NAMED_UNIT ( * ) SI_UNIT ( $, .STERADIAN. ) SOLID_ANGLE_UNIT ( ) );
#1409 = DIRECTION ( 'NONE',  ( -1.000000000000000000, -0.000000000000000000, -0.000000000000000000 ) ) ;
#1410 = DIRECTION ( 'NONE',  ( 0.000000000000000000, 0.000000000000000000, 1.000000000000000000 ) ) ;
#1411 = EDGE_LOOP ( 'NONE', ( #536 ) ) ;
#1412 = CARTESIAN_POINT ( 'NONE',  ( 31.40000000000001279, -10.00000000000000000, 20.00000000000001066 ) ) ;
#1413 = CARTESIAN_POINT ( 'NONE',  ( 38.40000000000000568, 14.75000000000000355, 64.40000000000000568 ) ) ;
#1414 = PRESENTATION_STYLE_ASSIGNMENT (( #88 ) ) ;
#1415 = ORIENTED_EDGE ( 'NONE', *, *, #1612, .T. ) ;
#1416 = FILL_AREA_STYLE ('',( #587 ) ) ;
#1417 = CARTESIAN_POINT ( 'NONE',  ( 9.499999999999994671, -10.00000000000000000, 20.00000000000001066 ) ) ;
#1418 = PRESENTATION_STYLE_ASSIGNMENT (( #1129 ) ) ;
#1419 = CARTESIAN_POINT ( 'NONE',  ( 31.40000000000001279, -10.00000000000000000, 20.00000000000001066 ) ) ;
#1420 = VERTEX_POINT ( 'NONE', #954 ) ;
#1421 = SURFACE_STYLE_USAGE ( .BOTH. , #2463 ) ;
#1422 = EDGE_CURVE ( 'NONE', #2167, #3334, #1456, .T. ) ;
#1423 = CARTESIAN_POINT ( 'NONE',  ( 38.90000000000000568, 16.74999999999999645, 15.00000000000001066 ) ) ;
#1424 = VERTEX_POINT ( 'NONE', #670 ) ;
#1425 = CARTESIAN_POINT ( 'NONE',  ( 38.40000000000001279, 24.75000000000000355, 59.40000000000000568 ) ) ;
#1426 = LINE ( 'NONE', #965, #2816 ) ;
#1427 = EDGE_CURVE ( 'NONE', #32, #1562, #1054, .T. ) ;
#1428 = DIRECTION ( 'NONE',  ( -0.000000000000000000, -1.000000000000000000, -0.000000000000000000 ) ) ;
#1429 =( GEOMETRIC_REPRESENTATION_CONTEXT ( 3 ) GLOBAL_UNCERTAINTY_ASSIGNED_CONTEXT ( ( #2479 ) ) GLOBAL_UNIT_ASSIGNED_CONTEXT ( ( #2026, #552, #1299 ) ) REPRESENTATION_CONTEXT ( 'NONE', 'WORKASPACE' ) );
#1430 = AXIS2_PLACEMENT_3D ( 'NONE', #1201, #1955, #1937 ) ;
#1431 = ORIENTED_EDGE ( 'NONE', *, *, #3216, .T. ) ;
#1432 = UNCERTAINTY_MEASURE_WITH_UNIT (LENGTH_MEASURE( 1.000000000000000082E-05 ), #2194, 'distance_accuracy_value', 'NONE');
#1433 = ORIENTED_EDGE ( 'NONE', *, *, #822, .F. ) ;
#1434 =( BOUNDED_CURVE ( )  B_SPLINE_CURVE ( 3, ( #1065, #2287, #2563, #1396 ),
 .UNSPECIFIED., .F., .T. ) 
 B_SPLINE_CURVE_WITH_KNOTS ( ( 4, 4 ),
 ( 0.5235987755982984826, 1.570796326794896780 ),
 .UNSPECIFIED. ) 
 CURVE ( )  GEOMETRIC_REPRESENTATION_ITEM ( )  RATIONAL_B_SPLINE_CURVE ( ( 1.000000000000000000, 0.9106836025229588794, 0.9106836025229588794, 1.000000000000000000 ) ) 
 REPRESENTATION_ITEM ( '' )  );
#1435 = COLOUR_RGB ( '',0.5999999999999999778, 0.1607843137254901800, 0.7529411764705882248 ) ;
#1436 = VECTOR ( 'NONE', #2564, 1000.000000000000227 ) ;
#1437 = VERTEX_POINT ( 'NONE', #3200 ) ;
#1438 = EDGE_LOOP ( 'NONE', ( #3343 ) ) ;
#1439 = CIRCLE ( 'NONE', #1740, 3.550000000000001155 ) ;
#1440 = VECTOR ( 'NONE', #1315, 1000.000000000000000 ) ;
#1441 = DIRECTION ( 'NONE',  ( 0.000000000000000000, 0.000000000000000000, 1.000000000000000000 ) ) ;
#1442 = VECTOR ( 'NONE', #1724, 1000.000000000000000 ) ;
#1443 = VECTOR ( 'NONE', #3230, 1000.000000000000000 ) ;
#1444 = CARTESIAN_POINT ( 'NONE',  ( -2.444946273502233591, -6.090093606485525335, 19.44494627350217897 ) ) ;
#1445 = ORIENTED_EDGE ( 'NONE', *, *, #708, .T. ) ;
#1446 = STYLED_ITEM ( 'NONE', ( #865 ), #3027 ) ;
#1447 = AXIS2_PLACEMENT_3D ( 'NONE', #820, #1567, #261 ) ;
#1448 = DIRECTION ( 'NONE',  ( 1.000000000000000000, 0.000000000000000000, 0.000000000000000000 ) ) ;
#1449 = SURFACE_STYLE_FILL_AREA ( #1223 ) ;
#1450 = PRESENTATION_STYLE_ASSIGNMENT (( #486 ) ) ;
#1451 = AXIS2_PLACEMENT_3D ( 'NONE', #3236, #1721, #926 ) ;
#1452 = COLOUR_RGB ( '',0.5999999999999999778, 0.1607843137254901800, 0.7529411764705882248 ) ;
#1453 = ORIENTED_EDGE ( 'NONE', *, *, #1875, .T. ) ;
#1454 = ADVANCED_FACE ( 'NONE', ( #1227 ), #2458, .F. ) ;
#1455 = DIRECTION ( 'NONE',  ( 0.000000000000000000, 0.000000000000000000, -1.000000000000000000 ) ) ;
#1456 = LINE ( 'NONE', #2706, #1500 ) ;
#1457 = PLANE ( 'NONE',  #682 ) ;
#1458 = CARTESIAN_POINT ( 'NONE',  ( 0.000000000000000000, 12.75000000000000178, 5.000000000000009770 ) ) ;
#1459 = VERTEX_POINT ( 'NONE', #2447 ) ;
#1460 = SURFACE_STYLE_USAGE ( .BOTH. , #1709 ) ;
#1461 = ORIENTED_EDGE ( 'NONE', *, *, #975, .F. ) ;
#1462 = SURFACE_STYLE_USAGE ( .BOTH. , #141 ) ;
#1463 = FACE_BOUND ( 'NONE', #228, .T. ) ;
#1464 = DIRECTION ( 'NONE',  ( 0.000000000000000000, 0.5773502691896258421, 0.8164965809277261455 ) ) ;
#1465 = EDGE_CURVE ( 'NONE', #3243, #1999, #2779, .T. ) ;
#1466 =( NAMED_UNIT ( * ) PLANE_ANGLE_UNIT ( ) SI_UNIT ( $, .RADIAN. ) );
#1467 = PRESENTATION_STYLE_ASSIGNMENT (( #3047 ) ) ;
#1468 = VERTEX_POINT ( 'NONE', #1666 ) ;
#1469 = DIRECTION ( 'NONE',  ( 0.000000000000000000, -0.000000000000000000, 1.000000000000000000 ) ) ;
#1470 = ORIENTED_EDGE ( 'NONE', *, *, #1363, .T. ) ;
#1471 = CARTESIAN_POINT ( 'NONE',  ( 0.000000000000000000, 0.000000000000000000, 5.000000000000009770 ) ) ;
#1472 =( NAMED_UNIT ( * ) PLANE_ANGLE_UNIT ( ) SI_UNIT ( $, .RADIAN. ) );
#1473 = FILL_AREA_STYLE ('',( #443 ) ) ;
#1474 = EDGE_LOOP ( 'NONE', ( #814 ) ) ;
#1475 = DIRECTION ( 'NONE',  ( -0.000000000000000000, -0.000000000000000000, -1.000000000000000000 ) ) ;
#1476 = DIRECTION ( 'NONE',  ( 1.000000000000000000, -0.000000000000000000, -0.000000000000000000 ) ) ;
#1477 = SURFACE_STYLE_FILL_AREA ( #448 ) ;
#1478 = VECTOR ( 'NONE', #2709, 1000.000000000000000 ) ;
#1479 =( GEOMETRIC_REPRESENTATION_CONTEXT ( 3 ) GLOBAL_UNCERTAINTY_ASSIGNED_CONTEXT ( ( #2862 ) ) GLOBAL_UNIT_ASSIGNED_CONTEXT ( ( #827, #112, #626 ) ) REPRESENTATION_CONTEXT ( 'NONE', 'WORKASPACE' ) );
#1480 = CARTESIAN_POINT ( 'NONE',  ( -3.000000000000002665, 0.000000000000000000, 1.734723475976807094E-15 ) ) ;
#1481 = CLOSED_SHELL ( 'NONE', ( #1556, #2899, #546, #1698, #979, #326, #1896, #2069, #3128, #1633, #2246, #2336, #392, #1788, #1035, #2013, #2052, #95, #2801, #2290, #2120, #3188, #618, #2232, #3209, #1860, #3249, #2180, #601, #169, #2552, #1597, #1512, #740, #1961, #1298, #964, #2017, #2092, #221, #3027, #3008, #719, #1347, #2154, #165, #2413, #534, #2983, #1482, #1998, #36, #680, #1064, #2507, #2087, #883, #2251, #179, #1454, #144, #29, #308, #1668, #2614, #1771, #1925, #115, #1360, #807, #1488 ) ) ;
#1482 = ADVANCED_FACE ( 'NONE', ( #933 ), #1256, .T. ) ;
#1483 = DIRECTION ( 'NONE',  ( 1.000000000000000000, 0.000000000000000000, 0.000000000000000000 ) ) ;
#1484 = MECHANICAL_DESIGN_GEOMETRIC_PRESENTATION_REPRESENTATION (  '', ( #237 ), #1628 ) ;
#1485 = LINE ( 'NONE', #2448, #3299 ) ;
#1486 = ORIENTED_EDGE ( 'NONE', *, *, #6, .F. ) ;
#1487 = VECTOR ( 'NONE', #1455, 1000.000000000000000 ) ;
#1488 = ADVANCED_FACE ( 'NONE', ( #564 ), #275, .T. ) ;
#1489 = DIRECTION ( 'NONE',  ( 0.000000000000000000, 1.000000000000000000, 0.000000000000000000 ) ) ;
#1490 = FACE_OUTER_BOUND ( 'NONE', #102, .T. ) ;
#1491 = PRESENTATION_LAYER_ASSIGNMENT (  '', '', ( #2704 ) ) ;
#1492 = ORIENTED_EDGE ( 'NONE', *, *, #3330, .T. ) ;
#1493 = AXIS2_PLACEMENT_3D ( 'NONE', #610, #3157, #1134 ) ;
#1494 = DIRECTION ( 'NONE',  ( -0.000000000000000000, 1.000000000000000000, -1.734723475976807094E-16 ) ) ;
#1495 = CARTESIAN_POINT ( 'NONE',  ( 38.64905611483300163, -5.515416641808906562, 19.98284084218691703 ) ) ;
#1496 = CARTESIAN_POINT ( 'NONE',  ( 40.40000000000000568, 10.00000000000000000, -9.999999999999998224 ) ) ;
#1497 = PRESENTATION_LAYER_ASSIGNMENT (  '', '', ( #3264 ) ) ;
#1498 = CIRCLE ( 'NONE', #3317, 3.550000000000000711 ) ;
#1499 = DIRECTION ( 'NONE',  ( 0.000000000000000000, 0.000000000000000000, 1.000000000000000000 ) ) ;
#1500 = VECTOR ( 'NONE', #451, 1000.000000000000000 ) ;
#1501 = SURFACE_STYLE_FILL_AREA ( #2222 ) ;
#1502 = MECHANICAL_DESIGN_GEOMETRIC_PRESENTATION_REPRESENTATION (  '', ( #1229 ), #2829 ) ;
#1503 = PRESENTATION_LAYER_ASSIGNMENT (  '', '', ( #2950 ) ) ;
#1504 = DIRECTION ( 'NONE',  ( 0.000000000000000000, 0.000000000000000000, 1.000000000000000000 ) ) ;
#1505 = UNCERTAINTY_MEASURE_WITH_UNIT (LENGTH_MEASURE( 1.000000000000000082E-05 ), #1652, 'distance_accuracy_value', 'NONE');
#1506 = VECTOR ( 'NONE', #1217, 1000.000000000000000 ) ;
#1507 = ORIENTED_EDGE ( 'NONE', *, *, #75, .T. ) ;
#1508 = LINE ( 'NONE', #2500, #743 ) ;
#1509 = DIRECTION ( 'NONE',  ( -0.000000000000000000, -1.734723475976807094E-16, -1.000000000000000000 ) ) ;
#1510 = CARTESIAN_POINT ( 'NONE',  ( -1.612880910435397386, -8.285457910426337946, 16.63192302689498092 ) ) ;
#1511 = ORIENTED_EDGE ( 'NONE', *, *, #943, .T. ) ;
#1512 = ADVANCED_FACE ( 'NONE', ( #2810, #12 ), #1790, .F. ) ;
#1513 = FILL_AREA_STYLE_COLOUR ( '', #898 ) ;
#1514 = LINE ( 'NONE', #1496, #3168 ) ;
#1515 = ORIENTED_EDGE ( 'NONE', *, *, #2439, .F. ) ;
#1516 = FILL_AREA_STYLE ('',( #2292 ) ) ;
#1517 = DIRECTION ( 'NONE',  ( -1.000000000000000000, -0.000000000000000000, 0.000000000000000000 ) ) ;
#1518 = CARTESIAN_POINT ( 'NONE',  ( 38.40000000000001279, -5.050252531694166436, 20.00000000000001421 ) ) ;
#1519 = EDGE_LOOP ( 'NONE', ( #1825 ) ) ;
#1520 = FACE_OUTER_BOUND ( 'NONE', #900, .T. ) ;
#1521 = EDGE_CURVE ( 'NONE', #2869, #2869, #745, .T. ) ;
#1522 = LINE ( 'NONE', #506, #3102 ) ;
#1523 = DIRECTION ( 'NONE',  ( 0.000000000000000000, -0.7071067811865469066, 0.7071067811865482389 ) ) ;
#1524 = EDGE_LOOP ( 'NONE', ( #1445, #2961, #1018, #925 ) ) ;
#1525 = CYLINDRICAL_SURFACE ( 'NONE', #2046, 10.00000000000000888 ) ;
#1526 = STYLED_ITEM ( 'NONE', ( #2275 ), #2087 ) ;
#1527 =( GEOMETRIC_REPRESENTATION_CONTEXT ( 3 ) GLOBAL_UNCERTAINTY_ASSIGNED_CONTEXT ( ( #178 ) ) GLOBAL_UNIT_ASSIGNED_CONTEXT ( ( #2622, #2921, #1328 ) ) REPRESENTATION_CONTEXT ( 'NONE', 'WORKASPACE' ) );
#1528 = ORIENTED_EDGE ( 'NONE', *, *, #2073, .F. ) ;
#1529 = SURFACE_STYLE_FILL_AREA ( #2062 ) ;
#1530 =( GEOMETRIC_REPRESENTATION_CONTEXT ( 3 ) GLOBAL_UNCERTAINTY_ASSIGNED_CONTEXT ( ( #721 ) ) GLOBAL_UNIT_ASSIGNED_CONTEXT ( ( #212, #673, #452 ) ) REPRESENTATION_CONTEXT ( 'NONE', 'WORKASPACE' ) );
#1531 =( LENGTH_UNIT ( ) NAMED_UNIT ( * ) SI_UNIT ( .MILLI., .METRE. ) );
#1532 = SURFACE_STYLE_FILL_AREA ( #751 ) ;
#1533 = VERTEX_POINT ( 'NONE', #2104 ) ;
#1534 =( GEOMETRIC_REPRESENTATION_CONTEXT ( 3 ) GLOBAL_UNCERTAINTY_ASSIGNED_CONTEXT ( ( #1686 ) ) GLOBAL_UNIT_ASSIGNED_CONTEXT ( ( #533, #2566, #2273 ) ) REPRESENTATION_CONTEXT ( 'NONE', 'WORKASPACE' ) );
#1535 = DIRECTION ( 'NONE',  ( -1.000000000000000000, -0.000000000000000000, -0.000000000000000000 ) ) ;
#1536 = LINE ( 'NONE', #1786, #3311 ) ;
#1537 = STYLED_ITEM ( 'NONE', ( #1664 ), #29 ) ;
#1538 = PRESENTATION_LAYER_ASSIGNMENT (  '', '', ( #3309 ) ) ;
#1539 =( GEOMETRIC_REPRESENTATION_CONTEXT ( 3 ) GLOBAL_UNCERTAINTY_ASSIGNED_CONTEXT ( ( #343 ) ) GLOBAL_UNIT_ASSIGNED_CONTEXT ( ( #992, #2298, #770 ) ) REPRESENTATION_CONTEXT ( 'NONE', 'WORKASPACE' ) );
#1540 = SURFACE_STYLE_FILL_AREA ( #3061 ) ;
#1541 = LINE ( 'NONE', #274, #18 ) ;
#1542 = MECHANICAL_DESIGN_GEOMETRIC_PRESENTATION_REPRESENTATION (  '', ( #27 ), #85 ) ;
#1543 = EDGE_CURVE ( 'NONE', #2593, #2428, #152, .T. ) ;
#1544 = DIRECTION ( 'NONE',  ( 0.000000000000000000, -1.734723475976806848E-16, -1.000000000000000000 ) ) ;
#1545 = DIRECTION ( 'NONE',  ( -1.000000000000000000, -0.000000000000000000, 0.000000000000000000 ) ) ;
#1546 = VERTEX_POINT ( 'NONE', #2416 ) ;
#1547 = PRESENTATION_LAYER_ASSIGNMENT (  '', '', ( #3003 ) ) ;
#1548 = SURFACE_STYLE_USAGE ( .BOTH. , #3331 ) ;
#1549 = AXIS2_PLACEMENT_3D ( 'NONE', #971, #1238, #390 ) ;
#1550 = SURFACE_STYLE_FILL_AREA ( #1560 ) ;
#1551 = CARTESIAN_POINT ( 'NONE',  ( -0.8724004638031566117, -9.027707433613699095, 16.86477344011677459 ) ) ;
#1552 = EDGE_LOOP ( 'NONE', ( #2606 ) ) ;
#1553 = CARTESIAN_POINT ( 'NONE',  ( 43.40000000000000568, 21.00000000000000000, 69.40000000000001990 ) ) ;
#1554 =( NAMED_UNIT ( * ) PLANE_ANGLE_UNIT ( ) SI_UNIT ( $, .RADIAN. ) );
#1555 =( LENGTH_UNIT ( ) NAMED_UNIT ( * ) SI_UNIT ( .MILLI., .METRE. ) );
#1556 = ADVANCED_FACE ( 'NONE', ( #1399 ), #105, .T. ) ;
#1557 =( LENGTH_UNIT ( ) NAMED_UNIT ( * ) SI_UNIT ( .MILLI., .METRE. ) );
#1558 = ORIENTED_EDGE ( 'NONE', *, *, #2875, .T. ) ;
#1559 = LINE ( 'NONE', #2570, #3142 ) ;
#1560 = FILL_AREA_STYLE ('',( #969 ) ) ;
#1561 =( NAMED_UNIT ( * ) SI_UNIT ( $, .STERADIAN. ) SOLID_ANGLE_UNIT ( ) );
#1562 = VERTEX_POINT ( 'NONE', #858 ) ;
#1563 = DIRECTION ( 'NONE',  ( 0.000000000000000000, 1.000000000000000000, 0.000000000000000000 ) ) ;
#1564 =( NAMED_UNIT ( * ) SI_UNIT ( $, .STERADIAN. ) SOLID_ANGLE_UNIT ( ) );
#1565 = LINE ( 'NONE', #292, #470 ) ;
#1566 = CARTESIAN_POINT ( 'NONE',  ( 43.40000000000000568, -6.464466094067264024, 13.00000000000001243 ) ) ;
#1567 = DIRECTION ( 'NONE',  ( -0.8164965809277262565, -0.5773502691896256200, 1.071651080432506572E-16 ) ) ;
#1568 = SURFACE_SIDE_STYLE ('',( #1602 ) ) ;
#1569 = ORIENTED_EDGE ( 'NONE', *, *, #3278, .F. ) ;
#1570 = EDGE_CURVE ( 'NONE', #2610, #2610, #2431, .T. ) ;
#1571 = CYLINDRICAL_SURFACE ( 'NONE', #234, 6.000000000000001776 ) ;
#1572 = CARTESIAN_POINT ( 'NONE',  ( -3.000000000000002665, 0.000000000000000000, -5.450000000000000178 ) ) ;
#1573 = CARTESIAN_POINT ( 'NONE',  ( 38.40000000000001279, 10.24999999999999467, 20.00000000000000711 ) ) ;
#1574 = COLOUR_RGB ( '',0.5999999999999999778, 0.1607843137254901800, 0.7529411764705882248 ) ;
#1575 =( GEOMETRIC_REPRESENTATION_CONTEXT ( 3 ) GLOBAL_UNCERTAINTY_ASSIGNED_CONTEXT ( ( #1586 ) ) GLOBAL_UNIT_ASSIGNED_CONTEXT ( ( #1557, #1776, #2814 ) ) REPRESENTATION_CONTEXT ( 'NONE', 'WORKASPACE' ) );
#1576 = ORIENTED_EDGE ( 'NONE', *, *, #644, .T. ) ;
#1577 = EDGE_CURVE ( 'NONE', #3118, #206, #2370, .T. ) ;
#1578 = FACE_OUTER_BOUND ( 'NONE', #1922, .T. ) ;
#1579 = CARTESIAN_POINT ( 'NONE',  ( 43.40000000000000568, -5.050252531694169100, 15.00000000000001243 ) ) ;
#1580 = MECHANICAL_DESIGN_GEOMETRIC_PRESENTATION_REPRESENTATION (  '', ( #3149 ), #1534 ) ;
#1581 = AXIS2_PLACEMENT_3D ( 'NONE', #3122, #211, #2236 ) ;
#1582 = AXIS2_PLACEMENT_3D ( 'NONE', #2903, #2598, #1154 ) ;
#1583 = AXIS2_PLACEMENT_3D ( 'NONE', #1893, #2140, #856 ) ;
#1584 = CYLINDRICAL_SURFACE ( 'NONE', #1681, 4.999999999999999112 ) ;
#1585 = CIRCLE ( 'NONE', #1957, 1.550000000000000266 ) ;
#1586 = UNCERTAINTY_MEASURE_WITH_UNIT (LENGTH_MEASURE( 1.000000000000000082E-05 ), #1557, 'distance_accuracy_value', 'NONE');
#1587 = ORIENTED_EDGE ( 'NONE', *, *, #1756, .T. ) ;
#1588 = STYLED_ITEM ( 'NONE', ( #1743 ), #2899 ) ;
#1589 = VECTOR ( 'NONE', #1517, 1000.000000000000000 ) ;
#1590 = CARTESIAN_POINT ( 'NONE',  ( -1.547378541243652039, -2.188323719151866520, 20.00000000000001066 ) ) ;
#1591 = AXIS2_PLACEMENT_3D ( 'NONE', #1799, #797, #749 ) ;
#1592 = PRESENTATION_LAYER_ASSIGNMENT (  '', '', ( #1390 ) ) ;
#1593 = SURFACE_SIDE_STYLE ('',( #555 ) ) ;
#1594 = ORIENTED_EDGE ( 'NONE', *, *, #2189, .T. ) ;
#1595 = FACE_OUTER_BOUND ( 'NONE', #440, .T. ) ;
#1596 = FACE_BOUND ( 'NONE', #2417, .T. ) ;
#1597 = ADVANCED_FACE ( 'NONE', ( #1629 ), #651, .F. ) ;
#1598 = DIRECTION ( 'NONE',  ( 0.000000000000000000, -1.000000000000000000, 0.000000000000000000 ) ) ;
#1599 = ORIENTED_EDGE ( 'NONE', *, *, #998, .T. ) ;
#1600 = DIRECTION ( 'NONE',  ( -1.000000000000000000, -0.000000000000000000, -0.000000000000000000 ) ) ;
#1601 = CARTESIAN_POINT ( 'NONE',  ( 43.40000000000000568, -10.00000000000000178, 69.40000000000001990 ) ) ;
#1602 = SURFACE_STYLE_FILL_AREA ( #93 ) ;
#1603 = ORIENTED_EDGE ( 'NONE', *, *, #747, .T. ) ;
#1604 =( LENGTH_UNIT ( ) NAMED_UNIT ( * ) SI_UNIT ( .MILLI., .METRE. ) );
#1605 = VERTEX_POINT ( 'NONE', #20 ) ;
#1606 = CARTESIAN_POINT ( 'NONE',  ( 13.20000000000000284, 2.602085213965209064E-15, 15.00000000000000000 ) ) ;
#1607 = FILL_AREA_STYLE_COLOUR ( '', #2035 ) ;
#1608 = VERTEX_POINT ( 'NONE', #394 ) ;
#1609 = SURFACE_STYLE_FILL_AREA ( #1060 ) ;
#1610 = ORIENTED_EDGE ( 'NONE', *, *, #3069, .F. ) ;
#1611 = DIRECTION ( 'NONE',  ( 0.000000000000000000, 0.000000000000000000, 1.000000000000000000 ) ) ;
#1612 = EDGE_CURVE ( 'NONE', #1293, #1562, #3323, .T. ) ;
#1613 = DIRECTION ( 'NONE',  ( 0.000000000000000000, -1.000000000000000000, 0.000000000000000000 ) ) ;
#1614 = EDGE_CURVE ( 'NONE', #2134, #1317, #363, .T. ) ;
#1615 = DIRECTION ( 'NONE',  ( -0.000000000000000000, -0.000000000000000000, -1.000000000000000000 ) ) ;
#1616 = UNCERTAINTY_MEASURE_WITH_UNIT (LENGTH_MEASURE( 1.000000000000000082E-05 ), #2385, 'distance_accuracy_value', 'NONE');
#1617 = SURFACE_STYLE_USAGE ( .BOTH. , #3197 ) ;
#1618 = CYLINDRICAL_SURFACE ( 'NONE', #463, 5.000000000000000000 ) ;
#1619 = VERTEX_POINT ( 'NONE', #62 ) ;
#1620 = FILL_AREA_STYLE ('',( #2133 ) ) ;
#1621 = ORIENTED_EDGE ( 'NONE', *, *, #279, .F. ) ;
#1622 = PLANE ( 'NONE',  #798 ) ;
#1623 = FACE_BOUND ( 'NONE', #265, .T. ) ;
#1624 = ORIENTED_EDGE ( 'NONE', *, *, #1981, .T. ) ;
#1625 = SURFACE_STYLE_USAGE ( .BOTH. , #613 ) ;
#1626 = STYLED_ITEM ( 'NONE', ( #2376 ), #2180 ) ;
#1627 = PRESENTATION_STYLE_ASSIGNMENT (( #3138 ) ) ;
#1628 =( GEOMETRIC_REPRESENTATION_CONTEXT ( 3 ) GLOBAL_UNCERTAINTY_ASSIGNED_CONTEXT ( ( #1232 ) ) GLOBAL_UNIT_ASSIGNED_CONTEXT ( ( #1604, #154, #2923 ) ) REPRESENTATION_CONTEXT ( 'NONE', 'WORKASPACE' ) );
#1629 = FACE_OUTER_BOUND ( 'NONE', #2342, .T. ) ;
#1630 = AXIS2_PLACEMENT_3D ( 'NONE', #621, #2652, #364 ) ;
#1631 = EDGE_LOOP ( 'NONE', ( #317, #667, #1303, #3057, #2425 ) ) ;
#1632 = AXIS2_PLACEMENT_3D ( 'NONE', #758, #1764, #1789 ) ;
#1633 = ADVANCED_FACE ( 'NONE', ( #1714, #947 ), #3010, .F. ) ;
#1634 = VECTOR ( 'NONE', #2314, 1000.000000000000000 ) ;
#1635 = DIRECTION ( 'NONE',  ( 0.000000000000000000, -0.8164965809277260345, 0.5773502691896257311 ) ) ;
#1636 = CARTESIAN_POINT ( 'NONE',  ( 30.20000000000000995, 3.469446951953615767E-15, 61.40000000000001279 ) ) ;
#1637 =( GEOMETRIC_REPRESENTATION_CONTEXT ( 3 ) GLOBAL_UNCERTAINTY_ASSIGNED_CONTEXT ( ( #2375 ) ) GLOBAL_UNIT_ASSIGNED_CONTEXT ( ( #554, #2895, #920 ) ) REPRESENTATION_CONTEXT ( 'NONE', 'WORKASPACE' ) );
#1638 = CIRCLE ( 'NONE', #696, 1.550000000000000266 ) ;
#1639 =( GEOMETRIC_REPRESENTATION_CONTEXT ( 3 ) GLOBAL_UNCERTAINTY_ASSIGNED_CONTEXT ( ( #1879 ) ) GLOBAL_UNIT_ASSIGNED_CONTEXT ( ( #513, #806, #2072 ) ) REPRESENTATION_CONTEXT ( 'NONE', 'WORKASPACE' ) );
#1640 = CARTESIAN_POINT ( 'NONE',  ( 40.40000000000000568, -10.00000000000000000, 17.00000000000001421 ) ) ;
#1641 = ORIENTED_EDGE ( 'NONE', *, *, #3126, .F. ) ;
#1642 = PRESENTATION_STYLE_ASSIGNMENT (( #1625 ) ) ;
#1643 = STYLED_ITEM ( 'NONE', ( #3004 ), #3128 ) ;
#1644 = CIRCLE ( 'NONE', #202, 1.550000000000000933 ) ;
#1645 = FACE_BOUND ( 'NONE', #2670, .T. ) ;
#1646 = SURFACE_SIDE_STYLE ('',( #3182 ) ) ;
#1647 = PRESENTATION_LAYER_ASSIGNMENT (  '', '', ( #94 ) ) ;
#1648 = FILL_AREA_STYLE_COLOUR ( '', #2113 ) ;
#1649 = EDGE_LOOP ( 'NONE', ( #2931, #2183, #2386, #45 ) ) ;
#1650 = CARTESIAN_POINT ( 'NONE',  ( 0.000000000000000000, -10.00000000000000000, 16.50000000000000711 ) ) ;
#1651 = UNCERTAINTY_MEASURE_WITH_UNIT (LENGTH_MEASURE( 1.000000000000000082E-05 ), #1772, 'distance_accuracy_value', 'NONE');
#1652 =( LENGTH_UNIT ( ) NAMED_UNIT ( * ) SI_UNIT ( .MILLI., .METRE. ) );
#1653 =( BOUNDED_SURFACE ( )  B_SPLINE_SURFACE ( 3, 2, ( 
 ( #3226, #2454, #2751 ),
 ( #2438, #2218, #465 ),
 ( #1495, #208, #1241 ),
 ( #2233, #1174, #3287 ),
 ( #1915, #2959, #2170 ),
 ( #1933, #1673, #2701 ),
 ( #1191, #2185, #3241 ),
 ( #2990, #688, #1699 ),
 ( #2802, #2841, #1025 ),
 ( #1014, #3074, #1770 ),
 ( #3325, #495, #485 ),
 ( #2519, #2006, #2825 ) ),
 .UNSPECIFIED., .F., .F., .T. ) 
 B_SPLINE_SURFACE_WITH_KNOTS ( ( 4, 2, 2, 2, 2, 4 ),
 ( 3, 3 ),
 ( 6.806784082777885381, 6.937683776677459946, 7.068583470577035399, 7.330382858376184529, 7.592182246175333660, 7.853981633974482790 ),
 ( 0.000000000000000000, 1.000000000000000000 ),
 .UNSPECIFIED. ) 
 GEOMETRIC_REPRESENTATION_ITEM ( )  RATIONAL_B_SPLINE_SURFACE ( (
 ( 1.000000000000000000, 0.7071067811865444641, 1.000000000000000000),
 ( 1.000000000000000000, 0.7249242562426000402, 1.000000000000000000),
 ( 1.000000000000000000, 0.7433949690209619154, 1.000000000000000000),
 ( 1.000000000000000000, 0.7802764543935303276, 1.000000000000000000),
 ( 1.000000000000000000, 0.7986833936665383993, 1.000000000000000000),
 ( 1.000000000000000000, 0.8521229554500937553, 1.000000000000000000),
 ( 1.000000000000000000, 0.8852748551481515182, 1.000000000000000000),
 ( 1.000000000000000000, 0.9404670032023989545, 1.000000000000000000),
 ( 1.000000000000000000, 0.9625354083655869308, 1.000000000000000000),
 ( 1.000000000000000000, 0.9922963503916492067, 1.000000000000000000),
 ( 1.000000000000000000, 1.000033298861845887, 1.000000000000000000),
 ( 1.000000000000000000, 1.000000000000000000, 1.000000000000000000) ) ) 
 REPRESENTATION_ITEM ( '' )  SURFACE ( )  );
#1654 = EDGE_CURVE ( 'NONE', #206, #3005, #1514, .T. ) ;
#1655 = PLANE ( 'NONE',  #2700 ) ;
#1656 = ORIENTED_EDGE ( 'NONE', *, *, #1407, .F. ) ;
#1657 = FACE_OUTER_BOUND ( 'NONE', #1552, .T. ) ;
#1658 =( NAMED_UNIT ( * ) PLANE_ANGLE_UNIT ( ) SI_UNIT ( $, .RADIAN. ) );
#1659 = ORIENTED_EDGE ( 'NONE', *, *, #1807, .T. ) ;
#1660 = FILL_AREA_STYLE ('',( #376 ) ) ;
#1661 = DIRECTION ( 'NONE',  ( -1.000000000000000000, 0.000000000000000000, 0.000000000000000000 ) ) ;
#1662 =( NAMED_UNIT ( * ) SI_UNIT ( $, .STERADIAN. ) SOLID_ANGLE_UNIT ( ) );
#1663 = ORIENTED_EDGE ( 'NONE', *, *, #2030, .T. ) ;
#1664 = PRESENTATION_STYLE_ASSIGNMENT (( #1617 ) ) ;
#1665 = SURFACE_SIDE_STYLE ('',( #1143 ) ) ;
#1666 = CARTESIAN_POINT ( 'NONE',  ( 20.20000000000000284, 8.550000000000006040, 25.00000000000001066 ) ) ;
#1667 = VERTEX_POINT ( 'NONE', #2455 ) ;
#1668 = ADVANCED_FACE ( 'NONE', ( #3039 ), #2186, .F. ) ;
#1669 = ORIENTED_EDGE ( 'NONE', *, *, #2741, .F. ) ;
#1670 = EDGE_CURVE ( 'NONE', #2966, #2966, #2118, .T. ) ;
#1671 = COLOUR_RGB ( '',0.5999999999999999778, 0.1607843137254901800, 0.7529411764705882248 ) ;
#1672 = PRESENTATION_STYLE_ASSIGNMENT (( #665 ) ) ;
#1673 = CARTESIAN_POINT ( 'NONE',  ( 42.27083888316231963, -7.452571153336565501, 18.87083888316151103 ) ) ;
#1674 = CARTESIAN_POINT ( 'NONE',  ( 26.90000000000000213, 10.24999999999999467, 25.00000000000000711 ) ) ;
#1675 = ORIENTED_EDGE ( 'NONE', *, *, #2158, .F. ) ;
#1676 = MECHANICAL_DESIGN_GEOMETRIC_PRESENTATION_REPRESENTATION (  '', ( #787 ), #2641 ) ;
#1677 = UNCERTAINTY_MEASURE_WITH_UNIT (LENGTH_MEASURE( 1.000000000000000082E-05 ), #441, 'distance_accuracy_value', 'NONE');
#1678 = SURFACE_SIDE_STYLE ('',( #3304 ) ) ;
#1679 = CARTESIAN_POINT ( 'NONE',  ( 38.40000000000001279, -10.00000000000000178, 64.40000000000000568 ) ) ;
#1680 = ORIENTED_EDGE ( 'NONE', *, *, #1577, .F. ) ;
#1681 = AXIS2_PLACEMENT_3D ( 'NONE', #2058, #3111, #2674 ) ;
#1682 = COLOUR_RGB ( '',0.5999999999999999778, 0.1607843137254901800, 0.7529411764705882248 ) ;
#1683 = PRESENTATION_STYLE_ASSIGNMENT (( #2237 ) ) ;
#1684 = CIRCLE ( 'NONE', #1632, 1.549999999999999378 ) ;
#1685 = VERTEX_POINT ( 'NONE', #3013 ) ;
#1686 = UNCERTAINTY_MEASURE_WITH_UNIT (LENGTH_MEASURE( 1.000000000000000082E-05 ), #533, 'distance_accuracy_value', 'NONE');
#1687 = ORIENTED_EDGE ( 'NONE', *, *, #2484, .F. ) ;
#1688 = MECHANICAL_DESIGN_GEOMETRIC_PRESENTATION_REPRESENTATION (  '', ( #2367 ), #1839 ) ;
#1689 = VECTOR ( 'NONE', #815, 1000.000000000000000 ) ;
#1690 = DIRECTION ( 'NONE',  ( -0.000000000000000000, -1.000000000000000000, -0.000000000000000000 ) ) ;
#1691 = SURFACE_SIDE_STYLE ('',( #2955 ) ) ;
#1692 = PRESENTATION_LAYER_ASSIGNMENT (  '', '', ( #2711 ) ) ;
#1693 = CARTESIAN_POINT ( 'NONE',  ( 1.874041541878465944, -4.928270948818386010, 20.00000000000001066 ) ) ;
#1694 = ORIENTED_EDGE ( 'NONE', *, *, #1577, .T. ) ;
#1695 = MECHANICAL_DESIGN_GEOMETRIC_PRESENTATION_REPRESENTATION (  '', ( #1588 ), #3054 ) ;
#1696 =( GEOMETRIC_REPRESENTATION_CONTEXT ( 3 ) GLOBAL_UNCERTAINTY_ASSIGNED_CONTEXT ( ( #889 ) ) GLOBAL_UNIT_ASSIGNED_CONTEXT ( ( #2085, #2619, #1895 ) ) REPRESENTATION_CONTEXT ( 'NONE', 'WORKASPACE' ) );
#1697 = DIRECTION ( 'NONE',  ( 0.000000000000000000, 0.000000000000000000, -1.000000000000000000 ) ) ;
#1698 = ADVANCED_FACE ( 'NONE', ( #717 ), #2723, .T. ) ;
#1699 = CARTESIAN_POINT ( 'NONE',  ( 42.33435305236076118, -8.230547688724531241, 16.48393399032250173 ) ) ;
#1700 = DIRECTION ( 'NONE',  ( 0.000000000000000000, -1.000000000000000000, 0.000000000000000000 ) ) ;
#1701 = STYLED_ITEM ( 'NONE', ( #3227 ), #1668 ) ;
#1702 =( GEOMETRIC_REPRESENTATION_CONTEXT ( 3 ) GLOBAL_UNCERTAINTY_ASSIGNED_CONTEXT ( ( #3245 ) ) GLOBAL_UNIT_ASSIGNED_CONTEXT ( ( #2826, #1888, #101 ) ) REPRESENTATION_CONTEXT ( 'NONE', 'WORKASPACE' ) );
#1703 = PRESENTATION_STYLE_ASSIGNMENT (( #2474 ) ) ;
#1704 = SURFACE_STYLE_USAGE ( .BOTH. , #1678 ) ;
#1705 = LINE ( 'NONE', #1197, #2471 ) ;
#1706 = DIRECTION ( 'NONE',  ( 0.000000000000000000, 1.000000000000000000, 0.000000000000000000 ) ) ;
#1707 = CARTESIAN_POINT ( 'NONE',  ( 2.000000000000001776, 0.000000000000000000, 10.00000000000000000 ) ) ;
#1708 = CARTESIAN_POINT ( 'NONE',  ( 1.999999999999997335, 0.000000000000000000, 64.40000000000000568 ) ) ;
#1709 = SURFACE_SIDE_STYLE ('',( #1722 ) ) ;
#1710 = CARTESIAN_POINT ( 'NONE',  ( -3.000000000000002665, 0.000000000000000000, 5.000000000000009770 ) ) ;
#1711 = EDGE_LOOP ( 'NONE', ( #1821, #2079, #2744, #2311 ) ) ;
#1712 = DIRECTION ( 'NONE',  ( -0.4999999999999998890, -0.7071067811865476838, 0.5000000000000001110 ) ) ;
#1713 = CARTESIAN_POINT ( 'NONE',  ( 43.40000000000000568, 19.75000000000000355, 59.40000000000000568 ) ) ;
#1714 = FACE_OUTER_BOUND ( 'NONE', #649, .T. ) ;
#1715 = EDGE_CURVE ( 'NONE', #155, #155, #955, .T. ) ;
#1716 = UNCERTAINTY_MEASURE_WITH_UNIT (LENGTH_MEASURE( 1.000000000000000082E-05 ), #1127, 'distance_accuracy_value', 'NONE');
#1717 = CARTESIAN_POINT ( 'NONE',  ( 40.40000000000000568, 23.75000000000000000, 15.00000000000000711 ) ) ;
#1718 =( NAMED_UNIT ( * ) PLANE_ANGLE_UNIT ( ) SI_UNIT ( $, .RADIAN. ) );
#1719 = EDGE_CURVE ( 'NONE', #1608, #2111, #1797, .T. ) ;
#1720 = ORIENTED_EDGE ( 'NONE', *, *, #805, .T. ) ;
#1721 = DIRECTION ( 'NONE',  ( -1.000000000000000000, -0.000000000000000000, -0.000000000000000000 ) ) ;
#1722 = SURFACE_STYLE_FILL_AREA ( #430 ) ;
#1723 = VERTEX_POINT ( 'NONE', #2562 ) ;
#1724 = DIRECTION ( 'NONE',  ( 0.000000000000000000, 1.000000000000000000, 0.000000000000000000 ) ) ;
#1725 = ORIENTED_EDGE ( 'NONE', *, *, #1422, .F. ) ;
#1726 = PLANE ( 'NONE',  #2932 ) ;
#1727 = EDGE_CURVE ( 'NONE', #391, #1185, #2508, .T. ) ;
#1728 = DIRECTION ( 'NONE',  ( 0.000000000000000000, 0.000000000000000000, 1.000000000000000000 ) ) ;
#1729 = EDGE_LOOP ( 'NONE', ( #2242 ) ) ;
#1730 = CARTESIAN_POINT ( 'NONE',  ( 38.40000000000000568, 7.000000000000000000, 0.000000000000000000 ) ) ;
#1731 = MECHANICAL_DESIGN_GEOMETRIC_PRESENTATION_REPRESENTATION (  '', ( #1537 ), #1210 ) ;
#1732 = EDGE_CURVE ( 'NONE', #415, #1185, #3326, .T. ) ;
#1733 = AXIS2_PLACEMENT_3D ( 'NONE', #741, #1259, #2780 ) ;
#1734 = FACE_OUTER_BOUND ( 'NONE', #2615, .T. ) ;
#1735 = EDGE_LOOP ( 'NONE', ( #895 ) ) ;
#1736 = CIRCLE ( 'NONE', #836, 9.999999999999994671 ) ;
#1737 = PRESENTATION_STYLE_ASSIGNMENT (( #2 ) ) ;
#1738 = CARTESIAN_POINT ( 'NONE',  ( 0.000000000000000000, -10.00000000000000000, 16.50000000000000711 ) ) ;
#1739 = CARTESIAN_POINT ( 'NONE',  ( -0.4534660510111062082, -9.361425347444212619, 16.94961488322098830 ) ) ;
#1740 = AXIS2_PLACEMENT_3D ( 'NONE', #582, #68, #869 ) ;
#1741 = ORIENTED_EDGE ( 'NONE', *, *, #1854, .F. ) ;
#1742 = STYLED_ITEM ( 'NONE', ( #2150 ), #1035 ) ;
#1743 = PRESENTATION_STYLE_ASSIGNMENT (( #256 ) ) ;
#1744 = CARTESIAN_POINT ( 'NONE',  ( -2.001881908412546557E-15, -9.646446609406723383, 17.00000000000001421 ) ) ;
#1745 = DIRECTION ( 'NONE',  ( -1.000000000000000000, -0.000000000000000000, -0.000000000000000000 ) ) ;
#1746 = VECTOR ( 'NONE', #1489, 1000.000000000000000 ) ;
#1747 = MECHANICAL_DESIGN_GEOMETRIC_PRESENTATION_REPRESENTATION (  '', ( #1114 ), #2164 ) ;
#1748 =( NAMED_UNIT ( * ) PLANE_ANGLE_UNIT ( ) SI_UNIT ( $, .RADIAN. ) );
#1749 = DIRECTION ( 'NONE',  ( 0.000000000000000000, -0.7071067811865440200, 0.7071067811865510144 ) ) ;
#1750 = SURFACE_STYLE_FILL_AREA ( #2225 ) ;
#1751 = AXIS2_PLACEMENT_3D ( 'NONE', #2193, #2954, #3252 ) ;
#1752 = SURFACE_SIDE_STYLE ('',( #3266 ) ) ;
#1753 = MECHANICAL_DESIGN_GEOMETRIC_PRESENTATION_REPRESENTATION (  '', ( #699 ), #3006 ) ;
#1754 = FILL_AREA_STYLE_COLOUR ( '', #2303 ) ;
#1755 = ORIENTED_EDGE ( 'NONE', *, *, #3175, .T. ) ;
#1756 = EDGE_CURVE ( 'NONE', #3247, #3247, #1644, .T. ) ;
#1757 = FACE_OUTER_BOUND ( 'NONE', #3043, .T. ) ;
#1758 = LINE ( 'NONE', #491, #414 ) ;
#1759 = ORIENTED_EDGE ( 'NONE', *, *, #1810, .T. ) ;
#1760 = PRESENTATION_STYLE_ASSIGNMENT (( #2005 ) ) ;
#1761 = CARTESIAN_POINT ( 'NONE',  ( 20.20000000000000284, 9.243347623328818133E-15, 53.28427124746193044 ) ) ;
#1762 = FILL_AREA_STYLE_COLOUR ( '', #1059 ) ;
#1763 = DIRECTION ( 'NONE',  ( 0.000000000000000000, 0.000000000000000000, 1.000000000000000000 ) ) ;
#1764 = DIRECTION ( 'NONE',  ( -0.000000000000000000, -0.000000000000000000, 1.000000000000000000 ) ) ;
#1765 = CARTESIAN_POINT ( 'NONE',  ( 1.999999999999995781, -4.696699141100886266, 20.00000000000001066 ) ) ;
#1766 = ORIENTED_EDGE ( 'NONE', *, *, #1294, .F. ) ;
#1767 = CARTESIAN_POINT ( 'NONE',  ( 0.000000000000000000, 14.75000000000000355, 20.00000000000000711 ) ) ;
#1768 = ORIENTED_EDGE ( 'NONE', *, *, #1570, .F. ) ;
#1769 = CARTESIAN_POINT ( 'NONE',  ( 43.40000000000000568, -10.00000000000000178, 69.40000000000001990 ) ) ;
#1770 = CARTESIAN_POINT ( 'NONE',  ( 41.27240046380211425, -9.381260824207812377, 16.86477344011742829 ) ) ;
#1771 = ADVANCED_FACE ( 'NONE', ( #1804 ), #3105, .T. ) ;
#1772 =( LENGTH_UNIT ( ) NAMED_UNIT ( * ) SI_UNIT ( .MILLI., .METRE. ) );
#1773 = SURFACE_SIDE_STYLE ('',( #497 ) ) ;
#1774 = PRESENTATION_STYLE_ASSIGNMENT (( #3125 ) ) ;
#1775 = FACE_OUTER_BOUND ( 'NONE', #406, .T. ) ;
#1776 =( NAMED_UNIT ( * ) PLANE_ANGLE_UNIT ( ) SI_UNIT ( $, .RADIAN. ) );
#1777 = ORIENTED_EDGE ( 'NONE', *, *, #263, .F. ) ;
#1778 = MECHANICAL_DESIGN_GEOMETRIC_PRESENTATION_REPRESENTATION (  '', ( #2102 ), #1429 ) ;
#1779 = FILL_AREA_STYLE ('',( #3115 ) ) ;
#1780 = LINE ( 'NONE', #1767, #1331 ) ;
#1781 = PRESENTATION_STYLE_ASSIGNMENT (( #22 ) ) ;
#1782 = EDGE_LOOP ( 'NONE', ( #1492 ) ) ;
#1783 = PRESENTATION_LAYER_ASSIGNMENT (  '', '', ( #3149 ) ) ;
#1784 =( NAMED_UNIT ( * ) SI_UNIT ( $, .STERADIAN. ) SOLID_ANGLE_UNIT ( ) );
#1785 = PRESENTATION_LAYER_ASSIGNMENT (  '', '', ( #1381 ) ) ;
#1786 = CARTESIAN_POINT ( 'NONE',  ( 43.40000000000000568, 10.00000000000000000, 1.734723475976807094E-15 ) ) ;
#1787 = VECTOR ( 'NONE', #1874, 999.9999999999998863 ) ;
#1788 = ADVANCED_FACE ( 'NONE', ( #2266 ), #1026, .F. ) ;
#1789 = DIRECTION ( 'NONE',  ( 1.000000000000000000, 0.000000000000000000, 0.000000000000000000 ) ) ;
#1790 = CYLINDRICAL_SURFACE ( 'NONE', #2165, 3.550000000000001155 ) ;
#1791 = AXIS2_PLACEMENT_3D ( 'NONE', #799, #3294, #750 ) ;
#1792 = PLANE ( 'NONE',  #1157 ) ;
#1793 = SURFACE_STYLE_FILL_AREA ( #1660 ) ;
#1794 = FACE_OUTER_BOUND ( 'NONE', #3183, .T. ) ;
#1795 = AXIS2_PLACEMENT_3D ( 'NONE', #2358, #812, #1364 ) ;
#1796 = EDGE_LOOP ( 'NONE', ( #1858 ) ) ;
#1797 = CIRCLE ( 'NONE', #2493, 4.999999999999999112 ) ;
#1798 = LINE ( 'NONE', #824, #685 ) ;
#1799 = CARTESIAN_POINT ( 'NONE',  ( 0.000000000000000000, 0.000000000000000000, 0.000000000000000000 ) ) ;
#1800 = CARTESIAN_POINT ( 'NONE',  ( -3.000000000000002665, -10.00000000000000178, 69.40000000000001990 ) ) ;
#1801 = CARTESIAN_POINT ( 'NONE',  ( -1.870838883161981325, -7.099017762744104232, 18.87083888316209013 ) ) ;
#1802 = VERTEX_POINT ( 'NONE', #850 ) ;
#1803 = DIRECTION ( 'NONE',  ( 1.000000000000000000, 0.000000000000000000, 0.000000000000000000 ) ) ;
#1804 = FACE_OUTER_BOUND ( 'NONE', #652, .T. ) ;
#1805 = FACE_OUTER_BOUND ( 'NONE', #1074, .T. ) ;
#1806 = FILL_AREA_STYLE ('',( #1292 ) ) ;
#1807 = EDGE_CURVE ( 'NONE', #2953, #1424, #1094, .T. ) ;
#1808 = FILL_AREA_STYLE ('',( #1030 ) ) ;
#1809 = UNCERTAINTY_MEASURE_WITH_UNIT (LENGTH_MEASURE( 1.000000000000000082E-05 ), #757, 'distance_accuracy_value', 'NONE');
#1810 = EDGE_CURVE ( 'NONE', #2556, #1368, #309, .T. ) ;
#1811 = SURFACE_STYLE_FILL_AREA ( #297 ) ;
#1812 = VERTEX_POINT ( 'NONE', #324 ) ;
#1813 = SURFACE_STYLE_USAGE ( .BOTH. , #2817 ) ;
#1814 = CARTESIAN_POINT ( 'NONE',  ( -3.000000000000002665, -7.171572875253816370, 11.50000000000000000 ) ) ;
#1815 = DIRECTION ( 'NONE',  ( -0.000000000000000000, -2.602085213965210642E-16, -1.000000000000000000 ) ) ;
#1816 = SURFACE_STYLE_USAGE ( .BOTH. , #2871 ) ;
#1817 = ORIENTED_EDGE ( 'NONE', *, *, #1108, .F. ) ;
#1818 = FILL_AREA_STYLE_COLOUR ( '', #3106 ) ;
#1819 =( NAMED_UNIT ( * ) SI_UNIT ( $, .STERADIAN. ) SOLID_ANGLE_UNIT ( ) );
#1820 = SURFACE_STYLE_FILL_AREA ( #816 ) ;
#1821 = ORIENTED_EDGE ( 'NONE', *, *, #2617, .F. ) ;
#1822 = DIRECTION ( 'NONE',  ( 0.000000000000000000, 0.000000000000000000, -1.000000000000000000 ) ) ;
#1823 = FILL_AREA_STYLE_COLOUR ( '', #2993 ) ;
#1824 = CARTESIAN_POINT ( 'NONE',  ( 1.999999999999998224, 14.75000000000000355, 64.40000000000000568 ) ) ;
#1825 = ORIENTED_EDGE ( 'NONE', *, *, #2759, .T. ) ;
#1826 = EDGE_CURVE ( 'NONE', #2660, #2660, #857, .T. ) ;
#1827 = FACE_OUTER_BOUND ( 'NONE', #659, .T. ) ;
#1828 = VERTEX_POINT ( 'NONE', #2583 ) ;
#1829 = SURFACE_STYLE_USAGE ( .BOTH. , #826 ) ;
#1830 = ORIENTED_EDGE ( 'NONE', *, *, #1314, .F. ) ;
#1831 = EDGE_CURVE ( 'NONE', #1317, #83, #1149, .T. ) ;
#1832 =( NAMED_UNIT ( * ) PLANE_ANGLE_UNIT ( ) SI_UNIT ( $, .RADIAN. ) );
#1833 = ORIENTED_EDGE ( 'NONE', *, *, #2724, .T. ) ;
#1834 = FACE_OUTER_BOUND ( 'NONE', #1474, .T. ) ;
#1835 = COLOUR_RGB ( '',0.5999999999999999778, 0.1607843137254901800, 0.7529411764705882248 ) ;
#1836 = VECTOR ( 'NONE', #487, 1000.000000000000000 ) ;
#1837 = DIRECTION ( 'NONE',  ( 0.000000000000000000, 1.000000000000000000, 0.000000000000000000 ) ) ;
#1838 = FACE_OUTER_BOUND ( 'NONE', #350, .T. ) ;
#1839 =( GEOMETRIC_REPRESENTATION_CONTEXT ( 3 ) GLOBAL_UNCERTAINTY_ASSIGNED_CONTEXT ( ( #1843 ) ) GLOBAL_UNIT_ASSIGNED_CONTEXT ( ( #3192, #2396, #2632 ) ) REPRESENTATION_CONTEXT ( 'NONE', 'WORKASPACE' ) );
#1840 = PRESENTATION_LAYER_ASSIGNMENT (  '', '', ( #2708 ) ) ;
#1841 = DIRECTION ( 'NONE',  ( 0.000000000000000000, 0.000000000000000000, 1.000000000000000000 ) ) ;
#1842 = CIRCLE ( 'NONE', #2429, 1.550000000000001155 ) ;
#1843 = UNCERTAINTY_MEASURE_WITH_UNIT (LENGTH_MEASURE( 1.000000000000000082E-05 ), #3192, 'distance_accuracy_value', 'NONE');
#1844 = FILL_AREA_STYLE_COLOUR ( '', #2922 ) ;
#1845 = ORIENTED_EDGE ( 'NONE', *, *, #1253, .F. ) ;
#1846 = PRESENTATION_LAYER_ASSIGNMENT (  '', '', ( #1588 ) ) ;
#1847 = DIRECTION ( 'NONE',  ( 0.000000000000000000, -0.5773502691896258421, -0.8164965809277261455 ) ) ;
#1848 = LINE ( 'NONE', #1052, #3270 ) ;
#1849 =( GEOMETRIC_REPRESENTATION_CONTEXT ( 3 ) GLOBAL_UNCERTAINTY_ASSIGNED_CONTEXT ( ( #693 ) ) GLOBAL_UNIT_ASSIGNED_CONTEXT ( ( #1531, #3032, #2513 ) ) REPRESENTATION_CONTEXT ( 'NONE', 'WORKASPACE' ) );
#1850 = FILL_AREA_STYLE_COLOUR ( '', #474 ) ;
#1851 = PRESENTATION_LAYER_ASSIGNMENT (  '', '', ( #1701 ) ) ;
#1852 = FACE_BOUND ( 'NONE', #3052, .T. ) ;
#1853 = ORIENTED_EDGE ( 'NONE', *, *, #1147, .T. ) ;
#1854 = EDGE_CURVE ( 'NONE', #1420, #2111, #2719, .T. ) ;
#1855 = AXIS2_PLACEMENT_3D ( 'NONE', #732, #1745, #1980 ) ;
#1856 = FILL_AREA_STYLE ('',( #1885 ) ) ;
#1857 = SURFACE_STYLE_FILL_AREA ( #730 ) ;
#1858 = ORIENTED_EDGE ( 'NONE', *, *, #3024, .T. ) ;
#1859 = CARTESIAN_POINT ( 'NONE',  ( 38.73441799714861133, 16.74999999999998934, 20.40597540434994883 ) ) ;
#1860 = ADVANCED_FACE ( 'NONE', ( #2363, #116 ), #867, .F. ) ;
#1861 = PRESENTATION_STYLE_ASSIGNMENT (( #2141 ) ) ;
#1862 = EDGE_LOOP ( 'NONE', ( #1208 ) ) ;
#1863 = SURFACE_SIDE_STYLE ('',( #2401 ) ) ;
#1864 = CARTESIAN_POINT ( 'NONE',  ( 38.90000000000000568, 10.24999999999999467, 19.97493718553310771 ) ) ;
#1865 = ORIENTED_EDGE ( 'NONE', *, *, #3042, .F. ) ;
#1866 = CARTESIAN_POINT ( 'NONE',  ( -3.000000000000002665, 33.00000000000000000, 50.59273534653674176 ) ) ;
#1867 = FACE_BOUND ( 'NONE', #1862, .T. ) ;
#1868 = ORIENTED_EDGE ( 'NONE', *, *, #577, .F. ) ;
#1869 =( NAMED_UNIT ( * ) PLANE_ANGLE_UNIT ( ) SI_UNIT ( $, .RADIAN. ) );
#1870 = EDGE_CURVE ( 'NONE', #1812, #189, #1135, .T. ) ;
#1871 = CARTESIAN_POINT ( 'NONE',  ( 20.20000000000000284, -1.214306433183765124E-14, -70.00000000000000000 ) ) ;
#1872 = ORIENTED_EDGE ( 'NONE', *, *, #2951, .F. ) ;
#1873 = FILL_AREA_STYLE ('',( #2126 ) ) ;
#1874 = DIRECTION ( 'NONE',  ( -0.000000000000000000, 0.4694715627858924711, -0.8829475928589261002 ) ) ;
#1875 = EDGE_CURVE ( 'NONE', #1234, #1022, #2325, .T. ) ;
#1876 = SURFACE_STYLE_FILL_AREA ( #2634 ) ;
#1877 = ORIENTED_EDGE ( 'NONE', *, *, #453, .T. ) ;
#1878 = DIRECTION ( 'NONE',  ( -0.000000000000000000, -0.000000000000000000, -1.000000000000000000 ) ) ;
#1879 = UNCERTAINTY_MEASURE_WITH_UNIT (LENGTH_MEASURE( 1.000000000000000082E-05 ), #513, 'distance_accuracy_value', 'NONE');
#1880 = ORIENTED_EDGE ( 'NONE', *, *, #99, .F. ) ;
#1881 = FILL_AREA_STYLE_COLOUR ( '', #1097 ) ;
#1882 = VERTEX_POINT ( 'NONE', #2091 ) ;
#1883 = FACE_OUTER_BOUND ( 'NONE', #1112, .T. ) ;
#1884 = ORIENTED_EDGE ( 'NONE', *, *, #2766, .T. ) ;
#1885 = FILL_AREA_STYLE_COLOUR ( '', #2657 ) ;
#1886 = COLOUR_RGB ( '',0.5999999999999999778, 0.1607843137254901800, 0.7529411764705882248 ) ;
#1887 = SURFACE_SIDE_STYLE ('',( #1609 ) ) ;
#1888 =( NAMED_UNIT ( * ) PLANE_ANGLE_UNIT ( ) SI_UNIT ( $, .RADIAN. ) );
#1889 = ORIENTED_EDGE ( 'NONE', *, *, #2457, .T. ) ;
#1890 = DIRECTION ( 'NONE',  ( 1.000000000000000000, 0.000000000000000000, 0.000000000000000000 ) ) ;
#1891 = PRESENTATION_LAYER_ASSIGNMENT (  '', '', ( #1946 ) ) ;
#1892 = LINE ( 'NONE', #104, #2648 ) ;
#1893 = CARTESIAN_POINT ( 'NONE',  ( 43.40000000000000568, 0.000000000000000000, 1.734723475976807094E-15 ) ) ;
#1894 = COLOUR_RGB ( '',0.5999999999999999778, 0.1607843137254901800, 0.7529411764705882248 ) ;
#1895 =( NAMED_UNIT ( * ) SI_UNIT ( $, .STERADIAN. ) SOLID_ANGLE_UNIT ( ) );
#1896 = ADVANCED_FACE ( 'NONE', ( #1340, #1370, #353, #648, #2717, #188 ), #2195, .T. ) ;
#1897 = CIRCLE ( 'NONE', #3302, 10.00000000000000888 ) ;
#1898 = EDGE_LOOP ( 'NONE', ( #1189 ) ) ;
#1899 = SURFACE_STYLE_USAGE ( .BOTH. , #1863 ) ;
#1900 = CIRCLE ( 'NONE', #1582, 10.00000000000000000 ) ;
#1901 = FILL_AREA_STYLE ('',( #150 ) ) ;
#1902 = CIRCLE ( 'NONE', #2320, 5.000000000000000888 ) ;
#1903 = SURFACE_STYLE_FILL_AREA ( #2388 ) ;
#1904 =( LENGTH_UNIT ( ) NAMED_UNIT ( * ) SI_UNIT ( .MILLI., .METRE. ) );
#1905 = CIRCLE ( 'NONE', #2486, 4.999999999999997335 ) ;
#1906 = ORIENTED_EDGE ( 'NONE', *, *, #1137, .F. ) ;
#1907 = AXIS2_PLACEMENT_3D ( 'NONE', #1088, #2419, #592 ) ;
#1908 = VECTOR ( 'NONE', #235, 1000.000000000000000 ) ;
#1909 = MECHANICAL_DESIGN_GEOMETRIC_PRESENTATION_REPRESENTATION (  '', ( #952 ), #692 ) ;
#1910 = CARTESIAN_POINT ( 'NONE',  ( 26.90000000000000213, 16.74999999999999289, 15.00000000000001066 ) ) ;
#1911 = FACE_OUTER_BOUND ( 'NONE', #2872, .T. ) ;
#1912 = ORIENTED_EDGE ( 'NONE', *, *, #3233, .F. ) ;
#1913 = VECTOR ( 'NONE', #1353, 1000.000000000000000 ) ;
#1914 = FACE_OUTER_BOUND ( 'NONE', #3282, .T. ) ;
#1915 = CARTESIAN_POINT ( 'NONE',  ( 39.00269880899590902, -6.216291930182168635, 19.86331361964645836 ) ) ;
#1916 = MECHANICAL_DESIGN_GEOMETRIC_PRESENTATION_REPRESENTATION (  '', ( #1283 ), #483 ) ;
#1917 = CARTESIAN_POINT ( 'NONE',  ( 43.40000000000000568, 10.00000000000000000, 2.250000000000035083 ) ) ;
#1918 = VERTEX_POINT ( 'NONE', #1423 ) ;
#1919 = DIRECTION ( 'NONE',  ( 0.000000000000000000, -0.7071067811865511255, -0.7071067811865440200 ) ) ;
#1920 = EDGE_CURVE ( 'NONE', #366, #1424, #2229, .T. ) ;
#1921 = CARTESIAN_POINT ( 'NONE',  ( 20.20000000000000284, -7.000000000000012434, -70.00000000000000000 ) ) ;
#1922 = EDGE_LOOP ( 'NONE', ( #1351, #270, #166, #700, #1069, #2686, #2799, #928, #2452, #839, #1624, #117, #3191, #1569 ) ) ;
#1923 = FILL_AREA_STYLE ('',( #124 ) ) ;
#1924 = VERTEX_POINT ( 'NONE', #370 ) ;
#1925 = ADVANCED_FACE ( 'NONE', ( #1490 ), #49, .T. ) ;
#1926 = FILL_AREA_STYLE_COLOUR ( '', #617 ) ;
#1927 = ORIENTED_EDGE ( 'NONE', *, *, #3286, .F. ) ;
#1928 = LINE ( 'NONE', #896, #1057 ) ;
#1929 = DIRECTION ( 'NONE',  ( 0.000000000000000000, 1.000000000000000000, 0.000000000000000000 ) ) ;
#1930 = CARTESIAN_POINT ( 'NONE',  ( 1.999999999999990896, -4.696699141100893371, 20.00000000000001066 ) ) ;
#1931 = ORIENTED_EDGE ( 'NONE', *, *, #1854, .T. ) ;
#1932 = CARTESIAN_POINT ( 'NONE',  ( -3.000000000000002665, -9.999999999999998224, 28.00000000000000711 ) ) ;
#1933 = CARTESIAN_POINT ( 'NONE',  ( 39.33381854129546440, -6.911290848002400011, 19.66003763391033843 ) ) ;
#1934 = ORIENTED_EDGE ( 'NONE', *, *, #1253, .T. ) ;
#1935 = SURFACE_SIDE_STYLE ('',( #574 ) ) ;
#1936 = ORIENTED_EDGE ( 'NONE', *, *, #906, .F. ) ;
#1937 = DIRECTION ( 'NONE',  ( 0.000000000000000000, 1.000000000000000000, -1.734723475976807094E-16 ) ) ;
#1938 = ORIENTED_EDGE ( 'NONE', *, *, #2806, .T. ) ;
#1939 = EDGE_CURVE ( 'NONE', #1420, #1918, #1055, .T. ) ;
#1940 = FACE_OUTER_BOUND ( 'NONE', #53, .T. ) ;
#1941 = CARTESIAN_POINT ( 'NONE',  ( -2.296630914464023565, -6.368632093075029310, 19.29663091446397516 ) ) ;
#1942 = VERTEX_POINT ( 'NONE', #3071 ) ;
#1943 = PRESENTATION_LAYER_ASSIGNMENT (  '', '', ( #1526 ) ) ;
#1944 = DIRECTION ( 'NONE',  ( 1.000000000000000000, 0.000000000000000000, 0.000000000000000000 ) ) ;
#1945 = TOROIDAL_SURFACE ( 'NONE', #2407, 10.00000000000000000, 5.000000000000000000 ) ;
#1946 = STYLED_ITEM ( 'NONE', ( #1352 ), #115 ) ;
#1947 = AXIS2_PLACEMENT_3D ( 'NONE', #1001, #13, #1017 ) ;
#1948 = UNCERTAINTY_MEASURE_WITH_UNIT (LENGTH_MEASURE( 1.000000000000000082E-05 ), #961, 'distance_accuracy_value', 'NONE');
#1949 = FILL_AREA_STYLE_COLOUR ( '', #2324 ) ;
#1950 = FACE_OUTER_BOUND ( 'NONE', #2839, .T. ) ;
#1951 = AXIS2_PLACEMENT_3D ( 'NONE', #2636, #342, #122 ) ;
#1952 =( NAMED_UNIT ( * ) SI_UNIT ( $, .STERADIAN. ) SOLID_ANGLE_UNIT ( ) );
#1953 = PRESENTATION_LAYER_ASSIGNMENT (  '', '', ( #2534 ) ) ;
#1954 = CARTESIAN_POINT ( 'NONE',  ( 13.20000000000000284, 1.550000000000005596, 25.00000000000001066 ) ) ;
#1955 = DIRECTION ( 'NONE',  ( 0.000000000000000000, 1.734723475976807094E-16, 1.000000000000000000 ) ) ;
#1956 = ORIENTED_EDGE ( 'NONE', *, *, #3107, .F. ) ;
#1957 = AXIS2_PLACEMENT_3D ( 'NONE', #580, #1409, #2362 ) ;
#1958 = LINE ( 'NONE', #1708, #1225 ) ;
#1959 = CARTESIAN_POINT ( 'NONE',  ( 0.000000000000000000, 33.00000000000000000, 0.000000000000000000 ) ) ;
#1960 =( GEOMETRIC_REPRESENTATION_CONTEXT ( 3 ) GLOBAL_UNCERTAINTY_ASSIGNED_CONTEXT ( ( #1432 ) ) GLOBAL_UNIT_ASSIGNED_CONTEXT ( ( #2194, #1472, #1285 ) ) REPRESENTATION_CONTEXT ( 'NONE', 'WORKASPACE' ) );
#1961 = ADVANCED_FACE ( 'NONE', ( #1302, #1249 ), #282, .F. ) ;
#1962 = ORIENTED_EDGE ( 'NONE', *, *, #2565, .T. ) ;
#1963 = VECTOR ( 'NONE', #2518, 1000.000000000000000 ) ;
#1964 = STYLED_ITEM ( 'NONE', ( #2527 ), #1512 ) ;
#1965 = CARTESIAN_POINT ( 'NONE',  ( 2.000000000000001776, 0.000000000000000000, 0.000000000000000000 ) ) ;
#1966 = LINE ( 'NONE', #1713, #2368 ) ;
#1967 = MECHANICAL_DESIGN_GEOMETRIC_PRESENTATION_REPRESENTATION (  '', ( #3003 ), #2607 ) ;
#1968 = ORIENTED_EDGE ( 'NONE', *, *, #2316, .T. ) ;
#1969 = SURFACE_STYLE_FILL_AREA ( #3279 ) ;
#1970 = SURFACE_STYLE_FILL_AREA ( #1901 ) ;
#1971 = FILL_AREA_STYLE ('',( #437 ) ) ;
#1972 = VERTEX_POINT ( 'NONE', #2146 ) ;
#1973 = CYLINDRICAL_SURFACE ( 'NONE', #184, 3.549999999999999822 ) ;
#1974 = VERTEX_POINT ( 'NONE', #232 ) ;
#1975 = SURFACE_STYLE_FILL_AREA ( #159 ) ;
#1976 = CARTESIAN_POINT ( 'NONE',  ( -3.000000000000002665, -10.00000000000000888, 3.469446951953614189E-15 ) ) ;
#1977 = SURFACE_STYLE_USAGE ( .BOTH. , #681 ) ;
#1978 = VERTEX_POINT ( 'NONE', #1312 ) ;
#1979 = DIRECTION ( 'NONE',  ( 0.000000000000000000, 0.000000000000000000, 1.000000000000000000 ) ) ;
#1980 = DIRECTION ( 'NONE',  ( 0.000000000000000000, 0.000000000000000000, 1.000000000000000000 ) ) ;
#1981 = EDGE_CURVE ( 'NONE', #2953, #983, #2002, .T. ) ;
#1982 = DIRECTION ( 'NONE',  ( -1.000000000000000000, -0.000000000000000000, -0.000000000000000000 ) ) ;
#1983 = FACE_OUTER_BOUND ( 'NONE', #589, .T. ) ;
#1984 =( LENGTH_UNIT ( ) NAMED_UNIT ( * ) SI_UNIT ( .MILLI., .METRE. ) );
#1985 = SURFACE_SIDE_STYLE ('',( #1003 ) ) ;
#1986 = VERTEX_POINT ( 'NONE', #766 ) ;
#1987 =( NAMED_UNIT ( * ) PLANE_ANGLE_UNIT ( ) SI_UNIT ( $, .RADIAN. ) );
#1988 = ORIENTED_EDGE ( 'NONE', *, *, #2875, .F. ) ;
#1989 =( BOUNDED_CURVE ( )  B_SPLINE_CURVE ( 3, ( #3038, #1289, #528, #1744 ),
 .UNSPECIFIED., .F., .F. ) 
 B_SPLINE_CURVE_WITH_KNOTS ( ( 4, 4 ),
 ( 0.5235987755982993708, 1.570796326794896780 ),
 .UNSPECIFIED. ) 
 CURVE ( )  GEOMETRIC_REPRESENTATION_ITEM ( )  RATIONAL_B_SPLINE_CURVE ( ( 1.000000000000000000, 0.9106836025229592124, 0.9106836025229592124, 1.000000000000000000 ) ) 
 REPRESENTATION_ITEM ( '' )  );
#1990 =( NAMED_UNIT ( * ) SI_UNIT ( $, .STERADIAN. ) SOLID_ANGLE_UNIT ( ) );
#1991 = DIRECTION ( 'NONE',  ( 0.000000000000000000, 0.000000000000000000, 1.000000000000000000 ) ) ;
#1992 = AXIS2_PLACEMENT_3D ( 'NONE', #61, #3098, #2535 ) ;
#1993 = EDGE_CURVE ( 'NONE', #83, #1022, #395, .T. ) ;
#1994 = ORIENTED_EDGE ( 'NONE', *, *, #2720, .T. ) ;
#1995 =( LENGTH_UNIT ( ) NAMED_UNIT ( * ) SI_UNIT ( .MILLI., .METRE. ) );
#1996 = PRESENTATION_LAYER_ASSIGNMENT (  '', '', ( #237 ) ) ;
#1997 = SURFACE_SIDE_STYLE ('',( #1198 ) ) ;
#1998 = ADVANCED_FACE ( 'NONE', ( #2784 ), #458, .T. ) ;
#1999 = VERTEX_POINT ( 'NONE', #3333 ) ;
#2000 = SURFACE_SIDE_STYLE ('',( #1009 ) ) ;
#2001 = CARTESIAN_POINT ( 'NONE',  ( 0.000000000000000000, 33.00000000000000000, 12.50000000000003020 ) ) ;
#2002 = LINE ( 'NONE', #3056, #2247 ) ;
#2003 = ORIENTED_EDGE ( 'NONE', *, *, #2484, .T. ) ;
#2004 = PRESENTATION_LAYER_ASSIGNMENT (  '', '', ( #3053 ) ) ;
#2005 = SURFACE_STYLE_USAGE ( .BOTH. , #991 ) ;
#2006 = CARTESIAN_POINT ( 'NONE',  ( 40.40000000000001279, -10.00000000000000178, 17.00000000000001066 ) ) ;
#2007 = STYLED_ITEM ( 'NONE', ( #81 ), #3008 ) ;
#2008 = DIRECTION ( 'NONE',  ( -1.000000000000000000, -0.000000000000000000, -0.000000000000000000 ) ) ;
#2009 = PRESENTATION_LAYER_ASSIGNMENT (  '', '', ( #1643 ) ) ;
#2010 =( NAMED_UNIT ( * ) SI_UNIT ( $, .STERADIAN. ) SOLID_ANGLE_UNIT ( ) );
#2011 = STYLED_ITEM ( 'NONE', ( #1414 ), #1556 ) ;
#2012 = AXIS2_PLACEMENT_3D ( 'NONE', #771, #2842, #2520 ) ;
#2013 = ADVANCED_FACE ( 'NONE', ( #3132, #371, #1867, #2911, #2664, #2853, #1883 ), #98, .T. ) ;
#2014 = DIRECTION ( 'NONE',  ( 1.000000000000000000, 0.000000000000000000, 0.000000000000000000 ) ) ;
#2015 = CARTESIAN_POINT ( 'NONE',  ( -3.000000000000002665, -1.734723475976807094E-15, 3.469446951953614189E-15 ) ) ;
#2016 = ORIENTED_EDGE ( 'NONE', *, *, #1465, .T. ) ;
#2017 = ADVANCED_FACE ( 'NONE', ( #63, #1089, #1131, #3151, #1852, #593 ), #877, .T. ) ;
#2018 = CARTESIAN_POINT ( 'NONE',  ( -3.000000000000004441, -10.00000000000000000, 11.30384757729337686 ) ) ;
#2019 = CARTESIAN_POINT ( 'NONE',  ( 0.3680769731049384763, -8.285457910426352157, 18.61288091043534010 ) ) ;
#2020 = ORIENTED_EDGE ( 'NONE', *, *, #2988, .F. ) ;
#2021 = SURFACE_STYLE_FILL_AREA ( #2505 ) ;
#2022 = SURFACE_STYLE_USAGE ( .BOTH. , #2803 ) ;
#2023 = FILL_AREA_STYLE_COLOUR ( '', #407 ) ;
#2024 = CARTESIAN_POINT ( 'NONE',  ( 43.40000000000000568, 33.00000000000000000, 50.59273534653674176 ) ) ;
#2025 = ORIENTED_EDGE ( 'NONE', *, *, #2964, .T. ) ;
#2026 =( LENGTH_UNIT ( ) NAMED_UNIT ( * ) SI_UNIT ( .MILLI., .METRE. ) );
#2027 = CARTESIAN_POINT ( 'NONE',  ( 40.40000000000000568, -10.00000000000000000, 1.734723475976807094E-15 ) ) ;
#2028 = CARTESIAN_POINT ( 'NONE',  ( 0.5160660096775763206, -7.876994298131288375, 18.93435305236075905 ) ) ;
#2029 = ORIENTED_EDGE ( 'NONE', *, *, #2635, .F. ) ;
#2030 = EDGE_CURVE ( 'NONE', #2334, #1022, #1079, .T. ) ;
#2031 = DIRECTION ( 'NONE',  ( 0.000000000000000000, 0.000000000000000000, 1.000000000000000000 ) ) ;
#2032 = SURFACE_SIDE_STYLE ('',( #3086 ) ) ;
#2033 = CARTESIAN_POINT ( 'NONE',  ( 38.40000000000000568, 0.000000000000000000, 0.000000000000000000 ) ) ;
#2034 =( NAMED_UNIT ( * ) PLANE_ANGLE_UNIT ( ) SI_UNIT ( $, .RADIAN. ) );
#2035 = COLOUR_RGB ( '',0.5999999999999999778, 0.1607843137254901800, 0.7529411764705882248 ) ;
#2036 = SURFACE_STYLE_FILL_AREA ( #1808 ) ;
#2037 = DIRECTION ( 'NONE',  ( -1.000000000000000000, -0.000000000000000000, -0.000000000000000000 ) ) ;
#2038 = ORIENTED_EDGE ( 'NONE', *, *, #509, .F. ) ;
#2039 = AXIS2_PLACEMENT_3D ( 'NONE', #1070, #2291, #2557 ) ;
#2040 = PRESENTATION_LAYER_ASSIGNMENT (  '', '', ( #3092 ) ) ;
#2041 = LINE ( 'NONE', #522, #1746 ) ;
#2042 = CARTESIAN_POINT ( 'NONE',  ( 0.1352265598833105875, -9.027707433613672450, 17.87240046380323122 ) ) ;
#2043 = ORIENTED_EDGE ( 'NONE', *, *, #1278, .F. ) ;
#2044 = AXIS2_PLACEMENT_3D ( 'NONE', #3259, #2418, #195 ) ;
#2045 = EDGE_CURVE ( 'NONE', #1234, #1608, #1485, .T. ) ;
#2046 = AXIS2_PLACEMENT_3D ( 'NONE', #2496, #1258, #2742 ) ;
#2047 = PRESENTATION_STYLE_ASSIGNMENT (( #2244 ) ) ;
#2048 = COLOUR_RGB ( '',0.5999999999999999778, 0.1607843137254901800, 0.7529411764705882248 ) ;
#2049 = DIRECTION ( 'NONE',  ( 0.000000000000000000, 0.000000000000000000, -1.000000000000000000 ) ) ;
#2050 = AXIS2_PLACEMENT_3D ( 'NONE', #3090, #2300, #1763 ) ;
#2051 = CARTESIAN_POINT ( 'NONE',  ( 38.40000000000000568, 19.75000000000000355, 59.40000000000000568 ) ) ;
#2052 = ADVANCED_FACE ( 'NONE', ( #2998 ), #439, .F. ) ;
#2053 =( NAMED_UNIT ( * ) SI_UNIT ( $, .STERADIAN. ) SOLID_ANGLE_UNIT ( ) );
#2054 = AXIS2_PLACEMENT_3D ( 'NONE', #1240, #1173, #2198 ) ;
#2055 = MECHANICAL_DESIGN_GEOMETRIC_PRESENTATION_REPRESENTATION (  '', ( #2711 ), #2108 ) ;
#2056 = AXIS2_PLACEMENT_3D ( 'NONE', #687, #1448, #1697 ) ;
#2057 = PRODUCT_DEFINITION_SHAPE ( 'NONE', 'NONE',  #903 ) ;
#2058 = CARTESIAN_POINT ( 'NONE',  ( 1.999999999999997335, 10.00000000000000000, 15.00000000000000888 ) ) ;
#2059 = LINE ( 'NONE', #2891, #2359 ) ;
#2060 = PRESENTATION_LAYER_ASSIGNMENT (  '', '', ( #90 ) ) ;
#2061 = ORIENTED_EDGE ( 'NONE', *, *, #805, .F. ) ;
#2062 = FILL_AREA_STYLE ('',( #2867 ) ) ;
#2063 = SURFACE_STYLE_FILL_AREA ( #2627 ) ;
#2064 = VERTEX_POINT ( 'NONE', #2162 ) ;
#2065 = DIRECTION ( 'NONE',  ( -1.000000000000000000, -0.000000000000000000, 0.000000000000000000 ) ) ;
#2066 = CARTESIAN_POINT ( 'NONE',  ( 38.40000000000001279, 14.75000000000000355, 15.00000000000000888 ) ) ;
#2067 = EDGE_LOOP ( 'NONE', ( #1927 ) ) ;
#2068 =( NAMED_UNIT ( * ) SI_UNIT ( $, .STERADIAN. ) SOLID_ANGLE_UNIT ( ) );
#2069 = ADVANCED_FACE ( 'NONE', ( #3268, #2952 ), #1973, .F. ) ;
#2070 = DIRECTION ( 'NONE',  ( -0.000000000000000000, -0.000000000000000000, -1.000000000000000000 ) ) ;
#2071 = PRESENTATION_STYLE_ASSIGNMENT (( #223 ) ) ;
#2072 =( NAMED_UNIT ( * ) SI_UNIT ( $, .STERADIAN. ) SOLID_ANGLE_UNIT ( ) );
#2073 = EDGE_CURVE ( 'NONE', #1459, #1459, #399, .T. ) ;
#2074 = SURFACE_STYLE_USAGE ( .BOTH. , #2530 ) ;
#2075 = UNCERTAINTY_MEASURE_WITH_UNIT (LENGTH_MEASURE( 1.000000000000000082E-05 ), #2631, 'distance_accuracy_value', 'NONE');
#2076 = ORIENTED_EDGE ( 'NONE', *, *, #3288, .T. ) ;
#2077 = VERTEX_POINT ( 'NONE', #843 ) ;
#2078 = SURFACE_STYLE_FILL_AREA ( #608 ) ;
#2079 = ORIENTED_EDGE ( 'NONE', *, *, #785, .T. ) ;
#2080 = DIRECTION ( 'NONE',  ( 0.000000000000000000, 1.000000000000000000, 0.000000000000000000 ) ) ;
#2081 = CARTESIAN_POINT ( 'NONE',  ( 40.40000000000000568, 10.00000000000000000, 15.00000000000000178 ) ) ;
#2082 = FILL_AREA_STYLE_COLOUR ( '', #1835 ) ;
#2083 = SURFACE_STYLE_FILL_AREA ( #633 ) ;
#2084 =( NAMED_UNIT ( * ) SI_UNIT ( $, .STERADIAN. ) SOLID_ANGLE_UNIT ( ) );
#2085 =( LENGTH_UNIT ( ) NAMED_UNIT ( * ) SI_UNIT ( .MILLI., .METRE. ) );
#2086 = DIRECTION ( 'NONE',  ( -1.000000000000000000, 0.000000000000000000, 0.000000000000000000 ) ) ;
#2087 = ADVANCED_FACE ( 'NONE', ( #1734 ), #795, .F. ) ;
#2088 = SURFACE_SIDE_STYLE ('',( #1811 ) ) ;
#2089 = EDGE_LOOP ( 'NONE', ( #1603, #1355, #3228, #3000 ) ) ;
#2090 = PLANE ( 'NONE',  #3298 ) ;
#2091 = CARTESIAN_POINT ( 'NONE',  ( 38.40000000000000568, 7.000000000000000000, 1.550000000000000266 ) ) ;
#2092 = ADVANCED_FACE ( 'NONE', ( #742, #2794, #722, #1279, #1233, #1794 ), #2532, .T. ) ;
#2093 = CARTESIAN_POINT ( 'NONE',  ( -27.59999999999999787, 14.75000000000000355, 59.40000000000000568 ) ) ;
#2094 = PRESENTATION_STYLE_ASSIGNMENT (( #320 ) ) ;
#2095 = ORIENTED_EDGE ( 'NONE', *, *, #551, .T. ) ;
#2096 = CARTESIAN_POINT ( 'NONE',  ( 38.40000000000001279, 14.75000000000000355, 25.00000000000000711 ) ) ;
#2097 = PRESENTATION_STYLE_ASSIGNMENT (( #1116 ) ) ;
#2098 = ORIENTED_EDGE ( 'NONE', *, *, #56, .T. ) ;
#2099 = COLOUR_RGB ( '',0.5999999999999999778, 0.1607843137254901800, 0.7529411764705882248 ) ;
#2100 = CARTESIAN_POINT ( 'NONE',  ( -2.001881908412546557E-15, -9.646446609406723383, 17.00000000000001421 ) ) ;
#2101 = COLOUR_RGB ( '',0.5999999999999999778, 0.1607843137254901800, 0.7529411764705882248 ) ;
#2102 = STYLED_ITEM ( 'NONE', ( #1282 ), #95 ) ;
#2103 = SURFACE_STYLE_FILL_AREA ( #1099 ) ;
#2104 = CARTESIAN_POINT ( 'NONE',  ( 43.40000000000000568, 24.75000000000000355, 25.00000000000000711 ) ) ;
#2105 = AXIS2_PLACEMENT_3D ( 'NONE', #259, #2070, #3123 ) ;
#2106 = COLOUR_RGB ( '',0.5999999999999999778, 0.1607843137254901800, 0.7529411764705882248 ) ;
#2107 = ORIENTED_EDGE ( 'NONE', *, *, #2569, .F. ) ;
#2108 =( GEOMETRIC_REPRESENTATION_CONTEXT ( 3 ) GLOBAL_UNCERTAINTY_ASSIGNED_CONTEXT ( ( #450 ) ) GLOBAL_UNIT_ASSIGNED_CONTEXT ( ( #2689, #224, #2740 ) ) REPRESENTATION_CONTEXT ( 'NONE', 'WORKASPACE' ) );
#2109 = UNCERTAINTY_MEASURE_WITH_UNIT (LENGTH_MEASURE( 1.000000000000000082E-05 ), #1995, 'distance_accuracy_value', 'NONE');
#2110 = FACE_OUTER_BOUND ( 'NONE', #200, .T. ) ;
#2111 = VERTEX_POINT ( 'NONE', #1260 ) ;
#2112 = CIRCLE ( 'NONE', #2267, 1.550000000000000933 ) ;
#2113 = COLOUR_RGB ( '',0.5999999999999999778, 0.1607843137254901800, 0.7529411764705882248 ) ;
#2114 = CARTESIAN_POINT ( 'NONE',  ( 0.000000000000000000, 12.75000000000000178, 5.000000000000009770 ) ) ;
#2115 = DIRECTION ( 'NONE',  ( -0.000000000000000000, -0.5773502691896256200, -0.8164965809277260345 ) ) ;
#2116 = CIRCLE ( 'NONE', #2888, 3.549999999999999822 ) ;
#2117 = FACE_OUTER_BOUND ( 'NONE', #2089, .T. ) ;
#2118 = CIRCLE ( 'NONE', #1855, 1.550000000000000266 ) ;
#2119 = ORIENTED_EDGE ( 'NONE', *, *, #453, .F. ) ;
#2120 = ADVANCED_FACE ( 'NONE', ( #2254, #3312 ), #3067, .F. ) ;
#2121 = VECTOR ( 'NONE', #2382, 1000.000000000000000 ) ;
#2122 =( NAMED_UNIT ( * ) PLANE_ANGLE_UNIT ( ) SI_UNIT ( $, .RADIAN. ) );
#2123 = FACE_BOUND ( 'NONE', #823, .T. ) ;
#2124 = PRESENTATION_STYLE_ASSIGNMENT (( #1392 ) ) ;
#2125 = ORIENTED_EDGE ( 'NONE', *, *, #2296, .T. ) ;
#2126 = FILL_AREA_STYLE_COLOUR ( '', #1221 ) ;
#2127 = CARTESIAN_POINT ( 'NONE',  ( 27.20000000000000639, 4.336808689942019314E-15, 25.00000000000001066 ) ) ;
#2128 = FILL_AREA_STYLE ('',( #87 ) ) ;
#2129 = CARTESIAN_POINT ( 'NONE',  ( 20.20000000000000284, 4.336808689942017736E-15, 25.00000000000001066 ) ) ;
#2130 = EDGE_LOOP ( 'NONE', ( #2098, #2390, #2623, #2897, #767, #1357, #330 ) ) ;
#2131 = DIRECTION ( 'NONE',  ( -0.000000000000000000, -0.000000000000000000, 1.000000000000000000 ) ) ;
#2132 = CARTESIAN_POINT ( 'NONE',  ( 20.20000000000000284, 3.469446951953615767E-15, 61.40000000000001279 ) ) ;
#2133 = FILL_AREA_STYLE_COLOUR ( '', #231 ) ;
#2134 = VERTEX_POINT ( 'NONE', #1864 ) ;
#2135 = CARTESIAN_POINT ( 'NONE',  ( 2.000000000000000000, 0.000000000000000000, 7.000000000000000000 ) ) ;
#2136 = EDGE_CURVE ( 'NONE', #1918, #2560, #2059, .T. ) ;
#2137 = ORIENTED_EDGE ( 'NONE', *, *, #387, .T. ) ;
#2138 = DIRECTION ( 'NONE',  ( 0.000000000000000000, 0.000000000000000000, 1.000000000000000000 ) ) ;
#2139 = DIRECTION ( 'NONE',  ( -1.000000000000000000, -0.000000000000000000, -0.000000000000000000 ) ) ;
#2140 = DIRECTION ( 'NONE',  ( -1.000000000000000000, 0.000000000000000000, 0.000000000000000000 ) ) ;
#2141 = SURFACE_STYLE_USAGE ( .BOTH. , #1139 ) ;
#2142 = VERTEX_POINT ( 'NONE', #1824 ) ;
#2143 = LINE ( 'NONE', #3195, #510 ) ;
#2144 = UNCERTAINTY_MEASURE_WITH_UNIT (LENGTH_MEASURE( 1.000000000000000082E-05 ), #2639, 'distance_accuracy_value', 'NONE');
#2145 = CARTESIAN_POINT ( 'NONE',  ( 2.401923788646694202, -10.00000000000000000, 18.90192378864669820 ) ) ;
#2146 = CARTESIAN_POINT ( 'NONE',  ( 16.65000000000000213, 3.469446951953615767E-15, 69.40000000000001990 ) ) ;
#2147 = ORIENTED_EDGE ( 'NONE', *, *, #2517, .F. ) ;
#2148 = CARTESIAN_POINT ( 'NONE',  ( 2.000000000000000000, 0.000000000000000000, -7.000000000000000000 ) ) ;
#2149 = STYLED_ITEM ( 'NONE', ( #658 ), #2052 ) ;
#2150 = PRESENTATION_STYLE_ASSIGNMENT (( #897 ) ) ;
#2151 = SURFACE_STYLE_FILL_AREA ( #3177 ) ;
#2152 = ORIENTED_EDGE ( 'NONE', *, *, #478, .F. ) ;
#2153 = CARTESIAN_POINT ( 'NONE',  ( -46.60000000000001563, -10.00000000000000000, 20.00000000000001066 ) ) ;
#2154 = ADVANCED_FACE ( 'NONE', ( #277 ), #1945, .T. ) ;
#2155 = AXIS2_PLACEMENT_3D ( 'NONE', #2812, #3341, #2861 ) ;
#2156 = DIRECTION ( 'NONE',  ( 0.000000000000000000, 1.734723475976807094E-16, 1.000000000000000000 ) ) ;
#2157 = ORIENTED_EDGE ( 'NONE', *, *, #410, .T. ) ;
#2158 = EDGE_CURVE ( 'NONE', #3329, #386, #809, .T. ) ;
#2159 = CARTESIAN_POINT ( 'NONE',  ( 20.20000000000000284, 3.469446951953615767E-15, 64.40000000000000568 ) ) ;
#2160 = SURFACE_SIDE_STYLE ('',( #909 ) ) ;
#2161 =( NAMED_UNIT ( * ) SI_UNIT ( $, .STERADIAN. ) SOLID_ANGLE_UNIT ( ) );
#2162 = CARTESIAN_POINT ( 'NONE',  ( 43.40000000000000568, -10.00000000000000000, 8.000000000000017764 ) ) ;
#2163 = ORIENTED_EDGE ( 'NONE', *, *, #822, .T. ) ;
#2164 =( GEOMETRIC_REPRESENTATION_CONTEXT ( 3 ) GLOBAL_UNCERTAINTY_ASSIGNED_CONTEXT ( ( #3144 ) ) GLOBAL_UNIT_ASSIGNED_CONTEXT ( ( #3134, #2122, #1076 ) ) REPRESENTATION_CONTEXT ( 'NONE', 'WORKASPACE' ) );
#2165 = AXIS2_PLACEMENT_3D ( 'NONE', #2302, #40, #2832 ) ;
#2166 = CARTESIAN_POINT ( 'NONE',  ( 1.999999999999997335, 24.75000000000000355, 59.40000000000000568 ) ) ;
#2167 = VERTEX_POINT ( 'NONE', #2567 ) ;
#2168 = COLOUR_RGB ( '',0.5999999999999999778, 0.1607843137254901800, 0.7529411764705882248 ) ;
#2169 = CARTESIAN_POINT ( 'NONE',  ( 8.450000000000013500, -10.00000000000000000, 24.95000000000001705 ) ) ;
#2170 = CARTESIAN_POINT ( 'NONE',  ( 43.26331361964643207, -6.216291930181921721, 15.60269880899645401 ) ) ;
#2171 = AXIS2_PLACEMENT_3D ( 'NONE', #3136, #2642, #2669 ) ;
#2172 = SURFACE_STYLE_USAGE ( .BOTH. , #917 ) ;
#2173 = ORIENTED_EDGE ( 'NONE', *, *, #238, .T. ) ;
#2174 = UNCERTAINTY_MEASURE_WITH_UNIT (LENGTH_MEASURE( 1.000000000000000082E-05 ), #114, 'distance_accuracy_value', 'NONE');
#2175 =( LENGTH_UNIT ( ) NAMED_UNIT ( * ) SI_UNIT ( .MILLI., .METRE. ) );
#2176 = EDGE_CURVE ( 'NONE', #3321, #457, #3170, .T. ) ;
#2177 = FACE_OUTER_BOUND ( 'NONE', #2277, .T. ) ;
#2178 = CARTESIAN_POINT ( 'NONE',  ( -3.000000000000002665, 33.00000000000000000, 12.50000000000003197 ) ) ;
#2179 = CARTESIAN_POINT ( 'NONE',  ( 20.20000000000000284, 8.550000000000004263, 15.00000000000000000 ) ) ;
#2180 = ADVANCED_FACE ( 'NONE', ( #2110, #2907 ), #838, .F. ) ;
#2181 = VERTEX_POINT ( 'NONE', #1679 ) ;
#2182 =( NAMED_UNIT ( * ) SI_UNIT ( $, .STERADIAN. ) SOLID_ANGLE_UNIT ( ) );
#2183 = ORIENTED_EDGE ( 'NONE', *, *, #768, .T. ) ;
#2184 = CARTESIAN_POINT ( 'NONE',  ( 43.40000000000000568, -10.00000000000000000, 1.734723475976807094E-15 ) ) ;
#2185 = CARTESIAN_POINT ( 'NONE',  ( 41.99108863258082636, -7.850519568228444989, 18.59108863257960209 ) ) ;
#2186 = PLANE ( 'NONE',  #802 ) ;
#2187 = ORIENTED_EDGE ( 'NONE', *, *, #2136, .T. ) ;
#2188 = SURFACE_SIDE_STYLE ('',( #2459 ) ) ;
#2189 = EDGE_CURVE ( 'NONE', #346, #1329, #1705, .T. ) ;
#2190 = FACE_OUTER_BOUND ( 'NONE', #64, .T. ) ;
#2191 = VERTEX_POINT ( 'NONE', #128 ) ;
#2192 = ORIENTED_EDGE ( 'NONE', *, *, #2377, .T. ) ;
#2193 = CARTESIAN_POINT ( 'NONE',  ( 38.40000000000001279, 14.75000000000000355, 25.00000000000000711 ) ) ;
#2194 =( LENGTH_UNIT ( ) NAMED_UNIT ( * ) SI_UNIT ( .MILLI., .METRE. ) );
#2195 = PLANE ( 'NONE',  #1549 ) ;
#2196 = ORIENTED_EDGE ( 'NONE', *, *, #998, .F. ) ;
#2197 = MECHANICAL_DESIGN_GEOMETRIC_PRESENTATION_REPRESENTATION (  '', ( #291 ), #669 ) ;
#2198 = DIRECTION ( 'NONE',  ( 0.000000000000000000, 1.000000000000000000, 0.000000000000000000 ) ) ;
#2199 = CARTESIAN_POINT ( 'NONE',  ( 43.40000000000000568, 14.75000000000000355, 59.40000000000000568 ) ) ;
#2200 =( NAMED_UNIT ( * ) SI_UNIT ( $, .STERADIAN. ) SOLID_ANGLE_UNIT ( ) );
#2201 = MECHANICAL_DESIGN_GEOMETRIC_PRESENTATION_REPRESENTATION (  '', ( #1626 ), #2859 ) ;
#2202 = COLOUR_RGB ( '',0.5999999999999999778, 0.1607843137254901800, 0.7529411764705882248 ) ;
#2203 = FILL_AREA_STYLE_COLOUR ( '', #2813 ) ;
#2204 = DIRECTION ( 'NONE',  ( 0.000000000000000000, 0.8164965809277260345, -0.5773502691896258421 ) ) ;
#2205 = SURFACE_STYLE_USAGE ( .BOTH. , #421 ) ;
#2206 = PRESENTATION_LAYER_ASSIGNMENT (  '', '', ( #678 ) ) ;
#2207 = DIRECTION ( 'NONE',  ( 0.000000000000000000, -0.7071067811865440200, 0.7071067811865510144 ) ) ;
#2208 = VERTEX_POINT ( 'NONE', #3218 ) ;
#2209 = CARTESIAN_POINT ( 'NONE',  ( 38.49807621135333591, -10.00000000000000000, 18.90192378864669820 ) ) ;
#2210 = ORIENTED_EDGE ( 'NONE', *, *, #3107, .T. ) ;
#2211 = AXIS2_PLACEMENT_3D ( 'NONE', #2127, #3180, #1837 ) ;
#2212 = MECHANICAL_DESIGN_GEOMETRIC_PRESENTATION_REPRESENTATION (  '', ( #2708 ), #630 ) ;
#2213 = CARTESIAN_POINT ( 'NONE',  ( 38.40000000000000568, 0.000000000000000000, 0.000000000000000000 ) ) ;
#2214 = ORIENTED_EDGE ( 'NONE', *, *, #509, .T. ) ;
#2215 = EDGE_CURVE ( 'NONE', #2968, #1546, #3196, .T. ) ;
#2216 = PRESENTATION_LAYER_ASSIGNMENT (  '', '', ( #1964 ) ) ;
#2217 = DIRECTION ( 'NONE',  ( 0.000000000000000000, 0.5773502691896257311, 0.8164965809277260345 ) ) ;
#2218 = CARTESIAN_POINT ( 'NONE',  ( 43.27706217912698605, -5.450129570941322221, 19.87706217912782236 ) ) ;
#2219 = AXIS2_PLACEMENT_3D ( 'NONE', #2352, #1613, #2991 ) ;
#2220 = MECHANICAL_DESIGN_GEOMETRIC_PRESENTATION_REPRESENTATION (  '', ( #94 ), #932 ) ;
#2221 =( NAMED_UNIT ( * ) SI_UNIT ( $, .STERADIAN. ) SOLID_ANGLE_UNIT ( ) );
#2222 = FILL_AREA_STYLE ('',( #420 ) ) ;
#2223 = VERTEX_POINT ( 'NONE', #653 ) ;
#2224 = ORIENTED_EDGE ( 'NONE', *, *, #1875, .F. ) ;
#2225 = FILL_AREA_STYLE ('',( #2594 ) ) ;
#2226 = CARTESIAN_POINT ( 'NONE',  ( 20.20000000000000284, 6.999999999999987566, -70.00000000000000000 ) ) ;
#2227 = ORIENTED_EDGE ( 'NONE', *, *, #2045, .F. ) ;
#2228 = FACE_OUTER_BOUND ( 'NONE', #3285, .T. ) ;
#2229 = LINE ( 'NONE', #1710, #1506 ) ;
#2230 = EDGE_LOOP ( 'NONE', ( #183, #1741, #703, #2748, #2043 ) ) ;
#2231 =( NAMED_UNIT ( * ) PLANE_ANGLE_UNIT ( ) SI_UNIT ( $, .RADIAN. ) );
#2232 = ADVANCED_FACE ( 'NONE', ( #2727 ), #1457, .T. ) ;
#2233 = CARTESIAN_POINT ( 'NONE',  ( 38.88742693005999485, -5.982651680352035761, 19.91449749429882843 ) ) ;
#2234 = CYLINDRICAL_SURFACE ( 'NONE', #993, 1.550000000000001155 ) ;
#2235 = EDGE_LOOP ( 'NONE', ( #2815 ) ) ;
#2236 = DIRECTION ( 'NONE',  ( 0.000000000000000000, 0.000000000000000000, -1.000000000000000000 ) ) ;
#2237 = SURFACE_STYLE_USAGE ( .BOTH. , #1752 ) ;
#2238 = UNCERTAINTY_MEASURE_WITH_UNIT (LENGTH_MEASURE( 1.000000000000000082E-05 ), #2808, 'distance_accuracy_value', 'NONE');
#2239 = EDGE_LOOP ( 'NONE', ( #1257 ) ) ;
#2240 = DIRECTION ( 'NONE',  ( -1.000000000000000000, 0.000000000000000000, 0.000000000000000000 ) ) ;
#2241 = CARTESIAN_POINT ( 'NONE',  ( 43.40000000000000568, -5.050252531694169100, 15.00000000000001243 ) ) ;
#2242 = ORIENTED_EDGE ( 'NONE', *, *, #3024, .F. ) ;
#2243 = FILL_AREA_STYLE ('',( #1251 ) ) ;
#2244 = SURFACE_STYLE_USAGE ( .BOTH. , #2032 ) ;
#2245 =( LENGTH_UNIT ( ) NAMED_UNIT ( * ) SI_UNIT ( .MILLI., .METRE. ) );
#2246 = ADVANCED_FACE ( 'NONE', ( #2177, #3263 ), #671, .F. ) ;
#2247 = VECTOR ( 'NONE', #2310, 1000.000000000000000 ) ;
#2248 = DIRECTION ( 'NONE',  ( 0.000000000000000000, 1.000000000000000000, 0.000000000000000000 ) ) ;
#2249 = PRESENTATION_STYLE_ASSIGNMENT (( #38 ) ) ;
#2250 = CARTESIAN_POINT ( 'NONE',  ( 1.999999999999998224, 14.75000000000000355, 69.40000000000001990 ) ) ;
#2251 = ADVANCED_FACE ( 'NONE', ( #2528, #1983 ), #1525, .T. ) ;
#2252 = MECHANICAL_DESIGN_GEOMETRIC_PRESENTATION_REPRESENTATION (  '', ( #1100 ), #563 ) ;
#2253 = VECTOR ( 'NONE', #1082, 1000.000000000000000 ) ;
#2254 = FACE_OUTER_BOUND ( 'NONE', #2568, .T. ) ;
#2255 = ORIENTED_EDGE ( 'NONE', *, *, #1570, .T. ) ;
#2256 = ORIENTED_EDGE ( 'NONE', *, *, #2680, .T. ) ;
#2257 = VECTOR ( 'NONE', #70, 1000.000000000000000 ) ;
#2258 = PRESENTATION_STYLE_ASSIGNMENT (( #2836 ) ) ;
#2259 = LINE ( 'NONE', #2001, #306 ) ;
#2260 = FILL_AREA_STYLE_COLOUR ( '', #1343 ) ;
#2261 = AXIS2_PLACEMENT_3D ( 'NONE', #2933, #1136, #1611 ) ;
#2262 = EDGE_LOOP ( 'NONE', ( #3239 ) ) ;
#2263 = PRESENTATION_LAYER_ASSIGNMENT (  '', '', ( #1046 ) ) ;
#2264 = AXIS2_PLACEMENT_3D ( 'NONE', #3055, #970, #2818 ) ;
#2265 = LINE ( 'NONE', #3058, #521 ) ;
#2266 = FACE_OUTER_BOUND ( 'NONE', #216, .T. ) ;
#2267 = AXIS2_PLACEMENT_3D ( 'NONE', #596, #3119, #2667 ) ;
#2268 = CIRCLE ( 'NONE', #34, 10.00000000000000000 ) ;
#2269 = CARTESIAN_POINT ( 'NONE',  ( 0.000000000000000000, 12.75000000000000178, 5.000000000000009770 ) ) ;
#2270 = AXIS2_PLACEMENT_3D ( 'NONE', #203, #1284, #267 ) ;
#2271 = STYLED_ITEM ( 'NONE', ( #3258 ), #1633 ) ;
#2272 = VECTOR ( 'NONE', #899, 1000.000000000000000 ) ;
#2273 =( NAMED_UNIT ( * ) SI_UNIT ( $, .STERADIAN. ) SOLID_ANGLE_UNIT ( ) );
#2274 = EDGE_CURVE ( 'NONE', #1329, #1164, #1319, .T. ) ;
#2275 = PRESENTATION_STYLE_ASSIGNMENT (( #535 ) ) ;
#2276 = ORIENTED_EDGE ( 'NONE', *, *, #2937, .T. ) ;
#2277 = EDGE_LOOP ( 'NONE', ( #2987 ) ) ;
#2278 = DIRECTION ( 'NONE',  ( 0.000000000000000000, 0.000000000000000000, -1.000000000000000000 ) ) ;
#2279 = FACE_OUTER_BOUND ( 'NONE', #2130, .T. ) ;
#2280 = CARTESIAN_POINT ( 'NONE',  ( 0.000000000000000000, 23.74999999999999645, 5.000000000000009770 ) ) ;
#2281 = CARTESIAN_POINT ( 'NONE',  ( 0.05038511677898589725, -9.361425347444225054, 17.45346605101106263 ) ) ;
#2282 = ORIENTED_EDGE ( 'NONE', *, *, #243, .T. ) ;
#2283 = CARTESIAN_POINT ( 'NONE',  ( 1.999999999999995781, -4.696699141100886266, 20.00000000000001066 ) ) ;
#2284 = DIRECTION ( 'NONE',  ( 0.000000000000000000, -1.734723475976807094E-16, -1.000000000000000000 ) ) ;
#2285 = PRESENTATION_STYLE_ASSIGNMENT (( #1290 ) ) ;
#2286 = ORIENTED_EDGE ( 'NONE', *, *, #1407, .T. ) ;
#2287 = CARTESIAN_POINT ( 'NONE',  ( 42.30192378864670388, -10.00000000000000000, 15.09807621135333022 ) ) ;
#2288 = SURFACE_STYLE_USAGE ( .BOTH. , #1296 ) ;
#2289 = ORIENTED_EDGE ( 'NONE', *, *, #279, .T. ) ;
#2290 = ADVANCED_FACE ( 'NONE', ( #1344, #3306 ), #3026, .F. ) ;
#2291 = DIRECTION ( 'NONE',  ( 0.000000000000000000, -1.000000000000000000, 0.000000000000000000 ) ) ;
#2292 = FILL_AREA_STYLE_COLOUR ( '', #526 ) ;
#2293 = CARTESIAN_POINT ( 'NONE',  ( 1.999999999999998224, 19.75000000000000355, 20.00000000000000711 ) ) ;
#2294 = CARTESIAN_POINT ( 'NONE',  ( -0.2015938942712436899, -9.361350065208677407, 17.20159389422198259 ) ) ;
#2295 = ORIENTED_EDGE ( 'NONE', *, *, #435, .T. ) ;
#2296 = EDGE_CURVE ( 'NONE', #1812, #3329, #472, .T. ) ;
#2297 = DIRECTION ( 'NONE',  ( 0.000000000000000000, 1.000000000000000000, 0.000000000000000000 ) ) ;
#2298 =( NAMED_UNIT ( * ) PLANE_ANGLE_UNIT ( ) SI_UNIT ( $, .RADIAN. ) );
#2299 = DIRECTION ( 'NONE',  ( -0.000000000000000000, -1.000000000000000000, -0.000000000000000000 ) ) ;
#2300 = DIRECTION ( 'NONE',  ( 1.000000000000000000, 0.000000000000000000, 0.000000000000000000 ) ) ;
#2301 =( NAMED_UNIT ( * ) PLANE_ANGLE_UNIT ( ) SI_UNIT ( $, .RADIAN. ) );
#2302 = CARTESIAN_POINT ( 'NONE',  ( 20.20000000000000284, 3.469446951953615767E-15, 69.40000000000001990 ) ) ;
#2303 = COLOUR_RGB ( '',0.5999999999999999778, 0.1607843137254901800, 0.7529411764705882248 ) ;
#2304 = ORIENTED_EDGE ( 'NONE', *, *, #1133, .F. ) ;
#2305 = COLOUR_RGB ( '',0.5999999999999999778, 0.1607843137254901800, 0.7529411764705882248 ) ;
#2306 = DIRECTION ( 'NONE',  ( -1.000000000000000000, 0.000000000000000000, 0.000000000000000000 ) ) ;
#2307 = VERTEX_POINT ( 'NONE', #2329 ) ;
#2308 = FILL_AREA_STYLE_COLOUR ( '', #357 ) ;
#2309 = EDGE_CURVE ( 'NONE', #2928, #2167, #746, .T. ) ;
#2310 = DIRECTION ( 'NONE',  ( 0.000000000000000000, -3.469446951953614682E-16, -1.000000000000000000 ) ) ;
#2311 = ORIENTED_EDGE ( 'NONE', *, *, #1543, .T. ) ;
#2312 = CARTESIAN_POINT ( 'NONE',  ( 38.40000000000000568, 19.75000000000000355, 25.00000000000000711 ) ) ;
#2313 = VECTOR ( 'NONE', #978, 1000.000000000000000 ) ;
#2314 = DIRECTION ( 'NONE',  ( -1.000000000000000000, 0.000000000000000000, 0.000000000000000000 ) ) ;
#2315 = STYLED_ITEM ( 'NONE', ( #3277 ), #807 ) ;
#2316 = EDGE_CURVE ( 'NONE', #689, #1978, #1736, .T. ) ;
#2317 = DIRECTION ( 'NONE',  ( 1.000000000000000000, -0.000000000000000000, -0.000000000000000000 ) ) ;
#2318 = VERTEX_POINT ( 'NONE', #355 ) ;
#2319 = FILL_AREA_STYLE ('',( #2082 ) ) ;
#2320 = AXIS2_PLACEMENT_3D ( 'NONE', #2668, #2065, #1148 ) ;
#2321 = FILL_AREA_STYLE_COLOUR ( '', #1107 ) ;
#2322 = CYLINDRICAL_SURFACE ( 'NONE', #628, 1.550000000000000266 ) ;
#2323 = AXIS2_PLACEMENT_3D ( 'NONE', #803, #2297, #3037 ) ;
#2324 = COLOUR_RGB ( '',0.5999999999999999778, 0.1607843137254901800, 0.7529411764705882248 ) ;
#2325 =( BOUNDED_CURVE ( )  B_SPLINE_CURVE ( 3, ( #1579, #66, #335, #2333 ),
 .UNSPECIFIED., .F., .F. ) 
 B_SPLINE_CURVE_WITH_KNOTS ( ( 4, 4 ),
 ( 0.5235987755983021463, 1.570796326794900999 ),
 .UNSPECIFIED. ) 
 CURVE ( )  GEOMETRIC_REPRESENTATION_ITEM ( )  RATIONAL_B_SPLINE_CURVE ( ( 1.000000000000000000, 0.9106836025229588794, 0.9106836025229588794, 1.000000000000000000 ) ) 
 REPRESENTATION_ITEM ( '' )  );
#2326 = ORIENTED_EDGE ( 'NONE', *, *, #284, .F. ) ;
#2327 =( LENGTH_UNIT ( ) NAMED_UNIT ( * ) SI_UNIT ( .MILLI., .METRE. ) );
#2328 = COLOUR_RGB ( '',0.5999999999999999778, 0.1607843137254901800, 0.7529411764705882248 ) ;
#2329 = CARTESIAN_POINT ( 'NONE',  ( 11.65000000000000213, 3.469446951953615767E-15, 69.40000000000001990 ) ) ;
#2330 = CYLINDRICAL_SURFACE ( 'NONE', #1113, 6.000000000000000888 ) ;
#2331 = EDGE_LOOP ( 'NONE', ( #1868 ) ) ;
#2332 =( NAMED_UNIT ( * ) SI_UNIT ( $, .STERADIAN. ) SOLID_ANGLE_UNIT ( ) );
#2333 = CARTESIAN_POINT ( 'NONE',  ( 40.40000000000000568, -10.00000000000000000, 17.00000000000001421 ) ) ;
#2334 = VERTEX_POINT ( 'NONE', #1412 ) ;
#2335 =( LENGTH_UNIT ( ) NAMED_UNIT ( * ) SI_UNIT ( .MILLI., .METRE. ) );
#2336 = ADVANCED_FACE ( 'NONE', ( #1834, #2384 ), #3179, .F. ) ;
#2337 = DIRECTION ( 'NONE',  ( -1.000000000000000000, 0.000000000000000000, 0.000000000000000000 ) ) ;
#2338 =( NAMED_UNIT ( * ) PLANE_ANGLE_UNIT ( ) SI_UNIT ( $, .RADIAN. ) );
#2339 = LINE ( 'NONE', #57, #2253 ) ;
#2340 = UNCERTAINTY_MEASURE_WITH_UNIT (LENGTH_MEASURE( 1.000000000000000082E-05 ), #1322, 'distance_accuracy_value', 'NONE');
#2341 = FILL_AREA_STYLE ('',( #1844 ) ) ;
#2342 = EDGE_LOOP ( 'NONE', ( #1912, #1515, #1367, #3178, #752 ) ) ;
#2343 = LINE ( 'NONE', #1814, #151 ) ;
#2344 = SURFACE_STYLE_FILL_AREA ( #2626 ) ;
#2345 =( NAMED_UNIT ( * ) SI_UNIT ( $, .STERADIAN. ) SOLID_ANGLE_UNIT ( ) );
#2346 = DIRECTION ( 'NONE',  ( 0.000000000000000000, 0.000000000000000000, -1.000000000000000000 ) ) ;
#2347 = ORIENTED_EDGE ( 'NONE', *, *, #2635, .T. ) ;
#2348 =( NAMED_UNIT ( * ) PLANE_ANGLE_UNIT ( ) SI_UNIT ( $, .RADIAN. ) );
#2349 = ORIENTED_EDGE ( 'NONE', *, *, #2697, .T. ) ;
#2350 = DIRECTION ( 'NONE',  ( 0.000000000000000000, 0.000000000000000000, -1.000000000000000000 ) ) ;
#2351 =( NAMED_UNIT ( * ) SI_UNIT ( $, .STERADIAN. ) SOLID_ANGLE_UNIT ( ) );
#2352 = CARTESIAN_POINT ( 'NONE',  ( 38.40000000000001279, 10.24999999999999467, 15.00000000000000888 ) ) ;
#2353 = EDGE_CURVE ( 'NONE', #1924, #1924, #1439, .T. ) ;
#2354 = DIRECTION ( 'NONE',  ( 1.000000000000000000, 0.000000000000000000, 0.000000000000000000 ) ) ;
#2355 = ORIENTED_EDGE ( 'NONE', *, *, #704, .F. ) ;
#2356 = MECHANICAL_DESIGN_GEOMETRIC_PRESENTATION_REPRESENTATION (  '', ( #2149 ), #780 ) ;
#2357 = DIRECTION ( 'NONE',  ( -2.891205793294678326E-16, 1.000000000000000000, 0.000000000000000000 ) ) ;
#2358 = CARTESIAN_POINT ( 'NONE',  ( 27.20000000000000639, -1.214306433183765124E-14, -70.00000000000000000 ) ) ;
#2359 = VECTOR ( 'NONE', #2581, 1000.000000000000000 ) ;
#2360 = ORIENTED_EDGE ( 'NONE', *, *, #1237, .T. ) ;
#2361 = AXIS2_PLACEMENT_3D ( 'NONE', #296, #1326, #1544 ) ;
#2362 = DIRECTION ( 'NONE',  ( 0.000000000000000000, 0.000000000000000000, 1.000000000000000000 ) ) ;
#2363 = FACE_OUTER_BOUND ( 'NONE', #556, .T. ) ;
#2364 = ORIENTED_EDGE ( 'NONE', *, *, #2833, .F. ) ;
#2365 = CIRCLE ( 'NONE', #566, 1.549999999999999378 ) ;
#2366 = FILL_AREA_STYLE_COLOUR ( '', #1682 ) ;
#2367 = STYLED_ITEM ( 'NONE', ( #901 ), #2336 ) ;
#2368 = VECTOR ( 'NONE', #1944, 1000.000000000000000 ) ;
#2369 = CARTESIAN_POINT ( 'NONE',  ( 43.40000000000000568, 21.00000000000000000, 69.40000000000001990 ) ) ;
#2370 = LINE ( 'NONE', #1917, #2889 ) ;
#2371 = CIRCLE ( 'NONE', #2261, 1.550000000000000266 ) ;
#2372 = CIRCLE ( 'NONE', #2821, 1.550000000000000266 ) ;
#2373 = CYLINDRICAL_SURFACE ( 'NONE', #3257, 10.00000000000000000 ) ;
#2374 = VECTOR ( 'NONE', #1266, 1000.000000000000000 ) ;
#2375 = UNCERTAINTY_MEASURE_WITH_UNIT (LENGTH_MEASURE( 1.000000000000000082E-05 ), #554, 'distance_accuracy_value', 'NONE');
#2376 = PRESENTATION_STYLE_ASSIGNMENT (( #1085 ) ) ;
#2377 = EDGE_CURVE ( 'NONE', #1239, #1420, #3251, .T. ) ;
#2378 = CARTESIAN_POINT ( 'NONE',  ( 20.20000000000000284, 3.550000000000003375, 14.99999999999999822 ) ) ;
#2379 = PRESENTATION_LAYER_ASSIGNMENT (  '', '', ( #1229 ) ) ;
#2380 = MECHANICAL_DESIGN_GEOMETRIC_PRESENTATION_REPRESENTATION (  '', ( #3327 ), #1008 ) ;
#2381 =( NAMED_UNIT ( * ) SI_UNIT ( $, .STERADIAN. ) SOLID_ANGLE_UNIT ( ) );
#2382 = DIRECTION ( 'NONE',  ( 0.000000000000000000, 0.7071067811865511255, 0.7071067811865440200 ) ) ;
#2383 = ORIENTED_EDGE ( 'NONE', *, *, #2045, .T. ) ;
#2384 = FACE_OUTER_BOUND ( 'NONE', #1438, .T. ) ;
#2385 =( LENGTH_UNIT ( ) NAMED_UNIT ( * ) SI_UNIT ( .MILLI., .METRE. ) );
#2386 = ORIENTED_EDGE ( 'NONE', *, *, #2617, .T. ) ;
#2387 = DIRECTION ( 'NONE',  ( 0.000000000000000000, 1.734723475976807094E-16, 1.000000000000000000 ) ) ;
#2388 = FILL_AREA_STYLE ('',( #1881 ) ) ;
#2389 = PRESENTATION_STYLE_ASSIGNMENT (( #1816 ) ) ;
#2390 = ORIENTED_EDGE ( 'NONE', *, *, #3216, .F. ) ;
#2391 = EDGE_CURVE ( 'NONE', #1999, #2334, #599, .T. ) ;
#2392 = SURFACE_SIDE_STYLE ('',( #829 ) ) ;
#2393 =( NAMED_UNIT ( * ) SI_UNIT ( $, .STERADIAN. ) SOLID_ANGLE_UNIT ( ) );
#2394 = DIRECTION ( 'NONE',  ( 0.000000000000000000, 0.000000000000000000, 1.000000000000000000 ) ) ;
#2395 = EDGE_LOOP ( 'NONE', ( #3035, #2125, #570, #2795, #914 ) ) ;
#2396 =( NAMED_UNIT ( * ) PLANE_ANGLE_UNIT ( ) SI_UNIT ( $, .RADIAN. ) );
#2397 = EDGE_CURVE ( 'NONE', #401, #401, #2371, .T. ) ;
#2398 = PRESENTATION_STYLE_ASSIGNMENT (( #1374 ) ) ;
#2399 = DIRECTION ( 'NONE',  ( -0.000000000000000000, -1.734723475976807094E-16, -1.000000000000000000 ) ) ;
#2400 = ORIENTED_EDGE ( 'NONE', *, *, #2461, .T. ) ;
#2401 = SURFACE_STYLE_FILL_AREA ( #1416 ) ;
#2402 = UNCERTAINTY_MEASURE_WITH_UNIT (LENGTH_MEASURE( 1.000000000000000082E-05 ), #1270, 'distance_accuracy_value', 'NONE');
#2403 = DIRECTION ( 'NONE',  ( 0.000000000000000000, 0.000000000000000000, -1.000000000000000000 ) ) ;
#2404 = CARTESIAN_POINT ( 'NONE',  ( 43.40000000000000568, 14.75000000000000355, 69.40000000000001990 ) ) ;
#2405 =( NAMED_UNIT ( * ) PLANE_ANGLE_UNIT ( ) SI_UNIT ( $, .RADIAN. ) );
#2406 = ORIENTED_EDGE ( 'NONE', *, *, #2720, .F. ) ;
#2407 = AXIS2_PLACEMENT_3D ( 'NONE', #3129, #2354, #2863 ) ;
#2408 = LINE ( 'NONE', #133, #583 ) ;
#2409 = LINE ( 'NONE', #2464, #2596 ) ;
#2410 = EDGE_LOOP ( 'NONE', ( #499, #2224, #2256 ) ) ;
#2411 = VECTOR ( 'NONE', #567, 1000.000000000000000 ) ;
#2412 = CARTESIAN_POINT ( 'NONE',  ( 38.40000000000001279, -5.050252531694169988, 15.00000000000001243 ) ) ;
#2413 = ADVANCED_FACE ( 'NONE', ( #1119 ), #3156, .T. ) ;
#2414 = DIRECTION ( 'NONE',  ( 1.000000000000000000, 0.000000000000000000, 0.000000000000000000 ) ) ;
#2415 = CIRCLE ( 'NONE', #466, 1.550000000000000266 ) ;
#2416 = CARTESIAN_POINT ( 'NONE',  ( 1.999999999999998224, 19.75000000000000355, 25.00000000000000711 ) ) ;
#2417 = EDGE_LOOP ( 'NONE', ( #215 ) ) ;
#2418 = DIRECTION ( 'NONE',  ( 0.000000000000000000, 1.000000000000000000, 0.000000000000000000 ) ) ;
#2419 = DIRECTION ( 'NONE',  ( 0.000000000000000000, 0.000000000000000000, -1.000000000000000000 ) ) ;
#2420 = AXIS2_PLACEMENT_3D ( 'NONE', #529, #1523, #2523 ) ;
#2421 = CIRCLE ( 'NONE', #2996, 1.550000000000000933 ) ;
#2422 = ORIENTED_EDGE ( 'NONE', *, *, #2274, .T. ) ;
#2423 =( GEOMETRIC_REPRESENTATION_CONTEXT ( 3 ) GLOBAL_UNCERTAINTY_ASSIGNED_CONTEXT ( ( #860 ) ) GLOBAL_UNIT_ASSIGNED_CONTEXT ( ( #2647, #2616, #1138 ) ) REPRESENTATION_CONTEXT ( 'NONE', 'WORKASPACE' ) );
#2424 =( GEOMETRIC_REPRESENTATION_CONTEXT ( 3 ) GLOBAL_UNCERTAINTY_ASSIGNED_CONTEXT ( ( #43 ) ) GLOBAL_UNIT_ASSIGNED_CONTEXT ( ( #461, #187, #404 ) ) REPRESENTATION_CONTEXT ( 'NONE', 'WORKASPACE' ) );
#2425 = ORIENTED_EDGE ( 'NONE', *, *, #1939, .F. ) ;
#2426 = CARTESIAN_POINT ( 'NONE',  ( 2.000000000000000000, 7.000000000000000000, 1.550000000000000266 ) ) ;
#2427 = MECHANICAL_DESIGN_GEOMETRIC_PRESENTATION_REPRESENTATION (  '', ( #2007 ), #2886 ) ;
#2428 = VERTEX_POINT ( 'NONE', #2051 ) ;
#2429 = AXIS2_PLACEMENT_3D ( 'NONE', #1606, #1815, #149 ) ;
#2430 = CIRCLE ( 'NONE', #1751, 5.000000000000000888 ) ;
#2431 = CIRCLE ( 'NONE', #1006, 10.00000000000000533 ) ;
#2432 = LINE ( 'NONE', #1910, #2492 ) ;
#2433 =( BOUNDED_CURVE ( )  B_SPLINE_CURVE ( 3, ( #1248, #2018, #2783, #1738 ),
 .UNSPECIFIED., .F., .T. ) 
 B_SPLINE_CURVE_WITH_KNOTS ( ( 4, 4 ),
 ( 1.570796326794895892, 2.617993877991494855 ),
 .UNSPECIFIED. ) 
 CURVE ( )  GEOMETRIC_REPRESENTATION_ITEM ( )  RATIONAL_B_SPLINE_CURVE ( ( 1.000000000000000000, 0.9106836025229588794, 0.9106836025229588794, 1.000000000000000000 ) ) 
 REPRESENTATION_ITEM ( '' )  );
#2434 = PRESENTATION_STYLE_ASSIGNMENT (( #1460 ) ) ;
#2435 = CARTESIAN_POINT ( 'NONE',  ( -2.863313619646437047, -5.862738539588616682, 15.60269880899637940 ) ) ;
#2436 = ORIENTED_EDGE ( 'NONE', *, *, #532, .F. ) ;
#2437 =( LENGTH_UNIT ( ) NAMED_UNIT ( * ) SI_UNIT ( .MILLI., .METRE. ) );
#2438 = CARTESIAN_POINT ( 'NONE',  ( 38.52595845812147246, -5.281824339411720359, 20.00000000000001066 ) ) ;
#2439 = EDGE_CURVE ( 'NONE', #2892, #2181, #840, .T. ) ;
#2440 = ORIENTED_EDGE ( 'NONE', *, *, #2397, .T. ) ;
#2441 = SURFACE_STYLE_FILL_AREA ( #2778 ) ;
#2442 = UNCERTAINTY_MEASURE_WITH_UNIT (LENGTH_MEASURE( 1.000000000000000082E-05 ), #1904, 'distance_accuracy_value', 'NONE');
#2443 = LINE ( 'NONE', #2476, #2543 ) ;
#2444 = DIRECTION ( 'NONE',  ( -1.000000000000000000, 0.000000000000000000, 0.000000000000000000 ) ) ;
#2445 = CARTESIAN_POINT ( 'NONE',  ( -3.000000000000002665, 24.75000000000000355, 25.00000000000000711 ) ) ;
#2446 = EDGE_CURVE ( 'NONE', #1293, #1546, #408, .T. ) ;
#2447 = CARTESIAN_POINT ( 'NONE',  ( -3.000000000000002665, -1.734723475976807094E-15, 3.550000000000004263 ) ) ;
#2448 = CARTESIAN_POINT ( 'NONE',  ( 43.40000000000000568, 14.75000000000000355, 15.00000000000000888 ) ) ;
#2449 = EDGE_LOOP ( 'NONE', ( #2422, #153, #1656, #1220 ) ) ;
#2450 = FILL_AREA_STYLE ('',( #679 ) ) ;
#2451 = SURFACE_STYLE_FILL_AREA ( #442 ) ;
#2452 = ORIENTED_EDGE ( 'NONE', *, *, #1920, .T. ) ;
#2453 = DIRECTION ( 'NONE',  ( -0.7071067811865477948, 0.000000000000000000, -0.7071067811865473507 ) ) ;
#2454 = CARTESIAN_POINT ( 'NONE',  ( 43.40000000000001990, -5.050252531694171765, 20.00000000000004263 ) ) ;
#2455 = CARTESIAN_POINT ( 'NONE',  ( 43.40000000000000568, 24.75000000000000355, 59.40000000000000568 ) ) ;
#2456 = FACE_OUTER_BOUND ( 'NONE', #2820, .T. ) ;
#2457 = EDGE_CURVE ( 'NONE', #1199, #1199, #2482, .T. ) ;
#2458 = PLANE ( 'NONE',  #3001 ) ;
#2459 = SURFACE_STYLE_FILL_AREA ( #123 ) ;
#2460 = CARTESIAN_POINT ( 'NONE',  ( 43.40000000000000568, 7.000000000000000000, 1.550000000000000266 ) ) ;
#2461 = EDGE_CURVE ( 'NONE', #1942, #415, #2577, .T. ) ;
#2462 = EDGE_LOOP ( 'NONE', ( #106, #1362, #3095, #3314 ) ) ;
#2463 = SURFACE_SIDE_STYLE ('',( #1975 ) ) ;
#2464 = CARTESIAN_POINT ( 'NONE',  ( 43.40000000000000568, 33.00000000000000000, 69.40000000000001990 ) ) ;
#2465 =( NAMED_UNIT ( * ) PLANE_ANGLE_UNIT ( ) SI_UNIT ( $, .RADIAN. ) );
#2466 = ORIENTED_EDGE ( 'NONE', *, *, #1920, .F. ) ;
#2467 = PRESENTATION_LAYER_ASSIGNMENT (  '', '', ( #291 ) ) ;
#2468 = LINE ( 'NONE', #464, #1387 ) ;
#2469 = CARTESIAN_POINT ( 'NONE',  ( 0.000000000000000000, 10.00000000000000000, 2.250000000000035083 ) ) ;
#2470 =( LENGTH_UNIT ( ) NAMED_UNIT ( * ) SI_UNIT ( .MILLI., .METRE. ) );
#2471 = VECTOR ( 'NONE', #2963, 1000.000000000000000 ) ;
#2472 = AXIS2_PLACEMENT_3D ( 'NONE', #266, #19, #2796 ) ;
#2473 = STYLED_ITEM ( 'NONE', ( #862 ), #144 ) ;
#2474 = SURFACE_STYLE_USAGE ( .BOTH. , #3011 ) ;
#2475 = UNCERTAINTY_MEASURE_WITH_UNIT (LENGTH_MEASURE( 1.000000000000000082E-05 ), #2470, 'distance_accuracy_value', 'NONE');
#2476 = CARTESIAN_POINT ( 'NONE',  ( 43.40000000000000568, 3.874999999999932943, -3.874999999999971578 ) ) ;
#2477 = CARTESIAN_POINT ( 'NONE',  ( 26.90000000000000213, 10.24999999999999467, 25.00000000000000711 ) ) ;
#2478 =( NAMED_UNIT ( * ) PLANE_ANGLE_UNIT ( ) SI_UNIT ( $, .RADIAN. ) );
#2479 = UNCERTAINTY_MEASURE_WITH_UNIT (LENGTH_MEASURE( 1.000000000000000082E-05 ), #2026, 'distance_accuracy_value', 'NONE');
#2480 = SURFACE_STYLE_FILL_AREA ( #130 ) ;
#2481 = ORIENTED_EDGE ( 'NONE', *, *, #368, .T. ) ;
#2482 = CIRCLE ( 'NONE', #300, 1.550000000000000266 ) ;
#2483 = COLOUR_RGB ( '',0.5999999999999999778, 0.1607843137254901800, 0.7529411764705882248 ) ;
#2484 = EDGE_CURVE ( 'NONE', #1972, #1972, #2707, .T. ) ;
#2485 = CYLINDRICAL_SURFACE ( 'NONE', #2270, 1.550000000000000044 ) ;
#2486 = AXIS2_PLACEMENT_3D ( 'NONE', #1425, #1475, #2989 ) ;
#2487 = CARTESIAN_POINT ( 'NONE',  ( 1.999999999999997335, 14.75000000000000355, 20.00000000000000711 ) ) ;
#2488 = MECHANICAL_DESIGN_GEOMETRIC_PRESENTATION_REPRESENTATION (  '', ( #147 ), #1637 ) ;
#2489 = EDGE_LOOP ( 'NONE', ( #1214 ) ) ;
#2490 = AXIS2_PLACEMENT_3D ( 'NONE', #603, #2156, #1124 ) ;
#2491 = FILL_AREA_STYLE_COLOUR ( '', #313 ) ;
#2492 = VECTOR ( 'NONE', #388, 1000.000000000000000 ) ;
#2493 = AXIS2_PLACEMENT_3D ( 'NONE', #2066, #2299, #756 ) ;
#2494 = MECHANICAL_DESIGN_GEOMETRIC_PRESENTATION_REPRESENTATION (  '', ( #156 ), #1702 ) ;
#2495 = CARTESIAN_POINT ( 'NONE',  ( 0.000000000000000000, 12.75000000000000178, 5.000000000000009770 ) ) ;
#2496 = CARTESIAN_POINT ( 'NONE',  ( 20.20000000000000284, 3.469446951953615767E-15, 33.11572875253808235 ) ) ;
#2497 = FILL_AREA_STYLE ('',( #720 ) ) ;
#2498 =( LENGTH_UNIT ( ) NAMED_UNIT ( * ) SI_UNIT ( .MILLI., .METRE. ) );
#2499 = EDGE_LOOP ( 'NONE', ( #2383, #2628, #1576, #1005, #143, #1268 ) ) ;
#2500 = CARTESIAN_POINT ( 'NONE',  ( 43.40000000000000568, -10.00000000000000178, 64.40000000000000568 ) ) ;
#2501 = DIRECTION ( 'NONE',  ( -1.000000000000000000, 0.000000000000000000, 0.000000000000000000 ) ) ;
#2502 = EDGE_CURVE ( 'NONE', #2556, #1106, #1565, .T. ) ;
#2503 = CARTESIAN_POINT ( 'NONE',  ( -0.4102946153745064550, -9.078058348479830286, 17.41029461537375056 ) ) ;
#2504 = ORIENTED_EDGE ( 'NONE', *, *, #3288, .F. ) ;
#2505 = FILL_AREA_STYLE ('',( #527 ) ) ;
#2506 = DIRECTION ( 'NONE',  ( 0.000000000000000000, -1.000000000000000000, 0.000000000000000000 ) ) ;
#2507 = ADVANCED_FACE ( 'NONE', ( #1016 ), #2805, .F. ) ;
#2508 = LINE ( 'NONE', #1305, #1230 ) ;
#2509 = SURFACE_STYLE_USAGE ( .BOTH. , #1773 ) ;
#2510 = DIRECTION ( 'NONE',  ( 1.000000000000000000, 0.000000000000000000, 0.000000000000000000 ) ) ;
#2511 = DIRECTION ( 'NONE',  ( 1.000000000000000000, 0.000000000000000000, 0.000000000000000000 ) ) ;
#2512 = EDGE_LOOP ( 'NONE', ( #886 ) ) ;
#2513 =( NAMED_UNIT ( * ) SI_UNIT ( $, .STERADIAN. ) SOLID_ANGLE_UNIT ( ) );
#2514 = FACE_OUTER_BOUND ( 'NONE', #859, .T. ) ;
#2515 = CARTESIAN_POINT ( 'NONE',  ( 0.8651318368053878549, -7.013100451082242337, 19.45795179305250855 ) ) ;
#2516 = EDGE_LOOP ( 'NONE', ( #3194 ) ) ;
#2517 = EDGE_CURVE ( 'NONE', #1239, #763, #1274, .T. ) ;
#2518 = DIRECTION ( 'NONE',  ( 0.000000000000000000, -1.000000000000000000, 0.000000000000000000 ) ) ;
#2519 = CARTESIAN_POINT ( 'NONE',  ( 40.39999999999997016, -10.00000000000002309, 17.00000000000002132 ) ) ;
#2520 = DIRECTION ( 'NONE',  ( -0.5773502691896256200, -0.8164965809277260345, 0.000000000000000000 ) ) ;
#2521 = STYLED_ITEM ( 'NONE', ( #454 ), #2069 ) ;
#2522 = EDGE_CURVE ( 'NONE', #1022, #2064, #1434, .T. ) ;
#2523 = DIRECTION ( 'NONE',  ( 1.000000000000000000, 0.000000000000000000, 0.000000000000000000 ) ) ;
#2524 = PRESENTATION_LAYER_ASSIGNMENT (  '', '', ( #1261 ) ) ;
#2525 = PRESENTATION_STYLE_ASSIGNMENT (( #2509 ) ) ;
#2526 = STYLED_ITEM ( 'NONE', ( #92 ), #36 ) ;
#2527 = PRESENTATION_STYLE_ASSIGNMENT (( #1029 ) ) ;
#2528 = FACE_OUTER_BOUND ( 'NONE', #627, .T. ) ;
#2529 = PRESENTATION_LAYER_ASSIGNMENT (  '', '', ( #623 ) ) ;
#2530 = SURFACE_SIDE_STYLE ('',( #1067 ) ) ;
#2531 = MECHANICAL_DESIGN_GEOMETRIC_PRESENTATION_REPRESENTATION (  '', ( #678 ), #192 ) ;
#2532 = PLANE ( 'NONE',  #185 ) ;
#2533 = ORIENTED_EDGE ( 'NONE', *, *, #2916, .F. ) ;
#2534 = STYLED_ITEM ( 'NONE', ( #1397 ), #740 ) ;
#2535 = DIRECTION ( 'NONE',  ( 0.000000000000000000, 0.000000000000000000, 1.000000000000000000 ) ) ;
#2536 = CARTESIAN_POINT ( 'NONE',  ( 13.20000000000000284, 3.469446951953615767E-15, 61.40000000000001279 ) ) ;
#2537 = DIRECTION ( 'NONE',  ( 0.000000000000000000, 0.000000000000000000, -1.000000000000000000 ) ) ;
#2538 = CARTESIAN_POINT ( 'NONE',  ( -2.660037633910355748, -6.557737457409605675, 15.93381854129462560 ) ) ;
#2539 = AXIS2_PLACEMENT_3D ( 'NONE', #2789, #996, #1027 ) ;
#2540 = EDGE_LOOP ( 'NONE', ( #2732 ) ) ;
#2541 = AXIS2_PLACEMENT_3D ( 'NONE', #2696, #2716, #3237 ) ;
#2542 = COLOUR_RGB ( '',0.5999999999999999778, 0.1607843137254901800, 0.7529411764705882248 ) ;
#2543 = VECTOR ( 'NONE', #196, 1000.000000000000000 ) ;
#2544 = CARTESIAN_POINT ( 'NONE',  ( 0.000000000000000000, 22.99999999999997868, 69.40000000000001990 ) ) ;
#2545 = FACE_OUTER_BOUND ( 'NONE', #2705, .T. ) ;
#2546 = DIRECTION ( 'NONE',  ( 0.000000000000000000, -1.734723475976806848E-16, -1.000000000000000000 ) ) ;
#2547 = COLOUR_RGB ( '',0.5999999999999999778, 0.1607843137254901800, 0.7529411764705882248 ) ;
#2548 = PRESENTATION_LAYER_ASSIGNMENT (  '', '', ( #952 ) ) ;
#2549 =( NAMED_UNIT ( * ) SI_UNIT ( $, .STERADIAN. ) SOLID_ANGLE_UNIT ( ) );
#2550 = DIRECTION ( 'NONE',  ( -0.000000000000000000, -1.000000000000000000, 1.734723475976807094E-16 ) ) ;
#2551 = SURFACE_SIDE_STYLE ('',( #1276 ) ) ;
#2552 = ADVANCED_FACE ( 'NONE', ( #511, #1098, #3162, #1080, #1645, #870 ), #2671, .T. ) ;
#2553 = PRESENTATION_LAYER_ASSIGNMENT (  '', '', ( #1283 ) ) ;
#2554 = LINE ( 'NONE', #2793, #728 ) ;
#2555 = APPLICATION_PROTOCOL_DEFINITION ( 'draft international standard', 'automotive_design', 1998, #2754 ) ;
#2556 = VERTEX_POINT ( 'NONE', #86 ) ;
#2557 = DIRECTION ( 'NONE',  ( 0.000000000000000000, 0.000000000000000000, 1.000000000000000000 ) ) ;
#2558 = CARTESIAN_POINT ( 'NONE',  ( 20.20000000000000284, 3.469446951953614978E-15, 20.00000000000001066 ) ) ;
#2559 = CARTESIAN_POINT ( 'NONE',  ( 1.066181458705411922, -6.557737457409941406, 19.66003763391029580 ) ) ;
#2560 = VERTEX_POINT ( 'NONE', #311 ) ;
#2561 = FACE_OUTER_BOUND ( 'NONE', #3172, .T. ) ;
#2562 = CARTESIAN_POINT ( 'NONE',  ( 0.000000000000000000, 10.00000000000000000, 1.734723475976807094E-15 ) ) ;
#2563 = CARTESIAN_POINT ( 'NONE',  ( 43.40000000000000568, -10.00000000000000000, 11.80384757729338574 ) ) ;
#2564 = DIRECTION ( 'NONE',  ( -0.000000000000000000, 0.5773502691896256200, 0.8164965809277260345 ) ) ;
#2565 = EDGE_CURVE ( 'NONE', #2318, #24, #2935, .T. ) ;
#2566 =( NAMED_UNIT ( * ) PLANE_ANGLE_UNIT ( ) SI_UNIT ( $, .RADIAN. ) );
#2567 = CARTESIAN_POINT ( 'NONE',  ( -2.001881908412546557E-15, -9.646446609406723383, 17.00000000000001421 ) ) ;
#2568 = EDGE_LOOP ( 'NONE', ( #904 ) ) ;
#2569 = EDGE_CURVE ( 'NONE', #2318, #303, #2884, .T. ) ;
#2570 = CARTESIAN_POINT ( 'NONE',  ( 43.40000000000000568, 10.00000000000000000, 1.734723475976807094E-15 ) ) ;
#2571 = VERTEX_POINT ( 'NONE', #1385 ) ;
#2572 =( NAMED_UNIT ( * ) SI_UNIT ( $, .STERADIAN. ) SOLID_ANGLE_UNIT ( ) );
#2573 = ORIENTED_EDGE ( 'NONE', *, *, #922, .F. ) ;
#2574 = CARTESIAN_POINT ( 'NONE',  ( 38.40000000000001279, 24.75000000000000355, 25.00000000000000711 ) ) ;
#2575 = CYLINDRICAL_SURFACE ( 'NONE', #409, 1.550000000000000933 ) ;
#2576 = DIRECTION ( 'NONE',  ( -0.000000000000000000, -0.7071067811865482389, -0.7071067811865469066 ) ) ;
#2577 = LINE ( 'NONE', #2269, #2590 ) ;
#2578 = PRESENTATION_LAYER_ASSIGNMENT (  '', '', ( #561 ) ) ;
#2579 = FILL_AREA_STYLE ('',( #2834 ) ) ;
#2580 = UNCERTAINTY_MEASURE_WITH_UNIT (LENGTH_MEASURE( 1.000000000000000082E-05 ), #3022, 'distance_accuracy_value', 'NONE');
#2581 = DIRECTION ( 'NONE',  ( -1.000000000000000000, -2.891205793294678326E-16, 0.000000000000000000 ) ) ;
#2582 = EDGE_LOOP ( 'NONE', ( #1193 ) ) ;
#2583 = CARTESIAN_POINT ( 'NONE',  ( 13.20000000000000284, 1.550000000000003819, 15.00000000000000000 ) ) ;
#2584 = DIRECTION ( 'NONE',  ( -1.000000000000000000, 0.000000000000000000, 0.000000000000000000 ) ) ;
#2585 = CARTESIAN_POINT ( 'NONE',  ( 38.40000000000000568, 14.75000000000000355, 59.40000000000000568 ) ) ;
#2586 = EDGE_LOOP ( 'NONE', ( #2304, #1669, #2355, #2854, #2919, #1988 ) ) ;
#2587 = EDGE_CURVE ( 'NONE', #1184, #1184, #352, .T. ) ;
#2588 = MECHANICAL_DESIGN_GEOMETRIC_PRESENTATION_REPRESENTATION (  '', ( #1044 ), #3045 ) ;
#2589 = PRESENTATION_LAYER_ASSIGNMENT (  '', '', ( #731 ) ) ;
#2590 = VECTOR ( 'NONE', #240, 1000.000000000000000 ) ;
#2591 = STYLED_ITEM ( 'NONE', ( #2525 ), #680 ) ;
#2592 = FILL_AREA_STYLE_COLOUR ( '', #2609 ) ;
#2593 = VERTEX_POINT ( 'NONE', #1413 ) ;
#2594 = FILL_AREA_STYLE_COLOUR ( '', #1435 ) ;
#2595 = EDGE_CURVE ( 'NONE', #2593, #2142, #1892, .T. ) ;
#2596 = VECTOR ( 'NONE', #134, 1000.000000000000000 ) ;
#2597 = CARTESIAN_POINT ( 'NONE',  ( 0.000000000000000000, 0.000000000000000000, 69.40000000000001990 ) ) ;
#2598 = DIRECTION ( 'NONE',  ( -1.000000000000000000, 0.000000000000000000, 0.000000000000000000 ) ) ;
#2599 = VECTOR ( 'NONE', #28, 1000.000000000000000 ) ;
#2600 = VECTOR ( 'NONE', #1301, 1000.000000000000000 ) ;
#2601 = CIRCLE ( 'NONE', #1176, 1.550000000000002709 ) ;
#2602 = FACE_OUTER_BOUND ( 'NONE', #2230, .T. ) ;
#2603 = CARTESIAN_POINT ( 'NONE',  ( -3.000000000000002665, 33.00000000000000000, 50.59273534653674176 ) ) ;
#2604 = DIRECTION ( 'NONE',  ( 0.000000000000000000, 0.000000000000000000, -1.000000000000000000 ) ) ;
#2605 = AXIS2_PLACEMENT_3D ( 'NONE', #2536, #1033, #520 ) ;
#2606 = ORIENTED_EDGE ( 'NONE', *, *, #2943, .F. ) ;
#2607 =( GEOMETRIC_REPRESENTATION_CONTEXT ( 3 ) GLOBAL_UNCERTAINTY_ASSIGNED_CONTEXT ( ( #2654 ) ) GLOBAL_UNIT_ASSIGNED_CONTEXT ( ( #2245, #3337, #1061 ) ) REPRESENTATION_CONTEXT ( 'NONE', 'WORKASPACE' ) );
#2608 =( NAMED_UNIT ( * ) PLANE_ANGLE_UNIT ( ) SI_UNIT ( $, .RADIAN. ) );
#2609 = COLOUR_RGB ( '',0.5999999999999999778, 0.1607843137254901800, 0.7529411764705882248 ) ;
#2610 = VERTEX_POINT ( 'NONE', #318 ) ;
#2611 = CYLINDRICAL_SURFACE ( 'NONE', #3161, 4.999999999999997335 ) ;
#2612 = EDGE_LOOP ( 'NONE', ( #2785 ) ) ;
#2613 = SURFACE_SIDE_STYLE ('',( #2913 ) ) ;
#2614 = ADVANCED_FACE ( 'NONE', ( #1914 ), #69, .T. ) ;
#2615 = EDGE_LOOP ( 'NONE', ( #1145, #1037, #1155, #1558 ) ) ;
#2616 =( NAMED_UNIT ( * ) PLANE_ANGLE_UNIT ( ) SI_UNIT ( $, .RADIAN. ) );
#2617 = EDGE_CURVE ( 'NONE', #1667, #2428, #1905, .T. ) ;
#2618 = CYLINDRICAL_SURFACE ( 'NONE', #242, 5.000000000000000888 ) ;
#2619 =( NAMED_UNIT ( * ) PLANE_ANGLE_UNIT ( ) SI_UNIT ( $, .RADIAN. ) );
#2620 =( NAMED_UNIT ( * ) PLANE_ANGLE_UNIT ( ) SI_UNIT ( $, .RADIAN. ) );
#2621 = UNCERTAINTY_MEASURE_WITH_UNIT (LENGTH_MEASURE( 1.000000000000000082E-05 ), #2948, 'distance_accuracy_value', 'NONE');
#2622 =( LENGTH_UNIT ( ) NAMED_UNIT ( * ) SI_UNIT ( .MILLI., .METRE. ) );
#2623 = ORIENTED_EDGE ( 'NONE', *, *, #435, .F. ) ;
#2624 = SURFACE_STYLE_USAGE ( .BOTH. , #875 ) ;
#2625 = CARTESIAN_POINT ( 'NONE',  ( 20.20000000000000284, -5.449999999999994849, 25.00000000000001066 ) ) ;
#2626 = FILL_AREA_STYLE ('',( #2308 ) ) ;
#2627 = FILL_AREA_STYLE ('',( #1607 ) ) ;
#2628 = ORIENTED_EDGE ( 'NONE', *, *, #1719, .T. ) ;
#2629 = DIRECTION ( 'NONE',  ( 0.000000000000000000, 0.000000000000000000, -1.000000000000000000 ) ) ;
#2630 = CARTESIAN_POINT ( 'NONE',  ( -3.000000000000002665, 9.999999999999991118, 3.469446951953614189E-15 ) ) ;
#2631 =( LENGTH_UNIT ( ) NAMED_UNIT ( * ) SI_UNIT ( .MILLI., .METRE. ) );
#2632 =( NAMED_UNIT ( * ) SI_UNIT ( $, .STERADIAN. ) SOLID_ANGLE_UNIT ( ) );
#2633 = SURFACE_SIDE_STYLE ('',( #2103 ) ) ;
#2634 = FILL_AREA_STYLE ('',( #1648 ) ) ;
#2635 = EDGE_CURVE ( 'NONE', #1546, #32, #999, .T. ) ;
#2636 = CARTESIAN_POINT ( 'NONE',  ( 40.40000000000000568, 0.000000000000000000, 0.000000000000000000 ) ) ;
#2637 = PRESENTATION_LAYER_ASSIGNMENT (  '', '', ( #2521 ) ) ;
#2638 = VERTEX_POINT ( 'NONE', #348 ) ;
#2639 =( LENGTH_UNIT ( ) NAMED_UNIT ( * ) SI_UNIT ( .MILLI., .METRE. ) );
#2640 = ORIENTED_EDGE ( 'NONE', *, *, #2309, .T. ) ;
#2641 =( GEOMETRIC_REPRESENTATION_CONTEXT ( 3 ) GLOBAL_UNCERTAINTY_ASSIGNED_CONTEXT ( ( #3014 ) ) GLOBAL_UNIT_ASSIGNED_CONTEXT ( ( #2847, #3094, #42 ) ) REPRESENTATION_CONTEXT ( 'NONE', 'WORKASPACE' ) );
#2642 = DIRECTION ( 'NONE',  ( -1.000000000000000000, -0.000000000000000000, 0.000000000000000000 ) ) ;
#2643 = ORIENTED_EDGE ( 'NONE', *, *, #1422, .T. ) ;
#2644 = PRESENTATION_LAYER_ASSIGNMENT (  '', '', ( #788 ) ) ;
#2645 = CARTESIAN_POINT ( 'NONE',  ( 0.2113248654051863851, -8.451012646515987825, 18.90192378864669820 ) ) ;
#2646 = MECHANICAL_DESIGN_GEOMETRIC_PRESENTATION_REPRESENTATION (  '', ( #2534 ), #1104 ) ;
#2647 =( LENGTH_UNIT ( ) NAMED_UNIT ( * ) SI_UNIT ( .MILLI., .METRE. ) );
#2648 = VECTOR ( 'NONE', #2139, 1000.000000000000000 ) ;
#2649 = MECHANICAL_DESIGN_GEOMETRIC_PRESENTATION_REPRESENTATION (  '', ( #25 ), #1539 ) ;
#2650 = EDGE_LOOP ( 'NONE', ( #2038 ) ) ;
#2651 = STYLED_ITEM ( 'NONE', ( #1627 ), #2614 ) ;
#2652 = DIRECTION ( 'NONE',  ( -0.000000000000000000, -2.602085213965210642E-16, -1.000000000000000000 ) ) ;
#2653 = AXIS2_PLACEMENT_3D ( 'NONE', #1959, #1929, #2734 ) ;
#2654 = UNCERTAINTY_MEASURE_WITH_UNIT (LENGTH_MEASURE( 1.000000000000000082E-05 ), #2245, 'distance_accuracy_value', 'NONE');
#2655 = EDGE_CURVE ( 'NONE', #698, #698, #199, .T. ) ;
#2656 =( NAMED_UNIT ( * ) SI_UNIT ( $, .STERADIAN. ) SOLID_ANGLE_UNIT ( ) );
#2657 = COLOUR_RGB ( '',0.5999999999999999778, 0.1607843137254901800, 0.7529411764705882248 ) ;
#2658 = AXIS2_PLACEMENT_3D ( 'NONE', #531, #2846, #1066 ) ;
#2659 = DIRECTION ( 'NONE',  ( 0.000000000000000000, 0.000000000000000000, -1.000000000000000000 ) ) ;
#2660 = VERTEX_POINT ( 'NONE', #438 ) ;
#2661 = EDGE_CURVE ( 'NONE', #968, #1250, #3021, .T. ) ;
#2662 = MECHANICAL_DESIGN_GEOMETRIC_PRESENTATION_REPRESENTATION (  '', ( #3002 ), #1849 ) ;
#2663 = MECHANICAL_DESIGN_GEOMETRIC_PRESENTATION_REPRESENTATION (  '', ( #1701 ), #255 ) ;
#2664 = FACE_BOUND ( 'NONE', #2067, .T. ) ;
#2665 = ORIENTED_EDGE ( 'NONE', *, *, #1727, .T. ) ;
#2666 = VECTOR ( 'NONE', #611, 1000.000000000000000 ) ;
#2667 = DIRECTION ( 'NONE',  ( 0.000000000000000000, 1.000000000000000000, 0.000000000000000000 ) ) ;
#2668 = CARTESIAN_POINT ( 'NONE',  ( 26.90000000000000213, 14.75000000000000355, 25.00000000000000711 ) ) ;
#2669 = DIRECTION ( 'NONE',  ( 0.000000000000000000, 5.178214303060928026E-15, -1.000000000000000000 ) ) ;
#2670 = EDGE_LOOP ( 'NONE', ( #2481 ) ) ;
#2671 = PLANE ( 'NONE',  #793 ) ;
#2672 = DIRECTION ( 'NONE',  ( -1.000000000000000000, 0.000000000000000000, 0.000000000000000000 ) ) ;
#2673 = EDGE_LOOP ( 'NONE', ( #3133, #1118, #2881, #2187 ) ) ;
#2674 = DIRECTION ( 'NONE',  ( 0.000000000000000000, -3.469446951953614682E-16, -1.000000000000000000 ) ) ;
#2675 =( NAMED_UNIT ( * ) SI_UNIT ( $, .STERADIAN. ) SOLID_ANGLE_UNIT ( ) );
#2676 = DIRECTION ( 'NONE',  ( -1.000000000000000000, -2.891205793294678326E-16, -0.000000000000000000 ) ) ;
#2677 = CARTESIAN_POINT ( 'NONE',  ( 2.000000000000000000, -7.000000000000000000, 1.550000000000000044 ) ) ;
#2678 = SURFACE_STYLE_FILL_AREA ( #2743 ) ;
#2679 = ORIENTED_EDGE ( 'NONE', *, *, #1826, .T. ) ;
#2680 = EDGE_CURVE ( 'NONE', #1234, #83, #1330, .T. ) ;
#2681 = FACE_OUTER_BOUND ( 'NONE', #1086, .T. ) ;
#2682 = FILL_AREA_STYLE_COLOUR ( '', #2328 ) ;
#2683 = ORIENTED_EDGE ( 'NONE', *, *, #207, .F. ) ;
#2684 = SURFACE_SIDE_STYLE ('',( #650 ) ) ;
#2685 = DIRECTION ( 'NONE',  ( 0.000000000000000000, 0.000000000000000000, -1.000000000000000000 ) ) ;
#2686 = ORIENTED_EDGE ( 'NONE', *, *, #2176, .F. ) ;
#2687 = CARTESIAN_POINT ( 'NONE',  ( 38.40000000000000568, 7.000000000000000000, 0.000000000000000000 ) ) ;
#2688 = UNCERTAINTY_MEASURE_WITH_UNIT (LENGTH_MEASURE( 1.000000000000000082E-05 ), #600, 'distance_accuracy_value', 'NONE');
#2689 =( LENGTH_UNIT ( ) NAMED_UNIT ( * ) SI_UNIT ( .MILLI., .METRE. ) );
#2690 =( NAMED_UNIT ( * ) SI_UNIT ( $, .STERADIAN. ) SOLID_ANGLE_UNIT ( ) );
#2691 = CYLINDRICAL_SURFACE ( 'NONE', #2811, 1.550000000000001821 ) ;
#2692 = CARTESIAN_POINT ( 'NONE',  ( 38.40000000000000568, 0.000000000000000000, -5.450000000000000178 ) ) ;
#2693 = EDGE_LOOP ( 'NONE', ( #113, #288, #3084, #744, #3235, #2504, #2016, #2736, #332, #872 ) ) ;
#2694 = STYLED_ITEM ( 'NONE', ( #2094 ), #2013 ) ;
#2695 = CARTESIAN_POINT ( 'NONE',  ( 2.000000000000000000, 7.000000000000000000, 0.000000000000000000 ) ) ;
#2696 = CARTESIAN_POINT ( 'NONE',  ( 43.40000000000000568, 10.00000000000000000, -9.999999999999998224 ) ) ;
#2697 = EDGE_CURVE ( 'NONE', #1562, #328, #3007, .T. ) ;
#2698 = CARTESIAN_POINT ( 'NONE',  ( -2.735322495582981350, -5.456017558195799921, 19.73532249558303420 ) ) ;
#2699 = ORIENTED_EDGE ( 'NONE', *, *, #3069, .T. ) ;
#2700 = AXIS2_PLACEMENT_3D ( 'NONE', #3231, #2357, #2676 ) ;
#2701 = CARTESIAN_POINT ( 'NONE',  ( 43.06003763391043293, -6.911290848002741072, 15.93381854129442843 ) ) ;
#2702 = PRESENTATION_LAYER_ASSIGNMENT (  '', '', ( #990 ) ) ;
#2703 = FILL_AREA_STYLE_COLOUR ( '', #1121 ) ;
#2704 = STYLED_ITEM ( 'NONE', ( #1063 ), #2290 ) ;
#2705 = EDGE_LOOP ( 'NONE', ( #715 ) ) ;
#2706 = CARTESIAN_POINT ( 'NONE',  ( -0.8570226039551355202, -9.040440114519897818, 17.00000000000001421 ) ) ;
#2707 = CIRCLE ( 'NONE', #2105, 3.550000000000001155 ) ;
#2708 = STYLED_ITEM ( 'NONE', ( #2097 ), #964 ) ;
#2709 = DIRECTION ( 'NONE',  ( -1.000000000000000000, -0.000000000000000000, -0.000000000000000000 ) ) ;
#2710 =( NAMED_UNIT ( * ) PLANE_ANGLE_UNIT ( ) SI_UNIT ( $, .RADIAN. ) );
#2711 = STYLED_ITEM ( 'NONE', ( #319 ), #1360 ) ;
#2712 = CARTESIAN_POINT ( 'NONE',  ( 40.40000000000000568, 10.00000000000000000, 2.250000000000035083 ) ) ;
#2713 = VERTEX_POINT ( 'NONE', #2426 ) ;
#2714 = CIRCLE ( 'NONE', #2605, 1.550000000000000933 ) ;
#2715 = CARTESIAN_POINT ( 'NONE',  ( 1.999999999999994893, 19.75000000000000355, 59.40000000000000568 ) ) ;
#2716 = DIRECTION ( 'NONE',  ( 0.000000000000000000, -1.000000000000000000, 0.000000000000000000 ) ) ;
#2717 = FACE_BOUND ( 'NONE', #1056, .T. ) ;
#2718 = ORIENTED_EDGE ( 'NONE', *, *, #56, .F. ) ;
#2719 = CIRCLE ( 'NONE', #2171, 5.025062814466900285 ) ;
#2720 = EDGE_CURVE ( 'NONE', #3334, #473, #1206, .T. ) ;
#2721 = LINE ( 'NONE', #432, #1963 ) ;
#2722 = DIRECTION ( 'NONE',  ( 0.000000000000000000, 0.000000000000000000, -1.000000000000000000 ) ) ;
#2723 = CYLINDRICAL_SURFACE ( 'NONE', #3060, 5.000000000000000888 ) ;
#2724 = EDGE_CURVE ( 'NONE', #1468, #1468, #3211, .T. ) ;
#2725 = UNCERTAINTY_MEASURE_WITH_UNIT (LENGTH_MEASURE( 1.000000000000000082E-05 ), #3075, 'distance_accuracy_value', 'NONE');
#2726 = PRESENTATION_STYLE_ASSIGNMENT (( #1704 ) ) ;
#2727 = FACE_OUTER_BOUND ( 'NONE', #723, .T. ) ;
#2728 = ORIENTED_EDGE ( 'NONE', *, *, #496, .F. ) ;
#2729 =( NAMED_UNIT ( * ) PLANE_ANGLE_UNIT ( ) SI_UNIT ( $, .RADIAN. ) );
#2730 = VERTEX_POINT ( 'NONE', #1954 ) ;
#2731 =( NAMED_UNIT ( * ) PLANE_ANGLE_UNIT ( ) SI_UNIT ( $, .RADIAN. ) );
#2732 = ORIENTED_EDGE ( 'NONE', *, *, #638, .T. ) ;
#2733 = FILL_AREA_STYLE_COLOUR ( '', #748 ) ;
#2734 = DIRECTION ( 'NONE',  ( 0.000000000000000000, 0.000000000000000000, -1.000000000000000000 ) ) ;
#2735 = PRESENTATION_STYLE_ASSIGNMENT (( #940 ) ) ;
#2736 = ORIENTED_EDGE ( 'NONE', *, *, #1215, .T. ) ;
#2737 = FACE_OUTER_BOUND ( 'NONE', #2612, .T. ) ;
#2738 = CARTESIAN_POINT ( 'NONE',  ( 20.20000000000000284, 7.000000000000003553, 69.40000000000001990 ) ) ;
#2739 =( LENGTH_UNIT ( ) NAMED_UNIT ( * ) SI_UNIT ( .MILLI., .METRE. ) );
#2740 =( NAMED_UNIT ( * ) SI_UNIT ( $, .STERADIAN. ) SOLID_ANGLE_UNIT ( ) );
#2741 = EDGE_CURVE ( 'NONE', #1164, #689, #915, .T. ) ;
#2742 = DIRECTION ( 'NONE',  ( -1.000000000000000000, 0.000000000000000000, 0.000000000000000000 ) ) ;
#2743 = FILL_AREA_STYLE ('',( #894 ) ) ;
#2744 = ORIENTED_EDGE ( 'NONE', *, *, #207, .T. ) ;
#2745 = DIRECTION ( 'NONE',  ( 0.000000000000000000, 0.000000000000000000, 1.000000000000000000 ) ) ;
#2746 = FILL_AREA_STYLE ('',( #389 ) ) ;
#2747 =( NAMED_UNIT ( * ) PLANE_ANGLE_UNIT ( ) SI_UNIT ( $, .RADIAN. ) );
#2748 = ORIENTED_EDGE ( 'NONE', *, *, #1178, .F. ) ;
#2749 = MECHANICAL_DESIGN_GEOMETRIC_PRESENTATION_REPRESENTATION (  '', ( #1526 ), #1575 ) ;
#2750 = DIRECTION ( 'NONE',  ( -1.000000000000000000, -0.000000000000000000, -0.000000000000000000 ) ) ;
#2751 = CARTESIAN_POINT ( 'NONE',  ( 43.40000000000001279, -5.050252531694154001, 15.00000000000000355 ) ) ;
#2752 = SURFACE_STYLE_FILL_AREA ( #1192 ) ;
#2753 = PRESENTATION_LAYER_ASSIGNMENT (  '', '', ( #1537 ) ) ;
#2754 = APPLICATION_CONTEXT ( 'automotive_design' ) ;
#2755 = PRESENTATION_LAYER_ASSIGNMENT (  '', '', ( #1100 ) ) ;
#2756 = CARTESIAN_POINT ( 'NONE',  ( 43.40000000000000568, 0.000000000000000000, 0.000000000000000000 ) ) ;
#2757 = CARTESIAN_POINT ( 'NONE',  ( 1.999999999999997335, -10.00000000000000178, 69.40000000000001990 ) ) ;
#2758 = AXIS2_PLACEMENT_3D ( 'NONE', #177, #468, #1499 ) ;
#2759 = EDGE_CURVE ( 'NONE', #643, #643, #2822, .T. ) ;
#2760 = MECHANICAL_DESIGN_GEOMETRIC_PRESENTATION_REPRESENTATION (  '', ( #3309 ), #1384 ) ;
#2761 =( GEOMETRIC_REPRESENTATION_CONTEXT ( 3 ) GLOBAL_UNCERTAINTY_ASSIGNED_CONTEXT ( ( #419 ) ) GLOBAL_UNIT_ASSIGNED_CONTEXT ( ( #2918, #338, #2351 ) ) REPRESENTATION_CONTEXT ( 'NONE', 'WORKASPACE' ) );
#2762 = UNCERTAINTY_MEASURE_WITH_UNIT (LENGTH_MEASURE( 1.000000000000000082E-05 ), #2739, 'distance_accuracy_value', 'NONE');
#2763 = FILL_AREA_STYLE ('',( #1754 ) ) ;
#2764 = EDGE_LOOP ( 'NONE', ( #1594, #1865, #861, #1610, #636, #325 ) ) ;
#2765 = VECTOR ( 'NONE', #1291, 1000.000000000000000 ) ;
#2766 = EDGE_CURVE ( 'NONE', #2928, #1293, #2468, .T. ) ;
#2767 =( NAMED_UNIT ( * ) SI_UNIT ( $, .STERADIAN. ) SOLID_ANGLE_UNIT ( ) );
#2768 = AXIS2_PLACEMENT_3D ( 'NONE', #614, #1712, #2217 ) ;
#2769 = CARTESIAN_POINT ( 'NONE',  ( 15.18071187457697491, -21.46876861950505955, 20.00000000000001421 ) ) ;
#2770 = CIRCLE ( 'NONE', #2823, 5.000000000000000000 ) ;
#2771 = CARTESIAN_POINT ( 'NONE',  ( 38.90000000000000568, 16.74999999999999645, 25.00000000000000711 ) ) ;
#2772 = ORIENTED_EDGE ( 'NONE', *, *, #3286, .T. ) ;
#2773 =( GEOMETRIC_REPRESENTATION_CONTEXT ( 3 ) GLOBAL_UNCERTAINTY_ASSIGNED_CONTEXT ( ( #382 ) ) GLOBAL_UNIT_ASSIGNED_CONTEXT ( ( #2437, #2231, #1990 ) ) REPRESENTATION_CONTEXT ( 'NONE', 'WORKASPACE' ) );
#2774 = COLOUR_RGB ( '',0.5999999999999999778, 0.1607843137254901800, 0.7529411764705882248 ) ;
#2775 = LINE ( 'NONE', #2544, #1908 ) ;
#2776 = SURFACE_SIDE_STYLE ('',( #412 ) ) ;
#2777 = CIRCLE ( 'NONE', #1451, 1.550000000000000266 ) ;
#2778 = FILL_AREA_STYLE ('',( #976 ) ) ;
#2779 = LINE ( 'NONE', #3246, #2828 ) ;
#2780 = DIRECTION ( 'NONE',  ( 0.000000000000000000, 0.000000000000000000, 1.000000000000000000 ) ) ;
#2781 = FILL_AREA_STYLE_COLOUR ( '', #1886 ) ;
#2782 = EDGE_LOOP ( 'NONE', ( #2276 ) ) ;
#2783 = CARTESIAN_POINT ( 'NONE',  ( -1.901923788646687319, -10.00000000000000000, 14.59807621135332667 ) ) ;
#2784 = FACE_OUTER_BOUND ( 'NONE', #1711, .T. ) ;
#2785 = ORIENTED_EDGE ( 'NONE', *, *, #1826, .F. ) ;
#2786 = EDGE_CURVE ( 'NONE', #1802, #1062, #1190, .T. ) ;
#2787 = LINE ( 'NONE', #1553, #471 ) ;
#2788 = PRESENTATION_STYLE_ASSIGNMENT (( #2022 ) ) ;
#2789 = CARTESIAN_POINT ( 'NONE',  ( 1.999999999999997335, 14.75000000000000355, 25.00000000000000711 ) ) ;
#2790 = FACE_OUTER_BOUND ( 'NONE', #2262, .T. ) ;
#2791 = EDGE_LOOP ( 'NONE', ( #3254 ) ) ;
#2792 = CARTESIAN_POINT ( 'NONE',  ( 0.9433756729740655489, -6.639279330798341761, 20.00000000000001421 ) ) ;
#2793 = CARTESIAN_POINT ( 'NONE',  ( 43.40000000000000568, -10.00000000000000000, 1.734723475976807094E-15 ) ) ;
#2794 = FACE_BOUND ( 'NONE', #1308, .T. ) ;
#2795 = ORIENTED_EDGE ( 'NONE', *, *, #1002, .F. ) ;
#2796 = DIRECTION ( 'NONE',  ( 0.000000000000000000, 0.000000000000000000, 1.000000000000000000 ) ) ;
#2797 =( LENGTH_UNIT ( ) NAMED_UNIT ( * ) SI_UNIT ( .MILLI., .METRE. ) );
#2798 = CARTESIAN_POINT ( 'NONE',  ( 39.45662432702594913, -6.992832721391619266, 20.00000000000000711 ) ) ;
#2799 = ORIENTED_EDGE ( 'NONE', *, *, #2848, .T. ) ;
#2800 = LINE ( 'NONE', #540, #2599 ) ;
#2801 = ADVANCED_FACE ( 'NONE', ( #446, #2737 ), #190, .F. ) ;
#2802 = CARTESIAN_POINT ( 'NONE',  ( 40.03192302689560478, -8.639011301021154665, 18.61288091043378401 ) ) ;
#2803 = SURFACE_SIDE_STYLE ('',( #1820 ) ) ;
#2804 = AXIS2_PLACEMENT_3D ( 'NONE', #349, #2346, #1386 ) ;
#2805 = PLANE ( 'NONE',  #2420 ) ;
#2806 = EDGE_CURVE ( 'NONE', #1179, #594, #2721, .T. ) ;
#2807 = VECTOR ( 'NONE', #569, 1000.000000000000000 ) ;
#2808 =( LENGTH_UNIT ( ) NAMED_UNIT ( * ) SI_UNIT ( .MILLI., .METRE. ) );
#2809 = COLOUR_RGB ( '',0.5999999999999999778, 0.1607843137254901800, 0.7529411764705882248 ) ;
#2810 = FACE_OUTER_BOUND ( 'NONE', #2982, .T. ) ;
#2811 = AXIS2_PLACEMENT_3D ( 'NONE', #2226, #711, #1706 ) ;
#2812 = CARTESIAN_POINT ( 'NONE',  ( -27.59999999999999787, 19.75000000000000355, 20.00000000000000711 ) ) ;
#2813 = COLOUR_RGB ( '',0.5999999999999999778, 0.1607843137254901800, 0.7529411764705882248 ) ;
#2814 =( NAMED_UNIT ( * ) SI_UNIT ( $, .STERADIAN. ) SOLID_ANGLE_UNIT ( ) );
#2815 = ORIENTED_EDGE ( 'NONE', *, *, #1670, .F. ) ;
#2816 = VECTOR ( 'NONE', #447, 1000.000000000000000 ) ;
#2817 = SURFACE_SIDE_STYLE ('',( #811 ) ) ;
#2818 = DIRECTION ( 'NONE',  ( 0.000000000000000000, 1.000000000000000000, 0.000000000000000000 ) ) ;
#2819 = CARTESIAN_POINT ( 'NONE',  ( -0.8480495370703451385, -8.496134506483903337, 17.84804953707113029 ) ) ;
#2820 = EDGE_LOOP ( 'NONE', ( #2728, #3186, #1956, #941, #375, #283, #959, #2107, #1962, #3201, #683, #1433, #2227, #59 ) ) ;
#2821 = AXIS2_PLACEMENT_3D ( 'NONE', #2135, #1339, #3189 ) ;
#2822 = CIRCLE ( 'NONE', #1049, 10.00000000000000000 ) ;
#2823 = AXIS2_PLACEMENT_3D ( 'NONE', #2166, #1034, #2501 ) ;
#2824 = DIRECTION ( 'NONE',  ( 0.000000000000000000, 0.000000000000000000, -1.000000000000000000 ) ) ;
#2825 = CARTESIAN_POINT ( 'NONE',  ( 40.40000000000005542, -9.999999999999980460, 17.00000000000000000 ) ) ;
#2826 =( LENGTH_UNIT ( ) NAMED_UNIT ( * ) SI_UNIT ( .MILLI., .METRE. ) );
#2827 = MECHANICAL_DESIGN_GEOMETRIC_PRESENTATION_REPRESENTATION (  '', ( #1446 ), #359 ) ;
#2828 = VECTOR ( 'NONE', #694, 1000.000000000000000 ) ;
#2829 =( GEOMETRIC_REPRESENTATION_CONTEXT ( 3 ) GLOBAL_UNCERTAINTY_ASSIGNED_CONTEXT ( ( #548 ) ) GLOBAL_UNIT_ASSIGNED_CONTEXT ( ( #2797, #778, #47 ) ) REPRESENTATION_CONTEXT ( 'NONE', 'WORKASPACE' ) );
#2830 = CARTESIAN_POINT ( 'NONE',  ( 0.000000000000000000, 23.74999999999999645, 15.00000000000000711 ) ) ;
#2831 = PRESENTATION_LAYER_ASSIGNMENT (  '', '', ( #3327 ) ) ;
#2832 = DIRECTION ( 'NONE',  ( 1.000000000000000000, 0.000000000000000000, 0.000000000000000000 ) ) ;
#2833 = EDGE_CURVE ( 'NONE', #1317, #1812, #2800, .T. ) ;
#2834 = FILL_AREA_STYLE_COLOUR ( '', #132 ) ;
#2835 = ORIENTED_EDGE ( 'NONE', *, *, #747, .F. ) ;
#2836 = SURFACE_STYLE_USAGE ( .BOTH. , #2000 ) ;
#2837 = DIRECTION ( 'NONE',  ( 0.000000000000000000, 0.000000000000000000, -1.000000000000000000 ) ) ;
#2838 =( NAMED_UNIT ( * ) PLANE_ANGLE_UNIT ( ) SI_UNIT ( $, .RADIAN. ) );
#2839 = EDGE_LOOP ( 'NONE', ( #2683, #1511, #762, #2699 ) ) ;
#2840 = CARTESIAN_POINT ( 'NONE',  ( 20.20000000000000284, -6.999999999999996447, 61.40000000000001279 ) ) ;
#2841 = CARTESIAN_POINT ( 'NONE',  ( 41.24804953707086952, -8.849687897077183507, 17.84804953706854747 ) ) ;
#2842 = DIRECTION ( 'NONE',  ( -0.8164965809277262565, 0.5773502691896256200, -1.071651080432506572E-16 ) ) ;
#2843 = ORIENTED_EDGE ( 'NONE', *, *, #2030, .F. ) ;
#2844 = DIRECTION ( 'NONE',  ( 0.000000000000000000, 0.000000000000000000, -1.000000000000000000 ) ) ;
#2845 = CARTESIAN_POINT ( 'NONE',  ( 38.40000000000000568, 0.000000000000000000, -7.000000000000000000 ) ) ;
#2846 = DIRECTION ( 'NONE',  ( -1.000000000000000000, -0.000000000000000000, -0.000000000000000000 ) ) ;
#2847 =( LENGTH_UNIT ( ) NAMED_UNIT ( * ) SI_UNIT ( .MILLI., .METRE. ) );
#2848 = EDGE_CURVE ( 'NONE', #3321, #137, #2265, .T. ) ;
#2849 = SURFACE_STYLE_USAGE ( .BOTH. , #2088 ) ;
#2850 = ORIENTED_EDGE ( 'NONE', *, *, #2215, .F. ) ;
#2851 = APPLICATION_CONTEXT ( 'automotive_design' ) ;
#2852 = VERTEX_POINT ( 'NONE', #1572 ) ;
#2853 = FACE_BOUND ( 'NONE', #558, .T. ) ;
#2854 = ORIENTED_EDGE ( 'NONE', *, *, #943, .F. ) ;
#2855 = DIRECTION ( 'NONE',  ( 0.000000000000000000, 0.000000000000000000, -1.000000000000000000 ) ) ;
#2856 = CARTESIAN_POINT ( 'NONE',  ( 43.40000000000000568, 0.000000000000000000, 5.000000000000009770 ) ) ;
#2857 = ORIENTED_EDGE ( 'NONE', *, *, #263, .T. ) ;
#2858 = SURFACE_STYLE_FILL_AREA ( #1806 ) ;
#2859 =( GEOMETRIC_REPRESENTATION_CONTEXT ( 3 ) GLOBAL_UNCERTAINTY_ASSIGNED_CONTEXT ( ( #315 ) ) GLOBAL_UNIT_ASSIGNED_CONTEXT ( ( #1160, #1142, #2675 ) ) REPRESENTATION_CONTEXT ( 'NONE', 'WORKASPACE' ) );
#2860 = MECHANICAL_DESIGN_GEOMETRIC_PRESENTATION_REPRESENTATION (  '', ( #2694 ), #10 ) ;
#2861 = DIRECTION ( 'NONE',  ( 0.000000000000000000, 0.000000000000000000, -1.000000000000000000 ) ) ;
#2862 = UNCERTAINTY_MEASURE_WITH_UNIT (LENGTH_MEASURE( 1.000000000000000082E-05 ), #827, 'distance_accuracy_value', 'NONE');
#2863 = DIRECTION ( 'NONE',  ( 0.000000000000000000, 0.000000000000000000, 1.000000000000000000 ) ) ;
#2864 = EDGE_LOOP ( 'NONE', ( #782 ) ) ;
#2865 = CIRCLE ( 'NONE', #1947, 5.000000000000004441 ) ;
#2866 = EDGE_CURVE ( 'NONE', #1533, #2968, #634, .T. ) ;
#2867 = FILL_AREA_STYLE_COLOUR ( '', #560 ) ;
#2868 = MECHANICAL_DESIGN_GEOMETRIC_PRESENTATION_REPRESENTATION (  '', ( #990 ), #3205 ) ;
#2869 = VERTEX_POINT ( 'NONE', #573 ) ;
#2870 = FILL_AREA_STYLE ('',( #48 ) ) ;
#2871 = SURFACE_SIDE_STYLE ('',( #2927 ) ) ;
#2872 = EDGE_LOOP ( 'NONE', ( #2210, #1880, #989, #1680 ) ) ;
#2873 = AXIS2_PLACEMENT_3D ( 'NONE', #2757, #54, #3290 ) ;
#2874 =( GEOMETRIC_REPRESENTATION_CONTEXT ( 3 ) GLOBAL_UNCERTAINTY_ASSIGNED_CONTEXT ( ( #1126 ) ) GLOBAL_UNIT_ASSIGNED_CONTEXT ( ( #1028, #1554, #3338 ) ) REPRESENTATION_CONTEXT ( 'NONE', 'WORKASPACE' ) );
#2875 = EDGE_CURVE ( 'NONE', #457, #2318, #2775, .T. ) ;
#2876 = DIRECTION ( 'NONE',  ( -1.000000000000000000, 0.000000000000000000, 0.000000000000000000 ) ) ;
#2877 = PRESENTATION_LAYER_ASSIGNMENT (  '', '', ( #1165 ) ) ;
#2878 = CARTESIAN_POINT ( 'NONE',  ( 13.20000000000000284, 3.469446951953615767E-15, 69.40000000000001990 ) ) ;
#2879 = AXIS2_PLACEMENT_3D ( 'NONE', #1252, #222, #1039 ) ;
#2880 = DIRECTION ( 'NONE',  ( 0.000000000000000000, 1.000000000000000000, 0.000000000000000000 ) ) ;
#2881 = ORIENTED_EDGE ( 'NONE', *, *, #1178, .T. ) ;
#2882 = AXIS2_PLACEMENT_3D ( 'NONE', #973, #3255, #393 ) ;
#2883 = STYLED_ITEM ( 'NONE', ( #1187 ), #1075 ) ;
#2884 = LINE ( 'NONE', #585, #1787 ) ;
#2885 = CYLINDRICAL_SURFACE ( 'NONE', #942, 1.550000000000002709 ) ;
#2886 =( GEOMETRIC_REPRESENTATION_CONTEXT ( 3 ) GLOBAL_UNCERTAINTY_ASSIGNED_CONTEXT ( ( #2174 ) ) GLOBAL_UNIT_ASSIGNED_CONTEXT ( ( #114, #322, #2332 ) ) REPRESENTATION_CONTEXT ( 'NONE', 'WORKASPACE' ) );
#2887 = MECHANICAL_DESIGN_GEOMETRIC_PRESENTATION_REPRESENTATION (  '', ( #2011 ), #1696 ) ;
#2888 = AXIS2_PLACEMENT_3D ( 'NONE', #2213, #403, #1441 ) ;
#2889 = VECTOR ( 'NONE', #378, 1000.000000000000000 ) ;
#2890 = CARTESIAN_POINT ( 'NONE',  ( 40.40000000000000568, 0.000000000000000000, 5.000000000000009770 ) ) ;
#2891 = CARTESIAN_POINT ( 'NONE',  ( 26.90000000000000213, 16.74999999999999289, 15.00000000000001066 ) ) ;
#2892 = VERTEX_POINT ( 'NONE', #1769 ) ;
#2893 = PRESENTATION_LAYER_ASSIGNMENT (  '', '', ( #2271 ) ) ;
#2894 = VERTEX_POINT ( 'NONE', #1310 ) ;
#2895 =( NAMED_UNIT ( * ) PLANE_ANGLE_UNIT ( ) SI_UNIT ( $, .RADIAN. ) );
#2896 = DIRECTION ( 'NONE',  ( 0.000000000000000000, 0.000000000000000000, -1.000000000000000000 ) ) ;
#2897 = ORIENTED_EDGE ( 'NONE', *, *, #2806, .F. ) ;
#2898 = FACE_BOUND ( 'NONE', #2331, .T. ) ;
#2899 = ADVANCED_FACE ( 'NONE', ( #1520 ), #1013, .F. ) ;
#2900 = DIRECTION ( 'NONE',  ( 0.000000000000000000, 1.734723475976807094E-16, 1.000000000000000000 ) ) ;
#2901 = SURFACE_STYLE_FILL_AREA ( #103 ) ;
#2902 =( NAMED_UNIT ( * ) PLANE_ANGLE_UNIT ( ) SI_UNIT ( $, .RADIAN. ) );
#2903 = CARTESIAN_POINT ( 'NONE',  ( 43.40000000000000568, 0.000000000000000000, 1.734723475976807094E-15 ) ) ;
#2904 = FILL_AREA_STYLE_COLOUR ( '', #1452 ) ;
#2905 = DIRECTION ( 'NONE',  ( -1.000000000000000000, -0.000000000000000000, 0.000000000000000000 ) ) ;
#2906 = UNCERTAINTY_MEASURE_WITH_UNIT (LENGTH_MEASURE( 1.000000000000000082E-05 ), #65, 'distance_accuracy_value', 'NONE');
#2907 = FACE_OUTER_BOUND ( 'NONE', #581, .T. ) ;
#2908 = CARTESIAN_POINT ( 'NONE',  ( 5.696152422706635576, -10.00000000000000000, 20.00000000000000711 ) ) ;
#2909 = CARTESIAN_POINT ( 'NONE',  ( 2.999999999999997335, -4.797799427400576633, 14.85702260395519403 ) ) ;
#2910 = DIRECTION ( 'NONE',  ( -1.000000000000000000, 0.000000000000000000, 0.000000000000000000 ) ) ;
#2911 = FACE_BOUND ( 'NONE', #3031, .T. ) ;
#2912 = ORIENTED_EDGE ( 'NONE', *, *, #887, .T. ) ;
#2913 = SURFACE_STYLE_FILL_AREA ( #1856 ) ;
#2914 = ORIENTED_EDGE ( 'NONE', *, *, #3147, .T. ) ;
#2915 = CARTESIAN_POINT ( 'NONE',  ( 38.48351899051633751, 16.74999999999999645, 20.41742430504416816 ) ) ;
#2916 = EDGE_CURVE ( 'NONE', #1437, #1437, #1053, .T. ) ;
#2917 = SURFACE_STYLE_FILL_AREA ( #1122 ) ;
#2918 =( LENGTH_UNIT ( ) NAMED_UNIT ( * ) SI_UNIT ( .MILLI., .METRE. ) );
#2919 = ORIENTED_EDGE ( 'NONE', *, *, #2565, .F. ) ;
#2920 = DIRECTION ( 'NONE',  ( -1.000000000000000000, 0.000000000000000000, 0.000000000000000000 ) ) ;
#2921 =( NAMED_UNIT ( * ) PLANE_ANGLE_UNIT ( ) SI_UNIT ( $, .RADIAN. ) );
#2922 = COLOUR_RGB ( '',0.5999999999999999778, 0.1607843137254901800, 0.7529411764705882248 ) ;
#2923 =( NAMED_UNIT ( * ) SI_UNIT ( $, .STERADIAN. ) SOLID_ANGLE_UNIT ( ) );
#2924 = CARTESIAN_POINT ( 'NONE',  ( 20.20000000000000284, -6.999999999999996447, 69.40000000000001990 ) ) ;
#2925 = AXIS2_PLACEMENT_3D ( 'NONE', #1921, #2387, #109 ) ;
#2926 = PRESENTATION_LAYER_ASSIGNMENT (  '', '', ( #2102 ) ) ;
#2927 = SURFACE_STYLE_FILL_AREA ( #3083 ) ;
#2928 = VERTEX_POINT ( 'NONE', #2283 ) ;
#2929 = CARTESIAN_POINT ( 'NONE',  ( 13.20000000000000284, 3.469446951953615767E-15, 69.40000000000001990 ) ) ;
#2930 = CARTESIAN_POINT ( 'NONE',  ( 38.40000000000001279, -10.00000000000000000, 20.00000000000001421 ) ) ;
#2931 = ORIENTED_EDGE ( 'NONE', *, *, #2866, .F. ) ;
#2932 = AXIS2_PLACEMENT_3D ( 'NONE', #2756, #691, #718 ) ;
#2933 = CARTESIAN_POINT ( 'NONE',  ( -3.000000000000002665, 7.000000000000000000, 0.000000000000000000 ) ) ;
#2934 = PRESENTATION_LAYER_ASSIGNMENT (  '', '', ( #565 ) ) ;
#2935 = LINE ( 'NONE', #2369, #3261 ) ;
#2936 = LINE ( 'NONE', #1601, #2257 ) ;
#2937 = EDGE_CURVE ( 'NONE', #3267, #3267, #1498, .T. ) ;
#2938 = EDGE_LOOP ( 'NONE', ( #3028 ) ) ;
#2939 = DIRECTION ( 'NONE',  ( -1.000000000000000000, -0.000000000000000000, -0.000000000000000000 ) ) ;
#2940 = VECTOR ( 'NONE', #3099, 1000.000000000000000 ) ;
#2941 = UNCERTAINTY_MEASURE_WITH_UNIT (LENGTH_MEASURE( 1.000000000000000082E-05 ), #2498, 'distance_accuracy_value', 'NONE');
#2942 = SURFACE_STYLE_USAGE ( .BOTH. , #365 ) ;
#2943 = EDGE_CURVE ( 'NONE', #2713, #2713, #1333, .T. ) ;
#2944 = PRESENTATION_STYLE_ASSIGNMENT (( #2205 ) ) ;
#2945 = CIRCLE ( 'NONE', #3217, 1.550000000000001155 ) ;
#2946 = AXIS2_PLACEMENT_3D ( 'NONE', #436, #1982, #488 ) ;
#2947 = LINE ( 'NONE', #2114, #831 ) ;
#2948 =( LENGTH_UNIT ( ) NAMED_UNIT ( * ) SI_UNIT ( .MILLI., .METRE. ) );
#2949 = AXIS2_PLACEMENT_3D ( 'NONE', #2695, #1203, #701 ) ;
#2950 = STYLED_ITEM ( 'NONE', ( #2788 ), #1771 ) ;
#2951 = EDGE_CURVE ( 'NONE', #2191, #2191, #33, .T. ) ;
#2952 = FACE_OUTER_BOUND ( 'NONE', #1156, .T. ) ;
#2953 = VERTEX_POINT ( 'NONE', #271 ) ;
#2954 = DIRECTION ( 'NONE',  ( -1.000000000000000000, 0.000000000000000000, 0.000000000000000000 ) ) ;
#2955 = SURFACE_STYLE_FILL_AREA ( #2746 ) ;
#2956 =( NAMED_UNIT ( * ) SI_UNIT ( $, .STERADIAN. ) SOLID_ANGLE_UNIT ( ) );
#2957 = ORIENTED_EDGE ( 'NONE', *, *, #3175, .F. ) ;
#2958 = FILL_AREA_STYLE_COLOUR ( '', #2542 ) ;
#2959 = CARTESIAN_POINT ( 'NONE',  ( 42.69663091446386716, -6.722185483668761563, 19.29663091446433754 ) ) ;
#2960 =( LENGTH_UNIT ( ) NAMED_UNIT ( * ) SI_UNIT ( .MILLI., .METRE. ) );
#2961 = ORIENTED_EDGE ( 'NONE', *, *, #2661, .T. ) ;
#2962 = CARTESIAN_POINT ( 'NONE',  ( 27.20000000000000639, 3.469446951953615767E-15, 69.40000000000001990 ) ) ;
#2963 = DIRECTION ( 'NONE',  ( -1.000000000000000000, 0.000000000000000000, 0.000000000000000000 ) ) ;
#2964 = EDGE_CURVE ( 'NONE', #2730, #2730, #2945, .T. ) ;
#2965 = CARTESIAN_POINT ( 'NONE',  ( 1.999999999999997335, 24.75000000000000355, 28.00000000000000000 ) ) ;
#2966 = VERTEX_POINT ( 'NONE', #2460 ) ;
#2967 =( NAMED_UNIT ( * ) SI_UNIT ( $, .STERADIAN. ) SOLID_ANGLE_UNIT ( ) );
#2968 = VERTEX_POINT ( 'NONE', #2312 ) ;
#2969 = DIRECTION ( 'NONE',  ( -1.000000000000000000, -0.000000000000000000, -0.000000000000000000 ) ) ;
#2970 = SURFACE_STYLE_USAGE ( .BOTH. , #912 ) ;
#2971 = CARTESIAN_POINT ( 'NONE',  ( -3.000000000000002665, -4.928270948818376240, 15.12595845812152895 ) ) ;
#2972 = EDGE_LOOP ( 'NONE', ( #278 ) ) ;
#2973 = FILL_AREA_STYLE ('',( #705 ) ) ;
#2974 = CARTESIAN_POINT ( 'NONE',  ( 43.40000000000000568, 10.00000000000000000, 2.250000000000035083 ) ) ;
#2975 = CARTESIAN_POINT ( 'NONE',  ( 2.000000000000000000, 0.000000000000000000, 7.000000000000000000 ) ) ;
#2976 = ORIENTED_EDGE ( 'NONE', *, *, #3193, .F. ) ;
#2977 = CYLINDRICAL_SURFACE ( 'NONE', #2044, 5.000000000000004441 ) ;
#2978 = UNCERTAINTY_MEASURE_WITH_UNIT (LENGTH_MEASURE( 1.000000000000000082E-05 ), #1555, 'distance_accuracy_value', 'NONE');
#2979 = DIRECTION ( 'NONE',  ( 1.000000000000000000, 0.000000000000000000, 0.000000000000000000 ) ) ;
#2980 = CARTESIAN_POINT ( 'NONE',  ( -3.000000000000002665, 7.000000000000000000, 1.550000000000000266 ) ) ;
#2981 = UNCERTAINTY_MEASURE_WITH_UNIT (LENGTH_MEASURE( 1.000000000000000082E-05 ), #1984, 'distance_accuracy_value', 'NONE');
#2982 = EDGE_LOOP ( 'NONE', ( #1687 ) ) ;
#2983 = ADVANCED_FACE ( 'NONE', ( #729 ), #3165, .T. ) ;
#2984 = ORIENTED_EDGE ( 'NONE', *, *, #2786, .T. ) ;
#2985 = FACE_OUTER_BOUND ( 'NONE', #864, .T. ) ;
#2986 = CARTESIAN_POINT ( 'NONE',  ( 1.397301191003598175, -5.862738539588439934, 19.86331361964647968 ) ) ;
#2987 = ORIENTED_EDGE ( 'NONE', *, *, #2655, .F. ) ;
#2988 = EDGE_CURVE ( 'NONE', #1368, #1078, #484, .T. ) ;
#2989 = DIRECTION ( 'NONE',  ( -1.000000000000000000, 0.000000000000000000, 0.000000000000000000 ) ) ;
#2990 = CARTESIAN_POINT ( 'NONE',  ( 39.88393399032146647, -8.230547688726108646, 18.93435305236035404 ) ) ;
#2991 = DIRECTION ( 'NONE',  ( -2.081668171172168829E-14, 0.000000000000000000, 1.000000000000000000 ) ) ;
#2992 = ORIENTED_EDGE ( 'NONE', *, *, #3087, .F. ) ;
#2993 = COLOUR_RGB ( '',0.5999999999999999778, 0.1607843137254901800, 0.7529411764705882248 ) ;
#2994 =( NAMED_UNIT ( * ) SI_UNIT ( $, .STERADIAN. ) SOLID_ANGLE_UNIT ( ) );
#2995 = FILL_AREA_STYLE ('',( #1949 ) ) ;
#2996 = AXIS2_PLACEMENT_3D ( 'NONE', #2929, #52, #1077 ) ;
#2997 = CARTESIAN_POINT ( 'NONE',  ( 2.000000000000000000, 0.000000000000000000, -5.450000000000000178 ) ) ;
#2998 = FACE_OUTER_BOUND ( 'NONE', #2764, .T. ) ;
#2999 = PRESENTATION_LAYER_ASSIGNMENT (  '', '', ( #1446 ) ) ;
#3000 = ORIENTED_EDGE ( 'NONE', *, *, #243, .F. ) ;
#3001 = AXIS2_PLACEMENT_3D ( 'NONE', #735, #1749, #2510 ) ;
#3002 = STYLED_ITEM ( 'NONE', ( #764 ), #3188 ) ;
#3003 = STYLED_ITEM ( 'NONE', ( #1450 ), #1698 ) ;
#3004 = PRESENTATION_STYLE_ASSIGNMENT (( #1421 ) ) ;
#3005 = VERTEX_POINT ( 'NONE', #3155 ) ;
#3006 =( GEOMETRIC_REPRESENTATION_CONTEXT ( 3 ) GLOBAL_UNCERTAINTY_ASSIGNED_CONTEXT ( ( #2075 ) ) GLOBAL_UNIT_ASSIGNED_CONTEXT ( ( #2631, #2348, #2956 ) ) REPRESENTATION_CONTEXT ( 'NONE', 'WORKASPACE' ) );
#3007 = LINE ( 'NONE', #3276, #736 ) ;
#3008 = ADVANCED_FACE ( 'NONE', ( #1595 ), #878, .F. ) ;
#3009 = CARTESIAN_POINT ( 'NONE',  ( 20.20000000000000284, 7.000000000000003553, 61.40000000000001279 ) ) ;
#3010 = CYLINDRICAL_SURFACE ( 'NONE', #697, 1.550000000000000266 ) ;
#3011 = SURFACE_SIDE_STYLE ('',( #1181 ) ) ;
#3012 = UNCERTAINTY_MEASURE_WITH_UNIT (LENGTH_MEASURE( 1.000000000000000082E-05 ), #639, 'distance_accuracy_value', 'NONE');
#3013 = CARTESIAN_POINT ( 'NONE',  ( 38.40000000000000568, 0.000000000000000000, 3.549999999999999822 ) ) ;
#3014 = UNCERTAINTY_MEASURE_WITH_UNIT (LENGTH_MEASURE( 1.000000000000000082E-05 ), #2847, 'distance_accuracy_value', 'NONE');
#3015 = SURFACE_SIDE_STYLE ('',( #2480 ) ) ;
#3016 = EDGE_LOOP ( 'NONE', ( #121 ) ) ;
#3017 = DIRECTION ( 'NONE',  ( -1.000000000000000000, -0.000000000000000000, -0.000000000000000000 ) ) ;
#3018 = FACE_OUTER_BOUND ( 'NONE', #2462, .T. ) ;
#3019 =( LENGTH_UNIT ( ) NAMED_UNIT ( * ) SI_UNIT ( .MILLI., .METRE. ) );
#3020 = ORIENTED_EDGE ( 'NONE', *, *, #846, .T. ) ;
#3021 = LINE ( 'NONE', #2184, #948 ) ;
#3022 =( LENGTH_UNIT ( ) NAMED_UNIT ( * ) SI_UNIT ( .MILLI., .METRE. ) );
#3023 = ORIENTED_EDGE ( 'NONE', *, *, #496, .T. ) ;
#3024 = EDGE_CURVE ( 'NONE', #3232, #3232, #2112, .T. ) ;
#3025 = PRESENTATION_STYLE_ASSIGNMENT (( #168 ) ) ;
#3026 = CYLINDRICAL_SURFACE ( 'NONE', #3203, 1.550000000000000266 ) ;
#3027 = ADVANCED_FACE ( 'NONE', ( #848 ), #1622, .T. ) ;
#3028 = ORIENTED_EDGE ( 'NONE', *, *, #1338, .T. ) ;
#3029 =( NAMED_UNIT ( * ) SI_UNIT ( $, .STERADIAN. ) SOLID_ANGLE_UNIT ( ) );
#3030 = DIRECTION ( 'NONE',  ( -0.000000000000000000, -0.8829475928589261002, -0.4694715627858924711 ) ) ;
#3031 = EDGE_LOOP ( 'NONE', ( #911 ) ) ;
#3032 =( NAMED_UNIT ( * ) PLANE_ANGLE_UNIT ( ) SI_UNIT ( $, .RADIAN. ) );
#3033 = CARTESIAN_POINT ( 'NONE',  ( 40.40000000000000568, 23.74999999999999645, 5.000000000000009770 ) ) ;
#3034 =( LENGTH_UNIT ( ) NAMED_UNIT ( * ) SI_UNIT ( .MILLI., .METRE. ) );
#3035 = ORIENTED_EDGE ( 'NONE', *, *, #1870, .F. ) ;
#3036 =( GEOMETRIC_REPRESENTATION_CONTEXT ( 3 ) GLOBAL_UNCERTAINTY_ASSIGNED_CONTEXT ( ( #1716 ) ) GLOBAL_UNIT_ASSIGNED_CONTEXT ( ( #1127, #15, #1307 ) ) REPRESENTATION_CONTEXT ( 'NONE', 'WORKASPACE' ) );
#3037 = DIRECTION ( 'NONE',  ( 0.000000000000000000, 0.000000000000000000, -1.000000000000000000 ) ) ;
#3038 = CARTESIAN_POINT ( 'NONE',  ( -3.000000000000002665, -4.696699141100891595, 15.00000000000001066 ) ) ;
#3039 = FACE_OUTER_BOUND ( 'NONE', #881, .T. ) ;
#3040 = VECTOR ( 'NONE', #1158, 1000.000000000000000 ) ;
#3041 = SURFACE_STYLE_USAGE ( .BOTH. , #668 ) ;
#3042 = EDGE_CURVE ( 'NONE', #2142, #1329, #1958, .T. ) ;
#3043 = EDGE_LOOP ( 'NONE', ( #2772 ) ) ;
#3044 = PRESENTATION_STYLE_ASSIGNMENT (( #1228 ) ) ;
#3045 =( GEOMETRIC_REPRESENTATION_CONTEXT ( 3 ) GLOBAL_UNCERTAINTY_ASSIGNED_CONTEXT ( ( #148 ) ) GLOBAL_UNIT_ASSIGNED_CONTEXT ( ( #1183, #1466, #2656 ) ) REPRESENTATION_CONTEXT ( 'NONE', 'WORKASPACE' ) );
#3046 = MECHANICAL_DESIGN_GEOMETRIC_PRESENTATION_REPRESENTATION (  '', ( #731 ), #568 ) ;
#3047 = SURFACE_STYLE_USAGE ( .BOTH. , #1997 ) ;
#3048 = PRESENTATION_LAYER_ASSIGNMENT (  '', '', ( #837 ) ) ;
#3049 = SHAPE_DEFINITION_REPRESENTATION ( #2057, #1058 ) ;
#3050 = EDGE_CURVE ( 'NONE', #657, #657, #1638, .T. ) ;
#3051 = DIRECTION ( 'NONE',  ( 0.000000000000000000, 0.000000000000000000, -1.000000000000000000 ) ) ;
#3052 = EDGE_LOOP ( 'NONE', ( #219 ) ) ;
#3053 = STYLED_ITEM ( 'NONE', ( #2434 ), #1064 ) ;
#3054 =( GEOMETRIC_REPRESENTATION_CONTEXT ( 3 ) GLOBAL_UNCERTAINTY_ASSIGNED_CONTEXT ( ( #2402 ) ) GLOBAL_UNIT_ASSIGNED_CONTEXT ( ( #1270, #1288, #1784 ) ) REPRESENTATION_CONTEXT ( 'NONE', 'WORKASPACE' ) );
#3055 = CARTESIAN_POINT ( 'NONE',  ( 20.20000000000000284, -6.999999999999995559, 25.00000000000001066 ) ) ;
#3056 = CARTESIAN_POINT ( 'NONE',  ( -3.000000000000002665, 10.00000000000000178, 28.00000000000000000 ) ) ;
#3057 = ORIENTED_EDGE ( 'NONE', *, *, #2136, .F. ) ;
#3058 = CARTESIAN_POINT ( 'NONE',  ( -3.000000000000002665, 33.00000000000000000, 69.40000000000001990 ) ) ;
#3059 = CARTESIAN_POINT ( 'NONE',  ( 0.000000000000000000, 33.00000000000000000, 50.59273534653674176 ) ) ;
#3060 = AXIS2_PLACEMENT_3D ( 'NONE', #1316, #287, #2546 ) ;
#3061 = FILL_AREA_STYLE ('',( #2321 ) ) ;
#3062 = DIRECTION ( 'NONE',  ( 0.000000000000000000, 0.000000000000000000, -1.000000000000000000 ) ) ;
#3063 =( NAMED_UNIT ( * ) SI_UNIT ( $, .STERADIAN. ) SOLID_ANGLE_UNIT ( ) );
#3064 = ORIENTED_EDGE ( 'NONE', *, *, #1993, .F. ) ;
#3065 = CARTESIAN_POINT ( 'NONE',  ( 40.40000000000000568, -10.00000000000000000, -9.999999999999998224 ) ) ;
#3066 = CARTESIAN_POINT ( 'NONE',  ( 0.000000000000000000, 0.000000000000000000, 0.000000000000000000 ) ) ;
#3067 = CYLINDRICAL_SURFACE ( 'NONE', #456, 1.550000000000000266 ) ;
#3068 = EDGE_LOOP ( 'NONE', ( #2137, #851, #1938, #1393, #2466, #1095, #800, #493 ) ) ;
#3069 = EDGE_CURVE ( 'NONE', #2181, #2593, #2408, .T. ) ;
#3070 = CARTESIAN_POINT ( 'NONE',  ( 0.000000000000000000, -10.00000000000000000, -9.999999999999998224 ) ) ;
#3071 = CARTESIAN_POINT ( 'NONE',  ( 40.40000000000000568, 12.75000000000000178, 5.000000000000009770 ) ) ;
#3072 = ORIENTED_EDGE ( 'NONE', *, *, #238, .F. ) ;
#3073 = CARTESIAN_POINT ( 'NONE',  ( 20.20000000000000284, 4.336808689942019314E-15, 25.00000000000001066 ) ) ;
#3074 = CARTESIAN_POINT ( 'NONE',  ( 40.81029461537400493, -9.431611739073115785, 17.41029461537628720 ) ) ;
#3075 =( LENGTH_UNIT ( ) NAMED_UNIT ( * ) SI_UNIT ( .MILLI., .METRE. ) );
#3076 = FACE_OUTER_BOUND ( 'NONE', #490, .T. ) ;
#3077 = SURFACE_SIDE_STYLE ('',( #2858 ) ) ;
#3078 = ORIENTED_EDGE ( 'NONE', *, *, #2353, .F. ) ;
#3079 = CARTESIAN_POINT ( 'NONE',  ( 0.000000000000000000, 33.00000000000000000, 50.59273534653674176 ) ) ;
#3080 = ORIENTED_EDGE ( 'NONE', *, *, #2943, .T. ) ;
#3081 = CARTESIAN_POINT ( 'NONE',  ( 0.000000000000000000, -10.00000000000000000, 15.00000000000000711 ) ) ;
#3082 = EDGE_CURVE ( 'NONE', #2560, #3329, #2432, .T. ) ;
#3083 = FILL_AREA_STYLE ('',( #1021 ) ) ;
#3084 = ORIENTED_EDGE ( 'NONE', *, *, #1870, .T. ) ;
#3085 = CARTESIAN_POINT ( 'NONE',  ( 13.20000000000000284, 4.336808689942019314E-15, 25.00000000000001066 ) ) ;
#3086 = SURFACE_STYLE_FILL_AREA ( #974 ) ;
#3087 = EDGE_CURVE ( 'NONE', #2968, #1239, #2430, .T. ) ;
#3088 = SURFACE_STYLE_FILL_AREA ( #272 ) ;
#3089 = MECHANICAL_DESIGN_GEOMETRIC_PRESENTATION_REPRESENTATION (  '', ( #2521 ), #1092 ) ;
#3090 = CARTESIAN_POINT ( 'NONE',  ( 1.999999999999998224, 14.75000000000000355, 59.40000000000000568 ) ) ;
#3091 = PRESENTATION_LAYER_ASSIGNMENT (  '', '', ( #2526 ) ) ;
#3092 = STYLED_ITEM ( 'NONE', ( #1683 ), #179 ) ;
#3093 = ORIENTED_EDGE ( 'NONE', *, *, #344, .F. ) ;
#3094 =( NAMED_UNIT ( * ) PLANE_ANGLE_UNIT ( ) SI_UNIT ( $, .RADIAN. ) );
#3095 = ORIENTED_EDGE ( 'NONE', *, *, #2848, .F. ) ;
#3096 = PRESENTATION_LAYER_ASSIGNMENT (  '', '', ( #1044 ) ) ;
#3097 = AXIS2_PLACEMENT_3D ( 'NONE', #3009, #191, #2414 ) ;
#3098 = DIRECTION ( 'NONE',  ( -1.000000000000000000, -0.000000000000000000, -0.000000000000000000 ) ) ;
#3099 = DIRECTION ( 'NONE',  ( -0.8164965809277261455, -0.5773502691896255090, 1.001543065824772482E-16 ) ) ;
#3100 = STYLED_ITEM ( 'NONE', ( #1642 ), #2413 ) ;
#3101 = ORIENTED_EDGE ( 'NONE', *, *, #2502, .T. ) ;
#3102 = VECTOR ( 'NONE', #1304, 1000.000000000000114 ) ;
#3103 = PRESENTATION_LAYER_ASSIGNMENT (  '', '', ( #2651 ) ) ;
#3104 = VECTOR ( 'NONE', #2537, 1000.000000000000000 ) ;
#3105 = CYLINDRICAL_SURFACE ( 'NONE', #2012, 5.999999999999999112 ) ;
#3106 = COLOUR_RGB ( '',0.5999999999999999778, 0.1607843137254901800, 0.7529411764705882248 ) ;
#3107 = EDGE_CURVE ( 'NONE', #3118, #1986, #1928, .T. ) ;
#3108 = DIRECTION ( 'NONE',  ( 0.000000000000000000, 1.734723475976807094E-16, 1.000000000000000000 ) ) ;
#3109 = VECTOR ( 'NONE', #31, 1000.000000000000000 ) ;
#3110 = STYLED_ITEM ( 'NONE', ( #2735 ), #1925 ) ;
#3111 = DIRECTION ( 'NONE',  ( 0.000000000000000000, 1.000000000000000000, -1.734723475976807094E-16 ) ) ;
#3112 = UNCERTAINTY_MEASURE_WITH_UNIT (LENGTH_MEASURE( 1.000000000000000082E-05 ), #2335, 'distance_accuracy_value', 'NONE');
#3113 = DIRECTION ( 'NONE',  ( 0.000000000000000000, 0.000000000000000000, -1.000000000000000000 ) ) ;
#3114 = VERTEX_POINT ( 'NONE', #2715 ) ;
#3115 = FILL_AREA_STYLE_COLOUR ( '', #2809 ) ;
#3116 = DIRECTION ( 'NONE',  ( -0.000000000000000000, -0.000000000000000000, -1.000000000000000000 ) ) ;
#3117 = LINE ( 'NONE', #813, #1443 ) ;
#3118 = VERTEX_POINT ( 'NONE', #1167 ) ;
#3119 = DIRECTION ( 'NONE',  ( -0.000000000000000000, -2.602085213965210642E-16, -1.000000000000000000 ) ) ;
#3120 = DIRECTION ( 'NONE',  ( 1.000000000000000000, 0.000000000000000000, 0.000000000000000000 ) ) ;
#3121 = CARTESIAN_POINT ( 'NONE',  ( 20.20000000000000284, -6.999999999999997335, 15.00000000000000000 ) ) ;
#3122 = CARTESIAN_POINT ( 'NONE',  ( 2.000000000000000000, -7.000000000000000000, 0.000000000000000000 ) ) ;
#3123 = DIRECTION ( 'NONE',  ( -1.000000000000000000, 0.000000000000000000, 0.000000000000000000 ) ) ;
#3124 = DIRECTION ( 'NONE',  ( 1.000000000000000000, 0.000000000000000000, 0.000000000000000000 ) ) ;
#3125 = SURFACE_STYLE_USAGE ( .BOTH. , #2551 ) ;
#3126 = EDGE_CURVE ( 'NONE', #180, #180, #3167, .T. ) ;
#3127 = PRESENTATION_STYLE_ASSIGNMENT (( #2074 ) ) ;
#3128 = ADVANCED_FACE ( 'NONE', ( #1657, #2681 ), #1216, .F. ) ;
#3129 = CARTESIAN_POINT ( 'NONE',  ( 1.999999999999997335, 14.75000000000000355, 25.00000000000000711 ) ) ;
#3130 = ORIENTED_EDGE ( 'NONE', *, *, #2215, .T. ) ;
#3131 = VERTEX_POINT ( 'NONE', #1087 ) ;
#3132 = FACE_BOUND ( 'NONE', #2673, .T. ) ;
#3133 = ORIENTED_EDGE ( 'NONE', *, *, #3082, .T. ) ;
#3134 =( LENGTH_UNIT ( ) NAMED_UNIT ( * ) SI_UNIT ( .MILLI., .METRE. ) );
#3135 = DIRECTION ( 'NONE',  ( 0.000000000000000000, 0.000000000000000000, -1.000000000000000000 ) ) ;
#3136 = CARTESIAN_POINT ( 'NONE',  ( 38.90000000000000568, 14.75000000000000355, 25.00000000000000711 ) ) ;
#3137 = ORIENTED_EDGE ( 'NONE', *, *, #387, .F. ) ;
#3138 = SURFACE_STYLE_USAGE ( .BOTH. , #1152 ) ;
#3139 = CARTESIAN_POINT ( 'NONE',  ( 0.000000000000000000, 14.75000000000000355, 25.00000000000000711 ) ) ;
#3140 = MECHANICAL_DESIGN_GEOMETRIC_PRESENTATION_REPRESENTATION (  '', ( #561 ), #1479 ) ;
#3141 = STYLED_ITEM ( 'NONE', ( #1383 ), #2154 ) ;
#3142 = VECTOR ( 'NONE', #280, 1000.000000000000000 ) ;
#3143 = CARTESIAN_POINT ( 'NONE',  ( -3.000000000000002665, -4.696699141100891595, 15.00000000000001066 ) ) ;
#3144 = UNCERTAINTY_MEASURE_WITH_UNIT (LENGTH_MEASURE( 1.000000000000000082E-05 ), #3134, 'distance_accuracy_value', 'NONE');
#3145 = EDGE_LOOP ( 'NONE', ( #1659, #80, #2295, #1720 ) ) ;
#3146 = CIRCLE ( 'NONE', #2361, 5.000000000000000888 ) ;
#3147 = EDGE_CURVE ( 'NONE', #1685, #1685, #2116, .T. ) ;
#3148 = FACE_OUTER_BOUND ( 'NONE', #1345, .T. ) ;
#3149 = STYLED_ITEM ( 'NONE', ( #3127 ), #326 ) ;
#3150 = VERTEX_POINT ( 'NONE', #2378 ) ;
#3151 = FACE_BOUND ( 'NONE', #1140, .T. ) ;
#3152 = ORIENTED_EDGE ( 'NONE', *, *, #3147, .F. ) ;
#3153 =( GEOMETRIC_REPRESENTATION_CONTEXT ( 3 ) GLOBAL_UNCERTAINTY_ASSIGNED_CONTEXT ( ( #3012 ) ) GLOBAL_UNIT_ASSIGNED_CONTEXT ( ( #639, #1209, #2690 ) ) REPRESENTATION_CONTEXT ( 'NONE', 'WORKASPACE' ) );
#3154 = COLOUR_RGB ( '',0.5999999999999999778, 0.1607843137254901800, 0.7529411764705882248 ) ;
#3155 = CARTESIAN_POINT ( 'NONE',  ( 40.40000000000000568, 10.00000000000000000, 1.734723475976807094E-15 ) ) ;
#3156 = TOROIDAL_SURFACE ( 'NONE', #2050, 10.00000000000000000, 5.000000000000000000 ) ;
#3157 = DIRECTION ( 'NONE',  ( 1.000000000000000000, 0.000000000000000000, -0.000000000000000000 ) ) ;
#3158 =( GEOMETRIC_REPRESENTATION_CONTEXT ( 3 ) GLOBAL_UNCERTAINTY_ASSIGNED_CONTEXT ( ( #2906 ) ) GLOBAL_UNIT_ASSIGNED_CONTEXT ( ( #65, #100, #2381 ) ) REPRESENTATION_CONTEXT ( 'NONE', 'WORKASPACE' ) );
#3159 = DIRECTION ( 'NONE',  ( -1.000000000000000000, -0.000000000000000000, -0.000000000000000000 ) ) ;
#3160 = CARTESIAN_POINT ( 'NONE',  ( 38.81745518066995970, 16.75000000000000000, 20.39913469463572682 ) ) ;
#3161 = AXIS2_PLACEMENT_3D ( 'NONE', #2093, #2584, #302 ) ;
#3162 = FACE_OUTER_BOUND ( 'NONE', #2586, .T. ) ;
#3163 = FACE_OUTER_BOUND ( 'NONE', #2650, .T. ) ;
#3164 = FILL_AREA_STYLE ('',( #2904 ) ) ;
#3165 = TOROIDAL_SURFACE ( 'NONE', #250, 10.00000000000000000, 5.000000000000000000 ) ;
#3166 = PRESENTATION_LAYER_ASSIGNMENT (  '', '', ( #2011 ) ) ;
#3167 = CIRCLE ( 'NONE', #254, 1.550000000000000266 ) ;
#3168 = VECTOR ( 'NONE', #434, 1000.000000000000000 ) ;
#3169 =( NAMED_UNIT ( * ) SI_UNIT ( $, .STERADIAN. ) SOLID_ANGLE_UNIT ( ) );
#3170 = LINE ( 'NONE', #2603, #505 ) ;
#3171 = PRODUCT_DEFINITION_FORMATION_WITH_SPECIFIED_SOURCE ( 'ANY', '', #1000, .NOT_KNOWN. ) ;
#3172 = EDGE_LOOP ( 'NONE', ( #2255 ) ) ;
#3173 = DIRECTION ( 'NONE',  ( 1.000000000000000000, 0.000000000000000000, 0.000000000000000000 ) ) ;
#3174 = EDGE_LOOP ( 'NONE', ( #2029, #1934, #253, #2095 ) ) ;
#3175 = EDGE_CURVE ( 'NONE', #1211, #1211, #2777, .T. ) ;
#3176 = PRESENTATION_STYLE_ASSIGNMENT (( #849 ) ) ;
#3177 = FILL_AREA_STYLE ('',( #2592 ) ) ;
#3178 = ORIENTED_EDGE ( 'NONE', *, *, #2274, .F. ) ;
#3179 = CYLINDRICAL_SURFACE ( 'NONE', #944, 1.550000000000000266 ) ;
#3180 = DIRECTION ( 'NONE',  ( -0.000000000000000000, -1.734723475976807094E-16, -1.000000000000000000 ) ) ;
#3181 =( NAMED_UNIT ( * ) PLANE_ANGLE_UNIT ( ) SI_UNIT ( $, .RADIAN. ) );
#3182 = SURFACE_STYLE_FILL_AREA ( #2128 ) ;
#3183 = EDGE_LOOP ( 'NONE', ( #702 ) ) ;
#3184 = UNCERTAINTY_MEASURE_WITH_UNIT (LENGTH_MEASURE( 1.000000000000000082E-05 ), #334, 'distance_accuracy_value', 'NONE');
#3185 = FACE_OUTER_BOUND ( 'NONE', #1631, .T. ) ;
#3186 = ORIENTED_EDGE ( 'NONE', *, *, #708, .F. ) ;
#3187 = CARTESIAN_POINT ( 'NONE',  ( 0.000000000000000000, 23.74999999999999645, 55.59753687109602538 ) ) ;
#3188 = ADVANCED_FACE ( 'NONE', ( #1940, #2985 ), #2485, .F. ) ;
#3189 = DIRECTION ( 'NONE',  ( 0.000000000000000000, 0.000000000000000000, 1.000000000000000000 ) ) ;
#3190 = CARTESIAN_POINT ( 'NONE',  ( 43.40000000000000568, 10.00000000000000000, -9.999999999999998224 ) ) ;
#3191 = ORIENTED_EDGE ( 'NONE', *, *, #2786, .F. ) ;
#3192 =( LENGTH_UNIT ( ) NAMED_UNIT ( * ) SI_UNIT ( .MILLI., .METRE. ) );
#3193 = EDGE_CURVE ( 'NONE', #2208, #2208, #2714, .T. ) ;
#3194 = ORIENTED_EDGE ( 'NONE', *, *, #2724, .F. ) ;
#3195 = CARTESIAN_POINT ( 'NONE',  ( 0.000000000000000000, 12.75000000000000178, 5.000000000000009770 ) ) ;
#3196 = LINE ( 'NONE', #934, #1478 ) ;
#3197 = SURFACE_SIDE_STYLE ('',( #654 ) ) ;
#3198 = AXIS2_PLACEMENT_3D ( 'NONE', #3295, #1011, #988 ) ;
#3199 = SURFACE_STYLE_USAGE ( .BOTH. , #1665 ) ;
#3200 = CARTESIAN_POINT ( 'NONE',  ( 43.40000000000000568, 0.000000000000000000, 8.550000000000000711 ) ) ;
#3201 = ORIENTED_EDGE ( 'NONE', *, *, #785, .F. ) ;
#3202 = SURFACE_STYLE_USAGE ( .BOTH. , #1146 ) ;
#3203 = AXIS2_PLACEMENT_3D ( 'NONE', #1730, #817, #1822 ) ;
#3204 = ORIENTED_EDGE ( 'NONE', *, *, #1427, .T. ) ;
#3205 =( GEOMETRIC_REPRESENTATION_CONTEXT ( 3 ) GLOBAL_UNCERTAINTY_ASSIGNED_CONTEXT ( ( #3281 ) ) GLOBAL_UNIT_ASSIGNED_CONTEXT ( ( #1103, #2620, #3169 ) ) REPRESENTATION_CONTEXT ( 'NONE', 'WORKASPACE' ) );
#3206 =( GEOMETRIC_REPRESENTATION_CONTEXT ( 3 ) GLOBAL_UNCERTAINTY_ASSIGNED_CONTEXT ( ( #1809 ) ) GLOBAL_UNIT_ASSIGNED_CONTEXT ( ( #757, #273, #2549 ) ) REPRESENTATION_CONTEXT ( 'NONE', 'WORKASPACE' ) );
#3207 = MECHANICAL_DESIGN_GEOMETRIC_PRESENTATION_REPRESENTATION (  '', ( #2315 ), #246 ) ;
#3208 = DIRECTION ( 'NONE',  ( 0.000000000000000000, 0.000000000000000000, 1.000000000000000000 ) ) ;
#3209 = ADVANCED_FACE ( 'NONE', ( #2279 ), #986, .T. ) ;
#3210 = ORIENTED_EDGE ( 'NONE', *, *, #2964, .F. ) ;
#3211 = CIRCLE ( 'NONE', #2054, 1.550000000000000933 ) ;
#3212 = DIRECTION ( 'NONE',  ( 1.000000000000000000, 0.000000000000000000, 0.000000000000000000 ) ) ;
#3213 = COLOUR_RGB ( '',0.5999999999999999778, 0.1607843137254901800, 0.7529411764705882248 ) ;
#3214 = PRODUCT_DEFINITION_CONTEXT ( 'detailed design', #2754, 'design' ) ;
#3215 = ORIENTED_EDGE ( 'NONE', *, *, #1719, .F. ) ;
#3216 = EDGE_CURVE ( 'NONE', #796, #1723, #480, .T. ) ;
#3217 = AXIS2_PLACEMENT_3D ( 'NONE', #3085, #784, #1563 ) ;
#3218 = CARTESIAN_POINT ( 'NONE',  ( 14.75000000000000355, 3.469446951953615767E-15, 61.40000000000001279 ) ) ;
#3219 = UNCERTAINTY_MEASURE_WITH_UNIT (LENGTH_MEASURE( 1.000000000000000082E-05 ), #127, 'distance_accuracy_value', 'NONE');
#3220 = MECHANICAL_DESIGN_GEOMETRIC_PRESENTATION_REPRESENTATION (  '', ( #90 ), #853 ) ;
#3221 = EDGE_LOOP ( 'NONE', ( #3313 ) ) ;
#3222 = AXIS2_PLACEMENT_3D ( 'NONE', #1117, #3159, #2394 ) ;
#3223 = CARTESIAN_POINT ( 'NONE',  ( -3.000000000000002665, -4.696699141100895147, 15.00000000000001243 ) ) ;
#3224 = ORIENTED_EDGE ( 'NONE', *, *, #1670, .T. ) ;
#3225 = DIRECTION ( 'NONE',  ( 0.000000000000000000, 0.000000000000000000, 1.000000000000000000 ) ) ;
#3226 = CARTESIAN_POINT ( 'NONE',  ( 38.39999999999998437, -5.050252531694183311, 20.00000000000001066 ) ) ;
#3227 = PRESENTATION_STYLE_ASSIGNMENT (( #2172 ) ) ;
#3228 = ORIENTED_EDGE ( 'NONE', *, *, #2595, .T. ) ;
#3229 = FILL_AREA_STYLE ('',( #709 ) ) ;
#3230 = DIRECTION ( 'NONE',  ( 0.000000000000000000, -1.000000000000000000, 2.602085213965210642E-16 ) ) ;
#3231 = CARTESIAN_POINT ( 'NONE',  ( 26.90000000000000213, 16.74999999999999289, 25.00000000000000711 ) ) ;
#3232 = VERTEX_POINT ( 'NONE', #2179 ) ;
#3233 = EDGE_CURVE ( 'NONE', #2181, #346, #1508, .T. ) ;
#3234 = CARTESIAN_POINT ( 'NONE',  ( -0.000000000000000000, 0.000000000000000000, 64.40000000000000568 ) ) ;
#3235 = ORIENTED_EDGE ( 'NONE', *, *, #2766, .F. ) ;
#3236 = CARTESIAN_POINT ( 'NONE',  ( -3.000000000000002665, 0.000000000000000000, 7.000000000000000000 ) ) ;
#3237 = DIRECTION ( 'NONE',  ( 0.000000000000000000, 0.000000000000000000, 1.000000000000000000 ) ) ;
#3238 = SURFACE_SIDE_STYLE ('',( #3273 ) ) ;
#3239 = ORIENTED_EDGE ( 'NONE', *, *, #3126, .T. ) ;
#3240 = DIRECTION ( 'NONE',  ( 0.000000000000000000, -6.938893903907229364E-16, -1.000000000000000000 ) ) ;
#3241 = CARTESIAN_POINT ( 'NONE',  ( 42.85795179305254266, -7.366653841675516290, 16.13486816319451478 ) ) ;
#3242 = FILL_AREA_STYLE ('',( #2703 ) ) ;
#3243 = VERTEX_POINT ( 'NONE', #1265 ) ;
#3244 = FACE_BOUND ( 'NONE', #1335, .T. ) ;
#3245 = UNCERTAINTY_MEASURE_WITH_UNIT (LENGTH_MEASURE( 1.000000000000000082E-05 ), #2826, 'distance_accuracy_value', 'NONE');
#3246 = CARTESIAN_POINT ( 'NONE',  ( -46.60000000000001563, -10.00000000000000000, 20.00000000000001066 ) ) ;
#3247 = VERTEX_POINT ( 'NONE', #172 ) ;
#3248 = SURFACE_STYLE_USAGE ( .BOTH. , #712 ) ;
#3249 = ADVANCED_FACE ( 'NONE', ( #1757, #1300 ), #3293, .F. ) ;
#3250 = MECHANICAL_DESIGN_GEOMETRIC_PRESENTATION_REPRESENTATION (  '', ( #3141 ), #1527 ) ;
#3251 = B_SPLINE_CURVE_WITH_KNOTS ( 'NONE', 3,
 ( #882, #2915, #1096, #1859, #3160, #852 ),
 .UNSPECIFIED., .F., .F.,
 ( 4, 2, 4 ),
 ( 0.03146459156573135074, 0.03171217968611175775, 0.03195976780649217169 ),
 .UNSPECIFIED. ) ;
#3252 = DIRECTION ( 'NONE',  ( 0.000000000000000000, -1.040834085586084059E-15, -1.000000000000000000 ) ) ;
#3253 = CARTESIAN_POINT ( 'NONE',  ( 1.512573069939876280, -5.629098289758655227, 19.91449749429883198 ) ) ;
#3254 = ORIENTED_EDGE ( 'NONE', *, *, #638, .F. ) ;
#3255 = DIRECTION ( 'NONE',  ( 0.000000000000000000, 0.000000000000000000, -1.000000000000000000 ) ) ;
#3256 =( NAMED_UNIT ( * ) SI_UNIT ( $, .STERADIAN. ) SOLID_ANGLE_UNIT ( ) );
#3257 = AXIS2_PLACEMENT_3D ( 'NONE', #1141, #2905, #637 ) ;
#3258 = PRESENTATION_STYLE_ASSIGNMENT (( #1462 ) ) ;
#3259 = CARTESIAN_POINT ( 'NONE',  ( 1.999999999999997335, 10.00000000000000178, 69.40000000000001990 ) ) ;
#3260 = DIRECTION ( 'NONE',  ( -0.000000000000000000, 1.000000000000000000, -0.000000000000000000 ) ) ;
#3261 = VECTOR ( 'NONE', #55, 1000.000000000000000 ) ;
#3262 = MECHANICAL_DESIGN_GEOMETRIC_PRESENTATION_REPRESENTATION (  '', ( #3053 ), #2424 ) ;
#3263 = FACE_OUTER_BOUND ( 'NONE', #2972, .T. ) ;
#3264 = STYLED_ITEM ( 'NONE', ( #1672 ), #2801 ) ;
#3265 = AXIS2_PLACEMENT_3D ( 'NONE', #2558, #1509, #1010 ) ;
#3266 = SURFACE_STYLE_FILL_AREA ( #2497 ) ;
#3267 = VERTEX_POINT ( 'NONE', #893 ) ;
#3268 = FACE_OUTER_BOUND ( 'NONE', #2512, .T. ) ;
#3269 = ORIENTED_EDGE ( 'NONE', *, *, #60, .F. ) ;
#3270 = VECTOR ( 'NONE', #1109, 1000.000000000000000 ) ;
#3271 = AXIS2_PLACEMENT_3D ( 'NONE', #2033, #2317, #2049 ) ;
#3272 = EDGE_CURVE ( 'NONE', #366, #137, #1848, .T. ) ;
#3273 = SURFACE_STYLE_FILL_AREA ( #3284 ) ;
#3274 = ORIENTED_EDGE ( 'NONE', *, *, #3050, .T. ) ;
#3275 = AXIS2_PLACEMENT_3D ( 'NONE', #1871, #2900, #2880 ) ;
#3276 = CARTESIAN_POINT ( 'NONE',  ( -3.000000000000002665, -10.00000000000000355, 15.00000000000001243 ) ) ;
#3277 = PRESENTATION_STYLE_ASSIGNMENT (( #706 ) ) ;
#3278 = EDGE_CURVE ( 'NONE', #328, #1802, #2343, .T. ) ;
#3279 = FILL_AREA_STYLE ('',( #2203 ) ) ;
#3280 = SURFACE_SIDE_STYLE ('',( #1501 ) ) ;
#3281 = UNCERTAINTY_MEASURE_WITH_UNIT (LENGTH_MEASURE( 1.000000000000000082E-05 ), #1103, 'distance_accuracy_value', 'NONE');
#3282 = EDGE_LOOP ( 'NONE', ( #2406, #1725, #2573 ) ) ;
#3283 = CARTESIAN_POINT ( 'NONE',  ( 38.40000000000000568, 19.75000000000000355, 20.00000000000000711 ) ) ;
#3284 = FILL_AREA_STYLE ('',( #2682 ) ) ;
#3285 = EDGE_LOOP ( 'NONE', ( #631 ) ) ;
#3286 = EDGE_CURVE ( 'NONE', #956, #956, #801, .T. ) ;
#3287 = CARTESIAN_POINT ( 'NONE',  ( 43.31449749429884832, -5.982651680351886547, 15.48742693006006732 ) ) ;
#3288 = EDGE_CURVE ( 'NONE', #3243, #2928, #1332, .T. ) ;
#3289 =( LENGTH_UNIT ( ) NAMED_UNIT ( * ) SI_UNIT ( .MILLI., .METRE. ) );
#3290 = DIRECTION ( 'NONE',  ( -8.673617379884027583E-16, 0.000000000000000000, -1.000000000000000000 ) ) ;
#3291 = SURFACE_STYLE_FILL_AREA ( #2763 ) ;
#3292 = ORIENTED_EDGE ( 'NONE', *, *, #2397, .F. ) ;
#3293 = CYLINDRICAL_SURFACE ( 'NONE', #1795, 1.549999999999997602 ) ;
#3294 = DIRECTION ( 'NONE',  ( -1.000000000000000000, -0.000000000000000000, -0.000000000000000000 ) ) ;
#3295 = CARTESIAN_POINT ( 'NONE',  ( 27.20000000000000639, 3.469446951953615767E-15, 69.40000000000001990 ) ) ;
#3296 = ORIENTED_EDGE ( 'NONE', *, *, #2446, .T. ) ;
#3297 = COLOUR_RGB ( '',0.5999999999999999778, 0.1607843137254901800, 0.7529411764705882248 ) ;
#3298 = AXIS2_PLACEMENT_3D ( 'NONE', #777, #2306, #537 ) ;
#3299 = VECTOR ( 'NONE', #937, 1000.000000000000000 ) ;
#3300 = SURFACE_STYLE_FILL_AREA ( #2243 ) ;
#3301 = CIRCLE ( 'NONE', #1733, 5.000000000000004441 ) ;
#3302 = AXIS2_PLACEMENT_3D ( 'NONE', #2159, #2131, #3212 ) ;
#3303 =( NAMED_UNIT ( * ) SI_UNIT ( $, .STERADIAN. ) SOLID_ANGLE_UNIT ( ) );
#3304 = SURFACE_STYLE_FILL_AREA ( #2995 ) ;
#3305 = EDGE_CURVE ( 'NONE', #425, #425, #479, .T. ) ;
#3306 = FACE_OUTER_BOUND ( 'NONE', #2235, .T. ) ;
#3307 = MECHANICAL_DESIGN_GEOMETRIC_PRESENTATION_REPRESENTATION (  '', ( #2704 ), #17 ) ;
#3308 = STYLED_ITEM ( 'NONE', ( #2071 ), #618 ) ;
#3309 = STYLED_ITEM ( 'NONE', ( #2398 ), #2552 ) ;
#3310 = CARTESIAN_POINT ( 'NONE',  ( 38.90000000000000568, 16.74999999999999645, 25.00000000000000711 ) ) ;
#3311 = VECTOR ( 'NONE', #755, 1000.000000000000000 ) ;
#3312 = FACE_OUTER_BOUND ( 'NONE', #402, .T. ) ;
#3313 = ORIENTED_EDGE ( 'NONE', *, *, #2587, .T. ) ;
#3314 = ORIENTED_EDGE ( 'NONE', *, *, #866, .F. ) ;
#3315 = COLOUR_RGB ( '',0.5999999999999999778, 0.1607843137254901800, 0.7529411764705882248 ) ;
#3316 = COLOUR_RGB ( '',0.5999999999999999778, 0.1607843137254901800, 0.7529411764705882248 ) ;
#3317 = AXIS2_PLACEMENT_3D ( 'NONE', #3073, #769, #220 ) ;
#3318 = LINE ( 'NONE', #2769, #2940 ) ;
#3319 = AXIS2_PLACEMENT_3D ( 'NONE', #2250, #3260, #469 ) ;
#3320 = CARTESIAN_POINT ( 'NONE',  ( -8.023096076392732812E-15, -9.646446609406723383, 17.00000000000000711 ) ) ;
#3321 = VERTEX_POINT ( 'NONE', #1866 ) ;
#3322 = COLOUR_RGB ( '',0.5999999999999999778, 0.1607843137254901800, 0.7529411764705882248 ) ;
#3323 = CIRCLE ( 'NONE', #423, 5.000000000000000888 ) ;
#3324 = DIRECTION ( 'NONE',  ( -1.000000000000000000, -0.000000000000000000, -0.000000000000000000 ) ) ;
#3325 = CARTESIAN_POINT ( 'NONE',  ( 40.34961488321948764, -9.714978738039302897, 17.45346605101004656 ) ) ;
#3326 = LINE ( 'NONE', #2856, #3109 ) ;
#3327 = STYLED_ITEM ( 'NONE', ( #1861 ), #1597 ) ;
#3328 = CARTESIAN_POINT ( 'NONE',  ( -5.782411586589309321E-16, 16.74999999999998579, 20.41742430504416106 ) ) ;
#3329 = VERTEX_POINT ( 'NONE', #1071 ) ;
#3330 = EDGE_CURVE ( 'NONE', #1405, #1405, #2601, .T. ) ;
#3331 = SURFACE_SIDE_STYLE ('',( #1529 ) ) ;
#3332 = CARTESIAN_POINT ( 'NONE',  ( 0.000000000000000000, 10.00000000000000000, -9.999999999999998224 ) ) ;
#3333 = CARTESIAN_POINT ( 'NONE',  ( 20.20000000000000995, -10.00000000000000000, 20.00000000000001066 ) ) ;
#3334 = VERTEX_POINT ( 'NONE', #607 ) ;
#3335 = DIRECTION ( 'NONE',  ( -0.000000000000000000, -0.000000000000000000, 1.000000000000000000 ) ) ;
#3336 = CYLINDRICAL_SURFACE ( 'NONE', #197, 10.00000000000000533 ) ;
#3337 =( NAMED_UNIT ( * ) PLANE_ANGLE_UNIT ( ) SI_UNIT ( $, .RADIAN. ) );
#3338 =( NAMED_UNIT ( * ) SI_UNIT ( $, .STERADIAN. ) SOLID_ANGLE_UNIT ( ) );
#3339 =( NAMED_UNIT ( * ) PLANE_ANGLE_UNIT ( ) SI_UNIT ( $, .RADIAN. ) );
#3340 = ORIENTED_EDGE ( 'NONE', *, *, #60, .T. ) ;
#3341 = DIRECTION ( 'NONE',  ( 0.000000000000000000, 1.000000000000000000, 0.000000000000000000 ) ) ;
#3342 = PRESENTATION_STYLE_ASSIGNMENT (( #2288 ) ) ;
#3343 = ORIENTED_EDGE ( 'NONE', *, *, #577, .T. ) ;
ENDSEC;
END-ISO-10303-21;
