ISO-10303-21;
HEADER;
FILE_DESCRIPTION (( 'STEP AP214' ),
    '1' );
FILE_NAME('Shoulder_Original.step','2026-09-10T00:00:00',('RIVERDOG'),(''),'SOLIDWORKS STEP exporter','SOLIDWORKS','');
FILE_SCHEMA (( 'AUTOMOTIVE_DESIGN' ));
ENDSEC;

DATA;
#1 = DIRECTION ( 'NONE',  ( 0.000000000000000000, 1.734723475976807094E-16, -1.000000000000000000 ) ) ;
#2 = SURFACE_SIDE_STYLE ('',( #1308 ) ) ;
#3 = ORIENTED_EDGE ( 'NONE', *, *, #498, .T. ) ;
#4 = ORIENTED_EDGE ( 'NONE', *, *, #3038, .T. ) ;
#5 = ADVANCED_FACE ( 'NONE', ( #3268, #395 ), #1584, .F. ) ;
#6 =( LENGTH_UNIT ( ) NAMED_UNIT ( * ) SI_UNIT ( .MILLI., .METRE. ) );
#7 = CYLINDRICAL_SURFACE ( 'NONE', #2808, 3.549999999999999822 ) ;
#8 = EDGE_CURVE ( 'NONE', #2552, #2552, #2676, .T. ) ;
#9 = AXIS2_PLACEMENT_3D ( 'NONE', #2820, #2282, #2058 ) ;
#10 =( LENGTH_UNIT ( ) NAMED_UNIT ( * ) SI_UNIT ( .MILLI., .METRE. ) );
#11 = AXIS2_PLACEMENT_3D ( 'NONE', #1673, #2680, #2935 ) ;
#12 = ORIENTED_EDGE ( 'NONE', *, *, #2681, .F. ) ;
#13 = COLOUR_RGB ( '',0.5999999999999999778, 0.1607843137254901800, 0.7529411764705882248 ) ;
#14 = CARTESIAN_POINT ( 'NONE',  ( -5.204170427930421283E-15, -9.646446609406723383, -17.00000000000000711 ) ) ;
#15 =( GEOMETRIC_REPRESENTATION_CONTEXT ( 3 ) GLOBAL_UNCERTAINTY_ASSIGNED_CONTEXT ( ( #1235 ) ) GLOBAL_UNIT_ASSIGNED_CONTEXT ( ( #2583, #287, #269 ) ) REPRESENTATION_CONTEXT ( 'NONE', 'WORKASPACE' ) );
#16 = AXIS2_PLACEMENT_3D ( 'NONE', #1734, #2260, #3212 ) ;
#17 = DIRECTION ( 'NONE',  ( 0.000000000000000000, 1.000000000000000000, 0.000000000000000000 ) ) ;
#18 = ORIENTED_EDGE ( 'NONE', *, *, #537, .F. ) ;
#19 = ORIENTED_EDGE ( 'NONE', *, *, #1524, .F. ) ;
#20 = STYLED_ITEM ( 'NONE', ( #2128 ), #26 ) ;
#21 = CARTESIAN_POINT ( 'NONE',  ( 40.40000000000001279, -10.00000000000000178, -17.00000000000001066 ) ) ;
#22 = PRESENTATION_STYLE_ASSIGNMENT (( #1004 ) ) ;
#23 = MECHANICAL_DESIGN_GEOMETRIC_PRESENTATION_REPRESENTATION (  '', ( #508 ), #2138 ) ;
#24 = SURFACE_SIDE_STYLE ('',( #1845 ) ) ;
#25 = PRESENTATION_STYLE_ASSIGNMENT (( #2878 ) ) ;
#26 = ADVANCED_FACE ( 'NONE', ( #842, #56, #2851, #1313, #2330, #860 ), #38, .T. ) ;
#27 = PRESENTATION_LAYER_ASSIGNMENT (  '', '', ( #1072 ) ) ;
#28 = ORIENTED_EDGE ( 'NONE', *, *, #1671, .T. ) ;
#29 = COLOUR_RGB ( '',0.5999999999999999778, 0.1607843137254901800, 0.7529411764705882248 ) ;
#30 =( NAMED_UNIT ( * ) PLANE_ANGLE_UNIT ( ) SI_UNIT ( $, .RADIAN. ) );
#31 = SURFACE_STYLE_FILL_AREA ( #3280 ) ;
#32 = UNCERTAINTY_MEASURE_WITH_UNIT (LENGTH_MEASURE( 1.000000000000000082E-05 ), #824, 'distance_accuracy_value', 'NONE');
#33 = FILL_AREA_STYLE ('',( #1591 ) ) ;
#34 = EDGE_LOOP ( 'NONE', ( #1751, #357, #3107, #2841 ) ) ;
#35 = CARTESIAN_POINT ( 'NONE',  ( 0.000000000000000000, 0.000000000000000000, 0.000000000000000000 ) ) ;
#36 = ORIENTED_EDGE ( 'NONE', *, *, #1599, .F. ) ;
#37 = ORIENTED_EDGE ( 'NONE', *, *, #1143, .F. ) ;
#38 = PLANE ( 'NONE',  #2502 ) ;
#39 = ORIENTED_EDGE ( 'NONE', *, *, #1476, .F. ) ;
#40 = CARTESIAN_POINT ( 'NONE',  ( 43.26331361964643207, -6.216291930181921721, -15.60269880899645401 ) ) ;
#41 =( NAMED_UNIT ( * ) PLANE_ANGLE_UNIT ( ) SI_UNIT ( $, .RADIAN. ) );
#42 = CARTESIAN_POINT ( 'NONE',  ( 38.40000000000000568, 0.000000000000000000, -7.000000000000000000 ) ) ;
#43 = ORIENTED_EDGE ( 'NONE', *, *, #2464, .F. ) ;
#44 = MECHANICAL_DESIGN_GEOMETRIC_PRESENTATION_REPRESENTATION (  '', ( #1423 ), #2217 ) ;
#45 = ADVANCED_FACE ( 'NONE', ( #2888, #1378, #2395, #1053, #75, #594 ), #1653, .F. ) ;
#46 = FACE_OUTER_BOUND ( 'NONE', #1349, .T. ) ;
#47 = DIRECTION ( 'NONE',  ( 0.000000000000000000, 1.000000000000000000, 2.602085213965210642E-16 ) ) ;
#48 = CARTESIAN_POINT ( 'NONE',  ( 2.999999999999997335, -4.797799427400576633, -14.85702260395519403 ) ) ;
#49 = EDGE_CURVE ( 'NONE', #2999, #1301, #1849, .T. ) ;
#50 = VECTOR ( 'NONE', #1871, 1000.000000000000000 ) ;
#51 = STYLED_ITEM ( 'NONE', ( #2000 ), #2122 ) ;
#52 =( LENGTH_UNIT ( ) NAMED_UNIT ( * ) SI_UNIT ( .MILLI., .METRE. ) );
#53 = CARTESIAN_POINT ( 'NONE',  ( 38.90000000000000568, 16.74999999999999645, -25.00000000000000711 ) ) ;
#54 = ORIENTED_EDGE ( 'NONE', *, *, #1881, .T. ) ;
#55 = EDGE_LOOP ( 'NONE', ( #3259 ) ) ;
#56 = FACE_BOUND ( 'NONE', #204, .T. ) ;
#57 = ORIENTED_EDGE ( 'NONE', *, *, #274, .T. ) ;
#58 = VECTOR ( 'NONE', #1375, 1000.000000000000000 ) ;
#59 = FACE_BOUND ( 'NONE', #1504, .T. ) ;
#60 = DIRECTION ( 'NONE',  ( 0.000000000000000000, -0.000000000000000000, 1.000000000000000000 ) ) ;
#61 = ORIENTED_EDGE ( 'NONE', *, *, #2409, .T. ) ;
#62 = MECHANICAL_DESIGN_GEOMETRIC_PRESENTATION_REPRESENTATION (  '', ( #488 ), #1266 ) ;
#63 = DIRECTION ( 'NONE',  ( 1.000000000000000000, 0.000000000000000000, 0.000000000000000000 ) ) ;
#64 = SURFACE_STYLE_FILL_AREA ( #628 ) ;
#65 = DIRECTION ( 'NONE',  ( -1.000000000000000000, -0.000000000000000000, -0.000000000000000000 ) ) ;
#66 = UNCERTAINTY_MEASURE_WITH_UNIT (LENGTH_MEASURE( 1.000000000000000082E-05 ), #1603, 'distance_accuracy_value', 'NONE');
#67 = MECHANICAL_DESIGN_GEOMETRIC_PRESENTATION_REPRESENTATION (  '', ( #2189 ), #2549 ) ;
#68 =( LENGTH_UNIT ( ) NAMED_UNIT ( * ) SI_UNIT ( .MILLI., .METRE. ) );
#69 = EDGE_CURVE ( 'NONE', #1098, #2688, #3227, .T. ) ;
#70 = TOROIDAL_SURFACE ( 'NONE', #2293, 10.00000000000000000, 5.000000000000000000 ) ;
#71 = DIRECTION ( 'NONE',  ( -0.000000000000000000, -0.000000000000000000, 1.000000000000000000 ) ) ;
#72 = ORIENTED_EDGE ( 'NONE', *, *, #1762, .T. ) ;
#73 = ORIENTED_EDGE ( 'NONE', *, *, #790, .T. ) ;
#74 = VECTOR ( 'NONE', #2805, 1000.000000000000000 ) ;
#75 = FACE_BOUND ( 'NONE', #2267, .T. ) ;
#76 = ORIENTED_EDGE ( 'NONE', *, *, #1838, .F. ) ;
#77 = CARTESIAN_POINT ( 'NONE',  ( 43.27706217912700026, -5.450129570941247614, -19.87706217912748130 ) ) ;
#78 = EDGE_LOOP ( 'NONE', ( #1275 ) ) ;
#79 = PRESENTATION_STYLE_ASSIGNMENT (( #1108 ) ) ;
#80 =( NAMED_UNIT ( * ) SI_UNIT ( $, .STERADIAN. ) SOLID_ANGLE_UNIT ( ) );
#81 = VERTEX_POINT ( 'NONE', #2419 ) ;
#82 = PRESENTATION_LAYER_ASSIGNMENT (  '', '', ( #904 ) ) ;
#83 = SURFACE_STYLE_USAGE ( .BOTH. , #3153 ) ;
#84 = STYLED_ITEM ( 'NONE', ( #833 ), #335 ) ;
#85 = CARTESIAN_POINT ( 'NONE',  ( 1.999999999999998224, 14.75000000000000355, -64.40000000000000568 ) ) ;
#86 = DIRECTION ( 'NONE',  ( -0.000000000000000000, -0.000000000000000000, 1.000000000000000000 ) ) ;
#87 = AXIS2_PLACEMENT_3D ( 'NONE', #1279, #3095, #784 ) ;
#88 = CARTESIAN_POINT ( 'NONE',  ( 38.40000000000000568, 0.000000000000000000, 7.000000000000000000 ) ) ;
#89 = CARTESIAN_POINT ( 'NONE',  ( 27.20000000000000639, 3.469446951953615767E-15, -69.40000000000001990 ) ) ;
#90 = VERTEX_POINT ( 'NONE', #372 ) ;
#91 = ORIENTED_EDGE ( 'NONE', *, *, #1287, .F. ) ;
#92 = ADVANCED_FACE ( 'NONE', ( #93, #664 ), #2179, .F. ) ;
#93 = FACE_OUTER_BOUND ( 'NONE', #509, .T. ) ;
#94 =( LENGTH_UNIT ( ) NAMED_UNIT ( * ) SI_UNIT ( .MILLI., .METRE. ) );
#95 = FILL_AREA_STYLE ('',( #1344 ) ) ;
#96 = EDGE_CURVE ( 'NONE', #1404, #2087, #2699, .T. ) ;
#97 = CARTESIAN_POINT ( 'NONE',  ( 1.999999999999997335, 24.75000000000000355, -28.00000000000000000 ) ) ;
#98 = ORIENTED_EDGE ( 'NONE', *, *, #2445, .F. ) ;
#99 = DIRECTION ( 'NONE',  ( 0.000000000000000000, 0.000000000000000000, -1.000000000000000000 ) ) ;
#100 = CARTESIAN_POINT ( 'NONE',  ( 0.000000000000000000, 23.74999999999999645, -55.59753687109602538 ) ) ;
#101 = ORIENTED_EDGE ( 'NONE', *, *, #462, .F. ) ;
#102 = CARTESIAN_POINT ( 'NONE',  ( 20.20000000000000284, 7.000000000000002665, -15.00000000000000000 ) ) ;
#103 =( NAMED_UNIT ( * ) SI_UNIT ( $, .STERADIAN. ) SOLID_ANGLE_UNIT ( ) );
#104 = UNCERTAINTY_MEASURE_WITH_UNIT (LENGTH_MEASURE( 1.000000000000000082E-05 ), #2225, 'distance_accuracy_value', 'NONE');
#105 = LINE ( 'NONE', #1886, #2554 ) ;
#106 =( LENGTH_UNIT ( ) NAMED_UNIT ( * ) SI_UNIT ( .MILLI., .METRE. ) );
#107 = ADVANCED_FACE ( 'NONE', ( #2200 ), #2986, .T. ) ;
#108 = FACE_OUTER_BOUND ( 'NONE', #1666, .T. ) ;
#109 = CARTESIAN_POINT ( 'NONE',  ( 38.40000000000001279, -5.050252531694166436, -20.00000000000001421 ) ) ;
#110 = ADVANCED_FACE ( 'NONE', ( #1515 ), #181, .T. ) ;
#111 = SURFACE_SIDE_STYLE ('',( #3010 ) ) ;
#112 = DIRECTION ( 'NONE',  ( 0.000000000000000000, 1.000000000000000000, 0.000000000000000000 ) ) ;
#113 = STYLED_ITEM ( 'NONE', ( #1891 ), #1563 ) ;
#114 = PRESENTATION_LAYER_ASSIGNMENT (  '', '', ( #1810 ) ) ;
#115 = FILL_AREA_STYLE ('',( #2430 ) ) ;
#116 = CARTESIAN_POINT ( 'NONE',  ( 2.000000000000000000, 0.000000000000000000, 7.000000000000000000 ) ) ;
#117 =( GEOMETRIC_REPRESENTATION_CONTEXT ( 3 ) GLOBAL_UNCERTAINTY_ASSIGNED_CONTEXT ( ( #806 ) ) GLOBAL_UNIT_ASSIGNED_CONTEXT ( ( #605, #851, #1114 ) ) REPRESENTATION_CONTEXT ( 'NONE', 'WORKASPACE' ) );
#118 = MECHANICAL_DESIGN_GEOMETRIC_PRESENTATION_REPRESENTATION (  '', ( #2717 ), #15 ) ;
#119 = AXIS2_PLACEMENT_3D ( 'NONE', #2268, #2823, #2031 ) ;
#120 = STYLED_ITEM ( 'NONE', ( #2945 ), #1418 ) ;
#121 = CARTESIAN_POINT ( 'NONE',  ( 43.40000000000000568, -10.00000000000000000, -8.000000000000017764 ) ) ;
#122 = PRESENTATION_STYLE_ASSIGNMENT (( #2469 ) ) ;
#123 = ORIENTED_EDGE ( 'NONE', *, *, #1206, .T. ) ;
#124 = CYLINDRICAL_SURFACE ( 'NONE', #1496, 6.000000000000000888 ) ;
#125 = FILL_AREA_STYLE_COLOUR ( '', #2733 ) ;
#126 = AXIS2_PLACEMENT_3D ( 'NONE', #1842, #579, #2146 ) ;
#127 = EDGE_CURVE ( 'NONE', #330, #330, #2089, .T. ) ;
#128 =( NAMED_UNIT ( * ) SI_UNIT ( $, .STERADIAN. ) SOLID_ANGLE_UNIT ( ) );
#129 = SURFACE_STYLE_FILL_AREA ( #1986 ) ;
#130 = COLOUR_RGB ( '',0.5999999999999999778, 0.1607843137254901800, 0.7529411764705882248 ) ;
#131 = DIRECTION ( 'NONE',  ( -1.000000000000000000, -2.891205793294678326E-16, -0.000000000000000000 ) ) ;
#132 = SURFACE_STYLE_USAGE ( .BOTH. , #2208 ) ;
#133 = DIRECTION ( 'NONE',  ( 1.000000000000000000, 0.000000000000000000, 0.000000000000000000 ) ) ;
#134 = CIRCLE ( 'NONE', #1780, 5.000000000000004441 ) ;
#135 =( NAMED_UNIT ( * ) SI_UNIT ( $, .STERADIAN. ) SOLID_ANGLE_UNIT ( ) );
#136 = CIRCLE ( 'NONE', #2042, 10.00000000000000533 ) ;
#137 = DIRECTION ( 'NONE',  ( -0.000000000000000000, -0.000000000000000000, -1.000000000000000000 ) ) ;
#138 = FILL_AREA_STYLE_COLOUR ( '', #3195 ) ;
#139 = VERTEX_POINT ( 'NONE', #1474 ) ;
#140 = ADVANCED_FACE ( 'NONE', ( #3002 ), #711, .T. ) ;
#141 = LINE ( 'NONE', #1987, #2243 ) ;
#142 =( NAMED_UNIT ( * ) SI_UNIT ( $, .STERADIAN. ) SOLID_ANGLE_UNIT ( ) );
#143 = DIRECTION ( 'NONE',  ( 0.000000000000000000, 1.000000000000000000, 0.000000000000000000 ) ) ;
#144 =( NAMED_UNIT ( * ) SI_UNIT ( $, .STERADIAN. ) SOLID_ANGLE_UNIT ( ) );
#145 = CARTESIAN_POINT ( 'NONE',  ( 1.999999999999997335, 10.00000000000000000, -15.00000000000000888 ) ) ;
#146 = ORIENTED_EDGE ( 'NONE', *, *, #2894, .T. ) ;
#147 = CARTESIAN_POINT ( 'NONE',  ( 0.000000000000000000, 33.00000000000000000, -12.50000000000003020 ) ) ;
#148 = ORIENTED_EDGE ( 'NONE', *, *, #2911, .F. ) ;
#149 = DIRECTION ( 'NONE',  ( 1.000000000000000000, -0.000000000000000000, -0.000000000000000000 ) ) ;
#150 = FACE_OUTER_BOUND ( 'NONE', #1397, .T. ) ;
#151 = VERTEX_POINT ( 'NONE', #465 ) ;
#152 = SURFACE_STYLE_USAGE ( .BOTH. , #111 ) ;
#153 =( GEOMETRIC_REPRESENTATION_CONTEXT ( 3 ) GLOBAL_UNCERTAINTY_ASSIGNED_CONTEXT ( ( #433 ) ) GLOBAL_UNIT_ASSIGNED_CONTEXT ( ( #3274, #2259, #128 ) ) REPRESENTATION_CONTEXT ( 'NONE', 'WORKASPACE' ) );
#154 = AXIS2_PLACEMENT_3D ( 'NONE', #116, #1924, #1704 ) ;
#155 =( NAMED_UNIT ( * ) SI_UNIT ( $, .STERADIAN. ) SOLID_ANGLE_UNIT ( ) );
#156 = PRESENTATION_STYLE_ASSIGNMENT (( #2517 ) ) ;
#157 = UNCERTAINTY_MEASURE_WITH_UNIT (LENGTH_MEASURE( 1.000000000000000082E-05 ), #1073, 'distance_accuracy_value', 'NONE');
#158 = VECTOR ( 'NONE', #1992, 1000.000000000000000 ) ;
#159 =( GEOMETRIC_REPRESENTATION_CONTEXT ( 3 ) GLOBAL_UNCERTAINTY_ASSIGNED_CONTEXT ( ( #2741 ) ) GLOBAL_UNIT_ASSIGNED_CONTEXT ( ( #3003, #243, #978 ) ) REPRESENTATION_CONTEXT ( 'NONE', 'WORKASPACE' ) );
#160 =( LENGTH_UNIT ( ) NAMED_UNIT ( * ) SI_UNIT ( .MILLI., .METRE. ) );
#161 = EDGE_CURVE ( 'NONE', #2927, #2927, #2932, .T. ) ;
#162 = DIRECTION ( 'NONE',  ( 1.000000000000000000, -0.000000000000000000, -0.000000000000000000 ) ) ;
#163 = DIRECTION ( 'NONE',  ( -2.891205793294678326E-16, 1.000000000000000000, 0.000000000000000000 ) ) ;
#164 = COLOUR_RGB ( '',0.5999999999999999778, 0.1607843137254901800, 0.7529411764705882248 ) ;
#165 = CIRCLE ( 'NONE', #1270, 1.550000000000001155 ) ;
#166 = LINE ( 'NONE', #2229, #816 ) ;
#167 = AXIS2_PLACEMENT_3D ( 'NONE', #1164, #2707, #642 ) ;
#168 = ORIENTED_EDGE ( 'NONE', *, *, #2832, .T. ) ;
#169 = AXIS2_PLACEMENT_3D ( 'NONE', #2914, #1802, #1570 ) ;
#170 = MECHANICAL_DESIGN_GEOMETRIC_PRESENTATION_REPRESENTATION (  '', ( #1113 ), #233 ) ;
#171 = COLOUR_RGB ( '',0.5999999999999999778, 0.1607843137254901800, 0.7529411764705882248 ) ;
#172 = VERTEX_POINT ( 'NONE', #1782 ) ;
#173 = DIRECTION ( 'NONE',  ( -0.000000000000000000, -3.469446951953614682E-16, 1.000000000000000000 ) ) ;
#174 = COLOUR_RGB ( '',0.5999999999999999778, 0.1607843137254901800, 0.7529411764705882248 ) ;
#175 = VERTEX_POINT ( 'NONE', #656 ) ;
#176 = DIRECTION ( 'NONE',  ( -0.000000000000000000, 1.000000000000000000, -0.000000000000000000 ) ) ;
#177 = CYLINDRICAL_SURFACE ( 'NONE', #351, 5.999999999999999112 ) ;
#178 = CARTESIAN_POINT ( 'NONE',  ( -3.000000000000002665, 14.75000000000000355, -25.00000000000000711 ) ) ;
#179 = FILL_AREA_STYLE_COLOUR ( '', #3084 ) ;
#180 = AXIS2_PLACEMENT_3D ( 'NONE', #2007, #458, #1015 ) ;
#181 = PLANE ( 'NONE',  #180 ) ;
#182 = CIRCLE ( 'NONE', #732, 1.549999999999997602 ) ;
#183 = PRESENTATION_STYLE_ASSIGNMENT (( #3037 ) ) ;
#184 = CARTESIAN_POINT ( 'NONE',  ( 43.40000000000000568, 10.00000000000000000, -1.734723475976807094E-15 ) ) ;
#185 = ORIENTED_EDGE ( 'NONE', *, *, #1013, .F. ) ;
#186 = EDGE_CURVE ( 'NONE', #1959, #931, #994, .T. ) ;
#187 = VECTOR ( 'NONE', #1773, 1000.000000000000000 ) ;
#188 = DIRECTION ( 'NONE',  ( -1.000000000000000000, 0.000000000000000000, -0.000000000000000000 ) ) ;
#189 = VERTEX_POINT ( 'NONE', #2479 ) ;
#190 = DIRECTION ( 'NONE',  ( 0.000000000000000000, -0.000000000000000000, 1.000000000000000000 ) ) ;
#191 = FILL_AREA_STYLE ('',( #2269 ) ) ;
#192 = VERTEX_POINT ( 'NONE', #2271 ) ;
#193 = EDGE_CURVE ( 'NONE', #2274, #189, #3036, .T. ) ;
#194 = FACE_BOUND ( 'NONE', #3322, .T. ) ;
#195 = ORIENTED_EDGE ( 'NONE', *, *, #1188, .T. ) ;
#196 = CARTESIAN_POINT ( 'NONE',  ( -2.914497494298830649, -5.629098289758632134, -15.48742693006007975 ) ) ;
#197 = ORIENTED_EDGE ( 'NONE', *, *, #438, .T. ) ;
#198 = DIRECTION ( 'NONE',  ( 0.000000000000000000, 0.7071067811865511255, -0.7071067811865440200 ) ) ;
#199 = UNCERTAINTY_MEASURE_WITH_UNIT (LENGTH_MEASURE( 1.000000000000000082E-05 ), #1142, 'distance_accuracy_value', 'NONE');
#200 = CARTESIAN_POINT ( 'NONE',  ( 43.40000000000000568, 14.75000000000000355, -15.00000000000000888 ) ) ;
#201 = FILL_AREA_STYLE_COLOUR ( '', #2403 ) ;
#202 = CARTESIAN_POINT ( 'NONE',  ( 2.000000000000000000, -7.000000000000000000, 0.000000000000000000 ) ) ;
#203 = ORIENTED_EDGE ( 'NONE', *, *, #1743, .T. ) ;
#204 = EDGE_LOOP ( 'NONE', ( #593 ) ) ;
#205 = CARTESIAN_POINT ( 'NONE',  ( 38.90000000000000568, 3.465099246690637762E-15, -19.97493718553311126 ) ) ;
#206 = CARTESIAN_POINT ( 'NONE',  ( 26.90000000000000213, 16.74999999999999289, -15.00000000000001066 ) ) ;
#207 = FILL_AREA_STYLE_COLOUR ( '', #2432 ) ;
#208 = CARTESIAN_POINT ( 'NONE',  ( 2.000000000000000000, 0.000000000000000000, -3.549999999999999822 ) ) ;
#209 = LINE ( 'NONE', #787, #2262 ) ;
#210 = DIRECTION ( 'NONE',  ( -1.000000000000000000, 0.000000000000000000, -0.000000000000000000 ) ) ;
#211 = EDGE_CURVE ( 'NONE', #2087, #1534, #1223, .T. ) ;
#212 = CARTESIAN_POINT ( 'NONE',  ( 0.3680769731049384763, -8.285457910426352157, -18.61288091043534010 ) ) ;
#213 = ORIENTED_EDGE ( 'NONE', *, *, #236, .T. ) ;
#214 =( GEOMETRIC_REPRESENTATION_CONTEXT ( 3 ) GLOBAL_UNCERTAINTY_ASSIGNED_CONTEXT ( ( #404 ) ) GLOBAL_UNIT_ASSIGNED_CONTEXT ( ( #520, #858, #555 ) ) REPRESENTATION_CONTEXT ( 'NONE', 'WORKASPACE' ) );
#215 = FILL_AREA_STYLE ('',( #179 ) ) ;
#216 =( NAMED_UNIT ( * ) PLANE_ANGLE_UNIT ( ) SI_UNIT ( $, .RADIAN. ) );
#217 = SURFACE_STYLE_USAGE ( .BOTH. , #2045 ) ;
#218 = VERTEX_POINT ( 'NONE', #962 ) ;
#219 = SURFACE_SIDE_STYLE ('',( #1307 ) ) ;
#220 = PRESENTATION_STYLE_ASSIGNMENT (( #759 ) ) ;
#221 = COLOUR_RGB ( '',0.5999999999999999778, 0.1607843137254901800, 0.7529411764705882248 ) ;
#222 = VERTEX_POINT ( 'NONE', #2896 ) ;
#223 = PRESENTATION_LAYER_ASSIGNMENT (  '', '', ( #488 ) ) ;
#224 = ORIENTED_EDGE ( 'NONE', *, *, #1855, .F. ) ;
#225 = CARTESIAN_POINT ( 'NONE',  ( 26.90000000000000213, 16.74999999999999289, -25.00000000000000711 ) ) ;
#226 =( GEOMETRIC_REPRESENTATION_CONTEXT ( 3 ) GLOBAL_UNCERTAINTY_ASSIGNED_CONTEXT ( ( #1370 ) ) GLOBAL_UNIT_ASSIGNED_CONTEXT ( ( #1485, #1750, #447 ) ) REPRESENTATION_CONTEXT ( 'NONE', 'WORKASPACE' ) );
#227 = CIRCLE ( 'NONE', #2125, 3.550000000000001155 ) ;
#228 = FILL_AREA_STYLE ('',( #475 ) ) ;
#229 = CARTESIAN_POINT ( 'NONE',  ( 26.90000000000000213, 14.75000000000000355, -20.00000000000000711 ) ) ;
#230 = LINE ( 'NONE', #2524, #2857 ) ;
#231 = STYLED_ITEM ( 'NONE', ( #3341 ), #1415 ) ;
#232 = CARTESIAN_POINT ( 'NONE',  ( 18.64999999999999858, -6.999999999999996447, -69.40000000000001990 ) ) ;
#233 =( GEOMETRIC_REPRESENTATION_CONTEXT ( 3 ) GLOBAL_UNCERTAINTY_ASSIGNED_CONTEXT ( ( #3235 ) ) GLOBAL_UNIT_ASSIGNED_CONTEXT ( ( #257, #216, #1781 ) ) REPRESENTATION_CONTEXT ( 'NONE', 'WORKASPACE' ) );
#234 = PRESENTATION_STYLE_ASSIGNMENT (( #454 ) ) ;
#235 = VECTOR ( 'NONE', #1511, 1000.000000000000000 ) ;
#236 = EDGE_CURVE ( 'NONE', #2620, #901, #871, .T. ) ;
#237 = COLOUR_RGB ( '',0.5999999999999999778, 0.1607843137254901800, 0.7529411764705882248 ) ;
#238 =( NAMED_UNIT ( * ) PLANE_ANGLE_UNIT ( ) SI_UNIT ( $, .RADIAN. ) );
#239 = ORIENTED_EDGE ( 'NONE', *, *, #2478, .F. ) ;
#240 = UNCERTAINTY_MEASURE_WITH_UNIT (LENGTH_MEASURE( 1.000000000000000082E-05 ), #2194, 'distance_accuracy_value', 'NONE');
#241 = DIRECTION ( 'NONE',  ( -1.000000000000000000, 0.000000000000000000, 0.000000000000000000 ) ) ;
#242 = CIRCLE ( 'NONE', #2563, 4.999999999999999112 ) ;
#243 =( NAMED_UNIT ( * ) PLANE_ANGLE_UNIT ( ) SI_UNIT ( $, .RADIAN. ) );
#244 = MECHANICAL_DESIGN_GEOMETRIC_PRESENTATION_REPRESENTATION (  '', ( #1978 ), #1612 ) ;
#245 = ORIENTED_EDGE ( 'NONE', *, *, #3059, .F. ) ;
#246 = ORIENTED_EDGE ( 'NONE', *, *, #259, .T. ) ;
#247 = MECHANICAL_DESIGN_GEOMETRIC_PRESENTATION_REPRESENTATION (  '', ( #1183 ), #957 ) ;
#248 = CYLINDRICAL_SURFACE ( 'NONE', #1156, 5.000000000000000888 ) ;
#249 = AXIS2_PLACEMENT_3D ( 'NONE', #3284, #1314, #2084 ) ;
#250 =( NAMED_UNIT ( * ) PLANE_ANGLE_UNIT ( ) SI_UNIT ( $, .RADIAN. ) );
#251 = SURFACE_SIDE_STYLE ('',( #2580 ) ) ;
#252 = SURFACE_STYLE_FILL_AREA ( #3030 ) ;
#253 = ORIENTED_EDGE ( 'NONE', *, *, #1558, .F. ) ;
#254 = CARTESIAN_POINT ( 'NONE',  ( -0.8480495370703451385, -8.496134506483905113, -17.84804953707086739 ) ) ;
#255 = SURFACE_STYLE_FILL_AREA ( #527 ) ;
#256 = ADVANCED_FACE ( 'NONE', ( #1872, #1851, #549, #1645, #1628, #2913, #2136 ), #607, .T. ) ;
#257 =( LENGTH_UNIT ( ) NAMED_UNIT ( * ) SI_UNIT ( .MILLI., .METRE. ) );
#258 = FILL_AREA_STYLE ('',( #1796 ) ) ;
#259 = EDGE_CURVE ( 'NONE', #3205, #3205, #2354, .T. ) ;
#260 = FILL_AREA_STYLE ('',( #979 ) ) ;
#261 = EDGE_LOOP ( 'NONE', ( #2665 ) ) ;
#262 = EDGE_LOOP ( 'NONE', ( #1039, #2117, #1769 ) ) ;
#263 =( NAMED_UNIT ( * ) PLANE_ANGLE_UNIT ( ) SI_UNIT ( $, .RADIAN. ) );
#264 = DIRECTION ( 'NONE',  ( 0.000000000000000000, -1.000000000000000000, 0.000000000000000000 ) ) ;
#265 = DIRECTION ( 'NONE',  ( -1.000000000000000000, 0.000000000000000000, 0.000000000000000000 ) ) ;
#266 = DIRECTION ( 'NONE',  ( -1.000000000000000000, -0.000000000000000000, -0.000000000000000000 ) ) ;
#267 = ORIENTED_EDGE ( 'NONE', *, *, #1580, .T. ) ;
#268 = CARTESIAN_POINT ( 'NONE',  ( -1.084202172485504434E-14, -9.646446609406721606, -17.00000000000001066 ) ) ;
#269 =( NAMED_UNIT ( * ) SI_UNIT ( $, .STERADIAN. ) SOLID_ANGLE_UNIT ( ) );
#270 = SURFACE_STYLE_USAGE ( .BOTH. , #3311 ) ;
#271 = LINE ( 'NONE', #3160, #939 ) ;
#272 = CARTESIAN_POINT ( 'NONE',  ( -3.000000000000002665, 24.75000000000000355, -25.00000000000000711 ) ) ;
#273 = VERTEX_POINT ( 'NONE', #2881 ) ;
#274 = EDGE_CURVE ( 'NONE', #1021, #1828, #2172, .T. ) ;
#275 =( NAMED_UNIT ( * ) PLANE_ANGLE_UNIT ( ) SI_UNIT ( $, .RADIAN. ) );
#276 = PRESENTATION_LAYER_ASSIGNMENT (  '', '', ( #2302 ) ) ;
#277 = CARTESIAN_POINT ( 'NONE',  ( 42.69663091446386716, -6.722185483668758010, -19.29663091446411372 ) ) ;
#278 =( NAMED_UNIT ( * ) SI_UNIT ( $, .STERADIAN. ) SOLID_ANGLE_UNIT ( ) );
#279 = AXIS2_PLACEMENT_3D ( 'NONE', #1863, #1927, #1957 ) ;
#280 = FILL_AREA_STYLE ('',( #1038 ) ) ;
#281 = STYLED_ITEM ( 'NONE', ( #625 ), #3327 ) ;
#282 = AXIS2_PLACEMENT_3D ( 'NONE', #2325, #338, #2177 ) ;
#283 = ORIENTED_EDGE ( 'NONE', *, *, #1062, .F. ) ;
#284 = STYLED_ITEM ( 'NONE', ( #2471 ), #2543 ) ;
#285 = PRESENTATION_LAYER_ASSIGNMENT (  '', '', ( #2770 ) ) ;
#286 = FILL_AREA_STYLE ('',( #870 ) ) ;
#287 =( NAMED_UNIT ( * ) PLANE_ANGLE_UNIT ( ) SI_UNIT ( $, .RADIAN. ) );
#288 = CIRCLE ( 'NONE', #1971, 10.00000000000000178 ) ;
#289 = DIRECTION ( 'NONE',  ( 0.000000000000000000, 0.000000000000000000, -1.000000000000000000 ) ) ;
#290 = CARTESIAN_POINT ( 'NONE',  ( 38.73441799714861133, 16.74999999999998934, -20.40597540434994883 ) ) ;
#291 = EDGE_LOOP ( 'NONE', ( #2391 ) ) ;
#292 = VERTEX_POINT ( 'NONE', #302 ) ;
#293 = DIRECTION ( 'NONE',  ( 0.000000000000000000, 1.734723475976807094E-16, -1.000000000000000000 ) ) ;
#294 = EDGE_CURVE ( 'NONE', #827, #81, #1368, .T. ) ;
#295 = VECTOR ( 'NONE', #2402, 1000.000000000000000 ) ;
#296 = EDGE_LOOP ( 'NONE', ( #2607, #3178, #203, #224, #2277 ) ) ;
#297 = CARTESIAN_POINT ( 'NONE',  ( -3.000000000000002665, 24.75000000000000355, -59.40000000000000568 ) ) ;
#298 = CIRCLE ( 'NONE', #676, 5.000000000000000888 ) ;
#299 = ORIENTED_EDGE ( 'NONE', *, *, #2352, .T. ) ;
#300 = STYLED_ITEM ( 'NONE', ( #365 ), #587 ) ;
#301 = SURFACE_SIDE_STYLE ('',( #3171 ) ) ;
#302 = CARTESIAN_POINT ( 'NONE',  ( 1.999999999999997335, 14.75000000000000355, -20.00000000000000711 ) ) ;
#303 = UNCERTAINTY_MEASURE_WITH_UNIT (LENGTH_MEASURE( 1.000000000000000082E-05 ), #1252, 'distance_accuracy_value', 'NONE');
#304 = DIRECTION ( 'NONE',  ( 0.000000000000000000, 0.000000000000000000, -1.000000000000000000 ) ) ;
#305 = CARTESIAN_POINT ( 'NONE',  ( 43.40000000000000568, 33.00000000000000000, -50.59273534653674176 ) ) ;
#306 = ORIENTED_EDGE ( 'NONE', *, *, #1167, .T. ) ;
#307 = VERTEX_POINT ( 'NONE', #85 ) ;
#308 = CARTESIAN_POINT ( 'NONE',  ( 42.27083888316231963, -7.452571153336565501, -18.87083888316191604 ) ) ;
#309 = DIRECTION ( 'NONE',  ( -0.7071067811865477948, 0.000000000000000000, 0.7071067811865473507 ) ) ;
#310 = CARTESIAN_POINT ( 'NONE',  ( 38.40000000000001279, 14.75000000000000355, -25.00000000000000711 ) ) ;
#311 = FACE_BOUND ( 'NONE', #3229, .T. ) ;
#312 = ORIENTED_EDGE ( 'NONE', *, *, #694, .F. ) ;
#313 = EDGE_CURVE ( 'NONE', #2456, #1099, #1897, .T. ) ;
#314 = DIRECTION ( 'NONE',  ( 0.000000000000000000, 1.000000000000000000, 0.000000000000000000 ) ) ;
#315 = DIRECTION ( 'NONE',  ( 0.000000000000000000, 2.602085213965210642E-16, -1.000000000000000000 ) ) ;
#316 = CARTESIAN_POINT ( 'NONE',  ( 1.999999999999994893, 19.75000000000000355, -59.40000000000000568 ) ) ;
#317 = DIRECTION ( 'NONE',  ( 0.000000000000000000, 0.000000000000000000, 1.000000000000000000 ) ) ;
#318 = SURFACE_STYLE_FILL_AREA ( #2606 ) ;
#319 = ORIENTED_EDGE ( 'NONE', *, *, #1094, .T. ) ;
#320 = ORIENTED_EDGE ( 'NONE', *, *, #1729, .F. ) ;
#321 = DIRECTION ( 'NONE',  ( 1.000000000000000000, 0.000000000000000000, 0.000000000000000000 ) ) ;
#322 = ORIENTED_EDGE ( 'NONE', *, *, #1536, .T. ) ;
#323 = CARTESIAN_POINT ( 'NONE',  ( 39.53486816319549035, -7.366653841674006387, -19.45795179305293132 ) ) ;
#324 =( GEOMETRIC_REPRESENTATION_CONTEXT ( 3 ) GLOBAL_UNCERTAINTY_ASSIGNED_CONTEXT ( ( #528 ) ) GLOBAL_UNIT_ASSIGNED_CONTEXT ( ( #2095, #534, #2210 ) ) REPRESENTATION_CONTEXT ( 'NONE', 'WORKASPACE' ) );
#325 = ORIENTED_EDGE ( 'NONE', *, *, #647, .F. ) ;
#326 =( NAMED_UNIT ( * ) PLANE_ANGLE_UNIT ( ) SI_UNIT ( $, .RADIAN. ) );
#327 = ORIENTED_EDGE ( 'NONE', *, *, #313, .F. ) ;
#328 = VECTOR ( 'NONE', #2454, 1000.000000000000227 ) ;
#329 = AXIS2_PLACEMENT_3D ( 'NONE', #2453, #137, #1192 ) ;
#330 = VERTEX_POINT ( 'NONE', #1149 ) ;
#331 =( GEOMETRIC_REPRESENTATION_CONTEXT ( 3 ) GLOBAL_UNCERTAINTY_ASSIGNED_CONTEXT ( ( #2863 ) ) GLOBAL_UNIT_ASSIGNED_CONTEXT ( ( #1373, #3159, #3174 ) ) REPRESENTATION_CONTEXT ( 'NONE', 'WORKASPACE' ) );
#332 = PRESENTATION_LAYER_ASSIGNMENT (  '', '', ( #284 ) ) ;
#333 = PRESENTATION_STYLE_ASSIGNMENT (( #1425 ) ) ;
#334 = UNCERTAINTY_MEASURE_WITH_UNIT (LENGTH_MEASURE( 1.000000000000000082E-05 ), #2687, 'distance_accuracy_value', 'NONE');
#335 = ADVANCED_FACE ( 'NONE', ( #2154, #890, #3155, #1351, #3130, #3172 ), #1919, .T. ) ;
#336 =( GEOMETRIC_REPRESENTATION_CONTEXT ( 3 ) GLOBAL_UNCERTAINTY_ASSIGNED_CONTEXT ( ( #1720 ) ) GLOBAL_UNIT_ASSIGNED_CONTEXT ( ( #1320, #1303, #2090 ) ) REPRESENTATION_CONTEXT ( 'NONE', 'WORKASPACE' ) );
#337 = VECTOR ( 'NONE', #317, 1000.000000000000000 ) ;
#338 = DIRECTION ( 'NONE',  ( 0.000000000000000000, 0.000000000000000000, 1.000000000000000000 ) ) ;
#339 = AXIS2_PLACEMENT_3D ( 'NONE', #3236, #630, #2946 ) ;
#340 = FILL_AREA_STYLE ('',( #2657 ) ) ;
#341 = ADVANCED_FACE ( 'NONE', ( #420 ), #1443, .F. ) ;
#342 = VERTEX_POINT ( 'NONE', #1492 ) ;
#343 = FILL_AREA_STYLE ('',( #1430 ) ) ;
#344 = ORIENTED_EDGE ( 'NONE', *, *, #651, .F. ) ;
#345 = CARTESIAN_POINT ( 'NONE',  ( 42.01288091043651463, -8.639011301018733491, -16.63192302689429880 ) ) ;
#346 = CARTESIAN_POINT ( 'NONE',  ( 20.20000000000000284, -7.000000000000012434, 70.00000000000000000 ) ) ;
#347 = MECHANICAL_DESIGN_GEOMETRIC_PRESENTATION_REPRESENTATION (  '', ( #2779 ), #1507 ) ;
#348 = LINE ( 'NONE', #3097, #608 ) ;
#349 = EDGE_LOOP ( 'NONE', ( #2608, #797, #1383, #692, #1061, #472 ) ) ;
#350 =( NAMED_UNIT ( * ) SI_UNIT ( $, .STERADIAN. ) SOLID_ANGLE_UNIT ( ) );
#351 = AXIS2_PLACEMENT_3D ( 'NONE', #1233, #2997, #3234 ) ;
#352 = SURFACE_STYLE_USAGE ( .BOTH. , #2930 ) ;
#353 =( NAMED_UNIT ( * ) SI_UNIT ( $, .STERADIAN. ) SOLID_ANGLE_UNIT ( ) );
#354 = VECTOR ( 'NONE', #495, 1000.000000000000000 ) ;
#355 = LINE ( 'NONE', #1630, #1391 ) ;
#356 = ADVANCED_FACE ( 'NONE', ( #2444 ), #177, .T. ) ;
#357 = ORIENTED_EDGE ( 'NONE', *, *, #2847, .F. ) ;
#358 = ADVANCED_FACE ( 'NONE', ( #936, #2001, #1742, #194, #1248, #2037 ), #3305, .F. ) ;
#359 =( NAMED_UNIT ( * ) PLANE_ANGLE_UNIT ( ) SI_UNIT ( $, .RADIAN. ) );
#360 =( LENGTH_UNIT ( ) NAMED_UNIT ( * ) SI_UNIT ( .MILLI., .METRE. ) );
#361 = PLANE ( 'NONE',  #1538 ) ;
#362 = DIRECTION ( 'NONE',  ( 0.000000000000000000, 0.000000000000000000, -1.000000000000000000 ) ) ;
#363 = ORIENTED_EDGE ( 'NONE', *, *, #3012, .F. ) ;
#364 = CARTESIAN_POINT ( 'NONE',  ( 0.000000000000000000, 25.49999999999996803, -5.000000000000009770 ) ) ;
#365 = PRESENTATION_STYLE_ASSIGNMENT (( #1473 ) ) ;
#366 = CARTESIAN_POINT ( 'NONE',  ( -3.000000000000002665, 0.000000000000000000, -5.000000000000009770 ) ) ;
#367 = CARTESIAN_POINT ( 'NONE',  ( -3.000000000000002665, 14.75000000000000355, -69.40000000000001990 ) ) ;
#368 = FILL_AREA_STYLE ('',( #2694 ) ) ;
#369 = FACE_OUTER_BOUND ( 'NONE', #3165, .T. ) ;
#370 = PRESENTATION_STYLE_ASSIGNMENT (( #387 ) ) ;
#371 = UNCERTAINTY_MEASURE_WITH_UNIT (LENGTH_MEASURE( 1.000000000000000082E-05 ), #6, 'distance_accuracy_value', 'NONE');
#372 = CARTESIAN_POINT ( 'NONE',  ( 43.40000000000000568, -10.00000000000000000, -1.734723475976807094E-15 ) ) ;
#373 = CARTESIAN_POINT ( 'NONE',  ( 38.40000000000001279, 2.602085213965212219E-15, -15.00000000000001066 ) ) ;
#374 = EDGE_CURVE ( 'NONE', #3202, #1483, #988, .T. ) ;
#375 = CARTESIAN_POINT ( 'NONE',  ( 38.40000000000001279, 14.75000000000000355, -25.00000000000000711 ) ) ;
#376 = ORIENTED_EDGE ( 'NONE', *, *, #1312, .F. ) ;
#377 = DIRECTION ( 'NONE',  ( 0.000000000000000000, -1.000000000000000000, 0.000000000000000000 ) ) ;
#378 = VECTOR ( 'NONE', #2406, 1000.000000000000000 ) ;
#379 = DIRECTION ( 'NONE',  ( -0.000000000000000000, 1.000000000000000000, -0.000000000000000000 ) ) ;
#380 = SURFACE_SIDE_STYLE ('',( #2750 ) ) ;
#381 = SURFACE_STYLE_FILL_AREA ( #2240 ) ;
#382 = DIRECTION ( 'NONE',  ( 0.000000000000000000, 1.000000000000000000, 1.734723475976807094E-16 ) ) ;
#383 = COLOUR_RGB ( '',0.5999999999999999778, 0.1607843137254901800, 0.7529411764705882248 ) ;
#384 = FILL_AREA_STYLE ('',( #2417 ) ) ;
#385 = AXIS2_PLACEMENT_3D ( 'NONE', #1353, #1, #17 ) ;
#386 = PRESENTATION_LAYER_ASSIGNMENT (  '', '', ( #889 ) ) ;
#387 = SURFACE_STYLE_USAGE ( .BOTH. , #615 ) ;
#388 = SURFACE_STYLE_FILL_AREA ( #2697 ) ;
#389 = PRESENTATION_LAYER_ASSIGNMENT (  '', '', ( #3249 ) ) ;
#390 = PRESENTATION_LAYER_ASSIGNMENT (  '', '', ( #2126 ) ) ;
#391 = CARTESIAN_POINT ( 'NONE',  ( -3.000000000000002665, -10.00000000000000888, -3.469446951953614189E-15 ) ) ;
#392 = CARTESIAN_POINT ( 'NONE',  ( 38.40000000000001279, 0.000000000000000000, -69.40000000000001990 ) ) ;
#393 = CARTESIAN_POINT ( 'NONE',  ( 40.40000000000000568, 10.00000000000000000, -1.734723475976807094E-15 ) ) ;
#394 = VECTOR ( 'NONE', #855, 1000.000000000000000 ) ;
#395 = FACE_OUTER_BOUND ( 'NONE', #3093, .T. ) ;
#396 = CARTESIAN_POINT ( 'NONE',  ( -46.60000000000001563, -10.00000000000000000, -20.00000000000001066 ) ) ;
#397 = LINE ( 'NONE', #917, #2093 ) ;
#398 = EDGE_CURVE ( 'NONE', #292, #553, #298, .T. ) ;
#399 = VERTEX_POINT ( 'NONE', #1741 ) ;
#400 = MECHANICAL_DESIGN_GEOMETRIC_PRESENTATION_REPRESENTATION (  '', ( #1925 ), #1011 ) ;
#401 =( NAMED_UNIT ( * ) SI_UNIT ( $, .STERADIAN. ) SOLID_ANGLE_UNIT ( ) );
#402 = ADVANCED_FACE ( 'NONE', ( #2054, #2018 ), #2322, .F. ) ;
#403 = AXIS2_PLACEMENT_3D ( 'NONE', #2452, #1398, #2410 ) ;
#404 = UNCERTAINTY_MEASURE_WITH_UNIT (LENGTH_MEASURE( 1.000000000000000082E-05 ), #520, 'distance_accuracy_value', 'NONE');
#405 = DIRECTION ( 'NONE',  ( 0.000000000000000000, 0.000000000000000000, -1.000000000000000000 ) ) ;
#406 = APPLICATION_CONTEXT ( 'automotive_design' ) ;
#407 = CIRCLE ( 'NONE', #1514, 5.000000000000000888 ) ;
#408 = FILL_AREA_STYLE_COLOUR ( '', #1448 ) ;
#409 = STYLED_ITEM ( 'NONE', ( #1585 ), #810 ) ;
#410 = DIRECTION ( 'NONE',  ( -0.000000000000000000, -0.000000000000000000, 1.000000000000000000 ) ) ;
#411 = DIRECTION ( 'NONE',  ( -1.000000000000000000, 0.000000000000000000, 0.000000000000000000 ) ) ;
#412 = SURFACE_STYLE_FILL_AREA ( #2701 ) ;
#413 = ORIENTED_EDGE ( 'NONE', *, *, #1786, .F. ) ;
#414 =( NAMED_UNIT ( * ) PLANE_ANGLE_UNIT ( ) SI_UNIT ( $, .RADIAN. ) );
#415 = EDGE_LOOP ( 'NONE', ( #3253, #1374, #1294, #3111, #448, #3099, #2422 ) ) ;
#416 = CARTESIAN_POINT ( 'NONE',  ( 20.20000000000000284, -6.999999999999995559, -25.00000000000001066 ) ) ;
#417 = LINE ( 'NONE', #2486, #1345 ) ;
#418 = VERTEX_POINT ( 'NONE', #688 ) ;
#419 =( NAMED_UNIT ( * ) PLANE_ANGLE_UNIT ( ) SI_UNIT ( $, .RADIAN. ) );
#420 = FACE_OUTER_BOUND ( 'NONE', #434, .T. ) ;
#421 = EDGE_CURVE ( 'NONE', #1698, #1698, #182, .T. ) ;
#422 = DIRECTION ( 'NONE',  ( 0.000000000000000000, 0.000000000000000000, -1.000000000000000000 ) ) ;
#423 = B_SPLINE_CURVE_WITH_KNOTS ( 'NONE', 3,
 ( #2109, #2884, #3139, #290, #3105, #533 ),
 .UNSPECIFIED., .F., .F.,
 ( 4, 2, 4 ),
 ( 0.03146459156573135074, 0.03171217968611175775, 0.03195976780649217169 ),
 .UNSPECIFIED. ) ;
#424 = CARTESIAN_POINT ( 'NONE',  ( 0.000000000000000000, 3.469446951953615767E-15, -20.00000000000001066 ) ) ;
#425 = LINE ( 'NONE', #2967, #1757 ) ;
#426 = SURFACE_SIDE_STYLE ('',( #412 ) ) ;
#427 = VERTEX_POINT ( 'NONE', #3098 ) ;
#428 = SURFACE_SIDE_STYLE ('',( #2744 ) ) ;
#429 = ORIENTED_EDGE ( 'NONE', *, *, #2847, .T. ) ;
#430 = SURFACE_STYLE_USAGE ( .BOTH. , #2187 ) ;
#431 =( NAMED_UNIT ( * ) SI_UNIT ( $, .STERADIAN. ) SOLID_ANGLE_UNIT ( ) );
#432 = CARTESIAN_POINT ( 'NONE',  ( 38.40000000000000568, 0.000000000000000000, 10.00000000000000000 ) ) ;
#433 = UNCERTAINTY_MEASURE_WITH_UNIT (LENGTH_MEASURE( 1.000000000000000082E-05 ), #3274, 'distance_accuracy_value', 'NONE');
#434 = EDGE_LOOP ( 'NONE', ( #2484, #1070, #489, #1286 ) ) ;
#435 = VECTOR ( 'NONE', #1615, 999.9999999999998863 ) ;
#436 = SURFACE_STYLE_FILL_AREA ( #368 ) ;
#437 = CYLINDRICAL_SURFACE ( 'NONE', #2393, 1.550000000000000266 ) ;
#438 = EDGE_CURVE ( 'NONE', #1436, #3317, #1535, .T. ) ;
#439 = FACE_OUTER_BOUND ( 'NONE', #3190, .T. ) ;
#440 = AXIS2_PLACEMENT_3D ( 'NONE', #1901, #1939, #1689 ) ;
#441 = ADVANCED_FACE ( 'NONE', ( #3338 ), #2594, .F. ) ;
#442 = AXIS2_PLACEMENT_3D ( 'NONE', #1078, #3124, #2152 ) ;
#443 = CARTESIAN_POINT ( 'NONE',  ( 26.90000000000000213, 14.75000000000000355, -25.00000000000000711 ) ) ;
#444 = EDGE_LOOP ( 'NONE', ( #1517 ) ) ;
#445 = MECHANICAL_DESIGN_GEOMETRIC_PRESENTATION_REPRESENTATION (  '', ( #231 ), #1602 ) ;
#446 = AXIS2_PLACEMENT_3D ( 'NONE', #793, #1839, #2844 ) ;
#447 =( NAMED_UNIT ( * ) SI_UNIT ( $, .STERADIAN. ) SOLID_ANGLE_UNIT ( ) );
#448 = ORIENTED_EDGE ( 'NONE', *, *, #611, .T. ) ;
#449 =( NAMED_UNIT ( * ) SI_UNIT ( $, .STERADIAN. ) SOLID_ANGLE_UNIT ( ) );
#450 = LINE ( 'NONE', #206, #1187 ) ;
#451 = CIRCLE ( 'NONE', #1868, 4.999999999999999112 ) ;
#452 = CARTESIAN_POINT ( 'NONE',  ( 14.75000000000000355, 3.469446951953615767E-15, -61.40000000000001279 ) ) ;
#453 = COLOUR_RGB ( '',0.5999999999999999778, 0.1607843137254901800, 0.7529411764705882248 ) ;
#454 = SURFACE_STYLE_USAGE ( .BOTH. , #479 ) ;
#455 = FACE_OUTER_BOUND ( 'NONE', #1293, .T. ) ;
#456 =( BOUNDED_CURVE ( )  B_SPLINE_CURVE ( 3, ( #2201, #1181, #3220, #2975 ),
 .UNSPECIFIED., .F., .T. ) 
 B_SPLINE_CURVE_WITH_KNOTS ( ( 4, 4 ),
 ( 1.570796326794895892, 2.617993877991494855 ),
 .UNSPECIFIED. ) 
 CURVE ( )  GEOMETRIC_REPRESENTATION_ITEM ( )  RATIONAL_B_SPLINE_CURVE ( ( 1.000000000000000000, 0.9106836025229588794, 0.9106836025229588794, 1.000000000000000000 ) ) 
 REPRESENTATION_ITEM ( '' )  );
#457 = EDGE_CURVE ( 'NONE', #2274, #2408, #2908, .T. ) ;
#458 = DIRECTION ( 'NONE',  ( -0.4999999999999998890, -0.7071067811865476838, -0.5000000000000001110 ) ) ;
#459 = FILL_AREA_STYLE ('',( #507 ) ) ;
#460 = ORIENTED_EDGE ( 'NONE', *, *, #2480, .F. ) ;
#461 = ORIENTED_EDGE ( 'NONE', *, *, #274, .F. ) ;
#462 = EDGE_CURVE ( 'NONE', #2408, #1857, #561, .T. ) ;
#463 = FILL_AREA_STYLE_COLOUR ( '', #237 ) ;
#464 =( NAMED_UNIT ( * ) SI_UNIT ( $, .STERADIAN. ) SOLID_ANGLE_UNIT ( ) );
#465 = CARTESIAN_POINT ( 'NONE',  ( 20.20000000000000284, 3.550000000000003375, -14.99999999999999822 ) ) ;
#466 = FILL_AREA_STYLE ('',( #1262 ) ) ;
#467 = CARTESIAN_POINT ( 'NONE',  ( -8.023096076392732812E-15, -9.646446609406723383, -17.00000000000000711 ) ) ;
#468 = DIRECTION ( 'NONE',  ( 1.000000000000000000, 0.000000000000000000, 0.000000000000000000 ) ) ;
#469 = UNCERTAINTY_MEASURE_WITH_UNIT (LENGTH_MEASURE( 1.000000000000000082E-05 ), #853, 'distance_accuracy_value', 'NONE');
#470 = FILL_AREA_STYLE_COLOUR ( '', #1388 ) ;
#471 = PRESENTATION_STYLE_ASSIGNMENT (( #217 ) ) ;
#472 = ORIENTED_EDGE ( 'NONE', *, *, #3038, .F. ) ;
#473 = EDGE_LOOP ( 'NONE', ( #2234 ) ) ;
#474 = FACE_OUTER_BOUND ( 'NONE', #1651, .T. ) ;
#475 = FILL_AREA_STYLE_COLOUR ( '', #1274 ) ;
#476 =( NAMED_UNIT ( * ) SI_UNIT ( $, .STERADIAN. ) SOLID_ANGLE_UNIT ( ) );
#477 = CYLINDRICAL_SURFACE ( 'NONE', #3306, 1.550000000000000933 ) ;
#478 = EDGE_CURVE ( 'NONE', #2408, #342, #407, .T. ) ;
#479 = SURFACE_SIDE_STYLE ('',( #3049 ) ) ;
#480 =( NAMED_UNIT ( * ) SI_UNIT ( $, .STERADIAN. ) SOLID_ANGLE_UNIT ( ) );
#481 = CARTESIAN_POINT ( 'NONE',  ( -2.999999999999998668, -4.696699141100895147, -20.00000000000000711 ) ) ;
#482 = AXIS2_PLACEMENT_3D ( 'NONE', #35, #2899, #2389 ) ;
#483 = PRESENTATION_STYLE_ASSIGNMENT (( #270 ) ) ;
#484 = SURFACE_STYLE_FILL_AREA ( #1991 ) ;
#485 = LINE ( 'NONE', #3071, #2009 ) ;
#486 = MECHANICAL_DESIGN_GEOMETRIC_PRESENTATION_REPRESENTATION (  '', ( #2302 ), #760 ) ;
#487 = ORIENTED_EDGE ( 'NONE', *, *, #3144, .T. ) ;
#488 = STYLED_ITEM ( 'NONE', ( #2180 ), #887 ) ;
#489 = ORIENTED_EDGE ( 'NONE', *, *, #3034, .F. ) ;
#490 = FILL_AREA_STYLE_COLOUR ( '', #1966 ) ;
#491 = STYLED_ITEM ( 'NONE', ( #122 ), #3207 ) ;
#492 = STYLED_ITEM ( 'NONE', ( #3175 ), #1161 ) ;
#493 = CIRCLE ( 'NONE', #996, 1.550000000000000266 ) ;
#494 = FACE_OUTER_BOUND ( 'NONE', #1225, .T. ) ;
#495 = DIRECTION ( 'NONE',  ( 1.000000000000000000, 0.000000000000000000, 0.000000000000000000 ) ) ;
#496 = PRESENTATION_LAYER_ASSIGNMENT (  '', '', ( #2020 ) ) ;
#497 = PRESENTATION_LAYER_ASSIGNMENT (  '', '', ( #1763 ) ) ;
#498 = EDGE_CURVE ( 'NONE', #1959, #2142, #2364, .T. ) ;
#499 = CARTESIAN_POINT ( 'NONE',  ( 38.40000000000000568, 14.75000000000000355, -59.40000000000000568 ) ) ;
#500 = VECTOR ( 'NONE', #1263, 1000.000000000000000 ) ;
#501 = EDGE_LOOP ( 'NONE', ( #1086 ) ) ;
#502 = CARTESIAN_POINT ( 'NONE',  ( -1.591088632579680473, -7.496966177635891349, -18.59108863257934630 ) ) ;
#503 = ADVANCED_FACE ( 'NONE', ( #1147, #849, #2630, #582, #865, #311 ), #3184, .T. ) ;
#504 = ORIENTED_EDGE ( 'NONE', *, *, #236, .F. ) ;
#505 = UNCERTAINTY_MEASURE_WITH_UNIT (LENGTH_MEASURE( 1.000000000000000082E-05 ), #2499, 'distance_accuracy_value', 'NONE');
#506 = CARTESIAN_POINT ( 'NONE',  ( -3.000000000000002665, 33.00000000000000000, -50.59273534653674176 ) ) ;
#507 = FILL_AREA_STYLE_COLOUR ( '', #2907 ) ;
#508 = STYLED_ITEM ( 'NONE', ( #2776 ), #110 ) ;
#509 = EDGE_LOOP ( 'NONE', ( #965 ) ) ;
#510 = EDGE_LOOP ( 'NONE', ( #1101, #946, #101, #1356 ) ) ;
#511 = COLOUR_RGB ( '',0.5999999999999999778, 0.1607843137254901800, 0.7529411764705882248 ) ;
#512 = SURFACE_SIDE_STYLE ('',( #1789 ) ) ;
#513 = AXIS2_PLACEMENT_3D ( 'NONE', #3319, #751, #3075 ) ;
#514 = DIRECTION ( 'NONE',  ( 1.000000000000000000, 0.000000000000000000, 0.000000000000000000 ) ) ;
#515 = FILL_AREA_STYLE ('',( #2827 ) ) ;
#516 = ORIENTED_EDGE ( 'NONE', *, *, #3250, .F. ) ;
#517 = SURFACE_STYLE_USAGE ( .BOTH. , #1610 ) ;
#518 = EDGE_CURVE ( 'NONE', #1915, #1915, #2938, .T. ) ;
#519 = FILL_AREA_STYLE ('',( #470 ) ) ;
#520 =( LENGTH_UNIT ( ) NAMED_UNIT ( * ) SI_UNIT ( .MILLI., .METRE. ) );
#521 = ORIENTED_EDGE ( 'NONE', *, *, #2314, .F. ) ;
#522 = ORIENTED_EDGE ( 'NONE', *, *, #868, .F. ) ;
#523 = FILL_AREA_STYLE_COLOUR ( '', #3301 ) ;
#524 = CARTESIAN_POINT ( 'NONE',  ( -3.000000000000002665, -10.00000000000000533, -7.500000000000000000 ) ) ;
#525 = CARTESIAN_POINT ( 'NONE',  ( 13.20000000000000284, -1.214306433183765124E-14, 70.00000000000000000 ) ) ;
#526 = EDGE_LOOP ( 'NONE', ( #2641 ) ) ;
#527 = FILL_AREA_STYLE ('',( #3156 ) ) ;
#528 = UNCERTAINTY_MEASURE_WITH_UNIT (LENGTH_MEASURE( 1.000000000000000082E-05 ), #2095, 'distance_accuracy_value', 'NONE');
#529 = LINE ( 'NONE', #872, #394 ) ;
#530 = CIRCLE ( 'NONE', #2428, 9.999999999999994671 ) ;
#531 = EDGE_CURVE ( 'NONE', #2856, #1107, #3222, .T. ) ;
#532 = EDGE_LOOP ( 'NONE', ( #773, #796, #1904, #3141 ) ) ;
#533 = CARTESIAN_POINT ( 'NONE',  ( 38.90000000000000568, 16.74999999999999645, -20.39009150965684114 ) ) ;
#534 =( NAMED_UNIT ( * ) PLANE_ANGLE_UNIT ( ) SI_UNIT ( $, .RADIAN. ) );
#535 = ORIENTED_EDGE ( 'NONE', *, *, #1371, .F. ) ;
#536 = ORIENTED_EDGE ( 'NONE', *, *, #8, .T. ) ;
#537 = EDGE_CURVE ( 'NONE', #2690, #2690, #2569, .T. ) ;
#538 =( GEOMETRIC_REPRESENTATION_CONTEXT ( 3 ) GLOBAL_UNCERTAINTY_ASSIGNED_CONTEXT ( ( #1513 ) ) GLOBAL_UNIT_ASSIGNED_CONTEXT ( ( #2539, #3336, #2838 ) ) REPRESENTATION_CONTEXT ( 'NONE', 'WORKASPACE' ) );
#539 = CARTESIAN_POINT ( 'NONE',  ( 40.39999999999997016, -10.00000000000002309, -17.00000000000002132 ) ) ;
#540 = COLOUR_RGB ( '',0.5999999999999999778, 0.1607843137254901800, 0.7529411764705882248 ) ;
#541 = CARTESIAN_POINT ( 'NONE',  ( 43.40000000000000568, 7.000000000000000000, 0.000000000000000000 ) ) ;
#542 = CARTESIAN_POINT ( 'NONE',  ( 0.2113248654051863851, -8.451012646515987825, -18.90192378864669820 ) ) ;
#543 = AXIS2_PLACEMENT_3D ( 'NONE', #1064, #2882, #1369 ) ;
#544 = EDGE_LOOP ( 'NONE', ( #1486 ) ) ;
#545 = CIRCLE ( 'NONE', #714, 1.550000000000002709 ) ;
#546 = MECHANICAL_DESIGN_GEOMETRIC_PRESENTATION_REPRESENTATION (  '', ( #2071 ), #538 ) ;
#547 = AXIS2_PLACEMENT_3D ( 'NONE', #424, #1722, #2728 ) ;
#548 = CARTESIAN_POINT ( 'NONE',  ( 27.20000000000000639, -1.214306433183765124E-14, 70.00000000000000000 ) ) ;
#549 = FACE_BOUND ( 'NONE', #2153, .T. ) ;
#550 = CARTESIAN_POINT ( 'NONE',  ( 2.000000000000000000, 7.000000000000000000, 0.000000000000000000 ) ) ;
#551 =( GEOMETRIC_REPRESENTATION_CONTEXT ( 3 ) GLOBAL_UNCERTAINTY_ASSIGNED_CONTEXT ( ( #1170 ) ) GLOBAL_UNIT_ASSIGNED_CONTEXT ( ( #741, #238, #1284 ) ) REPRESENTATION_CONTEXT ( 'NONE', 'WORKASPACE' ) );
#552 = PRESENTATION_STYLE_ASSIGNMENT (( #1853 ) ) ;
#553 = VERTEX_POINT ( 'NONE', #640 ) ;
#554 =( NAMED_UNIT ( * ) PLANE_ANGLE_UNIT ( ) SI_UNIT ( $, .RADIAN. ) );
#555 =( NAMED_UNIT ( * ) SI_UNIT ( $, .STERADIAN. ) SOLID_ANGLE_UNIT ( ) );
#556 = EDGE_LOOP ( 'NONE', ( #877 ) ) ;
#557 = EDGE_LOOP ( 'NONE', ( #267, #1047, #3120, #1471, #2132, #1745, #504, #781, #461, #3293, #1798, #3106, #2791, #2522 ) ) ;
#558 = ORIENTED_EDGE ( 'NONE', *, *, #2258, .T. ) ;
#559 = VECTOR ( 'NONE', #3263, 1000.000000000000000 ) ;
#560 = LINE ( 'NONE', #3109, #1447 ) ;
#561 =( BOUNDED_CURVE ( )  B_SPLINE_CURVE ( 3, ( #566, #1109, #542, #602 ),
 .UNSPECIFIED., .F., .T. ) 
 B_SPLINE_CURVE_WITH_KNOTS ( ( 4, 4 ),
 ( 0.5235987755982983716, 1.570796326794897002 ),
 .UNSPECIFIED. ) 
 CURVE ( )  GEOMETRIC_REPRESENTATION_ITEM ( )  RATIONAL_B_SPLINE_CURVE ( ( 1.000000000000000000, 0.9106836025229588794, 0.9106836025229588794, 1.000000000000000000 ) ) 
 REPRESENTATION_ITEM ( '' )  );
#562 = EDGE_CURVE ( 'NONE', #81, #1436, #670, .T. ) ;
#563 = MECHANICAL_DESIGN_GEOMETRIC_PRESENTATION_REPRESENTATION (  '', ( #84 ), #2937 ) ;
#564 = ORIENTED_EDGE ( 'NONE', *, *, #1245, .F. ) ;
#565 = DIRECTION ( 'NONE',  ( 0.000000000000000000, 0.000000000000000000, -1.000000000000000000 ) ) ;
#566 = CARTESIAN_POINT ( 'NONE',  ( 1.999999999999995781, -4.696699141100886266, -20.00000000000001066 ) ) ;
#567 = AXIS2_PLACEMENT_3D ( 'NONE', #1212, #2236, #1438 ) ;
#568 = ORIENTED_EDGE ( 'NONE', *, *, #211, .F. ) ;
#569 = PRESENTATION_STYLE_ASSIGNMENT (( #641 ) ) ;
#570 = PRESENTATION_LAYER_ASSIGNMENT (  '', '', ( #409 ) ) ;
#571 = FACE_OUTER_BOUND ( 'NONE', #2047, .T. ) ;
#572 = PRESENTATION_STYLE_ASSIGNMENT (( #352 ) ) ;
#573 = CARTESIAN_POINT ( 'NONE',  ( 1.999999999999997335, 14.75000000000000355, -15.00000000000000711 ) ) ;
#574 = UNCERTAINTY_MEASURE_WITH_UNIT (LENGTH_MEASURE( 1.000000000000000082E-05 ), #160, 'distance_accuracy_value', 'NONE');
#575 = CARTESIAN_POINT ( 'NONE',  ( 40.40000000000000568, -10.00000000000000000, -1.734723475976807094E-15 ) ) ;
#576 = CARTESIAN_POINT ( 'NONE',  ( 40.40000000000000568, 23.74999999999999645, -5.000000000000009770 ) ) ;
#577 = ORIENTED_EDGE ( 'NONE', *, *, #96, .T. ) ;
#578 = EDGE_LOOP ( 'NONE', ( #3117 ) ) ;
#579 = DIRECTION ( 'NONE',  ( -0.000000000000000000, -0.000000000000000000, 1.000000000000000000 ) ) ;
#580 = FACE_OUTER_BOUND ( 'NONE', #2780, .T. ) ;
#581 = CARTESIAN_POINT ( 'NONE',  ( -3.000000000000002665, 0.000000000000000000, 7.000000000000000000 ) ) ;
#582 = FACE_BOUND ( 'NONE', #78, .T. ) ;
#583 = EDGE_CURVE ( 'NONE', #2706, #2706, #1076, .T. ) ;
#584 = ORIENTED_EDGE ( 'NONE', *, *, #863, .F. ) ;
#585 = DIRECTION ( 'NONE',  ( -0.000000000000000000, -0.000000000000000000, -1.000000000000000000 ) ) ;
#586 = DIRECTION ( 'NONE',  ( -0.000000000000000000, 0.000000000000000000, 1.000000000000000000 ) ) ;
#587 = ADVANCED_FACE ( 'NONE', ( #1422, #1489 ), #3255, .F. ) ;
#588 = PLANE ( 'NONE',  #3088 ) ;
#589 = CARTESIAN_POINT ( 'NONE',  ( 38.40000000000001279, -10.00000000000000000, -20.00000000000001421 ) ) ;
#590 = DIRECTION ( 'NONE',  ( 0.000000000000000000, 0.000000000000000000, -1.000000000000000000 ) ) ;
#591 = CARTESIAN_POINT ( 'NONE',  ( 43.40000000000000568, 14.75000000000000355, -25.00000000000000711 ) ) ;
#592 = ORIENTED_EDGE ( 'NONE', *, *, #671, .F. ) ;
#593 = ORIENTED_EDGE ( 'NONE', *, *, #1520, .F. ) ;
#594 = FACE_OUTER_BOUND ( 'NONE', #557, .T. ) ;
#595 = EDGE_LOOP ( 'NONE', ( #812 ) ) ;
#596 = CARTESIAN_POINT ( 'NONE',  ( 38.88742693005999485, -5.982651680352035761, -19.91449749429882843 ) ) ;
#597 = AXIS2_PLACEMENT_3D ( 'NONE', #3226, #898, #2711 ) ;
#598 = DIRECTION ( 'NONE',  ( 0.000000000000000000, 0.000000000000000000, -1.000000000000000000 ) ) ;
#599 = FILL_AREA_STYLE ('',( #2185 ) ) ;
#600 = ORIENTED_EDGE ( 'NONE', *, *, #2702, .F. ) ;
#601 = FILL_AREA_STYLE_COLOUR ( '', #453 ) ;
#602 = CARTESIAN_POINT ( 'NONE',  ( -2.001881908412546557E-15, -9.646446609406723383, -17.00000000000001421 ) ) ;
#603 = EDGE_LOOP ( 'NONE', ( #2135, #616, #320 ) ) ;
#604 = CIRCLE ( 'NONE', #2483, 1.550000000000000266 ) ;
#605 =( LENGTH_UNIT ( ) NAMED_UNIT ( * ) SI_UNIT ( .MILLI., .METRE. ) );
#606 = EDGE_CURVE ( 'NONE', #1519, #2581, #134, .T. ) ;
#607 = PLANE ( 'NONE',  #2880 ) ;
#608 = VECTOR ( 'NONE', #1362, 1000.000000000000000 ) ;
#609 = FILL_AREA_STYLE_COLOUR ( '', #3196 ) ;
#610 = UNCERTAINTY_MEASURE_WITH_UNIT (LENGTH_MEASURE( 1.000000000000000082E-05 ), #3329, 'distance_accuracy_value', 'NONE');
#611 = EDGE_CURVE ( 'NONE', #2688, #273, #397, .T. ) ;
#612 = AXIS2_PLACEMENT_3D ( 'NONE', #3216, #2450, #143 ) ;
#613 = CARTESIAN_POINT ( 'NONE',  ( 40.40000000000000568, -10.00000000000000000, -17.00000000000001421 ) ) ;
#614 = PRESENTATION_STYLE_ASSIGNMENT (( #2656 ) ) ;
#615 = SURFACE_SIDE_STYLE ('',( #1190 ) ) ;
#616 = ORIENTED_EDGE ( 'NONE', *, *, #49, .F. ) ;
#617 = PRESENTATION_STYLE_ASSIGNMENT (( #2227 ) ) ;
#618 = CARTESIAN_POINT ( 'NONE',  ( 20.20000000000000284, 3.469446951953615767E-15, -69.40000000000001990 ) ) ;
#619 = DIRECTION ( 'NONE',  ( 0.000000000000000000, 0.000000000000000000, -1.000000000000000000 ) ) ;
#620 = DIRECTION ( 'NONE',  ( 1.000000000000000000, 0.000000000000000000, 0.000000000000000000 ) ) ;
#621 = MECHANICAL_DESIGN_GEOMETRIC_PRESENTATION_REPRESENTATION (  '', ( #20 ), #953 ) ;
#622 = DIRECTION ( 'NONE',  ( 0.000000000000000000, 0.8164965809277260345, 0.5773502691896258421 ) ) ;
#623 = CARTESIAN_POINT ( 'NONE',  ( 43.40000000000000568, 0.000000000000000000, 7.000000000000000000 ) ) ;
#624 = AXIS2_PLACEMENT_3D ( 'NONE', #2519, #2104, #1332 ) ;
#625 = PRESENTATION_STYLE_ASSIGNMENT (( #1934 ) ) ;
#626 = CARTESIAN_POINT ( 'NONE',  ( 38.40000000000001279, -10.00000000000000178, -64.40000000000000568 ) ) ;
#627 = VECTOR ( 'NONE', #2545, 1000.000000000000000 ) ;
#628 = FILL_AREA_STYLE ('',( #1117 ) ) ;
#629 = CIRCLE ( 'NONE', #3217, 5.000000000000000000 ) ;
#630 = DIRECTION ( 'NONE',  ( -1.000000000000000000, 0.000000000000000000, 0.000000000000000000 ) ) ;
#631 = DIRECTION ( 'NONE',  ( -0.000000000000000000, -0.5773502691896256200, 0.8164965809277260345 ) ) ;
#632 = EDGE_CURVE ( 'NONE', #1652, #2999, #2528, .T. ) ;
#633 = SURFACE_SIDE_STYLE ('',( #388 ) ) ;
#634 = DIRECTION ( 'NONE',  ( -1.000000000000000000, -0.000000000000000000, -0.000000000000000000 ) ) ;
#635 = SURFACE_STYLE_USAGE ( .BOTH. , #1481 ) ;
#636 =( NAMED_UNIT ( * ) SI_UNIT ( $, .STERADIAN. ) SOLID_ANGLE_UNIT ( ) );
#637 = SURFACE_STYLE_FILL_AREA ( #2455 ) ;
#638 = EDGE_LOOP ( 'NONE', ( #2096 ) ) ;
#639 = SURFACE_SIDE_STYLE ('',( #949 ) ) ;
#640 = CARTESIAN_POINT ( 'NONE',  ( 1.999999999999998224, 19.75000000000000355, -25.00000000000000711 ) ) ;
#641 = SURFACE_STYLE_USAGE ( .BOTH. , #2425 ) ;
#642 = DIRECTION ( 'NONE',  ( -1.000000000000000000, 0.000000000000000000, 0.000000000000000000 ) ) ;
#643 = CARTESIAN_POINT ( 'NONE',  ( 20.20000000000000284, 4.336808689942019314E-15, -25.00000000000001066 ) ) ;
#644 = LINE ( 'NONE', #2570, #235 ) ;
#645 = DIRECTION ( 'NONE',  ( 0.000000000000000000, 0.000000000000000000, 1.000000000000000000 ) ) ;
#646 = CARTESIAN_POINT ( 'NONE',  ( 0.000000000000000000, 0.000000000000000000, -5.000000000000009770 ) ) ;
#647 = EDGE_CURVE ( 'NONE', #2318, #2632, #417, .T. ) ;
#648 = CARTESIAN_POINT ( 'NONE',  ( -3.000000000000002665, 12.75000000000000178, -5.000000000000009770 ) ) ;
#649 = CARTESIAN_POINT ( 'NONE',  ( 2.000000000000000000, 0.000000000000000000, -7.000000000000000000 ) ) ;
#650 = AXIS2_PLACEMENT_3D ( 'NONE', #3257, #954, #1424 ) ;
#651 = EDGE_CURVE ( 'NONE', #2639, #81, #2685, .T. ) ;
#652 = DIRECTION ( 'NONE',  ( 0.000000000000000000, -0.7071067811865469066, -0.7071067811865482389 ) ) ;
#653 = ORIENTED_EDGE ( 'NONE', *, *, #1395, .T. ) ;
#654 = LINE ( 'NONE', #396, #2490 ) ;
#655 = STYLED_ITEM ( 'NONE', ( #1902 ), #1898 ) ;
#656 = CARTESIAN_POINT ( 'NONE',  ( 20.20000000000000284, 10.00000000000000888, -25.00000000000000711 ) ) ;
#657 = CARTESIAN_POINT ( 'NONE',  ( -3.000000000000002665, -1.734723475976807094E-15, -3.469446951953614189E-15 ) ) ;
#658 = PRESENTATION_LAYER_ASSIGNMENT (  '', '', ( #2071 ) ) ;
#659 = DIRECTION ( 'NONE',  ( -0.000000000000000000, 0.7071067811865482389, -0.7071067811865469066 ) ) ;
#660 = MECHANICAL_DESIGN_GEOMETRIC_PRESENTATION_REPRESENTATION (  '', ( #889 ), #226 ) ;
#661 =( GEOMETRIC_REPRESENTATION_CONTEXT ( 3 ) GLOBAL_UNCERTAINTY_ASSIGNED_CONTEXT ( ( #3238 ) ) GLOBAL_UNIT_ASSIGNED_CONTEXT ( ( #2341, #1594, #2358 ) ) REPRESENTATION_CONTEXT ( 'NONE', 'WORKASPACE' ) );
#662 =( GEOMETRIC_REPRESENTATION_CONTEXT ( 3 ) GLOBAL_UNCERTAINTY_ASSIGNED_CONTEXT ( ( #2005 ) ) GLOBAL_UNIT_ASSIGNED_CONTEXT ( ( #2255, #3271, #353 ) ) REPRESENTATION_CONTEXT ( 'NONE', 'WORKASPACE' ) );
#663 = VECTOR ( 'NONE', #730, 1000.000000000000000 ) ;
#664 = FACE_OUTER_BOUND ( 'NONE', #2628, .T. ) ;
#665 = CARTESIAN_POINT ( 'NONE',  ( 0.000000000000000000, -10.00000000000000000, -15.00000000000000711 ) ) ;
#666 = ORIENTED_EDGE ( 'NONE', *, *, #2386, .F. ) ;
#667 = SURFACE_STYLE_FILL_AREA ( #599 ) ;
#668 = ORIENTED_EDGE ( 'NONE', *, *, #1478, .T. ) ;
#669 = FACE_OUTER_BOUND ( 'NONE', #444, .T. ) ;
#670 = LINE ( 'NONE', #2705, #2357 ) ;
#671 = EDGE_CURVE ( 'NONE', #553, #1865, #629, .T. ) ;
#672 = VERTEX_POINT ( 'NONE', #452 ) ;
#673 =( NAMED_UNIT ( * ) SI_UNIT ( $, .STERADIAN. ) SOLID_ANGLE_UNIT ( ) );
#674 = AXIS2_PLACEMENT_3D ( 'NONE', #2532, #1747, #2264 ) ;
#675 =( BOUNDED_CURVE ( )  B_SPLINE_CURVE ( 3, ( #3026, #2783, #3299, #1297 ),
 .UNSPECIFIED., .F., .T. ) 
 B_SPLINE_CURVE_WITH_KNOTS ( ( 4, 4 ),
 ( 0.5235987755982993708, 1.570796326794896780 ),
 .UNSPECIFIED. ) 
 CURVE ( )  GEOMETRIC_REPRESENTATION_ITEM ( )  RATIONAL_B_SPLINE_CURVE ( ( 1.000000000000000000, 0.9106836025229592124, 0.9106836025229592124, 1.000000000000000000 ) ) 
 REPRESENTATION_ITEM ( '' )  );
#676 = AXIS2_PLACEMENT_3D ( 'NONE', #740, #266, #1300 ) ;
#677 = PLANE ( 'NONE',  #16 ) ;
#678 = UNCERTAINTY_MEASURE_WITH_UNIT (LENGTH_MEASURE( 1.000000000000000082E-05 ), #706, 'distance_accuracy_value', 'NONE');
#679 = AXIS2_PLACEMENT_3D ( 'NONE', #623, #1683, #2689 ) ;
#680 = SURFACE_STYLE_USAGE ( .BOTH. , #2985 ) ;
#681 = CARTESIAN_POINT ( 'NONE',  ( 43.40000000000000568, 19.75000000000000355, -59.40000000000000568 ) ) ;
#682 = DIRECTION ( 'NONE',  ( -0.000000000000000000, -1.734723475976807094E-16, 1.000000000000000000 ) ) ;
#683 = DIRECTION ( 'NONE',  ( -0.000000000000000000, -0.7071067811865482389, 0.7071067811865469066 ) ) ;
#684 = ORIENTED_EDGE ( 'NONE', *, *, #771, .F. ) ;
#685 = ORIENTED_EDGE ( 'NONE', *, *, #1955, .F. ) ;
#686 = DIRECTION ( 'NONE',  ( 0.000000000000000000, 2.602085213965210642E-16, -1.000000000000000000 ) ) ;
#687 = CARTESIAN_POINT ( 'NONE',  ( 20.20000000000000284, -6.999999999999996447, -61.40000000000001279 ) ) ;
#688 = CARTESIAN_POINT ( 'NONE',  ( 43.40000000000000568, -1.734723475976807094E-15, -3.550000000000004263 ) ) ;
#689 = ADVANCED_FACE ( 'NONE', ( #150 ), #3204, .F. ) ;
#690 = CARTESIAN_POINT ( 'NONE',  ( -3.000000000000002665, 33.00000000000000000, -50.59273534653674176 ) ) ;
#691 = SURFACE_STYLE_USAGE ( .BOTH. , #1716 ) ;
#692 = ORIENTED_EDGE ( 'NONE', *, *, #2102, .F. ) ;
#693 = CARTESIAN_POINT ( 'NONE',  ( 38.40000000000000568, -7.000000000000000000, 0.000000000000000000 ) ) ;
#694 = EDGE_CURVE ( 'NONE', #2817, #2809, #3045, .T. ) ;
#695 =( NAMED_UNIT ( * ) SI_UNIT ( $, .STERADIAN. ) SOLID_ANGLE_UNIT ( ) );
#696 = CARTESIAN_POINT ( 'NONE',  ( -3.000000000000002665, -7.000000000000000000, 0.000000000000000000 ) ) ;
#697 = ORIENTED_EDGE ( 'NONE', *, *, #1805, .T. ) ;
#698 = FILL_AREA_STYLE_COLOUR ( '', #2560 ) ;
#699 = SURFACE_STYLE_USAGE ( .BOTH. , #719 ) ;
#700 =( LENGTH_UNIT ( ) NAMED_UNIT ( * ) SI_UNIT ( .MILLI., .METRE. ) );
#701 = FACE_BOUND ( 'NONE', #794, .T. ) ;
#702 = VERTEX_POINT ( 'NONE', #1523 ) ;
#703 = DIRECTION ( 'NONE',  ( -1.000000000000000000, 0.000000000000000000, 0.000000000000000000 ) ) ;
#704 = EDGE_CURVE ( 'NONE', #948, #2809, #450, .T. ) ;
#705 = CIRCLE ( 'NONE', #1434, 1.550000000000000266 ) ;
#706 =( LENGTH_UNIT ( ) NAMED_UNIT ( * ) SI_UNIT ( .MILLI., .METRE. ) );
#707 = UNCERTAINTY_MEASURE_WITH_UNIT (LENGTH_MEASURE( 1.000000000000000082E-05 ), #1169, 'distance_accuracy_value', 'NONE');
#708 = EDGE_CURVE ( 'NONE', #2456, #876, #2509, .T. ) ;
#709 = VECTOR ( 'NONE', #2987, 1000.000000000000000 ) ;
#710 = FACE_OUTER_BOUND ( 'NONE', #2470, .T. ) ;
#711 = PLANE ( 'NONE',  #624 ) ;
#712 = CARTESIAN_POINT ( 'NONE',  ( 1.999999999999997335, 10.00000000000000178, -69.40000000000001990 ) ) ;
#713 =( GEOMETRIC_REPRESENTATION_CONTEXT ( 3 ) GLOBAL_UNCERTAINTY_ASSIGNED_CONTEXT ( ( #923 ) ) GLOBAL_UNIT_ASSIGNED_CONTEXT ( ( #2466, #1923, #142 ) ) REPRESENTATION_CONTEXT ( 'NONE', 'WORKASPACE' ) );
#714 = AXIS2_PLACEMENT_3D ( 'NONE', #2202, #1964, #1210 ) ;
#715 = ORIENTED_EDGE ( 'NONE', *, *, #2811, .F. ) ;
#716 = VERTEX_POINT ( 'NONE', #766 ) ;
#717 = PRESENTATION_LAYER_ASSIGNMENT (  '', '', ( #1604 ) ) ;
#718 = CARTESIAN_POINT ( 'NONE',  ( 43.40000000000000568, 10.00000000000000000, -1.734723475976807094E-15 ) ) ;
#719 = SURFACE_SIDE_STYLE ('',( #1800 ) ) ;
#720 = DIRECTION ( 'NONE',  ( 1.000000000000000000, 0.000000000000000000, 0.000000000000000000 ) ) ;
#721 = PRESENTATION_LAYER_ASSIGNMENT (  '', '', ( #1718 ) ) ;
#722 = VERTEX_POINT ( 'NONE', #1775 ) ;
#723 = SURFACE_SIDE_STYLE ('',( #252 ) ) ;
#724 = PRESENTATION_LAYER_ASSIGNMENT (  '', '', ( #2779 ) ) ;
#725 = CARTESIAN_POINT ( 'NONE',  ( -2.863313619646437047, -5.862738539588616682, -15.60269880899637940 ) ) ;
#726 = MECHANICAL_DESIGN_GEOMETRIC_PRESENTATION_REPRESENTATION (  '', ( #2035 ), #3211 ) ;
#727 = ORIENTED_EDGE ( 'NONE', *, *, #1520, .T. ) ;
#728 = CARTESIAN_POINT ( 'NONE',  ( 43.40000000000000568, -10.00000000000000000, -8.000000000000017764 ) ) ;
#729 = VECTOR ( 'NONE', #47, 1000.000000000000000 ) ;
#730 = DIRECTION ( 'NONE',  ( -1.000000000000000000, 0.000000000000000000, 0.000000000000000000 ) ) ;
#731 = ADVANCED_FACE ( 'NONE', ( #1820 ), #2579, .F. ) ;
#732 = AXIS2_PLACEMENT_3D ( 'NONE', #3082, #770, #1821 ) ;
#733 = CARTESIAN_POINT ( 'NONE',  ( 38.40000000000000568, 14.75000000000000355, -59.40000000000000568 ) ) ;
#734 = EDGE_LOOP ( 'NONE', ( #18 ) ) ;
#735 = CARTESIAN_POINT ( 'NONE',  ( 1.999999999999998224, 14.75000000000000355, -59.40000000000000568 ) ) ;
#736 = CARTESIAN_POINT ( 'NONE',  ( 20.20000000000000284, 3.469446951953615767E-15, -61.40000000000001279 ) ) ;
#737 = STYLED_ITEM ( 'NONE', ( #234 ), #2169 ) ;
#738 = PRODUCT_CONTEXT ( 'NONE', #406, 'mechanical' ) ;
#739 = DIRECTION ( 'NONE',  ( 0.000000000000000000, 0.000000000000000000, 1.000000000000000000 ) ) ;
#740 = CARTESIAN_POINT ( 'NONE',  ( 1.999999999999997335, 14.75000000000000355, -25.00000000000000711 ) ) ;
#741 =( LENGTH_UNIT ( ) NAMED_UNIT ( * ) SI_UNIT ( .MILLI., .METRE. ) );
#742 =( NAMED_UNIT ( * ) PLANE_ANGLE_UNIT ( ) SI_UNIT ( $, .RADIAN. ) );
#743 = UNCERTAINTY_MEASURE_WITH_UNIT (LENGTH_MEASURE( 1.000000000000000082E-05 ), #1635, 'distance_accuracy_value', 'NONE');
#744 = CYLINDRICAL_SURFACE ( 'NONE', #1970, 1.550000000000000044 ) ;
#745 = LINE ( 'NONE', #995, #1907 ) ;
#746 = CARTESIAN_POINT ( 'NONE',  ( 1.999999999999997335, 14.75000000000000355, -25.00000000000000711 ) ) ;
#747 = ORIENTED_EDGE ( 'NONE', *, *, #69, .F. ) ;
#748 = VERTEX_POINT ( 'NONE', #229 ) ;
#749 = EDGE_CURVE ( 'NONE', #931, #2905, #1407, .T. ) ;
#750 = PRESENTATION_STYLE_ASSIGNMENT (( #3042 ) ) ;
#751 = DIRECTION ( 'NONE',  ( -0.000000000000000000, 0.000000000000000000, -1.000000000000000000 ) ) ;
#752 = FACE_OUTER_BOUND ( 'NONE', #2834, .T. ) ;
#753 = EDGE_CURVE ( 'NONE', #342, #1857, #675, .T. ) ;
#754 = EDGE_LOOP ( 'NONE', ( #2317 ) ) ;
#755 = ORIENTED_EDGE ( 'NONE', *, *, #259, .F. ) ;
#756 = CARTESIAN_POINT ( 'NONE',  ( 0.8651318368053878549, -7.013100451082242337, -19.45795179305250855 ) ) ;
#757 = FACE_OUTER_BOUND ( 'NONE', #867, .T. ) ;
#758 = CARTESIAN_POINT ( 'NONE',  ( 43.40000000000000568, 10.00000000000000000, -2.250000000000035083 ) ) ;
#759 = SURFACE_STYLE_USAGE ( .BOTH. , #1567 ) ;
#760 =( GEOMETRIC_REPRESENTATION_CONTEXT ( 3 ) GLOBAL_UNCERTAINTY_ASSIGNED_CONTEXT ( ( #199 ) ) GLOBAL_UNIT_ASSIGNED_CONTEXT ( ( #1142, #1657, #3148 ) ) REPRESENTATION_CONTEXT ( 'NONE', 'WORKASPACE' ) );
#761 = ORIENTED_EDGE ( 'NONE', *, *, #1675, .T. ) ;
#762 = ORIENTED_EDGE ( 'NONE', *, *, #2352, .F. ) ;
#763 = MECHANICAL_DESIGN_GEOMETRIC_PRESENTATION_REPRESENTATION (  '', ( #2968 ), #1658 ) ;
#764 =( GEOMETRIC_REPRESENTATION_CONTEXT ( 3 ) GLOBAL_UNCERTAINTY_ASSIGNED_CONTEXT ( ( #2963 ) ) GLOBAL_UNIT_ASSIGNED_CONTEXT ( ( #3237, #2710, #1413 ) ) REPRESENTATION_CONTEXT ( 'NONE', 'WORKASPACE' ) );
#765 = PRESENTATION_STYLE_ASSIGNMENT (( #2794 ) ) ;
#766 = CARTESIAN_POINT ( 'NONE',  ( 0.000000000000000000, -10.00000000000000000, -1.734723475976807094E-15 ) ) ;
#767 = PRESENTATION_STYLE_ASSIGNMENT (( #2085 ) ) ;
#768 = SHAPE_DEFINITION_REPRESENTATION ( #2220, #3224 ) ;
#769 = MECHANICAL_DESIGN_GEOMETRIC_PRESENTATION_REPRESENTATION (  '', ( #3089 ), #1764 ) ;
#770 = DIRECTION ( 'NONE',  ( 0.000000000000000000, 2.602085213965210642E-16, -1.000000000000000000 ) ) ;
#771 = EDGE_CURVE ( 'NONE', #1984, #1984, #3267, .T. ) ;
#772 = CIRCLE ( 'NONE', #1115, 10.00000000000000000 ) ;
#773 = ORIENTED_EDGE ( 'NONE', *, *, #2144, .F. ) ;
#774 = CARTESIAN_POINT ( 'NONE',  ( 1.512573069939876280, -5.629098289758655227, -19.91449749429883198 ) ) ;
#775 =( LENGTH_UNIT ( ) NAMED_UNIT ( * ) SI_UNIT ( .MILLI., .METRE. ) );
#776 = SURFACE_STYLE_FILL_AREA ( #2819 ) ;
#777 = DIRECTION ( 'NONE',  ( 1.000000000000000000, 0.000000000000000000, 0.000000000000000000 ) ) ;
#778 = SURFACE_STYLE_USAGE ( .BOTH. , #2 ) ;
#779 =( GEOMETRIC_REPRESENTATION_CONTEXT ( 3 ) GLOBAL_UNCERTAINTY_ASSIGNED_CONTEXT ( ( #469 ) ) GLOBAL_UNIT_ASSIGNED_CONTEXT ( ( #853, #1410, #2861 ) ) REPRESENTATION_CONTEXT ( 'NONE', 'WORKASPACE' ) );
#780 = ORIENTED_EDGE ( 'NONE', *, *, #1125, .T. ) ;
#781 = ORIENTED_EDGE ( 'NONE', *, *, #3059, .T. ) ;
#782 = COLOUR_RGB ( '',0.5999999999999999778, 0.1607843137254901800, 0.7529411764705882248 ) ;
#783 = SURFACE_SIDE_STYLE ('',( #1358 ) ) ;
#784 = DIRECTION ( 'NONE',  ( 0.000000000000000000, 0.000000000000000000, 1.000000000000000000 ) ) ;
#785 = SURFACE_STYLE_FILL_AREA ( #2331 ) ;
#786 = AXIS2_PLACEMENT_3D ( 'NONE', #2993, #2458, #1932 ) ;
#787 = CARTESIAN_POINT ( 'NONE',  ( 0.000000000000000000, 12.75000000000000178, -5.000000000000009770 ) ) ;
#788 =( LENGTH_UNIT ( ) NAMED_UNIT ( * ) SI_UNIT ( .MILLI., .METRE. ) );
#789 = ORIENTED_EDGE ( 'NONE', *, *, #3168, .F. ) ;
#790 = EDGE_CURVE ( 'NONE', #2809, #427, #2050, .T. ) ;
#791 = PRESENTATION_STYLE_ASSIGNMENT (( #829 ) ) ;
#792 = SURFACE_SIDE_STYLE ('',( #1852 ) ) ;
#793 = CARTESIAN_POINT ( 'NONE',  ( 38.40000000000000568, 7.000000000000000000, 0.000000000000000000 ) ) ;
#794 = EDGE_LOOP ( 'NONE', ( #516 ) ) ;
#795 = FILL_AREA_STYLE ('',( #809 ) ) ;
#796 = ORIENTED_EDGE ( 'NONE', *, *, #2314, .T. ) ;
#797 = ORIENTED_EDGE ( 'NONE', *, *, #2681, .T. ) ;
#798 =( NAMED_UNIT ( * ) PLANE_ANGLE_UNIT ( ) SI_UNIT ( $, .RADIAN. ) );
#799 = CARTESIAN_POINT ( 'NONE',  ( 20.20000000000000284, 3.469446951953614978E-15, -20.00000000000001066 ) ) ;
#800 = CARTESIAN_POINT ( 'NONE',  ( 38.90000000000000568, 16.74999999999999645, -15.00000000000001066 ) ) ;
#801 = CARTESIAN_POINT ( 'NONE',  ( 20.20000000000000284, 2.602085213965209064E-15, -15.00000000000000000 ) ) ;
#802 = ORIENTED_EDGE ( 'NONE', *, *, #2871, .T. ) ;
#803 = AXIS2_PLACEMENT_3D ( 'NONE', #646, #2448, #133 ) ;
#804 =( LENGTH_UNIT ( ) NAMED_UNIT ( * ) SI_UNIT ( .MILLI., .METRE. ) );
#805 = DIRECTION ( 'NONE',  ( 0.000000000000000000, -1.000000000000000000, 0.000000000000000000 ) ) ;
#806 = UNCERTAINTY_MEASURE_WITH_UNIT (LENGTH_MEASURE( 1.000000000000000082E-05 ), #605, 'distance_accuracy_value', 'NONE');
#807 = CARTESIAN_POINT ( 'NONE',  ( -3.000000000000002665, 24.75000000000000355, -28.00000000000000000 ) ) ;
#808 = CIRCLE ( 'NONE', #2286, 4.999999999999997335 ) ;
#809 = FILL_AREA_STYLE_COLOUR ( '', #2813 ) ;
#810 = ADVANCED_FACE ( 'NONE', ( #2874 ), #1956, .T. ) ;
#811 = DIRECTION ( 'NONE',  ( -1.000000000000000000, 0.000000000000000000, 0.000000000000000000 ) ) ;
#812 = ORIENTED_EDGE ( 'NONE', *, *, #1999, .F. ) ;
#813 = EDGE_LOOP ( 'NONE', ( #2835, #1862, #2143, #2230, #1330 ) ) ;
#814 = FILL_AREA_STYLE_COLOUR ( '', #2824 ) ;
#815 = ORIENTED_EDGE ( 'NONE', *, *, #1916, .F. ) ;
#816 = VECTOR ( 'NONE', #1975, 1000.000000000000000 ) ;
#817 = CARTESIAN_POINT ( 'NONE',  ( 42.85795179305254266, -7.366653841675516290, -16.13486816319451478 ) ) ;
#818 = COLOUR_RGB ( '',0.5999999999999999778, 0.1607843137254901800, 0.7529411764705882248 ) ;
#819 =( LENGTH_UNIT ( ) NAMED_UNIT ( * ) SI_UNIT ( .MILLI., .METRE. ) );
#820 = VECTOR ( 'NONE', #2616, 1000.000000000000000 ) ;
#821 = VECTOR ( 'NONE', #1961, 1000.000000000000000 ) ;
#822 = AXIS2_PLACEMENT_3D ( 'NONE', #42, #2670, #2877 ) ;
#823 = ORIENTED_EDGE ( 'NONE', *, *, #694, .T. ) ;
#824 =( LENGTH_UNIT ( ) NAMED_UNIT ( * ) SI_UNIT ( .MILLI., .METRE. ) );
#825 = SURFACE_STYLE_FILL_AREA ( #1363 ) ;
#826 = CIRCLE ( 'NONE', #543, 3.549999999999999822 ) ;
#827 = VERTEX_POINT ( 'NONE', #2098 ) ;
#828 =( LENGTH_UNIT ( ) NAMED_UNIT ( * ) SI_UNIT ( .MILLI., .METRE. ) );
#829 = SURFACE_STYLE_USAGE ( .BOTH. , #1350 ) ;
#830 = STYLED_ITEM ( 'NONE', ( #1725 ), #1577 ) ;
#831 = COLOUR_RGB ( '',0.5999999999999999778, 0.1607843137254901800, 0.7529411764705882248 ) ;
#832 =( LENGTH_UNIT ( ) NAMED_UNIT ( * ) SI_UNIT ( .MILLI., .METRE. ) );
#833 = PRESENTATION_STYLE_ASSIGNMENT (( #2692 ) ) ;
#834 =( GEOMETRIC_REPRESENTATION_CONTEXT ( 3 ) GLOBAL_UNCERTAINTY_ASSIGNED_CONTEXT ( ( #2369 ) ) GLOBAL_UNIT_ASSIGNED_CONTEXT ( ( #3276, #2222, #1426 ) ) REPRESENTATION_CONTEXT ( 'NONE', 'WORKASPACE' ) );
#835 = LINE ( 'NONE', #1922, #1060 ) ;
#836 = ORIENTED_EDGE ( 'NONE', *, *, #457, .T. ) ;
#837 = CARTESIAN_POINT ( 'NONE',  ( 40.40000000000000568, 23.75000000000000000, -15.00000000000000711 ) ) ;
#838 = DIRECTION ( 'NONE',  ( 0.000000000000000000, 0.000000000000000000, 1.000000000000000000 ) ) ;
#839 = ORIENTED_EDGE ( 'NONE', *, *, #1921, .F. ) ;
#840 = ORIENTED_EDGE ( 'NONE', *, *, #1478, .F. ) ;
#841 = EDGE_CURVE ( 'NONE', #273, #1840, #1601, .T. ) ;
#842 = FACE_BOUND ( 'NONE', #1616, .T. ) ;
#843 = AXIS2_PLACEMENT_3D ( 'NONE', #1253, #2281, #2355 ) ;
#844 = CARTESIAN_POINT ( 'NONE',  ( 41.24804953707086952, -8.849687897077183507, -17.84804953706905906 ) ) ;
#845 = CARTESIAN_POINT ( 'NONE',  ( 2.000000000000000000, 7.000000000000000000, 0.000000000000000000 ) ) ;
#846 = STYLED_ITEM ( 'NONE', ( #1059 ), #358 ) ;
#847 = EDGE_CURVE ( 'NONE', #189, #189, #136, .T. ) ;
#848 = DIRECTION ( 'NONE',  ( 0.000000000000000000, 0.000000000000000000, -1.000000000000000000 ) ) ;
#849 = FACE_BOUND ( 'NONE', #3266, .T. ) ;
#850 = EDGE_LOOP ( 'NONE', ( #245, #239, #36, #253 ) ) ;
#851 =( NAMED_UNIT ( * ) PLANE_ANGLE_UNIT ( ) SI_UNIT ( $, .RADIAN. ) );
#852 = LINE ( 'NONE', #1392, #1949 ) ;
#853 =( LENGTH_UNIT ( ) NAMED_UNIT ( * ) SI_UNIT ( .MILLI., .METRE. ) );
#854 = SURFACE_SIDE_STYLE ('',( #255 ) ) ;
#855 = DIRECTION ( 'NONE',  ( -1.000000000000000000, -0.000000000000000000, -0.000000000000000000 ) ) ;
#856 = ORIENTED_EDGE ( 'NONE', *, *, #2464, .T. ) ;
#857 = CARTESIAN_POINT ( 'NONE',  ( 38.40000000000000568, 0.000000000000000000, -7.000000000000000000 ) ) ;
#858 =( NAMED_UNIT ( * ) PLANE_ANGLE_UNIT ( ) SI_UNIT ( $, .RADIAN. ) );
#859 = ORIENTED_EDGE ( 'NONE', *, *, #1245, .T. ) ;
#860 = FACE_OUTER_BOUND ( 'NONE', #2901, .T. ) ;
#861 = CARTESIAN_POINT ( 'NONE',  ( 42.84494627350220952, -6.443646997078918304, -19.44494627350241700 ) ) ;
#862 = FILL_AREA_STYLE_COLOUR ( '', #1592 ) ;
#863 = EDGE_CURVE ( 'NONE', #139, #139, #1962, .T. ) ;
#864 = CARTESIAN_POINT ( 'NONE',  ( 43.40000000000000568, -10.00000000000000000, -1.734723475976807094E-15 ) ) ;
#865 = FACE_BOUND ( 'NONE', #526, .T. ) ;
#866 = COLOUR_RGB ( '',0.5999999999999999778, 0.1607843137254901800, 0.7529411764705882248 ) ;
#867 = EDGE_LOOP ( 'NONE', ( #1634 ) ) ;
#868 = EDGE_CURVE ( 'NONE', #2029, #2552, #425, .T. ) ;
#869 = FACE_OUTER_BOUND ( 'NONE', #1158, .T. ) ;
#870 = FILL_AREA_STYLE_COLOUR ( '', #1030 ) ;
#871 = LINE ( 'NONE', #366, #1560 ) ;
#872 = CARTESIAN_POINT ( 'NONE',  ( 43.40000000000000568, -10.00000000000000000, -1.734723475976807094E-15 ) ) ;
#873 = DIRECTION ( 'NONE',  ( 1.000000000000000000, -0.000000000000000000, -0.000000000000000000 ) ) ;
#874 = FACE_OUTER_BOUND ( 'NONE', #1323, .T. ) ;
#875 = SURFACE_STYLE_USAGE ( .BOTH. , #2157 ) ;
#876 = VERTEX_POINT ( 'NONE', #665 ) ;
#877 = ORIENTED_EDGE ( 'NONE', *, *, #1707, .F. ) ;
#878 = SURFACE_SIDE_STYLE ('',( #2939 ) ) ;
#879 = FACE_OUTER_BOUND ( 'NONE', #813, .T. ) ;
#880 = MECHANICAL_DESIGN_GEOMETRIC_PRESENTATION_REPRESENTATION (  '', ( #2648 ), #214 ) ;
#881 = CARTESIAN_POINT ( 'NONE',  ( 0.000000000000000000, 33.00000000000000000, -12.50000000000003020 ) ) ;
#882 = FILL_AREA_STYLE_COLOUR ( '', #3245 ) ;
#883 =( NAMED_UNIT ( * ) PLANE_ANGLE_UNIT ( ) SI_UNIT ( $, .RADIAN. ) );
#884 = DIRECTION ( 'NONE',  ( -0.000000000000000000, 0.000000000000000000, -1.000000000000000000 ) ) ;
#885 = COLOUR_RGB ( '',0.5999999999999999778, 0.1607843137254901800, 0.7529411764705882248 ) ;
#886 = CARTESIAN_POINT ( 'NONE',  ( 27.20000000000000639, 1.550000000000000266, -15.00000000000000000 ) ) ;
#887 = ADVANCED_FACE ( 'NONE', ( #879 ), #2228, .F. ) ;
#888 = DIRECTION ( 'NONE',  ( 1.000000000000000000, 0.000000000000000000, 0.000000000000000000 ) ) ;
#889 = STYLED_ITEM ( 'NONE', ( #750 ), #3242 ) ;
#890 = FACE_BOUND ( 'NONE', #1228, .T. ) ;
#891 =( GEOMETRIC_REPRESENTATION_CONTEXT ( 3 ) GLOBAL_UNCERTAINTY_ASSIGNED_CONTEXT ( ( #1874 ) ) GLOBAL_UNIT_ASSIGNED_CONTEXT ( ( #984, #2782, #2253 ) ) REPRESENTATION_CONTEXT ( 'NONE', 'WORKASPACE' ) );
#892 = SURFACE_STYLE_FILL_AREA ( #1701 ) ;
#893 = SURFACE_STYLE_FILL_AREA ( #3189 ) ;
#894 = DIRECTION ( 'NONE',  ( 0.000000000000000000, 0.000000000000000000, 1.000000000000000000 ) ) ;
#895 = ORIENTED_EDGE ( 'NONE', *, *, #1671, .F. ) ;
#896 = CARTESIAN_POINT ( 'NONE',  ( 5.696152422706635576, -10.00000000000000000, -20.00000000000000711 ) ) ;
#897 = CIRCLE ( 'NONE', #1329, 1.550000000000002709 ) ;
#898 = DIRECTION ( 'NONE',  ( 0.000000000000000000, 1.734723475976807094E-16, -1.000000000000000000 ) ) ;
#899 = CARTESIAN_POINT ( 'NONE',  ( 42.30192378864670388, -10.00000000000000000, -15.09807621135333022 ) ) ;
#900 = PLANE ( 'NONE',  #1909 ) ;
#901 = VERTEX_POINT ( 'NONE', #648 ) ;
#902 = CYLINDRICAL_SURFACE ( 'NONE', #119, 10.00000000000000000 ) ;
#903 = SURFACE_STYLE_FILL_AREA ( #1981 ) ;
#904 = STYLED_ITEM ( 'NONE', ( #2664 ), #92 ) ;
#905 = CARTESIAN_POINT ( 'NONE',  ( 21.75000000000000711, -6.999999999999996447, -61.40000000000001279 ) ) ;
#906 = FACE_BOUND ( 'NONE', #734, .T. ) ;
#907 = EDGE_CURVE ( 'NONE', #192, #192, #2387, .T. ) ;
#908 = PRESENTATION_LAYER_ASSIGNMENT (  '', '', ( #300 ) ) ;
#909 = CARTESIAN_POINT ( 'NONE',  ( 38.40000000000001279, 14.75000000000000355, -15.00000000000000888 ) ) ;
#910 =( NAMED_UNIT ( * ) PLANE_ANGLE_UNIT ( ) SI_UNIT ( $, .RADIAN. ) );
#911 = EDGE_CURVE ( 'NONE', #2934, #427, #1224, .T. ) ;
#912 = SURFACE_STYLE_USAGE ( .BOTH. , #2246 ) ;
#913 =( NAMED_UNIT ( * ) SI_UNIT ( $, .STERADIAN. ) SOLID_ANGLE_UNIT ( ) );
#914 = SURFACE_STYLE_USAGE ( .BOTH. , #426 ) ;
#915 = EDGE_LOOP ( 'NONE', ( #2828 ) ) ;
#916 = DIRECTION ( 'NONE',  ( 0.000000000000000000, 0.000000000000000000, -1.000000000000000000 ) ) ;
#917 = CARTESIAN_POINT ( 'NONE',  ( 0.000000000000000000, 0.000000000000000000, -5.000000000000009770 ) ) ;
#918 = CARTESIAN_POINT ( 'NONE',  ( 38.40000000000000568, 7.000000000000000000, -1.550000000000000266 ) ) ;
#919 = DIRECTION ( 'NONE',  ( 0.000000000000000000, 0.000000000000000000, -1.000000000000000000 ) ) ;
#920 =( NAMED_UNIT ( * ) PLANE_ANGLE_UNIT ( ) SI_UNIT ( $, .RADIAN. ) );
#921 = PRESENTATION_LAYER_ASSIGNMENT (  '', '', ( #51 ) ) ;
#922 = UNCERTAINTY_MEASURE_WITH_UNIT (LENGTH_MEASURE( 1.000000000000000082E-05 ), #1772, 'distance_accuracy_value', 'NONE');
#923 = UNCERTAINTY_MEASURE_WITH_UNIT (LENGTH_MEASURE( 1.000000000000000082E-05 ), #2466, 'distance_accuracy_value', 'NONE');
#924 = FACE_OUTER_BOUND ( 'NONE', #1930, .T. ) ;
#925 = FILL_AREA_STYLE_COLOUR ( '', #1172 ) ;
#926 = ADVANCED_FACE ( 'NONE', ( #2248, #1154 ), #1943, .T. ) ;
#927 = FILL_AREA_STYLE_COLOUR ( '', #2233 ) ;
#928 = LINE ( 'NONE', #2953, #1277 ) ;
#929 = EDGE_LOOP ( 'NONE', ( #1841, #1376, #840, #72 ) ) ;
#930 = DIRECTION ( 'NONE',  ( 0.000000000000000000, 0.000000000000000000, 1.000000000000000000 ) ) ;
#931 = VERTEX_POINT ( 'NONE', #393 ) ;
#932 =( NAMED_UNIT ( * ) SI_UNIT ( $, .STERADIAN. ) SOLID_ANGLE_UNIT ( ) );
#933 = CARTESIAN_POINT ( 'NONE',  ( 38.40000000000001279, 14.75000000000000355, -69.40000000000000568 ) ) ;
#934 = VERTEX_POINT ( 'NONE', #2764 ) ;
#935 = CARTESIAN_POINT ( 'NONE',  ( 43.40000000000000568, 10.00000000000000000, 9.999999999999998224 ) ) ;
#936 = FACE_BOUND ( 'NONE', #3180, .T. ) ;
#937 =( GEOMETRIC_REPRESENTATION_CONTEXT ( 3 ) GLOBAL_UNCERTAINTY_ASSIGNED_CONTEXT ( ( #1837 ) ) GLOBAL_UNIT_ASSIGNED_CONTEXT ( ( #3247, #1469, #636 ) ) REPRESENTATION_CONTEXT ( 'NONE', 'WORKASPACE' ) );
#938 = STYLED_ITEM ( 'NONE', ( #1431 ), #926 ) ;
#939 = VECTOR ( 'NONE', #1067, 1000.000000000000000 ) ;
#940 = MECHANICAL_DESIGN_GEOMETRIC_PRESENTATION_REPRESENTATION (  '', ( #284 ), #2815 ) ;
#941 = CARTESIAN_POINT ( 'NONE',  ( 9.499999999999994671, -10.00000000000000000, -20.00000000000001066 ) ) ;
#942 = COLOUR_RGB ( '',0.5999999999999999778, 0.1607843137254901800, 0.7529411764705882248 ) ;
#943 = MECHANICAL_DESIGN_GEOMETRIC_PRESENTATION_REPRESENTATION (  '', ( #1604 ), #1544 ) ;
#944 = DIRECTION ( 'NONE',  ( 1.000000000000000000, -0.000000000000000000, 0.000000000000000000 ) ) ;
#945 = CARTESIAN_POINT ( 'NONE',  ( 43.40000000000000568, -6.464466094067264024, -13.00000000000001243 ) ) ;
#946 = ORIENTED_EDGE ( 'NONE', *, *, #1366, .F. ) ;
#947 = EDGE_CURVE ( 'NONE', #1404, #2323, #1807, .T. ) ;
#948 = VERTEX_POINT ( 'NONE', #2757 ) ;
#949 = SURFACE_STYLE_FILL_AREA ( #2235 ) ;
#950 = DIRECTION ( 'NONE',  ( 0.000000000000000000, 1.000000000000000000, 0.000000000000000000 ) ) ;
#951 = CARTESIAN_POINT ( 'NONE',  ( 21.75000000000000711, 7.000000000000003553, -61.40000000000001279 ) ) ;
#952 = ADVANCED_FACE ( 'NONE', ( #3264 ), #1273, .T. ) ;
#953 =( GEOMETRIC_REPRESENTATION_CONTEXT ( 3 ) GLOBAL_UNCERTAINTY_ASSIGNED_CONTEXT ( ( #743 ) ) GLOBAL_UNIT_ASSIGNED_CONTEXT ( ( #1635, #275, #3145 ) ) REPRESENTATION_CONTEXT ( 'NONE', 'WORKASPACE' ) );
#954 = DIRECTION ( 'NONE',  ( -0.8164965809277262565, -0.5773502691896256200, -1.071651080432506572E-16 ) ) ;
#955 = FILL_AREA_STYLE_COLOUR ( '', #2311 ) ;
#956 = COLOUR_RGB ( '',0.5999999999999999778, 0.1607843137254901800, 0.7529411764705882248 ) ;
#957 =( GEOMETRIC_REPRESENTATION_CONTEXT ( 3 ) GLOBAL_UNCERTAINTY_ASSIGNED_CONTEXT ( ( #1174 ) ) GLOBAL_UNIT_ASSIGNED_CONTEXT ( ( #1186, #920, #2515 ) ) REPRESENTATION_CONTEXT ( 'NONE', 'WORKASPACE' ) );
#958 = DIRECTION ( 'NONE',  ( -1.000000000000000000, 0.000000000000000000, 0.000000000000000000 ) ) ;
#959 = FILL_AREA_STYLE ('',( #3014 ) ) ;
#960 = PRESENTATION_LAYER_ASSIGNMENT (  '', '', ( #1565 ) ) ;
#961 = SURFACE_STYLE_FILL_AREA ( #2755 ) ;
#962 = CARTESIAN_POINT ( 'NONE',  ( 43.40000000000000568, 33.00000000000000000, -50.59273534653674176 ) ) ;
#963 =( NAMED_UNIT ( * ) PLANE_ANGLE_UNIT ( ) SI_UNIT ( $, .RADIAN. ) );
#964 = CARTESIAN_POINT ( 'NONE',  ( 40.40000000000000568, 23.74999999999999645, -55.59753687109602538 ) ) ;
#965 = ORIENTED_EDGE ( 'NONE', *, *, #2550, .T. ) ;
#966 = SURFACE_SIDE_STYLE ('',( #903 ) ) ;
#967 = FACE_OUTER_BOUND ( 'NONE', #1785, .T. ) ;
#968 = CARTESIAN_POINT ( 'NONE',  ( -3.000000000000002665, 7.000000000000000000, -1.550000000000000266 ) ) ;
#969 = DIRECTION ( 'NONE',  ( -2.081668171172168829E-14, 0.000000000000000000, -1.000000000000000000 ) ) ;
#970 = DIRECTION ( 'NONE',  ( 1.000000000000000000, 0.000000000000000000, 0.000000000000000000 ) ) ;
#971 = ADVANCED_FACE ( 'NONE', ( #439 ), #1291, .F. ) ;
#972 = ORIENTED_EDGE ( 'NONE', *, *, #1125, .F. ) ;
#973 = PRESENTATION_STYLE_ASSIGNMENT (( #2726 ) ) ;
#974 = ORIENTED_EDGE ( 'NONE', *, *, #1366, .T. ) ;
#975 =( LENGTH_UNIT ( ) NAMED_UNIT ( * ) SI_UNIT ( .MILLI., .METRE. ) );
#976 = DIRECTION ( 'NONE',  ( 0.000000000000000000, -6.938893903907229364E-16, 1.000000000000000000 ) ) ;
#977 = ORIENTED_EDGE ( 'NONE', *, *, #1264, .T. ) ;
#978 =( NAMED_UNIT ( * ) SI_UNIT ( $, .STERADIAN. ) SOLID_ANGLE_UNIT ( ) );
#979 = FILL_AREA_STYLE_COLOUR ( '', #1532 ) ;
#980 = ORIENTED_EDGE ( 'NONE', *, *, #1999, .T. ) ;
#981 = EDGE_LOOP ( 'NONE', ( #1133 ) ) ;
#982 = DIRECTION ( 'NONE',  ( 1.000000000000000000, 0.000000000000000000, 0.000000000000000000 ) ) ;
#983 = SURFACE_SIDE_STYLE ('',( #1182 ) ) ;
#984 =( LENGTH_UNIT ( ) NAMED_UNIT ( * ) SI_UNIT ( .MILLI., .METRE. ) );
#985 = SURFACE_STYLE_FILL_AREA ( #2064 ) ;
#986 = CARTESIAN_POINT ( 'NONE',  ( -3.000000000000002665, 0.000000000000000000, -8.550000000000000711 ) ) ;
#987 = DIRECTION ( 'NONE',  ( 1.000000000000000000, 0.000000000000000000, 0.000000000000000000 ) ) ;
#988 = LINE ( 'NONE', #1573, #1403 ) ;
#989 = EDGE_CURVE ( 'NONE', #553, #1404, #2315, .T. ) ;
#990 = FILL_AREA_STYLE_COLOUR ( '', #1917 ) ;
#991 = MECHANICAL_DESIGN_GEOMETRIC_PRESENTATION_REPRESENTATION (  '', ( #113 ), #1380 ) ;
#992 = VECTOR ( 'NONE', #198, 1000.000000000000000 ) ;
#993 =( NAMED_UNIT ( * ) PLANE_ANGLE_UNIT ( ) SI_UNIT ( $, .RADIAN. ) );
#994 = LINE ( 'NONE', #3113, #1285 ) ;
#995 = CARTESIAN_POINT ( 'NONE',  ( 0.000000000000000000, 10.00000000000000000, -15.00000000000000178 ) ) ;
#996 = AXIS2_PLACEMENT_3D ( 'NONE', #1639, #1384, #565 ) ;
#997 = DIRECTION ( 'NONE',  ( 0.000000000000000000, 0.000000000000000000, -1.000000000000000000 ) ) ;
#998 = ORIENTED_EDGE ( 'NONE', *, *, #2386, .T. ) ;
#999 = EDGE_LOOP ( 'NONE', ( #1272 ) ) ;
#1000 = VECTOR ( 'NONE', #1054, 1000.000000000000000 ) ;
#1001 = AXIS2_PLACEMENT_3D ( 'NONE', #1942, #2498, #976 ) ;
#1002 =( LENGTH_UNIT ( ) NAMED_UNIT ( * ) SI_UNIT ( .MILLI., .METRE. ) );
#1003 = LINE ( 'NONE', #3025, #2864 ) ;
#1004 = SURFACE_STYLE_USAGE ( .BOTH. , #1258 ) ;
#1005 = MECHANICAL_DESIGN_GEOMETRIC_PRESENTATION_REPRESENTATION (  '', ( #2443 ), #2872 ) ;
#1006 = DIRECTION ( 'NONE',  ( 0.000000000000000000, 0.000000000000000000, 1.000000000000000000 ) ) ;
#1007 = DIRECTION ( 'NONE',  ( 0.000000000000000000, 1.000000000000000000, 0.000000000000000000 ) ) ;
#1008 = PRESENTATION_LAYER_ASSIGNMENT (  '', '', ( #737 ) ) ;
#1009 = PRESENTATION_LAYER_ASSIGNMENT (  '', '', ( #20 ) ) ;
#1010 = CARTESIAN_POINT ( 'NONE',  ( 0.1352265598833105875, -9.027707433613672450, -17.87240046380323122 ) ) ;
#1011 =( GEOMETRIC_REPRESENTATION_CONTEXT ( 3 ) GLOBAL_UNCERTAINTY_ASSIGNED_CONTEXT ( ( #157 ) ) GLOBAL_UNIT_ASSIGNED_CONTEXT ( ( #1073, #798, #1342 ) ) REPRESENTATION_CONTEXT ( 'NONE', 'WORKASPACE' ) );
#1012 = DIRECTION ( 'NONE',  ( 0.000000000000000000, 0.000000000000000000, -1.000000000000000000 ) ) ;
#1013 = EDGE_CURVE ( 'NONE', #3028, #3028, #2596, .T. ) ;
#1014 = STYLED_ITEM ( 'NONE', ( #2797 ), #402 ) ;
#1015 = DIRECTION ( 'NONE',  ( 0.000000000000000000, 0.5773502691896257311, -0.8164965809277260345 ) ) ;
#1016 = PRESENTATION_LAYER_ASSIGNMENT (  '', '', ( #2039 ) ) ;
#1017 = FILL_AREA_STYLE_COLOUR ( '', #2598 ) ;
#1018 = EDGE_CURVE ( 'NONE', #1529, #876, #745, .T. ) ;
#1019 = SURFACE_STYLE_FILL_AREA ( #459 ) ;
#1020 = ORIENTED_EDGE ( 'NONE', *, *, #2150, .F. ) ;
#1021 = VERTEX_POINT ( 'NONE', #506 ) ;
#1022 =( GEOMETRIC_REPRESENTATION_CONTEXT ( 3 ) GLOBAL_UNCERTAINTY_ASSIGNED_CONTEXT ( ( #3214 ) ) GLOBAL_UNIT_ASSIGNED_CONTEXT ( ( #94, #1401, #2611 ) ) REPRESENTATION_CONTEXT ( 'NONE', 'WORKASPACE' ) );
#1023 = DIRECTION ( 'NONE',  ( 0.000000000000000000, 1.000000000000000000, 0.000000000000000000 ) ) ;
#1024 = SURFACE_STYLE_USAGE ( .BOTH. , #512 ) ;
#1025 = DIRECTION ( 'NONE',  ( 0.000000000000000000, 0.000000000000000000, 1.000000000000000000 ) ) ;
#1026 = UNCERTAINTY_MEASURE_WITH_UNIT (LENGTH_MEASURE( 1.000000000000000082E-05 ), #1963, 'distance_accuracy_value', 'NONE');
#1027 = SURFACE_SIDE_STYLE ('',( #484 ) ) ;
#1028 = ORIENTED_EDGE ( 'NONE', *, *, #2163, .T. ) ;
#1029 = ORIENTED_EDGE ( 'NONE', *, *, #2191, .T. ) ;
#1030 = COLOUR_RGB ( '',0.5999999999999999778, 0.1607843137254901800, 0.7529411764705882248 ) ;
#1031 = ADVANCED_FACE ( 'NONE', ( #1566, #3070 ), #2789, .T. ) ;
#1032 = FILL_AREA_STYLE ('',( #490 ) ) ;
#1033 = SURFACE_STYLE_FILL_AREA ( #228 ) ;
#1034 = PRESENTATION_STYLE_ASSIGNMENT (( #2943 ) ) ;
#1035 = STYLED_ITEM ( 'NONE', ( #3128 ), #2023 ) ;
#1036 = CARTESIAN_POINT ( 'NONE',  ( 18.64999999999999858, 7.000000000000003553, -69.40000000000001990 ) ) ;
#1037 = CARTESIAN_POINT ( 'NONE',  ( 1.999999999999998224, 14.75000000000000355, -59.40000000000000568 ) ) ;
#1038 = FILL_AREA_STYLE_COLOUR ( '', #2512 ) ;
#1039 = ORIENTED_EDGE ( 'NONE', *, *, #1264, .F. ) ;
#1040 = CARTESIAN_POINT ( 'NONE',  ( -0.4102946153745063995, -9.078058348479832063, -17.41029461537400280 ) ) ;
#1041 = DIRECTION ( 'NONE',  ( 0.000000000000000000, 0.000000000000000000, 1.000000000000000000 ) ) ;
#1042 = FILL_AREA_STYLE_COLOUR ( '', #831 ) ;
#1043 = PRESENTATION_LAYER_ASSIGNMENT (  '', '', ( #1484 ) ) ;
#1044 = COLOUR_RGB ( '',0.5999999999999999778, 0.1607843137254901800, 0.7529411764705882248 ) ;
#1045 =( NAMED_UNIT ( * ) SI_UNIT ( $, .STERADIAN. ) SOLID_ANGLE_UNIT ( ) );
#1046 =( LENGTH_UNIT ( ) NAMED_UNIT ( * ) SI_UNIT ( .MILLI., .METRE. ) );
#1047 = ORIENTED_EDGE ( 'NONE', *, *, #3310, .T. ) ;
#1048 = AXIS2_PLACEMENT_3D ( 'NONE', #1502, #2520, #3313 ) ;
#1049 = EDGE_LOOP ( 'NONE', ( #283 ) ) ;
#1050 = MECHANICAL_DESIGN_GEOMETRIC_PRESENTATION_REPRESENTATION (  '', ( #281 ), #1165 ) ;
#1051 = STYLED_ITEM ( 'NONE', ( #156 ), #1226 ) ;
#1052 = AXIS2_PLACEMENT_3D ( 'NONE', #416, #2942, #1487 ) ;
#1053 = FACE_BOUND ( 'NONE', #3330, .T. ) ;
#1054 = DIRECTION ( 'NONE',  ( -1.000000000000000000, -0.000000000000000000, -0.000000000000000000 ) ) ;
#1055 = EDGE_CURVE ( 'NONE', #2375, #2068, #2858, .T. ) ;
#1056 =( BOUNDED_CURVE ( )  B_SPLINE_CURVE ( 3, ( #2557, #2079, #3018, #2326 ),
 .UNSPECIFIED., .F., .T. ) 
 B_SPLINE_CURVE_WITH_KNOTS ( ( 4, 4 ),
 ( 0.5235987755983021463, 1.570796326794900999 ),
 .UNSPECIFIED. ) 
 CURVE ( )  GEOMETRIC_REPRESENTATION_ITEM ( )  RATIONAL_B_SPLINE_CURVE ( ( 1.000000000000000000, 0.9106836025229588794, 0.9106836025229588794, 1.000000000000000000 ) ) 
 REPRESENTATION_ITEM ( '' )  );
#1057 = PRESENTATION_LAYER_ASSIGNMENT (  '', '', ( #1113 ) ) ;
#1058 =( NAMED_UNIT ( * ) SI_UNIT ( $, .STERADIAN. ) SOLID_ANGLE_UNIT ( ) );
#1059 = PRESENTATION_STYLE_ASSIGNMENT (( #2334 ) ) ;
#1060 = VECTOR ( 'NONE', #289, 1000.000000000000000 ) ;
#1061 = ORIENTED_EDGE ( 'NONE', *, *, #2589, .F. ) ;
#1062 = EDGE_CURVE ( 'NONE', #1459, #1459, #3294, .T. ) ;
#1063 =( GEOMETRIC_REPRESENTATION_CONTEXT ( 3 ) GLOBAL_UNCERTAINTY_ASSIGNED_CONTEXT ( ( #3103 ) ) GLOBAL_UNIT_ASSIGNED_CONTEXT ( ( #1699, #419, #673 ) ) REPRESENTATION_CONTEXT ( 'NONE', 'WORKASPACE' ) );
#1064 = CARTESIAN_POINT ( 'NONE',  ( 38.40000000000000568, 0.000000000000000000, 0.000000000000000000 ) ) ;
#1065 = UNCERTAINTY_MEASURE_WITH_UNIT (LENGTH_MEASURE( 1.000000000000000082E-05 ), #3054, 'distance_accuracy_value', 'NONE');
#1066 = CYLINDRICAL_SURFACE ( 'NONE', #446, 1.550000000000000266 ) ;
#1067 = DIRECTION ( 'NONE',  ( 0.000000000000000000, 1.000000000000000000, -0.000000000000000000 ) ) ;
#1068 = SURFACE_STYLE_FILL_AREA ( #340 ) ;
#1069 = MECHANICAL_DESIGN_GEOMETRIC_PRESENTATION_REPRESENTATION (  '', ( #904 ), #3096 ) ;
#1070 = ORIENTED_EDGE ( 'NONE', *, *, #2775, .F. ) ;
#1071 = ORIENTED_EDGE ( 'NONE', *, *, #2504, .F. ) ;
#1072 = STYLED_ITEM ( 'NONE', ( #25 ), #441 ) ;
#1073 =( LENGTH_UNIT ( ) NAMED_UNIT ( * ) SI_UNIT ( .MILLI., .METRE. ) );
#1074 = CARTESIAN_POINT ( 'NONE',  ( 0.000000000000000000, 12.75000000000000178, -5.000000000000009770 ) ) ;
#1075 = CARTESIAN_POINT ( 'NONE',  ( 43.40000000000000568, 14.75000000000000355, -69.40000000000001990 ) ) ;
#1076 = CIRCLE ( 'NONE', #786, 1.550000000000000266 ) ;
#1077 = VERTEX_POINT ( 'NONE', #232 ) ;
#1078 = CARTESIAN_POINT ( 'NONE',  ( 38.40000000000000568, 0.000000000000000000, 0.000000000000000000 ) ) ;
#1079 = ORIENTED_EDGE ( 'NONE', *, *, #1524, .T. ) ;
#1080 = EDGE_CURVE ( 'NONE', #3202, #2375, #423, .T. ) ;
#1081 = LINE ( 'NONE', #2912, #50 ) ;
#1082 =( NAMED_UNIT ( * ) PLANE_ANGLE_UNIT ( ) SI_UNIT ( $, .RADIAN. ) );
#1083 = PRESENTATION_STYLE_ASSIGNMENT (( #1827 ) ) ;
#1084 = LINE ( 'NONE', #305, #435 ) ;
#1085 = ORIENTED_EDGE ( 'NONE', *, *, #2273, .F. ) ;
#1086 = ORIENTED_EDGE ( 'NONE', *, *, #2973, .F. ) ;
#1087 = CARTESIAN_POINT ( 'NONE',  ( 40.03192302689560478, -8.639011301021154665, -18.61288091043378401 ) ) ;
#1088 = ORIENTED_EDGE ( 'NONE', *, *, #583, .F. ) ;
#1089 = FACE_OUTER_BOUND ( 'NONE', #2919, .T. ) ;
#1090 = SURFACE_STYLE_FILL_AREA ( #280 ) ;
#1091 = EDGE_LOOP ( 'NONE', ( #2439, #2060, #1145, #3316 ) ) ;
#1092 = CYLINDRICAL_SURFACE ( 'NONE', #1111, 6.000000000000001776 ) ;
#1093 = UNCERTAINTY_MEASURE_WITH_UNIT (LENGTH_MEASURE( 1.000000000000000082E-05 ), #828, 'distance_accuracy_value', 'NONE');
#1094 = EDGE_CURVE ( 'NONE', #2142, #1098, #271, .T. ) ;
#1095 = DIRECTION ( 'NONE',  ( 0.000000000000000000, -1.000000000000000000, -1.734723475976807094E-16 ) ) ;
#1096 = VECTOR ( 'NONE', #2576, 1000.000000000000000 ) ;
#1097 = SURFACE_STYLE_USAGE ( .BOTH. , #2621 ) ;
#1098 = VERTEX_POINT ( 'NONE', #576 ) ;
#1099 = VERTEX_POINT ( 'NONE', #837 ) ;
#1100 = SURFACE_SIDE_STYLE ('',( #2083 ) ) ;
#1101 = ORIENTED_EDGE ( 'NONE', *, *, #1188, .F. ) ;
#1102 = SURFACE_STYLE_USAGE ( .BOTH. , #1831 ) ;
#1103 = MECHANICAL_DESIGN_GEOMETRIC_PRESENTATION_REPRESENTATION (  '', ( #2542 ), #159 ) ;
#1104 = AXIS2_PLACEMENT_3D ( 'NONE', #2319, #3332, #2505 ) ;
#1105 = VECTOR ( 'NONE', #2245, 1000.000000000000000 ) ;
#1106 = MECHANICAL_DESIGN_GEOMETRIC_PRESENTATION_REPRESENTATION (  '', ( #3090 ), #2295 ) ;
#1107 = VERTEX_POINT ( 'NONE', #1579 ) ;
#1108 = SURFACE_STYLE_USAGE ( .BOTH. , #24 ) ;
#1109 = CARTESIAN_POINT ( 'NONE',  ( 0.9433756729740655489, -6.639279330798341761, -20.00000000000001421 ) ) ;
#1110 = PRODUCT_DEFINITION_FORMATION_WITH_SPECIFIED_SOURCE ( 'ANY', '', #3260, .NOT_KNOWN. ) ;
#1111 = AXIS2_PLACEMENT_3D ( 'NONE', #48, #2337, #3132 ) ;
#1112 = ORIENTED_EDGE ( 'NONE', *, *, #606, .T. ) ;
#1113 = STYLED_ITEM ( 'NONE', ( #2043 ), #2738 ) ;
#1114 =( NAMED_UNIT ( * ) SI_UNIT ( $, .STERADIAN. ) SOLID_ANGLE_UNIT ( ) );
#1115 = AXIS2_PLACEMENT_3D ( 'NONE', #2155, #2604, #1672 ) ;
#1116 = LINE ( 'NONE', #1608, #820 ) ;
#1117 = FILL_AREA_STYLE_COLOUR ( '', #130 ) ;
#1118 = LINE ( 'NONE', #1576, #2662 ) ;
#1119 = MECHANICAL_DESIGN_GEOMETRIC_PRESENTATION_REPRESENTATION (  '', ( #1324 ), #331 ) ;
#1120 = CYLINDRICAL_SURFACE ( 'NONE', #1175, 4.999999999999997335 ) ;
#1121 = ADVANCED_FACE ( 'NONE', ( #2077 ), #2866, .F. ) ;
#1122 = CARTESIAN_POINT ( 'NONE',  ( 0.000000000000000000, 10.00000000000000000, -2.250000000000035083 ) ) ;
#1123 = ORIENTED_EDGE ( 'NONE', *, *, #294, .T. ) ;
#1124 = EDGE_LOOP ( 'NONE', ( #2151 ) ) ;
#1125 = EDGE_CURVE ( 'NONE', #2473, #2473, #2714, .T. ) ;
#1126 = EDGE_LOOP ( 'NONE', ( #2876 ) ) ;
#1127 = VECTOR ( 'NONE', #162, 1000.000000000000000 ) ;
#1128 = CARTESIAN_POINT ( 'NONE',  ( 43.38284084218691561, -5.515416641808955411, -15.24905611483297108 ) ) ;
#1129 = DIRECTION ( 'NONE',  ( 1.000000000000000000, 0.000000000000000000, 0.000000000000000000 ) ) ;
#1130 = ORIENTED_EDGE ( 'NONE', *, *, #989, .T. ) ;
#1131 =( NAMED_UNIT ( * ) SI_UNIT ( $, .STERADIAN. ) SOLID_ANGLE_UNIT ( ) );
#1132 = SURFACE_SIDE_STYLE ('',( #1090 ) ) ;
#1133 = ORIENTED_EDGE ( 'NONE', *, *, #2258, .F. ) ;
#1134 = CARTESIAN_POINT ( 'NONE',  ( 40.40000000000000568, 10.00000000000000000, -15.00000000000000178 ) ) ;
#1135 = CARTESIAN_POINT ( 'NONE',  ( 20.20000000000000284, 3.469446951953615767E-15, -61.40000000000001279 ) ) ;
#1136 = CARTESIAN_POINT ( 'NONE',  ( 0.000000000000000000, 23.74999999999999645, -15.00000000000000711 ) ) ;
#1137 = DIRECTION ( 'NONE',  ( -0.000000000000000000, -1.000000000000000000, -0.000000000000000000 ) ) ;
#1138 = ORIENTED_EDGE ( 'NONE', *, *, #2698, .F. ) ;
#1139 = VERTEX_POINT ( 'NONE', #1649 ) ;
#1140 =( NAMED_UNIT ( * ) SI_UNIT ( $, .STERADIAN. ) SOLID_ANGLE_UNIT ( ) );
#1141 = CARTESIAN_POINT ( 'NONE',  ( 40.85346605101202755, -9.714978738036680994, -16.94961488322120857 ) ) ;
#1142 =( LENGTH_UNIT ( ) NAMED_UNIT ( * ) SI_UNIT ( .MILLI., .METRE. ) );
#1143 = EDGE_CURVE ( 'NONE', #672, #672, #3297, .T. ) ;
#1144 = DIRECTION ( 'NONE',  ( 0.000000000000000000, 0.000000000000000000, 1.000000000000000000 ) ) ;
#1145 = ORIENTED_EDGE ( 'NONE', *, *, #1743, .F. ) ;
#1146 = CARTESIAN_POINT ( 'NONE',  ( 9.499999999999994671, -10.00000000000000000, -20.00000000000001066 ) ) ;
#1147 = FACE_BOUND ( 'NONE', #2328, .T. ) ;
#1148 = VERTEX_POINT ( 'NONE', #2727 ) ;
#1149 = CARTESIAN_POINT ( 'NONE',  ( 13.20000000000000284, 1.550000000000005596, -25.00000000000001066 ) ) ;
#1150 = FILL_AREA_STYLE_COLOUR ( '', #1586 ) ;
#1151 = FACE_OUTER_BOUND ( 'NONE', #2821, .T. ) ;
#1152 = CARTESIAN_POINT ( 'NONE',  ( 35.20384757729337366, -10.00000000000000000, -20.00000000000001066 ) ) ;
#1153 = FILL_AREA_STYLE_COLOUR ( '', #2238 ) ;
#1154 = FACE_OUTER_BOUND ( 'NONE', #2595, .T. ) ;
#1155 =( NAMED_UNIT ( * ) SI_UNIT ( $, .STERADIAN. ) SOLID_ANGLE_UNIT ( ) );
#1156 = AXIS2_PLACEMENT_3D ( 'NONE', #1551, #1298, #1315 ) ;
#1157 =( GEOMETRIC_REPRESENTATION_CONTEXT ( 3 ) GLOBAL_UNCERTAINTY_ASSIGNED_CONTEXT ( ( #2209 ) ) GLOBAL_UNIT_ASSIGNED_CONTEXT ( ( #360, #1179, #144 ) ) REPRESENTATION_CONTEXT ( 'NONE', 'WORKASPACE' ) );
#1158 = EDGE_LOOP ( 'NONE', ( #1869, #2732, #1574, #1340, #306 ) ) ;
#1159 = FILL_AREA_STYLE ('',( #1980 ) ) ;
#1160 = CARTESIAN_POINT ( 'NONE',  ( 40.18867513459483121, -8.804566037109260890, -18.90192378864669109 ) ) ;
#1161 = ADVANCED_FACE ( 'NONE', ( #3213, #2223 ), #1394, .F. ) ;
#1162 = PRESENTATION_LAYER_ASSIGNMENT (  '', '', ( #2542 ) ) ;
#1163 = FILL_AREA_STYLE_COLOUR ( '', #1664 ) ;
#1164 = CARTESIAN_POINT ( 'NONE',  ( 38.40000000000001279, 24.75000000000000355, -59.40000000000000568 ) ) ;
#1165 =( GEOMETRIC_REPRESENTATION_CONTEXT ( 3 ) GLOBAL_UNCERTAINTY_ASSIGNED_CONTEXT ( ( #1093 ) ) GLOBAL_UNIT_ASSIGNED_CONTEXT ( ( #828, #3152, #1441 ) ) REPRESENTATION_CONTEXT ( 'NONE', 'WORKASPACE' ) );
#1166 = AXIS2_PLACEMENT_3D ( 'NONE', #2041, #3261, #1012 ) ;
#1167 = EDGE_CURVE ( 'NONE', #827, #2029, #1910, .T. ) ;
#1168 = CIRCLE ( 'NONE', #1714, 5.000000000000000888 ) ;
#1169 =( LENGTH_UNIT ( ) NAMED_UNIT ( * ) SI_UNIT ( .MILLI., .METRE. ) );
#1170 = UNCERTAINTY_MEASURE_WITH_UNIT (LENGTH_MEASURE( 1.000000000000000082E-05 ), #741, 'distance_accuracy_value', 'NONE');
#1171 = COLOUR_RGB ( '',0.5999999999999999778, 0.1607843137254901800, 0.7529411764705882248 ) ;
#1172 = COLOUR_RGB ( '',0.5999999999999999778, 0.1607843137254901800, 0.7529411764705882248 ) ;
#1173 = FACE_OUTER_BOUND ( 'NONE', #2989, .T. ) ;
#1174 = UNCERTAINTY_MEASURE_WITH_UNIT (LENGTH_MEASURE( 1.000000000000000082E-05 ), #1186, 'distance_accuracy_value', 'NONE');
#1175 = AXIS2_PLACEMENT_3D ( 'NONE', #2139, #3136, #3158 ) ;
#1176 = FILL_AREA_STYLE_COLOUR ( '', #3017 ) ;
#1177 = LINE ( 'NONE', #1498, #2718 ) ;
#1178 = SURFACE_STYLE_FILL_AREA ( #343 ) ;
#1179 =( NAMED_UNIT ( * ) PLANE_ANGLE_UNIT ( ) SI_UNIT ( $, .RADIAN. ) );
#1180 = FILL_AREA_STYLE_COLOUR ( '', #221 ) ;
#1181 = CARTESIAN_POINT ( 'NONE',  ( -3.000000000000004441, -10.00000000000000000, -11.30384757729337686 ) ) ;
#1182 = SURFACE_STYLE_FILL_AREA ( #2507 ) ;
#1183 = STYLED_ITEM ( 'NONE', ( #1462 ), #356 ) ;
#1184 = CYLINDRICAL_SURFACE ( 'NONE', #650, 5.999999999999998224 ) ;
#1185 = AXIS2_PLACEMENT_3D ( 'NONE', #687, #2254, #3232 ) ;
#1186 =( LENGTH_UNIT ( ) NAMED_UNIT ( * ) SI_UNIT ( .MILLI., .METRE. ) );
#1187 = VECTOR ( 'NONE', #1505, 1000.000000000000000 ) ;
#1188 = EDGE_CURVE ( 'NONE', #2535, #2274, #1940, .T. ) ;
#1189 = DIRECTION ( 'NONE',  ( 0.000000000000000000, -0.7071067811865511255, 0.7071067811865440200 ) ) ;
#1190 = SURFACE_STYLE_FILL_AREA ( #2917 ) ;
#1191 = LINE ( 'NONE', #3015, #3134 ) ;
#1192 = DIRECTION ( 'NONE',  ( -1.000000000000000000, 0.000000000000000000, 0.000000000000000000 ) ) ;
#1193 =( NAMED_UNIT ( * ) SI_UNIT ( $, .STERADIAN. ) SOLID_ANGLE_UNIT ( ) );
#1194 =( NAMED_UNIT ( * ) PLANE_ANGLE_UNIT ( ) SI_UNIT ( $, .RADIAN. ) );
#1195 = SURFACE_STYLE_FILL_AREA ( #1458 ) ;
#1196 = CARTESIAN_POINT ( 'NONE',  ( 2.000000000000000000, 0.000000000000000000, 5.450000000000000178 ) ) ;
#1197 = DIRECTION ( 'NONE',  ( 0.000000000000000000, 1.734723475976807094E-16, -1.000000000000000000 ) ) ;
#1198 = UNCERTAINTY_MEASURE_WITH_UNIT (LENGTH_MEASURE( 1.000000000000000082E-05 ), #2308, 'distance_accuracy_value', 'NONE');
#1199 = DIRECTION ( 'NONE',  ( 0.000000000000000000, 0.000000000000000000, 1.000000000000000000 ) ) ;
#1200 = UNCERTAINTY_MEASURE_WITH_UNIT (LENGTH_MEASURE( 1.000000000000000082E-05 ), #2671, 'distance_accuracy_value', 'NONE');
#1201 = ADVANCED_FACE ( 'NONE', ( #874, #1173 ), #2740, .F. ) ;
#1202 = FILL_AREA_STYLE ('',( #408 ) ) ;
#1203 =( GEOMETRIC_REPRESENTATION_CONTEXT ( 3 ) GLOBAL_UNCERTAINTY_ASSIGNED_CONTEXT ( ( #2959 ) ) GLOBAL_UNIT_ASSIGNED_CONTEXT ( ( #2198, #910, #2948 ) ) REPRESENTATION_CONTEXT ( 'NONE', 'WORKASPACE' ) );
#1204 = SURFACE_STYLE_USAGE ( .BOTH. , #1905 ) ;
#1205 = FILL_AREA_STYLE_COLOUR ( '', #818 ) ;
#1206 = EDGE_CURVE ( 'NONE', #1506, #1506, #2488, .T. ) ;
#1207 =( NAMED_UNIT ( * ) SI_UNIT ( $, .STERADIAN. ) SOLID_ANGLE_UNIT ( ) );
#1208 = ORIENTED_EDGE ( 'NONE', *, *, #2106, .T. ) ;
#1209 = ORIENTED_EDGE ( 'NONE', *, *, #2525, .F. ) ;
#1210 = DIRECTION ( 'NONE',  ( -1.000000000000000000, 0.000000000000000000, 0.000000000000000000 ) ) ;
#1211 = MECHANICAL_DESIGN_GEOMETRIC_PRESENTATION_REPRESENTATION (  '', ( #655 ), #324 ) ;
#1212 = CARTESIAN_POINT ( 'NONE',  ( 1.999999999999997335, -10.00000000000000178, -69.40000000000001990 ) ) ;
#1213 = CARTESIAN_POINT ( 'NONE',  ( 30.20000000000000995, 3.469446951953615767E-15, -61.40000000000001279 ) ) ;
#1214 = SURFACE_STYLE_USAGE ( .BOTH. , #2768 ) ;
#1215 = MECHANICAL_DESIGN_GEOMETRIC_PRESENTATION_REPRESENTATION (  '', ( #2964 ), #2072 ) ;
#1216 = DIRECTION ( 'NONE',  ( 1.000000000000000000, -0.000000000000000000, -0.000000000000000000 ) ) ;
#1217 = VECTOR ( 'NONE', #1931, 1000.000000000000000 ) ;
#1218 = CARTESIAN_POINT ( 'NONE',  ( 0.000000000000000000, 12.75000000000000178, -5.000000000000009770 ) ) ;
#1219 = AXIS2_PLACEMENT_3D ( 'NONE', #1641, #2170, #2647 ) ;
#1220 = COLOUR_RGB ( '',0.5999999999999999778, 0.1607843137254901800, 0.7529411764705882248 ) ;
#1221 = AXIS2_PLACEMENT_3D ( 'NONE', #3269, #1023, #190 ) ;
#1222 = DIRECTION ( 'NONE',  ( 0.000000000000000000, -0.000000000000000000, -1.000000000000000000 ) ) ;
#1223 = LINE ( 'NONE', #2247, #559 ) ;
#1224 = LINE ( 'NONE', #1468, #709 ) ;
#1225 = EDGE_LOOP ( 'NONE', ( #1640, #823, #73, #1241, #3021 ) ) ;
#1226 = ADVANCED_FACE ( 'NONE', ( #2947, #1703 ), #2447, .F. ) ;
#1227 = SURFACE_STYLE_FILL_AREA ( #3006 ) ;
#1228 = EDGE_LOOP ( 'NONE', ( #815 ) ) ;
#1229 = CARTESIAN_POINT ( 'NONE',  ( 1.999999999999997335, 24.75000000000000355, -25.00000000000000711 ) ) ;
#1230 = FACE_BOUND ( 'NONE', #1249, .T. ) ;
#1231 = VERTEX_POINT ( 'NONE', #1259 ) ;
#1232 = SURFACE_STYLE_USAGE ( .BOTH. , #1685 ) ;
#1233 = CARTESIAN_POINT ( 'NONE',  ( -1.547378541243651817, -2.188323719151866964, -14.00000000000001066 ) ) ;
#1234 =( GEOMETRIC_REPRESENTATION_CONTEXT ( 3 ) GLOBAL_UNCERTAINTY_ASSIGNED_CONTEXT ( ( #1477 ) ) GLOBAL_UNIT_ASSIGNED_CONTEXT ( ( #788, #1589, #1792 ) ) REPRESENTATION_CONTEXT ( 'NONE', 'WORKASPACE' ) );
#1235 = UNCERTAINTY_MEASURE_WITH_UNIT (LENGTH_MEASURE( 1.000000000000000082E-05 ), #2583, 'distance_accuracy_value', 'NONE');
#1236 = VECTOR ( 'NONE', #3150, 1000.000000000000000 ) ;
#1237 = DIRECTION ( 'NONE',  ( 0.000000000000000000, 0.000000000000000000, -1.000000000000000000 ) ) ;
#1238 = SURFACE_STYLE_FILL_AREA ( #3016 ) ;
#1239 = SURFACE_STYLE_USAGE ( .BOTH. , #2027 ) ;
#1240 = PRESENTATION_STYLE_ASSIGNMENT (( #778 ) ) ;
#1241 = ORIENTED_EDGE ( 'NONE', *, *, #911, .F. ) ;
#1242 = ORIENTED_EDGE ( 'NONE', *, *, #2366, .F. ) ;
#1243 = SURFACE_STYLE_FILL_AREA ( #191 ) ;
#1244 = SURFACE_STYLE_USAGE ( .BOTH. , #1920 ) ;
#1245 = EDGE_CURVE ( 'NONE', #901, #273, #3033, .T. ) ;
#1246 = VERTEX_POINT ( 'NONE', #3233 ) ;
#1247 =( NAMED_UNIT ( * ) SI_UNIT ( $, .STERADIAN. ) SOLID_ANGLE_UNIT ( ) );
#1248 = FACE_BOUND ( 'NONE', #2836, .T. ) ;
#1249 = EDGE_LOOP ( 'NONE', ( #376 ) ) ;
#1250 = CARTESIAN_POINT ( 'NONE',  ( 1.397301191003598175, -5.862738539588439934, -19.86331361964647968 ) ) ;
#1251 = SURFACE_STYLE_FILL_AREA ( #959 ) ;
#1252 =( LENGTH_UNIT ( ) NAMED_UNIT ( * ) SI_UNIT ( .MILLI., .METRE. ) );
#1253 = CARTESIAN_POINT ( 'NONE',  ( 27.20000000000000639, 3.469446951953615767E-15, -69.40000000000001990 ) ) ;
#1254 = DIRECTION ( 'NONE',  ( 0.000000000000000000, 1.000000000000000000, 0.000000000000000000 ) ) ;
#1255 = ORIENTED_EDGE ( 'NONE', *, *, #1675, .F. ) ;
#1256 = CARTESIAN_POINT ( 'NONE',  ( 1.999999999999997335, 14.75000000000000355, -20.00000000000000711 ) ) ;
#1257 = LINE ( 'NONE', #205, #3246 ) ;
#1258 = SURFACE_SIDE_STYLE ('',( #785 ) ) ;
#1259 = CARTESIAN_POINT ( 'NONE',  ( 20.20000000000000284, -5.449999999999994849, -25.00000000000001066 ) ) ;
#1260 = PRESENTATION_LAYER_ASSIGNMENT (  '', '', ( #3290 ) ) ;
#1261 = EDGE_CURVE ( 'NONE', #3104, #901, #2553, .T. ) ;
#1262 = FILL_AREA_STYLE_COLOUR ( '', #2567 ) ;
#1263 = DIRECTION ( 'NONE',  ( -0.000000000000000000, -0.000000000000000000, 1.000000000000000000 ) ) ;
#1264 = EDGE_CURVE ( 'NONE', #1652, #2365, #1761, .T. ) ;
#1265 = CIRCLE ( 'NONE', #1709, 1.550000000000000266 ) ;
#1266 =( GEOMETRIC_REPRESENTATION_CONTEXT ( 3 ) GLOBAL_UNCERTAINTY_ASSIGNED_CONTEXT ( ( #2279 ) ) GLOBAL_UNIT_ASSIGNED_CONTEXT ( ( #1724, #1417, #913 ) ) REPRESENTATION_CONTEXT ( 'NONE', 'WORKASPACE' ) );
#1267 = ORIENTED_EDGE ( 'NONE', *, *, #989, .F. ) ;
#1268 = CARTESIAN_POINT ( 'NONE',  ( 15.18071187457697491, -21.46876861950505955, -20.00000000000001421 ) ) ;
#1269 = AXIS2_PLACEMENT_3D ( 'NONE', #857, #2370, #590 ) ;
#1270 = AXIS2_PLACEMENT_3D ( 'NONE', #2955, #686, #1739 ) ;
#1271 = DIRECTION ( 'NONE',  ( 1.000000000000000000, -0.000000000000000000, -0.000000000000000000 ) ) ;
#1272 = ORIENTED_EDGE ( 'NONE', *, *, #1306, .T. ) ;
#1273 = CYLINDRICAL_SURFACE ( 'NONE', #2290, 5.000000000000004441 ) ;
#1274 = COLOUR_RGB ( '',0.5999999999999999778, 0.1607843137254901800, 0.7529411764705882248 ) ;
#1275 = ORIENTED_EDGE ( 'NONE', *, *, #907, .F. ) ;
#1276 = ORIENTED_EDGE ( 'NONE', *, *, #671, .T. ) ;
#1277 = VECTOR ( 'NONE', #683, 1000.000000000000000 ) ;
#1278 = CYLINDRICAL_SURFACE ( 'NONE', #3193, 1.550000000000000266 ) ;
#1279 = CARTESIAN_POINT ( 'NONE',  ( 40.40000000000000568, 0.000000000000000000, 0.000000000000000000 ) ) ;
#1280 = FACE_OUTER_BOUND ( 'NONE', #2672, .T. ) ;
#1281 = COLOUR_RGB ( '',0.5999999999999999778, 0.1607843137254901800, 0.7529411764705882248 ) ;
#1282 = CARTESIAN_POINT ( 'NONE',  ( 2.000000000000001776, 0.000000000000000000, -10.00000000000000000 ) ) ;
#1283 =( LENGTH_UNIT ( ) NAMED_UNIT ( * ) SI_UNIT ( .MILLI., .METRE. ) );
#1284 =( NAMED_UNIT ( * ) SI_UNIT ( $, .STERADIAN. ) SOLID_ANGLE_UNIT ( ) );
#1285 = VECTOR ( 'NONE', #2026, 1000.000000000000000 ) ;
#1286 = ORIENTED_EDGE ( 'NONE', *, *, #2250, .F. ) ;
#1287 = EDGE_CURVE ( 'NONE', #1529, #2688, #3278, .T. ) ;
#1288 = APPLICATION_CONTEXT ( 'automotive_design' ) ;
#1289 = DIRECTION ( 'NONE',  ( -0.000000000000000000, -0.000000000000000000, -1.000000000000000000 ) ) ;
#1290 = MECHANICAL_DESIGN_GEOMETRIC_PRESENTATION_REPRESENTATION (  '', ( #1732 ), #2145 ) ;
#1291 = PLANE ( 'NONE',  #1048 ) ;
#1292 = DIRECTION ( 'NONE',  ( 1.000000000000000000, 0.000000000000000000, 0.000000000000000000 ) ) ;
#1293 = EDGE_LOOP ( 'NONE', ( #2900, #2803, #2626 ) ) ;
#1294 = ORIENTED_EDGE ( 'NONE', *, *, #1018, .F. ) ;
#1295 = FILL_AREA_STYLE_COLOUR ( '', #1381 ) ;
#1296 = FACE_OUTER_BOUND ( 'NONE', #2503, .T. ) ;
#1297 = CARTESIAN_POINT ( 'NONE',  ( -2.001881908412546557E-15, -9.646446609406723383, -17.00000000000001421 ) ) ;
#1298 = DIRECTION ( 'NONE',  ( 1.000000000000000000, -0.000000000000000000, 0.000000000000000000 ) ) ;
#1299 = DIRECTION ( 'NONE',  ( 0.000000000000000000, -0.8829475928589261002, 0.4694715627858924711 ) ) ;
#1300 = DIRECTION ( 'NONE',  ( 0.000000000000000000, 0.000000000000000000, -1.000000000000000000 ) ) ;
#1301 = VERTEX_POINT ( 'NONE', #728 ) ;
#1302 = CARTESIAN_POINT ( 'NONE',  ( -2.444946273502245582, -6.090093606485525335, -19.44494627350218607 ) ) ;
#1303 =( NAMED_UNIT ( * ) PLANE_ANGLE_UNIT ( ) SI_UNIT ( $, .RADIAN. ) );
#1304 = UNCERTAINTY_MEASURE_WITH_UNIT (LENGTH_MEASURE( 1.000000000000000082E-05 ), #2350, 'distance_accuracy_value', 'NONE');
#1305 = DIRECTION ( 'NONE',  ( -0.000000000000000000, 1.000000000000000000, 1.734723475976807094E-16 ) ) ;
#1306 = EDGE_CURVE ( 'NONE', #1713, #1713, #2862, .T. ) ;
#1307 = SURFACE_STYLE_FILL_AREA ( #258 ) ;
#1308 = SURFACE_STYLE_FILL_AREA ( #260 ) ;
#1309 = ORIENTED_EDGE ( 'NONE', *, *, #3310, .F. ) ;
#1310 = MANIFOLD_SOLID_BREP ( 'Fillet11', #2446 ) ;
#1311 = VERTEX_POINT ( 'NONE', #2056 ) ;
#1312 = EDGE_CURVE ( 'NONE', #1998, #1998, #227, .T. ) ;
#1313 = FACE_BOUND ( 'NONE', #544, .T. ) ;
#1314 = DIRECTION ( 'NONE',  ( 0.000000000000000000, -0.7071067811865440200, -0.7071067811865510144 ) ) ;
#1315 = DIRECTION ( 'NONE',  ( 0.000000000000000000, 0.000000000000000000, -1.000000000000000000 ) ) ;
#1316 = SURFACE_STYLE_USAGE ( .BOTH. , #251 ) ;
#1317 = DIRECTION ( 'NONE',  ( -1.000000000000000000, 0.000000000000000000, 0.000000000000000000 ) ) ;
#1318 = ORIENTED_EDGE ( 'NONE', *, *, #2062, .T. ) ;
#1319 = CARTESIAN_POINT ( 'NONE',  ( -3.000000000000002665, 9.999999999999992895, -2.250000000000033307 ) ) ;
#1320 =( LENGTH_UNIT ( ) NAMED_UNIT ( * ) SI_UNIT ( .MILLI., .METRE. ) );
#1321 = ORIENTED_EDGE ( 'NONE', *, *, #3286, .T. ) ;
#1322 = MECHANICAL_DESIGN_GEOMETRIC_PRESENTATION_REPRESENTATION (  '', ( #3020 ), #2433 ) ;
#1323 = EDGE_LOOP ( 'NONE', ( #1456 ) ) ;
#1324 = STYLED_ITEM ( 'NONE', ( #614 ), #3289 ) ;
#1325 = CARTESIAN_POINT ( 'NONE',  ( 41.48448017119206099, -8.542267028118464722, -18.08448017119347639 ) ) ;
#1326 = APPLICATION_PROTOCOL_DEFINITION ( 'draft international standard', 'automotive_design', 1998, #1288 ) ;
#1327 = ADVANCED_FACE ( 'NONE', ( #2752, #757 ), #437, .F. ) ;
#1328 = STYLED_ITEM ( 'NONE', ( #2467 ), #2649 ) ;
#1329 = AXIS2_PLACEMENT_3D ( 'NONE', #3000, #2709, #958 ) ;
#1330 = ORIENTED_EDGE ( 'NONE', *, *, #374, .F. ) ;
#1331 =( NAMED_UNIT ( * ) PLANE_ANGLE_UNIT ( ) SI_UNIT ( $, .RADIAN. ) );
#1332 = DIRECTION ( 'NONE',  ( 0.000000000000000000, -0.000000000000000000, 1.000000000000000000 ) ) ;
#1333 = CIRCLE ( 'NONE', #3206, 3.550000000000000711 ) ;
#1334 = UNCERTAINTY_MEASURE_WITH_UNIT (LENGTH_MEASURE( 1.000000000000000082E-05 ), #2476, 'distance_accuracy_value', 'NONE');
#1335 = AXIS2_PLACEMENT_3D ( 'NONE', #2590, #2873, #321 ) ;
#1336 = CARTESIAN_POINT ( 'NONE',  ( 38.90000000000000568, 10.24999999999999467, -19.97493718553310771 ) ) ;
#1337 = FACE_OUTER_BOUND ( 'NONE', #415, .T. ) ;
#1338 = PRESENTATION_LAYER_ASSIGNMENT (  '', '', ( #508 ) ) ;
#1339 = EDGE_LOOP ( 'NONE', ( #1617 ) ) ;
#1340 = ORIENTED_EDGE ( 'NONE', *, *, #294, .F. ) ;
#1341 = AXIS2_PLACEMENT_3D ( 'NONE', #100, #2116, #60 ) ;
#1342 =( NAMED_UNIT ( * ) SI_UNIT ( $, .STERADIAN. ) SOLID_ANGLE_UNIT ( ) );
#1343 = CARTESIAN_POINT ( 'NONE',  ( 40.26477344011605908, -9.381260824205456927, -17.87240046380481928 ) ) ;
#1344 = FILL_AREA_STYLE_COLOUR ( '', #383 ) ;
#1345 = VECTOR ( 'NONE', #173, 1000.000000000000000 ) ;
#1346 = ORIENTED_EDGE ( 'NONE', *, *, #1707, .T. ) ;
#1347 = CARTESIAN_POINT ( 'NONE',  ( 40.40000000000000568, 12.75000000000000178, -5.000000000000009770 ) ) ;
#1348 = ADVANCED_FACE ( 'NONE', ( #2368 ), #1092, .T. ) ;
#1349 = EDGE_LOOP ( 'NONE', ( #1877, #568, #2379, #98 ) ) ;
#1350 = SURFACE_SIDE_STYLE ('',( #2674 ) ) ;
#1351 = FACE_BOUND ( 'NONE', #2360, .T. ) ;
#1352 = CARTESIAN_POINT ( 'NONE',  ( 31.40000000000001279, -10.00000000000000000, -20.00000000000001066 ) ) ;
#1353 = CARTESIAN_POINT ( 'NONE',  ( 27.20000000000000639, 4.336808689942019314E-15, -25.00000000000001066 ) ) ;
#1354 = CARTESIAN_POINT ( 'NONE',  ( -3.000000000000002665, 14.75000000000000355, -59.40000000000000568 ) ) ;
#1355 = EDGE_LOOP ( 'NONE', ( #1895 ) ) ;
#1356 = ORIENTED_EDGE ( 'NONE', *, *, #457, .F. ) ;
#1357 = CIRCLE ( 'NONE', #2069, 5.000000000000004441 ) ;
#1358 = SURFACE_STYLE_FILL_AREA ( #3094 ) ;
#1359 = EDGE_LOOP ( 'NONE', ( #246 ) ) ;
#1360 = CARTESIAN_POINT ( 'NONE',  ( 42.33435305236076118, -8.230547688724531241, -16.48393399032250173 ) ) ;
#1361 = LINE ( 'NONE', #2686, #3080 ) ;
#1362 = DIRECTION ( 'NONE',  ( -1.000000000000000000, 0.000000000000000000, 0.000000000000000000 ) ) ;
#1363 = FILL_AREA_STYLE ('',( #2167 ) ) ;
#1364 = EDGE_LOOP ( 'NONE', ( #1808 ) ) ;
#1365 = CARTESIAN_POINT ( 'NONE',  ( 20.20000000000000284, -1.214306433183765124E-14, 70.00000000000000000 ) ) ;
#1366 = EDGE_CURVE ( 'NONE', #1857, #2535, #1118, .T. ) ;
#1367 = DIRECTION ( 'NONE',  ( 0.000000000000000000, -0.000000000000000000, 1.000000000000000000 ) ) ;
#1368 = LINE ( 'NONE', #3188, #3315 ) ;
#1369 = DIRECTION ( 'NONE',  ( 0.000000000000000000, 0.000000000000000000, -1.000000000000000000 ) ) ;
#1370 = UNCERTAINTY_MEASURE_WITH_UNIT (LENGTH_MEASURE( 1.000000000000000082E-05 ), #1485, 'distance_accuracy_value', 'NONE');
#1371 = EDGE_CURVE ( 'NONE', #3009, #3009, #826, .T. ) ;
#1372 = SURFACE_STYLE_FILL_AREA ( #33 ) ;
#1373 =( LENGTH_UNIT ( ) NAMED_UNIT ( * ) SI_UNIT ( .MILLI., .METRE. ) );
#1374 = ORIENTED_EDGE ( 'NONE', *, *, #2702, .T. ) ;
#1375 = DIRECTION ( 'NONE',  ( -1.000000000000000000, 0.000000000000000000, 0.000000000000000000 ) ) ;
#1376 = ORIENTED_EDGE ( 'NONE', *, *, #2150, .T. ) ;
#1377 = ORIENTED_EDGE ( 'NONE', *, *, #1055, .F. ) ;
#1378 = FACE_BOUND ( 'NONE', #2790, .T. ) ;
#1379 = ORIENTED_EDGE ( 'NONE', *, *, #771, .T. ) ;
#1380 =( GEOMETRIC_REPRESENTATION_CONTEXT ( 3 ) GLOBAL_UNCERTAINTY_ASSIGNED_CONTEXT ( ( #2634 ) ) GLOBAL_UNIT_ASSIGNED_CONTEXT ( ( #819, #41, #2612 ) ) REPRESENTATION_CONTEXT ( 'NONE', 'WORKASPACE' ) );
#1381 = COLOUR_RGB ( '',0.5999999999999999778, 0.1607843137254901800, 0.7529411764705882248 ) ;
#1382 = STYLED_ITEM ( 'NONE', ( #1682 ), #2573 ) ;
#1383 = ORIENTED_EDGE ( 'NONE', *, *, #2891, .F. ) ;
#1384 = DIRECTION ( 'NONE',  ( 1.000000000000000000, 0.000000000000000000, 0.000000000000000000 ) ) ;
#1385 = AXIS2_PLACEMENT_3D ( 'NONE', #1815, #2284, #3314 ) ;
#1386 = AXIS2_PLACEMENT_3D ( 'NONE', #2510, #86, #2762 ) ;
#1387 = EDGE_LOOP ( 'NONE', ( #1242, #2186, #3126, #2624 ) ) ;
#1388 = COLOUR_RGB ( '',0.5999999999999999778, 0.1607843137254901800, 0.7529411764705882248 ) ;
#1389 = FILL_AREA_STYLE ('',( #1163 ) ) ;
#1390 =( LENGTH_UNIT ( ) NAMED_UNIT ( * ) SI_UNIT ( .MILLI., .METRE. ) );
#1391 = VECTOR ( 'NONE', #2883, 1000.000000000000000 ) ;
#1392 = CARTESIAN_POINT ( 'NONE',  ( 43.40000000000000568, 33.00000000000000000, -69.40000000000001990 ) ) ;
#1393 = DIRECTION ( 'NONE',  ( -1.000000000000000000, 0.000000000000000000, 0.000000000000000000 ) ) ;
#1394 = CYLINDRICAL_SURFACE ( 'NONE', #11, 1.550000000000000266 ) ;
#1395 = EDGE_CURVE ( 'NONE', #292, #2623, #3031, .T. ) ;
#1396 = EDGE_LOOP ( 'NONE', ( #2578 ) ) ;
#1397 = EDGE_LOOP ( 'NONE', ( #1914, #3019, #522, #2941, #668, #322 ) ) ;
#1398 = DIRECTION ( 'NONE',  ( 1.000000000000000000, 0.000000000000000000, 0.000000000000000000 ) ) ;
#1399 = ORIENTED_EDGE ( 'NONE', *, *, #562, .F. ) ;
#1400 = PRESENTATION_LAYER_ASSIGNMENT (  '', '', ( #2449 ) ) ;
#1401 =( NAMED_UNIT ( * ) PLANE_ANGLE_UNIT ( ) SI_UNIT ( $, .RADIAN. ) );
#1402 = CYLINDRICAL_SURFACE ( 'NONE', #2655, 4.999999999999999112 ) ;
#1403 = VECTOR ( 'NONE', #210, 1000.000000000000000 ) ;
#1404 = VERTEX_POINT ( 'NONE', #316 ) ;
#1405 = DIRECTION ( 'NONE',  ( 0.000000000000000000, 2.602085213965210642E-16, -1.000000000000000000 ) ) ;
#1406 =( NAMED_UNIT ( * ) PLANE_ANGLE_UNIT ( ) SI_UNIT ( $, .RADIAN. ) );
#1407 = CIRCLE ( 'NONE', #87, 10.00000000000000000 ) ;
#1408 = ORIENTED_EDGE ( 'NONE', *, *, #127, .F. ) ;
#1409 = FILL_AREA_STYLE_COLOUR ( '', #2025 ) ;
#1410 =( NAMED_UNIT ( * ) PLANE_ANGLE_UNIT ( ) SI_UNIT ( $, .RADIAN. ) );
#1411 = UNCERTAINTY_MEASURE_WITH_UNIT (LENGTH_MEASURE( 1.000000000000000082E-05 ), #832, 'distance_accuracy_value', 'NONE');
#1412 = FACE_OUTER_BOUND ( 'NONE', #2388, .T. ) ;
#1413 =( NAMED_UNIT ( * ) SI_UNIT ( $, .STERADIAN. ) SOLID_ANGLE_UNIT ( ) );
#1414 = CARTESIAN_POINT ( 'NONE',  ( -3.000000000000002665, 0.000000000000000000, -1.734723475976807094E-15 ) ) ;
#1415 = ADVANCED_FACE ( 'NONE', ( #1836, #2137 ), #2842, .F. ) ;
#1416 = CARTESIAN_POINT ( 'NONE',  ( 0.000000000000000000, 23.74999999999999645, -5.000000000000009770 ) ) ;
#1417 =( NAMED_UNIT ( * ) PLANE_ANGLE_UNIT ( ) SI_UNIT ( $, .RADIAN. ) );
#1418 = ADVANCED_FACE ( 'NONE', ( #906, #1937, #1230, #1670, #701, #1151 ), #588, .T. ) ;
#1419 = SURFACE_STYLE_USAGE ( .BOTH. , #2215 ) ;
#1420 = ORIENTED_EDGE ( 'NONE', *, *, #2044, .T. ) ;
#1421 = DIRECTION ( 'NONE',  ( 0.000000000000000000, 0.5773502691896258421, -0.8164965809277261455 ) ) ;
#1422 = FACE_OUTER_BOUND ( 'NONE', #2400, .T. ) ;
#1423 = STYLED_ITEM ( 'NONE', ( #2171 ), #1982 ) ;
#1424 = DIRECTION ( 'NONE',  ( 0.5773502691896255090, -0.8164965809277262565, 0.000000000000000000 ) ) ;
#1425 = SURFACE_STYLE_USAGE ( .BOTH. , #2652 ) ;
#1426 =( NAMED_UNIT ( * ) SI_UNIT ( $, .STERADIAN. ) SOLID_ANGLE_UNIT ( ) );
#1427 = CYLINDRICAL_SURFACE ( 'NONE', #2920, 3.550000000000000711 ) ;
#1428 = CARTESIAN_POINT ( 'NONE',  ( 20.20000000000000284, 7.000000000000003553, -61.40000000000001279 ) ) ;
#1429 = PRESENTATION_STYLE_ASSIGNMENT (( #1691 ) ) ;
#1430 = FILL_AREA_STYLE_COLOUR ( '', #2615 ) ;
#1431 = PRESENTATION_STYLE_ASSIGNMENT (( #2952 ) ) ;
#1432 = STYLED_ITEM ( 'NONE', ( #1429 ), #1941 ) ;
#1433 = DIRECTION ( 'NONE',  ( -1.000000000000000000, 0.000000000000000000, 0.000000000000000000 ) ) ;
#1434 = AXIS2_PLACEMENT_3D ( 'NONE', #845, #1129, #619 ) ;
#1435 = AXIS2_PLACEMENT_3D ( 'NONE', #2121, #2605, #2094 ) ;
#1436 = VERTEX_POINT ( 'NONE', #367 ) ;
#1437 = DIRECTION ( 'NONE',  ( -0.000000000000000000, 1.000000000000000000, -0.000000000000000000 ) ) ;
#1438 = DIRECTION ( 'NONE',  ( -8.673617379884027583E-16, 0.000000000000000000, 1.000000000000000000 ) ) ;
#1439 = ADVANCED_FACE ( 'NONE', ( #967, #1997 ), #2708, .F. ) ;
#1440 = MECHANICAL_DESIGN_GEOMETRIC_PRESENTATION_REPRESENTATION (  '', ( #492 ), #713 ) ;
#1441 =( NAMED_UNIT ( * ) SI_UNIT ( $, .STERADIAN. ) SOLID_ANGLE_UNIT ( ) );
#1442 = DIRECTION ( 'NONE',  ( 0.000000000000000000, -0.4694715627858924711, -0.8829475928589261002 ) ) ;
#1443 = PLANE ( 'NONE',  #3215 ) ;
#1444 = MECHANICAL_DESIGN_GEOMETRIC_PRESENTATION_REPRESENTATION (  '', ( #1763 ), #1665 ) ;
#1445 = COLOUR_RGB ( '',0.5999999999999999778, 0.1607843137254901800, 0.7529411764705882248 ) ;
#1446 =( NAMED_UNIT ( * ) SI_UNIT ( $, .STERADIAN. ) SOLID_ANGLE_UNIT ( ) );
#1447 = VECTOR ( 'NONE', #2149, 1000.000000000000000 ) ;
#1448 = COLOUR_RGB ( '',0.5999999999999999778, 0.1607843137254901800, 0.7529411764705882248 ) ;
#1449 = DIRECTION ( 'NONE',  ( 0.000000000000000000, 0.000000000000000000, 1.000000000000000000 ) ) ;
#1450 = UNCERTAINTY_MEASURE_WITH_UNIT (LENGTH_MEASURE( 1.000000000000000082E-05 ), #1283, 'distance_accuracy_value', 'NONE');
#1451 = CARTESIAN_POINT ( 'NONE',  ( 43.40000000000000568, 10.00000000000000000, -2.250000000000035083 ) ) ;
#1452 = DIRECTION ( 'NONE',  ( 0.000000000000000000, -1.000000000000000000, 0.000000000000000000 ) ) ;
#1453 = AXIS2_PLACEMENT_3D ( 'NONE', #2272, #1299, #1572 ) ;
#1454 = DIRECTION ( 'NONE',  ( 0.000000000000000000, 1.000000000000000000, 1.734723475976807094E-16 ) ) ;
#1455 = DIRECTION ( 'NONE',  ( 1.000000000000000000, -0.000000000000000000, 0.000000000000000000 ) ) ;
#1456 = ORIENTED_EDGE ( 'NONE', *, *, #2979, .T. ) ;
#1457 = DIRECTION ( 'NONE',  ( 0.000000000000000000, 2.602085213965210642E-16, -1.000000000000000000 ) ) ;
#1458 = FILL_AREA_STYLE ('',( #125 ) ) ;
#1459 = VERTEX_POINT ( 'NONE', #2489 ) ;
#1460 = ADVANCED_FACE ( 'NONE', ( #752, #1531 ), #7, .F. ) ;
#1461 = MECHANICAL_DESIGN_GEOMETRIC_PRESENTATION_REPRESENTATION (  '', ( #2039 ), #2830 ) ;
#1462 = PRESENTATION_STYLE_ASSIGNMENT (( #691 ) ) ;
#1463 = COLOUR_RGB ( '',0.5999999999999999778, 0.1607843137254901800, 0.7529411764705882248 ) ;
#1464 = LINE ( 'NONE', #2962, #1668 ) ;
#1465 = ADVANCED_FACE ( 'NONE', ( #2562 ), #248, .F. ) ;
#1466 = FACE_OUTER_BOUND ( 'NONE', #2127, .T. ) ;
#1467 = FILL_AREA_STYLE_COLOUR ( '', #1677 ) ;
#1468 = CARTESIAN_POINT ( 'NONE',  ( 38.90000000000000568, 10.24999999999999467, -25.00000000000000711 ) ) ;
#1469 =( NAMED_UNIT ( * ) PLANE_ANGLE_UNIT ( ) SI_UNIT ( $, .RADIAN. ) );
#1470 = ORIENTED_EDGE ( 'NONE', *, *, #2421, .F. ) ;
#1471 = ORIENTED_EDGE ( 'NONE', *, *, #1921, .T. ) ;
#1472 = CARTESIAN_POINT ( 'NONE',  ( 20.20000000000000284, -6.999999999999997335, -15.00000000000000000 ) ) ;
#1473 = SURFACE_STYLE_USAGE ( .BOTH. , #3270 ) ;
#1474 = CARTESIAN_POINT ( 'NONE',  ( 11.65000000000000213, 3.469446951953615767E-15, -69.40000000000001990 ) ) ;
#1475 = FILL_AREA_STYLE_COLOUR ( '', #511 ) ;
#1476 = EDGE_CURVE ( 'NONE', #172, #1519, #230, .T. ) ;
#1477 = UNCERTAINTY_MEASURE_WITH_UNIT (LENGTH_MEASURE( 1.000000000000000082E-05 ), #788, 'distance_accuracy_value', 'NONE');
#1478 = EDGE_CURVE ( 'NONE', #2581, #307, #2795, .T. ) ;
#1479 = SURFACE_STYLE_FILL_AREA ( #1202 ) ;
#1480 =( NAMED_UNIT ( * ) SI_UNIT ( $, .STERADIAN. ) SOLID_ANGLE_UNIT ( ) );
#1481 = SURFACE_SIDE_STYLE ('',( #2213 ) ) ;
#1482 = PRESENTATION_STYLE_ASSIGNMENT (( #914 ) ) ;
#1483 = VERTEX_POINT ( 'NONE', #1522 ) ;
#1484 = STYLED_ITEM ( 'NONE', ( #220 ), #1733 ) ;
#1485 =( LENGTH_UNIT ( ) NAMED_UNIT ( * ) SI_UNIT ( .MILLI., .METRE. ) );
#1486 = ORIENTED_EDGE ( 'NONE', *, *, #1622, .F. ) ;
#1487 = DIRECTION ( 'NONE',  ( 0.000000000000000000, 1.000000000000000000, 0.000000000000000000 ) ) ;
#1488 = MECHANICAL_DESIGN_GEOMETRIC_PRESENTATION_REPRESENTATION (  '', ( #3290 ), #1753 ) ;
#1489 = FACE_OUTER_BOUND ( 'NONE', #1339, .T. ) ;
#1490 = VERTEX_POINT ( 'NONE', #2957 ) ;
#1491 = DIRECTION ( 'NONE',  ( 0.000000000000000000, -1.000000000000000000, 0.000000000000000000 ) ) ;
#1492 = CARTESIAN_POINT ( 'NONE',  ( -3.000000000000002665, -4.696699141100891595, -15.00000000000001066 ) ) ;
#1493 = VECTOR ( 'NONE', #2533, 1000.000000000000000 ) ;
#1494 = ORIENTED_EDGE ( 'NONE', *, *, #2003, .T. ) ;
#1495 = AXIS2_PLACEMENT_3D ( 'NONE', #1614, #2898, #304 ) ;
#1496 = AXIS2_PLACEMENT_3D ( 'NONE', #2925, #1421, #622 ) ;
#1497 =( NAMED_UNIT ( * ) SI_UNIT ( $, .STERADIAN. ) SOLID_ANGLE_UNIT ( ) );
#1498 = CARTESIAN_POINT ( 'NONE',  ( 26.90000000000000213, 3.469446951953615767E-15, -20.00000000000001066 ) ) ;
#1499 = ADVANCED_FACE ( 'NONE', ( #1280, #1774 ), #477, .F. ) ;
#1500 = VECTOR ( 'NONE', #131, 1000.000000000000000 ) ;
#1501 = SURFACE_STYLE_USAGE ( .BOTH. , #1767 ) ;
#1502 = CARTESIAN_POINT ( 'NONE',  ( 43.40000000000000568, -10.00000000000000000, 9.999999999999998224 ) ) ;
#1503 = ORIENTED_EDGE ( 'NONE', *, *, #2653, .F. ) ;
#1504 = EDGE_LOOP ( 'NONE', ( #780 ) ) ;
#1505 = DIRECTION ( 'NONE',  ( 0.000000000000000000, -1.000000000000000000, 0.000000000000000000 ) ) ;
#1506 = VERTEX_POINT ( 'NONE', #951 ) ;
#1507 =( GEOMETRIC_REPRESENTATION_CONTEXT ( 3 ) GLOBAL_UNCERTAINTY_ASSIGNED_CONTEXT ( ( #1026 ) ) GLOBAL_UNIT_ASSIGNED_CONTEXT ( ( #1963, #1194, #3164 ) ) REPRESENTATION_CONTEXT ( 'NONE', 'WORKASPACE' ) );
#1508 = FILL_AREA_STYLE ('',( #955 ) ) ;
#1509 = MECHANICAL_DESIGN_GEOMETRIC_PRESENTATION_REPRESENTATION (  '', ( #2449 ), #779 ) ;
#1510 = AXIS2_PLACEMENT_3D ( 'NONE', #2292, #1317, #1025 ) ;
#1511 = DIRECTION ( 'NONE',  ( -1.000000000000000000, 0.000000000000000000, 0.000000000000000000 ) ) ;
#1512 = PRESENTATION_STYLE_ASSIGNMENT (( #1540 ) ) ;
#1513 = UNCERTAINTY_MEASURE_WITH_UNIT (LENGTH_MEASURE( 1.000000000000000082E-05 ), #2539, 'distance_accuracy_value', 'NONE');
#1514 = AXIS2_PLACEMENT_3D ( 'NONE', #1625, #1893, #1605 ) ;
#1515 = FACE_OUTER_BOUND ( 'NONE', #2845, .T. ) ;
#1516 = FILL_AREA_STYLE ('',( #3055 ) ) ;
#1517 = ORIENTED_EDGE ( 'NONE', *, *, #2894, .F. ) ;
#1518 = AXIS2_PLACEMENT_3D ( 'NONE', #541, #2413, #99 ) ;
#1519 = VERTEX_POINT ( 'NONE', #1075 ) ;
#1520 = EDGE_CURVE ( 'NONE', #1246, #1246, #705, .T. ) ;
#1521 = PRESENTATION_STYLE_ASSIGNMENT (( #2559 ) ) ;
#1522 = CARTESIAN_POINT ( 'NONE',  ( 26.90000000000000213, 16.74999999999999289, -20.41742430504416106 ) ) ;
#1523 = CARTESIAN_POINT ( 'NONE',  ( 43.40000000000000568, 0.000000000000000000, -8.550000000000000711 ) ) ;
#1524 = EDGE_CURVE ( 'NONE', #2535, #2903, #1361, .T. ) ;
#1525 = LINE ( 'NONE', #2336, #500 ) ;
#1526 = FILL_AREA_STYLE_COLOUR ( '', #2342 ) ;
#1527 =( NAMED_UNIT ( * ) SI_UNIT ( $, .STERADIAN. ) SOLID_ANGLE_UNIT ( ) );
#1528 = ORIENTED_EDGE ( 'NONE', *, *, #863, .T. ) ;
#1529 = VERTEX_POINT ( 'NONE', #3167 ) ;
#1530 = DIRECTION ( 'NONE',  ( -0.000000000000000000, -1.000000000000000000, -1.734723475976807094E-16 ) ) ;
#1531 = FACE_OUTER_BOUND ( 'NONE', #261, .T. ) ;
#1532 = COLOUR_RGB ( '',0.5999999999999999778, 0.1607843137254901800, 0.7529411764705882248 ) ;
#1533 = DIRECTION ( 'NONE',  ( 0.000000000000000000, 0.000000000000000000, 1.000000000000000000 ) ) ;
#1534 = VERTEX_POINT ( 'NONE', #2099 ) ;
#1535 = LINE ( 'NONE', #1834, #627 ) ;
#1536 = EDGE_CURVE ( 'NONE', #307, #2639, #560, .T. ) ;
#1537 = CARTESIAN_POINT ( 'NONE',  ( -2.877062179127863217, -5.096576180348314722, -19.87706217912786144 ) ) ;
#1538 = AXIS2_PLACEMENT_3D ( 'NONE', #1879, #2161, #598 ) ;
#1539 = PRESENTATION_LAYER_ASSIGNMENT (  '', '', ( #2964 ) ) ;
#1540 = SURFACE_STYLE_USAGE ( .BOTH. , #1989 ) ;
#1541 = MECHANICAL_DESIGN_GEOMETRIC_PRESENTATION_REPRESENTATION (  '', ( #2183 ), #661 ) ;
#1542 = CIRCLE ( 'NONE', #2547, 10.00000000000000533 ) ;
#1543 = PRESENTATION_LAYER_ASSIGNMENT (  '', '', ( #120 ) ) ;
#1544 =( GEOMETRIC_REPRESENTATION_CONTEXT ( 3 ) GLOBAL_UNCERTAINTY_ASSIGNED_CONTEXT ( ( #1198 ) ) GLOBAL_UNIT_ASSIGNED_CONTEXT ( ( #2308, #2508, #449 ) ) REPRESENTATION_CONTEXT ( 'NONE', 'WORKASPACE' ) );
#1545 = DIRECTION ( 'NONE',  ( 0.000000000000000000, 0.000000000000000000, 1.000000000000000000 ) ) ;
#1546 = VERTEX_POINT ( 'NONE', #800 ) ;
#1547 = EDGE_LOOP ( 'NONE', ( #344, #2129, #61, #1399 ) ) ;
#1548 = SURFACE_STYLE_FILL_AREA ( #2251 ) ;
#1549 = DIRECTION ( 'NONE',  ( -0.000000000000000000, -3.469446951953614682E-16, 1.000000000000000000 ) ) ;
#1550 = CARTESIAN_POINT ( 'NONE',  ( 26.90000000000000213, 10.24999999999999467, -25.00000000000000711 ) ) ;
#1551 = CARTESIAN_POINT ( 'NONE',  ( 0.000000000000000000, 14.75000000000000355, -25.00000000000000711 ) ) ;
#1552 = MECHANICAL_DESIGN_GEOMETRIC_PRESENTATION_REPRESENTATION (  '', ( #491 ), #2134 ) ;
#1553 =( GEOMETRIC_REPRESENTATION_CONTEXT ( 3 ) GLOBAL_UNCERTAINTY_ASSIGNED_CONTEXT ( ( #1717 ) ) GLOBAL_UNIT_ASSIGNED_CONTEXT ( ( #804, #1850, #350 ) ) REPRESENTATION_CONTEXT ( 'NONE', 'WORKASPACE' ) );
#1554 = VERTEX_POINT ( 'NONE', #1282 ) ;
#1555 = CARTESIAN_POINT ( 'NONE',  ( 0.000000000000000000, 10.00000000000000000, -1.734723475976807094E-15 ) ) ;
#1556 = SURFACE_STYLE_FILL_AREA ( #466 ) ;
#1557 = ORIENTED_EDGE ( 'NONE', *, *, #1768, .T. ) ;
#1558 = EDGE_CURVE ( 'NONE', #1828, #1148, #2668, .T. ) ;
#1559 = CARTESIAN_POINT ( 'NONE',  ( -2.457951793052532530, -7.013100451082208586, -16.13486816319457162 ) ) ;
#1560 = VECTOR ( 'NONE', #805, 1000.000000000000000 ) ;
#1561 = FILL_AREA_STYLE ('',( #2618 ) ) ;
#1562 =( GEOMETRIC_REPRESENTATION_CONTEXT ( 3 ) GLOBAL_UNCERTAINTY_ASSIGNED_CONTEXT ( ( #2572 ) ) GLOBAL_UNIT_ASSIGNED_CONTEXT ( ( #1700, #2492, #2982 ) ) REPRESENTATION_CONTEXT ( 'NONE', 'WORKASPACE' ) );
#1563 = ADVANCED_FACE ( 'NONE', ( #2362, #1679, #2113, #59, #1844, #580 ), #361, .T. ) ;
#1564 = CARTESIAN_POINT ( 'NONE',  ( 38.40000000000000568, -7.000000000000000000, 0.000000000000000000 ) ) ;
#1565 = STYLED_ITEM ( 'NONE', ( #1034 ), #689 ) ;
#1566 = FACE_OUTER_BOUND ( 'NONE', #1387, .T. ) ;
#1567 = SURFACE_SIDE_STYLE ('',( #1019 ) ) ;
#1568 = ORIENTED_EDGE ( 'NONE', *, *, #2843, .F. ) ;
#1569 = ORIENTED_EDGE ( 'NONE', *, *, #1395, .F. ) ;
#1570 = DIRECTION ( 'NONE',  ( 0.000000000000000000, 1.000000000000000000, 0.000000000000000000 ) ) ;
#1571 =( NAMED_UNIT ( * ) SI_UNIT ( $, .STERADIAN. ) SOLID_ANGLE_UNIT ( ) );
#1572 = DIRECTION ( 'NONE',  ( -1.000000000000000000, 0.000000000000000000, 0.000000000000000000 ) ) ;
#1573 = CARTESIAN_POINT ( 'NONE',  ( -5.782411586589309321E-16, 16.74999999999998579, -20.41742430504416106 ) ) ;
#1574 = ORIENTED_EDGE ( 'NONE', *, *, #651, .T. ) ;
#1575 = CARTESIAN_POINT ( 'NONE',  ( -3.000000000000002665, -4.696699141100895147, -15.00000000000001243 ) ) ;
#1576 = CARTESIAN_POINT ( 'NONE',  ( -0.8570226039551355202, -9.040440114519897818, -17.00000000000001421 ) ) ;
#1577 = ADVANCED_FACE ( 'NONE', ( #3182 ), #1402, .T. ) ;
#1578 = FACE_OUTER_BOUND ( 'NONE', #501, .T. ) ;
#1579 = CARTESIAN_POINT ( 'NONE',  ( 43.40000000000000568, 25.49999999999996803, -5.000000000000009770 ) ) ;
#1580 = EDGE_CURVE ( 'NONE', #2623, #342, #166, .T. ) ;
#1581 = CARTESIAN_POINT ( 'NONE',  ( 43.40000000000000568, 10.00000000000000000, -1.734723475976807094E-15 ) ) ;
#1582 = ORIENTED_EDGE ( 'NONE', *, *, #704, .T. ) ;
#1583 = ORIENTED_EDGE ( 'NONE', *, *, #2270, .T. ) ;
#1584 = CYLINDRICAL_SURFACE ( 'NONE', #126, 1.550000000000000933 ) ;
#1585 = PRESENTATION_STYLE_ASSIGNMENT (( #1102 ) ) ;
#1586 = COLOUR_RGB ( '',0.5999999999999999778, 0.1607843137254901800, 0.7529411764705882248 ) ;
#1587 = SURFACE_SIDE_STYLE ('',( #985 ) ) ;
#1588 = DIRECTION ( 'NONE',  ( 1.000000000000000000, -0.000000000000000000, -0.000000000000000000 ) ) ;
#1589 =( NAMED_UNIT ( * ) PLANE_ANGLE_UNIT ( ) SI_UNIT ( $, .RADIAN. ) );
#1590 = ORIENTED_EDGE ( 'NONE', *, *, #1762, .F. ) ;
#1591 = FILL_AREA_STYLE_COLOUR ( '', #2343 ) ;
#1592 = COLOUR_RGB ( '',0.5999999999999999778, 0.1607843137254901800, 0.7529411764705882248 ) ;
#1593 = MECHANICAL_DESIGN_GEOMETRIC_PRESENTATION_REPRESENTATION (  '', ( #938 ), #1157 ) ;
#1594 =( NAMED_UNIT ( * ) PLANE_ANGLE_UNIT ( ) SI_UNIT ( $, .RADIAN. ) );
#1595 = FILL_AREA_STYLE_COLOUR ( '', #2332 ) ;
#1596 = EDGE_LOOP ( 'NONE', ( #2300, #12, #1726 ) ) ;
#1597 = AXIS2_PLACEMENT_3D ( 'NONE', #1953, #1137, #1449 ) ;
#1598 = EDGE_LOOP ( 'NONE', ( #2390, #1695, #57, #2287 ) ) ;
#1599 = EDGE_CURVE ( 'NONE', #1148, #1107, #928, .T. ) ;
#1600 = SURFACE_STYLE_USAGE ( .BOTH. , #1100 ) ;
#1601 = LINE ( 'NONE', #1074, #1880 ) ;
#1602 =( GEOMETRIC_REPRESENTATION_CONTEXT ( 3 ) GLOBAL_UNCERTAINTY_ASSIGNED_CONTEXT ( ( #3279 ) ) GLOBAL_UNIT_ASSIGNED_CONTEXT ( ( #775, #3008, #103 ) ) REPRESENTATION_CONTEXT ( 'NONE', 'WORKASPACE' ) );
#1603 =( LENGTH_UNIT ( ) NAMED_UNIT ( * ) SI_UNIT ( .MILLI., .METRE. ) );
#1604 = STYLED_ITEM ( 'NONE', ( #765 ), #2631 ) ;
#1605 = DIRECTION ( 'NONE',  ( 0.000000000000000000, -1.734723475976806848E-16, 1.000000000000000000 ) ) ;
#1606 = MECHANICAL_DESIGN_GEOMETRIC_PRESENTATION_REPRESENTATION (  '', ( #1766 ), #551 ) ;
#1607 = ORIENTED_EDGE ( 'NONE', *, *, #2086, .T. ) ;
#1608 = CARTESIAN_POINT ( 'NONE',  ( 0.000000000000000000, 14.75000000000000355, -20.00000000000000711 ) ) ;
#1609 = DIRECTION ( 'NONE',  ( 1.000000000000000000, 0.000000000000000000, 0.000000000000000000 ) ) ;
#1610 = SURFACE_SIDE_STYLE ('',( #3102 ) ) ;
#1611 = UNCERTAINTY_MEASURE_WITH_UNIT (LENGTH_MEASURE( 1.000000000000000082E-05 ), #1390, 'distance_accuracy_value', 'NONE');
#1612 =( GEOMETRIC_REPRESENTATION_CONTEXT ( 3 ) GLOBAL_UNCERTAINTY_ASSIGNED_CONTEXT ( ( #2338 ) ) GLOBAL_UNIT_ASSIGNED_CONTEXT ( ( #3243, #359, #2951 ) ) REPRESENTATION_CONTEXT ( 'NONE', 'WORKASPACE' ) );
#1613 = SURFACE_SIDE_STYLE ('',( #1372 ) ) ;
#1614 = CARTESIAN_POINT ( 'NONE',  ( 38.90000000000000568, 16.74999999999999645, -25.00000000000000711 ) ) ;
#1615 = DIRECTION ( 'NONE',  ( -0.000000000000000000, 0.4694715627858924711, 0.8829475928589261002 ) ) ;
#1616 = EDGE_LOOP ( 'NONE', ( #3277 ) ) ;
#1617 = ORIENTED_EDGE ( 'NONE', *, *, #2106, .F. ) ;
#1618 = VECTOR ( 'NONE', #950, 1000.000000000000000 ) ;
#1619 = FILL_AREA_STYLE_COLOUR ( '', #2088 ) ;
#1620 = EDGE_LOOP ( 'NONE', ( #2992, #839, #1626, #2111 ) ) ;
#1621 = CARTESIAN_POINT ( 'NONE',  ( 38.39999999999998437, -5.050252531694183311, -20.00000000000001066 ) ) ;
#1622 = EDGE_CURVE ( 'NONE', #2978, #2978, #1265, .T. ) ;
#1623 = ORIENTED_EDGE ( 'NONE', *, *, #518, .T. ) ;
#1624 = CARTESIAN_POINT ( 'NONE',  ( 31.40000000000001279, -10.00000000000000000, -20.00000000000001066 ) ) ;
#1625 = CARTESIAN_POINT ( 'NONE',  ( 1.999999999999997335, -4.696699141100892483, -15.00000000000001066 ) ) ;
#1626 = ORIENTED_EDGE ( 'NONE', *, *, #2832, .F. ) ;
#1627 = ADVANCED_FACE ( 'NONE', ( #1748 ), #2182, .T. ) ;
#1628 = FACE_BOUND ( 'NONE', #1860, .T. ) ;
#1629 = DIRECTION ( 'NONE',  ( 0.000000000000000000, 1.000000000000000000, 0.000000000000000000 ) ) ;
#1630 = CARTESIAN_POINT ( 'NONE',  ( 43.40000000000000568, 21.00000000000000000, -69.40000000000001990 ) ) ;
#1631 = CARTESIAN_POINT ( 'NONE',  ( 38.90000000000000568, 14.75000000000000355, -25.00000000000000711 ) ) ;
#1632 = PLANE ( 'NONE',  #482 ) ;
#1633 = ORIENTED_EDGE ( 'NONE', *, *, #1599, .T. ) ;
#1634 = ORIENTED_EDGE ( 'NONE', *, *, #2086, .F. ) ;
#1635 =( LENGTH_UNIT ( ) NAMED_UNIT ( * ) SI_UNIT ( .MILLI., .METRE. ) );
#1636 = ORIENTED_EDGE ( 'NONE', *, *, #753, .T. ) ;
#1637 = CIRCLE ( 'NONE', #2584, 1.550000000000000266 ) ;
#1638 = EDGE_LOOP ( 'NONE', ( #972 ) ) ;
#1639 = CARTESIAN_POINT ( 'NONE',  ( 43.40000000000000568, -7.000000000000000000, 0.000000000000000000 ) ) ;
#1640 = ORIENTED_EDGE ( 'NONE', *, *, #2843, .T. ) ;
#1641 = CARTESIAN_POINT ( 'NONE',  ( 43.40000000000000568, -10.00000000000000178, -69.40000000000001990 ) ) ;
#1642 = FILL_AREA_STYLE ('',( #1409 ) ) ;
#1643 = EDGE_CURVE ( 'NONE', #1301, #1139, #2716, .T. ) ;
#1644 = CYLINDRICAL_SURFACE ( 'NONE', #2057, 4.999999999999997335 ) ;
#1645 = FACE_BOUND ( 'NONE', #2373, .T. ) ;
#1646 = DIRECTION ( 'NONE',  ( 0.000000000000000000, 0.000000000000000000, 1.000000000000000000 ) ) ;
#1647 = DIRECTION ( 'NONE',  ( 1.000000000000000000, 0.000000000000000000, 0.000000000000000000 ) ) ;
#1648 = TOROIDAL_SURFACE ( 'NONE', #2754, 10.00000000000000000, 5.000000000000000000 ) ;
#1649 = CARTESIAN_POINT ( 'NONE',  ( 43.40000000000000568, -5.050252531694169100, -15.00000000000001243 ) ) ;
#1650 = CYLINDRICAL_SURFACE ( 'NONE', #154, 1.550000000000000266 ) ;
#1651 = EDGE_LOOP ( 'NONE', ( #1623 ) ) ;
#1652 = VERTEX_POINT ( 'NONE', #1736 ) ;
#1653 = PLANE ( 'NONE',  #403 ) ;
#1654 = PRESENTATION_LAYER_ASSIGNMENT (  '', '', ( #830 ) ) ;
#1655 = CARTESIAN_POINT ( 'NONE',  ( 39.33381854129546440, -6.911290848002400011, -19.66003763391033843 ) ) ;
#1656 = COLOUR_RGB ( '',0.5999999999999999778, 0.1607843137254901800, 0.7529411764705882248 ) ;
#1657 =( NAMED_UNIT ( * ) PLANE_ANGLE_UNIT ( ) SI_UNIT ( $, .RADIAN. ) );
#1658 =( GEOMETRIC_REPRESENTATION_CONTEXT ( 3 ) GLOBAL_UNCERTAINTY_ASSIGNED_CONTEXT ( ( #3209 ) ) GLOBAL_UNIT_ASSIGNED_CONTEXT ( ( #1661, #414, #1155 ) ) REPRESENTATION_CONTEXT ( 'NONE', 'WORKASPACE' ) );
#1659 = PRESENTATION_LAYER_ASSIGNMENT (  '', '', ( #492 ) ) ;
#1660 = CIRCLE ( 'NONE', #3303, 10.00000000000000000 ) ;
#1661 =( LENGTH_UNIT ( ) NAMED_UNIT ( * ) SI_UNIT ( .MILLI., .METRE. ) );
#1662 = DIRECTION ( 'NONE',  ( 1.000000000000000000, 0.000000000000000000, 0.000000000000000000 ) ) ;
#1663 = PRESENTATION_STYLE_ASSIGNMENT (( #2645 ) ) ;
#1664 = COLOUR_RGB ( '',0.5999999999999999778, 0.1607843137254901800, 0.7529411764705882248 ) ;
#1665 =( GEOMETRIC_REPRESENTATION_CONTEXT ( 3 ) GLOBAL_UNCERTAINTY_ASSIGNED_CONTEXT ( ( #707 ) ) GLOBAL_UNIT_ASSIGNED_CONTEXT ( ( #1169, #2195, #1446 ) ) REPRESENTATION_CONTEXT ( 'NONE', 'WORKASPACE' ) );
#1666 = EDGE_LOOP ( 'NONE', ( #1804, #1888, #3040, #1582, #312 ) ) ;
#1667 = PRESENTATION_LAYER_ASSIGNMENT (  '', '', ( #3089 ) ) ;
#1668 = VECTOR ( 'NONE', #659, 1000.000000000000000 ) ;
#1669 = FILL_AREA_STYLE_COLOUR ( '', #956 ) ;
#1670 = FACE_BOUND ( 'NONE', #1812, .T. ) ;
#1671 = EDGE_CURVE ( 'NONE', #1099, #1098, #3265, .T. ) ;
#1672 = DIRECTION ( 'NONE',  ( 0.000000000000000000, 0.000000000000000000, -1.000000000000000000 ) ) ;
#1673 = CARTESIAN_POINT ( 'NONE',  ( 2.000000000000000000, 0.000000000000000000, -7.000000000000000000 ) ) ;
#1674 = EDGE_LOOP ( 'NONE', ( #2285 ) ) ;
#1675 = EDGE_CURVE ( 'NONE', #2513, #2513, #604, .T. ) ;
#1676 = ORIENTED_EDGE ( 'NONE', *, *, #2421, .T. ) ;
#1677 = COLOUR_RGB ( '',0.5999999999999999778, 0.1607843137254901800, 0.7529411764705882248 ) ;
#1678 = FILL_AREA_STYLE ('',( #927 ) ) ;
#1679 = FACE_BOUND ( 'NONE', #999, .T. ) ;
#1680 = PRESENTATION_LAYER_ASSIGNMENT (  '', '', ( #2038 ) ) ;
#1681 = CARTESIAN_POINT ( 'NONE',  ( 0.000000000000000000, 0.000000000000000000, 0.000000000000000000 ) ) ;
#1682 = PRESENTATION_STYLE_ASSIGNMENT (( #430 ) ) ;
#1683 = DIRECTION ( 'NONE',  ( 1.000000000000000000, 0.000000000000000000, 0.000000000000000000 ) ) ;
#1684 =( GEOMETRIC_REPRESENTATION_CONTEXT ( 3 ) GLOBAL_UNCERTAINTY_ASSIGNED_CONTEXT ( ( #1690 ) ) GLOBAL_UNIT_ASSIGNED_CONTEXT ( ( #2807, #263, #476 ) ) REPRESENTATION_CONTEXT ( 'NONE', 'WORKASPACE' ) );
#1685 = SURFACE_SIDE_STYLE ('',( #381 ) ) ;
#1686 = SURFACE_SIDE_STYLE ('',( #64 ) ) ;
#1687 = DIRECTION ( 'NONE',  ( -1.000000000000000000, 0.000000000000000000, 0.000000000000000000 ) ) ;
#1688 = CARTESIAN_POINT ( 'NONE',  ( -3.000000000000002665, 22.99999999999997868, -69.40000000000001990 ) ) ;
#1689 = DIRECTION ( 'NONE',  ( 1.000000000000000000, 0.000000000000000000, 0.000000000000000000 ) ) ;
#1690 = UNCERTAINTY_MEASURE_WITH_UNIT (LENGTH_MEASURE( 1.000000000000000082E-05 ), #2807, 'distance_accuracy_value', 'NONE');
#1691 = SURFACE_STYLE_USAGE ( .BOTH. , #633 ) ;
#1692 = EDGE_CURVE ( 'NONE', #1483, #748, #2073, .T. ) ;
#1693 = DIRECTION ( 'NONE',  ( 0.000000000000000000, -3.469446951953613400E-15, 1.000000000000000000 ) ) ;
#1694 = PRESENTATION_STYLE_ASSIGNMENT (( #1419 ) ) ;
#1695 = ORIENTED_EDGE ( 'NONE', *, *, #1838, .T. ) ;
#1696 = DIRECTION ( 'NONE',  ( 0.000000000000000000, 1.000000000000000000, 0.000000000000000000 ) ) ;
#1697 = FILL_AREA_STYLE_COLOUR ( '', #3100 ) ;
#1698 = VERTEX_POINT ( 'NONE', #886 ) ;
#1699 =( LENGTH_UNIT ( ) NAMED_UNIT ( * ) SI_UNIT ( .MILLI., .METRE. ) );
#1700 =( LENGTH_UNIT ( ) NAMED_UNIT ( * ) SI_UNIT ( .MILLI., .METRE. ) );
#1701 = FILL_AREA_STYLE ('',( #609 ) ) ;
#1702 = CIRCLE ( 'NONE', #2958, 1.550000000000000266 ) ;
#1703 = FACE_OUTER_BOUND ( 'NONE', #2168, .T. ) ;
#1704 = DIRECTION ( 'NONE',  ( 0.000000000000000000, 0.000000000000000000, 1.000000000000000000 ) ) ;
#1705 = VECTOR ( 'NONE', #2885, 1000.000000000000000 ) ;
#1706 = VECTOR ( 'NONE', #1533, 1000.000000000000000 ) ;
#1707 = EDGE_CURVE ( 'NONE', #3285, #3285, #1906, .T. ) ;
#1708 = FACE_OUTER_BOUND ( 'NONE', #2588, .T. ) ;
#1709 = AXIS2_PLACEMENT_3D ( 'NONE', #649, #1958, #1928 ) ;
#1710 = CARTESIAN_POINT ( 'NONE',  ( 20.20000000000000284, 4.336808689942017736E-15, -25.00000000000001066 ) ) ;
#1711 = MECHANICAL_DESIGN_GEOMETRIC_PRESENTATION_REPRESENTATION (  '', ( #2812 ), #2074 ) ;
#1712 =( GEOMETRIC_REPRESENTATION_CONTEXT ( 3 ) GLOBAL_UNCERTAINTY_ASSIGNED_CONTEXT ( ( #2497 ) ) GLOBAL_UNIT_ASSIGNED_CONTEXT ( ( #975, #1779, #2313 ) ) REPRESENTATION_CONTEXT ( 'NONE', 'WORKASPACE' ) );
#1713 = VERTEX_POINT ( 'NONE', #918 ) ;
#1714 = AXIS2_PLACEMENT_3D ( 'NONE', #310, #2380, #3149 ) ;
#1715 = DIRECTION ( 'NONE',  ( 1.000000000000000000, -0.000000000000000000, -0.000000000000000000 ) ) ;
#1716 = SURFACE_SIDE_STYLE ('',( #2462 ) ) ;
#1717 = UNCERTAINTY_MEASURE_WITH_UNIT (LENGTH_MEASURE( 1.000000000000000082E-05 ), #804, 'distance_accuracy_value', 'NONE');
#1718 = STYLED_ITEM ( 'NONE', ( #973 ), #3077 ) ;
#1719 = SURFACE_STYLE_FILL_AREA ( #3191 ) ;
#1720 = UNCERTAINTY_MEASURE_WITH_UNIT (LENGTH_MEASURE( 1.000000000000000082E-05 ), #1320, 'distance_accuracy_value', 'NONE');
#1721 = AXIS2_PLACEMENT_3D ( 'NONE', #693, #1216, #405 ) ;
#1722 = DIRECTION ( 'NONE',  ( 0.000000000000000000, 1.734723475976807094E-16, -1.000000000000000000 ) ) ;
#1723 = CARTESIAN_POINT ( 'NONE',  ( 20.20000000000000284, 7.000000000000003553, -69.40000000000001990 ) ) ;
#1724 =( LENGTH_UNIT ( ) NAMED_UNIT ( * ) SI_UNIT ( .MILLI., .METRE. ) );
#1725 = PRESENTATION_STYLE_ASSIGNMENT (( #2420 ) ) ;
#1726 = ORIENTED_EDGE ( 'NONE', *, *, #1729, .T. ) ;
#1727 = VERTEX_POINT ( 'NONE', #184 ) ;
#1728 = CARTESIAN_POINT ( 'NONE',  ( 38.40000000000001279, 0.000000000000000000, -64.40000000000000568 ) ) ;
#1729 = EDGE_CURVE ( 'NONE', #1139, #2999, #1056, .T. ) ;
#1730 = CARTESIAN_POINT ( 'NONE',  ( 38.40000000000000568, 0.000000000000000000, -8.550000000000000711 ) ) ;
#1731 = PRESENTATION_STYLE_ASSIGNMENT (( #1232 ) ) ;
#1732 = STYLED_ITEM ( 'NONE', ( #1663 ), #503 ) ;
#1733 = ADVANCED_FACE ( 'NONE', ( #3056 ), #1648, .T. ) ;
#1734 = CARTESIAN_POINT ( 'NONE',  ( 43.40000000000000568, 10.00000000000000000, 9.999999999999998224 ) ) ;
#1735 = CARTESIAN_POINT ( 'NONE',  ( 0.000000000000000000, 23.74999999999999645, -5.000000000000009770 ) ) ;
#1736 = CARTESIAN_POINT ( 'NONE',  ( 38.40000000000001279, -5.050252531694166436, -20.00000000000001421 ) ) ;
#1737 = ORIENTED_EDGE ( 'NONE', *, *, #841, .F. ) ;
#1738 = ORIENTED_EDGE ( 'NONE', *, *, #3144, .F. ) ;
#1739 = DIRECTION ( 'NONE',  ( 0.000000000000000000, 1.000000000000000000, 0.000000000000000000 ) ) ;
#1740 = DIRECTION ( 'NONE',  ( -1.000000000000000000, -0.000000000000000000, -0.000000000000000000 ) ) ;
#1741 = CARTESIAN_POINT ( 'NONE',  ( -3.000000000000002665, 0.000000000000000000, 5.450000000000000178 ) ) ;
#1742 = FACE_BOUND ( 'NONE', #578, .T. ) ;
#1743 = EDGE_CURVE ( 'NONE', #427, #1546, #485, .T. ) ;
#1744 = CARTESIAN_POINT ( 'NONE',  ( 40.40000000000000568, -10.00000000000000000, -17.00000000000001421 ) ) ;
#1745 = ORIENTED_EDGE ( 'NONE', *, *, #1261, .T. ) ;
#1746 = UNCERTAINTY_MEASURE_WITH_UNIT (LENGTH_MEASURE( 1.000000000000000082E-05 ), #52, 'distance_accuracy_value', 'NONE');
#1747 = DIRECTION ( 'NONE',  ( 0.000000000000000000, 1.734723475976807094E-16, -1.000000000000000000 ) ) ;
#1748 = FACE_OUTER_BOUND ( 'NONE', #349, .T. ) ;
#1749 = EDGE_LOOP ( 'NONE', ( #2061, #2010, #2743, #2266 ) ) ;
#1750 =( NAMED_UNIT ( * ) PLANE_ANGLE_UNIT ( ) SI_UNIT ( $, .RADIAN. ) );
#1751 = ORIENTED_EDGE ( 'NONE', *, *, #313, .T. ) ;
#1752 =( NAMED_UNIT ( * ) PLANE_ANGLE_UNIT ( ) SI_UNIT ( $, .RADIAN. ) );
#1753 =( GEOMETRIC_REPRESENTATION_CONTEXT ( 3 ) GLOBAL_UNCERTAINTY_ASSIGNED_CONTEXT ( ( #2677 ) ) GLOBAL_UNIT_ASSIGNED_CONTEXT ( ( #1046, #2265, #2778 ) ) REPRESENTATION_CONTEXT ( 'NONE', 'WORKASPACE' ) );
#1754 = VERTEX_POINT ( 'NONE', #208 ) ;
#1755 = AXIS2_PLACEMENT_3D ( 'NONE', #1414, #2682, #3192 ) ;
#1756 = CARTESIAN_POINT ( 'NONE',  ( 40.40000000000000568, 12.75000000000000178, -5.000000000000009770 ) ) ;
#1757 = VECTOR ( 'NONE', #1974, 1000.000000000000000 ) ;
#1758 = CARTESIAN_POINT ( 'NONE',  ( -1.084480171193137998, -8.188713637524356770, -18.08448017119346218 ) ) ;
#1759 = COLOUR_RGB ( '',0.5999999999999999778, 0.1607843137254901800, 0.7529411764705882248 ) ;
#1760 = VECTOR ( 'NONE', #2301, 1000.000000000000000 ) ;
#1761 = LINE ( 'NONE', #1268, #2294 ) ;
#1762 = EDGE_CURVE ( 'NONE', #2581, #2087, #808, .T. ) ;
#1763 = STYLED_ITEM ( 'NONE', ( #333 ), #1439 ) ;
#1764 =( GEOMETRIC_REPRESENTATION_CONTEXT ( 3 ) GLOBAL_UNCERTAINTY_ASSIGNED_CONTEXT ( ( #574 ) ) GLOBAL_UNIT_ASSIGNED_CONTEXT ( ( #160, #2949, #2076 ) ) REPRESENTATION_CONTEXT ( 'NONE', 'WORKASPACE' ) );
#1765 = PRESENTATION_STYLE_ASSIGNMENT (( #680 ) ) ;
#1766 = STYLED_ITEM ( 'NONE', ( #2002 ), #3101 ) ;
#1767 = SURFACE_SIDE_STYLE ('',( #31 ) ) ;
#1768 = EDGE_CURVE ( 'NONE', #3273, #3273, #3187, .T. ) ;
#1769 = ORIENTED_EDGE ( 'NONE', *, *, #2871, .F. ) ;
#1770 = ORIENTED_EDGE ( 'NONE', *, *, #2753, .T. ) ;
#1771 = LINE ( 'NONE', #1256, #3296 ) ;
#1772 =( LENGTH_UNIT ( ) NAMED_UNIT ( * ) SI_UNIT ( .MILLI., .METRE. ) );
#1773 = DIRECTION ( 'NONE',  ( -0.000000000000000000, -0.000000000000000000, 1.000000000000000000 ) ) ;
#1774 = FACE_OUTER_BOUND ( 'NONE', #1674, .T. ) ;
#1775 = CARTESIAN_POINT ( 'NONE',  ( -3.000000000000002665, -1.734723475976807094E-15, -3.550000000000004263 ) ) ;
#1776 = AXIS2_PLACEMENT_3D ( 'NONE', #102, #315, #112 ) ;
#1777 = PRESENTATION_LAYER_ASSIGNMENT (  '', '', ( #846 ) ) ;
#1778 = CARTESIAN_POINT ( 'NONE',  ( -0.4534660510111062082, -9.361425347444212619, -16.94961488322098830 ) ) ;
#1779 =( NAMED_UNIT ( * ) PLANE_ANGLE_UNIT ( ) SI_UNIT ( $, .RADIAN. ) );
#1780 = AXIS2_PLACEMENT_3D ( 'NONE', #933, #2203, #2747 ) ;
#1781 =( NAMED_UNIT ( * ) SI_UNIT ( $, .STERADIAN. ) SOLID_ANGLE_UNIT ( ) );
#1782 = CARTESIAN_POINT ( 'NONE',  ( 43.40000000000000568, 22.99999999999997868, -69.40000000000001990 ) ) ;
#1783 = DIRECTION ( 'NONE',  ( 0.000000000000000000, -1.000000000000000000, -2.602085213965210642E-16 ) ) ;
#1784 = FACE_OUTER_BOUND ( 'NONE', #754, .T. ) ;
#1785 = EDGE_LOOP ( 'NONE', ( #755 ) ) ;
#1786 = EDGE_CURVE ( 'NONE', #2905, #2456, #2059, .T. ) ;
#1787 = DIRECTION ( 'NONE',  ( -0.000000000000000000, 1.000000000000000000, 1.734723475976807094E-16 ) ) ;
#1788 = PRESENTATION_STYLE_ASSIGNMENT (( #3061 ) ) ;
#1789 = SURFACE_STYLE_FILL_AREA ( #3046 ) ;
#1790 = VERTEX_POINT ( 'NONE', #2034 ) ;
#1791 = DIRECTION ( 'NONE',  ( 0.000000000000000000, 0.000000000000000000, -1.000000000000000000 ) ) ;
#1792 =( NAMED_UNIT ( * ) SI_UNIT ( $, .STERADIAN. ) SOLID_ANGLE_UNIT ( ) );
#1793 = CARTESIAN_POINT ( 'NONE',  ( 1.999999999999990896, -4.696699141100893371, -20.00000000000001066 ) ) ;
#1794 = CARTESIAN_POINT ( 'NONE',  ( 2.000000000000000000, -7.000000000000000000, 0.000000000000000000 ) ) ;
#1795 =( NAMED_UNIT ( * ) PLANE_ANGLE_UNIT ( ) SI_UNIT ( $, .RADIAN. ) );
#1796 = FILL_AREA_STYLE_COLOUR ( '', #885 ) ;
#1797 = DIRECTION ( 'NONE',  ( 1.000000000000000000, 0.000000000000000000, 0.000000000000000000 ) ) ;
#1798 = ORIENTED_EDGE ( 'NONE', *, *, #438, .F. ) ;
#1799 = ORIENTED_EDGE ( 'NONE', *, *, #2191, .F. ) ;
#1800 = SURFACE_STYLE_FILL_AREA ( #3334 ) ;
#1801 = CARTESIAN_POINT ( 'NONE',  ( 26.90000000000000213, 10.24999999999999467, -15.00000000000001066 ) ) ;
#1802 = DIRECTION ( 'NONE',  ( -0.000000000000000000, 1.734723475976807094E-16, -1.000000000000000000 ) ) ;
#1803 = ADVANCED_FACE ( 'NONE', ( #1784, #3091 ), #2028, .F. ) ;
#1804 = ORIENTED_EDGE ( 'NONE', *, *, #2653, .T. ) ;
#1805 = EDGE_CURVE ( 'NONE', #172, #218, #1084, .T. ) ;
#1806 = CARTESIAN_POINT ( 'NONE',  ( -1.934353052360713532, -7.876994298131335448, -16.48393399032246975 ) ) ;
#1807 = CIRCLE ( 'NONE', #329, 5.000000000000000000 ) ;
#1808 = ORIENTED_EDGE ( 'NONE', *, *, #1312, .T. ) ;
#1809 = FILL_AREA_STYLE ('',( #1526 ) ) ;
#1810 = STYLED_ITEM ( 'NONE', ( #370 ), #1201 ) ;
#1811 = AXIS2_PLACEMENT_3D ( 'NONE', #2906, #377, #916 ) ;
#1812 = EDGE_LOOP ( 'NONE', ( #37 ) ) ;
#1813 = MECHANICAL_DESIGN_GEOMETRIC_PRESENTATION_REPRESENTATION (  '', ( #3249 ), #336 ) ;
#1814 =( GEOMETRIC_REPRESENTATION_CONTEXT ( 3 ) GLOBAL_UNCERTAINTY_ASSIGNED_CONTEXT ( ( #303 ) ) GLOBAL_UNIT_ASSIGNED_CONTEXT ( ( #1252, #993, #2092 ) ) REPRESENTATION_CONTEXT ( 'NONE', 'WORKASPACE' ) );
#1815 = CARTESIAN_POINT ( 'NONE',  ( -3.000000000000002665, 0.000000000000000000, -7.000000000000000000 ) ) ;
#1816 = CIRCLE ( 'NONE', #167, 4.999999999999997335 ) ;
#1817 = EDGE_LOOP ( 'NONE', ( #3005, #3057, #2751, #1569 ) ) ;
#1818 = ORIENTED_EDGE ( 'NONE', *, *, #708, .T. ) ;
#1819 =( GEOMETRIC_REPRESENTATION_CONTEXT ( 3 ) GLOBAL_UNCERTAINTY_ASSIGNED_CONTEXT ( ( #1334 ) ) GLOBAL_UNIT_ASSIGNED_CONTEXT ( ( #2476, #1952, #155 ) ) REPRESENTATION_CONTEXT ( 'NONE', 'WORKASPACE' ) );
#1820 = FACE_OUTER_BOUND ( 'NONE', #1979, .T. ) ;
#1821 = DIRECTION ( 'NONE',  ( 0.000000000000000000, 1.000000000000000000, 0.000000000000000000 ) ) ;
#1822 = EDGE_LOOP ( 'NONE', ( #1085 ) ) ;
#1823 = CARTESIAN_POINT ( 'NONE',  ( -0.8724004638031566117, -9.027707433613699095, -16.86477344011677459 ) ) ;
#1824 = EDGE_CURVE ( 'NONE', #1436, #2323, #530, .T. ) ;
#1825 = AXIS2_PLACEMENT_3D ( 'NONE', #1723, #410, #3179 ) ;
#1826 = AXIS2_PLACEMENT_3D ( 'NONE', #736, #2013, #720 ) ;
#1827 = SURFACE_STYLE_USAGE ( .BOTH. , #219 ) ;
#1828 = VERTEX_POINT ( 'NONE', #2359 ) ;
#1829 = EDGE_LOOP ( 'NONE', ( #3123 ) ) ;
#1830 = SURFACE_STYLE_USAGE ( .BOTH. , #783 ) ;
#1831 = SURFACE_SIDE_STYLE ('',( #2376 ) ) ;
#1832 = DIRECTION ( 'NONE',  ( 1.000000000000000000, -0.000000000000000000, -0.000000000000000000 ) ) ;
#1833 =( NAMED_UNIT ( * ) PLANE_ANGLE_UNIT ( ) SI_UNIT ( $, .RADIAN. ) );
#1834 = CARTESIAN_POINT ( 'NONE',  ( -3.000000000000002665, 21.00000000000000000, -69.40000000000001990 ) ) ;
#1835 = ORIENTED_EDGE ( 'NONE', *, *, #1916, .T. ) ;
#1836 = FACE_OUTER_BOUND ( 'NONE', #1396, .T. ) ;
#1837 = UNCERTAINTY_MEASURE_WITH_UNIT (LENGTH_MEASURE( 1.000000000000000082E-05 ), #3247, 'distance_accuracy_value', 'NONE');
#1838 = EDGE_CURVE ( 'NONE', #218, #1021, #1876, .T. ) ;
#1839 = DIRECTION ( 'NONE',  ( 1.000000000000000000, -0.000000000000000000, -0.000000000000000000 ) ) ;
#1840 = VERTEX_POINT ( 'NONE', #1122 ) ;
#1841 = ORIENTED_EDGE ( 'NONE', *, *, #96, .F. ) ;
#1842 = CARTESIAN_POINT ( 'NONE',  ( 13.20000000000000284, 3.469446951953615767E-15, -69.40000000000001990 ) ) ;
#1843 = FILL_AREA_STYLE ('',( #1890 ) ) ;
#1844 = FACE_BOUND ( 'NONE', #1355, .T. ) ;
#1845 = SURFACE_STYLE_FILL_AREA ( #2115 ) ;
#1846 = CARTESIAN_POINT ( 'NONE',  ( -1.547378541243652039, -2.188323719151866520, -20.00000000000001066 ) ) ;
#1847 = ORIENTED_EDGE ( 'NONE', *, *, #3168, .T. ) ;
#1848 = AXIS2_PLACEMENT_3D ( 'NONE', #591, #811, #838 ) ;
#1849 =( BOUNDED_CURVE ( )  B_SPLINE_CURVE ( 3, ( #2212, #899, #2966, #121 ),
 .UNSPECIFIED., .F., .T. ) 
 B_SPLINE_CURVE_WITH_KNOTS ( ( 4, 4 ),
 ( 0.5235987755982984826, 1.570796326794896780 ),
 .UNSPECIFIED. ) 
 CURVE ( )  GEOMETRIC_REPRESENTATION_ITEM ( )  RATIONAL_B_SPLINE_CURVE ( ( 1.000000000000000000, 0.9106836025229588794, 0.9106836025229588794, 1.000000000000000000 ) ) 
 REPRESENTATION_ITEM ( '' )  );
#1850 =( NAMED_UNIT ( * ) PLANE_ANGLE_UNIT ( ) SI_UNIT ( $, .RADIAN. ) );
#1851 = FACE_BOUND ( 'NONE', #1359, .T. ) ;
#1852 = SURFACE_STYLE_FILL_AREA ( #1561 ) ;
#1853 = SURFACE_STYLE_USAGE ( .BOTH. , #2108 ) ;
#1854 = AXIS2_PLACEMENT_3D ( 'NONE', #1631, #777, #2140 ) ;
#1855 = EDGE_CURVE ( 'NONE', #2375, #1546, #2110, .T. ) ;
#1856 = SURFACE_SIDE_STYLE ('',( #318 ) ) ;
#1857 = VERTEX_POINT ( 'NONE', #2141 ) ;
#1858 = AXIS2_PLACEMENT_3D ( 'NONE', #1681, #2231, #362 ) ;
#1859 = PRESENTATION_LAYER_ASSIGNMENT (  '', '', ( #2969 ) ) ;
#1860 = EDGE_LOOP ( 'NONE', ( #2158 ) ) ;
#1861 = ADVANCED_FACE ( 'NONE', ( #1337 ), #1632, .T. ) ;
#1862 = ORIENTED_EDGE ( 'NONE', *, *, #1855, .T. ) ;
#1863 = CARTESIAN_POINT ( 'NONE',  ( 13.20000000000000284, 3.469446951953615767E-15, -69.40000000000001990 ) ) ;
#1864 = PRESENTATION_LAYER_ASSIGNMENT (  '', '', ( #113 ) ) ;
#1865 = VERTEX_POINT ( 'NONE', #272 ) ;
#1866 = CYLINDRICAL_SURFACE ( 'NONE', #822, 1.550000000000000266 ) ;
#1867 =( NAMED_UNIT ( * ) SI_UNIT ( $, .STERADIAN. ) SOLID_ANGLE_UNIT ( ) );
#1868 = AXIS2_PLACEMENT_3D ( 'NONE', #909, #1938, #1199 ) ;
#1869 = ORIENTED_EDGE ( 'NONE', *, *, #868, .T. ) ;
#1870 = DIRECTION ( 'NONE',  ( 0.000000000000000000, 1.000000000000000000, 0.000000000000000000 ) ) ;
#1871 = DIRECTION ( 'NONE',  ( -0.000000000000000000, -0.000000000000000000, 1.000000000000000000 ) ) ;
#1872 = FACE_BOUND ( 'NONE', #1091, .T. ) ;
#1873 = DIRECTION ( 'NONE',  ( 0.8164965809277261455, -0.5773502691896255090, -8.276853667912524962E-17 ) ) ;
#1874 = UNCERTAINTY_MEASURE_WITH_UNIT (LENGTH_MEASURE( 1.000000000000000082E-05 ), #984, 'distance_accuracy_value', 'NONE');
#1875 = PRESENTATION_LAYER_ASSIGNMENT (  '', '', ( #1978 ) ) ;
#1876 = LINE ( 'NONE', #2344, #58 ) ;
#1877 = ORIENTED_EDGE ( 'NONE', *, *, #3012, .T. ) ;
#1878 = CARTESIAN_POINT ( 'NONE',  ( 40.81029461537400493, -9.431611739073115785, -17.41029461537578626 ) ) ;
#1879 = CARTESIAN_POINT ( 'NONE',  ( 38.40000000000000568, 0.000000000000000000, 0.000000000000000000 ) ) ;
#1880 = VECTOR ( 'NONE', #3108, 1000.000000000000000 ) ;
#1881 = EDGE_CURVE ( 'NONE', #222, #2252, #2224, .T. ) ;
#1882 = DIRECTION ( 'NONE',  ( 0.000000000000000000, 0.000000000000000000, 1.000000000000000000 ) ) ;
#1883 = EDGE_LOOP ( 'NONE', ( #185 ) ) ;
#1884 =( NAMED_UNIT ( * ) SI_UNIT ( $, .STERADIAN. ) SOLID_ANGLE_UNIT ( ) );
#1885 = CARTESIAN_POINT ( 'NONE',  ( 0.000000000000000000, 0.000000000000000000, -15.00000000000001066 ) ) ;
#1886 = CARTESIAN_POINT ( 'NONE',  ( 0.000000000000000000, 10.24999999999999467, -20.00000000000000711 ) ) ;
#1887 = DIRECTION ( 'NONE',  ( 1.000000000000000000, 0.000000000000000000, 0.000000000000000000 ) ) ;
#1888 = ORIENTED_EDGE ( 'NONE', *, *, #1692, .F. ) ;
#1889 = EDGE_LOOP ( 'NONE', ( #1208 ) ) ;
#1890 = FILL_AREA_STYLE_COLOUR ( '', #1463 ) ;
#1891 = PRESENTATION_STYLE_ASSIGNMENT (( #3122 ) ) ;
#1892 = CARTESIAN_POINT ( 'NONE',  ( 1.999999999999995781, -4.696699141100886266, -20.00000000000001066 ) ) ;
#1893 = DIRECTION ( 'NONE',  ( 1.734723475976806601E-16, 1.000000000000000000, 1.734723475976806848E-16 ) ) ;
#1894 = EDGE_CURVE ( 'NONE', #931, #1727, #2622, .T. ) ;
#1895 = ORIENTED_EDGE ( 'NONE', *, *, #1013, .T. ) ;
#1896 = CARTESIAN_POINT ( 'NONE',  ( 25.65000000000000568, 3.469446951953615767E-15, -69.40000000000001990 ) ) ;
#1897 = LINE ( 'NONE', #1134, #729 ) ;
#1898 = ADVANCED_FACE ( 'NONE', ( #2637, #3161 ), #1650, .F. ) ;
#1899 = SURFACE_STYLE_USAGE ( .BOTH. , #1613 ) ;
#1900 = LINE ( 'NONE', #2933, #2237 ) ;
#1901 = CARTESIAN_POINT ( 'NONE',  ( 20.20000000000000284, -6.999999999999996447, -69.40000000000001990 ) ) ;
#1902 = PRESENTATION_STYLE_ASSIGNMENT (( #875 ) ) ;
#1903 = ORIENTED_EDGE ( 'NONE', *, *, #2049, .F. ) ;
#1904 = ORIENTED_EDGE ( 'NONE', *, *, #2585, .T. ) ;
#1905 = SURFACE_SIDE_STYLE ('',( #1178 ) ) ;
#1906 = CIRCLE ( 'NONE', #1385, 1.550000000000000266 ) ;
#1907 = VECTOR ( 'NONE', #1783, 1000.000000000000000 ) ;
#1908 = DIRECTION ( 'NONE',  ( -0.000000000000000000, 1.734723475976807094E-16, -1.000000000000000000 ) ) ;
#1909 = AXIS2_PLACEMENT_3D ( 'NONE', #225, #188, #2288 ) ;
#1910 = CIRCLE ( 'NONE', #1597, 5.000000000000004441 ) ;
#1911 = PRESENTATION_LAYER_ASSIGNMENT (  '', '', ( #1382 ) ) ;
#1912 =( NAMED_UNIT ( * ) PLANE_ANGLE_UNIT ( ) SI_UNIT ( $, .RADIAN. ) );
#1913 = STYLED_ITEM ( 'NONE', ( #1731 ), #2066 ) ;
#1914 = ORIENTED_EDGE ( 'NONE', *, *, #3086, .F. ) ;
#1915 = VERTEX_POINT ( 'NONE', #2205 ) ;
#1916 = EDGE_CURVE ( 'NONE', #2785, #2785, #3073, .T. ) ;
#1917 = COLOUR_RGB ( '',0.5999999999999999778, 0.1607843137254901800, 0.7529411764705882248 ) ;
#1918 = SURFACE_STYLE_FILL_AREA ( #3112 ) ;
#1919 = PLANE ( 'NONE',  #1983 ) ;
#1920 = SURFACE_SIDE_STYLE ('',( #892 ) ) ;
#1921 = EDGE_CURVE ( 'NONE', #2632, #1311, #2806, .T. ) ;
#1922 = CARTESIAN_POINT ( 'NONE',  ( 43.40000000000000568, -10.00000000000000000, 9.999999999999998224 ) ) ;
#1923 =( NAMED_UNIT ( * ) PLANE_ANGLE_UNIT ( ) SI_UNIT ( $, .RADIAN. ) );
#1924 = DIRECTION ( 'NONE',  ( -1.000000000000000000, -0.000000000000000000, -0.000000000000000000 ) ) ;
#1925 = STYLED_ITEM ( 'NONE', ( #2837 ), #45 ) ;
#1926 = DIRECTION ( 'NONE',  ( 0.000000000000000000, 0.000000000000000000, -1.000000000000000000 ) ) ;
#1927 = DIRECTION ( 'NONE',  ( 0.000000000000000000, 0.000000000000000000, -1.000000000000000000 ) ) ;
#1928 = DIRECTION ( 'NONE',  ( 0.000000000000000000, 0.000000000000000000, -1.000000000000000000 ) ) ;
#1929 = MECHANICAL_DESIGN_GEOMETRIC_PRESENTATION_REPRESENTATION (  '', ( #1072 ), #2784 ) ;
#1930 = EDGE_LOOP ( 'NONE', ( #2363, #2558, #2495, #2804, #213, #859, #2924, #747 ) ) ;
#1931 = DIRECTION ( 'NONE',  ( -0.000000000000000000, -0.000000000000000000, -1.000000000000000000 ) ) ;
#1932 = DIRECTION ( 'NONE',  ( 0.000000000000000000, 0.000000000000000000, -1.000000000000000000 ) ) ;
#1933 = PRESENTATION_LAYER_ASSIGNMENT (  '', '', ( #1732 ) ) ;
#1934 = SURFACE_STYLE_USAGE ( .BOTH. , #380 ) ;
#1935 =( NAMED_UNIT ( * ) SI_UNIT ( $, .STERADIAN. ) SOLID_ANGLE_UNIT ( ) );
#1936 = CARTESIAN_POINT ( 'NONE',  ( -3.000000000000002665, 7.000000000000000000, 0.000000000000000000 ) ) ;
#1937 = FACE_BOUND ( 'NONE', #2954, .T. ) ;
#1938 = DIRECTION ( 'NONE',  ( -0.000000000000000000, 1.000000000000000000, 0.000000000000000000 ) ) ;
#1939 = DIRECTION ( 'NONE',  ( -0.000000000000000000, -0.000000000000000000, 1.000000000000000000 ) ) ;
#1940 =( BOUNDED_CURVE ( )  B_SPLINE_CURVE ( 3, ( #2156, #2197, #896, #941 ),
 .UNSPECIFIED., .F., .T. ) 
 B_SPLINE_CURVE_WITH_KNOTS ( ( 4, 4 ),
 ( 0.5235987755983002589, 1.570796326794895892 ),
 .UNSPECIFIED. ) 
 CURVE ( )  GEOMETRIC_REPRESENTATION_ITEM ( )  RATIONAL_B_SPLINE_CURVE ( ( 1.000000000000000000, 0.9106836025229594345, 0.9106836025229594345, 1.000000000000000000 ) ) 
 REPRESENTATION_ITEM ( '' )  );
#1941 = ADVANCED_FACE ( 'NONE', ( #924 ), #2936, .T. ) ;
#1942 = CARTESIAN_POINT ( 'NONE',  ( 38.40000000000001279, -5.050252531694169988, -15.00000000000001243 ) ) ;
#1943 = CYLINDRICAL_SURFACE ( 'NONE', #3127, 10.00000000000000533 ) ;
#1944 = DIRECTION ( 'NONE',  ( 0.000000000000000000, -1.734723475976806848E-16, 1.000000000000000000 ) ) ;
#1945 = EDGE_LOOP ( 'NONE', ( #1088 ) ) ;
#1946 = DIRECTION ( 'NONE',  ( 0.000000000000000000, 1.734723475976807094E-16, -1.000000000000000000 ) ) ;
#1947 = CARTESIAN_POINT ( 'NONE',  ( 2.000000000000000000, 0.000000000000000000, 0.000000000000000000 ) ) ;
#1948 = VERTEX_POINT ( 'NONE', #2737 ) ;
#1949 = VECTOR ( 'NONE', #585, 1000.000000000000000 ) ;
#1950 = CARTESIAN_POINT ( 'NONE',  ( 38.40000000000001279, 10.24999999999999467, -20.00000000000000711 ) ) ;
#1951 = DIRECTION ( 'NONE',  ( 0.000000000000000000, -0.7071067811865440200, -0.7071067811865510144 ) ) ;
#1952 =( NAMED_UNIT ( * ) PLANE_ANGLE_UNIT ( ) SI_UNIT ( $, .RADIAN. ) );
#1953 = CARTESIAN_POINT ( 'NONE',  ( 38.40000000000001279, -10.00000000000000178, -69.40000000000001990 ) ) ;
#1954 = CYLINDRICAL_SURFACE ( 'NONE', #2494, 10.00000000000000888 ) ;
#1955 = EDGE_CURVE ( 'NONE', #1534, #553, #2367, .T. ) ;
#1956 =( BOUNDED_SURFACE ( )  B_SPLINE_SURFACE ( 3, 2, ( 
 ( #2642, #2396, #1621 ),
 ( #2904, #77, #2627 ),
 ( #1128, #2148, #2591 ),
 ( #3166, #861, #596 ),
 ( #40, #277, #3147 ),
 ( #2361, #308, #1655 ),
 ( #817, #2667, #323 ),
 ( #1360, #1325, #2852 ),
 ( #345, #844, #1087 ),
 ( #2411, #1878, #1343 ),
 ( #1141, #2347, #2160 ),
 ( #3181, #21, #539 ) ),
 .UNSPECIFIED., .F., .F., .T. ) 
 B_SPLINE_SURFACE_WITH_KNOTS ( ( 4, 2, 2, 2, 2, 4 ),
 ( 3, 3 ),
 ( 6.806784082777885381, 6.937683776677459946, 7.068583470577035399, 7.330382858376184529, 7.592182246175333660, 7.853981633974482790 ),
 ( 0.000000000000000000, 1.000000000000000000 ),
 .UNSPECIFIED. ) 
 GEOMETRIC_REPRESENTATION_ITEM ( )  RATIONAL_B_SPLINE_SURFACE ( (
 ( 1.000000000000000000, 0.7071067811865444641, 1.000000000000000000),
 ( 1.000000000000000000, 0.7249242562426000402, 1.000000000000000000),
 ( 1.000000000000000000, 0.7433949690209619154, 1.000000000000000000),
 ( 1.000000000000000000, 0.7802764543935303276, 1.000000000000000000),
 ( 1.000000000000000000, 0.7986833936665383993, 1.000000000000000000),
 ( 1.000000000000000000, 0.8521229554500937553, 1.000000000000000000),
 ( 1.000000000000000000, 0.8852748551481515182, 1.000000000000000000),
 ( 1.000000000000000000, 0.9404670032023989545, 1.000000000000000000),
 ( 1.000000000000000000, 0.9625354083655869308, 1.000000000000000000),
 ( 1.000000000000000000, 0.9922963503916492067, 1.000000000000000000),
 ( 1.000000000000000000, 1.000033298861845887, 1.000000000000000000),
 ( 1.000000000000000000, 1.000000000000000000, 1.000000000000000000) ) ) 
 REPRESENTATION_ITEM ( '' )  SURFACE ( )  );
#1957 = DIRECTION ( 'NONE',  ( -1.000000000000000000, 0.000000000000000000, 0.000000000000000000 ) ) ;
#1958 = DIRECTION ( 'NONE',  ( 1.000000000000000000, 0.000000000000000000, 0.000000000000000000 ) ) ;
#1959 = VERTEX_POINT ( 'NONE', #2353 ) ;
#1960 = EDGE_CURVE ( 'NONE', #1148, #218, #852, .T. ) ;
#1961 = DIRECTION ( 'NONE',  ( 1.000000000000000000, 0.000000000000000000, 0.000000000000000000 ) ) ;
#1962 = CIRCLE ( 'NONE', #279, 1.550000000000000933 ) ;
#1963 =( LENGTH_UNIT ( ) NAMED_UNIT ( * ) SI_UNIT ( .MILLI., .METRE. ) );
#1964 = DIRECTION ( 'NONE',  ( 0.000000000000000000, 0.000000000000000000, -1.000000000000000000 ) ) ;
#1965 = DIRECTION ( 'NONE',  ( -0.000000000000000000, -0.000000000000000000, -1.000000000000000000 ) ) ;
#1966 = COLOUR_RGB ( '',0.5999999999999999778, 0.1607843137254901800, 0.7529411764705882248 ) ;
#1967 = COLOUR_RGB ( '',0.5999999999999999778, 0.1607843137254901800, 0.7529411764705882248 ) ;
#1968 = CARTESIAN_POINT ( 'NONE',  ( -3.000000000000002665, -7.000000000000000000, -1.550000000000000266 ) ) ;
#1969 = AXIS2_PLACEMENT_3D ( 'NONE', #2133, #2593, #2100 ) ;
#1970 = AXIS2_PLACEMENT_3D ( 'NONE', #1564, #1271, #2800 ) ;
#1971 = AXIS2_PLACEMENT_3D ( 'NONE', #178, #1972, #422 ) ;
#1972 = DIRECTION ( 'NONE',  ( 1.000000000000000000, 0.000000000000000000, 0.000000000000000000 ) ) ;
#1973 = FACE_OUTER_BOUND ( 'NONE', #2351, .T. ) ;
#1974 = DIRECTION ( 'NONE',  ( -1.000000000000000000, 0.000000000000000000, 0.000000000000000000 ) ) ;
#1975 = DIRECTION ( 'NONE',  ( 0.000000000000000000, -1.000000000000000000, -1.734723475976807094E-16 ) ) ;
#1976 = ORIENTED_EDGE ( 'NONE', *, *, #1167, .F. ) ;
#1977 = CIRCLE ( 'NONE', #2475, 3.550000000000000711 ) ;
#1978 = STYLED_ITEM ( 'NONE', ( #617 ), #107 ) ;
#1979 = EDGE_LOOP ( 'NONE', ( #3231, #521, #1737, #564 ) ) ;
#1980 = FILL_AREA_STYLE_COLOUR ( '', #13 ) ;
#1981 = FILL_AREA_STYLE ('',( #1697 ) ) ;
#1982 = ADVANCED_FACE ( 'NONE', ( #46 ), #1644, .T. ) ;
#1983 = AXIS2_PLACEMENT_3D ( 'NONE', #643, #1197, #382 ) ;
#1984 = VERTEX_POINT ( 'NONE', #1213 ) ;
#1985 = LINE ( 'NONE', #690, #2666 ) ;
#1986 = FILL_AREA_STYLE ('',( #1475 ) ) ;
#1987 = CARTESIAN_POINT ( 'NONE',  ( 43.40000000000000568, 3.874999999999932943, 3.874999999999971578 ) ) ;
#1988 = EDGE_LOOP ( 'NONE', ( #197, #487, #2577, #2814, #1123, #2345 ) ) ;
#1989 = SURFACE_SIDE_STYLE ('',( #1251 ) ) ;
#1990 = CARTESIAN_POINT ( 'NONE',  ( -46.60000000000001563, -10.00000000000000000, -20.00000000000001066 ) ) ;
#1991 = FILL_AREA_STYLE ('',( #1017 ) ) ;
#1992 = DIRECTION ( 'NONE',  ( -0.000000000000000000, -0.000000000000000000, 1.000000000000000000 ) ) ;
#1993 = ORIENTED_EDGE ( 'NONE', *, *, #947, .T. ) ;
#1994 = ORIENTED_EDGE ( 'NONE', *, *, #583, .T. ) ;
#1995 = CARTESIAN_POINT ( 'NONE',  ( -3.000000000000002665, 14.75000000000000355, -15.00000000000000888 ) ) ;
#1996 = DIRECTION ( 'NONE',  ( -1.000000000000000000, 0.000000000000000000, 0.000000000000000000 ) ) ;
#1997 = FACE_OUTER_BOUND ( 'NONE', #1829, .T. ) ;
#1998 = VERTEX_POINT ( 'NONE', #3223 ) ;
#1999 = EDGE_CURVE ( 'NONE', #702, #702, #1637, .T. ) ;
#2000 = PRESENTATION_STYLE_ASSIGNMENT (( #152 ) ) ;
#2001 = FACE_BOUND ( 'NONE', #595, .T. ) ;
#2002 = PRESENTATION_STYLE_ASSIGNMENT (( #2548 ) ) ;
#2003 = EDGE_CURVE ( 'NONE', #2646, #1727, #1081, .T. ) ;
#2004 = SURFACE_STYLE_FILL_AREA ( #215 ) ;
#2005 = UNCERTAINTY_MEASURE_WITH_UNIT (LENGTH_MEASURE( 1.000000000000000082E-05 ), #2255, 'distance_accuracy_value', 'NONE');
#2006 = DIRECTION ( 'NONE',  ( 0.000000000000000000, 1.000000000000000000, 1.734723475976807094E-16 ) ) ;
#2007 = CARTESIAN_POINT ( 'NONE',  ( -0.6427669529663342374, -8.737436867076457503, -17.64276695296641861 ) ) ;
#2008 = ORIENTED_EDGE ( 'NONE', *, *, #2316, .T. ) ;
#2009 = VECTOR ( 'NONE', #3292, 1000.000000000000000 ) ;
#2010 = ORIENTED_EDGE ( 'NONE', *, *, #2775, .T. ) ;
#2011 = SURFACE_STYLE_USAGE ( .BOTH. , #983 ) ;
#2012 = CARTESIAN_POINT ( 'NONE',  ( 38.40000000000000568, 14.75000000000000355, -64.40000000000000568 ) ) ;
#2013 = DIRECTION ( 'NONE',  ( 0.000000000000000000, 0.000000000000000000, 1.000000000000000000 ) ) ;
#2014 =( LENGTH_UNIT ( ) NAMED_UNIT ( * ) SI_UNIT ( .MILLI., .METRE. ) );
#2015 = CARTESIAN_POINT ( 'NONE',  ( 20.20000000000000284, 3.550000000000005151, -25.00000000000001066 ) ) ;
#2016 = PRESENTATION_LAYER_ASSIGNMENT (  '', '', ( #938 ) ) ;
#2017 = FACE_OUTER_BOUND ( 'NONE', #2909, .T. ) ;
#2018 = FACE_OUTER_BOUND ( 'NONE', #55, .T. ) ;
#2019 = SURFACE_SIDE_STYLE ('',( #2070 ) ) ;
#2020 = STYLED_ITEM ( 'NONE', ( #569 ), #3333 ) ;
#2021 = PRESENTATION_LAYER_ASSIGNMENT (  '', '', ( #2717 ) ) ;
#2022 = CIRCLE ( 'NONE', #2184, 1.550000000000000933 ) ;
#2023 = ADVANCED_FACE ( 'NONE', ( #571, #2103 ), #2416, .F. ) ;
#2024 = LINE ( 'NONE', #807, #337 ) ;
#2025 = COLOUR_RGB ( '',0.5999999999999999778, 0.1607843137254901800, 0.7529411764705882248 ) ;
#2026 = DIRECTION ( 'NONE',  ( -0.000000000000000000, -0.000000000000000000, 1.000000000000000000 ) ) ;
#2027 = SURFACE_SIDE_STYLE ('',( #2500 ) ) ;
#2028 = CYLINDRICAL_SURFACE ( 'NONE', #3121, 1.549999999999999378 ) ;
#2029 = VERTEX_POINT ( 'NONE', #626 ) ;
#2030 = SURFACE_SIDE_STYLE ('',( #1227 ) ) ;
#2031 = DIRECTION ( 'NONE',  ( 0.000000000000000000, 0.000000000000000000, 1.000000000000000000 ) ) ;
#2032 = DIRECTION ( 'NONE',  ( -1.000000000000000000, -0.000000000000000000, -0.000000000000000000 ) ) ;
#2033 = DIRECTION ( 'NONE',  ( 0.000000000000000000, 0.000000000000000000, 1.000000000000000000 ) ) ;
#2034 = CARTESIAN_POINT ( 'NONE',  ( 20.20000000000000284, 8.550000000000006040, -25.00000000000001066 ) ) ;
#2035 = STYLED_ITEM ( 'NONE', ( #471 ), #140 ) ;
#2036 = FACE_OUTER_BOUND ( 'NONE', #2870, .T. ) ;
#2037 = FACE_OUTER_BOUND ( 'NONE', #2398, .T. ) ;
#2038 = STYLED_ITEM ( 'NONE', ( #2241 ), #341 ) ;
#2039 = STYLED_ITEM ( 'NONE', ( #1788 ), #731 ) ;
#2040 = FACE_OUTER_BOUND ( 'NONE', #3162, .T. ) ;
#2041 = CARTESIAN_POINT ( 'NONE',  ( 38.40000000000000568, 7.000000000000000000, 0.000000000000000000 ) ) ;
#2042 = AXIS2_PLACEMENT_3D ( 'NONE', #799, #293, #2112 ) ;
#2043 = PRESENTATION_STYLE_ASSIGNMENT (( #3326 ) ) ;
#2044 = EDGE_CURVE ( 'NONE', #292, #748, #1116, .T. ) ;
#2045 = SURFACE_SIDE_STYLE ('',( #1238 ) ) ;
#2046 =( LENGTH_UNIT ( ) NAMED_UNIT ( * ) SI_UNIT ( .MILLI., .METRE. ) );
#2047 = EDGE_LOOP ( 'NONE', ( #2887 ) ) ;
#2048 = DIRECTION ( 'NONE',  ( 0.000000000000000000, 0.000000000000000000, -1.000000000000000000 ) ) ;
#2049 = EDGE_CURVE ( 'NONE', #1021, #3317, #1985, .T. ) ;
#2050 = LINE ( 'NONE', #1801, #354 ) ;
#2051 = PRESENTATION_STYLE_ASSIGNMENT (( #1024 ) ) ;
#2052 = APPLICATION_PROTOCOL_DEFINITION ( 'draft international standard', 'automotive_design', 1998, #406 ) ;
#2053 = ORIENTED_EDGE ( 'NONE', *, *, #531, .F. ) ;
#2054 = FACE_OUTER_BOUND ( 'NONE', #2703, .T. ) ;
#2055 = CARTESIAN_POINT ( 'NONE',  ( -2.735322495582968028, -5.456017558195799921, -19.73532249558303775 ) ) ;
#2056 = CARTESIAN_POINT ( 'NONE',  ( -3.000000000000002665, 9.999999999999991118, -3.469446951953614189E-15 ) ) ;
#2057 = AXIS2_PLACEMENT_3D ( 'NONE', #2118, #1367, #63 ) ;
#2058 = DIRECTION ( 'NONE',  ( 0.000000000000000000, 0.000000000000000000, -1.000000000000000000 ) ) ;
#2059 = LINE ( 'NONE', #2501, #1096 ) ;
#2060 = ORIENTED_EDGE ( 'NONE', *, *, #2994, .F. ) ;
#2061 = ORIENTED_EDGE ( 'NONE', *, *, #2003, .F. ) ;
#2062 = EDGE_CURVE ( 'NONE', #2638, #2087, #1816, .T. ) ;
#2063 = SURFACE_SIDE_STYLE ('',( #1033 ) ) ;
#2064 = FILL_AREA_STYLE ('',( #523 ) ) ;
#2065 = CARTESIAN_POINT ( 'NONE',  ( 28.75000000000000355, 3.469446951953615767E-15, -61.40000000000001279 ) ) ;
#2066 = ADVANCED_FACE ( 'NONE', ( #2474 ), #1184, .T. ) ;
#2067 = LINE ( 'NONE', #2514, #2482 ) ;
#2068 = VERTEX_POINT ( 'NONE', #2426 ) ;
#2069 = AXIS2_PLACEMENT_3D ( 'NONE', #1037, #3337, #2786 ) ;
#2070 = SURFACE_STYLE_FILL_AREA ( #3013 ) ;
#2071 = STYLED_ITEM ( 'NONE', ( #2051 ), #1465 ) ;
#2072 =( GEOMETRIC_REPRESENTATION_CONTEXT ( 3 ) GLOBAL_UNCERTAINTY_ASSIGNED_CONTEXT ( ( #3001 ) ) GLOBAL_UNIT_ASSIGNED_CONTEXT ( ( #2046, #963, #2777 ) ) REPRESENTATION_CONTEXT ( 'NONE', 'WORKASPACE' ) );
#2073 = CIRCLE ( 'NONE', #2916, 5.000000000000000888 ) ;
#2074 =( GEOMETRIC_REPRESENTATION_CONTEXT ( 3 ) GLOBAL_UNCERTAINTY_ASSIGNED_CONTEXT ( ( #2174 ) ) GLOBAL_UNIT_ASSIGNED_CONTEXT ( ( #1002, #2307, #2523 ) ) REPRESENTATION_CONTEXT ( 'NONE', 'WORKASPACE' ) );
#2075 = PRESENTATION_LAYER_ASSIGNMENT (  '', '', ( #3090 ) ) ;
#2076 =( NAMED_UNIT ( * ) SI_UNIT ( $, .STERADIAN. ) SOLID_ANGLE_UNIT ( ) );
#2077 = FACE_OUTER_BOUND ( 'NONE', #296, .T. ) ;
#2078 = PRESENTATION_LAYER_ASSIGNMENT (  '', '', ( #1328 ) ) ;
#2079 = CARTESIAN_POINT ( 'NONE',  ( 43.40000000000001279, -6.992832721391624595, -16.05662432702595410 ) ) ;
#2080 = ORIENTED_EDGE ( 'NONE', *, *, #749, .F. ) ;
#2081 = ORIENTED_EDGE ( 'NONE', *, *, #49, .T. ) ;
#2082 = VECTOR ( 'NONE', #1647, 1000.000000000000000 ) ;
#2083 = SURFACE_STYLE_FILL_AREA ( #2625 ) ;
#2084 = DIRECTION ( 'NONE',  ( 1.000000000000000000, 0.000000000000000000, 0.000000000000000000 ) ) ;
#2085 = SURFACE_STYLE_USAGE ( .BOTH. , #1587 ) ;
#2086 = EDGE_CURVE ( 'NONE', #2526, #2526, #1702, .T. ) ;
#2087 = VERTEX_POINT ( 'NONE', #2206 ) ;
#2088 = COLOUR_RGB ( '',0.5999999999999999778, 0.1607843137254901800, 0.7529411764705882248 ) ;
#2089 = CIRCLE ( 'NONE', #674, 1.550000000000001155 ) ;
#2090 =( NAMED_UNIT ( * ) SI_UNIT ( $, .STERADIAN. ) SOLID_ANGLE_UNIT ( ) );
#2091 = AXIS2_PLACEMENT_3D ( 'NONE', #525, #2788, #1007 ) ;
#2092 =( NAMED_UNIT ( * ) SI_UNIT ( $, .STERADIAN. ) SOLID_ANGLE_UNIT ( ) );
#2093 = VECTOR ( 'NONE', #2472, 1000.000000000000000 ) ;
#2094 = DIRECTION ( 'NONE',  ( 0.000000000000000000, 0.000000000000000000, 1.000000000000000000 ) ) ;
#2095 =( LENGTH_UNIT ( ) NAMED_UNIT ( * ) SI_UNIT ( .MILLI., .METRE. ) );
#2096 = ORIENTED_EDGE ( 'NONE', *, *, #2973, .T. ) ;
#2097 = ORIENTED_EDGE ( 'NONE', *, *, #2441, .F. ) ;
#2098 = CARTESIAN_POINT ( 'NONE',  ( 43.40000000000000568, -10.00000000000000178, -69.40000000000001990 ) ) ;
#2099 = CARTESIAN_POINT ( 'NONE',  ( 38.40000000000000568, 19.75000000000000355, -25.00000000000000711 ) ) ;
#2100 = DIRECTION ( 'NONE',  ( 0.000000000000000000, 0.000000000000000000, -1.000000000000000000 ) ) ;
#2101 = VERTEX_POINT ( 'NONE', #1950 ) ;
#2102 = EDGE_CURVE ( 'NONE', #2934, #2101, #242, .T. ) ;
#2103 = FACE_OUTER_BOUND ( 'NONE', #2165, .T. ) ;
#2104 = DIRECTION ( 'NONE',  ( 0.000000000000000000, 1.000000000000000000, 0.000000000000000000 ) ) ;
#2105 = UNCERTAINTY_MEASURE_WITH_UNIT (LENGTH_MEASURE( 1.000000000000000082E-05 ), #3081, 'distance_accuracy_value', 'NONE');
#2106 = EDGE_CURVE ( 'NONE', #722, #722, #1977, .T. ) ;
#2107 = MECHANICAL_DESIGN_GEOMETRIC_PRESENTATION_REPRESENTATION (  '', ( #51 ), #1063 ) ;
#2108 = SURFACE_SIDE_STYLE ('',( #893 ) ) ;
#2109 = CARTESIAN_POINT ( 'NONE',  ( 38.39999999999998437, 16.74999999999999645, -20.41742430504417172 ) ) ;
#2110 = LINE ( 'NONE', #53, #1705 ) ;
#2111 = ORIENTED_EDGE ( 'NONE', *, *, #3185, .T. ) ;
#2112 = DIRECTION ( 'NONE',  ( 0.000000000000000000, 1.000000000000000000, 3.469446951953612217E-16 ) ) ;
#2113 = FACE_BOUND ( 'NONE', #291, .T. ) ;
#2114 = AXIS2_PLACEMENT_3D ( 'NONE', #499, #265, #1006 ) ;
#2115 = FILL_AREA_STYLE ('',( #601 ) ) ;
#2116 = DIRECTION ( 'NONE',  ( -0.000000000000000000, 1.000000000000000000, 0.000000000000000000 ) ) ;
#2117 = ORIENTED_EDGE ( 'NONE', *, *, #632, .T. ) ;
#2118 = CARTESIAN_POINT ( 'NONE',  ( 38.40000000000000568, 24.75000000000000355, -20.00000000000000711 ) ) ;
#2119 = DIRECTION ( 'NONE',  ( -1.000000000000000000, 0.000000000000000000, 0.000000000000000000 ) ) ;
#2120 = PRESENTATION_LAYER_ASSIGNMENT (  '', '', ( #3239 ) ) ;
#2121 = CARTESIAN_POINT ( 'NONE',  ( 43.40000000000000568, 0.000000000000000000, -1.734723475976807094E-15 ) ) ;
#2122 = ADVANCED_FACE ( 'NONE', ( #2491 ), #2221, .F. ) ;
#2123 = ORIENTED_EDGE ( 'NONE', *, *, #193, .F. ) ;
#2124 = PRESENTATION_LAYER_ASSIGNMENT (  '', '', ( #2968 ) ) ;
#2125 = AXIS2_PLACEMENT_3D ( 'NONE', #3066, #2772, #468 ) ;
#2126 = STYLED_ITEM ( 'NONE', ( #3298 ), #2613 ) ;
#2127 = EDGE_LOOP ( 'NONE', ( #3138, #977, #43, #2918, #2123, #836, #1321, #1420, #1503, #1568 ) ) ;
#2128 = PRESENTATION_STYLE_ASSIGNMENT (( #1600 ) ) ;
#2129 = ORIENTED_EDGE ( 'NONE', *, *, #1536, .F. ) ;
#2130 = SURFACE_STYLE_FILL_AREA ( #2853 ) ;
#2131 = PRESENTATION_LAYER_ASSIGNMENT (  '', '', ( #1766 ) ) ;
#2132 = ORIENTED_EDGE ( 'NONE', *, *, #2585, .F. ) ;
#2133 = CARTESIAN_POINT ( 'NONE',  ( 2.000000000000000000, 0.000000000000000000, 0.000000000000000000 ) ) ;
#2134 =( GEOMETRIC_REPRESENTATION_CONTEXT ( 3 ) GLOBAL_UNCERTAINTY_ASSIGNED_CONTEXT ( ( #334 ) ) GLOBAL_UNIT_ASSIGNED_CONTEXT ( ( #2687, #1912, #1193 ) ) REPRESENTATION_CONTEXT ( 'NONE', 'WORKASPACE' ) );
#2135 = ORIENTED_EDGE ( 'NONE', *, *, #1643, .F. ) ;
#2136 = FACE_OUTER_BOUND ( 'NONE', #34, .T. ) ;
#2137 = FACE_OUTER_BOUND ( 'NONE', #1364, .T. ) ;
#2138 =( GEOMETRIC_REPRESENTATION_CONTEXT ( 3 ) GLOBAL_UNCERTAINTY_ASSIGNED_CONTEXT ( ( #505 ) ) GLOBAL_UNIT_ASSIGNED_CONTEXT ( ( #2499, #3312, #695 ) ) REPRESENTATION_CONTEXT ( 'NONE', 'WORKASPACE' ) );
#2139 = CARTESIAN_POINT ( 'NONE',  ( -27.59999999999999787, 14.75000000000000355, -59.40000000000000568 ) ) ;
#2140 = DIRECTION ( 'NONE',  ( 0.000000000000000000, 5.178214303060928026E-15, 1.000000000000000000 ) ) ;
#2141 = CARTESIAN_POINT ( 'NONE',  ( -2.001881908412546557E-15, -9.646446609406723383, -17.00000000000001421 ) ) ;
#2142 = VERTEX_POINT ( 'NONE', #1756 ) ;
#2143 = ORIENTED_EDGE ( 'NONE', *, *, #2994, .T. ) ;
#2144 = EDGE_CURVE ( 'NONE', #1840, #2147, #2291, .T. ) ;
#2145 =( GEOMETRIC_REPRESENTATION_CONTEXT ( 3 ) GLOBAL_UNCERTAINTY_ASSIGNED_CONTEXT ( ( #1200 ) ) GLOBAL_UNIT_ASSIGNED_CONTEXT ( ( #2671, #326, #80 ) ) REPRESENTATION_CONTEXT ( 'NONE', 'WORKASPACE' ) );
#2146 = DIRECTION ( 'NONE',  ( 1.000000000000000000, 0.000000000000000000, 0.000000000000000000 ) ) ;
#2147 = VERTEX_POINT ( 'NONE', #1555 ) ;
#2148 = CARTESIAN_POINT ( 'NONE',  ( 43.13532249558304699, -5.809570948788993050, -19.73532249558286367 ) ) ;
#2149 = DIRECTION ( 'NONE',  ( -0.000000000000000000, -1.000000000000000000, -0.000000000000000000 ) ) ;
#2150 = EDGE_CURVE ( 'NONE', #1404, #307, #1357, .T. ) ;
#2151 = ORIENTED_EDGE ( 'NONE', *, *, #3250, .T. ) ;
#2152 = DIRECTION ( 'NONE',  ( 0.000000000000000000, 0.000000000000000000, 1.000000000000000000 ) ) ;
#2153 = EDGE_LOOP ( 'NONE', ( #1676 ) ) ;
#2154 = FACE_BOUND ( 'NONE', #1049, .T. ) ;
#2155 = CARTESIAN_POINT ( 'NONE',  ( 2.000000000000001776, 0.000000000000000000, 0.000000000000000000 ) ) ;
#2156 = CARTESIAN_POINT ( 'NONE',  ( 0.5000000000000073275, -10.00000000000000000, -17.00000000000001421 ) ) ;
#2157 = SURFACE_SIDE_STYLE ('',( #1068 ) ) ;
#2158 = ORIENTED_EDGE ( 'NONE', *, *, #421, .T. ) ;
#2159 = ORIENTED_EDGE ( 'NONE', *, *, #2504, .T. ) ;
#2160 = CARTESIAN_POINT ( 'NONE',  ( 40.34961488321948764, -9.714978738039302897, -17.45346605101004656 ) ) ;
#2161 = DIRECTION ( 'NONE',  ( -1.000000000000000000, 0.000000000000000000, 0.000000000000000000 ) ) ;
#2162 = PRESENTATION_LAYER_ASSIGNMENT (  '', '', ( #1423 ) ) ;
#2163 = EDGE_CURVE ( 'NONE', #2903, #1857, #2067, .T. ) ;
#2164 = FACE_OUTER_BOUND ( 'NONE', #850, .T. ) ;
#2165 = EDGE_LOOP ( 'NONE', ( #2587 ) ) ;
#2166 = LINE ( 'NONE', #1728, #2603 ) ;
#2167 = FILL_AREA_STYLE_COLOUR ( '', #29 ) ;
#2168 = EDGE_LOOP ( 'NONE', ( #1255 ) ) ;
#2169 = ADVANCED_FACE ( 'NONE', ( #2036 ), #2321, .F. ) ;
#2170 = DIRECTION ( 'NONE',  ( 0.000000000000000000, 1.000000000000000000, 0.000000000000000000 ) ) ;
#2171 = PRESENTATION_STYLE_ASSIGNMENT (( #2597 ) ) ;
#2172 = LINE ( 'NONE', #2617, #295 ) ;
#2173 = SURFACE_STYLE_FILL_AREA ( #384 ) ;
#2174 = UNCERTAINTY_MEASURE_WITH_UNIT (LENGTH_MEASURE( 1.000000000000000082E-05 ), #1002, 'distance_accuracy_value', 'NONE');
#2175 = PLANE ( 'NONE',  #339 ) ;
#2176 = PRESENTATION_LAYER_ASSIGNMENT (  '', '', ( #2648 ) ) ;
#2177 = DIRECTION ( 'NONE',  ( 1.000000000000000000, 0.000000000000000000, 0.000000000000000000 ) ) ;
#2178 = VECTOR ( 'NONE', #2378, 1000.000000000000000 ) ;
#2179 = CYLINDRICAL_SURFACE ( 'NONE', #1825, 1.550000000000002709 ) ;
#2180 = PRESENTATION_STYLE_ASSIGNMENT (( #635 ) ) ;
#2181 = AXIS2_PLACEMENT_3D ( 'NONE', #618, #2940, #411 ) ;
#2182 = CYLINDRICAL_SURFACE ( 'NONE', #2232, 5.000000000000000888 ) ;
#2183 = STYLED_ITEM ( 'NONE', ( #2586 ), #1121 ) ;
#2184 = AXIS2_PLACEMENT_3D ( 'NONE', #1472, #1457, #1696 ) ;
#2185 = FILL_AREA_STYLE_COLOUR ( '', #164 ) ;
#2186 = ORIENTED_EDGE ( 'NONE', *, *, #2316, .F. ) ;
#2187 = SURFACE_SIDE_STYLE ('',( #3254 ) ) ;
#2188 = CARTESIAN_POINT ( 'NONE',  ( 40.40000000000000568, -10.00000000000000000, -17.00000000000001421 ) ) ;
#2189 = STYLED_ITEM ( 'NONE', ( #767 ), #1460 ) ;
#2190 = MECHANICAL_DESIGN_GEOMETRIC_PRESENTATION_REPRESENTATION (  '', ( #2770 ), #2818 ) ;
#2191 = EDGE_CURVE ( 'NONE', #2638, #1519, #2928, .T. ) ;
#2192 = STYLED_ITEM ( 'NONE', ( #552 ), #2950 ) ;
#2193 = DIRECTION ( 'NONE',  ( 0.000000000000000000, -0.000000000000000000, -1.000000000000000000 ) ) ;
#2194 =( LENGTH_UNIT ( ) NAMED_UNIT ( * ) SI_UNIT ( .MILLI., .METRE. ) );
#2195 =( NAMED_UNIT ( * ) PLANE_ANGLE_UNIT ( ) SI_UNIT ( $, .RADIAN. ) );
#2196 = LINE ( 'NONE', #2465, #1500 ) ;
#2197 = CARTESIAN_POINT ( 'NONE',  ( 2.401923788646694202, -10.00000000000000000, -18.90192378864669820 ) ) ;
#2198 =( LENGTH_UNIT ( ) NAMED_UNIT ( * ) SI_UNIT ( .MILLI., .METRE. ) );
#2199 = PLANE ( 'NONE',  #2303 ) ;
#2200 = FACE_OUTER_BOUND ( 'NONE', #2761, .T. ) ;
#2201 = CARTESIAN_POINT ( 'NONE',  ( -3.000000000000002665, -10.00000000000000533, -7.500000000000000000 ) ) ;
#2202 = CARTESIAN_POINT ( 'NONE',  ( 20.20000000000000284, 7.000000000000003553, -69.40000000000001990 ) ) ;
#2203 = DIRECTION ( 'NONE',  ( 0.000000000000000000, -1.000000000000000000, 0.000000000000000000 ) ) ;
#2204 = MECHANICAL_DESIGN_GEOMETRIC_PRESENTATION_REPRESENTATION (  '', ( #1565 ), #1684 ) ;
#2205 = CARTESIAN_POINT ( 'NONE',  ( 43.40000000000000568, 0.000000000000000000, 5.450000000000000178 ) ) ;
#2206 = CARTESIAN_POINT ( 'NONE',  ( 38.40000000000000568, 19.75000000000000355, -59.40000000000000568 ) ) ;
#2207 = EDGE_CURVE ( 'NONE', #418, #418, #1333, .T. ) ;
#2208 = SURFACE_SIDE_STYLE ('',( #1719 ) ) ;
#2209 = UNCERTAINTY_MEASURE_WITH_UNIT (LENGTH_MEASURE( 1.000000000000000082E-05 ), #360, 'distance_accuracy_value', 'NONE');
#2210 =( NAMED_UNIT ( * ) SI_UNIT ( $, .STERADIAN. ) SOLID_ANGLE_UNIT ( ) );
#2211 = DIRECTION ( 'NONE',  ( 0.000000000000000000, -1.000000000000000000, 0.000000000000000000 ) ) ;
#2212 = CARTESIAN_POINT ( 'NONE',  ( 40.40000000000000568, -10.00000000000000000, -17.00000000000001421 ) ) ;
#2213 = SURFACE_STYLE_FILL_AREA ( #3244 ) ;
#2214 = DIRECTION ( 'NONE',  ( 0.000000000000000000, -3.469446951953614682E-16, 1.000000000000000000 ) ) ;
#2215 = SURFACE_SIDE_STYLE ('',( #637 ) ) ;
#2216 = DIRECTION ( 'NONE',  ( 0.000000000000000000, 0.000000000000000000, 1.000000000000000000 ) ) ;
#2217 =( GEOMETRIC_REPRESENTATION_CONTEXT ( 3 ) GLOBAL_UNCERTAINTY_ASSIGNED_CONTEXT ( ( #1411 ) ) GLOBAL_UNIT_ASSIGNED_CONTEXT ( ( #832, #1331, #1884 ) ) REPRESENTATION_CONTEXT ( 'NONE', 'WORKASPACE' ) );
#2218 = CARTESIAN_POINT ( 'NONE',  ( 38.40000000000000568, 0.000000000000000000, -3.549999999999999822 ) ) ;
#2219 = MECHANICAL_DESIGN_GEOMETRIC_PRESENTATION_REPRESENTATION (  '', ( #3063 ), #2377 ) ;
#2220 = PRODUCT_DEFINITION_SHAPE ( 'NONE', 'NONE',  #2460 ) ;
#2221 = PLANE ( 'NONE',  #2673 ) ;
#2222 =( NAMED_UNIT ( * ) PLANE_ANGLE_UNIT ( ) SI_UNIT ( $, .RADIAN. ) );
#2223 = FACE_OUTER_BOUND ( 'NONE', #556, .T. ) ;
#2224 = CIRCLE ( 'NONE', #1848, 10.00000000000000000 ) ;
#2225 =( LENGTH_UNIT ( ) NAMED_UNIT ( * ) SI_UNIT ( .MILLI., .METRE. ) );
#2226 = ADVANCED_FACE ( 'NONE', ( #2017 ), #2798, .T. ) ;
#2227 = SURFACE_STYLE_USAGE ( .BOTH. , #878 ) ;
#2228 = PLANE ( 'NONE',  #3240 ) ;
#2229 = CARTESIAN_POINT ( 'NONE',  ( -3.000000000000002665, -10.00000000000000355, -15.00000000000001243 ) ) ;
#2230 = ORIENTED_EDGE ( 'NONE', *, *, #3115, .F. ) ;
#2231 = DIRECTION ( 'NONE',  ( 1.000000000000000000, 0.000000000000000000, 0.000000000000000000 ) ) ;
#2232 = AXIS2_PLACEMENT_3D ( 'NONE', #373, #1454, #1944 ) ;
#2233 = COLOUR_RGB ( '',0.5999999999999999778, 0.1607843137254901800, 0.7529411764705882248 ) ;
#2234 = ORIENTED_EDGE ( 'NONE', *, *, #847, .T. ) ;
#2235 = FILL_AREA_STYLE ('',( #138 ) ) ;
#2236 = DIRECTION ( 'NONE',  ( -0.000000000000000000, -1.000000000000000000, -0.000000000000000000 ) ) ;
#2237 = VECTOR ( 'NONE', #631, 1000.000000000000227 ) ;
#2238 = COLOUR_RGB ( '',0.5999999999999999778, 0.1607843137254901800, 0.7529411764705882248 ) ;
#2239 = VERTEX_POINT ( 'NONE', #2257 ) ;
#2240 = FILL_AREA_STYLE ('',( #2691 ) ) ;
#2241 = PRESENTATION_STYLE_ASSIGNMENT (( #1214 ) ) ;
#2242 = AXIS2_PLACEMENT_3D ( 'NONE', #573, #1629, #2633 ) ;
#2243 = VECTOR ( 'NONE', #1189, 1000.000000000000000 ) ;
#2244 = CARTESIAN_POINT ( 'NONE',  ( 38.40000000000001279, 24.75000000000000355, -25.00000000000000711 ) ) ;
#2245 = DIRECTION ( 'NONE',  ( 1.000000000000000000, 0.000000000000000000, 0.000000000000000000 ) ) ;
#2246 = SURFACE_SIDE_STYLE ('',( #961 ) ) ;
#2247 = CARTESIAN_POINT ( 'NONE',  ( 38.40000000000000568, 19.75000000000000355, -20.00000000000000711 ) ) ;
#2248 = FACE_OUTER_BOUND ( 'NONE', #473, .T. ) ;
#2249 = ORIENTED_EDGE ( 'NONE', *, *, #2270, .F. ) ;
#2250 = EDGE_CURVE ( 'NONE', #2142, #2856, #209, .T. ) ;
#2251 = FILL_AREA_STYLE ('',( #463 ) ) ;
#2252 = VERTEX_POINT ( 'NONE', #2399 ) ;
#2253 =( NAMED_UNIT ( * ) SI_UNIT ( $, .STERADIAN. ) SOLID_ANGLE_UNIT ( ) );
#2254 = DIRECTION ( 'NONE',  ( 0.000000000000000000, 0.000000000000000000, 1.000000000000000000 ) ) ;
#2255 =( LENGTH_UNIT ( ) NAMED_UNIT ( * ) SI_UNIT ( .MILLI., .METRE. ) );
#2256 =( GEOMETRIC_REPRESENTATION_CONTEXT ( 3 ) GLOBAL_UNCERTAINTY_ASSIGNED_CONTEXT ( ( #1450 ) ) GLOBAL_UNIT_ASSIGNED_CONTEXT ( ( #1283, #2527, #480 ) ) REPRESENTATION_CONTEXT ( 'NONE', 'WORKASPACE' ) );
#2257 = CARTESIAN_POINT ( 'NONE',  ( 20.20000000000000284, -5.449999999999996625, -15.00000000000000000 ) ) ;
#2258 = EDGE_CURVE ( 'NONE', #399, #399, #3324, .T. ) ;
#2259 =( NAMED_UNIT ( * ) PLANE_ANGLE_UNIT ( ) SI_UNIT ( $, .RADIAN. ) );
#2260 = DIRECTION ( 'NONE',  ( 0.000000000000000000, -1.000000000000000000, 0.000000000000000000 ) ) ;
#2261 = DIRECTION ( 'NONE',  ( -1.000000000000000000, -0.000000000000000000, -0.000000000000000000 ) ) ;
#2262 = VECTOR ( 'NONE', #1662, 1000.000000000000000 ) ;
#2263 = CARTESIAN_POINT ( 'NONE',  ( 1.999999999999994893, -10.00000000000000178, -64.40000000000000568 ) ) ;
#2264 = DIRECTION ( 'NONE',  ( 0.000000000000000000, 1.000000000000000000, 0.000000000000000000 ) ) ;
#2265 =( NAMED_UNIT ( * ) PLANE_ANGLE_UNIT ( ) SI_UNIT ( $, .RADIAN. ) );
#2266 = ORIENTED_EDGE ( 'NONE', *, *, #1894, .T. ) ;
#2267 = EDGE_LOOP ( 'NONE', ( #761 ) ) ;
#2268 = CARTESIAN_POINT ( 'NONE',  ( 30.28427124746189847, 0.000000000000000000, 0.000000000000000000 ) ) ;
#2269 = FILL_AREA_STYLE_COLOUR ( '', #3157 ) ;
#2270 = EDGE_CURVE ( 'NONE', #1948, #1948, #3118, .T. ) ;
#2271 = CARTESIAN_POINT ( 'NONE',  ( 16.65000000000000213, 3.469446951953615767E-15, -69.40000000000001990 ) ) ;
#2272 = CARTESIAN_POINT ( 'NONE',  ( 0.000000000000000000, 33.00000000000000000, -50.59273534653674176 ) ) ;
#2273 = EDGE_CURVE ( 'NONE', #151, #151, #2529, .T. ) ;
#2274 = VERTEX_POINT ( 'NONE', #1146 ) ;
#2275 = PRESENTATION_LAYER_ASSIGNMENT (  '', '', ( #3063 ) ) ;
#2276 = CARTESIAN_POINT ( 'NONE',  ( 1.750943885167057568, -5.161863251215676129, -19.98284084218691703 ) ) ;
#2277 = ORIENTED_EDGE ( 'NONE', *, *, #1055, .T. ) ;
#2278 = DIRECTION ( 'NONE',  ( 0.000000000000000000, 0.000000000000000000, 1.000000000000000000 ) ) ;
#2279 = UNCERTAINTY_MEASURE_WITH_UNIT (LENGTH_MEASURE( 1.000000000000000082E-05 ), #1724, 'distance_accuracy_value', 'NONE');
#2280 = CARTESIAN_POINT ( 'NONE',  ( 26.90000000000000213, 10.24999999999999467, -15.00000000000001066 ) ) ;
#2281 = DIRECTION ( 'NONE',  ( 0.000000000000000000, 0.000000000000000000, -1.000000000000000000 ) ) ;
#2282 = DIRECTION ( 'NONE',  ( 1.000000000000000000, -0.000000000000000000, -0.000000000000000000 ) ) ;
#2283 = MECHANICAL_DESIGN_GEOMETRIC_PRESENTATION_REPRESENTATION (  '', ( #1035 ), #1553 ) ;
#2284 = DIRECTION ( 'NONE',  ( 1.000000000000000000, -0.000000000000000000, -0.000000000000000000 ) ) ;
#2285 = ORIENTED_EDGE ( 'NONE', *, *, #2480, .T. ) ;
#2286 = AXIS2_PLACEMENT_3D ( 'NONE', #733, #2534, #1545 ) ;
#2287 = ORIENTED_EDGE ( 'NONE', *, *, #1558, .T. ) ;
#2288 = DIRECTION ( 'NONE',  ( -0.000000000000000000, 0.000000000000000000, 1.000000000000000000 ) ) ;
#2289 =( NAMED_UNIT ( * ) SI_UNIT ( $, .STERADIAN. ) SOLID_ANGLE_UNIT ( ) );
#2290 = AXIS2_PLACEMENT_3D ( 'NONE', #712, #1254, #2575 ) ;
#2291 = LINE ( 'NONE', #2796, #1706 ) ;
#2292 = CARTESIAN_POINT ( 'NONE',  ( 43.40000000000000568, 0.000000000000000000, 0.000000000000000000 ) ) ;
#2293 = AXIS2_PLACEMENT_3D ( 'NONE', #375, #1433, #930 ) ;
#2294 = VECTOR ( 'NONE', #3052, 1000.000000000000000 ) ;
#2295 =( GEOMETRIC_REPRESENTATION_CONTEXT ( 3 ) GLOBAL_UNCERTAINTY_ASSIGNED_CONTEXT ( ( #32 ) ) GLOBAL_UNIT_ASSIGNED_CONTEXT ( ( #824, #1833, #1131 ) ) REPRESENTATION_CONTEXT ( 'NONE', 'WORKASPACE' ) );
#2296 = ADVANCED_FACE ( 'NONE', ( #2644, #1089 ), #1866, .F. ) ;
#2297 = CARTESIAN_POINT ( 'NONE',  ( -1.870838883161981325, -7.099017762744104232, -18.87083888316209013 ) ) ;
#2298 = MECHANICAL_DESIGN_GEOMETRIC_PRESENTATION_REPRESENTATION (  '', ( #120 ), #662 ) ;
#2299 = MECHANICAL_DESIGN_GEOMETRIC_PRESENTATION_REPRESENTATION (  '', ( #2126 ), #2394 ) ;
#2300 = ORIENTED_EDGE ( 'NONE', *, *, #632, .F. ) ;
#2301 = DIRECTION ( 'NONE',  ( -0.000000000000000000, -0.000000000000000000, 1.000000000000000000 ) ) ;
#2302 = STYLED_ITEM ( 'NONE', ( #22 ), #1499 ) ;
#2303 = AXIS2_PLACEMENT_3D ( 'NONE', #2965, #2211, #1222 ) ;
#2304 = SURFACE_STYLE_FILL_AREA ( #519 ) ;
#2305 = ORIENTED_EDGE ( 'NONE', *, *, #1643, .T. ) ;
#2306 = EDGE_LOOP ( 'NONE', ( #727 ) ) ;
#2307 =( NAMED_UNIT ( * ) PLANE_ANGLE_UNIT ( ) SI_UNIT ( $, .RADIAN. ) );
#2308 =( LENGTH_UNIT ( ) NAMED_UNIT ( * ) SI_UNIT ( .MILLI., .METRE. ) );
#2309 = AXIS2_PLACEMENT_3D ( 'NONE', #392, #1452, #1926 ) ;
#2310 = EDGE_LOOP ( 'NONE', ( #299 ) ) ;
#2311 = COLOUR_RGB ( '',0.5999999999999999778, 0.1607843137254901800, 0.7529411764705882248 ) ;
#2312 = CARTESIAN_POINT ( 'NONE',  ( 1.874041541878465944, -4.928270948818386010, -20.00000000000001066 ) ) ;
#2313 =( NAMED_UNIT ( * ) SI_UNIT ( $, .STERADIAN. ) SOLID_ANGLE_UNIT ( ) );
#2314 = EDGE_CURVE ( 'NONE', #1840, #3104, #348, .T. ) ;
#2315 = LINE ( 'NONE', #3328, #1493 ) ;
#2316 = EDGE_CURVE ( 'NONE', #1727, #90, #1660, .T. ) ;
#2317 = ORIENTED_EDGE ( 'NONE', *, *, #161, .T. ) ;
#2318 = VERTEX_POINT ( 'NONE', #524 ) ;
#2319 = CARTESIAN_POINT ( 'NONE',  ( 27.20000000000000639, 3.469446951953615767E-15, -61.40000000000001279 ) ) ;
#2320 = FILL_AREA_STYLE_COLOUR ( '', #2921 ) ;
#2321 = PLANE ( 'NONE',  #1453 ) ;
#2322 = CYLINDRICAL_SURFACE ( 'NONE', #2091, 1.550000000000001155 ) ;
#2323 = VERTEX_POINT ( 'NONE', #297 ) ;
#2324 = SURFACE_STYLE_USAGE ( .BOTH. , #854 ) ;
#2325 = CARTESIAN_POINT ( 'NONE',  ( 13.20000000000000284, 3.469446951953615767E-15, -61.40000000000001279 ) ) ;
#2326 = CARTESIAN_POINT ( 'NONE',  ( 40.40000000000000568, -10.00000000000000000, -17.00000000000001421 ) ) ;
#2327 = ORIENTED_EDGE ( 'NONE', *, *, #193, .T. ) ;
#2328 = EDGE_LOOP ( 'NONE', ( #3041 ) ) ;
#2329 = EDGE_CURVE ( 'NONE', #2459, #2459, #2970, .T. ) ;
#2330 = FACE_BOUND ( 'NONE', #1945, .T. ) ;
#2331 = FILL_AREA_STYLE ('',( #207 ) ) ;
#2332 = COLOUR_RGB ( '',0.5999999999999999778, 0.1607843137254901800, 0.7529411764705882248 ) ;
#2333 = PRESENTATION_STYLE_ASSIGNMENT (( #1316 ) ) ;
#2334 = SURFACE_STYLE_USAGE ( .BOTH. , #2566 ) ;
#2335 = EDGE_LOOP ( 'NONE', ( #1583 ) ) ;
#2336 = CARTESIAN_POINT ( 'NONE',  ( 26.90000000000000213, 16.74999999999999289, -25.00000000000000711 ) ) ;
#2337 = DIRECTION ( 'NONE',  ( 0.000000000000000000, -0.5773502691896258421, 0.8164965809277261455 ) ) ;
#2338 = UNCERTAINTY_MEASURE_WITH_UNIT (LENGTH_MEASURE( 1.000000000000000082E-05 ), #3243, 'distance_accuracy_value', 'NONE');
#2339 = CIRCLE ( 'NONE', #1858, 10.00000000000000000 ) ;
#2340 = PRESENTATION_LAYER_ASSIGNMENT (  '', '', ( #1051 ) ) ;
#2341 =( LENGTH_UNIT ( ) NAMED_UNIT ( * ) SI_UNIT ( .MILLI., .METRE. ) );
#2342 = COLOUR_RGB ( '',0.5999999999999999778, 0.1607843137254901800, 0.7529411764705882248 ) ;
#2343 = COLOUR_RGB ( '',0.5999999999999999778, 0.1607843137254901800, 0.7529411764705882248 ) ;
#2344 = CARTESIAN_POINT ( 'NONE',  ( 0.000000000000000000, 33.00000000000000000, -50.59273534653674176 ) ) ;
#2345 = ORIENTED_EDGE ( 'NONE', *, *, #562, .T. ) ;
#2346 = MECHANICAL_DESIGN_GEOMETRIC_PRESENTATION_REPRESENTATION (  '', ( #2192 ), #1819 ) ;
#2347 = CARTESIAN_POINT ( 'NONE',  ( 40.60159388638036404, -9.714903444319709536, -17.20159388589173233 ) ) ;
#2348 = EDGE_CURVE ( 'NONE', #1754, #1754, #2765, .T. ) ;
#2349 = LINE ( 'NONE', #864, #2660 ) ;
#2350 =( LENGTH_UNIT ( ) NAMED_UNIT ( * ) SI_UNIT ( .MILLI., .METRE. ) );
#2351 = EDGE_LOOP ( 'NONE', ( #684 ) ) ;
#2352 = EDGE_CURVE ( 'NONE', #934, #934, #493, .T. ) ;
#2353 = CARTESIAN_POINT ( 'NONE',  ( 40.40000000000000568, 10.00000000000000000, -2.250000000000035083 ) ) ;
#2354 = CIRCLE ( 'NONE', #1776, 1.550000000000000933 ) ;
#2355 = DIRECTION ( 'NONE',  ( -1.000000000000000000, 0.000000000000000000, 0.000000000000000000 ) ) ;
#2356 = FILL_AREA_STYLE_COLOUR ( '', #1281 ) ;
#2357 = VECTOR ( 'NONE', #379, 1000.000000000000000 ) ;
#2358 =( NAMED_UNIT ( * ) SI_UNIT ( $, .STERADIAN. ) SOLID_ANGLE_UNIT ( ) );
#2359 = CARTESIAN_POINT ( 'NONE',  ( -3.000000000000002665, 33.00000000000000000, -12.50000000000003197 ) ) ;
#2360 = EDGE_LOOP ( 'NONE', ( #1408 ) ) ;
#2361 = CARTESIAN_POINT ( 'NONE',  ( 43.06003763391043293, -6.911290848002741072, -15.93381854129442843 ) ) ;
#2362 = FACE_BOUND ( 'NONE', #638, .T. ) ;
#2363 = ORIENTED_EDGE ( 'NONE', *, *, #1094, .F. ) ;
#2364 = LINE ( 'NONE', #1347, #1236 ) ;
#2365 = VERTEX_POINT ( 'NONE', #1624 ) ;
#2366 = EDGE_CURVE ( 'NONE', #90, #2905, #2349, .T. ) ;
#2367 = LINE ( 'NONE', #2859, #3068 ) ;
#2368 = FACE_OUTER_BOUND ( 'NONE', #2414, .T. ) ;
#2369 = UNCERTAINTY_MEASURE_WITH_UNIT (LENGTH_MEASURE( 1.000000000000000082E-05 ), #3276, 'distance_accuracy_value', 'NONE');
#2370 = DIRECTION ( 'NONE',  ( 1.000000000000000000, -0.000000000000000000, -0.000000000000000000 ) ) ;
#2371 = DIRECTION ( 'NONE',  ( 0.000000000000000000, 0.000000000000000000, -1.000000000000000000 ) ) ;
#2372 = EDGE_LOOP ( 'NONE', ( #558 ) ) ;
#2373 = EDGE_LOOP ( 'NONE', ( #2568 ) ) ;
#2374 = DIRECTION ( 'NONE',  ( 0.000000000000000000, 0.000000000000000000, -1.000000000000000000 ) ) ;
#2375 = VERTEX_POINT ( 'NONE', #2629 ) ;
#2376 = SURFACE_STYLE_FILL_AREA ( #1843 ) ;
#2377 =( GEOMETRIC_REPRESENTATION_CONTEXT ( 3 ) GLOBAL_UNCERTAINTY_ASSIGNED_CONTEXT ( ( #2600 ) ) GLOBAL_UNIT_ASSIGNED_CONTEXT ( ( #10, #3304, #1058 ) ) REPRESENTATION_CONTEXT ( 'NONE', 'WORKASPACE' ) );
#2378 = DIRECTION ( 'NONE',  ( 1.000000000000000000, 0.000000000000000000, 0.000000000000000000 ) ) ;
#2379 = ORIENTED_EDGE ( 'NONE', *, *, #2062, .F. ) ;
#2380 = DIRECTION ( 'NONE',  ( 1.000000000000000000, -0.000000000000000000, -0.000000000000000000 ) ) ;
#2381 = SURFACE_SIDE_STYLE ('',( #825 ) ) ;
#2382 = ORIENTED_EDGE ( 'NONE', *, *, #1955, .T. ) ;
#2383 = SURFACE_STYLE_FILL_AREA ( #1389 ) ;
#2384 = COLOUR_RGB ( '',0.5999999999999999778, 0.1607843137254901800, 0.7529411764705882248 ) ;
#2385 = DIRECTION ( 'NONE',  ( -1.000000000000000000, 0.000000000000000000, -0.000000000000000000 ) ) ;
#2386 = EDGE_CURVE ( 'NONE', #1534, #3202, #1168, .T. ) ;
#2387 = CIRCLE ( 'NONE', #2181, 3.550000000000001155 ) ;
#2388 = EDGE_LOOP ( 'NONE', ( #2080, #2759, #3, #319, #895, #327, #413 ) ) ;
#2389 = DIRECTION ( 'NONE',  ( 0.000000000000000000, 0.000000000000000000, 1.000000000000000000 ) ) ;
#2390 = ORIENTED_EDGE ( 'NONE', *, *, #1960, .T. ) ;
#2391 = ORIENTED_EDGE ( 'NONE', *, *, #1371, .T. ) ;
#2392 = MECHANICAL_DESIGN_GEOMETRIC_PRESENTATION_REPRESENTATION (  '', ( #2020 ), #117 ) ;
#2393 = AXIS2_PLACEMENT_3D ( 'NONE', #550, #65, #1041 ) ;
#2394 =( GEOMETRIC_REPRESENTATION_CONTEXT ( 3 ) GLOBAL_UNCERTAINTY_ASSIGNED_CONTEXT ( ( #922 ) ) GLOBAL_UNIT_ASSIGNED_CONTEXT ( ( #1772, #1752, #464 ) ) REPRESENTATION_CONTEXT ( 'NONE', 'WORKASPACE' ) );
#2395 = FACE_BOUND ( 'NONE', #2372, .T. ) ;
#2396 = CARTESIAN_POINT ( 'NONE',  ( 43.40000000000001990, -5.050252531694171765, -20.00000000000004619 ) ) ;
#2397 = PRESENTATION_LAYER_ASSIGNMENT (  '', '', ( #2443 ) ) ;
#2398 = EDGE_LOOP ( 'NONE', ( #2739, #2305, #1770, #54, #3281, #1029, #39, #697, #3282, #1633, #2053, #3064, #1494, #2008 ) ) ;
#2399 = CARTESIAN_POINT ( 'NONE',  ( 43.40000000000000568, 24.75000000000000355, -25.00000000000000711 ) ) ;
#2400 = EDGE_LOOP ( 'NONE', ( #3146 ) ) ;
#2401 = CARTESIAN_POINT ( 'NONE',  ( 43.40000000000000568, 0.000000000000000000, -7.000000000000000000 ) ) ;
#2402 = DIRECTION ( 'NONE',  ( 0.000000000000000000, 0.000000000000000000, 1.000000000000000000 ) ) ;
#2403 = COLOUR_RGB ( '',0.5999999999999999778, 0.1607843137254901800, 0.7529411764705882248 ) ;
#2404 = LINE ( 'NONE', #1136, #2082 ) ;
#2405 =( BOUNDED_SURFACE ( )  B_SPLINE_SURFACE ( 3, 2, ( 
 ( #1793, #481, #1575 ),
 ( #2312, #1537, #3325 ),
 ( #2276, #2055, #2516 ),
 ( #774, #1302, #196 ),
 ( #1250, #3032, #725 ),
 ( #3065, #2297, #2831 ),
 ( #756, #502, #1559 ),
 ( #3288, #1758, #1806 ),
 ( #212, #254, #3340 ),
 ( #1010, #1040, #1823 ),
 ( #2582, #2771, #1778 ),
 ( #268, #467, #14 ) ),
 .UNSPECIFIED., .F., .F., .T. ) 
 B_SPLINE_SURFACE_WITH_KNOTS ( ( 4, 2, 2, 2, 2, 4 ),
 ( 3, 3 ),
 ( 6.806784082777885381, 6.937683776677459946, 7.068583470577035399, 7.330382858376184529, 7.592182246175333660, 7.853981633974482790 ),
 ( 0.000000000000000000, 1.000000000000000000 ),
 .UNSPECIFIED. ) 
 GEOMETRIC_REPRESENTATION_ITEM ( )  RATIONAL_B_SPLINE_SURFACE ( (
 ( 1.000000000000000000, 0.7071067811865482389, 1.000000000000000000),
 ( 1.000000000000000000, 0.7249242562426109204, 1.000000000000000000),
 ( 1.000000000000000000, 0.7433949690209594729, 1.000000000000000000),
 ( 1.000000000000000000, 0.7802764543935407637, 1.000000000000000000),
 ( 1.000000000000000000, 0.7986833936665524991, 1.000000000000000000),
 ( 1.000000000000000000, 0.8521229554500769909, 1.000000000000000000),
 ( 1.000000000000000000, 0.8852748551481314232, 1.000000000000000000),
 ( 1.000000000000000000, 0.9404670032024248227, 1.000000000000000000),
 ( 1.000000000000000000, 0.9625354083655885962, 1.000000000000000000),
 ( 1.000000000000000000, 0.9922963503916508721, 1.000000000000000000),
 ( 1.000000000000000000, 1.000033298861846554, 1.000000000000000000),
 ( 1.000000000000000000, 1.000000000000000000, 1.000000000000000000) ) ) 
 REPRESENTATION_ITEM ( '' )  SURFACE ( )  );
#2406 = DIRECTION ( 'NONE',  ( 1.000000000000000000, -0.000000000000000000, -0.000000000000000000 ) ) ;
#2407 = PRESENTATION_LAYER_ASSIGNMENT (  '', '', ( #1183 ) ) ;
#2408 = VERTEX_POINT ( 'NONE', #1892 ) ;
#2409 = EDGE_CURVE ( 'NONE', #307, #1436, #2715, .T. ) ;
#2410 = DIRECTION ( 'NONE',  ( 0.000000000000000000, 0.000000000000000000, -1.000000000000000000 ) ) ;
#2411 = CARTESIAN_POINT ( 'NONE',  ( 41.27240046380211425, -9.381260824207812377, -16.86477344011742829 ) ) ;
#2412 = SURFACE_SIDE_STYLE ('',( #2130 ) ) ;
#2413 = DIRECTION ( 'NONE',  ( 1.000000000000000000, 0.000000000000000000, 0.000000000000000000 ) ) ;
#2414 = EDGE_LOOP ( 'NONE', ( #789, #1309, #1636, #3085 ) ) ;
#2415 = PLANE ( 'NONE',  #1219 ) ;
#2416 = CYLINDRICAL_SURFACE ( 'NONE', #3135, 1.549999999999997602 ) ;
#2417 = FILL_AREA_STYLE_COLOUR ( '', #942 ) ;
#2418 = FACE_OUTER_BOUND ( 'NONE', #929, .T. ) ;
#2419 = CARTESIAN_POINT ( 'NONE',  ( -3.000000000000002665, -10.00000000000000178, -69.40000000000001990 ) ) ;
#2420 = SURFACE_STYLE_USAGE ( .BOTH. , #2971 ) ;
#2421 = EDGE_CURVE ( 'NONE', #1490, #1490, #165, .T. ) ;
#2422 = ORIENTED_EDGE ( 'NONE', *, *, #2144, .T. ) ;
#2423 = CARTESIAN_POINT ( 'NONE',  ( 20.20000000000000284, -10.00000000000000178, -64.40000000000000568 ) ) ;
#2424 =( NAMED_UNIT ( * ) PLANE_ANGLE_UNIT ( ) SI_UNIT ( $, .RADIAN. ) );
#2425 = SURFACE_SIDE_STYLE ('',( #2383 ) ) ;
#2426 = CARTESIAN_POINT ( 'NONE',  ( 38.90000000000000568, 14.75000000000000355, -19.97493718553310771 ) ) ;
#2427 = UNCERTAINTY_MEASURE_WITH_UNIT (LENGTH_MEASURE( 1.000000000000000082E-05 ), #106, 'distance_accuracy_value', 'NONE');
#2428 = AXIS2_PLACEMENT_3D ( 'NONE', #1354, #1887, #2371 ) ;
#2429 = DIRECTION ( 'NONE',  ( 0.000000000000000000, 0.000000000000000000, -1.000000000000000000 ) ) ;
#2430 = FILL_AREA_STYLE_COLOUR ( '', #1759 ) ;
#2431 = DIRECTION ( 'NONE',  ( 1.000000000000000000, 0.000000000000000000, 0.000000000000000000 ) ) ;
#2432 = COLOUR_RGB ( '',0.5999999999999999778, 0.1607843137254901800, 0.7529411764705882248 ) ;
#2433 =( GEOMETRIC_REPRESENTATION_CONTEXT ( 3 ) GLOBAL_UNCERTAINTY_ASSIGNED_CONTEXT ( ( #1746 ) ) GLOBAL_UNIT_ASSIGNED_CONTEXT ( ( #52, #554, #1045 ) ) REPRESENTATION_CONTEXT ( 'NONE', 'WORKASPACE' ) );
#2434 = PLANE ( 'NONE',  #547 ) ;
#2435 = MECHANICAL_DESIGN_GEOMETRIC_PRESENTATION_REPRESENTATION (  '', ( #1051 ), #3027 ) ;
#2436 = SURFACE_STYLE_FILL_AREA ( #95 ) ;
#2437 = CIRCLE ( 'NONE', #1052, 1.550000000000000933 ) ;
#2438 = CARTESIAN_POINT ( 'NONE',  ( 0.000000000000000000, 22.99999999999997868, -69.40000000000001990 ) ) ;
#2439 = ORIENTED_EDGE ( 'NONE', *, *, #704, .F. ) ;
#2440 = CARTESIAN_POINT ( 'NONE',  ( 43.40000000000000568, 24.75000000000000355, 0.000000000000000000 ) ) ;
#2441 = EDGE_CURVE ( 'NONE', #2029, #2581, #2166, .T. ) ;
#2442 = CIRCLE ( 'NONE', #1001, 4.999999999999999112 ) ;
#2443 = STYLED_ITEM ( 'NONE', ( #791 ), #3137 ) ;
#2444 = FACE_OUTER_BOUND ( 'NONE', #510, .T. ) ;
#2445 = EDGE_CURVE ( 'NONE', #2252, #2638, #3203, .T. ) ;
#2446 = CLOSED_SHELL ( 'NONE', ( #2649, #971, #358, #1627, #45, #1577, #26, #587, #1327, #1161, #1226, #1898, #2573, #2122, #3077, #256, #689, #1563, #1460, #2792, #2296, #2738, #3289, #2950, #1861, #3327, #2023, #1499, #402, #1439, #503, #3333, #1415, #92, #1803, #1201, #5, #335, #1418, #2613, #1941, #441, #1465, #2829, #1733, #3210, #3242, #952, #3137, #1982, #2226, #107, #1031, #140, #3207, #2169, #926, #2723, #341, #731, #887, #3225, #1121, #2631, #110, #356, #3101, #1348, #2543, #810, #2066 ) ) ;
#2447 = CYLINDRICAL_SURFACE ( 'NONE', #3194, 1.550000000000000044 ) ;
#2448 = DIRECTION ( 'NONE',  ( -0.000000000000000000, 0.000000000000000000, 1.000000000000000000 ) ) ;
#2449 = STYLED_ITEM ( 'NONE', ( #572 ), #256 ) ;
#2450 = DIRECTION ( 'NONE',  ( 0.000000000000000000, 1.734723475976807094E-16, -1.000000000000000000 ) ) ;
#2451 = AXIS2_PLACEMENT_3D ( 'NONE', #801, #1405, #2854 ) ;
#2452 = CARTESIAN_POINT ( 'NONE',  ( -3.000000000000002665, 10.00000000000000178, -28.00000000000000000 ) ) ;
#2453 = CARTESIAN_POINT ( 'NONE',  ( 1.999999999999997335, 24.75000000000000355, -59.40000000000000568 ) ) ;
#2454 = DIRECTION ( 'NONE',  ( -0.000000000000000000, 0.5773502691896256200, -0.8164965809277260345 ) ) ;
#2455 = FILL_AREA_STYLE ('',( #882 ) ) ;
#2456 = VERTEX_POINT ( 'NONE', #2457 ) ;
#2457 = CARTESIAN_POINT ( 'NONE',  ( 40.40000000000000568, -10.00000000000000000, -15.00000000000001066 ) ) ;
#2458 = DIRECTION ( 'NONE',  ( 1.000000000000000000, 0.000000000000000000, 0.000000000000000000 ) ) ;
#2459 = VERTEX_POINT ( 'NONE', #432 ) ;
#2460 = PRODUCT_DEFINITION ( 'UNKNOWN', '', #1110, #3133 ) ;
#2461 = CARTESIAN_POINT ( 'NONE',  ( 38.40000000000001279, 10.24999999999999467, -15.00000000000000888 ) ) ;
#2462 = SURFACE_STYLE_FILL_AREA ( #1508 ) ;
#2463 = UNCERTAINTY_MEASURE_WITH_UNIT (LENGTH_MEASURE( 1.000000000000000082E-05 ), #3183, 'distance_accuracy_value', 'NONE');
#2464 = EDGE_CURVE ( 'NONE', #189, #2365, #654, .T. ) ;
#2465 = CARTESIAN_POINT ( 'NONE',  ( 26.90000000000000213, 16.74999999999999289, -15.00000000000001066 ) ) ;
#2466 =( LENGTH_UNIT ( ) NAMED_UNIT ( * ) SI_UNIT ( .MILLI., .METRE. ) );
#2467 = PRESENTATION_STYLE_ASSIGNMENT (( #912 ) ) ;
#2468 = EDGE_LOOP ( 'NONE', ( #2661 ) ) ;
#2469 = SURFACE_STYLE_USAGE ( .BOTH. , #3201 ) ;
#2470 = EDGE_LOOP ( 'NONE', ( #536 ) ) ;
#2471 = PRESENTATION_STYLE_ASSIGNMENT (( #2485 ) ) ;
#2472 = DIRECTION ( 'NONE',  ( 0.000000000000000000, -1.000000000000000000, 0.000000000000000000 ) ) ;
#2473 = VERTEX_POINT ( 'NONE', #1730 ) ;
#2474 = FACE_OUTER_BOUND ( 'NONE', #262, .T. ) ;
#2475 = AXIS2_PLACEMENT_3D ( 'NONE', #657, #1715, #2996 ) ;
#2476 =( LENGTH_UNIT ( ) NAMED_UNIT ( * ) SI_UNIT ( .MILLI., .METRE. ) );
#2477 = SURFACE_SIDE_STYLE ('',( #2004 ) ) ;
#2478 = EDGE_CURVE ( 'NONE', #1107, #2620, #2704, .T. ) ;
#2479 = CARTESIAN_POINT ( 'NONE',  ( 20.20000000000000995, -10.00000000000000000, -20.00000000000001066 ) ) ;
#2480 = EDGE_CURVE ( 'NONE', #1231, #1231, #2437, .T. ) ;
#2481 = ORIENTED_EDGE ( 'NONE', *, *, #2409, .F. ) ;
#2482 = VECTOR ( 'NONE', #2544, 1000.000000000000114 ) ;
#2483 = AXIS2_PLACEMENT_3D ( 'NONE', #696, #3004, #2758 ) ;
#2484 = ORIENTED_EDGE ( 'NONE', *, *, #498, .F. ) ;
#2485 = SURFACE_STYLE_USAGE ( .BOTH. , #639 ) ;
#2486 = CARTESIAN_POINT ( 'NONE',  ( -3.000000000000002665, -9.999999999999998224, -28.00000000000000711 ) ) ;
#2487 = PRESENTATION_LAYER_ASSIGNMENT (  '', '', ( #1324 ) ) ;
#2488 = CIRCLE ( 'NONE', #2602, 1.550000000000002709 ) ;
#2489 = CARTESIAN_POINT ( 'NONE',  ( 27.20000000000000639, 1.550000000000001821, -25.00000000000001066 ) ) ;
#2490 = VECTOR ( 'NONE', #149, 1000.000000000000000 ) ;
#2491 = FACE_OUTER_BOUND ( 'NONE', #532, .T. ) ;
#2492 =( NAMED_UNIT ( * ) PLANE_ANGLE_UNIT ( ) SI_UNIT ( $, .RADIAN. ) );
#2493 = PRESENTATION_LAYER_ASSIGNMENT (  '', '', ( #2189 ) ) ;
#2494 = AXIS2_PLACEMENT_3D ( 'NONE', #3069, #1289, #241 ) ;
#2495 = ORIENTED_EDGE ( 'NONE', *, *, #531, .T. ) ;
#2496 = VECTOR ( 'NONE', #1095, 1000.000000000000000 ) ;
#2497 = UNCERTAINTY_MEASURE_WITH_UNIT (LENGTH_MEASURE( 1.000000000000000082E-05 ), #975, 'distance_accuracy_value', 'NONE');
#2498 = DIRECTION ( 'NONE',  ( -0.000000000000000000, 1.000000000000000000, 6.938893903907230350E-16 ) ) ;
#2499 =( LENGTH_UNIT ( ) NAMED_UNIT ( * ) SI_UNIT ( .MILLI., .METRE. ) );
#2500 = SURFACE_STYLE_FILL_AREA ( #1516 ) ;
#2501 = CARTESIAN_POINT ( 'NONE',  ( 40.40000000000000568, -10.00000000000000000, 9.999999999999998224 ) ) ;
#2502 = AXIS2_PLACEMENT_3D ( 'NONE', #3119, #2640, #2374 ) ;
#2503 = EDGE_LOOP ( 'NONE', ( #2382, #1130, #577, #2889 ) ) ;
#2504 = EDGE_CURVE ( 'NONE', #175, #175, #1542, .T. ) ;
#2505 = DIRECTION ( 'NONE',  ( 1.000000000000000000, 0.000000000000000000, 0.000000000000000000 ) ) ;
#2506 = COLOUR_RGB ( '',0.5999999999999999778, 0.1607843137254901800, 0.7529411764705882248 ) ;
#2507 = FILL_AREA_STYLE ('',( #698 ) ) ;
#2508 =( NAMED_UNIT ( * ) PLANE_ANGLE_UNIT ( ) SI_UNIT ( $, .RADIAN. ) );
#2509 = LINE ( 'NONE', #3335, #3050 ) ;
#2510 = CARTESIAN_POINT ( 'NONE',  ( 20.20000000000000284, 3.469446951953615767E-15, -69.40000000000001990 ) ) ;
#2511 =( BOUNDED_CURVE ( )  B_SPLINE_CURVE ( 3, ( #1352, #1152, #2897, #613 ),
 .UNSPECIFIED., .F., .T. ) 
 B_SPLINE_CURVE_WITH_KNOTS ( ( 4, 4 ),
 ( 1.570796326794896558, 2.617993877991493523 ),
 .UNSPECIFIED. ) 
 CURVE ( )  GEOMETRIC_REPRESENTATION_ITEM ( )  RATIONAL_B_SPLINE_CURVE ( ( 1.000000000000000000, 0.9106836025229592124, 0.9106836025229592124, 1.000000000000000000 ) ) 
 REPRESENTATION_ITEM ( '' )  );
#2512 = COLOUR_RGB ( '',0.5999999999999999778, 0.1607843137254901800, 0.7529411764705882248 ) ;
#2513 = VERTEX_POINT ( 'NONE', #1968 ) ;
#2514 = CARTESIAN_POINT ( 'NONE',  ( -1.951563910473907981E-15, -10.35355339059327129, -16.00000000000001421 ) ) ;
#2515 =( NAMED_UNIT ( * ) SI_UNIT ( $, .STERADIAN. ) SOLID_ANGLE_UNIT ( ) );
#2516 = CARTESIAN_POINT ( 'NONE',  ( -2.982840842186904595, -5.161863251215700998, -15.24905611483298351 ) ) ;
#2517 = SURFACE_STYLE_USAGE ( .BOTH. , #2477 ) ;
#2518 = FACE_OUTER_BOUND ( 'NONE', #2310, .T. ) ;
#2519 = CARTESIAN_POINT ( 'NONE',  ( 0.000000000000000000, 33.00000000000000000, 0.000000000000000000 ) ) ;
#2520 = DIRECTION ( 'NONE',  ( -0.000000000000000000, 1.000000000000000000, 0.000000000000000000 ) ) ;
#2521 = EDGE_LOOP ( 'NONE', ( #429, #28, #3169, #91 ) ) ;
#2522 = ORIENTED_EDGE ( 'NONE', *, *, #2998, .T. ) ;
#2523 =( NAMED_UNIT ( * ) SI_UNIT ( $, .STERADIAN. ) SOLID_ANGLE_UNIT ( ) );
#2524 = CARTESIAN_POINT ( 'NONE',  ( 43.40000000000000568, 21.00000000000000000, -69.40000000000001990 ) ) ;
#2525 = EDGE_CURVE ( 'NONE', #2239, #2239, #2022, .T. ) ;
#2526 = VERTEX_POINT ( 'NONE', #968 ) ;
#2527 =( NAMED_UNIT ( * ) PLANE_ANGLE_UNIT ( ) SI_UNIT ( $, .RADIAN. ) );
#2528 =( BOUNDED_CURVE ( )  B_SPLINE_CURVE ( 3, ( #109, #2956, #1160, #2188 ),
 .UNSPECIFIED., .F., .T. ) 
 B_SPLINE_CURVE_WITH_KNOTS ( ( 4, 4 ),
 ( 0.5235987755983019243, 1.570796326794899667 ),
 .UNSPECIFIED. ) 
 CURVE ( )  GEOMETRIC_REPRESENTATION_ITEM ( )  RATIONAL_B_SPLINE_CURVE ( ( 1.000000000000000000, 0.9106836025229589904, 0.9106836025229589904, 1.000000000000000000 ) ) 
 REPRESENTATION_ITEM ( '' )  );
#2529 = CIRCLE ( 'NONE', #2451, 3.550000000000000711 ) ;
#2530 = ORIENTED_EDGE ( 'NONE', *, *, #537, .T. ) ;
#2531 = COLOUR_RGB ( '',0.5999999999999999778, 0.1607843137254901800, 0.7529411764705882248 ) ;
#2532 = CARTESIAN_POINT ( 'NONE',  ( 13.20000000000000284, 4.336808689942019314E-15, -25.00000000000001066 ) ) ;
#2533 = DIRECTION ( 'NONE',  ( -0.000000000000000000, 0.000000000000000000, -1.000000000000000000 ) ) ;
#2534 = DIRECTION ( 'NONE',  ( 1.000000000000000000, -0.000000000000000000, -0.000000000000000000 ) ) ;
#2535 = VERTEX_POINT ( 'NONE', #3221 ) ;
#2536 = PRESENTATION_LAYER_ASSIGNMENT (  '', '', ( #655 ) ) ;
#2537 = LINE ( 'NONE', #718, #74 ) ;
#2538 = PLANE ( 'NONE',  #1221 ) ;
#2539 =( LENGTH_UNIT ( ) NAMED_UNIT ( * ) SI_UNIT ( .MILLI., .METRE. ) );
#2540 = DIRECTION ( 'NONE',  ( 0.000000000000000000, 0.000000000000000000, 1.000000000000000000 ) ) ;
#2541 = MECHANICAL_DESIGN_GEOMETRIC_PRESENTATION_REPRESENTATION (  '', ( #3239 ), #937 ) ;
#2542 = STYLED_ITEM ( 'NONE', ( #183 ), #952 ) ;
#2543 = ADVANCED_FACE ( 'NONE', ( #2746 ), #124, .T. ) ;
#2544 = DIRECTION ( 'NONE',  ( 5.551115123125780853E-17, 0.5773502691896257311, -0.8164965809277260345 ) ) ;
#2545 = DIRECTION ( 'NONE',  ( -0.000000000000000000, 1.000000000000000000, -0.000000000000000000 ) ) ;
#2546 = CIRCLE ( 'NONE', #1104, 1.549999999999999378 ) ;
#2547 = AXIS2_PLACEMENT_3D ( 'NONE', #1710, #1946, #2721 ) ;
#2548 = SURFACE_STYLE_USAGE ( .BOTH. , #2019 ) ;
#2549 =( GEOMETRIC_REPRESENTATION_CONTEXT ( 3 ) GLOBAL_UNCERTAINTY_ASSIGNED_CONTEXT ( ( #2773 ) ) GLOBAL_UNIT_ASSIGNED_CONTEXT ( ( #2014, #3300, #278 ) ) REPRESENTATION_CONTEXT ( 'NONE', 'WORKASPACE' ) );
#2550 = EDGE_CURVE ( 'NONE', #3256, #3256, #545, .T. ) ;
#2551 = PRESENTATION_LAYER_ASSIGNMENT (  '', '', ( #2922 ) ) ;
#2552 = VERTEX_POINT ( 'NONE', #2423 ) ;
#2553 = LINE ( 'NONE', #3309, #992 ) ;
#2554 = VECTOR ( 'NONE', #1393, 1000.000000000000000 ) ;
#2555 = PRESENTATION_LAYER_ASSIGNMENT (  '', '', ( #1913 ) ) ;
#2556 = TOROIDAL_SURFACE ( 'NONE', #2763, 10.00000000000000000, 5.000000000000000000 ) ;
#2557 = CARTESIAN_POINT ( 'NONE',  ( 43.40000000000000568, -5.050252531694169100, -15.00000000000001243 ) ) ;
#2558 = ORIENTED_EDGE ( 'NONE', *, *, #2250, .T. ) ;
#2559 = SURFACE_STYLE_USAGE ( .BOTH. , #2991 ) ;
#2560 = COLOUR_RGB ( '',0.5999999999999999778, 0.1607843137254901800, 0.7529411764705882248 ) ;
#2561 =( NAMED_UNIT ( * ) PLANE_ANGLE_UNIT ( ) SI_UNIT ( $, .RADIAN. ) );
#2562 = FACE_OUTER_BOUND ( 'NONE', #2610, .T. ) ;
#2563 = AXIS2_PLACEMENT_3D ( 'NONE', #2461, #176, #969 ) ;
#2564 = PRESENTATION_LAYER_ASSIGNMENT (  '', '', ( #2035 ) ) ;
#2565 =( NAMED_UNIT ( * ) PLANE_ANGLE_UNIT ( ) SI_UNIT ( $, .RADIAN. ) );
#2566 = SURFACE_SIDE_STYLE ('',( #1556 ) ) ;
#2567 = COLOUR_RGB ( '',0.5999999999999999778, 0.1607843137254901800, 0.7529411764705882248 ) ;
#2568 = ORIENTED_EDGE ( 'NONE', *, *, #2525, .T. ) ;
#2569 = CIRCLE ( 'NONE', #1185, 1.550000000000002709 ) ;
#2570 = CARTESIAN_POINT ( 'NONE',  ( 43.40000000000000568, -10.00000000000000178, -64.40000000000000568 ) ) ;
#2571 = PRESENTATION_STYLE_ASSIGNMENT (( #2599 ) ) ;
#2572 = UNCERTAINTY_MEASURE_WITH_UNIT (LENGTH_MEASURE( 1.000000000000000082E-05 ), #1700, 'distance_accuracy_value', 'NONE');
#2573 = ADVANCED_FACE ( 'NONE', ( #2977, #669 ), #902, .T. ) ;
#2574 = LINE ( 'NONE', #758, #663 ) ;
#2575 = DIRECTION ( 'NONE',  ( 0.000000000000000000, 0.000000000000000000, 1.000000000000000000 ) ) ;
#2576 = DIRECTION ( 'NONE',  ( 0.000000000000000000, 0.000000000000000000, -1.000000000000000000 ) ) ;
#2577 = ORIENTED_EDGE ( 'NONE', *, *, #1476, .T. ) ;
#2578 = ORIENTED_EDGE ( 'NONE', *, *, #907, .T. ) ;
#2579 = PLANE ( 'NONE',  #249 ) ;
#2580 = SURFACE_STYLE_FILL_AREA ( #515 ) ;
#2581 = VERTEX_POINT ( 'NONE', #2012 ) ;
#2582 = CARTESIAN_POINT ( 'NONE',  ( 0.05038511677898589725, -9.361425347444225054, -17.45346605101106263 ) ) ;
#2583 =( LENGTH_UNIT ( ) NAMED_UNIT ( * ) SI_UNIT ( .MILLI., .METRE. ) );
#2584 = AXIS2_PLACEMENT_3D ( 'NONE', #2401, #888, #2650 ) ;
#2585 = EDGE_CURVE ( 'NONE', #3104, #1311, #1003, .T. ) ;
#2586 = PRESENTATION_STYLE_ASSIGNMENT (( #1097 ) ) ;
#2587 = ORIENTED_EDGE ( 'NONE', *, *, #1062, .T. ) ;
#2588 = EDGE_LOOP ( 'NONE', ( #1276, #715, #3072, #1267 ) ) ;
#2589 = EDGE_CURVE ( 'NONE', #2068, #2934, #1257, .T. ) ;
#2590 = CARTESIAN_POINT ( 'NONE',  ( 20.20000000000000284, 3.469446951953615767E-15, -64.40000000000000568 ) ) ;
#2591 = CARTESIAN_POINT ( 'NONE',  ( 38.64905611483300163, -5.515416641808906562, -19.98284084218691703 ) ) ;
#2592 = CARTESIAN_POINT ( 'NONE',  ( 38.40000000000000568, -7.000000000000000000, -1.550000000000000044 ) ) ;
#2593 = DIRECTION ( 'NONE',  ( 1.000000000000000000, 0.000000000000000000, 0.000000000000000000 ) ) ;
#2594 = PLANE ( 'NONE',  #1341 ) ;
#2595 = EDGE_LOOP ( 'NONE', ( #1071 ) ) ;
#2596 = CIRCLE ( 'NONE', #9, 1.550000000000000266 ) ;
#2597 = SURFACE_STYLE_USAGE ( .BOTH. , #301 ) ;
#2598 = COLOUR_RGB ( '',0.5999999999999999778, 0.1607843137254901800, 0.7529411764705882248 ) ;
#2599 = SURFACE_STYLE_USAGE ( .BOTH. , #792 ) ;
#2600 = UNCERTAINTY_MEASURE_WITH_UNIT (LENGTH_MEASURE( 1.000000000000000082E-05 ), #10, 'distance_accuracy_value', 'NONE');
#2601 =( GEOMETRIC_REPRESENTATION_CONTEXT ( 3 ) GLOBAL_UNCERTAINTY_ASSIGNED_CONTEXT ( ( #66 ) ) GLOBAL_UNIT_ASSIGNED_CONTEXT ( ( #1603, #250, #1571 ) ) REPRESENTATION_CONTEXT ( 'NONE', 'WORKASPACE' ) );
#2602 = AXIS2_PLACEMENT_3D ( 'NONE', #1428, #645, #2431 ) ;
#2603 = VECTOR ( 'NONE', #1437, 1000.000000000000000 ) ;
#2604 = DIRECTION ( 'NONE',  ( 1.000000000000000000, 0.000000000000000000, 0.000000000000000000 ) ) ;
#2605 = DIRECTION ( 'NONE',  ( -1.000000000000000000, 0.000000000000000000, 0.000000000000000000 ) ) ;
#2606 = FILL_AREA_STYLE ('',( #1595 ) ) ;
#2607 = ORIENTED_EDGE ( 'NONE', *, *, #2589, .T. ) ;
#2608 = ORIENTED_EDGE ( 'NONE', *, *, #2753, .F. ) ;
#2609 = CIRCLE ( 'NONE', #3308, 4.999999999999997335 ) ;
#2610 = EDGE_LOOP ( 'NONE', ( #3092, #3295, #2658, #3339, #685, #998 ) ) ;
#2611 =( NAMED_UNIT ( * ) SI_UNIT ( $, .STERADIAN. ) SOLID_ANGLE_UNIT ( ) );
#2612 =( NAMED_UNIT ( * ) SI_UNIT ( $, .STERADIAN. ) SOLID_ANGLE_UNIT ( ) );
#2613 = ADVANCED_FACE ( 'NONE', ( #1296 ), #2538, .F. ) ;
#2614 = DIRECTION ( 'NONE',  ( 1.000000000000000000, -0.000000000000000000, -0.000000000000000000 ) ) ;
#2615 = COLOUR_RGB ( '',0.5999999999999999778, 0.1607843137254901800, 0.7529411764705882248 ) ;
#2616 = DIRECTION ( 'NONE',  ( 1.000000000000000000, -0.000000000000000000, 0.000000000000000000 ) ) ;
#2617 = CARTESIAN_POINT ( 'NONE',  ( -3.000000000000002665, 33.00000000000000000, -69.40000000000001990 ) ) ;
#2618 = FILL_AREA_STYLE_COLOUR ( '', #1171 ) ;
#2619 = VECTOR ( 'NONE', #2855, 1000.000000000000000 ) ;
#2620 = VERTEX_POINT ( 'NONE', #3044 ) ;
#2621 = SURFACE_SIDE_STYLE ('',( #2636 ) ) ;
#2622 = LINE ( 'NONE', #1581, #378 ) ;
#2623 = VERTEX_POINT ( 'NONE', #1995 ) ;
#2624 = ORIENTED_EDGE ( 'NONE', *, *, #749, .T. ) ;
#2625 = FILL_AREA_STYLE ('',( #1619 ) ) ;
#2626 = ORIENTED_EDGE ( 'NONE', *, *, #753, .F. ) ;
#2627 = CARTESIAN_POINT ( 'NONE',  ( 38.52595845812147246, -5.281824339411720359, -20.00000000000001066 ) ) ;
#2628 = EDGE_LOOP ( 'NONE', ( #123 ) ) ;
#2629 = CARTESIAN_POINT ( 'NONE',  ( 38.90000000000000568, 16.74999999999999645, -20.39009150965684114 ) ) ;
#2630 = FACE_OUTER_BOUND ( 'NONE', #1988, .T. ) ;
#2631 = ADVANCED_FACE ( 'NONE', ( #494 ), #2199, .F. ) ;
#2632 = VERTEX_POINT ( 'NONE', #391 ) ;
#2633 = DIRECTION ( 'NONE',  ( 0.000000000000000000, 0.000000000000000000, 1.000000000000000000 ) ) ;
#2634 = UNCERTAINTY_MEASURE_WITH_UNIT (LENGTH_MEASURE( 1.000000000000000082E-05 ), #819, 'distance_accuracy_value', 'NONE');
#2635 =( NAMED_UNIT ( * ) SI_UNIT ( $, .STERADIAN. ) SOLID_ANGLE_UNIT ( ) );
#2636 = SURFACE_STYLE_FILL_AREA ( #795 ) ;
#2637 = FACE_OUTER_BOUND ( 'NONE', #3011, .T. ) ;
#2638 = VERTEX_POINT ( 'NONE', #3262 ) ;
#2639 = VERTEX_POINT ( 'NONE', #2263 ) ;
#2640 = DIRECTION ( 'NONE',  ( 1.000000000000000000, 0.000000000000000000, 0.000000000000000000 ) ) ;
#2641 = ORIENTED_EDGE ( 'NONE', *, *, #161, .F. ) ;
#2642 = CARTESIAN_POINT ( 'NONE',  ( 43.40000000000001279, -5.050252531694154001, -15.00000000000000355 ) ) ;
#2643 = MECHANICAL_DESIGN_GEOMETRIC_PRESENTATION_REPRESENTATION (  '', ( #1484 ), #2910 ) ;
#2644 = FACE_OUTER_BOUND ( 'NONE', #1638, .T. ) ;
#2645 = SURFACE_STYLE_USAGE ( .BOTH. , #2381 ) ;
#2646 = VERTEX_POINT ( 'NONE', #1451 ) ;
#2647 = DIRECTION ( 'NONE',  ( 0.000000000000000000, -0.000000000000000000, 1.000000000000000000 ) ) ;
#2648 = STYLED_ITEM ( 'NONE', ( #3176 ), #1861 ) ;
#2649 = ADVANCED_FACE ( 'NONE', ( #1466 ), #2434, .T. ) ;
#2650 = DIRECTION ( 'NONE',  ( 0.000000000000000000, 0.000000000000000000, -1.000000000000000000 ) ) ;
#2651 = FILL_AREA_STYLE ('',( #1669 ) ) ;
#2652 = SURFACE_SIDE_STYLE ('',( #2173 ) ) ;
#2653 = EDGE_CURVE ( 'NONE', #2817, #748, #1177, .T. ) ;
#2654 = CARTESIAN_POINT ( 'NONE',  ( 26.90000000000000213, 10.24999999999999467, -20.00000000000000711 ) ) ;
#2655 = AXIS2_PLACEMENT_3D ( 'NONE', #145, #2988, #2214 ) ;
#2656 = SURFACE_STYLE_USAGE ( .BOTH. , #428 ) ;
#2657 = FILL_AREA_STYLE_COLOUR ( '', #2384 ) ;
#2658 = ORIENTED_EDGE ( 'NONE', *, *, #2044, .F. ) ;
#2659 = PRESENTATION_LAYER_ASSIGNMENT (  '', '', ( #2183 ) ) ;
#2660 = VECTOR ( 'NONE', #3110, 1000.000000000000000 ) ;
#2661 = ORIENTED_EDGE ( 'NONE', *, *, #2329, .F. ) ;
#2662 = VECTOR ( 'NONE', #1873, 1000.000000000000000 ) ;
#2663 = VECTOR ( 'NONE', #1305, 1000.000000000000000 ) ;
#2664 = PRESENTATION_STYLE_ASSIGNMENT (( #1204 ) ) ;
#2665 = ORIENTED_EDGE ( 'NONE', *, *, #2207, .T. ) ;
#2666 = VECTOR ( 'NONE', #1442, 999.9999999999998863 ) ;
#2667 = CARTESIAN_POINT ( 'NONE',  ( 41.99108863258082636, -7.850519568228320644, -18.59108863257934985 ) ) ;
#2668 = LINE ( 'NONE', #881, #2178 ) ;
#2669 = CIRCLE ( 'NONE', #1721, 1.550000000000000044 ) ;
#2670 = DIRECTION ( 'NONE',  ( 1.000000000000000000, -0.000000000000000000, -0.000000000000000000 ) ) ;
#2671 =( LENGTH_UNIT ( ) NAMED_UNIT ( * ) SI_UNIT ( .MILLI., .METRE. ) );
#2672 = EDGE_LOOP ( 'NONE', ( #1209 ) ) ;
#2673 = AXIS2_PLACEMENT_3D ( 'NONE', #935, #1491, #2193 ) ;
#2674 = SURFACE_STYLE_FILL_AREA ( #1642 ) ;
#2675 = SURFACE_STYLE_FILL_AREA ( #2651 ) ;
#2676 = CIRCLE ( 'NONE', #1335, 10.00000000000000888 ) ;
#2677 = UNCERTAINTY_MEASURE_WITH_UNIT (LENGTH_MEASURE( 1.000000000000000082E-05 ), #1046, 'distance_accuracy_value', 'NONE');
#2678 = VECTOR ( 'NONE', #944, 1000.000000000000000 ) ;
#2679 = CARTESIAN_POINT ( 'NONE',  ( 0.000000000000000000, -10.00000000000000000, -16.50000000000000711 ) ) ;
#2680 = DIRECTION ( 'NONE',  ( -1.000000000000000000, -0.000000000000000000, -0.000000000000000000 ) ) ;
#2681 = EDGE_CURVE ( 'NONE', #1139, #1652, #2442, .T. ) ;
#2682 = DIRECTION ( 'NONE',  ( -1.000000000000000000, -0.000000000000000000, -0.000000000000000000 ) ) ;
#2683 = MECHANICAL_DESIGN_GEOMETRIC_PRESENTATION_REPRESENTATION (  '', ( #1014 ), #1234 ) ;
#2684 = ORIENTED_EDGE ( 'NONE', *, *, #2998, .F. ) ;
#2685 = CIRCLE ( 'NONE', #567, 5.000000000000004441 ) ;
#2686 = CARTESIAN_POINT ( 'NONE',  ( 8.450000000000013500, -10.00000000000000000, -24.95000000000001705 ) ) ;
#2687 =( LENGTH_UNIT ( ) NAMED_UNIT ( * ) SI_UNIT ( .MILLI., .METRE. ) );
#2688 = VERTEX_POINT ( 'NONE', #1735 ) ;
#2689 = DIRECTION ( 'NONE',  ( 0.000000000000000000, 0.000000000000000000, -1.000000000000000000 ) ) ;
#2690 = VERTEX_POINT ( 'NONE', #905 ) ;
#2691 = FILL_AREA_STYLE_COLOUR ( '', #171 ) ;
#2692 = SURFACE_STYLE_USAGE ( .BOTH. , #1686 ) ;
#2693 = DIRECTION ( 'NONE',  ( 1.000000000000000000, 0.000000000000000000, -0.000000000000000000 ) ) ;
#2694 = FILL_AREA_STYLE_COLOUR ( '', #174 ) ;
#2695 = FACE_OUTER_BOUND ( 'NONE', #1822, .T. ) ;
#2696 = FILL_AREA_STYLE_COLOUR ( '', #1967 ) ;
#2697 = FILL_AREA_STYLE ('',( #1176 ) ) ;
#2698 = EDGE_CURVE ( 'NONE', #1790, #1790, #2867, .T. ) ;
#2699 = LINE ( 'NONE', #681, #2678 ) ;
#2700 = SURFACE_STYLE_FILL_AREA ( #1678 ) ;
#2701 = FILL_AREA_STYLE ('',( #1180 ) ) ;
#2702 = EDGE_CURVE ( 'NONE', #716, #876, #1191, .T. ) ;
#2703 = EDGE_LOOP ( 'NONE', ( #1470 ) ) ;
#2704 = LINE ( 'NONE', #364, #3087 ) ;
#2705 = CARTESIAN_POINT ( 'NONE',  ( -3.000000000000002665, 21.00000000000000000, -69.40000000000001990 ) ) ;
#2706 = VERTEX_POINT ( 'NONE', #1196 ) ;
#2707 = DIRECTION ( 'NONE',  ( 0.000000000000000000, -0.000000000000000000, -1.000000000000000000 ) ) ;
#2708 = CYLINDRICAL_SURFACE ( 'NONE', #169, 1.550000000000001821 ) ;
#2709 = DIRECTION ( 'NONE',  ( 0.000000000000000000, 0.000000000000000000, -1.000000000000000000 ) ) ;
#2710 =( NAMED_UNIT ( * ) PLANE_ANGLE_UNIT ( ) SI_UNIT ( $, .RADIAN. ) );
#2711 = DIRECTION ( 'NONE',  ( 0.000000000000000000, 1.000000000000000000, 0.000000000000000000 ) ) ;
#2712 = CARTESIAN_POINT ( 'NONE',  ( 20.20000000000000284, 9.243347623328818133E-15, -53.28427124746193044 ) ) ;
#2713 = PRESENTATION_LAYER_ASSIGNMENT (  '', '', ( #2812 ) ) ;
#2714 = CIRCLE ( 'NONE', #1269, 1.550000000000000266 ) ;
#2715 = CIRCLE ( 'NONE', #1811, 5.000000000000004441 ) ;
#2716 = LINE ( 'NONE', #945, #328 ) ;
#2717 = STYLED_ITEM ( 'NONE', ( #3114 ), #1327 ) ;
#2718 = VECTOR ( 'NONE', #2006, 1000.000000000000000 ) ;
#2719 = PLANE ( 'NONE',  #2860 ) ;
#2720 = ORIENTED_EDGE ( 'NONE', *, *, #398, .F. ) ;
#2721 = DIRECTION ( 'NONE',  ( 0.000000000000000000, 1.000000000000000000, 3.469446951953612217E-16 ) ) ;
#2722 = MECHANICAL_DESIGN_GEOMETRIC_PRESENTATION_REPRESENTATION (  '', ( #830 ), #3140 ) ;
#2723 = ADVANCED_FACE ( 'NONE', ( #710, #1973 ), #1954, .T. ) ;
#2724 = CARTESIAN_POINT ( 'NONE',  ( 2.000000000000000000, 0.000000000000000000, -8.550000000000000711 ) ) ;
#2725 = FILL_AREA_STYLE ('',( #2981 ) ) ;
#2726 = SURFACE_STYLE_USAGE ( .BOTH. , #2983 ) ;
#2727 = CARTESIAN_POINT ( 'NONE',  ( 43.40000000000000568, 33.00000000000000000, -12.50000000000003197 ) ) ;
#2728 = DIRECTION ( 'NONE',  ( 0.000000000000000000, 1.000000000000000000, 1.734723475976807094E-16 ) ) ;
#2729 =( NAMED_UNIT ( * ) PLANE_ANGLE_UNIT ( ) SI_UNIT ( $, .RADIAN. ) );
#2730 = MECHANICAL_DESIGN_GEOMETRIC_PRESENTATION_REPRESENTATION (  '', ( #846 ), #2256 ) ;
#2731 = CARTESIAN_POINT ( 'NONE',  ( 26.90000000000000213, 16.74999999999999289, -25.00000000000000711 ) ) ;
#2732 = ORIENTED_EDGE ( 'NONE', *, *, #3086, .T. ) ;
#2733 = COLOUR_RGB ( '',0.5999999999999999778, 0.1607843137254901800, 0.7529411764705882248 ) ;
#2734 = ORIENTED_EDGE ( 'NONE', *, *, #1306, .F. ) ;
#2735 = DIRECTION ( 'NONE',  ( -1.000000000000000000, 0.000000000000000000, 0.000000000000000000 ) ) ;
#2736 = CARTESIAN_POINT ( 'NONE',  ( 43.40000000000000568, 0.000000000000000000, -5.000000000000009770 ) ) ;
#2737 = CARTESIAN_POINT ( 'NONE',  ( 43.40000000000000568, 7.000000000000000000, -1.550000000000000266 ) ) ;
#2738 = ADVANCED_FACE ( 'NONE', ( #1578, #2518 ), #744, .F. ) ;
#2739 = ORIENTED_EDGE ( 'NONE', *, *, #2911, .T. ) ;
#2740 = CYLINDRICAL_SURFACE ( 'NONE', #440, 1.550000000000002709 ) ;
#2741 = UNCERTAINTY_MEASURE_WITH_UNIT (LENGTH_MEASURE( 1.000000000000000082E-05 ), #3003, 'distance_accuracy_value', 'NONE');
#2742 = DIRECTION ( 'NONE',  ( 0.000000000000000000, -1.000000000000000000, 0.000000000000000000 ) ) ;
#2743 = ORIENTED_EDGE ( 'NONE', *, *, #186, .T. ) ;
#2744 = SURFACE_STYLE_FILL_AREA ( #1032 ) ;
#2745 = ORIENTED_EDGE ( 'NONE', *, *, #2273, .T. ) ;
#2746 = FACE_OUTER_BOUND ( 'NONE', #603, .T. ) ;
#2747 = DIRECTION ( 'NONE',  ( 0.000000000000000000, 0.000000000000000000, -1.000000000000000000 ) ) ;
#2748 = CARTESIAN_POINT ( 'NONE',  ( 38.40000000000000568, 0.000000000000000000, 5.450000000000000178 ) ) ;
#2749 = FACE_OUTER_BOUND ( 'NONE', #1749, .T. ) ;
#2750 = SURFACE_STYLE_FILL_AREA ( #115 ) ;
#2751 = ORIENTED_EDGE ( 'NONE', *, *, #1580, .F. ) ;
#2752 = FACE_OUTER_BOUND ( 'NONE', #2306, .T. ) ;
#2753 = EDGE_CURVE ( 'NONE', #1139, #222, #3291, .T. ) ;
#2754 = AXIS2_PLACEMENT_3D ( 'NONE', #746, #1797, #3039 ) ;
#2755 = FILL_AREA_STYLE ('',( #925 ) ) ;
#2756 = FILL_AREA_STYLE_COLOUR ( '', #2506 ) ;
#2757 = CARTESIAN_POINT ( 'NONE',  ( 26.90000000000000213, 16.74999999999999289, -15.00000000000001066 ) ) ;
#2758 = DIRECTION ( 'NONE',  ( 0.000000000000000000, 0.000000000000000000, -1.000000000000000000 ) ) ;
#2759 = ORIENTED_EDGE ( 'NONE', *, *, #186, .F. ) ;
#2760 = PRESENTATION_LAYER_ASSIGNMENT (  '', '', ( #3020 ) ) ;
#2761 = EDGE_LOOP ( 'NONE', ( #1112, #2097, #1976, #2976 ) ) ;
#2762 = DIRECTION ( 'NONE',  ( 1.000000000000000000, 0.000000000000000000, 0.000000000000000000 ) ) ;
#2763 = AXIS2_PLACEMENT_3D ( 'NONE', #735, #982, #2048 ) ;
#2764 = CARTESIAN_POINT ( 'NONE',  ( 43.40000000000000568, -7.000000000000000000, -1.550000000000000266 ) ) ;
#2765 = CIRCLE ( 'NONE', #1969, 3.549999999999999822 ) ;
#2766 = FILL_AREA_STYLE_COLOUR ( '', #1044 ) ;
#2767 = AXIS2_PLACEMENT_3D ( 'NONE', #3078, #2540, #514 ) ;
#2768 = SURFACE_SIDE_STYLE ('',( #129 ) ) ;
#2769 = PRESENTATION_LAYER_ASSIGNMENT (  '', '', ( #231 ) ) ;
#2770 = STYLED_ITEM ( 'NONE', ( #2865 ), #2829 ) ;
#2771 = CARTESIAN_POINT ( 'NONE',  ( -0.2015938942711240078, -9.361350065208453586, -17.20159389422160245 ) ) ;
#2772 = DIRECTION ( 'NONE',  ( 0.000000000000000000, 0.000000000000000000, 1.000000000000000000 ) ) ;
#2773 = UNCERTAINTY_MEASURE_WITH_UNIT (LENGTH_MEASURE( 1.000000000000000082E-05 ), #2014, 'distance_accuracy_value', 'NONE');
#2774 = AXIS2_PLACEMENT_3D ( 'NONE', #3287, #703, #739 ) ;
#2775 = EDGE_CURVE ( 'NONE', #2646, #1959, #2574, .T. ) ;
#2776 = PRESENTATION_STYLE_ASSIGNMENT (( #1501 ) ) ;
#2777 =( NAMED_UNIT ( * ) SI_UNIT ( $, .STERADIAN. ) SOLID_ANGLE_UNIT ( ) );
#2778 =( NAMED_UNIT ( * ) SI_UNIT ( $, .STERADIAN. ) SOLID_ANGLE_UNIT ( ) );
#2779 = STYLED_ITEM ( 'NONE', ( #3024 ), #5 ) ;
#2780 = EDGE_LOOP ( 'NONE', ( #2781 ) ) ;
#2781 = ORIENTED_EDGE ( 'NONE', *, *, #2329, .T. ) ;
#2782 =( NAMED_UNIT ( * ) PLANE_ANGLE_UNIT ( ) SI_UNIT ( $, .RADIAN. ) );
#2783 = CARTESIAN_POINT ( 'NONE',  ( -3.000000000000001776, -6.639279330798341761, -16.05662432702594700 ) ) ;
#2784 =( GEOMETRIC_REPRESENTATION_CONTEXT ( 3 ) GLOBAL_UNCERTAINTY_ASSIGNED_CONTEXT ( ( #1304 ) ) GLOBAL_UNIT_ASSIGNED_CONTEXT ( ( #2350, #1406, #1867 ) ) REPRESENTATION_CONTEXT ( 'NONE', 'WORKASPACE' ) );
#2785 = VERTEX_POINT ( 'NONE', #2015 ) ;
#2786 = DIRECTION ( 'NONE',  ( 0.000000000000000000, 0.000000000000000000, -1.000000000000000000 ) ) ;
#2787 = MECHANICAL_DESIGN_GEOMETRIC_PRESENTATION_REPRESENTATION (  '', ( #300 ), #3320 ) ;
#2788 = DIRECTION ( 'NONE',  ( -0.000000000000000000, 1.734723475976807094E-16, -1.000000000000000000 ) ) ;
#2789 = CYLINDRICAL_SURFACE ( 'NONE', #1435, 10.00000000000000000 ) ;
#2790 = EDGE_LOOP ( 'NONE', ( #1607 ) ) ;
#2791 = ORIENTED_EDGE ( 'NONE', *, *, #2811, .T. ) ;
#2792 = ADVANCED_FACE ( 'NONE', ( #3343, #2833 ), #1066, .F. ) ;
#2793 = FACE_OUTER_BOUND ( 'NONE', #1883, .T. ) ;
#2794 = SURFACE_STYLE_USAGE ( .BOTH. , #2063 ) ;
#2795 = LINE ( 'NONE', #3076, #1000 ) ;
#2796 = CARTESIAN_POINT ( 'NONE',  ( 0.000000000000000000, 10.00000000000000000, 9.999999999999998224 ) ) ;
#2797 = PRESENTATION_STYLE_ASSIGNMENT (( #2840 ) ) ;
#2798 = TOROIDAL_SURFACE ( 'NONE', #2114, 10.00000000000000000, 5.000000000000000000 ) ;
#2799 = CARTESIAN_POINT ( 'NONE',  ( 0.000000000000000000, 23.74999999999999645, -55.59753687109602538 ) ) ;
#2800 = DIRECTION ( 'NONE',  ( 0.000000000000000000, 0.000000000000000000, 1.000000000000000000 ) ) ;
#2801 = PRESENTATION_STYLE_ASSIGNMENT (( #1239 ) ) ;
#2802 =( NAMED_UNIT ( * ) PLANE_ANGLE_UNIT ( ) SI_UNIT ( $, .RADIAN. ) );
#2803 = ORIENTED_EDGE ( 'NONE', *, *, #462, .T. ) ;
#2804 = ORIENTED_EDGE ( 'NONE', *, *, #2478, .T. ) ;
#2805 = DIRECTION ( 'NONE',  ( 1.000000000000000000, 0.000000000000000000, 0.000000000000000000 ) ) ;
#2806 = CIRCLE ( 'NONE', #1755, 10.00000000000000000 ) ;
#2807 =( LENGTH_UNIT ( ) NAMED_UNIT ( * ) SI_UNIT ( .MILLI., .METRE. ) );
#2808 = AXIS2_PLACEMENT_3D ( 'NONE', #2826, #1832, #2033 ) ;
#2809 = VERTEX_POINT ( 'NONE', #2280 ) ;
#2810 = FILL_AREA_STYLE_COLOUR ( '', #782 ) ;
#2811 = EDGE_CURVE ( 'NONE', #2323, #1865, #2024, .T. ) ;
#2812 = STYLED_ITEM ( 'NONE', ( #1521 ), #3225 ) ;
#2813 = COLOUR_RGB ( '',0.5999999999999999778, 0.1607843137254901800, 0.7529411764705882248 ) ;
#2814 = ORIENTED_EDGE ( 'NONE', *, *, #2931, .T. ) ;
#2815 =( GEOMETRIC_REPRESENTATION_CONTEXT ( 3 ) GLOBAL_UNCERTAINTY_ASSIGNED_CONTEXT ( ( #2463 ) ) GLOBAL_UNIT_ASSIGNED_CONTEXT ( ( #3183, #883, #932 ) ) REPRESENTATION_CONTEXT ( 'NONE', 'WORKASPACE' ) );
#2816 = MECHANICAL_DESIGN_GEOMETRIC_PRESENTATION_REPRESENTATION (  '', ( #1328 ), #3197 ) ;
#2817 = VERTEX_POINT ( 'NONE', #2654 ) ;
#2818 =( GEOMETRIC_REPRESENTATION_CONTEXT ( 3 ) GLOBAL_UNCERTAINTY_ASSIGNED_CONTEXT ( ( #3173 ) ) GLOBAL_UNIT_ASSIGNED_CONTEXT ( ( #68, #1082, #2635 ) ) REPRESENTATION_CONTEXT ( 'NONE', 'WORKASPACE' ) );
#2819 = FILL_AREA_STYLE ('',( #1042 ) ) ;
#2820 = CARTESIAN_POINT ( 'NONE',  ( 38.40000000000000568, 0.000000000000000000, 7.000000000000000000 ) ) ;
#2821 = EDGE_LOOP ( 'NONE', ( #1379 ) ) ;
#2822 = EDGE_LOOP ( 'NONE', ( #2159 ) ) ;
#2823 = DIRECTION ( 'NONE',  ( -1.000000000000000000, -0.000000000000000000, -0.000000000000000000 ) ) ;
#2824 = COLOUR_RGB ( '',0.5999999999999999778, 0.1607843137254901800, 0.7529411764705882248 ) ;
#2825 = SURFACE_SIDE_STYLE ('',( #1243 ) ) ;
#2826 = CARTESIAN_POINT ( 'NONE',  ( 38.40000000000000568, 0.000000000000000000, 0.000000000000000000 ) ) ;
#2827 = FILL_AREA_STYLE_COLOUR ( '', #866 ) ;
#2828 = ORIENTED_EDGE ( 'NONE', *, *, #1622, .T. ) ;
#2829 = ADVANCED_FACE ( 'NONE', ( #2418 ), #1120, .F. ) ;
#2830 =( GEOMETRIC_REPRESENTATION_CONTEXT ( 3 ) GLOBAL_UNCERTAINTY_ASSIGNED_CONTEXT ( ( #371 ) ) GLOBAL_UNIT_ASSIGNED_CONTEXT ( ( #6, #2561, #2289 ) ) REPRESENTATION_CONTEXT ( 'NONE', 'WORKASPACE' ) );
#2831 = CARTESIAN_POINT ( 'NONE',  ( -2.660037633910355748, -6.557737457409605675, -15.93381854129462560 ) ) ;
#2832 = EDGE_CURVE ( 'NONE', #716, #2632, #529, .T. ) ;
#2833 = FACE_OUTER_BOUND ( 'NONE', #2335, .T. ) ;
#2834 = EDGE_LOOP ( 'NONE', ( #535 ) ) ;
#2835 = ORIENTED_EDGE ( 'NONE', *, *, #1080, .T. ) ;
#2836 = EDGE_LOOP ( 'NONE', ( #2893 ) ) ;
#2837 = PRESENTATION_STYLE_ASSIGNMENT (( #1830 ) ) ;
#2838 =( NAMED_UNIT ( * ) SI_UNIT ( $, .STERADIAN. ) SOLID_ANGLE_UNIT ( ) );
#2839 = CARTESIAN_POINT ( 'NONE',  ( 43.40000000000000568, 0.000000000000000000, -1.734723475976807094E-15 ) ) ;
#2840 = SURFACE_STYLE_USAGE ( .BOTH. , #723 ) ;
#2841 = ORIENTED_EDGE ( 'NONE', *, *, #708, .F. ) ;
#2842 = CYLINDRICAL_SURFACE ( 'NONE', #1386, 3.550000000000001155 ) ;
#2843 = EDGE_CURVE ( 'NONE', #2101, #2817, #105, .T. ) ;
#2844 = DIRECTION ( 'NONE',  ( 0.000000000000000000, 0.000000000000000000, 1.000000000000000000 ) ) ;
#2845 = EDGE_LOOP ( 'NONE', ( #1079, #1028, #974 ) ) ;
#2846 = AXIS2_PLACEMENT_3D ( 'NONE', #581, #1588, #848 ) ;
#2847 = EDGE_CURVE ( 'NONE', #1529, #1099, #2404, .T. ) ;
#2848 = DIRECTION ( 'NONE',  ( 1.000000000000000000, 0.000000000000000000, 0.000000000000000000 ) ) ;
#2849 = EDGE_LOOP ( 'NONE', ( #2734 ) ) ;
#2850 = EDGE_LOOP ( 'NONE', ( #653, #2684, #592, #2720 ) ) ;
#2851 = FACE_BOUND ( 'NONE', #1126, .T. ) ;
#2852 = CARTESIAN_POINT ( 'NONE',  ( 39.88393399032146647, -8.230547688726108646, -18.93435305236035404 ) ) ;
#2853 = FILL_AREA_STYLE ('',( #862 ) ) ;
#2854 = DIRECTION ( 'NONE',  ( 0.000000000000000000, 1.000000000000000000, 4.886545002751567947E-16 ) ) ;
#2855 = DIRECTION ( 'NONE',  ( -0.8164965809277261455, 0.5773502691896255090, 1.001543065824772482E-16 ) ) ;
#2856 = VERTEX_POINT ( 'NONE', #2915 ) ;
#2857 = VECTOR ( 'NONE', #264, 1000.000000000000000 ) ;
#2858 = CIRCLE ( 'NONE', #1854, 5.025062814466900285 ) ;
#2859 = CARTESIAN_POINT ( 'NONE',  ( -27.59999999999999787, 19.75000000000000355, -25.00000000000000711 ) ) ;
#2860 = AXIS2_PLACEMENT_3D ( 'NONE', #147, #652, #1455 ) ;
#2861 =( NAMED_UNIT ( * ) SI_UNIT ( $, .STERADIAN. ) SOLID_ANGLE_UNIT ( ) );
#2862 = CIRCLE ( 'NONE', #1166, 1.550000000000000266 ) ;
#2863 = UNCERTAINTY_MEASURE_WITH_UNIT (LENGTH_MEASURE( 1.000000000000000082E-05 ), #1373, 'distance_accuracy_value', 'NONE');
#2864 = VECTOR ( 'NONE', #1549, 1000.000000000000000 ) ;
#2865 = PRESENTATION_STYLE_ASSIGNMENT (( #1899 ) ) ;
#2866 = PLANE ( 'NONE',  #1495 ) ;
#2867 = CIRCLE ( 'NONE', #612, 1.550000000000000933 ) ;
#2868 = SURFACE_STYLE_USAGE ( .BOTH. , #1856 ) ;
#2869 = EDGE_LOOP ( 'NONE', ( #460 ) ) ;
#2870 = EDGE_LOOP ( 'NONE', ( #3170, #1738, #1903, #76 ) ) ;
#2871 = EDGE_CURVE ( 'NONE', #2365, #2999, #2511, .T. ) ;
#2872 =( GEOMETRIC_REPRESENTATION_CONTEXT ( 3 ) GLOBAL_UNCERTAINTY_ASSIGNED_CONTEXT ( ( #1611 ) ) GLOBAL_UNIT_ASSIGNED_CONTEXT ( ( #1390, #30, #1935 ) ) REPRESENTATION_CONTEXT ( 'NONE', 'WORKASPACE' ) );
#2873 = DIRECTION ( 'NONE',  ( 0.000000000000000000, 0.000000000000000000, 1.000000000000000000 ) ) ;
#2874 = FACE_OUTER_BOUND ( 'NONE', #1596, .T. ) ;
#2875 =( GEOMETRIC_REPRESENTATION_CONTEXT ( 3 ) GLOBAL_UNCERTAINTY_ASSIGNED_CONTEXT ( ( #2105 ) ) GLOBAL_UNIT_ASSIGNED_CONTEXT ( ( #3081, #2565, #1247 ) ) REPRESENTATION_CONTEXT ( 'NONE', 'WORKASPACE' ) );
#2876 = ORIENTED_EDGE ( 'NONE', *, *, #2348, .F. ) ;
#2877 = DIRECTION ( 'NONE',  ( 0.000000000000000000, 0.000000000000000000, 1.000000000000000000 ) ) ;
#2878 = SURFACE_STYLE_USAGE ( .BOTH. , #1132 ) ;
#2879 = ORIENTED_EDGE ( 'NONE', *, *, #1881, .F. ) ;
#2880 = AXIS2_PLACEMENT_3D ( 'NONE', #1885, #586, #1609 ) ;
#2881 = CARTESIAN_POINT ( 'NONE',  ( 0.000000000000000000, 12.75000000000000178, -5.000000000000009770 ) ) ;
#2882 = DIRECTION ( 'NONE',  ( 1.000000000000000000, -0.000000000000000000, -0.000000000000000000 ) ) ;
#2883 = DIRECTION ( 'NONE',  ( 0.000000000000000000, -1.000000000000000000, 0.000000000000000000 ) ) ;
#2884 = CARTESIAN_POINT ( 'NONE',  ( 38.48351899051633751, 16.74999999999999645, -20.41742430504416816 ) ) ;
#2885 = DIRECTION ( 'NONE',  ( -0.000000000000000000, -0.000000000000000000, 1.000000000000000000 ) ) ;
#2886 = EDGE_LOOP ( 'NONE', ( #1528 ) ) ;
#2887 = ORIENTED_EDGE ( 'NONE', *, *, #421, .F. ) ;
#2888 = FACE_BOUND ( 'NONE', #1889, .T. ) ;
#2889 = ORIENTED_EDGE ( 'NONE', *, *, #211, .T. ) ;
#2890 = DIRECTION ( 'NONE',  ( 0.000000000000000000, 1.000000000000000000, 0.000000000000000000 ) ) ;
#2891 = EDGE_CURVE ( 'NONE', #2101, #1652, #3116, .T. ) ;
#2892 = ORIENTED_EDGE ( 'NONE', *, *, #1080, .F. ) ;
#2893 = ORIENTED_EDGE ( 'NONE', *, *, #2207, .F. ) ;
#2894 = EDGE_CURVE ( 'NONE', #1554, #1554, #772, .T. ) ;
#2895 = DIRECTION ( 'NONE',  ( -0.000000000000000000, 1.734723475976807094E-16, -1.000000000000000000 ) ) ;
#2896 = CARTESIAN_POINT ( 'NONE',  ( 43.40000000000000568, 14.75000000000000355, -15.00000000000000888 ) ) ;
#2897 = CARTESIAN_POINT ( 'NONE',  ( 38.49807621135333591, -10.00000000000000000, -18.90192378864669820 ) ) ;
#2898 = DIRECTION ( 'NONE',  ( 1.000000000000000000, 0.000000000000000000, 0.000000000000000000 ) ) ;
#2899 = DIRECTION ( 'NONE',  ( 1.000000000000000000, 0.000000000000000000, -0.000000000000000000 ) ) ;
#2900 = ORIENTED_EDGE ( 'NONE', *, *, #478, .F. ) ;
#2901 = EDGE_LOOP ( 'NONE', ( #146 ) ) ;
#2902 = PRESENTATION_LAYER_ASSIGNMENT (  '', '', ( #1035 ) ) ;
#2903 = VERTEX_POINT ( 'NONE', #2679 ) ;
#2904 = CARTESIAN_POINT ( 'NONE',  ( 43.40000000000001279, -5.281824339411570257, -15.12595845812162487 ) ) ;
#2905 = VERTEX_POINT ( 'NONE', #575 ) ;
#2906 = CARTESIAN_POINT ( 'NONE',  ( 1.999999999999998224, 14.75000000000000355, -69.40000000000001990 ) ) ;
#2907 = COLOUR_RGB ( '',0.5999999999999999778, 0.1607843137254901800, 0.7529411764705882248 ) ;
#2908 = LINE ( 'NONE', #1846, #2619 ) ;
#2909 = EDGE_LOOP ( 'NONE', ( #1318, #1590, #3177, #1799 ) ) ;
#2910 =( GEOMETRIC_REPRESENTATION_CONTEXT ( 3 ) GLOBAL_UNCERTAINTY_ASSIGNED_CONTEXT ( ( #610 ) ) GLOBAL_UNIT_ASSIGNED_CONTEXT ( ( #3329, #2802, #1527 ) ) REPRESENTATION_CONTEXT ( 'NONE', 'WORKASPACE' ) );
#2911 = EDGE_CURVE ( 'NONE', #90, #1301, #835, .T. ) ;
#2912 = CARTESIAN_POINT ( 'NONE',  ( 43.40000000000000568, 10.00000000000000000, 9.999999999999998224 ) ) ;
#2913 = FACE_BOUND ( 'NONE', #2972, .T. ) ;
#2914 = CARTESIAN_POINT ( 'NONE',  ( 20.20000000000000284, 6.999999999999987566, 70.00000000000000000 ) ) ;
#2915 = CARTESIAN_POINT ( 'NONE',  ( 43.40000000000000568, 12.75000000000000178, -5.000000000000009770 ) ) ;
#2916 = AXIS2_PLACEMENT_3D ( 'NONE', #443, #3199, #1693 ) ;
#2917 = FILL_AREA_STYLE ('',( #1153 ) ) ;
#2918 = ORIENTED_EDGE ( 'NONE', *, *, #847, .F. ) ;
#2919 = EDGE_LOOP ( 'NONE', ( #980 ) ) ;
#2920 = AXIS2_PLACEMENT_3D ( 'NONE', #1365, #2895, #1870 ) ;
#2921 = COLOUR_RGB ( '',0.5999999999999999778, 0.1607843137254901800, 0.7529411764705882248 ) ;
#2922 = STYLED_ITEM ( 'NONE', ( #483 ), #2792 ) ;
#2923 =( LENGTH_UNIT ( ) NAMED_UNIT ( * ) SI_UNIT ( .MILLI., .METRE. ) );
#2924 = ORIENTED_EDGE ( 'NONE', *, *, #611, .F. ) ;
#2925 = CARTESIAN_POINT ( 'NONE',  ( 37.40000000000001279, -4.978456114237734376, -15.10153546729670282 ) ) ;
#2926 = DIRECTION ( 'NONE',  ( -1.000000000000000000, 0.000000000000000000, 0.000000000000000000 ) ) ;
#2927 = VERTEX_POINT ( 'NONE', #1896 ) ;
#2928 = CIRCLE ( 'NONE', #2774, 10.00000000000000178 ) ;
#2929 = DIRECTION ( 'NONE',  ( -0.000000000000000000, 1.734723475976807094E-16, -1.000000000000000000 ) ) ;
#2930 = SURFACE_SIDE_STYLE ('',( #2675 ) ) ;
#2931 = EDGE_CURVE ( 'NONE', #1519, #827, #355, .T. ) ;
#2932 = CIRCLE ( 'NONE', #843, 1.549999999999999378 ) ;
#2933 = CARTESIAN_POINT ( 'NONE',  ( -3.000000000000002665, -7.171572875253816370, -11.50000000000000000 ) ) ;
#2934 = VERTEX_POINT ( 'NONE', #1336 ) ;
#2935 = DIRECTION ( 'NONE',  ( 0.000000000000000000, 0.000000000000000000, 1.000000000000000000 ) ) ;
#2936 = PLANE ( 'NONE',  #803 ) ;
#2937 =( GEOMETRIC_REPRESENTATION_CONTEXT ( 3 ) GLOBAL_UNCERTAINTY_ASSIGNED_CONTEXT ( ( #240 ) ) GLOBAL_UNIT_ASSIGNED_CONTEXT ( ( #2194, #3275, #401 ) ) REPRESENTATION_CONTEXT ( 'NONE', 'WORKASPACE' ) );
#2938 = CIRCLE ( 'NONE', #679, 1.550000000000000266 ) ;
#2939 = SURFACE_STYLE_FILL_AREA ( #3218 ) ;
#2940 = DIRECTION ( 'NONE',  ( 0.000000000000000000, 0.000000000000000000, -1.000000000000000000 ) ) ;
#2941 = ORIENTED_EDGE ( 'NONE', *, *, #2441, .T. ) ;
#2942 = DIRECTION ( 'NONE',  ( 0.000000000000000000, 1.734723475976807094E-16, -1.000000000000000000 ) ) ;
#2943 = SURFACE_STYLE_USAGE ( .BOTH. , #966 ) ;
#2944 = DIRECTION ( 'NONE',  ( 1.000000000000000000, -0.000000000000000000, -0.000000000000000000 ) ) ;
#2945 = PRESENTATION_STYLE_ASSIGNMENT (( #1244 ) ) ;
#2946 = DIRECTION ( 'NONE',  ( 0.000000000000000000, 0.000000000000000000, 1.000000000000000000 ) ) ;
#2947 = FACE_OUTER_BOUND ( 'NONE', #3283, .T. ) ;
#2948 =( NAMED_UNIT ( * ) SI_UNIT ( $, .STERADIAN. ) SOLID_ANGLE_UNIT ( ) );
#2949 =( NAMED_UNIT ( * ) PLANE_ANGLE_UNIT ( ) SI_UNIT ( $, .RADIAN. ) );
#2950 = ADVANCED_FACE ( 'NONE', ( #1412 ), #2175, .T. ) ;
#2951 =( NAMED_UNIT ( * ) SI_UNIT ( $, .STERADIAN. ) SOLID_ANGLE_UNIT ( ) );
#2952 = SURFACE_STYLE_USAGE ( .BOTH. , #3198 ) ;
#2953 = CARTESIAN_POINT ( 'NONE',  ( 43.40000000000000568, 33.00000000000000000, -12.50000000000003020 ) ) ;
#2954 = EDGE_LOOP ( 'NONE', ( #3331 ) ) ;
#2955 = CARTESIAN_POINT ( 'NONE',  ( 13.20000000000000284, 2.602085213965209064E-15, -15.00000000000000000 ) ) ;
#2956 = CARTESIAN_POINT ( 'NONE',  ( 39.45662432702594913, -6.992832721391619266, -20.00000000000000711 ) ) ;
#2957 = CARTESIAN_POINT ( 'NONE',  ( 13.20000000000000284, 1.550000000000003819, -15.00000000000000000 ) ) ;
#2958 = AXIS2_PLACEMENT_3D ( 'NONE', #1936, #2944, #919 ) ;
#2959 = UNCERTAINTY_MEASURE_WITH_UNIT (LENGTH_MEASURE( 1.000000000000000082E-05 ), #2198, 'distance_accuracy_value', 'NONE');
#2960 = AXIS2_PLACEMENT_3D ( 'NONE', #202, #1292, #997 ) ;
#2961 = MECHANICAL_DESIGN_GEOMETRIC_PRESENTATION_REPRESENTATION (  '', ( #1913 ), #153 ) ;
#2962 = CARTESIAN_POINT ( 'NONE',  ( -3.000000000000002665, 33.00000000000000000, -12.50000000000003020 ) ) ;
#2963 = UNCERTAINTY_MEASURE_WITH_UNIT (LENGTH_MEASURE( 1.000000000000000082E-05 ), #3237, 'distance_accuracy_value', 'NONE');
#2964 = STYLED_ITEM ( 'NONE', ( #2801 ), #971 ) ;
#2965 = CARTESIAN_POINT ( 'NONE',  ( 26.90000000000000213, 10.24999999999999467, -25.00000000000000711 ) ) ;
#2966 = CARTESIAN_POINT ( 'NONE',  ( 43.40000000000000568, -10.00000000000000000, -11.80384757729338574 ) ) ;
#2967 = CARTESIAN_POINT ( 'NONE',  ( 43.40000000000000568, -10.00000000000000178, -64.40000000000000568 ) ) ;
#2968 = STYLED_ITEM ( 'NONE', ( #1694 ), #3210 ) ;
#2969 = STYLED_ITEM ( 'NONE', ( #1512 ), #1310 ) ;
#2970 = CIRCLE ( 'NONE', #442, 10.00000000000000000 ) ;
#2971 = SURFACE_SIDE_STYLE ('',( #2436 ) ) ;
#2972 = EDGE_LOOP ( 'NONE', ( #2745 ) ) ;
#2973 = EDGE_CURVE ( 'NONE', #3302, #3302, #2669, .T. ) ;
#2974 = MECHANICAL_DESIGN_GEOMETRIC_PRESENTATION_REPRESENTATION (  '', ( #1432 ), #1203 ) ;
#2975 = CARTESIAN_POINT ( 'NONE',  ( 0.000000000000000000, -10.00000000000000000, -16.50000000000000711 ) ) ;
#2976 = ORIENTED_EDGE ( 'NONE', *, *, #2931, .F. ) ;
#2977 = FACE_OUTER_BOUND ( 'NONE', #1620, .T. ) ;
#2978 = VERTEX_POINT ( 'NONE', #2724 ) ;
#2979 = EDGE_CURVE ( 'NONE', #1077, #1077, #897, .T. ) ;
#2980 = PRESENTATION_LAYER_ASSIGNMENT (  '', '', ( #491 ) ) ;
#2981 = FILL_AREA_STYLE_COLOUR ( '', #2531 ) ;
#2982 =( NAMED_UNIT ( * ) SI_UNIT ( $, .STERADIAN. ) SOLID_ANGLE_UNIT ( ) );
#2983 = SURFACE_SIDE_STYLE ('',( #436 ) ) ;
#2984 = VECTOR ( 'NONE', #634, 1000.000000000000000 ) ;
#2985 = SURFACE_SIDE_STYLE ('',( #1479 ) ) ;
#2986 = CYLINDRICAL_SURFACE ( 'NONE', #2309, 5.000000000000004441 ) ;
#2987 = DIRECTION ( 'NONE',  ( -0.000000000000000000, -0.000000000000000000, 1.000000000000000000 ) ) ;
#2988 = DIRECTION ( 'NONE',  ( -0.000000000000000000, 1.000000000000000000, 1.734723475976807094E-16 ) ) ;
#2989 = EDGE_LOOP ( 'NONE', ( #2530 ) ) ;
#2990 = AXIS2_PLACEMENT_3D ( 'NONE', #1947, #1740, #2216 ) ;
#2991 = SURFACE_SIDE_STYLE ('',( #1548 ) ) ;
#2992 = ORIENTED_EDGE ( 'NONE', *, *, #3272, .F. ) ;
#2993 = CARTESIAN_POINT ( 'NONE',  ( 2.000000000000000000, 0.000000000000000000, 7.000000000000000000 ) ) ;
#2994 = EDGE_CURVE ( 'NONE', #1546, #948, #2196, .T. ) ;
#2995 = CARTESIAN_POINT ( 'NONE',  ( 2.000000000000000000, -7.000000000000000000, -1.550000000000000044 ) ) ;
#2996 = DIRECTION ( 'NONE',  ( 0.000000000000000000, 0.000000000000000000, -1.000000000000000000 ) ) ;
#2997 = DIRECTION ( 'NONE',  ( -0.8164965809277262565, 0.5773502691896256200, 1.071651080432506572E-16 ) ) ;
#2998 = EDGE_CURVE ( 'NONE', #1865, #2623, #288, .T. ) ;
#2999 = VERTEX_POINT ( 'NONE', #1744 ) ;
#3000 = CARTESIAN_POINT ( 'NONE',  ( 20.20000000000000284, -6.999999999999996447, -69.40000000000001990 ) ) ;
#3001 = UNCERTAINTY_MEASURE_WITH_UNIT (LENGTH_MEASURE( 1.000000000000000082E-05 ), #2046, 'distance_accuracy_value', 'NONE');
#3002 = FACE_OUTER_BOUND ( 'NONE', #1598, .T. ) ;
#3003 =( LENGTH_UNIT ( ) NAMED_UNIT ( * ) SI_UNIT ( .MILLI., .METRE. ) );
#3004 = DIRECTION ( 'NONE',  ( 1.000000000000000000, -0.000000000000000000, -0.000000000000000000 ) ) ;
#3005 = ORIENTED_EDGE ( 'NONE', *, *, #3286, .F. ) ;
#3006 = FILL_AREA_STYLE ('',( #1295 ) ) ;
#3007 = ORIENTED_EDGE ( 'NONE', *, *, #2366, .T. ) ;
#3008 =( NAMED_UNIT ( * ) PLANE_ANGLE_UNIT ( ) SI_UNIT ( $, .RADIAN. ) );
#3009 = VERTEX_POINT ( 'NONE', #2218 ) ;
#3010 = SURFACE_STYLE_FILL_AREA ( #2725 ) ;
#3011 = EDGE_LOOP ( 'NONE', ( #1994 ) ) ;
#3012 = EDGE_CURVE ( 'NONE', #2252, #1534, #2609, .T. ) ;
#3013 = FILL_AREA_STYLE ('',( #990 ) ) ;
#3014 = FILL_AREA_STYLE_COLOUR ( '', #540 ) ;
#3015 = CARTESIAN_POINT ( 'NONE',  ( 0.000000000000000000, -10.00000000000000000, 9.999999999999998224 ) ) ;
#3016 = FILL_AREA_STYLE ('',( #201 ) ) ;
#3017 = COLOUR_RGB ( '',0.5999999999999999778, 0.1607843137254901800, 0.7529411764705882248 ) ;
#3018 = CARTESIAN_POINT ( 'NONE',  ( 42.30192378864670388, -8.804566037109267995, -16.78867513459483263 ) ) ;
#3019 = ORIENTED_EDGE ( 'NONE', *, *, #8, .F. ) ;
#3020 = STYLED_ITEM ( 'NONE', ( #1083 ), #1031 ) ;
#3021 = ORIENTED_EDGE ( 'NONE', *, *, #2102, .T. ) ;
#3022 = FACE_OUTER_BOUND ( 'NONE', #3151, .T. ) ;
#3023 = MECHANICAL_DESIGN_GEOMETRIC_PRESENTATION_REPRESENTATION (  '', ( #1810 ), #764 ) ;
#3024 = PRESENTATION_STYLE_ASSIGNMENT (( #2011 ) ) ;
#3025 = CARTESIAN_POINT ( 'NONE',  ( -3.000000000000002665, 10.00000000000000178, -28.00000000000000000 ) ) ;
#3026 = CARTESIAN_POINT ( 'NONE',  ( -3.000000000000002665, -4.696699141100891595, -15.00000000000001066 ) ) ;
#3027 =( GEOMETRIC_REPRESENTATION_CONTEXT ( 3 ) GLOBAL_UNCERTAINTY_ASSIGNED_CONTEXT ( ( #678 ) ) GLOBAL_UNIT_ASSIGNED_CONTEXT ( ( #706, #742, #1497 ) ) REPRESENTATION_CONTEXT ( 'NONE', 'WORKASPACE' ) );
#3028 = VERTEX_POINT ( 'NONE', #2748 ) ;
#3029 = MECHANICAL_DESIGN_GEOMETRIC_PRESENTATION_REPRESENTATION (  '', ( #1382 ), #891 ) ;
#3030 = FILL_AREA_STYLE ('',( #2810 ) ) ;
#3031 = CIRCLE ( 'NONE', #2242, 5.000000000000000888 ) ;
#3032 = CARTESIAN_POINT ( 'NONE',  ( -2.296630914464023565, -6.368632093075029310, -19.29663091446397516 ) ) ;
#3033 = LINE ( 'NONE', #1218, #1105 ) ;
#3034 = EDGE_CURVE ( 'NONE', #2856, #2646, #141, .T. ) ;
#3035 = MECHANICAL_DESIGN_GEOMETRIC_PRESENTATION_REPRESENTATION (  '', ( #737 ), #2875 ) ;
#3036 = LINE ( 'NONE', #1990, #1127 ) ;
#3037 = SURFACE_STYLE_USAGE ( .BOTH. , #1027 ) ;
#3038 = EDGE_CURVE ( 'NONE', #222, #2068, #451, .T. ) ;
#3039 = DIRECTION ( 'NONE',  ( 0.000000000000000000, 0.000000000000000000, -1.000000000000000000 ) ) ;
#3040 = ORIENTED_EDGE ( 'NONE', *, *, #3115, .T. ) ;
#3041 = ORIENTED_EDGE ( 'NONE', *, *, #2979, .F. ) ;
#3042 = SURFACE_STYLE_USAGE ( .BOTH. , #2030 ) ;
#3043 = PRESENTATION_LAYER_ASSIGNMENT (  '', '', ( #84 ) ) ;
#3044 = CARTESIAN_POINT ( 'NONE',  ( -3.000000000000002665, 25.49999999999996803, -5.000000000000009770 ) ) ;
#3045 = LINE ( 'NONE', #1550, #187 ) ;
#3046 = FILL_AREA_STYLE ('',( #2320 ) ) ;
#3047 = AXIS2_PLACEMENT_3D ( 'NONE', #3125, #884, #2926 ) ;
#3048 = VERTEX_POINT ( 'NONE', #2065 ) ;
#3049 = SURFACE_STYLE_FILL_AREA ( #3062 ) ;
#3050 = VECTOR ( 'NONE', #2032, 1000.000000000000000 ) ;
#3051 = LINE ( 'NONE', #2438, #821 ) ;
#3052 = DIRECTION ( 'NONE',  ( -0.8164965809277261455, -0.5773502691896255090, -1.001543065824772482E-16 ) ) ;
#3053 = SURFACE_SIDE_STYLE ('',( #776 ) ) ;
#3054 =( LENGTH_UNIT ( ) NAMED_UNIT ( * ) SI_UNIT ( .MILLI., .METRE. ) );
#3055 = FILL_AREA_STYLE_COLOUR ( '', #1656 ) ;
#3056 = FACE_OUTER_BOUND ( 'NONE', #2850, .T. ) ;
#3057 = ORIENTED_EDGE ( 'NONE', *, *, #478, .T. ) ;
#3058 = ORIENTED_EDGE ( 'NONE', *, *, #2550, .F. ) ;
#3059 = EDGE_CURVE ( 'NONE', #2620, #1828, #1464, .T. ) ;
#3060 = FILL_AREA_STYLE_COLOUR ( '', #1445 ) ;
#3061 = SURFACE_STYLE_USAGE ( .BOTH. , #2825 ) ;
#3062 = FILL_AREA_STYLE ('',( #2766 ) ) ;
#3063 = STYLED_ITEM ( 'NONE', ( #2333 ), #2226 ) ;
#3064 = ORIENTED_EDGE ( 'NONE', *, *, #3034, .T. ) ;
#3065 = CARTESIAN_POINT ( 'NONE',  ( 1.066181458705411922, -6.557737457409941406, -19.66003763391029580 ) ) ;
#3066 = CARTESIAN_POINT ( 'NONE',  ( 20.20000000000000284, 3.469446951953615767E-15, -61.40000000000001279 ) ) ;
#3067 = UNCERTAINTY_MEASURE_WITH_UNIT (LENGTH_MEASURE( 1.000000000000000082E-05 ), #2923, 'distance_accuracy_value', 'NONE');
#3068 = VECTOR ( 'NONE', #2385, 1000.000000000000000 ) ;
#3069 = CARTESIAN_POINT ( 'NONE',  ( 20.20000000000000284, 3.469446951953615767E-15, -33.11572875253808235 ) ) ;
#3070 = FACE_OUTER_BOUND ( 'NONE', #2468, .T. ) ;
#3071 = CARTESIAN_POINT ( 'NONE',  ( 38.90000000000000568, 16.74999999999999645, -15.00000000000001066 ) ) ;
#3072 = ORIENTED_EDGE ( 'NONE', *, *, #947, .F. ) ;
#3073 = CIRCLE ( 'NONE', #597, 3.550000000000000711 ) ;
#3074 = EDGE_LOOP ( 'NONE', ( #1138 ) ) ;
#3075 = DIRECTION ( 'NONE',  ( -1.000000000000000000, 0.000000000000000000, 0.000000000000000000 ) ) ;
#3076 = CARTESIAN_POINT ( 'NONE',  ( -3.000000000000002665, 14.75000000000000355, -64.40000000000000568 ) ) ;
#3077 = ADVANCED_FACE ( 'NONE', ( #2749 ), #677, .F. ) ;
#3078 = CARTESIAN_POINT ( 'NONE',  ( 0.000000000000000000, 0.000000000000000000, 0.000000000000000000 ) ) ;
#3079 = PRESENTATION_LAYER_ASSIGNMENT (  '', '', ( #1432 ) ) ;
#3080 = VECTOR ( 'NONE', #309, 1000.000000000000000 ) ;
#3081 =( LENGTH_UNIT ( ) NAMED_UNIT ( * ) SI_UNIT ( .MILLI., .METRE. ) );
#3082 = CARTESIAN_POINT ( 'NONE',  ( 27.20000000000000639, 2.602085213965209064E-15, -15.00000000000000000 ) ) ;
#3083 = PRESENTATION_LAYER_ASSIGNMENT (  '', '', ( #281 ) ) ;
#3084 = COLOUR_RGB ( '',0.5999999999999999778, 0.1607843137254901800, 0.7529411764705882248 ) ;
#3085 = ORIENTED_EDGE ( 'NONE', *, *, #2163, .F. ) ;
#3086 = EDGE_CURVE ( 'NONE', #2552, #2639, #644, .T. ) ;
#3087 = VECTOR ( 'NONE', #2735, 1000.000000000000000 ) ;
#3088 = AXIS2_PLACEMENT_3D ( 'NONE', #1135, #1646, #2693 ) ;
#3089 = STYLED_ITEM ( 'NONE', ( #1765 ), #2723 ) ;
#3090 = STYLED_ITEM ( 'NONE', ( #79 ), #2296 ) ;
#3091 = FACE_OUTER_BOUND ( 'NONE', #1124, .T. ) ;
#3092 = ORIENTED_EDGE ( 'NONE', *, *, #374, .T. ) ;
#3093 = EDGE_LOOP ( 'NONE', ( #3163 ) ) ;
#3094 = FILL_AREA_STYLE ('',( #814 ) ) ;
#3095 = DIRECTION ( 'NONE',  ( -1.000000000000000000, 0.000000000000000000, 0.000000000000000000 ) ) ;
#3096 =( GEOMETRIC_REPRESENTATION_CONTEXT ( 3 ) GLOBAL_UNCERTAINTY_ASSIGNED_CONTEXT ( ( #3067 ) ) GLOBAL_UNIT_ASSIGNED_CONTEXT ( ( #2923, #2729, #1140 ) ) REPRESENTATION_CONTEXT ( 'NONE', 'WORKASPACE' ) );
#3097 = CARTESIAN_POINT ( 'NONE',  ( 43.40000000000000568, 10.00000000000000000, -2.250000000000035083 ) ) ;
#3098 = CARTESIAN_POINT ( 'NONE',  ( 38.90000000000000568, 10.24999999999999467, -15.00000000000001066 ) ) ;
#3099 = ORIENTED_EDGE ( 'NONE', *, *, #841, .T. ) ;
#3100 = COLOUR_RGB ( '',0.5999999999999999778, 0.1607843137254901800, 0.7529411764705882248 ) ;
#3101 = ADVANCED_FACE ( 'NONE', ( #455 ), #2405, .T. ) ;
#3102 = SURFACE_STYLE_FILL_AREA ( #1809 ) ;
#3103 = UNCERTAINTY_MEASURE_WITH_UNIT (LENGTH_MEASURE( 1.000000000000000082E-05 ), #1699, 'distance_accuracy_value', 'NONE');
#3104 = VERTEX_POINT ( 'NONE', #1319 ) ;
#3105 = CARTESIAN_POINT ( 'NONE',  ( 38.81745518066995970, 16.75000000000000000, -20.39913469463572682 ) ) ;
#3106 = ORIENTED_EDGE ( 'NONE', *, *, #1824, .T. ) ;
#3107 = ORIENTED_EDGE ( 'NONE', *, *, #1018, .T. ) ;
#3108 = DIRECTION ( 'NONE',  ( 0.000000000000000000, -0.7071067811865511255, 0.7071067811865440200 ) ) ;
#3109 = CARTESIAN_POINT ( 'NONE',  ( 1.999999999999997335, -0.000000000000000000, -64.40000000000000568 ) ) ;
#3110 = DIRECTION ( 'NONE',  ( -1.000000000000000000, 0.000000000000000000, 0.000000000000000000 ) ) ;
#3111 = ORIENTED_EDGE ( 'NONE', *, *, #1287, .T. ) ;
#3112 = FILL_AREA_STYLE ('',( #1150 ) ) ;
#3113 = CARTESIAN_POINT ( 'NONE',  ( 40.40000000000000568, 10.00000000000000000, 9.999999999999998224 ) ) ;
#3114 = PRESENTATION_STYLE_ASSIGNMENT (( #517 ) ) ;
#3115 = EDGE_CURVE ( 'NONE', #1483, #948, #1525, .T. ) ;
#3116 = LINE ( 'NONE', #589, #2496 ) ;
#3117 = ORIENTED_EDGE ( 'NONE', *, *, #518, .F. ) ;
#3118 = CIRCLE ( 'NONE', #1518, 1.550000000000000266 ) ;
#3119 = CARTESIAN_POINT ( 'NONE',  ( 2.000000000000000000, 0.000000000000000000, 0.000000000000000000 ) ) ;
#3120 = ORIENTED_EDGE ( 'NONE', *, *, #647, .T. ) ;
#3121 = AXIS2_PLACEMENT_3D ( 'NONE', #89, #71, #2848 ) ;
#3122 = SURFACE_STYLE_USAGE ( .BOTH. , #2412 ) ;
#3123 = ORIENTED_EDGE ( 'NONE', *, *, #2698, .T. ) ;
#3124 = DIRECTION ( 'NONE',  ( -1.000000000000000000, 0.000000000000000000, 0.000000000000000000 ) ) ;
#3125 = CARTESIAN_POINT ( 'NONE',  ( 0.000000000000000000, 0.000000000000000000, -69.40000000000001990 ) ) ;
#3126 = ORIENTED_EDGE ( 'NONE', *, *, #1894, .F. ) ;
#3127 = AXIS2_PLACEMENT_3D ( 'NONE', #2712, #682, #2742 ) ;
#3128 = PRESENTATION_STYLE_ASSIGNMENT (( #83 ) ) ;
#3129 = AXIS2_PLACEMENT_3D ( 'NONE', #97, #1144, #620 ) ;
#3130 = FACE_BOUND ( 'NONE', #2869, .T. ) ;
#3131 = MECHANICAL_DESIGN_GEOMETRIC_PRESENTATION_REPRESENTATION (  '', ( #2969 ), #1712 ) ;
#3132 = DIRECTION ( 'NONE',  ( 0.000000000000000000, -0.8164965809277260345, -0.5773502691896257311 ) ) ;
#3133 = PRODUCT_DEFINITION_CONTEXT ( 'detailed design', #1288, 'design' ) ;
#3134 = VECTOR ( 'NONE', #1237, 1000.000000000000000 ) ;
#3135 = AXIS2_PLACEMENT_3D ( 'NONE', #548, #2929, #314 ) ;
#3136 = DIRECTION ( 'NONE',  ( -1.000000000000000000, 0.000000000000000000, 0.000000000000000000 ) ) ;
#3137 = ADVANCED_FACE ( 'NONE', ( #2040 ), #70, .T. ) ;
#3138 = ORIENTED_EDGE ( 'NONE', *, *, #2891, .T. ) ;
#3139 = CARTESIAN_POINT ( 'NONE',  ( 38.56733208982502958, 16.74999999999999645, -20.41513193653536717 ) ) ;
#3140 =( GEOMETRIC_REPRESENTATION_CONTEXT ( 3 ) GLOBAL_UNCERTAINTY_ASSIGNED_CONTEXT ( ( #2427 ) ) GLOBAL_UNIT_ASSIGNED_CONTEXT ( ( #106, #3219, #1207 ) ) REPRESENTATION_CONTEXT ( 'NONE', 'WORKASPACE' ) );
#3141 = ORIENTED_EDGE ( 'NONE', *, *, #3272, .T. ) ;
#3142 = ORIENTED_EDGE ( 'NONE', *, *, #1786, .T. ) ;
#3143 = PRESENTATION_LAYER_ASSIGNMENT (  '', '', ( #2192 ) ) ;
#3144 = EDGE_CURVE ( 'NONE', #3317, #172, #3051, .T. ) ;
#3145 =( NAMED_UNIT ( * ) SI_UNIT ( $, .STERADIAN. ) SOLID_ANGLE_UNIT ( ) );
#3146 = ORIENTED_EDGE ( 'NONE', *, *, #2348, .T. ) ;
#3147 = CARTESIAN_POINT ( 'NONE',  ( 39.00269880899590902, -6.216291930182168635, -19.86331361964645836 ) ) ;
#3148 =( NAMED_UNIT ( * ) SI_UNIT ( $, .STERADIAN. ) SOLID_ANGLE_UNIT ( ) );
#3149 = DIRECTION ( 'NONE',  ( 0.000000000000000000, -1.040834085586084059E-15, 1.000000000000000000 ) ) ;
#3150 = DIRECTION ( 'NONE',  ( 0.000000000000000000, 0.7071067811865511255, -0.7071067811865440200 ) ) ;
#3151 = EDGE_LOOP ( 'NONE', ( #1993, #3248, #2481, #1020 ) ) ;
#3152 =( NAMED_UNIT ( * ) PLANE_ANGLE_UNIT ( ) SI_UNIT ( $, .RADIAN. ) );
#3153 = SURFACE_SIDE_STYLE ('',( #1918 ) ) ;
#3154 = PRESENTATION_LAYER_ASSIGNMENT (  '', '', ( #1014 ) ) ;
#3155 = FACE_BOUND ( 'NONE', #3074, .T. ) ;
#3156 = FILL_AREA_STYLE_COLOUR ( '', #1220 ) ;
#3157 = COLOUR_RGB ( '',0.5999999999999999778, 0.1607843137254901800, 0.7529411764705882248 ) ;
#3158 = DIRECTION ( 'NONE',  ( 0.000000000000000000, 0.000000000000000000, 1.000000000000000000 ) ) ;
#3159 =( NAMED_UNIT ( * ) PLANE_ANGLE_UNIT ( ) SI_UNIT ( $, .RADIAN. ) );
#3160 = CARTESIAN_POINT ( 'NONE',  ( 40.40000000000000568, 0.000000000000000000, -5.000000000000009770 ) ) ;
#3161 = FACE_OUTER_BOUND ( 'NONE', #981, .T. ) ;
#3162 = EDGE_LOOP ( 'NONE', ( #2892, #666, #363, #2879, #4, #1377 ) ) ;
#3163 = ORIENTED_EDGE ( 'NONE', *, *, #1143, .T. ) ;
#3164 =( NAMED_UNIT ( * ) SI_UNIT ( $, .STERADIAN. ) SOLID_ANGLE_UNIT ( ) );
#3165 = EDGE_LOOP ( 'NONE', ( #1835 ) ) ;
#3166 = CARTESIAN_POINT ( 'NONE',  ( 43.31449749429884832, -5.982651680351886547, -15.48742693006006732 ) ) ;
#3167 = CARTESIAN_POINT ( 'NONE',  ( 0.000000000000000000, 23.74999999999999645, -15.00000000000000711 ) ) ;
#3168 = EDGE_CURVE ( 'NONE', #2318, #2903, #456, .T. ) ;
#3169 = ORIENTED_EDGE ( 'NONE', *, *, #69, .T. ) ;
#3170 = ORIENTED_EDGE ( 'NONE', *, *, #1805, .F. ) ;
#3171 = SURFACE_STYLE_FILL_AREA ( #286 ) ;
#3172 = FACE_OUTER_BOUND ( 'NONE', #2822, .T. ) ;
#3173 = UNCERTAINTY_MEASURE_WITH_UNIT (LENGTH_MEASURE( 1.000000000000000082E-05 ), #68, 'distance_accuracy_value', 'NONE');
#3174 =( NAMED_UNIT ( * ) SI_UNIT ( $, .STERADIAN. ) SOLID_ANGLE_UNIT ( ) );
#3175 = PRESENTATION_STYLE_ASSIGNMENT (( #132 ) ) ;
#3176 = PRESENTATION_STYLE_ASSIGNMENT (( #2868 ) ) ;
#3177 = ORIENTED_EDGE ( 'NONE', *, *, #606, .F. ) ;
#3178 = ORIENTED_EDGE ( 'NONE', *, *, #911, .T. ) ;
#3179 = DIRECTION ( 'NONE',  ( 1.000000000000000000, 0.000000000000000000, 0.000000000000000000 ) ) ;
#3180 = EDGE_LOOP ( 'NONE', ( #762 ) ) ;
#3181 = CARTESIAN_POINT ( 'NONE',  ( 40.40000000000005542, -9.999999999999980460, -17.00000000000000000 ) ) ;
#3182 = FACE_OUTER_BOUND ( 'NONE', #1817, .T. ) ;
#3183 =( LENGTH_UNIT ( ) NAMED_UNIT ( * ) SI_UNIT ( .MILLI., .METRE. ) );
#3184 = PLANE ( 'NONE',  #3047 ) ;
#3185 = EDGE_CURVE ( 'NONE', #716, #2147, #2339, .T. ) ;
#3186 = CARTESIAN_POINT ( 'NONE',  ( 20.20000000000000284, 8.550000000000004263, -15.00000000000000000 ) ) ;
#3187 = CIRCLE ( 'NONE', #2960, 1.550000000000000044 ) ;
#3188 = CARTESIAN_POINT ( 'NONE',  ( 43.40000000000000568, -10.00000000000000178, -69.40000000000001990 ) ) ;
#3189 = FILL_AREA_STYLE ('',( #2356 ) ) ;
#3190 = EDGE_LOOP ( 'NONE', ( #856, #802, #2081, #148, #3007, #3142, #1818, #600, #168, #325, #1847, #19, #195, #2327 ) ) ;
#3191 = FILL_AREA_STYLE ('',( #2696 ) ) ;
#3192 = DIRECTION ( 'NONE',  ( 0.000000000000000000, 0.000000000000000000, -1.000000000000000000 ) ) ;
#3193 = AXIS2_PLACEMENT_3D ( 'NONE', #88, #873, #894 ) ;
#3194 = AXIS2_PLACEMENT_3D ( 'NONE', #1794, #2261, #2278 ) ;
#3195 = COLOUR_RGB ( '',0.5999999999999999778, 0.1607843137254901800, 0.7529411764705882248 ) ;
#3196 = COLOUR_RGB ( '',0.5999999999999999778, 0.1607843137254901800, 0.7529411764705882248 ) ;
#3197 =( GEOMETRIC_REPRESENTATION_CONTEXT ( 3 ) GLOBAL_UNCERTAINTY_ASSIGNED_CONTEXT ( ( #104 ) ) GLOBAL_UNIT_ASSIGNED_CONTEXT ( ( #2225, #3241, #135 ) ) REPRESENTATION_CONTEXT ( 'NONE', 'WORKASPACE' ) );
#3198 = SURFACE_SIDE_STYLE ('',( #2700 ) ) ;
#3199 = DIRECTION ( 'NONE',  ( 1.000000000000000000, 0.000000000000000000, 0.000000000000000000 ) ) ;
#3200 = MECHANICAL_DESIGN_GEOMETRIC_PRESENTATION_REPRESENTATION (  '', ( #1718 ), #834 ) ;
#3201 = SURFACE_SIDE_STYLE ('',( #667 ) ) ;
#3202 = VERTEX_POINT ( 'NONE', #3252 ) ;
#3203 = LINE ( 'NONE', #2440, #1217 ) ;
#3204 = PLANE ( 'NONE',  #513 ) ;
#3205 = VERTEX_POINT ( 'NONE', #3186 ) ;
#3206 = AXIS2_PLACEMENT_3D ( 'NONE', #3321, #987, #1791 ) ;
#3207 = ADVANCED_FACE ( 'NONE', ( #2164 ), #2719, .F. ) ;
#3208 = PRESENTATION_LAYER_ASSIGNMENT (  '', '', ( #1925 ) ) ;
#3209 = UNCERTAINTY_MEASURE_WITH_UNIT (LENGTH_MEASURE( 1.000000000000000082E-05 ), #1661, 'distance_accuracy_value', 'NONE');
#3210 = ADVANCED_FACE ( 'NONE', ( #1708 ), #3230, .T. ) ;
#3211 =( GEOMETRIC_REPRESENTATION_CONTEXT ( 3 ) GLOBAL_UNCERTAINTY_ASSIGNED_CONTEXT ( ( #1065 ) ) GLOBAL_UNIT_ASSIGNED_CONTEXT ( ( #3054, #1795, #1480 ) ) REPRESENTATION_CONTEXT ( 'NONE', 'WORKASPACE' ) );
#3212 = DIRECTION ( 'NONE',  ( 0.000000000000000000, -0.000000000000000000, -1.000000000000000000 ) ) ;
#3213 = FACE_OUTER_BOUND ( 'NONE', #915, .T. ) ;
#3214 = UNCERTAINTY_MEASURE_WITH_UNIT (LENGTH_MEASURE( 1.000000000000000082E-05 ), #94, 'distance_accuracy_value', 'NONE');
#3215 = AXIS2_PLACEMENT_3D ( 'NONE', #3258, #1951, #970 ) ;
#3216 = CARTESIAN_POINT ( 'NONE',  ( 20.20000000000000284, 7.000000000000004441, -25.00000000000001066 ) ) ;
#3217 = AXIS2_PLACEMENT_3D ( 'NONE', #1229, #1965, #1996 ) ;
#3218 = FILL_AREA_STYLE ('',( #1467 ) ) ;
#3219 =( NAMED_UNIT ( * ) PLANE_ANGLE_UNIT ( ) SI_UNIT ( $, .RADIAN. ) );
#3220 = CARTESIAN_POINT ( 'NONE',  ( -1.901923788646687319, -10.00000000000000000, -14.59807621135332667 ) ) ;
#3221 = CARTESIAN_POINT ( 'NONE',  ( 0.5000000000000073275, -10.00000000000000000, -17.00000000000001421 ) ) ;
#3222 = LINE ( 'NONE', #2736, #1618 ) ;
#3223 = CARTESIAN_POINT ( 'NONE',  ( 23.75000000000000355, 3.469446951953615767E-15, -61.40000000000001279 ) ) ;
#3224 = ADVANCED_BREP_SHAPE_REPRESENTATION ( 'RD_ShoulderV4__Default__908B93C70B72', ( #1310, #2767 ), #2601 ) ;
#3225 = ADVANCED_FACE ( 'NONE', ( #108 ), #900, .F. ) ;
#3226 = CARTESIAN_POINT ( 'NONE',  ( 20.20000000000000284, 4.336808689942019314E-15, -25.00000000000001066 ) ) ;
#3227 = LINE ( 'NONE', #1416, #2984 ) ;
#3228 = DIRECTION ( 'NONE',  ( -1.000000000000000000, -2.891205793294678326E-16, 0.000000000000000000 ) ) ;
#3229 = EDGE_LOOP ( 'NONE', ( #584 ) ) ;
#3230 = CYLINDRICAL_SURFACE ( 'NONE', #3129, 5.000000000000000000 ) ;
#3231 = ORIENTED_EDGE ( 'NONE', *, *, #1261, .F. ) ;
#3232 = DIRECTION ( 'NONE',  ( 1.000000000000000000, 0.000000000000000000, 0.000000000000000000 ) ) ;
#3233 = CARTESIAN_POINT ( 'NONE',  ( 2.000000000000000000, 7.000000000000000000, -1.550000000000000266 ) ) ;
#3234 = DIRECTION ( 'NONE',  ( -0.5773502691896256200, -0.8164965809277260345, 0.000000000000000000 ) ) ;
#3235 = UNCERTAINTY_MEASURE_WITH_UNIT (LENGTH_MEASURE( 1.000000000000000082E-05 ), #257, 'distance_accuracy_value', 'NONE');
#3236 = CARTESIAN_POINT ( 'NONE',  ( 40.40000000000000568, 0.000000000000000000, 0.000000000000000000 ) ) ;
#3237 =( LENGTH_UNIT ( ) NAMED_UNIT ( * ) SI_UNIT ( .MILLI., .METRE. ) );
#3238 = UNCERTAINTY_MEASURE_WITH_UNIT (LENGTH_MEASURE( 1.000000000000000082E-05 ), #2341, 'distance_accuracy_value', 'NONE');
#3239 = STYLED_ITEM ( 'NONE', ( #1482 ), #1627 ) ;
#3240 = AXIS2_PLACEMENT_3D ( 'NONE', #2731, #163, #3228 ) ;
#3241 =( NAMED_UNIT ( * ) PLANE_ANGLE_UNIT ( ) SI_UNIT ( $, .RADIAN. ) );
#3242 = ADVANCED_FACE ( 'NONE', ( #3022 ), #2556, .T. ) ;
#3243 =( LENGTH_UNIT ( ) NAMED_UNIT ( * ) SI_UNIT ( .MILLI., .METRE. ) );
#3244 = FILL_AREA_STYLE ('',( #1205 ) ) ;
#3245 = COLOUR_RGB ( '',0.5999999999999999778, 0.1607843137254901800, 0.7529411764705882248 ) ;
#3246 = VECTOR ( 'NONE', #1530, 1000.000000000000000 ) ;
#3247 =( LENGTH_UNIT ( ) NAMED_UNIT ( * ) SI_UNIT ( .MILLI., .METRE. ) );
#3248 = ORIENTED_EDGE ( 'NONE', *, *, #1824, .F. ) ;
#3249 = STYLED_ITEM ( 'NONE', ( #2571 ), #1348 ) ;
#3250 = EDGE_CURVE ( 'NONE', #3048, #3048, #2546, .T. ) ;
#3251 = MECHANICAL_DESIGN_GEOMETRIC_PRESENTATION_REPRESENTATION (  '', ( #2922 ), #1814 ) ;
#3252 = CARTESIAN_POINT ( 'NONE',  ( 38.39999999999998437, 16.74999999999999645, -20.41742430504417172 ) ) ;
#3253 = ORIENTED_EDGE ( 'NONE', *, *, #3185, .F. ) ;
#3254 = SURFACE_STYLE_FILL_AREA ( #1159 ) ;
#3255 = CYLINDRICAL_SURFACE ( 'NONE', #2990, 3.549999999999999822 ) ;
#3256 = VERTEX_POINT ( 'NONE', #1036 ) ;
#3257 = CARTESIAN_POINT ( 'NONE',  ( 15.18071187457697846, -21.46876861950506310, -14.00000000000001421 ) ) ;
#3258 = CARTESIAN_POINT ( 'NONE',  ( 0.000000000000000000, 12.75000000000000178, -5.000000000000009770 ) ) ;
#3259 = ORIENTED_EDGE ( 'NONE', *, *, #127, .T. ) ;
#3260 = PRODUCT ( 'RD_ShoulderV4__Default__908B93C70B72', 'RD_ShoulderV4__Default__908B93C70B72', '', ( #738 ) ) ;
#3261 = DIRECTION ( 'NONE',  ( 1.000000000000000000, -0.000000000000000000, -0.000000000000000000 ) ) ;
#3262 = CARTESIAN_POINT ( 'NONE',  ( 43.40000000000000568, 24.75000000000000355, -59.40000000000000568 ) ) ;
#3263 = DIRECTION ( 'NONE',  ( 0.000000000000000000, -0.000000000000000000, 1.000000000000000000 ) ) ;
#3264 = FACE_OUTER_BOUND ( 'NONE', #1547, .T. ) ;
#3265 = LINE ( 'NONE', #964, #158 ) ;
#3266 = EDGE_LOOP ( 'NONE', ( #3058 ) ) ;
#3267 = CIRCLE ( 'NONE', #1826, 10.00000000000000888 ) ;
#3268 = FACE_OUTER_BOUND ( 'NONE', #2886, .T. ) ;
#3269 = CARTESIAN_POINT ( 'NONE',  ( -27.59999999999999787, 19.75000000000000355, -20.00000000000000711 ) ) ;
#3270 = SURFACE_SIDE_STYLE ('',( #1195 ) ) ;
#3271 =( NAMED_UNIT ( * ) PLANE_ANGLE_UNIT ( ) SI_UNIT ( $, .RADIAN. ) );
#3272 = EDGE_CURVE ( 'NONE', #1311, #2147, #2537, .T. ) ;
#3273 = VERTEX_POINT ( 'NONE', #2995 ) ;
#3274 =( LENGTH_UNIT ( ) NAMED_UNIT ( * ) SI_UNIT ( .MILLI., .METRE. ) );
#3275 =( NAMED_UNIT ( * ) PLANE_ANGLE_UNIT ( ) SI_UNIT ( $, .RADIAN. ) );
#3276 =( LENGTH_UNIT ( ) NAMED_UNIT ( * ) SI_UNIT ( .MILLI., .METRE. ) );
#3277 = ORIENTED_EDGE ( 'NONE', *, *, #1768, .F. ) ;
#3278 = LINE ( 'NONE', #2799, #1760 ) ;
#3279 = UNCERTAINTY_MEASURE_WITH_UNIT (LENGTH_MEASURE( 1.000000000000000082E-05 ), #775, 'distance_accuracy_value', 'NONE');
#3280 = FILL_AREA_STYLE ('',( #2756 ) ) ;
#3281 = ORIENTED_EDGE ( 'NONE', *, *, #2445, .T. ) ;
#3282 = ORIENTED_EDGE ( 'NONE', *, *, #1960, .F. ) ;
#3283 = EDGE_LOOP ( 'NONE', ( #1557 ) ) ;
#3284 = CARTESIAN_POINT ( 'NONE',  ( 0.000000000000000000, 12.75000000000000178, -5.000000000000009770 ) ) ;
#3285 = VERTEX_POINT ( 'NONE', #986 ) ;
#3286 = EDGE_CURVE ( 'NONE', #2408, #292, #1771, .T. ) ;
#3287 = CARTESIAN_POINT ( 'NONE',  ( 43.40000000000000568, 14.75000000000000355, -59.40000000000000568 ) ) ;
#3288 = CARTESIAN_POINT ( 'NONE',  ( 0.5160660096775763206, -7.876994298131288375, -18.93435305236075905 ) ) ;
#3289 = ADVANCED_FACE ( 'NONE', ( #2793, #474 ), #1278, .F. ) ;
#3290 = STYLED_ITEM ( 'NONE', ( #1240 ), #1803 ) ;
#3291 = LINE ( 'NONE', #200, #2663 ) ;
#3292 = DIRECTION ( 'NONE',  ( -0.000000000000000000, 1.000000000000000000, -0.000000000000000000 ) ) ;
#3293 = ORIENTED_EDGE ( 'NONE', *, *, #2049, .T. ) ;
#3294 = CIRCLE ( 'NONE', #385, 1.549999999999997602 ) ;
#3295 = ORIENTED_EDGE ( 'NONE', *, *, #1692, .T. ) ;
#3296 = VECTOR ( 'NONE', #1787, 1000.000000000000000 ) ;
#3297 = CIRCLE ( 'NONE', #282, 1.550000000000000933 ) ;
#3298 = PRESENTATION_STYLE_ASSIGNMENT (( #699 ) ) ;
#3299 = CARTESIAN_POINT ( 'NONE',  ( -1.901923788646686209, -8.451012646515987825, -16.78867513459482552 ) ) ;
#3300 =( NAMED_UNIT ( * ) PLANE_ANGLE_UNIT ( ) SI_UNIT ( $, .RADIAN. ) );
#3301 = COLOUR_RGB ( '',0.5999999999999999778, 0.1607843137254901800, 0.7529411764705882248 ) ;
#3302 = VERTEX_POINT ( 'NONE', #2592 ) ;
#3303 = AXIS2_PLACEMENT_3D ( 'NONE', #2839, #2614, #1882 ) ;
#3304 =( NAMED_UNIT ( * ) PLANE_ANGLE_UNIT ( ) SI_UNIT ( $, .RADIAN. ) );
#3305 = PLANE ( 'NONE',  #1510 ) ;
#3306 = AXIS2_PLACEMENT_3D ( 'NONE', #346, #1908, #2890 ) ;
#3307 = PRODUCT_RELATED_PRODUCT_CATEGORY ( 'part', '', ( #3260 ) ) ;
#3308 = AXIS2_PLACEMENT_3D ( 'NONE', #2244, #2429, #1687 ) ;
#3309 = CARTESIAN_POINT ( 'NONE',  ( -3.000000000000002665, 22.87499999999998579, -15.12499999999988987 ) ) ;
#3310 = EDGE_CURVE ( 'NONE', #342, #2318, #1900, .T. ) ;
#3311 = SURFACE_SIDE_STYLE ('',( #2304 ) ) ;
#3312 =( NAMED_UNIT ( * ) PLANE_ANGLE_UNIT ( ) SI_UNIT ( $, .RADIAN. ) );
#3313 = DIRECTION ( 'NONE',  ( 0.000000000000000000, -0.000000000000000000, 1.000000000000000000 ) ) ;
#3314 = DIRECTION ( 'NONE',  ( 0.000000000000000000, 0.000000000000000000, -1.000000000000000000 ) ) ;
#3315 = VECTOR ( 'NONE', #2119, 1000.000000000000000 ) ;
#3316 = ORIENTED_EDGE ( 'NONE', *, *, #790, .F. ) ;
#3317 = VERTEX_POINT ( 'NONE', #1688 ) ;
#3318 = MECHANICAL_DESIGN_GEOMETRIC_PRESENTATION_REPRESENTATION (  '', ( #2038 ), #1562 ) ;
#3319 = CARTESIAN_POINT ( 'NONE',  ( 0.000000000000000000, 0.000000000000000000, -64.40000000000000568 ) ) ;
#3320 =( GEOMETRIC_REPRESENTATION_CONTEXT ( 3 ) GLOBAL_UNCERTAINTY_ASSIGNED_CONTEXT ( ( #3342 ) ) GLOBAL_UNIT_ASSIGNED_CONTEXT ( ( #700, #2424, #431 ) ) REPRESENTATION_CONTEXT ( 'NONE', 'WORKASPACE' ) );
#3321 = CARTESIAN_POINT ( 'NONE',  ( 43.40000000000000568, -1.734723475976807094E-15, -3.469446951953614189E-15 ) ) ;
#3322 = EDGE_LOOP ( 'NONE', ( #2249 ) ) ;
#3323 = MECHANICAL_DESIGN_GEOMETRIC_PRESENTATION_REPRESENTATION (  '', ( #409 ), #1022 ) ;
#3324 = CIRCLE ( 'NONE', #2846, 1.550000000000000266 ) ;
#3325 = CARTESIAN_POINT ( 'NONE',  ( -3.000000000000002665, -4.928270948818376240, -15.12595845812152895 ) ) ;
#3326 = SURFACE_STYLE_USAGE ( .BOTH. , #3053 ) ;
#3327 = ADVANCED_FACE ( 'NONE', ( #2695, #369 ), #1427, .F. ) ;
#3328 = CARTESIAN_POINT ( 'NONE',  ( 1.999999999999998224, 19.75000000000000355, -20.00000000000000711 ) ) ;
#3329 =( LENGTH_UNIT ( ) NAMED_UNIT ( * ) SI_UNIT ( .MILLI., .METRE. ) );
#3330 = EDGE_LOOP ( 'NONE', ( #1346 ) ) ;
#3331 = ORIENTED_EDGE ( 'NONE', *, *, #1206, .F. ) ;
#3332 = DIRECTION ( 'NONE',  ( 0.000000000000000000, 0.000000000000000000, 1.000000000000000000 ) ) ;
#3333 = ADVANCED_FACE ( 'NONE', ( #869 ), #2415, .F. ) ;
#3334 = FILL_AREA_STYLE ('',( #3060 ) ) ;
#3335 = CARTESIAN_POINT ( 'NONE',  ( 62.76067977499789663, -10.00000000000000000, -15.00000000000000711 ) ) ;
#3336 =( NAMED_UNIT ( * ) PLANE_ANGLE_UNIT ( ) SI_UNIT ( $, .RADIAN. ) );
#3337 = DIRECTION ( 'NONE',  ( -1.000000000000000000, -0.000000000000000000, -0.000000000000000000 ) ) ;
#3338 = FACE_OUTER_BOUND ( 'NONE', #2521, .T. ) ;
#3339 = ORIENTED_EDGE ( 'NONE', *, *, #398, .T. ) ;
#3340 = CARTESIAN_POINT ( 'NONE',  ( -1.612880910435397386, -8.285457910426337946, -16.63192302689498092 ) ) ;
#3341 = PRESENTATION_STYLE_ASSIGNMENT (( #2324 ) ) ;
#3342 = UNCERTAINTY_MEASURE_WITH_UNIT (LENGTH_MEASURE( 1.000000000000000082E-05 ), #700, 'distance_accuracy_value', 'NONE');
#3343 = FACE_OUTER_BOUND ( 'NONE', #2849, .T. ) ;
ENDSEC;
END-ISO-10303-21;
