ISO-10303-21;
HEADER;
FILE_DESCRIPTION (( 'STEP AP214' ),
    '1' );
FILE_NAME('Tail.step','2026-09-10T00:00:00',('RIVERDOG'),(''),'SOLIDWORKS STEP exporter','SOLIDWORKS','');
FILE_SCHEMA (( 'AUTOMOTIVE_DESIGN' ));
ENDSEC;

DATA;
#1 = SURFACE_STYLE_USAGE ( .BOTH. , #334 ) ;
#2 = LINE ( 'NONE', #102, #180 ) ;
#3 = UNCERTAINTY_MEASURE_WITH_UNIT (LENGTH_MEASURE( 1.000000000000000082E-05 ), #693, 'distance_accuracy_value', 'NONE');
#4 = FILL_AREA_STYLE ('',( #1143 ) ) ;
#5 = LINE ( 'NONE', #1050, #923 ) ;
#6 = ADVANCED_FACE ( 'NONE', ( #1277 ), #533, .T. ) ;
#7 = SURFACE_SIDE_STYLE ('',( #216 ) ) ;
#8 = CARTESIAN_POINT ( 'NONE',  ( 40.99999999999065636, 36.51999999999999602, -9.000000000000000000 ) ) ;
#9 = EDGE_LOOP ( 'NONE', ( #17, #1293, #873, #312 ) ) ;
#10 =( GEOMETRIC_REPRESENTATION_CONTEXT ( 3 ) GLOBAL_UNCERTAINTY_ASSIGNED_CONTEXT ( ( #3 ) ) GLOBAL_UNIT_ASSIGNED_CONTEXT ( ( #693, #1352, #323 ) ) REPRESENTATION_CONTEXT ( 'NONE', 'WORKASPACE' ) );
#11 = CARTESIAN_POINT ( 'NONE',  ( 38.40000000000001279, 42.52000000000000313, -56.10000000001105747 ) ) ;
#12 = DIRECTION ( 'NONE',  ( 0.000000000000000000, 0.000000000000000000, -1.000000000000000000 ) ) ;
#13 = SURFACE_STYLE_USAGE ( .BOTH. , #120 ) ;
#14 = DIRECTION ( 'NONE',  ( 0.000000000000000000, -1.000000000000000000, 0.000000000000000000 ) ) ;
#15 = PRESENTATION_LAYER_ASSIGNMENT (  '', '', ( #655 ) ) ;
#16 = EDGE_CURVE ( 'NONE', #487, #663, #1404, .T. ) ;
#17 = ORIENTED_EDGE ( 'NONE', *, *, #1430, .F. ) ;
#18 = CIRCLE ( 'NONE', #930, 3.400000000000000355 ) ;
#19 =( GEOMETRIC_REPRESENTATION_CONTEXT ( 3 ) GLOBAL_UNCERTAINTY_ASSIGNED_CONTEXT ( ( #611 ) ) GLOBAL_UNIT_ASSIGNED_CONTEXT ( ( #1364, #1258, #709 ) ) REPRESENTATION_CONTEXT ( 'NONE', 'WORKASPACE' ) );
#20 = CYLINDRICAL_SURFACE ( 'NONE', #345, 15.99999999999999289 ) ;
#21 = DIRECTION ( 'NONE',  ( 0.000000000000000000, 1.224646799147353207E-16, -1.000000000000000000 ) ) ;
#22 = CARTESIAN_POINT ( 'NONE',  ( 33.99999999999062084, 11.48000000000000043, -9.000000000000000000 ) ) ;
#23 = PLANE ( 'NONE',  #418 ) ;
#24 = ORIENTED_EDGE ( 'NONE', *, *, #553, .F. ) ;
#25 = ADVANCED_FACE ( 'NONE', ( #1110 ), #1129, .F. ) ;
#26 = UNCERTAINTY_MEASURE_WITH_UNIT (LENGTH_MEASURE( 1.000000000000000082E-05 ), #937, 'distance_accuracy_value', 'NONE');
#27 = DIRECTION ( 'NONE',  ( 0.000000000000000000, 1.000000000000000000, 0.000000000000000000 ) ) ;
#28 = VERTEX_POINT ( 'NONE', #1382 ) ;
#29 =( NAMED_UNIT ( * ) PLANE_ANGLE_UNIT ( ) SI_UNIT ( $, .RADIAN. ) );
#30 = CARTESIAN_POINT ( 'NONE',  ( 2.204364238465233850E-15, 66.00000000000000000, -5.000000000000004441 ) ) ;
#31 = VERTEX_POINT ( 'NONE', #114 ) ;
#32 = VECTOR ( 'NONE', #1373, 1000.000000000000000 ) ;
#33 = ORIENTED_CLOSED_SHELL ( 'NONE', *, #153, .F. );
#34 = LINE ( 'NONE', #485, #1304 ) ;
#35 = EDGE_CURVE ( 'NONE', #490, #490, #697, .T. ) ;
#36 = SURFACE_STYLE_USAGE ( .BOTH. , #161 ) ;
#37 = FILL_AREA_STYLE_COLOUR ( '', #1019 ) ;
#38 = CARTESIAN_POINT ( 'NONE',  ( 0.000000000000000000, 0.000000000000000000, 0.000000000000000000 ) ) ;
#39 = DIRECTION ( 'NONE',  ( -1.000000000000000000, 0.000000000000000000, 0.000000000000000000 ) ) ;
#40 = MECHANICAL_DESIGN_GEOMETRIC_PRESENTATION_REPRESENTATION (  '', ( #317 ), #415 ) ;
#41 = ORIENTED_EDGE ( 'NONE', *, *, #549, .T. ) ;
#42 = AXIS2_PLACEMENT_3D ( 'NONE', #880, #866, #766 ) ;
#43 =( GEOMETRIC_REPRESENTATION_CONTEXT ( 3 ) GLOBAL_UNCERTAINTY_ASSIGNED_CONTEXT ( ( #1358 ) ) GLOBAL_UNIT_ASSIGNED_CONTEXT ( ( #621, #1281, #52 ) ) REPRESENTATION_CONTEXT ( 'NONE', 'WORKASPACE' ) );
#44 = COLOUR_RGB ( '',0.5999999999999999778, 0.1607843137254901800, 0.7529411764705882248 ) ;
#45 = LINE ( 'NONE', #1384, #89 ) ;
#46 =( GEOMETRIC_REPRESENTATION_CONTEXT ( 3 ) GLOBAL_UNCERTAINTY_ASSIGNED_CONTEXT ( ( #499 ) ) GLOBAL_UNIT_ASSIGNED_CONTEXT ( ( #54, #296, #537 ) ) REPRESENTATION_CONTEXT ( 'NONE', 'WORKASPACE' ) );
#47 = DIRECTION ( 'NONE',  ( 1.000000000000000000, 0.000000000000000000, 0.000000000000000000 ) ) ;
#48 = EDGE_CURVE ( 'NONE', #966, #186, #1029, .T. ) ;
#49 = DIRECTION ( 'NONE',  ( -0.000000000000000000, -0.000000000000000000, 1.000000000000000000 ) ) ;
#50 = VERTEX_POINT ( 'NONE', #351 ) ;
#51 = ORIENTED_EDGE ( 'NONE', *, *, #395, .F. ) ;
#52 =( NAMED_UNIT ( * ) SI_UNIT ( $, .STERADIAN. ) SOLID_ANGLE_UNIT ( ) );
#53 = LINE ( 'NONE', #374, #1169 ) ;
#54 =( LENGTH_UNIT ( ) NAMED_UNIT ( * ) SI_UNIT ( .MILLI., .METRE. ) );
#55 = ORIENTED_EDGE ( 'NONE', *, *, #268, .F. ) ;
#56 = DIRECTION ( 'NONE',  ( -1.000000000000000000, 0.000000000000000000, 0.000000000000000000 ) ) ;
#57 = MECHANICAL_DESIGN_GEOMETRIC_PRESENTATION_REPRESENTATION (  '', ( #78 ), #386 ) ;
#58 = SURFACE_STYLE_USAGE ( .BOTH. , #901 ) ;
#59 = CARTESIAN_POINT ( 'NONE',  ( 40.99999999999081979, 66.00000000000000000, -56.10000000001104326 ) ) ;
#60 = DIRECTION ( 'NONE',  ( 1.000000000000000000, 0.000000000000000000, 0.000000000000000000 ) ) ;
#61 = STYLED_ITEM ( 'NONE', ( #230 ), #659 ) ;
#62 = ORIENTED_EDGE ( 'NONE', *, *, #1276, .T. ) ;
#63 = MECHANICAL_DESIGN_GEOMETRIC_PRESENTATION_REPRESENTATION (  '', ( #1089 ), #544 ) ;
#64 =( NAMED_UNIT ( * ) SI_UNIT ( $, .STERADIAN. ) SOLID_ANGLE_UNIT ( ) );
#65 = FACE_OUTER_BOUND ( 'NONE', #1202, .T. ) ;
#66 = VECTOR ( 'NONE', #14, 1000.000000000000000 ) ;
#67 = FILL_AREA_STYLE_COLOUR ( '', #366 ) ;
#68 = SURFACE_STYLE_FILL_AREA ( #413 ) ;
#69 = DIRECTION ( 'NONE',  ( 0.000000000000000000, 0.000000000000000000, -1.000000000000000000 ) ) ;
#70 = EDGE_CURVE ( 'NONE', #300, #685, #2, .T. ) ;
#71 = PRESENTATION_STYLE_ASSIGNMENT (( #187 ) ) ;
#72 = DIRECTION ( 'NONE',  ( 1.000000000000000000, 0.000000000000000000, 0.000000000000000000 ) ) ;
#73 = FACE_OUTER_BOUND ( 'NONE', #1109, .T. ) ;
#74 = CARTESIAN_POINT ( 'NONE',  ( 40.99999999999065636, 36.51999999999999602, -9.000000000000000000 ) ) ;
#75 = ORIENTED_EDGE ( 'NONE', *, *, #88, .T. ) ;
#76 =( LENGTH_UNIT ( ) NAMED_UNIT ( * ) SI_UNIT ( .MILLI., .METRE. ) );
#77 = CYLINDRICAL_SURFACE ( 'NONE', #1176, 3.399999999999998579 ) ;
#78 = STYLED_ITEM ( 'NONE', ( #1284 ), #200 ) ;
#79 = MECHANICAL_DESIGN_GEOMETRIC_PRESENTATION_REPRESENTATION (  '', ( #292 ), #1435 ) ;
#80 =( GEOMETRIC_REPRESENTATION_CONTEXT ( 3 ) GLOBAL_UNCERTAINTY_ASSIGNED_CONTEXT ( ( #527 ) ) GLOBAL_UNIT_ASSIGNED_CONTEXT ( ( #597, #942, #904 ) ) REPRESENTATION_CONTEXT ( 'NONE', 'WORKASPACE' ) );
#81 = CARTESIAN_POINT ( 'NONE',  ( 40.99999999999081979, 66.00000000000002842, -56.10000000001104326 ) ) ;
#82 = ORIENTED_EDGE ( 'NONE', *, *, #330, .F. ) ;
#83 = AXIS2_PLACEMENT_3D ( 'NONE', #569, #1351, #1226 ) ;
#84 = SURFACE_STYLE_FILL_AREA ( #990 ) ;
#85 = STYLED_ITEM ( 'NONE', ( #680 ), #806 ) ;
#86 =( LENGTH_UNIT ( ) NAMED_UNIT ( * ) SI_UNIT ( .MILLI., .METRE. ) );
#87 =( GEOMETRIC_REPRESENTATION_CONTEXT ( 3 ) GLOBAL_UNCERTAINTY_ASSIGNED_CONTEXT ( ( #1167 ) ) GLOBAL_UNIT_ASSIGNED_CONTEXT ( ( #525, #1313, #1203 ) ) REPRESENTATION_CONTEXT ( 'NONE', 'WORKASPACE' ) );
#88 = EDGE_CURVE ( 'NONE', #672, #1217, #358, .T. ) ;
#89 = VECTOR ( 'NONE', #262, 1000.000000000000000 ) ;
#90 = CARTESIAN_POINT ( 'NONE',  ( 5.000000000000011546, 60.99999999999999289, 0.000000000000000000 ) ) ;
#91 = CARTESIAN_POINT ( 'NONE',  ( 47.50000000000000000, 0.000000000000000000, -15.09999999999999964 ) ) ;
#92 = ORIENTED_EDGE ( 'NONE', *, *, #456, .T. ) ;
#93 = STYLED_ITEM ( 'NONE', ( #1124 ), #1329 ) ;
#94 = ORIENTED_EDGE ( 'NONE', *, *, #395, .T. ) ;
#95 = FACE_OUTER_BOUND ( 'NONE', #710, .T. ) ;
#96 = CARTESIAN_POINT ( 'NONE',  ( 0.000000000000000000, 0.000000000000000000, -5.000000000000004441 ) ) ;
#97 = DIRECTION ( 'NONE',  ( 1.000000000000000000, 0.000000000000000000, 0.000000000000000000 ) ) ;
#98 = EDGE_LOOP ( 'NONE', ( #627 ) ) ;
#99 = PRESENTATION_STYLE_ASSIGNMENT (( #1225 ) ) ;
#100 = FACE_OUTER_BOUND ( 'NONE', #762, .T. ) ;
#101 = VERTEX_POINT ( 'NONE', #1252 ) ;
#102 = CARTESIAN_POINT ( 'NONE',  ( 47.50000000000000000, 48.00000000000000000, 0.000000000000000000 ) ) ;
#103 = PRESENTATION_LAYER_ASSIGNMENT (  '', '', ( #156 ) ) ;
#104 = ORIENTED_EDGE ( 'NONE', *, *, #612, .T. ) ;
#105 = ADVANCED_FACE ( 'NONE', ( #1023 ), #784, .T. ) ;
#106 = SURFACE_SIDE_STYLE ('',( #556 ) ) ;
#107 = COLOUR_RGB ( '',0.5999999999999999778, 0.1607843137254901800, 0.7529411764705882248 ) ;
#108 =( GEOMETRIC_REPRESENTATION_CONTEXT ( 3 ) GLOBAL_UNCERTAINTY_ASSIGNED_CONTEXT ( ( #116 ) ) GLOBAL_UNIT_ASSIGNED_CONTEXT ( ( #1301, #1289, #410 ) ) REPRESENTATION_CONTEXT ( 'NONE', 'WORKASPACE' ) );
#109 = DIRECTION ( 'NONE',  ( 1.000000000000000000, 0.000000000000000000, 0.000000000000000000 ) ) ;
#110 = DIRECTION ( 'NONE',  ( 0.000000000000000000, -0.000000000000000000, -1.000000000000000000 ) ) ;
#111 =( GEOMETRIC_REPRESENTATION_CONTEXT ( 3 ) GLOBAL_UNCERTAINTY_ASSIGNED_CONTEXT ( ( #250 ) ) GLOBAL_UNIT_ASSIGNED_CONTEXT ( ( #1083, #1372, #1269 ) ) REPRESENTATION_CONTEXT ( 'NONE', 'WORKASPACE' ) );
#112 = DIRECTION ( 'NONE',  ( -1.000000000000000000, 0.000000000000000000, -6.979291467785362532E-15 ) ) ;
#113 = COLOUR_RGB ( '',0.5999999999999999778, 0.1607843137254901800, 0.7529411764705882248 ) ;
#114 = CARTESIAN_POINT ( 'NONE',  ( 0.000000000000000000, 3.808651545348268472E-15, -5.000000000000004441 ) ) ;
#115 = ORIENTED_EDGE ( 'NONE', *, *, #285, .T. ) ;
#116 = UNCERTAINTY_MEASURE_WITH_UNIT (LENGTH_MEASURE( 1.000000000000000082E-05 ), #1301, 'distance_accuracy_value', 'NONE');
#117 = ADVANCED_FACE ( 'NONE', ( #233 ), #1135, .T. ) ;
#118 = FILL_AREA_STYLE ('',( #914 ) ) ;
#119 = PRESENTATION_STYLE_ASSIGNMENT (( #1338 ) ) ;
#120 = SURFACE_SIDE_STYLE ('',( #1123 ) ) ;
#121 = SURFACE_STYLE_FILL_AREA ( #1020 ) ;
#122 = FILL_AREA_STYLE ('',( #37 ) ) ;
#123 =( NAMED_UNIT ( * ) SI_UNIT ( $, .STERADIAN. ) SOLID_ANGLE_UNIT ( ) );
#124 = ORIENTED_EDGE ( 'NONE', *, *, #48, .T. ) ;
#125 = DIRECTION ( 'NONE',  ( 0.000000000000000000, 0.7071067811865465735, -0.7071067811865485719 ) ) ;
#126 = PLANE ( 'NONE',  #274 ) ;
#127 = FACE_OUTER_BOUND ( 'NONE', #509, .T. ) ;
#128 = EDGE_CURVE ( 'NONE', #227, #938, #491, .T. ) ;
#129 = DIRECTION ( 'NONE',  ( 1.000000000000000000, 0.000000000000000000, 0.000000000000000000 ) ) ;
#130 = SURFACE_STYLE_FILL_AREA ( #1335 ) ;
#131 = ORIENTED_EDGE ( 'NONE', *, *, #1276, .F. ) ;
#132 = MECHANICAL_DESIGN_GEOMETRIC_PRESENTATION_REPRESENTATION (  '', ( #994 ), #10 ) ;
#133 = FACE_OUTER_BOUND ( 'NONE', #265, .T. ) ;
#134 = AXIS2_PLACEMENT_3D ( 'NONE', #240, #1236, #783 ) ;
#135 = CARTESIAN_POINT ( 'NONE',  ( 47.49999999999932498, 3.808651545348268472E-15, -56.10000000001097220 ) ) ;
#136 =( NAMED_UNIT ( * ) SI_UNIT ( $, .STERADIAN. ) SOLID_ANGLE_UNIT ( ) );
#137 = EDGE_CURVE ( 'NONE', #101, #376, #604, .T. ) ;
#138 = CARTESIAN_POINT ( 'NONE',  ( 0.000000000000000000, 0.000000000000000000, -24.99999999999999289 ) ) ;
#139 = STYLED_ITEM ( 'NONE', ( #151 ), #868 ) ;
#140 = EDGE_LOOP ( 'NONE', ( #41 ) ) ;
#141 = CIRCLE ( 'NONE', #1131, 3.399999999999998579 ) ;
#142 =( NAMED_UNIT ( * ) SI_UNIT ( $, .STERADIAN. ) SOLID_ANGLE_UNIT ( ) );
#143 = LINE ( 'NONE', #601, #850 ) ;
#144 = FILL_AREA_STYLE_COLOUR ( '', #543 ) ;
#145 = CARTESIAN_POINT ( 'NONE',  ( 40.99999999999065636, 11.48000000000000043, -12.40000000000000036 ) ) ;
#146 = EDGE_CURVE ( 'NONE', #241, #938, #958, .T. ) ;
#147 = ORIENTED_EDGE ( 'NONE', *, *, #622, .F. ) ;
#148 = SURFACE_SIDE_STYLE ('',( #261 ) ) ;
#149 = DIRECTION ( 'NONE',  ( 0.000000000000000000, 0.000000000000000000, -1.000000000000000000 ) ) ;
#150 = DIRECTION ( 'NONE',  ( 1.156482317317871725E-15, -1.000000000000000000, 0.000000000000000000 ) ) ;
#151 = PRESENTATION_STYLE_ASSIGNMENT (( #36 ) ) ;
#152 = CARTESIAN_POINT ( 'NONE',  ( 47.50000000000000000, 42.52000000000000313, -56.10000000001100062 ) ) ;
#153 = CLOSED_SHELL ( 'NONE', ( #838, #694, #875 ) ) ;
#154 = VERTEX_POINT ( 'NONE', #30 ) ;
#155 =( GEOMETRIC_REPRESENTATION_CONTEXT ( 3 ) GLOBAL_UNCERTAINTY_ASSIGNED_CONTEXT ( ( #1162 ) ) GLOBAL_UNIT_ASSIGNED_CONTEXT ( ( #625, #1399, #732 ) ) REPRESENTATION_CONTEXT ( 'NONE', 'WORKASPACE' ) );
#156 = STYLED_ITEM ( 'NONE', ( #645 ), #252 ) ;
#157 = EDGE_CURVE ( 'NONE', #335, #487, #821, .T. ) ;
#158 = FILL_AREA_STYLE_COLOUR ( '', #492 ) ;
#159 = STYLED_ITEM ( 'NONE', ( #1185 ), #117 ) ;
#160 = CARTESIAN_POINT ( 'NONE',  ( 40.99999999999084110, 48.00000000000000000, 0.000000000000000000 ) ) ;
#161 = SURFACE_SIDE_STYLE ('',( #175 ) ) ;
#162 = CARTESIAN_POINT ( 'NONE',  ( 40.99999999999084110, 48.00000000000000711, -56.10000000001104326 ) ) ;
#163 = EDGE_CURVE ( 'NONE', #500, #663, #53, .T. ) ;
#164 = MECHANICAL_DESIGN_GEOMETRIC_PRESENTATION_REPRESENTATION (  '', ( #1215 ), #108 ) ;
#165 = UNCERTAINTY_MEASURE_WITH_UNIT (LENGTH_MEASURE( 1.000000000000000082E-05 ), #1361, 'distance_accuracy_value', 'NONE');
#166 = AXIS2_PLACEMENT_3D ( 'NONE', #1063, #47, #496 ) ;
#167 = ORIENTED_EDGE ( 'NONE', *, *, #1448, .T. ) ;
#168 = VECTOR ( 'NONE', #1300, 1000.000000000000000 ) ;
#169 = DIRECTION ( 'NONE',  ( 0.000000000000000000, 1.000000000000000000, -3.140355412547086960E-16 ) ) ;
#170 =( NAMED_UNIT ( * ) SI_UNIT ( $, .STERADIAN. ) SOLID_ANGLE_UNIT ( ) );
#171 = CARTESIAN_POINT ( 'NONE',  ( 40.99999999999065636, -18.00000000000000000, -56.10000000001101483 ) ) ;
#172 = SURFACE_SIDE_STYLE ('',( #837 ) ) ;
#173 = DIRECTION ( 'NONE',  ( 0.000000000000000000, 0.000000000000000000, -1.000000000000000000 ) ) ;
#174 = ORIENTED_EDGE ( 'NONE', *, *, #218, .T. ) ;
#175 = SURFACE_STYLE_FILL_AREA ( #828 ) ;
#176 = FACE_OUTER_BOUND ( 'NONE', #1024, .T. ) ;
#177 = FILL_AREA_STYLE_COLOUR ( '', #801 ) ;
#178 = CARTESIAN_POINT ( 'NONE',  ( 40.99999999999065636, 3.411308127642770325E-14, -56.10000000001102904 ) ) ;
#179 = AXIS2_PLACEMENT_3D ( 'NONE', #1363, #364, #39 ) ;
#180 = VECTOR ( 'NONE', #1355, 1000.000000000000000 ) ;
#181 = FACE_OUTER_BOUND ( 'NONE', #1195, .T. ) ;
#182 = CARTESIAN_POINT ( 'NONE',  ( 25.00000000000009237, -5.000000000000017764, 0.000000000000000000 ) ) ;
#183 = EDGE_CURVE ( 'NONE', #554, #1239, #1181, .T. ) ;
#184 = MECHANICAL_DESIGN_GEOMETRIC_PRESENTATION_REPRESENTATION (  '', ( #1438 ), #748 ) ;
#185 = FACE_OUTER_BOUND ( 'NONE', #493, .T. ) ;
#186 = VERTEX_POINT ( 'NONE', #152 ) ;
#187 = SURFACE_STYLE_USAGE ( .BOTH. , #1192 ) ;
#188 = MECHANICAL_DESIGN_GEOMETRIC_PRESENTATION_REPRESENTATION (  '', ( #139 ), #567 ) ;
#189 = COLOUR_RGB ( '',0.5999999999999999778, 0.1607843137254901800, 0.7529411764705882248 ) ;
#190 = FACE_OUTER_BOUND ( 'NONE', #983, .T. ) ;
#191 = DIRECTION ( 'NONE',  ( 0.000000000000000000, 0.000000000000000000, -1.000000000000000000 ) ) ;
#192 = DIRECTION ( 'NONE',  ( 0.000000000000000000, 0.000000000000000000, 1.000000000000000000 ) ) ;
#193 = SURFACE_STYLE_USAGE ( .BOTH. , #752 ) ;
#194 = ORIENTED_EDGE ( 'NONE', *, *, #1334, .F. ) ;
#195 = DIRECTION ( 'NONE',  ( -1.000000000000000000, 0.000000000000000000, 0.000000000000000000 ) ) ;
#196 = LINE ( 'NONE', #203, #788 ) ;
#197 = SURFACE_STYLE_USAGE ( .BOTH. , #1299 ) ;
#198 = ORIENTED_EDGE ( 'NONE', *, *, #1266, .T. ) ;
#199 = ORIENTED_EDGE ( 'NONE', *, *, #1327, .T. ) ;
#200 = ADVANCED_FACE ( 'NONE', ( #176 ), #391, .F. ) ;
#201 = CARTESIAN_POINT ( 'NONE',  ( 31.54636914021912020, 20.11157803227055396, -56.10000000001110010 ) ) ;
#202 = PRESENTATION_LAYER_ASSIGNMENT (  '', '', ( #159 ) ) ;
#203 = CARTESIAN_POINT ( 'NONE',  ( 0.000000000000000000, 3.808651545348268472E-15, -5.000000000000004441 ) ) ;
#204 = LINE ( 'NONE', #742, #1347 ) ;
#205 = ORIENTED_EDGE ( 'NONE', *, *, #1125, .F. ) ;
#206 = VECTOR ( 'NONE', #195, 1000.000000000000000 ) ;
#207 = LINE ( 'NONE', #1321, #277 ) ;
#208 = EDGE_CURVE ( 'NONE', #31, #325, #196, .T. ) ;
#209 = VECTOR ( 'NONE', #1410, 1000.000000000000000 ) ;
#210 =( LENGTH_UNIT ( ) NAMED_UNIT ( * ) SI_UNIT ( .MILLI., .METRE. ) );
#211 = PRESENTATION_LAYER_ASSIGNMENT (  '', '', ( #260 ) ) ;
#212 = EDGE_LOOP ( 'NONE', ( #944 ) ) ;
#213 = VERTEX_POINT ( 'NONE', #90 ) ;
#214 = UNCERTAINTY_MEASURE_WITH_UNIT (LENGTH_MEASURE( 1.000000000000000082E-05 ), #1333, 'distance_accuracy_value', 'NONE');
#215 = DIRECTION ( 'NONE',  ( 0.000000000000000000, 0.000000000000000000, 1.000000000000000000 ) ) ;
#216 = SURFACE_STYLE_FILL_AREA ( #931 ) ;
#217 = SURFACE_STYLE_USAGE ( .BOTH. , #1223 ) ;
#218 = EDGE_CURVE ( 'NONE', #961, #31, #295, .T. ) ;
#219 = EDGE_LOOP ( 'NONE', ( #387, #1005, #579, #1177 ) ) ;
#220 = PRESENTATION_STYLE_ASSIGNMENT (( #234 ) ) ;
#221 = CARTESIAN_POINT ( 'NONE',  ( 47.50000000000000000, 3.808651545348268472E-15, -56.10000000001097220 ) ) ;
#222 = CARTESIAN_POINT ( 'NONE',  ( 47.50000000000000000, 0.000000000000000000, 0.000000000000000000 ) ) ;
#223 = VECTOR ( 'NONE', #614, 1000.000000000000000 ) ;
#224 = PLANE ( 'NONE',  #673 ) ;
#225 = CARTESIAN_POINT ( 'NONE',  ( 40.99999999999084110, 48.00000000000000711, 44.77722635446783528 ) ) ;
#226 = AXIS2_PLACEMENT_3D ( 'NONE', #225, #910, #343 ) ;
#227 = VERTEX_POINT ( 'NONE', #306 ) ;
#228 = ORIENTED_EDGE ( 'NONE', *, *, #128, .T. ) ;
#229 =( LENGTH_UNIT ( ) NAMED_UNIT ( * ) SI_UNIT ( .MILLI., .METRE. ) );
#230 = PRESENTATION_STYLE_ASSIGNMENT (( #939 ) ) ;
#231 = DIRECTION ( 'NONE',  ( 1.000000000000000000, 0.000000000000000000, 0.000000000000000000 ) ) ;
#232 = PRESENTATION_STYLE_ASSIGNMENT (( #1 ) ) ;
#233 = FACE_OUTER_BOUND ( 'NONE', #219, .T. ) ;
#234 = SURFACE_STYLE_USAGE ( .BOTH. , #1243 ) ;
#235 = ORIENTED_EDGE ( 'NONE', *, *, #1244, .F. ) ;
#236 = CARTESIAN_POINT ( 'NONE',  ( -6.712972624028211335E-13, 66.00000000000000000, -56.10000000001133458 ) ) ;
#237 = FACE_OUTER_BOUND ( 'NONE', #316, .T. ) ;
#238 = CARTESIAN_POINT ( 'NONE',  ( 38.40000000000001279, 42.52000000000000313, -31.10000000000000853 ) ) ;
#239 = CARTESIAN_POINT ( 'NONE',  ( 33.99999999999062084, 11.48000000000000043, -12.40000000000000036 ) ) ;
#240 = CARTESIAN_POINT ( 'NONE',  ( 2.204364238465233850E-15, 66.00000000000000000, -5.000000000000004441 ) ) ;
#241 = VERTEX_POINT ( 'NONE', #412 ) ;
#242 = PRESENTATION_STYLE_ASSIGNMENT (( #1332 ) ) ;
#243 = EDGE_CURVE ( 'NONE', #501, #335, #985, .T. ) ;
#244 = FACE_OUTER_BOUND ( 'NONE', #1346, .T. ) ;
#245 =( NAMED_UNIT ( * ) SI_UNIT ( $, .STERADIAN. ) SOLID_ANGLE_UNIT ( ) );
#246 = DIRECTION ( 'NONE',  ( 0.000000000000000000, 0.000000000000000000, 1.000000000000000000 ) ) ;
#247 = PRESENTATION_STYLE_ASSIGNMENT (( #587 ) ) ;
#248 = ORIENTED_EDGE ( 'NONE', *, *, #1137, .F. ) ;
#249 = VECTOR ( 'NONE', #381, 1000.000000000000000 ) ;
#250 = UNCERTAINTY_MEASURE_WITH_UNIT (LENGTH_MEASURE( 1.000000000000000082E-05 ), #1083, 'distance_accuracy_value', 'NONE');
#251 = VECTOR ( 'NONE', #363, 1000.000000000000000 ) ;
#252 = ADVANCED_FACE ( 'NONE', ( #651 ), #526, .T. ) ;
#253 = FACE_OUTER_BOUND ( 'NONE', #1121, .T. ) ;
#254 = CARTESIAN_POINT ( 'NONE',  ( 47.50000000000000000, 0.000000000000000000, -15.09999999999999964 ) ) ;
#255 = AXIS2_PLACEMENT_3D ( 'NONE', #1016, #928, #773 ) ;
#256 = VERTEX_POINT ( 'NONE', #239 ) ;
#257 = SURFACE_SIDE_STYLE ('',( #708 ) ) ;
#258 = VECTOR ( 'NONE', #337, 1000.000000000000000 ) ;
#259 = VERTEX_POINT ( 'NONE', #308 ) ;
#260 = STYLED_ITEM ( 'NONE', ( #623 ), #1247 ) ;
#261 = SURFACE_STYLE_FILL_AREA ( #122 ) ;
#262 = DIRECTION ( 'NONE',  ( -1.000000000000000000, 0.000000000000000000, 0.000000000000000000 ) ) ;
#263 =( NAMED_UNIT ( * ) SI_UNIT ( $, .STERADIAN. ) SOLID_ANGLE_UNIT ( ) );
#264 = ADVANCED_FACE ( 'NONE', ( #755 ), #1421, .T. ) ;
#265 = EDGE_LOOP ( 'NONE', ( #895, #365, #344, #542 ) ) ;
#266 = PRESENTATION_STYLE_ASSIGNMENT (( #1156 ) ) ;
#267 =( LENGTH_UNIT ( ) NAMED_UNIT ( * ) SI_UNIT ( .MILLI., .METRE. ) );
#268 = EDGE_CURVE ( 'NONE', #213, #741, #1408, .T. ) ;
#269 = AXIS2_PLACEMENT_3D ( 'NONE', #774, #1250, #1018 ) ;
#270 = DIRECTION ( 'NONE',  ( 0.000000000000000000, -1.000000000000000000, 0.000000000000000000 ) ) ;
#271 = LINE ( 'NONE', #477, #1088 ) ;
#272 = ORIENTED_EDGE ( 'NONE', *, *, #674, .F. ) ;
#273 = AXIS2_PLACEMENT_3D ( 'NONE', #22, #561, #1140 ) ;
#274 = AXIS2_PLACEMENT_3D ( 'NONE', #339, #1146, #593 ) ;
#275 = STYLED_ITEM ( 'NONE', ( #266 ), #694 ) ;
#276 = UNCERTAINTY_MEASURE_WITH_UNIT (LENGTH_MEASURE( 1.000000000000000082E-05 ), #1212, 'distance_accuracy_value', 'NONE');
#277 = VECTOR ( 'NONE', #72, 1000.000000000000000 ) ;
#278 = VECTOR ( 'NONE', #517, 1000.000000000000000 ) ;
#279 = CARTESIAN_POINT ( 'NONE',  ( 0.000000000000000000, 3.808651545348268472E-15, -5.000000000000004441 ) ) ;
#280 = LINE ( 'NONE', #135, #251 ) ;
#281 = FILL_AREA_STYLE_COLOUR ( '', #717 ) ;
#282 = SURFACE_STYLE_FILL_AREA ( #1285 ) ;
#283 = FILL_AREA_STYLE ('',( #636 ) ) ;
#284 = ORIENTED_EDGE ( 'NONE', *, *, #243, .F. ) ;
#285 = EDGE_CURVE ( 'NONE', #1217, #376, #869, .T. ) ;
#286 =( LENGTH_UNIT ( ) NAMED_UNIT ( * ) SI_UNIT ( .MILLI., .METRE. ) );
#287 = DIRECTION ( 'NONE',  ( 1.000000000000000000, 0.000000000000000000, 0.000000000000000000 ) ) ;
#288 = EDGE_LOOP ( 'NONE', ( #714, #174, #1423, #75, #744, #950, #927, #1287 ) ) ;
#289 = DIRECTION ( 'NONE',  ( 1.000000000000000000, 0.000000000000000000, 0.000000000000000000 ) ) ;
#290 = AXIS2_PLACEMENT_3D ( 'NONE', #859, #1288, #1188 ) ;
#291 = SURFACE_STYLE_USAGE ( .BOTH. , #1406 ) ;
#292 = STYLED_ITEM ( 'NONE', ( #759 ), #264 ) ;
#293 = ORIENTED_CLOSED_SHELL ( 'NONE', *, #945, .F. );
#294 = PRESENTATION_STYLE_ASSIGNMENT (( #404 ) ) ;
#295 = LINE ( 'NONE', #1199, #1368 ) ;
#296 =( NAMED_UNIT ( * ) PLANE_ANGLE_UNIT ( ) SI_UNIT ( $, .RADIAN. ) );
#297 = COLOUR_RGB ( '',0.5999999999999999778, 0.1607843137254901800, 0.7529411764705882248 ) ;
#298 = SURFACE_STYLE_FILL_AREA ( #761 ) ;
#299 = MECHANICAL_DESIGN_GEOMETRIC_PRESENTATION_REPRESENTATION (  '', ( #275 ), #1439 ) ;
#300 = VERTEX_POINT ( 'NONE', #1026 ) ;
#301 = ORIENTED_EDGE ( 'NONE', *, *, #999, .T. ) ;
#302 = AXIS2_PLACEMENT_3D ( 'NONE', #510, #368, #1190 ) ;
#303 = COLOUR_RGB ( '',0.5999999999999999778, 0.1607843137254901800, 0.7529411764705882248 ) ;
#304 = LINE ( 'NONE', #772, #206 ) ;
#305 = MECHANICAL_DESIGN_GEOMETRIC_PRESENTATION_REPRESENTATION (  '', ( #260 ), #46 ) ;
#306 = CARTESIAN_POINT ( 'NONE',  ( 38.40000000000001279, 5.480000000000002203, -56.10000000001104326 ) ) ;
#307 = ADVANCED_FACE ( 'NONE', ( #127 ), #429, .T. ) ;
#308 = CARTESIAN_POINT ( 'NONE',  ( 38.40000000000001279, 33.97062334678732753, -56.10000000001105747 ) ) ;
#309 = CARTESIAN_POINT ( 'NONE',  ( 40.99999999999016609, 48.00000000000000711, -56.10000000001104326 ) ) ;
#310 = ORIENTED_EDGE ( 'NONE', *, *, #890, .F. ) ;
#311 = DIRECTION ( 'NONE',  ( 0.000000000000000000, 0.000000000000000000, -1.000000000000000000 ) ) ;
#312 = ORIENTED_EDGE ( 'NONE', *, *, #583, .T. ) ;
#313 = AXIS2_PLACEMENT_3D ( 'NONE', #616, #1056, #843 ) ;
#314 = SURFACE_SIDE_STYLE ('',( #888 ) ) ;
#315 = ORIENTED_EDGE ( 'NONE', *, *, #1306, .T. ) ;
#316 = EDGE_LOOP ( 'NONE', ( #922 ) ) ;
#317 = STYLED_ITEM ( 'NONE', ( #294 ), #565 ) ;
#318 = PRESENTATION_LAYER_ASSIGNMENT (  '', '', ( #85 ) ) ;
#319 =( GEOMETRIC_REPRESENTATION_CONTEXT ( 3 ) GLOBAL_UNCERTAINTY_ASSIGNED_CONTEXT ( ( #1152 ) ) GLOBAL_UNIT_ASSIGNED_CONTEXT ( ( #86, #1407, #650 ) ) REPRESENTATION_CONTEXT ( 'NONE', 'WORKASPACE' ) );
#320 = CARTESIAN_POINT ( 'NONE',  ( 31.54636914021912730, 27.88842196772947801, -56.10000000001110720 ) ) ;
#321 =( GEOMETRIC_REPRESENTATION_CONTEXT ( 3 ) GLOBAL_UNCERTAINTY_ASSIGNED_CONTEXT ( ( #1377 ) ) GLOBAL_UNIT_ASSIGNED_CONTEXT ( ( #864, #1191, #1115 ) ) REPRESENTATION_CONTEXT ( 'NONE', 'WORKASPACE' ) );
#322 =( GEOMETRIC_REPRESENTATION_CONTEXT ( 3 ) GLOBAL_UNCERTAINTY_ASSIGNED_CONTEXT ( ( #276 ) ) GLOBAL_UNIT_ASSIGNED_CONTEXT ( ( #1212, #341, #1443 ) ) REPRESENTATION_CONTEXT ( 'NONE', 'WORKASPACE' ) );
#323 =( NAMED_UNIT ( * ) SI_UNIT ( $, .STERADIAN. ) SOLID_ANGLE_UNIT ( ) );
#324 = DIRECTION ( 'NONE',  ( -1.000000000000000000, 9.289394013046676891E-17, 0.000000000000000000 ) ) ;
#325 = VERTEX_POINT ( 'NONE', #332 ) ;
#326 = ORIENTED_EDGE ( 'NONE', *, *, #1370, .T. ) ;
#327 = UNCERTAINTY_MEASURE_WITH_UNIT (LENGTH_MEASURE( 1.000000000000000082E-05 ), #976, 'distance_accuracy_value', 'NONE');
#328 = FILL_AREA_STYLE ('',( #1349 ) ) ;
#329 = DIRECTION ( 'NONE',  ( 0.000000000000000000, 1.000000000000000000, -3.140355412547086960E-16 ) ) ;
#330 = EDGE_CURVE ( 'NONE', #50, #154, #356, .T. ) ;
#331 = FILL_AREA_STYLE ('',( #1147 ) ) ;
#332 = CARTESIAN_POINT ( 'NONE',  ( 20.00000000000007105, 6.123233995736768255E-16, -5.000000000000004441 ) ) ;
#333 = DIRECTION ( 'NONE',  ( 0.5773502691896262862, 0.5773502691896262862, 0.5773502691896247319 ) ) ;
#334 = SURFACE_SIDE_STYLE ('',( #811 ) ) ;
#335 = VERTEX_POINT ( 'NONE', #918 ) ;
#336 = ORIENTED_EDGE ( 'NONE', *, *, #816, .F. ) ;
#337 = DIRECTION ( 'NONE',  ( -1.000000000000000000, 0.000000000000000000, -6.979291467785362532E-15 ) ) ;
#338 = COLOUR_RGB ( '',0.5999999999999999778, 0.1607843137254901800, 0.7529411764705882248 ) ;
#339 = CARTESIAN_POINT ( 'NONE',  ( 0.000000000000000000, 0.000000000000000000, -5.000000000000004441 ) ) ;
#340 = LINE ( 'NONE', #791, #591 ) ;
#341 =( NAMED_UNIT ( * ) PLANE_ANGLE_UNIT ( ) SI_UNIT ( $, .RADIAN. ) );
#342 = VECTOR ( 'NONE', #809, 1000.000000000000000 ) ;
#343 = DIRECTION ( 'NONE',  ( -1.156482317317871725E-15, 1.000000000000000000, 0.000000000000000000 ) ) ;
#344 = ORIENTED_EDGE ( 'NONE', *, *, #1076, .F. ) ;
#345 = AXIS2_PLACEMENT_3D ( 'NONE', #379, #702, #1082 ) ;
#346 = EDGE_LOOP ( 'NONE', ( #769, #235, #1294, #1035 ) ) ;
#347 = CARTESIAN_POINT ( 'NONE',  ( 47.50000000000000000, 0.000000000000000000, 0.000000000000000000 ) ) ;
#348 = LINE ( 'NONE', #238, #482 ) ;
#349 = LINE ( 'NONE', #1055, #438 ) ;
#350 = VECTOR ( 'NONE', #382, 1000.000000000000114 ) ;
#351 = CARTESIAN_POINT ( 'NONE',  ( 0.000000000000000000, 48.00000000000000711, -5.000000000000004441 ) ) ;
#352 = ORIENTED_EDGE ( 'NONE', *, *, #612, .F. ) ;
#353 = EDGE_CURVE ( 'NONE', #817, #935, #1328, .T. ) ;
#354 = SURFACE_STYLE_FILL_AREA ( #328 ) ;
#355 = CARTESIAN_POINT ( 'NONE',  ( 47.50000000000000000, 48.00000000000000711, -56.10000000001100062 ) ) ;
#356 = LINE ( 'NONE', #689, #820 ) ;
#357 = FILL_AREA_STYLE_COLOUR ( '', #367 ) ;
#358 = LINE ( 'NONE', #447, #1369 ) ;
#359 = FILL_AREA_STYLE_COLOUR ( '', #1263 ) ;
#360 = ORIENTED_EDGE ( 'NONE', *, *, #1059, .T. ) ;
#361 = PRODUCT_RELATED_PRODUCT_CATEGORY ( 'part', '', ( #1142 ) ) ;
#362 = SURFACE_SIDE_STYLE ('',( #354 ) ) ;
#363 = DIRECTION ( 'NONE',  ( 1.000000000000000000, -0.000000000000000000, 6.979291467785362532E-15 ) ) ;
#364 = DIRECTION ( 'NONE',  ( 0.000000000000000000, 0.7071067811865470176, -0.7071067811865480168 ) ) ;
#365 = ORIENTED_EDGE ( 'NONE', *, *, #1437, .F. ) ;
#366 = COLOUR_RGB ( '',0.5999999999999999778, 0.1607843137254901800, 0.7529411764705882248 ) ;
#367 = COLOUR_RGB ( '',0.5999999999999999778, 0.1607843137254901800, 0.7529411764705882248 ) ;
#368 = DIRECTION ( 'NONE',  ( 0.000000000000000000, -1.000000000000000000, 0.000000000000000000 ) ) ;
#369 = FACE_BOUND ( 'NONE', #98, .T. ) ;
#370 = ADVANCED_FACE ( 'NONE', ( #1340 ), #669, .F. ) ;
#371 = MECHANICAL_DESIGN_GEOMETRIC_PRESENTATION_REPRESENTATION (  '', ( #61 ), #489 ) ;
#372 =( NAMED_UNIT ( * ) PLANE_ANGLE_UNIT ( ) SI_UNIT ( $, .RADIAN. ) );
#373 = PRESENTATION_LAYER_ASSIGNMENT (  '', '', ( #1262 ) ) ;
#374 = CARTESIAN_POINT ( 'NONE',  ( 40.99999999999065636, 0.000000000000000000, 44.77722635446783528 ) ) ;
#375 = SURFACE_STYLE_FILL_AREA ( #813 ) ;
#376 = VERTEX_POINT ( 'NONE', #1441 ) ;
#377 = PRODUCT_DEFINITION_FORMATION_WITH_SPECIFIED_SOURCE ( 'ANY', '', #1142, .NOT_KNOWN. ) ;
#378 = LINE ( 'NONE', #833, #350 ) ;
#379 = CARTESIAN_POINT ( 'NONE',  ( 65.53136069761289662, 24.00000000000001776, -65.53465648036932123 ) ) ;
#380 = VERTEX_POINT ( 'NONE', #705 ) ;
#381 = DIRECTION ( 'NONE',  ( -1.873351485936076736E-16, -1.000000000000000000, -0.000000000000000000 ) ) ;
#382 = DIRECTION ( 'NONE',  ( 0.5773502691896262862, -0.5773502691896262862, 0.5773502691896247319 ) ) ;
#383 = PRESENTATION_STYLE_ASSIGNMENT (( #58 ) ) ;
#384 = CARTESIAN_POINT ( 'NONE',  ( 38.40000000000001279, 48.20066455775376824, -40.06510679255502083 ) ) ;
#385 =( LENGTH_UNIT ( ) NAMED_UNIT ( * ) SI_UNIT ( .MILLI., .METRE. ) );
#386 =( GEOMETRIC_REPRESENTATION_CONTEXT ( 3 ) GLOBAL_UNCERTAINTY_ASSIGNED_CONTEXT ( ( #1331 ) ) GLOBAL_UNIT_ASSIGNED_CONTEXT ( ( #267, #628, #512 ) ) REPRESENTATION_CONTEXT ( 'NONE', 'WORKASPACE' ) );
#387 = ORIENTED_EDGE ( 'NONE', *, *, #687, .F. ) ;
#388 = ORIENTED_EDGE ( 'NONE', *, *, #1320, .F. ) ;
#389 = SURFACE_STYLE_FILL_AREA ( #1392 ) ;
#390 = CARTESIAN_POINT ( 'NONE',  ( 38.40000000000001279, -0.2006645577537300440, -40.06510679255503504 ) ) ;
#391 = PLANE ( 'NONE',  #179 ) ;
#392 = AXIS2_PLACEMENT_3D ( 'NONE', #607, #486, #953 ) ;
#393 = LINE ( 'NONE', #756, #681 ) ;
#394 = PRESENTATION_LAYER_ASSIGNMENT (  '', '', ( #515 ) ) ;
#395 = EDGE_CURVE ( 'NONE', #966, #241, #348, .T. ) ;
#396 = ORIENTED_EDGE ( 'NONE', *, *, #634, .T. ) ;
#397 = CARTESIAN_POINT ( 'NONE',  ( 33.99999999999062084, 11.48000000000000043, -9.000000000000000000 ) ) ;
#398 = FILL_AREA_STYLE ('',( #747 ) ) ;
#399 = DIRECTION ( 'NONE',  ( 9.289394013046676891E-17, 1.000000000000000000, 0.000000000000000000 ) ) ;
#400 = FACE_OUTER_BOUND ( 'NONE', #1422, .T. ) ;
#401 = ORIENTED_EDGE ( 'NONE', *, *, #687, .T. ) ;
#402 = EDGE_LOOP ( 'NONE', ( #315 ) ) ;
#403 = ORIENTED_EDGE ( 'NONE', *, *, #1405, .F. ) ;
#404 = SURFACE_STYLE_USAGE ( .BOTH. , #1314 ) ;
#405 = CARTESIAN_POINT ( 'NONE',  ( 5.000000000000011546, 48.00000000000000711, 0.000000000000000000 ) ) ;
#406 = DIRECTION ( 'NONE',  ( 0.000000000000000000, 0.000000000000000000, -1.000000000000000000 ) ) ;
#407 = CARTESIAN_POINT ( 'NONE',  ( 47.50000000000000000, 0.000000000000000000, 0.000000000000000000 ) ) ;
#408 = ORIENTED_EDGE ( 'NONE', *, *, #549, .F. ) ;
#409 = ORIENTED_EDGE ( 'NONE', *, *, #999, .F. ) ;
#410 =( NAMED_UNIT ( * ) SI_UNIT ( $, .STERADIAN. ) SOLID_ANGLE_UNIT ( ) );
#411 = EDGE_CURVE ( 'NONE', #1208, #500, #1228, .T. ) ;
#412 = CARTESIAN_POINT ( 'NONE',  ( 38.40000000000001279, 42.52000000000000313, -15.09999999999999964 ) ) ;
#413 = FILL_AREA_STYLE ('',( #728 ) ) ;
#414 = ORIENTED_EDGE ( 'NONE', *, *, #1092, .F. ) ;
#415 =( GEOMETRIC_REPRESENTATION_CONTEXT ( 3 ) GLOBAL_UNCERTAINTY_ASSIGNED_CONTEXT ( ( #608 ) ) GLOBAL_UNIT_ASSIGNED_CONTEXT ( ( #210, #1204, #1104 ) ) REPRESENTATION_CONTEXT ( 'NONE', 'WORKASPACE' ) );
#416 = LINE ( 'NONE', #1292, #635 ) ;
#417 = VECTOR ( 'NONE', #329, 1000.000000000000000 ) ;
#418 = AXIS2_PLACEMENT_3D ( 'NONE', #1182, #1416, #736 ) ;
#419 = FILL_AREA_STYLE ('',( #67 ) ) ;
#420 =( NAMED_UNIT ( * ) PLANE_ANGLE_UNIT ( ) SI_UNIT ( $, .RADIAN. ) );
#421 = ORIENTED_EDGE ( 'NONE', *, *, #686, .F. ) ;
#422 = CYLINDRICAL_SURFACE ( 'NONE', #42, 3.399999999999998579 ) ;
#423 = PRESENTATION_STYLE_ASSIGNMENT (( #1196 ) ) ;
#424 =( NAMED_UNIT ( * ) PLANE_ANGLE_UNIT ( ) SI_UNIT ( $, .RADIAN. ) );
#425 = SURFACE_STYLE_USAGE ( .BOTH. , #454 ) ;
#426 = ORIENTED_EDGE ( 'NONE', *, *, #605, .T. ) ;
#427 =( BOUNDED_CURVE ( )  B_SPLINE_CURVE ( 3, ( #1270, #390, #497, #1051, #963, #384, #1362 ),
 .UNSPECIFIED., .F., .F. ) 
 B_SPLINE_CURVE_WITH_KNOTS ( ( 4, 3, 4 ),
 ( 3.814374380146445365, 6.283185307179586232, 8.751996234212727543 ),
 .UNSPECIFIED. ) 
 CURVE ( )  GEOMETRIC_REPRESENTATION_ITEM ( )  RATIONAL_B_SPLINE_CURVE ( ( 1.000000000000000000, 0.5533882647117986942, 0.5533882647117986942, 1.000000000000000000, 0.5533882647117984721, 0.5533882647117984721, 1.000000000000000000 ) ) 
 REPRESENTATION_ITEM ( '' )  );
#428 = DIRECTION ( 'NONE',  ( 0.000000000000000000, -1.000000000000000000, 0.000000000000000000 ) ) ;
#429 = PLANE ( 'NONE',  #871 ) ;
#430 = CARTESIAN_POINT ( 'NONE',  ( 47.50000000000000000, -5.000000000000019540, 0.000000000000000000 ) ) ;
#431 = ORIENTED_EDGE ( 'NONE', *, *, #1327, .F. ) ;
#432 = CIRCLE ( 'NONE', #392, 16.00000000000000000 ) ;
#433 = EDGE_CURVE ( 'NONE', #1412, #259, #427, .T. ) ;
#434 =( GEOMETRIC_REPRESENTATION_CONTEXT ( 3 ) GLOBAL_UNCERTAINTY_ASSIGNED_CONTEXT ( ( #449 ) ) GLOBAL_UNIT_ASSIGNED_CONTEXT ( ( #1049, #568, #471 ) ) REPRESENTATION_CONTEXT ( 'NONE', 'WORKASPACE' ) );
#435 = VECTOR ( 'NONE', #149, 1000.000000000000000 ) ;
#436 =( LENGTH_UNIT ( ) NAMED_UNIT ( * ) SI_UNIT ( .MILLI., .METRE. ) );
#437 = CARTESIAN_POINT ( 'NONE',  ( 43.39999999999999858, 11.48000000000000043, -9.000000000000000000 ) ) ;
#438 = VECTOR ( 'NONE', #1353, 1000.000000000000000 ) ;
#439 = DIRECTION ( 'NONE',  ( -0.000000000000000000, -0.000000000000000000, 1.000000000000000000 ) ) ;
#440 = PLANE ( 'NONE',  #1006 ) ;
#441 = FILL_AREA_STYLE ('',( #357 ) ) ;
#442 = VERTEX_POINT ( 'NONE', #703 ) ;
#443 = FILL_AREA_STYLE ('',( #1449 ) ) ;
#444 = DIRECTION ( 'NONE',  ( 0.000000000000000000, -1.000000000000000000, 0.000000000000000000 ) ) ;
#445 = DIRECTION ( 'NONE',  ( -0.000000000000000000, 0.000000000000000000, 1.000000000000000000 ) ) ;
#446 = DIRECTION ( 'NONE',  ( -0.7071067811865462405, 0.000000000000000000, 0.7071067811865489050 ) ) ;
#447 = CARTESIAN_POINT ( 'NONE',  ( 0.000000000000000000, 48.00000000000000000, -24.99999999999999289 ) ) ;
#448 = VERTEX_POINT ( 'NONE', #162 ) ;
#449 = UNCERTAINTY_MEASURE_WITH_UNIT (LENGTH_MEASURE( 1.000000000000000082E-05 ), #1049, 'distance_accuracy_value', 'NONE');
#450 = ORIENTED_EDGE ( 'NONE', *, *, #827, .T. ) ;
#451 = LINE ( 'NONE', #1040, #700 ) ;
#452 = PLANE ( 'NONE',  #701 ) ;
#453 = SURFACE_STYLE_USAGE ( .BOTH. , #7 ) ;
#454 = SURFACE_SIDE_STYLE ('',( #775 ) ) ;
#455 = PRESENTATION_LAYER_ASSIGNMENT (  '', '', ( #292 ) ) ;
#456 = EDGE_CURVE ( 'NONE', #588, #483, #947, .T. ) ;
#457 = DIRECTION ( 'NONE',  ( 0.000000000000000000, -1.224646799147353454E-16, 1.000000000000000000 ) ) ;
#458 = ORIENTED_EDGE ( 'NONE', *, *, #353, .T. ) ;
#459 = FACE_BOUND ( 'NONE', #786, .T. ) ;
#460 = AXIS2_PLACEMENT_3D ( 'NONE', #712, #508, #1257 ) ;
#461 = VECTOR ( 'NONE', #1033, 1000.000000000000000 ) ;
#462 = LINE ( 'NONE', #929, #461 ) ;
#463 = PRESENTATION_STYLE_ASSIGNMENT (( #13 ) ) ;
#464 = MECHANICAL_DESIGN_GEOMETRIC_PRESENTATION_REPRESENTATION (  '', ( #633 ), #111 ) ;
#465 =( LENGTH_UNIT ( ) NAMED_UNIT ( * ) SI_UNIT ( .MILLI., .METRE. ) );
#466 = AXIS2_PLACEMENT_3D ( 'NONE', #1132, #125, #807 ) ;
#467 = DIRECTION ( 'NONE',  ( 0.000000000000000000, 1.000000000000000000, -3.140355412547086960E-16 ) ) ;
#468 = PRESENTATION_LAYER_ASSIGNMENT (  '', '', ( #93 ) ) ;
#469 = DIRECTION ( 'NONE',  ( 0.000000000000000000, 0.000000000000000000, -1.000000000000000000 ) ) ;
#470 = ORIENTED_EDGE ( 'NONE', *, *, #208, .T. ) ;
#471 =( NAMED_UNIT ( * ) SI_UNIT ( $, .STERADIAN. ) SOLID_ANGLE_UNIT ( ) );
#472 = SURFACE_STYLE_FILL_AREA ( #443 ) ;
#473 = DIRECTION ( 'NONE',  ( 0.000000000000000000, 0.000000000000000000, -1.000000000000000000 ) ) ;
#474 = SURFACE_STYLE_USAGE ( .BOTH. , #598 ) ;
#475 = ORIENTED_EDGE ( 'NONE', *, *, #553, .T. ) ;
#476 = EDGE_CURVE ( 'NONE', #325, #672, #842, .T. ) ;
#477 = CARTESIAN_POINT ( 'NONE',  ( 0.000000000000000000, 48.00000000000000711, -5.000000000000004441 ) ) ;
#478 = FACE_OUTER_BOUND ( 'NONE', #911, .T. ) ;
#479 = VERTEX_POINT ( 'NONE', #1159 ) ;
#480 = COLOUR_RGB ( '',0.5999999999999999778, 0.1607843137254901800, 0.7529411764705882248 ) ;
#481 = DIRECTION ( 'NONE',  ( 0.000000000000000000, 0.000000000000000000, -1.000000000000000000 ) ) ;
#482 = VECTOR ( 'NONE', #439, 1000.000000000000000 ) ;
#483 = VERTEX_POINT ( 'NONE', #1069 ) ;
#484 =( LENGTH_UNIT ( ) NAMED_UNIT ( * ) SI_UNIT ( .MILLI., .METRE. ) );
#485 = CARTESIAN_POINT ( 'NONE',  ( 47.50000000000000000, 5.480000000000002203, -15.09999999999999964 ) ) ;
#486 = DIRECTION ( 'NONE',  ( -0.7071067811865461294, 0.000000000000000000, 0.7071067811865489050 ) ) ;
#487 = VERTEX_POINT ( 'NONE', #171 ) ;
#488 = FILL_AREA_STYLE_COLOUR ( '', #1345 ) ;
#489 =( GEOMETRIC_REPRESENTATION_CONTEXT ( 3 ) GLOBAL_UNCERTAINTY_ASSIGNED_CONTEXT ( ( #643 ) ) GLOBAL_UNIT_ASSIGNED_CONTEXT ( ( #436, #1067, #170 ) ) REPRESENTATION_CONTEXT ( 'NONE', 'WORKASPACE' ) );
#490 = VERTEX_POINT ( 'NONE', #1342 ) ;
#491 = LINE ( 'NONE', #1071, #1144 ) ;
#492 = COLOUR_RGB ( '',0.5999999999999999778, 0.1607843137254901800, 0.7529411764705882248 ) ;
#493 = EDGE_LOOP ( 'NONE', ( #540, #656, #1099, #1447, #860 ) ) ;
#494 = PRESENTATION_STYLE_ASSIGNMENT (( #590 ) ) ;
#495 = ORIENTED_EDGE ( 'NONE', *, *, #1094, .T. ) ;
#496 = DIRECTION ( 'NONE',  ( 0.000000000000000000, 0.000000000000000000, -1.000000000000000000 ) ) ;
#497 = CARTESIAN_POINT ( 'NONE',  ( 38.40000000000001279, 5.805138831168243030, -15.77587878478676942 ) ) ;
#498 =( NAMED_UNIT ( * ) SI_UNIT ( $, .STERADIAN. ) SOLID_ANGLE_UNIT ( ) );
#499 = UNCERTAINTY_MEASURE_WITH_UNIT (LENGTH_MEASURE( 1.000000000000000082E-05 ), #54, 'distance_accuracy_value', 'NONE');
#500 = VERTEX_POINT ( 'NONE', #1178 ) ;
#501 = VERTEX_POINT ( 'NONE', #1075 ) ;
#502 = LINE ( 'NONE', #1360, #615 ) ;
#503 = LINE ( 'NONE', #1282, #1107 ) ;
#504 = EDGE_CURVE ( 'NONE', #1208, #300, #503, .T. ) ;
#505 = ORIENTED_EDGE ( 'NONE', *, *, #954, .T. ) ;
#506 = PRESENTATION_LAYER_ASSIGNMENT (  '', '', ( #1062 ) ) ;
#507 = FILL_AREA_STYLE ('',( #158 ) ) ;
#508 = DIRECTION ( 'NONE',  ( 1.000000000000000000, 0.000000000000000000, 0.000000000000000000 ) ) ;
#509 = EDGE_LOOP ( 'NONE', ( #51, #124, #199, #396 ) ) ;
#510 = CARTESIAN_POINT ( 'NONE',  ( 0.000000000000000000, -18.00000000000000000, 44.77722635446783528 ) ) ;
#511 = COLOUR_RGB ( '',0.5999999999999999778, 0.1607843137254901800, 0.7529411764705882248 ) ;
#512 =( NAMED_UNIT ( * ) SI_UNIT ( $, .STERADIAN. ) SOLID_ANGLE_UNIT ( ) );
#513 = PLANE ( 'NONE',  #1348 ) ;
#514 = EDGE_LOOP ( 'NONE', ( #147, #1308, #1141, #401, #1224 ) ) ;
#515 = STYLED_ITEM ( 'NONE', ( #99 ), #936 ) ;
#516 = PRESENTATION_LAYER_ASSIGNMENT (  '', '', ( #1154 ) ) ;
#517 = DIRECTION ( 'NONE',  ( -1.156482317317871725E-15, 1.000000000000000000, -3.140355412547167819E-16 ) ) ;
#518 = PRESENTATION_LAYER_ASSIGNMENT (  '', '', ( #618 ) ) ;
#519 = EDGE_LOOP ( 'NONE', ( #648 ) ) ;
#520 = EDGE_CURVE ( 'NONE', #663, #817, #280, .T. ) ;
#521 = SURFACE_STYLE_USAGE ( .BOTH. , #984 ) ;
#522 = DIRECTION ( 'NONE',  ( -0.000000000000000000, -1.000000000000000000, 0.000000000000000000 ) ) ;
#523 = ADVANCED_FACE ( 'NONE', ( #369, #829 ), #224, .T. ) ;
#524 = FILL_AREA_STYLE_COLOUR ( '', #1194 ) ;
#525 =( LENGTH_UNIT ( ) NAMED_UNIT ( * ) SI_UNIT ( .MILLI., .METRE. ) );
#526 = PLANE ( 'NONE',  #1039 ) ;
#527 = UNCERTAINTY_MEASURE_WITH_UNIT (LENGTH_MEASURE( 1.000000000000000082E-05 ), #597, 'distance_accuracy_value', 'NONE');
#528 = LINE ( 'NONE', #309, #731 ) ;
#529 = ORIENTED_EDGE ( 'NONE', *, *, #908, .T. ) ;
#530 = MECHANICAL_DESIGN_GEOMETRIC_PRESENTATION_REPRESENTATION (  '', ( #629 ), #155 ) ;
#531 = PLANE ( 'NONE',  #1218 ) ;
#532 = VECTOR ( 'NONE', #831, 1000.000000000000000 ) ;
#533 = PLANE ( 'NONE',  #290 ) ;
#534 =( NAMED_UNIT ( * ) PLANE_ANGLE_UNIT ( ) SI_UNIT ( $, .RADIAN. ) );
#535 = LINE ( 'NONE', #874, #1153 ) ;
#536 = ADVANCED_FACE ( 'NONE', ( #1150 ), #903, .F. ) ;
#537 =( NAMED_UNIT ( * ) SI_UNIT ( $, .STERADIAN. ) SOLID_ANGLE_UNIT ( ) );
#538 = MECHANICAL_DESIGN_GEOMETRIC_PRESENTATION_REPRESENTATION (  '', ( #564 ), #1214 ) ;
#539 = SURFACE_STYLE_USAGE ( .BOTH. , #1201 ) ;
#540 = ORIENTED_EDGE ( 'NONE', *, *, #892, .T. ) ;
#541 = AXIS2_PLACEMENT_3D ( 'NONE', #834, #818, #946 ) ;
#542 = ORIENTED_EDGE ( 'NONE', *, *, #218, .F. ) ;
#543 = COLOUR_RGB ( '',0.5999999999999999778, 0.1607843137254901800, 0.7529411764705882248 ) ;
#544 =( GEOMETRIC_REPRESENTATION_CONTEXT ( 3 ) GLOBAL_UNCERTAINTY_ASSIGNED_CONTEXT ( ( #1261 ) ) GLOBAL_UNIT_ASSIGNED_CONTEXT ( ( #606, #733, #142 ) ) REPRESENTATION_CONTEXT ( 'NONE', 'WORKASPACE' ) );
#545 = FILL_AREA_STYLE_COLOUR ( '', #1260 ) ;
#546 = AXIS2_PLACEMENT_3D ( 'NONE', #1002, #1098, #1078 ) ;
#547 = CARTESIAN_POINT ( 'NONE',  ( 40.99999999999065636, 15.88861317723394606, 28.88861317723384303 ) ) ;
#548 = CARTESIAN_POINT ( 'NONE',  ( -6.188958143094183951E-32, -18.00000000000000000, -56.10000000001130616 ) ) ;
#549 = EDGE_CURVE ( 'NONE', #256, #256, #724, .T. ) ;
#550 = UNCERTAINTY_MEASURE_WITH_UNIT (LENGTH_MEASURE( 1.000000000000000082E-05 ), #1251, 'distance_accuracy_value', 'NONE');
#551 = ORIENTED_EDGE ( 'NONE', *, *, #686, .T. ) ;
#552 = DIRECTION ( 'NONE',  ( 0.000000000000000000, 0.000000000000000000, -1.000000000000000000 ) ) ;
#553 = EDGE_CURVE ( 'NONE', #28, #28, #998, .T. ) ;
#554 = VERTEX_POINT ( 'NONE', #1354 ) ;
#555 = UNCERTAINTY_MEASURE_WITH_UNIT (LENGTH_MEASURE( 1.000000000000000082E-05 ), #286, 'distance_accuracy_value', 'NONE');
#556 = SURFACE_STYLE_FILL_AREA ( #118 ) ;
#557 =( GEOMETRIC_REPRESENTATION_CONTEXT ( 3 ) GLOBAL_UNCERTAINTY_ASSIGNED_CONTEXT ( ( #912 ) ) GLOBAL_UNIT_ASSIGNED_CONTEXT ( ( #585, #894, #245 ) ) REPRESENTATION_CONTEXT ( 'NONE', 'WORKASPACE' ) );
#558 = VECTOR ( 'NONE', #1231, 1000.000000000000000 ) ;
#559 = SURFACE_SIDE_STYLE ('',( #472 ) ) ;
#560 = BREP_WITH_VOIDS ( 'NONE', #1254, ( #33, #293 ) );
#561 = DIRECTION ( 'NONE',  ( 1.000000000000000000, 0.000000000000000000, 0.000000000000000000 ) ) ;
#562 = DIRECTION ( 'NONE',  ( 0.000000000000000000, 1.000000000000000000, 0.000000000000000000 ) ) ;
#563 = ORIENTED_EDGE ( 'NONE', *, *, #1086, .F. ) ;
#564 = STYLED_ITEM ( 'NONE', ( #232 ), #560 ) ;
#565 = ADVANCED_FACE ( 'NONE', ( #73, #1420 ), #671, .F. ) ;
#566 = PRESENTATION_LAYER_ASSIGNMENT (  '', '', ( #1274 ) ) ;
#567 =( GEOMETRIC_REPRESENTATION_CONTEXT ( 3 ) GLOBAL_UNCERTAINTY_ASSIGNED_CONTEXT ( ( #815 ) ) GLOBAL_UNIT_ASSIGNED_CONTEXT ( ( #738, #713, #1074 ) ) REPRESENTATION_CONTEXT ( 'NONE', 'WORKASPACE' ) );
#568 =( NAMED_UNIT ( * ) PLANE_ANGLE_UNIT ( ) SI_UNIT ( $, .RADIAN. ) );
#569 = CARTESIAN_POINT ( 'NONE',  ( 43.39999999999999858, 11.48000000000000043, -9.000000000000000000 ) ) ;
#570 = DIRECTION ( 'NONE',  ( 1.000000000000000000, 0.000000000000000000, -0.000000000000000000 ) ) ;
#571 = SURFACE_STYLE_FILL_AREA ( #1042 ) ;
#572 = DIRECTION ( 'NONE',  ( 1.000000000000000000, 0.000000000000000000, 0.000000000000000000 ) ) ;
#573 = CARTESIAN_POINT ( 'NONE',  ( 38.40000000000001279, 5.480000000000002203, -15.10000000000000497 ) ) ;
#574 = ADVANCED_FACE ( 'NONE', ( #133 ), #126, .T. ) ;
#575 = FACE_OUTER_BOUND ( 'NONE', #1100, .T. ) ;
#576 = UNCERTAINTY_MEASURE_WITH_UNIT (LENGTH_MEASURE( 1.000000000000000082E-05 ), #385, 'distance_accuracy_value', 'NONE');
#577 = CARTESIAN_POINT ( 'NONE',  ( 2.204362584845954119E-15, 66.00000000000000000, -56.10000000001133458 ) ) ;
#578 = PRESENTATION_STYLE_ASSIGNMENT (( #933 ) ) ;
#579 = ORIENTED_EDGE ( 'NONE', *, *, #1160, .T. ) ;
#580 =( BOUNDED_CURVE ( )  B_SPLINE_CURVE ( 3, ( #893, #320, #201, #1302 ),
 .UNSPECIFIED., .F., .T. ) 
 B_SPLINE_CURVE_WITH_KNOTS ( ( 4, 4 ),
 ( 5.610403580622933539, 6.955967033736238037 ),
 .UNSPECIFIED. ) 
 CURVE ( )  GEOMETRIC_REPRESENTATION_ITEM ( )  RATIONAL_B_SPLINE_CURVE ( ( 1.000000000000000000, 0.8547274815280566651, 0.8547274815280566651, 1.000000000000000000 ) ) 
 REPRESENTATION_ITEM ( '' )  );
#581 = PLANE ( 'NONE',  #1003 ) ;
#582 = DIRECTION ( 'NONE',  ( -1.000000000000000000, 0.000000000000000000, -6.979291467785362532E-15 ) ) ;
#583 = EDGE_CURVE ( 'NONE', #1268, #1365, #668, .T. ) ;
#584 =( NAMED_UNIT ( * ) PLANE_ANGLE_UNIT ( ) SI_UNIT ( $, .RADIAN. ) );
#585 =( LENGTH_UNIT ( ) NAMED_UNIT ( * ) SI_UNIT ( .MILLI., .METRE. ) );
#586 = APPLICATION_PROTOCOL_DEFINITION ( 'draft international standard', 'automotive_design', 1998, #824 ) ;
#587 = SURFACE_STYLE_USAGE ( .BOTH. , #1245 ) ;
#588 = VERTEX_POINT ( 'NONE', #679 ) ;
#589 = UNCERTAINTY_MEASURE_WITH_UNIT (LENGTH_MEASURE( 1.000000000000000082E-05 ), #794, 'distance_accuracy_value', 'NONE');
#590 = SURFACE_STYLE_USAGE ( .BOTH. , #148 ) ;
#591 = VECTOR ( 'NONE', #1249, 1000.000000000000000 ) ;
#592 = COLOUR_RGB ( '',0.5999999999999999778, 0.1607843137254901800, 0.7529411764705882248 ) ;
#593 = DIRECTION ( 'NONE',  ( -0.000000000000000000, -1.000000000000000000, 0.000000000000000000 ) ) ;
#594 = PRESENTATION_LAYER_ASSIGNMENT (  '', '', ( #1025 ) ) ;
#595 = APPLICATION_PROTOCOL_DEFINITION ( 'draft international standard', 'automotive_design', 1998, #1265 ) ;
#596 = MECHANICAL_DESIGN_GEOMETRIC_PRESENTATION_REPRESENTATION (  '', ( #899 ), #1400 ) ;
#597 =( LENGTH_UNIT ( ) NAMED_UNIT ( * ) SI_UNIT ( .MILLI., .METRE. ) );
#598 = SURFACE_SIDE_STYLE ('',( #375 ) ) ;
#599 = ORIENTED_EDGE ( 'NONE', *, *, #433, .F. ) ;
#600 = UNCERTAINTY_MEASURE_WITH_UNIT (LENGTH_MEASURE( 1.000000000000000082E-05 ), #229, 'distance_accuracy_value', 'NONE');
#601 = CARTESIAN_POINT ( 'NONE',  ( 40.99999999999084110, 48.00000000000000711, 0.000000000000000000 ) ) ;
#602 = DIRECTION ( 'NONE',  ( 1.000000000000000000, -0.000000000000000000, -0.000000000000000000 ) ) ;
#603 = CARTESIAN_POINT ( 'NONE',  ( 2.204364238465233850E-15, 66.00000000000000000, 44.77722635446783528 ) ) ;
#604 = LINE ( 'NONE', #1374, #1318 ) ;
#605 = EDGE_CURVE ( 'NONE', #948, #948, #1322, .T. ) ;
#606 =( LENGTH_UNIT ( ) NAMED_UNIT ( * ) SI_UNIT ( .MILLI., .METRE. ) );
#607 = CARTESIAN_POINT ( 'NONE',  ( 12.49835210862190671, 24.00000000000001776, -12.50164789137813592 ) ) ;
#608 = UNCERTAINTY_MEASURE_WITH_UNIT (LENGTH_MEASURE( 1.000000000000000082E-05 ), #210, 'distance_accuracy_value', 'NONE');
#609 = DIRECTION ( 'NONE',  ( 0.000000000000000000, 0.000000000000000000, -1.000000000000000000 ) ) ;
#610 = ORIENTED_EDGE ( 'NONE', *, *, #208, .F. ) ;
#611 = UNCERTAINTY_MEASURE_WITH_UNIT (LENGTH_MEASURE( 1.000000000000000082E-05 ), #1364, 'distance_accuracy_value', 'NONE');
#612 = EDGE_CURVE ( 'NONE', #259, #966, #790, .T. ) ;
#613 = SURFACE_SIDE_STYLE ('',( #389 ) ) ;
#614 = DIRECTION ( 'NONE',  ( -0.7071067811865489050, 8.659560562354918067E-17, -0.7071067811865462405 ) ) ;
#615 = VECTOR ( 'NONE', #968, 1000.000000000000000 ) ;
#616 = CARTESIAN_POINT ( 'NONE',  ( 47.50000000000000000, 48.00000000000000000, 1.070954686133591585E-14 ) ) ;
#617 = VECTOR ( 'NONE', #1367, 1000.000000000000000 ) ;
#618 = STYLED_ITEM ( 'NONE', ( #662 ), #1388 ) ;
#619 = ORIENTED_EDGE ( 'NONE', *, *, #476, .T. ) ;
#620 = CARTESIAN_POINT ( 'NONE',  ( 47.50000000000000000, 48.00000000000003553, -56.10000000001100062 ) ) ;
#621 =( LENGTH_UNIT ( ) NAMED_UNIT ( * ) SI_UNIT ( .MILLI., .METRE. ) );
#622 = EDGE_CURVE ( 'NONE', #554, #1268, #5, .T. ) ;
#623 = PRESENTATION_STYLE_ASSIGNMENT (( #197 ) ) ;
#624 = ORIENTED_EDGE ( 'NONE', *, *, #1405, .T. ) ;
#625 =( LENGTH_UNIT ( ) NAMED_UNIT ( * ) SI_UNIT ( .MILLI., .METRE. ) );
#626 = FILL_AREA_STYLE_COLOUR ( '', #1237 ) ;
#627 = ORIENTED_EDGE ( 'NONE', *, *, #720, .F. ) ;
#628 =( NAMED_UNIT ( * ) PLANE_ANGLE_UNIT ( ) SI_UNIT ( $, .RADIAN. ) );
#629 = STYLED_ITEM ( 'NONE', ( #71 ), #6 ) ;
#630 = FILL_AREA_STYLE_COLOUR ( '', #592 ) ;
#631 = DIRECTION ( 'NONE',  ( -0.7071067811865470176, 0.000000000000000000, 0.7071067811865480168 ) ) ;
#632 = CARTESIAN_POINT ( 'NONE',  ( 2.204364238465233850E-15, 66.00000000000000000, -5.000000000000004441 ) ) ;
#633 = STYLED_ITEM ( 'NONE', ( #851 ), #875 ) ;
#634 = EDGE_CURVE ( 'NONE', #483, #241, #451, .T. ) ;
#635 = VECTOR ( 'NONE', #289, 1000.000000000000000 ) ;
#636 = FILL_AREA_STYLE_COLOUR ( '', #189 ) ;
#637 = ORIENTED_EDGE ( 'NONE', *, *, #16, .F. ) ;
#638 = SURFACE_STYLE_FILL_AREA ( #1080 ) ;
#639 = CARTESIAN_POINT ( 'NONE',  ( 7.347880794884120722E-16, 66.00000000000000000, -5.000000000000003553 ) ) ;
#640 = CARTESIAN_POINT ( 'NONE',  ( 5.000000000000011546, 53.00000000000002132, 0.000000000000000000 ) ) ;
#641 =( NAMED_UNIT ( * ) PLANE_ANGLE_UNIT ( ) SI_UNIT ( $, .RADIAN. ) );
#642 = CARTESIAN_POINT ( 'NONE',  ( 5.000000000000018652, -5.000000000000015987, 0.000000000000000000 ) ) ;
#643 = UNCERTAINTY_MEASURE_WITH_UNIT (LENGTH_MEASURE( 1.000000000000000082E-05 ), #436, 'distance_accuracy_value', 'NONE');
#644 = FILL_AREA_STYLE ('',( #524 ) ) ;
#645 = PRESENTATION_STYLE_ASSIGNMENT (( #876 ) ) ;
#646 = DIRECTION ( 'NONE',  ( 1.000000000000000000, -0.000000000000000000, 6.979291467785362532E-15 ) ) ;
#647 = LINE ( 'NONE', #1108, #209 ) ;
#648 = ORIENTED_EDGE ( 'NONE', *, *, #1306, .F. ) ;
#649 = FACE_OUTER_BOUND ( 'NONE', #402, .T. ) ;
#650 =( NAMED_UNIT ( * ) SI_UNIT ( $, .STERADIAN. ) SOLID_ANGLE_UNIT ( ) );
#651 = FACE_OUTER_BOUND ( 'NONE', #1004, .T. ) ;
#652 = CARTESIAN_POINT ( 'NONE',  ( 47.50000000000000000, 42.52000000000000313, 0.000000000000000000 ) ) ;
#653 = MECHANICAL_DESIGN_GEOMETRIC_PRESENTATION_REPRESENTATION (  '', ( #85 ), #1378 ) ;
#654 = DIRECTION ( 'NONE',  ( 1.000000000000000000, 0.000000000000000000, 0.000000000000000000 ) ) ;
#655 = STYLED_ITEM ( 'NONE', ( #423 ), #887 ) ;
#656 = ORIENTED_EDGE ( 'NONE', *, *, #243, .T. ) ;
#657 = MECHANICAL_DESIGN_GEOMETRIC_PRESENTATION_REPRESENTATION (  '', ( #1025 ), #1114 ) ;
#658 = MECHANICAL_DESIGN_GEOMETRIC_PRESENTATION_REPRESENTATION (  '', ( #618 ), #707 ) ;
#659 = ADVANCED_FACE ( 'NONE', ( #244, #661 ), #20, .F. ) ;
#660 = ORIENTED_EDGE ( 'NONE', *, *, #1437, .T. ) ;
#661 = FACE_OUTER_BOUND ( 'NONE', #1336, .T. ) ;
#662 = PRESENTATION_STYLE_ASSIGNMENT (( #425 ) ) ;
#663 = VERTEX_POINT ( 'NONE', #841 ) ;
#664 = STYLED_ITEM ( 'NONE', ( #578 ), #25 ) ;
#665 = LINE ( 'NONE', #798, #258 ) ;
#666 = MECHANICAL_DESIGN_GEOMETRIC_PRESENTATION_REPRESENTATION (  '', ( #156 ), #696 ) ;
#667 = COLOUR_RGB ( '',0.5999999999999999778, 0.1607843137254901800, 0.7529411764705882248 ) ;
#668 = LINE ( 'NONE', #236, #1128 ) ;
#669 = PLANE ( 'NONE',  #269 ) ;
#670 =( LENGTH_UNIT ( ) NAMED_UNIT ( * ) SI_UNIT ( .MILLI., .METRE. ) );
#671 = CYLINDRICAL_SURFACE ( 'NONE', #83, 3.400000000000000355 ) ;
#672 = VERTEX_POINT ( 'NONE', #849 ) ;
#673 = AXIS2_PLACEMENT_3D ( 'NONE', #138, #446, #941 ) ;
#674 = EDGE_CURVE ( 'NONE', #376, #50, #271, .T. ) ;
#675 = UNCERTAINTY_MEASURE_WITH_UNIT (LENGTH_MEASURE( 1.000000000000000082E-05 ), #960, 'distance_accuracy_value', 'NONE');
#676 =( GEOMETRIC_REPRESENTATION_CONTEXT ( 3 ) GLOBAL_UNCERTAINTY_ASSIGNED_CONTEXT ( ( #1030 ) ) GLOBAL_UNIT_ASSIGNED_CONTEXT ( ( #76, #534, #64 ) ) REPRESENTATION_CONTEXT ( 'NONE', 'WORKASPACE' ) );
#677 =( NAMED_UNIT ( * ) SI_UNIT ( $, .STERADIAN. ) SOLID_ANGLE_UNIT ( ) );
#678 = AXIS2_PLACEMENT_3D ( 'NONE', #872, #654, #311 ) ;
#679 = CARTESIAN_POINT ( 'NONE',  ( 47.50000000000000000, 5.480000000000002203, -15.09999999999999964 ) ) ;
#680 = PRESENTATION_STYLE_ASSIGNMENT (( #1339 ) ) ;
#681 = VECTOR ( 'NONE', #646, 1000.000000000000000 ) ;
#682 = PRESENTATION_STYLE_ASSIGNMENT (( #453 ) ) ;
#683 = SURFACE_STYLE_USAGE ( .BOTH. , #1021 ) ;
#684 = CARTESIAN_POINT ( 'NONE',  ( 47.49999999999932498, 42.52000000000000313, -56.10000000001098641 ) ) ;
#685 = VERTEX_POINT ( 'NONE', #160 ) ;
#686 = EDGE_CURVE ( 'NONE', #380, #380, #1175, .T. ) ;
#687 = EDGE_CURVE ( 'NONE', #685, #448, #502, .T. ) ;
#688 =( NAMED_UNIT ( * ) SI_UNIT ( $, .STERADIAN. ) SOLID_ANGLE_UNIT ( ) );
#689 = CARTESIAN_POINT ( 'NONE',  ( 0.000000000000000000, 66.00000000000000000, -5.000000000000004441 ) ) ;
#690 = ORIENTED_EDGE ( 'NONE', *, *, #411, .T. ) ;
#691 = ORIENTED_EDGE ( 'NONE', *, *, #137, .T. ) ;
#692 = FILL_AREA_STYLE_COLOUR ( '', #511 ) ;
#693 =( LENGTH_UNIT ( ) NAMED_UNIT ( * ) SI_UNIT ( .MILLI., .METRE. ) );
#694 = ADVANCED_FACE ( 'NONE', ( #1371 ), #723, .T. ) ;
#695 = CARTESIAN_POINT ( 'NONE',  ( 5.000000000000018652, -18.00000000000000000, 0.000000000000000000 ) ) ;
#696 =( GEOMETRIC_REPRESENTATION_CONTEXT ( 3 ) GLOBAL_UNCERTAINTY_ASSIGNED_CONTEXT ( ( #555 ) ) GLOBAL_UNIT_ASSIGNED_CONTEXT ( ( #286, #424, #1310 ) ) REPRESENTATION_CONTEXT ( 'NONE', 'WORKASPACE' ) );
#697 = CIRCLE ( 'NONE', #764, 3.400000000000000355 ) ;
#698 = EDGE_LOOP ( 'NONE', ( #785 ) ) ;
#699 = FACE_OUTER_BOUND ( 'NONE', #1014, .T. ) ;
#700 = VECTOR ( 'NONE', #1248, 1000.000000000000000 ) ;
#701 = AXIS2_PLACEMENT_3D ( 'NONE', #437, #109, #473 ) ;
#702 = DIRECTION ( 'NONE',  ( -0.7071067811865461294, -0.000000000000000000, 0.7071067811865489050 ) ) ;
#703 = CARTESIAN_POINT ( 'NONE',  ( 5.000000000000018652, -12.99999999999998046, 0.000000000000000000 ) ) ;
#704 = STYLED_ITEM ( 'NONE', ( #220 ), #964 ) ;
#705 = CARTESIAN_POINT ( 'NONE',  ( 33.99999999999062084, 36.51999999999999602, -12.39999999999999858 ) ) ;
#706 = EDGE_CURVE ( 'NONE', #1239, #685, #143, .T. ) ;
#707 =( GEOMETRIC_REPRESENTATION_CONTEXT ( 3 ) GLOBAL_UNCERTAINTY_ASSIGNED_CONTEXT ( ( #1183 ) ) GLOBAL_UNIT_ASSIGNED_CONTEXT ( ( #670, #1316, #909 ) ) REPRESENTATION_CONTEXT ( 'NONE', 'WORKASPACE' ) );
#708 = SURFACE_STYLE_FILL_AREA ( #854 ) ;
#709 =( NAMED_UNIT ( * ) SI_UNIT ( $, .STERADIAN. ) SOLID_ANGLE_UNIT ( ) );
#710 = EDGE_LOOP ( 'NONE', ( #115, #1057, #1246 ) ) ;
#711 = LINE ( 'NONE', #1163, #435 ) ;
#712 = CARTESIAN_POINT ( 'NONE',  ( 33.99999999999062084, 11.48000000000000043, -9.000000000000000000 ) ) ;
#713 =( NAMED_UNIT ( * ) PLANE_ANGLE_UNIT ( ) SI_UNIT ( $, .RADIAN. ) );
#714 = ORIENTED_EDGE ( 'NONE', *, *, #1101, .F. ) ;
#715 = DIRECTION ( 'NONE',  ( -6.568593499739012094E-17, -0.7071067811865465735, -0.7071067811865485719 ) ) ;
#716 = SHAPE_DEFINITION_REPRESENTATION ( #934, #777 ) ;
#717 = COLOUR_RGB ( '',0.5999999999999999778, 0.1607843137254901800, 0.7529411764705882248 ) ;
#718 = COLOUR_RGB ( '',0.5999999999999999778, 0.1607843137254901800, 0.7529411764705882248 ) ;
#719 = ORIENTED_EDGE ( 'NONE', *, *, #816, .T. ) ;
#720 = EDGE_CURVE ( 'NONE', #1271, #1271, #432, .T. ) ;
#721 = LINE ( 'NONE', #620, #1179 ) ;
#722 = PRESENTATION_LAYER_ASSIGNMENT (  '', '', ( #1341 ) ) ;
#723 = PLANE ( 'NONE',  #460 ) ;
#724 = CIRCLE ( 'NONE', #273, 3.400000000000000355 ) ;
#725 = COLOUR_RGB ( '',0.5999999999999999778, 0.1607843137254901800, 0.7529411764705882248 ) ;
#726 =( NAMED_UNIT ( * ) SI_UNIT ( $, .STERADIAN. ) SOLID_ANGLE_UNIT ( ) );
#727 = STYLED_ITEM ( 'NONE', ( #1419 ), #883 ) ;
#728 = FILL_AREA_STYLE_COLOUR ( '', #1219 ) ;
#729 = ADVANCED_FACE ( 'NONE', ( #95 ), #737, .T. ) ;
#730 =( GEOMETRIC_REPRESENTATION_CONTEXT ( 3 ) GLOBAL_UNCERTAINTY_ASSIGNED_CONTEXT ( ( #600 ) ) GLOBAL_UNIT_ASSIGNED_CONTEXT ( ( #229, #1221, #677 ) ) REPRESENTATION_CONTEXT ( 'NONE', 'WORKASPACE' ) );
#731 = VECTOR ( 'NONE', #112, 1000.000000000000000 ) ;
#732 =( NAMED_UNIT ( * ) SI_UNIT ( $, .STERADIAN. ) SOLID_ANGLE_UNIT ( ) );
#733 =( NAMED_UNIT ( * ) PLANE_ANGLE_UNIT ( ) SI_UNIT ( $, .RADIAN. ) );
#734 = ADVANCED_FACE ( 'NONE', ( #190, #649 ), #422, .F. ) ;
#735 = FILL_AREA_STYLE_COLOUR ( '', #667 ) ;
#736 = DIRECTION ( 'NONE',  ( 0.000000000000000000, -0.000000000000000000, 1.000000000000000000 ) ) ;
#737 = PLANE ( 'NONE',  #1022 ) ;
#738 =( LENGTH_UNIT ( ) NAMED_UNIT ( * ) SI_UNIT ( .MILLI., .METRE. ) );
#739 = SURFACE_STYLE_USAGE ( .BOTH. , #314 ) ;
#740 = DIRECTION ( 'NONE',  ( 1.000000000000000000, 0.000000000000000000, 0.000000000000000000 ) ) ;
#741 = VERTEX_POINT ( 'NONE', #640 ) ;
#742 = CARTESIAN_POINT ( 'NONE',  ( 0.000000000000000000, -18.00000000000000000, 44.77722635446783528 ) ) ;
#743 = STYLED_ITEM ( 'NONE', ( #247 ), #105 ) ;
#744 = ORIENTED_EDGE ( 'NONE', *, *, #1041, .F. ) ;
#745 = SURFACE_STYLE_FILL_AREA ( #1296 ) ;
#746 = MECHANICAL_DESIGN_GEOMETRIC_PRESENTATION_REPRESENTATION (  '', ( #1397 ), #1193 ) ;
#747 = FILL_AREA_STYLE_COLOUR ( '', #1084 ) ;
#748 =( GEOMETRIC_REPRESENTATION_CONTEXT ( 3 ) GLOBAL_UNCERTAINTY_ASSIGNED_CONTEXT ( ( #214 ) ) GLOBAL_UNIT_ASSIGNED_CONTEXT ( ( #1333, #1032, #688 ) ) REPRESENTATION_CONTEXT ( 'NONE', 'WORKASPACE' ) );
#749 =( NAMED_UNIT ( * ) PLANE_ANGLE_UNIT ( ) SI_UNIT ( $, .RADIAN. ) );
#750 = ORIENTED_EDGE ( 'NONE', *, *, #1125, .T. ) ;
#751 = PRESENTATION_LAYER_ASSIGNMENT (  '', '', ( #633 ) ) ;
#752 = SURFACE_SIDE_STYLE ('',( #298 ) ) ;
#753 = DIRECTION ( 'NONE',  ( 0.000000000000000000, -0.000000000000000000, -1.000000000000000000 ) ) ;
#754 = CARTESIAN_POINT ( 'NONE',  ( 270.9999999999905640, -91.84619219142831525, -56.10000000000939480 ) ) ;
#755 = FACE_OUTER_BOUND ( 'NONE', #1385, .T. ) ;
#756 = CARTESIAN_POINT ( 'NONE',  ( 40.99999999998998135, -18.00000000000000000, -56.10000000001101483 ) ) ;
#757 = ORIENTED_EDGE ( 'NONE', *, *, #827, .F. ) ;
#758 =( NAMED_UNIT ( * ) PLANE_ANGLE_UNIT ( ) SI_UNIT ( $, .RADIAN. ) );
#759 = PRESENTATION_STYLE_ASSIGNMENT (( #739 ) ) ;
#760 = DIRECTION ( 'NONE',  ( 1.000000000000000000, 0.000000000000000000, 0.000000000000000000 ) ) ;
#761 = FILL_AREA_STYLE ('',( #995 ) ) ;
#762 = EDGE_LOOP ( 'NONE', ( #1436, #879, #978, #360 ) ) ;
#763 = PRESENTATION_LAYER_ASSIGNMENT (  '', '', ( #994 ) ) ;
#764 = AXIS2_PLACEMENT_3D ( 'NONE', #921, #572, #1344 ) ;
#765 = EDGE_CURVE ( 'NONE', #810, #810, #1001, .T. ) ;
#766 = DIRECTION ( 'NONE',  ( 0.000000000000000000, 0.000000000000000000, -1.000000000000000000 ) ) ;
#767 = DIRECTION ( 'NONE',  ( 0.000000000000000000, 0.000000000000000000, 1.000000000000000000 ) ) ;
#768 = VERTEX_POINT ( 'NONE', #355 ) ;
#769 = ORIENTED_EDGE ( 'NONE', *, *, #183, .F. ) ;
#770 = AXIS2_PLACEMENT_3D ( 'NONE', #1081, #1391, #173 ) ;
#771 = MECHANICAL_DESIGN_GEOMETRIC_PRESENTATION_REPRESENTATION (  '', ( #93 ), #322 ) ;
#772 = CARTESIAN_POINT ( 'NONE',  ( 47.50000000000000000, 60.99999999999999289, 0.000000000000000000 ) ) ;
#773 = DIRECTION ( 'NONE',  ( 0.000000000000000000, 0.000000000000000000, -1.000000000000000000 ) ) ;
#774 = CARTESIAN_POINT ( 'NONE',  ( 0.000000000000000000, 0.000000000000000000, 0.000000000000000000 ) ) ;
#775 = SURFACE_STYLE_FILL_AREA ( #1009 ) ;
#776 = ORIENTED_EDGE ( 'NONE', *, *, #1092, .T. ) ;
#777 = ADVANCED_BREP_SHAPE_REPRESENTATION ( 'RD_tail__Default__F478B1D2E56A', ( #560, #1381 ), #1446 ) ;
#778 = FACE_OUTER_BOUND ( 'NONE', #1116, .T. ) ;
#779 = FILL_AREA_STYLE ('',( #692 ) ) ;
#780 = CARTESIAN_POINT ( 'NONE',  ( 47.50000000000000000, 42.52000000000000313, 0.000000000000000000 ) ) ;
#781 = FILL_AREA_STYLE_COLOUR ( '', #1242 ) ;
#782 = EDGE_CURVE ( 'NONE', #1365, #1376, #340, .T. ) ;
#783 = DIRECTION ( 'NONE',  ( 1.000000000000000000, 0.000000000000000000, -0.000000000000000000 ) ) ;
#784 = PLANE ( 'NONE',  #226 ) ;
#785 = ORIENTED_EDGE ( 'NONE', *, *, #765, .T. ) ;
#786 = EDGE_LOOP ( 'NONE', ( #24 ) ) ;
#787 = CARTESIAN_POINT ( 'NONE',  ( 0.000000000000000000, -18.00000000000000000, -5.000000000000004441 ) ) ;
#788 = VECTOR ( 'NONE', #1315, 1000.000000000000000 ) ;
#789 = MECHANICAL_DESIGN_GEOMETRIC_PRESENTATION_REPRESENTATION (  '', ( #743 ), #80 ) ;
#790 = LINE ( 'NONE', #808, #417 ) ;
#791 = CARTESIAN_POINT ( 'NONE',  ( 7.952619186461176919E-31, -17.99999999999996803, -56.10000000001130616 ) ) ;
#792 = FILL_AREA_STYLE_COLOUR ( '', #1256 ) ;
#793 = LINE ( 'NONE', #430, #1155 ) ;
#794 =( LENGTH_UNIT ( ) NAMED_UNIT ( * ) SI_UNIT ( .MILLI., .METRE. ) );
#795 = ORIENTED_EDGE ( 'NONE', *, *, #1448, .F. ) ;
#796 = PRESENTATION_LAYER_ASSIGNMENT (  '', '', ( #1215 ) ) ;
#797 = PRESENTATION_LAYER_ASSIGNMENT (  '', '', ( #727 ) ) ;
#798 = CARTESIAN_POINT ( 'NONE',  ( 38.39999999999933777, 5.480000000000002203, -56.10000000001104326 ) ) ;
#799 = MECHANICAL_DESIGN_GEOMETRIC_PRESENTATION_REPRESENTATION (  '', ( #704 ), #730 ) ;
#800 = ORIENTED_EDGE ( 'NONE', *, *, #1086, .T. ) ;
#801 = COLOUR_RGB ( '',0.5999999999999999778, 0.1607843137254901800, 0.7529411764705882248 ) ;
#802 = DIRECTION ( 'NONE',  ( 1.000000000000000000, 0.000000000000000000, 0.000000000000000000 ) ) ;
#803 = PRESENTATION_STYLE_ASSIGNMENT (( #683 ) ) ;
#804 = FILL_AREA_STYLE_COLOUR ( '', #718 ) ;
#805 = ORIENTED_EDGE ( 'NONE', *, *, #1059, .F. ) ;
#806 = ADVANCED_FACE ( 'NONE', ( #237 ), #452, .T. ) ;
#807 = DIRECTION ( 'NONE',  ( -1.000000000000000000, 0.000000000000000000, 0.000000000000000000 ) ) ;
#808 = CARTESIAN_POINT ( 'NONE',  ( 38.40000000000001279, 42.52000000000003155, -56.10000000001105747 ) ) ;
#809 = DIRECTION ( 'NONE',  ( 0.000000000000000000, 1.000000000000000000, -3.140355412547086960E-16 ) ) ;
#810 = VERTEX_POINT ( 'NONE', #1149 ) ;
#811 = SURFACE_STYLE_FILL_AREA ( #441 ) ;
#812 = DIRECTION ( 'NONE',  ( -0.000000000000000000, 1.000000000000000000, 1.224646799147353454E-16 ) ) ;
#813 = FILL_AREA_STYLE ('',( #359 ) ) ;
#814 = ORIENTED_EDGE ( 'NONE', *, *, #890, .T. ) ;
#815 = UNCERTAINTY_MEASURE_WITH_UNIT (LENGTH_MEASURE( 1.000000000000000082E-05 ), #738, 'distance_accuracy_value', 'NONE');
#816 = EDGE_CURVE ( 'NONE', #227, #1412, #462, .T. ) ;
#817 = VERTEX_POINT ( 'NONE', #221 ) ;
#818 = DIRECTION ( 'NONE',  ( 1.000000000000000000, 0.000000000000000000, 0.000000000000000000 ) ) ;
#819 = PRODUCT_CONTEXT ( 'NONE', #824, 'mechanical' ) ;
#820 = VECTOR ( 'NONE', #1234, 1000.000000000000000 ) ;
#821 = LINE ( 'NONE', #970, #1366 ) ;
#822 = ORIENTED_EDGE ( 'NONE', *, *, #720, .T. ) ;
#823 = PRESENTATION_LAYER_ASSIGNMENT (  '', '', ( #1438 ) ) ;
#824 = APPLICATION_CONTEXT ( 'automotive_design' ) ;
#825 = PLANE ( 'NONE',  #830 ) ;
#826 = COLOUR_RGB ( '',0.5999999999999999778, 0.1607843137254901800, 0.7529411764705882248 ) ;
#827 = EDGE_CURVE ( 'NONE', #1208, #817, #1126, .T. ) ;
#828 = FILL_AREA_STYLE ('',( #835 ) ) ;
#829 = FACE_OUTER_BOUND ( 'NONE', #1275, .T. ) ;
#830 = AXIS2_PLACEMENT_3D ( 'NONE', #279, #715, #1264 ) ;
#831 = DIRECTION ( 'NONE',  ( 8.177564888978003292E-16, -0.7071067811865480168, 0.7071067811865470176 ) ) ;
#832 = ORIENTED_EDGE ( 'NONE', *, *, #1101, .T. ) ;
#833 = CARTESIAN_POINT ( 'NONE',  ( 1.269550515116091923E-15, 2.539101030232176352E-15, -5.000000000000003553 ) ) ;
#834 = CARTESIAN_POINT ( 'NONE',  ( 33.99999999999062084, 36.51999999999999602, -9.000000000000000000 ) ) ;
#835 = FILL_AREA_STYLE_COLOUR ( '', #1442 ) ;
#836 = CARTESIAN_POINT ( 'NONE',  ( 43.39999999999999858, 36.51999999999999602, -12.39999999999999858 ) ) ;
#837 = SURFACE_STYLE_FILL_AREA ( #1267 ) ;
#838 = ADVANCED_FACE ( 'NONE', ( #253, #575 ), #940, .F. ) ;
#839 =( NAMED_UNIT ( * ) PLANE_ANGLE_UNIT ( ) SI_UNIT ( $, .RADIAN. ) );
#840 = LINE ( 'NONE', #1273, #955 ) ;
#841 = CARTESIAN_POINT ( 'NONE',  ( 40.99999999999065636, 3.808651173612592320E-15, -56.10000000001102904 ) ) ;
#842 = LINE ( 'NONE', #1158, #223 ) ;
#843 = DIRECTION ( 'NONE',  ( 0.000000000000000000, -2.231155596111649136E-16, 1.000000000000000000 ) ) ;
#844 = AXIS2_PLACEMENT_3D ( 'NONE', #96, #631, #522 ) ;
#845 = ORIENTED_EDGE ( 'NONE', *, *, #433, .T. ) ;
#846 = ORIENTED_EDGE ( 'NONE', *, *, #1370, .F. ) ;
#847 = SURFACE_STYLE_USAGE ( .BOTH. , #972 ) ;
#848 = PRESENTATION_LAYER_ASSIGNMENT (  '', '', ( #564 ) ) ;
#849 = CARTESIAN_POINT ( 'NONE',  ( 2.399615652258952740E-32, 3.435134271608325560E-15, -24.99999999999999289 ) ) ;
#850 = VECTOR ( 'NONE', #150, 1000.000000000000000 ) ;
#851 = PRESENTATION_STYLE_ASSIGNMENT (( #1290 ) ) ;
#852 = MECHANICAL_DESIGN_GEOMETRIC_PRESENTATION_REPRESENTATION (  '', ( #655 ), #87 ) ;
#853 = VECTOR ( 'NONE', #1398, 1000.000000000000000 ) ;
#854 = FILL_AREA_STYLE ('',( #735 ) ) ;
#855 = CARTESIAN_POINT ( 'NONE',  ( -16.00000000000002132, 31.99999999999999289, -21.00000000000000355 ) ) ;
#856 = PRESENTATION_LAYER_ASSIGNMENT (  '', '', ( #899 ) ) ;
#857 = VECTOR ( 'NONE', #609, 1000.000000000000000 ) ;
#858 = CARTESIAN_POINT ( 'NONE',  ( 33.99999999999062084, 36.51999999999999602, -9.000000000000000000 ) ) ;
#859 = CARTESIAN_POINT ( 'NONE',  ( 43.39999999999999858, 36.51999999999999602, -9.000000000000000000 ) ) ;
#860 = ORIENTED_EDGE ( 'NONE', *, *, #163, .F. ) ;
#861 = SURFACE_STYLE_FILL_AREA ( #969 ) ;
#862 = DIRECTION ( 'NONE',  ( 1.000000000000000000, 0.000000000000000000, -0.000000000000000000 ) ) ;
#863 = PRESENTATION_STYLE_ASSIGNMENT (( #1105 ) ) ;
#864 =( LENGTH_UNIT ( ) NAMED_UNIT ( * ) SI_UNIT ( .MILLI., .METRE. ) );
#865 = FILL_AREA_STYLE_COLOUR ( '', #338 ) ;
#866 = DIRECTION ( 'NONE',  ( 1.000000000000000000, -0.000000000000000000, -0.000000000000000000 ) ) ;
#867 = DIRECTION ( 'NONE',  ( 1.000000000000000000, -0.000000000000000000, -0.000000000000000000 ) ) ;
#868 = ADVANCED_FACE ( 'NONE', ( #1054 ), #1164, .T. ) ;
#869 = LINE ( 'NONE', #992, #891 ) ;
#870 =( LENGTH_UNIT ( ) NAMED_UNIT ( * ) SI_UNIT ( .MILLI., .METRE. ) );
#871 = AXIS2_PLACEMENT_3D ( 'NONE', #780, #444, #110 ) ;
#872 = CARTESIAN_POINT ( 'NONE',  ( 40.99999999999065636, 0.000000000000000000, 44.77722635446783528 ) ) ;
#873 = ORIENTED_EDGE ( 'NONE', *, *, #622, .T. ) ;
#874 = CARTESIAN_POINT ( 'NONE',  ( 40.99999999999065636, 0.000000000000000000, 0.000000000000000000 ) ) ;
#875 = ADVANCED_FACE ( 'NONE', ( #478 ), #1068, .F. ) ;
#876 = SURFACE_STYLE_USAGE ( .BOTH. , #882 ) ;
#877 = AXIS2_PLACEMENT_3D ( 'NONE', #1095, #231, #917 ) ;
#878 = LINE ( 'NONE', #1286, #853 ) ;
#879 = ORIENTED_EDGE ( 'NONE', *, *, #634, .F. ) ;
#880 = CARTESIAN_POINT ( 'NONE',  ( 33.99999999999062084, 36.51999999999999602, -9.000000000000000000 ) ) ;
#881 = SURFACE_STYLE_FILL_AREA ( #886 ) ;
#882 = SURFACE_SIDE_STYLE ('',( #1428 ) ) ;
#883 = ADVANCED_FACE ( 'NONE', ( #962, #1007 ), #77, .F. ) ;
#884 = ORIENTED_EDGE ( 'NONE', *, *, #892, .F. ) ;
#885 = FILL_AREA_STYLE_COLOUR ( '', #1303 ) ;
#886 = FILL_AREA_STYLE ('',( #1427 ) ) ;
#887 = ADVANCED_FACE ( 'NONE', ( #65 ), #1413, .F. ) ;
#888 = SURFACE_STYLE_FILL_AREA ( #419 ) ;
#889 = EDGE_LOOP ( 'NONE', ( #1253, #470, #619 ) ) ;
#890 = EDGE_CURVE ( 'NONE', #442, #501, #207, .T. ) ;
#891 = VECTOR ( 'NONE', #1012, 1000.000000000000000 ) ;
#892 = EDGE_CURVE ( 'NONE', #500, #501, #535, .T. ) ;
#893 = CARTESIAN_POINT ( 'NONE',  ( 38.40000000000001279, 33.97062334678732753, -56.10000000001105747 ) ) ;
#894 =( NAMED_UNIT ( * ) PLANE_ANGLE_UNIT ( ) SI_UNIT ( $, .RADIAN. ) );
#895 = ORIENTED_EDGE ( 'NONE', *, *, #1334, .T. ) ;
#896 = PRESENTATION_LAYER_ASSIGNMENT (  '', '', ( #61 ) ) ;
#897 = ORIENTED_EDGE ( 'NONE', *, *, #157, .F. ) ;
#898 = PRESENTATION_LAYER_ASSIGNMENT (  '', '', ( #975 ) ) ;
#899 = STYLED_ITEM ( 'NONE', ( #863 ), #1298 ) ;
#900 = EDGE_CURVE ( 'NONE', #259, #1412, #580, .T. ) ;
#901 = SURFACE_SIDE_STYLE ('',( #1440 ) ) ;
#902 = FILL_AREA_STYLE_COLOUR ( '', #979 ) ;
#903 = PLANE ( 'NONE',  #134 ) ;
#904 =( NAMED_UNIT ( * ) SI_UNIT ( $, .STERADIAN. ) SOLID_ANGLE_UNIT ( ) );
#905 = ORIENTED_EDGE ( 'NONE', *, *, #583, .F. ) ;
#906 = DIRECTION ( 'NONE',  ( -1.000000000000000000, 0.000000000000000000, 0.000000000000000000 ) ) ;
#907 = SURFACE_STYLE_FILL_AREA ( #779 ) ;
#908 = EDGE_CURVE ( 'NONE', #1239, #213, #304, .T. ) ;
#909 =( NAMED_UNIT ( * ) SI_UNIT ( $, .STERADIAN. ) SOLID_ANGLE_UNIT ( ) );
#910 = DIRECTION ( 'NONE',  ( 1.000000000000000000, 1.156482317317871725E-15, 0.000000000000000000 ) ) ;
#911 = EDGE_LOOP ( 'NONE', ( #403 ) ) ;
#912 = UNCERTAINTY_MEASURE_WITH_UNIT (LENGTH_MEASURE( 1.000000000000000082E-05 ), #585, 'distance_accuracy_value', 'NONE');
#913 = PRESENTATION_LAYER_ASSIGNMENT (  '', '', ( #78 ) ) ;
#914 = FILL_AREA_STYLE_COLOUR ( '', #1047 ) ;
#915 = COLOUR_RGB ( '',0.5999999999999999778, 0.1607843137254901800, 0.7529411764705882248 ) ;
#916 = ORIENTED_EDGE ( 'NONE', *, *, #989, .T. ) ;
#917 = DIRECTION ( 'NONE',  ( 0.000000000000000000, 0.000000000000000000, -1.000000000000000000 ) ) ;
#918 = CARTESIAN_POINT ( 'NONE',  ( 40.99999999999065636, -18.00000000000000000, -5.000000000000004441 ) ) ;
#919 = CARTESIAN_POINT ( 'NONE',  ( 0.000000000000000000, -18.00000000000000000, -5.000000000000004441 ) ) ;
#920 =( NAMED_UNIT ( * ) SI_UNIT ( $, .STERADIAN. ) SOLID_ANGLE_UNIT ( ) );
#921 = CARTESIAN_POINT ( 'NONE',  ( 43.39999999999999858, 11.48000000000000043, -9.000000000000000000 ) ) ;
#922 = ORIENTED_EDGE ( 'NONE', *, *, #35, .T. ) ;
#923 = VECTOR ( 'NONE', #12, 1000.000000000000000 ) ;
#924 = AXIS2_PLACEMENT_3D ( 'NONE', #754, #1096, #1210 ) ;
#925 = FACE_OUTER_BOUND ( 'NONE', #1166, .T. ) ;
#926 = MECHANICAL_DESIGN_GEOMETRIC_PRESENTATION_REPRESENTATION (  '', ( #1130 ), #1379 ) ;
#927 = ORIENTED_EDGE ( 'NONE', *, *, #1430, .T. ) ;
#928 = DIRECTION ( 'NONE',  ( 1.000000000000000000, 0.000000000000000000, 0.000000000000000000 ) ) ;
#929 = CARTESIAN_POINT ( 'NONE',  ( 38.40000000000001279, 42.52000000000003155, -56.10000000001105747 ) ) ;
#930 = AXIS2_PLACEMENT_3D ( 'NONE', #1120, #97, #552 ) ;
#931 = FILL_AREA_STYLE ('',( #792 ) ) ;
#932 = DIRECTION ( 'NONE',  ( 0.000000000000000000, 0.000000000000000000, -1.000000000000000000 ) ) ;
#933 = SURFACE_STYLE_USAGE ( .BOTH. , #1043 ) ;
#934 = PRODUCT_DEFINITION_SHAPE ( 'NONE', 'NONE',  #1230 ) ;
#935 = VERTEX_POINT ( 'NONE', #1111 ) ;
#936 = ADVANCED_FACE ( 'NONE', ( #181 ), #1103, .F. ) ;
#937 =( LENGTH_UNIT ( ) NAMED_UNIT ( * ) SI_UNIT ( .MILLI., .METRE. ) );
#938 = VERTEX_POINT ( 'NONE', #573 ) ;
#939 = SURFACE_STYLE_USAGE ( .BOTH. , #559 ) ;
#940 = CYLINDRICAL_SURFACE ( 'NONE', #1197, 3.400000000000000355 ) ;
#941 = DIRECTION ( 'NONE',  ( -0.000000000000000000, -1.000000000000000000, 0.000000000000000000 ) ) ;
#942 =( NAMED_UNIT ( * ) PLANE_ANGLE_UNIT ( ) SI_UNIT ( $, .RADIAN. ) );
#943 = PRESENTATION_STYLE_ASSIGNMENT (( #474 ) ) ;
#944 = ORIENTED_EDGE ( 'NONE', *, *, #605, .F. ) ;
#945 = CLOSED_SHELL ( 'NONE', ( #734, #1222, #1388 ) ) ;
#946 = DIRECTION ( 'NONE',  ( 0.000000000000000000, 0.000000000000000000, -1.000000000000000000 ) ) ;
#947 = LINE ( 'NONE', #254, #32 ) ;
#948 = VERTEX_POINT ( 'NONE', #836 ) ;
#949 = CARTESIAN_POINT ( 'NONE',  ( 40.99999999999086242, 32.11138682276607881, 28.88861317723388211 ) ) ;
#950 = ORIENTED_EDGE ( 'NONE', *, *, #330, .T. ) ;
#951 = MECHANICAL_DESIGN_GEOMETRIC_PRESENTATION_REPRESENTATION (  '', ( #1274 ), #676 ) ;
#952 = MECHANICAL_DESIGN_GEOMETRIC_PRESENTATION_REPRESENTATION (  '', ( #727 ), #319 ) ;
#953 = DIRECTION ( 'NONE',  ( 0.7071067811865489050, 0.000000000000000000, 0.7071067811865461294 ) ) ;
#954 = EDGE_CURVE ( 'NONE', #935, #227, #665, .T. ) ;
#955 = VECTOR ( 'NONE', #270, 1000.000000000000000 ) ;
#956 = LINE ( 'NONE', #695, #66 ) ;
#957 = AXIS2_PLACEMENT_3D ( 'NONE', #8, #760, #1429 ) ;
#958 = LINE ( 'NONE', #1396, #249 ) ;
#959 =( NAMED_UNIT ( * ) SI_UNIT ( $, .STERADIAN. ) SOLID_ANGLE_UNIT ( ) );
#960 =( LENGTH_UNIT ( ) NAMED_UNIT ( * ) SI_UNIT ( .MILLI., .METRE. ) );
#961 = VERTEX_POINT ( 'NONE', #787 ) ;
#962 = FACE_OUTER_BOUND ( 'NONE', #212, .T. ) ;
#963 = CARTESIAN_POINT ( 'NONE',  ( 38.40000000000001279, 42.19486116883179960, -15.77587878478676942 ) ) ;
#964 = ADVANCED_FACE ( 'NONE', ( #778 ), #581, .F. ) ;
#965 = DIRECTION ( 'NONE',  ( -0.5773502691896269523, -0.5773502691896255090, -0.5773502691896247319 ) ) ;
#966 = VERTEX_POINT ( 'NONE', #11 ) ;
#967 =( NAMED_UNIT ( * ) PLANE_ANGLE_UNIT ( ) SI_UNIT ( $, .RADIAN. ) );
#968 = DIRECTION ( 'NONE',  ( 0.000000000000000000, 0.000000000000000000, -1.000000000000000000 ) ) ;
#969 = FILL_AREA_STYLE ('',( #488 ) ) ;
#970 = CARTESIAN_POINT ( 'NONE',  ( 40.99999999999065636, -18.00000000000000000, 44.77722635446783528 ) ) ;
#971 =( GEOMETRIC_REPRESENTATION_CONTEXT ( 3 ) GLOBAL_UNCERTAINTY_ASSIGNED_CONTEXT ( ( #589 ) ) GLOBAL_UNIT_ASSIGNED_CONTEXT ( ( #794, #758, #123 ) ) REPRESENTATION_CONTEXT ( 'NONE', 'WORKASPACE' ) );
#972 = SURFACE_SIDE_STYLE ('',( #1278 ) ) ;
#973 = PRESENTATION_STYLE_ASSIGNMENT (( #1425 ) ) ;
#974 = ORIENTED_EDGE ( 'NONE', *, *, #35, .F. ) ;
#975 = STYLED_ITEM ( 'NONE', ( #1417 ), #1222 ) ;
#976 =( LENGTH_UNIT ( ) NAMED_UNIT ( * ) SI_UNIT ( .MILLI., .METRE. ) );
#977 = FACE_OUTER_BOUND ( 'NONE', #889, .T. ) ;
#978 = ORIENTED_EDGE ( 'NONE', *, *, #456, .F. ) ;
#979 = COLOUR_RGB ( '',0.5999999999999999778, 0.1607843137254901800, 0.7529411764705882248 ) ;
#980 = ADVANCED_FACE ( 'NONE', ( #1359, #459, #925 ), #1326, .T. ) ;
#981 = ORIENTED_EDGE ( 'NONE', *, *, #765, .F. ) ;
#982 = SURFACE_SIDE_STYLE ('',( #84 ) ) ;
#983 = EDGE_LOOP ( 'NONE', ( #421 ) ) ;
#984 = SURFACE_SIDE_STYLE ('',( #1119 ) ) ;
#985 = LINE ( 'NONE', #547, #1232 ) ;
#986 = LINE ( 'NONE', #81, #278 ) ;
#987 = ORIENTED_EDGE ( 'NONE', *, *, #989, .F. ) ;
#988 = ORIENTED_EDGE ( 'NONE', *, *, #900, .F. ) ;
#989 = EDGE_CURVE ( 'NONE', #935, #588, #1174, .T. ) ;
#990 = FILL_AREA_STYLE ('',( #545 ) ) ;
#991 = ADVANCED_FACE ( 'NONE', ( #699 ), #825, .F. ) ;
#992 = CARTESIAN_POINT ( 'NONE',  ( 36.25000000000009237, 48.00000000000000000, 11.24999999999996092 ) ) ;
#993 = SURFACE_SIDE_STYLE ('',( #282 ) ) ;
#994 = STYLED_ITEM ( 'NONE', ( #682 ), #307 ) ;
#995 = FILL_AREA_STYLE_COLOUR ( '', #44 ) ;
#996 = EDGE_LOOP ( 'NONE', ( #426 ) ) ;
#997 = MECHANICAL_DESIGN_GEOMETRIC_PRESENTATION_REPRESENTATION (  '', ( #159 ), #1394 ) ;
#998 = CIRCLE ( 'NONE', #1171, 3.399999999999998579 ) ;
#999 = EDGE_CURVE ( 'NONE', #335, #961, #45, .T. ) ;
#1000 = CARTESIAN_POINT ( 'NONE',  ( 47.50000000000000000, 0.000000000000000000, 0.000000000000000000 ) ) ;
#1001 = CIRCLE ( 'NONE', #877, 3.400000000000000355 ) ;
#1002 = CARTESIAN_POINT ( 'NONE',  ( 47.50000000000000000, 5.480000000000002203, 0.000000000000000000 ) ) ;
#1003 = AXIS2_PLACEMENT_3D ( 'NONE', #1038, #906, #215 ) ;
#1004 = EDGE_LOOP ( 'NONE', ( #800, #326, #660, #814, #884, #1065, #1173, #1079, #1350, #529, #1053, #750 ) ) ;
#1005 = ORIENTED_EDGE ( 'NONE', *, *, #70, .F. ) ;
#1006 = AXIS2_PLACEMENT_3D ( 'NONE', #91, #767, #570 ) ;
#1007 = FACE_OUTER_BOUND ( 'NONE', #1206, .T. ) ;
#1008 = DIRECTION ( 'NONE',  ( 0.000000000000000000, -0.7071067811865485719, -0.7071067811865465735 ) ) ;
#1009 = FILL_AREA_STYLE ('',( #781 ) ) ;
#1010 = ORIENTED_EDGE ( 'NONE', *, *, #520, .F. ) ;
#1011 = FILL_AREA_STYLE ('',( #630 ) ) ;
#1012 = DIRECTION ( 'NONE',  ( 0.7071067811865489050, -1.577665251892857763E-16, 0.7071067811865462405 ) ) ;
#1013 = CARTESIAN_POINT ( 'NONE',  ( 38.40000000000001279, 14.02937665321270622, -56.10000000001105036 ) ) ;
#1014 = EDGE_LOOP ( 'NONE', ( #1402, #846, #795, #610 ) ) ;
#1015 = MECHANICAL_DESIGN_GEOMETRIC_PRESENTATION_REPRESENTATION (  '', ( #664 ), #971 ) ;
#1016 = CARTESIAN_POINT ( 'NONE',  ( 43.39999999999999858, 36.51999999999999602, -9.000000000000000000 ) ) ;
#1017 = FILL_AREA_STYLE ('',( #144 ) ) ;
#1018 = DIRECTION ( 'NONE',  ( 0.000000000000000000, 0.000000000000000000, -1.000000000000000000 ) ) ;
#1019 = COLOUR_RGB ( '',0.5999999999999999778, 0.1607843137254901800, 0.7529411764705882248 ) ;
#1020 = FILL_AREA_STYLE ('',( #902 ) ) ;
#1021 = SURFACE_SIDE_STYLE ('',( #571 ) ) ;
#1022 = AXIS2_PLACEMENT_3D ( 'NONE', #1418, #1189, #753 ) ;
#1023 = FACE_OUTER_BOUND ( 'NONE', #514, .T. ) ;
#1024 = EDGE_LOOP ( 'NONE', ( #1411, #205, #198, #272 ) ) ;
#1025 = STYLED_ITEM ( 'NONE', ( #1093 ), #1184 ) ;
#1026 = CARTESIAN_POINT ( 'NONE',  ( 47.50000000000000000, 48.00000000000000000, 0.000000000000000000 ) ) ;
#1027 = FACE_OUTER_BOUND ( 'NONE', #519, .T. ) ;
#1028 =( NAMED_UNIT ( * ) PLANE_ANGLE_UNIT ( ) SI_UNIT ( $, .RADIAN. ) );
#1029 = LINE ( 'NONE', #684, #558 ) ;
#1030 = UNCERTAINTY_MEASURE_WITH_UNIT (LENGTH_MEASURE( 1.000000000000000082E-05 ), #76, 'distance_accuracy_value', 'NONE');
#1031 = ORIENTED_EDGE ( 'NONE', *, *, #782, .F. ) ;
#1032 =( NAMED_UNIT ( * ) PLANE_ANGLE_UNIT ( ) SI_UNIT ( $, .RADIAN. ) );
#1033 = DIRECTION ( 'NONE',  ( 0.000000000000000000, 1.000000000000000000, -3.140355412547086960E-16 ) ) ;
#1034 = FILL_AREA_STYLE_COLOUR ( '', #480 ) ;
#1035 = ORIENTED_EDGE ( 'NONE', *, *, #908, .F. ) ;
#1036 = UNCERTAINTY_MEASURE_WITH_UNIT (LENGTH_MEASURE( 1.000000000000000082E-05 ), #465, 'distance_accuracy_value', 'NONE');
#1037 =( NAMED_UNIT ( * ) SI_UNIT ( $, .STERADIAN. ) SOLID_ANGLE_UNIT ( ) );
#1038 = CARTESIAN_POINT ( 'NONE',  ( 38.40000000000001279, 5.480000000000002203, -31.10000000000000853 ) ) ;
#1039 = AXIS2_PLACEMENT_3D ( 'NONE', #1000, #192, #862 ) ;
#1040 = CARTESIAN_POINT ( 'NONE',  ( 47.50000000000000000, 42.52000000000000313, -15.09999999999999964 ) ) ;
#1041 = EDGE_CURVE ( 'NONE', #50, #1217, #711, .T. ) ;
#1042 = FILL_AREA_STYLE ('',( #1343 ) ) ;
#1043 = SURFACE_SIDE_STYLE ('',( #1052 ) ) ;
#1044 = PRESENTATION_LAYER_ASSIGNMENT (  '', '', ( #317 ) ) ;
#1045 = EDGE_LOOP ( 'NONE', ( #987, #505, #228, #805 ) ) ;
#1046 = PRESENTATION_LAYER_ASSIGNMENT (  '', '', ( #275 ) ) ;
#1047 = COLOUR_RGB ( '',0.5999999999999999778, 0.1607843137254901800, 0.7529411764705882248 ) ;
#1048 = PRESENTATION_LAYER_ASSIGNMENT (  '', '', ( #1130 ) ) ;
#1049 =( LENGTH_UNIT ( ) NAMED_UNIT ( * ) SI_UNIT ( .MILLI., .METRE. ) );
#1050 = CARTESIAN_POINT ( 'NONE',  ( 40.99999999999081979, 66.00000000000000000, 44.77722635446783528 ) ) ;
#1051 = CARTESIAN_POINT ( 'NONE',  ( 38.40000000000001279, 24.00000000000001776, -15.77587878478677119 ) ) ;
#1052 = SURFACE_STYLE_FILL_AREA ( #1445 ) ;
#1053 = ORIENTED_EDGE ( 'NONE', *, *, #268, .T. ) ;
#1054 = FACE_OUTER_BOUND ( 'NONE', #1145, .T. ) ;
#1055 = CARTESIAN_POINT ( 'NONE',  ( 13.33333333333335879, 6.666666666666706931, -11.66666666666668917 ) ) ;
#1056 = DIRECTION ( 'NONE',  ( -0.000000000000000000, 1.000000000000000000, 2.231155596111649136E-16 ) ) ;
#1057 = ORIENTED_EDGE ( 'NONE', *, *, #674, .T. ) ;
#1058 = UNCERTAINTY_MEASURE_WITH_UNIT (LENGTH_MEASURE( 1.000000000000000082E-05 ), #1311, 'distance_accuracy_value', 'NONE');
#1059 = EDGE_CURVE ( 'NONE', #588, #938, #34, .T. ) ;
#1060 = PRESENTATION_STYLE_ASSIGNMENT (( #847 ) ) ;
#1061 = PRESENTATION_LAYER_ASSIGNMENT (  '', '', ( #629 ) ) ;
#1062 = STYLED_ITEM ( 'NONE', ( #463 ), #370 ) ;
#1063 = CARTESIAN_POINT ( 'NONE',  ( 40.99999999999065636, 11.48000000000000043, -9.000000000000000000 ) ) ;
#1064 = VERTEX_POINT ( 'NONE', #145 ) ;
#1065 = ORIENTED_EDGE ( 'NONE', *, *, #411, .F. ) ;
#1066 = MECHANICAL_DESIGN_GEOMETRIC_PRESENTATION_REPRESENTATION (  '', ( #1341 ), #1127 ) ;
#1067 =( NAMED_UNIT ( * ) PLANE_ANGLE_UNIT ( ) SI_UNIT ( $, .RADIAN. ) );
#1068 = PLANE ( 'NONE',  #166 ) ;
#1069 = CARTESIAN_POINT ( 'NONE',  ( 47.50000000000000000, 42.52000000000000313, -15.09999999999999964 ) ) ;
#1070 = VECTOR ( 'NONE', #1305, 1000.000000000000000 ) ;
#1071 = CARTESIAN_POINT ( 'NONE',  ( 38.40000000000001279, 5.480000000000002203, -31.10000000000000853 ) ) ;
#1072 = ORIENTED_EDGE ( 'NONE', *, *, #476, .F. ) ;
#1073 = LINE ( 'NONE', #639, #168 ) ;
#1074 =( NAMED_UNIT ( * ) SI_UNIT ( $, .STERADIAN. ) SOLID_ANGLE_UNIT ( ) );
#1075 = CARTESIAN_POINT ( 'NONE',  ( 40.99999999999065636, -12.99999999999998046, 0.000000000000000000 ) ) ;
#1076 = EDGE_CURVE ( 'NONE', #31, #1172, #378, .T. ) ;
#1077 = SURFACE_STYLE_USAGE ( .BOTH. , #172 ) ;
#1078 = DIRECTION ( 'NONE',  ( 0.000000000000000000, -0.000000000000000000, -1.000000000000000000 ) ) ;
#1079 = ORIENTED_EDGE ( 'NONE', *, *, #70, .T. ) ;
#1080 = FILL_AREA_STYLE ('',( #865 ) ) ;
#1081 = CARTESIAN_POINT ( 'NONE',  ( 47.50000000000000000, 0.000000000000000000, 0.000000000000000000 ) ) ;
#1082 = DIRECTION ( 'NONE',  ( 0.7071067811865487940, 0.000000000000000000, 0.7071067811865462405 ) ) ;
#1083 =( LENGTH_UNIT ( ) NAMED_UNIT ( * ) SI_UNIT ( .MILLI., .METRE. ) );
#1084 = COLOUR_RGB ( '',0.5999999999999999778, 0.1607843137254901800, 0.7529411764705882248 ) ;
#1085 =( NAMED_UNIT ( * ) SI_UNIT ( $, .STERADIAN. ) SOLID_ANGLE_UNIT ( ) );
#1086 = EDGE_CURVE ( 'NONE', #101, #1312, #840, .T. ) ;
#1087 = ORIENTED_EDGE ( 'NONE', *, *, #1266, .F. ) ;
#1088 = VECTOR ( 'NONE', #56, 1000.000000000000000 ) ;
#1089 = STYLED_ITEM ( 'NONE', ( #1060 ), #991 ) ;
#1090 = FACE_OUTER_BOUND ( 'NONE', #1045, .T. ) ;
#1091 = VECTOR ( 'NONE', #333, 1000.000000000000114 ) ;
#1092 = EDGE_CURVE ( 'NONE', #186, #768, #721, .T. ) ;
#1093 = PRESENTATION_STYLE_ASSIGNMENT (( #539 ) ) ;
#1094 = EDGE_CURVE ( 'NONE', #213, #154, #1073, .T. ) ;
#1095 = CARTESIAN_POINT ( 'NONE',  ( 47.50000000000000000, 11.48000000000000043, -9.000000000000000000 ) ) ;
#1096 = DIRECTION ( 'NONE',  ( -6.979291467785362532E-15, 3.140355412547027303E-16, 1.000000000000000000 ) ) ;
#1097 = DIRECTION ( 'NONE',  ( 0.000000000000000000, -1.000000000000000000, 0.000000000000000000 ) ) ;
#1098 = DIRECTION ( 'NONE',  ( 0.000000000000000000, -1.000000000000000000, 0.000000000000000000 ) ) ;
#1099 = ORIENTED_EDGE ( 'NONE', *, *, #157, .T. ) ;
#1100 = EDGE_LOOP ( 'NONE', ( #624 ) ) ;
#1101 = EDGE_CURVE ( 'NONE', #961, #1376, #204, .T. ) ;
#1102 = SURFACE_STYLE_FILL_AREA ( #644 ) ;
#1103 = PLANE ( 'NONE',  #466 ) ;
#1104 =( NAMED_UNIT ( * ) SI_UNIT ( $, .STERADIAN. ) SOLID_ANGLE_UNIT ( ) );
#1105 = SURFACE_STYLE_USAGE ( .BOTH. , #993 ) ;
#1106 = ORIENTED_EDGE ( 'NONE', *, *, #88, .F. ) ;
#1107 = VECTOR ( 'NONE', #27, 1000.000000000000000 ) ;
#1108 = CARTESIAN_POINT ( 'NONE',  ( 0.000000000000000000, 3.808651545348268472E-15, 44.77722635446783528 ) ) ;
#1109 = EDGE_LOOP ( 'NONE', ( #974 ) ) ;
#1110 = FACE_OUTER_BOUND ( 'NONE', #1324, .T. ) ;
#1111 = CARTESIAN_POINT ( 'NONE',  ( 47.50000000000000000, 5.480000000000002203, -56.10000000001098641 ) ) ;
#1112 = LINE ( 'NONE', #652, #1117 ) ;
#1113 = MECHANICAL_DESIGN_GEOMETRIC_PRESENTATION_REPRESENTATION (  '', ( #1262 ), #43 ) ;
#1114 =( GEOMETRIC_REPRESENTATION_CONTEXT ( 3 ) GLOBAL_UNCERTAINTY_ASSIGNED_CONTEXT ( ( #1058 ) ) GLOBAL_UNIT_ASSIGNED_CONTEXT ( ( #1311, #420, #1207 ) ) REPRESENTATION_CONTEXT ( 'NONE', 'WORKASPACE' ) );
#1115 =( NAMED_UNIT ( * ) SI_UNIT ( $, .STERADIAN. ) SOLID_ANGLE_UNIT ( ) );
#1116 = EDGE_LOOP ( 'NONE', ( #719, #845, #104, #94, #1136, #1431 ) ) ;
#1117 = VECTOR ( 'NONE', #445, 1000.000000000000000 ) ;
#1118 = PRESENTATION_STYLE_ASSIGNMENT (( #291 ) ) ;
#1119 = SURFACE_STYLE_FILL_AREA ( #1011 ) ;
#1120 = CARTESIAN_POINT ( 'NONE',  ( 40.99999999999065636, 11.48000000000000043, -9.000000000000000000 ) ) ;
#1121 = EDGE_LOOP ( 'NONE', ( #408 ) ) ;
#1122 = UNCERTAINTY_MEASURE_WITH_UNIT (LENGTH_MEASURE( 1.000000000000000082E-05 ), #1272, 'distance_accuracy_value', 'NONE');
#1123 = SURFACE_STYLE_FILL_AREA ( #1139 ) ;
#1124 = PRESENTATION_STYLE_ASSIGNMENT (( #217 ) ) ;
#1125 = EDGE_CURVE ( 'NONE', #741, #101, #416, .T. ) ;
#1126 = LINE ( 'NONE', #347, #1216 ) ;
#1127 =( GEOMETRIC_REPRESENTATION_CONTEXT ( 3 ) GLOBAL_UNCERTAINTY_ASSIGNED_CONTEXT ( ( #1241 ) ) GLOBAL_UNIT_ASSIGNED_CONTEXT ( ( #484, #839, #1037 ) ) REPRESENTATION_CONTEXT ( 'NONE', 'WORKASPACE' ) );
#1128 = VECTOR ( 'NONE', #582, 1000.000000000000000 ) ;
#1129 = PLANE ( 'NONE',  #1337 ) ;
#1130 = STYLED_ITEM ( 'NONE', ( #242 ), #980 ) ;
#1131 = AXIS2_PLACEMENT_3D ( 'NONE', #74, #287, #406 ) ;
#1132 = CARTESIAN_POINT ( 'NONE',  ( 0.000000000000000000, -18.00000000000000000, -5.000000000000004441 ) ) ;
#1133 =( NAMED_UNIT ( * ) SI_UNIT ( $, .STERADIAN. ) SOLID_ANGLE_UNIT ( ) );
#1134 = PLANE ( 'NONE',  #957 ) ;
#1135 = PLANE ( 'NONE',  #313 ) ;
#1136 = ORIENTED_EDGE ( 'NONE', *, *, #146, .T. ) ;
#1137 = EDGE_CURVE ( 'NONE', #448, #1268, #986, .T. ) ;
#1138 = SURFACE_SIDE_STYLE ('',( #907 ) ) ;
#1139 = FILL_AREA_STYLE ('',( #1433 ) ) ;
#1140 = DIRECTION ( 'NONE',  ( 0.000000000000000000, 0.000000000000000000, -1.000000000000000000 ) ) ;
#1141 = ORIENTED_EDGE ( 'NONE', *, *, #706, .T. ) ;
#1142 = PRODUCT ( 'RD_tail__Default__F478B1D2E56A', 'RD_tail__Default__F478B1D2E56A', '', ( #819 ) ) ;
#1143 = FILL_AREA_STYLE_COLOUR ( '', #303 ) ;
#1144 = VECTOR ( 'NONE', #49, 1000.000000000000000 ) ;
#1145 = EDGE_LOOP ( 'NONE', ( #897, #301, #832, #62 ) ) ;
#1146 = DIRECTION ( 'NONE',  ( -0.7071067811865465735, 0.000000000000000000, 0.7071067811865485719 ) ) ;
#1147 = FILL_AREA_STYLE_COLOUR ( '', #725 ) ;
#1148 = CARTESIAN_POINT ( 'NONE',  ( 47.50000000000000000, 5.480000000000032401, -56.10000000001098641 ) ) ;
#1149 = CARTESIAN_POINT ( 'NONE',  ( 47.50000000000000000, 11.48000000000000043, -12.40000000000000036 ) ) ;
#1150 = FACE_OUTER_BOUND ( 'NONE', #346, .T. ) ;
#1151 = ORIENTED_EDGE ( 'NONE', *, *, #900, .T. ) ;
#1152 = UNCERTAINTY_MEASURE_WITH_UNIT (LENGTH_MEASURE( 1.000000000000000082E-05 ), #86, 'distance_accuracy_value', 'NONE');
#1153 = VECTOR ( 'NONE', #428, 1000.000000000000000 ) ;
#1154 = STYLED_ITEM ( 'NONE', ( #943 ), #1240 ) ;
#1155 = VECTOR ( 'NONE', #324, 1000.000000000000000 ) ;
#1156 = SURFACE_STYLE_USAGE ( .BOTH. , #613 ) ;
#1157 = SURFACE_SIDE_STYLE ('',( #1227 ) ) ;
#1158 = CARTESIAN_POINT ( 'NONE',  ( 1.874699728327322119E-31, 3.061616997868382648E-15, -24.99999999999999289 ) ) ;
#1159 = CARTESIAN_POINT ( 'NONE',  ( 40.99999999999065636, 36.51999999999999602, -12.39999999999999858 ) ) ;
#1160 = EDGE_CURVE ( 'NONE', #300, #768, #878, .T. ) ;
#1161 = ORIENTED_EDGE ( 'NONE', *, *, #353, .F. ) ;
#1162 = UNCERTAINTY_MEASURE_WITH_UNIT (LENGTH_MEASURE( 1.000000000000000082E-05 ), #625, 'distance_accuracy_value', 'NONE');
#1163 = CARTESIAN_POINT ( 'NONE',  ( 0.000000000000000000, 48.00000000000000711, 44.77722635446783528 ) ) ;
#1164 = PLANE ( 'NONE',  #302 ) ;
#1165 = CARTESIAN_POINT ( 'NONE',  ( 23.81206060760668919, 24.00000000000001776, -1.187939392393398075 ) ) ;
#1166 = EDGE_LOOP ( 'NONE', ( #431, #776, #1220, #1390, #450, #458, #916, #92 ) ) ;
#1167 = UNCERTAINTY_MEASURE_WITH_UNIT (LENGTH_MEASURE( 1.000000000000000082E-05 ), #525, 'distance_accuracy_value', 'NONE');
#1168 = PRESENTATION_LAYER_ASSIGNMENT (  '', '', ( #664 ) ) ;
#1169 = VECTOR ( 'NONE', #481, 1000.000000000000000 ) ;
#1170 = SURFACE_STYLE_USAGE ( .BOTH. , #257 ) ;
#1171 = AXIS2_PLACEMENT_3D ( 'NONE', #1444, #129, #932 ) ;
#1172 = VERTEX_POINT ( 'NONE', #642 ) ;
#1173 = ORIENTED_EDGE ( 'NONE', *, *, #504, .T. ) ;
#1174 = LINE ( 'NONE', #1255, #617 ) ;
#1175 = CIRCLE ( 'NONE', #541, 3.399999999999998579 ) ;
#1176 = AXIS2_PLACEMENT_3D ( 'NONE', #1309, #867, #191 ) ;
#1177 = ORIENTED_EDGE ( 'NONE', *, *, #1320, .T. ) ;
#1178 = CARTESIAN_POINT ( 'NONE',  ( 40.99999999999065636, 0.000000000000000000, 0.000000000000000000 ) ) ;
#1179 = VECTOR ( 'NONE', #169, 1000.000000000000000 ) ;
#1180 = VECTOR ( 'NONE', #740, 1000.000000000000000 ) ;
#1181 = LINE ( 'NONE', #949, #532 ) ;
#1182 = CARTESIAN_POINT ( 'NONE',  ( 2.204364238465233850E-15, 66.00000000000000000, 44.77722635446783528 ) ) ;
#1183 = UNCERTAINTY_MEASURE_WITH_UNIT (LENGTH_MEASURE( 1.000000000000000082E-05 ), #670, 'distance_accuracy_value', 'NONE');
#1184 = ADVANCED_FACE ( 'NONE', ( #185 ), #1187, .T. ) ;
#1185 = PRESENTATION_STYLE_ASSIGNMENT (( #1170 ) ) ;
#1186 = LINE ( 'NONE', #855, #1070 ) ;
#1187 = PLANE ( 'NONE',  #678 ) ;
#1188 = DIRECTION ( 'NONE',  ( 0.000000000000000000, 0.000000000000000000, -1.000000000000000000 ) ) ;
#1189 = DIRECTION ( 'NONE',  ( 0.000000000000000000, -1.000000000000000000, 0.000000000000000000 ) ) ;
#1190 = DIRECTION ( 'NONE',  ( 0.000000000000000000, -0.000000000000000000, -1.000000000000000000 ) ) ;
#1191 =( NAMED_UNIT ( * ) PLANE_ANGLE_UNIT ( ) SI_UNIT ( $, .RADIAN. ) );
#1192 = SURFACE_SIDE_STYLE ('',( #638 ) ) ;
#1193 =( GEOMETRIC_REPRESENTATION_CONTEXT ( 3 ) GLOBAL_UNCERTAINTY_ASSIGNED_CONTEXT ( ( #1036 ) ) GLOBAL_UNIT_ASSIGNED_CONTEXT ( ( #465, #1028, #920 ) ) REPRESENTATION_CONTEXT ( 'NONE', 'WORKASPACE' ) );
#1194 = COLOUR_RGB ( '',0.5999999999999999778, 0.1607843137254901800, 0.7529411764705882248 ) ;
#1195 = EDGE_LOOP ( 'NONE', ( #284, #310, #194, #409 ) ) ;
#1196 = SURFACE_STYLE_USAGE ( .BOTH. , #1426 ) ;
#1197 = AXIS2_PLACEMENT_3D ( 'NONE', #397, #602, #1386 ) ;
#1198 = PRESENTATION_LAYER_ASSIGNMENT (  '', '', ( #1089 ) ) ;
#1199 = CARTESIAN_POINT ( 'NONE',  ( 0.000000000000000000, 3.808651545348268472E-15, -5.000000000000004441 ) ) ;
#1200 = EDGE_CURVE ( 'NONE', #31, #672, #647, .T. ) ;
#1201 = SURFACE_SIDE_STYLE ('',( #1403 ) ) ;
#1202 = EDGE_LOOP ( 'NONE', ( #352, #1151, #336, #1295, #1161, #1010, #637, #131, #1031, #905, #248, #388, #414, #1424 ) ) ;
#1203 =( NAMED_UNIT ( * ) SI_UNIT ( $, .STERADIAN. ) SOLID_ANGLE_UNIT ( ) );
#1204 =( NAMED_UNIT ( * ) PLANE_ANGLE_UNIT ( ) SI_UNIT ( $, .RADIAN. ) );
#1205 = LINE ( 'NONE', #632, #1180 ) ;
#1206 = EDGE_LOOP ( 'NONE', ( #475 ) ) ;
#1207 =( NAMED_UNIT ( * ) SI_UNIT ( $, .STERADIAN. ) SOLID_ANGLE_UNIT ( ) );
#1208 = VERTEX_POINT ( 'NONE', #407 ) ;
#1209 = CARTESIAN_POINT ( 'NONE',  ( 47.50000000000000000, 0.000000000000000000, 0.000000000000000000 ) ) ;
#1210 = DIRECTION ( 'NONE',  ( 3.492699044020930442E-15, 1.000000000000000000, -3.140355412546783742E-16 ) ) ;
#1211 =( NAMED_UNIT ( * ) SI_UNIT ( $, .STERADIAN. ) SOLID_ANGLE_UNIT ( ) );
#1212 =( LENGTH_UNIT ( ) NAMED_UNIT ( * ) SI_UNIT ( .MILLI., .METRE. ) );
#1213 = ORIENTED_EDGE ( 'NONE', *, *, #163, .T. ) ;
#1214 =( GEOMETRIC_REPRESENTATION_CONTEXT ( 3 ) GLOBAL_UNCERTAINTY_ASSIGNED_CONTEXT ( ( #576 ) ) GLOBAL_UNIT_ASSIGNED_CONTEXT ( ( #385, #29, #726 ) ) REPRESENTATION_CONTEXT ( 'NONE', 'WORKASPACE' ) );
#1215 = STYLED_ITEM ( 'NONE', ( #973 ), #729 ) ;
#1216 = VECTOR ( 'NONE', #21, 1000.000000000000000 ) ;
#1217 = VERTEX_POINT ( 'NONE', #1307 ) ;
#1218 = AXIS2_PLACEMENT_3D ( 'NONE', #858, #60, #469 ) ;
#1219 = COLOUR_RGB ( '',0.5999999999999999778, 0.1607843137254901800, 0.7529411764705882248 ) ;
#1220 = ORIENTED_EDGE ( 'NONE', *, *, #1160, .F. ) ;
#1221 =( NAMED_UNIT ( * ) PLANE_ANGLE_UNIT ( ) SI_UNIT ( $, .RADIAN. ) );
#1222 = ADVANCED_FACE ( 'NONE', ( #400 ), #531, .T. ) ;
#1223 = SURFACE_SIDE_STYLE ('',( #121 ) ) ;
#1224 = ORIENTED_EDGE ( 'NONE', *, *, #1137, .T. ) ;
#1225 = SURFACE_STYLE_USAGE ( .BOTH. , #106 ) ;
#1226 = DIRECTION ( 'NONE',  ( 0.000000000000000000, 0.000000000000000000, -1.000000000000000000 ) ) ;
#1227 = SURFACE_STYLE_FILL_AREA ( #331 ) ;
#1228 = LINE ( 'NONE', #222, #1297 ) ;
#1229 = PRODUCT_DEFINITION_CONTEXT ( 'detailed design', #1265, 'design' ) ;
#1230 = PRODUCT_DEFINITION ( 'UNKNOWN', '', #377, #1229 ) ;
#1231 = DIRECTION ( 'NONE',  ( 1.000000000000000000, -0.000000000000000000, 6.979291467785362532E-15 ) ) ;
#1232 = VECTOR ( 'NONE', #1008, 1000.000000000000000 ) ;
#1233 = SURFACE_STYLE_FILL_AREA ( #4 ) ;
#1234 = DIRECTION ( 'NONE',  ( 0.000000000000000000, 1.000000000000000000, 0.000000000000000000 ) ) ;
#1235 = PRESENTATION_LAYER_ASSIGNMENT (  '', '', ( #1397 ) ) ;
#1236 = DIRECTION ( 'NONE',  ( 0.000000000000000000, -0.7071067811865470176, -0.7071067811865480168 ) ) ;
#1237 = COLOUR_RGB ( '',0.5999999999999999778, 0.1607843137254901800, 0.7529411764705882248 ) ;
#1238 = PRESENTATION_LAYER_ASSIGNMENT (  '', '', ( #139 ) ) ;
#1239 = VERTEX_POINT ( 'NONE', #1356 ) ;
#1240 = ADVANCED_FACE ( 'NONE', ( #1375 ), #23, .T. ) ;
#1241 = UNCERTAINTY_MEASURE_WITH_UNIT (LENGTH_MEASURE( 1.000000000000000082E-05 ), #484, 'distance_accuracy_value', 'NONE');
#1242 = COLOUR_RGB ( '',0.5999999999999999778, 0.1607843137254901800, 0.7529411764705882248 ) ;
#1243 = SURFACE_SIDE_STYLE ('',( #1233 ) ) ;
#1244 = EDGE_CURVE ( 'NONE', #154, #554, #1205, .T. ) ;
#1245 = SURFACE_SIDE_STYLE ('',( #130 ) ) ;
#1246 = ORIENTED_EDGE ( 'NONE', *, *, #1041, .T. ) ;
#1247 = ADVANCED_FACE ( 'NONE', ( #1090 ), #1409, .F. ) ;
#1248 = DIRECTION ( 'NONE',  ( -1.000000000000000000, -0.000000000000000000, -0.000000000000000000 ) ) ;
#1249 = DIRECTION ( 'NONE',  ( -2.624243141030040518E-17, -1.000000000000000000, 3.140355412547084988E-16 ) ) ;
#1250 = DIRECTION ( 'NONE',  ( 1.000000000000000000, -0.000000000000000000, 0.000000000000000000 ) ) ;
#1251 =( LENGTH_UNIT ( ) NAMED_UNIT ( * ) SI_UNIT ( .MILLI., .METRE. ) );
#1252 = CARTESIAN_POINT ( 'NONE',  ( 25.00000000000009237, 53.00000000000002132, 0.000000000000000000 ) ) ;
#1253 = ORIENTED_EDGE ( 'NONE', *, *, #1200, .F. ) ;
#1254 = CLOSED_SHELL ( 'NONE', ( #1329, #307, #117, #252, #25, #1247, #980, #370, #883, #6, #565, #806, #964, #523, #1298, #1184, #868, #1240, #105, #729, #936, #574, #991, #536, #264, #200, #887, #659 ) ) ;
#1255 = CARTESIAN_POINT ( 'NONE',  ( 47.50000000000000000, 5.480000000000002203, 0.000000000000000000 ) ) ;
#1256 = COLOUR_RGB ( '',0.5999999999999999778, 0.1607843137254901800, 0.7529411764705882248 ) ;
#1257 = DIRECTION ( 'NONE',  ( 0.000000000000000000, 0.000000000000000000, -1.000000000000000000 ) ) ;
#1258 =( NAMED_UNIT ( * ) PLANE_ANGLE_UNIT ( ) SI_UNIT ( $, .RADIAN. ) );
#1259 = EDGE_LOOP ( 'NONE', ( #981 ) ) ;
#1260 = COLOUR_RGB ( '',0.5999999999999999778, 0.1607843137254901800, 0.7529411764705882248 ) ;
#1261 = UNCERTAINTY_MEASURE_WITH_UNIT (LENGTH_MEASURE( 1.000000000000000082E-05 ), #606, 'distance_accuracy_value', 'NONE');
#1262 = STYLED_ITEM ( 'NONE', ( #383 ), #838 ) ;
#1263 = COLOUR_RGB ( '',0.5999999999999999778, 0.1607843137254901800, 0.7529411764705882248 ) ;
#1264 = DIRECTION ( 'NONE',  ( 1.000000000000000000, -9.289394013046676891E-17, 0.000000000000000000 ) ) ;
#1265 = APPLICATION_CONTEXT ( 'automotive_design' ) ;
#1266 = EDGE_CURVE ( 'NONE', #741, #50, #1186, .T. ) ;
#1267 = FILL_AREA_STYLE ('',( #281 ) ) ;
#1268 = VERTEX_POINT ( 'NONE', #59 ) ;
#1269 =( NAMED_UNIT ( * ) SI_UNIT ( $, .STERADIAN. ) SOLID_ANGLE_UNIT ( ) );
#1270 = CARTESIAN_POINT ( 'NONE',  ( 38.40000000000001279, 14.02937665321270622, -56.10000000001105036 ) ) ;
#1271 = VERTEX_POINT ( 'NONE', #1165 ) ;
#1272 =( LENGTH_UNIT ( ) NAMED_UNIT ( * ) SI_UNIT ( .MILLI., .METRE. ) );
#1273 = CARTESIAN_POINT ( 'NONE',  ( 25.00000000000009237, 0.000000000000000000, 0.000000000000000000 ) ) ;
#1274 = STYLED_ITEM ( 'NONE', ( #1118 ), #734 ) ;
#1275 = EDGE_LOOP ( 'NONE', ( #1072, #167, #563, #691, #1319, #1106 ) ) ;
#1276 = EDGE_CURVE ( 'NONE', #1376, #487, #393, .T. ) ;
#1277 = FACE_OUTER_BOUND ( 'NONE', #996, .T. ) ;
#1278 = SURFACE_STYLE_FILL_AREA ( #507 ) ;
#1279 = MECHANICAL_DESIGN_GEOMETRIC_PRESENTATION_REPRESENTATION (  '', ( #975 ), #321 ) ;
#1280 =( NAMED_UNIT ( * ) PLANE_ANGLE_UNIT ( ) SI_UNIT ( $, .RADIAN. ) );
#1281 =( NAMED_UNIT ( * ) PLANE_ANGLE_UNIT ( ) SI_UNIT ( $, .RADIAN. ) );
#1282 = CARTESIAN_POINT ( 'NONE',  ( 47.50000000000000000, 0.000000000000000000, 0.000000000000000000 ) ) ;
#1283 = PRESENTATION_LAYER_ASSIGNMENT (  '', '', ( #704 ) ) ;
#1284 = PRESENTATION_STYLE_ASSIGNMENT (( #1077 ) ) ;
#1285 = FILL_AREA_STYLE ('',( #177 ) ) ;
#1286 = CARTESIAN_POINT ( 'NONE',  ( 47.50000000000000000, 48.00000000000000000, 1.070954686133591585E-14 ) ) ;
#1287 = ORIENTED_EDGE ( 'NONE', *, *, #782, .T. ) ;
#1288 = DIRECTION ( 'NONE',  ( 1.000000000000000000, 0.000000000000000000, 0.000000000000000000 ) ) ;
#1289 =( NAMED_UNIT ( * ) PLANE_ANGLE_UNIT ( ) SI_UNIT ( $, .RADIAN. ) );
#1290 = SURFACE_STYLE_USAGE ( .BOTH. , #1395 ) ;
#1291 = DIRECTION ( 'NONE',  ( -1.000000000000000000, 9.289394013046676891E-17, 0.000000000000000000 ) ) ;
#1292 = CARTESIAN_POINT ( 'NONE',  ( 47.50000000000000000, 53.00000000000002132, 0.000000000000000000 ) ) ;
#1293 = ORIENTED_EDGE ( 'NONE', *, *, #1244, .T. ) ;
#1294 = ORIENTED_EDGE ( 'NONE', *, *, #1094, .F. ) ;
#1295 = ORIENTED_EDGE ( 'NONE', *, *, #954, .F. ) ;
#1296 = FILL_AREA_STYLE ('',( #885 ) ) ;
#1297 = VECTOR ( 'NONE', #1450, 1000.000000000000000 ) ;
#1298 = ADVANCED_FACE ( 'NONE', ( #977 ), #513, .T. ) ;
#1299 = SURFACE_SIDE_STYLE ('',( #68 ) ) ;
#1300 = DIRECTION ( 'NONE',  ( -0.5773502691896260641, 0.5773502691896260641, -0.5773502691896251759 ) ) ;
#1301 =( LENGTH_UNIT ( ) NAMED_UNIT ( * ) SI_UNIT ( .MILLI., .METRE. ) );
#1302 = CARTESIAN_POINT ( 'NONE',  ( 38.40000000000001279, 14.02937665321270622, -56.10000000001105036 ) ) ;
#1303 = COLOUR_RGB ( '',0.5999999999999999778, 0.1607843137254901800, 0.7529411764705882248 ) ;
#1304 = VECTOR ( 'NONE', #1380, 1000.000000000000000 ) ;
#1305 = DIRECTION ( 'NONE',  ( -0.5773502691896260641, -0.5773502691896260641, -0.5773502691896251759 ) ) ;
#1306 = EDGE_CURVE ( 'NONE', #479, #479, #141, .T. ) ;
#1307 = CARTESIAN_POINT ( 'NONE',  ( 0.000000000000000000, 48.00000000000000711, -24.99999999999999289 ) ) ;
#1308 = ORIENTED_EDGE ( 'NONE', *, *, #183, .T. ) ;
#1309 = CARTESIAN_POINT ( 'NONE',  ( 43.39999999999999858, 36.51999999999999602, -9.000000000000000000 ) ) ;
#1310 =( NAMED_UNIT ( * ) SI_UNIT ( $, .STERADIAN. ) SOLID_ANGLE_UNIT ( ) );
#1311 =( LENGTH_UNIT ( ) NAMED_UNIT ( * ) SI_UNIT ( .MILLI., .METRE. ) );
#1312 = VERTEX_POINT ( 'NONE', #182 ) ;
#1313 =( NAMED_UNIT ( * ) PLANE_ANGLE_UNIT ( ) SI_UNIT ( $, .RADIAN. ) );
#1314 = SURFACE_SIDE_STYLE ('',( #881 ) ) ;
#1315 = DIRECTION ( 'NONE',  ( 1.000000000000000000, -9.289394013046676891E-17, 0.000000000000000000 ) ) ;
#1316 =( NAMED_UNIT ( * ) PLANE_ANGLE_UNIT ( ) SI_UNIT ( $, .RADIAN. ) );
#1317 = MECHANICAL_DESIGN_GEOMETRIC_PRESENTATION_REPRESENTATION (  '', ( #1062 ), #557 ) ;
#1318 = VECTOR ( 'NONE', #965, 1000.000000000000114 ) ;
#1319 = ORIENTED_EDGE ( 'NONE', *, *, #285, .F. ) ;
#1320 = EDGE_CURVE ( 'NONE', #768, #448, #528, .T. ) ;
#1321 = CARTESIAN_POINT ( 'NONE',  ( 47.50000000000000000, -12.99999999999998046, 0.000000000000000000 ) ) ;
#1322 = CIRCLE ( 'NONE', #255, 3.399999999999998579 ) ;
#1323 = MECHANICAL_DESIGN_GEOMETRIC_PRESENTATION_REPRESENTATION (  '', ( #515 ), #434 ) ;
#1324 = EDGE_LOOP ( 'NONE', ( #690, #1213, #1357, #757 ) ) ;
#1325 = MECHANICAL_DESIGN_GEOMETRIC_PRESENTATION_REPRESENTATION (  '', ( #1154 ), #19 ) ;
#1326 = PLANE ( 'NONE',  #770 ) ;
#1327 = EDGE_CURVE ( 'NONE', #186, #483, #1112, .T. ) ;
#1328 = LINE ( 'NONE', #1148, #342 ) ;
#1329 = ADVANCED_FACE ( 'NONE', ( #100 ), #440, .F. ) ;
#1330 = LINE ( 'NONE', #919, #1091 ) ;
#1331 = UNCERTAINTY_MEASURE_WITH_UNIT (LENGTH_MEASURE( 1.000000000000000082E-05 ), #267, 'distance_accuracy_value', 'NONE');
#1332 = SURFACE_STYLE_USAGE ( .BOTH. , #362 ) ;
#1333 =( LENGTH_UNIT ( ) NAMED_UNIT ( * ) SI_UNIT ( .MILLI., .METRE. ) );
#1334 = EDGE_CURVE ( 'NONE', #961, #442, #1330, .T. ) ;
#1335 = FILL_AREA_STYLE ('',( #804 ) ) ;
#1336 = EDGE_LOOP ( 'NONE', ( #988, #599 ) ) ;
#1337 = AXIS2_PLACEMENT_3D ( 'NONE', #1209, #812, #457 ) ;
#1338 = SURFACE_STYLE_USAGE ( .BOTH. , #1138 ) ;
#1339 = SURFACE_STYLE_USAGE ( .BOTH. , #1157 ) ;
#1340 = FACE_OUTER_BOUND ( 'NONE', #288, .T. ) ;
#1341 = STYLED_ITEM ( 'NONE', ( #494 ), #523 ) ;
#1342 = CARTESIAN_POINT ( 'NONE',  ( 43.39999999999999858, 11.48000000000000043, -12.40000000000000036 ) ) ;
#1343 = FILL_AREA_STYLE_COLOUR ( '', #297 ) ;
#1344 = DIRECTION ( 'NONE',  ( 0.000000000000000000, 0.000000000000000000, -1.000000000000000000 ) ) ;
#1345 = COLOUR_RGB ( '',0.5999999999999999778, 0.1607843137254901800, 0.7529411764705882248 ) ;
#1346 = EDGE_LOOP ( 'NONE', ( #822 ) ) ;
#1347 = VECTOR ( 'NONE', #69, 1000.000000000000000 ) ;
#1348 = AXIS2_PLACEMENT_3D ( 'NONE', #1401, #399, #1291 ) ;
#1349 = FILL_AREA_STYLE_COLOUR ( '', #113 ) ;
#1350 = ORIENTED_EDGE ( 'NONE', *, *, #706, .F. ) ;
#1351 = DIRECTION ( 'NONE',  ( 1.000000000000000000, -0.000000000000000000, -0.000000000000000000 ) ) ;
#1352 =( NAMED_UNIT ( * ) PLANE_ANGLE_UNIT ( ) SI_UNIT ( $, .RADIAN. ) );
#1353 = DIRECTION ( 'NONE',  ( 0.5773502691896267303, -0.5773502691896261751, 0.5773502691896245098 ) ) ;
#1354 = CARTESIAN_POINT ( 'NONE',  ( 40.99999999999081979, 66.00000000000000000, -5.000000000000004441 ) ) ;
#1355 = DIRECTION ( 'NONE',  ( -1.000000000000000000, -0.000000000000000000, -0.000000000000000000 ) ) ;
#1356 = CARTESIAN_POINT ( 'NONE',  ( 40.99999999999082689, 60.99999999999999289, 0.000000000000000000 ) ) ;
#1357 = ORIENTED_EDGE ( 'NONE', *, *, #520, .T. ) ;
#1358 = UNCERTAINTY_MEASURE_WITH_UNIT (LENGTH_MEASURE( 1.000000000000000082E-05 ), #621, 'distance_accuracy_value', 'NONE');
#1359 = FACE_BOUND ( 'NONE', #1259, .T. ) ;
#1360 = CARTESIAN_POINT ( 'NONE',  ( 40.99999999999084110, 48.00000000000000711, 44.77722635446783528 ) ) ;
#1361 =( LENGTH_UNIT ( ) NAMED_UNIT ( * ) SI_UNIT ( .MILLI., .METRE. ) );
#1362 = CARTESIAN_POINT ( 'NONE',  ( 38.40000000000001279, 33.97062334678732753, -56.10000000001105747 ) ) ;
#1363 = CARTESIAN_POINT ( 'NONE',  ( 0.000000000000000000, 48.00000000000000711, -5.000000000000004441 ) ) ;
#1364 =( LENGTH_UNIT ( ) NAMED_UNIT ( * ) SI_UNIT ( .MILLI., .METRE. ) );
#1365 = VERTEX_POINT ( 'NONE', #577 ) ;
#1366 = VECTOR ( 'NONE', #1387, 1000.000000000000000 ) ;
#1367 = DIRECTION ( 'NONE',  ( -0.000000000000000000, 0.000000000000000000, 1.000000000000000000 ) ) ;
#1368 = VECTOR ( 'NONE', #1414, 1000.000000000000000 ) ;
#1369 = VECTOR ( 'NONE', #562, 1000.000000000000000 ) ;
#1370 = EDGE_CURVE ( 'NONE', #1312, #1172, #793, .T. ) ;
#1371 = FACE_OUTER_BOUND ( 'NONE', #140, .T. ) ;
#1372 =( NAMED_UNIT ( * ) PLANE_ANGLE_UNIT ( ) SI_UNIT ( $, .RADIAN. ) );
#1373 = DIRECTION ( 'NONE',  ( 0.000000000000000000, 1.000000000000000000, 0.000000000000000000 ) ) ;
#1374 = CARTESIAN_POINT ( 'NONE',  ( 13.33333333333335169, 41.33333333333330728, -11.66666666666669627 ) ) ;
#1375 = FACE_OUTER_BOUND ( 'NONE', #9, .T. ) ;
#1376 = VERTEX_POINT ( 'NONE', #548 ) ;
#1377 = UNCERTAINTY_MEASURE_WITH_UNIT (LENGTH_MEASURE( 1.000000000000000082E-05 ), #864, 'distance_accuracy_value', 'NONE');
#1378 =( GEOMETRIC_REPRESENTATION_CONTEXT ( 3 ) GLOBAL_UNCERTAINTY_ASSIGNED_CONTEXT ( ( #165 ) ) GLOBAL_UNIT_ASSIGNED_CONTEXT ( ( #1361, #584, #1133 ) ) REPRESENTATION_CONTEXT ( 'NONE', 'WORKASPACE' ) );
#1379 =( GEOMETRIC_REPRESENTATION_CONTEXT ( 3 ) GLOBAL_UNCERTAINTY_ASSIGNED_CONTEXT ( ( #26 ) ) GLOBAL_UNIT_ASSIGNED_CONTEXT ( ( #937, #967, #959 ) ) REPRESENTATION_CONTEXT ( 'NONE', 'WORKASPACE' ) );
#1380 = DIRECTION ( 'NONE',  ( -1.000000000000000000, -0.000000000000000000, -0.000000000000000000 ) ) ;
#1381 = AXIS2_PLACEMENT_3D ( 'NONE', #38, #246, #802 ) ;
#1382 = CARTESIAN_POINT ( 'NONE',  ( 47.50000000000000000, 36.51999999999999602, -12.39999999999999858 ) ) ;
#1383 =( NAMED_UNIT ( * ) PLANE_ANGLE_UNIT ( ) SI_UNIT ( $, .RADIAN. ) );
#1384 = CARTESIAN_POINT ( 'NONE',  ( 0.000000000000000000, -18.00000000000000000, -5.000000000000004441 ) ) ;
#1385 = EDGE_LOOP ( 'NONE', ( #495, #82, #1087, #55 ) ) ;
#1386 = DIRECTION ( 'NONE',  ( 0.000000000000000000, 0.000000000000000000, -1.000000000000000000 ) ) ;
#1387 = DIRECTION ( 'NONE',  ( 0.000000000000000000, 0.000000000000000000, -1.000000000000000000 ) ) ;
#1388 = ADVANCED_FACE ( 'NONE', ( #1027 ), #1134, .F. ) ;
#1389 = UNCERTAINTY_MEASURE_WITH_UNIT (LENGTH_MEASURE( 1.000000000000000082E-05 ), #870, 'distance_accuracy_value', 'NONE');
#1390 = ORIENTED_EDGE ( 'NONE', *, *, #504, .F. ) ;
#1391 = DIRECTION ( 'NONE',  ( 1.000000000000000000, -0.000000000000000000, 0.000000000000000000 ) ) ;
#1392 = FILL_AREA_STYLE ('',( #626 ) ) ;
#1393 = VECTOR ( 'NONE', #1097, 1000.000000000000000 ) ;
#1394 =( GEOMETRIC_REPRESENTATION_CONTEXT ( 3 ) GLOBAL_UNCERTAINTY_ASSIGNED_CONTEXT ( ( #1122 ) ) GLOBAL_UNIT_ASSIGNED_CONTEXT ( ( #1272, #1383, #498 ) ) REPRESENTATION_CONTEXT ( 'NONE', 'WORKASPACE' ) );
#1395 = SURFACE_SIDE_STYLE ('',( #861 ) ) ;
#1396 = CARTESIAN_POINT ( 'NONE',  ( 38.40000000000000568, 5.480000000000002203, -15.09999999999999964 ) ) ;
#1397 = STYLED_ITEM ( 'NONE', ( #803 ), #536 ) ;
#1398 = DIRECTION ( 'NONE',  ( 0.000000000000000000, 2.231155596111649136E-16, -1.000000000000000000 ) ) ;
#1399 =( NAMED_UNIT ( * ) PLANE_ANGLE_UNIT ( ) SI_UNIT ( $, .RADIAN. ) );
#1400 =( GEOMETRIC_REPRESENTATION_CONTEXT ( 3 ) GLOBAL_UNCERTAINTY_ASSIGNED_CONTEXT ( ( #1389 ) ) GLOBAL_UNIT_ASSIGNED_CONTEXT ( ( #870, #749, #1085 ) ) REPRESENTATION_CONTEXT ( 'NONE', 'WORKASPACE' ) );
#1401 = CARTESIAN_POINT ( 'NONE',  ( 0.000000000000000000, 3.808651545348268472E-15, 44.77722635446783528 ) ) ;
#1402 = ORIENTED_EDGE ( 'NONE', *, *, #1076, .T. ) ;
#1403 = SURFACE_STYLE_FILL_AREA ( #283 ) ;
#1404 = LINE ( 'NONE', #178, #1432 ) ;
#1405 = EDGE_CURVE ( 'NONE', #1064, #1064, #18, .T. ) ;
#1406 = SURFACE_SIDE_STYLE ('',( #1102 ) ) ;
#1407 =( NAMED_UNIT ( * ) PLANE_ANGLE_UNIT ( ) SI_UNIT ( $, .RADIAN. ) );
#1408 = LINE ( 'NONE', #405, #1393 ) ;
#1409 = PLANE ( 'NONE',  #546 ) ;
#1410 = DIRECTION ( 'NONE',  ( 0.000000000000000000, 0.000000000000000000, -1.000000000000000000 ) ) ;
#1411 = ORIENTED_EDGE ( 'NONE', *, *, #137, .F. ) ;
#1412 = VERTEX_POINT ( 'NONE', #1013 ) ;
#1413 = PLANE ( 'NONE',  #924 ) ;
#1414 = DIRECTION ( 'NONE',  ( 0.000000000000000000, 1.000000000000000000, 0.000000000000000000 ) ) ;
#1415 = PRESENTATION_LAYER_ASSIGNMENT (  '', '', ( #743 ) ) ;
#1416 = DIRECTION ( 'NONE',  ( -0.000000000000000000, 1.000000000000000000, 0.000000000000000000 ) ) ;
#1417 = PRESENTATION_STYLE_ASSIGNMENT (( #193 ) ) ;
#1418 = CARTESIAN_POINT ( 'NONE',  ( 0.000000000000000000, 48.00000000000000711, 44.77722635446783528 ) ) ;
#1419 = PRESENTATION_STYLE_ASSIGNMENT (( #521 ) ) ;
#1420 = FACE_OUTER_BOUND ( 'NONE', #698, .T. ) ;
#1421 = PLANE ( 'NONE',  #844 ) ;
#1422 = EDGE_LOOP ( 'NONE', ( #551 ) ) ;
#1423 = ORIENTED_EDGE ( 'NONE', *, *, #1200, .T. ) ;
#1424 = ORIENTED_EDGE ( 'NONE', *, *, #48, .F. ) ;
#1425 = SURFACE_STYLE_USAGE ( .BOTH. , #982 ) ;
#1426 = SURFACE_SIDE_STYLE ('',( #745 ) ) ;
#1427 = FILL_AREA_STYLE_COLOUR ( '', #107 ) ;
#1428 = SURFACE_STYLE_FILL_AREA ( #398 ) ;
#1429 = DIRECTION ( 'NONE',  ( 0.000000000000000000, 0.000000000000000000, -1.000000000000000000 ) ) ;
#1430 = EDGE_CURVE ( 'NONE', #154, #1365, #1434, .T. ) ;
#1431 = ORIENTED_EDGE ( 'NONE', *, *, #128, .F. ) ;
#1432 = VECTOR ( 'NONE', #467, 1000.000000000000000 ) ;
#1433 = FILL_AREA_STYLE_COLOUR ( '', #915 ) ;
#1434 = LINE ( 'NONE', #603, #857 ) ;
#1435 =( GEOMETRIC_REPRESENTATION_CONTEXT ( 3 ) GLOBAL_UNCERTAINTY_ASSIGNED_CONTEXT ( ( #327 ) ) GLOBAL_UNIT_ASSIGNED_CONTEXT ( ( #976, #641, #1211 ) ) REPRESENTATION_CONTEXT ( 'NONE', 'WORKASPACE' ) );
#1436 = ORIENTED_EDGE ( 'NONE', *, *, #146, .F. ) ;
#1437 = EDGE_CURVE ( 'NONE', #1172, #442, #956, .T. ) ;
#1438 = STYLED_ITEM ( 'NONE', ( #119 ), #574 ) ;
#1439 =( GEOMETRIC_REPRESENTATION_CONTEXT ( 3 ) GLOBAL_UNCERTAINTY_ASSIGNED_CONTEXT ( ( #675 ) ) GLOBAL_UNIT_ASSIGNED_CONTEXT ( ( #960, #1280, #263 ) ) REPRESENTATION_CONTEXT ( 'NONE', 'WORKASPACE' ) );
#1440 = SURFACE_STYLE_FILL_AREA ( #1017 ) ;
#1441 = CARTESIAN_POINT ( 'NONE',  ( 20.00000000000006750, 48.00000000000000711, -5.000000000000004441 ) ) ;
#1442 = COLOUR_RGB ( '',0.5999999999999999778, 0.1607843137254901800, 0.7529411764705882248 ) ;
#1443 =( NAMED_UNIT ( * ) SI_UNIT ( $, .STERADIAN. ) SOLID_ANGLE_UNIT ( ) );
#1444 = CARTESIAN_POINT ( 'NONE',  ( 47.50000000000000000, 36.51999999999999602, -9.000000000000000000 ) ) ;
#1445 = FILL_AREA_STYLE ('',( #1034 ) ) ;
#1446 =( GEOMETRIC_REPRESENTATION_CONTEXT ( 3 ) GLOBAL_UNCERTAINTY_ASSIGNED_CONTEXT ( ( #550 ) ) GLOBAL_UNIT_ASSIGNED_CONTEXT ( ( #1251, #372, #136 ) ) REPRESENTATION_CONTEXT ( 'NONE', 'WORKASPACE' ) );
#1447 = ORIENTED_EDGE ( 'NONE', *, *, #16, .T. ) ;
#1448 = EDGE_CURVE ( 'NONE', #325, #1312, #349, .T. ) ;
#1449 = FILL_AREA_STYLE_COLOUR ( '', #826 ) ;
#1450 = DIRECTION ( 'NONE',  ( -1.000000000000000000, -0.000000000000000000, -0.000000000000000000 ) ) ;
ENDSEC;
END-ISO-10303-21;
