ISO-10303-21;
HEADER;
FILE_DESCRIPTION (( 'STEP AP214' ),
    '1' );
FILE_NAME('Top_Shell.step','2026-09-10T00:00:00',('RIVERDOG'),(''),'SOLIDWORKS STEP exporter','SOLIDWORKS','');
FILE_SCHEMA (( 'AUTOMOTIVE_DESIGN' ));
ENDSEC;

DATA;
#1 = LINE ( 'NONE', #1671, #4761 ) ;
#2 = LINE ( 'NONE', #4544, #3856 ) ;
#3 = LINE ( 'NONE', #1255, #2424 ) ;
#4 = SURFACE_STYLE_FILL_AREA ( #1223 ) ;
#5 = STYLED_ITEM ( 'NONE', ( #5178 ), #1060 ) ;
#6 = EDGE_CURVE ( 'NONE', #4292, #526, #1862, .T. ) ;
#7 = FACE_BOUND ( 'NONE', #2386, .T. ) ;
#8 = CIRCLE ( 'NONE', #3073, 2.599999999999998312 ) ;
#9 = PRESENTATION_LAYER_ASSIGNMENT (  '', '', ( #1306 ) ) ;
#10 =( LENGTH_UNIT ( ) NAMED_UNIT ( * ) SI_UNIT ( .MILLI., .METRE. ) );
#11 = DIRECTION ( 'NONE',  ( 1.000000000000000000, 0.000000000000000000, 0.000000000000000000 ) ) ;
#12 = ORIENTED_EDGE ( 'NONE', *, *, #512, .F. ) ;
#13 = DIRECTION ( 'NONE',  ( 1.000000000000000000, 3.079163037012304564E-16, 0.000000000000000000 ) ) ;
#14 = EDGE_CURVE ( 'NONE', #581, #100, #214, .T. ) ;
#15 = FILL_AREA_STYLE_COLOUR ( '', #1624 ) ;
#16 = DIRECTION ( 'NONE',  ( -0.000000000000000000, -0.000000000000000000, 1.000000000000000000 ) ) ;
#17 = ORIENTED_EDGE ( 'NONE', *, *, #2013, .T. ) ;
#18 = ORIENTED_EDGE ( 'NONE', *, *, #3800, .T. ) ;
#19 = ORIENTED_EDGE ( 'NONE', *, *, #2880, .T. ) ;
#20 = VERTEX_POINT ( 'NONE', #4091 ) ;
#21 = EDGE_CURVE ( 'NONE', #1098, #5295, #297, .T. ) ;
#22 = CARTESIAN_POINT ( 'NONE',  ( 29.17999999999999261, -222.3855032339527895, 7.310916364186529570 ) ) ;
#23 = ORIENTED_EDGE ( 'NONE', *, *, #1140, .F. ) ;
#24 = VECTOR ( 'NONE', #4676, 1000.000000000000000 ) ;
#25 = FILL_AREA_STYLE_COLOUR ( '', #2092 ) ;
#26 = CYLINDRICAL_SURFACE ( 'NONE', #3960, 6.499999999999999112 ) ;
#27 = DIRECTION ( 'NONE',  ( 0.000000000000000000, 0.000000000000000000, -1.000000000000000000 ) ) ;
#28 = CARTESIAN_POINT ( 'NONE',  ( 0.000000000000000000, -176.4300000000000068, 18.70000000000000995 ) ) ;
#29 = FACE_OUTER_BOUND ( 'NONE', #1986, .T. ) ;
#30 = UNCERTAINTY_MEASURE_WITH_UNIT (LENGTH_MEASURE( 1.000000000000000082E-05 ), #3967, 'distance_accuracy_value', 'NONE');
#31 = LINE ( 'NONE', #4972, #1361 ) ;
#32 = AXIS2_PLACEMENT_3D ( 'NONE', #1700, #3896, #1371 ) ;
#33 = UNCERTAINTY_MEASURE_WITH_UNIT (LENGTH_MEASURE( 1.000000000000000082E-05 ), #5459, 'distance_accuracy_value', 'NONE');
#34 = SURFACE_STYLE_USAGE ( .BOTH. , #444 ) ;
#35 = FILL_AREA_STYLE_COLOUR ( '', #1451 ) ;
#36 = VERTEX_POINT ( 'NONE', #676 ) ;
#37 = VECTOR ( 'NONE', #253, 1000.000000000000114 ) ;
#38 = CARTESIAN_POINT ( 'NONE',  ( 36.17999999999999261, -221.5000000000000000, -4.200000000000012612 ) ) ;
#39 = DIRECTION ( 'NONE',  ( 0.000000000000000000, 0.000000000000000000, -1.000000000000000000 ) ) ;
#40 =( NAMED_UNIT ( * ) SI_UNIT ( $, .STERADIAN. ) SOLID_ANGLE_UNIT ( ) );
#41 = AXIS2_PLACEMENT_3D ( 'NONE', #4554, #5468, #4200 ) ;
#42 = ADVANCED_FACE ( 'NONE', ( #2281 ), #4839, .F. ) ;
#43 = VERTEX_POINT ( 'NONE', #4026 ) ;
#44 = ORIENTED_EDGE ( 'NONE', *, *, #1863, .T. ) ;
#45 = VERTEX_POINT ( 'NONE', #3612 ) ;
#46 = VECTOR ( 'NONE', #4516, 1000.000000000000000 ) ;
#47 = EDGE_CURVE ( 'NONE', #4654, #3590, #1943, .T. ) ;
#48 = ORIENTED_EDGE ( 'NONE', *, *, #3035, .T. ) ;
#49 = LINE ( 'NONE', #1307, #3589 ) ;
#50 =( LENGTH_UNIT ( ) NAMED_UNIT ( * ) SI_UNIT ( .MILLI., .METRE. ) );
#51 = PRESENTATION_STYLE_ASSIGNMENT (( #3444 ) ) ;
#52 = SURFACE_STYLE_USAGE ( .BOTH. , #2136 ) ;
#53 = CARTESIAN_POINT ( 'NONE',  ( 36.17999999999997840, -176.4300000000000068, 7.310916364186529570 ) ) ;
#54 = VECTOR ( 'NONE', #3774, 1000.000000000000000 ) ;
#55 = EDGE_CURVE ( 'NONE', #2153, #5295, #1202, .T. ) ;
#56 = CARTESIAN_POINT ( 'NONE',  ( 29.17999999999998195, -176.4300000000000068, 10.31091636418653046 ) ) ;
#57 = CARTESIAN_POINT ( 'NONE',  ( 7.650000000000016342, -111.0000000000000000, 13.80000000000000071 ) ) ;
#58 = MECHANICAL_DESIGN_GEOMETRIC_PRESENTATION_REPRESENTATION (  '', ( #1369 ), #3115 ) ;
#59 = CARTESIAN_POINT ( 'NONE',  ( 4.669697220176641572, 0.000000000000000000, 44.52840888222726790 ) ) ;
#60 = MECHANICAL_DESIGN_GEOMETRIC_PRESENTATION_REPRESENTATION (  '', ( #399 ), #1719 ) ;
#61 = VECTOR ( 'NONE', #4945, 1000.000000000000000 ) ;
#62 = PRESENTATION_STYLE_ASSIGNMENT (( #2218 ) ) ;
#63 = EDGE_LOOP ( 'NONE', ( #5482, #1176, #2513, #4675 ) ) ;
#64 =( NAMED_UNIT ( * ) PLANE_ANGLE_UNIT ( ) SI_UNIT ( $, .RADIAN. ) );
#65 = CARTESIAN_POINT ( 'NONE',  ( -13.85000000000000497, -73.50000000000000000, 16.46076477383248715 ) ) ;
#66 = LINE ( 'NONE', #1735, #810 ) ;
#67 = DIRECTION ( 'NONE',  ( -1.000000000000000000, 0.000000000000000000, 0.000000000000000000 ) ) ;
#68 =( GEOMETRIC_REPRESENTATION_CONTEXT ( 3 ) GLOBAL_UNCERTAINTY_ASSIGNED_CONTEXT ( ( #3601 ) ) GLOBAL_UNIT_ASSIGNED_CONTEXT ( ( #1041, #1090, #40 ) ) REPRESENTATION_CONTEXT ( 'NONE', 'WORKASPACE' ) );
#69 = STYLED_ITEM ( 'NONE', ( #2889 ), #3982 ) ;
#70 = VERTEX_POINT ( 'NONE', #4587 ) ;
#71 = VERTEX_POINT ( 'NONE', #3311 ) ;
#72 = ORIENTED_EDGE ( 'NONE', *, *, #1757, .T. ) ;
#73 = VERTEX_POINT ( 'NONE', #2468 ) ;
#74 = STYLED_ITEM ( 'NONE', ( #179 ), #5071 ) ;
#75 = EDGE_CURVE ( 'NONE', #2007, #2599, #4557, .T. ) ;
#76 = STYLED_ITEM ( 'NONE', ( #368 ), #5246 ) ;
#77 = VERTEX_POINT ( 'NONE', #4173 ) ;
#78 = DIRECTION ( 'NONE',  ( 0.000000000000000000, 0.000000000000000000, -1.000000000000000000 ) ) ;
#79 = PRESENTATION_STYLE_ASSIGNMENT (( #2625 ) ) ;
#80 = SURFACE_SIDE_STYLE ('',( #4272 ) ) ;
#81 = LINE ( 'NONE', #4160, #5079 ) ;
#82 = EDGE_CURVE ( 'NONE', #5448, #2109, #770, .T. ) ;
#83 = DIRECTION ( 'NONE',  ( 0.000000000000000000, 0.000000000000000000, 1.000000000000000000 ) ) ;
#84 = CARTESIAN_POINT ( 'NONE',  ( 4.669697220176641572, -57.28503393662091980, 8.700000000000006395 ) ) ;
#85 = LINE ( 'NONE', #105, #2520 ) ;
#86 = LINE ( 'NONE', #4253, #3176 ) ;
#87 = UNCERTAINTY_MEASURE_WITH_UNIT (LENGTH_MEASURE( 1.000000000000000082E-05 ), #2808, 'distance_accuracy_value', 'NONE');
#88 = CARTESIAN_POINT ( 'NONE',  ( 4.669697220176639796, -50.49999999999999289, -28.95572235436694086 ) ) ;
#89 = COLOUR_RGB ( '',0.5999999999999999778, 0.1607843137254901800, 0.7529411764705882248 ) ;
#90 = ORIENTED_EDGE ( 'NONE', *, *, #2285, .F. ) ;
#91 =( LENGTH_UNIT ( ) NAMED_UNIT ( * ) SI_UNIT ( .MILLI., .METRE. ) );
#92 = FILL_AREA_STYLE ('',( #3877 ) ) ;
#93 = DIRECTION ( 'NONE',  ( -0.000000000000000000, -0.000000000000000000, 1.000000000000000000 ) ) ;
#94 = CARTESIAN_POINT ( 'NONE',  ( 36.17999999999999261, -214.5000000000000284, 10.31091636418652691 ) ) ;
#95 = ORIENTED_EDGE ( 'NONE', *, *, #5308, .T. ) ;
#96 = AXIS2_PLACEMENT_3D ( 'NONE', #1977, #272, #4053 ) ;
#97 = VERTEX_POINT ( 'NONE', #833 ) ;
#98 = VECTOR ( 'NONE', #3753, 1000.000000000000000 ) ;
#99 = EDGE_LOOP ( 'NONE', ( #244, #4706, #1159, #1128, #1347, #4617 ) ) ;
#100 = VERTEX_POINT ( 'NONE', #800 ) ;
#101 = VECTOR ( 'NONE', #603, 1000.000000000000000 ) ;
#102 = LINE ( 'NONE', #4319, #4888 ) ;
#103 = SURFACE_STYLE_FILL_AREA ( #3832 ) ;
#104 = EDGE_CURVE ( 'NONE', #1919, #867, #864, .T. ) ;
#105 = CARTESIAN_POINT ( 'NONE',  ( 10.15000000000000568, -43.50000000000007105, 23.80000000000000071 ) ) ;
#106 = CARTESIAN_POINT ( 'NONE',  ( -6.349999999999980105, -121.2500000000000142, 15.45000000000000817 ) ) ;
#107 = DIRECTION ( 'NONE',  ( -1.000000000000000000, -0.000000000000000000, -0.000000000000000000 ) ) ;
#108 = EDGE_CURVE ( 'NONE', #5242, #5242, #5050, .T. ) ;
#109 = ORIENTED_EDGE ( 'NONE', *, *, #3668, .T. ) ;
#110 = CARTESIAN_POINT ( 'NONE',  ( -71.84999999999989484, -7.930164461608225927E-16, 8.799999999999959854 ) ) ;
#111 =( NAMED_UNIT ( * ) PLANE_ANGLE_UNIT ( ) SI_UNIT ( $, .RADIAN. ) );
#112 = FILL_AREA_STYLE ('',( #939 ) ) ;
#113 = AXIS2_PLACEMENT_3D ( 'NONE', #2735, #5453, #1998 ) ;
#114 = SURFACE_STYLE_USAGE ( .BOTH. , #3458 ) ;
#115 =( GEOMETRIC_REPRESENTATION_CONTEXT ( 3 ) GLOBAL_UNCERTAINTY_ASSIGNED_CONTEXT ( ( #1116 ) ) GLOBAL_UNIT_ASSIGNED_CONTEXT ( ( #2882, #3269, #1636 ) ) REPRESENTATION_CONTEXT ( 'NONE', 'WORKASPACE' ) );
#116 = EDGE_LOOP ( 'NONE', ( #4765 ) ) ;
#117 = ORIENTED_EDGE ( 'NONE', *, *, #3062, .T. ) ;
#118 = EDGE_CURVE ( 'NONE', #5443, #3932, #4647, .T. ) ;
#119 = FACE_OUTER_BOUND ( 'NONE', #681, .T. ) ;
#120 = MECHANICAL_DESIGN_GEOMETRIC_PRESENTATION_REPRESENTATION (  '', ( #1608 ), #3183 ) ;
#121 = ORIENTED_EDGE ( 'NONE', *, *, #170, .F. ) ;
#122 = VERTEX_POINT ( 'NONE', #1263 ) ;
#123 = SURFACE_STYLE_FILL_AREA ( #3912 ) ;
#124 = DIRECTION ( 'NONE',  ( 0.8090169943749510040, 0.000000000000000000, -0.5877852522924682521 ) ) ;
#125 = SURFACE_SIDE_STYLE ('',( #3417 ) ) ;
#126 = PRESENTATION_STYLE_ASSIGNMENT (( #5457 ) ) ;
#127 =( LENGTH_UNIT ( ) NAMED_UNIT ( * ) SI_UNIT ( .MILLI., .METRE. ) );
#128 = FACE_BOUND ( 'NONE', #3842, .T. ) ;
#129 = DIRECTION ( 'NONE',  ( -0.5067318539713879799, 0.8621037223969746366, 0.000000000000000000 ) ) ;
#130 = VECTOR ( 'NONE', #5423, 1000.000000000000000 ) ;
#131 = ADVANCED_FACE ( 'NONE', ( #326, #4109 ), #1152, .T. ) ;
#132 =( GEOMETRIC_REPRESENTATION_CONTEXT ( 3 ) GLOBAL_UNCERTAINTY_ASSIGNED_CONTEXT ( ( #4875 ) ) GLOBAL_UNIT_ASSIGNED_CONTEXT ( ( #1020, #3939, #4034 ) ) REPRESENTATION_CONTEXT ( 'NONE', 'WORKASPACE' ) );
#133 = UNCERTAINTY_MEASURE_WITH_UNIT (LENGTH_MEASURE( 1.000000000000000082E-05 ), #1815, 'distance_accuracy_value', 'NONE');
#134 = SURFACE_SIDE_STYLE ('',( #541 ) ) ;
#135 = ORIENTED_EDGE ( 'NONE', *, *, #3858, .T. ) ;
#136 = DIRECTION ( 'NONE',  ( -0.000000000000000000, -0.000000000000000000, 1.000000000000000000 ) ) ;
#137 = CARTESIAN_POINT ( 'NONE',  ( -56.88000000000000966, -221.5000000000000000, 10.31091636418653046 ) ) ;
#138 = MECHANICAL_DESIGN_GEOMETRIC_PRESENTATION_REPRESENTATION (  '', ( #494 ), #4014 ) ;
#139 = AXIS2_PLACEMENT_3D ( 'NONE', #1761, #4756, #3457 ) ;
#140 = EDGE_CURVE ( 'NONE', #968, #2109, #738, .T. ) ;
#141 = PRESENTATION_LAYER_ASSIGNMENT (  '', '', ( #314 ) ) ;
#142 = ORIENTED_EDGE ( 'NONE', *, *, #3668, .F. ) ;
#143 = ORIENTED_EDGE ( 'NONE', *, *, #1532, .F. ) ;
#144 = CARTESIAN_POINT ( 'NONE',  ( 4.669697220176641572, -57.28503393662091980, -32.30000000000000426 ) ) ;
#145 = COLOUR_RGB ( '',0.5999999999999999778, 0.1607843137254901800, 0.7529411764705882248 ) ;
#146 =( GEOMETRIC_REPRESENTATION_CONTEXT ( 3 ) GLOBAL_UNCERTAINTY_ASSIGNED_CONTEXT ( ( #4045 ) ) GLOBAL_UNIT_ASSIGNED_CONTEXT ( ( #1327, #2176, #2150 ) ) REPRESENTATION_CONTEXT ( 'NONE', 'WORKASPACE' ) );
#147 = VECTOR ( 'NONE', #3087, 1000.000000000000000 ) ;
#148 = ORIENTED_EDGE ( 'NONE', *, *, #1863, .F. ) ;
#149 = CARTESIAN_POINT ( 'NONE',  ( -6.349999999999980993, -121.2500000000000142, 18.70000000000000995 ) ) ;
#150 = PRESENTATION_STYLE_ASSIGNMENT (( #657 ) ) ;
#151 = COLOUR_RGB ( '',0.5999999999999999778, 0.1607843137254901800, 0.7529411764705882248 ) ;
#152 = SURFACE_SIDE_STYLE ('',( #590 ) ) ;
#153 =( LENGTH_UNIT ( ) NAMED_UNIT ( * ) SI_UNIT ( .MILLI., .METRE. ) );
#154 =( LENGTH_UNIT ( ) NAMED_UNIT ( * ) SI_UNIT ( .MILLI., .METRE. ) );
#155 = CARTESIAN_POINT ( 'NONE',  ( -35.34999999999999432, -110.9999999999999716, 3.450000000000008615 ) ) ;
#156 = ORIENTED_EDGE ( 'NONE', *, *, #908, .F. ) ;
#157 = ADVANCED_FACE ( 'NONE', ( #5059 ), #2839, .F. ) ;
#158 = DIRECTION ( 'NONE',  ( 1.000000000000000000, -0.000000000000000000, 0.000000000000000000 ) ) ;
#159 = DIRECTION ( 'NONE',  ( 0.000000000000000000, 0.000000000000000000, 1.000000000000000000 ) ) ;
#160 = DIRECTION ( 'NONE',  ( -0.000000000000000000, 1.000000000000000000, -0.000000000000000000 ) ) ;
#161 = CARTESIAN_POINT ( 'NONE',  ( 0.000000000000000000, -53.50000000000000711, 23.80000000000000071 ) ) ;
#162 = CARTESIAN_POINT ( 'NONE',  ( -32.36969722017663287, -57.28503393662094112, -32.30000000000000426 ) ) ;
#163 = EDGE_LOOP ( 'NONE', ( #3484, #1429, #2989, #195 ) ) ;
#164 = EDGE_CURVE ( 'NONE', #2207, #4234, #3428, .T. ) ;
#165 = ORIENTED_EDGE ( 'NONE', *, *, #478, .T. ) ;
#166 = AXIS2_PLACEMENT_3D ( 'NONE', #1760, #890, #2224 ) ;
#167 = CARTESIAN_POINT ( 'NONE',  ( 0.000000000000000000, 0.000000000000000000, 7.310916364186529570 ) ) ;
#168 = MECHANICAL_DESIGN_GEOMETRIC_PRESENTATION_REPRESENTATION (  '', ( #441 ), #4572 ) ;
#169 = ORIENTED_EDGE ( 'NONE', *, *, #1724, .T. ) ;
#170 = EDGE_CURVE ( 'NONE', #2127, #1486, #5124, .T. ) ;
#171 = ORIENTED_EDGE ( 'NONE', *, *, #4046, .F. ) ;
#172 = DIRECTION ( 'NONE',  ( -1.000000000000000000, 0.000000000000000000, 0.000000000000000000 ) ) ;
#173 = DIRECTION ( 'NONE',  ( 0.000000000000000000, 0.000000000000000000, -1.000000000000000000 ) ) ;
#174 = FILL_AREA_STYLE ('',( #2288 ) ) ;
#175 = VECTOR ( 'NONE', #702, 1000.000000000000000 ) ;
#176 = PRESENTATION_STYLE_ASSIGNMENT (( #2289 ) ) ;
#177 =( NAMED_UNIT ( * ) SI_UNIT ( $, .STERADIAN. ) SOLID_ANGLE_UNIT ( ) );
#178 = AXIS2_PLACEMENT_3D ( 'NONE', #2037, #2066, #383 ) ;
#179 = PRESENTATION_STYLE_ASSIGNMENT (( #4377 ) ) ;
#180 = LINE ( 'NONE', #3524, #2359 ) ;
#181 = SURFACE_SIDE_STYLE ('',( #4828 ) ) ;
#182 = LINE ( 'NONE', #4407, #633 ) ;
#183 = CARTESIAN_POINT ( 'NONE',  ( -23.85000000000000142, -117.5000000000000142, 13.79999999999999716 ) ) ;
#184 = CARTESIAN_POINT ( 'NONE',  ( 19.00000000000000000, -3.520136923654235841E-16, 23.80000000000000071 ) ) ;
#185 = DIRECTION ( 'NONE',  ( 0.000000000000000000, 0.000000000000000000, -1.000000000000000000 ) ) ;
#186 = CARTESIAN_POINT ( 'NONE',  ( -13.85000000000000497, -73.50000000000000000, 1.700000000000007949 ) ) ;
#187 = LINE ( 'NONE', #989, #3830 ) ;
#188 =( LENGTH_UNIT ( ) NAMED_UNIT ( * ) SI_UNIT ( .MILLI., .METRE. ) );
#189 = ORIENTED_EDGE ( 'NONE', *, *, #1715, .T. ) ;
#190 = VECTOR ( 'NONE', #5407, 1000.000000000000000 ) ;
#191 =( NAMED_UNIT ( * ) SI_UNIT ( $, .STERADIAN. ) SOLID_ANGLE_UNIT ( ) );
#192 = DIRECTION ( 'NONE',  ( 0.000000000000000000, 0.000000000000000000, -1.000000000000000000 ) ) ;
#193 = EDGE_CURVE ( 'NONE', #1769, #395, #2664, .T. ) ;
#194 = VECTOR ( 'NONE', #466, 1000.000000000000000 ) ;
#195 = ORIENTED_EDGE ( 'NONE', *, *, #2893, .F. ) ;
#196 = VERTEX_POINT ( 'NONE', #5093 ) ;
#197 = CARTESIAN_POINT ( 'NONE',  ( 36.17999999999997840, -183.4300000000000068, 10.31091636418653046 ) ) ;
#198 = PRESENTATION_LAYER_ASSIGNMENT (  '', '', ( #2575 ) ) ;
#199 = FILL_AREA_STYLE ('',( #632 ) ) ;
#200 = FACE_OUTER_BOUND ( 'NONE', #4601, .T. ) ;
#201 = AXIS2_PLACEMENT_3D ( 'NONE', #1449, #2350, #4048 ) ;
#202 = EDGE_CURVE ( 'NONE', #3640, #1405, #2554, .T. ) ;
#203 = DIRECTION ( 'NONE',  ( 1.000000000000000000, -0.000000000000000000, -0.000000000000000000 ) ) ;
#204 = COLOUR_RGB ( '',0.5999999999999999778, 0.1607843137254901800, 0.7529411764705882248 ) ;
#205 = DIRECTION ( 'NONE',  ( -1.081779818849036513E-16, -1.000000000000000000, 0.000000000000000000 ) ) ;
#206 = DIRECTION ( 'NONE',  ( -1.000000000000000000, -0.000000000000000000, -0.000000000000000000 ) ) ;
#207 = STYLED_ITEM ( 'NONE', ( #2267 ), #2650 ) ;
#208 = VECTOR ( 'NONE', #983, 1000.000000000000000 ) ;
#209 = DIRECTION ( 'NONE',  ( 0.000000000000000000, 0.000000000000000000, -1.000000000000000000 ) ) ;
#210 = DIRECTION ( 'NONE',  ( -0.000000000000000000, -0.000000000000000000, -1.000000000000000000 ) ) ;
#211 = DIRECTION ( 'NONE',  ( -0.000000000000000000, 1.000000000000000000, 0.000000000000000000 ) ) ;
#212 = ORIENTED_EDGE ( 'NONE', *, *, #407, .F. ) ;
#213 = AXIS2_PLACEMENT_3D ( 'NONE', #2504, #2039, #2816 ) ;
#214 = LINE ( 'NONE', #4081, #5323 ) ;
#215 = FILL_AREA_STYLE_COLOUR ( '', #2764 ) ;
#216 = AXIS2_PLACEMENT_3D ( 'NONE', #2131, #431, #3827 ) ;
#217 = AXIS2_PLACEMENT_3D ( 'NONE', #4672, #3397, #3368 ) ;
#218 = DIRECTION ( 'NONE',  ( -0.000000000000000000, 0.000000000000000000, 1.000000000000000000 ) ) ;
#219 = ORIENTED_EDGE ( 'NONE', *, *, #2452, .T. ) ;
#220 = ORIENTED_EDGE ( 'NONE', *, *, #4288, .F. ) ;
#221 = CARTESIAN_POINT ( 'NONE',  ( 14.15000000000000924, -61.50000000000000000, 6.700000000000008171 ) ) ;
#222 = PRESENTATION_LAYER_ASSIGNMENT (  '', '', ( #3210 ) ) ;
#223 = EDGE_CURVE ( 'NONE', #2540, #77, #4726, .T. ) ;
#224 = VECTOR ( 'NONE', #5313, 1000.000000000000000 ) ;
#225 = EDGE_CURVE ( 'NONE', #785, #3882, #5176, .T. ) ;
#226 = STYLED_ITEM ( 'NONE', ( #4621 ), #4733 ) ;
#227 = MECHANICAL_DESIGN_GEOMETRIC_PRESENTATION_REPRESENTATION (  '', ( #3657 ), #4216 ) ;
#228 = PRESENTATION_STYLE_ASSIGNMENT (( #3566 ) ) ;
#229 = DIRECTION ( 'NONE',  ( 0.000000000000000000, 9.011550524554843201E-17, -1.000000000000000000 ) ) ;
#230 = EDGE_CURVE ( 'NONE', #1067, #2109, #5205, .T. ) ;
#231 = CARTESIAN_POINT ( 'NONE',  ( 0.000000000000000000, 0.000000000000000000, 10.31091636418653046 ) ) ;
#232 = DIRECTION ( 'NONE',  ( 0.000000000000000000, 1.000000000000000000, 0.000000000000000000 ) ) ;
#233 = PRESENTATION_LAYER_ASSIGNMENT (  '', '', ( #4459 ) ) ;
#234 = CARTESIAN_POINT ( 'NONE',  ( -26.36969722017663287, -391.5000000000000568, 12.80000000000000071 ) ) ;
#235 = EDGE_CURVE ( 'NONE', #1098, #2178, #4700, .T. ) ;
#236 = STYLED_ITEM ( 'NONE', ( #1544 ), #5203 ) ;
#237 = EDGE_CURVE ( 'NONE', #1505, #3735, #912, .T. ) ;
#238 = MECHANICAL_DESIGN_GEOMETRIC_PRESENTATION_REPRESENTATION (  '', ( #673 ), #4031 ) ;
#239 = UNCERTAINTY_MEASURE_WITH_UNIT (LENGTH_MEASURE( 1.000000000000000082E-05 ), #3834, 'distance_accuracy_value', 'NONE');
#240 = FILL_AREA_STYLE ('',( #4023 ) ) ;
#241 = CIRCLE ( 'NONE', #3075, 2.549999999999994937 ) ;
#242 =( NAMED_UNIT ( * ) SI_UNIT ( $, .STERADIAN. ) SOLID_ANGLE_UNIT ( ) );
#243 = ORIENTED_EDGE ( 'NONE', *, *, #3267, .F. ) ;
#244 = ORIENTED_EDGE ( 'NONE', *, *, #235, .T. ) ;
#245 = PRESENTATION_STYLE_ASSIGNMENT (( #4889 ) ) ;
#246 = AXIS2_PLACEMENT_3D ( 'NONE', #2133, #3359, #3888 ) ;
#247 = FILL_AREA_STYLE ('',( #680 ) ) ;
#248 = DIRECTION ( 'NONE',  ( 1.000000000000000000, 0.000000000000000000, 0.000000000000000000 ) ) ;
#249 = ORIENTED_EDGE ( 'NONE', *, *, #1757, .F. ) ;
#250 = ORIENTED_EDGE ( 'NONE', *, *, #847, .F. ) ;
#251 = PRESENTATION_LAYER_ASSIGNMENT (  '', '', ( #784 ) ) ;
#252 = LINE ( 'NONE', #1018, #1548 ) ;
#253 = DIRECTION ( 'NONE',  ( -0.7306172043025370710, 0.4294460177601914785, 0.5308244706181678430 ) ) ;
#254 = VECTOR ( 'NONE', #3446, 1000.000000000000000 ) ;
#255 = STYLED_ITEM ( 'NONE', ( #4252 ), #531 ) ;
#256 = PRESENTATION_STYLE_ASSIGNMENT (( #1900 ) ) ;
#257 =( NAMED_UNIT ( * ) PLANE_ANGLE_UNIT ( ) SI_UNIT ( $, .RADIAN. ) );
#258 = LINE ( 'NONE', #4423, #3410 ) ;
#259 = LINE ( 'NONE', #4478, #2976 ) ;
#260 = CARTESIAN_POINT ( 'NONE',  ( 17.90000000000000213, -121.2500000000000142, 3.450000000000008171 ) ) ;
#261 = PLANE ( 'NONE',  #5426 ) ;
#262 = FILL_AREA_STYLE_COLOUR ( '', #5267 ) ;
#263 = DIRECTION ( 'NONE',  ( 0.000000000000000000, 0.000000000000000000, 1.000000000000000000 ) ) ;
#264 = EDGE_CURVE ( 'NONE', #2981, #1209, #4282, .T. ) ;
#265 = CARTESIAN_POINT ( 'NONE',  ( 0.000000000000000000, -53.50000000000000711, 23.80000000000000071 ) ) ;
#266 = SURFACE_STYLE_FILL_AREA ( #643 ) ;
#267 = ADVANCED_FACE ( 'NONE', ( #959 ), #4305, .F. ) ;
#268 = DIRECTION ( 'NONE',  ( -0.000000000000000000, -1.000000000000000000, -0.000000000000000000 ) ) ;
#269 = CARTESIAN_POINT ( 'NONE',  ( -21.34999999999998010, -117.5000000000000142, 13.80000000000000071 ) ) ;
#270 = DIRECTION ( 'NONE',  ( 0.8090169943749464521, -1.311440354964252474E-16, 0.5877852522924745804 ) ) ;
#271 = VERTEX_POINT ( 'NONE', #3575 ) ;
#272 = DIRECTION ( 'NONE',  ( -1.000000000000000000, -1.734723475976808327E-16, 0.000000000000000000 ) ) ;
#273 = CARTESIAN_POINT ( 'NONE',  ( 29.17999999999998195, -183.4300000000000068, 10.31091636418653046 ) ) ;
#274 = CARTESIAN_POINT ( 'NONE',  ( 7.650000000000007461, -110.9999999999999716, -3.299999999999992273 ) ) ;
#275 =( NAMED_UNIT ( * ) SI_UNIT ( $, .STERADIAN. ) SOLID_ANGLE_UNIT ( ) );
#276 = ORIENTED_EDGE ( 'NONE', *, *, #193, .T. ) ;
#277 = ORIENTED_EDGE ( 'NONE', *, *, #4775, .T. ) ;
#278 = ORIENTED_EDGE ( 'NONE', *, *, #1436, .F. ) ;
#279 = CARTESIAN_POINT ( 'NONE',  ( 0.000000000000000000, 0.000000000000000000, 10.31091636418653046 ) ) ;
#280 = CIRCLE ( 'NONE', #5156, 5.000000000000000888 ) ;
#281 = CARTESIAN_POINT ( 'NONE',  ( 83.12005193941091363, -141.4122787450465353, 10.31091636418653046 ) ) ;
#282 = VERTEX_POINT ( 'NONE', #4384 ) ;
#283 = SURFACE_STYLE_FILL_AREA ( #1872 ) ;
#284 = VECTOR ( 'NONE', #3051, 1000.000000000000000 ) ;
#285 = FACE_OUTER_BOUND ( 'NONE', #485, .T. ) ;
#286 = UNCERTAINTY_MEASURE_WITH_UNIT (LENGTH_MEASURE( 1.000000000000000082E-05 ), #1014, 'distance_accuracy_value', 'NONE');
#287 = SURFACE_STYLE_FILL_AREA ( #4070 ) ;
#288 =( GEOMETRIC_REPRESENTATION_CONTEXT ( 3 ) GLOBAL_UNCERTAINTY_ASSIGNED_CONTEXT ( ( #3001 ) ) GLOBAL_UNIT_ASSIGNED_CONTEXT ( ( #1102, #2877, #4928 ) ) REPRESENTATION_CONTEXT ( 'NONE', 'WORKASPACE' ) );
#289 = CARTESIAN_POINT ( 'NONE',  ( 17.90000000000000924, -57.74999999999999289, 18.70000000000000995 ) ) ;
#290 = MECHANICAL_DESIGN_GEOMETRIC_PRESENTATION_REPRESENTATION (  '', ( #4981 ), #1261 ) ;
#291 =( NAMED_UNIT ( * ) PLANE_ANGLE_UNIT ( ) SI_UNIT ( $, .RADIAN. ) );
#292 = EDGE_CURVE ( 'NONE', #2754, #2508, #2769, .T. ) ;
#293 = CARTESIAN_POINT ( 'NONE',  ( 36.17999999999999261, -221.5000000000000284, 10.31091636418653046 ) ) ;
#294 = FACE_BOUND ( 'NONE', #4003, .T. ) ;
#295 = FACE_OUTER_BOUND ( 'NONE', #1565, .T. ) ;
#296 = ORIENTED_EDGE ( 'NONE', *, *, #170, .T. ) ;
#297 = LINE ( 'NONE', #4463, #4256 ) ;
#298 = FILL_AREA_STYLE ('',( #4372 ) ) ;
#299 = EDGE_CURVE ( 'NONE', #3409, #4213, #4831, .T. ) ;
#300 = FACE_OUTER_BOUND ( 'NONE', #5350, .T. ) ;
#301 = SURFACE_STYLE_USAGE ( .BOTH. , #4086 ) ;
#302 = LINE ( 'NONE', #3667, #2863 ) ;
#303 = AXIS2_PLACEMENT_3D ( 'NONE', #3053, #4286, #960 ) ;
#304 = EDGE_LOOP ( 'NONE', ( #3440, #4257, #171, #4522 ) ) ;
#305 = ORIENTED_EDGE ( 'NONE', *, *, #1212, .T. ) ;
#306 = ORIENTED_EDGE ( 'NONE', *, *, #2241, .T. ) ;
#307 = VERTEX_POINT ( 'NONE', #3799 ) ;
#308 =( NAMED_UNIT ( * ) PLANE_ANGLE_UNIT ( ) SI_UNIT ( $, .RADIAN. ) );
#309 =( GEOMETRIC_REPRESENTATION_CONTEXT ( 3 ) GLOBAL_UNCERTAINTY_ASSIGNED_CONTEXT ( ( #3004 ) ) GLOBAL_UNIT_ASSIGNED_CONTEXT ( ( #1254, #3333, #2546 ) ) REPRESENTATION_CONTEXT ( 'NONE', 'WORKASPACE' ) );
#310 = VECTOR ( 'NONE', #3270, 1000.000000000000000 ) ;
#311 = DIRECTION ( 'NONE',  ( 0.000000000000000000, 0.000000000000000000, -1.000000000000000000 ) ) ;
#312 =( NAMED_UNIT ( * ) PLANE_ANGLE_UNIT ( ) SI_UNIT ( $, .RADIAN. ) );
#313 = ORIENTED_EDGE ( 'NONE', *, *, #2086, .F. ) ;
#314 = STYLED_ITEM ( 'NONE', ( #5279 ), #4513 ) ;
#315 = CIRCLE ( 'NONE', #2415, 6.600000000000008527 ) ;
#316 = DIRECTION ( 'NONE',  ( -0.000000000000000000, -1.000000000000000000, -0.000000000000000000 ) ) ;
#317 = CARTESIAN_POINT ( 'NONE',  ( -56.88000000000000966, -221.5000000000000000, 10.31091636418653046 ) ) ;
#318 = VECTOR ( 'NONE', #4571, 1000.000000000000000 ) ;
#319 =( GEOMETRIC_REPRESENTATION_CONTEXT ( 3 ) GLOBAL_UNCERTAINTY_ASSIGNED_CONTEXT ( ( #2950 ) ) GLOBAL_UNIT_ASSIGNED_CONTEXT ( ( #4170, #2402, #4947 ) ) REPRESENTATION_CONTEXT ( 'NONE', 'WORKASPACE' ) );
#320 = MECHANICAL_DESIGN_GEOMETRIC_PRESENTATION_REPRESENTATION (  '', ( #2695 ), #3222 ) ;
#321 = CARTESIAN_POINT ( 'NONE',  ( 10.15000000000000568, -43.50000000000007105, -32.30000000000000426 ) ) ;
#322 = FACE_BOUND ( 'NONE', #4949, .T. ) ;
#323 = PRESENTATION_LAYER_ASSIGNMENT (  '', '', ( #76 ) ) ;
#324 = SURFACE_STYLE_USAGE ( .BOTH. , #5370 ) ;
#325 = ORIENTED_EDGE ( 'NONE', *, *, #1781, .F. ) ;
#326 = FACE_OUTER_BOUND ( 'NONE', #3823, .T. ) ;
#327 = DIRECTION ( 'NONE',  ( -1.000000000000000000, 0.000000000000000000, 0.000000000000000000 ) ) ;
#328 = FILL_AREA_STYLE_COLOUR ( '', #3849 ) ;
#329 = EDGE_CURVE ( 'NONE', #2102, #5235, #4911, .T. ) ;
#330 = EDGE_CURVE ( 'NONE', #3286, #196, #1028, .T. ) ;
#331 = ORIENTED_EDGE ( 'NONE', *, *, #5216, .T. ) ;
#332 = ORIENTED_EDGE ( 'NONE', *, *, #4939, .F. ) ;
#333 = ORIENTED_EDGE ( 'NONE', *, *, #3162, .T. ) ;
#334 = VERTEX_POINT ( 'NONE', #750 ) ;
#335 =( GEOMETRIC_REPRESENTATION_CONTEXT ( 3 ) GLOBAL_UNCERTAINTY_ASSIGNED_CONTEXT ( ( #1933 ) ) GLOBAL_UNIT_ASSIGNED_CONTEXT ( ( #4221, #1308, #2210 ) ) REPRESENTATION_CONTEXT ( 'NONE', 'WORKASPACE' ) );
#336 = LINE ( 'NONE', #4061, #3477 ) ;
#337 = SURFACE_STYLE_USAGE ( .BOTH. , #4395 ) ;
#338 = FILL_AREA_STYLE_COLOUR ( '', #3868 ) ;
#339 =( NAMED_UNIT ( * ) SI_UNIT ( $, .STERADIAN. ) SOLID_ANGLE_UNIT ( ) );
#340 = EDGE_CURVE ( 'NONE', #4008, #4008, #2484, .T. ) ;
#341 = MECHANICAL_DESIGN_GEOMETRIC_PRESENTATION_REPRESENTATION (  '', ( #3516 ), #1832 ) ;
#342 = ORIENTED_EDGE ( 'NONE', *, *, #1752, .T. ) ;
#343 = DIRECTION ( 'NONE',  ( 0.000000000000000000, 0.000000000000000000, -1.000000000000000000 ) ) ;
#344 = CARTESIAN_POINT ( 'NONE',  ( 44.14999999999990621, -53.50000000000000000, -32.30000000000000426 ) ) ;
#345 = UNCERTAINTY_MEASURE_WITH_UNIT (LENGTH_MEASURE( 1.000000000000000082E-05 ), #1890, 'distance_accuracy_value', 'NONE');
#346 = CARTESIAN_POINT ( 'NONE',  ( 0.000000000000000000, 0.000000000000000000, 7.310916364186529570 ) ) ;
#347 = SURFACE_STYLE_FILL_AREA ( #4636 ) ;
#348 = VECTOR ( 'NONE', #270, 999.9999999999998863 ) ;
#349 = DIRECTION ( 'NONE',  ( -1.000000000000000000, -0.000000000000000000, -0.000000000000000000 ) ) ;
#350 = DIRECTION ( 'NONE',  ( 0.000000000000000000, -1.000000000000000000, -2.231155596111649629E-16 ) ) ;
#351 =( NAMED_UNIT ( * ) SI_UNIT ( $, .STERADIAN. ) SOLID_ANGLE_UNIT ( ) );
#352 = UNCERTAINTY_MEASURE_WITH_UNIT (LENGTH_MEASURE( 1.000000000000000082E-05 ), #3714, 'distance_accuracy_value', 'NONE');
#353 = LINE ( 'NONE', #2004, #1093 ) ;
#354 = FILL_AREA_STYLE ('',( #766 ) ) ;
#355 = ORIENTED_EDGE ( 'NONE', *, *, #1409, .F. ) ;
#356 = CARTESIAN_POINT ( 'NONE',  ( -63.88000000000000966, -57.28503393662091980, 7.310916364186564209 ) ) ;
#357 = PLANE ( 'NONE',  #213 ) ;
#358 = FILL_AREA_STYLE_COLOUR ( '', #3862 ) ;
#359 = ORIENTED_EDGE ( 'NONE', *, *, #2124, .F. ) ;
#360 = ORIENTED_EDGE ( 'NONE', *, *, #2991, .T. ) ;
#361 = ORIENTED_EDGE ( 'NONE', *, *, #2566, .F. ) ;
#362 = CARTESIAN_POINT ( 'NONE',  ( -11.25000000000000355, -73.50000000000000000, 1.700000000000007061 ) ) ;
#363 = COLOUR_RGB ( '',0.5999999999999999778, 0.1607843137254901800, 0.7529411764705882248 ) ;
#364 = DIRECTION ( 'NONE',  ( -0.000000000000000000, -0.000000000000000000, 1.000000000000000000 ) ) ;
#365 = FACE_OUTER_BOUND ( 'NONE', #2987, .T. ) ;
#366 = EDGE_CURVE ( 'NONE', #4241, #1209, #5336, .T. ) ;
#367 = ORIENTED_EDGE ( 'NONE', *, *, #5009, .T. ) ;
#368 = PRESENTATION_STYLE_ASSIGNMENT (( #4157 ) ) ;
#369 = DIRECTION ( 'NONE',  ( -1.000000000000000000, 0.000000000000000000, -0.000000000000000000 ) ) ;
#370 = VECTOR ( 'NONE', #5282, 1000.000000000000000 ) ;
#371 = FACE_OUTER_BOUND ( 'NONE', #3263, .T. ) ;
#372 = EDGE_CURVE ( 'NONE', #3462, #3640, #1115, .T. ) ;
#373 = DIRECTION ( 'NONE',  ( -0.000000000000000000, -0.000000000000000000, -1.000000000000000000 ) ) ;
#374 = DIRECTION ( 'NONE',  ( 1.000000000000000000, -0.000000000000000000, 0.000000000000000000 ) ) ;
#375 = SURFACE_SIDE_STYLE ('',( #825 ) ) ;
#376 = MECHANICAL_DESIGN_GEOMETRIC_PRESENTATION_REPRESENTATION (  '', ( #5060 ), #115 ) ;
#377 = VECTOR ( 'NONE', #1494, 1000.000000000000000 ) ;
#378 = CARTESIAN_POINT ( 'NONE',  ( -71.84999999999989484, -158.4999999999999716, -16.20000000000006324 ) ) ;
#379 = PRESENTATION_LAYER_ASSIGNMENT (  '', '', ( #3022 ) ) ;
#380 = CARTESIAN_POINT ( 'NONE',  ( 44.14999999999990621, -173.5000000000000000, -16.20000000000005969 ) ) ;
#381 = EDGE_LOOP ( 'NONE', ( #4240, #4219, #3701, #4059, #5147, #4784, #2539, #5175 ) ) ;
#382 = DIRECTION ( 'NONE',  ( -0.000000000000000000, 0.000000000000000000, -1.000000000000000000 ) ) ;
#383 = DIRECTION ( 'NONE',  ( 1.000000000000000000, 0.000000000000000000, 0.000000000000000000 ) ) ;
#384 = SURFACE_SIDE_STYLE ('',( #3695 ) ) ;
#385 = DIRECTION ( 'NONE',  ( 0.000000000000000000, 0.000000000000000000, -1.000000000000000000 ) ) ;
#386 = MECHANICAL_DESIGN_GEOMETRIC_PRESENTATION_REPRESENTATION (  '', ( #4800 ), #994 ) ;
#387 = SURFACE_STYLE_FILL_AREA ( #3314 ) ;
#388 = ORIENTED_EDGE ( 'NONE', *, *, #3411, .T. ) ;
#389 = CARTESIAN_POINT ( 'NONE',  ( -32.36969722017663287, -256.5000000000000000, 8.700000000000008171 ) ) ;
#390 = COLOUR_RGB ( '',0.5999999999999999778, 0.1607843137254901800, 0.7529411764705882248 ) ;
#391 = ORIENTED_EDGE ( 'NONE', *, *, #442, .F. ) ;
#392 = ORIENTED_EDGE ( 'NONE', *, *, #731, .T. ) ;
#393 = CARTESIAN_POINT ( 'NONE',  ( -71.84999999999989484, -173.5000000000000000, 1.349999999999932809 ) ) ;
#394 = PRESENTATION_LAYER_ASSIGNMENT (  '', '', ( #2312 ) ) ;
#395 = VERTEX_POINT ( 'NONE', #3623 ) ;
#396 = EDGE_CURVE ( 'NONE', #97, #2962, #2801, .T. ) ;
#397 = PLANE ( 'NONE',  #3493 ) ;
#398 = LINE ( 'NONE', #3328, #3586 ) ;
#399 = STYLED_ITEM ( 'NONE', ( #3909 ), #4260 ) ;
#400 = DIRECTION ( 'NONE',  ( 0.000000000000000000, -1.000000000000000000, 0.000000000000000000 ) ) ;
#401 = COLOUR_RGB ( '',0.5999999999999999778, 0.1607843137254901800, 0.7529411764705882248 ) ;
#402 = DIRECTION ( 'NONE',  ( -1.000000000000000000, 0.000000000000000000, 0.000000000000000000 ) ) ;
#403 = CARTESIAN_POINT ( 'NONE',  ( -32.36969722017663287, -256.5000000000000000, 8.700000000000008171 ) ) ;
#404 = VECTOR ( 'NONE', #1393, 1000.000000000000000 ) ;
#405 =( GEOMETRIC_REPRESENTATION_CONTEXT ( 3 ) GLOBAL_UNCERTAINTY_ASSIGNED_CONTEXT ( ( #4938 ) ) GLOBAL_UNIT_ASSIGNED_CONTEXT ( ( #4103, #4490, #1967 ) ) REPRESENTATION_CONTEXT ( 'NONE', 'WORKASPACE' ) );
#406 = CARTESIAN_POINT ( 'NONE',  ( 14.15000000000000924, -68.00000000000000000, 23.80000000000000071 ) ) ;
#407 = EDGE_CURVE ( 'NONE', #1533, #100, #182, .T. ) ;
#408 = DIRECTION ( 'NONE',  ( 0.000000000000000000, 1.000000000000000000, 0.000000000000000000 ) ) ;
#409 = LINE ( 'NONE', #3363, #4022 ) ;
#410 = UNCERTAINTY_MEASURE_WITH_UNIT (LENGTH_MEASURE( 1.000000000000000082E-05 ), #2313, 'distance_accuracy_value', 'NONE');
#411 = AXIS2_PLACEMENT_3D ( 'NONE', #2934, #814, #2482 ) ;
#412 = MECHANICAL_DESIGN_GEOMETRIC_PRESENTATION_REPRESENTATION (  '', ( #2776 ), #3494 ) ;
#413 = FILL_AREA_STYLE_COLOUR ( '', #1541 ) ;
#414 = EDGE_CURVE ( 'NONE', #4363, #4495, #2738, .T. ) ;
#415 = CARTESIAN_POINT ( 'NONE',  ( -6.349999999999980993, -117.5000000000000142, 13.80000000000000071 ) ) ;
#416 = CIRCLE ( 'NONE', #2420, 6.499999999999999112 ) ;
#417 = ADVANCED_FACE ( 'NONE', ( #638 ), #670, .F. ) ;
#418 = CYLINDRICAL_SURFACE ( 'NONE', #1355, 2.549999999999998490 ) ;
#419 = ORIENTED_EDGE ( 'NONE', *, *, #2549, .T. ) ;
#420 = CARTESIAN_POINT ( 'NONE',  ( -56.88000000000000966, -221.5000000000000000, 7.310916364186529570 ) ) ;
#421 = FACE_OUTER_BOUND ( 'NONE', #4405, .T. ) ;
#422 =( NAMED_UNIT ( * ) SI_UNIT ( $, .STERADIAN. ) SOLID_ANGLE_UNIT ( ) );
#423 = VECTOR ( 'NONE', #2460, 999.9999999999998863 ) ;
#424 = LINE ( 'NONE', #5096, #4739 ) ;
#425 = ORIENTED_EDGE ( 'NONE', *, *, #855, .F. ) ;
#426 = EDGE_LOOP ( 'NONE', ( #4416 ) ) ;
#427 = ORIENTED_EDGE ( 'NONE', *, *, #330, .T. ) ;
#428 = ORIENTED_EDGE ( 'NONE', *, *, #4293, .F. ) ;
#429 = VERTEX_POINT ( 'NONE', #5070 ) ;
#430 = MECHANICAL_DESIGN_GEOMETRIC_PRESENTATION_REPRESENTATION (  '', ( #2000 ), #2259 ) ;
#431 = DIRECTION ( 'NONE',  ( 0.000000000000000000, 0.000000000000000000, -1.000000000000000000 ) ) ;
#432 = AXIS2_PLACEMENT_3D ( 'NONE', #2852, #3712, #2025 ) ;
#433 = FILL_AREA_STYLE_COLOUR ( '', #1951 ) ;
#434 = PLANE ( 'NONE',  #2154 ) ;
#435 = AXIS2_PLACEMENT_3D ( 'NONE', #1653, #835, #3816 ) ;
#436 = SURFACE_STYLE_FILL_AREA ( #1726 ) ;
#437 = DIRECTION ( 'NONE',  ( 0.000000000000000000, 0.000000000000000000, 1.000000000000000000 ) ) ;
#438 = FILL_AREA_STYLE_COLOUR ( '', #4380 ) ;
#439 = SURFACE_STYLE_USAGE ( .BOTH. , #4719 ) ;
#440 = COLOUR_RGB ( '',0.5999999999999999778, 0.1607843137254901800, 0.7529411764705882248 ) ;
#441 = STYLED_ITEM ( 'NONE', ( #2492 ), #471 ) ;
#442 = EDGE_CURVE ( 'NONE', #526, #71, #1550, .T. ) ;
#443 = ADVANCED_FACE ( 'NONE', ( #1145 ), #1581, .F. ) ;
#444 = SURFACE_SIDE_STYLE ('',( #1584 ) ) ;
#445 =( GEOMETRIC_REPRESENTATION_CONTEXT ( 3 ) GLOBAL_UNCERTAINTY_ASSIGNED_CONTEXT ( ( #619 ) ) GLOBAL_UNIT_ASSIGNED_CONTEXT ( ( #3495, #2188, #3891 ) ) REPRESENTATION_CONTEXT ( 'NONE', 'WORKASPACE' ) );
#446 = CARTESIAN_POINT ( 'NONE',  ( -63.88000000000000966, -214.5000000000000000, 10.31091636418653046 ) ) ;
#447 = ORIENTED_EDGE ( 'NONE', *, *, #634, .F. ) ;
#448 = DIRECTION ( 'NONE',  ( 0.000000000000000000, 0.000000000000000000, 1.000000000000000000 ) ) ;
#449 = DIRECTION ( 'NONE',  ( -0.5067318539713879799, -0.8621037223969747476, 0.000000000000000000 ) ) ;
#450 =( NAMED_UNIT ( * ) SI_UNIT ( $, .STERADIAN. ) SOLID_ANGLE_UNIT ( ) );
#451 = EDGE_CURVE ( 'NONE', #5291, #4705, #2858, .T. ) ;
#452 = CARTESIAN_POINT ( 'NONE',  ( -3.296898823753065422, -112.2500000000000142, 1.700000000000014833 ) ) ;
#453 = ORIENTED_EDGE ( 'NONE', *, *, #2751, .T. ) ;
#454 = ORIENTED_EDGE ( 'NONE', *, *, #1645, .F. ) ;
#455 = EDGE_LOOP ( 'NONE', ( #3935, #922, #331, #2307, #2255, #3923, #1232, #4789 ) ) ;
#456 = EDGE_LOOP ( 'NONE', ( #2475, #1270, #5042, #2648, #3853, #5040 ) ) ;
#457 = ADVANCED_FACE ( 'NONE', ( #1642 ), #696, .F. ) ;
#458 = CARTESIAN_POINT ( 'NONE',  ( -37.85000000000000142, -53.50000000000000711, -32.30000000000000426 ) ) ;
#459 = EDGE_LOOP ( 'NONE', ( #250 ) ) ;
#460 = MECHANICAL_DESIGN_GEOMETRIC_PRESENTATION_REPRESENTATION (  '', ( #4603 ), #1585 ) ;
#461 = LINE ( 'NONE', #2624, #1904 ) ;
#462 = DIRECTION ( 'NONE',  ( 0.000000000000000000, 0.000000000000000000, -1.000000000000000000 ) ) ;
#463 = DIRECTION ( 'NONE',  ( -0.000000000000000000, -0.000000000000000000, 1.000000000000000000 ) ) ;
#464 = DIRECTION ( 'NONE',  ( -0.000000000000000000, -0.000000000000000000, 1.000000000000000000 ) ) ;
#465 = SURFACE_STYLE_FILL_AREA ( #5458 ) ;
#466 = DIRECTION ( 'NONE',  ( 0.000000000000000000, 1.000000000000000000, 0.000000000000000000 ) ) ;
#467 = UNCERTAINTY_MEASURE_WITH_UNIT (LENGTH_MEASURE( 1.000000000000000082E-05 ), #5480, 'distance_accuracy_value', 'NONE');
#468 = CIRCLE ( 'NONE', #3542, 2.549999999999994049 ) ;
#469 = FILL_AREA_STYLE_COLOUR ( '', #4018 ) ;
#470 = ORIENTED_EDGE ( 'NONE', *, *, #4769, .T. ) ;
#471 = ADVANCED_FACE ( 'NONE', ( #2461 ), #3648, .F. ) ;
#472 = CARTESIAN_POINT ( 'NONE',  ( -6.349999999999982769, -132.4999999999999716, 13.80000000000000071 ) ) ;
#473 = DIRECTION ( 'NONE',  ( -0.000000000000000000, -0.000000000000000000, 1.000000000000000000 ) ) ;
#474 = MECHANICAL_DESIGN_GEOMETRIC_PRESENTATION_REPRESENTATION (  '', ( #552 ), #4267 ) ;
#475 = LINE ( 'NONE', #3846, #2401 ) ;
#476 =( LENGTH_UNIT ( ) NAMED_UNIT ( * ) SI_UNIT ( .MILLI., .METRE. ) );
#477 = ORIENTED_EDGE ( 'NONE', *, *, #292, .T. ) ;
#478 = EDGE_CURVE ( 'NONE', #2540, #1953, #2631, .T. ) ;
#479 = ORIENTED_EDGE ( 'NONE', *, *, #2462, .F. ) ;
#480 = VERTEX_POINT ( 'NONE', #2142 ) ;
#481 = VERTEX_POINT ( 'NONE', #3855 ) ;
#482 = AXIS2_PLACEMENT_3D ( 'NONE', #3738, #5447, #2479 ) ;
#483 = AXIS2_PLACEMENT_3D ( 'NONE', #1167, #2428, #2084 ) ;
#484 = CARTESIAN_POINT ( 'NONE',  ( -37.85000000000000142, -263.5000000000000000, -32.30000000000000426 ) ) ;
#485 = EDGE_LOOP ( 'NONE', ( #2416 ) ) ;
#486 = PRESENTATION_STYLE_ASSIGNMENT (( #556 ) ) ;
#487 = SURFACE_SIDE_STYLE ('',( #5047 ) ) ;
#488 = CARTESIAN_POINT ( 'NONE',  ( -37.85000000000000142, -43.50000000000000000, 23.80000000000000071 ) ) ;
#489 =( GEOMETRIC_REPRESENTATION_CONTEXT ( 3 ) GLOBAL_UNCERTAINTY_ASSIGNED_CONTEXT ( ( #2430 ) ) GLOBAL_UNIT_ASSIGNED_CONTEXT ( ( #2458, #2545, #4192 ) ) REPRESENTATION_CONTEXT ( 'NONE', 'WORKASPACE' ) );
#490 = CARTESIAN_POINT ( 'NONE',  ( -23.85000000000000497, -112.2500000000000142, 6.700000000000008171 ) ) ;
#491 = COLOUR_RGB ( '',0.5999999999999999778, 0.1607843137254901800, 0.7529411764705882248 ) ;
#492 = DIRECTION ( 'NONE',  ( 1.000000000000000000, 0.000000000000000000, 0.000000000000000000 ) ) ;
#493 =( NAMED_UNIT ( * ) PLANE_ANGLE_UNIT ( ) SI_UNIT ( $, .RADIAN. ) );
#494 = STYLED_ITEM ( 'NONE', ( #690 ), #4161 ) ;
#495 =( GEOMETRIC_REPRESENTATION_CONTEXT ( 3 ) GLOBAL_UNCERTAINTY_ASSIGNED_CONTEXT ( ( #1546 ) ) GLOBAL_UNIT_ASSIGNED_CONTEXT ( ( #5207, #3130, #986 ) ) REPRESENTATION_CONTEXT ( 'NONE', 'WORKASPACE' ) );
#496 = FILL_AREA_STYLE_COLOUR ( '', #4553 ) ;
#497 = EDGE_LOOP ( 'NONE', ( #808 ) ) ;
#498 = DIRECTION ( 'NONE',  ( 7.211865458993576345E-17, 1.000000000000000000, 0.000000000000000000 ) ) ;
#499 = DIRECTION ( 'NONE',  ( -1.000000000000000000, 0.000000000000000000, 0.000000000000000000 ) ) ;
#500 = DIRECTION ( 'NONE',  ( 0.000000000000000000, 0.000000000000000000, -1.000000000000000000 ) ) ;
#501 = DIRECTION ( 'NONE',  ( -0.000000000000000000, -0.000000000000000000, 1.000000000000000000 ) ) ;
#502 = MECHANICAL_DESIGN_GEOMETRIC_PRESENTATION_REPRESENTATION (  '', ( #5276 ), #648 ) ;
#503 = ORIENTED_EDGE ( 'NONE', *, *, #3887, .T. ) ;
#504 = ORIENTED_EDGE ( 'NONE', *, *, #5064, .F. ) ;
#505 = CIRCLE ( 'NONE', #5473, 5.000000000000000888 ) ;
#506 = ADVANCED_FACE ( 'NONE', ( #538 ), #3042, .F. ) ;
#507 =( GEOMETRIC_REPRESENTATION_CONTEXT ( 3 ) GLOBAL_UNCERTAINTY_ASSIGNED_CONTEXT ( ( #668 ) ) GLOBAL_UNIT_ASSIGNED_CONTEXT ( ( #1419, #1829, #2215 ) ) REPRESENTATION_CONTEXT ( 'NONE', 'WORKASPACE' ) );
#508 = EDGE_LOOP ( 'NONE', ( #5379 ) ) ;
#509 = ORIENTED_EDGE ( 'NONE', *, *, #804, .T. ) ;
#510 =( NAMED_UNIT ( * ) SI_UNIT ( $, .STERADIAN. ) SOLID_ANGLE_UNIT ( ) );
#511 =( GEOMETRIC_REPRESENTATION_CONTEXT ( 3 ) GLOBAL_UNCERTAINTY_ASSIGNED_CONTEXT ( ( #1493 ) ) GLOBAL_UNIT_ASSIGNED_CONTEXT ( ( #1272, #1359, #5104 ) ) REPRESENTATION_CONTEXT ( 'NONE', 'WORKASPACE' ) );
#512 = EDGE_CURVE ( 'NONE', #4146, #3590, #1315, .T. ) ;
#513 = PRESENTATION_LAYER_ASSIGNMENT (  '', '', ( #3876 ) ) ;
#514 = CARTESIAN_POINT ( 'NONE',  ( 29.17999999999999261, -223.5021379296078976, 8.691152754051040930 ) ) ;
#515 = FILL_AREA_STYLE ('',( #2607 ) ) ;
#516 = DIRECTION ( 'NONE',  ( 1.000000000000000000, 0.000000000000000000, 0.000000000000000000 ) ) ;
#517 = DIRECTION ( 'NONE',  ( -1.000000000000000000, 0.000000000000000000, 0.000000000000000000 ) ) ;
#518 = VECTOR ( 'NONE', #473, 1000.000000000000000 ) ;
#519 = ORIENTED_EDGE ( 'NONE', *, *, #118, .T. ) ;
#520 = CARTESIAN_POINT ( 'NONE',  ( -23.85000000000000142, -117.5000000000000142, 15.45000000000000817 ) ) ;
#521 =( NAMED_UNIT ( * ) PLANE_ANGLE_UNIT ( ) SI_UNIT ( $, .RADIAN. ) );
#522 = STYLED_ITEM ( 'NONE', ( #691 ), #1416 ) ;
#523 = CARTESIAN_POINT ( 'NONE',  ( 0.000000000000000000, 0.000000000000000000, 10.31091636418653046 ) ) ;
#524 = ORIENTED_EDGE ( 'NONE', *, *, #3957, .T. ) ;
#525 = STYLED_ITEM ( 'NONE', ( #831 ), #1773 ) ;
#526 = VERTEX_POINT ( 'NONE', #5200 ) ;
#527 = VECTOR ( 'NONE', #5061, 1000.000000000000000 ) ;
#528 = SURFACE_SIDE_STYLE ('',( #1410 ) ) ;
#529 = ORIENTED_EDGE ( 'NONE', *, *, #724, .F. ) ;
#530 = DIRECTION ( 'NONE',  ( 1.000000000000000000, 0.000000000000000000, 0.000000000000000000 ) ) ;
#531 = ADVANCED_FACE ( 'NONE', ( #2526, #4639 ), #4667, .T. ) ;
#532 =( LENGTH_UNIT ( ) NAMED_UNIT ( * ) SI_UNIT ( .MILLI., .METRE. ) );
#533 = PLANE ( 'NONE',  #3994 ) ;
#534 = FILL_AREA_STYLE_COLOUR ( '', #826 ) ;
#535 =( NAMED_UNIT ( * ) SI_UNIT ( $, .STERADIAN. ) SOLID_ANGLE_UNIT ( ) );
#536 = CARTESIAN_POINT ( 'NONE',  ( 41.14999999999987779, -249.7149660633790802, 131.3520992523448001 ) ) ;
#537 = EDGE_CURVE ( 'NONE', #1866, #2612, #180, .T. ) ;
#538 = FACE_OUTER_BOUND ( 'NONE', #5241, .T. ) ;
#539 = SURFACE_STYLE_USAGE ( .BOTH. , #5117 ) ;
#540 = VECTOR ( 'NONE', #448, 1000.000000000000000 ) ;
#541 = SURFACE_STYLE_FILL_AREA ( #4329 ) ;
#542 = ORIENTED_EDGE ( 'NONE', *, *, #75, .T. ) ;
#543 = SURFACE_STYLE_FILL_AREA ( #3875 ) ;
#544 = LINE ( 'NONE', #1736, #1039 ) ;
#545 = VECTOR ( 'NONE', #5395, 1000.000000000000000 ) ;
#546 = SURFACE_SIDE_STYLE ('',( #1352 ) ) ;
#547 = FILL_AREA_STYLE ('',( #3903 ) ) ;
#548 = PRESENTATION_LAYER_ASSIGNMENT (  '', '', ( #5060 ) ) ;
#549 = ORIENTED_EDGE ( 'NONE', *, *, #2251, .T. ) ;
#550 = ORIENTED_EDGE ( 'NONE', *, *, #3822, .F. ) ;
#551 = VECTOR ( 'NONE', #599, 1000.000000000000000 ) ;
#552 = STYLED_ITEM ( 'NONE', ( #2221 ), #267 ) ;
#553 = EDGE_LOOP ( 'NONE', ( #4468, #896, #296, #3537, #2837, #5058, #1384, #1861, #1717, #4136, #1626, #5005 ) ) ;
#554 =( GEOMETRIC_REPRESENTATION_CONTEXT ( 3 ) GLOBAL_UNCERTAINTY_ASSIGNED_CONTEXT ( ( #5118 ) ) GLOBAL_UNIT_ASSIGNED_CONTEXT ( ( #4489, #3079, #965 ) ) REPRESENTATION_CONTEXT ( 'NONE', 'WORKASPACE' ) );
#555 = VERTEX_POINT ( 'NONE', #3945 ) ;
#556 = SURFACE_STYLE_USAGE ( .BOTH. , #2649 ) ;
#557 = PLANE ( 'NONE',  #435 ) ;
#558 = DIRECTION ( 'NONE',  ( 0.000000000000000000, 0.000000000000000000, -1.000000000000000000 ) ) ;
#559 = FACE_BOUND ( 'NONE', #4262, .T. ) ;
#560 = PRESENTATION_LAYER_ASSIGNMENT (  '', '', ( #2945 ) ) ;
#561 = CARTESIAN_POINT ( 'NONE',  ( -13.85000000000000497, -233.5000000000000000, 18.70000000000000995 ) ) ;
#562 = DIRECTION ( 'NONE',  ( -1.000000000000000000, 0.000000000000000000, 0.000000000000000000 ) ) ;
#563 = CARTESIAN_POINT ( 'NONE',  ( -71.84999999999989484, -57.28503393662091980, 0.000000000000000000 ) ) ;
#564 = DIRECTION ( 'NONE',  ( 0.000000000000000000, 0.000000000000000000, 1.000000000000000000 ) ) ;
#565 = PRESENTATION_STYLE_ASSIGNMENT (( #3919 ) ) ;
#566 = EDGE_CURVE ( 'NONE', #4370, #4370, #241, .T. ) ;
#567 = UNCERTAINTY_MEASURE_WITH_UNIT (LENGTH_MEASURE( 1.000000000000000082E-05 ), #4687, 'distance_accuracy_value', 'NONE');
#568 = DIRECTION ( 'NONE',  ( -0.000000000000000000, 0.000000000000000000, -1.000000000000000000 ) ) ;
#569 = ORIENTED_EDGE ( 'NONE', *, *, #5155, .F. ) ;
#570 = CARTESIAN_POINT ( 'NONE',  ( 39.87381745600841043, -169.2588285746976737, 7.310916364186529570 ) ) ;
#571 = FACE_OUTER_BOUND ( 'NONE', #3259, .T. ) ;
#572 = VECTOR ( 'NONE', #4005, 1000.000000000000114 ) ;
#573 = VECTOR ( 'NONE', #4582, 1000.000000000000000 ) ;
#574 = FACE_OUTER_BOUND ( 'NONE', #5475, .T. ) ;
#575 = EDGE_CURVE ( 'NONE', #122, #1975, #5226, .T. ) ;
#576 = MECHANICAL_DESIGN_GEOMETRIC_PRESENTATION_REPRESENTATION (  '', ( #2240 ), #1100 ) ;
#577 = COLOUR_RGB ( '',0.5999999999999999778, 0.1607843137254901800, 0.7529411764705882248 ) ;
#578 =( NAMED_UNIT ( * ) PLANE_ANGLE_UNIT ( ) SI_UNIT ( $, .RADIAN. ) );
#579 = CARTESIAN_POINT ( 'NONE',  ( 7.650000000000011013, -68.00000000000000000, 6.700000000000008171 ) ) ;
#580 = ORIENTED_EDGE ( 'NONE', *, *, #329, .T. ) ;
#581 = VERTEX_POINT ( 'NONE', #2657 ) ;
#582 = COLOUR_RGB ( '',0.5999999999999999778, 0.1607843137254901800, 0.7529411764705882248 ) ;
#583 = ORIENTED_EDGE ( 'NONE', *, *, #3453, .F. ) ;
#584 = PRESENTATION_LAYER_ASSIGNMENT (  '', '', ( #3947 ) ) ;
#585 = CARTESIAN_POINT ( 'NONE',  ( -8.850000000000003197, -73.50000000000000000, 6.700000000000008171 ) ) ;
#586 = DIRECTION ( 'NONE',  ( 0.000000000000000000, 0.000000000000000000, -1.000000000000000000 ) ) ;
#587 = SURFACE_STYLE_FILL_AREA ( #2167 ) ;
#588 = FACE_OUTER_BOUND ( 'NONE', #4892, .T. ) ;
#589 = SURFACE_STYLE_USAGE ( .BOTH. , #4376 ) ;
#590 = SURFACE_STYLE_FILL_AREA ( #4694 ) ;
#591 = CARTESIAN_POINT ( 'NONE',  ( 29.17999999999999616, -224.8125542170777464, 16.81091636418652868 ) ) ;
#592 = VERTEX_POINT ( 'NONE', #1853 ) ;
#593 = SURFACE_STYLE_USAGE ( .BOTH. , #2692 ) ;
#594 = DIRECTION ( 'NONE',  ( 0.000000000000000000, 0.000000000000000000, -1.000000000000000000 ) ) ;
#595 = ADVANCED_FACE ( 'NONE', ( #3968 ), #1905, .F. ) ;
#596 = FILL_AREA_STYLE ('',( #2666 ) ) ;
#597 = CARTESIAN_POINT ( 'NONE',  ( 44.14999999999990621, -53.50000000000000000, -1.193668243919732465E-14 ) ) ;
#598 = STYLED_ITEM ( 'NONE', ( #929 ), #743 ) ;
#599 = DIRECTION ( 'NONE',  ( -0.000000000000000000, -1.000000000000000000, -0.000000000000000000 ) ) ;
#600 = LINE ( 'NONE', #2721, #348 ) ;
#601 = VERTEX_POINT ( 'NONE', #663 ) ;
#602 = DIRECTION ( 'NONE',  ( 0.8090169943749510040, 6.162975822039154046E-33, 0.5877852522924682521 ) ) ;
#603 = DIRECTION ( 'NONE',  ( 0.000000000000000000, -1.000000000000000000, -9.011550524554843201E-17 ) ) ;
#604 = EDGE_CURVE ( 'NONE', #2811, #2477, #3091, .T. ) ;
#605 = AXIS2_PLACEMENT_3D ( 'NONE', #579, #1036, #1456 ) ;
#606 = ORIENTED_EDGE ( 'NONE', *, *, #3570, .F. ) ;
#607 = EDGE_CURVE ( 'NONE', #3735, #5291, #4401, .T. ) ;
#608 = ORIENTED_EDGE ( 'NONE', *, *, #4406, .T. ) ;
#609 = VERTEX_POINT ( 'NONE', #1435 ) ;
#610 = FACE_OUTER_BOUND ( 'NONE', #3854, .T. ) ;
#611 = DIRECTION ( 'NONE',  ( -0.000000000000000000, 1.000000000000000000, -0.000000000000000000 ) ) ;
#612 = FILL_AREA_STYLE ('',( #534 ) ) ;
#613 =( NAMED_UNIT ( * ) SI_UNIT ( $, .STERADIAN. ) SOLID_ANGLE_UNIT ( ) );
#614 = CARTESIAN_POINT ( 'NONE',  ( -56.88000000000000256, -176.4300000000000068, 10.31091636418653046 ) ) ;
#615 = CARTESIAN_POINT ( 'NONE',  ( 17.90000000000000924, -57.74999999999999289, 18.70000000000000995 ) ) ;
#616 = PLANE ( 'NONE',  #2134 ) ;
#617 = ORIENTED_EDGE ( 'NONE', *, *, #2309, .T. ) ;
#618 = FILL_AREA_STYLE_COLOUR ( '', #3733 ) ;
#619 = UNCERTAINTY_MEASURE_WITH_UNIT (LENGTH_MEASURE( 1.000000000000000082E-05 ), #3495, 'distance_accuracy_value', 'NONE');
#620 = LINE ( 'NONE', #321, #61 ) ;
#621 = LINE ( 'NONE', #4913, #2323 ) ;
#622 =( NAMED_UNIT ( * ) PLANE_ANGLE_UNIT ( ) SI_UNIT ( $, .RADIAN. ) );
#623 = EDGE_CURVE ( 'NONE', #1046, #1046, #776, .T. ) ;
#624 = ORIENTED_EDGE ( 'NONE', *, *, #5001, .T. ) ;
#625 = PRESENTATION_STYLE_ASSIGNMENT (( #1482 ) ) ;
#626 =( GEOMETRIC_REPRESENTATION_CONTEXT ( 3 ) GLOBAL_UNCERTAINTY_ASSIGNED_CONTEXT ( ( #3336 ) ) GLOBAL_UNIT_ASSIGNED_CONTEXT ( ( #4198, #493, #2979 ) ) REPRESENTATION_CONTEXT ( 'NONE', 'WORKASPACE' ) );
#627 = EDGE_CURVE ( 'NONE', #867, #2477, #2734, .T. ) ;
#628 = VERTEX_POINT ( 'NONE', #4042 ) ;
#629 = EDGE_LOOP ( 'NONE', ( #2842 ) ) ;
#630 = VERTEX_POINT ( 'NONE', #2308 ) ;
#631 = STYLED_ITEM ( 'NONE', ( #150 ), #2437 ) ;
#632 = FILL_AREA_STYLE_COLOUR ( '', #2503 ) ;
#633 = VECTOR ( 'NONE', #3952, 1000.000000000000114 ) ;
#634 = EDGE_CURVE ( 'NONE', #2826, #1336, #2686, .T. ) ;
#635 = COLOUR_RGB ( '',0.5999999999999999778, 0.1607843137254901800, 0.7529411764705882248 ) ;
#636 = DIRECTION ( 'NONE',  ( 1.442373091798715516E-16, 1.000000000000000000, 0.000000000000000000 ) ) ;
#637 =( NAMED_UNIT ( * ) SI_UNIT ( $, .STERADIAN. ) SOLID_ANGLE_UNIT ( ) );
#638 = FACE_OUTER_BOUND ( 'NONE', #456, .T. ) ;
#639 = LINE ( 'NONE', #183, #701 ) ;
#640 = FACE_OUTER_BOUND ( 'NONE', #1180, .T. ) ;
#641 = VECTOR ( 'NONE', #2519, 1000.000000000000000 ) ;
#642 = ADVANCED_FACE ( 'NONE', ( #3597 ), #1874, .F. ) ;
#643 = FILL_AREA_STYLE ('',( #2320 ) ) ;
#644 = CARTESIAN_POINT ( 'NONE',  ( 10.15000000000000568, -53.50000000000000711, -24.20000000000001350 ) ) ;
#645 = CARTESIAN_POINT ( 'NONE',  ( 4.669697220176630914, -263.5000000000000000, 8.700000000000013500 ) ) ;
#646 = EDGE_LOOP ( 'NONE', ( #1210, #3318, #2048, #1404, #3321 ) ) ;
#647 = LINE ( 'NONE', #3636, #2245 ) ;
#648 =( GEOMETRIC_REPRESENTATION_CONTEXT ( 3 ) GLOBAL_UNCERTAINTY_ASSIGNED_CONTEXT ( ( #2168 ) ) GLOBAL_UNIT_ASSIGNED_CONTEXT ( ( #5273, #1991, #4987 ) ) REPRESENTATION_CONTEXT ( 'NONE', 'WORKASPACE' ) );
#649 = MECHANICAL_DESIGN_GEOMETRIC_PRESENTATION_REPRESENTATION (  '', ( #1974 ), #495 ) ;
#650 =( NAMED_UNIT ( * ) SI_UNIT ( $, .STERADIAN. ) SOLID_ANGLE_UNIT ( ) );
#651 = ORIENTED_EDGE ( 'NONE', *, *, #4387, .T. ) ;
#652 = ORIENTED_EDGE ( 'NONE', *, *, #292, .F. ) ;
#653 = CARTESIAN_POINT ( 'NONE',  ( -71.84999999999989484, -53.50000000000000000, -32.30000000000000426 ) ) ;
#654 = VECTOR ( 'NONE', #562, 1000.000000000000000 ) ;
#655 =( GEOMETRIC_REPRESENTATION_CONTEXT ( 3 ) GLOBAL_UNCERTAINTY_ASSIGNED_CONTEXT ( ( #789 ) ) GLOBAL_UNIT_ASSIGNED_CONTEXT ( ( #936, #4303, #3452 ) ) REPRESENTATION_CONTEXT ( 'NONE', 'WORKASPACE' ) );
#656 = SURFACE_STYLE_FILL_AREA ( #199 ) ;
#657 = SURFACE_STYLE_USAGE ( .BOTH. , #5222 ) ;
#658 = EDGE_CURVE ( 'NONE', #36, #785, #1141, .T. ) ;
#659 = SURFACE_SIDE_STYLE ('',( #4062 ) ) ;
#660 = AXIS2_PLACEMENT_3D ( 'NONE', #2804, #4491, #5312 ) ;
#661 = CARTESIAN_POINT ( 'NONE',  ( -13.85000000000000497, -233.5000000000000000, 13.70000000000000817 ) ) ;
#662 = DIRECTION ( 'NONE',  ( 0.000000000000000000, 0.000000000000000000, 1.000000000000000000 ) ) ;
#663 = CARTESIAN_POINT ( 'NONE',  ( 41.14999999999987779, -249.7149660633790802, 3.700000000000036593 ) ) ;
#664 = SURFACE_STYLE_USAGE ( .BOTH. , #2765 ) ;
#665 = CARTESIAN_POINT ( 'NONE',  ( -68.84999999999990905, -57.28503393662091980, -32.30000000000000426 ) ) ;
#666 = PRESENTATION_LAYER_ASSIGNMENT (  '', '', ( #2695 ) ) ;
#667 = EDGE_CURVE ( 'NONE', #1358, #1914, #2796, .T. ) ;
#668 = UNCERTAINTY_MEASURE_WITH_UNIT (LENGTH_MEASURE( 1.000000000000000082E-05 ), #1419, 'distance_accuracy_value', 'NONE');
#669 = MECHANICAL_DESIGN_GEOMETRIC_PRESENTATION_REPRESENTATION (  '', ( #76 ), #4300 ) ;
#670 = PLANE ( 'NONE',  #201 ) ;
#671 = CARTESIAN_POINT ( 'NONE',  ( 17.90000000000000213, -121.2500000000000142, 3.450000000000008171 ) ) ;
#672 = DIRECTION ( 'NONE',  ( 0.8621037223969750807, 0.5067318539713872028, -0.000000000000000000 ) ) ;
#673 = STYLED_ITEM ( 'NONE', ( #4246 ), #5278 ) ;
#674 =( GEOMETRIC_REPRESENTATION_CONTEXT ( 3 ) GLOBAL_UNCERTAINTY_ASSIGNED_CONTEXT ( ( #1670 ) ) GLOBAL_UNIT_ASSIGNED_CONTEXT ( ( #153, #1050, #4450 ) ) REPRESENTATION_CONTEXT ( 'NONE', 'WORKASPACE' ) );
#675 = ORIENTED_EDGE ( 'NONE', *, *, #4775, .F. ) ;
#676 = CARTESIAN_POINT ( 'NONE',  ( -68.84999999999992326, -249.7149660633790802, 3.700000000000036593 ) ) ;
#677 = DIRECTION ( 'NONE',  ( -1.000000000000000000, -0.000000000000000000, -0.000000000000000000 ) ) ;
#678 = CARTESIAN_POINT ( 'NONE',  ( 44.14999999999990621, -253.5000000000000000, 0.000000000000000000 ) ) ;
#679 = VECTOR ( 'NONE', #2502, 1000.000000000000000 ) ;
#680 = FILL_AREA_STYLE_COLOUR ( '', #1537 ) ;
#681 = EDGE_LOOP ( 'NONE', ( #4467 ) ) ;
#682 = EDGE_LOOP ( 'NONE', ( #1571, #419, #3024, #17, #3611, #4304 ) ) ;
#683 = STYLED_ITEM ( 'NONE', ( #126 ), #1312 ) ;
#684 = ORIENTED_EDGE ( 'NONE', *, *, #4791, .F. ) ;
#685 =( GEOMETRIC_REPRESENTATION_CONTEXT ( 3 ) GLOBAL_UNCERTAINTY_ASSIGNED_CONTEXT ( ( #4941 ) ) GLOBAL_UNIT_ASSIGNED_CONTEXT ( ( #5028, #4514, #4998 ) ) REPRESENTATION_CONTEXT ( 'NONE', 'WORKASPACE' ) );
#686 =( NAMED_UNIT ( * ) PLANE_ANGLE_UNIT ( ) SI_UNIT ( $, .RADIAN. ) );
#687 = DIRECTION ( 'NONE',  ( -0.000000000000000000, -0.000000000000000000, -1.000000000000000000 ) ) ;
#688 = DIRECTION ( 'NONE',  ( -0.8090169943749510040, 0.000000000000000000, 0.5877852522924682521 ) ) ;
#689 = AXIS2_PLACEMENT_3D ( 'NONE', #3828, #5018, #812 ) ;
#690 = PRESENTATION_STYLE_ASSIGNMENT (( #714 ) ) ;
#691 = PRESENTATION_STYLE_ASSIGNMENT (( #3680 ) ) ;
#692 = ORIENTED_EDGE ( 'NONE', *, *, #607, .F. ) ;
#693 = EDGE_CURVE ( 'NONE', #2393, #1627, #1634, .T. ) ;
#694 = FILL_AREA_STYLE ('',( #2429 ) ) ;
#695 = EDGE_CURVE ( 'NONE', #4926, #4926, #2799, .T. ) ;
#696 = PLANE ( 'NONE',  #2108 ) ;
#697 = CARTESIAN_POINT ( 'NONE',  ( 7.650000000000011013, -68.00000000000000000, 13.80000000000000071 ) ) ;
#698 = DIRECTION ( 'NONE',  ( 0.000000000000000000, -1.000000000000000000, 0.000000000000000000 ) ) ;
#699 = FILL_AREA_STYLE ('',( #2719 ) ) ;
#700 = DIRECTION ( 'NONE',  ( 0.000000000000000000, 0.000000000000000000, 1.000000000000000000 ) ) ;
#701 = VECTOR ( 'NONE', #3550, 1000.000000000000000 ) ;
#702 = DIRECTION ( 'NONE',  ( 1.000000000000000000, -0.000000000000000000, -0.000000000000000000 ) ) ;
#703 = ORIENTED_EDGE ( 'NONE', *, *, #1092, .F. ) ;
#704 = VERTEX_POINT ( 'NONE', #2907 ) ;
#705 = CARTESIAN_POINT ( 'NONE',  ( -51.20427119293228913, -221.5000000000000000, 23.80000000000000071 ) ) ;
#706 =( LENGTH_UNIT ( ) NAMED_UNIT ( * ) SI_UNIT ( .MILLI., .METRE. ) );
#707 = ORIENTED_EDGE ( 'NONE', *, *, #1476, .T. ) ;
#708 = VERTEX_POINT ( 'NONE', #5422 ) ;
#709 = ORIENTED_EDGE ( 'NONE', *, *, #4929, .F. ) ;
#710 = VERTEX_POINT ( 'NONE', #809 ) ;
#711 = SURFACE_STYLE_FILL_AREA ( #1957 ) ;
#712 = CARTESIAN_POINT ( 'NONE',  ( 36.17999999999997840, -176.4300000000000068, 14.59054394820264200 ) ) ;
#713 = VECTOR ( 'NONE', #4379, 1000.000000000000000 ) ;
#714 = SURFACE_STYLE_USAGE ( .BOTH. , #1135 ) ;
#715 = ADVANCED_FACE ( 'NONE', ( #2083 ), #2456, .F. ) ;
#716 = DIRECTION ( 'NONE',  ( -1.214306433183757275E-15, -1.000000000000000000, 0.000000000000000000 ) ) ;
#717 = ORIENTED_EDGE ( 'NONE', *, *, #140, .T. ) ;
#718 = CARTESIAN_POINT ( 'NONE',  ( -32.36969722017663287, 0.000000000000000000, 44.52840888222726790 ) ) ;
#719 = COLOUR_RGB ( '',0.5999999999999999778, 0.1607843137254901800, 0.7529411764705882248 ) ;
#720 =( NAMED_UNIT ( * ) SI_UNIT ( $, .STERADIAN. ) SOLID_ANGLE_UNIT ( ) );
#721 = VECTOR ( 'NONE', #982, 1000.000000000000114 ) ;
#722 = FACE_OUTER_BOUND ( 'NONE', #63, .T. ) ;
#723 = DIRECTION ( 'NONE',  ( 0.000000000000000000, 0.000000000000000000, 1.000000000000000000 ) ) ;
#724 = EDGE_CURVE ( 'NONE', #282, #601, #2051, .T. ) ;
#725 = COLOUR_RGB ( '',0.5999999999999999778, 0.1607843137254901800, 0.7529411764705882248 ) ;
#726 = SURFACE_STYLE_FILL_AREA ( #3273 ) ;
#727 =( GEOMETRIC_REPRESENTATION_CONTEXT ( 3 ) GLOBAL_UNCERTAINTY_ASSIGNED_CONTEXT ( ( #467 ) ) GLOBAL_UNIT_ASSIGNED_CONTEXT ( ( #5480, #1743, #898 ) ) REPRESENTATION_CONTEXT ( 'NONE', 'WORKASPACE' ) );
#728 = PRESENTATION_STYLE_ASSIGNMENT (( #2463 ) ) ;
#729 = CARTESIAN_POINT ( 'NONE',  ( -63.88000000000000966, -183.4300000000000068, 7.310916364186529570 ) ) ;
#730 = PLANE ( 'NONE',  #4449 ) ;
#731 = EDGE_CURVE ( 'NONE', #2730, #2730, #2271, .T. ) ;
#732 = PLANE ( 'NONE',  #3501 ) ;
#733 = AXIS2_PLACEMENT_3D ( 'NONE', #1142, #4510, #2395 ) ;
#734 = UNCERTAINTY_MEASURE_WITH_UNIT (LENGTH_MEASURE( 1.000000000000000082E-05 ), #4834, 'distance_accuracy_value', 'NONE');
#735 = CARTESIAN_POINT ( 'NONE',  ( -63.88000000000000966, -221.5000000000000000, 7.310916364186529570 ) ) ;
#736 = VERTEX_POINT ( 'NONE', #5362 ) ;
#737 = SURFACE_STYLE_USAGE ( .BOTH. , #5406 ) ;
#738 = LINE ( 'NONE', #1558, #190 ) ;
#739 = FILL_AREA_STYLE ('',( #4525 ) ) ;
#740 = DIRECTION ( 'NONE',  ( 0.000000000000000000, -1.000000000000000000, -9.011550524554843201E-17 ) ) ;
#741 = PRESENTATION_LAYER_ASSIGNMENT (  '', '', ( #2674 ) ) ;
#742 = SURFACE_STYLE_USAGE ( .BOTH. , #4498 ) ;
#743 = ADVANCED_FACE ( 'NONE', ( #1545 ), #5393, .F. ) ;
#744 = PLANE ( 'NONE',  #4552 ) ;
#745 = CARTESIAN_POINT ( 'NONE',  ( 7.650000000000007461, -67.99999999999997158, 6.700000000000008171 ) ) ;
#746 =( GEOMETRIC_REPRESENTATION_CONTEXT ( 3 ) GLOBAL_UNCERTAINTY_ASSIGNED_CONTEXT ( ( #1929 ) ) GLOBAL_UNIT_ASSIGNED_CONTEXT ( ( #3697, #1654, #422 ) ) REPRESENTATION_CONTEXT ( 'NONE', 'WORKASPACE' ) );
#747 = ORIENTED_EDGE ( 'NONE', *, *, #3624, .T. ) ;
#748 = EDGE_LOOP ( 'NONE', ( #1320, #1764, #869, #3583 ) ) ;
#749 = ORIENTED_EDGE ( 'NONE', *, *, #1502, .F. ) ;
#750 = CARTESIAN_POINT ( 'NONE',  ( -26.36969722017663287, -43.50000000000000000, 16.10000000000000142 ) ) ;
#751 = DIRECTION ( 'NONE',  ( 1.081779818849036513E-16, 1.000000000000000000, 0.000000000000000000 ) ) ;
#752 = COLOUR_RGB ( '',0.5999999999999999778, 0.1607843137254901800, 0.7529411764705882248 ) ;
#753 = AXIS2_PLACEMENT_3D ( 'NONE', #346, #4906, #5424 ) ;
#754 =( NAMED_UNIT ( * ) PLANE_ANGLE_UNIT ( ) SI_UNIT ( $, .RADIAN. ) );
#755 = ORIENTED_EDGE ( 'NONE', *, *, #4189, .T. ) ;
#756 = VECTOR ( 'NONE', #4693, 1000.000000000000000 ) ;
#757 = FILL_AREA_STYLE ('',( #4508 ) ) ;
#758 = VECTOR ( 'NONE', #5056, 1000.000000000000000 ) ;
#759 = PLANE ( 'NONE',  #2930 ) ;
#760 = PRESENTATION_STYLE_ASSIGNMENT (( #1963 ) ) ;
#761 = AXIS2_PLACEMENT_3D ( 'NONE', #3761, #1205, #4238 ) ;
#762 = CARTESIAN_POINT ( 'NONE',  ( -3.296898823753065422, -0.000000000000000000, 6.700000000000008171 ) ) ;
#763 = STYLED_ITEM ( 'NONE', ( #1789 ), #4853 ) ;
#764 =( NAMED_UNIT ( * ) SI_UNIT ( $, .STERADIAN. ) SOLID_ANGLE_UNIT ( ) );
#765 = CARTESIAN_POINT ( 'NONE',  ( 10.14999999999999325, -263.5000000000000568, -32.30000000000000426 ) ) ;
#766 = FILL_AREA_STYLE_COLOUR ( '', #2724 ) ;
#767 = EDGE_LOOP ( 'NONE', ( #1381 ) ) ;
#768 = ADVANCED_FACE ( 'NONE', ( #2936 ), #5109, .F. ) ;
#769 =( NAMED_UNIT ( * ) SI_UNIT ( $, .STERADIAN. ) SOLID_ANGLE_UNIT ( ) );
#770 = LINE ( 'NONE', #4619, #4863 ) ;
#771 = PLANE ( 'NONE',  #3366 ) ;
#772 = PRESENTATION_LAYER_ASSIGNMENT (  '', '', ( #5017 ) ) ;
#773 = CARTESIAN_POINT ( 'NONE',  ( -32.36969722017663287, -263.5000000000000000, -32.30000000000000426 ) ) ;
#774 = FILL_AREA_STYLE ('',( #15 ) ) ;
#775 = CARTESIAN_POINT ( 'NONE',  ( 17.90000000000000213, -121.2500000000000142, 3.450000000000008171 ) ) ;
#776 = CIRCLE ( 'NONE', #5484, 2.549999999999996714 ) ;
#777 = ORIENTED_EDGE ( 'NONE', *, *, #623, .T. ) ;
#778 = ADVANCED_FACE ( 'NONE', ( #4714 ), #26, .F. ) ;
#779 = ORIENTED_EDGE ( 'NONE', *, *, #3056, .T. ) ;
#780 = ORIENTED_EDGE ( 'NONE', *, *, #4567, .T. ) ;
#781 = VERTEX_POINT ( 'NONE', #2450 ) ;
#782 = AXIS2_PLACEMENT_3D ( 'NONE', #1825, #586, #172 ) ;
#783 = SURFACE_STYLE_USAGE ( .BOTH. , #3706 ) ;
#784 = STYLED_ITEM ( 'NONE', ( #1697 ), #1243 ) ;
#785 = VERTEX_POINT ( 'NONE', #3443 ) ;
#786 = DIRECTION ( 'NONE',  ( -0.000000000000000000, -0.000000000000000000, 1.000000000000000000 ) ) ;
#787 =( NAMED_UNIT ( * ) SI_UNIT ( $, .STERADIAN. ) SOLID_ANGLE_UNIT ( ) );
#788 = LINE ( 'NONE', #1962, #2926 ) ;
#789 = UNCERTAINTY_MEASURE_WITH_UNIT (LENGTH_MEASURE( 1.000000000000000082E-05 ), #936, 'distance_accuracy_value', 'NONE');
#790 = DIRECTION ( 'NONE',  ( 1.000000000000000000, -1.081779818849036513E-16, 0.000000000000000000 ) ) ;
#791 = VECTOR ( 'NONE', #2760, 1000.000000000000000 ) ;
#792 = UNCERTAINTY_MEASURE_WITH_UNIT (LENGTH_MEASURE( 1.000000000000000082E-05 ), #2651, 'distance_accuracy_value', 'NONE');
#793 = LINE ( 'NONE', #2026, #4396 ) ;
#794 = CARTESIAN_POINT ( 'NONE',  ( 44.14999999999990621, 0.000000000000000000, 0.000000000000000000 ) ) ;
#795 = DIRECTION ( 'NONE',  ( -0.4156269377774533536, -0.7071067811865419106, -0.5720614028176914667 ) ) ;
#796 = DIRECTION ( 'NONE',  ( 0.4156269377774522433, 0.7071067811865436870, -0.5720614028176899124 ) ) ;
#797 = FACE_OUTER_BOUND ( 'NONE', #2933, .T. ) ;
#798 = DIRECTION ( 'NONE',  ( 0.000000000000000000, -1.000000000000000000, 0.000000000000000000 ) ) ;
#799 = ORIENTED_EDGE ( 'NONE', *, *, #1001, .F. ) ;
#800 = CARTESIAN_POINT ( 'NONE',  ( -59.75085423858650557, -226.5000000000000853, 10.31091636418653046 ) ) ;
#801 =( LENGTH_UNIT ( ) NAMED_UNIT ( * ) SI_UNIT ( .MILLI., .METRE. ) );
#802 = LINE ( 'NONE', #773, #3786 ) ;
#803 = DIRECTION ( 'NONE',  ( -1.000000000000000000, 0.000000000000000000, 0.000000000000000000 ) ) ;
#804 = EDGE_CURVE ( 'NONE', #97, #4476, #1771, .T. ) ;
#805 = EDGE_LOOP ( 'NONE', ( #927 ) ) ;
#806 = ORIENTED_EDGE ( 'NONE', *, *, #4769, .F. ) ;
#807 = ORIENTED_EDGE ( 'NONE', *, *, #1171, .F. ) ;
#808 = ORIENTED_EDGE ( 'NONE', *, *, #1686, .F. ) ;
#809 = CARTESIAN_POINT ( 'NONE',  ( -71.84999999999989484, -158.4999999999999716, 1.349999999999930145 ) ) ;
#810 = VECTOR ( 'NONE', #3480, 1000.000000000000114 ) ;
#811 = EDGE_CURVE ( 'NONE', #1817, #2153, #1946, .T. ) ;
#812 = DIRECTION ( 'NONE',  ( 0.000000000000000000, 0.000000000000000000, 1.000000000000000000 ) ) ;
#813 = EDGE_LOOP ( 'NONE', ( #780, #4089, #5068, #1994 ) ) ;
#814 = DIRECTION ( 'NONE',  ( -0.000000000000000000, -0.000000000000000000, 1.000000000000000000 ) ) ;
#815 = LINE ( 'NONE', #1633, #3054 ) ;
#816 = DIRECTION ( 'NONE',  ( 0.8090169943749510040, 0.000000000000000000, -0.5877852522924682521 ) ) ;
#817 = SURFACE_SIDE_STYLE ('',( #3773 ) ) ;
#818 = EDGE_CURVE ( 'NONE', #4263, #2044, #5375, .T. ) ;
#819 = MECHANICAL_DESIGN_GEOMETRIC_PRESENTATION_REPRESENTATION (  '', ( #2575 ), #5430 ) ;
#820 = DIRECTION ( 'NONE',  ( 0.000000000000000000, -0.000000000000000000, -1.000000000000000000 ) ) ;
#821 = FACE_BOUND ( 'NONE', #459, .T. ) ;
#822 = CYLINDRICAL_SURFACE ( 'NONE', #1382, 2.549999999999994937 ) ;
#823 = SURFACE_STYLE_USAGE ( .BOTH. , #3687 ) ;
#824 = CARTESIAN_POINT ( 'NONE',  ( -41.84999999999999432, -117.5000000000000142, 23.80000000000000071 ) ) ;
#825 = SURFACE_STYLE_FILL_AREA ( #4515 ) ;
#826 = COLOUR_RGB ( '',0.5999999999999999778, 0.1607843137254901800, 0.7529411764705882248 ) ;
#827 = VECTOR ( 'NONE', #4852, 1000.000000000000000 ) ;
#828 =( LENGTH_UNIT ( ) NAMED_UNIT ( * ) SI_UNIT ( .MILLI., .METRE. ) );
#829 = FILL_AREA_STYLE ('',( #35 ) ) ;
#830 = FACE_OUTER_BOUND ( 'NONE', #1796, .T. ) ;
#831 = PRESENTATION_STYLE_ASSIGNMENT (( #2006 ) ) ;
#832 = VERTEX_POINT ( 'NONE', #4346 ) ;
#833 = CARTESIAN_POINT ( 'NONE',  ( -23.85000000000000497, -112.2500000000000142, 3.450000000000008171 ) ) ;
#834 = CARTESIAN_POINT ( 'NONE',  ( 29.17999999999999261, -221.5000000000000000, 16.81091636418652868 ) ) ;
#835 = DIRECTION ( 'NONE',  ( 0.000000000000000000, -1.000000000000000000, 0.000000000000000000 ) ) ;
#836 = PLANE ( 'NONE',  #139 ) ;
#837 = AXIS2_PLACEMENT_3D ( 'NONE', #65, #2248, #4754 ) ;
#838 = CARTESIAN_POINT ( 'NONE',  ( -63.88000000000000966, -221.5000000000000000, -4.200000000000012612 ) ) ;
#839 = VERTEX_POINT ( 'NONE', #2357 ) ;
#840 = ORIENTED_EDGE ( 'NONE', *, *, #5421, .T. ) ;
#841 = VERTEX_POINT ( 'NONE', #1662 ) ;
#842 = UNCERTAINTY_MEASURE_WITH_UNIT (LENGTH_MEASURE( 1.000000000000000082E-05 ), #4139, 'distance_accuracy_value', 'NONE');
#843 = AXIS2_PLACEMENT_3D ( 'NONE', #997, #173, #3113 ) ;
#844 = ORIENTED_EDGE ( 'NONE', *, *, #2696, .T. ) ;
#845 = PRESENTATION_LAYER_ASSIGNMENT (  '', '', ( #5086 ) ) ;
#846 = PRESENTATION_LAYER_ASSIGNMENT (  '', '', ( #4731 ) ) ;
#847 = EDGE_CURVE ( 'NONE', #2262, #2262, #4840, .T. ) ;
#848 = FILL_AREA_STYLE ('',( #4271 ) ) ;
#849 = AXIS2_PLACEMENT_3D ( 'NONE', #5152, #501, #2148 ) ;
#850 = DIRECTION ( 'NONE',  ( 1.000000000000000000, 0.000000000000000000, 0.000000000000000000 ) ) ;
#851 = DIRECTION ( 'NONE',  ( -0.000000000000000000, 0.000000000000000000, 1.000000000000000000 ) ) ;
#852 = UNCERTAINTY_MEASURE_WITH_UNIT (LENGTH_MEASURE( 1.000000000000000082E-05 ), #1187, 'distance_accuracy_value', 'NONE');
#853 = DIRECTION ( 'NONE',  ( 0.000000000000000000, -1.000000000000000000, 0.000000000000000000 ) ) ;
#854 = PLANE ( 'NONE',  #3499 ) ;
#855 = EDGE_CURVE ( 'NONE', #609, #609, #5388, .T. ) ;
#856 = FILL_AREA_STYLE_COLOUR ( '', #5289 ) ;
#857 = VECTOR ( 'NONE', #2899, 1000.000000000000000 ) ;
#858 = STYLED_ITEM ( 'NONE', ( #1970 ), #3848 ) ;
#859 = UNCERTAINTY_MEASURE_WITH_UNIT (LENGTH_MEASURE( 1.000000000000000082E-05 ), #3521, 'distance_accuracy_value', 'NONE');
#860 = DIRECTION ( 'NONE',  ( -0.000000000000000000, -0.000000000000000000, -1.000000000000000000 ) ) ;
#861 = COLOUR_RGB ( '',0.5999999999999999778, 0.1607843137254901800, 0.7529411764705882248 ) ;
#862 = VECTOR ( 'NONE', #2948, 1000.000000000000000 ) ;
#863 = EDGE_LOOP ( 'NONE', ( #1037 ) ) ;
#864 = LINE ( 'NONE', #420, #1936 ) ;
#865 = PRESENTATION_STYLE_ASSIGNMENT (( #5409 ) ) ;
#866 = SURFACE_STYLE_USAGE ( .BOTH. , #546 ) ;
#867 = VERTEX_POINT ( 'NONE', #2840 ) ;
#868 = ORIENTED_EDGE ( 'NONE', *, *, #5115, .F. ) ;
#869 = ORIENTED_EDGE ( 'NONE', *, *, #1973, .F. ) ;
#870 = ORIENTED_EDGE ( 'NONE', *, *, #5378, .F. ) ;
#871 = EDGE_LOOP ( 'NONE', ( #3829 ) ) ;
#872 = MECHANICAL_DESIGN_GEOMETRIC_PRESENTATION_REPRESENTATION (  '', ( #1120 ), #2351 ) ;
#873 = DIRECTION ( 'NONE',  ( -1.000000000000000000, -0.000000000000000000, -0.000000000000000000 ) ) ;
#874 =( NAMED_UNIT ( * ) SI_UNIT ( $, .STERADIAN. ) SOLID_ANGLE_UNIT ( ) );
#875 = FACE_OUTER_BOUND ( 'NONE', #1302, .T. ) ;
#876 = FILL_AREA_STYLE ('',( #1723 ) ) ;
#877 = EDGE_CURVE ( 'NONE', #5157, #968, #4054, .T. ) ;
#878 = DIRECTION ( 'NONE',  ( -1.000000000000000000, 0.000000000000000000, 0.000000000000000000 ) ) ;
#879 = FACE_OUTER_BOUND ( 'NONE', #4502, .T. ) ;
#880 =( LENGTH_UNIT ( ) NAMED_UNIT ( * ) SI_UNIT ( .MILLI., .METRE. ) );
#881 = MECHANICAL_DESIGN_GEOMETRIC_PRESENTATION_REPRESENTATION (  '', ( #5 ), #5213 ) ;
#882 =( NAMED_UNIT ( * ) SI_UNIT ( $, .STERADIAN. ) SOLID_ANGLE_UNIT ( ) );
#883 = FACE_OUTER_BOUND ( 'NONE', #5262, .T. ) ;
#884 = EDGE_CURVE ( 'NONE', #3111, #3111, #3065, .T. ) ;
#885 = VECTOR ( 'NONE', #716, 1000.000000000000000 ) ;
#886 = FILL_AREA_STYLE_COLOUR ( '', #2964 ) ;
#887 = ORIENTED_EDGE ( 'NONE', *, *, #3346, .T. ) ;
#888 =( NAMED_UNIT ( * ) SI_UNIT ( $, .STERADIAN. ) SOLID_ANGLE_UNIT ( ) );
#889 = LINE ( 'NONE', #3843, #2371 ) ;
#890 = DIRECTION ( 'NONE',  ( -0.000000000000000000, 0.000000000000000000, -1.000000000000000000 ) ) ;
#891 = FACE_OUTER_BOUND ( 'NONE', #1594, .T. ) ;
#892 = CARTESIAN_POINT ( 'NONE',  ( 36.17999999999999261, -221.5000000000000000, 14.59054394820262779 ) ) ;
#893 = ORIENTED_EDGE ( 'NONE', *, *, #2124, .T. ) ;
#894 = EDGE_LOOP ( 'NONE', ( #4212 ) ) ;
#895 = ORIENTED_EDGE ( 'NONE', *, *, #2309, .F. ) ;
#896 = ORIENTED_EDGE ( 'NONE', *, *, #2716, .T. ) ;
#897 = SHAPE_DEFINITION_REPRESENTATION ( #2204, #4367 ) ;
#898 =( NAMED_UNIT ( * ) SI_UNIT ( $, .STERADIAN. ) SOLID_ANGLE_UNIT ( ) );
#899 = CARTESIAN_POINT ( 'NONE',  ( -32.36969722017663287, -249.7149660633790802, 18.70000000000000995 ) ) ;
#900 = ORIENTED_EDGE ( 'NONE', *, *, #5041, .F. ) ;
#901 = LINE ( 'NONE', #1413, #1652 ) ;
#902 = SURFACE_SIDE_STYLE ('',( #2160 ) ) ;
#903 = SURFACE_STYLE_FILL_AREA ( #876 ) ;
#904 = LINE ( 'NONE', #28, #3149 ) ;
#905 = LINE ( 'NONE', #3893, #947 ) ;
#906 = SURFACE_STYLE_FILL_AREA ( #1342 ) ;
#907 = UNCERTAINTY_MEASURE_WITH_UNIT (LENGTH_MEASURE( 1.000000000000000082E-05 ), #4548, 'distance_accuracy_value', 'NONE');
#908 = EDGE_CURVE ( 'NONE', #5218, #4245, #5347, .T. ) ;
#909 = CARTESIAN_POINT ( 'NONE',  ( -91.29304996976860309, -155.3170135074132929, 7.310916364186529570 ) ) ;
#910 = SURFACE_SIDE_STYLE ('',( #4698 ) ) ;
#911 = VERTEX_POINT ( 'NONE', #1387 ) ;
#912 = LINE ( 'NONE', #2145, #1699 ) ;
#913 = AXIS2_PLACEMENT_3D ( 'NONE', #5363, #5048, #4511 ) ;
#914 = LINE ( 'NONE', #1351, #518 ) ;
#915 = EDGE_CURVE ( 'NONE', #122, #1627, #3253, .T. ) ;
#916 = VECTOR ( 'NONE', #3128, 1000.000000000000000 ) ;
#917 = LINE ( 'NONE', #4261, #1520 ) ;
#918 =( NAMED_UNIT ( * ) PLANE_ANGLE_UNIT ( ) SI_UNIT ( $, .RADIAN. ) );
#919 =( GEOMETRIC_REPRESENTATION_CONTEXT ( 3 ) GLOBAL_UNCERTAINTY_ASSIGNED_CONTEXT ( ( #1674 ) ) GLOBAL_UNIT_ASSIGNED_CONTEXT ( ( #1199, #5403, #2496 ) ) REPRESENTATION_CONTEXT ( 'NONE', 'WORKASPACE' ) );
#920 = ORIENTED_EDGE ( 'NONE', *, *, #3419, .T. ) ;
#921 = FACE_BOUND ( 'NONE', #3059, .T. ) ;
#922 = ORIENTED_EDGE ( 'NONE', *, *, #3447, .T. ) ;
#923 = ORIENTED_EDGE ( 'NONE', *, *, #811, .F. ) ;
#924 = EDGE_CURVE ( 'NONE', #5412, #4234, #2232, .T. ) ;
#925 = COLOUR_RGB ( '',0.5999999999999999778, 0.1607843137254901800, 0.7529411764705882248 ) ;
#926 =( GEOMETRIC_REPRESENTATION_CONTEXT ( 3 ) GLOBAL_UNCERTAINTY_ASSIGNED_CONTEXT ( ( #1876 ) ) GLOBAL_UNIT_ASSIGNED_CONTEXT ( ( #4487, #5285, #1643 ) ) REPRESENTATION_CONTEXT ( 'NONE', 'WORKASPACE' ) );
#927 = ORIENTED_EDGE ( 'NONE', *, *, #4791, .T. ) ;
#928 = EDGE_LOOP ( 'NONE', ( #893 ) ) ;
#929 = PRESENTATION_STYLE_ASSIGNMENT (( #1166 ) ) ;
#930 = FILL_AREA_STYLE_COLOUR ( '', #4402 ) ;
#931 = STYLED_ITEM ( 'NONE', ( #1787 ), #3306 ) ;
#932 =( NAMED_UNIT ( * ) PLANE_ANGLE_UNIT ( ) SI_UNIT ( $, .RADIAN. ) );
#933 = DIRECTION ( 'NONE',  ( -0.8621037223969746366, -0.5067318539713879799, 0.000000000000000000 ) ) ;
#934 = CIRCLE ( 'NONE', #5360, 3.300000000000000711 ) ;
#935 = STYLED_ITEM ( 'NONE', ( #1198 ), #3665 ) ;
#936 =( LENGTH_UNIT ( ) NAMED_UNIT ( * ) SI_UNIT ( .MILLI., .METRE. ) );
#937 = ORIENTED_EDGE ( 'NONE', *, *, #104, .F. ) ;
#938 = DIRECTION ( 'NONE',  ( -0.000000000000000000, 0.000000000000000000, 1.000000000000000000 ) ) ;
#939 = FILL_AREA_STYLE_COLOUR ( '', #89 ) ;
#940 = PRESENTATION_LAYER_ASSIGNMENT (  '', '', ( #226 ) ) ;
#941 =( GEOMETRIC_REPRESENTATION_CONTEXT ( 3 ) GLOBAL_UNCERTAINTY_ASSIGNED_CONTEXT ( ( #734 ) ) GLOBAL_UNIT_ASSIGNED_CONTEXT ( ( #4834, #1453, #5341 ) ) REPRESENTATION_CONTEXT ( 'NONE', 'WORKASPACE' ) );
#942 = EDGE_CURVE ( 'NONE', #1379, #911, #4952, .T. ) ;
#943 = EDGE_LOOP ( 'NONE', ( #212, #5015, #1364, #3226, #2952, #5045, #5236, #1740, #2966, #4932, #1631, #2015, #3591, #2641, #169, #3959 ) ) ;
#944 = EDGE_LOOP ( 'NONE', ( #2506, #367, #3770, #5292, #1330, #3702, #617, #4090, #391, #2261, #4364, #2819 ) ) ;
#945 = ORIENTED_EDGE ( 'NONE', *, *, #5427, .T. ) ;
#946 = MECHANICAL_DESIGN_GEOMETRIC_PRESENTATION_REPRESENTATION (  '', ( #4459 ), #2090 ) ;
#947 = VECTOR ( 'NONE', #3872, 1000.000000000000000 ) ;
#948 = EDGE_CURVE ( 'NONE', #395, #5218, #2814, .T. ) ;
#949 = ORIENTED_EDGE ( 'NONE', *, *, #2996, .F. ) ;
#950 = CYLINDRICAL_SURFACE ( 'NONE', #1780, 6.599999999999990763 ) ;
#951 = AXIS2_PLACEMENT_3D ( 'NONE', #2677, #3831, #4790 ) ;
#952 = AXIS2_PLACEMENT_3D ( 'NONE', #2547, #129, #933 ) ;
#953 = SURFACE_STYLE_USAGE ( .BOTH. , #1366 ) ;
#954 = FILL_AREA_STYLE_COLOUR ( '', #3122 ) ;
#955 = CARTESIAN_POINT ( 'NONE',  ( 36.17999999999997840, -183.4300000000000068, 7.310916364186529570 ) ) ;
#956 = COLOUR_RGB ( '',0.5999999999999999778, 0.1607843137254901800, 0.7529411764705882248 ) ;
#957 = VECTOR ( 'NONE', #2997, 1000.000000000000114 ) ;
#958 = VERTEX_POINT ( 'NONE', #1797 ) ;
#959 = FACE_OUTER_BOUND ( 'NONE', #3309, .T. ) ;
#960 = DIRECTION ( 'NONE',  ( 0.000000000000000000, 0.000000000000000000, 1.000000000000000000 ) ) ;
#961 = VECTOR ( 'NONE', #3596, 1000.000000000000114 ) ;
#962 = VERTEX_POINT ( 'NONE', #705 ) ;
#963 = VERTEX_POINT ( 'NONE', #3961 ) ;
#964 = VECTOR ( 'NONE', #4493, 999.9999999999998863 ) ;
#965 =( NAMED_UNIT ( * ) SI_UNIT ( $, .STERADIAN. ) SOLID_ANGLE_UNIT ( ) );
#966 = EDGE_CURVE ( 'NONE', #1336, #1817, #3066, .T. ) ;
#967 = ORIENTED_EDGE ( 'NONE', *, *, #575, .F. ) ;
#968 = VERTEX_POINT ( 'NONE', #1437 ) ;
#969 = LINE ( 'NONE', #4270, #5287 ) ;
#970 = DIRECTION ( 'NONE',  ( 0.000000000000000000, 1.000000000000000000, 0.000000000000000000 ) ) ;
#971 = DIRECTION ( 'NONE',  ( 0.000000000000000000, -1.000000000000000000, -0.000000000000000000 ) ) ;
#972 = ADVANCED_FACE ( 'NONE', ( #4082 ), #557, .F. ) ;
#973 = PRESENTATION_LAYER_ASSIGNMENT (  '', '', ( #2645 ) ) ;
#974 = FILL_AREA_STYLE ('',( #5199 ) ) ;
#975 = CARTESIAN_POINT ( 'NONE',  ( 44.14999999999990621, -173.5000000000000000, -1.200000000000062128 ) ) ;
#976 = CARTESIAN_POINT ( 'NONE',  ( 41.14999999999987779, -249.7149660633790802, -32.30000000000000426 ) ) ;
#977 = EDGE_CURVE ( 'NONE', #963, #867, #3345, .T. ) ;
#978 = SURFACE_SIDE_STYLE ('',( #5172 ) ) ;
#979 = COLOUR_RGB ( '',0.5999999999999999778, 0.1607843137254901800, 0.7529411764705882248 ) ;
#980 = DIRECTION ( 'NONE',  ( 0.000000000000000000, 0.000000000000000000, -1.000000000000000000 ) ) ;
#981 = EDGE_LOOP ( 'NONE', ( #2152, #2700, #3063, #3478, #2226 ) ) ;
#982 = DIRECTION ( 'NONE',  ( 0.8621037223969737484, -0.5067318539713894232, -0.000000000000000000 ) ) ;
#983 = DIRECTION ( 'NONE',  ( -0.000000000000000000, 0.000000000000000000, -1.000000000000000000 ) ) ;
#984 = LINE ( 'NONE', #5230, #3271 ) ;
#985 = COLOUR_RGB ( '',0.5999999999999999778, 0.1607843137254901800, 0.7529411764705882248 ) ;
#986 =( NAMED_UNIT ( * ) SI_UNIT ( $, .STERADIAN. ) SOLID_ANGLE_UNIT ( ) );
#987 = EDGE_CURVE ( 'NONE', #1458, #2811, #2010, .T. ) ;
#988 = STYLED_ITEM ( 'NONE', ( #2573 ), #2376 ) ;
#989 = CARTESIAN_POINT ( 'NONE',  ( -21.34999999999998010, -132.4999999999999716, 13.80000000000000071 ) ) ;
#990 = ORIENTED_EDGE ( 'NONE', *, *, #1745, .F. ) ;
#991 = VERTEX_POINT ( 'NONE', #5038 ) ;
#992 = MECHANICAL_DESIGN_GEOMETRIC_PRESENTATION_REPRESENTATION (  '', ( #1258 ), #4185 ) ;
#993 = ORIENTED_EDGE ( 'NONE', *, *, #3154, .T. ) ;
#994 =( GEOMETRIC_REPRESENTATION_CONTEXT ( 3 ) GLOBAL_UNCERTAINTY_ASSIGNED_CONTEXT ( ( #4669 ) ) GLOBAL_UNIT_ASSIGNED_CONTEXT ( ( #1589, #3693, #769 ) ) REPRESENTATION_CONTEXT ( 'NONE', 'WORKASPACE' ) );
#995 = ORIENTED_EDGE ( 'NONE', *, *, #4327, .F. ) ;
#996 = FILL_AREA_STYLE_COLOUR ( '', #4750 ) ;
#997 = CARTESIAN_POINT ( 'NONE',  ( 0.000000000000000000, 0.000000000000000000, 7.310916364186529570 ) ) ;
#998 = MECHANICAL_DESIGN_GEOMETRIC_PRESENTATION_REPRESENTATION (  '', ( #3194 ), #2589 ) ;
#999 = DIRECTION ( 'NONE',  ( -1.000000000000000000, 0.000000000000000000, 0.000000000000000000 ) ) ;
#1000 = DIRECTION ( 'NONE',  ( 0.000000000000000000, -0.000000000000000000, -1.000000000000000000 ) ) ;
#1001 = EDGE_CURVE ( 'NONE', #962, #3160, #5062, .T. ) ;
#1002 = CARTESIAN_POINT ( 'NONE',  ( 10.15000000000000568, -53.50000000000000711, -32.30000000000000426 ) ) ;
#1003 =( NAMED_UNIT ( * ) PLANE_ANGLE_UNIT ( ) SI_UNIT ( $, .RADIAN. ) );
#1004 =( GEOMETRIC_REPRESENTATION_CONTEXT ( 3 ) GLOBAL_UNCERTAINTY_ASSIGNED_CONTEXT ( ( #286 ) ) GLOBAL_UNIT_ASSIGNED_CONTEXT ( ( #1014, #2702, #191 ) ) REPRESENTATION_CONTEXT ( 'NONE', 'WORKASPACE' ) );
#1005 = EDGE_CURVE ( 'NONE', #4432, #1562, #802, .T. ) ;
#1006 = ORIENTED_EDGE ( 'NONE', *, *, #6, .F. ) ;
#1007 = CARTESIAN_POINT ( 'NONE',  ( -1.330302779823358872, -263.5000000000000000, 12.80000000000000249 ) ) ;
#1008 = AXIS2_PLACEMENT_3D ( 'NONE', #794, #374, #1580 ) ;
#1009 = LINE ( 'NONE', #597, #3047 ) ;
#1010 = COLOUR_RGB ( '',0.5999999999999999778, 0.1607843137254901800, 0.7529411764705882248 ) ;
#1011 = FILL_AREA_STYLE_COLOUR ( '', #204 ) ;
#1012 = ORIENTED_EDGE ( 'NONE', *, *, #3813, .F. ) ;
#1013 = UNCERTAINTY_MEASURE_WITH_UNIT (LENGTH_MEASURE( 1.000000000000000082E-05 ), #2973, 'distance_accuracy_value', 'NONE');
#1014 =( LENGTH_UNIT ( ) NAMED_UNIT ( * ) SI_UNIT ( .MILLI., .METRE. ) );
#1015 = PRESENTATION_LAYER_ASSIGNMENT (  '', '', ( #3414 ) ) ;
#1016 = ORIENTED_EDGE ( 'NONE', *, *, #1174, .T. ) ;
#1017 = COLOUR_RGB ( '',0.5999999999999999778, 0.1607843137254901800, 0.7529411764705882248 ) ;
#1018 = CARTESIAN_POINT ( 'NONE',  ( 0.000000000000000000, -132.4999999999999716, 18.70000000000000995 ) ) ;
#1019 = DIRECTION ( 'NONE',  ( 0.000000000000000000, 0.000000000000000000, 1.000000000000000000 ) ) ;
#1020 =( LENGTH_UNIT ( ) NAMED_UNIT ( * ) SI_UNIT ( .MILLI., .METRE. ) );
#1021 = FACE_BOUND ( 'NONE', #1818, .T. ) ;
#1022 = PRESENTATION_STYLE_ASSIGNMENT (( #1418 ) ) ;
#1023 = VECTOR ( 'NONE', #3489, 1000.000000000000000 ) ;
#1024 = DIRECTION ( 'NONE',  ( 0.000000000000000000, 1.000000000000000000, -0.000000000000000000 ) ) ;
#1025 = PRESENTATION_STYLE_ASSIGNMENT (( #1854 ) ) ;
#1026 = ADVANCED_FACE ( 'NONE', ( #3281 ), #3729, .F. ) ;
#1027 = SURFACE_STYLE_USAGE ( .BOTH. , #910 ) ;
#1028 = LINE ( 'NONE', #4802, #4877 ) ;
#1029 = PRESENTATION_LAYER_ASSIGNMENT (  '', '', ( #3516 ) ) ;
#1030 = CARTESIAN_POINT ( 'NONE',  ( 83.15000000000010516, -173.5000000000000000, -16.20000000000005969 ) ) ;
#1031 = ADVANCED_FACE ( 'NONE', ( #5439 ), #1592, .F. ) ;
#1032 = CARTESIAN_POINT ( 'NONE',  ( -6.349999999999980993, -117.5000000000000142, 15.45000000000000817 ) ) ;
#1033 = COLOUR_RGB ( '',0.5999999999999999778, 0.1607843137254901800, 0.7529411764705882248 ) ;
#1034 = DIRECTION ( 'NONE',  ( 1.000000000000000000, 0.000000000000000000, -0.000000000000000000 ) ) ;
#1035 = PRESENTATION_STYLE_ASSIGNMENT (( #4024 ) ) ;
#1036 = DIRECTION ( 'NONE',  ( 0.000000000000000000, -0.000000000000000000, 1.000000000000000000 ) ) ;
#1037 = ORIENTED_EDGE ( 'NONE', *, *, #340, .T. ) ;
#1038 = ORIENTED_EDGE ( 'NONE', *, *, #1273, .T. ) ;
#1039 = VECTOR ( 'NONE', #2198, 1000.000000000000000 ) ;
#1040 = FILL_AREA_STYLE ('',( #1916 ) ) ;
#1041 =( LENGTH_UNIT ( ) NAMED_UNIT ( * ) SI_UNIT ( .MILLI., .METRE. ) );
#1042 = FACE_BOUND ( 'NONE', #1271, .T. ) ;
#1043 = STYLED_ITEM ( 'NONE', ( #2325 ), #1617 ) ;
#1044 = ORIENTED_EDGE ( 'NONE', *, *, #915, .F. ) ;
#1045 = ORIENTED_EDGE ( 'NONE', *, *, #1790, .F. ) ;
#1046 = VERTEX_POINT ( 'NONE', #4469 ) ;
#1047 = CARTESIAN_POINT ( 'NONE',  ( 10.15000000000000568, -43.50000000000007105, -32.30000000000000426 ) ) ;
#1048 = LINE ( 'NONE', #4670, #3948 ) ;
#1049 = FILL_AREA_STYLE_COLOUR ( '', #3509 ) ;
#1050 =( NAMED_UNIT ( * ) PLANE_ANGLE_UNIT ( ) SI_UNIT ( $, .RADIAN. ) );
#1051 = CARTESIAN_POINT ( 'NONE',  ( 36.17999999999999261, -214.5000000000000284, 10.31091636418653046 ) ) ;
#1052 = UNCERTAINTY_MEASURE_WITH_UNIT (LENGTH_MEASURE( 1.000000000000000082E-05 ), #4365, 'distance_accuracy_value', 'NONE');
#1053 = MECHANICAL_DESIGN_GEOMETRIC_PRESENTATION_REPRESENTATION (  '', ( #4415 ), #2126 ) ;
#1054 = PRESENTATION_STYLE_ASSIGNMENT (( #4457 ) ) ;
#1055 = SURFACE_STYLE_USAGE ( .BOTH. , #4854 ) ;
#1056 = LINE ( 'NONE', #2774, #4102 ) ;
#1057 = DIRECTION ( 'NONE',  ( 0.000000000000000000, -0.000000000000000000, 1.000000000000000000 ) ) ;
#1058 = FACE_OUTER_BOUND ( 'NONE', #813, .T. ) ;
#1059 = ORIENTED_EDGE ( 'NONE', *, *, #731, .F. ) ;
#1060 = ADVANCED_FACE ( 'NONE', ( #2640 ), #3456, .F. ) ;
#1061 = CARTESIAN_POINT ( 'NONE',  ( 41.14999999999989910, -57.28503393662091980, 3.700000000000036593 ) ) ;
#1062 =( GEOMETRIC_REPRESENTATION_CONTEXT ( 3 ) GLOBAL_UNCERTAINTY_ASSIGNED_CONTEXT ( ( #4943 ) ) GLOBAL_UNIT_ASSIGNED_CONTEXT ( ( #1644, #3335, #351 ) ) REPRESENTATION_CONTEXT ( 'NONE', 'WORKASPACE' ) );
#1063 = AXIS2_PLACEMENT_3D ( 'NONE', #2953, #3694, #1681 ) ;
#1064 = SURFACE_SIDE_STYLE ('',( #2971 ) ) ;
#1065 = PRESENTATION_LAYER_ASSIGNMENT (  '', '', ( #3179 ) ) ;
#1066 = CARTESIAN_POINT ( 'NONE',  ( -13.85000000000000497, -233.5000000000000000, 31.71076477383246583 ) ) ;
#1067 = VERTEX_POINT ( 'NONE', #4702 ) ;
#1068 = EDGE_CURVE ( 'NONE', #4394, #4394, #3439, .T. ) ;
#1069 = ORIENTED_EDGE ( 'NONE', *, *, #1465, .F. ) ;
#1070 = DIRECTION ( 'NONE',  ( 0.000000000000000000, 0.000000000000000000, 1.000000000000000000 ) ) ;
#1071 = LINE ( 'NONE', #2757, #1426 ) ;
#1072 = VECTOR ( 'NONE', #4486, 1000.000000000000000 ) ;
#1073 = EDGE_CURVE ( 'NONE', #2892, #4842, #3925, .T. ) ;
#1074 =( LENGTH_UNIT ( ) NAMED_UNIT ( * ) SI_UNIT ( .MILLI., .METRE. ) );
#1075 = LINE ( 'NONE', #4447, #885 ) ;
#1076 =( NAMED_UNIT ( * ) PLANE_ANGLE_UNIT ( ) SI_UNIT ( $, .RADIAN. ) );
#1077 = LINE ( 'NONE', #2968, #3671 ) ;
#1078 = SURFACE_STYLE_FILL_AREA ( #5306 ) ;
#1079 = COLOUR_RGB ( '',0.5999999999999999778, 0.1607843137254901800, 0.7529411764705882248 ) ;
#1080 = STYLED_ITEM ( 'NONE', ( #5144 ), #2859 ) ;
#1081 = SURFACE_STYLE_USAGE ( .BOTH. , #3604 ) ;
#1082 = CARTESIAN_POINT ( 'NONE',  ( -35.34999999999999432, -110.9999999999999716, 6.700000000000008171 ) ) ;
#1083 = VECTOR ( 'NONE', #2065, 1000.000000000000000 ) ;
#1084 = PRESENTATION_STYLE_ASSIGNMENT (( #1055 ) ) ;
#1085 = CARTESIAN_POINT ( 'NONE',  ( -35.35000000000000142, -68.00000000000000000, 23.79999999999999361 ) ) ;
#1086 = FACE_BOUND ( 'NONE', #3616, .T. ) ;
#1087 = ORIENTED_EDGE ( 'NONE', *, *, #623, .F. ) ;
#1088 = CIRCLE ( 'NONE', #3037, 1.249999999999999334 ) ;
#1089 = ORIENTED_EDGE ( 'NONE', *, *, #977, .F. ) ;
#1090 =( NAMED_UNIT ( * ) PLANE_ANGLE_UNIT ( ) SI_UNIT ( $, .RADIAN. ) );
#1091 = MECHANICAL_DESIGN_GEOMETRIC_PRESENTATION_REPRESENTATION (  '', ( #3210 ), #1374 ) ;
#1092 = EDGE_CURVE ( 'NONE', #991, #839, #544, .T. ) ;
#1093 = VECTOR ( 'NONE', #1260, 1000.000000000000000 ) ;
#1094 = EDGE_CURVE ( 'NONE', #630, #630, #2898, .T. ) ;
#1095 = LINE ( 'NONE', #2331, #3117 ) ;
#1096 = EDGE_LOOP ( 'NONE', ( #1767, #1792, #2075, #4383, #18 ) ) ;
#1097 = ORIENTED_EDGE ( 'NONE', *, *, #3337, .T. ) ;
#1098 = VERTEX_POINT ( 'NONE', #2555 ) ;
#1099 = CARTESIAN_POINT ( 'NONE',  ( 44.14999999999990621, -173.5000000000000000, -3.750000000000057288 ) ) ;
#1100 =( GEOMETRIC_REPRESENTATION_CONTEXT ( 3 ) GLOBAL_UNCERTAINTY_ASSIGNED_CONTEXT ( ( #3996 ) ) GLOBAL_UNIT_ASSIGNED_CONTEXT ( ( #2023, #4631, #4989 ) ) REPRESENTATION_CONTEXT ( 'NONE', 'WORKASPACE' ) );
#1101 = AXIS2_PLACEMENT_3D ( 'NONE', #88, #4777, #980 ) ;
#1102 =( LENGTH_UNIT ( ) NAMED_UNIT ( * ) SI_UNIT ( .MILLI., .METRE. ) );
#1103 = EDGE_CURVE ( 'NONE', #832, #3735, #914, .T. ) ;
#1104 = FACE_BOUND ( 'NONE', #2646, .T. ) ;
#1105 = COLOUR_RGB ( '',0.5999999999999999778, 0.1607843137254901800, 0.7529411764705882248 ) ;
#1106 = COLOUR_RGB ( '',0.5999999999999999778, 0.1607843137254901800, 0.7529411764705882248 ) ;
#1107 = DIRECTION ( 'NONE',  ( -1.000000000000000000, -1.239088197126290570E-16, 0.000000000000000000 ) ) ;
#1108 = ORIENTED_EDGE ( 'NONE', *, *, #2019, .F. ) ;
#1109 =( LENGTH_UNIT ( ) NAMED_UNIT ( * ) SI_UNIT ( .MILLI., .METRE. ) );
#1110 = SURFACE_STYLE_FILL_AREA ( #1604 ) ;
#1111 =( NAMED_UNIT ( * ) PLANE_ANGLE_UNIT ( ) SI_UNIT ( $, .RADIAN. ) );
#1112 = UNCERTAINTY_MEASURE_WITH_UNIT (LENGTH_MEASURE( 1.000000000000000082E-05 ), #4782, 'distance_accuracy_value', 'NONE');
#1113 = MECHANICAL_DESIGN_GEOMETRIC_PRESENTATION_REPRESENTATION (  '', ( #1464 ), #4113 ) ;
#1114 =( GEOMETRIC_REPRESENTATION_CONTEXT ( 3 ) GLOBAL_UNCERTAINTY_ASSIGNED_CONTEXT ( ( #1934 ) ) GLOBAL_UNIT_ASSIGNED_CONTEXT ( ( #4067, #2709, #1960 ) ) REPRESENTATION_CONTEXT ( 'NONE', 'WORKASPACE' ) );
#1115 = LINE ( 'NONE', #5309, #3019 ) ;
#1116 = UNCERTAINTY_MEASURE_WITH_UNIT (LENGTH_MEASURE( 1.000000000000000082E-05 ), #2882, 'distance_accuracy_value', 'NONE');
#1117 = SURFACE_STYLE_USAGE ( .BOTH. , #2803 ) ;
#1118 = CARTESIAN_POINT ( 'NONE',  ( -63.88000000000000966, -176.4300000000000068, 14.59054394820262068 ) ) ;
#1119 = DIRECTION ( 'NONE',  ( -0.000000000000000000, -0.000000000000000000, 1.000000000000000000 ) ) ;
#1120 = STYLED_ITEM ( 'NONE', ( #3684 ), #715 ) ;
#1121 = PRESENTATION_STYLE_ASSIGNMENT (( #2300 ) ) ;
#1122 = ORIENTED_EDGE ( 'NONE', *, *, #3858, .F. ) ;
#1123 =( NAMED_UNIT ( * ) PLANE_ANGLE_UNIT ( ) SI_UNIT ( $, .RADIAN. ) );
#1124 = DIRECTION ( 'NONE',  ( 0.000000000000000000, 0.000000000000000000, -1.000000000000000000 ) ) ;
#1125 =( NAMED_UNIT ( * ) SI_UNIT ( $, .STERADIAN. ) SOLID_ANGLE_UNIT ( ) );
#1126 = MECHANICAL_DESIGN_GEOMETRIC_PRESENTATION_REPRESENTATION (  '', ( #598 ), #2623 ) ;
#1127 = CARTESIAN_POINT ( 'NONE',  ( 75.28609883437015071, -146.0169608473403287, -21.10132754336386895 ) ) ;
#1128 = ORIENTED_EDGE ( 'NONE', *, *, #4224, .T. ) ;
#1129 = EDGE_LOOP ( 'NONE', ( #4441 ) ) ;
#1130 =( GEOMETRIC_REPRESENTATION_CONTEXT ( 3 ) GLOBAL_UNCERTAINTY_ASSIGNED_CONTEXT ( ( #4111 ) ) GLOBAL_UNIT_ASSIGNED_CONTEXT ( ( #1440, #2234, #177 ) ) REPRESENTATION_CONTEXT ( 'NONE', 'WORKASPACE' ) );
#1131 = ORIENTED_EDGE ( 'NONE', *, *, #372, .T. ) ;
#1132 = SURFACE_SIDE_STYLE ('',( #3230 ) ) ;
#1133 =( NAMED_UNIT ( * ) SI_UNIT ( $, .STERADIAN. ) SOLID_ANGLE_UNIT ( ) );
#1134 = COLOUR_RGB ( '',0.5999999999999999778, 0.1607843137254901800, 0.7529411764705882248 ) ;
#1135 = SURFACE_SIDE_STYLE ('',( #4870 ) ) ;
#1136 =( LENGTH_UNIT ( ) NAMED_UNIT ( * ) SI_UNIT ( .MILLI., .METRE. ) );
#1137 = ORIENTED_EDGE ( 'NONE', *, *, #3272, .F. ) ;
#1138 =( LENGTH_UNIT ( ) NAMED_UNIT ( * ) SI_UNIT ( .MILLI., .METRE. ) );
#1139 = SURFACE_STYLE_USAGE ( .BOTH. , #1903 ) ;
#1140 = EDGE_CURVE ( 'NONE', #4292, #3343, #5125, .T. ) ;
#1141 = LINE ( 'NONE', #4124, #1657 ) ;
#1142 = CARTESIAN_POINT ( 'NONE',  ( 44.14999999999990621, -249.7149660633790802, 0.000000000000000000 ) ) ;
#1143 = APPLICATION_CONTEXT ( 'automotive_design' ) ;
#1144 = EDGE_CURVE ( 'NONE', #4917, #1304, #2147, .T. ) ;
#1145 = FACE_OUTER_BOUND ( 'NONE', #1277, .T. ) ;
#1146 = DIRECTION ( 'NONE',  ( 1.000000000000000000, -0.000000000000000000, -0.000000000000000000 ) ) ;
#1147 = DIRECTION ( 'NONE',  ( -1.000000000000000000, 1.632680918566411526E-15, 0.000000000000000000 ) ) ;
#1148 = COLOUR_RGB ( '',0.5999999999999999778, 0.1607843137254901800, 0.7529411764705882248 ) ;
#1149 = LINE ( 'NONE', #735, #1406 ) ;
#1150 = ORIENTED_EDGE ( 'NONE', *, *, #3869, .F. ) ;
#1151 = CARTESIAN_POINT ( 'NONE',  ( -41.85000000000000142, -68.00000000000000000, 6.700000000000008171 ) ) ;
#1152 = PLANE ( 'NONE',  #1063 ) ;
#1153 = CARTESIAN_POINT ( 'NONE',  ( -23.85000000000000142, -121.2500000000000142, 15.45000000000000817 ) ) ;
#1154 = DIRECTION ( 'NONE',  ( 0.000000000000000000, -1.000000000000000000, 0.000000000000000000 ) ) ;
#1155 = LINE ( 'NONE', #1949, #2514 ) ;
#1156 = VERTEX_POINT ( 'NONE', #2139 ) ;
#1157 = CARTESIAN_POINT ( 'NONE',  ( 4.669697220176630914, -256.5000000000000000, 8.700000000000008171 ) ) ;
#1158 = ORIENTED_EDGE ( 'NONE', *, *, #3511, .T. ) ;
#1159 = ORIENTED_EDGE ( 'NONE', *, *, #3669, .T. ) ;
#1160 = VERTEX_POINT ( 'NONE', #2510 ) ;
#1161 = FILL_AREA_STYLE_COLOUR ( '', #3627 ) ;
#1162 = PRESENTATION_LAYER_ASSIGNMENT (  '', '', ( #4788 ) ) ;
#1163 = DIRECTION ( 'NONE',  ( 1.000000000000000000, 0.000000000000000000, 0.000000000000000000 ) ) ;
#1164 = FACE_OUTER_BOUND ( 'NONE', #5135, .T. ) ;
#1165 = MECHANICAL_DESIGN_GEOMETRIC_PRESENTATION_REPRESENTATION (  '', ( #3179 ), #3018 ) ;
#1166 = SURFACE_STYLE_USAGE ( .BOTH. , #4966 ) ;
#1167 = CARTESIAN_POINT ( 'NONE',  ( -13.85000000000000497, -73.50000000000000000, 1.700000000000007061 ) ) ;
#1168 = UNCERTAINTY_MEASURE_WITH_UNIT (LENGTH_MEASURE( 1.000000000000000082E-05 ), #3223, 'distance_accuracy_value', 'NONE');
#1169 = CARTESIAN_POINT ( 'NONE',  ( -21.34999999999998010, -132.4999999999999716, 23.80000000000000071 ) ) ;
#1170 = PRESENTATION_LAYER_ASSIGNMENT (  '', '', ( #3288 ) ) ;
#1171 = EDGE_CURVE ( 'NONE', #4925, #5324, #3420, .T. ) ;
#1172 = VECTOR ( 'NONE', #1966, 1000.000000000000000 ) ;
#1173 = FILL_AREA_STYLE ('',( #4549 ) ) ;
#1174 = EDGE_CURVE ( 'NONE', #5353, #3437, #5027, .T. ) ;
#1175 = VECTOR ( 'NONE', #5076, 1000.000000000000000 ) ;
#1176 = ORIENTED_EDGE ( 'NONE', *, *, #164, .T. ) ;
#1177 = PRESENTATION_STYLE_ASSIGNMENT (( #4978 ) ) ;
#1178 = FILL_AREA_STYLE ('',( #3760 ) ) ;
#1179 = CARTESIAN_POINT ( 'NONE',  ( -23.85000000000000497, -121.2500000000000142, 3.450000000000008171 ) ) ;
#1180 = EDGE_LOOP ( 'NONE', ( #3379 ) ) ;
#1181 = EDGE_LOOP ( 'NONE', ( #4281 ) ) ;
#1182 = CARTESIAN_POINT ( 'NONE',  ( -1.330302779823358872, -256.5000000000000000, 9.500000000000001776 ) ) ;
#1183 = LINE ( 'NONE', #2822, #5165 ) ;
#1184 = VECTOR ( 'NONE', #1333, 1000.000000000000000 ) ;
#1185 = VERTEX_POINT ( 'NONE', #3331 ) ;
#1186 = CIRCLE ( 'NONE', #5000, 3.300000000000002487 ) ;
#1187 =( LENGTH_UNIT ( ) NAMED_UNIT ( * ) SI_UNIT ( .MILLI., .METRE. ) );
#1188 = LINE ( 'NONE', #665, #3407 ) ;
#1189 = STYLED_ITEM ( 'NONE', ( #3666 ), #4709 ) ;
#1190 = STYLED_ITEM ( 'NONE', ( #1084 ), #3953 ) ;
#1191 = LINE ( 'NONE', #4607, #4843 ) ;
#1192 = LINE ( 'NONE', #2888, #3315 ) ;
#1193 =( LENGTH_UNIT ( ) NAMED_UNIT ( * ) SI_UNIT ( .MILLI., .METRE. ) );
#1194 = CARTESIAN_POINT ( 'NONE',  ( 14.15000000000001634, -111.0000000000000000, 23.80000000000000071 ) ) ;
#1195 = FILL_AREA_STYLE_COLOUR ( '', #5238 ) ;
#1196 = EDGE_CURVE ( 'NONE', #5477, #43, #793, .T. ) ;
#1197 = LINE ( 'NONE', #765, #862 ) ;
#1198 = PRESENTATION_STYLE_ASSIGNMENT (( #5002 ) ) ;
#1199 =( LENGTH_UNIT ( ) NAMED_UNIT ( * ) SI_UNIT ( .MILLI., .METRE. ) );
#1200 = FILL_AREA_STYLE ('',( #1231 ) ) ;
#1201 = ORIENTED_EDGE ( 'NONE', *, *, #4899, .T. ) ;
#1202 = LINE ( 'NONE', #1233, #4167 ) ;
#1203 = DIRECTION ( 'NONE',  ( 0.8621037223969746366, -0.5067318539713878689, 0.000000000000000000 ) ) ;
#1204 = EDGE_CURVE ( 'NONE', #2064, #3437, #904, .T. ) ;
#1205 = DIRECTION ( 'NONE',  ( 0.000000000000000000, -1.000000000000000000, 0.000000000000000000 ) ) ;
#1206 = MECHANICAL_DESIGN_GEOMETRIC_PRESENTATION_REPRESENTATION (  '', ( #3876 ), #4306 ) ;
#1207 = EDGE_LOOP ( 'NONE', ( #2597 ) ) ;
#1208 = EDGE_LOOP ( 'NONE', ( #3326, #5036, #652, #117, #3795, #3015, #5102, #1758, #4107, #1954, #3725, #4956 ) ) ;
#1209 = VERTEX_POINT ( 'NONE', #2490 ) ;
#1210 = ORIENTED_EDGE ( 'NONE', *, *, #3150, .F. ) ;
#1211 = CARTESIAN_POINT ( 'NONE',  ( -68.84999999999995168, -176.0499999999999829, -1.200000000000062128 ) ) ;
#1212 = EDGE_CURVE ( 'NONE', #2387, #2446, #1191, .T. ) ;
#1213 = STYLED_ITEM ( 'NONE', ( #3518 ), #972 ) ;
#1214 = DIRECTION ( 'NONE',  ( -1.000000000000000000, -0.000000000000000000, -0.000000000000000000 ) ) ;
#1215 = ORIENTED_EDGE ( 'NONE', *, *, #1237, .F. ) ;
#1216 = LINE ( 'NONE', #4964, #2511 ) ;
#1217 = FILL_AREA_STYLE_COLOUR ( '', #4382 ) ;
#1218 = CARTESIAN_POINT ( 'NONE',  ( 41.14999999999989200, -249.7149660633791086, 3.700000000000026823 ) ) ;
#1219 = CARTESIAN_POINT ( 'NONE',  ( -1.330302779823358872, -391.5000000000000568, 12.80000000000000249 ) ) ;
#1220 = MECHANICAL_DESIGN_GEOMETRIC_PRESENTATION_REPRESENTATION (  '', ( #522 ), #5130 ) ;
#1221 = DIRECTION ( 'NONE',  ( -0.000000000000000000, -1.000000000000000000, -9.011550524554843201E-17 ) ) ;
#1222 =( LENGTH_UNIT ( ) NAMED_UNIT ( * ) SI_UNIT ( .MILLI., .METRE. ) );
#1223 = FILL_AREA_STYLE ('',( #3364 ) ) ;
#1224 = CARTESIAN_POINT ( 'NONE',  ( 41.14999999999989200, -226.5000000000001421, 3.700000000000027711 ) ) ;
#1225 = CARTESIAN_POINT ( 'NONE',  ( -48.20427119293208307, -176.4300000000000068, 18.70000000000001705 ) ) ;
#1226 = UNCERTAINTY_MEASURE_WITH_UNIT (LENGTH_MEASURE( 1.000000000000000082E-05 ), #1136, 'distance_accuracy_value', 'NONE');
#1227 = SURFACE_STYLE_USAGE ( .BOTH. , #2002 ) ;
#1228 = COLOUR_RGB ( '',0.5999999999999999778, 0.1607843137254901800, 0.7529411764705882248 ) ;
#1229 = DIRECTION ( 'NONE',  ( -1.000000000000000000, 0.000000000000000000, -0.000000000000000000 ) ) ;
#1230 =( NAMED_UNIT ( * ) SI_UNIT ( $, .STERADIAN. ) SOLID_ANGLE_UNIT ( ) );
#1231 = FILL_AREA_STYLE_COLOUR ( '', #4049 ) ;
#1232 = ORIENTED_EDGE ( 'NONE', *, *, #396, .T. ) ;
#1233 = CARTESIAN_POINT ( 'NONE',  ( -6.349999999999980993, -121.2500000000000142, 6.700000000000008171 ) ) ;
#1234 = CARTESIAN_POINT ( 'NONE',  ( -48.20427119293210438, -249.7149660633790802, 18.70000000000000995 ) ) ;
#1235 = PRESENTATION_STYLE_ASSIGNMENT (( #742 ) ) ;
#1236 = DIRECTION ( 'NONE',  ( -1.000000000000000000, 0.000000000000000000, 0.000000000000000000 ) ) ;
#1237 = EDGE_CURVE ( 'NONE', #1358, #4654, #1284, .T. ) ;
#1238 = EDGE_LOOP ( 'NONE', ( #1658, #3187, #4181, #4924, #2014, #2171, #3442, #1448 ) ) ;
#1239 = ORIENTED_EDGE ( 'NONE', *, *, #1468, .T. ) ;
#1240 = ORIENTED_EDGE ( 'NONE', *, *, #2566, .T. ) ;
#1241 = CARTESIAN_POINT ( 'NONE',  ( -20.45000000000001350, -73.50000000000000000, -2.549999999999991829 ) ) ;
#1242 = CLOSED_SHELL ( 'NONE', ( #3504, #3356, #5246, #3679, #972, #4076, #42, #3607, #1026, #1939, #4709, #4835, #1984, #3032, #2343, #4010, #2650, #4161, #2158, #417, #768, #1773, #2335, #2437, #267, #5139, #4356, #4547, #3232, #4664, #3205, #4320, #457, #4890, #4417, #3265, #2219, #2931, #5071, #2480, #1568, #157, #5210, #4853, #2859, #2939, #3782, #471, #1060, #3982, #1353, #2376, #1380, #642, #4634, #4528, #2743, #3118, #3929, #778, #2788, #4470, #3749, #1416, #5247, #443, #3953, #1617, #4260, #2598, #2867, #531, #3224, #2489, #3848, #2689, #3963, #2372, #131, #4600, #2522, #5203, #5464, #1031, #1877, #1312, #715, #3027, #4143, #4859, #3188, #2349, #595, #2180, #3562, #4108, #2050, #4969, #2913, #1845, #2093, #506, #5278, #1774, #4733, #743, #2827, #3193, #1243, #1823, #3306, #5386, #3441, #2621, #2854, #4513, #2627, #5035 ) ) ;
#1243 = ADVANCED_FACE ( 'NONE', ( #1639, #2521 ), #3748, .F. ) ;
#1244 = MECHANICAL_DESIGN_GEOMETRIC_PRESENTATION_REPRESENTATION (  '', ( #1690 ), #2565 ) ;
#1245 = ORIENTED_EDGE ( 'NONE', *, *, #855, .T. ) ;
#1246 =( LENGTH_UNIT ( ) NAMED_UNIT ( * ) SI_UNIT ( .MILLI., .METRE. ) );
#1247 = DIRECTION ( 'NONE',  ( -1.092739197465705041E-16, -1.000000000000000000, 0.000000000000000000 ) ) ;
#1248 = VECTOR ( 'NONE', #316, 1000.000000000000000 ) ;
#1249 = CYLINDRICAL_SURFACE ( 'NONE', #2397, 3.300000000000000711 ) ;
#1250 = FACE_OUTER_BOUND ( 'NONE', #5413, .T. ) ;
#1251 = DIRECTION ( 'NONE',  ( 1.081779818849036513E-16, 1.000000000000000000, 0.000000000000000000 ) ) ;
#1252 = VECTOR ( 'NONE', #1415, 999.9999999999998863 ) ;
#1253 = CARTESIAN_POINT ( 'NONE',  ( 14.15000000000000924, -68.00000000000000000, 6.700000000000008171 ) ) ;
#1254 =( LENGTH_UNIT ( ) NAMED_UNIT ( * ) SI_UNIT ( .MILLI., .METRE. ) );
#1255 = CARTESIAN_POINT ( 'NONE',  ( 29.17999999999998195, -176.4300000000000068, 15.31091636418652868 ) ) ;
#1256 = SURFACE_SIDE_STYLE ('',( #4 ) ) ;
#1257 = FILL_AREA_STYLE ('',( #3365 ) ) ;
#1258 = STYLED_ITEM ( 'NONE', ( #1035 ), #2598 ) ;
#1259 = FILL_AREA_STYLE ('',( #413 ) ) ;
#1260 = DIRECTION ( 'NONE',  ( -0.000000000000000000, -0.000000000000000000, 1.000000000000000000 ) ) ;
#1261 =( GEOMETRIC_REPRESENTATION_CONTEXT ( 3 ) GLOBAL_UNCERTAINTY_ASSIGNED_CONTEXT ( ( #907 ) ) GLOBAL_UNIT_ASSIGNED_CONTEXT ( ( #4548, #1675, #1582 ) ) REPRESENTATION_CONTEXT ( 'NONE', 'WORKASPACE' ) );
#1262 = ORIENTED_EDGE ( 'NONE', *, *, #4039, .T. ) ;
#1263 = CARTESIAN_POINT ( 'NONE',  ( 44.14999999999990621, -253.5000000000000000, 8.799999999999938538 ) ) ;
#1264 = ORIENTED_EDGE ( 'NONE', *, *, #4798, .T. ) ;
#1265 = CARTESIAN_POINT ( 'NONE',  ( 20.50427119293207667, -2.218110677672158186E-15, 18.70000000000000995 ) ) ;
#1266 = FILL_AREA_STYLE ('',( #3698 ) ) ;
#1267 = ORIENTED_EDGE ( 'NONE', *, *, #1436, .T. ) ;
#1268 = VERTEX_POINT ( 'NONE', #406 ) ;
#1269 = MECHANICAL_DESIGN_GEOMETRIC_PRESENTATION_REPRESENTATION (  '', ( #1964 ), #132 ) ;
#1270 = ORIENTED_EDGE ( 'NONE', *, *, #3624, .F. ) ;
#1271 = EDGE_LOOP ( 'NONE', ( #425 ) ) ;
#1272 =( LENGTH_UNIT ( ) NAMED_UNIT ( * ) SI_UNIT ( .MILLI., .METRE. ) );
#1273 = EDGE_CURVE ( 'NONE', #70, #2181, #4663, .T. ) ;
#1274 = PRESENTATION_LAYER_ASSIGNMENT (  '', '', ( #2596 ) ) ;
#1275 = DIRECTION ( 'NONE',  ( -0.000000000000000000, 1.000000000000000000, -0.000000000000000000 ) ) ;
#1276 = DIRECTION ( 'NONE',  ( -0.000000000000000000, -0.000000000000000000, -1.000000000000000000 ) ) ;
#1277 = EDGE_LOOP ( 'NONE', ( #5212, #2818, #3736, #509, #868, #2365 ) ) ;
#1278 = PLANE ( 'NONE',  #3775 ) ;
#1279 = MECHANICAL_DESIGN_GEOMETRIC_PRESENTATION_REPRESENTATION (  '', ( #1367 ), #309 ) ;
#1280 = FILL_AREA_STYLE ('',( #4247 ) ) ;
#1281 = DIRECTION ( 'NONE',  ( 0.000000000000000000, 0.000000000000000000, -1.000000000000000000 ) ) ;
#1282 = EDGE_CURVE ( 'NONE', #5329, #2042, #1, .T. ) ;
#1283 = VECTOR ( 'NONE', #4129, 1000.000000000000000 ) ;
#1284 = LINE ( 'NONE', #4692, #4483 ) ;
#1285 = LINE ( 'NONE', #2027, #2601 ) ;
#1286 = FILL_AREA_STYLE_COLOUR ( '', #1105 ) ;
#1287 =( NAMED_UNIT ( * ) PLANE_ANGLE_UNIT ( ) SI_UNIT ( $, .RADIAN. ) );
#1288 = SURFACE_STYLE_FILL_AREA ( #3394 ) ;
#1289 = DIRECTION ( 'NONE',  ( -1.000000000000000000, 0.000000000000000000, 0.000000000000000000 ) ) ;
#1290 = VECTOR ( 'NONE', #3349, 1000.000000000000000 ) ;
#1291 = SURFACE_STYLE_FILL_AREA ( #2434 ) ;
#1292 = UNCERTAINTY_MEASURE_WITH_UNIT (LENGTH_MEASURE( 1.000000000000000082E-05 ), #5255, 'distance_accuracy_value', 'NONE');
#1293 = UNCERTAINTY_MEASURE_WITH_UNIT (LENGTH_MEASURE( 1.000000000000000082E-05 ), #2368, 'distance_accuracy_value', 'NONE');
#1294 = DIRECTION ( 'NONE',  ( 0.000000000000000000, 0.000000000000000000, 1.000000000000000000 ) ) ;
#1295 = SURFACE_STYLE_USAGE ( .BOTH. , #1591 ) ;
#1296 =( NAMED_UNIT ( * ) SI_UNIT ( $, .STERADIAN. ) SOLID_ANGLE_UNIT ( ) );
#1297 = CARTESIAN_POINT ( 'NONE',  ( 7.650000000000011013, -61.50000000000000000, 23.80000000000000071 ) ) ;
#1298 = DIRECTION ( 'NONE',  ( 1.000000000000000000, -1.081779818849036513E-16, 0.000000000000000000 ) ) ;
#1299 = ORIENTED_EDGE ( 'NONE', *, *, #5001, .F. ) ;
#1300 = ORIENTED_EDGE ( 'NONE', *, *, #3376, .T. ) ;
#1301 = ORIENTED_EDGE ( 'NONE', *, *, #1092, .T. ) ;
#1302 = EDGE_LOOP ( 'NONE', ( #355 ) ) ;
#1303 = LINE ( 'NONE', #4629, #4896 ) ;
#1304 = VERTEX_POINT ( 'NONE', #56 ) ;
#1305 = EDGE_CURVE ( 'NONE', #1268, #555, #3361, .T. ) ;
#1306 = STYLED_ITEM ( 'NONE', ( #1420 ), #595 ) ;
#1307 = CARTESIAN_POINT ( 'NONE',  ( 0.000000000000000000, -249.7149660633790802, 18.70000000000000995 ) ) ;
#1308 =( NAMED_UNIT ( * ) PLANE_ANGLE_UNIT ( ) SI_UNIT ( $, .RADIAN. ) );
#1309 = PRESENTATION_STYLE_ASSIGNMENT (( #1667 ) ) ;
#1310 = PRESENTATION_LAYER_ASSIGNMENT (  '', '', ( #598 ) ) ;
#1311 = DIRECTION ( 'NONE',  ( -0.000000000000000000, -2.231155596111649629E-16, 1.000000000000000000 ) ) ;
#1312 = ADVANCED_FACE ( 'NONE', ( #1610 ), #2942, .F. ) ;
#1313 =( NAMED_UNIT ( * ) SI_UNIT ( $, .STERADIAN. ) SOLID_ANGLE_UNIT ( ) );
#1314 = SURFACE_SIDE_STYLE ('',( #1370 ) ) ;
#1315 = LINE ( 'NONE', #5084, #5206 ) ;
#1316 = VECTOR ( 'NONE', #3116, 1000.000000000000000 ) ;
#1317 = COLOUR_RGB ( '',0.5999999999999999778, 0.1607843137254901800, 0.7529411764705882248 ) ;
#1318 = DIRECTION ( 'NONE',  ( 1.000000000000000000, 0.000000000000000000, 0.000000000000000000 ) ) ;
#1319 = EDGE_CURVE ( 'NONE', #4213, #3882, #3470, .T. ) ;
#1320 = ORIENTED_EDGE ( 'NONE', *, *, #3298, .F. ) ;
#1321 = CARTESIAN_POINT ( 'NONE',  ( 0.000000000000000000, 0.000000000000000000, 8.700000000000008171 ) ) ;
#1322 = CARTESIAN_POINT ( 'NONE',  ( 36.17999999999999261, -221.5000000000000284, 10.31091636418653046 ) ) ;
#1323 = CARTESIAN_POINT ( 'NONE',  ( 23.50427119293232536, -253.5000000000000000, 23.80000000000000071 ) ) ;
#1324 = SURFACE_STYLE_USAGE ( .BOTH. , #3430 ) ;
#1325 = STYLED_ITEM ( 'NONE', ( #5004 ), #1774 ) ;
#1326 = CARTESIAN_POINT ( 'NONE',  ( -56.88000000000000256, -183.4300000000000068, 7.310916364186529570 ) ) ;
#1327 =( LENGTH_UNIT ( ) NAMED_UNIT ( * ) SI_UNIT ( .MILLI., .METRE. ) );
#1328 = EDGE_LOOP ( 'NONE', ( #3427 ) ) ;
#1329 =( GEOMETRIC_REPRESENTATION_CONTEXT ( 3 ) GLOBAL_UNCERTAINTY_ASSIGNED_CONTEXT ( ( #3209 ) ) GLOBAL_UNIT_ASSIGNED_CONTEXT ( ( #2442, #4588, #1651 ) ) REPRESENTATION_CONTEXT ( 'NONE', 'WORKASPACE' ) );
#1330 = ORIENTED_EDGE ( 'NONE', *, *, #1820, .T. ) ;
#1331 = EDGE_LOOP ( 'NONE', ( #3861, #5066, #624, #2928 ) ) ;
#1332 = EDGE_LOOP ( 'NONE', ( #3110 ) ) ;
#1333 = DIRECTION ( 'NONE',  ( -0.000000000000000000, 1.000000000000000000, -0.000000000000000000 ) ) ;
#1334 = ORIENTED_EDGE ( 'NONE', *, *, #2996, .T. ) ;
#1335 = AXIS2_PLACEMENT_3D ( 'NONE', #2122, #3815, #3399 ) ;
#1336 = VERTEX_POINT ( 'NONE', #3943 ) ;
#1337 = SURFACE_STYLE_USAGE ( .BOTH. , #487 ) ;
#1338 = DIRECTION ( 'NONE',  ( -0.000000000000000000, -0.000000000000000000, -1.000000000000000000 ) ) ;
#1339 = AXIS2_PLACEMENT_3D ( 'NONE', #1061, #4433, #2327 ) ;
#1340 = FACE_OUTER_BOUND ( 'NONE', #3796, .T. ) ;
#1341 = SURFACE_STYLE_FILL_AREA ( #1368 ) ;
#1342 = FILL_AREA_STYLE ('',( #856 ) ) ;
#1343 = UNCERTAINTY_MEASURE_WITH_UNIT (LENGTH_MEASURE( 1.000000000000000082E-05 ), #4871, 'distance_accuracy_value', 'NONE');
#1344 = EDGE_CURVE ( 'NONE', #962, #2844, #4349, .T. ) ;
#1345 = STYLED_ITEM ( 'NONE', ( #4668 ), #2158 ) ;
#1346 = UNCERTAINTY_MEASURE_WITH_UNIT (LENGTH_MEASURE( 1.000000000000000082E-05 ), #1484, 'distance_accuracy_value', 'NONE');
#1347 = ORIENTED_EDGE ( 'NONE', *, *, #55, .T. ) ;
#1348 = DIRECTION ( 'NONE',  ( 0.000000000000000000, -0.000000000000000000, 1.000000000000000000 ) ) ;
#1349 = COLOUR_RGB ( '',0.5999999999999999778, 0.1607843137254901800, 0.7529411764705882248 ) ;
#1350 = PRESENTATION_STYLE_ASSIGNMENT (( #5149 ) ) ;
#1351 = CARTESIAN_POINT ( 'NONE',  ( -45.59999999999998721, -57.74999999999999289, 6.700000000000008171 ) ) ;
#1352 = SURFACE_STYLE_FILL_AREA ( #4650 ) ;
#1353 = ADVANCED_FACE ( 'NONE', ( #588 ), #2212, .F. ) ;
#1354 = PRESENTATION_STYLE_ASSIGNMENT (( #3010 ) ) ;
#1355 = AXIS2_PLACEMENT_3D ( 'NONE', #4796, #5197, #2683 ) ;
#1356 = ORIENTED_EDGE ( 'NONE', *, *, #693, .F. ) ;
#1357 = VERTEX_POINT ( 'NONE', #2266 ) ;
#1358 = VERTEX_POINT ( 'NONE', #3966 ) ;
#1359 =( NAMED_UNIT ( * ) PLANE_ANGLE_UNIT ( ) SI_UNIT ( $, .RADIAN. ) );
#1360 = EDGE_CURVE ( 'NONE', #1628, #1628, #2192, .T. ) ;
#1361 = VECTOR ( 'NONE', #5429, 1000.000000000000114 ) ;
#1362 = PRESENTATION_LAYER_ASSIGNMENT (  '', '', ( #1709 ) ) ;
#1363 = ORIENTED_EDGE ( 'NONE', *, *, #2725, .F. ) ;
#1364 = ORIENTED_EDGE ( 'NONE', *, *, #4673, .T. ) ;
#1365 = VECTOR ( 'NONE', #1251, 1000.000000000000000 ) ;
#1366 = SURFACE_SIDE_STYLE ('',( #3916 ) ) ;
#1367 = STYLED_ITEM ( 'NONE', ( #5051 ), #4356 ) ;
#1368 = FILL_AREA_STYLE ('',( #4322 ) ) ;
#1369 = STYLED_ITEM ( 'NONE', ( #1054 ), #3356 ) ;
#1370 = SURFACE_STYLE_FILL_AREA ( #974 ) ;
#1371 = DIRECTION ( 'NONE',  ( 0.8621037223969749697, 0.5067318539713873138, 0.000000000000000000 ) ) ;
#1372 = CIRCLE ( 'NONE', #1808, 6.500000000000005329 ) ;
#1373 = ORIENTED_EDGE ( 'NONE', *, *, #627, .T. ) ;
#1374 =( GEOMETRIC_REPRESENTATION_CONTEXT ( 3 ) GLOBAL_UNCERTAINTY_ASSIGNED_CONTEXT ( ( #2773 ) ) GLOBAL_UNIT_ASSIGNED_CONTEXT ( ( #5330, #4933, #2369 ) ) REPRESENTATION_CONTEXT ( 'NONE', 'WORKASPACE' ) );
#1375 = EDGE_CURVE ( 'NONE', #4705, #5295, #5196, .T. ) ;
#1376 = DIRECTION ( 'NONE',  ( 2.185478394931410082E-16, 1.000000000000000000, -0.000000000000000000 ) ) ;
#1377 = FACE_OUTER_BOUND ( 'NONE', #4115, .T. ) ;
#1378 = PRESENTATION_LAYER_ASSIGNMENT (  '', '', ( #1190 ) ) ;
#1379 = VERTEX_POINT ( 'NONE', #5140 ) ;
#1380 = ADVANCED_FACE ( 'NONE', ( #1340 ), #2653, .F. ) ;
#1381 = ORIENTED_EDGE ( 'NONE', *, *, #4798, .F. ) ;
#1382 = AXIS2_PLACEMENT_3D ( 'NONE', #2089, #349, #2630 ) ;
#1383 = VECTOR ( 'NONE', #2292, 1000.000000000000000 ) ;
#1384 = ORIENTED_EDGE ( 'NONE', *, *, #3453, .T. ) ;
#1385 = EDGE_CURVE ( 'NONE', #4925, #736, #1075, .T. ) ;
#1386 = CARTESIAN_POINT ( 'NONE',  ( -56.88000000000000256, -173.1174457829224025, 10.31091636418653046 ) ) ;
#1387 = CARTESIAN_POINT ( 'NONE',  ( -51.20427119293231755, -176.4300000000000068, 23.79999999999998295 ) ) ;
#1388 =( LENGTH_UNIT ( ) NAMED_UNIT ( * ) SI_UNIT ( .MILLI., .METRE. ) );
#1389 = DIRECTION ( 'NONE',  ( -1.000000000000000000, 0.000000000000000000, 0.000000000000000000 ) ) ;
#1390 = PRESENTATION_LAYER_ASSIGNMENT (  '', '', ( #2000 ) ) ;
#1391 = PRESENTATION_STYLE_ASSIGNMENT (( #953 ) ) ;
#1392 = SURFACE_STYLE_FILL_AREA ( #612 ) ;
#1393 = DIRECTION ( 'NONE',  ( -3.079163037012304564E-16, 1.000000000000000000, 3.023101941383305268E-16 ) ) ;
#1394 = FILL_AREA_STYLE_COLOUR ( '', #861 ) ;
#1395 = UNCERTAINTY_MEASURE_WITH_UNIT (LENGTH_MEASURE( 1.000000000000000082E-05 ), #2485, 'distance_accuracy_value', 'NONE');
#1396 = COLOUR_RGB ( '',0.5999999999999999778, 0.1607843137254901800, 0.7529411764705882248 ) ;
#1397 = PLANE ( 'NONE',  #1101 ) ;
#1398 = PRESENTATION_LAYER_ASSIGNMENT (  '', '', ( #683 ) ) ;
#1399 = VERTEX_POINT ( 'NONE', #1993 ) ;
#1400 = DIRECTION ( 'NONE',  ( 0.8621037223969749697, 0.5067318539713873138, -0.000000000000000000 ) ) ;
#1401 = DIRECTION ( 'NONE',  ( -0.000000000000000000, 0.6289601696450997093, -0.7774375248211314871 ) ) ;
#1402 = SURFACE_SIDE_STYLE ('',( #2772 ) ) ;
#1403 = VECTOR ( 'NONE', #4154, 1000.000000000000000 ) ;
#1404 = ORIENTED_EDGE ( 'NONE', *, *, #3791, .F. ) ;
#1405 = VERTEX_POINT ( 'NONE', #5302 ) ;
#1406 = VECTOR ( 'NONE', #5057, 1000.000000000000000 ) ;
#1407 = FILL_AREA_STYLE_COLOUR ( '', #1434 ) ;
#1408 = CARTESIAN_POINT ( 'NONE',  ( -37.85000000000000142, -43.50000000000000000, -32.30000000000000426 ) ) ;
#1409 = EDGE_CURVE ( 'NONE', #3704, #3704, #4315, .T. ) ;
#1410 = SURFACE_STYLE_FILL_AREA ( #5239 ) ;
#1411 = ORIENTED_EDGE ( 'NONE', *, *, #2584, .T. ) ;
#1412 = ORIENTED_EDGE ( 'NONE', *, *, #2969, .F. ) ;
#1413 = CARTESIAN_POINT ( 'NONE',  ( 4.669697220176639796, -57.28503393662094112, 8.700000000000006395 ) ) ;
#1414 = PRESENTATION_STYLE_ASSIGNMENT (( #1488 ) ) ;
#1415 = DIRECTION ( 'NONE',  ( 0.8090169943749464521, -0.000000000000000000, -0.5877852522924745804 ) ) ;
#1416 = ADVANCED_FACE ( 'NONE', ( #1924 ), #3144, .F. ) ;
#1417 =( NAMED_UNIT ( * ) PLANE_ANGLE_UNIT ( ) SI_UNIT ( $, .RADIAN. ) );
#1418 = SURFACE_STYLE_USAGE ( .BOTH. , #3541 ) ;
#1419 =( LENGTH_UNIT ( ) NAMED_UNIT ( * ) SI_UNIT ( .MILLI., .METRE. ) );
#1420 = PRESENTATION_STYLE_ASSIGNMENT (( #3543 ) ) ;
#1421 = PRESENTATION_STYLE_ASSIGNMENT (( #664 ) ) ;
#1422 = CYLINDRICAL_SURFACE ( 'NONE', #4737, 3.300000000000002487 ) ;
#1423 = CARTESIAN_POINT ( 'NONE',  ( 4.669697220176641572, -43.50000000000000000, 8.700000000000008171 ) ) ;
#1424 = DIRECTION ( 'NONE',  ( -0.000000000000000000, 0.000000000000000000, 1.000000000000000000 ) ) ;
#1425 = SURFACE_STYLE_FILL_AREA ( #5232 ) ;
#1426 = VECTOR ( 'NONE', #3617, 1000.000000000000000 ) ;
#1427 = CARTESIAN_POINT ( 'NONE',  ( -23.85000000000000142, -116.2500000000000142, 15.45000000000000817 ) ) ;
#1428 =( NAMED_UNIT ( * ) PLANE_ANGLE_UNIT ( ) SI_UNIT ( $, .RADIAN. ) );
#1429 = ORIENTED_EDGE ( 'NONE', *, *, #1305, .F. ) ;
#1430 = VECTOR ( 'NONE', #498, 1000.000000000000000 ) ;
#1431 = ORIENTED_EDGE ( 'NONE', *, *, #884, .F. ) ;
#1432 =( NAMED_UNIT ( * ) PLANE_ANGLE_UNIT ( ) SI_UNIT ( $, .RADIAN. ) );
#1433 = ORIENTED_EDGE ( 'NONE', *, *, #3003, .F. ) ;
#1434 = COLOUR_RGB ( '',0.5999999999999999778, 0.1607843137254901800, 0.7529411764705882248 ) ;
#1435 = CARTESIAN_POINT ( 'NONE',  ( 44.14999999999990621, -158.4999999999999716, -3.750000000000058176 ) ) ;
#1436 = EDGE_CURVE ( 'NONE', #5158, #3462, #5389, .T. ) ;
#1437 = CARTESIAN_POINT ( 'NONE',  ( 29.17999999999998195, -183.4300000000000068, 7.310916364186529570 ) ) ;
#1438 = CARTESIAN_POINT ( 'NONE',  ( -26.36969722017663287, -43.50000000000000000, 12.80000000000000071 ) ) ;
#1439 = CARTESIAN_POINT ( 'NONE',  ( 44.14999999999989910, -221.5000000000000000, 8.799999999999947420 ) ) ;
#1440 =( LENGTH_UNIT ( ) NAMED_UNIT ( * ) SI_UNIT ( .MILLI., .METRE. ) );
#1441 = PLANE ( 'NONE',  #1807 ) ;
#1442 = LINE ( 'NONE', #5332, #4746 ) ;
#1443 = EDGE_CURVE ( 'NONE', #2809, #3377, #1570, .T. ) ;
#1444 = CIRCLE ( 'NONE', #3201, 2.549999999999996714 ) ;
#1445 = CARTESIAN_POINT ( 'NONE',  ( 4.669697220176630914, -249.7149660633790802, 44.52840888222726790 ) ) ;
#1446 = CARTESIAN_POINT ( 'NONE',  ( -3.296898823753065422, -116.2500000000000142, 15.45000000000000817 ) ) ;
#1447 =( GEOMETRIC_REPRESENTATION_CONTEXT ( 3 ) GLOBAL_UNCERTAINTY_ASSIGNED_CONTEXT ( ( #2766 ) ) GLOBAL_UNIT_ASSIGNED_CONTEXT ( ( #706, #3730, #1125 ) ) REPRESENTATION_CONTEXT ( 'NONE', 'WORKASPACE' ) );
#1448 = ORIENTED_EDGE ( 'NONE', *, *, #537, .T. ) ;
#1449 = CARTESIAN_POINT ( 'NONE',  ( -32.36969722017663287, 0.000000000000000000, 44.52840888222726790 ) ) ;
#1450 = AXIS2_PLACEMENT_3D ( 'NONE', #1066, #4087, #3614 ) ;
#1451 = COLOUR_RGB ( '',0.5999999999999999778, 0.1607843137254901800, 0.7529411764705882248 ) ;
#1452 = PRESENTATION_STYLE_ASSIGNMENT (( #5257 ) ) ;
#1453 =( NAMED_UNIT ( * ) PLANE_ANGLE_UNIT ( ) SI_UNIT ( $, .RADIAN. ) );
#1454 = AXIS2_PLACEMENT_3D ( 'NONE', #4122, #1573, #1995 ) ;
#1455 = STYLED_ITEM ( 'NONE', ( #2610 ), #3679 ) ;
#1456 = DIRECTION ( 'NONE',  ( -1.000000000000000000, 0.000000000000000000, 0.000000000000000000 ) ) ;
#1457 = EDGE_LOOP ( 'NONE', ( #5240, #2256, #707, #4595, #3533, #2594 ) ) ;
#1458 = VERTEX_POINT ( 'NONE', #3262 ) ;
#1459 = STYLED_ITEM ( 'NONE', ( #5053 ), #457 ) ;
#1460 = STYLED_ITEM ( 'NONE', ( #2667 ), #4835 ) ;
#1461 = VECTOR ( 'NONE', #4793, 1000.000000000000114 ) ;
#1462 = PRESENTATION_STYLE_ASSIGNMENT (( #1893 ) ) ;
#1463 = EDGE_LOOP ( 'NONE', ( #5254, #4686, #900, #2618, #1733, #3285, #1952, #709 ) ) ;
#1464 = STYLED_ITEM ( 'NONE', ( #2432 ), #4969 ) ;
#1465 = EDGE_CURVE ( 'NONE', #1357, #832, #2732, .T. ) ;
#1466 = ORIENTED_EDGE ( 'NONE', *, *, #5351, .T. ) ;
#1467 = STYLED_ITEM ( 'NONE', ( #4573 ), #5247 ) ;
#1468 = EDGE_CURVE ( 'NONE', #1619, #1533, #4398, .T. ) ;
#1469 = CARTESIAN_POINT ( 'NONE',  ( -3.296898823753065422, -116.2500000000000142, 3.450000000000008171 ) ) ;
#1470 = CARTESIAN_POINT ( 'NONE',  ( 17.90000000000000924, -57.74999999999999289, 6.700000000000008171 ) ) ;
#1471 = CARTESIAN_POINT ( 'NONE',  ( 7.650000000000016342, -111.0000000000000000, 23.79999999999999005 ) ) ;
#1472 = FILL_AREA_STYLE_COLOUR ( '', #2099 ) ;
#1473 = EDGE_CURVE ( 'NONE', #1399, #991, #1871, .T. ) ;
#1474 = VECTOR ( 'NONE', #1124, 1000.000000000000000 ) ;
#1475 = DIRECTION ( 'NONE',  ( 0.000000000000000000, -1.000000000000000000, 0.000000000000000000 ) ) ;
#1476 = EDGE_CURVE ( 'NONE', #2675, #1336, #5328, .T. ) ;
#1477 = STYLED_ITEM ( 'NONE', ( #865 ), #1031 ) ;
#1478 = LINE ( 'NONE', #1499, #224 ) ;
#1479 =( LENGTH_UNIT ( ) NAMED_UNIT ( * ) SI_UNIT ( .MILLI., .METRE. ) );
#1480 =( LENGTH_UNIT ( ) NAMED_UNIT ( * ) SI_UNIT ( .MILLI., .METRE. ) );
#1481 = ORIENTED_EDGE ( 'NONE', *, *, #4829, .F. ) ;
#1482 = SURFACE_STYLE_USAGE ( .BOTH. , #2356 ) ;
#1483 = MECHANICAL_DESIGN_GEOMETRIC_PRESENTATION_REPRESENTATION (  '', ( #3525 ), #2020 ) ;
#1484 =( LENGTH_UNIT ( ) NAMED_UNIT ( * ) SI_UNIT ( .MILLI., .METRE. ) );
#1485 = EDGE_LOOP ( 'NONE', ( #3370, #3819, #569, #332 ) ) ;
#1486 = VERTEX_POINT ( 'NONE', #3709 ) ;
#1487 = DIRECTION ( 'NONE',  ( 0.000000000000000000, -1.000000000000000000, 0.000000000000000000 ) ) ;
#1488 = SURFACE_STYLE_USAGE ( .BOTH. , #4767 ) ;
#1489 = CARTESIAN_POINT ( 'NONE',  ( -41.85000000000000142, -61.50000000000000711, 13.80000000000000071 ) ) ;
#1490 = CARTESIAN_POINT ( 'NONE',  ( -35.34999999999999432, -117.5000000000000142, 23.79999999999999005 ) ) ;
#1491 = DIRECTION ( 'NONE',  ( -1.239088197126290570E-16, 1.000000000000000000, 0.000000000000000000 ) ) ;
#1492 = FILL_AREA_STYLE_COLOUR ( '', #2005 ) ;
#1493 = UNCERTAINTY_MEASURE_WITH_UNIT (LENGTH_MEASURE( 1.000000000000000082E-05 ), #1272, 'distance_accuracy_value', 'NONE');
#1494 = DIRECTION ( 'NONE',  ( -2.478176394252582127E-16, -1.000000000000000000, 0.000000000000000000 ) ) ;
#1495 = DIRECTION ( 'NONE',  ( 0.000000000000000000, -0.000000000000000000, 1.000000000000000000 ) ) ;
#1496 = EDGE_CURVE ( 'NONE', #1566, #1566, #8, .T. ) ;
#1497 = CARTESIAN_POINT ( 'NONE',  ( 20.50427119293206957, -221.5000000000000000, 18.70000000000000995 ) ) ;
#1498 = FACE_OUTER_BOUND ( 'NONE', #1457, .T. ) ;
#1499 = CARTESIAN_POINT ( 'NONE',  ( 29.17999999999999261, -221.5000000000000284, 10.31091636418653046 ) ) ;
#1500 = DIRECTION ( 'NONE',  ( 0.000000000000000000, 0.000000000000000000, -1.000000000000000000 ) ) ;
#1501 = EDGE_LOOP ( 'NONE', ( #5193, #2843, #2925, #5405 ) ) ;
#1502 = EDGE_CURVE ( 'NONE', #5477, #3077, #4244, .T. ) ;
#1503 = SURFACE_STYLE_FILL_AREA ( #247 ) ;
#1504 =( GEOMETRIC_REPRESENTATION_CONTEXT ( 3 ) GLOBAL_UNCERTAINTY_ASSIGNED_CONTEXT ( ( #3044 ) ) GLOBAL_UNIT_ASSIGNED_CONTEXT ( ( #5138, #4374, #4348 ) ) REPRESENTATION_CONTEXT ( 'NONE', 'WORKASPACE' ) );
#1505 = VERTEX_POINT ( 'NONE', #3741 ) ;
#1506 = EDGE_LOOP ( 'NONE', ( #3734, #1971, #3983, #5380 ) ) ;
#1507 = PLANE ( 'NONE',  #3140 ) ;
#1508 =( GEOMETRIC_REPRESENTATION_CONTEXT ( 3 ) GLOBAL_UNCERTAINTY_ASSIGNED_CONTEXT ( ( #3780 ) ) GLOBAL_UNIT_ASSIGNED_CONTEXT ( ( #1539, #308, #1133 ) ) REPRESENTATION_CONTEXT ( 'NONE', 'WORKASPACE' ) );
#1509 = FILL_AREA_STYLE_COLOUR ( '', #1793 ) ;
#1510 = DIRECTION ( 'NONE',  ( 1.000000000000000000, 0.000000000000000000, 0.000000000000000000 ) ) ;
#1511 = DIRECTION ( 'NONE',  ( 0.4156269377774521878, -0.7071067811865439090, -0.5720614028176898014 ) ) ;
#1512 = COLOUR_RGB ( '',0.5999999999999999778, 0.1607843137254901800, 0.7529411764705882248 ) ;
#1513 = ORIENTED_EDGE ( 'NONE', *, *, #1496, .T. ) ;
#1514 = PLANE ( 'NONE',  #1547 ) ;
#1515 = DIRECTION ( 'NONE',  ( 0.000000000000000000, 0.000000000000000000, -1.000000000000000000 ) ) ;
#1516 = FACE_OUTER_BOUND ( 'NONE', #5100, .T. ) ;
#1517 = COLOUR_RGB ( '',0.5999999999999999778, 0.1607843137254901800, 0.7529411764705882248 ) ;
#1518 = AXIS2_PLACEMENT_3D ( 'NONE', #274, #3980, #3535 ) ;
#1519 = CARTESIAN_POINT ( 'NONE',  ( 41.14999999999989200, -221.5000000000000284, 3.700000000000028155 ) ) ;
#1520 = VECTOR ( 'NONE', #5095, 1000.000000000000000 ) ;
#1521 = PLANE ( 'NONE',  #660 ) ;
#1522 = DIRECTION ( 'NONE',  ( 0.000000000000000000, -1.000000000000000000, -0.000000000000000000 ) ) ;
#1523 = ORIENTED_EDGE ( 'NONE', *, *, #1579, .T. ) ;
#1524 = ORIENTED_EDGE ( 'NONE', *, *, #724, .T. ) ;
#1525 = ORIENTED_EDGE ( 'NONE', *, *, #3124, .F. ) ;
#1526 = DIRECTION ( 'NONE',  ( -0.000000000000000000, -0.000000000000000000, 1.000000000000000000 ) ) ;
#1527 = CARTESIAN_POINT ( 'NONE',  ( 44.14999999999990621, -253.5000000000000000, 0.000000000000000000 ) ) ;
#1528 = CYLINDRICAL_SURFACE ( 'NONE', #1518, 1.249999999999999334 ) ;
#1529 = CARTESIAN_POINT ( 'NONE',  ( -71.84999999999989484, -253.5000000000000000, 0.000000000000000000 ) ) ;
#1530 = PRESENTATION_LAYER_ASSIGNMENT (  '', '', ( #4017 ) ) ;
#1531 = SURFACE_STYLE_FILL_AREA ( #5411 ) ;
#1532 = EDGE_CURVE ( 'NONE', #5415, #5415, #1754, .T. ) ;
#1533 = VERTEX_POINT ( 'NONE', #2079 ) ;
#1534 = ORIENTED_EDGE ( 'NONE', *, *, #2977, .F. ) ;
#1535 = ORIENTED_EDGE ( 'NONE', *, *, #2411, .F. ) ;
#1536 = DIRECTION ( 'NONE',  ( 0.000000000000000000, 9.011550524554843201E-17, -1.000000000000000000 ) ) ;
#1537 = COLOUR_RGB ( '',0.5999999999999999778, 0.1607843137254901800, 0.7529411764705882248 ) ;
#1538 = CIRCLE ( 'NONE', #1811, 1.250000000000001110 ) ;
#1539 =( LENGTH_UNIT ( ) NAMED_UNIT ( * ) SI_UNIT ( .MILLI., .METRE. ) );
#1540 = EDGE_CURVE ( 'NONE', #3488, #70, #2567, .T. ) ;
#1541 = COLOUR_RGB ( '',0.5999999999999999778, 0.1607843137254901800, 0.7529411764705882248 ) ;
#1542 = FILL_AREA_STYLE ('',( #4931 ) ) ;
#1543 = ORIENTED_EDGE ( 'NONE', *, *, #2411, .T. ) ;
#1544 = PRESENTATION_STYLE_ASSIGNMENT (( #1139 ) ) ;
#1545 = FACE_OUTER_BOUND ( 'NONE', #4264, .T. ) ;
#1546 = UNCERTAINTY_MEASURE_WITH_UNIT (LENGTH_MEASURE( 1.000000000000000082E-05 ), #5207, 'distance_accuracy_value', 'NONE');
#1547 = AXIS2_PLACEMENT_3D ( 'NONE', #614, #2341, #662 ) ;
#1548 = VECTOR ( 'NONE', #3592, 1000.000000000000000 ) ;
#1549 =( NAMED_UNIT ( * ) SI_UNIT ( $, .STERADIAN. ) SOLID_ANGLE_UNIT ( ) );
#1550 = LINE ( 'NONE', #5397, #4283 ) ;
#1551 = PLANE ( 'NONE',  #1856 ) ;
#1552 = UNCERTAINTY_MEASURE_WITH_UNIT (LENGTH_MEASURE( 1.000000000000000082E-05 ), #3506, 'distance_accuracy_value', 'NONE');
#1553 = CARTESIAN_POINT ( 'NONE',  ( 14.15000000000000924, -61.50000000000000000, 23.80000000000000071 ) ) ;
#1554 = CARTESIAN_POINT ( 'NONE',  ( 4.669697220176630914, -256.5000000000000000, 18.70000000000000995 ) ) ;
#1555 = UNCERTAINTY_MEASURE_WITH_UNIT (LENGTH_MEASURE( 1.000000000000000082E-05 ), #1074, 'distance_accuracy_value', 'NONE');
#1556 = DIRECTION ( 'NONE',  ( 0.000000000000000000, -2.231155596111649629E-16, 1.000000000000000000 ) ) ;
#1557 = ORIENTED_EDGE ( 'NONE', *, *, #4628, .F. ) ;
#1558 = CARTESIAN_POINT ( 'NONE',  ( 36.17999999999997840, -183.4300000000000068, 7.310916364186529570 ) ) ;
#1559 = DIRECTION ( 'NONE',  ( 0.000000000000000000, 1.000000000000000000, 0.000000000000000000 ) ) ;
#1560 = VECTOR ( 'NONE', #4919, 1000.000000000000114 ) ;
#1561 = LINE ( 'NONE', #1529, #3768 ) ;
#1562 = VERTEX_POINT ( 'NONE', #484 ) ;
#1563 = EDGE_LOOP ( 'NONE', ( #1059 ) ) ;
#1564 = MECHANICAL_DESIGN_GEOMETRIC_PRESENTATION_REPRESENTATION (  '', ( #2104 ), #5297 ) ;
#1565 = EDGE_LOOP ( 'NONE', ( #1264 ) ) ;
#1566 = VERTEX_POINT ( 'NONE', #4120 ) ;
#1567 = SURFACE_STYLE_USAGE ( .BOTH. , #5385 ) ;
#1568 = ADVANCED_FACE ( 'NONE', ( #2986, #921, #1913 ), #4884, .F. ) ;
#1569 = VECTOR ( 'NONE', #4506, 1000.000000000000000 ) ;
#1570 = LINE ( 'NONE', #2825, #1569 ) ;
#1571 = ORIENTED_EDGE ( 'NONE', *, *, #3086, .T. ) ;
#1572 = LINE ( 'NONE', #389, #1083 ) ;
#1573 = DIRECTION ( 'NONE',  ( -0.000000000000000000, 0.000000000000000000, -1.000000000000000000 ) ) ;
#1574 = FILL_AREA_STYLE ('',( #1217 ) ) ;
#1575 = SURFACE_STYLE_FILL_AREA ( #1997 ) ;
#1576 =( GEOMETRIC_REPRESENTATION_CONTEXT ( 3 ) GLOBAL_UNCERTAINTY_ASSIGNED_CONTEXT ( ( #87 ) ) GLOBAL_UNIT_ASSIGNED_CONTEXT ( ( #2808, #2497, #2836 ) ) REPRESENTATION_CONTEXT ( 'NONE', 'WORKASPACE' ) );
#1577 = SURFACE_SIDE_STYLE ('',( #4126 ) ) ;
#1578 = LINE ( 'NONE', #3204, #2684 ) ;
#1579 = EDGE_CURVE ( 'NONE', #4234, #1379, #600, .T. ) ;
#1580 = DIRECTION ( 'NONE',  ( 0.000000000000000000, 0.000000000000000000, -1.000000000000000000 ) ) ;
#1581 = PLANE ( 'NONE',  #5103 ) ;
#1582 =( NAMED_UNIT ( * ) SI_UNIT ( $, .STERADIAN. ) SOLID_ANGLE_UNIT ( ) );
#1583 = SURFACE_STYLE_FILL_AREA ( #5340 ) ;
#1584 = SURFACE_STYLE_FILL_AREA ( #1173 ) ;
#1585 =( GEOMETRIC_REPRESENTATION_CONTEXT ( 3 ) GLOBAL_UNCERTAINTY_ASSIGNED_CONTEXT ( ( #2374 ) ) GLOBAL_UNIT_ASSIGNED_CONTEXT ( ( #4979, #3924, #4781 ) ) REPRESENTATION_CONTEXT ( 'NONE', 'WORKASPACE' ) );
#1586 = CYLINDRICAL_SURFACE ( 'NONE', #41, 2.549999999999994937 ) ;
#1587 = LINE ( 'NONE', #3691, #98 ) ;
#1588 = ORIENTED_EDGE ( 'NONE', *, *, #3813, .T. ) ;
#1589 =( LENGTH_UNIT ( ) NAMED_UNIT ( * ) SI_UNIT ( .MILLI., .METRE. ) );
#1590 =( NAMED_UNIT ( * ) SI_UNIT ( $, .STERADIAN. ) SOLID_ANGLE_UNIT ( ) );
#1591 = SURFACE_SIDE_STYLE ('',( #5438 ) ) ;
#1592 = PLANE ( 'NONE',  #3690 ) ;
#1593 = FACE_BOUND ( 'NONE', #4533, .T. ) ;
#1594 = EDGE_LOOP ( 'NONE', ( #1137, #2820, #4565, #504, #4311, #2728, #361, #4051 ) ) ;
#1595 = PRESENTATION_LAYER_ASSIGNMENT (  '', '', ( #2476 ) ) ;
#1596 = ORIENTED_EDGE ( 'NONE', *, *, #1840, .T. ) ;
#1597 = CARTESIAN_POINT ( 'NONE',  ( -18.45000000000000284, -73.50000000000000000, -2.549999999999993161 ) ) ;
#1598 = CARTESIAN_POINT ( 'NONE',  ( 29.17999999999999261, -221.5000000000000284, 10.31091636418653046 ) ) ;
#1599 = EDGE_LOOP ( 'NONE', ( #276, #1543, #3248 ) ) ;
#1600 = EDGE_CURVE ( 'NONE', #5235, #2181, #3216, .T. ) ;
#1601 = SURFACE_STYLE_USAGE ( .BOTH. , #2426 ) ;
#1602 = CIRCLE ( 'NONE', #913, 5.000000000000000888 ) ;
#1603 = CARTESIAN_POINT ( 'NONE',  ( -32.36969722017663287, -57.28503393662094112, -32.30000000000000426 ) ) ;
#1604 = FILL_AREA_STYLE ('',( #3268 ) ) ;
#1605 = CARTESIAN_POINT ( 'NONE',  ( 23.50427119293230049, -176.4300000000000068, 23.80000000000000071 ) ) ;
#1606 =( NAMED_UNIT ( * ) SI_UNIT ( $, .STERADIAN. ) SOLID_ANGLE_UNIT ( ) );
#1607 = UNCERTAINTY_MEASURE_WITH_UNIT (LENGTH_MEASURE( 1.000000000000000082E-05 ), #2915, 'distance_accuracy_value', 'NONE');
#1608 = STYLED_ITEM ( 'NONE', ( #3276 ), #2627 ) ;
#1609 = UNCERTAINTY_MEASURE_WITH_UNIT (LENGTH_MEASURE( 1.000000000000000082E-05 ), #532, 'distance_accuracy_value', 'NONE');
#1610 = FACE_OUTER_BOUND ( 'NONE', #2260, .T. ) ;
#1611 = EDGE_CURVE ( 'NONE', #555, #4838, #5396, .T. ) ;
#1612 = DIRECTION ( 'NONE',  ( 0.000000000000000000, 1.000000000000000000, 0.000000000000000000 ) ) ;
#1613 =( NAMED_UNIT ( * ) SI_UNIT ( $, .STERADIAN. ) SOLID_ANGLE_UNIT ( ) );
#1614 = SURFACE_STYLE_FILL_AREA ( #5428 ) ;
#1615 = SURFACE_SIDE_STYLE ('',( #5401 ) ) ;
#1616 = FILL_AREA_STYLE_COLOUR ( '', #4101 ) ;
#1617 = ADVANCED_FACE ( 'NONE', ( #1058 ), #3134, .F. ) ;
#1618 = SURFACE_STYLE_USAGE ( .BOTH. , #5434 ) ;
#1619 = VERTEX_POINT ( 'NONE', #3582 ) ;
#1620 = FILL_AREA_STYLE_COLOUR ( '', #1396 ) ;
#1621 =( GEOMETRIC_REPRESENTATION_CONTEXT ( 3 ) GLOBAL_UNCERTAINTY_ASSIGNED_CONTEXT ( ( #3715 ) ) GLOBAL_UNIT_ASSIGNED_CONTEXT ( ( #1388, #3914, #2135 ) ) REPRESENTATION_CONTEXT ( 'NONE', 'WORKASPACE' ) );
#1622 = CARTESIAN_POINT ( 'NONE',  ( -41.85000000000000142, -68.00000000000000000, 23.80000000000000071 ) ) ;
#1623 = ORIENTED_EDGE ( 'NONE', *, *, #4822, .F. ) ;
#1624 = COLOUR_RGB ( '',0.5999999999999999778, 0.1607843137254901800, 0.7529411764705882248 ) ;
#1625 = ORIENTED_EDGE ( 'NONE', *, *, #1496, .F. ) ;
#1626 = ORIENTED_EDGE ( 'NONE', *, *, #1385, .T. ) ;
#1627 = VERTEX_POINT ( 'NONE', #3159 ) ;
#1628 = VERTEX_POINT ( 'NONE', #2478 ) ;
#1629 = FACE_OUTER_BOUND ( 'NONE', #426, .T. ) ;
#1630 = PRESENTATION_LAYER_ASSIGNMENT (  '', '', ( #935 ) ) ;
#1631 = ORIENTED_EDGE ( 'NONE', *, *, #75, .F. ) ;
#1632 = MECHANICAL_DESIGN_GEOMETRIC_PRESENTATION_REPRESENTATION (  '', ( #4017 ), #2770 ) ;
#1633 = CARTESIAN_POINT ( 'NONE',  ( -23.85000000000000497, -112.2500000000000142, 6.700000000000008171 ) ) ;
#1634 = LINE ( 'NONE', #344, #5021 ) ;
#1635 = PRESENTATION_STYLE_ASSIGNMENT (( #5452 ) ) ;
#1636 =( NAMED_UNIT ( * ) SI_UNIT ( $, .STERADIAN. ) SOLID_ANGLE_UNIT ( ) );
#1637 = DIRECTION ( 'NONE',  ( 0.000000000000000000, 0.000000000000000000, -1.000000000000000000 ) ) ;
#1638 = STYLED_ITEM ( 'NONE', ( #5483 ), #4634 ) ;
#1639 = FACE_OUTER_BOUND ( 'NONE', #3837, .T. ) ;
#1640 = DIRECTION ( 'NONE',  ( 0.000000000000000000, -1.000000000000000000, 0.000000000000000000 ) ) ;
#1641 =( NAMED_UNIT ( * ) PLANE_ANGLE_UNIT ( ) SI_UNIT ( $, .RADIAN. ) );
#1642 = FACE_OUTER_BOUND ( 'NONE', #1096, .T. ) ;
#1643 =( NAMED_UNIT ( * ) SI_UNIT ( $, .STERADIAN. ) SOLID_ANGLE_UNIT ( ) );
#1644 =( LENGTH_UNIT ( ) NAMED_UNIT ( * ) SI_UNIT ( .MILLI., .METRE. ) );
#1645 = EDGE_CURVE ( 'NONE', #2810, #3512, #1648, .T. ) ;
#1646 = CARTESIAN_POINT ( 'NONE',  ( 0.000000000000000000, 0.000000000000000000, -32.30000000000000426 ) ) ;
#1647 = CARTESIAN_POINT ( 'NONE',  ( 29.17999999999998195, -175.5444967660472741, 7.310916364186529570 ) ) ;
#1648 = LINE ( 'NONE', #4079, #3448 ) ;
#1649 = ORIENTED_EDGE ( 'NONE', *, *, #4231, .F. ) ;
#1650 =( NAMED_UNIT ( * ) SI_UNIT ( $, .STERADIAN. ) SOLID_ANGLE_UNIT ( ) );
#1651 =( NAMED_UNIT ( * ) SI_UNIT ( $, .STERADIAN. ) SOLID_ANGLE_UNIT ( ) );
#1652 = VECTOR ( 'NONE', #2132, 1000.000000000000000 ) ;
#1653 = CARTESIAN_POINT ( 'NONE',  ( -41.84999999999999432, -117.5000000000000142, 13.80000000000000071 ) ) ;
#1654 =( NAMED_UNIT ( * ) PLANE_ANGLE_UNIT ( ) SI_UNIT ( $, .RADIAN. ) );
#1655 = EDGE_CURVE ( 'NONE', #5157, #5448, #3308, .T. ) ;
#1656 = SURFACE_STYLE_USAGE ( .BOTH. , #3818 ) ;
#1657 = VECTOR ( 'NONE', #4604, 1000.000000000000000 ) ;
#1658 = ORIENTED_EDGE ( 'NONE', *, *, #3062, .F. ) ;
#1659 = ORIENTED_EDGE ( 'NONE', *, *, #5064, .T. ) ;
#1660 = ORIENTED_EDGE ( 'NONE', *, *, #5080, .T. ) ;
#1661 = ORIENTED_EDGE ( 'NONE', *, *, #372, .F. ) ;
#1662 = CARTESIAN_POINT ( 'NONE',  ( 41.14999999999988489, -170.9499999999999886, -16.20000000000005969 ) ) ;
#1663 =( GEOMETRIC_REPRESENTATION_CONTEXT ( 3 ) GLOBAL_UNCERTAINTY_ASSIGNED_CONTEXT ( ( #792 ) ) GLOBAL_UNIT_ASSIGNED_CONTEXT ( ( #2651, #3084, #2678 ) ) REPRESENTATION_CONTEXT ( 'NONE', 'WORKASPACE' ) );
#1664 = AXIS2_PLACEMENT_3D ( 'NONE', #38, #13, #4112 ) ;
#1665 = ORIENTED_EDGE ( 'NONE', *, *, #5455, .T. ) ;
#1666 = FILL_AREA_STYLE ('',( #5074 ) ) ;
#1667 = SURFACE_STYLE_USAGE ( .BOTH. , #3418 ) ;
#1668 = COLOUR_RGB ( '',0.5999999999999999778, 0.1607843137254901800, 0.7529411764705882248 ) ;
#1669 = MECHANICAL_DESIGN_GEOMETRIC_PRESENTATION_REPRESENTATION (  '', ( #1306 ), #674 ) ;
#1670 = UNCERTAINTY_MEASURE_WITH_UNIT (LENGTH_MEASURE( 1.000000000000000082E-05 ), #153, 'distance_accuracy_value', 'NONE');
#1671 = CARTESIAN_POINT ( 'NONE',  ( 14.15000000000000213, -117.5000000000000142, 6.700000000000008171 ) ) ;
#1672 =( NAMED_UNIT ( * ) PLANE_ANGLE_UNIT ( ) SI_UNIT ( $, .RADIAN. ) );
#1673 = DIRECTION ( 'NONE',  ( -0.4156269377774522433, 0.7071067811865436870, -0.5720614028176899124 ) ) ;
#1674 = UNCERTAINTY_MEASURE_WITH_UNIT (LENGTH_MEASURE( 1.000000000000000082E-05 ), #1199, 'distance_accuracy_value', 'NONE');
#1675 =( NAMED_UNIT ( * ) PLANE_ANGLE_UNIT ( ) SI_UNIT ( $, .RADIAN. ) );
#1676 = UNCERTAINTY_MEASURE_WITH_UNIT (LENGTH_MEASURE( 1.000000000000000082E-05 ), #91, 'distance_accuracy_value', 'NONE');
#1677 =( NAMED_UNIT ( * ) SI_UNIT ( $, .STERADIAN. ) SOLID_ANGLE_UNIT ( ) );
#1678 = UNCERTAINTY_MEASURE_WITH_UNIT (LENGTH_MEASURE( 1.000000000000000082E-05 ), #3211, 'distance_accuracy_value', 'NONE');
#1679 = EDGE_LOOP ( 'NONE', ( #2332, #4119, #4659, #342 ) ) ;
#1680 = EDGE_CURVE ( 'NONE', #1067, #628, #4201, .T. ) ;
#1681 = DIRECTION ( 'NONE',  ( 1.000000000000000000, 0.000000000000000000, -0.000000000000000000 ) ) ;
#1682 = FILL_AREA_STYLE_COLOUR ( '', #440 ) ;
#1683 = PRESENTATION_LAYER_ASSIGNMENT (  '', '', ( #4603 ) ) ;
#1684 = VERTEX_POINT ( 'NONE', #4975 ) ;
#1685 = ORIENTED_EDGE ( 'NONE', *, *, #5319, .T. ) ;
#1686 = EDGE_CURVE ( 'NONE', #4214, #4214, #4243, .T. ) ;
#1687 = ORIENTED_EDGE ( 'NONE', *, *, #2445, .F. ) ;
#1688 = ORIENTED_EDGE ( 'NONE', *, *, #1752, .F. ) ;
#1689 = CARTESIAN_POINT ( 'NONE',  ( 8.900000000000007461, -67.99999999999997158, 6.700000000000008171 ) ) ;
#1690 = STYLED_ITEM ( 'NONE', ( #4137 ), #131 ) ;
#1691 = CARTESIAN_POINT ( 'NONE',  ( 0.000000000000000000, -132.4999999999999716, 23.80000000000000071 ) ) ;
#1692 = FACE_OUTER_BOUND ( 'NONE', #2467, .T. ) ;
#1693 = FILL_AREA_STYLE ('',( #25 ) ) ;
#1694 = DIRECTION ( 'NONE',  ( -1.000000000000000000, 0.000000000000000000, 0.000000000000000000 ) ) ;
#1695 =( GEOMETRIC_REPRESENTATION_CONTEXT ( 3 ) GLOBAL_UNCERTAINTY_ASSIGNED_CONTEXT ( ( #410 ) ) GLOBAL_UNIT_ASSIGNED_CONTEXT ( ( #2313, #1003, #4874 ) ) REPRESENTATION_CONTEXT ( 'NONE', 'WORKASPACE' ) );
#1696 = FILL_AREA_STYLE ('',( #1747 ) ) ;
#1697 = PRESENTATION_STYLE_ASSIGNMENT (( #2112 ) ) ;
#1698 = SURFACE_SIDE_STYLE ('',( #4665 ) ) ;
#1699 = VECTOR ( 'NONE', #1376, 1000.000000000000000 ) ;
#1700 = CARTESIAN_POINT ( 'NONE',  ( 83.12005193941091363, -141.4122787450465353, 15.31091636418652868 ) ) ;
#1701 = MECHANICAL_DESIGN_GEOMETRIC_PRESENTATION_REPRESENTATION (  '', ( #2579 ), #2748 ) ;
#1702 = DIRECTION ( 'NONE',  ( -0.000000000000000000, -0.000000000000000000, -1.000000000000000000 ) ) ;
#1703 = LINE ( 'NONE', #3275, #573 ) ;
#1704 =( GEOMETRIC_REPRESENTATION_CONTEXT ( 3 ) GLOBAL_UNCERTAINTY_ASSIGNED_CONTEXT ( ( #30 ) ) GLOBAL_UNIT_ASSIGNED_CONTEXT ( ( #3967, #2531, #1650 ) ) REPRESENTATION_CONTEXT ( 'NONE', 'WORKASPACE' ) );
#1705 = ORIENTED_EDGE ( 'NONE', *, *, #604, .F. ) ;
#1706 = SURFACE_SIDE_STYLE ('',( #543 ) ) ;
#1707 = CARTESIAN_POINT ( 'NONE',  ( -45.60000000000000142, -121.2500000000000142, 6.700000000000008171 ) ) ;
#1708 = LINE ( 'NONE', #3402, #4810 ) ;
#1709 = STYLED_ITEM ( 'NONE', ( #1635 ), #2939 ) ;
#1710 = CARTESIAN_POINT ( 'NONE',  ( 41.14999999999988489, -158.4999999999999716, -16.20000000000006324 ) ) ;
#1711 = EDGE_CURVE ( 'NONE', #1684, #962, #4555, .T. ) ;
#1712 = AXIS2_PLACEMENT_3D ( 'NONE', #4249, #4787, #1637 ) ;
#1713 = ORIENTED_EDGE ( 'NONE', *, *, #414, .F. ) ;
#1714 = ORIENTED_EDGE ( 'NONE', *, *, #3977, .F. ) ;
#1715 = EDGE_CURVE ( 'NONE', #3852, #1867, #1587, .T. ) ;
#1716 = MECHANICAL_DESIGN_GEOMETRIC_PRESENTATION_REPRESENTATION (  '', ( #2596 ), #3034 ) ;
#1717 = ORIENTED_EDGE ( 'NONE', *, *, #693, .T. ) ;
#1718 = CARTESIAN_POINT ( 'NONE',  ( 29.17999999999997840, -176.4300000000000068, 12.39671406022402600 ) ) ;
#1719 =( GEOMETRIC_REPRESENTATION_CONTEXT ( 3 ) GLOBAL_UNCERTAINTY_ASSIGNED_CONTEXT ( ( #4431 ) ) GLOBAL_UNIT_ASSIGNED_CONTEXT ( ( #5348, #2750, #650 ) ) REPRESENTATION_CONTEXT ( 'NONE', 'WORKASPACE' ) );
#1720 =( NAMED_UNIT ( * ) SI_UNIT ( $, .STERADIAN. ) SOLID_ANGLE_UNIT ( ) );
#1721 = CIRCLE ( 'NONE', #4452, 2.549999999999994937 ) ;
#1722 = CARTESIAN_POINT ( 'NONE',  ( 29.17999999999998195, -176.4300000000000068, 10.31091636418653046 ) ) ;
#1723 = FILL_AREA_STYLE_COLOUR ( '', #4359 ) ;
#1724 = EDGE_CURVE ( 'NONE', #2477, #581, #1149, .T. ) ;
#1725 = STYLED_ITEM ( 'NONE', ( #3523 ), #4470 ) ;
#1726 = FILL_AREA_STYLE ('',( #2087 ) ) ;
#1727 = CARTESIAN_POINT ( 'NONE',  ( 36.17999999999994287, -57.28503393662091980, 7.310916364186606842 ) ) ;
#1728 =( NAMED_UNIT ( * ) SI_UNIT ( $, .STERADIAN. ) SOLID_ANGLE_UNIT ( ) );
#1729 =( NAMED_UNIT ( * ) PLANE_ANGLE_UNIT ( ) SI_UNIT ( $, .RADIAN. ) );
#1730 = CARTESIAN_POINT ( 'NONE',  ( -6.349999999999982769, -132.4999999999999716, 23.80000000000000071 ) ) ;
#1731 = COLOUR_RGB ( '',0.5999999999999999778, 0.1607843137254901800, 0.7529411764705882248 ) ;
#1732 = DIRECTION ( 'NONE',  ( 0.000000000000000000, 0.000000000000000000, 1.000000000000000000 ) ) ;
#1733 = ORIENTED_EDGE ( 'NONE', *, *, #4725, .T. ) ;
#1734 = CARTESIAN_POINT ( 'NONE',  ( -37.85000000000000142, -263.5000000000000000, -24.20000000000001350 ) ) ;
#1735 = CARTESIAN_POINT ( 'NONE',  ( -63.88000000000000966, -171.4299999999999216, 7.310916364186575755 ) ) ;
#1736 = CARTESIAN_POINT ( 'NONE',  ( 14.15000000000000213, -117.5000000000000142, 6.700000000000008171 ) ) ;
#1737 = DIRECTION ( 'NONE',  ( -1.081779818849036513E-16, -1.000000000000000000, 0.000000000000000000 ) ) ;
#1738 = DIRECTION ( 'NONE',  ( 0.000000000000000000, 1.000000000000000000, 0.000000000000000000 ) ) ;
#1739 = ORIENTED_EDGE ( 'NONE', *, *, #3791, .T. ) ;
#1740 = ORIENTED_EDGE ( 'NONE', *, *, #4189, .F. ) ;
#1741 = VECTOR ( 'NONE', #3641, 1000.000000000000000 ) ;
#1742 = EDGE_LOOP ( 'NONE', ( #2144 ) ) ;
#1743 =( NAMED_UNIT ( * ) PLANE_ANGLE_UNIT ( ) SI_UNIT ( $, .RADIAN. ) );
#1744 = VECTOR ( 'NONE', #4464, 1000.000000000000000 ) ;
#1745 = EDGE_CURVE ( 'NONE', #71, #704, #2891, .T. ) ;
#1746 = DIRECTION ( 'NONE',  ( 0.000000000000000000, 0.000000000000000000, -1.000000000000000000 ) ) ;
#1747 = FILL_AREA_STYLE_COLOUR ( '', #1859 ) ;
#1748 = VECTOR ( 'NONE', #373, 1000.000000000000000 ) ;
#1749 = CARTESIAN_POINT ( 'NONE',  ( 17.90000000000000213, -121.2500000000000142, 18.70000000000000995 ) ) ;
#1750 = CARTESIAN_POINT ( 'NONE',  ( 23.50427119293232536, -3.520136923654235841E-16, 23.80000000000000071 ) ) ;
#1751 = FACE_OUTER_BOUND ( 'NONE', #5043, .T. ) ;
#1752 = EDGE_CURVE ( 'NONE', #704, #4292, #3342, .T. ) ;
#1753 = CARTESIAN_POINT ( 'NONE',  ( -13.85000000000000497, -73.50000000000000000, -32.29999999999999005 ) ) ;
#1754 = CIRCLE ( 'NONE', #689, 2.549999999999994937 ) ;
#1755 = DIRECTION ( 'NONE',  ( 0.000000000000000000, 0.000000000000000000, 1.000000000000000000 ) ) ;
#1756 = AXIS2_PLACEMENT_3D ( 'NONE', #4795, #83, #4770 ) ;
#1757 = EDGE_CURVE ( 'NONE', #2826, #4705, #2466, .T. ) ;
#1758 = ORIENTED_EDGE ( 'NONE', *, *, #4763, .T. ) ;
#1759 = SURFACE_STYLE_FILL_AREA ( #92 ) ;
#1760 = CARTESIAN_POINT ( 'NONE',  ( 7.650000000000007461, -67.99999999999997158, 3.450000000000008615 ) ) ;
#1761 = CARTESIAN_POINT ( 'NONE',  ( -68.84999999999990905, -57.28503393662091980, -199.7533158412937553 ) ) ;
#1762 = SURFACE_STYLE_USAGE ( .BOTH. , #2070 ) ;
#1763 = EDGE_LOOP ( 'NONE', ( #142 ) ) ;
#1764 = ORIENTED_EDGE ( 'NONE', *, *, #4084, .F. ) ;
#1765 = VERTEX_POINT ( 'NONE', #4760 ) ;
#1766 = CARTESIAN_POINT ( 'NONE',  ( -45.59999999999998721, -57.74999999999999289, 6.700000000000008171 ) ) ;
#1767 = ORIENTED_EDGE ( 'NONE', *, *, #366, .T. ) ;
#1768 = COLOUR_RGB ( '',0.5999999999999999778, 0.1607843137254901800, 0.7529411764705882248 ) ;
#1769 = VERTEX_POINT ( 'NONE', #4106 ) ;
#1770 = CYLINDRICAL_SURFACE ( 'NONE', #3677, 2.549999999999994937 ) ;
#1771 = LINE ( 'NONE', #2705, #1744 ) ;
#1772 =( LENGTH_UNIT ( ) NAMED_UNIT ( * ) SI_UNIT ( .MILLI., .METRE. ) );
#1773 = ADVANCED_FACE ( 'NONE', ( #2861 ), #5033, .T. ) ;
#1774 = ADVANCED_FACE ( 'NONE', ( #2405 ), #3252, .T. ) ;
#1775 = DIRECTION ( 'NONE',  ( 0.000000000000000000, 0.000000000000000000, -1.000000000000000000 ) ) ;
#1776 = DIRECTION ( 'NONE',  ( -1.000000000000000000, 0.000000000000000000, 0.000000000000000000 ) ) ;
#1777 = MECHANICAL_DESIGN_GEOMETRIC_PRESENTATION_REPRESENTATION (  '', ( #4788 ), #626 ) ;
#1778 = PRESENTATION_STYLE_ASSIGNMENT (( #439 ) ) ;
#1779 = FILL_AREA_STYLE_COLOUR ( '', #4983 ) ;
#1780 = AXIS2_PLACEMENT_3D ( 'NONE', #4248, #463, #850 ) ;
#1781 = EDGE_CURVE ( 'NONE', #1619, #1867, #2382, .T. ) ;
#1782 = UNCERTAINTY_MEASURE_WITH_UNIT (LENGTH_MEASURE( 1.000000000000000082E-05 ), #3804, 'distance_accuracy_value', 'NONE');
#1783 = DIRECTION ( 'NONE',  ( -0.8621037223969749697, 0.5067318539713873138, -0.000000000000000000 ) ) ;
#1784 = CARTESIAN_POINT ( 'NONE',  ( 4.669697220176630914, -263.5000000000000000, 89.41067811865477211 ) ) ;
#1785 =( LENGTH_UNIT ( ) NAMED_UNIT ( * ) SI_UNIT ( .MILLI., .METRE. ) );
#1786 = DIRECTION ( 'NONE',  ( 0.000000000000000000, -1.000000000000000000, -9.011550524554843201E-17 ) ) ;
#1787 = PRESENTATION_STYLE_ASSIGNMENT (( #866 ) ) ;
#1788 = DIRECTION ( 'NONE',  ( 0.000000000000000000, 0.000000000000000000, 1.000000000000000000 ) ) ;
#1789 = PRESENTATION_STYLE_ASSIGNMENT (( #114 ) ) ;
#1790 = EDGE_CURVE ( 'NONE', #4330, #2583, #3189, .T. ) ;
#1791 = ORIENTED_EDGE ( 'NONE', *, *, #1375, .F. ) ;
#1792 = ORIENTED_EDGE ( 'NONE', *, *, #4963, .T. ) ;
#1793 = COLOUR_RGB ( '',0.5999999999999999778, 0.1607843137254901800, 0.7529411764705882248 ) ;
#1794 =( GEOMETRIC_REPRESENTATION_CONTEXT ( 3 ) GLOBAL_UNCERTAINTY_ASSIGNED_CONTEXT ( ( #1395 ) ) GLOBAL_UNIT_ASSIGNED_CONTEXT ( ( #2485, #5024, #5394 ) ) REPRESENTATION_CONTEXT ( 'NONE', 'WORKASPACE' ) );
#1795 = CARTESIAN_POINT ( 'NONE',  ( -72.57298004670838054, -57.28503393662091980, 0.9950966651509790539 ) ) ;
#1796 = EDGE_LOOP ( 'NONE', ( #3277 ) ) ;
#1797 = CARTESIAN_POINT ( 'NONE',  ( -32.36969722017663287, -57.28503393662094112, 8.700000000000006395 ) ) ;
#1798 = PRESENTATION_STYLE_ASSIGNMENT (( #4222 ) ) ;
#1799 = MECHANICAL_DESIGN_GEOMETRIC_PRESENTATION_REPRESENTATION (  '', ( #4536 ), #2068 ) ;
#1800 = FILL_AREA_STYLE_COLOUR ( '', #1134 ) ;
#1801 = AXIS2_PLACEMENT_3D ( 'NONE', #3618, #2021, #2339 ) ;
#1802 =( NAMED_UNIT ( * ) PLANE_ANGLE_UNIT ( ) SI_UNIT ( $, .RADIAN. ) );
#1803 = DIRECTION ( 'NONE',  ( 0.000000000000000000, 0.000000000000000000, -1.000000000000000000 ) ) ;
#1804 = MECHANICAL_DESIGN_GEOMETRIC_PRESENTATION_REPRESENTATION (  '', ( #5349 ), #746 ) ;
#1805 =( NAMED_UNIT ( * ) SI_UNIT ( $, .STERADIAN. ) SOLID_ANGLE_UNIT ( ) );
#1806 =( NAMED_UNIT ( * ) PLANE_ANGLE_UNIT ( ) SI_UNIT ( $, .RADIAN. ) );
#1807 = AXIS2_PLACEMENT_3D ( 'NONE', #1470, #3990, #4065 ) ;
#1808 = AXIS2_PLACEMENT_3D ( 'NONE', #2003, #5400, #698 ) ;
#1809 = ORIENTED_EDGE ( 'NONE', *, *, #3056, .F. ) ;
#1810 = AXIS2_PLACEMENT_3D ( 'NONE', #4114, #327, #4592 ) ;
#1811 = AXIS2_PLACEMENT_3D ( 'NONE', #155, #568, #3426 ) ;
#1812 =( NAMED_UNIT ( * ) SI_UNIT ( $, .STERADIAN. ) SOLID_ANGLE_UNIT ( ) );
#1813 = SURFACE_STYLE_FILL_AREA ( #4259 ) ;
#1814 = EDGE_CURVE ( 'NONE', #4699, #122, #4858, .T. ) ;
#1815 =( LENGTH_UNIT ( ) NAMED_UNIT ( * ) SI_UNIT ( .MILLI., .METRE. ) );
#1816 = AXIS2_PLACEMENT_3D ( 'NONE', #2980, #1826, #999 ) ;
#1817 = VERTEX_POINT ( 'NONE', #4918 ) ;
#1818 = EDGE_LOOP ( 'NONE', ( #1920 ) ) ;
#1819 = VECTOR ( 'NONE', #2237, 1000.000000000000000 ) ;
#1820 = EDGE_CURVE ( 'NONE', #2509, #2981, #2747, .T. ) ;
#1821 = CYLINDRICAL_SURFACE ( 'NONE', #3740, 1.250000000000001110 ) ;
#1822 = EDGE_LOOP ( 'NONE', ( #4645, #583, #305, #1659 ) ) ;
#1823 = ADVANCED_FACE ( 'NONE', ( #2812, #4496 ), #3137, .F. ) ;
#1824 = LINE ( 'NONE', #5220, #3777 ) ;
#1825 = CARTESIAN_POINT ( 'NONE',  ( -13.85000000000000497, -73.50000000000000000, 3.450000000000008171 ) ) ;
#1826 = DIRECTION ( 'NONE',  ( 0.000000000000000000, 0.000000000000000000, -1.000000000000000000 ) ) ;
#1827 = VECTOR ( 'NONE', #2710, 1000.000000000000000 ) ;
#1828 = CARTESIAN_POINT ( 'NONE',  ( -32.36969722017663287, -249.7149660633790802, 44.52840888222726790 ) ) ;
#1829 =( NAMED_UNIT ( * ) PLANE_ANGLE_UNIT ( ) SI_UNIT ( $, .RADIAN. ) );
#1830 = PRESENTATION_STYLE_ASSIGNMENT (( #3072 ) ) ;
#1831 = UNCERTAINTY_MEASURE_WITH_UNIT (LENGTH_MEASURE( 1.000000000000000082E-05 ), #4721, 'distance_accuracy_value', 'NONE');
#1832 =( GEOMETRIC_REPRESENTATION_CONTEXT ( 3 ) GLOBAL_UNCERTAINTY_ASSIGNED_CONTEXT ( ( #1609 ) ) GLOBAL_UNIT_ASSIGNED_CONTEXT ( ( #532, #3017, #874 ) ) REPRESENTATION_CONTEXT ( 'NONE', 'WORKASPACE' ) );
#1833 = CARTESIAN_POINT ( 'NONE',  ( -45.59999999999998721, -57.74999999999999289, 18.70000000000000995 ) ) ;
#1834 =( GEOMETRIC_REPRESENTATION_CONTEXT ( 3 ) GLOBAL_UNCERTAINTY_ASSIGNED_CONTEXT ( ( #1013 ) ) GLOBAL_UNIT_ASSIGNED_CONTEXT ( ( #2973, #5112, #2910 ) ) REPRESENTATION_CONTEXT ( 'NONE', 'WORKASPACE' ) );
#1835 = EDGE_LOOP ( 'NONE', ( #2507 ) ) ;
#1836 = CARTESIAN_POINT ( 'NONE',  ( -32.36969722017663287, 0.000000000000000000, 18.70000000000000995 ) ) ;
#1837 =( NAMED_UNIT ( * ) SI_UNIT ( $, .STERADIAN. ) SOLID_ANGLE_UNIT ( ) );
#1838 = CYLINDRICAL_SURFACE ( 'NONE', #2317, 2.549999999999998490 ) ;
#1839 = DIRECTION ( 'NONE',  ( 0.000000000000000000, -0.000000000000000000, 1.000000000000000000 ) ) ;
#1840 = EDGE_CURVE ( 'NONE', #2508, #3487, #4138, .T. ) ;
#1841 = DIRECTION ( 'NONE',  ( 1.000000000000000000, 0.000000000000000000, 0.000000000000000000 ) ) ;
#1842 =( NAMED_UNIT ( * ) PLANE_ANGLE_UNIT ( ) SI_UNIT ( $, .RADIAN. ) );
#1843 = ORIENTED_EDGE ( 'NONE', *, *, #223, .T. ) ;
#1844 = ORIENTED_EDGE ( 'NONE', *, *, #607, .T. ) ;
#1845 = ADVANCED_FACE ( 'NONE', ( #421 ), #771, .F. ) ;
#1846 = ORIENTED_EDGE ( 'NONE', *, *, #3482, .F. ) ;
#1847 = ORIENTED_EDGE ( 'NONE', *, *, #3600, .F. ) ;
#1848 = CARTESIAN_POINT ( 'NONE',  ( -37.85000000000000142, -53.50000000000000711, -32.30000000000000426 ) ) ;
#1849 = SURFACE_STYLE_USAGE ( .BOTH. , #3491 ) ;
#1850 = SURFACE_STYLE_FILL_AREA ( #174 ) ;
#1851 = CIRCLE ( 'NONE', #1335, 4.599999999999999645 ) ;
#1852 = PLANE ( 'NONE',  #1999 ) ;
#1853 = CARTESIAN_POINT ( 'NONE',  ( 29.17999999999998195, -173.1174457829223741, 12.39671406022402778 ) ) ;
#1854 = SURFACE_STYLE_USAGE ( .BOTH. , #4827 ) ;
#1855 = SURFACE_STYLE_USAGE ( .BOTH. , #181 ) ;
#1856 = AXIS2_PLACEMENT_3D ( 'NONE', #4132, #796, #4610 ) ;
#1857 = FILL_AREA_STYLE ('',( #2318 ) ) ;
#1858 = FACE_OUTER_BOUND ( 'NONE', #3057, .T. ) ;
#1859 = COLOUR_RGB ( '',0.5999999999999999778, 0.1607843137254901800, 0.7529411764705882248 ) ;
#1860 =( LENGTH_UNIT ( ) NAMED_UNIT ( * ) SI_UNIT ( .MILLI., .METRE. ) );
#1861 = ORIENTED_EDGE ( 'NONE', *, *, #4696, .T. ) ;
#1862 = LINE ( 'NONE', #2380, #3464 ) ;
#1863 = EDGE_CURVE ( 'NONE', #1357, #1505, #2409, .T. ) ;
#1864 = AXIS2_PLACEMENT_3D ( 'NONE', #4361, #1500, #3184 ) ;
#1865 = DIRECTION ( 'NONE',  ( 0.000000000000000000, -0.000000000000000000, -1.000000000000000000 ) ) ;
#1866 = VERTEX_POINT ( 'NONE', #1234 ) ;
#1867 = VERTEX_POINT ( 'NONE', #4175 ) ;
#1868 = CARTESIAN_POINT ( 'NONE',  ( -41.84999999999999432, -111.0000000000000000, 6.700000000000008171 ) ) ;
#1869 = EDGE_CURVE ( 'NONE', #307, #307, #1851, .T. ) ;
#1870 = AXIS2_PLACEMENT_3D ( 'NONE', #234, #2347, #263 ) ;
#1871 = LINE ( 'NONE', #3564, #3884 ) ;
#1872 = FILL_AREA_STYLE ('',( #4824 ) ) ;
#1873 = LINE ( 'NONE', #3645, #1383 ) ;
#1874 = PLANE ( 'NONE',  #1908 ) ;
#1875 =( GEOMETRIC_REPRESENTATION_CONTEXT ( 3 ) GLOBAL_UNCERTAINTY_ASSIGNED_CONTEXT ( ( #345 ) ) GLOBAL_UNIT_ASSIGNED_CONTEXT ( ( #1890, #1432, #4055 ) ) REPRESENTATION_CONTEXT ( 'NONE', 'WORKASPACE' ) );
#1876 = UNCERTAINTY_MEASURE_WITH_UNIT (LENGTH_MEASURE( 1.000000000000000082E-05 ), #4487, 'distance_accuracy_value', 'NONE');
#1877 = ADVANCED_FACE ( 'NONE', ( #3280 ), #3758, .F. ) ;
#1878 = UNCERTAINTY_MEASURE_WITH_UNIT (LENGTH_MEASURE( 1.000000000000000082E-05 ), #1138, 'distance_accuracy_value', 'NONE');
#1879 =( NAMED_UNIT ( * ) PLANE_ANGLE_UNIT ( ) SI_UNIT ( $, .RADIAN. ) );
#1880 = VECTOR ( 'NONE', #408, 1000.000000000000000 ) ;
#1881 = STYLED_ITEM ( 'NONE', ( #5433 ), #3607 ) ;
#1882 = LINE ( 'NONE', #5258, #2688 ) ;
#1883 = CARTESIAN_POINT ( 'NONE',  ( 10.15000000000000568, -43.50000000000007105, -24.20000000000001350 ) ) ;
#1884 = DIRECTION ( 'NONE',  ( -1.000000000000000000, 0.000000000000000000, 0.000000000000000000 ) ) ;
#1885 =( GEOMETRIC_REPRESENTATION_CONTEXT ( 3 ) GLOBAL_UNCERTAINTY_ASSIGNED_CONTEXT ( ( #3608 ) ) GLOBAL_UNIT_ASSIGNED_CONTEXT ( ( #4847, #1076, #3198 ) ) REPRESENTATION_CONTEXT ( 'NONE', 'WORKASPACE' ) );
#1886 = VECTOR ( 'NONE', #1119, 1000.000000000000000 ) ;
#1887 = SURFACE_STYLE_FILL_AREA ( #3976 ) ;
#1888 = DIRECTION ( 'NONE',  ( 0.000000000000000000, -0.000000000000000000, 1.000000000000000000 ) ) ;
#1889 = ORIENTED_EDGE ( 'NONE', *, *, #1909, .T. ) ;
#1890 =( LENGTH_UNIT ( ) NAMED_UNIT ( * ) SI_UNIT ( .MILLI., .METRE. ) );
#1891 = PRESENTATION_LAYER_ASSIGNMENT (  '', '', ( #1638 ) ) ;
#1892 = PRESENTATION_LAYER_ASSIGNMENT (  '', '', ( #2972 ) ) ;
#1893 = SURFACE_STYLE_USAGE ( .BOTH. , #3558 ) ;
#1894 = DIRECTION ( 'NONE',  ( -1.000000000000000000, 0.000000000000000000, 0.000000000000000000 ) ) ;
#1895 = ORIENTED_EDGE ( 'NONE', *, *, #3707, .T. ) ;
#1896 = ORIENTED_EDGE ( 'NONE', *, *, #2086, .T. ) ;
#1897 = LINE ( 'NONE', #221, #1741 ) ;
#1898 =( NAMED_UNIT ( * ) PLANE_ANGLE_UNIT ( ) SI_UNIT ( $, .RADIAN. ) );
#1899 = STYLED_ITEM ( 'NONE', ( #5142 ), #5139 ) ;
#1900 = SURFACE_STYLE_USAGE ( .BOTH. , #659 ) ;
#1901 = DIRECTION ( 'NONE',  ( 0.000000000000000000, -1.000000000000000000, -0.000000000000000000 ) ) ;
#1902 = EDGE_CURVE ( 'NONE', #1533, #5014, #889, .T. ) ;
#1903 = SURFACE_SIDE_STYLE ('',( #3569 ) ) ;
#1904 = VECTOR ( 'NONE', #2183, 1000.000000000000000 ) ;
#1905 = PLANE ( 'NONE',  #4753 ) ;
#1906 = CARTESIAN_POINT ( 'NONE',  ( -13.85000000000000497, -73.50000000000000000, -2.549999999999993161 ) ) ;
#1907 = CYLINDRICAL_SURFACE ( 'NONE', #837, 4.599999999999999645 ) ;
#1908 = AXIS2_PLACEMENT_3D ( 'NONE', #4538, #2427, #4574 ) ;
#1909 = EDGE_CURVE ( 'NONE', #2988, #526, #4727, .T. ) ;
#1910 = LINE ( 'NONE', #1553, #5337 ) ;
#1911 = PRESENTATION_LAYER_ASSIGNMENT (  '', '', ( #1477 ) ) ;
#1912 = SURFACE_STYLE_FILL_AREA ( #240 ) ;
#1913 = FACE_OUTER_BOUND ( 'NONE', #3104, .T. ) ;
#1914 = VERTEX_POINT ( 'NONE', #520 ) ;
#1915 = SURFACE_STYLE_FILL_AREA ( #4434 ) ;
#1916 = FILL_AREA_STYLE_COLOUR ( '', #3643 ) ;
#1917 = DIRECTION ( 'NONE',  ( -1.000000000000000000, 0.000000000000000000, 0.000000000000000000 ) ) ;
#1918 = SURFACE_SIDE_STYLE ('',( #1531 ) ) ;
#1919 = VERTEX_POINT ( 'NONE', #5177 ) ;
#1920 = ORIENTED_EDGE ( 'NONE', *, *, #3975, .T. ) ;
#1921 = FACE_OUTER_BOUND ( 'NONE', #1679, .T. ) ;
#1922 = PRESENTATION_LAYER_ASSIGNMENT (  '', '', ( #4323 ) ) ;
#1923 = FACE_OUTER_BOUND ( 'NONE', #2792, .T. ) ;
#1924 = FACE_OUTER_BOUND ( 'NONE', #2593, .T. ) ;
#1925 = SURFACE_STYLE_FILL_AREA ( #2761 ) ;
#1926 = DIRECTION ( 'NONE',  ( 0.000000000000000000, -9.011550524554843201E-17, 1.000000000000000000 ) ) ;
#1927 = SURFACE_SIDE_STYLE ('',( #2763 ) ) ;
#1928 = CARTESIAN_POINT ( 'NONE',  ( -71.84999999999989484, -249.7149660633790802, 0.000000000000000000 ) ) ;
#1929 = UNCERTAINTY_MEASURE_WITH_UNIT (LENGTH_MEASURE( 1.000000000000000082E-05 ), #3697, 'distance_accuracy_value', 'NONE');
#1930 = CARTESIAN_POINT ( 'NONE',  ( -32.36969722017663287, -57.28503393662094112, 44.52840888222726790 ) ) ;
#1931 = PRODUCT_RELATED_PRODUCT_CATEGORY ( 'part', '', ( #4414 ) ) ;
#1932 = AXIS2_PLACEMENT_3D ( 'NONE', #5256, #1495, #3998 ) ;
#1933 = UNCERTAINTY_MEASURE_WITH_UNIT (LENGTH_MEASURE( 1.000000000000000082E-05 ), #4221, 'distance_accuracy_value', 'NONE');
#1934 = UNCERTAINTY_MEASURE_WITH_UNIT (LENGTH_MEASURE( 1.000000000000000082E-05 ), #4067, 'distance_accuracy_value', 'NONE');
#1935 = DIRECTION ( 'NONE',  ( 0.000000000000000000, 1.000000000000000000, 0.000000000000000000 ) ) ;
#1936 = VECTOR ( 'NONE', #2895, 1000.000000000000000 ) ;
#1937 = UNCERTAINTY_MEASURE_WITH_UNIT (LENGTH_MEASURE( 1.000000000000000082E-05 ), #1193, 'distance_accuracy_value', 'NONE');
#1938 = FILL_AREA_STYLE_COLOUR ( '', #4903 ) ;
#1939 = ADVANCED_FACE ( 'NONE', ( #3052 ), #2639, .F. ) ;
#1940 = PRESENTATION_STYLE_ASSIGNMENT (( #4077 ) ) ;
#1941 = DIRECTION ( 'NONE',  ( -1.000000000000000000, 5.706279862138393389E-16, 0.000000000000000000 ) ) ;
#1942 = ORIENTED_EDGE ( 'NONE', *, *, #223, .F. ) ;
#1943 = LINE ( 'NONE', #3632, #540 ) ;
#1944 = VECTOR ( 'NONE', #4159, 999.9999999999998863 ) ;
#1945 = CARTESIAN_POINT ( 'NONE',  ( -56.88000000000000966, -221.5000000000000000, 16.81091636418652868 ) ) ;
#1946 = LINE ( 'NONE', #1153, #4674 ) ;
#1947 = MECHANICAL_DESIGN_GEOMETRIC_PRESENTATION_REPRESENTATION (  '', ( #5153 ), #2140 ) ;
#1948 = EDGE_CURVE ( 'NONE', #708, #736, #984, .T. ) ;
#1949 = CARTESIAN_POINT ( 'NONE',  ( -68.84999999999992326, -221.5000000000000284, 3.700000000000047695 ) ) ;
#1950 = SURFACE_STYLE_FILL_AREA ( #3699 ) ;
#1951 = COLOUR_RGB ( '',0.5999999999999999778, 0.1607843137254901800, 0.7529411764705882248 ) ;
#1952 = ORIENTED_EDGE ( 'NONE', *, *, #3515, .F. ) ;
#1953 = VERTEX_POINT ( 'NONE', #2982 ) ;
#1954 = ORIENTED_EDGE ( 'NONE', *, *, #1344, .T. ) ;
#1955 = DIRECTION ( 'NONE',  ( 0.000000000000000000, 0.000000000000000000, -1.000000000000000000 ) ) ;
#1956 = STYLED_ITEM ( 'NONE', ( #2916 ), #2621 ) ;
#1957 = FILL_AREA_STYLE ('',( #1509 ) ) ;
#1958 = ORIENTED_EDGE ( 'NONE', *, *, #2515, .F. ) ;
#1959 = SURFACE_STYLE_USAGE ( .BOTH. , #2310 ) ;
#1960 =( NAMED_UNIT ( * ) SI_UNIT ( $, .STERADIAN. ) SOLID_ANGLE_UNIT ( ) );
#1961 = SURFACE_SIDE_STYLE ('',( #4936 ) ) ;
#1962 = CARTESIAN_POINT ( 'NONE',  ( 0.000000000000000000, -249.7149660633790802, 18.70000000000000995 ) ) ;
#1963 = SURFACE_STYLE_USAGE ( .BOTH. , #4542 ) ;
#1964 = STYLED_ITEM ( 'NONE', ( #1414 ), #3032 ) ;
#1965 = DIRECTION ( 'NONE',  ( 2.891205793294678326E-16, 0.000000000000000000, 1.000000000000000000 ) ) ;
#1966 = DIRECTION ( 'NONE',  ( -1.000000000000000000, -1.632680918566411526E-15, 0.000000000000000000 ) ) ;
#1967 =( NAMED_UNIT ( * ) SI_UNIT ( $, .STERADIAN. ) SOLID_ANGLE_UNIT ( ) );
#1968 = COLOUR_RGB ( '',0.5999999999999999778, 0.1607843137254901800, 0.7529411764705882248 ) ;
#1969 = DIRECTION ( 'NONE',  ( -1.442373091798715516E-16, -1.000000000000000000, 0.000000000000000000 ) ) ;
#1970 = PRESENTATION_STYLE_ASSIGNMENT (( #2377 ) ) ;
#1971 = ORIENTED_EDGE ( 'NONE', *, *, #4277, .F. ) ;
#1972 = MECHANICAL_DESIGN_GEOMETRIC_PRESENTATION_REPRESENTATION (  '', ( #4731 ), #5266 ) ;
#1973 = EDGE_CURVE ( 'NONE', #2007, #1458, #66, .T. ) ;
#1974 = STYLED_ITEM ( 'NONE', ( #1452 ), #3441 ) ;
#1975 = VERTEX_POINT ( 'NONE', #1323 ) ;
#1976 = ORIENTED_EDGE ( 'NONE', *, *, #948, .F. ) ;
#1977 = CARTESIAN_POINT ( 'NONE',  ( -6.350000000000002309, -1.101549407245273491E-15, 13.80000000000000071 ) ) ;
#1978 = CARTESIAN_POINT ( 'NONE',  ( -89.65755400188271551, -152.5345415731352148, 7.310916364186529570 ) ) ;
#1979 = PLANE ( 'NONE',  #3845 ) ;
#1980 = SURFACE_STYLE_FILL_AREA ( #2360 ) ;
#1981 = PRESENTATION_LAYER_ASSIGNMENT (  '', '', ( #4371 ) ) ;
#1982 = PRESENTATION_LAYER_ASSIGNMENT (  '', '', ( #3651 ) ) ;
#1983 = ORIENTED_EDGE ( 'NONE', *, *, #3297, .F. ) ;
#1984 = ADVANCED_FACE ( 'NONE', ( #3008, #4701 ), #2173, .T. ) ;
#1985 = EDGE_LOOP ( 'NONE', ( #4310, #249, #4007, #779 ) ) ;
#1986 = EDGE_LOOP ( 'NONE', ( #1958, #2073, #1661, #278 ) ) ;
#1987 = VERTEX_POINT ( 'NONE', #3260 ) ;
#1988 = AXIS2_PLACEMENT_3D ( 'NONE', #1710, #1298, #2983 ) ;
#1989 =( GEOMETRIC_REPRESENTATION_CONTEXT ( 3 ) GLOBAL_UNCERTAINTY_ASSIGNED_CONTEXT ( ( #5120 ) ) GLOBAL_UNIT_ASSIGNED_CONTEXT ( ( #828, #2033, #1677 ) ) REPRESENTATION_CONTEXT ( 'NONE', 'WORKASPACE' ) );
#1990 = FILL_AREA_STYLE ('',( #2391 ) ) ;
#1991 =( NAMED_UNIT ( * ) PLANE_ANGLE_UNIT ( ) SI_UNIT ( $, .RADIAN. ) );
#1992 = AXIS2_PLACEMENT_3D ( 'NONE', #5154, #160, #4360 ) ;
#1993 = CARTESIAN_POINT ( 'NONE',  ( 7.650000000000018119, -117.5000000000000142, 23.80000000000000071 ) ) ;
#1994 = ORIENTED_EDGE ( 'NONE', *, *, #804, .F. ) ;
#1995 = DIRECTION ( 'NONE',  ( -1.000000000000000000, 0.000000000000000000, 0.000000000000000000 ) ) ;
#1996 = FACE_OUTER_BOUND ( 'NONE', #1331, .T. ) ;
#1997 = FILL_AREA_STYLE ('',( #3237 ) ) ;
#1998 = DIRECTION ( 'NONE',  ( 0.000000000000000000, -1.000000000000000000, 0.000000000000000000 ) ) ;
#1999 = AXIS2_PLACEMENT_3D ( 'NONE', #563, #3020, #4797 ) ;
#2000 = STYLED_ITEM ( 'NONE', ( #486 ), #5386 ) ;
#2001 = DIRECTION ( 'NONE',  ( -0.8090169943749510040, 0.000000000000000000, 0.5877852522924682521 ) ) ;
#2002 = SURFACE_SIDE_STYLE ('',( #1291 ) ) ;
#2003 = CARTESIAN_POINT ( 'NONE',  ( -35.34999999999999432, -111.0000000000000000, 23.79999999999999005 ) ) ;
#2004 = CARTESIAN_POINT ( 'NONE',  ( -63.88000000000000966, -176.4300000000000068, -4.200000000000012612 ) ) ;
#2005 = COLOUR_RGB ( '',0.5999999999999999778, 0.1607843137254901800, 0.7529411764705882248 ) ;
#2006 = SURFACE_STYLE_USAGE ( .BOTH. , #4616 ) ;
#2007 = VERTEX_POINT ( 'NONE', #3972 ) ;
#2008 = SURFACE_STYLE_FILL_AREA ( #5437 ) ;
#2009 = SURFACE_STYLE_USAGE ( .BOTH. , #3344 ) ;
#2010 = LINE ( 'NONE', #356, #4757 ) ;
#2011 = FILL_AREA_STYLE_COLOUR ( '', #401 ) ;
#2012 = LINE ( 'NONE', #1179, #2328 ) ;
#2013 = EDGE_CURVE ( 'NONE', #1914, #5329, #639, .T. ) ;
#2014 = ORIENTED_EDGE ( 'NONE', *, *, #3475, .F. ) ;
#2015 = ORIENTED_EDGE ( 'NONE', *, *, #1973, .T. ) ;
#2016 = ORIENTED_EDGE ( 'NONE', *, *, #1948, .T. ) ;
#2017 = VERTEX_POINT ( 'NONE', #5479 ) ;
#2018 = PRESENTATION_STYLE_ASSIGNMENT (( #337 ) ) ;
#2019 = EDGE_CURVE ( 'NONE', #2406, #2042, #4332, .T. ) ;
#2020 =( GEOMETRIC_REPRESENTATION_CONTEXT ( 3 ) GLOBAL_UNCERTAINTY_ASSIGNED_CONTEXT ( ( #1343 ) ) GLOBAL_UNIT_ASSIGNED_CONTEXT ( ( #4871, #312, #2791 ) ) REPRESENTATION_CONTEXT ( 'NONE', 'WORKASPACE' ) );
#2021 = DIRECTION ( 'NONE',  ( 0.000000000000000000, -0.000000000000000000, 1.000000000000000000 ) ) ;
#2022 = ORIENTED_EDGE ( 'NONE', *, *, #3568, .T. ) ;
#2023 =( LENGTH_UNIT ( ) NAMED_UNIT ( * ) SI_UNIT ( .MILLI., .METRE. ) );
#2024 =( NAMED_UNIT ( * ) PLANE_ANGLE_UNIT ( ) SI_UNIT ( $, .RADIAN. ) );
#2025 = DIRECTION ( 'NONE',  ( 0.000000000000000000, 0.000000000000000000, -1.000000000000000000 ) ) ;
#2026 = CARTESIAN_POINT ( 'NONE',  ( -37.85000000000000142, -53.50000000000000711, -24.20000000000001350 ) ) ;
#2027 = CARTESIAN_POINT ( 'NONE',  ( 29.17999999999998195, -176.4300000000000068, 10.31091636418653046 ) ) ;
#2028 =( NAMED_UNIT ( * ) PLANE_ANGLE_UNIT ( ) SI_UNIT ( $, .RADIAN. ) );
#2029 =( NAMED_UNIT ( * ) PLANE_ANGLE_UNIT ( ) SI_UNIT ( $, .RADIAN. ) );
#2030 = SURFACE_STYLE_USAGE ( .BOTH. , #1256 ) ;
#2031 = DIRECTION ( 'NONE',  ( -0.000000000000000000, 0.000000000000000000, 1.000000000000000000 ) ) ;
#2032 = DIRECTION ( 'NONE',  ( 1.000000000000000000, 0.000000000000000000, 0.000000000000000000 ) ) ;
#2033 =( NAMED_UNIT ( * ) PLANE_ANGLE_UNIT ( ) SI_UNIT ( $, .RADIAN. ) );
#2034 = ORIENTED_EDGE ( 'NONE', *, *, #1948, .F. ) ;
#2035 = PRESENTATION_STYLE_ASSIGNMENT (( #737 ) ) ;
#2036 = FILL_AREA_STYLE_COLOUR ( '', #979 ) ;
#2037 = CARTESIAN_POINT ( 'NONE',  ( 7.650000000000007461, -67.99999999999997158, -3.299999999999992273 ) ) ;
#2038 =( NAMED_UNIT ( * ) PLANE_ANGLE_UNIT ( ) SI_UNIT ( $, .RADIAN. ) );
#2039 = DIRECTION ( 'NONE',  ( 0.000000000000000000, 0.000000000000000000, -1.000000000000000000 ) ) ;
#2040 = DIRECTION ( 'NONE',  ( 0.000000000000000000, 0.000000000000000000, -1.000000000000000000 ) ) ;
#2041 = EDGE_LOOP ( 'NONE', ( #1412 ) ) ;
#2042 = VERTEX_POINT ( 'NONE', #3576 ) ;
#2043 = ORIENTED_EDGE ( 'NONE', *, *, #3267, .T. ) ;
#2044 = VERTEX_POINT ( 'NONE', #2315 ) ;
#2045 = VERTEX_POINT ( 'NONE', #5016 ) ;
#2046 = PRESENTATION_STYLE_ASSIGNMENT (( #783 ) ) ;
#2047 = CIRCLE ( 'NONE', #4612, 4.599999999999999645 ) ;
#2048 = ORIENTED_EDGE ( 'NONE', *, *, #4660, .T. ) ;
#2049 = FILL_AREA_STYLE ('',( #2080 ) ) ;
#2050 = ADVANCED_FACE ( 'NONE', ( #3177 ), #1551, .T. ) ;
#2051 = LINE ( 'NONE', #1218, #3433 ) ;
#2052 = AXIS2_PLACEMENT_3D ( 'NONE', #1321, #1348, #5148 ) ;
#2053 = PRESENTATION_STYLE_ASSIGNMENT (( #3360 ) ) ;
#2054 = UNCERTAINTY_MEASURE_WITH_UNIT (LENGTH_MEASURE( 1.000000000000000082E-05 ), #3926, 'distance_accuracy_value', 'NONE');
#2055 = DIRECTION ( 'NONE',  ( -0.000000000000000000, -0.000000000000000000, 1.000000000000000000 ) ) ;
#2056 = FILL_AREA_STYLE ('',( #3718 ) ) ;
#2057 = EDGE_CURVE ( 'NONE', #4986, #4986, #3908, .T. ) ;
#2058 = SURFACE_STYLE_USAGE ( .BOTH. , #375 ) ;
#2059 = CYLINDRICAL_SURFACE ( 'NONE', #3638, 2.549999999999994049 ) ;
#2060 = PRESENTATION_STYLE_ASSIGNMENT (( #34 ) ) ;
#2061 = DIRECTION ( 'NONE',  ( -1.000000000000000000, 0.000000000000000000, 0.000000000000000000 ) ) ;
#2062 = SURFACE_STYLE_USAGE ( .BOTH. , #5032 ) ;
#2063 = DIRECTION ( 'NONE',  ( 0.000000000000000000, 0.000000000000000000, -1.000000000000000000 ) ) ;
#2064 = VERTEX_POINT ( 'NONE', #1225 ) ;
#2065 = DIRECTION ( 'NONE',  ( -0.000000000000000000, -0.000000000000000000, 1.000000000000000000 ) ) ;
#2066 = DIRECTION ( 'NONE',  ( -0.000000000000000000, -0.000000000000000000, 1.000000000000000000 ) ) ;
#2067 = DIRECTION ( 'NONE',  ( 1.000000000000000000, 0.000000000000000000, 0.000000000000000000 ) ) ;
#2068 =( GEOMETRIC_REPRESENTATION_CONTEXT ( 3 ) GLOBAL_UNCERTAINTY_ASSIGNED_CONTEXT ( ( #1052 ) ) GLOBAL_UNIT_ASSIGNED_CONTEXT ( ( #4365, #5293, #2673 ) ) REPRESENTATION_CONTEXT ( 'NONE', 'WORKASPACE' ) );
#2069 = FACE_OUTER_BOUND ( 'NONE', #2699, .T. ) ;
#2070 = SURFACE_SIDE_STYLE ('',( #387 ) ) ;
#2071 = EDGE_LOOP ( 'NONE', ( #4291, #3434, #937, #3956 ) ) ;
#2072 = VECTOR ( 'NONE', #672, 1000.000000000000114 ) ;
#2073 = ORIENTED_EDGE ( 'NONE', *, *, #202, .F. ) ;
#2074 = EDGE_LOOP ( 'NONE', ( #2201 ) ) ;
#2075 = ORIENTED_EDGE ( 'NONE', *, *, #3957, .F. ) ;
#2076 = CARTESIAN_POINT ( 'NONE',  ( -18.45000000000000284, -233.5000000000000000, 13.70000000000000817 ) ) ;
#2077 = CIRCLE ( 'NONE', #3851, 2.549999999999996714 ) ;
#2078 = DIRECTION ( 'NONE',  ( 1.734723475976808327E-16, -1.000000000000000000, 0.000000000000000000 ) ) ;
#2079 = CARTESIAN_POINT ( 'NONE',  ( -56.88000000000000256, -224.8125542170776328, 12.39671406022404376 ) ) ;
#2080 = FILL_AREA_STYLE_COLOUR ( '', #5364 ) ;
#2081 = PRESENTATION_LAYER_ASSIGNMENT (  '', '', ( #1455 ) ) ;
#2082 = DIRECTION ( 'NONE',  ( 0.000000000000000000, -0.000000000000000000, 1.000000000000000000 ) ) ;
#2083 = FACE_OUTER_BOUND ( 'NONE', #4596, .T. ) ;
#2084 = DIRECTION ( 'NONE',  ( 1.000000000000000000, 0.000000000000000000, 0.000000000000000000 ) ) ;
#2085 = DIRECTION ( 'NONE',  ( 1.000000000000000000, 0.000000000000000000, 0.000000000000000000 ) ) ;
#2086 = EDGE_CURVE ( 'NONE', #2045, #2045, #2571, .T. ) ;
#2087 = FILL_AREA_STYLE_COLOUR ( '', #1033 ) ;
#2088 = CARTESIAN_POINT ( 'NONE',  ( 36.17999999999999261, -221.5000000000000284, 10.31091636418653046 ) ) ;
#2089 = CARTESIAN_POINT ( 'NONE',  ( 83.15000000000010516, -158.4999999999999716, -16.20000000000006324 ) ) ;
#2090 =( GEOMETRIC_REPRESENTATION_CONTEXT ( 3 ) GLOBAL_UNCERTAINTY_ASSIGNED_CONTEXT ( ( #2217 ) ) GLOBAL_UNIT_ASSIGNED_CONTEXT ( ( #3069, #4867, #2697 ) ) REPRESENTATION_CONTEXT ( 'NONE', 'WORKASPACE' ) );
#2091 = PRESENTATION_STYLE_ASSIGNMENT (( #1227 ) ) ;
#2092 = COLOUR_RGB ( '',0.5999999999999999778, 0.1607843137254901800, 0.7529411764705882248 ) ;
#2093 = ADVANCED_FACE ( 'NONE', ( #3722 ), #4999, .F. ) ;
#2094 = LINE ( 'NONE', #446, #4732 ) ;
#2095 = DIRECTION ( 'NONE',  ( 1.000000000000000000, -0.000000000000000000, 0.000000000000000000 ) ) ;
#2096 = ORIENTED_EDGE ( 'NONE', *, *, #4438, .F. ) ;
#2097 =( LENGTH_UNIT ( ) NAMED_UNIT ( * ) SI_UNIT ( .MILLI., .METRE. ) );
#2098 = FACE_OUTER_BOUND ( 'NONE', #3435, .T. ) ;
#2099 = COLOUR_RGB ( '',0.5999999999999999778, 0.1607843137254901800, 0.7529411764705882248 ) ;
#2100 = EDGE_LOOP ( 'NONE', ( #388 ) ) ;
#2101 = ORIENTED_EDGE ( 'NONE', *, *, #1375, .T. ) ;
#2102 = VERTEX_POINT ( 'NONE', #5201 ) ;
#2103 = VERTEX_POINT ( 'NONE', #1689 ) ;
#2104 = STYLED_ITEM ( 'NONE', ( #2896 ), #1026 ) ;
#2105 = DIRECTION ( 'NONE',  ( 2.185478394931410082E-16, 1.000000000000000000, 0.000000000000000000 ) ) ;
#2106 = CARTESIAN_POINT ( 'NONE',  ( -71.84999999999989484, -53.50000000000000000, 8.799999999999956302 ) ) ;
#2107 = MECHANICAL_DESIGN_GEOMETRIC_PRESENTATION_REPRESENTATION (  '', ( #683 ), #1130 ) ;
#2108 = AXIS2_PLACEMENT_3D ( 'NONE', #3334, #350, #4609 ) ;
#2109 = VERTEX_POINT ( 'NONE', #955 ) ;
#2110 = FACE_OUTER_BOUND ( 'NONE', #2071, .T. ) ;
#2111 =( NAMED_UNIT ( * ) PLANE_ANGLE_UNIT ( ) SI_UNIT ( $, .RADIAN. ) );
#2112 = SURFACE_STYLE_USAGE ( .BOTH. , #2459 ) ;
#2113 = CARTESIAN_POINT ( 'NONE',  ( -37.85000000000000142, -253.5000000000000000, -32.30000000000000426 ) ) ;
#2114 = SURFACE_SIDE_STYLE ('',( #465 ) ) ;
#2115 = SURFACE_STYLE_USAGE ( .BOTH. , #3874 ) ;
#2116 = CARTESIAN_POINT ( 'NONE',  ( -68.84999999999995168, -173.5000000000000000, -16.20000000000005969 ) ) ;
#2117 = UNCERTAINTY_MEASURE_WITH_UNIT (LENGTH_MEASURE( 1.000000000000000082E-05 ), #4399, 'distance_accuracy_value', 'NONE');
#2118 = DIRECTION ( 'NONE',  ( -0.000000000000000000, -0.000000000000000000, 1.000000000000000000 ) ) ;
#2119 = PLANE ( 'NONE',  #2959 ) ;
#2120 = ORIENTED_EDGE ( 'NONE', *, *, #987, .F. ) ;
#2121 = DIRECTION ( 'NONE',  ( -1.000000000000000000, 0.000000000000000000, 0.000000000000000000 ) ) ;
#2122 = CARTESIAN_POINT ( 'NONE',  ( -13.85000000000000497, -73.50000000000000000, -32.29999999999999005 ) ) ;
#2123 = EDGE_CURVE ( 'NONE', #5435, #2178, #86, .T. ) ;
#2124 = EDGE_CURVE ( 'NONE', #5446, #5446, #280, .T. ) ;
#2125 = LINE ( 'NONE', #838, #2775 ) ;
#2126 =( GEOMETRIC_REPRESENTATION_CONTEXT ( 3 ) GLOBAL_UNCERTAINTY_ASSIGNED_CONTEXT ( ( #1552 ) ) GLOBAL_UNIT_ASSIGNED_CONTEXT ( ( #3506, #111, #1837 ) ) REPRESENTATION_CONTEXT ( 'NONE', 'WORKASPACE' ) );
#2127 = VERTEX_POINT ( 'NONE', #976 ) ;
#2128 = EDGE_LOOP ( 'NONE', ( #2900, #1685, #4680, #4080 ) ) ;
#2129 = EDGE_LOOP ( 'NONE', ( #4985, #277, #651, #360 ) ) ;
#2130 = EDGE_CURVE ( 'NONE', #710, #710, #468, .T. ) ;
#2131 = CARTESIAN_POINT ( 'NONE',  ( 0.000000000000000000, 0.000000000000000000, 3.450000000000008171 ) ) ;
#2132 = DIRECTION ( 'NONE',  ( -1.000000000000000000, 0.000000000000000000, 0.000000000000000000 ) ) ;
#2133 = CARTESIAN_POINT ( 'NONE',  ( -21.34999999999998010, 0.000000000000000000, 13.80000000000000071 ) ) ;
#2134 = AXIS2_PLACEMENT_3D ( 'NONE', #1928, #3969, #3544 ) ;
#2135 =( NAMED_UNIT ( * ) SI_UNIT ( $, .STERADIAN. ) SOLID_ANGLE_UNIT ( ) );
#2136 = SURFACE_SIDE_STYLE ('',( #4690 ) ) ;
#2137 = LINE ( 'NONE', #53, #3300 ) ;
#2138 = COLOUR_RGB ( '',0.5999999999999999778, 0.1607843137254901800, 0.7529411764705882248 ) ;
#2139 = CARTESIAN_POINT ( 'NONE',  ( -63.88000000000000966, -214.5000000000000000, 10.31091636418653046 ) ) ;
#2140 =( GEOMETRIC_REPRESENTATION_CONTEXT ( 3 ) GLOBAL_UNCERTAINTY_ASSIGNED_CONTEXT ( ( #1292 ) ) GLOBAL_UNIT_ASSIGNED_CONTEXT ( ( #5255, #1879, #4428 ) ) REPRESENTATION_CONTEXT ( 'NONE', 'WORKASPACE' ) );
#2141 = SURFACE_SIDE_STYLE ('',( #1341 ) ) ;
#2142 = CARTESIAN_POINT ( 'NONE',  ( -41.84999999999999432, -111.0000000000000000, 23.80000000000000071 ) ) ;
#2143 = AXIS2_PLACEMENT_3D ( 'NONE', #4473, #3324, #1510 ) ;
#2144 = ORIENTED_EDGE ( 'NONE', *, *, #2130, .T. ) ;
#2145 = CARTESIAN_POINT ( 'NONE',  ( -45.59999999999998721, -57.74999999999999289, 18.70000000000000995 ) ) ;
#2146 = DIRECTION ( 'NONE',  ( -0.000000000000000000, -0.000000000000000000, -1.000000000000000000 ) ) ;
#2147 = LINE ( 'NONE', #3844, #2628 ) ;
#2148 = DIRECTION ( 'NONE',  ( -1.000000000000000000, 0.000000000000000000, 0.000000000000000000 ) ) ;
#2149 = PRESENTATION_LAYER_ASSIGNMENT (  '', '', ( #3836 ) ) ;
#2150 =( NAMED_UNIT ( * ) SI_UNIT ( $, .STERADIAN. ) SOLID_ANGLE_UNIT ( ) );
#2151 = EDGE_CURVE ( 'NONE', #77, #3630, #2216, .T. ) ;
#2152 = ORIENTED_EDGE ( 'NONE', *, *, #658, .F. ) ;
#2153 = VERTEX_POINT ( 'NONE', #106 ) ;
#2154 = AXIS2_PLACEMENT_3D ( 'NONE', #167, #3139, #5264 ) ;
#2155 = ORIENTED_EDGE ( 'NONE', *, *, #5145, .F. ) ;
#2156 = ORIENTED_EDGE ( 'NONE', *, *, #3003, .T. ) ;
#2157 = AXIS2_PLACEMENT_3D ( 'NONE', #3153, #1424, #3605 ) ;
#2158 = ADVANCED_FACE ( 'NONE', ( #5170 ), #3838, .F. ) ;
#2159 = VECTOR ( 'NONE', #2078, 1000.000000000000000 ) ;
#2160 = SURFACE_STYLE_FILL_AREA ( #5163 ) ;
#2161 =( GEOMETRIC_REPRESENTATION_CONTEXT ( 3 ) GLOBAL_UNCERTAINTY_ASSIGNED_CONTEXT ( ( #2829 ) ) GLOBAL_UNIT_ASSIGNED_CONTEXT ( ( #4993, #4127, #3716 ) ) REPRESENTATION_CONTEXT ( 'NONE', 'WORKASPACE' ) );
#2162 = CARTESIAN_POINT ( 'NONE',  ( -3.296898823753065422, -117.5000000000000142, 13.80000000000000071 ) ) ;
#2163 = MECHANICAL_DESIGN_GEOMETRIC_PRESENTATION_REPRESENTATION (  '', ( #4371 ), #5184 ) ;
#2164 = VECTOR ( 'NONE', #5288, 1000.000000000000000 ) ;
#2165 = CARTESIAN_POINT ( 'NONE',  ( 0.000000000000000000, -43.50000000000000000, 0.000000000000000000 ) ) ;
#2166 = DIRECTION ( 'NONE',  ( -1.000000000000000000, 0.000000000000000000, 0.000000000000000000 ) ) ;
#2167 = FILL_AREA_STYLE ('',( #496 ) ) ;
#2168 = UNCERTAINTY_MEASURE_WITH_UNIT (LENGTH_MEASURE( 1.000000000000000082E-05 ), #5273, 'distance_accuracy_value', 'NONE');
#2169 = DIRECTION ( 'NONE',  ( 0.000000000000000000, 0.000000000000000000, -1.000000000000000000 ) ) ;
#2170 = COLOUR_RGB ( '',0.5999999999999999778, 0.1607843137254901800, 0.7529411764705882248 ) ;
#2171 = ORIENTED_EDGE ( 'NONE', *, *, #299, .T. ) ;
#2172 = CARTESIAN_POINT ( 'NONE',  ( 23.50427119293232536, -3.520136923654235841E-16, 23.80000000000000071 ) ) ;
#2173 = PLANE ( 'NONE',  #5314 ) ;
#2174 = DIRECTION ( 'NONE',  ( -1.000000000000000000, 0.000000000000000000, 0.000000000000000000 ) ) ;
#2175 = PRESENTATION_LAYER_ASSIGNMENT (  '', '', ( #1467 ) ) ;
#2176 =( NAMED_UNIT ( * ) PLANE_ANGLE_UNIT ( ) SI_UNIT ( $, .RADIAN. ) );
#2177 = ORIENTED_EDGE ( 'NONE', *, *, #3975, .F. ) ;
#2178 = VERTEX_POINT ( 'NONE', #1730 ) ;
#2179 = APPLICATION_PROTOCOL_DEFINITION ( 'draft international standard', 'automotive_design', 1998, #1143 ) ;
#2180 = ADVANCED_FACE ( 'NONE', ( #3424 ), #261, .F. ) ;
#2181 = VERTEX_POINT ( 'NONE', #3202 ) ;
#2182 = VECTOR ( 'NONE', #740, 1000.000000000000000 ) ;
#2183 = DIRECTION ( 'NONE',  ( -1.239088197126290570E-16, -1.000000000000000000, 0.000000000000000000 ) ) ;
#2184 =( NAMED_UNIT ( * ) PLANE_ANGLE_UNIT ( ) SI_UNIT ( $, .RADIAN. ) );
#2185 = CARTESIAN_POINT ( 'NONE',  ( -71.84999999999989484, -53.50000000000000000, -32.30000000000000426 ) ) ;
#2186 = DIRECTION ( 'NONE',  ( -0.000000000000000000, 0.000000000000000000, -1.000000000000000000 ) ) ;
#2187 = EDGE_CURVE ( 'NONE', #4842, #2509, #2239, .T. ) ;
#2188 =( NAMED_UNIT ( * ) PLANE_ANGLE_UNIT ( ) SI_UNIT ( $, .RADIAN. ) );
#2189 = FACE_OUTER_BOUND ( 'NONE', #1485, .T. ) ;
#2190 = CARTESIAN_POINT ( 'NONE',  ( -37.85000000000000142, -43.50000000000000000, -32.30000000000000426 ) ) ;
#2191 = DIRECTION ( 'NONE',  ( -0.5877852522924745804, 7.290497520033331288E-17, -0.8090169943749464521 ) ) ;
#2192 = CIRCLE ( 'NONE', #2632, 6.599999999999991651 ) ;
#2193 = EDGE_CURVE ( 'NONE', #271, #1769, #3175, .T. ) ;
#2194 = MECHANICAL_DESIGN_GEOMETRIC_PRESENTATION_REPRESENTATION (  '', ( #525 ), #1576 ) ;
#2195 = DIRECTION ( 'NONE',  ( 0.000000000000000000, 0.000000000000000000, 1.000000000000000000 ) ) ;
#2196 = EDGE_LOOP ( 'NONE', ( #1625 ) ) ;
#2197 = PRESENTATION_STYLE_ASSIGNMENT (( #4358 ) ) ;
#2198 = DIRECTION ( 'NONE',  ( -1.000000000000000000, 0.000000000000000000, 0.000000000000000000 ) ) ;
#2199 = MECHANICAL_DESIGN_GEOMETRIC_PRESENTATION_REPRESENTATION (  '', ( #3708 ), #1329 ) ;
#2200 = FACE_OUTER_BOUND ( 'NONE', #629, .T. ) ;
#2201 = ORIENTED_EDGE ( 'NONE', *, *, #2057, .T. ) ;
#2202 = EDGE_LOOP ( 'NONE', ( #4759 ) ) ;
#2203 = EDGE_LOOP ( 'NONE', ( #3899, #1713, #3413, #4988 ) ) ;
#2204 = PRODUCT_DEFINITION_SHAPE ( 'NONE', 'NONE',  #3915 ) ;
#2205 =( GEOMETRIC_REPRESENTATION_CONTEXT ( 3 ) GLOBAL_UNCERTAINTY_ASSIGNED_CONTEXT ( ( #5399 ) ) GLOBAL_UNIT_ASSIGNED_CONTEXT ( ( #1785, #291, #4488 ) ) REPRESENTATION_CONTEXT ( 'NONE', 'WORKASPACE' ) );
#2206 = SURFACE_STYLE_USAGE ( .BOTH. , #528 ) ;
#2207 = VERTEX_POINT ( 'NONE', #4480 ) ;
#2208 = ORIENTED_EDGE ( 'NONE', *, *, #1001, .T. ) ;
#2209 = CARTESIAN_POINT ( 'NONE',  ( 83.15000000000010516, -173.5000000000000000, -1.200000000000062128 ) ) ;
#2210 =( NAMED_UNIT ( * ) SI_UNIT ( $, .STERADIAN. ) SOLID_ANGLE_UNIT ( ) );
#2211 = DIRECTION ( 'NONE',  ( 1.000000000000000000, 0.000000000000000000, -0.000000000000000000 ) ) ;
#2212 = PLANE ( 'NONE',  #1756 ) ;
#2213 = EDGE_CURVE ( 'NONE', #4148, #4148, #2047, .T. ) ;
#2214 =( NAMED_UNIT ( * ) PLANE_ANGLE_UNIT ( ) SI_UNIT ( $, .RADIAN. ) );
#2215 =( NAMED_UNIT ( * ) SI_UNIT ( $, .STERADIAN. ) SOLID_ANGLE_UNIT ( ) );
#2216 = LINE ( 'NONE', #4749, #194 ) ;
#2217 = UNCERTAINTY_MEASURE_WITH_UNIT (LENGTH_MEASURE( 1.000000000000000082E-05 ), #3069, 'distance_accuracy_value', 'NONE');
#2218 = SURFACE_STYLE_USAGE ( .BOTH. , #134 ) ;
#2219 = ADVANCED_FACE ( 'NONE', ( #3946 ), #616, .T. ) ;
#2220 = VERTEX_POINT ( 'NONE', #3148 ) ;
#2221 = PRESENTATION_STYLE_ASSIGNMENT (( #4779 ) ) ;
#2222 = VECTOR ( 'NONE', #688, 1000.000000000000114 ) ;
#2223 = DIRECTION ( 'NONE',  ( 0.000000000000000000, -0.000000000000000000, 1.000000000000000000 ) ) ;
#2224 = DIRECTION ( 'NONE',  ( -1.000000000000000000, 0.000000000000000000, 0.000000000000000000 ) ) ;
#2225 = FACE_OUTER_BOUND ( 'NONE', #3082, .T. ) ;
#2226 = ORIENTED_EDGE ( 'NONE', *, *, #225, .F. ) ;
#2227 = ORIENTED_EDGE ( 'NONE', *, *, #966, .F. ) ;
#2228 = COLOUR_RGB ( '',0.5999999999999999778, 0.1607843137254901800, 0.7529411764705882248 ) ;
#2229 = MECHANICAL_DESIGN_GEOMETRIC_PRESENTATION_REPRESENTATION (  '', ( #3927 ), #1004 ) ;
#2230 = EDGE_LOOP ( 'NONE', ( #2244, #5106, #4653, #1262, #1889, #1006, #4532 ) ) ;
#2231 = ORIENTED_EDGE ( 'NONE', *, *, #1144, .T. ) ;
#2232 = LINE ( 'NONE', #3937, #4577 ) ;
#2233 = FACE_BOUND ( 'NONE', #5381, .T. ) ;
#2234 =( NAMED_UNIT ( * ) PLANE_ANGLE_UNIT ( ) SI_UNIT ( $, .RADIAN. ) );
#2235 = VECTOR ( 'NONE', #4056, 1000.000000000000114 ) ;
#2236 = FILL_AREA_STYLE ('',( #954 ) ) ;
#2237 = DIRECTION ( 'NONE',  ( -0.000000000000000000, -0.000000000000000000, -1.000000000000000000 ) ) ;
#2238 = CARTESIAN_POINT ( 'NONE',  ( 41.14999999999988489, -158.4999999999999716, -1.200000000000063904 ) ) ;
#2239 = LINE ( 'NONE', #3092, #3820 ) ;
#2240 = STYLED_ITEM ( 'NONE', ( #3292 ), #4600 ) ;
#2241 = EDGE_CURVE ( 'NONE', #196, #3630, #5250, .T. ) ;
#2242 = PRESENTATION_LAYER_ASSIGNMENT (  '', '', ( #3938 ) ) ;
#2243 =( NAMED_UNIT ( * ) PLANE_ANGLE_UNIT ( ) SI_UNIT ( $, .RADIAN. ) );
#2244 = ORIENTED_EDGE ( 'NONE', *, *, #2400, .T. ) ;
#2245 = VECTOR ( 'NONE', #2330, 1000.000000000000000 ) ;
#2246 = AXIS2_PLACEMENT_3D ( 'NONE', #186, #4836, #1034 ) ;
#2247 = CARTESIAN_POINT ( 'NONE',  ( -23.85000000000000497, -116.2500000000000142, 3.450000000000008171 ) ) ;
#2248 = DIRECTION ( 'NONE',  ( 0.000000000000000000, 0.000000000000000000, -1.000000000000000000 ) ) ;
#2249 = DIRECTION ( 'NONE',  ( -1.000000000000000000, 0.000000000000000000, 0.000000000000000000 ) ) ;
#2250 = DIRECTION ( 'NONE',  ( -0.000000000000000000, 0.000000000000000000, 1.000000000000000000 ) ) ;
#2251 = EDGE_CURVE ( 'NONE', #3351, #4713, #3121, .T. ) ;
#2252 =( GEOMETRIC_REPRESENTATION_CONTEXT ( 3 ) GLOBAL_UNCERTAINTY_ASSIGNED_CONTEXT ( ( #4776 ) ) GLOBAL_UNIT_ASSIGNED_CONTEXT ( ( #476, #4704, #4730 ) ) REPRESENTATION_CONTEXT ( 'NONE', 'WORKASPACE' ) );
#2253 = COLOUR_RGB ( '',0.5999999999999999778, 0.1607843137254901800, 0.7529411764705882248 ) ;
#2254 = SURFACE_STYLE_USAGE ( .BOTH. , #4856 ) ;
#2255 = ORIENTED_EDGE ( 'NONE', *, *, #1476, .F. ) ;
#2256 = ORIENTED_EDGE ( 'NONE', *, *, #4740, .F. ) ;
#2257 = MECHANICAL_DESIGN_GEOMETRIC_PRESENTATION_REPRESENTATION (  '', ( #4563 ), #1114 ) ;
#2258 = SURFACE_STYLE_USAGE ( .BOTH. , #1064 ) ;
#2259 =( GEOMETRIC_REPRESENTATION_CONTEXT ( 3 ) GLOBAL_UNCERTAINTY_ASSIGNED_CONTEXT ( ( #3151 ) ) GLOBAL_UNIT_ASSIGNED_CONTEXT ( ( #3416, #5136, #510 ) ) REPRESENTATION_CONTEXT ( 'NONE', 'WORKASPACE' ) );
#2260 = EDGE_LOOP ( 'NONE', ( #1373, #1847, #1363, #3732 ) ) ;
#2261 = ORIENTED_EDGE ( 'NONE', *, *, #1909, .F. ) ;
#2262 = VERTEX_POINT ( 'NONE', #3538 ) ;
#2263 = SURFACE_STYLE_FILL_AREA ( #298 ) ;
#2264 =( LENGTH_UNIT ( ) NAMED_UNIT ( * ) SI_UNIT ( .MILLI., .METRE. ) );
#2265 = VECTOR ( 'NONE', #2344, 1000.000000000000000 ) ;
#2266 = CARTESIAN_POINT ( 'NONE',  ( -45.60000000000000142, -121.2500000000000142, 3.450000000000008171 ) ) ;
#2267 = PRESENTATION_STYLE_ASSIGNMENT (( #589 ) ) ;
#2268 =( NAMED_UNIT ( * ) PLANE_ANGLE_UNIT ( ) SI_UNIT ( $, .RADIAN. ) );
#2269 = SURFACE_SIDE_STYLE ('',( #2293 ) ) ;
#2270 = FACE_OUTER_BOUND ( 'NONE', #1207, .T. ) ;
#2271 = CIRCLE ( 'NONE', #5122, 5.000000000000000888 ) ;
#2272 = MECHANICAL_DESIGN_GEOMETRIC_PRESENTATION_REPRESENTATION (  '', ( #1477 ), #2443 ) ;
#2273 = EDGE_LOOP ( 'NONE', ( #2862, #5260, #427, #306, #3385, #1942 ) ) ;
#2274 = EDGE_CURVE ( 'NONE', #4597, #4597, #2474, .T. ) ;
#2275 = DIRECTION ( 'NONE',  ( -1.000000000000000000, 0.000000000000000000, 0.000000000000000000 ) ) ;
#2276 = VECTOR ( 'NONE', #1941, 1000.000000000000000 ) ;
#2277 = DIRECTION ( 'NONE',  ( 0.000000000000000000, -2.231155596111649629E-16, 1.000000000000000000 ) ) ;
#2278 = SURFACE_STYLE_FILL_AREA ( #4390 ) ;
#2279 = ORIENTED_EDGE ( 'NONE', *, *, #3376, .F. ) ;
#2280 = EDGE_CURVE ( 'NONE', #1866, #4213, #788, .T. ) ;
#2281 = FACE_OUTER_BOUND ( 'NONE', #5219, .T. ) ;
#2282 = AXIS2_PLACEMENT_3D ( 'NONE', #4002, #211, #1888 ) ;
#2283 = FACE_OUTER_BOUND ( 'NONE', #3235, .T. ) ;
#2284 = EDGE_LOOP ( 'NONE', ( #2279 ) ) ;
#2285 = EDGE_CURVE ( 'NONE', #5324, #1975, #3685, .T. ) ;
#2286 = ORIENTED_EDGE ( 'NONE', *, *, #2969, .T. ) ;
#2287 = FILL_AREA_STYLE_COLOUR ( '', #2887 ) ;
#2288 = FILL_AREA_STYLE_COLOUR ( '', #1349 ) ;
#2289 = SURFACE_STYLE_USAGE ( .BOTH. , #3965 ) ;
#2290 = DIRECTION ( 'NONE',  ( 0.000000000000000000, -1.000000000000000000, 1.047945392442333568E-16 ) ) ;
#2291 = DIRECTION ( 'NONE',  ( -1.000000000000000000, -0.000000000000000000, -0.000000000000000000 ) ) ;
#2292 = DIRECTION ( 'NONE',  ( 0.000000000000000000, 1.000000000000000000, 0.000000000000000000 ) ) ;
#2293 = SURFACE_STYLE_FILL_AREA ( #4849 ) ;
#2294 = DIRECTION ( 'NONE',  ( -1.000000000000000000, 0.000000000000000000, 0.000000000000000000 ) ) ;
#2295 = FILL_AREA_STYLE ('',( #618 ) ) ;
#2296 = STYLED_ITEM ( 'NONE', ( #1025 ), #2180 ) ;
#2297 = LINE ( 'NONE', #5310, #2072 ) ;
#2298 = DIRECTION ( 'NONE',  ( -0.000000000000000000, 1.000000000000000000, -0.000000000000000000 ) ) ;
#2299 =( NAMED_UNIT ( * ) SI_UNIT ( $, .STERADIAN. ) SOLID_ANGLE_UNIT ( ) );
#2300 = SURFACE_STYLE_USAGE ( .BOTH. , #2778 ) ;
#2301 = ORIENTED_EDGE ( 'NONE', *, *, #3669, .F. ) ;
#2302 = DIRECTION ( 'NONE',  ( -1.734723475976808327E-16, 1.000000000000000000, 0.000000000000000000 ) ) ;
#2303 = EDGE_CURVE ( 'NONE', #5324, #708, #4575, .T. ) ;
#2304 = DIRECTION ( 'NONE',  ( 0.8090169943749510040, 0.000000000000000000, 0.5877852522924682521 ) ) ;
#2305 = ORIENTED_EDGE ( 'NONE', *, *, #230, .T. ) ;
#2306 = PRESENTATION_LAYER_ASSIGNMENT (  '', '', ( #4716 ) ) ;
#2307 = ORIENTED_EDGE ( 'NONE', *, *, #634, .T. ) ;
#2308 = CARTESIAN_POINT ( 'NONE',  ( 6.400000000000008349, -67.99999999999997158, 3.450000000000008615 ) ) ;
#2309 = EDGE_CURVE ( 'NONE', #911, #3930, #5025, .T. ) ;
#2310 = SURFACE_SIDE_STYLE ('',( #1925 ) ) ;
#2311 = DIRECTION ( 'NONE',  ( 0.000000000000000000, 1.000000000000000000, 0.000000000000000000 ) ) ;
#2312 = STYLED_ITEM ( 'NONE', ( #51 ), #3027 ) ;
#2313 =( LENGTH_UNIT ( ) NAMED_UNIT ( * ) SI_UNIT ( .MILLI., .METRE. ) );
#2314 = DIRECTION ( 'NONE',  ( 0.000000000000000000, -1.000000000000000000, -0.000000000000000000 ) ) ;
#2315 = CARTESIAN_POINT ( 'NONE',  ( 20.50427119293206957, -57.28503393662091980, 18.70000000000000995 ) ) ;
#2316 = STYLED_ITEM ( 'NONE', ( #4439 ), #4320 ) ;
#2317 = AXIS2_PLACEMENT_3D ( 'NONE', #1030, #4832, #3530 ) ;
#2318 = FILL_AREA_STYLE_COLOUR ( '', #491 ) ;
#2319 = UNCERTAINTY_MEASURE_WITH_UNIT (LENGTH_MEASURE( 1.000000000000000082E-05 ), #4052, 'distance_accuracy_value', 'NONE');
#2320 = FILL_AREA_STYLE_COLOUR ( '', #577 ) ;
#2321 = UNCERTAINTY_MEASURE_WITH_UNIT (LENGTH_MEASURE( 1.000000000000000082E-05 ), #127, 'distance_accuracy_value', 'NONE');
#2322 = DIRECTION ( 'NONE',  ( 0.000000000000000000, 9.011550524554843201E-17, -1.000000000000000000 ) ) ;
#2323 = VECTOR ( 'NONE', #4021, 1000.000000000000000 ) ;
#2324 = DIRECTION ( 'NONE',  ( -0.000000000000000000, -0.000000000000000000, -1.000000000000000000 ) ) ;
#2325 = PRESENTATION_STYLE_ASSIGNMENT (( #2254 ) ) ;
#2326 = ORIENTED_EDGE ( 'NONE', *, *, #2274, .T. ) ;
#2327 = DIRECTION ( 'NONE',  ( 1.081779818849036513E-16, 1.000000000000000000, 0.000000000000000000 ) ) ;
#2328 = VECTOR ( 'NONE', #2868, 1000.000000000000000 ) ;
#2329 = PRESENTATION_LAYER_ASSIGNMENT (  '', '', ( #3657 ) ) ;
#2330 = DIRECTION ( 'NONE',  ( 1.000000000000000000, 2.040851148208014408E-16, 0.000000000000000000 ) ) ;
#2331 = CARTESIAN_POINT ( 'NONE',  ( 41.14999999999989200, -57.28503393662091980, -32.30000000000000426 ) ) ;
#2332 = ORIENTED_EDGE ( 'NONE', *, *, #6, .T. ) ;
#2333 = ORIENTED_EDGE ( 'NONE', *, *, #4224, .F. ) ;
#2334 = DIRECTION ( 'NONE',  ( -0.000000000000000000, 0.000000000000000000, 1.000000000000000000 ) ) ;
#2335 = ADVANCED_FACE ( 'NONE', ( #4967, #3239, #2457, #5485, #722 ), #759, .T. ) ;
#2336 = EDGE_CURVE ( 'NONE', #20, #20, #1602, .T. ) ;
#2337 = CARTESIAN_POINT ( 'NONE',  ( -13.62109734051039567, -199.6547004183909451, 43.49353152340155759 ) ) ;
#2338 = AXIS2_PLACEMENT_3D ( 'NONE', #3199, #4872, #3236 ) ;
#2339 = DIRECTION ( 'NONE',  ( -1.000000000000000000, 0.000000000000000000, 0.000000000000000000 ) ) ;
#2340 = SURFACE_SIDE_STYLE ('',( #4448 ) ) ;
#2341 = DIRECTION ( 'NONE',  ( -1.000000000000000000, 0.000000000000000000, 0.000000000000000000 ) ) ;
#2342 = CIRCLE ( 'NONE', #4833, 6.500000000000005329 ) ;
#2343 = ADVANCED_FACE ( 'NONE', ( #1250, #2937 ), #2396, .F. ) ;
#2344 = DIRECTION ( 'NONE',  ( 1.000000000000000000, -0.000000000000000000, -0.000000000000000000 ) ) ;
#2345 = FILL_AREA_STYLE_COLOUR ( '', #985 ) ;
#2346 = LINE ( 'NONE', #4043, #310 ) ;
#2347 = DIRECTION ( 'NONE',  ( -0.000000000000000000, 1.000000000000000000, -0.000000000000000000 ) ) ;
#2348 = VECTOR ( 'NONE', #206, 1000.000000000000000 ) ;
#2349 = ADVANCED_FACE ( 'NONE', ( #2602 ), #3866, .F. ) ;
#2350 = DIRECTION ( 'NONE',  ( -1.000000000000000000, 0.000000000000000000, 0.000000000000000000 ) ) ;
#2351 =( GEOMETRIC_REPRESENTATION_CONTEXT ( 3 ) GLOBAL_UNCERTAINTY_ASSIGNED_CONTEXT ( ( #2941 ) ) GLOBAL_UNIT_ASSIGNED_CONTEXT ( ( #2394, #3293, #2881 ) ) REPRESENTATION_CONTEXT ( 'NONE', 'WORKASPACE' ) );
#2352 = LINE ( 'NONE', #3999, #2860 ) ;
#2353 = DIRECTION ( 'NONE',  ( -0.000000000000000000, -0.000000000000000000, -1.000000000000000000 ) ) ;
#2354 = COLOUR_RGB ( '',0.5999999999999999778, 0.1607843137254901800, 0.7529411764705882248 ) ;
#2355 = EDGE_LOOP ( 'NONE', ( #143 ) ) ;
#2356 = SURFACE_SIDE_STYLE ('',( #4412 ) ) ;
#2357 = CARTESIAN_POINT ( 'NONE',  ( -3.296898823753065422, -117.5000000000000142, 6.700000000000008171 ) ) ;
#2358 = FACE_OUTER_BOUND ( 'NONE', #3639, .T. ) ;
#2359 = VECTOR ( 'NONE', #636, 1000.000000000000000 ) ;
#2360 = FILL_AREA_STYLE ('',( #3981 ) ) ;
#2361 = LINE ( 'NONE', #1127, #2235 ) ;
#2362 = PRESENTATION_LAYER_ASSIGNMENT (  '', '', ( #525 ) ) ;
#2363 = ORIENTED_EDGE ( 'NONE', *, *, #3411, .F. ) ;
#2364 = ORIENTED_EDGE ( 'NONE', *, *, #4479, .F. ) ;
#2365 = ORIENTED_EDGE ( 'NONE', *, *, #2013, .F. ) ;
#2366 =( LENGTH_UNIT ( ) NAMED_UNIT ( * ) SI_UNIT ( .MILLI., .METRE. ) );
#2367 = FACE_OUTER_BOUND ( 'NONE', #5229, .T. ) ;
#2368 =( LENGTH_UNIT ( ) NAMED_UNIT ( * ) SI_UNIT ( .MILLI., .METRE. ) );
#2369 =( NAMED_UNIT ( * ) SI_UNIT ( $, .STERADIAN. ) SOLID_ANGLE_UNIT ( ) );
#2370 = SURFACE_SIDE_STYLE ('',( #3120 ) ) ;
#2371 = VECTOR ( 'NONE', #2586, 1000.000000000000000 ) ;
#2372 = ADVANCED_FACE ( 'NONE', ( #875, #2626 ), #950, .T. ) ;
#2373 = CARTESIAN_POINT ( 'NONE',  ( 0.000000000000000000, 0.000000000000000000, 18.70000000000000995 ) ) ;
#2374 = UNCERTAINTY_MEASURE_WITH_UNIT (LENGTH_MEASURE( 1.000000000000000082E-05 ), #4979, 'distance_accuracy_value', 'NONE');
#2375 = CARTESIAN_POINT ( 'NONE',  ( 29.17999999999998195, -173.1174457829223741, 10.31091636418653046 ) ) ;
#2376 = ADVANCED_FACE ( 'NONE', ( #4297 ), #533, .F. ) ;
#2377 = SURFACE_STYLE_USAGE ( .BOTH. , #4855 ) ;
#2378 = DIRECTION ( 'NONE',  ( -0.000000000000000000, -0.000000000000000000, 1.000000000000000000 ) ) ;
#2379 = ORIENTED_EDGE ( 'NONE', *, *, #4438, .T. ) ;
#2380 = CARTESIAN_POINT ( 'NONE',  ( -56.88000000000000256, -176.4300000000000068, 10.31091636418653046 ) ) ;
#2381 = PRESENTATION_LAYER_ASSIGNMENT (  '', '', ( #5151 ) ) ;
#2382 = LINE ( 'NONE', #1945, #3890 ) ;
#2383 = DIRECTION ( 'NONE',  ( 0.000000000000000000, 0.000000000000000000, 1.000000000000000000 ) ) ;
#2384 =( NAMED_UNIT ( * ) PLANE_ANGLE_UNIT ( ) SI_UNIT ( $, .RADIAN. ) );
#2385 =( GEOMETRIC_REPRESENTATION_CONTEXT ( 3 ) GLOBAL_UNCERTAINTY_ASSIGNED_CONTEXT ( ( #3274 ) ) GLOBAL_UNIT_ASSIGNED_CONTEXT ( ( #4009, #1898, #5300 ) ) REPRESENTATION_CONTEXT ( 'NONE', 'WORKASPACE' ) );
#2386 = EDGE_LOOP ( 'NONE', ( #2363 ) ) ;
#2387 = VERTEX_POINT ( 'NONE', #1047 ) ;
#2388 = VERTEX_POINT ( 'NONE', #3962 ) ;
#2389 = CARTESIAN_POINT ( 'NONE',  ( -68.84999999999995168, -176.0499999999999829, -16.20000000000005969 ) ) ;
#2390 = MECHANICAL_DESIGN_GEOMETRIC_PRESENTATION_REPRESENTATION (  '', ( #1956 ), #919 ) ;
#2391 = FILL_AREA_STYLE_COLOUR ( '', #725 ) ;
#2392 = VECTOR ( 'NONE', #5214, 1000.000000000000000 ) ;
#2393 = VERTEX_POINT ( 'NONE', #3519 ) ;
#2394 =( LENGTH_UNIT ( ) NAMED_UNIT ( * ) SI_UNIT ( .MILLI., .METRE. ) );
#2395 = DIRECTION ( 'NONE',  ( 0.000000000000000000, -0.000000000000000000, -1.000000000000000000 ) ) ;
#2396 = CYLINDRICAL_SURFACE ( 'NONE', #2660, 2.600000000000001421 ) ;
#2397 = AXIS2_PLACEMENT_3D ( 'NONE', #1219, #4540, #2908 ) ;
#2398 = CIRCLE ( 'NONE', #3108, 3.300000000000002487 ) ;
#2399 = DIRECTION ( 'NONE',  ( 1.000000000000000000, 0.000000000000000000, 0.000000000000000000 ) ) ;
#2400 = EDGE_CURVE ( 'NONE', #3343, #2220, #2731, .T. ) ;
#2401 = VECTOR ( 'NONE', #67, 1000.000000000000000 ) ;
#2402 =( NAMED_UNIT ( * ) PLANE_ANGLE_UNIT ( ) SI_UNIT ( $, .RADIAN. ) );
#2403 = FACE_OUTER_BOUND ( 'NONE', #943, .T. ) ;
#2404 = FILL_AREA_STYLE ('',( #2807 ) ) ;
#2405 = FACE_OUTER_BOUND ( 'NONE', #99, .T. ) ;
#2406 = VERTEX_POINT ( 'NONE', #1868 ) ;
#2407 = PRESENTATION_LAYER_ASSIGNMENT (  '', '', ( #494 ) ) ;
#2408 = FILL_AREA_STYLE_COLOUR ( '', #4869 ) ;
#2409 = LINE ( 'NONE', #1707, #3170 ) ;
#2410 = FILL_AREA_STYLE ('',( #1620 ) ) ;
#2411 = EDGE_CURVE ( 'NONE', #395, #271, #3594, .T. ) ;
#2412 = SURFACE_STYLE_USAGE ( .BOTH. , #2866 ) ;
#2413 = CARTESIAN_POINT ( 'NONE',  ( -13.85000000000000497, -233.5000000000000000, -32.30000000000000426 ) ) ;
#2414 = AXIS2_PLACEMENT_3D ( 'NONE', #2165, #3088, #1803 ) ;
#2415 = AXIS2_PLACEMENT_3D ( 'NONE', #4001, #209, #1884 ) ;
#2416 = ORIENTED_EDGE ( 'NONE', *, *, #2737, .F. ) ;
#2417 = ORIENTED_EDGE ( 'NONE', *, *, #5180, .T. ) ;
#2418 = ORIENTED_EDGE ( 'NONE', *, *, #4559, .F. ) ;
#2419 = CARTESIAN_POINT ( 'NONE',  ( 44.14999999999990621, -158.4999999999999716, -18.75000000000005684 ) ) ;
#2420 = AXIS2_PLACEMENT_3D ( 'NONE', #4841, #4530, #4030 ) ;
#2421 = AXIS2_PLACEMENT_3D ( 'NONE', #3987, #1732, #3002 ) ;
#2422 = PLANE ( 'NONE',  #4909 ) ;
#2423 = COLOUR_RGB ( '',0.5999999999999999778, 0.1607843137254901800, 0.7529411764705882248 ) ;
#2424 = VECTOR ( 'NONE', #3422, 1000.000000000000000 ) ;
#2425 = ORIENTED_EDGE ( 'NONE', *, *, #3894, .F. ) ;
#2426 = SURFACE_SIDE_STYLE ('',( #5046 ) ) ;
#2427 = DIRECTION ( 'NONE',  ( 1.000000000000000000, 1.239088197126290570E-16, 0.000000000000000000 ) ) ;
#2428 = DIRECTION ( 'NONE',  ( -0.000000000000000000, -0.000000000000000000, -1.000000000000000000 ) ) ;
#2429 = FILL_AREA_STYLE_COLOUR ( '', #3731 ) ;
#2430 = UNCERTAINTY_MEASURE_WITH_UNIT (LENGTH_MEASURE( 1.000000000000000082E-05 ), #2458, 'distance_accuracy_value', 'NONE');
#2431 = UNCERTAINTY_MEASURE_WITH_UNIT (LENGTH_MEASURE( 1.000000000000000082E-05 ), #5116, 'distance_accuracy_value', 'NONE');
#2432 = PRESENTATION_STYLE_ASSIGNMENT (( #3835 ) ) ;
#2433 = CARTESIAN_POINT ( 'NONE',  ( -23.85000000000000497, -116.2500000000000142, 3.450000000000008171 ) ) ;
#2434 = FILL_AREA_STYLE ('',( #1407 ) ) ;
#2435 = CARTESIAN_POINT ( 'NONE',  ( 41.14999999999988489, -173.5000000000000000, -1.200000000000062128 ) ) ;
#2436 =( NAMED_UNIT ( * ) PLANE_ANGLE_UNIT ( ) SI_UNIT ( $, .RADIAN. ) );
#2437 = ADVANCED_FACE ( 'NONE', ( #4420 ), #3539, .T. ) ;
#2438 = AXIS2_PLACEMENT_3D ( 'NONE', #4818, #1559, #1019 ) ;
#2439 = CARTESIAN_POINT ( 'NONE',  ( 36.17999999999999261, -214.5000000000000284, 7.310916364186529570 ) ) ;
#2440 = ORIENTED_EDGE ( 'NONE', *, *, #2336, .T. ) ;
#2441 =( LENGTH_UNIT ( ) NAMED_UNIT ( * ) SI_UNIT ( .MILLI., .METRE. ) );
#2442 =( LENGTH_UNIT ( ) NAMED_UNIT ( * ) SI_UNIT ( .MILLI., .METRE. ) );
#2443 =( GEOMETRIC_REPRESENTATION_CONTEXT ( 3 ) GLOBAL_UNCERTAINTY_ASSIGNED_CONTEXT ( ( #4535 ) ) GLOBAL_UNIT_ASSIGNED_CONTEXT ( ( #2920, #3400, #1296 ) ) REPRESENTATION_CONTEXT ( 'NONE', 'WORKASPACE' ) );
#2444 = FACE_OUTER_BOUND ( 'NONE', #944, .T. ) ;
#2445 = EDGE_CURVE ( 'NONE', #2844, #4842, #4866, .T. ) ;
#2446 = VERTEX_POINT ( 'NONE', #3114 ) ;
#2447 = ORIENTED_EDGE ( 'NONE', *, *, #3384, .T. ) ;
#2448 = AXIS2_PLACEMENT_3D ( 'NONE', #4846, #1901, #3171 ) ;
#2449 = EDGE_LOOP ( 'NONE', ( #4118 ) ) ;
#2450 = CARTESIAN_POINT ( 'NONE',  ( 41.14999999999988489, -170.9499999999999886, -1.200000000000062128 ) ) ;
#2451 =( GEOMETRIC_REPRESENTATION_CONTEXT ( 3 ) GLOBAL_UNCERTAINTY_ASSIGNED_CONTEXT ( ( #1937 ) ) GLOBAL_UNIT_ASSIGNED_CONTEXT ( ( #1193, #2028, #2781 ) ) REPRESENTATION_CONTEXT ( 'NONE', 'WORKASPACE' ) );
#2452 = EDGE_CURVE ( 'NONE', #628, #4245, #1071, .T. ) ;
#2453 = DIRECTION ( 'NONE',  ( 1.000000000000000000, 0.000000000000000000, 0.000000000000000000 ) ) ;
#2454 = EDGE_LOOP ( 'NONE', ( #3014 ) ) ;
#2455 = CARTESIAN_POINT ( 'NONE',  ( 36.17999999999999972, -226.5000000000001421, 7.310916364186552663 ) ) ;
#2456 = PLANE ( 'NONE',  #5209 ) ;
#2457 = FACE_BOUND ( 'NONE', #2355, .T. ) ;
#2458 =( LENGTH_UNIT ( ) NAMED_UNIT ( * ) SI_UNIT ( .MILLI., .METRE. ) );
#2459 = SURFACE_SIDE_STYLE ('',( #436 ) ) ;
#2460 = DIRECTION ( 'NONE',  ( 0.8090169943749464521, 1.311440354964252474E-16, -0.5877852522924745804 ) ) ;
#2461 = FACE_OUTER_BOUND ( 'NONE', #4712, .T. ) ;
#2462 = EDGE_CURVE ( 'NONE', #3640, #968, #2679, .T. ) ;
#2463 = SURFACE_STYLE_USAGE ( .BOTH. , #3779 ) ;
#2464 = FILL_AREA_STYLE_COLOUR ( '', #1512 ) ;
#2465 = DIRECTION ( 'NONE',  ( 0.000000000000000000, 0.000000000000000000, -1.000000000000000000 ) ) ;
#2466 = LINE ( 'NONE', #3247, #3970 ) ;
#2467 = EDGE_LOOP ( 'NONE', ( #243 ) ) ;
#2468 = CARTESIAN_POINT ( 'NONE',  ( -35.35000000000000142, -61.50000000000000711, 23.80000000000000071 ) ) ;
#2469 =( NAMED_UNIT ( * ) SI_UNIT ( $, .STERADIAN. ) SOLID_ANGLE_UNIT ( ) );
#2470 = CARTESIAN_POINT ( 'NONE',  ( -51.20427119293231755, -3.520136923654235841E-16, 23.80000000000000071 ) ) ;
#2471 = FACE_OUTER_BOUND ( 'NONE', #4316, .T. ) ;
#2472 = SURFACE_STYLE_FILL_AREA ( #1266 ) ;
#2473 = ORIENTED_EDGE ( 'NONE', *, *, #5345, .T. ) ;
#2474 = CIRCLE ( 'NONE', #113, 2.549999999999996714 ) ;
#2475 = ORIENTED_EDGE ( 'NONE', *, *, #3035, .F. ) ;
#2476 = STYLED_ITEM ( 'NONE', ( #1177 ), #157 ) ;
#2477 = VERTEX_POINT ( 'NONE', #2652 ) ;
#2478 = CARTESIAN_POINT ( 'NONE',  ( -20.44999999999999574, -233.5000000000000000, 18.70000000000000995 ) ) ;
#2479 = DIRECTION ( 'NONE',  ( 0.000000000000000000, 0.000000000000000000, -1.000000000000000000 ) ) ;
#2480 = ADVANCED_FACE ( 'NONE', ( #559, #4819, #1021, #2233, #200 ), #3085, .F. ) ;
#2481 = PRESENTATION_LAYER_ASSIGNMENT (  '', '', ( #988 ) ) ;
#2482 = DIRECTION ( 'NONE',  ( 1.000000000000000000, 0.000000000000000000, 0.000000000000000000 ) ) ;
#2483 =( NAMED_UNIT ( * ) PLANE_ANGLE_UNIT ( ) SI_UNIT ( $, .RADIAN. ) );
#2484 = CIRCLE ( 'NONE', #4352, 3.300000000000000711 ) ;
#2485 =( LENGTH_UNIT ( ) NAMED_UNIT ( * ) SI_UNIT ( .MILLI., .METRE. ) );
#2486 = DIRECTION ( 'NONE',  ( 0.000000000000000000, 0.000000000000000000, -1.000000000000000000 ) ) ;
#2487 = UNCERTAINTY_MEASURE_WITH_UNIT (LENGTH_MEASURE( 1.000000000000000082E-05 ), #3460, 'distance_accuracy_value', 'NONE');
#2488 = DIRECTION ( 'NONE',  ( -1.000000000000000000, 0.000000000000000000, 0.000000000000000000 ) ) ;
#2489 = ADVANCED_FACE ( 'NONE', ( #365, #1629 ), #3739, .T. ) ;
#2490 = CARTESIAN_POINT ( 'NONE',  ( 23.50427119293232536, -53.50000000000000711, 23.80000000000000071 ) ) ;
#2491 = LINE ( 'NONE', #4545, #423 ) ;
#2492 = PRESENTATION_STYLE_ASSIGNMENT (( #823 ) ) ;
#2493 = UNCERTAINTY_MEASURE_WITH_UNIT (LENGTH_MEASURE( 1.000000000000000082E-05 ), #1480, 'distance_accuracy_value', 'NONE');
#2494 = FACE_BOUND ( 'NONE', #2284, .T. ) ;
#2495 = SURFACE_SIDE_STYLE ('',( #3751 ) ) ;
#2496 =( NAMED_UNIT ( * ) SI_UNIT ( $, .STERADIAN. ) SOLID_ANGLE_UNIT ( ) );
#2497 =( NAMED_UNIT ( * ) PLANE_ANGLE_UNIT ( ) SI_UNIT ( $, .RADIAN. ) );
#2498 = ORIENTED_EDGE ( 'NONE', *, *, #2557, .F. ) ;
#2499 = CARTESIAN_POINT ( 'NONE',  ( -76.03464867169854813, -253.5000000000000000, 5.759674775249711942 ) ) ;
#2500 = DIRECTION ( 'NONE',  ( 0.000000000000000000, 0.000000000000000000, 1.000000000000000000 ) ) ;
#2501 = SURFACE_STYLE_USAGE ( .BOTH. , #2534 ) ;
#2502 = DIRECTION ( 'NONE',  ( 0.000000000000000000, -1.000000000000000000, -9.011550524554843201E-17 ) ) ;
#2503 = COLOUR_RGB ( '',0.5999999999999999778, 0.1607843137254901800, 0.7529411764705882248 ) ;
#2504 = CARTESIAN_POINT ( 'NONE',  ( -13.85000000000000497, -73.50000000000000000, -2.549999999999991829 ) ) ;
#2505 = COLOUR_RGB ( '',0.5999999999999999778, 0.1607843137254901800, 0.7529411764705882248 ) ;
#2506 = ORIENTED_EDGE ( 'NONE', *, *, #1174, .F. ) ;
#2507 = ORIENTED_EDGE ( 'NONE', *, *, #4883, .F. ) ;
#2508 = VERTEX_POINT ( 'NONE', #4895 ) ;
#2509 = VERTEX_POINT ( 'NONE', #712 ) ;
#2510 = CARTESIAN_POINT ( 'NONE',  ( -71.84999999999989484, -158.4999999999999716, -13.65000000000006608 ) ) ;
#2511 = VECTOR ( 'NONE', #786, 1000.000000000000000 ) ;
#2512 = VECTOR ( 'NONE', #2853, 1000.000000000000000 ) ;
#2513 = ORIENTED_EDGE ( 'NONE', *, *, #924, .F. ) ;
#2514 = VECTOR ( 'NONE', #4437, 1000.000000000000114 ) ;
#2515 = EDGE_CURVE ( 'NONE', #1405, #5158, #4092, .T. ) ;
#2516 = MECHANICAL_DESIGN_GEOMETRIC_PRESENTATION_REPRESENTATION (  '', ( #5092 ), #2603 ) ;
#2517 = FACE_OUTER_BOUND ( 'NONE', #1599, .T. ) ;
#2518 = FILL_AREA_STYLE_COLOUR ( '', #5487 ) ;
#2519 = DIRECTION ( 'NONE',  ( 1.000000000000000000, 0.000000000000000000, 0.000000000000000000 ) ) ;
#2520 = VECTOR ( 'NONE', #5114, 1000.000000000000000 ) ;
#2521 = FACE_OUTER_BOUND ( 'NONE', #2100, .T. ) ;
#2522 = ADVANCED_FACE ( 'NONE', ( #2367 ), #5356, .F. ) ;
#2523 = PLANE ( 'NONE',  #3405 ) ;
#2524 = CARTESIAN_POINT ( 'NONE',  ( -56.88000000000000966, -224.8125542170776043, 10.31091636418653046 ) ) ;
#2525 = VECTOR ( 'NONE', #4718, 1000.000000000000000 ) ;
#2526 = FACE_BOUND ( 'NONE', #894, .T. ) ;
#2527 = SURFACE_SIDE_STYLE ('',( #4642 ) ) ;
#2528 = MECHANICAL_DESIGN_GEOMETRIC_PRESENTATION_REPRESENTATION (  '', ( #5017 ), #3058 ) ;
#2529 = CARTESIAN_POINT ( 'NONE',  ( -68.84999999999990905, -57.28503393662091980, 3.700000000000036593 ) ) ;
#2530 = EDGE_CURVE ( 'NONE', #4146, #3512, #187, .T. ) ;
#2531 =( NAMED_UNIT ( * ) PLANE_ANGLE_UNIT ( ) SI_UNIT ( $, .RADIAN. ) );
#2532 = ORIENTED_EDGE ( 'NONE', *, *, #2336, .F. ) ;
#2533 = DIRECTION ( 'NONE',  ( 0.7306172043025375151, -0.4294460177601900908, 0.5308244706181682870 ) ) ;
#2534 = SURFACE_SIDE_STYLE ('',( #1915 ) ) ;
#2535 = AXIS2_PLACEMENT_3D ( 'NONE', #5325, #1955, #4865 ) ;
#2536 = AXIS2_PLACEMENT_3D ( 'NONE', #1753, #4873, #3622 ) ;
#2537 = ORIENTED_EDGE ( 'NONE', *, *, #140, .F. ) ;
#2538 = EDGE_LOOP ( 'NONE', ( #1896 ) ) ;
#2539 = ORIENTED_EDGE ( 'NONE', *, *, #3511, .F. ) ;
#2540 = VERTEX_POINT ( 'NONE', #645 ) ;
#2541 = AXIS2_PLACEMENT_3D ( 'NONE', #2587, #500, #2174 ) ;
#2542 = PRESENTATION_LAYER_ASSIGNMENT (  '', '', ( #441 ) ) ;
#2543 = ORIENTED_EDGE ( 'NONE', *, *, #1103, .F. ) ;
#2544 = SURFACE_STYLE_USAGE ( .BOTH. , #3711 ) ;
#2545 =( NAMED_UNIT ( * ) PLANE_ANGLE_UNIT ( ) SI_UNIT ( $, .RADIAN. ) );
#2546 =( NAMED_UNIT ( * ) SI_UNIT ( $, .STERADIAN. ) SOLID_ANGLE_UNIT ( ) );
#2547 = CARTESIAN_POINT ( 'NONE',  ( 83.60509671289813127, -142.2374862023539777, 16.81091636418652868 ) ) ;
#2548 = DIRECTION ( 'NONE',  ( 0.000000000000000000, 0.000000000000000000, -1.000000000000000000 ) ) ;
#2549 = EDGE_CURVE ( 'NONE', #2810, #1358, #5259, .T. ) ;
#2550 = APPLICATION_CONTEXT ( 'automotive_design' ) ;
#2551 = FILL_AREA_STYLE ('',( #4845 ) ) ;
#2552 = SURFACE_STYLE_FILL_AREA ( #4280 ) ;
#2553 = VERTEX_POINT ( 'NONE', #3628 ) ;
#2554 = LINE ( 'NONE', #570, #5335 ) ;
#2555 = CARTESIAN_POINT ( 'NONE',  ( -6.349999999999982769, -132.4999999999999716, 18.70000000000000995 ) ) ;
#2556 = LINE ( 'NONE', #1265, #4285 ) ;
#2557 = EDGE_CURVE ( 'NONE', #592, #3462, #4807, .T. ) ;
#2558 = AXIS2_PLACEMENT_3D ( 'NONE', #4334, #499, #3901 ) ;
#2559 = EDGE_LOOP ( 'NONE', ( #684 ) ) ;
#2560 = ORIENTED_EDGE ( 'NONE', *, *, #5009, .F. ) ;
#2561 = EDGE_LOOP ( 'NONE', ( #5373, #3408, #1705, #5359, #990, #5034, #3005, #4562 ) ) ;
#2562 = ORIENTED_EDGE ( 'NONE', *, *, #235, .F. ) ;
#2563 = VERTEX_POINT ( 'NONE', #2643 ) ;
#2564 = VECTOR ( 'NONE', #2533, 1000.000000000000114 ) ;
#2566 = EDGE_CURVE ( 'NONE', #1379, #43, #3133, .T. ) ;
#2565 =( GEOMETRIC_REPRESENTATION_CONTEXT ( 3 ) GLOBAL_UNCERTAINTY_ASSIGNED_CONTEXT ( ( #3340 ) ) GLOBAL_UNIT_ASSIGNED_CONTEXT ( ( #2097, #3789, #1590 ) ) REPRESENTATION_CONTEXT ( 'NONE', 'WORKASPACE' ) );
#2567 = LINE ( 'NONE', #1795, #3696 ) ;
#2568 = ORIENTED_EDGE ( 'NONE', *, *, #4519, .F. ) ;
#2569 = DIRECTION ( 'NONE',  ( 0.000000000000000000, 1.000000000000000000, 7.859590443317501143E-17 ) ) ;
#2570 = CARTESIAN_POINT ( 'NONE',  ( -35.35000000000000142, -68.00000000000000000, 13.80000000000000071 ) ) ;
#2571 = CIRCLE ( 'NONE', #2654, 1.250000000000001110 ) ;
#2572 = LINE ( 'NONE', #2185, #1175 ) ;
#2573 = PRESENTATION_STYLE_ASSIGNMENT (( #52 ) ) ;
#2574 = LINE ( 'NONE', #3329, #54 ) ;
#2575 = STYLED_ITEM ( 'NONE', ( #1798 ), #2349 ) ;
#2576 = FILL_AREA_STYLE_COLOUR ( '', #2354 ) ;
#2577 = CYLINDRICAL_SURFACE ( 'NONE', #5091, 6.500000000000000000 ) ;
#2578 = VECTOR ( 'NONE', #3547, 1000.000000000000000 ) ;
#2579 = STYLED_ITEM ( 'NONE', ( #2847 ), #2522 ) ;
#2580 = FACE_OUTER_BOUND ( 'NONE', #1506, .T. ) ;
#2581 = CARTESIAN_POINT ( 'NONE',  ( 0.000000000000000000, 0.000000000000000000, 18.70000000000000995 ) ) ;
#2582 = AXIS2_PLACEMENT_3D ( 'NONE', #697, #3178, #4073 ) ;
#2583 = VERTEX_POINT ( 'NONE', #4837 ) ;
#2584 = EDGE_CURVE ( 'NONE', #704, #2811, #3610, .T. ) ;
#2585 =( NAMED_UNIT ( * ) PLANE_ANGLE_UNIT ( ) SI_UNIT ( $, .RADIAN. ) );
#2586 = DIRECTION ( 'NONE',  ( -0.000000000000000000, -0.000000000000000000, -1.000000000000000000 ) ) ;
#2587 = CARTESIAN_POINT ( 'NONE',  ( -13.85000000000000497, -73.50000000000000000, -32.29999999999999005 ) ) ;
#2588 =( NAMED_UNIT ( * ) PLANE_ANGLE_UNIT ( ) SI_UNIT ( $, .RADIAN. ) );
#2589 =( GEOMETRIC_REPRESENTATION_CONTEXT ( 3 ) GLOBAL_UNCERTAINTY_ASSIGNED_CONTEXT ( ( #1168 ) ) GLOBAL_UNIT_ASSIGNED_CONTEXT ( ( #3223, #5008, #1549 ) ) REPRESENTATION_CONTEXT ( 'NONE', 'WORKASPACE' ) );
#2590 = ORIENTED_EDGE ( 'NONE', *, *, #3346, .F. ) ;
#2591 = EDGE_CURVE ( 'NONE', #1914, #45, #5234, .T. ) ;
#2592 = VECTOR ( 'NONE', #4662, 1000.000000000000000 ) ;
#2593 = EDGE_LOOP ( 'NONE', ( #4172 ) ) ;
#2594 = ORIENTED_EDGE ( 'NONE', *, *, #3186, .F. ) ;
#2595 = DIRECTION ( 'NONE',  ( 0.000000000000000000, 0.000000000000000000, 1.000000000000000000 ) ) ;
#2596 = STYLED_ITEM ( 'NONE', ( #4560 ), #3265 ) ;
#2597 = ORIENTED_EDGE ( 'NONE', *, *, #2213, .F. ) ;
#2598 = ADVANCED_FACE ( 'NONE', ( #1086, #2698 ), #2669, .T. ) ;
#2599 = VERTEX_POINT ( 'NONE', #4410 ) ;
#2600 = LINE ( 'NONE', #4296, #1023 ) ;
#2601 = VECTOR ( 'NONE', #1640, 1000.000000000000000 ) ;
#2602 = FACE_OUTER_BOUND ( 'NONE', #3078, .T. ) ;
#2603 =( GEOMETRIC_REPRESENTATION_CONTEXT ( 3 ) GLOBAL_UNCERTAINTY_ASSIGNED_CONTEXT ( ( #2487 ) ) GLOBAL_UNIT_ASSIGNED_CONTEXT ( ( #3460, #2616, #4336 ) ) REPRESENTATION_CONTEXT ( 'NONE', 'WORKASPACE' ) );
#2604 = DIRECTION ( 'NONE',  ( 0.000000000000000000, -1.000000000000000000, 0.000000000000000000 ) ) ;
#2605 = LINE ( 'NONE', #514, #2687 ) ;
#2606 = CARTESIAN_POINT ( 'NONE',  ( 36.17999999999999261, -214.5000000000000284, 10.31091636418653046 ) ) ;
#2607 = FILL_AREA_STYLE_COLOUR ( '', #5383 ) ;
#2608 = DIRECTION ( 'NONE',  ( 1.000000000000000000, 0.000000000000000000, 0.000000000000000000 ) ) ;
#2609 = UNCERTAINTY_MEASURE_WITH_UNIT (LENGTH_MEASURE( 1.000000000000000082E-05 ), #801, 'distance_accuracy_value', 'NONE');
#2610 = PRESENTATION_STYLE_ASSIGNMENT (( #4723 ) ) ;
#2611 =( GEOMETRIC_REPRESENTATION_CONTEXT ( 3 ) GLOBAL_UNCERTAINTY_ASSIGNED_CONTEXT ( ( #133 ) ) GLOBAL_UNIT_ASSIGNED_CONTEXT ( ( #1815, #918, #5183 ) ) REPRESENTATION_CONTEXT ( 'NONE', 'WORKASPACE' ) );
#2612 = VERTEX_POINT ( 'NONE', #3581 ) ;
#2613 = DIRECTION ( 'NONE',  ( -0.000000000000000000, -0.000000000000000000, -1.000000000000000000 ) ) ;
#2614 =( LENGTH_UNIT ( ) NAMED_UNIT ( * ) SI_UNIT ( .MILLI., .METRE. ) );
#2615 =( LENGTH_UNIT ( ) NAMED_UNIT ( * ) SI_UNIT ( .MILLI., .METRE. ) );
#2616 =( NAMED_UNIT ( * ) PLANE_ANGLE_UNIT ( ) SI_UNIT ( $, .RADIAN. ) );
#2617 = ORIENTED_EDGE ( 'NONE', *, *, #5145, .T. ) ;
#2618 = ORIENTED_EDGE ( 'NONE', *, *, #3124, .T. ) ;
#2619 = EDGE_LOOP ( 'NONE', ( #4088 ) ) ;
#2620 = PRESENTATION_LAYER_ASSIGNMENT (  '', '', ( #255 ) ) ;
#2621 = ADVANCED_FACE ( 'NONE', ( #2777, #3158 ), #1586, .F. ) ;
#2622 = ORIENTED_EDGE ( 'NONE', *, *, #5351, .F. ) ;
#2623 =( GEOMETRIC_REPRESENTATION_CONTEXT ( 3 ) GLOBAL_UNCERTAINTY_ASSIGNED_CONTEXT ( ( #2713 ) ) GLOBAL_UNIT_ASSIGNED_CONTEXT ( ( #50, #2184, #1720 ) ) REPRESENTATION_CONTEXT ( 'NONE', 'WORKASPACE' ) );
#2624 = CARTESIAN_POINT ( 'NONE',  ( 14.15000000000000924, -61.50000000000000000, 6.700000000000008171 ) ) ;
#2625 = SURFACE_STYLE_USAGE ( .BOTH. , #902 ) ;
#2626 = FACE_OUTER_BOUND ( 'NONE', #116, .T. ) ;
#2627 = ADVANCED_FACE ( 'NONE', ( #295, #830 ), #418, .F. ) ;
#2628 = VECTOR ( 'NONE', #2886, 1000.000000000000000 ) ;
#2629 = FACE_OUTER_BOUND ( 'NONE', #3886, .T. ) ;
#2630 = DIRECTION ( 'NONE',  ( 0.000000000000000000, 0.000000000000000000, 1.000000000000000000 ) ) ;
#2631 = LINE ( 'NONE', #4301, #2707 ) ;
#2632 = AXIS2_PLACEMENT_3D ( 'NONE', #561, #1775, #3870 ) ;
#2633 = PRESENTATION_STYLE_ASSIGNMENT (( #4748 ) ) ;
#2634 = FILL_AREA_STYLE ('',( #3395 ) ) ;
#2635 =( NAMED_UNIT ( * ) SI_UNIT ( $, .STERADIAN. ) SOLID_ANGLE_UNIT ( ) );
#2636 = ORIENTED_EDGE ( 'NONE', *, *, #3634, .F. ) ;
#2637 = FILL_AREA_STYLE_COLOUR ( '', #5248 ) ;
#2638 = CARTESIAN_POINT ( 'NONE',  ( -56.88000000000000966, -223.5021379296078692, 8.691152754051064022 ) ) ;
#2639 = PLANE ( 'NONE',  #2558 ) ;
#2640 = FACE_OUTER_BOUND ( 'NONE', #4630, .T. ) ;
#2641 = ORIENTED_EDGE ( 'NONE', *, *, #604, .T. ) ;
#2642 = ORIENTED_EDGE ( 'NONE', *, *, #2902, .T. ) ;
#2643 = CARTESIAN_POINT ( 'NONE',  ( -71.84999999999989484, -173.5000000000000000, -13.65000000000005898 ) ) ;
#2644 = FACE_OUTER_BOUND ( 'NONE', #2538, .T. ) ;
#2645 = STYLED_ITEM ( 'NONE', ( #728 ), #2050 ) ;
#2646 = EDGE_LOOP ( 'NONE', ( #3380 ) ) ;
#2647 = AXIS2_PLACEMENT_3D ( 'NONE', #3372, #382, #3757 ) ;
#2648 = ORIENTED_EDGE ( 'NONE', *, *, #3419, .F. ) ;
#2649 = SURFACE_SIDE_STYLE ('',( #123 ) ) ;
#2650 = ADVANCED_FACE ( 'NONE', ( #4644 ), #4321, .F. ) ;
#2651 =( LENGTH_UNIT ( ) NAMED_UNIT ( * ) SI_UNIT ( .MILLI., .METRE. ) );
#2652 = CARTESIAN_POINT ( 'NONE',  ( -63.88000000000000966, -214.5000000000000000, 7.310916364186529570 ) ) ;
#2653 = PLANE ( 'NONE',  #5301 ) ;
#2654 = AXIS2_PLACEMENT_3D ( 'NONE', #2831, #2031, #2399 ) ;
#2655 = EDGE_LOOP ( 'NONE', ( #4683 ) ) ;
#2656 = EDGE_CURVE ( 'NONE', #3050, #2540, #5436, .T. ) ;
#2657 = CARTESIAN_POINT ( 'NONE',  ( -63.88000000000000966, -226.5000000000000853, 7.310916364186529570 ) ) ;
#2658 =( NAMED_UNIT ( * ) PLANE_ANGLE_UNIT ( ) SI_UNIT ( $, .RADIAN. ) );
#2659 = SURFACE_STYLE_USAGE ( .BOTH. , #978 ) ;
#2660 = AXIS2_PLACEMENT_3D ( 'NONE', #5077, #27, #1389 ) ;
#2661 = VECTOR ( 'NONE', #4258, 1000.000000000000000 ) ;
#2662 = UNCERTAINTY_MEASURE_WITH_UNIT (LENGTH_MEASURE( 1.000000000000000082E-05 ), #4632, 'distance_accuracy_value', 'NONE');
#2663 = ORIENTED_EDGE ( 'NONE', *, *, #2530, .F. ) ;
#2664 = LINE ( 'NONE', #3006, #721 ) ;
#2665 = MECHANICAL_DESIGN_GEOMETRIC_PRESENTATION_REPRESENTATION (  '', ( #3022 ), #288 ) ;
#2666 = FILL_AREA_STYLE_COLOUR ( '', #4637 ) ;
#2667 = PRESENTATION_STYLE_ASSIGNMENT (( #1762 ) ) ;
#2668 = PRESENTATION_LAYER_ASSIGNMENT (  '', '', ( #4627 ) ) ;
#2669 = PLANE ( 'NONE',  #1864 ) ;
#2670 = ORIENTED_EDGE ( 'NONE', *, *, #1814, .T. ) ;
#2671 = ORIENTED_EDGE ( 'NONE', *, *, #5416, .T. ) ;
#2672 = SURFACE_STYLE_FILL_AREA ( #4762 ) ;
#2673 =( NAMED_UNIT ( * ) SI_UNIT ( $, .STERADIAN. ) SOLID_ANGLE_UNIT ( ) );
#2674 = STYLED_ITEM ( 'NONE', ( #1309 ), #3118 ) ;
#2675 = VERTEX_POINT ( 'NONE', #3249 ) ;
#2676 = ORIENTED_EDGE ( 'NONE', *, *, #908, .T. ) ;
#2677 = CARTESIAN_POINT ( 'NONE',  ( -90.71782437256938181, -154.3383812689278614, 16.81091636418652868 ) ) ;
#2678 =( NAMED_UNIT ( * ) SI_UNIT ( $, .STERADIAN. ) SOLID_ANGLE_UNIT ( ) );
#2679 = LINE ( 'NONE', #3068, #4517 ) ;
#2680 = LINE ( 'NONE', #5089, #4910 ) ;
#2681 = EDGE_CURVE ( 'NONE', #3160, #2207, #3661, .T. ) ;
#2682 = CARTESIAN_POINT ( 'NONE',  ( 36.17999999999999261, -221.5000000000000000, 23.80000000000000071 ) ) ;
#2683 = DIRECTION ( 'NONE',  ( 0.000000000000000000, 0.000000000000000000, 1.000000000000000000 ) ) ;
#2684 = VECTOR ( 'NONE', #4481, 1000.000000000000000 ) ;
#2685 = FACE_OUTER_BOUND ( 'NONE', #5344, .T. ) ;
#2686 = LINE ( 'NONE', #260, #3781 ) ;
#2687 = VECTOR ( 'NONE', #3497, 1000.000000000000114 ) ;
#2688 = VECTOR ( 'NONE', #2353, 1000.000000000000000 ) ;
#2689 = ADVANCED_FACE ( 'NONE', ( #4204, #4950 ), #4149, .F. ) ;
#2690 = PRESENTATION_STYLE_ASSIGNMENT (( #1027 ) ) ;
#2691 = MECHANICAL_DESIGN_GEOMETRIC_PRESENTATION_REPRESENTATION (  '', ( #1638 ), #3655 ) ;
#2692 = SURFACE_SIDE_STYLE ('',( #3997 ) ) ;
#2693 = CARTESIAN_POINT ( 'NONE',  ( 20.50427119293206957, -176.4300000000000068, 18.70000000000000995 ) ) ;
#2694 = CARTESIAN_POINT ( 'NONE',  ( -68.84999999999995168, -158.4999999999999716, -1.200000000000063904 ) ) ;
#2695 = STYLED_ITEM ( 'NONE', ( #4165 ), #5035 ) ;
#2696 = EDGE_CURVE ( 'NONE', #2599, #5322, #336, .T. ) ;
#2697 =( NAMED_UNIT ( * ) SI_UNIT ( $, .STERADIAN. ) SOLID_ANGLE_UNIT ( ) );
#2698 = FACE_OUTER_BOUND ( 'NONE', #805, .T. ) ;
#2699 = EDGE_LOOP ( 'NONE', ( #3031, #503, #5090, #606 ) ) ;
#2700 = ORIENTED_EDGE ( 'NONE', *, *, #4266, .T. ) ;
#2701 = AXIS2_PLACEMENT_3D ( 'NONE', #3071, #1926, #4904 ) ;
#2702 =( NAMED_UNIT ( * ) PLANE_ANGLE_UNIT ( ) SI_UNIT ( $, .RADIAN. ) );
#2703 = ORIENTED_EDGE ( 'NONE', *, *, #2462, .T. ) ;
#2704 = FILL_AREA_STYLE ('',( #2287 ) ) ;
#2705 = CARTESIAN_POINT ( 'NONE',  ( -23.85000000000000497, -112.2500000000000142, 1.700000000000014833 ) ) ;
#2706 = FILL_AREA_STYLE ('',( #4792 ) ) ;
#2707 = VECTOR ( 'NONE', #2166, 1000.000000000000000 ) ;
#2708 = CARTESIAN_POINT ( 'NONE',  ( -45.60000000000000142, -57.74999999999999289, 3.450000000000008171 ) ) ;
#2709 =( NAMED_UNIT ( * ) PLANE_ANGLE_UNIT ( ) SI_UNIT ( $, .RADIAN. ) );
#2710 = DIRECTION ( 'NONE',  ( 0.000000000000000000, -1.000000000000000000, 1.047945392442333568E-16 ) ) ;
#2711 = DIRECTION ( 'NONE',  ( -1.000000000000000000, 0.000000000000000000, 0.000000000000000000 ) ) ;
#2712 = PRESENTATION_LAYER_ASSIGNMENT (  '', '', ( #4128 ) ) ;
#2713 = UNCERTAINTY_MEASURE_WITH_UNIT (LENGTH_MEASURE( 1.000000000000000082E-05 ), #50, 'distance_accuracy_value', 'NONE');
#2714 = UNCERTAINTY_MEASURE_WITH_UNIT (LENGTH_MEASURE( 1.000000000000000082E-05 ), #2366, 'distance_accuracy_value', 'NONE');
#2715 = DIRECTION ( 'NONE',  ( -0.000000000000000000, -0.6289601696450998203, -0.7774375248211313760 ) ) ;
#2716 = EDGE_CURVE ( 'NONE', #3630, #2127, #3705, .T. ) ;
#2717 = CARTESIAN_POINT ( 'NONE',  ( 17.90000000000000924, -57.74999999999999289, 3.450000000000008171 ) ) ;
#2718 = PRESENTATION_LAYER_ASSIGNMENT (  '', '', ( #4484 ) ) ;
#2719 = FILL_AREA_STYLE_COLOUR ( '', #1731 ) ;
#2720 =( NAMED_UNIT ( * ) SI_UNIT ( $, .STERADIAN. ) SOLID_ANGLE_UNIT ( ) );
#2721 = CARTESIAN_POINT ( 'NONE',  ( -76.03464867169856234, -53.50000000000000000, 5.759674775249718159 ) ) ;
#2722 = ORIENTED_EDGE ( 'NONE', *, *, #3752, .T. ) ;
#2723 = ORIENTED_EDGE ( 'NONE', *, *, #2725, .T. ) ;
#2724 = COLOUR_RGB ( '',0.5999999999999999778, 0.1607843137254901800, 0.7529411764705882248 ) ;
#2725 = EDGE_CURVE ( 'NONE', #963, #1156, #1183, .T. ) ;
#2726 = SURFACE_SIDE_STYLE ('',( #5237 ) ) ;
#2727 = PLANE ( 'NONE',  #1008 ) ;
#2728 = ORIENTED_EDGE ( 'NONE', *, *, #4197, .F. ) ;
#2729 = ORIENTED_EDGE ( 'NONE', *, *, #4314, .F. ) ;
#2730 = VERTEX_POINT ( 'NONE', #585 ) ;
#2731 = LINE ( 'NONE', #5272, #3095 ) ;
#2732 = LINE ( 'NONE', #2708, #791 ) ;
#2733 = PRESENTATION_STYLE_ASSIGNMENT (( #5280 ) ) ;
#2734 = LINE ( 'NONE', #5281, #2348 ) ;
#2735 = CARTESIAN_POINT ( 'NONE',  ( -68.84999999999995168, -158.4999999999999716, -16.20000000000006324 ) ) ;
#2736 = MECHANICAL_DESIGN_GEOMETRIC_PRESENTATION_REPRESENTATION (  '', ( #5151 ), #5326 ) ;
#2737 = EDGE_CURVE ( 'NONE', #4534, #4534, #5252, .T. ) ;
#2738 = LINE ( 'NONE', #1423, #377 ) ;
#2739 = COLOUR_RGB ( '',0.5999999999999999778, 0.1607843137254901800, 0.7529411764705882248 ) ;
#2740 =( NAMED_UNIT ( * ) PLANE_ANGLE_UNIT ( ) SI_UNIT ( $, .RADIAN. ) );
#2741 =( NAMED_UNIT ( * ) SI_UNIT ( $, .STERADIAN. ) SOLID_ANGLE_UNIT ( ) );
#2742 = LINE ( 'NONE', #644, #1886 ) ;
#2743 = ADVANCED_FACE ( 'NONE', ( #3323 ), #4598, .F. ) ;
#2744 = EDGE_LOOP ( 'NONE', ( #2301, #5128, #4916, #1301, #3317, #519 ) ) ;
#2745 = VECTOR ( 'NONE', #136, 1000.000000000000000 ) ;
#2746 = ORIENTED_EDGE ( 'NONE', *, *, #2800, .T. ) ;
#2747 = LINE ( 'NONE', #4027, #5408 ) ;
#2748 =( GEOMETRIC_REPRESENTATION_CONTEXT ( 3 ) GLOBAL_UNCERTAINTY_ASSIGNED_CONTEXT ( ( #3839 ) ) GLOBAL_UNIT_ASSIGNED_CONTEXT ( ( #1479, #578, #2299 ) ) REPRESENTATION_CONTEXT ( 'NONE', 'WORKASPACE' ) );
#2749 = DIRECTION ( 'NONE',  ( 0.000000000000000000, 0.000000000000000000, 1.000000000000000000 ) ) ;
#2750 =( NAMED_UNIT ( * ) PLANE_ANGLE_UNIT ( ) SI_UNIT ( $, .RADIAN. ) );
#2751 = EDGE_CURVE ( 'NONE', #3512, #2178, #4736, .T. ) ;
#2752 = ORIENTED_EDGE ( 'NONE', *, *, #4197, .T. ) ;
#2753 = VECTOR ( 'NONE', #4977, 1000.000000000000000 ) ;
#2754 = VERTEX_POINT ( 'NONE', #1497 ) ;
#2755 = SURFACE_STYLE_USAGE ( .BOTH. , #1132 ) ;
#2756 = CARTESIAN_POINT ( 'NONE',  ( -13.85000000000000497, -233.5000000000000000, 31.71076477383246583 ) ) ;
#2757 = CARTESIAN_POINT ( 'NONE',  ( 29.17999999999999261, -221.5000000000000284, 7.310916364186529570 ) ) ;
#2758 =( GEOMETRIC_REPRESENTATION_CONTEXT ( 3 ) GLOBAL_UNCERTAINTY_ASSIGNED_CONTEXT ( ( #4276 ) ) GLOBAL_UNIT_ASSIGNED_CONTEXT ( ( #3094, #3046, #2635 ) ) REPRESENTATION_CONTEXT ( 'NONE', 'WORKASPACE' ) );
#2759 = EDGE_CURVE ( 'NONE', #4655, #1268, #1910, .T. ) ;
#2760 = DIRECTION ( 'NONE',  ( -0.000000000000000000, 1.000000000000000000, -0.000000000000000000 ) ) ;
#2761 = FILL_AREA_STYLE ('',( #4477 ) ) ;
#2762 = FILL_AREA_STYLE ('',( #1049 ) ) ;
#2763 = SURFACE_STYLE_FILL_AREA ( #3174 ) ;
#2764 = COLOUR_RGB ( '',0.5999999999999999778, 0.1607843137254901800, 0.7529411764705882248 ) ;
#2765 = SURFACE_SIDE_STYLE ('',( #1078 ) ) ;
#2766 = UNCERTAINTY_MEASURE_WITH_UNIT (LENGTH_MEASURE( 1.000000000000000082E-05 ), #706, 'distance_accuracy_value', 'NONE');
#2767 = UNCERTAINTY_MEASURE_WITH_UNIT (LENGTH_MEASURE( 1.000000000000000082E-05 ), #880, 'distance_accuracy_value', 'NONE');
#2768 = PRESENTATION_LAYER_ASSIGNMENT (  '', '', ( #5349 ) ) ;
#2769 = LINE ( 'NONE', #1519, #5431 ) ;
#2770 =( GEOMETRIC_REPRESENTATION_CONTEXT ( 3 ) GLOBAL_UNCERTAINTY_ASSIGNED_CONTEXT ( ( #1878 ) ) GLOBAL_UNIT_ASSIGNED_CONTEXT ( ( #1138, #2268, #613 ) ) REPRESENTATION_CONTEXT ( 'NONE', 'WORKASPACE' ) );
#2771 = FILL_AREA_STYLE_COLOUR ( '', #925 ) ;
#2772 = SURFACE_STYLE_FILL_AREA ( #596 ) ;
#2773 = UNCERTAINTY_MEASURE_WITH_UNIT (LENGTH_MEASURE( 1.000000000000000082E-05 ), #5330, 'distance_accuracy_value', 'NONE');
#2774 = CARTESIAN_POINT ( 'NONE',  ( -68.84999999999990905, -57.28503393662091980, 3.700000000000036593 ) ) ;
#2775 = VECTOR ( 'NONE', #16, 1000.000000000000000 ) ;
#2776 = STYLED_ITEM ( 'NONE', ( #62 ), #3749 ) ;
#2777 = FACE_OUTER_BOUND ( 'NONE', #2872, .T. ) ;
#2778 = SURFACE_SIDE_STYLE ('',( #2278 ) ) ;
#2779 = ORIENTED_EDGE ( 'NONE', *, *, #2798, .F. ) ;
#2780 = EDGE_LOOP ( 'NONE', ( #3670 ) ) ;
#2781 =( NAMED_UNIT ( * ) SI_UNIT ( $, .STERADIAN. ) SOLID_ANGLE_UNIT ( ) );
#2782 = MECHANICAL_DESIGN_GEOMETRIC_PRESENTATION_REPRESENTATION (  '', ( #69 ), #319 ) ;
#2783 = FACE_BOUND ( 'NONE', #497, .T. ) ;
#2784 = VECTOR ( 'NONE', #268, 1000.000000000000000 ) ;
#2785 = ORIENTED_EDGE ( 'NONE', *, *, #225, .T. ) ;
#2786 = ORIENTED_EDGE ( 'NONE', *, *, #1645, .T. ) ;
#2787 = CARTESIAN_POINT ( 'NONE',  ( 32.05085423858646010, -171.4299999999999216, 10.31091636418653223 ) ) ;
#2788 = ADVANCED_FACE ( 'NONE', ( #5339 ), #4341, .F. ) ;
#2789 = PRESENTATION_LAYER_ASSIGNMENT (  '', '', ( #74 ) ) ;
#2790 = FACE_OUTER_BOUND ( 'NONE', #455, .T. ) ;
#2791 =( NAMED_UNIT ( * ) SI_UNIT ( $, .STERADIAN. ) SOLID_ANGLE_UNIT ( ) );
#2792 = EDGE_LOOP ( 'NONE', ( #219, #3195, #2901, #4391, #1596, #550, #3672 ) ) ;
#2793 = CARTESIAN_POINT ( 'NONE',  ( 36.17999999999999261, -214.5000000000000284, 10.31091636418653046 ) ) ;
#2794 = FILL_AREA_STYLE_COLOUR ( '', #4658 ) ;
#2795 = CIRCLE ( 'NONE', #4568, 3.300000000000000711 ) ;
#2796 = LINE ( 'NONE', #5023, #4471 ) ;
#2797 = DIRECTION ( 'NONE',  ( 0.000000000000000000, 1.000000000000000000, 0.000000000000000000 ) ) ;
#2798 = EDGE_CURVE ( 'NONE', #1627, #4925, #3650, .T. ) ;
#2799 = CIRCLE ( 'NONE', #432, 3.300000000000000711 ) ;
#2800 = EDGE_CURVE ( 'NONE', #3487, #2892, #4786, .T. ) ;
#2801 = LINE ( 'NONE', #2247, #827 ) ;
#2802 = AXIS2_PLACEMENT_3D ( 'NONE', #3865, #4688, #462 ) ;
#2803 = SURFACE_SIDE_STYLE ('',( #1583 ) ) ;
#2804 = CARTESIAN_POINT ( 'NONE',  ( -3.296898823753065422, -116.2500000000000142, 3.450000000000008171 ) ) ;
#2805 = COLOUR_RGB ( '',0.5999999999999999778, 0.1607843137254901800, 0.7529411764705882248 ) ;
#2806 = CARTESIAN_POINT ( 'NONE',  ( 14.15000000000000213, -111.0000000000000000, 6.700000000000008171 ) ) ;
#2807 = FILL_AREA_STYLE_COLOUR ( '', #3099 ) ;
#2808 =( LENGTH_UNIT ( ) NAMED_UNIT ( * ) SI_UNIT ( .MILLI., .METRE. ) );
#2809 = VERTEX_POINT ( 'NONE', #144 ) ;
#2810 = VERTEX_POINT ( 'NONE', #4879 ) ;
#2811 = VERTEX_POINT ( 'NONE', #729 ) ;
#2812 = FACE_OUTER_BOUND ( 'NONE', #1328, .T. ) ;
#2813 = LINE ( 'NONE', #1446, #2784 ) ;
#2814 = LINE ( 'NONE', #3913, #5294 ) ;
#2815 = MECHANICAL_DESIGN_GEOMETRIC_PRESENTATION_REPRESENTATION (  '', ( #3152 ), #445 ) ;
#2816 = DIRECTION ( 'NONE',  ( -1.000000000000000000, 0.000000000000000000, -0.000000000000000000 ) ) ;
#2817 = VECTOR ( 'NONE', #11, 1000.000000000000000 ) ;
#2818 = ORIENTED_EDGE ( 'NONE', *, *, #4822, .T. ) ;
#2819 = ORIENTED_EDGE ( 'NONE', *, *, #1204, .T. ) ;
#2820 = ORIENTED_EDGE ( 'NONE', *, *, #264, .T. ) ;
#2821 = VERTEX_POINT ( 'NONE', #4503 ) ;
#2822 = CARTESIAN_POINT ( 'NONE',  ( -63.88000000000000966, -214.5000000000000000, 10.31091636418653046 ) ) ;
#2823 = SURFACE_STYLE_FILL_AREA ( #1990 ) ;
#2824 =( NAMED_UNIT ( * ) SI_UNIT ( $, .STERADIAN. ) SOLID_ANGLE_UNIT ( ) );
#2825 = CARTESIAN_POINT ( 'NONE',  ( 4.669697220176641572, -57.28503393662091980, -32.30000000000000426 ) ) ;
#2826 = VERTEX_POINT ( 'NONE', #671 ) ;
#2827 = ADVANCED_FACE ( 'NONE', ( #119, #2644 ), #1821, .F. ) ;
#2828 = FACE_OUTER_BOUND ( 'NONE', #1985, .T. ) ;
#2829 = UNCERTAINTY_MEASURE_WITH_UNIT (LENGTH_MEASURE( 1.000000000000000082E-05 ), #4993, 'distance_accuracy_value', 'NONE');
#2830 = EDGE_CURVE ( 'NONE', #2064, #2988, #31, .T. ) ;
#2831 = CARTESIAN_POINT ( 'NONE',  ( -35.34999999999999432, -67.99999999999997158, 6.700000000000008171 ) ) ;
#2832 = UNCERTAINTY_MEASURE_WITH_UNIT (LENGTH_MEASURE( 1.000000000000000082E-05 ), #1860, 'distance_accuracy_value', 'NONE');
#2833 = PRESENTATION_STYLE_ASSIGNMENT (( #5188 ) ) ;
#2834 = CARTESIAN_POINT ( 'NONE',  ( 29.17999999999999261, -221.5000000000000284, 10.31091636418653046 ) ) ;
#2835 = PRESENTATION_LAYER_ASSIGNMENT (  '', '', ( #1690 ) ) ;
#2836 =( NAMED_UNIT ( * ) SI_UNIT ( $, .STERADIAN. ) SOLID_ANGLE_UNIT ( ) );
#2837 = ORIENTED_EDGE ( 'NONE', *, *, #1443, .T. ) ;
#2838 = DIRECTION ( 'NONE',  ( -1.000000000000000000, 0.000000000000000000, -0.000000000000000000 ) ) ;
#2839 = PLANE ( 'NONE',  #2052 ) ;
#2840 = CARTESIAN_POINT ( 'NONE',  ( -56.88000000000000966, -214.5000000000000000, 7.310916364186529570 ) ) ;
#2841 = VECTOR ( 'NONE', #2613, 1000.000000000000000 ) ;
#2842 = ORIENTED_EDGE ( 'NONE', *, *, #4381, .F. ) ;
#2843 = ORIENTED_EDGE ( 'NONE', *, *, #1305, .T. ) ;
#2844 = VERTEX_POINT ( 'NONE', #3304 ) ;
#2845 = CARTESIAN_POINT ( 'NONE',  ( 41.14999999999988489, -155.9499999999999886, -16.20000000000006324 ) ) ;
#2846 = VECTOR ( 'NONE', #2324, 1000.000000000000000 ) ;
#2847 = PRESENTATION_STYLE_ASSIGNMENT (( #1567 ) ) ;
#2848 = FILL_AREA_STYLE_COLOUR ( '', #4100 ) ;
#2849 = MECHANICAL_DESIGN_GEOMETRIC_PRESENTATION_REPRESENTATION (  '', ( #207 ), #1704 ) ;
#2850 = ORIENTED_EDGE ( 'NONE', *, *, #202, .T. ) ;
#2851 = LINE ( 'NONE', #4187, #318 ) ;
#2852 = CARTESIAN_POINT ( 'NONE',  ( -26.36969722017663287, -256.5000000000000000, 12.80000000000000071 ) ) ;
#2853 = DIRECTION ( 'NONE',  ( 0.000000000000000000, 0.000000000000000000, -1.000000000000000000 ) ) ;
#2854 = ADVANCED_FACE ( 'NONE', ( #4581, #797 ), #2059, .F. ) ;
#2855 = CARTESIAN_POINT ( 'NONE',  ( -37.85000000000000142, -43.50000000000000000, -24.20000000000001350 ) ) ;
#2856 = AXIS2_PLACEMENT_3D ( 'NONE', #2756, #558, #3871 ) ;
#2857 = SURFACE_SIDE_STYLE ('',( #4251 ) ) ;
#2858 = LINE ( 'NONE', #289, #4378 ) ;
#2859 = ADVANCED_FACE ( 'NONE', ( #3451, #4278 ), #3897, .F. ) ;
#2860 = VECTOR ( 'NONE', #1475, 1000.000000000000000 ) ;
#2861 = FACE_OUTER_BOUND ( 'NONE', #3142, .T. ) ;
#2862 = ORIENTED_EDGE ( 'NONE', *, *, #2656, .F. ) ;
#2863 = VECTOR ( 'NONE', #2304, 1000.000000000000114 ) ;
#2864 = STYLED_ITEM ( 'NONE', ( #760 ), #3562 ) ;
#2865 = DIRECTION ( 'NONE',  ( -0.000000000000000000, -0.000000000000000000, -1.000000000000000000 ) ) ;
#2866 = SURFACE_SIDE_STYLE ('',( #5472 ) ) ;
#2867 = ADVANCED_FACE ( 'NONE', ( #2270, #1516 ), #1907, .T. ) ;
#2868 = DIRECTION ( 'NONE',  ( -2.891205793294678326E-16, -0.000000000000000000, -1.000000000000000000 ) ) ;
#2869 = COLOUR_RGB ( '',0.5999999999999999778, 0.1607843137254901800, 0.7529411764705882248 ) ;
#2870 = SURFACE_STYLE_USAGE ( .BOTH. , #4921 ) ;
#2871 = VECTOR ( 'NONE', #1318, 1000.000000000000000 ) ;
#2872 = EDGE_LOOP ( 'NONE', ( #993 ) ) ;
#2873 = ORIENTED_EDGE ( 'NONE', *, *, #4559, .T. ) ;
#2874 = EDGE_LOOP ( 'NONE', ( #4202, #4857, #1588, #4462, #1665, #5069, #4815, #4442, #3534, #3763, #454, #3955 ) ) ;
#2875 = CARTESIAN_POINT ( 'NONE',  ( -36.59999999999999432, -110.9999999999999716, 3.450000000000008615 ) ) ;
#2876 = PRESENTATION_LAYER_ASSIGNMENT (  '', '', ( #5276 ) ) ;
#2877 =( NAMED_UNIT ( * ) PLANE_ANGLE_UNIT ( ) SI_UNIT ( $, .RADIAN. ) );
#2878 = DIRECTION ( 'NONE',  ( 0.000000000000000000, 0.000000000000000000, 1.000000000000000000 ) ) ;
#2879 = PRESENTATION_LAYER_ASSIGNMENT (  '', '', ( #1464 ) ) ;
#2880 = EDGE_CURVE ( 'NONE', #5014, #1919, #3429, .T. ) ;
#2881 =( NAMED_UNIT ( * ) SI_UNIT ( $, .STERADIAN. ) SOLID_ANGLE_UNIT ( ) );
#2882 =( LENGTH_UNIT ( ) NAMED_UNIT ( * ) SI_UNIT ( .MILLI., .METRE. ) );
#2883 = UNCERTAINTY_MEASURE_WITH_UNIT (LENGTH_MEASURE( 1.000000000000000082E-05 ), #10, 'distance_accuracy_value', 'NONE');
#2884 = DIRECTION ( 'NONE',  ( -7.211865458993576345E-17, -1.000000000000000000, 0.000000000000000000 ) ) ;
#2885 =( GEOMETRIC_REPRESENTATION_CONTEXT ( 3 ) GLOBAL_UNCERTAINTY_ASSIGNED_CONTEXT ( ( #2662 ) ) GLOBAL_UNIT_ASSIGNED_CONTEXT ( ( #4632, #2024, #787 ) ) REPRESENTATION_CONTEXT ( 'NONE', 'WORKASPACE' ) );
#2886 = DIRECTION ( 'NONE',  ( -1.000000000000000000, 0.000000000000000000, 0.000000000000000000 ) ) ;
#2887 = COLOUR_RGB ( '',0.5999999999999999778, 0.1607843137254901800, 0.7529411764705882248 ) ;
#2888 = CARTESIAN_POINT ( 'NONE',  ( -63.88000000000000966, 4.779010927789701434E-16, 14.59054394820263134 ) ) ;
#2889 = PRESENTATION_STYLE_ASSIGNMENT (( #3341 ) ) ;
#2890 = VECTOR ( 'NONE', #2383, 1000.000000000000000 ) ;
#2891 = LINE ( 'NONE', #5404, #5223 ) ;
#2892 = VERTEX_POINT ( 'NONE', #1322 ) ;
#2893 = EDGE_CURVE ( 'NONE', #4838, #3291, #4333, .T. ) ;
#2894 = DIRECTION ( 'NONE',  ( -0.8090169943749464521, -0.000000000000000000, -0.5877852522924745804 ) ) ;
#2895 = DIRECTION ( 'NONE',  ( 0.000000000000000000, 1.000000000000000000, 0.000000000000000000 ) ) ;
#2896 = PRESENTATION_STYLE_ASSIGNMENT (( #5006 ) ) ;
#2897 = SURFACE_STYLE_USAGE ( .BOTH. , #3664 ) ;
#2898 = CIRCLE ( 'NONE', #166, 1.249999999999999334 ) ;
#2899 = DIRECTION ( 'NONE',  ( 0.000000000000000000, 0.000000000000000000, 1.000000000000000000 ) ) ;
#2900 = ORIENTED_EDGE ( 'NONE', *, *, #414, .T. ) ;
#2901 = ORIENTED_EDGE ( 'NONE', *, *, #2193, .F. ) ;
#2902 = EDGE_CURVE ( 'NONE', #73, #5198, #3505, .T. ) ;
#2903 = ORIENTED_EDGE ( 'NONE', *, *, #948, .T. ) ;
#2904 = ORIENTED_EDGE ( 'NONE', *, *, #1902, .F. ) ;
#2905 = CARTESIAN_POINT ( 'NONE',  ( 44.14999999999990621, -173.5000000000000000, -18.75000000000005329 ) ) ;
#2906 = SURFACE_STYLE_FILL_AREA ( #1666 ) ;
#2907 = CARTESIAN_POINT ( 'NONE',  ( -63.88000000000000966, -183.4300000000000068, 10.31091636418653046 ) ) ;
#2908 = DIRECTION ( 'NONE',  ( 0.000000000000000000, 0.000000000000000000, 1.000000000000000000 ) ) ;
#2909 = CARTESIAN_POINT ( 'NONE',  ( -71.84999999999989484, 0.000000000000000000, 0.000000000000000000 ) ) ;
#2910 =( NAMED_UNIT ( * ) SI_UNIT ( $, .STERADIAN. ) SOLID_ANGLE_UNIT ( ) );
#2911 = FACE_BOUND ( 'NONE', #3350, .T. ) ;
#2912 = DIRECTION ( 'NONE',  ( 0.8090169943749510040, 0.000000000000000000, -0.5877852522924682521 ) ) ;
#2913 = ADVANCED_FACE ( 'NONE', ( #571 ), #3549, .T. ) ;
#2914 = FACE_BOUND ( 'NONE', #2960, .T. ) ;
#2915 =( LENGTH_UNIT ( ) NAMED_UNIT ( * ) SI_UNIT ( .MILLI., .METRE. ) );
#2916 = PRESENTATION_STYLE_ASSIGNMENT (( #2062 ) ) ;
#2917 = SURFACE_STYLE_FILL_AREA ( #1200 ) ;
#2918 = ORIENTED_EDGE ( 'NONE', *, *, #3570, .T. ) ;
#2919 = CARTESIAN_POINT ( 'NONE',  ( -102.9860988343702388, -146.0169608473403287, -21.10132754336389382 ) ) ;
#2920 =( LENGTH_UNIT ( ) NAMED_UNIT ( * ) SI_UNIT ( .MILLI., .METRE. ) );
#2921 = DIRECTION ( 'NONE',  ( 0.000000000000000000, -0.000000000000000000, 1.000000000000000000 ) ) ;
#2922 = PRESENTATION_LAYER_ASSIGNMENT (  '', '', ( #3721 ) ) ;
#2923 = DIRECTION ( 'NONE',  ( 1.000000000000000000, 0.000000000000000000, 0.000000000000000000 ) ) ;
#2924 = EDGE_CURVE ( 'NONE', #5435, #1399, #3688, .T. ) ;
#2925 = ORIENTED_EDGE ( 'NONE', *, *, #5311, .T. ) ;
#2926 = VECTOR ( 'NONE', #2085, 1000.000000000000000 ) ;
#2927 = EDGE_LOOP ( 'NONE', ( #2326 ) ) ;
#2928 = ORIENTED_EDGE ( 'NONE', *, *, #2591, .F. ) ;
#2929 = VERTEX_POINT ( 'NONE', #2419 ) ;
#2930 = AXIS2_PLACEMENT_3D ( 'NONE', #2909, #402, #2486 ) ;
#2931 = ADVANCED_FACE ( 'NONE', ( #4971 ), #4131, .F. ) ;
#2932 = CARTESIAN_POINT ( 'NONE',  ( -13.85000000000000497, -233.5000000000000000, 18.80000000000000071 ) ) ;
#2933 = EDGE_LOOP ( 'NONE', ( #3681 ) ) ;
#2934 = CARTESIAN_POINT ( 'NONE',  ( -13.85000000000000497, -233.5000000000000000, 18.80000000000000071 ) ) ;
#2935 = SURFACE_STYLE_USAGE ( .BOTH. , #3358 ) ;
#2936 = FACE_OUTER_BOUND ( 'NONE', #2273, .T. ) ;
#2937 = FACE_OUTER_BOUND ( 'NONE', #2041, .T. ) ;
#2938 = LINE ( 'NONE', #2162, #4440 ) ;
#2939 = ADVANCED_FACE ( 'NONE', ( #4068, #285 ), #1249, .F. ) ;
#2940 = MECHANICAL_DESIGN_GEOMETRIC_PRESENTATION_REPRESENTATION (  '', ( #4716 ), #554 ) ;
#2941 = UNCERTAINTY_MEASURE_WITH_UNIT (LENGTH_MEASURE( 1.000000000000000082E-05 ), #2394, 'distance_accuracy_value', 'NONE');
#2942 = PLANE ( 'NONE',  #4940 ) ;
#2943 = DIRECTION ( 'NONE',  ( 0.000000000000000000, 0.000000000000000000, -1.000000000000000000 ) ) ;
#2944 = FILL_AREA_STYLE ('',( #1286 ) ) ;
#2945 = STYLED_ITEM ( 'NONE', ( #2633 ), #2931 ) ;
#2946 = PRESENTATION_STYLE_ASSIGNMENT (( #2058 ) ) ;
#2947 = UNCERTAINTY_MEASURE_WITH_UNIT (LENGTH_MEASURE( 1.000000000000000082E-05 ), #3021, 'distance_accuracy_value', 'NONE');
#2948 = DIRECTION ( 'NONE',  ( -1.000000000000000000, 1.012921246534612448E-14, 0.000000000000000000 ) ) ;
#2949 = MECHANICAL_DESIGN_GEOMETRIC_PRESENTATION_REPRESENTATION (  '', ( #2674 ), #489 ) ;
#2950 = UNCERTAINTY_MEASURE_WITH_UNIT (LENGTH_MEASURE( 1.000000000000000082E-05 ), #4170, 'distance_accuracy_value', 'NONE');
#2951 = FACE_BOUND ( 'NONE', #3905, .T. ) ;
#2952 = ORIENTED_EDGE ( 'NONE', *, *, #4266, .F. ) ;
#2953 = CARTESIAN_POINT ( 'NONE',  ( -13.85000000000000497, -233.5000000000000000, 18.80000000000000071 ) ) ;
#2954 = FILL_AREA_STYLE ('',( #1682 ) ) ;
#2955 = PRESENTATION_LAYER_ASSIGNMENT (  '', '', ( #1369 ) ) ;
#2956 = LINE ( 'NONE', #3817, #3401 ) ;
#2957 = COLOUR_RGB ( '',0.5999999999999999778, 0.1607843137254901800, 0.7529411764705882248 ) ;
#2958 = ORIENTED_EDGE ( 'NONE', *, *, #2991, .F. ) ;
#2959 = AXIS2_PLACEMENT_3D ( 'NONE', #2529, #3785, #3723 ) ;
#2960 = EDGE_LOOP ( 'NONE', ( #313 ) ) ;
#2961 = ORIENTED_EDGE ( 'NONE', *, *, #3752, .F. ) ;
#2962 = VERTEX_POINT ( 'NONE', #4605 ) ;
#2963 = AXIS2_PLACEMENT_3D ( 'NONE', #4040, #2291, #4902 ) ;
#2964 = COLOUR_RGB ( '',0.5999999999999999778, 0.1607843137254901800, 0.7529411764705882248 ) ;
#2965 = CYLINDRICAL_SURFACE ( 'NONE', #1450, 4.599999999999996092 ) ;
#2966 = ORIENTED_EDGE ( 'NONE', *, *, #2830, .T. ) ;
#2967 = AXIS2_PLACEMENT_3D ( 'NONE', #2581, #2169, #517 ) ;
#2968 = CARTESIAN_POINT ( 'NONE',  ( 17.90000000000000924, -57.74999999999999289, 3.450000000000008171 ) ) ;
#2969 = EDGE_CURVE ( 'NONE', #3381, #3381, #5253, .T. ) ;
#2970 = SURFACE_SIDE_STYLE ('',( #103 ) ) ;
#2971 = SURFACE_STYLE_FILL_AREA ( #3389 ) ;
#2972 = STYLED_ITEM ( 'NONE', ( #4254 ), #4076 ) ;
#2973 =( LENGTH_UNIT ( ) NAMED_UNIT ( * ) SI_UNIT ( .MILLI., .METRE. ) );
#2974 = LINE ( 'NONE', #2088, #1880 ) ;
#2975 = SURFACE_STYLE_USAGE ( .BOTH. , #2857 ) ;
#2976 = VECTOR ( 'NONE', #4848, 1000.000000000000000 ) ;
#2977 = EDGE_CURVE ( 'NONE', #271, #2508, #4125, .T. ) ;
#2978 = SURFACE_SIDE_STYLE ('',( #1288 ) ) ;
#2979 =( NAMED_UNIT ( * ) SI_UNIT ( $, .STERADIAN. ) SOLID_ANGLE_UNIT ( ) );
#2980 = CARTESIAN_POINT ( 'NONE',  ( 0.000000000000000000, 0.000000000000000000, 6.700000000000008171 ) ) ;
#2981 = VERTEX_POINT ( 'NONE', #1605 ) ;
#2982 = CARTESIAN_POINT ( 'NONE',  ( -32.36969722017663287, -263.5000000000000000, 8.700000000000013500 ) ) ;
#2983 = DIRECTION ( 'NONE',  ( 0.000000000000000000, 1.000000000000000000, 0.000000000000000000 ) ) ;
#2984 = PRESENTATION_LAYER_ASSIGNMENT (  '', '', ( #3339 ) ) ;
#2985 = EDGE_LOOP ( 'NONE', ( #3436 ) ) ;
#2986 = FACE_BOUND ( 'NONE', #3514, .T. ) ;
#2987 = EDGE_LOOP ( 'NONE', ( #1122 ) ) ;
#2988 = VERTEX_POINT ( 'NONE', #3294 ) ;
#2989 = ORIENTED_EDGE ( 'NONE', *, *, #5455, .F. ) ;
#2990 = VECTOR ( 'NONE', #3633, 1000.000000000000000 ) ;
#2991 = EDGE_CURVE ( 'NONE', #480, #2406, #102, .T. ) ;
#2992 = CARTESIAN_POINT ( 'NONE',  ( -37.85000000000000142, -43.50000000000000000, 23.80000000000000071 ) ) ;
#2993 = ORIENTED_EDGE ( 'NONE', *, *, #1005, .T. ) ;
#2994 =( LENGTH_UNIT ( ) NAMED_UNIT ( * ) SI_UNIT ( .MILLI., .METRE. ) );
#2995 = AXIS2_PLACEMENT_3D ( 'NONE', #661, #4422, #4013 ) ;
#2996 = EDGE_CURVE ( 'NONE', #3488, #2044, #4633, .T. ) ;
#2997 = DIRECTION ( 'NONE',  ( -0.8090169943749510040, 0.000000000000000000, 0.5877852522924682521 ) ) ;
#2998 = CARTESIAN_POINT ( 'NONE',  ( 17.90000000000000213, -121.2500000000000142, 18.70000000000000995 ) ) ;
#2999 = LINE ( 'NONE', #2606, #2525 ) ;
#3000 =( NAMED_UNIT ( * ) SI_UNIT ( $, .STERADIAN. ) SOLID_ANGLE_UNIT ( ) );
#3001 = UNCERTAINTY_MEASURE_WITH_UNIT (LENGTH_MEASURE( 1.000000000000000082E-05 ), #1102, 'distance_accuracy_value', 'NONE');
#3002 = DIRECTION ( 'NONE',  ( 1.000000000000000000, 0.000000000000000000, -0.000000000000000000 ) ) ;
#3003 = EDGE_CURVE ( 'NONE', #5412, #5477, #2572, .T. ) ;
#3004 = UNCERTAINTY_MEASURE_WITH_UNIT (LENGTH_MEASURE( 1.000000000000000082E-05 ), #1254, 'distance_accuracy_value', 'NONE');
#3005 = ORIENTED_EDGE ( 'NONE', *, *, #4411, .T. ) ;
#3006 = CARTESIAN_POINT ( 'NONE',  ( 38.81354708532175124, -230.4750111210950081, 10.31091636418653046 ) ) ;
#3007 = CARTESIAN_POINT ( 'NONE',  ( 7.650000000000010125, -61.50000000000000000, 23.80000000000000071 ) ) ;
#3008 = FACE_OUTER_BOUND ( 'NONE', #1238, .T. ) ;
#3009 = FILL_AREA_STYLE_COLOUR ( '', #5451 ) ;
#3010 = SURFACE_STYLE_USAGE ( .BOTH. , #3847 ) ;
#3011 = ORIENTED_EDGE ( 'NONE', *, *, #3093, .F. ) ;
#3012 = ORIENTED_EDGE ( 'NONE', *, *, #2019, .T. ) ;
#3013 = MECHANICAL_DESIGN_GEOMETRIC_PRESENTATION_REPRESENTATION (  '', ( #3721 ), #4961 ) ;
#3014 = ORIENTED_EDGE ( 'NONE', *, *, #5284, .F. ) ;
#3015 = ORIENTED_EDGE ( 'NONE', *, *, #1781, .T. ) ;
#3016 = FACE_OUTER_BOUND ( 'NONE', #3764, .T. ) ;
#3017 =( NAMED_UNIT ( * ) PLANE_ANGLE_UNIT ( ) SI_UNIT ( $, .RADIAN. ) );
#3018 =( GEOMETRIC_REPRESENTATION_CONTEXT ( 3 ) GLOBAL_UNCERTAINTY_ASSIGNED_CONTEXT ( ( #352 ) ) GLOBAL_UNIT_ASSIGNED_CONTEXT ( ( #3714, #4098, #1606 ) ) REPRESENTATION_CONTEXT ( 'NONE', 'WORKASPACE' ) );
#3019 = VECTOR ( 'NONE', #2715, 1000.000000000000114 ) ;
#3020 = DIRECTION ( 'NONE',  ( 0.000000000000000000, -1.000000000000000000, -0.000000000000000000 ) ) ;
#3021 =( LENGTH_UNIT ( ) NAMED_UNIT ( * ) SI_UNIT ( .MILLI., .METRE. ) );
#3022 = STYLED_ITEM ( 'NONE', ( #2046 ), #2489 ) ;
#3023 = SURFACE_SIDE_STYLE ('',( #2552 ) ) ;
#3024 = ORIENTED_EDGE ( 'NONE', *, *, #667, .T. ) ;
#3025 = SURFACE_SIDE_STYLE ('',( #1813 ) ) ;
#3026 = CARTESIAN_POINT ( 'NONE',  ( -56.88000000000000256, -183.4300000000000068, 10.31091636418653046 ) ) ;
#3027 = ADVANCED_FACE ( 'NONE', ( #2110 ), #4715, .T. ) ;
#3028 = EDGE_CURVE ( 'NONE', #334, #334, #2398, .T. ) ;
#3029 = PRESENTATION_LAYER_ASSIGNMENT (  '', '', ( #1080 ) ) ;
#3030 = ORIENTED_EDGE ( 'NONE', *, *, #1820, .F. ) ;
#3031 = ORIENTED_EDGE ( 'NONE', *, *, #1273, .F. ) ;
#3032 = ADVANCED_FACE ( 'NONE', ( #610, #3986 ), #3067, .F. ) ;
#3033 = DIRECTION ( 'NONE',  ( 1.000000000000000000, -2.185478394931410082E-16, 0.000000000000000000 ) ) ;
#3034 =( GEOMETRIC_REPRESENTATION_CONTEXT ( 3 ) GLOBAL_UNCERTAINTY_ASSIGNED_CONTEXT ( ( #2054 ) ) GLOBAL_UNIT_ASSIGNED_CONTEXT ( ( #3926, #2588, #3375 ) ) REPRESENTATION_CONTEXT ( 'NONE', 'WORKASPACE' ) );
#3035 = EDGE_CURVE ( 'NONE', #3105, #3409, #1572, .T. ) ;
#3036 = VERTEX_POINT ( 'NONE', #1151 ) ;
#3037 = AXIS2_PLACEMENT_3D ( 'NONE', #745, #218, #248 ) ;
#3038 = MECHANICAL_DESIGN_GEOMETRIC_PRESENTATION_REPRESENTATION (  '', ( #935 ), #5088 ) ;
#3039 =( NAMED_UNIT ( * ) SI_UNIT ( $, .STERADIAN. ) SOLID_ANGLE_UNIT ( ) );
#3040 =( GEOMETRIC_REPRESENTATION_CONTEXT ( 3 ) GLOBAL_UNCERTAINTY_ASSIGNED_CONTEXT ( ( #239 ) ) GLOBAL_UNIT_ASSIGNED_CONTEXT ( ( #3834, #3892, #1313 ) ) REPRESENTATION_CONTEXT ( 'NONE', 'WORKASPACE' ) );
#3041 = DIRECTION ( 'NONE',  ( 1.000000000000000000, -0.000000000000000000, -0.000000000000000000 ) ) ;
#3042 = PLANE ( 'NONE',  #952 ) ;
#3043 = CARTESIAN_POINT ( 'NONE',  ( -71.84999999999989484, -158.4999999999999716, -1.200000000000063904 ) ) ;
#3044 = UNCERTAINTY_MEASURE_WITH_UNIT (LENGTH_MEASURE( 1.000000000000000082E-05 ), #5138, 'distance_accuracy_value', 'NONE');
#3045 = COLOUR_RGB ( '',0.5999999999999999778, 0.1607843137254901800, 0.7529411764705882248 ) ;
#3046 =( NAMED_UNIT ( * ) PLANE_ANGLE_UNIT ( ) SI_UNIT ( $, .RADIAN. ) );
#3047 = VECTOR ( 'NONE', #2277, 1000.000000000000000 ) ;
#3048 = UNCERTAINTY_MEASURE_WITH_UNIT (LENGTH_MEASURE( 1.000000000000000082E-05 ), #1246, 'distance_accuracy_value', 'NONE');
#3049 = VECTOR ( 'NONE', #3809, 1000.000000000000000 ) ;
#3050 = VERTEX_POINT ( 'NONE', #1157 ) ;
#3051 = DIRECTION ( 'NONE',  ( 0.000000000000000000, 1.000000000000000000, 9.011550524554843201E-17 ) ) ;
#3052 = FACE_OUTER_BOUND ( 'NONE', #2561, .T. ) ;
#3053 = CARTESIAN_POINT ( 'NONE',  ( 83.15000000000010516, -158.4999999999999716, -1.200000000000063904 ) ) ;
#3054 = VECTOR ( 'NONE', #873, 1000.000000000000000 ) ;
#3055 = SURFACE_STYLE_FILL_AREA ( #547 ) ;
#3056 = EDGE_CURVE ( 'NONE', #5067, #5291, #3319, .T. ) ;
#3057 = EDGE_LOOP ( 'NONE', ( #4180 ) ) ;
#3058 =( GEOMETRIC_REPRESENTATION_CONTEXT ( 3 ) GLOBAL_UNCERTAINTY_ASSIGNED_CONTEXT ( ( #2714 ) ) GLOBAL_UNIT_ASSIGNED_CONTEXT ( ( #2366, #686, #4443 ) ) REPRESENTATION_CONTEXT ( 'NONE', 'WORKASPACE' ) );
#3059 = EDGE_LOOP ( 'NONE', ( #4368 ) ) ;
#3060 = VERTEX_POINT ( 'NONE', #5132 ) ;
#3061 = AXIS2_PLACEMENT_3D ( 'NONE', #5143, #2191, #3918 ) ;
#3062 = EDGE_CURVE ( 'NONE', #2754, #2612, #81, .T. ) ;
#3063 = ORIENTED_EDGE ( 'NONE', *, *, #2280, .T. ) ;
#3064 = ORIENTED_EDGE ( 'NONE', *, *, #1902, .T. ) ;
#3065 = CIRCLE ( 'NONE', #782, 6.600000000000008527 ) ;
#3066 = LINE ( 'NONE', #4497, #2890 ) ;
#3067 = CYLINDRICAL_SURFACE ( 'NONE', #2856, 2.599999999999998312 ) ;
#3068 = CARTESIAN_POINT ( 'NONE',  ( 29.17999999999998195, -176.4300000000000068, 7.310916364186529570 ) ) ;
#3069 =( LENGTH_UNIT ( ) NAMED_UNIT ( * ) SI_UNIT ( .MILLI., .METRE. ) );
#3070 = SURFACE_STYLE_USAGE ( .BOTH. , #2141 ) ;
#3071 = CARTESIAN_POINT ( 'NONE',  ( 19.00000000000000000, -3.520136923654235841E-16, 23.80000000000000071 ) ) ;
#3072 = SURFACE_STYLE_USAGE ( .BOTH. , #1927 ) ;
#3073 = AXIS2_PLACEMENT_3D ( 'NONE', #2932, #1276, #2453 ) ;
#3074 =( NAMED_UNIT ( * ) SI_UNIT ( $, .STERADIAN. ) SOLID_ANGLE_UNIT ( ) );
#3075 = AXIS2_PLACEMENT_3D ( 'NONE', #975, #5305, #4354 ) ;
#3076 = EDGE_LOOP ( 'NONE', ( #3503, #5099, #608, #703, #4811, #4594, #3357, #3584, #4962, #1150, #3012, #4393 ) ) ;
#3077 = VERTEX_POINT ( 'NONE', #1408 ) ;
#3078 = EDGE_LOOP ( 'NONE', ( #2703, #3885, #995, #2560, #1466, #4900, #1131 ) ) ;
#3079 =( NAMED_UNIT ( * ) PLANE_ANGLE_UNIT ( ) SI_UNIT ( $, .RADIAN. ) );
#3080 = PRESENTATION_LAYER_ASSIGNMENT (  '', '', ( #3810 ) ) ;
#3081 = ORIENTED_EDGE ( 'NONE', *, *, #1094, .F. ) ;
#3082 = EDGE_LOOP ( 'NONE', ( #1087 ) ) ;
#3083 = FACE_OUTER_BOUND ( 'NONE', #4830, .T. ) ;
#3084 =( NAMED_UNIT ( * ) PLANE_ANGLE_UNIT ( ) SI_UNIT ( $, .RADIAN. ) );
#3085 = PLANE ( 'NONE',  #4622 ) ;
#3086 = EDGE_CURVE ( 'NONE', #2388, #2810, #5215, .T. ) ;
#3087 = DIRECTION ( 'NONE',  ( 0.000000000000000000, -1.000000000000000000, 1.047945392442333568E-16 ) ) ;
#3088 = DIRECTION ( 'NONE',  ( 0.000000000000000000, -1.000000000000000000, 0.000000000000000000 ) ) ;
#3089 = AXIS2_PLACEMENT_3D ( 'NONE', #59, #2608, #2548 ) ;
#3090 =( LENGTH_UNIT ( ) NAMED_UNIT ( * ) SI_UNIT ( .MILLI., .METRE. ) );
#3091 = LINE ( 'NONE', #3993, #1827 ) ;
#3092 = CARTESIAN_POINT ( 'NONE',  ( 36.17999999999992156, -5.064354606577149397E-15, 14.59054394820269529 ) ) ;
#3093 = EDGE_CURVE ( 'NONE', #2109, #1405, #2137, .T. ) ;
#3094 =( LENGTH_UNIT ( ) NAMED_UNIT ( * ) SI_UNIT ( .MILLI., .METRE. ) );
#3095 = VECTOR ( 'NONE', #611, 1000.000000000000000 ) ;
#3096 = UNCERTAINTY_MEASURE_WITH_UNIT (LENGTH_MEASURE( 1.000000000000000082E-05 ), #1222, 'distance_accuracy_value', 'NONE');
#3097 =( LENGTH_UNIT ( ) NAMED_UNIT ( * ) SI_UNIT ( .MILLI., .METRE. ) );
#3098 = EDGE_LOOP ( 'NONE', ( #4317 ) ) ;
#3099 = COLOUR_RGB ( '',0.5999999999999999778, 0.1607843137254901800, 0.7529411764705882248 ) ;
#3100 =( NAMED_UNIT ( * ) SI_UNIT ( $, .STERADIAN. ) SOLID_ANGLE_UNIT ( ) );
#3101 = DIRECTION ( 'NONE',  ( 1.000000000000000000, 0.000000000000000000, -0.000000000000000000 ) ) ;
#3102 = PRESENTATION_LAYER_ASSIGNMENT (  '', '', ( #4800 ) ) ;
#3103 = SURFACE_SIDE_STYLE ('',( #1887 ) ) ;
#3104 = EDGE_LOOP ( 'NONE', ( #3561, #1557, #2590, #48 ) ) ;
#3105 = VERTEX_POINT ( 'NONE', #403 ) ;
#3106 = MECHANICAL_DESIGN_GEOMETRIC_PRESENTATION_REPRESENTATION (  '', ( #3836 ), #926 ) ;
#3107 = PRESENTATION_STYLE_ASSIGNMENT (( #4413 ) ) ;
#3108 = AXIS2_PLACEMENT_3D ( 'NONE', #1438, #970, #5299 ) ;
#3109 = EDGE_LOOP ( 'NONE', ( #3406 ) ) ;
#3110 = ORIENTED_EDGE ( 'NONE', *, *, #847, .T. ) ;
#3111 = VERTEX_POINT ( 'NONE', #4816 ) ;
#3112 = CARTESIAN_POINT ( 'NONE',  ( 41.14999999999989910, -57.28503393662091980, 3.700000000000036593 ) ) ;
#3113 = DIRECTION ( 'NONE',  ( -1.000000000000000000, 0.000000000000000000, -0.000000000000000000 ) ) ;
#3114 = CARTESIAN_POINT ( 'NONE',  ( 10.15000000000000568, -43.50000000000007105, 23.80000000000000071 ) ) ;
#3115 =( GEOMETRIC_REPRESENTATION_CONTEXT ( 3 ) GLOBAL_UNCERTAINTY_ASSIGNED_CONTEXT ( ( #1112 ) ) GLOBAL_UNIT_ASSIGNED_CONTEXT ( ( #4782, #2740, #3100 ) ) REPRESENTATION_CONTEXT ( 'NONE', 'WORKASPACE' ) );
#3116 = DIRECTION ( 'NONE',  ( 0.000000000000000000, 0.000000000000000000, -1.000000000000000000 ) ) ;
#3117 = VECTOR ( 'NONE', #1894, 1000.000000000000000 ) ;
#3118 = ADVANCED_FACE ( 'NONE', ( #371 ), #5111, .F. ) ;
#3119 = VECTOR ( 'NONE', #2797, 1000.000000000000000 ) ;
#3120 = SURFACE_STYLE_FILL_AREA ( #4096 ) ;
#3121 = LINE ( 'NONE', #1051, #3465 ) ;
#3122 = COLOUR_RGB ( '',0.5999999999999999778, 0.1607843137254901800, 0.7529411764705882248 ) ;
#3123 = MECHANICAL_DESIGN_GEOMETRIC_PRESENTATION_REPRESENTATION (  '', ( #858 ), #3857 ) ;
#3124 = EDGE_CURVE ( 'NONE', #3077, #3185, #2574, .T. ) ;
#3125 = ORIENTED_EDGE ( 'NONE', *, *, #4327, .T. ) ;
#3126 = MECHANICAL_DESIGN_GEOMETRIC_PRESENTATION_REPRESENTATION (  '', ( #1189 ), #68 ) ;
#3127 =( GEOMETRIC_REPRESENTATION_CONTEXT ( 3 ) GLOBAL_UNCERTAINTY_ASSIGNED_CONTEXT ( ( #1678 ) ) GLOBAL_UNIT_ASSIGNED_CONTEXT ( ( #3211, #4388, #2741 ) ) REPRESENTATION_CONTEXT ( 'NONE', 'WORKASPACE' ) );
#3128 = DIRECTION ( 'NONE',  ( 0.000000000000000000, -1.000000000000000000, 0.000000000000000000 ) ) ;
#3129 = FILL_AREA_STYLE_COLOUR ( '', #1517 ) ;
#3130 =( NAMED_UNIT ( * ) PLANE_ANGLE_UNIT ( ) SI_UNIT ( $, .RADIAN. ) );
#3131 = PRESENTATION_LAYER_ASSIGNMENT (  '', '', ( #763 ) ) ;
#3132 = PLANE ( 'NONE',  #2246 ) ;
#3133 = LINE ( 'NONE', #161, #4078 ) ;
#3134 = PLANE ( 'NONE',  #2282 ) ;
#3135 = ORIENTED_EDGE ( 'NONE', *, *, #3894, .T. ) ;
#3136 = FILL_AREA_STYLE_COLOUR ( '', #4063 ) ;
#3137 = CYLINDRICAL_SURFACE ( 'NONE', #178, 1.249999999999999334 ) ;
#3138 = MECHANICAL_DESIGN_GEOMETRIC_PRESENTATION_REPRESENTATION (  '', ( #1467 ), #2885 ) ;
#3139 = DIRECTION ( 'NONE',  ( 0.000000000000000000, -0.000000000000000000, 1.000000000000000000 ) ) ;
#3140 = AXIS2_PLACEMENT_3D ( 'NONE', #279, #2334, #3196 ) ;
#3141 = ORIENTED_EDGE ( 'NONE', *, *, #1814, .F. ) ;
#3142 = EDGE_LOOP ( 'NONE', ( #5211, #1523, #1240, #3794, #1433 ) ) ;
#3143 = AXIS2_PLACEMENT_3D ( 'NONE', #5243, #4766, #5221 ) ;
#3144 = PLANE ( 'NONE',  #2448 ) ;
#3145 = SURFACE_SIDE_STYLE ('',( #283 ) ) ;
#3146 = CARTESIAN_POINT ( 'NONE',  ( 29.17999999999998195, -183.4300000000000068, 10.31091636418653046 ) ) ;
#3147 = DIRECTION ( 'NONE',  ( 1.000000000000000000, -1.081779818849036513E-16, 0.000000000000000000 ) ) ;
#3148 = CARTESIAN_POINT ( 'NONE',  ( -56.88000000000000256, -175.5444967660472741, 7.310916364186529570 ) ) ;
#3149 = VECTOR ( 'NONE', #4250, 1000.000000000000000 ) ;
#3150 = EDGE_CURVE ( 'NONE', #3160, #2583, #5486, .T. ) ;
#3151 = UNCERTAINTY_MEASURE_WITH_UNIT (LENGTH_MEASURE( 1.000000000000000082E-05 ), #3416, 'distance_accuracy_value', 'NONE');
#3152 = STYLED_ITEM ( 'NONE', ( #1022 ), #1353 ) ;
#3153 = CARTESIAN_POINT ( 'NONE',  ( 7.650000000000007461, -110.9999999999999716, 6.700000000000008171 ) ) ;
#3154 = EDGE_CURVE ( 'NONE', #2929, #2929, #1444, .T. ) ;
#3155 =( GEOMETRIC_REPRESENTATION_CONTEXT ( 3 ) GLOBAL_UNCERTAINTY_ASSIGNED_CONTEXT ( ( #5171 ) ) GLOBAL_UNIT_ASSIGNED_CONTEXT ( ( #188, #1428, #4808 ) ) REPRESENTATION_CONTEXT ( 'NONE', 'WORKASPACE' ) );
#3156 = CYLINDRICAL_SURFACE ( 'NONE', #5366, 6.499999999999999112 ) ;
#3157 = LINE ( 'NONE', #3212, #5271 ) ;
#3158 = FACE_OUTER_BOUND ( 'NONE', #5318, .T. ) ;
#3159 = CARTESIAN_POINT ( 'NONE',  ( 44.14999999999990621, -253.4999999999999432, -32.30000000000000426 ) ) ;
#3160 = VERTEX_POINT ( 'NONE', #4273 ) ;
#3161 = ORIENTED_EDGE ( 'NONE', *, *, #2656, .T. ) ;
#3162 = EDGE_CURVE ( 'NONE', #601, #4263, #5078, .T. ) ;
#3163 = CARTESIAN_POINT ( 'NONE',  ( 10.14999999999999325, -263.5000000000000568, -24.20000000000001350 ) ) ;
#3164 = EDGE_LOOP ( 'NONE', ( #524, #2670, #5478, #1356 ) ) ;
#3165 = DIRECTION ( 'NONE',  ( -0.000000000000000000, -0.000000000000000000, 1.000000000000000000 ) ) ;
#3166 = EDGE_LOOP ( 'NONE', ( #392 ) ) ;
#3167 = DIRECTION ( 'NONE',  ( -1.000000000000000000, -0.000000000000000000, -0.000000000000000000 ) ) ;
#3168 = DIRECTION ( 'NONE',  ( 0.000000000000000000, 0.000000000000000000, -1.000000000000000000 ) ) ;
#3169 = FILL_AREA_STYLE ('',( #2848 ) ) ;
#3170 = VECTOR ( 'NONE', #5094, 1000.000000000000000 ) ;
#3171 = DIRECTION ( 'NONE',  ( 0.000000000000000000, 0.000000000000000000, -1.000000000000000000 ) ) ;
#3172 = FACE_OUTER_BOUND ( 'NONE', #5185, .T. ) ;
#3173 = PLANE ( 'NONE',  #2338 ) ;
#3174 = FILL_AREA_STYLE ('',( #1492 ) ) ;
#3175 = LINE ( 'NONE', #591, #713 ) ;
#3176 = VECTOR ( 'NONE', #4773, 1000.000000000000000 ) ;
#3177 = FACE_OUTER_BOUND ( 'NONE', #748, .T. ) ;
#3178 = DIRECTION ( 'NONE',  ( 0.000000000000000000, 0.000000000000000000, -1.000000000000000000 ) ) ;
#3179 = STYLED_ITEM ( 'NONE', ( #4069 ), #2343 ) ;
#3180 = DIRECTION ( 'NONE',  ( 0.000000000000000000, 1.000000000000000000, 9.011550524554843201E-17 ) ) ;
#3181 = DIRECTION ( 'NONE',  ( -1.000000000000000000, 1.442373091798715516E-16, 0.000000000000000000 ) ) ;
#3182 = CARTESIAN_POINT ( 'NONE',  ( -32.36969722017663287, -249.7149660633790802, -32.30000000000000426 ) ) ;
#3183 =( GEOMETRIC_REPRESENTATION_CONTEXT ( 3 ) GLOBAL_UNCERTAINTY_ASSIGNED_CONTEXT ( ( #2117 ) ) GLOBAL_UNIT_ASSIGNED_CONTEXT ( ( #4399, #1802, #3496 ) ) REPRESENTATION_CONTEXT ( 'NONE', 'WORKASPACE' ) );
#3184 = DIRECTION ( 'NONE',  ( -1.000000000000000000, 0.000000000000000000, -0.000000000000000000 ) ) ;
#3185 = VERTEX_POINT ( 'NONE', #488 ) ;
#3186 = EDGE_CURVE ( 'NONE', #839, #5443, #2938, .T. ) ;
#3187 = ORIENTED_EDGE ( 'NONE', *, *, #3297, .T. ) ;
#3188 = ADVANCED_FACE ( 'NONE', ( #3867 ), #434, .F. ) ;
#3189 = LINE ( 'NONE', #4887, #4590 ) ;
#3190 = VECTOR ( 'NONE', #2894, 999.9999999999998863 ) ;
#3191 = CARTESIAN_POINT ( 'NONE',  ( -56.88000000000000256, -183.4300000000000068, 10.31091636418653046 ) ) ;
#3192 = ORIENTED_EDGE ( 'NONE', *, *, #118, .F. ) ;
#3193 = ADVANCED_FACE ( 'NONE', ( #4812, #2283 ), #1528, .F. ) ;
#3194 = STYLED_ITEM ( 'NONE', ( #5307 ), #2867 ) ;
#3195 = ORIENTED_EDGE ( 'NONE', *, *, #4446, .T. ) ;
#3196 = DIRECTION ( 'NONE',  ( 1.000000000000000000, 0.000000000000000000, 0.000000000000000000 ) ) ;
#3197 = DIRECTION ( 'NONE',  ( -0.000000000000000000, -1.000000000000000000, -0.000000000000000000 ) ) ;
#3198 =( NAMED_UNIT ( * ) SI_UNIT ( $, .STERADIAN. ) SOLID_ANGLE_UNIT ( ) );
#3199 = CARTESIAN_POINT ( 'NONE',  ( 0.000000000000000000, 0.000000000000000000, 8.700000000000008171 ) ) ;
#3200 = SURFACE_STYLE_USAGE ( .BOTH. , #4935 ) ;
#3201 = AXIS2_PLACEMENT_3D ( 'NONE', #4691, #4606, #1281 ) ;
#3202 = CARTESIAN_POINT ( 'NONE',  ( -68.84999999999990905, -57.28503393662091980, -32.30000000000000426 ) ) ;
#3203 = UNCERTAINTY_MEASURE_WITH_UNIT (LENGTH_MEASURE( 1.000000000000000082E-05 ), #2615, 'distance_accuracy_value', 'NONE');
#3204 = CARTESIAN_POINT ( 'NONE',  ( 36.17999999999997840, -176.4300000000000068, 10.31091636418653046 ) ) ;
#3205 = ADVANCED_FACE ( 'NONE', ( #2358 ), #4029, .F. ) ;
#3206 = PRESENTATION_LAYER_ASSIGNMENT (  '', '', ( #2316 ) ) ;
#3207 = CIRCLE ( 'NONE', #849, 4.599999999999996092 ) ;
#3208 = DIRECTION ( 'NONE',  ( 0.8090169943749510040, 0.000000000000000000, -0.5877852522924682521 ) ) ;
#3209 = UNCERTAINTY_MEASURE_WITH_UNIT (LENGTH_MEASURE( 1.000000000000000082E-05 ), #2442, 'distance_accuracy_value', 'NONE');
#3210 = STYLED_ITEM ( 'NONE', ( #3620 ), #4528 ) ;
#3211 =( LENGTH_UNIT ( ) NAMED_UNIT ( * ) SI_UNIT ( .MILLI., .METRE. ) );
#3212 = CARTESIAN_POINT ( 'NONE',  ( -37.85000000000000142, -253.5000000000000000, -32.30000000000000426 ) ) ;
#3213 = CIRCLE ( 'NONE', #1988, 2.549999999999996714 ) ;
#3214 = AXIS2_PLACEMENT_3D ( 'NONE', #1085, #2322, #3554 ) ;
#3215 =( NAMED_UNIT ( * ) SI_UNIT ( $, .STERADIAN. ) SOLID_ANGLE_UNIT ( ) );
#3216 = LINE ( 'NONE', #162, #2276 ) ;
#3217 = EDGE_LOOP ( 'NONE', ( #5134 ) ) ;
#3218 = ORIENTED_EDGE ( 'NONE', *, *, #4479, .T. ) ;
#3219 = ORIENTED_EDGE ( 'NONE', *, *, #512, .T. ) ;
#3220 = CARTESIAN_POINT ( 'NONE',  ( 44.14999999999990621, -7.930164461608225927E-16, 8.799999999999959854 ) ) ;
#3221 = DIRECTION ( 'NONE',  ( -0.8621037223969737484, 0.5067318539713894232, -0.000000000000000000 ) ) ;
#3222 =( GEOMETRIC_REPRESENTATION_CONTEXT ( 3 ) GLOBAL_UNCERTAINTY_ASSIGNED_CONTEXT ( ( #3096 ) ) GLOBAL_UNIT_ASSIGNED_CONTEXT ( ( #1222, #2029, #1613 ) ) REPRESENTATION_CONTEXT ( 'NONE', 'WORKASPACE' ) );
#3223 =( LENGTH_UNIT ( ) NAMED_UNIT ( * ) SI_UNIT ( .MILLI., .METRE. ) );
#3224 = ADVANCED_FACE ( 'NONE', ( #2471, #4141 ), #357, .T. ) ;
#3225 = FACE_BOUND ( 'NONE', #3217, .T. ) ;
#3226 = ORIENTED_EDGE ( 'NONE', *, *, #537, .F. ) ;
#3227 = AXIS2_PLACEMENT_3D ( 'NONE', #1471, #229, #5304 ) ;
#3228 = ORIENTED_EDGE ( 'NONE', *, *, #1711, .F. ) ;
#3229 = VERTEX_POINT ( 'NONE', #5440 ) ;
#3230 = SURFACE_STYLE_FILL_AREA ( #2704 ) ;
#3231 = SURFACE_STYLE_USAGE ( .BOTH. , #5355 ) ;
#3232 = ADVANCED_FACE ( 'NONE', ( #4083, #3282, #300 ), #1979, .T. ) ;
#3233 = DIRECTION ( 'NONE',  ( -0.8090169943749510040, 0.000000000000000000, -0.5877852522924682521 ) ) ;
#3234 = SURFACE_SIDE_STYLE ('',( #3989 ) ) ;
#3235 = EDGE_LOOP ( 'NONE', ( #1300 ) ) ;
#3236 = DIRECTION ( 'NONE',  ( -1.000000000000000000, 0.000000000000000000, 0.000000000000000000 ) ) ;
#3237 = FILL_AREA_STYLE_COLOUR ( '', #3438 ) ;
#3238 = FILL_AREA_STYLE_COLOUR ( '', #3747 ) ;
#3239 = FACE_BOUND ( 'NONE', #767, .T. ) ;
#3240 = FACE_OUTER_BOUND ( 'NONE', #3788, .T. ) ;
#3241 = PRESENTATION_LAYER_ASSIGNMENT (  '', '', ( #1120 ) ) ;
#3242 = DIRECTION ( 'NONE',  ( -1.092739197465705041E-16, -1.000000000000000000, 0.000000000000000000 ) ) ;
#3243 = CARTESIAN_POINT ( 'NONE',  ( 44.14999999999990621, -253.4999999999999432, -32.30000000000000426 ) ) ;
#3244 = DIRECTION ( 'NONE',  ( -0.000000000000000000, -1.000000000000000000, -0.000000000000000000 ) ) ;
#3245 = FILL_AREA_STYLE ('',( #5055 ) ) ;
#3246 = VECTOR ( 'NONE', #93, 1000.000000000000000 ) ;
#3247 = CARTESIAN_POINT ( 'NONE',  ( 17.90000000000000213, -121.2500000000000142, 6.700000000000008171 ) ) ;
#3248 = ORIENTED_EDGE ( 'NONE', *, *, #2193, .T. ) ;
#3249 = CARTESIAN_POINT ( 'NONE',  ( -3.296898823753065422, -112.2500000000000142, 3.450000000000008171 ) ) ;
#3250 = CARTESIAN_POINT ( 'NONE',  ( -41.84999999999999432, -117.5000000000000142, 15.45000000000000817 ) ) ;
#3251 = EDGE_LOOP ( 'NONE', ( #2120, #4357, #3468, #4885 ) ) ;
#3252 = PLANE ( 'NONE',  #96 ) ;
#3253 = LINE ( 'NONE', #1527, #1474 ) ;
#3254 =( GEOMETRIC_REPRESENTATION_CONTEXT ( 3 ) GLOBAL_UNCERTAINTY_ASSIGNED_CONTEXT ( ( #2493 ) ) GLOBAL_UNIT_ASSIGNED_CONTEXT ( ( #1480, #1842, #242 ) ) REPRESENTATION_CONTEXT ( 'NONE', 'WORKASPACE' ) );
#3255 = FACE_OUTER_BOUND ( 'NONE', #4570, .T. ) ;
#3256 = LINE ( 'NONE', #4531, #572 ) ;
#3257 = ORIENTED_EDGE ( 'NONE', *, *, #1005, .F. ) ;
#3258 = ORIENTED_EDGE ( 'NONE', *, *, #4411, .F. ) ;
#3259 = EDGE_LOOP ( 'NONE', ( #3423, #156, #1976, #3812 ) ) ;
#3260 = CARTESIAN_POINT ( 'NONE',  ( 6.400000000000008349, -110.9999999999999716, 3.450000000000008615 ) ) ;
#3261 = FILL_AREA_STYLE ('',( #4036 ) ) ;
#3262 = CARTESIAN_POINT ( 'NONE',  ( -63.88000000000000966, -171.4299999999999216, 7.310916364186576644 ) ) ;
#3263 = EDGE_LOOP ( 'NONE', ( #1844, #1809, #3662, #5191 ) ) ;
#3264 = LINE ( 'NONE', #4537, #4901 ) ;
#3265 = ADVANCED_FACE ( 'NONE', ( #3347, #4527, #1593, #4591, #2069 ), #836, .F. ) ;
#3266 =( NAMED_UNIT ( * ) SI_UNIT ( $, .STERADIAN. ) SOLID_ANGLE_UNIT ( ) );
#3267 = EDGE_CURVE ( 'NONE', #5382, #5382, #3207, .T. ) ;
#3268 = FILL_AREA_STYLE_COLOUR ( '', #3513 ) ;
#3269 =( NAMED_UNIT ( * ) PLANE_ANGLE_UNIT ( ) SI_UNIT ( $, .RADIAN. ) );
#3270 = DIRECTION ( 'NONE',  ( 1.000000000000000000, -1.392766713985091701E-14, 0.000000000000000000 ) ) ;
#3271 = VECTOR ( 'NONE', #2146, 1000.000000000000000 ) ;
#3272 = EDGE_CURVE ( 'NONE', #2981, #911, #475, .T. ) ;
#3273 = FILL_AREA_STYLE ('',( #4942 ) ) ;
#3274 = UNCERTAINTY_MEASURE_WITH_UNIT (LENGTH_MEASURE( 1.000000000000000082E-05 ), #4009, 'distance_accuracy_value', 'NONE');
#3275 = CARTESIAN_POINT ( 'NONE',  ( -32.36969722017663287, -263.5000000000000000, 8.700000000000008171 ) ) ;
#3276 = PRESENTATION_STYLE_ASSIGNMENT (( #324 ) ) ;
#3277 = ORIENTED_EDGE ( 'NONE', *, *, #2057, .F. ) ;
#3278 = SURFACE_SIDE_STYLE ('',( #2008 ) ) ;
#3279 = PRESENTATION_LAYER_ASSIGNMENT (  '', '', ( #1345 ) ) ;
#3280 = FACE_OUTER_BOUND ( 'NONE', #4186, .T. ) ;
#3281 = FACE_OUTER_BOUND ( 'NONE', #381, .T. ) ;
#3282 = FACE_BOUND ( 'NONE', #4984, .T. ) ;
#3283 = CARTESIAN_POINT ( 'NONE',  ( 29.17999999999999261, -214.5000000000000284, 10.31091636418653046 ) ) ;
#3284 = ORIENTED_EDGE ( 'NONE', *, *, #237, .T. ) ;
#3285 = ORIENTED_EDGE ( 'NONE', *, *, #1212, .F. ) ;
#3286 = VERTEX_POINT ( 'NONE', #4335 ) ;
#3287 = CARTESIAN_POINT ( 'NONE',  ( -68.84999999999995168, -161.0499999999999829, -16.20000000000006324 ) ) ;
#3288 = STYLED_ITEM ( 'NONE', ( #2018 ), #2480 ) ;
#3289 = DIRECTION ( 'NONE',  ( 1.000000000000000000, 0.000000000000000000, 0.000000000000000000 ) ) ;
#3290 = MECHANICAL_DESIGN_GEOMETRIC_PRESENTATION_REPRESENTATION (  '', ( #3553 ), #727 ) ;
#3291 = VERTEX_POINT ( 'NONE', #1297 ) ;
#3292 = PRESENTATION_STYLE_ASSIGNMENT (( #1601 ) ) ;
#3293 =( NAMED_UNIT ( * ) PLANE_ANGLE_UNIT ( ) SI_UNIT ( $, .RADIAN. ) );
#3294 = CARTESIAN_POINT ( 'NONE',  ( -56.87999999999999545, -176.4300000000000068, 12.39671406022404199 ) ) ;
#3295 = PLANE ( 'NONE',  #753 ) ;
#3296 = PRESENTATION_LAYER_ASSIGNMENT (  '', '', ( #3194 ) ) ;
#3297 = EDGE_CURVE ( 'NONE', #2754, #282, #2556, .T. ) ;
#3298 = EDGE_CURVE ( 'NONE', #2220, #5322, #2956, .T. ) ;
#3299 = DIRECTION ( 'NONE',  ( 1.000000000000000000, 0.000000000000000000, 0.000000000000000000 ) ) ;
#3300 = VECTOR ( 'NONE', #5454, 1000.000000000000000 ) ;
#3301 =( LENGTH_UNIT ( ) NAMED_UNIT ( * ) SI_UNIT ( .MILLI., .METRE. ) );
#3302 = SURFACE_SIDE_STYLE ('',( #1614 ) ) ;
#3303 = DIRECTION ( 'NONE',  ( 0.000000000000000000, -1.000000000000000000, 0.000000000000000000 ) ) ;
#3304 = CARTESIAN_POINT ( 'NONE',  ( 23.50427119293229694, -221.5000000000000000, 23.80000000000000071 ) ) ;
#3305 = CARTESIAN_POINT ( 'NONE',  ( -13.85000000000000497, -233.5000000000000000, 13.70000000000000817 ) ) ;
#3306 = ADVANCED_FACE ( 'NONE', ( #1377, #2225 ), #5182, .F. ) ;
#3307 = SURFACE_STYLE_FILL_AREA ( #5402 ) ;
#3308 = LINE ( 'NONE', #4171, #175 ) ;
#3309 = EDGE_LOOP ( 'NONE', ( #1045, #870, #2425, #2617 ) ) ;
#3310 = PRESENTATION_LAYER_ASSIGNMENT (  '', '', ( #1974 ) ) ;
#3311 = CARTESIAN_POINT ( 'NONE',  ( -63.88000000000000966, -176.4300000000000068, 10.31091636418653046 ) ) ;
#3312 = FILL_AREA_STYLE ('',( #4110 ) ) ;
#3313 = CARTESIAN_POINT ( 'NONE',  ( 0.000000000000000000, 0.000000000000000000, 7.310916364186529570 ) ) ;
#3314 = FILL_AREA_STYLE ('',( #358 ) ) ;
#3315 = VECTOR ( 'NONE', #1221, 1000.000000000000000 ) ;
#3316 = COLOUR_RGB ( '',0.5999999999999999778, 0.1607843137254901800, 0.7529411764705882248 ) ;
#3317 = ORIENTED_EDGE ( 'NONE', *, *, #3186, .T. ) ;
#3318 = ORIENTED_EDGE ( 'NONE', *, *, #2681, .T. ) ;
#3319 = LINE ( 'NONE', #5013, #4093 ) ;
#3320 = ORIENTED_EDGE ( 'NONE', *, *, #1579, .F. ) ;
#3321 = ORIENTED_EDGE ( 'NONE', *, *, #1790, .T. ) ;
#3322 = VERTEX_POINT ( 'NONE', #1211 ) ;
#3323 = FACE_OUTER_BOUND ( 'NONE', #4183, .T. ) ;
#3324 = DIRECTION ( 'NONE',  ( -0.000000000000000000, -0.000000000000000000, 1.000000000000000000 ) ) ;
#3325 = MECHANICAL_DESIGN_GEOMETRIC_PRESENTATION_REPRESENTATION (  '', ( #763 ), #2611 ) ;
#3326 = ORIENTED_EDGE ( 'NONE', *, *, #2800, .F. ) ;
#3327 = SURFACE_STYLE_FILL_AREA ( #2049 ) ;
#3328 = CARTESIAN_POINT ( 'NONE',  ( -71.84999999999989484, -253.4999999999999432, -32.30000000000000426 ) ) ;
#3329 = CARTESIAN_POINT ( 'NONE',  ( -37.85000000000000142, -43.50000000000000000, -9.705526843085674726E-15 ) ) ;
#3330 = PRESENTATION_LAYER_ASSIGNMENT (  '', '', ( #236 ) ) ;
#3331 = CARTESIAN_POINT ( 'NONE',  ( -32.36969722017663287, -43.50000000000000000, 8.700000000000013500 ) ) ;
#3332 = AXIS2_PLACEMENT_3D ( 'NONE', #3463, #2595, #4684 ) ;
#3333 =( NAMED_UNIT ( * ) PLANE_ANGLE_UNIT ( ) SI_UNIT ( $, .RADIAN. ) );
#3334 = CARTESIAN_POINT ( 'NONE',  ( 44.14999999999990621, -53.50000000000000000, -1.193668243919732465E-14 ) ) ;
#3335 =( NAMED_UNIT ( * ) PLANE_ANGLE_UNIT ( ) SI_UNIT ( $, .RADIAN. ) );
#3336 = UNCERTAINTY_MEASURE_WITH_UNIT (LENGTH_MEASURE( 1.000000000000000082E-05 ), #4198, 'distance_accuracy_value', 'NONE');
#3337 = EDGE_CURVE ( 'NONE', #4495, #2809, #1708, .T. ) ;
#3338 = SURFACE_SIDE_STYLE ('',( #5461 ) ) ;
#3339 = STYLED_ITEM ( 'NONE', ( #1778 ), #506 ) ;
#3340 = UNCERTAINTY_MEASURE_WITH_UNIT (LENGTH_MEASURE( 1.000000000000000082E-05 ), #2097, 'distance_accuracy_value', 'NONE');
#3341 = SURFACE_STYLE_USAGE ( .BOTH. , #1615 ) ;
#3342 = LINE ( 'NONE', #3787, #2817 ) ;
#3343 = VERTEX_POINT ( 'NONE', #1326 ) ;
#3344 = SURFACE_SIDE_STYLE ('',( #5471 ) ) ;
#3345 = LINE ( 'NONE', #4558, #4037 ) ;
#3346 = EDGE_CURVE ( 'NONE', #3105, #3050, #917, .T. ) ;
#3347 = FACE_BOUND ( 'NONE', #2927, .T. ) ;
#3348 = MECHANICAL_DESIGN_GEOMETRIC_PRESENTATION_REPRESENTATION (  '', ( #784 ), #1834 ) ;
#3349 = DIRECTION ( 'NONE',  ( -0.000000000000000000, -0.000000000000000000, 1.000000000000000000 ) ) ;
#3350 = EDGE_LOOP ( 'NONE', ( #3766 ) ) ;
#3351 = VERTEX_POINT ( 'NONE', #94 ) ;
#3352 = ORIENTED_EDGE ( 'NONE', *, *, #2549, .F. ) ;
#3353 = PRESENTATION_LAYER_ASSIGNMENT (  '', '', ( #3525 ) ) ;
#3354 =( GEOMETRIC_REPRESENTATION_CONTEXT ( 3 ) GLOBAL_UNCERTAINTY_ASSIGNED_CONTEXT ( ( #2431 ) ) GLOBAL_UNIT_ASSIGNED_CONTEXT ( ( #5116, #1287, #3000 ) ) REPRESENTATION_CONTEXT ( 'NONE', 'WORKASPACE' ) );
#3355 = CARTESIAN_POINT ( 'NONE',  ( -26.36969722017663287, -50.49999999999998579, 16.10000000000000142 ) ) ;
#3356 = ADVANCED_FACE ( 'NONE', ( #4677, #891 ), #3879, .T. ) ;
#3357 = ORIENTED_EDGE ( 'NONE', *, *, #1611, .T. ) ;
#3358 = SURFACE_SIDE_STYLE ('',( #2906 ) ) ;
#3359 = DIRECTION ( 'NONE',  ( -1.000000000000000000, 0.000000000000000000, -0.000000000000000000 ) ) ;
#3360 = SURFACE_STYLE_USAGE ( .BOTH. , #817 ) ;
#3361 = LINE ( 'NONE', #1253, #3964 ) ;
#3362 = SURFACE_STYLE_USAGE ( .BOTH. , #1698 ) ;
#3363 = CARTESIAN_POINT ( 'NONE',  ( 4.669697220176641572, -43.50000000000000000, 89.41067811865477211 ) ) ;
#3364 = FILL_AREA_STYLE_COLOUR ( '', #2423 ) ;
#3365 = FILL_AREA_STYLE_COLOUR ( '', #1148 ) ;
#3366 = AXIS2_PLACEMENT_3D ( 'NONE', #4237, #449, #1203 ) ;
#3367 = PLANE ( 'NONE',  #1816 ) ;
#3368 = DIRECTION ( 'NONE',  ( 0.000000000000000000, -1.000000000000000000, 0.000000000000000000 ) ) ;
#3369 = VECTOR ( 'NONE', #2121, 1000.000000000000000 ) ;
#3370 = ORIENTED_EDGE ( 'NONE', *, *, #4117, .F. ) ;
#3371 = CARTESIAN_POINT ( 'NONE',  ( 17.90000000000000213, -121.2500000000000142, 6.700000000000008171 ) ) ;
#3372 = CARTESIAN_POINT ( 'NONE',  ( -35.34999999999999432, -67.99999999999997158, 3.450000000000008615 ) ) ;
#3373 = PRESENTATION_STYLE_ASSIGNMENT (( #1295 ) ) ;
#3374 = SURFACE_STYLE_FILL_AREA ( #2410 ) ;
#3375 =( NAMED_UNIT ( * ) SI_UNIT ( $, .STERADIAN. ) SOLID_ANGLE_UNIT ( ) );
#3376 = EDGE_CURVE ( 'NONE', #3767, #3767, #4539, .T. ) ;
#3377 = VERTEX_POINT ( 'NONE', #4880 ) ;
#3378 = COLOUR_RGB ( '',0.5999999999999999778, 0.1607843137254901800, 0.7529411764705882248 ) ;
#3379 = ORIENTED_EDGE ( 'NONE', *, *, #3573, .F. ) ;
#3380 = ORIENTED_EDGE ( 'NONE', *, *, #108, .F. ) ;
#3381 = VERTEX_POINT ( 'NONE', #362 ) ;
#3382 =( GEOMETRIC_REPRESENTATION_CONTEXT ( 3 ) GLOBAL_UNCERTAINTY_ASSIGNED_CONTEXT ( ( #4228 ) ) GLOBAL_UNIT_ASSIGNED_CONTEXT ( ( #2994, #2111, #3039 ) ) REPRESENTATION_CONTEXT ( 'NONE', 'WORKASPACE' ) );
#3383 = CARTESIAN_POINT ( 'NONE',  ( -32.36969722017663287, -43.50000000000000000, 8.700000000000008171 ) ) ;
#3384 = EDGE_CURVE ( 'NONE', #100, #5014, #2297, .T. ) ;
#3385 = ORIENTED_EDGE ( 'NONE', *, *, #2151, .F. ) ;
#3386 = PRESENTATION_LAYER_ASSIGNMENT (  '', '', ( #2579 ) ) ;
#3387 = SURFACE_STYLE_FILL_AREA ( #1693 ) ;
#3388 =( NAMED_UNIT ( * ) PLANE_ANGLE_UNIT ( ) SI_UNIT ( $, .RADIAN. ) );
#3389 = FILL_AREA_STYLE ('',( #3806 ) ) ;
#3390 = CARTESIAN_POINT ( 'NONE',  ( 41.14999999999989200, -176.4300000000000068, 3.700000000000030376 ) ) ;
#3391 = LINE ( 'NONE', #762, #1283 ) ;
#3392 = DIRECTION ( 'NONE',  ( -1.000000000000000000, -0.000000000000000000, -0.000000000000000000 ) ) ;
#3393 = VECTOR ( 'NONE', #5398, 1000.000000000000000 ) ;
#3394 = FILL_AREA_STYLE ('',( #4168 ) ) ;
#3395 = FILL_AREA_STYLE_COLOUR ( '', #3378 ) ;
#3396 = SURFACE_SIDE_STYLE ('',( #4820 ) ) ;
#3397 = DIRECTION ( 'NONE',  ( -1.000000000000000000, 1.442373091798715516E-16, 0.000000000000000000 ) ) ;
#3398 = ORIENTED_EDGE ( 'NONE', *, *, #695, .T. ) ;
#3399 = DIRECTION ( 'NONE',  ( -1.000000000000000000, 0.000000000000000000, 0.000000000000000000 ) ) ;
#3400 =( NAMED_UNIT ( * ) PLANE_ANGLE_UNIT ( ) SI_UNIT ( $, .RADIAN. ) );
#3401 = VECTOR ( 'NONE', #3431, 1000.000000000000114 ) ;
#3402 = CARTESIAN_POINT ( 'NONE',  ( 4.669697220176641572, -57.28503393662091980, 44.52840888222726790 ) ) ;
#3403 = DIRECTION ( 'NONE',  ( 0.000000000000000000, 0.000000000000000000, -1.000000000000000000 ) ) ;
#3404 = MECHANICAL_DESIGN_GEOMETRIC_PRESENTATION_REPRESENTATION (  '', ( #5086 ), #3860 ) ;
#3405 = AXIS2_PLACEMENT_3D ( 'NONE', #2855, #4194, #2943 ) ;
#3406 = ORIENTED_EDGE ( 'NONE', *, *, #3028, .T. ) ;
#3407 = VECTOR ( 'NONE', #2884, 1000.000000000000000 ) ;
#3408 = ORIENTED_EDGE ( 'NONE', *, *, #3600, .T. ) ;
#3409 = VERTEX_POINT ( 'NONE', #4804 ) ;
#3410 = VECTOR ( 'NONE', #205, 1000.000000000000000 ) ;
#3411 = EDGE_CURVE ( 'NONE', #2017, #2017, #5181, .T. ) ;
#3412 = MECHANICAL_DESIGN_GEOMETRIC_PRESENTATION_REPRESENTATION (  '', ( #3651 ), #941 ) ;
#3413 = ORIENTED_EDGE ( 'NONE', *, *, #4929, .T. ) ;
#3414 = STYLED_ITEM ( 'NONE', ( #1462 ), #4664 ) ;
#3415 = MECHANICAL_DESIGN_GEOMETRIC_PRESENTATION_REPRESENTATION (  '', ( #2972 ), #4823 ) ;
#3416 =( LENGTH_UNIT ( ) NAMED_UNIT ( * ) SI_UNIT ( .MILLI., .METRE. ) );
#3417 = SURFACE_STYLE_FILL_AREA ( #1696 ) ;
#3418 = SURFACE_SIDE_STYLE ('',( #903 ) ) ;
#3419 = EDGE_CURVE ( 'NONE', #3882, #4432, #2352, .T. ) ;
#3420 = LINE ( 'NONE', #3807, #3599 ) ;
#3421 = FILL_AREA_STYLE ('',( #4717 ) ) ;
#3422 = DIRECTION ( 'NONE',  ( -0.000000000000000000, -0.000000000000000000, -1.000000000000000000 ) ) ;
#3423 = ORIENTED_EDGE ( 'NONE', *, *, #4446, .F. ) ;
#3424 = FACE_OUTER_BOUND ( 'NONE', #3673, .T. ) ;
#3425 = CARTESIAN_POINT ( 'NONE',  ( -56.88000000000000256, -57.28503393662091980, 12.39671406022402955 ) ) ;
#3426 = DIRECTION ( 'NONE',  ( -1.000000000000000000, 0.000000000000000000, 0.000000000000000000 ) ) ;
#3427 = ORIENTED_EDGE ( 'NONE', *, *, #1094, .T. ) ;
#3428 = LINE ( 'NONE', #110, #3631 ) ;
#3429 = LINE ( 'NONE', #2638, #3922 ) ;
#3430 = SURFACE_SIDE_STYLE ('',( #3481 ) ) ;
#3431 = DIRECTION ( 'NONE',  ( -0.000000000000000000, 0.6289601696450998203, 0.7774375248211313760 ) ) ;
#3432 = PLANE ( 'NONE',  #5365 ) ;
#3433 = VECTOR ( 'NONE', #816, 1000.000000000000114 ) ;
#3434 = ORIENTED_EDGE ( 'NONE', *, *, #627, .F. ) ;
#3435 = EDGE_LOOP ( 'NONE', ( #840, #4734, #453, #2562 ) ) ;
#3436 = ORIENTED_EDGE ( 'NONE', *, *, #3573, .T. ) ;
#3437 = VERTEX_POINT ( 'NONE', #2693 ) ;
#3438 = COLOUR_RGB ( '',0.5999999999999999778, 0.1607843137254901800, 0.7529411764705882248 ) ;
#3439 = CIRCLE ( 'NONE', #2541, 2.600000000000001421 ) ;
#3440 = ORIENTED_EDGE ( 'NONE', *, *, #5108, .F. ) ;
#3441 = ADVANCED_FACE ( 'NONE', ( #4385, #640 ), #1838, .F. ) ;
#3442 = ORIENTED_EDGE ( 'NONE', *, *, #2280, .F. ) ;
#3443 = CARTESIAN_POINT ( 'NONE',  ( -68.84999999999992326, -249.7149660633790802, -32.30000000000000426 ) ) ;
#3444 = SURFACE_STYLE_USAGE ( .BOTH. , #80 ) ;
#3445 =( NAMED_UNIT ( * ) SI_UNIT ( $, .STERADIAN. ) SOLID_ANGLE_UNIT ( ) );
#3446 = DIRECTION ( 'NONE',  ( -1.000000000000000000, 0.000000000000000000, 0.000000000000000000 ) ) ;
#3447 = EDGE_CURVE ( 'NONE', #832, #5067, #5231, .T. ) ;
#3448 = VECTOR ( 'NONE', #798, 1000.000000000000000 ) ;
#3449 = CARTESIAN_POINT ( 'NONE',  ( -3.296898823753065422, -112.2500000000000142, 6.700000000000008171 ) ) ;
#3450 =( NAMED_UNIT ( * ) PLANE_ANGLE_UNIT ( ) SI_UNIT ( $, .RADIAN. ) );
#3451 = FACE_OUTER_BOUND ( 'NONE', #3109, .T. ) ;
#3452 =( NAMED_UNIT ( * ) SI_UNIT ( $, .STERADIAN. ) SOLID_ANGLE_UNIT ( ) );
#3453 = EDGE_CURVE ( 'NONE', #2387, #5127, #620, .T. ) ;
#3454 = CARTESIAN_POINT ( 'NONE',  ( 36.17999999999994287, -57.28503393662091980, 7.310916364186606842 ) ) ;
#3455 = SURFACE_SIDE_STYLE ('',( #1759 ) ) ;
#3456 = PLANE ( 'NONE',  #3792 ) ;
#3457 = DIRECTION ( 'NONE',  ( -1.442373091798715516E-16, -1.000000000000000000, 0.000000000000000000 ) ) ;
#3458 = SURFACE_SIDE_STYLE ('',( #3055 ) ) ;
#3459 = PRESENTATION_LAYER_ASSIGNMENT (  '', '', ( #4415 ) ) ;
#3460 =( LENGTH_UNIT ( ) NAMED_UNIT ( * ) SI_UNIT ( .MILLI., .METRE. ) );
#3461 = ORIENTED_EDGE ( 'NONE', *, *, #5416, .F. ) ;
#3462 = VERTEX_POINT ( 'NONE', #2375 ) ;
#3463 = CARTESIAN_POINT ( 'NONE',  ( 0.000000000000000000, 0.000000000000000000, 0.000000000000000000 ) ) ;
#3464 = VECTOR ( 'NONE', #4392, 1000.000000000000000 ) ;
#3465 = VECTOR ( 'NONE', #2294, 1000.000000000000000 ) ;
#3466 = ORIENTED_EDGE ( 'NONE', *, *, #5378, .T. ) ;
#3467 = EDGE_CURVE ( 'NONE', #1156, #3852, #3626, .T. ) ;
#3468 = ORIENTED_EDGE ( 'NONE', *, *, #2400, .F. ) ;
#3469 = COLOUR_RGB ( '',0.5999999999999999778, 0.1607843137254901800, 0.7529411764705882248 ) ;
#3470 = LINE ( 'NONE', #1828, #1316 ) ;
#3471 = PRESENTATION_STYLE_ASSIGNMENT (( #3070 ) ) ;
#3472 = CARTESIAN_POINT ( 'NONE',  ( -13.85000000000000497, -233.5000000000000000, 23.80000000000000071 ) ) ;
#3473 = FILL_AREA_STYLE ('',( #1779 ) ) ;
#3474 = VECTOR ( 'NONE', #3954, 1000.000000000000000 ) ;
#3475 = EDGE_CURVE ( 'NONE', #3409, #3286, #5368, .T. ) ;
#3476 = LINE ( 'NONE', #5146, #2871 ) ;
#3477 = VECTOR ( 'NONE', #687, 1000.000000000000000 ) ;
#3478 = ORIENTED_EDGE ( 'NONE', *, *, #1319, .T. ) ;
#3479 = DIRECTION ( 'NONE',  ( -3.079163037012304564E-16, 1.000000000000000000, 3.023101941383305268E-16 ) ) ;
#3480 = DIRECTION ( 'NONE',  ( -0.8090169943749510040, -6.162975822039154046E-33, -0.5877852522924682521 ) ) ;
#3481 = SURFACE_STYLE_FILL_AREA ( #112 ) ;
#3482 = EDGE_CURVE ( 'NONE', #2388, #480, #1372, .T. ) ;
#3483 = VECTOR ( 'NONE', #2223, 1000.000000000000000 ) ;
#3484 = ORIENTED_EDGE ( 'NONE', *, *, #1611, .F. ) ;
#3485 = COLOUR_RGB ( '',0.5999999999999999778, 0.1607843137254901800, 0.7529411764705882248 ) ;
#3486 = ORIENTED_EDGE ( 'NONE', *, *, #4963, .F. ) ;
#3487 = VERTEX_POINT ( 'NONE', #2834 ) ;
#3488 = VERTEX_POINT ( 'NONE', #4075 ) ;
#3489 = DIRECTION ( 'NONE',  ( 0.000000000000000000, 1.000000000000000000, 0.000000000000000000 ) ) ;
#3490 = MECHANICAL_DESIGN_GEOMETRIC_PRESENTATION_REPRESENTATION (  '', ( #1725 ), #3040 ) ;
#3491 = SURFACE_SIDE_STYLE ('',( #2263 ) ) ;
#3492 = CIRCLE ( 'NONE', #217, 2.549999999999996714 ) ;
#3493 = AXIS2_PLACEMENT_3D ( 'NONE', #4465, #3587, #1865 ) ;
#3494 =( GEOMETRIC_REPRESENTATION_CONTEXT ( 3 ) GLOBAL_UNCERTAINTY_ASSIGNED_CONTEXT ( ( #4774 ) ) GLOBAL_UNIT_ASSIGNED_CONTEXT ( ( #3097, #2243, #3527 ) ) REPRESENTATION_CONTEXT ( 'NONE', 'WORKASPACE' ) );
#3495 =( LENGTH_UNIT ( ) NAMED_UNIT ( * ) SI_UNIT ( .MILLI., .METRE. ) );
#3496 =( NAMED_UNIT ( * ) SI_UNIT ( $, .STERADIAN. ) SOLID_ANGLE_UNIT ( ) );
#3497 = DIRECTION ( 'NONE',  ( -0.000000000000000000, -0.6289601696451018187, 0.7774375248211295997 ) ) ;
#3498 = LINE ( 'NONE', #536, #1819 ) ;
#3499 = AXIS2_PLACEMENT_3D ( 'NONE', #4130, #1673, #2912 ) ;
#3500 = CARTESIAN_POINT ( 'NONE',  ( 83.15000000000010516, -158.4999999999999716, -1.200000000000063904 ) ) ;
#3501 = AXIS2_PLACEMENT_3D ( 'NONE', #3305, #2465, #4199 ) ;
#3502 = UNCERTAINTY_MEASURE_WITH_UNIT (LENGTH_MEASURE( 1.000000000000000082E-05 ), #3090, 'distance_accuracy_value', 'NONE');
#3503 = ORIENTED_EDGE ( 'NONE', *, *, #5115, .T. ) ;
#3504 = ADVANCED_FACE ( 'NONE', ( #4518 ), #730, .F. ) ;
#3505 = LINE ( 'NONE', #4780, #208 ) ;
#3506 =( LENGTH_UNIT ( ) NAMED_UNIT ( * ) SI_UNIT ( .MILLI., .METRE. ) );
#3507 = DIRECTION ( 'NONE',  ( 0.000000000000000000, -9.011550524554843201E-17, 1.000000000000000000 ) ) ;
#3508 = DIRECTION ( 'NONE',  ( 0.000000000000000000, -0.000000000000000000, 1.000000000000000000 ) ) ;
#3509 = COLOUR_RGB ( '',0.5999999999999999778, 0.1607843137254901800, 0.7529411764705882248 ) ;
#3510 = ORIENTED_EDGE ( 'NONE', *, *, #5233, .T. ) ;
#3511 = EDGE_CURVE ( 'NONE', #5448, #4917, #1578, .T. ) ;
#3512 = VERTEX_POINT ( 'NONE', #1169 ) ;
#3513 = COLOUR_RGB ( '',0.5999999999999999778, 0.1607843137254901800, 0.7529411764705882248 ) ;
#3514 = EDGE_LOOP ( 'NONE', ( #3398 ) ) ;
#3515 = EDGE_CURVE ( 'NONE', #3377, #2387, #2346, .T. ) ;
#3516 = STYLED_ITEM ( 'NONE', ( #5075 ), #768 ) ;
#3517 =( NAMED_UNIT ( * ) PLANE_ANGLE_UNIT ( ) SI_UNIT ( $, .RADIAN. ) );
#3518 = PRESENTATION_STYLE_ASSIGNMENT (( #1849 ) ) ;
#3519 = CARTESIAN_POINT ( 'NONE',  ( 44.14999999999990621, -53.50000000000000000, -32.30000000000000426 ) ) ;
#3520 = AXIS2_PLACEMENT_3D ( 'NONE', #3833, #4163, #3299 ) ;
#3521 =( LENGTH_UNIT ( ) NAMED_UNIT ( * ) SI_UNIT ( .MILLI., .METRE. ) );
#3522 = FILL_AREA_STYLE ('',( #1800 ) ) ;
#3523 = PRESENTATION_STYLE_ASSIGNMENT (( #5141 ) ) ;
#3524 = CARTESIAN_POINT ( 'NONE',  ( -48.20427119293207596, 6.952854367845319687E-15, 18.70000000000000995 ) ) ;
#3525 = STYLED_ITEM ( 'NONE', ( #1391 ), #1380 ) ;
#3526 = DIRECTION ( 'NONE',  ( -0.000000000000000000, -0.000000000000000000, 1.000000000000000000 ) ) ;
#3527 =( NAMED_UNIT ( * ) SI_UNIT ( $, .STERADIAN. ) SOLID_ANGLE_UNIT ( ) );
#3528 = ORIENTED_EDGE ( 'NONE', *, *, #1680, .F. ) ;
#3529 = COLOUR_RGB ( '',0.5999999999999999778, 0.1607843137254901800, 0.7529411764705882248 ) ;
#3530 = DIRECTION ( 'NONE',  ( 0.000000000000000000, 0.000000000000000000, 1.000000000000000000 ) ) ;
#3531 = FILL_AREA_STYLE_COLOUR ( '', #2170 ) ;
#3532 = CARTESIAN_POINT ( 'NONE',  ( -63.88000000000000966, -183.4300000000000068, 10.31091636418653046 ) ) ;
#3533 = ORIENTED_EDGE ( 'NONE', *, *, #4899, .F. ) ;
#3534 = ORIENTED_EDGE ( 'NONE', *, *, #2123, .T. ) ;
#3535 = DIRECTION ( 'NONE',  ( 1.000000000000000000, 0.000000000000000000, 0.000000000000000000 ) ) ;
#3536 = EDGE_CURVE ( 'NONE', #1867, #963, #4099, .T. ) ;
#3537 = ORIENTED_EDGE ( 'NONE', *, *, #4314, .T. ) ;
#3538 = CARTESIAN_POINT ( 'NONE',  ( -1.330302779823358872, -43.50000000000000000, 16.10000000000000142 ) ) ;
#3539 = PLANE ( 'NONE',  #3826 ) ;
#3540 = EDGE_CURVE ( 'NONE', #958, #5235, #4451, .T. ) ;
#3541 = SURFACE_SIDE_STYLE ('',( #4743 ) ) ;
#3542 = AXIS2_PLACEMENT_3D ( 'NONE', #3043, #1289, #1755 ) ;
#3543 = SURFACE_STYLE_USAGE ( .BOTH. , #2269 ) ;
#3544 = DIRECTION ( 'NONE',  ( 0.000000000000000000, 0.000000000000000000, 1.000000000000000000 ) ) ;
#3545 = UNCERTAINTY_MEASURE_WITH_UNIT (LENGTH_MEASURE( 1.000000000000000082E-05 ), #3301, 'distance_accuracy_value', 'NONE');
#3546 = ORIENTED_EDGE ( 'NONE', *, *, #340, .F. ) ;
#3547 = DIRECTION ( 'NONE',  ( 0.000000000000000000, 1.000000000000000000, 0.000000000000000000 ) ) ;
#3548 = VECTOR ( 'NONE', #210, 1000.000000000000000 ) ;
#3549 = PLANE ( 'NONE',  #4004 ) ;
#3550 = DIRECTION ( 'NONE',  ( -2.891205793294678326E-16, 0.000000000000000000, -1.000000000000000000 ) ) ;
#3551 = SURFACE_STYLE_FILL_AREA ( #1857 ) ;
#3552 = FACE_BOUND ( 'NONE', #4337, .T. ) ;
#3553 = STYLED_ITEM ( 'NONE', ( #5384 ), #2743 ) ;
#3554 = DIRECTION ( 'NONE',  ( 0.000000000000000000, -1.000000000000000000, 0.000000000000000000 ) ) ;
#3555 = DIRECTION ( 'NONE',  ( -0.000000000000000000, -0.000000000000000000, 1.000000000000000000 ) ) ;
#3556 = DIRECTION ( 'NONE',  ( -0.000000000000000000, -0.000000000000000000, -1.000000000000000000 ) ) ;
#3557 = VECTOR ( 'NONE', #4689, 1000.000000000000000 ) ;
#3558 = SURFACE_SIDE_STYLE ('',( #1503 ) ) ;
#3559 = PRESENTATION_LAYER_ASSIGNMENT (  '', '', ( #1964 ) ) ;
#3560 = ORIENTED_EDGE ( 'NONE', *, *, #942, .F. ) ;
#3561 = ORIENTED_EDGE ( 'NONE', *, *, #3475, .T. ) ;
#3562 = ADVANCED_FACE ( 'NONE', ( #3240 ), #3295, .T. ) ;
#3563 = SURFACE_STYLE_FILL_AREA ( #2706 ) ;
#3564 = CARTESIAN_POINT ( 'NONE',  ( 7.650000000000016342, -117.5000000000000142, 6.700000000000008171 ) ) ;
#3565 = VECTOR ( 'NONE', #1275, 1000.000000000000000 ) ;
#3566 = SURFACE_STYLE_USAGE ( .BOTH. , #3145 ) ;
#3567 = MECHANICAL_DESIGN_GEOMETRIC_PRESENTATION_REPRESENTATION (  '', ( #3938 ), #405 ) ;
#3568 = EDGE_CURVE ( 'NONE', #2102, #1185, #4512, .T. ) ;
#3569 = SURFACE_STYLE_FILL_AREA ( #2762 ) ;
#3570 = EDGE_CURVE ( 'NONE', #2181, #785, #1188, .T. ) ;
#3571 = PRESENTATION_LAYER_ASSIGNMENT (  '', '', ( #1725 ) ) ;
#3572 = PRESENTATION_LAYER_ASSIGNMENT (  '', '', ( #2776 ) ) ;
#3573 = EDGE_CURVE ( 'NONE', #841, #841, #2077, .T. ) ;
#3574 = PRESENTATION_LAYER_ASSIGNMENT (  '', '', ( #69 ) ) ;
#3575 = CARTESIAN_POINT ( 'NONE',  ( 29.18000000000000327, -224.8125542170777464, 12.39671406022399580 ) ) ;
#3576 = CARTESIAN_POINT ( 'NONE',  ( -35.34999999999998010, -117.5000000000000142, 6.700000000000008171 ) ) ;
#3577 = DIRECTION ( 'NONE',  ( 1.000000000000000000, 0.000000000000000000, 0.000000000000000000 ) ) ;
#3578 = SURFACE_SIDE_STYLE ('',( #266 ) ) ;
#3579 = AXIS2_PLACEMENT_3D ( 'NONE', #4783, #1738, #1839 ) ;
#3580 = LINE ( 'NONE', #3609, #2164 ) ;
#3581 = CARTESIAN_POINT ( 'NONE',  ( -48.20427119293208307, -221.5000000000000284, 18.70000000000003126 ) ) ;
#3582 = CARTESIAN_POINT ( 'NONE',  ( -56.88000000000001677, -221.5000000000000284, 12.39671406022404021 ) ) ;
#3583 = ORIENTED_EDGE ( 'NONE', *, *, #3717, .F. ) ;
#3584 = ORIENTED_EDGE ( 'NONE', *, *, #5427, .F. ) ;
#3585 = FILL_AREA_STYLE_COLOUR ( '', #3529 ) ;
#3586 = VECTOR ( 'NONE', #4990, 1000.000000000000000 ) ;
#3587 = DIRECTION ( 'NONE',  ( 0.000000000000000000, -1.000000000000000000, 0.000000000000000000 ) ) ;
#3588 =( LENGTH_UNIT ( ) NAMED_UNIT ( * ) SI_UNIT ( .MILLI., .METRE. ) );
#3589 = VECTOR ( 'NONE', #530, 1000.000000000000000 ) ;
#3590 = VERTEX_POINT ( 'NONE', #4876 ) ;
#3591 = ORIENTED_EDGE ( 'NONE', *, *, #987, .T. ) ;
#3592 = DIRECTION ( 'NONE',  ( -1.000000000000000000, 0.000000000000000000, 0.000000000000000000 ) ) ;
#3593 =( GEOMETRIC_REPRESENTATION_CONTEXT ( 3 ) GLOBAL_UNCERTAINTY_ASSIGNED_CONTEXT ( ( #2767 ) ) GLOBAL_UNIT_ASSIGNED_CONTEXT ( ( #880, #1806, #4227 ) ) REPRESENTATION_CONTEXT ( 'NONE', 'WORKASPACE' ) );
#3594 = LINE ( 'NONE', #2337, #37 ) ;
#3595 = COLOUR_RGB ( '',0.5999999999999999778, 0.1607843137254901800, 0.7529411764705882248 ) ;
#3596 = DIRECTION ( 'NONE',  ( -0.8621037223969749697, -0.5067318539713873138, -0.000000000000000000 ) ) ;
#3597 = FACE_OUTER_BOUND ( 'NONE', #1501, .T. ) ;
#3598 = SURFACE_STYLE_FILL_AREA ( #4905 ) ;
#3599 = VECTOR ( 'NONE', #464, 1000.000000000000000 ) ;
#3600 = EDGE_CURVE ( 'NONE', #1156, #2477, #2094, .T. ) ;
#3601 = UNCERTAINTY_MEASURE_WITH_UNIT (LENGTH_MEASURE( 1.000000000000000082E-05 ), #1041, 'distance_accuracy_value', 'NONE');
#3602 = PRESENTATION_LAYER_ASSIGNMENT (  '', '', ( #522 ) ) ;
#3603 = CARTESIAN_POINT ( 'NONE',  ( -32.36969722017663287, -43.50000000000000000, -32.30000000000000426 ) ) ;
#3604 = SURFACE_SIDE_STYLE ('',( #4803 ) ) ;
#3605 = DIRECTION ( 'NONE',  ( 1.000000000000000000, 0.000000000000000000, 0.000000000000000000 ) ) ;
#3606 = DIRECTION ( 'NONE',  ( -1.000000000000000000, 0.000000000000000000, 0.000000000000000000 ) ) ;
#3607 = ADVANCED_FACE ( 'NONE', ( #2403 ), #2119, .F. ) ;
#3608 = UNCERTAINTY_MEASURE_WITH_UNIT (LENGTH_MEASURE( 1.000000000000000082E-05 ), #4847, 'distance_accuracy_value', 'NONE');
#3609 = CARTESIAN_POINT ( 'NONE',  ( -41.85000000000000142, -61.50000000000000000, 6.700000000000008171 ) ) ;
#3610 = LINE ( 'NONE', #3532, #3548 ) ;
#3611 = ORIENTED_EDGE ( 'NONE', *, *, #1282, .T. ) ;
#3612 = CARTESIAN_POINT ( 'NONE',  ( -23.85000000000000142, -121.2500000000000142, 15.45000000000000817 ) ) ;
#3613 = PRESENTATION_STYLE_ASSIGNMENT (( #2258 ) ) ;
#3614 = DIRECTION ( 'NONE',  ( -1.000000000000000000, 0.000000000000000000, 0.000000000000000000 ) ) ;
#3615 = EDGE_LOOP ( 'NONE', ( #4724 ) ) ;
#3616 = EDGE_LOOP ( 'NONE', ( #3461 ) ) ;
#3617 = DIRECTION ( 'NONE',  ( -0.000000000000000000, -1.000000000000000000, -0.000000000000000000 ) ) ;
#3618 = CARTESIAN_POINT ( 'NONE',  ( 7.650000000000016342, -111.0000000000000000, 6.700000000000008171 ) ) ;
#3619 =( NAMED_UNIT ( * ) SI_UNIT ( $, .STERADIAN. ) SOLID_ANGLE_UNIT ( ) );
#3620 = PRESENTATION_STYLE_ASSIGNMENT (( #1959 ) ) ;
#3621 = CARTESIAN_POINT ( 'NONE',  ( 32.05085423858646010, -171.4299999999999216, 10.31091636418653046 ) ) ;
#3622 = DIRECTION ( 'NONE',  ( -1.000000000000000000, 0.000000000000000000, -0.000000000000000000 ) ) ;
#3623 = CARTESIAN_POINT ( 'NONE',  ( 32.05085423858645299, -226.5000000000001421, 10.31091636418653046 ) ) ;
#3624 = EDGE_CURVE ( 'NONE', #1953, #3105, #1703, .T. ) ;
#3625 = DIRECTION ( 'NONE',  ( -1.239088197126290570E-16, 1.000000000000000000, -0.000000000000000000 ) ) ;
#3626 = LINE ( 'NONE', #3652, #5456 ) ;
#3627 = COLOUR_RGB ( '',0.5999999999999999778, 0.1607843137254901800, 0.7529411764705882248 ) ;
#3628 = CARTESIAN_POINT ( 'NONE',  ( -71.84999999999989484, -253.4999999999999432, -32.30000000000000426 ) ) ;
#3629 = CARTESIAN_POINT ( 'NONE',  ( 4.669697220176630914, -256.5000000000000000, 8.700000000000008171 ) ) ;
#3630 = VERTEX_POINT ( 'NONE', #4134 ) ;
#3631 = VECTOR ( 'NONE', #4331, 1000.000000000000000 ) ;
#3632 = CARTESIAN_POINT ( 'NONE',  ( -21.34999999999997655, -121.2500000000000142, 6.700000000000008171 ) ) ;
#3633 = DIRECTION ( 'NONE',  ( -0.000000000000000000, -0.000000000000000000, -1.000000000000000000 ) ) ;
#3634 = EDGE_CURVE ( 'NONE', #3322, #3322, #3492, .T. ) ;
#3635 = PRESENTATION_LAYER_ASSIGNMENT (  '', '', ( #3553 ) ) ;
#3636 = CARTESIAN_POINT ( 'NONE',  ( 10.15000000000000568, -53.50000000000000711, -32.30000000000000426 ) ) ;
#3637 = ORIENTED_EDGE ( 'NONE', *, *, #47, .T. ) ;
#3638 = AXIS2_PLACEMENT_3D ( 'NONE', #3500, #107, #5202 ) ;
#3639 = EDGE_LOOP ( 'NONE', ( #1044, #5161, #90, #807, #2779 ) ) ;
#3640 = VERTEX_POINT ( 'NONE', #1647 ) ;
#3641 = DIRECTION ( 'NONE',  ( 1.000000000000000000, -0.000000000000000000, -0.000000000000000000 ) ) ;
#3642 = FILL_AREA_STYLE ('',( #1161 ) ) ;
#3643 = COLOUR_RGB ( '',0.5999999999999999778, 0.1607843137254901800, 0.7529411764705882248 ) ;
#3644 =( NAMED_UNIT ( * ) PLANE_ANGLE_UNIT ( ) SI_UNIT ( $, .RADIAN. ) );
#3645 = CARTESIAN_POINT ( 'NONE',  ( -37.85000000000000142, -263.5000000000000000, 23.80000000000000071 ) ) ;
#3646 = DIRECTION ( 'NONE',  ( 1.000000000000000000, 0.000000000000000000, 0.000000000000000000 ) ) ;
#3647 = CARTESIAN_POINT ( 'NONE',  ( -51.20427119293231044, -176.4300000000000068, 23.79999999999999005 ) ) ;
#3648 = PLANE ( 'NONE',  #3061 ) ;
#3649 = FILL_AREA_STYLE ('',( #3129 ) ) ;
#3650 = LINE ( 'NONE', #3243, #1172 ) ;
#3651 = STYLED_ITEM ( 'NONE', ( #1940 ), #3929 ) ;
#3652 = CARTESIAN_POINT ( 'NONE',  ( -63.88000000000000966, -221.5000000000000000, 10.31091636418653046 ) ) ;
#3653 = CARTESIAN_POINT ( 'NONE',  ( -37.85000000000000142, -263.5000000000000000, 23.80000000000000071 ) ) ;
#3654 = UNCERTAINTY_MEASURE_WITH_UNIT (LENGTH_MEASURE( 1.000000000000000082E-05 ), #2264, 'distance_accuracy_value', 'NONE');
#3655 =( GEOMETRIC_REPRESENTATION_CONTEXT ( 3 ) GLOBAL_UNCERTAINTY_ASSIGNED_CONTEXT ( ( #3048 ) ) GLOBAL_UNIT_ASSIGNED_CONTEXT ( ( #1246, #5391, #5265 ) ) REPRESENTATION_CONTEXT ( 'NONE', 'WORKASPACE' ) );
#3656 = EDGE_CURVE ( 'NONE', #71, #3930, #353, .T. ) ;
#3657 = STYLED_ITEM ( 'NONE', ( #4421 ), #4010 ) ;
#3658 = SURFACE_STYLE_FILL_AREA ( #2404 ) ;
#3659 = CARTESIAN_POINT ( 'NONE',  ( -71.84999999999989484, -53.50000000000000000, -1.193668243919732465E-14 ) ) ;
#3660 = ORIENTED_EDGE ( 'NONE', *, *, #5421, .F. ) ;
#3661 = LINE ( 'NONE', #2499, #3190 ) ;
#3662 = ORIENTED_EDGE ( 'NONE', *, *, #3447, .F. ) ;
#3663 = DIRECTION ( 'NONE',  ( 0.000000000000000000, -2.231155596111649629E-16, 1.000000000000000000 ) ) ;
#3664 = SURFACE_SIDE_STYLE ('',( #4980 ) ) ;
#3665 = MANIFOLD_SOLID_BREP ( 'Cut-Extrude53', #1242 ) ;
#3666 = PRESENTATION_STYLE_ASSIGNMENT (( #301 ) ) ;
#3667 = CARTESIAN_POINT ( 'NONE',  ( -72.57298004670839475, -249.7149660633790802, 0.9950966651509920435 ) ) ;
#3668 = EDGE_CURVE ( 'NONE', #1160, #1160, #1721, .T. ) ;
#3669 = EDGE_CURVE ( 'NONE', #5435, #3932, #5031, .T. ) ;
#3670 = ORIENTED_EDGE ( 'NONE', *, *, #3921, .T. ) ;
#3671 = VECTOR ( 'NONE', #1247, 1000.000000000000000 ) ;
#3672 = ORIENTED_EDGE ( 'NONE', *, *, #4046, .T. ) ;
#3673 = EDGE_LOOP ( 'NONE', ( #2231, #3125, #4058, #1158 ) ) ;
#3674 = CARTESIAN_POINT ( 'NONE',  ( -8.850000000000003197, -233.5000000000000000, 23.80000000000000071 ) ) ;
#3675 = CARTESIAN_POINT ( 'NONE',  ( -13.85000000000000497, -73.50000000000000000, 1.700000000000007949 ) ) ;
#3676 = SURFACE_STYLE_FILL_AREA ( #3642 ) ;
#3677 = AXIS2_PLACEMENT_3D ( 'NONE', #2209, #3167, #1070 ) ;
#3678 = LINE ( 'NONE', #1490, #5087 ) ;
#3679 = ADVANCED_FACE ( 'NONE', ( #2951, #4643 ), #4232, .T. ) ;
#3680 = SURFACE_STYLE_USAGE ( .BOTH. , #3234 ) ;
#3681 = ORIENTED_EDGE ( 'NONE', *, *, #3921, .F. ) ;
#3682 = SURFACE_SIDE_STYLE ('',( #3327 ) ) ;
#3683 = SURFACE_SIDE_STYLE ('',( #5420 ) ) ;
#3684 = PRESENTATION_STYLE_ASSIGNMENT (( #3200 ) ) ;
#3685 = LINE ( 'NONE', #4992, #545 ) ;
#3686 = VECTOR ( 'NONE', #4799, 999.9999999999998863 ) ;
#3687 = SURFACE_SIDE_STYLE ('',( #726 ) ) ;
#3688 = LINE ( 'NONE', #824, #3393 ) ;
#3689 = DIRECTION ( 'NONE',  ( 1.000000000000000000, -1.081779818849036513E-16, 0.000000000000000000 ) ) ;
#3690 = AXIS2_PLACEMENT_3D ( 'NONE', #3313, #4177, #2067 ) ;
#3691 = CARTESIAN_POINT ( 'NONE',  ( -63.88000000000000966, -221.5000000000000000, 10.31091636418653046 ) ) ;
#3692 = ORIENTED_EDGE ( 'NONE', *, *, #2452, .F. ) ;
#3693 =( NAMED_UNIT ( * ) PLANE_ANGLE_UNIT ( ) SI_UNIT ( $, .RADIAN. ) );
#3694 = DIRECTION ( 'NONE',  ( 0.000000000000000000, 0.000000000000000000, 1.000000000000000000 ) ) ;
#3695 = SURFACE_STYLE_FILL_AREA ( #2954 ) ;
#3696 = VECTOR ( 'NONE', #4268, 1000.000000000000114 ) ;
#3697 =( LENGTH_UNIT ( ) NAMED_UNIT ( * ) SI_UNIT ( .MILLI., .METRE. ) );
#3698 = FILL_AREA_STYLE_COLOUR ( '', #3045 ) ;
#3699 = FILL_AREA_STYLE ('',( #338 ) ) ;
#3700 = FACE_BOUND ( 'NONE', #1181, .T. ) ;
#3701 = ORIENTED_EDGE ( 'NONE', *, *, #4350, .F. ) ;
#3702 = ORIENTED_EDGE ( 'NONE', *, *, #3272, .T. ) ;
#3703 = ORIENTED_EDGE ( 'NONE', *, *, #3634, .T. ) ;
#3704 = VERTEX_POINT ( 'NONE', #4626 ) ;
#3705 = LINE ( 'NONE', #4504, #4529 ) ;
#3706 = SURFACE_SIDE_STYLE ('',( #2823 ) ) ;
#3707 = EDGE_CURVE ( 'NONE', #3737, #3737, #1186, .T. ) ;
#3708 = STYLED_ITEM ( 'NONE', ( #4206 ), #1823 ) ;
#3709 = CARTESIAN_POINT ( 'NONE',  ( 41.14999999999989200, -57.28503393662091980, -32.30000000000000426 ) ) ;
#3710 = ORIENTED_EDGE ( 'NONE', *, *, #1600, .T. ) ;
#3711 = SURFACE_SIDE_STYLE ('',( #3387 ) ) ;
#3712 = DIRECTION ( 'NONE',  ( -0.000000000000000000, -1.000000000000000000, -0.000000000000000000 ) ) ;
#3713 = CARTESIAN_POINT ( 'NONE',  ( 29.17999999999999261, -57.28503393662091980, 12.39671406022402600 ) ) ;
#3714 =( LENGTH_UNIT ( ) NAMED_UNIT ( * ) SI_UNIT ( .MILLI., .METRE. ) );
#3715 = UNCERTAINTY_MEASURE_WITH_UNIT (LENGTH_MEASURE( 1.000000000000000082E-05 ), #1388, 'distance_accuracy_value', 'NONE');
#3716 =( NAMED_UNIT ( * ) SI_UNIT ( $, .STERADIAN. ) SOLID_ANGLE_UNIT ( ) );
#3717 = EDGE_CURVE ( 'NONE', #5322, #2007, #3898, .T. ) ;
#3718 = FILL_AREA_STYLE_COLOUR ( '', #2957 ) ;
#3719 =( NAMED_UNIT ( * ) SI_UNIT ( $, .STERADIAN. ) SOLID_ANGLE_UNIT ( ) );
#3720 = FILL_AREA_STYLE_COLOUR ( '', #2505 ) ;
#3721 = STYLED_ITEM ( 'NONE', ( #625 ), #42 ) ;
#3722 = FACE_OUTER_BOUND ( 'NONE', #4785, .T. ) ;
#3723 = DIRECTION ( 'NONE',  ( -1.442373091798715516E-16, -1.000000000000000000, 0.000000000000000000 ) ) ;
#3724 = SURFACE_STYLE_FILL_AREA ( #354 ) ;
#3725 = ORIENTED_EDGE ( 'NONE', *, *, #2445, .T. ) ;
#3726 = FILL_AREA_STYLE_COLOUR ( '', #1079 ) ;
#3727 = SURFACE_SIDE_STYLE ('',( #4205 ) ) ;
#3728 = MECHANICAL_DESIGN_GEOMETRIC_PRESENTATION_REPRESENTATION (  '', ( #1345 ), #3991 ) ;
#3729 = PLANE ( 'NONE',  #1664 ) ;
#3730 =( NAMED_UNIT ( * ) PLANE_ANGLE_UNIT ( ) SI_UNIT ( $, .RADIAN. ) );
#3731 = COLOUR_RGB ( '',0.5999999999999999778, 0.1607843137254901800, 0.7529411764705882248 ) ;
#3732 = ORIENTED_EDGE ( 'NONE', *, *, #977, .T. ) ;
#3733 = COLOUR_RGB ( '',0.5999999999999999778, 0.1607843137254901800, 0.7529411764705882248 ) ;
#3734 = ORIENTED_EDGE ( 'NONE', *, *, #14, .F. ) ;
#3735 = VERTEX_POINT ( 'NONE', #1833 ) ;
#3736 = ORIENTED_EDGE ( 'NONE', *, *, #396, .F. ) ;
#3737 = VERTEX_POINT ( 'NONE', #3355 ) ;
#3738 = CARTESIAN_POINT ( 'NONE',  ( -1.330302779823358872, -256.5000000000000000, 12.80000000000000249 ) ) ;
#3739 = CYLINDRICAL_SURFACE ( 'NONE', #2143, 6.600000000000007638 ) ;
#3740 = AXIS2_PLACEMENT_3D ( 'NONE', #5054, #2118, #2032 ) ;
#3741 = CARTESIAN_POINT ( 'NONE',  ( -45.60000000000000142, -121.2500000000000142, 18.70000000000000995 ) ) ;
#3742 = ORIENTED_EDGE ( 'NONE', *, *, #5308, .F. ) ;
#3743 = EDGE_CURVE ( 'NONE', #2811, #3343, #3476, .T. ) ;
#3744 = DIRECTION ( 'NONE',  ( 0.000000000000000000, 0.000000000000000000, 1.000000000000000000 ) ) ;
#3745 = FILL_AREA_STYLE_COLOUR ( '', #3469 ) ;
#3746 = CARTESIAN_POINT ( 'NONE',  ( -41.84999999999999432, -117.5000000000000142, 23.80000000000000071 ) ) ;
#3747 = COLOUR_RGB ( '',0.5999999999999999778, 0.1607843137254901800, 0.7529411764705882248 ) ;
#3748 = CYLINDRICAL_SURFACE ( 'NONE', #3520, 1.250000000000001110 ) ;
#3749 = ADVANCED_FACE ( 'NONE', ( #5174 ), #1397, .F. ) ;
#3750 = SURFACE_STYLE_USAGE ( .BOTH. , #3302 ) ;
#3751 = SURFACE_STYLE_FILL_AREA ( #829 ) ;
#3752 = EDGE_CURVE ( 'NONE', #5044, #5044, #1538, .T. ) ;
#3753 = DIRECTION ( 'NONE',  ( 1.000000000000000000, 0.000000000000000000, 0.000000000000000000 ) ) ;
#3754 = ORIENTED_EDGE ( 'NONE', *, *, #478, .F. ) ;
#3755 = DIRECTION ( 'NONE',  ( 0.000000000000000000, 1.000000000000000000, 0.000000000000000000 ) ) ;
#3756 = VECTOR ( 'NONE', #1146, 1000.000000000000000 ) ;
#3757 = DIRECTION ( 'NONE',  ( -1.000000000000000000, 0.000000000000000000, 0.000000000000000000 ) ) ;
#3758 = PLANE ( 'NONE',  #4959 ) ;
#3759 = SURFACE_SIDE_STYLE ('',( #3374 ) ) ;
#3760 = FILL_AREA_STYLE_COLOUR ( '', #1968 ) ;
#3761 = CARTESIAN_POINT ( 'NONE',  ( 0.000000000000000000, -132.4999999999999716, 13.80000000000000071 ) ) ;
#3762 = VECTOR ( 'NONE', #1783, 1000.000000000000114 ) ;
#3763 = ORIENTED_EDGE ( 'NONE', *, *, #2751, .F. ) ;
#3764 = EDGE_LOOP ( 'NONE', ( #2177 ) ) ;
#3765 = ORIENTED_EDGE ( 'NONE', *, *, #4152, .F. ) ;
#3766 = ORIENTED_EDGE ( 'NONE', *, *, #3028, .F. ) ;
#3767 = VERTEX_POINT ( 'NONE', #4184 ) ;
#3768 = VECTOR ( 'NONE', #192, 1000.000000000000000 ) ;
#3769 = CIRCLE ( 'NONE', #4019, 2.549999999999996714 ) ;
#3770 = ORIENTED_EDGE ( 'NONE', *, *, #1144, .F. ) ;
#3771 = SURFACE_STYLE_USAGE ( .BOTH. , #3682 ) ;
#3772 = CARTESIAN_POINT ( 'NONE',  ( -13.85000000000000497, -73.50000000000000000, 6.700000000000008171 ) ) ;
#3773 = SURFACE_STYLE_FILL_AREA ( #4191 ) ;
#3774 = DIRECTION ( 'NONE',  ( -0.000000000000000000, -2.231155596111649629E-16, 1.000000000000000000 ) ) ;
#3775 = AXIS2_PLACEMENT_3D ( 'NONE', #4661, #3744, #5450 ) ;
#3776 = CARTESIAN_POINT ( 'NONE',  ( -68.84999999999990905, -57.28503393662091980, 131.3520992523448001 ) ) ;
#3777 = VECTOR ( 'NONE', #4742, 1000.000000000000000 ) ;
#3778 = CARTESIAN_POINT ( 'NONE',  ( -1.330302779823358872, -50.49999999999998579, 12.80000000000000249 ) ) ;
#3779 = SURFACE_SIDE_STYLE ('',( #5460 ) ) ;
#3780 = UNCERTAINTY_MEASURE_WITH_UNIT (LENGTH_MEASURE( 1.000000000000000082E-05 ), #1539, 'distance_accuracy_value', 'NONE');
#3781 = VECTOR ( 'NONE', #4426, 1000.000000000000000 ) ;
#3782 = ADVANCED_FACE ( 'NONE', ( #3950, #5228 ), #1422, .F. ) ;
#3783 = FACE_OUTER_BOUND ( 'NONE', #3076, .T. ) ;
#3784 = UNCERTAINTY_MEASURE_WITH_UNIT (LENGTH_MEASURE( 1.000000000000000082E-05 ), #3974, 'distance_accuracy_value', 'NONE');
#3785 = DIRECTION ( 'NONE',  ( -0.5877852522924682521, 8.478056316627754500E-17, 0.8090169943749510040 ) ) ;
#3786 = VECTOR ( 'NONE', #4649, 1000.000000000000000 ) ;
#3787 = CARTESIAN_POINT ( 'NONE',  ( -63.88000000000000966, -183.4300000000000068, 10.31091636418653046 ) ) ;
#3788 = EDGE_LOOP ( 'NONE', ( #3011, #2537, #479, #2850 ) ) ;
#3789 =( NAMED_UNIT ( * ) PLANE_ANGLE_UNIT ( ) SI_UNIT ( $, .RADIAN. ) );
#3790 =( NAMED_UNIT ( * ) SI_UNIT ( $, .STERADIAN. ) SOLID_ANGLE_UNIT ( ) );
#3791 = EDGE_CURVE ( 'NONE', #4330, #2553, #3157, .T. ) ;
#3792 = AXIS2_PLACEMENT_3D ( 'NONE', #5150, #4284, #1786 ) ;
#3793 = CARTESIAN_POINT ( 'NONE',  ( 36.17999999999999261, -221.5000000000000000, -4.200000000000012612 ) ) ;
#3794 = ORIENTED_EDGE ( 'NONE', *, *, #1196, .F. ) ;
#3795 = ORIENTED_EDGE ( 'NONE', *, *, #4673, .F. ) ;
#3796 = EDGE_LOOP ( 'NONE', ( #4893, #2642, #945, #5444 ) ) ;
#3797 = COLOUR_RGB ( '',0.5999999999999999778, 0.1607843137254901800, 0.7529411764705882248 ) ;
#3798 = ORIENTED_EDGE ( 'NONE', *, *, #5319, .F. ) ;
#3799 = CARTESIAN_POINT ( 'NONE',  ( -18.45000000000000284, -73.50000000000000000, -32.29999999999999005 ) ) ;
#3800 = EDGE_CURVE ( 'NONE', #5127, #4241, #2742, .T. ) ;
#3801 = MECHANICAL_DESIGN_GEOMETRIC_PRESENTATION_REPRESENTATION (  '', ( #1043 ), #3155 ) ;
#3802 = CARTESIAN_POINT ( 'NONE',  ( 10.15000000000000568, -53.50000000000000711, 23.80000000000000071 ) ) ;
#3803 = ORIENTED_EDGE ( 'NONE', *, *, #3822, .T. ) ;
#3804 =( LENGTH_UNIT ( ) NAMED_UNIT ( * ) SI_UNIT ( .MILLI., .METRE. ) );
#3805 = FILL_AREA_STYLE ('',( #433 ) ) ;
#3806 = FILL_AREA_STYLE_COLOUR ( '', #3485 ) ;
#3807 = CARTESIAN_POINT ( 'NONE',  ( 10.14999999999999325, -253.5000000000000000, -24.20000000000001350 ) ) ;
#3808 = DIRECTION ( 'NONE',  ( 1.239088197126290817E-16, -1.000000000000000000, 0.000000000000000000 ) ) ;
#3809 = DIRECTION ( 'NONE',  ( -0.000000000000000000, 0.000000000000000000, 1.000000000000000000 ) ) ;
#3810 = STYLED_ITEM ( 'NONE', ( #1350 ), #1984 ) ;
#3811 = SURFACE_SIDE_STYLE ('',( #3307 ) ) ;
#3812 = ORIENTED_EDGE ( 'NONE', *, *, #193, .F. ) ;
#3813 = EDGE_CURVE ( 'NONE', #3229, #73, #5462, .T. ) ;
#3814 = CARTESIAN_POINT ( 'NONE',  ( -68.84999999999992326, -249.7149660633790802, -32.30000000000000426 ) ) ;
#3815 = DIRECTION ( 'NONE',  ( 0.000000000000000000, 0.000000000000000000, -1.000000000000000000 ) ) ;
#3816 = DIRECTION ( 'NONE',  ( 0.000000000000000000, -0.000000000000000000, -1.000000000000000000 ) ) ;
#3817 = CARTESIAN_POINT ( 'NONE',  ( -56.88000000000000256, -174.4278620703921376, 8.691152754051062246 ) ) ;
#3818 = SURFACE_SIDE_STYLE ('',( #2472 ) ) ;
#3819 = ORIENTED_EDGE ( 'NONE', *, *, #1473, .F. ) ;
#3820 = VECTOR ( 'NONE', #4427, 1000.000000000000000 ) ;
#3821 = VERTEX_POINT ( 'NONE', #2806 ) ;
#3822 = EDGE_CURVE ( 'NONE', #4713, #3487, #1478, .T. ) ;
#3823 = EDGE_LOOP ( 'NONE', ( #2440 ) ) ;
#3824 = ORIENTED_EDGE ( 'NONE', *, *, #3150, .T. ) ;
#3825 = FACE_OUTER_BOUND ( 'NONE', #1822, .T. ) ;
#3826 = AXIS2_PLACEMENT_3D ( 'NONE', #5245, #971, #3168 ) ;
#3827 = DIRECTION ( 'NONE',  ( -1.000000000000000000, 0.000000000000000000, 0.000000000000000000 ) ) ;
#3828 = CARTESIAN_POINT ( 'NONE',  ( -71.84999999999989484, -173.5000000000000000, -1.200000000000062128 ) ) ;
#3829 = ORIENTED_EDGE ( 'NONE', *, *, #1360, .F. ) ;
#3830 = VECTOR ( 'NONE', #3555, 1000.000000000000000 ) ;
#3831 = DIRECTION ( 'NONE',  ( 0.5067318539713894232, 0.8621037223969737484, -0.000000000000000000 ) ) ;
#3832 = FILL_AREA_STYLE ('',( #3889 ) ) ;
#3833 = CARTESIAN_POINT ( 'NONE',  ( -35.34999999999999432, -110.9999999999999716, -3.299999999999992273 ) ) ;
#3834 =( LENGTH_UNIT ( ) NAMED_UNIT ( * ) SI_UNIT ( .MILLI., .METRE. ) );
#3835 = SURFACE_STYLE_USAGE ( .BOTH. , #2114 ) ;
#3836 = STYLED_ITEM ( 'NONE', ( #4456 ), #2913 ) ;
#3837 = EDGE_LOOP ( 'NONE', ( #2722 ) ) ;
#3838 = PLANE ( 'NONE',  #3089 ) ;
#3839 = UNCERTAINTY_MEASURE_WITH_UNIT (LENGTH_MEASURE( 1.000000000000000082E-05 ), #1479, 'distance_accuracy_value', 'NONE');
#3840 = PLANE ( 'NONE',  #2421 ) ;
#3841 = CARTESIAN_POINT ( 'NONE',  ( -26.36969722017663287, -50.49999999999998579, 12.80000000000000071 ) ) ;
#3842 = EDGE_LOOP ( 'NONE', ( #359 ) ) ;
#3843 = CARTESIAN_POINT ( 'NONE',  ( -56.88000000000000256, -224.8125542170776328, 16.81091636418652868 ) ) ;
#3844 = CARTESIAN_POINT ( 'NONE',  ( 36.17999999999997840, -176.4300000000000068, 10.31091636418653046 ) ) ;
#3845 = AXIS2_PLACEMENT_3D ( 'NONE', #4953, #1154, #385 ) ;
#3846 = CARTESIAN_POINT ( 'NONE',  ( 36.17999999999997840, -176.4300000000000068, 23.80000000000000071 ) ) ;
#3847 = SURFACE_SIDE_STYLE ('',( #1425 ) ) ;
#3848 = ADVANCED_FACE ( 'NONE', ( #4492, #294 ), #3132, .T. ) ;
#3849 = COLOUR_RGB ( '',0.5999999999999999778, 0.1607843137254901800, 0.7529411764705882248 ) ;
#3850 = ORIENTED_EDGE ( 'NONE', *, *, #1869, .F. ) ;
#3851 = AXIS2_PLACEMENT_3D ( 'NONE', #4576, #790, #232 ) ;
#3852 = VERTEX_POINT ( 'NONE', #4460 ) ;
#3853 = ORIENTED_EDGE ( 'NONE', *, *, #1319, .F. ) ;
#3854 = EDGE_LOOP ( 'NONE', ( #2671 ) ) ;
#3855 = CARTESIAN_POINT ( 'NONE',  ( -8.850000000000003197, -73.50000000000000000, 1.700000000000007949 ) ) ;
#3856 = VECTOR ( 'NONE', #3808, 1000.000000000000000 ) ;
#3857 =( GEOMETRIC_REPRESENTATION_CONTEXT ( 3 ) GLOBAL_UNCERTAINTY_ASSIGNED_CONTEXT ( ( #3784 ) ) GLOBAL_UNIT_ASSIGNED_CONTEXT ( ( #3974, #622, #2720 ) ) REPRESENTATION_CONTEXT ( 'NONE', 'WORKASPACE' ) );
#3858 = EDGE_CURVE ( 'NONE', #4566, #4566, #315, .T. ) ;
#3859 = LINE ( 'NONE', #4599, #2159 ) ;
#3860 =( GEOMETRIC_REPRESENTATION_CONTEXT ( 3 ) GLOBAL_UNCERTAINTY_ASSIGNED_CONTEXT ( ( #33 ) ) GLOBAL_UNIT_ASSIGNED_CONTEXT ( ( #5459, #4072, #764 ) ) REPRESENTATION_CONTEXT ( 'NONE', 'WORKASPACE' ) );
#3861 = ORIENTED_EDGE ( 'NONE', *, *, #667, .F. ) ;
#3862 = COLOUR_RGB ( '',0.5999999999999999778, 0.1607843137254901800, 0.7529411764705882248 ) ;
#3863 = MECHANICAL_DESIGN_GEOMETRIC_PRESENTATION_REPRESENTATION (  '', ( #4454 ), #1989 ) ;
#3864 = DIRECTION ( 'NONE',  ( 0.000000000000000000, -1.000000000000000000, -0.000000000000000000 ) ) ;
#3865 = CARTESIAN_POINT ( 'NONE',  ( 4.669697220176630914, 0.000000000000000000, 44.52840888222726790 ) ) ;
#3866 = PLANE ( 'NONE',  #4347 ) ;
#3867 = FACE_OUTER_BOUND ( 'NONE', #4418, .T. ) ;
#3868 = COLOUR_RGB ( '',0.5999999999999999778, 0.1607843137254901800, 0.7529411764705882248 ) ;
#3869 = EDGE_CURVE ( 'NONE', #2406, #3036, #3580, .T. ) ;
#3870 = DIRECTION ( 'NONE',  ( -1.000000000000000000, 0.000000000000000000, 0.000000000000000000 ) ) ;
#3871 = DIRECTION ( 'NONE',  ( -1.000000000000000000, 0.000000000000000000, 0.000000000000000000 ) ) ;
#3872 = DIRECTION ( 'NONE',  ( 0.000000000000000000, 1.000000000000000000, 0.000000000000000000 ) ) ;
#3873 = CIRCLE ( 'NONE', #3227, 6.500000000000005329 ) ;
#3874 = SURFACE_SIDE_STYLE ('',( #906 ) ) ;
#3875 = FILL_AREA_STYLE ('',( #2637 ) ) ;
#3876 = STYLED_ITEM ( 'NONE', ( #1830 ), #642 ) ;
#3877 = FILL_AREA_STYLE_COLOUR ( '', #1768 ) ;
#3878 = CARTESIAN_POINT ( 'NONE',  ( 36.17999999999999261, -221.5000000000000000, -4.200000000000012612 ) ) ;
#3879 = PLANE ( 'NONE',  #4445 ) ;
#3880 = FACE_OUTER_BOUND ( 'NONE', #1332, .T. ) ;
#3881 = VECTOR ( 'NONE', #3221, 1000.000000000000114 ) ;
#3882 = VERTEX_POINT ( 'NONE', #3182 ) ;
#3883 = ORIENTED_EDGE ( 'NONE', *, *, #2303, .T. ) ;
#3884 = VECTOR ( 'NONE', #5277, 1000.000000000000000 ) ;
#3885 = ORIENTED_EDGE ( 'NONE', *, *, #877, .F. ) ;
#3886 = EDGE_LOOP ( 'NONE', ( #2636 ) ) ;
#3887 = EDGE_CURVE ( 'NONE', #70, #36, #1056, .T. ) ;
#3888 = DIRECTION ( 'NONE',  ( -0.000000000000000000, 0.000000000000000000, 1.000000000000000000 ) ) ;
#3889 = FILL_AREA_STYLE_COLOUR ( '', #719 ) ;
#3890 = VECTOR ( 'NONE', #3556, 1000.000000000000000 ) ;
#3891 =( NAMED_UNIT ( * ) SI_UNIT ( $, .STERADIAN. ) SOLID_ANGLE_UNIT ( ) );
#3892 =( NAMED_UNIT ( * ) PLANE_ANGLE_UNIT ( ) SI_UNIT ( $, .RADIAN. ) );
#3893 = CARTESIAN_POINT ( 'NONE',  ( -23.85000000000000497, 0.000000000000000000, 6.700000000000008171 ) ) ;
#3894 = EDGE_CURVE ( 'NONE', #3906, #1562, #621, .T. ) ;
#3895 = SURFACE_STYLE_FILL_AREA ( #515 ) ;
#3896 = DIRECTION ( 'NONE',  ( 0.5067318539713874248, -0.8621037223969750807, 0.000000000000000000 ) ) ;
#3897 = CYLINDRICAL_SURFACE ( 'NONE', #1870, 3.300000000000002487 ) ;
#3898 = LINE ( 'NONE', #4751, #3762 ) ;
#3899 = ORIENTED_EDGE ( 'NONE', *, *, #3337, .F. ) ;
#3900 = CARTESIAN_POINT ( 'NONE',  ( 41.14999999999987779, -249.7149660633790802, -32.30000000000000426 ) ) ;
#3901 = DIRECTION ( 'NONE',  ( 0.000000000000000000, 0.000000000000000000, 1.000000000000000000 ) ) ;
#3902 =( NAMED_UNIT ( * ) PLANE_ANGLE_UNIT ( ) SI_UNIT ( $, .RADIAN. ) );
#3903 = FILL_AREA_STYLE_COLOUR ( '', #1017 ) ;
#3904 = MECHANICAL_DESIGN_GEOMETRIC_PRESENTATION_REPRESENTATION (  '', ( #3810 ), #2205 ) ;
#3905 = EDGE_LOOP ( 'NONE', ( #692, #4147, #2364, #12, #3660, #4343, #1791, #5417 ) ) ;
#3906 = VERTEX_POINT ( 'NONE', #3653 ) ;
#3907 = ORIENTED_EDGE ( 'NONE', *, *, #4519, .T. ) ;
#3908 = CIRCLE ( 'NONE', #4424, 2.549999999999996714 ) ;
#3909 = PRESENTATION_STYLE_ASSIGNMENT (( #2206 ) ) ;
#3910 = ORIENTED_EDGE ( 'NONE', *, *, #2241, .F. ) ;
#3911 = EDGE_LOOP ( 'NONE', ( #5414 ) ) ;
#3912 = FILL_AREA_STYLE ('',( #996 ) ) ;
#3913 = CARTESIAN_POINT ( 'NONE',  ( 36.17999999999999261, -226.5000000000001421, 7.310916364186555327 ) ) ;
#3914 =( NAMED_UNIT ( * ) PLANE_ANGLE_UNIT ( ) SI_UNIT ( $, .RADIAN. ) );
#3915 = PRODUCT_DEFINITION ( 'UNKNOWN', '', #4386, #3949 ) ;
#3916 = SURFACE_STYLE_FILL_AREA ( #5166 ) ;
#3917 = LINE ( 'NONE', #1727, #404 ) ;
#3918 = DIRECTION ( 'NONE',  ( 0.000000000000000000, -1.000000000000000000, -9.011550524554843201E-17 ) ) ;
#3919 = SURFACE_STYLE_USAGE ( .BOTH. , #3338 ) ;
#3920 = EDGE_CURVE ( 'NONE', #4263, #1486, #1882, .T. ) ;
#3921 = EDGE_CURVE ( 'NONE', #429, #429, #4373, .T. ) ;
#3922 = VECTOR ( 'NONE', #1401, 1000.000000000000114 ) ;
#3923 = ORIENTED_EDGE ( 'NONE', *, *, #4567, .F. ) ;
#3924 =( NAMED_UNIT ( * ) PLANE_ANGLE_UNIT ( ) SI_UNIT ( $, .RADIAN. ) );
#3925 = LINE ( 'NONE', #3878, #3246 ) ;
#3926 =( LENGTH_UNIT ( ) NAMED_UNIT ( * ) SI_UNIT ( .MILLI., .METRE. ) );
#3927 = STYLED_ITEM ( 'NONE', ( #3107 ), #3205 ) ;
#3928 = CARTESIAN_POINT ( 'NONE',  ( 7.650000000000010125, -61.50000000000000000, 6.700000000000008171 ) ) ;
#3929 = ADVANCED_FACE ( 'NONE', ( #4881 ), #3156, .F. ) ;
#3930 = VERTEX_POINT ( 'NONE', #1118 ) ;
#3931 =( GEOMETRIC_REPRESENTATION_CONTEXT ( 3 ) GLOBAL_UNCERTAINTY_ASSIGNED_CONTEXT ( ( #3203 ) ) GLOBAL_UNIT_ASSIGNED_CONTEXT ( ( #2615, #521, #450 ) ) REPRESENTATION_CONTEXT ( 'NONE', 'WORKASPACE' ) );
#3932 = VERTEX_POINT ( 'NONE', #1032 ) ;
#3933 = MECHANICAL_DESIGN_GEOMETRIC_PRESENTATION_REPRESENTATION (  '', ( #2316 ), #4287 ) ;
#3934 = STYLED_ITEM ( 'NONE', ( #1235 ), #3224 ) ;
#3935 = ORIENTED_EDGE ( 'NONE', *, *, #1465, .T. ) ;
#3936 = COLOUR_RGB ( '',0.5999999999999999778, 0.1607843137254901800, 0.7529411764705882248 ) ;
#3937 = CARTESIAN_POINT ( 'NONE',  ( -71.84999999999989484, -53.50000000000000000, -1.193668243919732465E-14 ) ) ;
#3938 = STYLED_ITEM ( 'NONE', ( #4912 ), #3504 ) ;
#3939 =( NAMED_UNIT ( * ) PLANE_ANGLE_UNIT ( ) SI_UNIT ( $, .RADIAN. ) );
#3940 = DIRECTION ( 'NONE',  ( -1.000000000000000000, -1.239088197126290817E-16, 0.000000000000000000 ) ) ;
#3941 = MECHANICAL_DESIGN_GEOMETRIC_PRESENTATION_REPRESENTATION (  '', ( #1460 ), #146 ) ;
#3942 = PRESENTATION_LAYER_ASSIGNMENT (  '', '', ( #858 ) ) ;
#3943 = CARTESIAN_POINT ( 'NONE',  ( -3.296898823753065422, -121.2500000000000142, 3.450000000000008171 ) ) ;
#3944 = FACE_OUTER_BOUND ( 'NONE', #1129, .T. ) ;
#3945 = CARTESIAN_POINT ( 'NONE',  ( 14.15000000000000924, -68.00000000000000000, 6.700000000000008171 ) ) ;
#3946 = FACE_OUTER_BOUND ( 'NONE', #981, .T. ) ;
#3947 = STYLED_ITEM ( 'NONE', ( #1354 ), #4859 ) ;
#3948 = VECTOR ( 'NONE', #1702, 1000.000000000000000 ) ;
#3949 = PRODUCT_DEFINITION_CONTEXT ( 'detailed design', #2550, 'design' ) ;
#3950 = FACE_OUTER_BOUND ( 'NONE', #2655, .T. ) ;
#3951 = MECHANICAL_DESIGN_GEOMETRIC_PRESENTATION_REPRESENTATION (  '', ( #236 ), #5105 ) ;
#3952 = DIRECTION ( 'NONE',  ( -0.7306172043025375151, -0.4294460177601901463, -0.5308244706181681760 ) ) ;
#3953 = ADVANCED_FACE ( 'NONE', ( #1498 ), #1521, .F. ) ;
#3954 = DIRECTION ( 'NONE',  ( 0.000000000000000000, 0.000000000000000000, -1.000000000000000000 ) ) ;
#3955 = ORIENTED_EDGE ( 'NONE', *, *, #3086, .F. ) ;
#3956 = ORIENTED_EDGE ( 'NONE', *, *, #4277, .T. ) ;
#3957 = EDGE_CURVE ( 'NONE', #2393, #4699, #1009, .T. ) ;
#3958 = FILL_AREA_STYLE ('',( #215 ) ) ;
#3959 = ORIENTED_EDGE ( 'NONE', *, *, #14, .T. ) ;
#3960 = AXIS2_PLACEMENT_3D ( 'NONE', #2570, #1746, #1694 ) ;
#3961 = CARTESIAN_POINT ( 'NONE',  ( -56.88000000000000966, -214.5000000000000000, 10.31091636418653046 ) ) ;
#3962 = CARTESIAN_POINT ( 'NONE',  ( -35.34999999999999432, -117.5000000000000142, 23.80000000000000071 ) ) ;
#3963 = ADVANCED_FACE ( 'NONE', ( #1858, #3552 ), #732, .T. ) ;
#3964 = VECTOR ( 'NONE', #820, 1000.000000000000000 ) ;
#3965 = SURFACE_SIDE_STYLE ('',( #587 ) ) ;
#3966 = CARTESIAN_POINT ( 'NONE',  ( -21.34999999999998010, -117.5000000000000142, 15.45000000000000817 ) ) ;
#3967 =( LENGTH_UNIT ( ) NAMED_UNIT ( * ) SI_UNIT ( .MILLI., .METRE. ) );
#3968 = FACE_OUTER_BOUND ( 'NONE', #4758, .T. ) ;
#3969 = DIRECTION ( 'NONE',  ( 0.000000000000000000, 1.000000000000000000, -0.000000000000000000 ) ) ;
#3970 = VECTOR ( 'NONE', #2378, 1000.000000000000000 ) ;
#3971 = DIRECTION ( 'NONE',  ( 0.000000000000000000, 0.000000000000000000, -1.000000000000000000 ) ) ;
#3972 = CARTESIAN_POINT ( 'NONE',  ( -59.75085423858649847, -171.4299999999999216, 10.31091636418653046 ) ) ;
#3973 = PRESENTATION_LAYER_ASSIGNMENT (  '', '', ( #3708 ) ) ;
#3974 =( LENGTH_UNIT ( ) NAMED_UNIT ( * ) SI_UNIT ( .MILLI., .METRE. ) );
#3975 = EDGE_CURVE ( 'NONE', #781, #781, #3769, .T. ) ;
#3976 = FILL_AREA_STYLE ('',( #1011 ) ) ;
#3977 = EDGE_CURVE ( 'NONE', #736, #77, #1197, .T. ) ;
#3978 = EDGE_LOOP ( 'NONE', ( #3161, #165, #747, #887 ) ) ;
#3979 = FILL_AREA_STYLE ('',( #3136 ) ) ;
#3980 = DIRECTION ( 'NONE',  ( -0.000000000000000000, -0.000000000000000000, 1.000000000000000000 ) ) ;
#3981 = FILL_AREA_STYLE_COLOUR ( '', #145 ) ;
#3982 = ADVANCED_FACE ( 'NONE', ( #5432 ), #5463, .T. ) ;
#3983 = ORIENTED_EDGE ( 'NONE', *, *, #2880, .F. ) ;
#3984 = EDGE_LOOP ( 'NONE', ( #109 ) ) ;
#3985 = CARTESIAN_POINT ( 'NONE',  ( -6.349999999999981881, -117.5000000000000142, 23.80000000000000071 ) ) ;
#3986 = FACE_OUTER_BOUND ( 'NONE', #2196, .T. ) ;
#3987 = CARTESIAN_POINT ( 'NONE',  ( -23.85000000000000142, -116.2500000000000142, 15.45000000000000817 ) ) ;
#3988 = PRESENTATION_STYLE_ASSIGNMENT (( #2870 ) ) ;
#3989 = SURFACE_STYLE_FILL_AREA ( #1542 ) ;
#3990 = DIRECTION ( 'NONE',  ( -1.000000000000000000, 1.092739197465705041E-16, 0.000000000000000000 ) ) ;
#3991 =( GEOMETRIC_REPRESENTATION_CONTEXT ( 3 ) GLOBAL_UNCERTAINTY_ASSIGNED_CONTEXT ( ( #2947 ) ) GLOBAL_UNIT_ASSIGNED_CONTEXT ( ( #3021, #2658, #882 ) ) REPRESENTATION_CONTEXT ( 'NONE', 'WORKASPACE' ) );
#3992 = FACE_OUTER_BOUND ( 'NONE', #2128, .T. ) ;
#3993 = CARTESIAN_POINT ( 'NONE',  ( -63.88000000000000966, -57.28503393662091980, 7.310916364186564209 ) ) ;
#3994 = AXIS2_PLACEMENT_3D ( 'NONE', #1489, #3940, #4035 ) ;
#3995 = UNCERTAINTY_MEASURE_WITH_UNIT (LENGTH_MEASURE( 1.000000000000000082E-05 ), #5367, 'distance_accuracy_value', 'NONE');
#3996 = UNCERTAINTY_MEASURE_WITH_UNIT (LENGTH_MEASURE( 1.000000000000000082E-05 ), #2023, 'distance_accuracy_value', 'NONE');
#3997 = SURFACE_STYLE_FILL_AREA ( #2295 ) ;
#3998 = DIRECTION ( 'NONE',  ( -1.000000000000000000, 0.000000000000000000, 0.000000000000000000 ) ) ;
#3999 = CARTESIAN_POINT ( 'NONE',  ( -32.36969722017663287, -249.7149660633790802, -32.30000000000000426 ) ) ;
#4000 = AXIS2_PLACEMENT_3D ( 'NONE', #1766, #3033, #2105 ) ;
#4001 = CARTESIAN_POINT ( 'NONE',  ( -13.85000000000000497, -73.50000000000000000, -2.549999999999991829 ) ) ;
#4002 = CARTESIAN_POINT ( 'NONE',  ( -23.85000000000000497, -112.2500000000000142, 1.700000000000014833 ) ) ;
#4003 = EDGE_LOOP ( 'NONE', ( #2286 ) ) ;
#4004 = AXIS2_PLACEMENT_3D ( 'NONE', #1224, #795, #2001 ) ;
#4005 = DIRECTION ( 'NONE',  ( -0.8621037223969750807, -0.5067318539713872028, -0.000000000000000000 ) ) ;
#4006 = EDGE_LOOP ( 'NONE', ( #1895 ) ) ;
#4007 = ORIENTED_EDGE ( 'NONE', *, *, #5216, .F. ) ;
#4008 = VERTEX_POINT ( 'NONE', #4894 ) ;
#4009 =( LENGTH_UNIT ( ) NAMED_UNIT ( * ) SI_UNIT ( .MILLI., .METRE. ) );
#4010 = ADVANCED_FACE ( 'NONE', ( #322, #7, #2494, #2914, #4614, #3783 ), #3367, .F. ) ;
#4011 = PRESENTATION_LAYER_ASSIGNMENT (  '', '', ( #931 ) ) ;
#4012 =( NAMED_UNIT ( * ) SI_UNIT ( $, .STERADIAN. ) SOLID_ANGLE_UNIT ( ) );
#4013 = DIRECTION ( 'NONE',  ( -1.000000000000000000, 0.000000000000000000, 0.000000000000000000 ) ) ;
#4014 =( GEOMETRIC_REPRESENTATION_CONTEXT ( 3 ) GLOBAL_UNCERTAINTY_ASSIGNED_CONTEXT ( ( #1293 ) ) GLOBAL_UNIT_ASSIGNED_CONTEXT ( ( #2368, #3644, #2824 ) ) REPRESENTATION_CONTEXT ( 'NONE', 'WORKASPACE' ) );
#4015 = CARTESIAN_POINT ( 'NONE',  ( -32.36969722017663287, -43.50000000000000000, 89.41067811865477211 ) ) ;
#4016 = EDGE_CURVE ( 'NONE', #1185, #4363, #2680, .T. ) ;
#4017 = STYLED_ITEM ( 'NONE', ( #228 ), #4547 ) ;
#4018 = COLOUR_RGB ( '',0.5999999999999999778, 0.1607843137254901800, 0.7529411764705882248 ) ;
#4019 = AXIS2_PLACEMENT_3D ( 'NONE', #2435, #3689, #4104 ) ;
#4020 = PRESENTATION_STYLE_ASSIGNMENT (( #593 ) ) ;
#4021 = DIRECTION ( 'NONE',  ( -0.000000000000000000, -0.000000000000000000, -1.000000000000000000 ) ) ;
#4022 = VECTOR ( 'NONE', #4997, 1000.000000000000000 ) ;
#4023 = FILL_AREA_STYLE_COLOUR ( '', #3316 ) ;
#4024 = SURFACE_STYLE_USAGE ( .BOTH. , #3103 ) ;
#4025 = ORIENTED_EDGE ( 'NONE', *, *, #1540, .T. ) ;
#4026 = CARTESIAN_POINT ( 'NONE',  ( -37.85000000000000142, -53.50000000000000711, 23.80000000000000071 ) ) ;
#4027 = CARTESIAN_POINT ( 'NONE',  ( 44.14999999999989910, -176.4300000000000068, 8.799999999999950973 ) ) ;
#4028 = MECHANICAL_DESIGN_GEOMETRIC_PRESENTATION_REPRESENTATION (  '', ( #1899 ), #507 ) ;
#4029 = PLANE ( 'NONE',  #4729 ) ;
#4030 = DIRECTION ( 'NONE',  ( -1.000000000000000000, 0.000000000000000000, 0.000000000000000000 ) ) ;
#4031 =( GEOMETRIC_REPRESENTATION_CONTEXT ( 3 ) GLOBAL_UNCERTAINTY_ASSIGNED_CONTEXT ( ( #567 ) ) GLOBAL_UNIT_ASSIGNED_CONTEXT ( ( #4687, #3517, #5162 ) ) REPRESENTATION_CONTEXT ( 'NONE', 'WORKASPACE' ) );
#4032 = ORIENTED_EDGE ( 'NONE', *, *, #3743, .T. ) ;
#4033 = PRESENTATION_STYLE_ASSIGNMENT (( #2755 ) ) ;
#4034 =( NAMED_UNIT ( * ) SI_UNIT ( $, .STERADIAN. ) SOLID_ANGLE_UNIT ( ) );
#4035 = DIRECTION ( 'NONE',  ( 1.239088197126290817E-16, -1.000000000000000000, 0.000000000000000000 ) ) ;
#4036 = FILL_AREA_STYLE_COLOUR ( '', #4444 ) ;
#4037 = VECTOR ( 'NONE', #2865, 1000.000000000000000 ) ;
#4038 = CARTESIAN_POINT ( 'NONE',  ( -56.88000000000000966, -57.28503393662091980, 12.39671406022402422 ) ) ;
#4039 = EDGE_CURVE ( 'NONE', #2599, #2988, #4397, .T. ) ;
#4040 = CARTESIAN_POINT ( 'NONE',  ( 83.15000000000010516, -173.5000000000000000, -1.200000000000062128 ) ) ;
#4041 =( NAMED_UNIT ( * ) SI_UNIT ( $, .STERADIAN. ) SOLID_ANGLE_UNIT ( ) );
#4042 = CARTESIAN_POINT ( 'NONE',  ( 29.17999999999999261, -214.5000000000000284, 7.310916364186529570 ) ) ;
#4043 = CARTESIAN_POINT ( 'NONE',  ( 4.669697220176641572, -43.50000000000000000, -32.30000000000000426 ) ) ;
#4044 = VECTOR ( 'NONE', #4728, 1000.000000000000000 ) ;
#4045 = UNCERTAINTY_MEASURE_WITH_UNIT (LENGTH_MEASURE( 1.000000000000000082E-05 ), #1327, 'distance_accuracy_value', 'NONE');
#4046 = EDGE_CURVE ( 'NONE', #4713, #628, #1048, .T. ) ;
#4047 = VECTOR ( 'NONE', #2290, 1000.000000000000000 ) ;
#4048 = DIRECTION ( 'NONE',  ( 0.000000000000000000, 0.000000000000000000, 1.000000000000000000 ) ) ;
#4049 = COLOUR_RGB ( '',0.5999999999999999778, 0.1607843137254901800, 0.7529411764705882248 ) ;
#4050 = DIRECTION ( 'NONE',  ( 0.000000000000000000, -1.000000000000000000, 0.000000000000000000 ) ) ;
#4051 = ORIENTED_EDGE ( 'NONE', *, *, #942, .T. ) ;
#4052 =( LENGTH_UNIT ( ) NAMED_UNIT ( * ) SI_UNIT ( .MILLI., .METRE. ) );
#4053 = DIRECTION ( 'NONE',  ( 1.734723475976808327E-16, -1.000000000000000000, 0.000000000000000000 ) ) ;
#4054 = LINE ( 'NONE', #273, #2990 ) ;
#4055 =( NAMED_UNIT ( * ) SI_UNIT ( $, .STERADIAN. ) SOLID_ANGLE_UNIT ( ) );
#4056 = DIRECTION ( 'NONE',  ( 0.7306172043025377372, 0.4294460177601895357, -0.5308244706181682870 ) ) ;
#4057 = ORIENTED_EDGE ( 'NONE', *, *, #164, .F. ) ;
#4058 = ORIENTED_EDGE ( 'NONE', *, *, #1655, .T. ) ;
#4059 = ORIENTED_EDGE ( 'NONE', *, *, #1073, .T. ) ;
#4060 = CARTESIAN_POINT ( 'NONE',  ( -26.36969722017663287, -256.5000000000000000, 9.500000000000000000 ) ) ;
#4061 = CARTESIAN_POINT ( 'NONE',  ( -56.88000000000000256, -173.1174457829224025, 15.31091636418652868 ) ) ;
#4062 = SURFACE_STYLE_FILL_AREA ( #3261 ) ;
#4063 = COLOUR_RGB ( '',0.5999999999999999778, 0.1607843137254901800, 0.7529411764705882248 ) ;
#4064 = EDGE_LOOP ( 'NONE', ( #4955, #755, #1334, #3907 ) ) ;
#4065 = DIRECTION ( 'NONE',  ( -1.092739197465705041E-16, -1.000000000000000000, 0.000000000000000000 ) ) ;
#4066 = DIRECTION ( 'NONE',  ( 0.000000000000000000, -1.000000000000000000, 0.000000000000000000 ) ) ;
#4067 =( LENGTH_UNIT ( ) NAMED_UNIT ( * ) SI_UNIT ( .MILLI., .METRE. ) );
#4068 = FACE_OUTER_BOUND ( 'NONE', #863, .T. ) ;
#4069 = PRESENTATION_STYLE_ASSIGNMENT (( #4937 ) ) ;
#4070 = FILL_AREA_STYLE ('',( #262 ) ) ;
#4071 = PRESENTATION_LAYER_ASSIGNMENT (  '', '', ( #2296 ) ) ;
#4072 =( NAMED_UNIT ( * ) PLANE_ANGLE_UNIT ( ) SI_UNIT ( $, .RADIAN. ) );
#4073 = DIRECTION ( 'NONE',  ( -1.000000000000000000, 0.000000000000000000, 0.000000000000000000 ) ) ;
#4074 = MECHANICAL_DESIGN_GEOMETRIC_PRESENTATION_REPRESENTATION (  '', ( #631 ), #2385 ) ;
#4075 = CARTESIAN_POINT ( 'NONE',  ( -48.20427119293208307, -57.28503393662091980, 18.70000000000000995 ) ) ;
#4076 = ADVANCED_FACE ( 'NONE', ( #883 ), #3840, .F. ) ;
#4077 = SURFACE_STYLE_USAGE ( .BOTH. , #3578 ) ;
#4078 = VECTOR ( 'NONE', #1841, 1000.000000000000000 ) ;
#4079 = CARTESIAN_POINT ( 'NONE',  ( -21.34999999999998010, 0.000000000000000000, 23.80000000000000071 ) ) ;
#4080 = ORIENTED_EDGE ( 'NONE', *, *, #4016, .T. ) ;
#4081 = CARTESIAN_POINT ( 'NONE',  ( -59.75085423858651978, -226.5000000000000853, 10.31091636418652158 ) ) ;
#4082 = FACE_OUTER_BOUND ( 'NONE', #2744, .T. ) ;
#4083 = FACE_BOUND ( 'NONE', #2454, .T. ) ;
#4084 = EDGE_CURVE ( 'NONE', #1458, #2220, #4697, .T. ) ;
#4085 = MECHANICAL_DESIGN_GEOMETRIC_PRESENTATION_REPRESENTATION (  '', ( #4627 ), #2758 ) ;
#4086 = SURFACE_SIDE_STYLE ('',( #1980 ) ) ;
#4087 = DIRECTION ( 'NONE',  ( 0.000000000000000000, 0.000000000000000000, -1.000000000000000000 ) ) ;
#4088 = ORIENTED_EDGE ( 'NONE', *, *, #2130, .F. ) ;
#4089 = ORIENTED_EDGE ( 'NONE', *, *, #4740, .T. ) ;
#4090 = ORIENTED_EDGE ( 'NONE', *, *, #3656, .F. ) ;
#4091 = CARTESIAN_POINT ( 'NONE',  ( -8.850000000000003197, -233.5000000000000000, 18.80000000000000071 ) ) ;
#4092 = LINE ( 'NONE', #2787, #2222 ) ;
#4093 = VECTOR ( 'NONE', #3165, 1000.000000000000000 ) ;
#4094 = CARTESIAN_POINT ( 'NONE',  ( -41.85000000000000142, -61.50000000000000711, 13.80000000000000071 ) ) ;
#4095 = ORIENTED_EDGE ( 'NONE', *, *, #4485, .T. ) ;
#4096 = FILL_AREA_STYLE ('',( #2794 ) ) ;
#4097 = PRESENTATION_LAYER_ASSIGNMENT (  '', '', ( #3934 ) ) ;
#4098 =( NAMED_UNIT ( * ) PLANE_ANGLE_UNIT ( ) SI_UNIT ( $, .RADIAN. ) );
#4099 = LINE ( 'NONE', #317, #3119 ) ;
#4100 = COLOUR_RGB ( '',0.5999999999999999778, 0.1607843137254901800, 0.7529411764705882248 ) ;
#4101 = COLOUR_RGB ( '',0.5999999999999999778, 0.1607843137254901800, 0.7529411764705882248 ) ;
#4102 = VECTOR ( 'NONE', #1969, 1000.000000000000000 ) ;
#4103 =( LENGTH_UNIT ( ) NAMED_UNIT ( * ) SI_UNIT ( .MILLI., .METRE. ) );
#4104 = DIRECTION ( 'NONE',  ( 0.000000000000000000, 1.000000000000000000, 0.000000000000000000 ) ) ;
#4105 = AXIS2_PLACEMENT_3D ( 'NONE', #2413, #2040, #1236 ) ;
#4106 = CARTESIAN_POINT ( 'NONE',  ( 29.17999999999999261, -224.8125542170776896, 10.31091636418653046 ) ) ;
#4107 = ORIENTED_EDGE ( 'NONE', *, *, #1711, .T. ) ;
#4108 = ADVANCED_FACE ( 'NONE', ( #2580 ), #4375, .T. ) ;
#4109 = FACE_BOUND ( 'NONE', #4501, .T. ) ;
#4110 = FILL_AREA_STYLE_COLOUR ( '', #1228 ) ;
#4111 = UNCERTAINTY_MEASURE_WITH_UNIT (LENGTH_MEASURE( 1.000000000000000082E-05 ), #1440, 'distance_accuracy_value', 'NONE');
#4112 = DIRECTION ( 'NONE',  ( -3.079163037012304564E-16, 1.000000000000000000, 0.000000000000000000 ) ) ;
#4113 =( GEOMETRIC_REPRESENTATION_CONTEXT ( 3 ) GLOBAL_UNCERTAINTY_ASSIGNED_CONTEXT ( ( #3545 ) ) GLOBAL_UNIT_ASSIGNED_CONTEXT ( ( #3301, #1641, #3719 ) ) REPRESENTATION_CONTEXT ( 'NONE', 'WORKASPACE' ) );
#4114 = CARTESIAN_POINT ( 'NONE',  ( -71.84999999999989484, -173.5000000000000000, -16.20000000000005969 ) ) ;
#4115 = EDGE_LOOP ( 'NONE', ( #1245 ) ) ;
#4116 = COLOUR_RGB ( '',0.5999999999999999778, 0.1607843137254901800, 0.7529411764705882248 ) ;
#4117 = EDGE_CURVE ( 'NONE', #991, #3821, #5357, .T. ) ;
#4118 = ORIENTED_EDGE ( 'NONE', *, *, #2213, .T. ) ;
#4119 = ORIENTED_EDGE ( 'NONE', *, *, #442, .T. ) ;
#4120 = CARTESIAN_POINT ( 'NONE',  ( -11.25000000000000711, -233.5000000000000000, 18.80000000000000071 ) ) ;
#4121 = FACE_BOUND ( 'NONE', #4735, .T. ) ;
#4122 = CARTESIAN_POINT ( 'NONE',  ( 7.650000000000007461, -110.9999999999999716, 3.450000000000008615 ) ) ;
#4123 = PLANE ( 'NONE',  #5476 ) ;
#4124 = CARTESIAN_POINT ( 'NONE',  ( -68.84999999999992326, -249.7149660633790802, 131.3520992523448001 ) ) ;
#4125 = LINE ( 'NONE', #3713, #130 ) ;
#4126 = SURFACE_STYLE_FILL_AREA ( #694 ) ;
#4127 =( NAMED_UNIT ( * ) PLANE_ANGLE_UNIT ( ) SI_UNIT ( $, .RADIAN. ) );
#4128 = STYLED_ITEM ( 'NONE', ( #79 ), #778 ) ;
#4129 = DIRECTION ( 'NONE',  ( 0.000000000000000000, -1.000000000000000000, 0.000000000000000000 ) ) ;
#4130 = CARTESIAN_POINT ( 'NONE',  ( 41.14999999999989200, -171.4299999999999216, 3.700000000000030376 ) ) ;
#4131 = PLANE ( 'NONE',  #733 ) ;
#4132 = CARTESIAN_POINT ( 'NONE',  ( -68.84999999999990905, -171.4299999999999216, 3.700000000000044587 ) ) ;
#4133 = PRESENTATION_LAYER_ASSIGNMENT (  '', '', ( #5 ) ) ;
#4134 = CARTESIAN_POINT ( 'NONE',  ( 4.669697220176630914, -249.7149660633790802, -32.30000000000000426 ) ) ;
#4135 = CARTESIAN_POINT ( 'NONE',  ( -51.20427119293231044, -221.5000000000000000, 23.79999999999998650 ) ) ;
#4136 = ORIENTED_EDGE ( 'NONE', *, *, #2798, .T. ) ;
#4137 = PRESENTATION_STYLE_ASSIGNMENT (( #4951 ) ) ;
#4138 = LINE ( 'NONE', #834, #527 ) ;
#4139 =( LENGTH_UNIT ( ) NAMED_UNIT ( * ) SI_UNIT ( .MILLI., .METRE. ) );
#4140 = PRESENTATION_LAYER_ASSIGNMENT (  '', '', ( #1043 ) ) ;
#4141 = FACE_BOUND ( 'NONE', #2449, .T. ) ;
#4142 = PLANE ( 'NONE',  #3579 ) ;
#4143 = ADVANCED_FACE ( 'NONE', ( #1923 ), #5327, .F. ) ;
#4144 = AXIS2_PLACEMENT_3D ( 'NONE', #380, #2095, #2063 ) ;
#4145 = ORIENTED_EDGE ( 'NONE', *, *, #2285, .T. ) ;
#4146 = VERTEX_POINT ( 'NONE', #4474 ) ;
#4147 = ORIENTED_EDGE ( 'NONE', *, *, #237, .F. ) ;
#4148 = VERTEX_POINT ( 'NONE', #1597 ) ;
#4149 = CYLINDRICAL_SURFACE ( 'NONE', #4882, 5.000000000000000888 ) ;
#4150 = CARTESIAN_POINT ( 'NONE',  ( 41.14999999999989910, -57.28503393662091980, -199.7533158412937553 ) ) ;
#4151 = DIRECTION ( 'NONE',  ( 1.000000000000000000, 0.000000000000000000, 0.000000000000000000 ) ) ;
#4152 = EDGE_CURVE ( 'NONE', #2042, #2388, #3678, .T. ) ;
#4153 = FILL_AREA_STYLE_COLOUR ( '', #752 ) ;
#4154 = DIRECTION ( 'NONE',  ( 0.000000000000000000, 1.000000000000000000, 0.000000000000000000 ) ) ;
#4155 = ORIENTED_EDGE ( 'NONE', *, *, #566, .T. ) ;
#4156 = FACE_OUTER_BOUND ( 'NONE', #682, .T. ) ;
#4157 = SURFACE_STYLE_USAGE ( .BOTH. , #3683 ) ;
#4158 = CARTESIAN_POINT ( 'NONE',  ( 0.000000000000000000, 0.000000000000000000, 10.31091636418653046 ) ) ;
#4159 = DIRECTION ( 'NONE',  ( -0.8090169943749464521, 0.000000000000000000, -0.5877852522924745804 ) ) ;
#4160 = CARTESIAN_POINT ( 'NONE',  ( 0.000000000000000000, -221.5000000000000000, 18.70000000000000995 ) ) ;
#4161 = ADVANCED_FACE ( 'NONE', ( #4898, #4121, #5387, #1104, #2790, #4569 ), #4930, .T. ) ;
#4162 =( GEOMETRIC_REPRESENTATION_CONTEXT ( 3 ) GLOBAL_UNCERTAINTY_ASSIGNED_CONTEXT ( ( #2609 ) ) GLOBAL_UNIT_ASSIGNED_CONTEXT ( ( #801, #4648, #2469 ) ) REPRESENTATION_CONTEXT ( 'NONE', 'WORKASPACE' ) );
#4163 = DIRECTION ( 'NONE',  ( -0.000000000000000000, -0.000000000000000000, 1.000000000000000000 ) ) ;
#4164 = FACE_OUTER_BOUND ( 'NONE', #4556, .T. ) ;
#4165 = PRESENTATION_STYLE_ASSIGNMENT (( #2975 ) ) ;
#4166 = DIRECTION ( 'NONE',  ( -1.000000000000000000, 0.000000000000000000, 2.891205793294678326E-16 ) ) ;
#4167 = VECTOR ( 'NONE', #2500, 1000.000000000000000 ) ;
#4168 = FILL_AREA_STYLE_COLOUR ( '', #390 ) ;
#4169 = FILL_AREA_STYLE ('',( #2464 ) ) ;
#4170 =( LENGTH_UNIT ( ) NAMED_UNIT ( * ) SI_UNIT ( .MILLI., .METRE. ) );
#4171 = CARTESIAN_POINT ( 'NONE',  ( 36.17999999999997840, -183.4300000000000068, 10.31091636418653046 ) ) ;
#4172 = ORIENTED_EDGE ( 'NONE', *, *, #4381, .T. ) ;
#4173 = CARTESIAN_POINT ( 'NONE',  ( 4.669697220176630914, -263.5000000000000000, -32.30000000000000426 ) ) ;
#4174 = PRESENTATION_LAYER_ASSIGNMENT (  '', '', ( #4973 ) ) ;
#4175 = CARTESIAN_POINT ( 'NONE',  ( -56.88000000000000966, -221.5000000000000284, 10.31091636418653046 ) ) ;
#4176 = UNCERTAINTY_MEASURE_WITH_UNIT (LENGTH_MEASURE( 1.000000000000000082E-05 ), #2614, 'distance_accuracy_value', 'NONE');
#4177 = DIRECTION ( 'NONE',  ( -0.000000000000000000, 0.000000000000000000, 1.000000000000000000 ) ) ;
#4178 =( LENGTH_UNIT ( ) NAMED_UNIT ( * ) SI_UNIT ( .MILLI., .METRE. ) );
#4179 = PRESENTATION_LAYER_ASSIGNMENT (  '', '', ( #1258 ) ) ;
#4180 = ORIENTED_EDGE ( 'NONE', *, *, #1409, .T. ) ;
#4181 = ORIENTED_EDGE ( 'NONE', *, *, #5345, .F. ) ;
#4182 = ORIENTED_EDGE ( 'NONE', *, *, #2303, .F. ) ;
#4183 = EDGE_LOOP ( 'NONE', ( #3284, #2543, #1069, #44 ) ) ;
#4184 = CARTESIAN_POINT ( 'NONE',  ( 8.900000000000007461, -110.9999999999999716, 6.700000000000008171 ) ) ;
#4185 =( GEOMETRIC_REPRESENTATION_CONTEXT ( 3 ) GLOBAL_UNCERTAINTY_ASSIGNED_CONTEXT ( ( #2832 ) ) GLOBAL_UNIT_ASSIGNED_CONTEXT ( ( #1860, #5315, #3215 ) ) REPRESENTATION_CONTEXT ( 'NONE', 'WORKASPACE' ) );
#4186 = EDGE_LOOP ( 'NONE', ( #4269, #1089, #4809, #325, #1239, #3064, #19 ) ) ;
#4187 = CARTESIAN_POINT ( 'NONE',  ( 4.669697220176630914, -256.5000000000000000, 8.700000000000008171 ) ) ;
#4188 =( NAMED_UNIT ( * ) PLANE_ANGLE_UNIT ( ) SI_UNIT ( $, .RADIAN. ) );
#4189 = EDGE_CURVE ( 'NONE', #2064, #3488, #1303, .T. ) ;
#4190 = DIRECTION ( 'NONE',  ( -1.000000000000000000, 0.000000000000000000, 0.000000000000000000 ) ) ;
#4191 = FILL_AREA_STYLE ('',( #3745 ) ) ;
#4192 =( NAMED_UNIT ( * ) SI_UNIT ( $, .STERADIAN. ) SOLID_ANGLE_UNIT ( ) );
#4193 = MECHANICAL_DESIGN_GEOMETRIC_PRESENTATION_REPRESENTATION (  '', ( #1709 ), #1794 ) ;
#4194 = DIRECTION ( 'NONE',  ( 1.000000000000000000, 0.000000000000000000, 0.000000000000000000 ) ) ;
#4195 = PRESENTATION_LAYER_ASSIGNMENT (  '', '', ( #4536 ) ) ;
#4196 = CARTESIAN_POINT ( 'NONE',  ( 36.17999999999997840, -176.4300000000000068, 10.31091636418653046 ) ) ;
#4197 = EDGE_CURVE ( 'NONE', #43, #3185, #5072, .T. ) ;
#4198 =( LENGTH_UNIT ( ) NAMED_UNIT ( * ) SI_UNIT ( .MILLI., .METRE. ) );
#4199 = DIRECTION ( 'NONE',  ( -1.000000000000000000, 0.000000000000000000, -0.000000000000000000 ) ) ;
#4200 = DIRECTION ( 'NONE',  ( 0.000000000000000000, 0.000000000000000000, 1.000000000000000000 ) ) ;
#4201 = LINE ( 'NONE', #2439, #4946 ) ;
#4202 = ORIENTED_EDGE ( 'NONE', *, *, #3482, .T. ) ;
#4203 = CIRCLE ( 'NONE', #1454, 1.249999999999999334 ) ;
#4204 = FACE_OUTER_BOUND ( 'NONE', #1835, .T. ) ;
#4205 = SURFACE_STYLE_FILL_AREA ( #4524 ) ;
#4206 = PRESENTATION_STYLE_ASSIGNMENT (( #2501 ) ) ;
#4207 = SURFACE_STYLE_FILL_AREA ( #774 ) ;
#4208 = DIRECTION ( 'NONE',  ( 0.000000000000000000, -1.000000000000000000, -0.000000000000000000 ) ) ;
#4209 = PRESENTATION_LAYER_ASSIGNMENT (  '', '', ( #1189 ) ) ;
#4210 = ORIENTED_EDGE ( 'NONE', *, *, #3540, .F. ) ;
#4211 = ORIENTED_EDGE ( 'NONE', *, *, #3717, .T. ) ;
#4212 = ORIENTED_EDGE ( 'NONE', *, *, #1068, .F. ) ;
#4213 = VERTEX_POINT ( 'NONE', #899 ) ;
#4214 = VERTEX_POINT ( 'NONE', #2905 ) ;
#4215 = VECTOR ( 'NONE', #492, 1000.000000000000000 ) ;
#4216 =( GEOMETRIC_REPRESENTATION_CONTEXT ( 3 ) GLOBAL_UNCERTAINTY_ASSIGNED_CONTEXT ( ( #859 ) ) GLOBAL_UNIT_ASSIGNED_CONTEXT ( ( #3521, #4279, #4012 ) ) REPRESENTATION_CONTEXT ( 'NONE', 'WORKASPACE' ) );
#4217 = DIRECTION ( 'NONE',  ( 1.442373091798715516E-16, 1.000000000000000000, 0.000000000000000000 ) ) ;
#4218 =( GEOMETRIC_REPRESENTATION_CONTEXT ( 3 ) GLOBAL_UNCERTAINTY_ASSIGNED_CONTEXT ( ( #3502 ) ) GLOBAL_UNIT_ASSIGNED_CONTEXT ( ( #3090, #932, #1805 ) ) REPRESENTATION_CONTEXT ( 'NONE', 'WORKASPACE' ) );
#4219 = ORIENTED_EDGE ( 'NONE', *, *, #5108, .T. ) ;
#4220 = PLANE ( 'NONE',  #951 ) ;
#4221 =( LENGTH_UNIT ( ) NAMED_UNIT ( * ) SI_UNIT ( .MILLI., .METRE. ) );
#4222 = SURFACE_STYLE_USAGE ( .BOTH. , #125 ) ;
#4223 = MECHANICAL_DESIGN_GEOMETRIC_PRESENTATION_REPRESENTATION (  '', ( #74 ), #4218 ) ;
#4224 = EDGE_CURVE ( 'NONE', #3932, #2153, #3859, .T. ) ;
#4225 = CARTESIAN_POINT ( 'NONE',  ( 4.669697220176641572, -43.50000000000000000, 8.700000000000013500 ) ) ;
#4226 = CARTESIAN_POINT ( 'NONE',  ( 10.15000000000000568, -253.5000000000000000, -32.30000000000000426 ) ) ;
#4227 =( NAMED_UNIT ( * ) SI_UNIT ( $, .STERADIAN. ) SOLID_ANGLE_UNIT ( ) );
#4228 = UNCERTAINTY_MEASURE_WITH_UNIT (LENGTH_MEASURE( 1.000000000000000082E-05 ), #2994, 'distance_accuracy_value', 'NONE');
#4229 = MECHANICAL_DESIGN_GEOMETRIC_PRESENTATION_REPRESENTATION (  '', ( #255 ), #3354 ) ;
#4230 = SURFACE_STYLE_USAGE ( .BOTH. , #2527 ) ;
#4231 = EDGE_CURVE ( 'NONE', #958, #1185, #5133, .T. ) ;
#4232 = PLANE ( 'NONE',  #2967 ) ;
#4233 = MECHANICAL_DESIGN_GEOMETRIC_PRESENTATION_REPRESENTATION (  '', ( #4128 ), #335 ) ;
#4234 = VERTEX_POINT ( 'NONE', #2106 ) ;
#4235 = CARTESIAN_POINT ( 'NONE',  ( 4.669697220176630914, -263.5000000000000000, 8.700000000000008171 ) ) ;
#4236 = DIRECTION ( 'NONE',  ( -0.000000000000000000, -0.000000000000000000, -1.000000000000000000 ) ) ;
#4237 = CARTESIAN_POINT ( 'NONE',  ( -90.23277959908207890, -153.5131738116206748, 15.31091636418652868 ) ) ;
#4238 = DIRECTION ( 'NONE',  ( 0.000000000000000000, -0.000000000000000000, -1.000000000000000000 ) ) ;
#4239 = EDGE_LOOP ( 'NONE', ( #5010, #923, #2227, #447, #72, #2101 ) ) ;
#4240 = ORIENTED_EDGE ( 'NONE', *, *, #230, .F. ) ;
#4241 = VERTEX_POINT ( 'NONE', #3802 ) ;
#4242 = MECHANICAL_DESIGN_GEOMETRIC_PRESENTATION_REPRESENTATION (  '', ( #4484 ), #3254 ) ;
#4243 = CIRCLE ( 'NONE', #4144, 2.549999999999996714 ) ;
#4244 = LINE ( 'NONE', #458, #1403 ) ;
#4245 = VERTEX_POINT ( 'NONE', #22 ) ;
#4246 = PRESENTATION_STYLE_ASSIGNMENT (( #2544 ) ) ;
#4247 = FILL_AREA_STYLE_COLOUR ( '', #5073 ) ;
#4248 = CARTESIAN_POINT ( 'NONE',  ( -13.85000000000000497, -233.5000000000000000, 13.70000000000000817 ) ) ;
#4249 = CARTESIAN_POINT ( 'NONE',  ( 17.90000000000000924, -57.74999999999999289, 6.700000000000008171 ) ) ;
#4250 = DIRECTION ( 'NONE',  ( 1.000000000000000000, 0.000000000000000000, 0.000000000000000000 ) ) ;
#4251 = SURFACE_STYLE_FILL_AREA ( #2944 ) ;
#4252 = PRESENTATION_STYLE_ASSIGNMENT (( #2115 ) ) ;
#4253 = CARTESIAN_POINT ( 'NONE',  ( -6.350000000000002309, -1.101549407245273491E-15, 23.80000000000000071 ) ) ;
#4254 = PRESENTATION_STYLE_ASSIGNMENT (( #5224 ) ) ;
#4255 = DIRECTION ( 'NONE',  ( 0.000000000000000000, 1.000000000000000000, 0.000000000000000000 ) ) ;
#4256 = VECTOR ( 'NONE', #2302, 1000.000000000000000 ) ;
#4257 = ORIENTED_EDGE ( 'NONE', *, *, #1680, .T. ) ;
#4258 = DIRECTION ( 'NONE',  ( 1.000000000000000000, 0.000000000000000000, 0.000000000000000000 ) ) ;
#4259 = FILL_AREA_STYLE ('',( #4755 ) ) ;
#4260 = ADVANCED_FACE ( 'NONE', ( #1692, #4711 ), #2965, .T. ) ;
#4261 = CARTESIAN_POINT ( 'NONE',  ( 4.669697220176630914, -256.5000000000000000, 8.700000000000008171 ) ) ;
#4262 = EDGE_LOOP ( 'NONE', ( #470 ) ) ;
#4263 = VERTEX_POINT ( 'NONE', #4922 ) ;
#4264 = EDGE_LOOP ( 'NONE', ( #3219, #4494, #1215, #3352, #2786, #2663 ) ) ;
#4265 = CARTESIAN_POINT ( 'NONE',  ( -16.45000000000000284, -233.5000000000000000, -32.30000000000000426 ) ) ;
#4266 = EDGE_CURVE ( 'NONE', #36, #1866, #302, .T. ) ;
#4267 =( GEOMETRIC_REPRESENTATION_CONTEXT ( 3 ) GLOBAL_UNCERTAINTY_ASSIGNED_CONTEXT ( ( #1676 ) ) GLOBAL_UNIT_ASSIGNED_CONTEXT ( ( #91, #64, #1812 ) ) REPRESENTATION_CONTEXT ( 'NONE', 'WORKASPACE' ) );
#4268 = DIRECTION ( 'NONE',  ( -0.8090169943749510040, 0.000000000000000000, -0.5877852522924682521 ) ) ;
#4269 = ORIENTED_EDGE ( 'NONE', *, *, #104, .T. ) ;
#4270 = CARTESIAN_POINT ( 'NONE',  ( 29.17999999999998195, -57.28503393662091980, 12.39671406022403666 ) ) ;
#4271 = FILL_AREA_STYLE_COLOUR ( '', #956 ) ;
#4272 = SURFACE_STYLE_FILL_AREA ( #1280 ) ;
#4273 = CARTESIAN_POINT ( 'NONE',  ( -51.20427119293231755, -253.5000000000000000, 23.80000000000000071 ) ) ;
#4274 = SURFACE_SIDE_STYLE ('',( #4771 ) ) ;
#4275 = MECHANICAL_DESIGN_GEOMETRIC_PRESENTATION_REPRESENTATION (  '', ( #1080 ), #4435 ) ;
#4276 = UNCERTAINTY_MEASURE_WITH_UNIT (LENGTH_MEASURE( 1.000000000000000082E-05 ), #3094, 'distance_accuracy_value', 'NONE');
#4277 = EDGE_CURVE ( 'NONE', #1919, #581, #3256, .T. ) ;
#4278 = FACE_OUTER_BOUND ( 'NONE', #5346, .T. ) ;
#4279 =( NAMED_UNIT ( * ) PLANE_ANGLE_UNIT ( ) SI_UNIT ( $, .RADIAN. ) );
#4280 = FILL_AREA_STYLE ('',( #469 ) ) ;
#4281 = ORIENTED_EDGE ( 'NONE', *, *, #566, .F. ) ;
#4282 = LINE ( 'NONE', #2172, #284 ) ;
#4283 = VECTOR ( 'NONE', #4579, 1000.000000000000000 ) ;
#4284 = DIRECTION ( 'NONE',  ( 0.5877852522924745804, 7.290497520033331288E-17, -0.8090169943749464521 ) ) ;
#4285 = VECTOR ( 'NONE', #1737, 1000.000000000000000 ) ;
#4286 = DIRECTION ( 'NONE',  ( -1.000000000000000000, -0.000000000000000000, -0.000000000000000000 ) ) ;
#4287 =( GEOMETRIC_REPRESENTATION_CONTEXT ( 3 ) GLOBAL_UNCERTAINTY_ASSIGNED_CONTEXT ( ( #4671 ) ) GLOBAL_UNIT_ASSIGNED_CONTEXT ( ( #3588, #1672, #5081 ) ) REPRESENTATION_CONTEXT ( 'NONE', 'WORKASPACE' ) );
#4288 = EDGE_CURVE ( 'NONE', #2103, #2103, #1088, .T. ) ;
#4289 = ORIENTED_EDGE ( 'NONE', *, *, #3536, .T. ) ;
#4290 = VECTOR ( 'NONE', #723, 1000.000000000000000 ) ;
#4291 = ORIENTED_EDGE ( 'NONE', *, *, #1724, .F. ) ;
#4292 = VERTEX_POINT ( 'NONE', #3191 ) ;
#4293 = EDGE_CURVE ( 'NONE', #592, #5158, #2361, .T. ) ;
#4294 = ORIENTED_EDGE ( 'NONE', *, *, #329, .F. ) ;
#4295 = ORIENTED_EDGE ( 'NONE', *, *, #877, .T. ) ;
#4296 = CARTESIAN_POINT ( 'NONE',  ( -37.85000000000000142, -263.5000000000000000, -32.30000000000000426 ) ) ;
#4297 = FACE_OUTER_BOUND ( 'NONE', #2129, .T. ) ;
#4298 = CARTESIAN_POINT ( 'NONE',  ( -32.36969722017663287, -263.5000000000000000, -32.30000000000000426 ) ) ;
#4299 = LINE ( 'NONE', #2190, #4215 ) ;
#4300 =( GEOMETRIC_REPRESENTATION_CONTEXT ( 3 ) GLOBAL_UNCERTAINTY_ASSIGNED_CONTEXT ( ( #1782 ) ) GLOBAL_UNIT_ASSIGNED_CONTEXT ( ( #3804, #4188, #3266 ) ) REPRESENTATION_CONTEXT ( 'NONE', 'WORKASPACE' ) );
#4301 = CARTESIAN_POINT ( 'NONE',  ( 4.669697220176630914, -263.5000000000000000, 8.700000000000008171 ) ) ;
#4302 =( NAMED_UNIT ( * ) PLANE_ANGLE_UNIT ( ) SI_UNIT ( $, .RADIAN. ) );
#4303 =( NAMED_UNIT ( * ) PLANE_ANGLE_UNIT ( ) SI_UNIT ( $, .RADIAN. ) );
#4304 = ORIENTED_EDGE ( 'NONE', *, *, #4152, .T. ) ;
#4305 = PLANE ( 'NONE',  #4974 ) ;
#4306 =( GEOMETRIC_REPRESENTATION_CONTEXT ( 3 ) GLOBAL_UNCERTAINTY_ASSIGNED_CONTEXT ( ( #852 ) ) GLOBAL_UNIT_ASSIGNED_CONTEXT ( ( #1187, #2483, #720 ) ) REPRESENTATION_CONTEXT ( 'NONE', 'WORKASPACE' ) );
#4307 = CARTESIAN_POINT ( 'NONE',  ( -56.88000000000000256, -176.4299999999999784, 15.31091636418652868 ) ) ;
#4308 =( NAMED_UNIT ( * ) SI_UNIT ( $, .STERADIAN. ) SOLID_ANGLE_UNIT ( ) );
#4309 = MECHANICAL_DESIGN_GEOMETRIC_PRESENTATION_REPRESENTATION (  '', ( #1213 ), #1663 ) ;
#4310 = ORIENTED_EDGE ( 'NONE', *, *, #451, .T. ) ;
#4311 = ORIENTED_EDGE ( 'NONE', *, *, #4725, .F. ) ;
#4312 = EDGE_LOOP ( 'NONE', ( #5019, #5268, #1012, #675 ) ) ;
#4313 = APPLICATION_PROTOCOL_DEFINITION ( 'draft international standard', 'automotive_design', 1998, #2550 ) ;
#4314 = EDGE_CURVE ( 'NONE', #1486, #2809, #1095, .T. ) ;
#4315 = CIRCLE ( 'NONE', #2995, 6.599999999999991651 ) ;
#4316 = EDGE_LOOP ( 'NONE', ( #135 ) ) ;
#4317 = ORIENTED_EDGE ( 'NONE', *, *, #4288, .T. ) ;
#4318 = CARTESIAN_POINT ( 'NONE',  ( -26.36969722017663287, -263.5000000000000000, 12.80000000000000071 ) ) ;
#4319 = CARTESIAN_POINT ( 'NONE',  ( -41.84999999999999432, -111.0000000000000000, 6.700000000000008171 ) ) ;
#4320 = ADVANCED_FACE ( 'NONE', ( #3225, #2783, #3700, #1042, #4466 ), #2727, .T. ) ;
#4321 = PLANE ( 'NONE',  #4878 ) ;
#4322 = FILL_AREA_STYLE_COLOUR ( '', #2869 ) ;
#4323 = STYLED_ITEM ( 'NONE', ( #3373 ), #1845 ) ;
#4324 = CARTESIAN_POINT ( 'NONE',  ( 17.90000000000000924, -57.74999999999999289, 3.450000000000008171 ) ) ;
#4325 = SURFACE_STYLE_FILL_AREA ( #2634 ) ;
#4326 = UNCERTAINTY_MEASURE_WITH_UNIT (LENGTH_MEASURE( 1.000000000000000082E-05 ), #5169, 'distance_accuracy_value', 'NONE');
#4327 = EDGE_CURVE ( 'NONE', #1304, #5157, #1285, .T. ) ;
#4328 = UNCERTAINTY_MEASURE_WITH_UNIT (LENGTH_MEASURE( 1.000000000000000082E-05 ), #4178, 'distance_accuracy_value', 'NONE');
#4329 = FILL_AREA_STYLE ('',( #4355 ) ) ;
#4330 = VERTEX_POINT ( 'NONE', #2113 ) ;
#4331 = DIRECTION ( 'NONE',  ( 0.000000000000000000, 1.000000000000000000, 9.011550524554843201E-17 ) ) ;
#4332 = CIRCLE ( 'NONE', #1932, 6.499999999999999112 ) ;
#4333 = LINE ( 'NONE', #3007, #3483 ) ;
#4334 = CARTESIAN_POINT ( 'NONE',  ( -63.88000000000000966, -221.5000000000000000, -4.200000000000012612 ) ) ;
#4335 = CARTESIAN_POINT ( 'NONE',  ( 4.669697220176630914, -256.5000000000000000, 18.70000000000000995 ) ) ;
#4336 =( NAMED_UNIT ( * ) SI_UNIT ( $, .STERADIAN. ) SOLID_ANGLE_UNIT ( ) );
#4337 = EDGE_LOOP ( 'NONE', ( #2043 ) ) ;
#4338 = ORIENTED_EDGE ( 'NONE', *, *, #3162, .F. ) ;
#4339 = VERTEX_POINT ( 'NONE', #4265 ) ;
#4340 = MECHANICAL_DESIGN_GEOMETRIC_PRESENTATION_REPRESENTATION (  '', ( #2476 ), #5425 ) ;
#4341 = CYLINDRICAL_SURFACE ( 'NONE', #2582, 6.500000000000000000 ) ;
#4342 = PRESENTATION_LAYER_ASSIGNMENT (  '', '', ( #5153 ) ) ;
#4343 = ORIENTED_EDGE ( 'NONE', *, *, #21, .T. ) ;
#4344 = ORIENTED_EDGE ( 'NONE', *, *, #4350, .T. ) ;
#4345 = CARTESIAN_POINT ( 'NONE',  ( 10.14999999999999325, -253.5000000000000000, 23.80000000000000071 ) ) ;
#4346 = CARTESIAN_POINT ( 'NONE',  ( -45.60000000000000142, -57.74999999999999289, 3.450000000000008171 ) ) ;
#4347 = AXIS2_PLACEMENT_3D ( 'NONE', #1722, #2211, #2186 ) ;
#4348 =( NAMED_UNIT ( * ) SI_UNIT ( $, .STERADIAN. ) SOLID_ANGLE_UNIT ( ) );
#4349 = LINE ( 'NONE', #2682, #5126 ) ;
#4350 = EDGE_CURVE ( 'NONE', #2892, #3351, #2974, .T. ) ;
#4351 = LINE ( 'NONE', #2998, #654 ) ;
#4352 = AXIS2_PLACEMENT_3D ( 'NONE', #1007, #2314, #3971 ) ;
#4353 = SURFACE_STYLE_USAGE ( .BOTH. , #1314 ) ;
#4354 = DIRECTION ( 'NONE',  ( 0.000000000000000000, 0.000000000000000000, -1.000000000000000000 ) ) ;
#4355 = FILL_AREA_STYLE_COLOUR ( '', #5190 ) ;
#4356 = ADVANCED_FACE ( 'NONE', ( #4164 ), #2523, .F. ) ;
#4357 = ORIENTED_EDGE ( 'NONE', *, *, #4084, .T. ) ;
#4358 = SURFACE_STYLE_USAGE ( .BOTH. , #3025 ) ;
#4359 = COLOUR_RGB ( '',0.5999999999999999778, 0.1607843137254901800, 0.7529411764705882248 ) ;
#4360 = DIRECTION ( 'NONE',  ( 0.000000000000000000, 0.000000000000000000, 1.000000000000000000 ) ) ;
#4361 = CARTESIAN_POINT ( 'NONE',  ( -13.85000000000000497, -233.5000000000000000, -32.30000000000000426 ) ) ;
#4362 = SURFACE_STYLE_FILL_AREA ( #4915 ) ;
#4363 = VERTEX_POINT ( 'NONE', #4225 ) ;
#4364 = ORIENTED_EDGE ( 'NONE', *, *, #2830, .F. ) ;
#4365 =( LENGTH_UNIT ( ) NAMED_UNIT ( * ) SI_UNIT ( .MILLI., .METRE. ) );
#4366 = VECTOR ( 'NONE', #4408, 1000.000000000000000 ) ;
#4367 = ADVANCED_BREP_SHAPE_REPRESENTATION ( 'RD_Top714NewLidarV2__Default__F5925A7A0716', ( #3665, #3332 ), #511 ) ;
#4368 = ORIENTED_EDGE ( 'NONE', *, *, #2737, .T. ) ;
#4369 = ORIENTED_EDGE ( 'NONE', *, *, #3920, .T. ) ;
#4370 = VERTEX_POINT ( 'NONE', #1099 ) ;
#4371 = STYLED_ITEM ( 'NONE', ( #3471 ), #4417 ) ;
#4372 = FILL_AREA_STYLE_COLOUR ( '', #3595 ) ;
#4373 = CIRCLE ( 'NONE', #5361, 2.549999999999996714 ) ;
#4374 =( NAMED_UNIT ( * ) PLANE_ANGLE_UNIT ( ) SI_UNIT ( $, .RADIAN. ) );
#4375 = PLANE ( 'NONE',  #5179 ) ;
#4376 = SURFACE_SIDE_STYLE ('',( #1392 ) ) ;
#4377 = SURFACE_STYLE_USAGE ( .BOTH. , #152 ) ;
#4378 = VECTOR ( 'NONE', #3242, 1000.000000000000000 ) ;
#4379 = DIRECTION ( 'NONE',  ( -0.000000000000000000, -0.000000000000000000, -1.000000000000000000 ) ) ;
#4380 = COLOUR_RGB ( '',0.5999999999999999778, 0.1607843137254901800, 0.7529411764705882248 ) ;
#4381 = EDGE_CURVE ( 'NONE', #2821, #2821, #934, .T. ) ;
#4382 = COLOUR_RGB ( '',0.5999999999999999778, 0.1607843137254901800, 0.7529411764705882248 ) ;
#4383 = ORIENTED_EDGE ( 'NONE', *, *, #4696, .F. ) ;
#4384 = CARTESIAN_POINT ( 'NONE',  ( 20.50427119293204825, -249.7149660633790802, 18.70000000000000995 ) ) ;
#4385 = FACE_OUTER_BOUND ( 'NONE', #3911, .T. ) ;
#4386 = PRODUCT_DEFINITION_FORMATION_WITH_SPECIFIED_SOURCE ( 'ANY', '', #4414, .NOT_KNOWN. ) ;
#4387 = EDGE_CURVE ( 'NONE', #3229, #480, #2, .T. ) ;
#4388 =( NAMED_UNIT ( * ) PLANE_ANGLE_UNIT ( ) SI_UNIT ( $, .RADIAN. ) );
#4389 = CARTESIAN_POINT ( 'NONE',  ( -63.88000000000000966, -183.4300000000000068, 10.31091636418653046 ) ) ;
#4390 = FILL_AREA_STYLE ('',( #5316 ) ) ;
#4391 = ORIENTED_EDGE ( 'NONE', *, *, #2977, .T. ) ;
#4392 = DIRECTION ( 'NONE',  ( -0.000000000000000000, 1.000000000000000000, -0.000000000000000000 ) ) ;
#4393 = ORIENTED_EDGE ( 'NONE', *, *, #1282, .F. ) ;
#4394 = VERTEX_POINT ( 'NONE', #4419 ) ;
#4395 = SURFACE_SIDE_STYLE ('',( #3563 ) ) ;
#4396 = VECTOR ( 'NONE', #2055, 1000.000000000000000 ) ;
#4397 = LINE ( 'NONE', #3425, #147 ) ;
#4398 = LINE ( 'NONE', #4038, #4047 ) ;
#4399 =( LENGTH_UNIT ( ) NAMED_UNIT ( * ) SI_UNIT ( .MILLI., .METRE. ) );
#4400 = PLANE ( 'NONE',  #4646 ) ;
#4401 = LINE ( 'NONE', #615, #2265 ) ;
#4402 = COLOUR_RGB ( '',0.5999999999999999778, 0.1607843137254901800, 0.7529411764705882248 ) ;
#4403 =( NAMED_UNIT ( * ) SI_UNIT ( $, .STERADIAN. ) SOLID_ANGLE_UNIT ( ) );
#4404 = MECHANICAL_DESIGN_GEOMETRIC_PRESENTATION_REPRESENTATION (  '', ( #1325 ), #2451 ) ;
#4405 = EDGE_LOOP ( 'NONE', ( #4211, #542, #844 ) ) ;
#4406 = EDGE_CURVE ( 'NONE', #5129, #839, #3391, .T. ) ;
#4407 = CARTESIAN_POINT ( 'NONE',  ( -14.07890265948978659, -199.6547004183910587, 43.49353152340146522 ) ) ;
#4408 = DIRECTION ( 'NONE',  ( 1.000000000000000000, -0.000000000000000000, -0.000000000000000000 ) ) ;
#4409 = SURFACE_STYLE_FILL_AREA ( #699 ) ;
#4410 = CARTESIAN_POINT ( 'NONE',  ( -56.88000000000000966, -173.1174457829224309, 12.39671406022405442 ) ) ;
#4411 = EDGE_CURVE ( 'NONE', #3930, #1684, #1192, .T. ) ;
#4412 = SURFACE_STYLE_FILL_AREA ( #3979 ) ;
#4413 = SURFACE_STYLE_USAGE ( .BOTH. , #2726 ) ;
#4414 = PRODUCT ( 'RD_Top714NewLidarV2__Default__F5925A7A0716', 'RD_Top714NewLidarV2__Default__F5925A7A0716', '', ( #5159 ) ) ;
#4415 = STYLED_ITEM ( 'NONE', ( #2197 ), #1939 ) ;
#4416 = ORIENTED_EDGE ( 'NONE', *, *, #884, .T. ) ;
#4417 = ADVANCED_FACE ( 'NONE', ( #2911, #821, #4578 ), #4608, .F. ) ;
#4418 = EDGE_LOOP ( 'NONE', ( #2096, #2676, #3692, #3528 ) ) ;
#4419 = CARTESIAN_POINT ( 'NONE',  ( -16.45000000000000639, -73.50000000000000000, -32.29999999999999005 ) ) ;
#4420 = FACE_OUTER_BOUND ( 'NONE', #646, .T. ) ;
#4421 = PRESENTATION_STYLE_ASSIGNMENT (( #4230 ) ) ;
#4422 = DIRECTION ( 'NONE',  ( 0.000000000000000000, 0.000000000000000000, -1.000000000000000000 ) ) ;
#4423 = CARTESIAN_POINT ( 'NONE',  ( 20.50427119293207667, -2.218110677672158186E-15, 18.70000000000000995 ) ) ;
#4424 = AXIS2_PLACEMENT_3D ( 'NONE', #2116, #5029, #3303 ) ;
#4425 =( NAMED_UNIT ( * ) PLANE_ANGLE_UNIT ( ) SI_UNIT ( $, .RADIAN. ) );
#4426 = DIRECTION ( 'NONE',  ( -1.000000000000000000, 0.000000000000000000, 0.000000000000000000 ) ) ;
#4427 = DIRECTION ( 'NONE',  ( -3.079163037012304564E-16, 1.000000000000000000, 3.138297949507077315E-16 ) ) ;
#4428 =( NAMED_UNIT ( * ) SI_UNIT ( $, .STERADIAN. ) SOLID_ANGLE_UNIT ( ) );
#4429 = MECHANICAL_DESIGN_GEOMETRIC_PRESENTATION_REPRESENTATION (  '', ( #3288 ), #1508 ) ;
#4430 = PRESENTATION_LAYER_ASSIGNMENT (  '', '', ( #207 ) ) ;
#4431 = UNCERTAINTY_MEASURE_WITH_UNIT (LENGTH_MEASURE( 1.000000000000000082E-05 ), #5348, 'distance_accuracy_value', 'NONE');
#4432 = VERTEX_POINT ( 'NONE', #4298 ) ;
#4433 = DIRECTION ( 'NONE',  ( 0.5877852522924682521, -6.358542237470815567E-17, 0.8090169943749510040 ) ) ;
#4434 = FILL_AREA_STYLE ('',( #3585 ) ) ;
#4435 =( GEOMETRIC_REPRESENTATION_CONTEXT ( 3 ) GLOBAL_UNCERTAINTY_ASSIGNED_CONTEXT ( ( #1831 ) ) GLOBAL_UNIT_ASSIGNED_CONTEXT ( ( #4721, #4302, #637 ) ) REPRESENTATION_CONTEXT ( 'NONE', 'WORKASPACE' ) );
#4436 = SURFACE_STYLE_FILL_AREA ( #3958 ) ;
#4437 = DIRECTION ( 'NONE',  ( 0.8090169943749510040, 0.000000000000000000, 0.5877852522924682521 ) ) ;
#4438 = EDGE_CURVE ( 'NONE', #5218, #1067, #3917, .T. ) ;
#4439 = PRESENTATION_STYLE_ASSIGNMENT (( #5321 ) ) ;
#4440 = VECTOR ( 'NONE', #851, 1000.000000000000000 ) ;
#4441 = ORIENTED_EDGE ( 'NONE', *, *, #1532, .T. ) ;
#4442 = ORIENTED_EDGE ( 'NONE', *, *, #2924, .F. ) ;
#4443 =( NAMED_UNIT ( * ) SI_UNIT ( $, .STERADIAN. ) SOLID_ANGLE_UNIT ( ) );
#4444 = COLOUR_RGB ( '',0.5999999999999999778, 0.1607843137254901800, 0.7529411764705882248 ) ;
#4445 = AXIS2_PLACEMENT_3D ( 'NONE', #184, #3507, #3180 ) ;
#4446 = EDGE_CURVE ( 'NONE', #4245, #1769, #2605, .T. ) ;
#4447 = CARTESIAN_POINT ( 'NONE',  ( 10.15000000000000568, -253.5000000000000000, -32.30000000000000426 ) ) ;
#4448 = SURFACE_STYLE_FILL_AREA ( #2236 ) ;
#4449 = AXIS2_PLACEMENT_3D ( 'NONE', #2793, #4066, #5419 ) ;
#4450 =( NAMED_UNIT ( * ) SI_UNIT ( $, .STERADIAN. ) SOLID_ANGLE_UNIT ( ) );
#4451 = LINE ( 'NONE', #1930, #2512 ) ;
#4452 = AXIS2_PLACEMENT_3D ( 'NONE', #378, #2061, #1294 ) ;
#4453 =( GEOMETRIC_REPRESENTATION_CONTEXT ( 3 ) GLOBAL_UNCERTAINTY_ASSIGNED_CONTEXT ( ( #1346 ) ) GLOBAL_UNIT_ASSIGNED_CONTEXT ( ( #1484, #2384, #275 ) ) REPRESENTATION_CONTEXT ( 'NONE', 'WORKASPACE' ) );
#4454 = STYLED_ITEM ( 'NONE', ( #2060 ), #3963 ) ;
#4455 = DIRECTION ( 'NONE',  ( 0.000000000000000000, 0.000000000000000000, -1.000000000000000000 ) ) ;
#4456 = PRESENTATION_STYLE_ASSIGNMENT (( #1081 ) ) ;
#4457 = SURFACE_STYLE_USAGE ( .BOTH. , #1402 ) ;
#4458 = CARTESIAN_POINT ( 'NONE',  ( -35.34999999999999432, -111.0000000000000000, 13.80000000000000071 ) ) ;
#4459 = STYLED_ITEM ( 'NONE', ( #3988 ), #4890 ) ;
#4460 = CARTESIAN_POINT ( 'NONE',  ( -63.88000000000000966, -221.5000000000000000, 10.31091636418653046 ) ) ;
#4461 = DIRECTION ( 'NONE',  ( 0.000000000000000000, 1.000000000000000000, 0.000000000000000000 ) ) ;
#4462 = ORIENTED_EDGE ( 'NONE', *, *, #5187, .F. ) ;
#4463 = CARTESIAN_POINT ( 'NONE',  ( -6.350000000000002309, -1.101549407245273688E-15, 18.70000000000000995 ) ) ;
#4464 = DIRECTION ( 'NONE',  ( -0.000000000000000000, -0.000000000000000000, 1.000000000000000000 ) ) ;
#4465 = CARTESIAN_POINT ( 'NONE',  ( -41.84999999999999432, -117.5000000000000142, 13.80000000000000071 ) ) ;
#4466 = FACE_OUTER_BOUND ( 'NONE', #3164, .T. ) ;
#4467 = ORIENTED_EDGE ( 'NONE', *, *, #108, .T. ) ;
#4468 = ORIENTED_EDGE ( 'NONE', *, *, #2151, .T. ) ;
#4469 = CARTESIAN_POINT ( 'NONE',  ( 41.14999999999988489, -155.9499999999999886, -1.200000000000063904 ) ) ;
#4470 = ADVANCED_FACE ( 'NONE', ( #2189 ), #2577, .F. ) ;
#4471 = VECTOR ( 'NONE', #4190, 1000.000000000000000 ) ;
#4472 = DIRECTION ( 'NONE',  ( 1.000000000000000000, 0.000000000000000000, 0.000000000000000000 ) ) ;
#4473 = CARTESIAN_POINT ( 'NONE',  ( -13.85000000000000497, -73.50000000000000000, -2.549999999999991829 ) ) ;
#4474 = CARTESIAN_POINT ( 'NONE',  ( -21.34999999999998010, -132.4999999999999716, 18.70000000000000995 ) ) ;
#4475 = PRESENTATION_LAYER_ASSIGNMENT (  '', '', ( #1213 ) ) ;
#4476 = VERTEX_POINT ( 'NONE', #490 ) ;
#4477 = FILL_AREA_STYLE_COLOUR ( '', #1010 ) ;
#4478 = CARTESIAN_POINT ( 'NONE',  ( -32.36969722017663287, -263.5000000000000000, 89.41067811865477211 ) ) ;
#4479 = EDGE_CURVE ( 'NONE', #3590, #1505, #4351, .T. ) ;
#4480 = CARTESIAN_POINT ( 'NONE',  ( -71.84999999999989484, -253.5000000000000000, 8.799999999999938538 ) ) ;
#4481 = DIRECTION ( 'NONE',  ( -0.000000000000000000, 1.000000000000000000, -0.000000000000000000 ) ) ;
#4482 = FILL_AREA_STYLE_COLOUR ( '', #2228 ) ;
#4483 = VECTOR ( 'NONE', #853, 1000.000000000000000 ) ;
#4484 = STYLED_ITEM ( 'NONE', ( #1121 ), #1568 ) ;
#4485 = EDGE_CURVE ( 'NONE', #1975, #2844, #5167, .T. ) ;
#4486 = DIRECTION ( 'NONE',  ( 1.000000000000000000, 0.000000000000000000, 0.000000000000000000 ) ) ;
#4487 =( LENGTH_UNIT ( ) NAMED_UNIT ( * ) SI_UNIT ( .MILLI., .METRE. ) );
#4488 =( NAMED_UNIT ( * ) SI_UNIT ( $, .STERADIAN. ) SOLID_ANGLE_UNIT ( ) );
#4489 =( LENGTH_UNIT ( ) NAMED_UNIT ( * ) SI_UNIT ( .MILLI., .METRE. ) );
#4490 =( NAMED_UNIT ( * ) PLANE_ANGLE_UNIT ( ) SI_UNIT ( $, .RADIAN. ) );
#4491 = DIRECTION ( 'NONE',  ( 1.000000000000000000, 0.000000000000000000, 0.000000000000000000 ) ) ;
#4492 = FACE_OUTER_BOUND ( 'NONE', #2202, .T. ) ;
#4493 = DIRECTION ( 'NONE',  ( 0.8090169943749464521, -0.000000000000000000, 0.5877852522924745804 ) ) ;
#4494 = ORIENTED_EDGE ( 'NONE', *, *, #47, .F. ) ;
#4495 = VERTEX_POINT ( 'NONE', #84 ) ;
#4496 = FACE_OUTER_BOUND ( 'NONE', #3098, .T. ) ;
#4497 = CARTESIAN_POINT ( 'NONE',  ( -3.296898823753065422, -121.2500000000000142, 3.450000000000008171 ) ) ;
#4498 = SURFACE_SIDE_STYLE ('',( #4207 ) ) ;
#4499 = CARTESIAN_POINT ( 'NONE',  ( 17.90000000000000213, -121.2500000000000142, 18.70000000000000995 ) ) ;
#4500 = ORIENTED_EDGE ( 'NONE', *, *, #2681, .F. ) ;
#4501 = EDGE_LOOP ( 'NONE', ( #1513 ) ) ;
#4502 = EDGE_LOOP ( 'NONE', ( #5204 ) ) ;
#4503 = CARTESIAN_POINT ( 'NONE',  ( -1.330302779823358872, -50.49999999999998579, 16.10000000000000142 ) ) ;
#4504 = CARTESIAN_POINT ( 'NONE',  ( 4.669697220176630914, -249.7149660633790802, -32.30000000000000426 ) ) ;
#4505 = DIRECTION ( 'NONE',  ( 1.000000000000000000, -1.081779818849036513E-16, 0.000000000000000000 ) ) ;
#4506 = DIRECTION ( 'NONE',  ( 0.000000000000000000, 1.000000000000000000, 0.000000000000000000 ) ) ;
#4507 = ORIENTED_EDGE ( 'NONE', *, *, #811, .T. ) ;
#4508 = FILL_AREA_STYLE_COLOUR ( '', #4546 ) ;
#4509 = DIRECTION ( 'NONE',  ( 0.000000000000000000, 0.000000000000000000, 1.000000000000000000 ) ) ;
#4510 = DIRECTION ( 'NONE',  ( 0.000000000000000000, -1.000000000000000000, 0.000000000000000000 ) ) ;
#4511 = DIRECTION ( 'NONE',  ( 1.000000000000000000, 0.000000000000000000, 0.000000000000000000 ) ) ;
#4512 = LINE ( 'NONE', #4015, #4290 ) ;
#4513 = ADVANCED_FACE ( 'NONE', ( #3944, #2629 ), #4744, .F. ) ;
#4514 =( NAMED_UNIT ( * ) PLANE_ANGLE_UNIT ( ) SI_UNIT ( $, .RADIAN. ) );
#4515 = FILL_AREA_STYLE ('',( #1195 ) ) ;
#4516 = DIRECTION ( 'NONE',  ( 1.000000000000000000, -0.000000000000000000, -0.000000000000000000 ) ) ;
#4517 = VECTOR ( 'NONE', #4768, 1000.000000000000000 ) ;
#4518 = FACE_OUTER_BOUND ( 'NONE', #304, .T. ) ;
#4519 = EDGE_CURVE ( 'NONE', #2044, #3437, #258, .T. ) ;
#4520 = PRESENTATION_LAYER_ASSIGNMENT (  '', '', ( #1608 ) ) ;
#4521 = SURFACE_STYLE_FILL_AREA ( #4948 ) ;
#4522 = ORIENTED_EDGE ( 'NONE', *, *, #2251, .F. ) ;
#4523 = SURFACE_STYLE_FILL_AREA ( #4586 ) ;
#4524 = FILL_AREA_STYLE ('',( #2036 ) ) ;
#4525 = FILL_AREA_STYLE_COLOUR ( '', #363 ) ;
#4526 = CARTESIAN_POINT ( 'NONE',  ( -51.20427119293231755, -3.520136923654235841E-16, 23.80000000000000071 ) ) ;
#4527 = FACE_BOUND ( 'NONE', #2074, .T. ) ;
#4528 = ADVANCED_FACE ( 'NONE', ( #2828 ), #1441, .F. ) ;
#4529 = VECTOR ( 'NONE', #3289, 1000.000000000000000 ) ;
#4530 = DIRECTION ( 'NONE',  ( 0.000000000000000000, -0.000000000000000000, 1.000000000000000000 ) ) ;
#4531 = CARTESIAN_POINT ( 'NONE',  ( -67.57381745600844170, -228.6711714253023047, 7.310916364186529570 ) ) ;
#4532 = ORIENTED_EDGE ( 'NONE', *, *, #1140, .T. ) ;
#4533 = EDGE_LOOP ( 'NONE', ( #3703 ) ) ;
#4534 = VERTEX_POINT ( 'NONE', #1182 ) ;
#4535 = UNCERTAINTY_MEASURE_WITH_UNIT (LENGTH_MEASURE( 1.000000000000000082E-05 ), #2920, 'distance_accuracy_value', 'NONE');
#4536 = STYLED_ITEM ( 'NONE', ( #3613 ), #3188 ) ;
#4537 = CARTESIAN_POINT ( 'NONE',  ( 0.000000000000000000, -112.2500000000000142, 3.450000000000008171 ) ) ;
#4538 = CARTESIAN_POINT ( 'NONE',  ( 14.15000000000000924, -61.50000000000000000, 13.80000000000000071 ) ) ;
#4539 = CIRCLE ( 'NONE', #2157, 1.249999999999999334 ) ;
#4540 = DIRECTION ( 'NONE',  ( -0.000000000000000000, 1.000000000000000000, -0.000000000000000000 ) ) ;
#4541 = CARTESIAN_POINT ( 'NONE',  ( 10.14999999999999325, -263.5000000000000568, 23.80000000000000071 ) ) ;
#4542 = SURFACE_SIDE_STYLE ('',( #287 ) ) ;
#4543 = MECHANICAL_DESIGN_GEOMETRIC_PRESENTATION_REPRESENTATION (  '', ( #1881 ), #4641 ) ;
#4544 = CARTESIAN_POINT ( 'NONE',  ( -41.85000000000000142, -61.50000000000000711, 23.80000000000000071 ) ) ;
#4545 = CARTESIAN_POINT ( 'NONE',  ( 44.14999999999990621, -53.50000000000000000, 8.799999999999954525 ) ) ;
#4546 = COLOUR_RGB ( '',0.5999999999999999778, 0.1607843137254901800, 0.7529411764705882248 ) ;
#4547 = ADVANCED_FACE ( 'NONE', ( #3172 ), #4400, .T. ) ;
#4548 =( LENGTH_UNIT ( ) NAMED_UNIT ( * ) SI_UNIT ( .MILLI., .METRE. ) );
#4549 = FILL_AREA_STYLE_COLOUR ( '', #582 ) ;
#4550 = PRESENTATION_LAYER_ASSIGNMENT (  '', '', ( #1459 ) ) ;
#4551 =( NAMED_UNIT ( * ) SI_UNIT ( $, .STERADIAN. ) SOLID_ANGLE_UNIT ( ) );
#4552 = AXIS2_PLACEMENT_3D ( 'NONE', #3793, #4208, #3403 ) ;
#4553 = COLOUR_RGB ( '',0.5999999999999999778, 0.1607843137254901800, 0.7529411764705882248 ) ;
#4554 = CARTESIAN_POINT ( 'NONE',  ( 83.15000000000010516, -158.4999999999999716, -16.20000000000006324 ) ) ;
#4555 = LINE ( 'NONE', #4135, #964 ) ;
#4556 = EDGE_LOOP ( 'NONE', ( #1525, #749, #5445, #2752 ) ) ;
#4557 = LINE ( 'NONE', #2919, #2564 ) ;
#4558 = CARTESIAN_POINT ( 'NONE',  ( -56.88000000000000966, -214.5000000000000000, 10.31091636418653046 ) ) ;
#4559 = EDGE_CURVE ( 'NONE', #1987, #1987, #4203, .T. ) ;
#4560 = PRESENTATION_STYLE_ASSIGNMENT (( #2412 ) ) ;
#4561 = LINE ( 'NONE', #775, #5097 ) ;
#4562 = ORIENTED_EDGE ( 'NONE', *, *, #4763, .F. ) ;
#4563 = STYLED_ITEM ( 'NONE', ( #2733 ), #5210 ) ;
#4564 = ORIENTED_EDGE ( 'NONE', *, *, #1600, .F. ) ;
#4565 = ORIENTED_EDGE ( 'NONE', *, *, #366, .F. ) ;
#4566 = VERTEX_POINT ( 'NONE', #1241 ) ;
#4567 = EDGE_CURVE ( 'NONE', #97, #2675, #3264, .T. ) ;
#4568 = AXIS2_PLACEMENT_3D ( 'NONE', #4318, #3864, #78 ) ;
#4569 = FACE_BOUND ( 'NONE', #5296, .T. ) ;
#4570 = EDGE_LOOP ( 'NONE', ( #2016, #4862, #4623, #3883 ) ) ;
#4571 = DIRECTION ( 'NONE',  ( -0.000000000000000000, -0.000000000000000000, 1.000000000000000000 ) ) ;
#4572 =( GEOMETRIC_REPRESENTATION_CONTEXT ( 3 ) GLOBAL_UNCERTAINTY_ASSIGNED_CONTEXT ( ( #3995 ) ) GLOBAL_UNIT_ASSIGNED_CONTEXT ( ( #5367, #3450, #1728 ) ) REPRESENTATION_CONTEXT ( 'NONE', 'WORKASPACE' ) );
#4573 = PRESENTATION_STYLE_ASSIGNMENT (( #2935 ) ) ;
#4574 = DIRECTION ( 'NONE',  ( -1.239088197126290570E-16, 1.000000000000000000, 0.000000000000000000 ) ) ;
#4575 = LINE ( 'NONE', #4541, #1248 ) ;
#4576 = CARTESIAN_POINT ( 'NONE',  ( 41.14999999999988489, -173.5000000000000000, -16.20000000000005969 ) ) ;
#4577 = VECTOR ( 'NONE', #3663, 1000.000000000000000 ) ;
#4578 = FACE_OUTER_BOUND ( 'NONE', #1463, .T. ) ;
#4579 = DIRECTION ( 'NONE',  ( -1.000000000000000000, -0.000000000000000000, -0.000000000000000000 ) ) ;
#4580 = PRESENTATION_LAYER_ASSIGNMENT (  '', '', ( #2104 ) ) ;
#4581 = FACE_OUTER_BOUND ( 'NONE', #1742, .T. ) ;
#4582 = DIRECTION ( 'NONE',  ( 0.000000000000000000, 1.000000000000000000, 0.000000000000000000 ) ) ;
#4583 = FILL_AREA_STYLE_COLOUR ( '', #635 ) ;
#4584 = DIRECTION ( 'NONE',  ( -1.000000000000000000, 0.000000000000000000, 0.000000000000000000 ) ) ;
#4585 = ORIENTED_EDGE ( 'NONE', *, *, #3093, .T. ) ;
#4586 = FILL_AREA_STYLE ('',( #3726 ) ) ;
#4587 = CARTESIAN_POINT ( 'NONE',  ( -68.84999999999990905, -57.28503393662091980, 3.700000000000036593 ) ) ;
#4588 =( NAMED_UNIT ( * ) PLANE_ANGLE_UNIT ( ) SI_UNIT ( $, .RADIAN. ) );
#4589 = DIRECTION ( 'NONE',  ( 0.000000000000000000, -1.000000000000000000, 1.047945392442333568E-16 ) ) ;
#4590 = VECTOR ( 'NONE', #1526, 1000.000000000000000 ) ;
#4591 = FACE_BOUND ( 'NONE', #2780, .T. ) ;
#4592 = DIRECTION ( 'NONE',  ( 0.000000000000000000, 0.000000000000000000, 1.000000000000000000 ) ) ;
#4593 = EDGE_CURVE ( 'NONE', #4917, #2509, #1216, .T. ) ;
#4594 = ORIENTED_EDGE ( 'NONE', *, *, #5311, .F. ) ;
#4595 = ORIENTED_EDGE ( 'NONE', *, *, #966, .T. ) ;
#4596 = EDGE_LOOP ( 'NONE', ( #189, #4289, #2723, #4656 ) ) ;
#4597 = VERTEX_POINT ( 'NONE', #3287 ) ;
#4598 = PLANE ( 'NONE',  #4000 ) ;
#4599 = CARTESIAN_POINT ( 'NONE',  ( -6.349999999999980993, -116.2500000000000142, 15.45000000000000817 ) ) ;
#4600 = ADVANCED_FACE ( 'NONE', ( #1164, #5449 ), #4602, .F. ) ;
#4601 = EDGE_LOOP ( 'NONE', ( #333, #4369, #121, #5317 ) ) ;
#4602 = CYLINDRICAL_SURFACE ( 'NONE', #411, 5.000000000000000888 ) ;
#4603 = STYLED_ITEM ( 'NONE', ( #5037 ), #1877 ) ;
#4604 = DIRECTION ( 'NONE',  ( -0.000000000000000000, -0.000000000000000000, -1.000000000000000000 ) ) ;
#4605 = CARTESIAN_POINT ( 'NONE',  ( -23.85000000000000497, -121.2500000000000142, 3.450000000000008171 ) ) ;
#4606 = DIRECTION ( 'NONE',  ( 1.000000000000000000, -0.000000000000000000, 0.000000000000000000 ) ) ;
#4607 = CARTESIAN_POINT ( 'NONE',  ( 10.15000000000000568, -43.50000000000000000, -9.705526843085674726E-15 ) ) ;
#4608 = PLANE ( 'NONE',  #2414 ) ;
#4609 = DIRECTION ( 'NONE',  ( 0.000000000000000000, 2.231155596111649629E-16, -1.000000000000000000 ) ) ;
#4610 = DIRECTION ( 'NONE',  ( 0.8090169943749510040, 0.000000000000000000, 0.5877852522924682521 ) ) ;
#4611 = UNCERTAINTY_MEASURE_WITH_UNIT (LENGTH_MEASURE( 1.000000000000000082E-05 ), #1772, 'distance_accuracy_value', 'NONE');
#4612 = AXIS2_PLACEMENT_3D ( 'NONE', #1906, #3526, #5227 ) ;
#4613 = UNCERTAINTY_MEASURE_WITH_UNIT (LENGTH_MEASURE( 1.000000000000000082E-05 ), #2441, 'distance_accuracy_value', 'NONE');
#4614 = FACE_BOUND ( 'NONE', #1563, .T. ) ;
#4615 = SURFACE_STYLE_USAGE ( .BOTH. , #2495 ) ;
#4616 = SURFACE_SIDE_STYLE ('',( #2917 ) ) ;
#4617 = ORIENTED_EDGE ( 'NONE', *, *, #21, .F. ) ;
#4618 = DIRECTION ( 'NONE',  ( 0.000000000000000000, -0.000000000000000000, 1.000000000000000000 ) ) ;
#4619 = CARTESIAN_POINT ( 'NONE',  ( 36.17999999999997840, -183.4300000000000068, 10.31091636418653046 ) ) ;
#4620 = FILL_AREA_STYLE ('',( #2011 ) ) ;
#4621 = PRESENTATION_STYLE_ASSIGNMENT (( #1656 ) ) ;
#4622 = AXIS2_PLACEMENT_3D ( 'NONE', #4150, #4505, #751 ) ;
#4623 = ORIENTED_EDGE ( 'NONE', *, *, #1171, .T. ) ;
#4624 = ORIENTED_EDGE ( 'NONE', *, *, #4293, .T. ) ;
#4625 = ORIENTED_EDGE ( 'NONE', *, *, #5041, .T. ) ;
#4626 = CARTESIAN_POINT ( 'NONE',  ( -20.44999999999999574, -233.5000000000000000, 13.70000000000000817 ) ) ;
#4627 = STYLED_ITEM ( 'NONE', ( #565 ), #2854 ) ;
#4628 = EDGE_CURVE ( 'NONE', #3050, #3286, #2851, .T. ) ;
#4629 = CARTESIAN_POINT ( 'NONE',  ( -48.20427119293207596, 6.952854367845319687E-15, 18.70000000000000995 ) ) ;
#4630 = EDGE_LOOP ( 'NONE', ( #3228, #3258, #895, #3560, #3320, #4057, #4500, #799 ) ) ;
#4631 =( NAMED_UNIT ( * ) PLANE_ANGLE_UNIT ( ) SI_UNIT ( $, .RADIAN. ) );
#4632 =( LENGTH_UNIT ( ) NAMED_UNIT ( * ) SI_UNIT ( .MILLI., .METRE. ) );
#4633 = LINE ( 'NONE', #5164, #3557 ) ;
#4634 = ADVANCED_FACE ( 'NONE', ( #4156 ), #397, .F. ) ;
#4635 = PRESENTATION_LAYER_ASSIGNMENT (  '', '', ( #3927 ) ) ;
#4636 = FILL_AREA_STYLE ('',( #2576 ) ) ;
#4637 = COLOUR_RGB ( '',0.5999999999999999778, 0.1607843137254901800, 0.7529411764705882248 ) ;
#4638 = LINE ( 'NONE', #1194, #3049 ) ;
#4639 = FACE_OUTER_BOUND ( 'NONE', #508, .T. ) ;
#4640 = AXIS2_PLACEMENT_3D ( 'NONE', #1598, #1163, #311 ) ;
#4641 =( GEOMETRIC_REPRESENTATION_CONTEXT ( 3 ) GLOBAL_UNCERTAINTY_ASSIGNED_CONTEXT ( ( #1607 ) ) GLOBAL_UNIT_ASSIGNED_CONTEXT ( ( #2915, #2436, #4551 ) ) REPRESENTATION_CONTEXT ( 'NONE', 'WORKASPACE' ) );
#4642 = SURFACE_STYLE_FILL_AREA ( #3245 ) ;
#4643 = FACE_OUTER_BOUND ( 'NONE', #4064, .T. ) ;
#4644 = FACE_OUTER_BOUND ( 'NONE', #4778, .T. ) ;
#4645 = ORIENTED_EDGE ( 'NONE', *, *, #3800, .F. ) ;
#4646 = AXIS2_PLACEMENT_3D ( 'NONE', #718, #5418, #343 ) ;
#4647 = LINE ( 'NONE', #3250, #3369 ) ;
#4648 =( NAMED_UNIT ( * ) PLANE_ANGLE_UNIT ( ) SI_UNIT ( $, .RADIAN. ) );
#4649 = DIRECTION ( 'NONE',  ( -1.000000000000000000, 0.000000000000000000, 0.000000000000000000 ) ) ;
#4650 = FILL_AREA_STYLE ('',( #3009 ) ) ;
#4651 = AXIS2_PLACEMENT_3D ( 'NONE', #3163, #1917, #2749 ) ;
#4652 = MECHANICAL_DESIGN_GEOMETRIC_PRESENTATION_REPRESENTATION (  '', ( #1455 ), #655 ) ;
#4653 = ORIENTED_EDGE ( 'NONE', *, *, #2696, .F. ) ;
#4654 = VERTEX_POINT ( 'NONE', #5320 ) ;
#4655 = VERTEX_POINT ( 'NONE', #4861 ) ;
#4656 = ORIENTED_EDGE ( 'NONE', *, *, #3467, .T. ) ;
#4657 = MECHANICAL_DESIGN_GEOMETRIC_PRESENTATION_REPRESENTATION (  '', ( #3947 ), #2252 ) ;
#4658 = COLOUR_RGB ( '',0.5999999999999999778, 0.1607843137254901800, 0.7529411764705882248 ) ;
#4659 = ORIENTED_EDGE ( 'NONE', *, *, #1745, .T. ) ;
#4660 = EDGE_CURVE ( 'NONE', #2207, #2553, #1561, .T. ) ;
#4661 = CARTESIAN_POINT ( 'NONE',  ( -23.85000000000000142, -116.2500000000000142, 15.45000000000000817 ) ) ;
#4662 = DIRECTION ( 'NONE',  ( 1.000000000000000000, 0.000000000000000000, 0.000000000000000000 ) ) ;
#4663 = LINE ( 'NONE', #3776, #1748 ) ;
#4664 = ADVANCED_FACE ( 'NONE', ( #3255 ), #4920, .F. ) ;
#4665 = SURFACE_STYLE_FILL_AREA ( #2056 ) ;
#4666 = CARTESIAN_POINT ( 'NONE',  ( -23.85000000000000142, -121.2500000000000142, 15.45000000000000817 ) ) ;
#4667 = PLANE ( 'NONE',  #2536 ) ;
#4668 = PRESENTATION_STYLE_ASSIGNMENT (( #539 ) ) ;
#4669 = UNCERTAINTY_MEASURE_WITH_UNIT (LENGTH_MEASURE( 1.000000000000000082E-05 ), #1589, 'distance_accuracy_value', 'NONE');
#4670 = CARTESIAN_POINT ( 'NONE',  ( 29.17999999999999261, -214.5000000000000284, 10.31091636418653046 ) ) ;
#4671 = UNCERTAINTY_MEASURE_WITH_UNIT (LENGTH_MEASURE( 1.000000000000000082E-05 ), #3588, 'distance_accuracy_value', 'NONE');
#4672 = CARTESIAN_POINT ( 'NONE',  ( -68.84999999999995168, -173.5000000000000000, -1.200000000000062128 ) ) ;
#4673 = EDGE_CURVE ( 'NONE', #1619, #2612, #1155, .T. ) ;
#4674 = VECTOR ( 'NONE', #677, 1000.000000000000000 ) ;
#4675 = ORIENTED_EDGE ( 'NONE', *, *, #5233, .F. ) ;
#4676 = DIRECTION ( 'NONE',  ( -0.000000000000000000, -0.000000000000000000, -1.000000000000000000 ) ) ;
#4677 = FACE_BOUND ( 'NONE', #2874, .T. ) ;
#4678 = LINE ( 'NONE', #1622, #857 ) ;
#4679 = ORIENTED_EDGE ( 'NONE', *, *, #818, .F. ) ;
#4680 = ORIENTED_EDGE ( 'NONE', *, *, #4231, .T. ) ;
#4681 = ORIENTED_EDGE ( 'NONE', *, *, #1344, .F. ) ;
#4682 = AXIS2_PLACEMENT_3D ( 'NONE', #3629, #1522, #5290 ) ;
#4683 = ORIENTED_EDGE ( 'NONE', *, *, #5284, .T. ) ;
#4684 = DIRECTION ( 'NONE',  ( 1.000000000000000000, 0.000000000000000000, 0.000000000000000000 ) ) ;
#4685 = AXIS2_PLACEMENT_3D ( 'NONE', #3659, #5371, #1556 ) ;
#4686 = ORIENTED_EDGE ( 'NONE', *, *, #3568, .F. ) ;
#4687 =( LENGTH_UNIT ( ) NAMED_UNIT ( * ) SI_UNIT ( .MILLI., .METRE. ) );
#4688 = DIRECTION ( 'NONE',  ( 1.000000000000000000, 0.000000000000000000, 0.000000000000000000 ) ) ;
#4689 = DIRECTION ( 'NONE',  ( 1.000000000000000000, 0.000000000000000000, 0.000000000000000000 ) ) ;
#4690 = SURFACE_STYLE_FILL_AREA ( #3805 ) ;
#4691 = CARTESIAN_POINT ( 'NONE',  ( 44.14999999999990621, -158.4999999999999716, -16.20000000000006324 ) ) ;
#4692 = CARTESIAN_POINT ( 'NONE',  ( -21.34999999999998010, -116.2500000000000142, 15.45000000000000817 ) ) ;
#4693 = DIRECTION ( 'NONE',  ( 0.000000000000000000, 1.000000000000000000, 9.011550524554843201E-17 ) ) ;
#4694 = FILL_AREA_STYLE ('',( #1394 ) ) ;
#4695 = COLOUR_RGB ( '',0.5999999999999999778, 0.1607843137254901800, 0.7529411764705882248 ) ;
#4696 = EDGE_CURVE ( 'NONE', #5127, #2393, #647, .T. ) ;
#4697 = LINE ( 'NONE', #909, #1461 ) ;
#4698 = SURFACE_STYLE_FILL_AREA ( #5121 ) ;
#4699 = VERTEX_POINT ( 'NONE', #5377 ) ;
#4700 = LINE ( 'NONE', #472, #2745 ) ;
#4701 = FACE_BOUND ( 'NONE', #871, .T. ) ;
#4702 = CARTESIAN_POINT ( 'NONE',  ( 36.17999999999999261, -214.5000000000000284, 7.310916364186556216 ) ) ;
#4703 = EDGE_CURVE ( 'NONE', #5198, #3036, #416, .T. ) ;
#4704 =( NAMED_UNIT ( * ) PLANE_ANGLE_UNIT ( ) SI_UNIT ( $, .RADIAN. ) );
#4705 = VERTEX_POINT ( 'NONE', #4499 ) ;
#4706 = ORIENTED_EDGE ( 'NONE', *, *, #2123, .F. ) ;
#4707 = ORIENTED_EDGE ( 'NONE', *, *, #264, .F. ) ;
#4708 = ORIENTED_EDGE ( 'NONE', *, *, #1502, .T. ) ;
#4709 = ADVANCED_FACE ( 'NONE', ( #4954 ), #744, .F. ) ;
#4710 = MECHANICAL_DESIGN_GEOMETRIC_PRESENTATION_REPRESENTATION (  '', ( #988 ), #1504 ) ;
#4711 = FACE_OUTER_BOUND ( 'NONE', #2559, .T. ) ;
#4712 = EDGE_LOOP ( 'NONE', ( #3030, #4752, #1687, #4864, #967, #3141, #3486, #4707 ) ) ;
#4713 = VERTEX_POINT ( 'NONE', #3283 ) ;
#4714 = FACE_OUTER_BOUND ( 'NONE', #4312, .T. ) ;
#4715 = PLANE ( 'NONE',  #843 ) ;
#4716 = STYLED_ITEM ( 'NONE', ( #2833 ), #2788 ) ;
#4717 = FILL_AREA_STYLE_COLOUR ( '', #5270 ) ;
#4718 = DIRECTION ( 'NONE',  ( -0.000000000000000000, 0.000000000000000000, 1.000000000000000000 ) ) ;
#4719 = SURFACE_SIDE_STYLE ('',( #3895 ) ) ;
#4720 = MECHANICAL_DESIGN_GEOMETRIC_PRESENTATION_REPRESENTATION (  '', ( #2945 ), #5168 ) ;
#4721 =( LENGTH_UNIT ( ) NAMED_UNIT ( * ) SI_UNIT ( .MILLI., .METRE. ) );
#4722 = MECHANICAL_DESIGN_GEOMETRIC_PRESENTATION_REPRESENTATION (  '', ( #2312 ), #1621 ) ;
#4723 = SURFACE_STYLE_USAGE ( .BOTH. , #3023 ) ;
#4724 = ORIENTED_EDGE ( 'NONE', *, *, #695, .F. ) ;
#4725 = EDGE_CURVE ( 'NONE', #3185, #2446, #424, .T. ) ;
#4726 = LINE ( 'NONE', #1784, #2841 ) ;
#4727 = LINE ( 'NONE', #4307, #24 ) ;
#4728 = DIRECTION ( 'NONE',  ( -0.000000000000000000, -0.000000000000000000, -1.000000000000000000 ) ) ;
#4729 = AXIS2_PLACEMENT_3D ( 'NONE', #678, #5039, #2921 ) ;
#4730 =( NAMED_UNIT ( * ) SI_UNIT ( $, .STERADIAN. ) SOLID_ANGLE_UNIT ( ) );
#4731 = STYLED_ITEM ( 'NONE', ( #256 ), #4143 ) ;
#4732 = VECTOR ( 'NONE', #860, 1000.000000000000000 ) ;
#4733 = ADVANCED_FACE ( 'NONE', ( #2098 ), #5474, .F. ) ;
#4734 = ORIENTED_EDGE ( 'NONE', *, *, #2530, .T. ) ;
#4735 = EDGE_LOOP ( 'NONE', ( #2961 ) ) ;
#4736 = LINE ( 'NONE', #1691, #2392 ) ;
#4737 = AXIS2_PLACEMENT_3D ( 'NONE', #4914, #2298, #700 ) ;
#4738 = EDGE_LOOP ( 'NONE', ( #1108, #2958, #1846, #3765 ) ) ;
#4739 = VECTOR ( 'NONE', #2923, 1000.000000000000000 ) ;
#4740 = EDGE_CURVE ( 'NONE', #2675, #5129, #5442, .T. ) ;
#4741 = MECHANICAL_DESIGN_GEOMETRIC_PRESENTATION_REPRESENTATION (  '', ( #1190 ), #3127 ) ;
#4742 = DIRECTION ( 'NONE',  ( 1.000000000000000000, 0.000000000000000000, 0.000000000000000000 ) ) ;
#4743 = SURFACE_STYLE_FILL_AREA ( #3522 ) ;
#4744 = CYLINDRICAL_SURFACE ( 'NONE', #2963, 2.549999999999994937 ) ;
#4745 = PLANE ( 'NONE',  #2701 ) ;
#4746 = VECTOR ( 'NONE', #4825, 1000.000000000000000 ) ;
#4747 = DIRECTION ( 'NONE',  ( 0.000000000000000000, 1.000000000000000000, 0.000000000000000000 ) ) ;
#4748 = SURFACE_STYLE_USAGE ( .BOTH. , #2978 ) ;
#4749 = CARTESIAN_POINT ( 'NONE',  ( 4.669697220176630914, -263.5000000000000000, -32.30000000000000426 ) ) ;
#4750 = COLOUR_RGB ( '',0.5999999999999999778, 0.1607843137254901800, 0.7529411764705882248 ) ;
#4751 = CARTESIAN_POINT ( 'NONE',  ( -66.51354708532180382, -167.4549888789050840, 10.31091636418653046 ) ) ;
#4752 = ORIENTED_EDGE ( 'NONE', *, *, #2187, .F. ) ;
#4753 = AXIS2_PLACEMENT_3D ( 'NONE', #4826, #1024, #564 ) ;
#4754 = DIRECTION ( 'NONE',  ( -1.000000000000000000, 0.000000000000000000, 0.000000000000000000 ) ) ;
#4755 = FILL_AREA_STYLE_COLOUR ( '', #4695 ) ;
#4756 = DIRECTION ( 'NONE',  ( -1.000000000000000000, 1.442373091798715516E-16, 0.000000000000000000 ) ) ;
#4757 = VECTOR ( 'NONE', #4589, 1000.000000000000000 ) ;
#4758 = EDGE_LOOP ( 'NONE', ( #717, #5186, #4923, #4295 ) ) ;
#4759 = ORIENTED_EDGE ( 'NONE', *, *, #4883, .T. ) ;
#4760 = CARTESIAN_POINT ( 'NONE',  ( -26.36969722017663287, -263.5000000000000000, 9.500000000000000000 ) ) ;
#4761 = VECTOR ( 'NONE', #878, 1000.000000000000000 ) ;
#4762 = FILL_AREA_STYLE ('',( #2771 ) ) ;
#4763 = EDGE_CURVE ( 'NONE', #3852, #1684, #2125, .T. ) ;
#4764 = VECTOR ( 'NONE', #3197, 1000.000000000000000 ) ;
#4765 = ORIENTED_EDGE ( 'NONE', *, *, #1360, .T. ) ;
#4766 = DIRECTION ( 'NONE',  ( 1.000000000000000000, -0.000000000000000000, 0.000000000000000000 ) ) ;
#4767 = SURFACE_SIDE_STYLE ('',( #656 ) ) ;
#4768 = DIRECTION ( 'NONE',  ( 0.000000000000000000, -1.000000000000000000, 0.000000000000000000 ) ) ;
#4769 = EDGE_CURVE ( 'NONE', #4958, #4958, #3213, .T. ) ;
#4770 = DIRECTION ( 'NONE',  ( 1.000000000000000000, 0.000000000000000000, -0.000000000000000000 ) ) ;
#4771 = SURFACE_STYLE_FILL_AREA ( #3421 ) ;
#4772 = CARTESIAN_POINT ( 'NONE',  ( 44.14999999999989200, -253.5000000000000000, 8.799999999999945643 ) ) ;
#4773 = DIRECTION ( 'NONE',  ( 1.734723475976808080E-16, -1.000000000000000000, 0.000000000000000000 ) ) ;
#4774 = UNCERTAINTY_MEASURE_WITH_UNIT (LENGTH_MEASURE( 1.000000000000000082E-05 ), #3097, 'distance_accuracy_value', 'NONE');
#4775 = EDGE_CURVE ( 'NONE', #3036, #3229, #4678, .T. ) ;
#4776 = UNCERTAINTY_MEASURE_WITH_UNIT (LENGTH_MEASURE( 1.000000000000000082E-05 ), #476, 'distance_accuracy_value', 'NONE');
#4777 = DIRECTION ( 'NONE',  ( 0.000000000000000000, -1.000000000000000000, -0.000000000000000000 ) ) ;
#4778 = EDGE_LOOP ( 'NONE', ( #1299, #3637, #3218, #148, #1481, #1623 ) ) ;
#4779 = SURFACE_STYLE_USAGE ( .BOTH. , #1706 ) ;
#4780 = CARTESIAN_POINT ( 'NONE',  ( -35.35000000000000142, -61.50000000000000711, 6.700000000000008171 ) ) ;
#4781 =( NAMED_UNIT ( * ) SI_UNIT ( $, .STERADIAN. ) SOLID_ANGLE_UNIT ( ) );
#4782 =( LENGTH_UNIT ( ) NAMED_UNIT ( * ) SI_UNIT ( .MILLI., .METRE. ) );
#4783 = CARTESIAN_POINT ( 'NONE',  ( 36.17999999999997840, -176.4300000000000068, -4.200000000000012612 ) ) ;
#4784 = ORIENTED_EDGE ( 'NONE', *, *, #4593, .F. ) ;
#4785 = EDGE_LOOP ( 'NONE', ( #2498, #4624, #1267 ) ) ;
#4786 = LINE ( 'NONE', #293, #46 ) ;
#4787 = DIRECTION ( 'NONE',  ( 0.000000000000000000, -1.000000000000000000, -0.000000000000000000 ) ) ;
#4788 = STYLED_ITEM ( 'NONE', ( #2946 ), #2093 ) ;
#4789 = ORIENTED_EDGE ( 'NONE', *, *, #4829, .T. ) ;
#4790 = DIRECTION ( 'NONE',  ( -0.8621037223969737484, 0.5067318539713894232, 0.000000000000000000 ) ) ;
#4791 = EDGE_CURVE ( 'NONE', #3060, #3060, #5275, .T. ) ;
#4792 = FILL_AREA_STYLE_COLOUR ( '', #2138 ) ;
#4793 = DIRECTION ( 'NONE',  ( 0.8621037223969749697, -0.5067318539713873138, -0.000000000000000000 ) ) ;
#4794 = AXIS2_PLACEMENT_3D ( 'NONE', #4389, #4461, #1057 ) ;
#4795 = CARTESIAN_POINT ( 'NONE',  ( 0.000000000000000000, 0.000000000000000000, -32.30000000000000426 ) ) ;
#4796 = CARTESIAN_POINT ( 'NONE',  ( 83.15000000000010516, -173.5000000000000000, -16.20000000000005969 ) ) ;
#4797 = DIRECTION ( 'NONE',  ( 0.000000000000000000, 0.000000000000000000, -1.000000000000000000 ) ) ;
#4798 = EDGE_CURVE ( 'NONE', #2563, #2563, #5003, .T. ) ;
#4799 = DIRECTION ( 'NONE',  ( -0.8090169943749464521, -0.000000000000000000, 0.5877852522924745804 ) ) ;
#4800 = STYLED_ITEM ( 'NONE', ( #2035 ), #2689 ) ;
#4801 = ORIENTED_EDGE ( 'NONE', *, *, #818, .T. ) ;
#4802 = CARTESIAN_POINT ( 'NONE',  ( 4.669697220176630914, 0.000000000000000000, 18.70000000000000995 ) ) ;
#4803 = SURFACE_STYLE_FILL_AREA ( #3649 ) ;
#4804 = CARTESIAN_POINT ( 'NONE',  ( -32.36969722017663287, -256.5000000000000000, 18.70000000000000995 ) ) ;
#4805 = CARTESIAN_POINT ( 'NONE',  ( -13.85000000000000497, -73.50000000000000000, 1.700000000000007949 ) ) ;
#4806 = STYLED_ITEM ( 'NONE', ( #245 ), #3193 ) ;
#4807 = LINE ( 'NONE', #5342, #2846 ) ;
#4808 =( NAMED_UNIT ( * ) SI_UNIT ( $, .STERADIAN. ) SOLID_ANGLE_UNIT ( ) );
#4809 = ORIENTED_EDGE ( 'NONE', *, *, #3536, .F. ) ;
#4810 = VECTOR ( 'NONE', #39, 1000.000000000000000 ) ;
#4811 = ORIENTED_EDGE ( 'NONE', *, *, #4117, .T. ) ;
#4812 = FACE_OUTER_BOUND ( 'NONE', #5372, .T. ) ;
#4813 = PRESENTATION_LAYER_ASSIGNMENT (  '', '', ( #399 ) ) ;
#4814 = PRESENTATION_LAYER_ASSIGNMENT (  '', '', ( #2864 ) ) ;
#4815 = ORIENTED_EDGE ( 'NONE', *, *, #5155, .T. ) ;
#4816 = CARTESIAN_POINT ( 'NONE',  ( -20.45000000000001350, -73.50000000000000000, 3.450000000000008171 ) ) ;
#4817 = PRESENTATION_LAYER_ASSIGNMENT (  '', '', ( #2240 ) ) ;
#4818 = CARTESIAN_POINT ( 'NONE',  ( -1.330302779823358872, -43.50000000000000000, 12.80000000000000249 ) ) ;
#4819 = FACE_BOUND ( 'NONE', #2985, .T. ) ;
#4820 = SURFACE_STYLE_FILL_AREA ( #2551 ) ;
#4821 = MECHANICAL_DESIGN_GEOMETRIC_PRESENTATION_REPRESENTATION (  '', ( #226 ), #5192 ) ;
#4822 = EDGE_CURVE ( 'NONE', #45, #2962, #2012, .T. ) ;
#4823 =( GEOMETRIC_REPRESENTATION_CONTEXT ( 3 ) GLOBAL_UNCERTAINTY_ASSIGNED_CONTEXT ( ( #3654 ) ) GLOBAL_UNIT_ASSIGNED_CONTEXT ( ( #2264, #1417, #5119 ) ) REPRESENTATION_CONTEXT ( 'NONE', 'WORKASPACE' ) );
#4824 = FILL_AREA_STYLE_COLOUR ( '', #3936 ) ;
#4825 = DIRECTION ( 'NONE',  ( -1.000000000000000000, -1.239088197126290570E-16, -0.000000000000000000 ) ) ;
#4826 = CARTESIAN_POINT ( 'NONE',  ( 36.17999999999997840, -183.4300000000000068, 10.31091636418653046 ) ) ;
#4827 = SURFACE_SIDE_STYLE ('',( #3598 ) ) ;
#4828 = SURFACE_STYLE_FILL_AREA ( #5334 ) ;
#4829 = EDGE_CURVE ( 'NONE', #2962, #1357, #4561, .T. ) ;
#4830 = EDGE_LOOP ( 'NONE', ( #4155 ) ) ;
#4831 = LINE ( 'NONE', #1836, #2578 ) ;
#4832 = DIRECTION ( 'NONE',  ( -1.000000000000000000, -0.000000000000000000, -0.000000000000000000 ) ) ;
#4833 = AXIS2_PLACEMENT_3D ( 'NONE', #5354, #1536, #1487 ) ;
#4834 =( LENGTH_UNIT ( ) NAMED_UNIT ( * ) SI_UNIT ( .MILLI., .METRE. ) );
#4835 = ADVANCED_FACE ( 'NONE', ( #2444 ), #4142, .F. ) ;
#4836 = DIRECTION ( 'NONE',  ( 0.000000000000000000, 0.000000000000000000, 1.000000000000000000 ) ) ;
#4837 = CARTESIAN_POINT ( 'NONE',  ( -37.85000000000000142, -253.5000000000000000, 23.80000000000000071 ) ) ;
#4838 = VERTEX_POINT ( 'NONE', #3928 ) ;
#4839 = PLANE ( 'NONE',  #1339 ) ;
#4840 = CIRCLE ( 'NONE', #2438, 3.300000000000000711 ) ;
#4841 = CARTESIAN_POINT ( 'NONE',  ( -35.35000000000000142, -68.00000000000000000, 6.700000000000008171 ) ) ;
#4842 = VERTEX_POINT ( 'NONE', #892 ) ;
#4843 = VECTOR ( 'NONE', #1311, 1000.000000000000000 ) ;
#4844 = CARTESIAN_POINT ( 'NONE',  ( -36.59999999999999432, -67.99999999999997158, 3.450000000000008615 ) ) ;
#4845 = FILL_AREA_STYLE_COLOUR ( '', #2253 ) ;
#4846 = CARTESIAN_POINT ( 'NONE',  ( 4.669697220176639796, -50.49999999999999289, -28.95572235436694086 ) ) ;
#4847 =( LENGTH_UNIT ( ) NAMED_UNIT ( * ) SI_UNIT ( .MILLI., .METRE. ) );
#4848 = DIRECTION ( 'NONE',  ( 0.000000000000000000, 0.000000000000000000, 1.000000000000000000 ) ) ;
#4849 = FILL_AREA_STYLE ('',( #1472 ) ) ;
#4850 = DIRECTION ( 'NONE',  ( -0.000000000000000000, 0.000000000000000000, -1.000000000000000000 ) ) ;
#4851 = PRESENTATION_LAYER_ASSIGNMENT (  '', '', ( #1325 ) ) ;
#4852 = DIRECTION ( 'NONE',  ( -0.000000000000000000, -1.000000000000000000, -0.000000000000000000 ) ) ;
#4853 = ADVANCED_FACE ( 'NONE', ( #3880, #2200 ), #5208, .F. ) ;
#4854 = SURFACE_SIDE_STYLE ('',( #4409 ) ) ;
#4855 = SURFACE_SIDE_STYLE ('',( #1912 ) ) ;
#4856 = SURFACE_SIDE_STYLE ('',( #4362 ) ) ;
#4857 = ORIENTED_EDGE ( 'NONE', *, *, #4387, .F. ) ;
#4858 = LINE ( 'NONE', #3220, #101 ) ;
#4859 = ADVANCED_FACE ( 'NONE', ( #574 ), #3432, .T. ) ;
#4860 = SURFACE_SIDE_STYLE ('',( #4436 ) ) ;
#4861 = CARTESIAN_POINT ( 'NONE',  ( 14.15000000000001634, -111.0000000000000000, 23.80000000000000071 ) ) ;
#4862 = ORIENTED_EDGE ( 'NONE', *, *, #1385, .F. ) ;
#4863 = VECTOR ( 'NONE', #4236, 1000.000000000000000 ) ;
#4864 = ORIENTED_EDGE ( 'NONE', *, *, #4485, .F. ) ;
#4865 = DIRECTION ( 'NONE',  ( -1.000000000000000000, 0.000000000000000000, 0.000000000000000000 ) ) ;
#4866 = LINE ( 'NONE', #1439, #1252 ) ;
#4867 =( NAMED_UNIT ( * ) PLANE_ANGLE_UNIT ( ) SI_UNIT ( $, .RADIAN. ) );
#4868 = MECHANICAL_DESIGN_GEOMETRIC_PRESENTATION_REPRESENTATION (  '', ( #2296 ), #1695 ) ;
#4869 = COLOUR_RGB ( '',0.5999999999999999778, 0.1607843137254901800, 0.7529411764705882248 ) ;
#4870 = SURFACE_STYLE_FILL_AREA ( #3169 ) ;
#4871 =( LENGTH_UNIT ( ) NAMED_UNIT ( * ) SI_UNIT ( .MILLI., .METRE. ) );
#4872 = DIRECTION ( 'NONE',  ( 0.000000000000000000, 0.000000000000000000, -1.000000000000000000 ) ) ;
#4873 = DIRECTION ( 'NONE',  ( 0.000000000000000000, 0.000000000000000000, -1.000000000000000000 ) ) ;
#4874 =( NAMED_UNIT ( * ) SI_UNIT ( $, .STERADIAN. ) SOLID_ANGLE_UNIT ( ) );
#4875 = UNCERTAINTY_MEASURE_WITH_UNIT (LENGTH_MEASURE( 1.000000000000000082E-05 ), #1020, 'distance_accuracy_value', 'NONE');
#4876 = CARTESIAN_POINT ( 'NONE',  ( -21.34999999999997655, -121.2500000000000142, 18.70000000000000995 ) ) ;
#4877 = VECTOR ( 'NONE', #1935, 1000.000000000000000 ) ;
#4878 = AXIS2_PLACEMENT_3D ( 'NONE', #3371, #3755, #4618 ) ;
#4879 = CARTESIAN_POINT ( 'NONE',  ( -21.34999999999998010, -117.5000000000000142, 23.80000000000000071 ) ) ;
#4880 = CARTESIAN_POINT ( 'NONE',  ( 4.669697220176641572, -43.50000000000000000, -32.30000000000000426 ) ) ;
#4881 = FACE_OUTER_BOUND ( 'NONE', #4738, .T. ) ;
#4882 = AXIS2_PLACEMENT_3D ( 'NONE', #3675, #364, #4472 ) ;
#4883 = EDGE_CURVE ( 'NONE', #481, #481, #505, .T. ) ;
#4884 = PLANE ( 'NONE',  #4682 ) ;
#4885 = ORIENTED_EDGE ( 'NONE', *, *, #3743, .F. ) ;
#4886 =( NAMED_UNIT ( * ) SI_UNIT ( $, .STERADIAN. ) SOLID_ANGLE_UNIT ( ) );
#4887 = CARTESIAN_POINT ( 'NONE',  ( -37.85000000000000142, -253.5000000000000000, -24.20000000000001350 ) ) ;
#4888 = VECTOR ( 'NONE', #1338, 1000.000000000000000 ) ;
#4889 = SURFACE_STYLE_USAGE ( .BOTH. , #4860 ) ;
#4890 = ADVANCED_FACE ( 'NONE', ( #3825 ), #2422, .F. ) ;
#4891 = MECHANICAL_DESIGN_GEOMETRIC_PRESENTATION_REPRESENTATION (  '', ( #4806 ), #1875 ) ;
#4892 = EDGE_LOOP ( 'NONE', ( #3710, #2918, #2785, #920, #2993, #3466, #1739, #3510, #2156, #4708, #4625, #580 ) ) ;
#4893 = ORIENTED_EDGE ( 'NONE', *, *, #5187, .T. ) ;
#4894 = CARTESIAN_POINT ( 'NONE',  ( -1.330302779823358872, -263.5000000000000000, 9.500000000000001776 ) ) ;
#4895 = CARTESIAN_POINT ( 'NONE',  ( 29.17999999999999261, -221.5000000000000284, 12.39671406022401356 ) ) ;
#4896 = VECTOR ( 'NONE', #4217, 1000.000000000000000 ) ;
#4897 = MECHANICAL_DESIGN_GEOMETRIC_PRESENTATION_REPRESENTATION (  '', ( #3934 ), #1447 ) ;
#4898 = FACE_BOUND ( 'NONE', #4976, .T. ) ;
#4899 = EDGE_CURVE ( 'NONE', #5443, #1817, #2813, .T. ) ;
#4900 = ORIENTED_EDGE ( 'NONE', *, *, #2557, .T. ) ;
#4901 = VECTOR ( 'NONE', #5020, 1000.000000000000000 ) ;
#4902 = DIRECTION ( 'NONE',  ( 0.000000000000000000, 0.000000000000000000, 1.000000000000000000 ) ) ;
#4903 = COLOUR_RGB ( '',0.5999999999999999778, 0.1607843137254901800, 0.7529411764705882248 ) ;
#4904 = DIRECTION ( 'NONE',  ( 0.000000000000000000, 1.000000000000000000, 9.011550524554843201E-17 ) ) ;
#4905 = FILL_AREA_STYLE ('',( #2345 ) ) ;
#4906 = DIRECTION ( 'NONE',  ( -0.000000000000000000, 0.000000000000000000, -1.000000000000000000 ) ) ;
#4907 = PRESENTATION_LAYER_ASSIGNMENT (  '', '', ( #1460 ) ) ;
#4908 = PRESENTATION_LAYER_ASSIGNMENT (  '', '', ( #5092 ) ) ;
#4909 = AXIS2_PLACEMENT_3D ( 'NONE', #1883, #2838, #938 ) ;
#4910 = VECTOR ( 'NONE', #203, 1000.000000000000000 ) ;
#4911 = LINE ( 'NONE', #3603, #916 ) ;
#4912 = PRESENTATION_STYLE_ASSIGNMENT (( #1117 ) ) ;
#4913 = CARTESIAN_POINT ( 'NONE',  ( -37.85000000000000142, -263.5000000000000000, 0.000000000000000000 ) ) ;
#4914 = CARTESIAN_POINT ( 'NONE',  ( -26.36969722017663287, -391.5000000000000568, 12.80000000000000071 ) ) ;
#4915 = FILL_AREA_STYLE ('',( #5343 ) ) ;
#4916 = ORIENTED_EDGE ( 'NONE', *, *, #1473, .T. ) ;
#4917 = VERTEX_POINT ( 'NONE', #4196 ) ;
#4918 = CARTESIAN_POINT ( 'NONE',  ( -3.296898823753065422, -121.2500000000000142, 15.45000000000000817 ) ) ;
#4919 = DIRECTION ( 'NONE',  ( -0.8090169943749510040, 0.000000000000000000, 0.5877852522924682521 ) ) ;
#4920 = PLANE ( 'NONE',  #4651 ) ;
#4921 = SURFACE_SIDE_STYLE ('',( #1950 ) ) ;
#4922 = CARTESIAN_POINT ( 'NONE',  ( 41.14999999999989200, -57.28503393662091980, 3.700000000000036593 ) ) ;
#4923 = ORIENTED_EDGE ( 'NONE', *, *, #1655, .F. ) ;
#4924 = ORIENTED_EDGE ( 'NONE', *, *, #330, .F. ) ;
#4925 = VERTEX_POINT ( 'NONE', #4226 ) ;
#4926 = VERTEX_POINT ( 'NONE', #4060 ) ;
#4927 = MECHANICAL_DESIGN_GEOMETRIC_PRESENTATION_REPRESENTATION (  '', ( #3339 ), #3593 ) ;
#4928 =( NAMED_UNIT ( * ) SI_UNIT ( $, .STERADIAN. ) SOLID_ANGLE_UNIT ( ) );
#4929 = EDGE_CURVE ( 'NONE', #4363, #3377, #409, .T. ) ;
#4930 = PLANE ( 'NONE',  #216 ) ;
#4931 = FILL_AREA_STYLE_COLOUR ( '', #1668 ) ;
#4932 = ORIENTED_EDGE ( 'NONE', *, *, #4039, .F. ) ;
#4933 =( NAMED_UNIT ( * ) PLANE_ANGLE_UNIT ( ) SI_UNIT ( $, .RADIAN. ) );
#4934 = FACE_OUTER_BOUND ( 'NONE', #2230, .T. ) ;
#4935 = SURFACE_SIDE_STYLE ('',( #1110 ) ) ;
#4936 = SURFACE_STYLE_FILL_AREA ( #4991 ) ;
#4937 = SURFACE_STYLE_USAGE ( .BOTH. , #1577 ) ;
#4938 = UNCERTAINTY_MEASURE_WITH_UNIT (LENGTH_MEASURE( 1.000000000000000082E-05 ), #4103, 'distance_accuracy_value', 'NONE');
#4939 = EDGE_CURVE ( 'NONE', #3821, #4655, #4638, .T. ) ;
#4940 = AXIS2_PLACEMENT_3D ( 'NONE', #5225, #2604, #1000 ) ;
#4941 = UNCERTAINTY_MEASURE_WITH_UNIT (LENGTH_MEASURE( 1.000000000000000082E-05 ), #5028, 'distance_accuracy_value', 'NONE');
#4942 = FILL_AREA_STYLE_COLOUR ( '', #2805 ) ;
#4943 = UNCERTAINTY_MEASURE_WITH_UNIT (LENGTH_MEASURE( 1.000000000000000082E-05 ), #1644, 'distance_accuracy_value', 'NONE');
#4944 = SURFACE_SIDE_STYLE ('',( #2672 ) ) ;
#4945 = DIRECTION ( 'NONE',  ( 0.000000000000000000, -1.000000000000000000, 0.000000000000000000 ) ) ;
#4946 = VECTOR ( 'NONE', #4584, 1000.000000000000000 ) ;
#4947 =( NAMED_UNIT ( * ) SI_UNIT ( $, .STERADIAN. ) SOLID_ANGLE_UNIT ( ) );
#4948 = FILL_AREA_STYLE ('',( #4583 ) ) ;
#4949 = EDGE_LOOP ( 'NONE', ( #220 ) ) ;
#4950 = FACE_OUTER_BOUND ( 'NONE', #3166, .T. ) ;
#4951 = SURFACE_STYLE_USAGE ( .BOTH. , #3727 ) ;
#4952 = LINE ( 'NONE', #4526, #2182 ) ;
#4953 = CARTESIAN_POINT ( 'NONE',  ( 0.000000000000000000, -263.5000000000000000, 0.000000000000000000 ) ) ;
#4954 = FACE_OUTER_BOUND ( 'NONE', #1208, .T. ) ;
#4955 = ORIENTED_EDGE ( 'NONE', *, *, #1204, .F. ) ;
#4956 = ORIENTED_EDGE ( 'NONE', *, *, #1073, .F. ) ;
#4957 = ORIENTED_EDGE ( 'NONE', *, *, #3707, .F. ) ;
#4958 = VERTEX_POINT ( 'NONE', #2845 ) ;
#4959 = AXIS2_PLACEMENT_3D ( 'NONE', #137, #2249, #159 ) ;
#4960 = CARTESIAN_POINT ( 'NONE',  ( -68.84999999999992326, -226.5000000000000853, 3.700000000000048139 ) ) ;
#4961 =( GEOMETRIC_REPRESENTATION_CONTEXT ( 3 ) GLOBAL_UNCERTAINTY_ASSIGNED_CONTEXT ( ( #2319 ) ) GLOBAL_UNIT_ASSIGNED_CONTEXT ( ( #4052, #1123, #4886 ) ) REPRESENTATION_CONTEXT ( 'NONE', 'WORKASPACE' ) );
#4962 = ORIENTED_EDGE ( 'NONE', *, *, #4703, .T. ) ;
#4963 = EDGE_CURVE ( 'NONE', #1209, #4699, #2491, .T. ) ;
#4964 = CARTESIAN_POINT ( 'NONE',  ( 36.17999999999997840, -176.4300000000000068, -4.200000000000012612 ) ) ;
#4965 = CARTESIAN_POINT ( 'NONE',  ( 17.90000000000000213, -121.2500000000000142, 6.700000000000008171 ) ) ;
#4966 = SURFACE_SIDE_STYLE ('',( #1575 ) ) ;
#4967 = FACE_BOUND ( 'NONE', #1763, .T. ) ;
#4968 = MECHANICAL_DESIGN_GEOMETRIC_PRESENTATION_REPRESENTATION (  '', ( #2645 ), #1062 ) ;
#4969 = ADVANCED_FACE ( 'NONE', ( #29 ), #854, .T. ) ;
#4970 = PRESENTATION_STYLE_ASSIGNMENT (( #3750 ) ) ;
#4971 = FACE_OUTER_BOUND ( 'NONE', #5470, .T. ) ;
#4972 = CARTESIAN_POINT ( 'NONE',  ( -68.84999999999990905, -176.4300000000000068, 3.700000000000045031 ) ) ;
#4973 = STYLED_ITEM ( 'NONE', ( #5195 ), #2372 ) ;
#4974 = AXIS2_PLACEMENT_3D ( 'NONE', #1734, #158, #4455 ) ;
#4975 = CARTESIAN_POINT ( 'NONE',  ( -63.88000000000000966, -221.5000000000000000, 14.59054394820261535 ) ) ;
#4976 = EDGE_LOOP ( 'NONE', ( #3081 ) ) ;
#4977 = DIRECTION ( 'NONE',  ( -0.000000000000000000, -1.000000000000000000, -0.000000000000000000 ) ) ;
#4978 = SURFACE_STYLE_USAGE ( .BOTH. , #3278 ) ;
#4979 =( LENGTH_UNIT ( ) NAMED_UNIT ( * ) SI_UNIT ( .MILLI., .METRE. ) );
#4980 = SURFACE_STYLE_FILL_AREA ( #4620 ) ;
#4981 = STYLED_ITEM ( 'NONE', ( #2091 ), #2827 ) ;
#4982 =( NAMED_UNIT ( * ) PLANE_ANGLE_UNIT ( ) SI_UNIT ( $, .RADIAN. ) );
#4983 = COLOUR_RGB ( '',0.5999999999999999778, 0.1607843137254901800, 0.7529411764705882248 ) ;
#4984 = EDGE_LOOP ( 'NONE', ( #3546 ) ) ;
#4985 = ORIENTED_EDGE ( 'NONE', *, *, #3869, .T. ) ;
#4986 = VERTEX_POINT ( 'NONE', #2389 ) ;
#4987 =( NAMED_UNIT ( * ) SI_UNIT ( $, .STERADIAN. ) SOLID_ANGLE_UNIT ( ) );
#4988 = ORIENTED_EDGE ( 'NONE', *, *, #1443, .F. ) ;
#4989 =( NAMED_UNIT ( * ) SI_UNIT ( $, .STERADIAN. ) SOLID_ANGLE_UNIT ( ) );
#4990 = DIRECTION ( 'NONE',  ( 0.000000000000000000, 1.000000000000000000, 0.000000000000000000 ) ) ;
#4991 = FILL_AREA_STYLE ('',( #3238 ) ) ;
#4992 = CARTESIAN_POINT ( 'NONE',  ( 0.000000000000000000, -253.5000000000000000, 23.80000000000000071 ) ) ;
#4993 =( LENGTH_UNIT ( ) NAMED_UNIT ( * ) SI_UNIT ( .MILLI., .METRE. ) );
#4994 = PRESENTATION_LAYER_ASSIGNMENT (  '', '', ( #1367 ) ) ;
#4995 = PRESENTATION_LAYER_ASSIGNMENT (  '', '', ( #1881 ) ) ;
#4996 = SURFACE_SIDE_STYLE ('',( #347 ) ) ;
#4997 = DIRECTION ( 'NONE',  ( -0.000000000000000000, -0.000000000000000000, -1.000000000000000000 ) ) ;
#4998 =( NAMED_UNIT ( * ) SI_UNIT ( $, .STERADIAN. ) SOLID_ANGLE_UNIT ( ) );
#4999 = PLANE ( 'NONE',  #32 ) ;
#5000 = AXIS2_PLACEMENT_3D ( 'NONE', #3841, #4255, #2195 ) ;
#5001 = EDGE_CURVE ( 'NONE', #4654, #45, #5052, .T. ) ;
#5002 = SURFACE_STYLE_USAGE ( .BOTH. , #3811 ) ;
#5003 = CIRCLE ( 'NONE', #1810, 2.549999999999998490 ) ;
#5004 = PRESENTATION_STYLE_ASSIGNMENT (( #1618 ) ) ;
#5005 = ORIENTED_EDGE ( 'NONE', *, *, #3977, .T. ) ;
#5006 = SURFACE_STYLE_USAGE ( .BOTH. , #3759 ) ;
#5007 = VECTOR ( 'NONE', #3392, 1000.000000000000000 ) ;
#5009 = EDGE_CURVE ( 'NONE', #5353, #1304, #3, .T. ) ;
#5008 =( NAMED_UNIT ( * ) PLANE_ANGLE_UNIT ( ) SI_UNIT ( $, .RADIAN. ) );
#5010 = ORIENTED_EDGE ( 'NONE', *, *, #55, .F. ) ;
#5011 = EDGE_LOOP ( 'NONE', ( #2418 ) ) ;
#5012 = PRESENTATION_LAYER_ASSIGNMENT (  '', '', ( #1899 ) ) ;
#5013 = CARTESIAN_POINT ( 'NONE',  ( 17.90000000000000924, -57.74999999999999289, 6.700000000000008171 ) ) ;
#5014 = VERTEX_POINT ( 'NONE', #2524 ) ;
#5015 = ORIENTED_EDGE ( 'NONE', *, *, #1468, .F. ) ;
#5016 = CARTESIAN_POINT ( 'NONE',  ( -34.09999999999999432, -67.99999999999997158, 6.700000000000008171 ) ) ;
#5017 = STYLED_ITEM ( 'NONE', ( #4033 ), #5464 ) ;
#5018 = DIRECTION ( 'NONE',  ( -1.000000000000000000, 0.000000000000000000, 0.000000000000000000 ) ) ;
#5019 = ORIENTED_EDGE ( 'NONE', *, *, #4703, .F. ) ;
#5020 = DIRECTION ( 'NONE',  ( 1.000000000000000000, 0.000000000000000000, 0.000000000000000000 ) ) ;
#5021 = VECTOR ( 'NONE', #400, 1000.000000000000000 ) ;
#5022 = FACE_OUTER_BOUND ( 'NONE', #4239, .T. ) ;
#5023 = CARTESIAN_POINT ( 'NONE',  ( -41.84999999999999432, -117.5000000000000142, 15.45000000000000817 ) ) ;
#5024 =( NAMED_UNIT ( * ) PLANE_ANGLE_UNIT ( ) SI_UNIT ( $, .RADIAN. ) );
#5025 = LINE ( 'NONE', #3647, #1944 ) ;
#5026 = CARTESIAN_POINT ( 'NONE',  ( 0.000000000000000000, -253.5000000000000000, 23.80000000000000071 ) ) ;
#5027 = LINE ( 'NONE', #3390, #957 ) ;
#5028 =( LENGTH_UNIT ( ) NAMED_UNIT ( * ) SI_UNIT ( .MILLI., .METRE. ) );
#5029 = DIRECTION ( 'NONE',  ( -1.000000000000000000, 1.442373091798715516E-16, 0.000000000000000000 ) ) ;
#5030 = DIRECTION ( 'NONE',  ( 0.000000000000000000, 0.000000000000000000, -1.000000000000000000 ) ) ;
#5031 = LINE ( 'NONE', #415, #758 ) ;
#5032 = SURFACE_SIDE_STYLE ('',( #4521 ) ) ;
#5033 = PLANE ( 'NONE',  #4685 ) ;
#5034 = ORIENTED_EDGE ( 'NONE', *, *, #3656, .T. ) ;
#5035 = ADVANCED_FACE ( 'NONE', ( #5083, #879 ), #822, .F. ) ;
#5036 = ORIENTED_EDGE ( 'NONE', *, *, #1840, .F. ) ;
#5037 = PRESENTATION_STYLE_ASSIGNMENT (( #2009 ) ) ;
#5038 = CARTESIAN_POINT ( 'NONE',  ( 7.650000000000018119, -117.5000000000000142, 6.700000000000008171 ) ) ;
#5039 = DIRECTION ( 'NONE',  ( -0.000000000000000000, 1.000000000000000000, 0.000000000000000000 ) ) ;
#5040 = ORIENTED_EDGE ( 'NONE', *, *, #299, .F. ) ;
#5041 = EDGE_CURVE ( 'NONE', #3077, #2102, #4299, .T. ) ;
#5042 = ORIENTED_EDGE ( 'NONE', *, *, #5180, .F. ) ;
#5043 = EDGE_LOOP ( 'NONE', ( #4681, #2208, #3824, #2155, #95, #4182, #4145, #4095 ) ) ;
#5044 = VERTEX_POINT ( 'NONE', #2875 ) ;
#5045 = ORIENTED_EDGE ( 'NONE', *, *, #3887, .F. ) ;
#5046 = SURFACE_STYLE_FILL_AREA ( #757 ) ;
#5047 = SURFACE_STYLE_FILL_AREA ( #848 ) ;
#5048 = DIRECTION ( 'NONE',  ( 0.000000000000000000, 0.000000000000000000, 1.000000000000000000 ) ) ;
#5049 = CARTESIAN_POINT ( 'NONE',  ( 41.14999999999989910, -57.28503393662091980, 3.700000000000036593 ) ) ;
#5050 = CIRCLE ( 'NONE', #2647, 1.250000000000001110 ) ;
#5051 = PRESENTATION_STYLE_ASSIGNMENT (( #3362 ) ) ;
#5052 = LINE ( 'NONE', #4666, #5007 ) ;
#5053 = PRESENTATION_STYLE_ASSIGNMENT (( #2030 ) ) ;
#5054 = CARTESIAN_POINT ( 'NONE',  ( -35.34999999999999432, -67.99999999999997158, -3.299999999999992273 ) ) ;
#5055 = FILL_AREA_STYLE_COLOUR ( '', #1106 ) ;
#5056 = DIRECTION ( 'NONE',  ( 0.000000000000000000, 0.000000000000000000, -1.000000000000000000 ) ) ;
#5057 = DIRECTION ( 'NONE',  ( -0.000000000000000000, -1.000000000000000000, -0.000000000000000000 ) ) ;
#5058 = ORIENTED_EDGE ( 'NONE', *, *, #3515, .T. ) ;
#5059 = FACE_OUTER_BOUND ( 'NONE', #3978, .T. ) ;
#5060 = STYLED_ITEM ( 'NONE', ( #2053 ), #2335 ) ;
#5061 = DIRECTION ( 'NONE',  ( -0.000000000000000000, -0.000000000000000000, -1.000000000000000000 ) ) ;
#5062 = LINE ( 'NONE', #2470, #679 ) ;
#5063 = PRESENTATION_LAYER_ASSIGNMENT (  '', '', ( #552 ) ) ;
#5064 = EDGE_CURVE ( 'NONE', #2446, #4241, #85, .T. ) ;
#5065 = PRESENTATION_LAYER_ASSIGNMENT (  '', '', ( #1956 ) ) ;
#5066 = ORIENTED_EDGE ( 'NONE', *, *, #1237, .T. ) ;
#5067 = VERTEX_POINT ( 'NONE', #4324 ) ;
#5068 = ORIENTED_EDGE ( 'NONE', *, *, #5251, .T. ) ;
#5069 = ORIENTED_EDGE ( 'NONE', *, *, #2759, .F. ) ;
#5070 = CARTESIAN_POINT ( 'NONE',  ( -68.84999999999995168, -161.0499999999999829, -1.200000000000063904 ) ) ;
#5071 = ADVANCED_FACE ( 'NONE', ( #2685 ), #1852, .T. ) ;
#5072 = LINE ( 'NONE', #2992, #3565 ) ;
#5073 = COLOUR_RGB ( '',0.5999999999999999778, 0.1607843137254901800, 0.7529411764705882248 ) ;
#5074 = FILL_AREA_STYLE_COLOUR ( '', #4116 ) ;
#5075 = PRESENTATION_STYLE_ASSIGNMENT (( #1337 ) ) ;
#5076 = DIRECTION ( 'NONE',  ( 1.000000000000000000, -2.040851148208014408E-16, 0.000000000000000000 ) ) ;
#5077 = CARTESIAN_POINT ( 'NONE',  ( -13.85000000000000497, -73.50000000000000000, 16.46076477383248715 ) ) ;
#5078 = LINE ( 'NONE', #5049, #1365 ) ;
#5079 = VECTOR ( 'NONE', #2488, 1000.000000000000000 ) ;
#5080 = EDGE_CURVE ( 'NONE', #601, #2127, #3498, .T. ) ;
#5081 =( NAMED_UNIT ( * ) SI_UNIT ( $, .STERADIAN. ) SOLID_ANGLE_UNIT ( ) );
#5082 = MECHANICAL_DESIGN_GEOMETRIC_PRESENTATION_REPRESENTATION (  '', ( #931 ), #3931 ) ;
#5083 = FACE_OUTER_BOUND ( 'NONE', #3984, .T. ) ;
#5084 = CARTESIAN_POINT ( 'NONE',  ( -21.34999999999998010, 0.000000000000000000, 18.70000000000000995 ) ) ;
#5085 = DIRECTION ( 'NONE',  ( 0.000000000000000000, 0.000000000000000000, 1.000000000000000000 ) ) ;
#5086 = STYLED_ITEM ( 'NONE', ( #4970 ), #443 ) ;
#5087 = VECTOR ( 'NONE', #2878, 1000.000000000000000 ) ;
#5088 =( GEOMETRIC_REPRESENTATION_CONTEXT ( 3 ) GLOBAL_UNCERTAINTY_ASSIGNED_CONTEXT ( ( #2883 ) ) GLOBAL_UNIT_ASSIGNED_CONTEXT ( ( #10, #5465, #1230 ) ) REPRESENTATION_CONTEXT ( 'NONE', 'WORKASPACE' ) );
#5089 = CARTESIAN_POINT ( 'NONE',  ( 4.669697220176641572, -43.50000000000000000, 8.700000000000008171 ) ) ;
#5090 = ORIENTED_EDGE ( 'NONE', *, *, #658, .T. ) ;
#5091 = AXIS2_PLACEMENT_3D ( 'NONE', #57, #5113, #1776 ) ;
#5092 = STYLED_ITEM ( 'NONE', ( #2690 ), #3782 ) ;
#5093 = CARTESIAN_POINT ( 'NONE',  ( 4.669697220176630914, -249.7149660633790802, 18.70000000000000995 ) ) ;
#5094 = DIRECTION ( 'NONE',  ( -0.000000000000000000, -0.000000000000000000, 1.000000000000000000 ) ) ;
#5095 = DIRECTION ( 'NONE',  ( 1.000000000000000000, -0.000000000000000000, -0.000000000000000000 ) ) ;
#5096 = CARTESIAN_POINT ( 'NONE',  ( 19.00000000000000000, -43.50000000000000000, 23.79999999999999716 ) ) ;
#5097 = VECTOR ( 'NONE', #803, 1000.000000000000000 ) ;
#5098 = AXIS2_PLACEMENT_3D ( 'NONE', #1646, #5030, #1229 ) ;
#5099 = ORIENTED_EDGE ( 'NONE', *, *, #5251, .F. ) ;
#5100 = EDGE_LOOP ( 'NONE', ( #3850 ) ) ;
#5101 = ORIENTED_EDGE ( 'NONE', *, *, #407, .T. ) ;
#5102 = ORIENTED_EDGE ( 'NONE', *, *, #1715, .F. ) ;
#5103 = AXIS2_PLACEMENT_3D ( 'NONE', #2433, #4166, #1965 ) ;
#5104 =( NAMED_UNIT ( * ) SI_UNIT ( $, .STERADIAN. ) SOLID_ANGLE_UNIT ( ) );
#5105 =( GEOMETRIC_REPRESENTATION_CONTEXT ( 3 ) GLOBAL_UNCERTAINTY_ASSIGNED_CONTEXT ( ( #5283 ) ) GLOBAL_UNIT_ASSIGNED_CONTEXT ( ( #1109, #4425, #4041 ) ) REPRESENTATION_CONTEXT ( 'NONE', 'WORKASPACE' ) );
#5106 = ORIENTED_EDGE ( 'NONE', *, *, #3298, .T. ) ;
#5107 = CARTESIAN_POINT ( 'NONE',  ( 17.90000000000000924, -57.74999999999999289, 18.70000000000000995 ) ) ;
#5108 = EDGE_CURVE ( 'NONE', #1067, #3351, #2999, .T. ) ;
#5109 = PLANE ( 'NONE',  #2802 ) ;
#5110 = SURFACE_STYLE_USAGE ( .BOTH. , #2970 ) ;
#5111 = PLANE ( 'NONE',  #1712 ) ;
#5112 =( NAMED_UNIT ( * ) PLANE_ANGLE_UNIT ( ) SI_UNIT ( $, .RADIAN. ) );
#5113 = DIRECTION ( 'NONE',  ( 0.000000000000000000, 0.000000000000000000, -1.000000000000000000 ) ) ;
#5114 = DIRECTION ( 'NONE',  ( 0.000000000000000000, -1.000000000000000000, 0.000000000000000000 ) ) ;
#5115 = EDGE_CURVE ( 'NONE', #5329, #4476, #905, .T. ) ;
#5116 =( LENGTH_UNIT ( ) NAMED_UNIT ( * ) SI_UNIT ( .MILLI., .METRE. ) );
#5117 = SURFACE_SIDE_STYLE ('',( #4325 ) ) ;
#5118 = UNCERTAINTY_MEASURE_WITH_UNIT (LENGTH_MEASURE( 1.000000000000000082E-05 ), #4489, 'distance_accuracy_value', 'NONE');
#5119 =( NAMED_UNIT ( * ) SI_UNIT ( $, .STERADIAN. ) SOLID_ANGLE_UNIT ( ) );
#5120 = UNCERTAINTY_MEASURE_WITH_UNIT (LENGTH_MEASURE( 1.000000000000000082E-05 ), #828, 'distance_accuracy_value', 'NONE');
#5121 = FILL_AREA_STYLE ('',( #886 ) ) ;
#5122 = AXIS2_PLACEMENT_3D ( 'NONE', #3772, #4509, #3646 ) ;
#5123 = ORIENTED_EDGE ( 'NONE', *, *, #1068, .T. ) ;
#5124 = LINE ( 'NONE', #3900, #1430 ) ;
#5125 = LINE ( 'NONE', #3026, #4044 ) ;
#5126 = VECTOR ( 'NONE', #3041, 1000.000000000000000 ) ;
#5127 = VERTEX_POINT ( 'NONE', #1002 ) ;
#5128 = ORIENTED_EDGE ( 'NONE', *, *, #2924, .T. ) ;
#5129 = VERTEX_POINT ( 'NONE', #3449 ) ;
#5130 =( GEOMETRIC_REPRESENTATION_CONTEXT ( 3 ) GLOBAL_UNCERTAINTY_ASSIGNED_CONTEXT ( ( #1226 ) ) GLOBAL_UNIT_ASSIGNED_CONTEXT ( ( #1136, #257, #3619 ) ) REPRESENTATION_CONTEXT ( 'NONE', 'WORKASPACE' ) );
#5131 = ORIENTED_EDGE ( 'NONE', *, *, #2716, .F. ) ;
#5132 = CARTESIAN_POINT ( 'NONE',  ( -18.45000000000000284, -233.5000000000000000, -32.30000000000000426 ) ) ;
#5133 = LINE ( 'NONE', #3383, #1184 ) ;
#5134 = ORIENTED_EDGE ( 'NONE', *, *, #3154, .F. ) ;
#5135 = EDGE_LOOP ( 'NONE', ( #2532 ) ) ;
#5136 =( NAMED_UNIT ( * ) PLANE_ANGLE_UNIT ( ) SI_UNIT ( $, .RADIAN. ) );
#5137 = MECHANICAL_DESIGN_GEOMETRIC_PRESENTATION_REPRESENTATION (  '', ( #4323 ), #4162 ) ;
#5138 =( LENGTH_UNIT ( ) NAMED_UNIT ( * ) SI_UNIT ( .MILLI., .METRE. ) );
#5139 = ADVANCED_FACE ( 'NONE', ( #1751, #128 ), #4745, .T. ) ;
#5140 = CARTESIAN_POINT ( 'NONE',  ( -51.20427119293231755, -53.50000000000000711, 23.80000000000000071 ) ) ;
#5141 = SURFACE_STYLE_USAGE ( .BOTH. , #4274 ) ;
#5142 = PRESENTATION_STYLE_ASSIGNMENT (( #4353 ) ) ;
#5143 = CARTESIAN_POINT ( 'NONE',  ( 44.14999999999990621, -7.930164461608225927E-16, 8.799999999999959854 ) ) ;
#5144 = PRESENTATION_STYLE_ASSIGNMENT (( #2659 ) ) ;
#5145 = EDGE_CURVE ( 'NONE', #3906, #2583, #1873, .T. ) ;
#5146 = CARTESIAN_POINT ( 'NONE',  ( -63.88000000000000966, -183.4300000000000068, 7.310916364186529570 ) ) ;
#5147 = ORIENTED_EDGE ( 'NONE', *, *, #2187, .T. ) ;
#5148 = DIRECTION ( 'NONE',  ( 1.000000000000000000, 0.000000000000000000, -0.000000000000000000 ) ) ;
#5149 = SURFACE_STYLE_USAGE ( .BOTH. , #3455 ) ;
#5150 = CARTESIAN_POINT ( 'NONE',  ( -51.20427119293231755, -3.520136923654235841E-16, 23.80000000000000071 ) ) ;
#5151 = STYLED_ITEM ( 'NONE', ( #1421 ), #2219 ) ;
#5152 = CARTESIAN_POINT ( 'NONE',  ( -13.85000000000000497, -233.5000000000000000, 13.70000000000000817 ) ) ;
#5153 = STYLED_ITEM ( 'NONE', ( #4020 ), #417 ) ;
#5154 = CARTESIAN_POINT ( 'NONE',  ( -1.330302779823358872, -391.5000000000000568, 12.80000000000000249 ) ) ;
#5155 = EDGE_CURVE ( 'NONE', #4655, #1399, #3873, .T. ) ;
#5156 = AXIS2_PLACEMENT_3D ( 'NONE', #3472, #5085, #516 ) ;
#5157 = VERTEX_POINT ( 'NONE', #3146 ) ;
#5158 = VERTEX_POINT ( 'NONE', #3621 ) ;
#5159 = PRODUCT_CONTEXT ( 'NONE', #1143, 'mechanical' ) ;
#5160 = VECTOR ( 'NONE', #3479, 1000.000000000000000 ) ;
#5161 = ORIENTED_EDGE ( 'NONE', *, *, #575, .T. ) ;
#5162 =( NAMED_UNIT ( * ) SI_UNIT ( $, .STERADIAN. ) SOLID_ANGLE_UNIT ( ) );
#5163 = FILL_AREA_STYLE ('',( #2518 ) ) ;
#5164 = CARTESIAN_POINT ( 'NONE',  ( 0.000000000000000000, -57.28503393662091980, 18.70000000000000995 ) ) ;
#5165 = VECTOR ( 'NONE', #1214, 1000.000000000000000 ) ;
#5166 = FILL_AREA_STYLE ('',( #930 ) ) ;
#5167 = LINE ( 'NONE', #1750, #756 ) ;
#5168 =( GEOMETRIC_REPRESENTATION_CONTEXT ( 3 ) GLOBAL_UNCERTAINTY_ASSIGNED_CONTEXT ( ( #4326 ) ) GLOBAL_UNIT_ASSIGNED_CONTEXT ( ( #5169, #1729, #3074 ) ) REPRESENTATION_CONTEXT ( 'NONE', 'WORKASPACE' ) );
#5169 =( LENGTH_UNIT ( ) NAMED_UNIT ( * ) SI_UNIT ( .MILLI., .METRE. ) );
#5170 = FACE_OUTER_BOUND ( 'NONE', #2203, .T. ) ;
#5171 = UNCERTAINTY_MEASURE_WITH_UNIT (LENGTH_MEASURE( 1.000000000000000082E-05 ), #188, 'distance_accuracy_value', 'NONE');
#5172 = SURFACE_STYLE_FILL_AREA ( #3473 ) ;
#5173 = PRESENTATION_LAYER_ASSIGNMENT (  '', '', ( #4806 ) ) ;
#5174 = FACE_OUTER_BOUND ( 'NONE', #4006, .T. ) ;
#5175 = ORIENTED_EDGE ( 'NONE', *, *, #82, .T. ) ;
#5176 = LINE ( 'NONE', #3814, #2661 ) ;
#5177 = CARTESIAN_POINT ( 'NONE',  ( -56.88000000000000966, -222.3855032339527327, 7.310916364186529570 ) ) ;
#5178 = PRESENTATION_STYLE_ASSIGNMENT (( #1324 ) ) ;
#5179 = AXIS2_PLACEMENT_3D ( 'NONE', #4960, #1511, #3233 ) ;
#5180 = EDGE_CURVE ( 'NONE', #4432, #1953, #259, .T. ) ;
#5181 = CIRCLE ( 'NONE', #5261, 1.250000000000001110 ) ;
#5182 = CYLINDRICAL_SURFACE ( 'NONE', #303, 2.549999999999994049 ) ;
#5183 =( NAMED_UNIT ( * ) SI_UNIT ( $, .STERADIAN. ) SOLID_ANGLE_UNIT ( ) );
#5184 =( GEOMETRIC_REPRESENTATION_CONTEXT ( 3 ) GLOBAL_UNCERTAINTY_ASSIGNED_CONTEXT ( ( #2321 ) ) GLOBAL_UNIT_ASSIGNED_CONTEXT ( ( #127, #2214, #535 ) ) REPRESENTATION_CONTEXT ( 'NONE', 'WORKASPACE' ) );
#5185 = EDGE_LOOP ( 'NONE', ( #1649, #5269, #4294, #2022 ) ) ;
#5186 = ORIENTED_EDGE ( 'NONE', *, *, #82, .F. ) ;
#5187 = EDGE_CURVE ( 'NONE', #3291, #73, #1442, .T. ) ;
#5188 = SURFACE_STYLE_USAGE ( .BOTH. , #4944 ) ;
#5189 = MECHANICAL_DESIGN_GEOMETRIC_PRESENTATION_REPRESENTATION (  '', ( #314 ), #1885 ) ;
#5190 = COLOUR_RGB ( '',0.5999999999999999778, 0.1607843137254901800, 0.7529411764705882248 ) ;
#5191 = ORIENTED_EDGE ( 'NONE', *, *, #1103, .T. ) ;
#5192 =( GEOMETRIC_REPRESENTATION_CONTEXT ( 3 ) GLOBAL_UNCERTAINTY_ASSIGNED_CONTEXT ( ( #4328 ) ) GLOBAL_UNIT_ASSIGNED_CONTEXT ( ( #4178, #4982, #5410 ) ) REPRESENTATION_CONTEXT ( 'NONE', 'WORKASPACE' ) );
#5193 = ORIENTED_EDGE ( 'NONE', *, *, #2759, .T. ) ;
#5194 = CARTESIAN_POINT ( 'NONE',  ( -23.85000000000000497, -117.5000000000000142, 6.700000000000008171 ) ) ;
#5195 = PRESENTATION_STYLE_ASSIGNMENT (( #5110 ) ) ;
#5196 = LINE ( 'NONE', #1749, #254 ) ;
#5197 = DIRECTION ( 'NONE',  ( -1.000000000000000000, -0.000000000000000000, -0.000000000000000000 ) ) ;
#5198 = VERTEX_POINT ( 'NONE', #5249 ) ;
#5199 = FILL_AREA_STYLE_COLOUR ( '', #151 ) ;
#5200 = CARTESIAN_POINT ( 'NONE',  ( -56.88000000000000256, -176.4299999999999784, 10.31091636418653046 ) ) ;
#5201 = CARTESIAN_POINT ( 'NONE',  ( -32.36969722017663287, -43.50000000000000000, -32.30000000000000426 ) ) ;
#5202 = DIRECTION ( 'NONE',  ( 0.000000000000000000, 0.000000000000000000, 1.000000000000000000 ) ) ;
#5203 = ADVANCED_FACE ( 'NONE', ( #4934 ), #1514, .F. ) ;
#5204 = ORIENTED_EDGE ( 'NONE', *, *, #2274, .F. ) ;
#5205 = LINE ( 'NONE', #3454, #5160 ) ;
#5206 = VECTOR ( 'NONE', #4747, 1000.000000000000000 ) ;
#5207 =( LENGTH_UNIT ( ) NAMED_UNIT ( * ) SI_UNIT ( .MILLI., .METRE. ) );
#5208 = CYLINDRICAL_SURFACE ( 'NONE', #1992, 3.300000000000000711 ) ;
#5209 = AXIS2_PLACEMENT_3D ( 'NONE', #4158, #1515, #369 ) ;
#5210 = ADVANCED_FACE ( 'NONE', ( #3992 ), #3173, .T. ) ;
#5211 = ORIENTED_EDGE ( 'NONE', *, *, #924, .T. ) ;
#5212 = ORIENTED_EDGE ( 'NONE', *, *, #2591, .T. ) ;
#5213 =( GEOMETRIC_REPRESENTATION_CONTEXT ( 3 ) GLOBAL_UNCERTAINTY_ASSIGNED_CONTEXT ( ( #4176 ) ) GLOBAL_UNIT_ASSIGNED_CONTEXT ( ( #2614, #3902, #4308 ) ) REPRESENTATION_CONTEXT ( 'NONE', 'WORKASPACE' ) );
#5214 = DIRECTION ( 'NONE',  ( 1.000000000000000000, 0.000000000000000000, 0.000000000000000000 ) ) ;
#5215 = LINE ( 'NONE', #3746, #2592 ) ;
#5216 = EDGE_CURVE ( 'NONE', #5067, #2826, #1077, .T. ) ;
#5217 = PRESENTATION_LAYER_ASSIGNMENT (  '', '', ( #3152 ) ) ;
#5218 = VERTEX_POINT ( 'NONE', #2455 ) ;
#5219 = EDGE_LOOP ( 'NONE', ( #4679, #4338, #529, #1983, #477, #1534, #1535, #2903, #2379, #2305, #4585, #5352, #428, #2622, #1016, #2568 ) ) ;
#5220 = CARTESIAN_POINT ( 'NONE',  ( 19.00000000000000000, -263.5000000000000000, 23.79999999999997584 ) ) ;
#5221 = DIRECTION ( 'NONE',  ( 0.000000000000000000, 0.000000000000000000, -1.000000000000000000 ) ) ;
#5222 = SURFACE_SIDE_STYLE ('',( #1850 ) ) ;
#5223 = VECTOR ( 'NONE', #5469, 1000.000000000000000 ) ;
#5224 = SURFACE_STYLE_USAGE ( .BOTH. , #3396 ) ;
#5225 = CARTESIAN_POINT ( 'NONE',  ( -63.88000000000000966, -214.5000000000000000, 10.31091636418653046 ) ) ;
#5226 = LINE ( 'NONE', #4772, #3686 ) ;
#5227 = DIRECTION ( 'NONE',  ( -1.000000000000000000, 0.000000000000000000, 0.000000000000000000 ) ) ;
#5228 = FACE_OUTER_BOUND ( 'NONE', #3615, .T. ) ;
#5229 = EDGE_LOOP ( 'NONE', ( #4032, #23, #1688, #1411 ) ) ;
#5230 = CARTESIAN_POINT ( 'NONE',  ( 10.15000000000000568, -263.5000000000000000, 0.000000000000000000 ) ) ;
#5231 = LINE ( 'NONE', #2717, #4366 ) ;
#5232 = FILL_AREA_STYLE ('',( #3531 ) ) ;
#5233 = EDGE_CURVE ( 'NONE', #2553, #5412, #398, .T. ) ;
#5234 = LINE ( 'NONE', #1427, #551 ) ;
#5235 = VERTEX_POINT ( 'NONE', #1603 ) ;
#5236 = ORIENTED_EDGE ( 'NONE', *, *, #1540, .F. ) ;
#5237 = SURFACE_STYLE_FILL_AREA ( #1040 ) ;
#5238 = COLOUR_RGB ( '',0.5999999999999999778, 0.1607843137254901800, 0.7529411764705882248 ) ;
#5239 = FILL_AREA_STYLE ('',( #4153 ) ) ;
#5240 = ORIENTED_EDGE ( 'NONE', *, *, #4406, .F. ) ;
#5241 = EDGE_LOOP ( 'NONE', ( #2904, #5101, #2447 ) ) ;
#5242 = VERTEX_POINT ( 'NONE', #4844 ) ;
#5243 = CARTESIAN_POINT ( 'NONE',  ( 44.14999999999990621, -158.4999999999999716, -1.200000000000063904 ) ) ;
#5244 = MECHANICAL_DESIGN_GEOMETRIC_PRESENTATION_REPRESENTATION (  '', ( #4973 ), #3382 ) ;
#5245 = CARTESIAN_POINT ( 'NONE',  ( -71.84999999999989484, -253.5000000000000000, 0.000000000000000000 ) ) ;
#5246 = ADVANCED_FACE ( 'NONE', ( #5022 ), #4123, .F. ) ;
#5247 = ADVANCED_FACE ( 'NONE', ( #1996 ), #1278, .F. ) ;
#5248 = COLOUR_RGB ( '',0.5999999999999999778, 0.1607843137254901800, 0.7529411764705882248 ) ;
#5249 = CARTESIAN_POINT ( 'NONE',  ( -35.35000000000000142, -61.50000000000000000, 6.700000000000008171 ) ) ;
#5250 = LINE ( 'NONE', #1445, #370 ) ;
#5251 = EDGE_CURVE ( 'NONE', #5129, #4476, #815, .T. ) ;
#5252 = CIRCLE ( 'NONE', #482, 3.300000000000000711 ) ;
#5253 = CIRCLE ( 'NONE', #483, 2.600000000000001421 ) ;
#5254 = ORIENTED_EDGE ( 'NONE', *, *, #4016, .F. ) ;
#5255 =( LENGTH_UNIT ( ) NAMED_UNIT ( * ) SI_UNIT ( .MILLI., .METRE. ) );
#5256 = CARTESIAN_POINT ( 'NONE',  ( -35.34999999999999432, -111.0000000000000000, 6.700000000000008171 ) ) ;
#5257 = SURFACE_STYLE_USAGE ( .BOTH. , #5286 ) ;
#5258 = CARTESIAN_POINT ( 'NONE',  ( 41.14999999999989200, -57.28503393662091980, 131.3520992523448001 ) ) ;
#5259 = LINE ( 'NONE', #269, #3474 ) ;
#5260 = ORIENTED_EDGE ( 'NONE', *, *, #4628, .T. ) ;
#5261 = AXIS2_PLACEMENT_3D ( 'NONE', #1082, #2250, #3577 ) ;
#5262 = EDGE_LOOP ( 'NONE', ( #2333, #3192, #1201, #4507 ) ) ;
#5263 = DIRECTION ( 'NONE',  ( -0.8090169943749464521, -0.000000000000000000, 0.5877852522924745804 ) ) ;
#5264 = DIRECTION ( 'NONE',  ( 1.000000000000000000, 0.000000000000000000, -0.000000000000000000 ) ) ;
#5265 =( NAMED_UNIT ( * ) SI_UNIT ( $, .STERADIAN. ) SOLID_ANGLE_UNIT ( ) );
#5266 =( GEOMETRIC_REPRESENTATION_CONTEXT ( 3 ) GLOBAL_UNCERTAINTY_ASSIGNED_CONTEXT ( ( #1555 ) ) GLOBAL_UNIT_ASSIGNED_CONTEXT ( ( #1074, #754, #339 ) ) REPRESENTATION_CONTEXT ( 'NONE', 'WORKASPACE' ) );
#5267 = COLOUR_RGB ( '',0.5999999999999999778, 0.1607843137254901800, 0.7529411764705882248 ) ;
#5268 = ORIENTED_EDGE ( 'NONE', *, *, #2902, .F. ) ;
#5269 = ORIENTED_EDGE ( 'NONE', *, *, #3540, .T. ) ;
#5270 = COLOUR_RGB ( '',0.5999999999999999778, 0.1607843137254901800, 0.7529411764705882248 ) ;
#5271 = VECTOR ( 'NONE', #1147, 1000.000000000000000 ) ;
#5272 = CARTESIAN_POINT ( 'NONE',  ( -56.88000000000000256, -176.4300000000000068, 7.310916364186529570 ) ) ;
#5273 =( LENGTH_UNIT ( ) NAMED_UNIT ( * ) SI_UNIT ( .MILLI., .METRE. ) );
#5274 = MECHANICAL_DESIGN_GEOMETRIC_PRESENTATION_REPRESENTATION (  '', ( #1459 ), #685 ) ;
#5275 = CIRCLE ( 'NONE', #4105, 4.599999999999996092 ) ;
#5276 = STYLED_ITEM ( 'NONE', ( #176 ), #4108 ) ;
#5277 = DIRECTION ( 'NONE',  ( -0.000000000000000000, -0.000000000000000000, -1.000000000000000000 ) ) ;
#5278 = ADVANCED_FACE ( 'NONE', ( #2517 ), #4220, .F. ) ;
#5279 = PRESENTATION_STYLE_ASSIGNMENT (( #5303 ) ) ;
#5280 = SURFACE_STYLE_USAGE ( .BOTH. , #2370 ) ;
#5281 = CARTESIAN_POINT ( 'NONE',  ( -63.88000000000000966, -214.5000000000000000, 7.310916364186529570 ) ) ;
#5282 = DIRECTION ( 'NONE',  ( 0.000000000000000000, 0.000000000000000000, -1.000000000000000000 ) ) ;
#5283 = UNCERTAINTY_MEASURE_WITH_UNIT (LENGTH_MEASURE( 1.000000000000000082E-05 ), #1109, 'distance_accuracy_value', 'NONE');
#5284 = EDGE_CURVE ( 'NONE', #1765, #1765, #2795, .T. ) ;
#5285 =( NAMED_UNIT ( * ) PLANE_ANGLE_UNIT ( ) SI_UNIT ( $, .RADIAN. ) );
#5286 = SURFACE_SIDE_STYLE ('',( #3551 ) ) ;
#5287 = VECTOR ( 'NONE', #2569, 1000.000000000000000 ) ;
#5288 = DIRECTION ( 'NONE',  ( -1.239088197126290570E-16, 1.000000000000000000, -0.000000000000000000 ) ) ;
#5289 = COLOUR_RGB ( '',0.5999999999999999778, 0.1607843137254901800, 0.7529411764705882248 ) ;
#5290 = DIRECTION ( 'NONE',  ( 0.000000000000000000, 0.000000000000000000, -1.000000000000000000 ) ) ;
#5291 = VERTEX_POINT ( 'NONE', #5107 ) ;
#5292 = ORIENTED_EDGE ( 'NONE', *, *, #4593, .T. ) ;
#5293 =( NAMED_UNIT ( * ) PLANE_ANGLE_UNIT ( ) SI_UNIT ( $, .RADIAN. ) );
#5294 = VECTOR ( 'NONE', #124, 1000.000000000000114 ) ;
#5295 = VERTEX_POINT ( 'NONE', #149 ) ;
#5296 = EDGE_LOOP ( 'NONE', ( #1431 ) ) ;
#5297 =( GEOMETRIC_REPRESENTATION_CONTEXT ( 3 ) GLOBAL_UNCERTAINTY_ASSIGNED_CONTEXT ( ( #842 ) ) GLOBAL_UNIT_ASSIGNED_CONTEXT ( ( #4139, #2038, #3790 ) ) REPRESENTATION_CONTEXT ( 'NONE', 'WORKASPACE' ) );
#5298 = CARTESIAN_POINT ( 'NONE',  ( -3.296898823753065422, -117.5000000000000142, 15.45000000000000817 ) ) ;
#5299 = DIRECTION ( 'NONE',  ( 0.000000000000000000, 0.000000000000000000, 1.000000000000000000 ) ) ;
#5300 =( NAMED_UNIT ( * ) SI_UNIT ( $, .STERADIAN. ) SOLID_ANGLE_UNIT ( ) );
#5301 = AXIS2_PLACEMENT_3D ( 'NONE', #4094, #1491, #1107 ) ;
#5302 = CARTESIAN_POINT ( 'NONE',  ( 36.17999999999997840, -171.4299999999999216, 7.310916364186529570 ) ) ;
#5303 = SURFACE_STYLE_USAGE ( .BOTH. , #2340 ) ;
#5304 = DIRECTION ( 'NONE',  ( -9.340818716798184007E-16, -1.000000000000000000, 0.000000000000000000 ) ) ;
#5305 = DIRECTION ( 'NONE',  ( 1.000000000000000000, -0.000000000000000000, 0.000000000000000000 ) ) ;
#5306 = FILL_AREA_STYLE ('',( #5333 ) ) ;
#5307 = PRESENTATION_STYLE_ASSIGNMENT (( #1855 ) ) ;
#5308 = EDGE_CURVE ( 'NONE', #3906, #708, #1824, .T. ) ;
#5309 = CARTESIAN_POINT ( 'NONE',  ( 29.17999999999998195, -174.4278620703921376, 8.691152754051056917 ) ) ;
#5310 = CARTESIAN_POINT ( 'NONE',  ( 83.60509671289807443, -142.2374862023541482, 10.31091636418653046 ) ) ;
#5311 = EDGE_CURVE ( 'NONE', #555, #3821, #461, .T. ) ;
#5312 = DIRECTION ( 'NONE',  ( 0.000000000000000000, 0.000000000000000000, -1.000000000000000000 ) ) ;
#5313 = DIRECTION ( 'NONE',  ( -0.000000000000000000, -1.000000000000000000, -0.000000000000000000 ) ) ;
#5314 = AXIS2_PLACEMENT_3D ( 'NONE', #2373, #594, #2275 ) ;
#5315 =( NAMED_UNIT ( * ) PLANE_ANGLE_UNIT ( ) SI_UNIT ( $, .RADIAN. ) );
#5316 = FILL_AREA_STYLE_COLOUR ( '', #3797 ) ;
#5317 = ORIENTED_EDGE ( 'NONE', *, *, #5080, .F. ) ;
#5318 = EDGE_LOOP ( 'NONE', ( #806 ) ) ;
#5319 = EDGE_CURVE ( 'NONE', #4495, #958, #901, .T. ) ;
#5320 = CARTESIAN_POINT ( 'NONE',  ( -21.34999999999998010, -121.2500000000000142, 15.45000000000000817 ) ) ;
#5321 = SURFACE_STYLE_USAGE ( .BOTH. , #1918 ) ;
#5322 = VERTEX_POINT ( 'NONE', #1386 ) ;
#5323 = VECTOR ( 'NONE', #602, 1000.000000000000114 ) ;
#5324 = VERTEX_POINT ( 'NONE', #4345 ) ;
#5325 = CARTESIAN_POINT ( 'NONE',  ( -13.85000000000000497, -233.5000000000000000, -32.30000000000000426 ) ) ;
#5326 =( GEOMETRIC_REPRESENTATION_CONTEXT ( 3 ) GLOBAL_UNCERTAINTY_ASSIGNED_CONTEXT ( ( #5338 ) ) GLOBAL_UNIT_ASSIGNED_CONTEXT ( ( #154, #1111, #4403 ) ) REPRESENTATION_CONTEXT ( 'NONE', 'WORKASPACE' ) );
#5327 = PLANE ( 'NONE',  #4640 ) ;
#5328 = LINE ( 'NONE', #1469, #4764 ) ;
#5329 = VERTEX_POINT ( 'NONE', #5194 ) ;
#5330 =( LENGTH_UNIT ( ) NAMED_UNIT ( * ) SI_UNIT ( .MILLI., .METRE. ) );
#5331 = PRESENTATION_LAYER_ASSIGNMENT (  '', '', ( #631 ) ) ;
#5332 = CARTESIAN_POINT ( 'NONE',  ( -41.85000000000000142, -61.50000000000000711, 23.80000000000000071 ) ) ;
#5333 = FILL_AREA_STYLE_COLOUR ( '', #2739 ) ;
#5334 = FILL_AREA_STYLE ('',( #4482 ) ) ;
#5335 = VECTOR ( 'NONE', #1400, 1000.000000000000114 ) ;
#5336 = LINE ( 'NONE', #265, #1072 ) ;
#5337 = VECTOR ( 'NONE', #3625, 1000.000000000000000 ) ;
#5338 = UNCERTAINTY_MEASURE_WITH_UNIT (LENGTH_MEASURE( 1.000000000000000082E-05 ), #154, 'distance_accuracy_value', 'NONE');
#5339 = FACE_OUTER_BOUND ( 'NONE', #163, .T. ) ;
#5340 = FILL_AREA_STYLE ('',( #1938 ) ) ;
#5341 =( NAMED_UNIT ( * ) SI_UNIT ( $, .STERADIAN. ) SOLID_ANGLE_UNIT ( ) );
#5342 = CARTESIAN_POINT ( 'NONE',  ( 29.17999999999998195, -173.1174457829223741, 15.31091636418652868 ) ) ;
#5343 = FILL_AREA_STYLE_COLOUR ( '', #1317 ) ;
#5344 = EDGE_LOOP ( 'NONE', ( #949, #4025, #1038, #4564, #4210, #3798, #1097, #2729, #5390, #4801 ) ) ;
#5345 = EDGE_CURVE ( 'NONE', #196, #282, #49, .T. ) ;
#5346 = EDGE_LOOP ( 'NONE', ( #4957 ) ) ;
#5347 = LINE ( 'NONE', #1978, #3881 ) ;
#5348 =( LENGTH_UNIT ( ) NAMED_UNIT ( * ) SI_UNIT ( .MILLI., .METRE. ) );
#5349 = STYLED_ITEM ( 'NONE', ( #5376 ), #3232 ) ;
#5350 = EDGE_LOOP ( 'NONE', ( #3754, #1843, #1714, #2034, #3742, #3135, #3257, #2417 ) ) ;
#5351 = EDGE_CURVE ( 'NONE', #5353, #592, #969, .T. ) ;
#5352 = ORIENTED_EDGE ( 'NONE', *, *, #2515, .T. ) ;
#5353 = VERTEX_POINT ( 'NONE', #1718 ) ;
#5354 = CARTESIAN_POINT ( 'NONE',  ( 7.650000000000011013, -68.00000000000000000, 23.79999999999999361 ) ) ;
#5355 = SURFACE_SIDE_STYLE ('',( #711 ) ) ;
#5356 = PLANE ( 'NONE',  #4794 ) ;
#5357 = CIRCLE ( 'NONE', #1801, 6.500000000000000000 ) ;
#5358 = MECHANICAL_DESIGN_GEOMETRIC_PRESENTATION_REPRESENTATION (  '', ( #2864 ), #2161 ) ;
#5359 = ORIENTED_EDGE ( 'NONE', *, *, #2584, .F. ) ;
#5360 = AXIS2_PLACEMENT_3D ( 'NONE', #3778, #1612, #437 ) ;
#5361 = AXIS2_PLACEMENT_3D ( 'NONE', #2694, #3181, #4050 ) ;
#5362 = CARTESIAN_POINT ( 'NONE',  ( 10.14999999999999325, -263.5000000000000568, -32.30000000000000426 ) ) ;
#5363 = CARTESIAN_POINT ( 'NONE',  ( -13.85000000000000497, -233.5000000000000000, 18.80000000000000071 ) ) ;
#5364 = COLOUR_RGB ( '',0.5999999999999999778, 0.1607843137254901800, 0.7529411764705882248 ) ;
#5365 = AXIS2_PLACEMENT_3D ( 'NONE', #523, #3508, #3101 ) ;
#5366 = AXIS2_PLACEMENT_3D ( 'NONE', #4458, #185, #3606 ) ;
#5367 =( LENGTH_UNIT ( ) NAMED_UNIT ( * ) SI_UNIT ( .MILLI., .METRE. ) );
#5368 = LINE ( 'NONE', #1554, #3756 ) ;
#5369 = PRESENTATION_LAYER_ASSIGNMENT (  '', '', ( #4563 ) ) ;
#5370 = SURFACE_SIDE_STYLE ('',( #3658 ) ) ;
#5371 = DIRECTION ( 'NONE',  ( 0.000000000000000000, 1.000000000000000000, 2.231155596111649629E-16 ) ) ;
#5372 = EDGE_LOOP ( 'NONE', ( #2873 ) ) ;
#5373 = ORIENTED_EDGE ( 'NONE', *, *, #3467, .F. ) ;
#5374 = CIRCLE ( 'NONE', #2535, 2.599999999999998312 ) ;
#5375 = LINE ( 'NONE', #3112, #1560 ) ;
#5376 = PRESENTATION_STYLE_ASSIGNMENT (( #2897 ) ) ;
#5377 = CARTESIAN_POINT ( 'NONE',  ( 44.14999999999990621, -53.50000000000000000, 8.799999999999956302 ) ) ;
#5378 = EDGE_CURVE ( 'NONE', #1562, #4330, #2600, .T. ) ;
#5379 = ORIENTED_EDGE ( 'NONE', *, *, #1869, .T. ) ;
#5380 = ORIENTED_EDGE ( 'NONE', *, *, #3384, .F. ) ;
#5381 = EDGE_LOOP ( 'NONE', ( #777 ) ) ;
#5382 = VERTEX_POINT ( 'NONE', #2076 ) ;
#5383 = COLOUR_RGB ( '',0.5999999999999999778, 0.1607843137254901800, 0.7529411764705882248 ) ;
#5384 = PRESENTATION_STYLE_ASSIGNMENT (( #3231 ) ) ;
#5385 = SURFACE_SIDE_STYLE ('',( #3676 ) ) ;
#5386 = ADVANCED_FACE ( 'NONE', ( #3083, #3016 ), #1770, .F. ) ;
#5387 = FACE_BOUND ( 'NONE', #5011, .T. ) ;
#5388 = CIRCLE ( 'NONE', #3143, 2.549999999999994049 ) ;
#5389 = LINE ( 'NONE', #281, #961 ) ;
#5390 = ORIENTED_EDGE ( 'NONE', *, *, #3920, .F. ) ;
#5391 =( NAMED_UNIT ( * ) PLANE_ANGLE_UNIT ( ) SI_UNIT ( $, .RADIAN. ) );
#5392 = DIRECTION ( 'NONE',  ( 0.000000000000000000, 1.000000000000000000, 0.000000000000000000 ) ) ;
#5393 = PLANE ( 'NONE',  #246 ) ;
#5394 =( NAMED_UNIT ( * ) SI_UNIT ( $, .STERADIAN. ) SOLID_ANGLE_UNIT ( ) );
#5395 = DIRECTION ( 'NONE',  ( 1.000000000000000000, 0.000000000000000000, 0.000000000000000000 ) ) ;
#5396 = CIRCLE ( 'NONE', #605, 6.500000000000000000 ) ;
#5397 = CARTESIAN_POINT ( 'NONE',  ( -63.88000000000000966, -176.4300000000000068, 10.31091636418653046 ) ) ;
#5398 = DIRECTION ( 'NONE',  ( 1.000000000000000000, 0.000000000000000000, 0.000000000000000000 ) ) ;
#5399 = UNCERTAINTY_MEASURE_WITH_UNIT (LENGTH_MEASURE( 1.000000000000000082E-05 ), #1785, 'distance_accuracy_value', 'NONE');
#5400 = DIRECTION ( 'NONE',  ( 0.000000000000000000, 9.011550524554843201E-17, -1.000000000000000000 ) ) ;
#5401 = SURFACE_STYLE_FILL_AREA ( #1259 ) ;
#5402 = FILL_AREA_STYLE ('',( #1616 ) ) ;
#5403 =( NAMED_UNIT ( * ) PLANE_ANGLE_UNIT ( ) SI_UNIT ( $, .RADIAN. ) );
#5404 = CARTESIAN_POINT ( 'NONE',  ( -63.88000000000000966, -176.4300000000000068, 10.31091636418653046 ) ) ;
#5405 = ORIENTED_EDGE ( 'NONE', *, *, #4939, .T. ) ;
#5406 = SURFACE_SIDE_STYLE ('',( #4523 ) ) ;
#5407 = DIRECTION ( 'NONE',  ( 1.000000000000000000, -0.000000000000000000, -0.000000000000000000 ) ) ;
#5408 = VECTOR ( 'NONE', #5263, 999.9999999999998863 ) ;
#5409 = SURFACE_STYLE_USAGE ( .BOTH. , #384 ) ;
#5410 =( NAMED_UNIT ( * ) SI_UNIT ( $, .STERADIAN. ) SOLID_ANGLE_UNIT ( ) );
#5411 = FILL_AREA_STYLE ('',( #328 ) ) ;
#5412 = VERTEX_POINT ( 'NONE', #653 ) ;
#5413 = EDGE_LOOP ( 'NONE', ( #5123 ) ) ;
#5414 = ORIENTED_EDGE ( 'NONE', *, *, #1686, .T. ) ;
#5415 = VERTEX_POINT ( 'NONE', #393 ) ;
#5416 = EDGE_CURVE ( 'NONE', #4339, #4339, #5374, .T. ) ;
#5417 = ORIENTED_EDGE ( 'NONE', *, *, #451, .F. ) ;
#5418 = DIRECTION ( 'NONE',  ( 1.000000000000000000, 0.000000000000000000, 0.000000000000000000 ) ) ;
#5419 = DIRECTION ( 'NONE',  ( 0.000000000000000000, -0.000000000000000000, -1.000000000000000000 ) ) ;
#5420 = SURFACE_STYLE_FILL_AREA ( #1574 ) ;
#5421 = EDGE_CURVE ( 'NONE', #1098, #4146, #252, .T. ) ;
#5422 = CARTESIAN_POINT ( 'NONE',  ( 10.14999999999999325, -263.5000000000000568, 23.80000000000000071 ) ) ;
#5423 = DIRECTION ( 'NONE',  ( 1.691504061202666226E-48, 1.000000000000000000, 7.859590443317501143E-17 ) ) ;
#5424 = DIRECTION ( 'NONE',  ( -1.000000000000000000, 0.000000000000000000, 0.000000000000000000 ) ) ;
#5425 =( GEOMETRIC_REPRESENTATION_CONTEXT ( 3 ) GLOBAL_UNCERTAINTY_ASSIGNED_CONTEXT ( ( #4613 ) ) GLOBAL_UNIT_ASSIGNED_CONTEXT ( ( #2441, #2585, #888 ) ) REPRESENTATION_CONTEXT ( 'NONE', 'WORKASPACE' ) );
#5426 = AXIS2_PLACEMENT_3D ( 'NONE', #231, #4850, #2711 ) ;
#5427 = EDGE_CURVE ( 'NONE', #5198, #4838, #1897, .T. ) ;
#5428 = FILL_AREA_STYLE ('',( #3720 ) ) ;
#5429 = DIRECTION ( 'NONE',  ( -0.8090169943749510040, 0.000000000000000000, -0.5877852522924682521 ) ) ;
#5430 =( GEOMETRIC_REPRESENTATION_CONTEXT ( 3 ) GLOBAL_UNCERTAINTY_ASSIGNED_CONTEXT ( ( #4611 ) ) GLOBAL_UNIT_ASSIGNED_CONTEXT ( ( #1772, #3388, #3445 ) ) REPRESENTATION_CONTEXT ( 'NONE', 'WORKASPACE' ) );
#5431 = VECTOR ( 'NONE', #3208, 1000.000000000000114 ) ;
#5432 = FACE_OUTER_BOUND ( 'NONE', #553, .T. ) ;
#5433 = PRESENTATION_STYLE_ASSIGNMENT (( #4615 ) ) ;
#5434 = SURFACE_SIDE_STYLE ('',( #3724 ) ) ;
#5435 = VERTEX_POINT ( 'NONE', #3985 ) ;
#5436 = LINE ( 'NONE', #4235, #2753 ) ;
#5437 = FILL_AREA_STYLE ('',( #2408 ) ) ;
#5438 = SURFACE_STYLE_FILL_AREA ( #3312 ) ;
#5439 = FACE_OUTER_BOUND ( 'NONE', #3251, .T. ) ;
#5440 = CARTESIAN_POINT ( 'NONE',  ( -41.85000000000000142, -68.00000000000000000, 23.80000000000000071 ) ) ;
#5441 = PRESENTATION_LAYER_ASSIGNMENT (  '', '', ( #4981 ) ) ;
#5442 = LINE ( 'NONE', #452, #1290 ) ;
#5443 = VERTEX_POINT ( 'NONE', #5298 ) ;
#5444 = ORIENTED_EDGE ( 'NONE', *, *, #2893, .T. ) ;
#5445 = ORIENTED_EDGE ( 'NONE', *, *, #1196, .T. ) ;
#5446 = VERTEX_POINT ( 'NONE', #3674 ) ;
#5447 = DIRECTION ( 'NONE',  ( -0.000000000000000000, -1.000000000000000000, -0.000000000000000000 ) ) ;
#5448 = VERTEX_POINT ( 'NONE', #197 ) ;
#5449 = FACE_OUTER_BOUND ( 'NONE', #928, .T. ) ;
#5450 = DIRECTION ( 'NONE',  ( 1.000000000000000000, 0.000000000000000000, -0.000000000000000000 ) ) ;
#5451 = COLOUR_RGB ( '',0.5999999999999999778, 0.1607843137254901800, 0.7529411764705882248 ) ;
#5452 = SURFACE_STYLE_USAGE ( .BOTH. , #1961 ) ;
#5453 = DIRECTION ( 'NONE',  ( -1.000000000000000000, 1.442373091798715516E-16, 0.000000000000000000 ) ) ;
#5454 = DIRECTION ( 'NONE',  ( -0.000000000000000000, 1.000000000000000000, -0.000000000000000000 ) ) ;
#5455 = EDGE_CURVE ( 'NONE', #3291, #1268, #2342, .T. ) ;
#5456 = VECTOR ( 'NONE', #3244, 1000.000000000000000 ) ;
#5457 = SURFACE_STYLE_USAGE ( .BOTH. , #4996 ) ;
#5458 = FILL_AREA_STYLE ('',( #438 ) ) ;
#5459 =( LENGTH_UNIT ( ) NAMED_UNIT ( * ) SI_UNIT ( .MILLI., .METRE. ) );
#5460 = SURFACE_STYLE_FILL_AREA ( #1257 ) ;
#5461 = SURFACE_STYLE_FILL_AREA ( #4169 ) ;
#5462 = CIRCLE ( 'NONE', #3214, 6.500000000000005329 ) ;
#5463 = PLANE ( 'NONE',  #5098 ) ;
#5464 = ADVANCED_FACE ( 'NONE', ( #1921 ), #1507, .T. ) ;
#5465 =( NAMED_UNIT ( * ) PLANE_ANGLE_UNIT ( ) SI_UNIT ( $, .RADIAN. ) );
#5466 = MECHANICAL_DESIGN_GEOMETRIC_PRESENTATION_REPRESENTATION (  '', ( #3414 ), #4453 ) ;
#5467 = PRESENTATION_LAYER_ASSIGNMENT (  '', '', ( #4454 ) ) ;
#5468 = DIRECTION ( 'NONE',  ( -1.000000000000000000, -0.000000000000000000, -0.000000000000000000 ) ) ;
#5469 = DIRECTION ( 'NONE',  ( 0.000000000000000000, -1.000000000000000000, 0.000000000000000000 ) ) ;
#5470 = EDGE_LOOP ( 'NONE', ( #2473, #1524, #1660, #5131, #3910 ) ) ;
#5471 = SURFACE_STYLE_FILL_AREA ( #739 ) ;
#5472 = SURFACE_STYLE_FILL_AREA ( #1178 ) ;
#5473 = AXIS2_PLACEMENT_3D ( 'NONE', #4805, #1788, #4151 ) ;
#5474 = PLANE ( 'NONE',  #761 ) ;
#5475 = EDGE_LOOP ( 'NONE', ( #3803, #2746, #4344, #549 ) ) ;
#5476 = AXIS2_PLACEMENT_3D ( 'NONE', #4965, #5392, #2082 ) ;
#5477 = VERTEX_POINT ( 'NONE', #1848 ) ;
#5478 = ORIENTED_EDGE ( 'NONE', *, *, #915, .T. ) ;
#5479 = CARTESIAN_POINT ( 'NONE',  ( -34.09999999999999432, -110.9999999999999716, 6.700000000000008171 ) ) ;
#5480 =( LENGTH_UNIT ( ) NAMED_UNIT ( * ) SI_UNIT ( .MILLI., .METRE. ) );
#5481 = PRESENTATION_LAYER_ASSIGNMENT (  '', '', ( #673 ) ) ;
#5482 = ORIENTED_EDGE ( 'NONE', *, *, #4660, .F. ) ;
#5483 = PRESENTATION_STYLE_ASSIGNMENT (( #3771 ) ) ;
#5484 = AXIS2_PLACEMENT_3D ( 'NONE', #2238, #3147, #2311 ) ;
#5485 = FACE_BOUND ( 'NONE', #2619, .T. ) ;
#5486 = LINE ( 'NONE', #5026, #641 ) ;
#5487 = COLOUR_RGB ( '',0.5999999999999999778, 0.1607843137254901800, 0.7529411764705882248 ) ;
ENDSEC;
END-ISO-10303-21;
